CREATE DATABASE  IF NOT EXISTS `shop_nest_db` /*!40100 DEFAULT CHARACTER SET utf8mb4 COLLATE utf8mb4_general_ci */;
USE `shop_nest_db`;
-- MySQL dump 10.13  Distrib 8.0.41, for Win64 (x86_64)
--
-- Host: localhost    Database: shop_nest_db
-- ------------------------------------------------------
-- Server version	5.5.5-10.4.32-MariaDB

/*!40101 SET @OLD_CHARACTER_SET_CLIENT=@@CHARACTER_SET_CLIENT */;
/*!40101 SET @OLD_CHARACTER_SET_RESULTS=@@CHARACTER_SET_RESULTS */;
/*!40101 SET @OLD_COLLATION_CONNECTION=@@COLLATION_CONNECTION */;
/*!50503 SET NAMES utf8 */;
/*!40103 SET @OLD_TIME_ZONE=@@TIME_ZONE */;
/*!40103 SET TIME_ZONE='+00:00' */;
/*!40014 SET @OLD_UNIQUE_CHECKS=@@UNIQUE_CHECKS, UNIQUE_CHECKS=0 */;
/*!40014 SET @OLD_FOREIGN_KEY_CHECKS=@@FOREIGN_KEY_CHECKS, FOREIGN_KEY_CHECKS=0 */;
/*!40101 SET @OLD_SQL_MODE=@@SQL_MODE, SQL_MODE='NO_AUTO_VALUE_ON_ZERO' */;
/*!40111 SET @OLD_SQL_NOTES=@@SQL_NOTES, SQL_NOTES=0 */;

--
-- Table structure for table `administrative_divisions`
--

DROP TABLE IF EXISTS `administrative_divisions`;
/*!40101 SET @saved_cs_client     = @@character_set_client */;
/*!50503 SET character_set_client = utf8mb4 */;
CREATE TABLE `administrative_divisions` (
  `id` bigint(20) unsigned NOT NULL AUTO_INCREMENT,
  `country_id` bigint(20) unsigned NOT NULL,
  `parent_id` bigint(20) unsigned DEFAULT NULL,
  `name` longtext CHARACTER SET utf8mb4 COLLATE utf8mb4_bin NOT NULL CHECK (json_valid(`name`)),
  `level` int(11) NOT NULL,
  `code` varchar(255) DEFAULT NULL,
  `created_at` timestamp NULL DEFAULT NULL,
  `updated_at` timestamp NULL DEFAULT NULL,
  PRIMARY KEY (`id`),
  KEY `administrative_divisions_country_id_foreign` (`country_id`),
  KEY `administrative_divisions_parent_id_foreign` (`parent_id`),
  CONSTRAINT `administrative_divisions_country_id_foreign` FOREIGN KEY (`country_id`) REFERENCES `countries` (`id`),
  CONSTRAINT `administrative_divisions_parent_id_foreign` FOREIGN KEY (`parent_id`) REFERENCES `administrative_divisions` (`id`)
) ENGINE=InnoDB DEFAULT CHARSET=utf8mb4 COLLATE=utf8mb4_unicode_ci;
/*!40101 SET character_set_client = @saved_cs_client */;

--
-- Dumping data for table `administrative_divisions`
--

LOCK TABLES `administrative_divisions` WRITE;
/*!40000 ALTER TABLE `administrative_divisions` DISABLE KEYS */;
/*!40000 ALTER TABLE `administrative_divisions` ENABLE KEYS */;
UNLOCK TABLES;

--
-- Table structure for table `analytics_reports`
--

DROP TABLE IF EXISTS `analytics_reports`;
/*!40101 SET @saved_cs_client     = @@character_set_client */;
/*!50503 SET character_set_client = utf8mb4 */;
CREATE TABLE `analytics_reports` (
  `id` bigint(20) unsigned NOT NULL AUTO_INCREMENT,
  `title` varchar(255) NOT NULL,
  `type` enum('revenue','orders','products','users','custom') NOT NULL,
  `period_type` enum('daily','weekly','monthly','yearly','custom') NOT NULL,
  `start_date` date NOT NULL,
  `end_date` date NOT NULL,
  `parameters` longtext CHARACTER SET utf8mb4 COLLATE utf8mb4_bin DEFAULT NULL CHECK (json_valid(`parameters`)),
  `result_data` longtext CHARACTER SET utf8mb4 COLLATE utf8mb4_bin DEFAULT NULL CHECK (json_valid(`result_data`)),
  `file_path` varchar(255) DEFAULT NULL,
  `status` enum('pending','completed','failed') NOT NULL DEFAULT 'pending',
  `created_by` bigint(20) unsigned NOT NULL,
  `created_at` timestamp NULL DEFAULT NULL,
  `updated_at` timestamp NULL DEFAULT NULL,
  PRIMARY KEY (`id`),
  KEY `analytics_reports_type_created_at_index` (`type`,`created_at`),
  KEY `analytics_reports_status_created_at_index` (`status`,`created_at`),
  KEY `analytics_reports_created_by_index` (`created_by`),
  CONSTRAINT `analytics_reports_created_by_foreign` FOREIGN KEY (`created_by`) REFERENCES `users` (`id`) ON DELETE CASCADE
) ENGINE=InnoDB DEFAULT CHARSET=utf8mb4 COLLATE=utf8mb4_unicode_ci;
/*!40101 SET character_set_client = @saved_cs_client */;

--
-- Dumping data for table `analytics_reports`
--

LOCK TABLES `analytics_reports` WRITE;
/*!40000 ALTER TABLE `analytics_reports` DISABLE KEYS */;
/*!40000 ALTER TABLE `analytics_reports` ENABLE KEYS */;
UNLOCK TABLES;

--
-- Table structure for table `attribute_value_product_variant`
--

DROP TABLE IF EXISTS `attribute_value_product_variant`;
/*!40101 SET @saved_cs_client     = @@character_set_client */;
/*!50503 SET character_set_client = utf8mb4 */;
CREATE TABLE `attribute_value_product_variant` (
  `product_variant_id` bigint(20) unsigned NOT NULL,
  `attribute_value_id` bigint(20) unsigned NOT NULL,
  PRIMARY KEY (`product_variant_id`,`attribute_value_id`),
  KEY `attribute_value_product_variant_attribute_value_id_foreign` (`attribute_value_id`),
  CONSTRAINT `attribute_value_product_variant_attribute_value_id_foreign` FOREIGN KEY (`attribute_value_id`) REFERENCES `attribute_values` (`attribute_value_id`) ON DELETE CASCADE,
  CONSTRAINT `attribute_value_product_variant_product_variant_id_foreign` FOREIGN KEY (`product_variant_id`) REFERENCES `product_variants` (`variant_id`) ON DELETE CASCADE
) ENGINE=InnoDB DEFAULT CHARSET=utf8mb4 COLLATE=utf8mb4_unicode_ci;
/*!40101 SET character_set_client = @saved_cs_client */;

--
-- Dumping data for table `attribute_value_product_variant`
--

LOCK TABLES `attribute_value_product_variant` WRITE;
/*!40000 ALTER TABLE `attribute_value_product_variant` DISABLE KEYS */;
INSERT INTO `attribute_value_product_variant` VALUES (1,11),(2,12),(3,8),(4,10),(5,12),(6,9),(7,2),(7,11),(8,2),(8,9),(9,2),(9,10),(10,7),(10,11),(11,7),(11,9),(12,7),(12,10),(13,5),(13,11),(14,5),(14,9),(15,5),(15,10),(16,4),(16,10),(17,4),(17,9),(18,11),(19,8),(20,12),(21,10),(22,12),(23,11),(24,4),(25,1),(26,10),(27,12),(28,5),(29,6),(29,13),(30,6),(30,11),(31,6),(32,2),(33,8),(34,12),(35,11),(36,6),(37,4),(38,3),(38,11),(39,3),(40,1),(41,3),(42,12),(43,5),(44,3),(45,9),(46,5),(47,1),(48,6),(49,7),(50,1),(51,13),(52,9),(53,10),(54,13),(55,9),(56,13),(57,9),(58,10),(59,13),(60,8),(61,8),(62,12),(63,9),(64,9),(65,13),(66,12),(67,13),(68,7),(69,2),(70,13),(71,10),(72,13),(73,12),(74,10),(75,5),(75,13),(76,5),(76,8),(77,2),(77,13),(78,4),(78,13),(79,5),(80,4),(81,7),(82,2),(83,6),(84,9),(85,10),(86,13),(87,2),(88,6),(89,13),(90,9),(91,7),(92,5),(93,3),(94,10),(95,8),(96,13),(97,13),(98,11),(99,8),(100,11),(101,2),(101,13),(102,2),(102,12),(103,9),(104,11),(105,8),(106,11),(107,12),(108,7),(109,5),(110,3),(111,8),(112,11),(113,11),(114,12),(115,7),(116,2),(117,3),(118,8),(119,10),(120,11),(121,1),(121,12),(122,1),(122,9),(123,1),(123,13),(124,4),(124,12),(125,4),(125,9),(126,4),(126,13),(127,2),(127,12),(128,2),(128,9),(129,2),(129,13),(130,9),(131,3),(132,1),(133,7),(134,5),(135,2),(136,2),(137,4),(138,8),(139,13),(140,12),(141,11),(142,12),(143,13),(144,13),(145,12),(146,9),(147,11),(148,13),(149,10),(150,4),(151,7),(152,6),(153,10),(154,12),(155,3),(156,2),(157,5);
/*!40000 ALTER TABLE `attribute_value_product_variant` ENABLE KEYS */;
UNLOCK TABLES;

--
-- Table structure for table `attribute_values`
--

DROP TABLE IF EXISTS `attribute_values`;
/*!40101 SET @saved_cs_client     = @@character_set_client */;
/*!50503 SET character_set_client = utf8mb4 */;
CREATE TABLE `attribute_values` (
  `attribute_value_id` bigint(20) unsigned NOT NULL AUTO_INCREMENT,
  `attribute_id` bigint(20) unsigned NOT NULL,
  `value` varchar(255) NOT NULL COMMENT 'e.g., Red, Large, 256GB',
  PRIMARY KEY (`attribute_value_id`),
  KEY `attribute_values_attribute_id_foreign` (`attribute_id`),
  CONSTRAINT `attribute_values_attribute_id_foreign` FOREIGN KEY (`attribute_id`) REFERENCES `attributes` (`attribute_id`) ON DELETE CASCADE
) ENGINE=InnoDB AUTO_INCREMENT=24 DEFAULT CHARSET=utf8mb4 COLLATE=utf8mb4_unicode_ci;
/*!40101 SET character_set_client = @saved_cs_client */;

--
-- Dumping data for table `attribute_values`
--

LOCK TABLES `attribute_values` WRITE;
/*!40000 ALTER TABLE `attribute_values` DISABLE KEYS */;
INSERT INTO `attribute_values` VALUES (1,1,'Đỏ'),(2,1,'Xanh dương'),(3,1,'Vàng'),(4,1,'Trắng'),(5,1,'Đen'),(6,1,'Hồng'),(7,1,'Xám'),(8,2,'S'),(9,2,'M'),(10,2,'L'),(11,2,'XL'),(12,2,'XXL'),(13,2,'Free size'),(14,3,'64GB'),(15,3,'128GB'),(16,3,'256GB'),(17,3,'512GB'),(18,3,'1TB'),(19,4,'Cotton'),(20,4,'Vải lụa'),(21,4,'Nhựa'),(22,4,'Kim loại'),(23,4,'Da');
/*!40000 ALTER TABLE `attribute_values` ENABLE KEYS */;
UNLOCK TABLES;

--
-- Table structure for table `attributes`
--

DROP TABLE IF EXISTS `attributes`;
/*!40101 SET @saved_cs_client     = @@character_set_client */;
/*!50503 SET character_set_client = utf8mb4 */;
CREATE TABLE `attributes` (
  `attribute_id` bigint(20) unsigned NOT NULL AUTO_INCREMENT,
  `name` varchar(255) NOT NULL COMMENT 'e.g., Color, Size, Storage',
  PRIMARY KEY (`attribute_id`),
  UNIQUE KEY `attributes_name_unique` (`name`)
) ENGINE=InnoDB AUTO_INCREMENT=5 DEFAULT CHARSET=utf8mb4 COLLATE=utf8mb4_unicode_ci;
/*!40101 SET character_set_client = @saved_cs_client */;

--
-- Dumping data for table `attributes`
--

LOCK TABLES `attributes` WRITE;
/*!40000 ALTER TABLE `attributes` DISABLE KEYS */;
INSERT INTO `attributes` VALUES (4,'Chất liệu'),(3,'Dung lượng'),(2,'Kích thước'),(1,'Màu sắc');
/*!40000 ALTER TABLE `attributes` ENABLE KEYS */;
UNLOCK TABLES;

--
-- Table structure for table `brands`
--

DROP TABLE IF EXISTS `brands`;
/*!40101 SET @saved_cs_client     = @@character_set_client */;
/*!50503 SET character_set_client = utf8mb4 */;
CREATE TABLE `brands` (
  `brand_id` bigint(20) unsigned NOT NULL AUTO_INCREMENT,
  `name` varchar(100) NOT NULL,
  `description` text DEFAULT NULL,
  `logo_url` varchar(255) DEFAULT NULL,
  `is_active` tinyint(1) NOT NULL DEFAULT 1,
  `created_at` timestamp NULL DEFAULT NULL,
  `updated_at` timestamp NULL DEFAULT NULL,
  `deleted_at` timestamp NULL DEFAULT NULL,
  PRIMARY KEY (`brand_id`)
) ENGINE=InnoDB AUTO_INCREMENT=24 DEFAULT CHARSET=utf8mb4 COLLATE=utf8mb4_unicode_ci;
/*!40101 SET character_set_client = @saved_cs_client */;

--
-- Dumping data for table `brands`
--

LOCK TABLES `brands` WRITE;
/*!40000 ALTER TABLE `brands` DISABLE KEYS */;
INSERT INTO `brands` VALUES (1,'{\"vi\":\"Apple\"}','Aut enim eum error quam.',NULL,1,'2025-10-19 11:49:16','2025-10-19 11:49:16',NULL),(2,'{\"vi\":\"Samsung\"}','Nihil minima non voluptates impedit est est.',NULL,1,'2025-10-19 11:49:16','2025-10-19 11:49:16',NULL),(3,'{\"vi\":\"Xiaomi\"}','Quam et libero repudiandae nulla repellat voluptatem.',NULL,1,'2025-10-19 11:49:16','2025-10-19 11:49:16',NULL),(4,'{\"vi\":\"Sony\"}','Similique eum veritatis neque fuga voluptatibus corrupti aut nulla.',NULL,1,'2025-10-19 11:49:16','2025-10-19 11:49:16',NULL),(5,'{\"vi\":\"LG\"}','Est non at ut sit.',NULL,1,'2025-10-19 11:49:16','2025-10-19 11:49:16',NULL),(6,'{\"vi\":\"Nike\"}','Sapiente officia quaerat cum quidem facilis dicta voluptas.',NULL,1,'2025-10-19 11:49:16','2025-10-19 11:49:16',NULL),(7,'{\"vi\":\"Adidas\"}','Voluptas accusamus omnis quod eum est numquam alias.',NULL,1,'2025-10-19 11:49:16','2025-10-19 11:49:16',NULL),(8,'{\"vi\":\"Puma\"}','Atque dolorem quo quae similique.',NULL,1,'2025-10-19 11:49:16','2025-10-19 11:49:16',NULL),(9,'{\"vi\":\"Uniqlo\"}','Enim non eum quasi iure non.',NULL,1,'2025-10-19 11:49:16','2025-10-19 11:49:16',NULL),(10,'{\"vi\":\"H&M\"}','Natus sit accusantium beatae aspernatur porro qui.',NULL,1,'2025-10-19 11:49:16','2025-10-19 11:49:16',NULL),(11,'{\"vi\":\"Zara\"}','Quasi minus ut illum modi aut.',NULL,1,'2025-10-19 11:49:17','2025-10-19 11:49:17',NULL),(12,'{\"vi\":\"Dell\"}','Reiciendis eos fugit odio a quos ex omnis.',NULL,1,'2025-10-19 11:49:17','2025-10-19 11:49:17',NULL),(13,'{\"vi\":\"HP\"}','Labore nam eos ut.',NULL,1,'2025-10-19 11:49:17','2025-10-19 11:49:17',NULL),(14,'{\"vi\":\"Asus\"}','Maxime rerum consectetur perferendis pariatur libero neque ut.',NULL,1,'2025-10-19 11:49:17','2025-10-19 11:49:17',NULL),(15,'{\"vi\":\"Lenovo\"}','Dolorem iste vel officia consequuntur dolorem ducimus sit.',NULL,1,'2025-10-19 11:49:17','2025-10-19 11:49:17',NULL),(16,'{\"vi\":\"Canon\"}','Aperiam nemo dolor molestias aut dolores.',NULL,1,'2025-10-19 11:49:17','2025-10-19 11:49:17',NULL),(17,'{\"vi\":\"Nikon\"}','Et eveniet quasi ut soluta aut rem non et.',NULL,1,'2025-10-19 11:49:17','2025-10-19 11:49:17',NULL),(18,'{\"vi\":\"Casio\"}','Dolorum fugiat ullam ut sed dolor omnis quia.',NULL,1,'2025-10-19 11:49:17','2025-10-19 11:49:17',NULL),(19,'{\"vi\":\"Logitech\"}','Eum sit ut quia enim.',NULL,1,'2025-10-19 11:49:17','2025-10-19 11:49:17',NULL),(20,'{\"vi\":\"Anker\"}','Rem voluptate animi illum est.',NULL,1,'2025-10-19 11:49:17','2025-10-19 11:49:17',NULL),(21,'{\"vi\":\"Simple\"}','Esse iure soluta voluptatem error quia.',NULL,1,'2025-10-19 11:49:17','2025-10-19 11:49:17',NULL),(22,'{\"vi\":\"La Roche-Posay\"}','Voluptas quas exercitationem officia quia voluptatem.',NULL,1,'2025-10-19 11:49:17','2025-10-19 11:49:17',NULL),(23,'{\"vi\":\"Nhã Nam\"}','Autem consequatur voluptas omnis facere similique accusantium nihil nihil.',NULL,1,'2025-10-19 11:49:17','2025-10-19 11:49:17',NULL);
/*!40000 ALTER TABLE `brands` ENABLE KEYS */;
UNLOCK TABLES;

--
-- Table structure for table `cache`
--

DROP TABLE IF EXISTS `cache`;
/*!40101 SET @saved_cs_client     = @@character_set_client */;
/*!50503 SET character_set_client = utf8mb4 */;
CREATE TABLE `cache` (
  `key` varchar(255) NOT NULL,
  `value` mediumtext NOT NULL,
  `expiration` int(11) NOT NULL,
  PRIMARY KEY (`key`)
) ENGINE=InnoDB DEFAULT CHARSET=utf8mb4 COLLATE=utf8mb4_unicode_ci;
/*!40101 SET character_set_client = @saved_cs_client */;

--
-- Dumping data for table `cache`
--

LOCK TABLES `cache` WRITE;
/*!40000 ALTER TABLE `cache` DISABLE KEYS */;
/*!40000 ALTER TABLE `cache` ENABLE KEYS */;
UNLOCK TABLES;

--
-- Table structure for table `cache_locks`
--

DROP TABLE IF EXISTS `cache_locks`;
/*!40101 SET @saved_cs_client     = @@character_set_client */;
/*!50503 SET character_set_client = utf8mb4 */;
CREATE TABLE `cache_locks` (
  `key` varchar(255) NOT NULL,
  `owner` varchar(255) NOT NULL,
  `expiration` int(11) NOT NULL,
  PRIMARY KEY (`key`)
) ENGINE=InnoDB DEFAULT CHARSET=utf8mb4 COLLATE=utf8mb4_unicode_ci;
/*!40101 SET character_set_client = @saved_cs_client */;

--
-- Dumping data for table `cache_locks`
--

LOCK TABLES `cache_locks` WRITE;
/*!40000 ALTER TABLE `cache_locks` DISABLE KEYS */;
/*!40000 ALTER TABLE `cache_locks` ENABLE KEYS */;
UNLOCK TABLES;

--
-- Table structure for table `cart_items`
--

DROP TABLE IF EXISTS `cart_items`;
/*!40101 SET @saved_cs_client     = @@character_set_client */;
/*!50503 SET character_set_client = utf8mb4 */;
CREATE TABLE `cart_items` (
  `cart_item_id` bigint(20) unsigned NOT NULL AUTO_INCREMENT,
  `user_id` bigint(20) unsigned NOT NULL,
  `variant_id` bigint(20) unsigned NOT NULL,
  `quantity` int(11) NOT NULL,
  `created_at` timestamp NULL DEFAULT NULL,
  `updated_at` timestamp NULL DEFAULT NULL,
  PRIMARY KEY (`cart_item_id`),
  UNIQUE KEY `cart_items_user_id_variant_id_unique` (`user_id`,`variant_id`),
  KEY `cart_items_variant_id_foreign` (`variant_id`),
  CONSTRAINT `cart_items_user_id_foreign` FOREIGN KEY (`user_id`) REFERENCES `users` (`id`) ON DELETE CASCADE,
  CONSTRAINT `cart_items_variant_id_foreign` FOREIGN KEY (`variant_id`) REFERENCES `product_variants` (`variant_id`) ON DELETE CASCADE
) ENGINE=InnoDB AUTO_INCREMENT=50 DEFAULT CHARSET=utf8mb4 COLLATE=utf8mb4_unicode_ci;
/*!40101 SET character_set_client = @saved_cs_client */;

--
-- Dumping data for table `cart_items`
--

LOCK TABLES `cart_items` WRITE;
/*!40000 ALTER TABLE `cart_items` DISABLE KEYS */;
INSERT INTO `cart_items` VALUES (1,30,4,1,'2025-10-19 11:49:19','2025-10-19 11:49:19'),(2,30,43,2,'2025-10-19 11:49:19','2025-10-19 11:49:19'),(3,30,149,2,'2025-10-19 11:49:19','2025-10-19 11:49:19'),(4,44,6,2,'2025-10-19 11:49:19','2025-10-19 11:49:19'),(5,44,10,1,'2025-10-19 11:49:19','2025-10-19 11:49:19'),(6,44,61,1,'2025-10-19 11:49:19','2025-10-19 11:49:19'),(7,44,132,1,'2025-10-19 11:49:19','2025-10-19 11:49:19'),(8,44,147,1,'2025-10-19 11:49:19','2025-10-19 11:49:19'),(9,49,21,2,'2025-10-19 11:49:19','2025-10-19 11:49:19'),(10,49,66,2,'2025-10-19 11:49:19','2025-10-19 11:49:19'),(11,49,135,2,'2025-10-19 11:49:19','2025-10-19 11:49:19'),(12,49,151,2,'2025-10-19 11:49:19','2025-10-19 11:49:19'),(13,51,90,1,'2025-10-19 11:49:19','2025-10-19 11:49:19'),(14,52,63,1,'2025-10-19 11:49:19','2025-10-19 11:49:19'),(15,52,129,1,'2025-10-19 11:49:19','2025-10-19 11:49:19'),(16,58,18,1,'2025-10-19 11:49:19','2025-10-19 11:49:19'),(17,58,64,2,'2025-10-19 11:49:19','2025-10-19 11:49:19'),(18,58,70,1,'2025-10-19 11:49:19','2025-10-19 11:49:19'),(19,58,123,2,'2025-10-19 11:49:19','2025-10-19 11:49:19'),(20,58,153,2,'2025-10-19 11:49:19','2025-10-19 11:49:19'),(21,63,56,1,'2025-10-19 11:49:19','2025-10-19 11:49:19'),(22,63,97,1,'2025-10-19 11:49:19','2025-10-19 11:49:19'),(23,63,116,1,'2025-10-19 11:49:19','2025-10-19 11:49:19'),(24,65,80,1,'2025-10-19 11:49:19','2025-10-19 11:49:19'),(25,65,92,1,'2025-10-19 11:49:19','2025-10-19 11:49:19'),(26,65,99,1,'2025-10-19 11:49:19','2025-10-19 11:49:19'),(27,79,70,2,'2025-10-19 11:49:19','2025-10-19 11:49:19'),(28,79,136,2,'2025-10-19 11:49:19','2025-10-19 11:49:19'),(29,86,30,2,'2025-10-19 11:49:19','2025-10-19 11:49:19'),(30,86,76,2,'2025-10-19 11:49:19','2025-10-19 11:49:19'),(31,86,102,2,'2025-10-19 11:49:19','2025-10-19 11:49:19'),(32,92,77,2,'2025-10-19 11:49:19','2025-10-19 11:49:19'),(33,92,83,2,'2025-10-19 11:49:19','2025-10-19 11:49:19'),(34,92,85,2,'2025-10-19 11:49:19','2025-10-19 11:49:19'),(35,92,86,1,'2025-10-19 11:49:19','2025-10-19 11:49:19'),(36,97,91,1,'2025-10-19 11:49:19','2025-10-19 11:49:19'),(37,97,105,1,'2025-10-19 11:49:19','2025-10-19 11:49:19'),(38,97,146,2,'2025-10-19 11:49:19','2025-10-19 11:49:19'),(39,99,114,1,'2025-10-19 11:49:19','2025-10-19 11:49:19'),(40,99,126,2,'2025-10-19 11:49:19','2025-10-19 11:49:19'),(41,108,72,2,'2025-10-19 11:49:19','2025-10-19 11:49:19'),(42,108,86,1,'2025-10-19 11:49:19','2025-10-19 11:49:19'),(43,108,110,2,'2025-10-19 11:49:19','2025-10-19 11:49:19'),(44,108,154,2,'2025-10-19 11:49:19','2025-10-19 11:49:19'),(45,114,22,1,'2025-10-19 11:49:19','2025-10-19 11:49:19'),(46,114,47,2,'2025-10-19 11:49:19','2025-10-19 11:49:19'),(47,114,91,2,'2025-10-19 11:49:19','2025-10-19 11:49:19'),(48,114,122,2,'2025-10-19 11:49:19','2025-10-19 11:49:19'),(49,114,143,1,'2025-10-19 11:49:19','2025-10-19 11:49:19');
/*!40000 ALTER TABLE `cart_items` ENABLE KEYS */;
UNLOCK TABLES;

--
-- Table structure for table `categories`
--

DROP TABLE IF EXISTS `categories`;
/*!40101 SET @saved_cs_client     = @@character_set_client */;
/*!50503 SET character_set_client = utf8mb4 */;
CREATE TABLE `categories` (
  `category_id` bigint(20) unsigned NOT NULL AUTO_INCREMENT,
  `name` longtext CHARACTER SET utf8mb4 COLLATE utf8mb4_bin NOT NULL CHECK (json_valid(`name`)),
  `description` longtext CHARACTER SET utf8mb4 COLLATE utf8mb4_bin DEFAULT NULL CHECK (json_valid(`description`)),
  `image_url` varchar(255) DEFAULT NULL,
  `parent_category_id` bigint(20) unsigned DEFAULT NULL,
  `is_active` tinyint(1) NOT NULL DEFAULT 1,
  `created_at` timestamp NULL DEFAULT NULL,
  `updated_at` timestamp NULL DEFAULT NULL,
  `deleted_at` timestamp NULL DEFAULT NULL,
  PRIMARY KEY (`category_id`),
  KEY `categories_parent_category_id_foreign` (`parent_category_id`),
  CONSTRAINT `categories_parent_category_id_foreign` FOREIGN KEY (`parent_category_id`) REFERENCES `categories` (`category_id`) ON DELETE SET NULL
) ENGINE=InnoDB AUTO_INCREMENT=28 DEFAULT CHARSET=utf8mb4 COLLATE=utf8mb4_unicode_ci;
/*!40101 SET character_set_client = @saved_cs_client */;

--
-- Dumping data for table `categories`
--

LOCK TABLES `categories` WRITE;
/*!40000 ALTER TABLE `categories` DISABLE KEYS */;
INSERT INTO `categories` VALUES (1,'{\"en\":\"Fashion\",\"vi\":\"Thời trang\"}','{\"en\":\"Products in Fashion category\",\"vi\":\"C\\u00e1c s\\u1ea3n ph\\u1ea9m thu\\u1ed9c danh m\\u1ee5c Th\\u1eddi trang\"}','https://via.placeholder.com/600x400.png/00aa88?text=Category',NULL,1,'2025-10-19 11:49:16','2025-10-19 11:49:16',NULL),(2,'{\"en\":\"Men\'s Clothing\",\"vi\":\"Áo Nam\"}','{\"en\":\"Products in Men\'s Clothing category\",\"vi\":\"C\\u00e1c s\\u1ea3n ph\\u1ea9m thu\\u1ed9c danh m\\u1ee5c \\u00c1o Nam\"}','https://via.placeholder.com/600x400.png/00aa88?text=Category',1,1,'2025-10-19 11:49:16','2025-10-19 11:49:16',NULL),(3,'{\"en\":\"Men\'s Pants\",\"vi\":\"Quần Nam\"}','{\"en\":\"Products in Men\'s Pants category\",\"vi\":\"C\\u00e1c s\\u1ea3n ph\\u1ea9m thu\\u1ed9c danh m\\u1ee5c Qu\\u1ea7n Nam\"}','https://via.placeholder.com/600x400.png/00aa88?text=Category',1,1,'2025-10-19 11:49:16','2025-10-19 11:49:16',NULL),(4,'{\"en\":\"Women\'s Clothing\",\"vi\":\"Áo Nữ\"}','{\"en\":\"Products in Women\'s Clothing category\",\"vi\":\"C\\u00e1c s\\u1ea3n ph\\u1ea9m thu\\u1ed9c danh m\\u1ee5c \\u00c1o N\\u1eef\"}','https://via.placeholder.com/600x400.png/00aa88?text=Category',1,1,'2025-10-19 11:49:16','2025-10-19 11:49:16',NULL),(5,'{\"en\":\"Women\'s Dresses\",\"vi\":\"Váy Nữ\"}','{\"en\":\"Products in Women\'s Dresses category\",\"vi\":\"C\\u00e1c s\\u1ea3n ph\\u1ea9m thu\\u1ed9c danh m\\u1ee5c V\\u00e1y N\\u1eef\"}','https://via.placeholder.com/600x400.png/00aa88?text=Category',1,1,'2025-10-19 11:49:16','2025-10-19 11:49:16',NULL),(6,'{\"en\":\"Accessories\",\"vi\":\"Phụ kiện\"}','{\"en\":\"Products in Accessories category\",\"vi\":\"C\\u00e1c s\\u1ea3n ph\\u1ea9m thu\\u1ed9c danh m\\u1ee5c Ph\\u1ee5 ki\\u1ec7n\"}','https://via.placeholder.com/600x400.png/00aa88?text=Category',1,1,'2025-10-19 11:49:16','2025-10-19 11:49:16',NULL),(7,'{\"en\":\"Electronics\",\"vi\":\"Điện tử\"}','{\"en\":\"Products in Electronics category\",\"vi\":\"C\\u00e1c s\\u1ea3n ph\\u1ea9m thu\\u1ed9c danh m\\u1ee5c \\u0110i\\u1ec7n t\\u1eed\"}','https://via.placeholder.com/600x400.png/00aa88?text=Category',NULL,1,'2025-10-19 11:49:16','2025-10-19 11:49:16',NULL),(8,'{\"en\":\"Mobile Phones\",\"vi\":\"Điện thoại\"}','{\"en\":\"Products in Mobile Phones category\",\"vi\":\"C\\u00e1c s\\u1ea3n ph\\u1ea9m thu\\u1ed9c danh m\\u1ee5c \\u0110i\\u1ec7n tho\\u1ea1i\"}','https://via.placeholder.com/600x400.png/00aa88?text=Category',7,1,'2025-10-19 11:49:16','2025-10-19 11:49:16',NULL),(9,'{\"en\":\"Tablets\",\"vi\":\"Máy tính bảng\"}','{\"en\":\"Products in Tablets category\",\"vi\":\"C\\u00e1c s\\u1ea3n ph\\u1ea9m thu\\u1ed9c danh m\\u1ee5c M\\u00e1y t\\u00ednh b\\u1ea3ng\"}','https://via.placeholder.com/600x400.png/00aa88?text=Category',7,1,'2025-10-19 11:49:16','2025-10-19 11:49:16',NULL),(10,'{\"en\":\"Laptops\",\"vi\":\"Laptop\"}','{\"en\":\"Products in Laptops category\",\"vi\":\"C\\u00e1c s\\u1ea3n ph\\u1ea9m thu\\u1ed9c danh m\\u1ee5c Laptop\"}','https://via.placeholder.com/600x400.png/00aa88?text=Category',7,1,'2025-10-19 11:49:16','2025-10-19 11:49:16',NULL),(11,'{\"en\":\"Headphones\",\"vi\":\"Tai nghe\"}','{\"en\":\"Products in Headphones category\",\"vi\":\"C\\u00e1c s\\u1ea3n ph\\u1ea9m thu\\u1ed9c danh m\\u1ee5c Tai nghe\"}','https://via.placeholder.com/600x400.png/00aa88?text=Category',7,1,'2025-10-19 11:49:16','2025-10-19 11:49:16',NULL),(12,'{\"en\":\"Speakers\",\"vi\":\"Loa\"}','{\"en\":\"Products in Speakers category\",\"vi\":\"C\\u00e1c s\\u1ea3n ph\\u1ea9m thu\\u1ed9c danh m\\u1ee5c Loa\"}','https://via.placeholder.com/600x400.png/00aa88?text=Category',7,1,'2025-10-19 11:49:16','2025-10-19 11:49:16',NULL),(13,'{\"en\":\"Home & Living\",\"vi\":\"Nhà cửa & Đời sống\"}','{\"en\":\"Products in Home & Living category\",\"vi\":\"C\\u00e1c s\\u1ea3n ph\\u1ea9m thu\\u1ed9c danh m\\u1ee5c Nh\\u00e0 c\\u1eeda & \\u0110\\u1eddi s\\u1ed1ng\"}','https://via.placeholder.com/600x400.png/00aa88?text=Category',NULL,1,'2025-10-19 11:49:16','2025-10-19 11:49:16',NULL),(14,'{\"en\":\"Kitchen Appliances\",\"vi\":\"Đồ dùng nhà bếp\"}','{\"en\":\"Products in Kitchen Appliances category\",\"vi\":\"C\\u00e1c s\\u1ea3n ph\\u1ea9m thu\\u1ed9c danh m\\u1ee5c \\u0110\\u1ed3 d\\u00f9ng nh\\u00e0 b\\u1ebfp\"}','https://via.placeholder.com/600x400.png/00aa88?text=Category',13,1,'2025-10-19 11:49:16','2025-10-19 11:49:16',NULL),(15,'{\"en\":\"Home Decor\",\"vi\":\"Trang trí nhà cửa\"}','{\"en\":\"Products in Home Decor category\",\"vi\":\"C\\u00e1c s\\u1ea3n ph\\u1ea9m thu\\u1ed9c danh m\\u1ee5c Trang tr\\u00ed nh\\u00e0 c\\u1eeda\"}','https://via.placeholder.com/600x400.png/00aa88?text=Category',13,1,'2025-10-19 11:49:16','2025-10-19 11:49:16',NULL),(16,'{\"en\":\"Furniture\",\"vi\":\"Nội thất\"}','{\"en\":\"Products in Furniture category\",\"vi\":\"C\\u00e1c s\\u1ea3n ph\\u1ea9m thu\\u1ed9c danh m\\u1ee5c N\\u1ed9i th\\u1ea5t\"}','https://via.placeholder.com/600x400.png/00aa88?text=Category',13,1,'2025-10-19 11:49:16','2025-10-19 11:49:16',NULL),(17,'{\"en\":\"Plants\",\"vi\":\"Cây cảnh\"}','{\"en\":\"Products in Plants category\",\"vi\":\"C\\u00e1c s\\u1ea3n ph\\u1ea9m thu\\u1ed9c danh m\\u1ee5c C\\u00e2y c\\u1ea3nh\"}','https://via.placeholder.com/600x400.png/00aa88?text=Category',13,1,'2025-10-19 11:49:16','2025-10-19 11:49:16',NULL),(18,'{\"en\":\"Health & Beauty\",\"vi\":\"Sức khỏe & Sắc đẹp\"}','{\"en\":\"Products in Health & Beauty category\",\"vi\":\"C\\u00e1c s\\u1ea3n ph\\u1ea9m thu\\u1ed9c danh m\\u1ee5c S\\u1ee9c kh\\u1ecfe & S\\u1eafc \\u0111\\u1eb9p\"}','https://via.placeholder.com/600x400.png/00aa88?text=Category',NULL,1,'2025-10-19 11:49:16','2025-10-19 11:49:16',NULL),(19,'{\"en\":\"Skincare\",\"vi\":\"Chăm sóc da\"}','{\"en\":\"Products in Skincare category\",\"vi\":\"C\\u00e1c s\\u1ea3n ph\\u1ea9m thu\\u1ed9c danh m\\u1ee5c Ch\\u0103m s\\u00f3c da\"}','https://via.placeholder.com/600x400.png/00aa88?text=Category',18,1,'2025-10-19 11:49:16','2025-10-19 11:49:16',NULL),(20,'{\"en\":\"Makeup\",\"vi\":\"Trang điểm\"}','{\"en\":\"Products in Makeup category\",\"vi\":\"C\\u00e1c s\\u1ea3n ph\\u1ea9m thu\\u1ed9c danh m\\u1ee5c Trang \\u0111i\\u1ec3m\"}','https://via.placeholder.com/600x400.png/00aa88?text=Category',18,1,'2025-10-19 11:49:16','2025-10-19 11:49:16',NULL),(21,'{\"en\":\"Perfume\",\"vi\":\"Nước hoa\"}','{\"en\":\"Products in Perfume category\",\"vi\":\"C\\u00e1c s\\u1ea3n ph\\u1ea9m thu\\u1ed9c danh m\\u1ee5c N\\u01b0\\u1edbc hoa\"}','https://via.placeholder.com/600x400.png/00aa88?text=Category',18,1,'2025-10-19 11:49:16','2025-10-19 11:49:16',NULL),(22,'{\"en\":\"Supplements\",\"vi\":\"Thực phẩm chức năng\"}','{\"en\":\"Products in Supplements category\",\"vi\":\"C\\u00e1c s\\u1ea3n ph\\u1ea9m thu\\u1ed9c danh m\\u1ee5c Th\\u1ef1c ph\\u1ea9m ch\\u1ee9c n\\u0103ng\"}','https://via.placeholder.com/600x400.png/00aa88?text=Category',18,1,'2025-10-19 11:49:16','2025-10-19 11:49:16',NULL),(23,'{\"en\":\"Books & Stationery\",\"vi\":\"Sách & Văn phòng phẩm\"}','{\"en\":\"Products in Books & Stationery category\",\"vi\":\"C\\u00e1c s\\u1ea3n ph\\u1ea9m thu\\u1ed9c danh m\\u1ee5c S\\u00e1ch & V\\u0103n ph\\u00f2ng ph\\u1ea9m\"}','https://via.placeholder.com/600x400.png/00aa88?text=Category',NULL,1,'2025-10-19 11:49:16','2025-10-19 11:49:16',NULL),(24,'{\"en\":\"Literature\",\"vi\":\"Sách văn học\"}','{\"en\":\"Products in Literature category\",\"vi\":\"C\\u00e1c s\\u1ea3n ph\\u1ea9m thu\\u1ed9c danh m\\u1ee5c S\\u00e1ch v\\u0103n h\\u1ecdc\"}','https://via.placeholder.com/600x400.png/00aa88?text=Category',23,1,'2025-10-19 11:49:16','2025-10-19 11:49:16',NULL),(25,'{\"en\":\"Economics\",\"vi\":\"Sách kinh tế\"}','{\"en\":\"Products in Economics category\",\"vi\":\"C\\u00e1c s\\u1ea3n ph\\u1ea9m thu\\u1ed9c danh m\\u1ee5c S\\u00e1ch kinh t\\u1ebf\"}','https://via.placeholder.com/600x400.png/00aa88?text=Category',23,1,'2025-10-19 11:49:16','2025-10-19 11:49:16',NULL),(26,'{\"en\":\"Notebooks\",\"vi\":\"Sổ tay\"}','{\"en\":\"Products in Notebooks category\",\"vi\":\"C\\u00e1c s\\u1ea3n ph\\u1ea9m thu\\u1ed9c danh m\\u1ee5c S\\u1ed5 tay\"}','https://via.placeholder.com/600x400.png/00aa88?text=Category',23,1,'2025-10-19 11:49:16','2025-10-19 11:49:16',NULL),(27,'{\"en\":\"Pens\",\"vi\":\"Bút viết\"}','{\"en\":\"Products in Pens category\",\"vi\":\"C\\u00e1c s\\u1ea3n ph\\u1ea9m thu\\u1ed9c danh m\\u1ee5c B\\u00fat vi\\u1ebft\"}','https://via.placeholder.com/600x400.png/00aa88?text=Category',23,1,'2025-10-19 11:49:16','2025-10-19 11:49:16',NULL);
/*!40000 ALTER TABLE `categories` ENABLE KEYS */;
UNLOCK TABLES;

--
-- Table structure for table `chat_messages`
--

DROP TABLE IF EXISTS `chat_messages`;
/*!40101 SET @saved_cs_client     = @@character_set_client */;
/*!50503 SET character_set_client = utf8mb4 */;
CREATE TABLE `chat_messages` (
  `chat_message_id` bigint(20) unsigned NOT NULL AUTO_INCREMENT,
  `chat_room_id` bigint(20) unsigned NOT NULL,
  `sender_id` bigint(20) unsigned NOT NULL,
  `content` text NOT NULL,
  `content_type` tinyint(4) NOT NULL DEFAULT 1 COMMENT '1: Text, 2: Image, 3: File',
  `attachment_url` varchar(500) DEFAULT NULL,
  `is_edited` tinyint(1) NOT NULL DEFAULT 0,
  `edited_at` timestamp NULL DEFAULT NULL,
  `created_at` timestamp NULL DEFAULT NULL,
  `updated_at` timestamp NULL DEFAULT NULL,
  PRIMARY KEY (`chat_message_id`),
  KEY `chat_messages_chat_room_id_foreign` (`chat_room_id`),
  KEY `chat_messages_sender_id_foreign` (`sender_id`),
  CONSTRAINT `chat_messages_chat_room_id_foreign` FOREIGN KEY (`chat_room_id`) REFERENCES `chat_rooms` (`chat_room_id`) ON DELETE CASCADE,
  CONSTRAINT `chat_messages_sender_id_foreign` FOREIGN KEY (`sender_id`) REFERENCES `users` (`id`)
) ENGINE=InnoDB AUTO_INCREMENT=101 DEFAULT CHARSET=utf8mb4 COLLATE=utf8mb4_unicode_ci;
/*!40101 SET character_set_client = @saved_cs_client */;

--
-- Dumping data for table `chat_messages`
--

LOCK TABLES `chat_messages` WRITE;
/*!40000 ALTER TABLE `chat_messages` DISABLE KEYS */;
INSERT INTO `chat_messages` VALUES (1,1,43,'Chào shop, cho mình hỏi sản phẩm này còn hàng không?',1,NULL,0,NULL,'2025-10-19 11:49:23','2025-10-19 11:49:23'),(2,1,14,'Chào bạn, sản phẩm này bên mình vẫn còn hàng ạ. Bạn đặt hàng nhé.',1,NULL,0,NULL,'2025-10-19 11:49:23','2025-10-19 11:49:23'),(3,2,49,'Chào shop, cho mình hỏi sản phẩm này còn hàng không?',1,NULL,0,NULL,'2025-10-19 11:49:23','2025-10-19 11:49:23'),(4,2,16,'Chào bạn, sản phẩm này bên mình vẫn còn hàng ạ. Bạn đặt hàng nhé.',1,NULL,0,NULL,'2025-10-19 11:49:23','2025-10-19 11:49:23'),(5,3,40,'Chào shop, cho mình hỏi sản phẩm này còn hàng không?',1,NULL,0,NULL,'2025-10-19 11:49:23','2025-10-19 11:49:23'),(6,3,20,'Chào bạn, sản phẩm này bên mình vẫn còn hàng ạ. Bạn đặt hàng nhé.',1,NULL,0,NULL,'2025-10-19 11:49:23','2025-10-19 11:49:23'),(7,4,36,'Chào shop, cho mình hỏi sản phẩm này còn hàng không?',1,NULL,0,NULL,'2025-10-19 11:49:23','2025-10-19 11:49:23'),(8,4,11,'Chào bạn, sản phẩm này bên mình vẫn còn hàng ạ. Bạn đặt hàng nhé.',1,NULL,0,NULL,'2025-10-19 11:49:23','2025-10-19 11:49:23'),(9,5,98,'Chào shop, cho mình hỏi sản phẩm này còn hàng không?',1,NULL,0,NULL,'2025-10-19 11:49:23','2025-10-19 11:49:23'),(10,5,10,'Chào bạn, sản phẩm này bên mình vẫn còn hàng ạ. Bạn đặt hàng nhé.',1,NULL,0,NULL,'2025-10-19 11:49:23','2025-10-19 11:49:23'),(11,6,118,'Chào shop, cho mình hỏi sản phẩm này còn hàng không?',1,NULL,0,NULL,'2025-10-19 11:49:23','2025-10-19 11:49:23'),(12,6,3,'Chào bạn, sản phẩm này bên mình vẫn còn hàng ạ. Bạn đặt hàng nhé.',1,NULL,0,NULL,'2025-10-19 11:49:23','2025-10-19 11:49:23'),(13,7,103,'Chào shop, cho mình hỏi sản phẩm này còn hàng không?',1,NULL,0,NULL,'2025-10-19 11:49:23','2025-10-19 11:49:23'),(14,7,14,'Chào bạn, sản phẩm này bên mình vẫn còn hàng ạ. Bạn đặt hàng nhé.',1,NULL,0,NULL,'2025-10-19 11:49:23','2025-10-19 11:49:23'),(15,8,97,'Chào shop, cho mình hỏi sản phẩm này còn hàng không?',1,NULL,0,NULL,'2025-10-19 11:49:23','2025-10-19 11:49:23'),(16,8,14,'Chào bạn, sản phẩm này bên mình vẫn còn hàng ạ. Bạn đặt hàng nhé.',1,NULL,0,NULL,'2025-10-19 11:49:23','2025-10-19 11:49:23'),(17,9,120,'Chào shop, cho mình hỏi sản phẩm này còn hàng không?',1,NULL,0,NULL,'2025-10-19 11:49:23','2025-10-19 11:49:23'),(18,9,10,'Chào bạn, sản phẩm này bên mình vẫn còn hàng ạ. Bạn đặt hàng nhé.',1,NULL,0,NULL,'2025-10-19 11:49:23','2025-10-19 11:49:23'),(19,10,104,'Chào shop, cho mình hỏi sản phẩm này còn hàng không?',1,NULL,0,NULL,'2025-10-19 11:49:23','2025-10-19 11:49:23'),(20,10,16,'Chào bạn, sản phẩm này bên mình vẫn còn hàng ạ. Bạn đặt hàng nhé.',1,NULL,0,NULL,'2025-10-19 11:49:23','2025-10-19 11:49:23'),(21,11,42,'Chào shop, cho mình hỏi sản phẩm này còn hàng không?',1,NULL,0,NULL,'2025-10-19 11:49:23','2025-10-19 11:49:23'),(22,11,9,'Chào bạn, sản phẩm này bên mình vẫn còn hàng ạ. Bạn đặt hàng nhé.',1,NULL,0,NULL,'2025-10-19 11:49:23','2025-10-19 11:49:23'),(23,12,99,'Chào shop, cho mình hỏi sản phẩm này còn hàng không?',1,NULL,0,NULL,'2025-10-19 11:49:23','2025-10-19 11:49:23'),(24,12,14,'Chào bạn, sản phẩm này bên mình vẫn còn hàng ạ. Bạn đặt hàng nhé.',1,NULL,0,NULL,'2025-10-19 11:49:23','2025-10-19 11:49:23'),(25,13,121,'Chào shop, cho mình hỏi sản phẩm này còn hàng không?',1,NULL,0,NULL,'2025-10-19 11:49:23','2025-10-19 11:49:23'),(26,13,18,'Chào bạn, sản phẩm này bên mình vẫn còn hàng ạ. Bạn đặt hàng nhé.',1,NULL,0,NULL,'2025-10-19 11:49:23','2025-10-19 11:49:23'),(27,14,63,'Chào shop, cho mình hỏi sản phẩm này còn hàng không?',1,NULL,0,NULL,'2025-10-19 11:49:23','2025-10-19 11:49:23'),(28,14,12,'Chào bạn, sản phẩm này bên mình vẫn còn hàng ạ. Bạn đặt hàng nhé.',1,NULL,0,NULL,'2025-10-19 11:49:23','2025-10-19 11:49:23'),(29,15,100,'Chào shop, cho mình hỏi sản phẩm này còn hàng không?',1,NULL,0,NULL,'2025-10-19 11:49:23','2025-10-19 11:49:23'),(30,15,12,'Chào bạn, sản phẩm này bên mình vẫn còn hàng ạ. Bạn đặt hàng nhé.',1,NULL,0,NULL,'2025-10-19 11:49:23','2025-10-19 11:49:23'),(31,16,45,'Chào shop, cho mình hỏi sản phẩm này còn hàng không?',1,NULL,0,NULL,'2025-10-19 11:49:23','2025-10-19 11:49:23'),(32,16,5,'Chào bạn, sản phẩm này bên mình vẫn còn hàng ạ. Bạn đặt hàng nhé.',1,NULL,0,NULL,'2025-10-19 11:49:23','2025-10-19 11:49:23'),(33,17,56,'Chào shop, cho mình hỏi sản phẩm này còn hàng không?',1,NULL,0,NULL,'2025-10-19 11:49:23','2025-10-19 11:49:23'),(34,17,9,'Chào bạn, sản phẩm này bên mình vẫn còn hàng ạ. Bạn đặt hàng nhé.',1,NULL,0,NULL,'2025-10-19 11:49:23','2025-10-19 11:49:23'),(35,18,48,'Chào shop, cho mình hỏi sản phẩm này còn hàng không?',1,NULL,0,NULL,'2025-10-19 11:49:23','2025-10-19 11:49:23'),(36,18,21,'Chào bạn, sản phẩm này bên mình vẫn còn hàng ạ. Bạn đặt hàng nhé.',1,NULL,0,NULL,'2025-10-19 11:49:23','2025-10-19 11:49:23'),(37,19,79,'Chào shop, cho mình hỏi sản phẩm này còn hàng không?',1,NULL,0,NULL,'2025-10-19 11:49:23','2025-10-19 11:49:23'),(38,19,2,'Chào bạn, sản phẩm này bên mình vẫn còn hàng ạ. Bạn đặt hàng nhé.',1,NULL,0,NULL,'2025-10-19 11:49:23','2025-10-19 11:49:23'),(39,20,56,'Chào shop, cho mình hỏi sản phẩm này còn hàng không?',1,NULL,0,NULL,'2025-10-19 11:49:23','2025-10-19 11:49:23'),(40,20,19,'Chào bạn, sản phẩm này bên mình vẫn còn hàng ạ. Bạn đặt hàng nhé.',1,NULL,0,NULL,'2025-10-19 11:49:23','2025-10-19 11:49:23'),(41,21,67,'Chào shop, cho mình hỏi sản phẩm này còn hàng không?',1,NULL,0,NULL,'2025-10-19 11:49:23','2025-10-19 11:49:23'),(42,21,16,'Chào bạn, sản phẩm này bên mình vẫn còn hàng ạ. Bạn đặt hàng nhé.',1,NULL,0,NULL,'2025-10-19 11:49:23','2025-10-19 11:49:23'),(43,22,23,'Chào shop, cho mình hỏi sản phẩm này còn hàng không?',1,NULL,0,NULL,'2025-10-19 11:49:23','2025-10-19 11:49:23'),(44,22,8,'Chào bạn, sản phẩm này bên mình vẫn còn hàng ạ. Bạn đặt hàng nhé.',1,NULL,0,NULL,'2025-10-19 11:49:23','2025-10-19 11:49:23'),(45,23,113,'Chào shop, cho mình hỏi sản phẩm này còn hàng không?',1,NULL,0,NULL,'2025-10-19 11:49:23','2025-10-19 11:49:23'),(46,23,12,'Chào bạn, sản phẩm này bên mình vẫn còn hàng ạ. Bạn đặt hàng nhé.',1,NULL,0,NULL,'2025-10-19 11:49:23','2025-10-19 11:49:23'),(47,24,103,'Chào shop, cho mình hỏi sản phẩm này còn hàng không?',1,NULL,0,NULL,'2025-10-19 11:49:23','2025-10-19 11:49:23'),(48,24,7,'Chào bạn, sản phẩm này bên mình vẫn còn hàng ạ. Bạn đặt hàng nhé.',1,NULL,0,NULL,'2025-10-19 11:49:23','2025-10-19 11:49:23'),(49,25,77,'Chào shop, cho mình hỏi sản phẩm này còn hàng không?',1,NULL,0,NULL,'2025-10-19 11:49:23','2025-10-19 11:49:23'),(50,25,14,'Chào bạn, sản phẩm này bên mình vẫn còn hàng ạ. Bạn đặt hàng nhé.',1,NULL,0,NULL,'2025-10-19 11:49:23','2025-10-19 11:49:23'),(51,26,95,'Chào shop, cho mình hỏi sản phẩm này còn hàng không?',1,NULL,0,NULL,'2025-10-19 11:49:23','2025-10-19 11:49:23'),(52,26,16,'Chào bạn, sản phẩm này bên mình vẫn còn hàng ạ. Bạn đặt hàng nhé.',1,NULL,0,NULL,'2025-10-19 11:49:23','2025-10-19 11:49:23'),(53,27,89,'Chào shop, cho mình hỏi sản phẩm này còn hàng không?',1,NULL,0,NULL,'2025-10-19 11:49:23','2025-10-19 11:49:23'),(54,27,5,'Chào bạn, sản phẩm này bên mình vẫn còn hàng ạ. Bạn đặt hàng nhé.',1,NULL,0,NULL,'2025-10-19 11:49:23','2025-10-19 11:49:23'),(55,28,55,'Chào shop, cho mình hỏi sản phẩm này còn hàng không?',1,NULL,0,NULL,'2025-10-19 11:49:23','2025-10-19 11:49:23'),(56,28,12,'Chào bạn, sản phẩm này bên mình vẫn còn hàng ạ. Bạn đặt hàng nhé.',1,NULL,0,NULL,'2025-10-19 11:49:23','2025-10-19 11:49:23'),(57,29,67,'Chào shop, cho mình hỏi sản phẩm này còn hàng không?',1,NULL,0,NULL,'2025-10-19 11:49:23','2025-10-19 11:49:23'),(58,29,7,'Chào bạn, sản phẩm này bên mình vẫn còn hàng ạ. Bạn đặt hàng nhé.',1,NULL,0,NULL,'2025-10-19 11:49:23','2025-10-19 11:49:23'),(59,30,102,'Chào shop, cho mình hỏi sản phẩm này còn hàng không?',1,NULL,0,NULL,'2025-10-19 11:49:23','2025-10-19 11:49:23'),(60,30,12,'Chào bạn, sản phẩm này bên mình vẫn còn hàng ạ. Bạn đặt hàng nhé.',1,NULL,0,NULL,'2025-10-19 11:49:23','2025-10-19 11:49:23'),(61,31,55,'Chào shop, cho mình hỏi sản phẩm này còn hàng không?',1,NULL,0,NULL,'2025-10-19 11:49:23','2025-10-19 11:49:23'),(62,31,7,'Chào bạn, sản phẩm này bên mình vẫn còn hàng ạ. Bạn đặt hàng nhé.',1,NULL,0,NULL,'2025-10-19 11:49:23','2025-10-19 11:49:23'),(63,32,74,'Chào shop, cho mình hỏi sản phẩm này còn hàng không?',1,NULL,0,NULL,'2025-10-19 11:49:23','2025-10-19 11:49:23'),(64,32,5,'Chào bạn, sản phẩm này bên mình vẫn còn hàng ạ. Bạn đặt hàng nhé.',1,NULL,0,NULL,'2025-10-19 11:49:23','2025-10-19 11:49:23'),(65,33,60,'Chào shop, cho mình hỏi sản phẩm này còn hàng không?',1,NULL,0,NULL,'2025-10-19 11:49:23','2025-10-19 11:49:23'),(66,33,13,'Chào bạn, sản phẩm này bên mình vẫn còn hàng ạ. Bạn đặt hàng nhé.',1,NULL,0,NULL,'2025-10-19 11:49:23','2025-10-19 11:49:23'),(67,34,76,'Chào shop, cho mình hỏi sản phẩm này còn hàng không?',1,NULL,0,NULL,'2025-10-19 11:49:23','2025-10-19 11:49:23'),(68,34,9,'Chào bạn, sản phẩm này bên mình vẫn còn hàng ạ. Bạn đặt hàng nhé.',1,NULL,0,NULL,'2025-10-19 11:49:23','2025-10-19 11:49:23'),(69,35,62,'Chào shop, cho mình hỏi sản phẩm này còn hàng không?',1,NULL,0,NULL,'2025-10-19 11:49:23','2025-10-19 11:49:23'),(70,35,14,'Chào bạn, sản phẩm này bên mình vẫn còn hàng ạ. Bạn đặt hàng nhé.',1,NULL,0,NULL,'2025-10-19 11:49:23','2025-10-19 11:49:23'),(71,36,98,'Chào shop, cho mình hỏi sản phẩm này còn hàng không?',1,NULL,0,NULL,'2025-10-19 11:49:23','2025-10-19 11:49:23'),(72,36,3,'Chào bạn, sản phẩm này bên mình vẫn còn hàng ạ. Bạn đặt hàng nhé.',1,NULL,0,NULL,'2025-10-19 11:49:23','2025-10-19 11:49:23'),(73,37,61,'Chào shop, cho mình hỏi sản phẩm này còn hàng không?',1,NULL,0,NULL,'2025-10-19 11:49:23','2025-10-19 11:49:23'),(74,37,12,'Chào bạn, sản phẩm này bên mình vẫn còn hàng ạ. Bạn đặt hàng nhé.',1,NULL,0,NULL,'2025-10-19 11:49:23','2025-10-19 11:49:23'),(75,38,116,'Chào shop, cho mình hỏi sản phẩm này còn hàng không?',1,NULL,0,NULL,'2025-10-19 11:49:23','2025-10-19 11:49:23'),(76,38,2,'Chào bạn, sản phẩm này bên mình vẫn còn hàng ạ. Bạn đặt hàng nhé.',1,NULL,0,NULL,'2025-10-19 11:49:23','2025-10-19 11:49:23'),(77,39,27,'Chào shop, cho mình hỏi sản phẩm này còn hàng không?',1,NULL,0,NULL,'2025-10-19 11:49:23','2025-10-19 11:49:23'),(78,39,13,'Chào bạn, sản phẩm này bên mình vẫn còn hàng ạ. Bạn đặt hàng nhé.',1,NULL,0,NULL,'2025-10-19 11:49:23','2025-10-19 11:49:23'),(79,40,67,'Chào shop, cho mình hỏi sản phẩm này còn hàng không?',1,NULL,0,NULL,'2025-10-19 11:49:23','2025-10-19 11:49:23'),(80,40,12,'Chào bạn, sản phẩm này bên mình vẫn còn hàng ạ. Bạn đặt hàng nhé.',1,NULL,0,NULL,'2025-10-19 11:49:23','2025-10-19 11:49:23'),(81,41,79,'Chào shop, cho mình hỏi sản phẩm này còn hàng không?',1,NULL,0,NULL,'2025-10-19 11:49:23','2025-10-19 11:49:23'),(82,41,3,'Chào bạn, sản phẩm này bên mình vẫn còn hàng ạ. Bạn đặt hàng nhé.',1,NULL,0,NULL,'2025-10-19 11:49:23','2025-10-19 11:49:23'),(83,42,41,'Chào shop, cho mình hỏi sản phẩm này còn hàng không?',1,NULL,0,NULL,'2025-10-19 11:49:23','2025-10-19 11:49:23'),(84,42,2,'Chào bạn, sản phẩm này bên mình vẫn còn hàng ạ. Bạn đặt hàng nhé.',1,NULL,0,NULL,'2025-10-19 11:49:23','2025-10-19 11:49:23'),(85,43,28,'Chào shop, cho mình hỏi sản phẩm này còn hàng không?',1,NULL,0,NULL,'2025-10-19 11:49:23','2025-10-19 11:49:23'),(86,43,5,'Chào bạn, sản phẩm này bên mình vẫn còn hàng ạ. Bạn đặt hàng nhé.',1,NULL,0,NULL,'2025-10-19 11:49:23','2025-10-19 11:49:23'),(87,44,52,'Chào shop, cho mình hỏi sản phẩm này còn hàng không?',1,NULL,0,NULL,'2025-10-19 11:49:23','2025-10-19 11:49:23'),(88,44,3,'Chào bạn, sản phẩm này bên mình vẫn còn hàng ạ. Bạn đặt hàng nhé.',1,NULL,0,NULL,'2025-10-19 11:49:23','2025-10-19 11:49:23'),(89,45,31,'Chào shop, cho mình hỏi sản phẩm này còn hàng không?',1,NULL,0,NULL,'2025-10-19 11:49:23','2025-10-19 11:49:23'),(90,45,7,'Chào bạn, sản phẩm này bên mình vẫn còn hàng ạ. Bạn đặt hàng nhé.',1,NULL,0,NULL,'2025-10-19 11:49:23','2025-10-19 11:49:23'),(91,46,101,'Chào shop, cho mình hỏi sản phẩm này còn hàng không?',1,NULL,0,NULL,'2025-10-19 11:49:23','2025-10-19 11:49:23'),(92,46,14,'Chào bạn, sản phẩm này bên mình vẫn còn hàng ạ. Bạn đặt hàng nhé.',1,NULL,0,NULL,'2025-10-19 11:49:23','2025-10-19 11:49:23'),(93,47,113,'Chào shop, cho mình hỏi sản phẩm này còn hàng không?',1,NULL,0,NULL,'2025-10-19 11:49:23','2025-10-19 11:49:23'),(94,47,9,'Chào bạn, sản phẩm này bên mình vẫn còn hàng ạ. Bạn đặt hàng nhé.',1,NULL,0,NULL,'2025-10-19 11:49:23','2025-10-19 11:49:23'),(95,48,39,'Chào shop, cho mình hỏi sản phẩm này còn hàng không?',1,NULL,0,NULL,'2025-10-19 11:49:23','2025-10-19 11:49:23'),(96,48,20,'Chào bạn, sản phẩm này bên mình vẫn còn hàng ạ. Bạn đặt hàng nhé.',1,NULL,0,NULL,'2025-10-19 11:49:23','2025-10-19 11:49:23'),(97,49,101,'Chào shop, cho mình hỏi sản phẩm này còn hàng không?',1,NULL,0,NULL,'2025-10-19 11:49:23','2025-10-19 11:49:23'),(98,49,12,'Chào bạn, sản phẩm này bên mình vẫn còn hàng ạ. Bạn đặt hàng nhé.',1,NULL,0,NULL,'2025-10-19 11:49:23','2025-10-19 11:49:23'),(99,50,29,'Chào shop, cho mình hỏi sản phẩm này còn hàng không?',1,NULL,0,NULL,'2025-10-19 11:49:23','2025-10-19 11:49:23'),(100,50,5,'Chào bạn, sản phẩm này bên mình vẫn còn hàng ạ. Bạn đặt hàng nhé.',1,NULL,0,NULL,'2025-10-19 11:49:23','2025-10-19 11:49:23');
/*!40000 ALTER TABLE `chat_messages` ENABLE KEYS */;
UNLOCK TABLES;

--
-- Table structure for table `chat_participants`
--

DROP TABLE IF EXISTS `chat_participants`;
/*!40101 SET @saved_cs_client     = @@character_set_client */;
/*!50503 SET character_set_client = utf8mb4 */;
CREATE TABLE `chat_participants` (
  `chat_participant_id` bigint(20) unsigned NOT NULL AUTO_INCREMENT,
  `chat_room_id` bigint(20) unsigned NOT NULL,
  `user_id` bigint(20) unsigned NOT NULL,
  `joined_at` timestamp NOT NULL DEFAULT current_timestamp() ON UPDATE current_timestamp(),
  `left_at` timestamp NULL DEFAULT NULL,
  PRIMARY KEY (`chat_participant_id`),
  UNIQUE KEY `chat_participants_chat_room_id_user_id_unique` (`chat_room_id`,`user_id`),
  KEY `chat_participants_user_id_foreign` (`user_id`),
  CONSTRAINT `chat_participants_chat_room_id_foreign` FOREIGN KEY (`chat_room_id`) REFERENCES `chat_rooms` (`chat_room_id`) ON DELETE CASCADE,
  CONSTRAINT `chat_participants_user_id_foreign` FOREIGN KEY (`user_id`) REFERENCES `users` (`id`) ON DELETE CASCADE
) ENGINE=InnoDB AUTO_INCREMENT=101 DEFAULT CHARSET=utf8mb4 COLLATE=utf8mb4_unicode_ci;
/*!40101 SET character_set_client = @saved_cs_client */;

--
-- Dumping data for table `chat_participants`
--

LOCK TABLES `chat_participants` WRITE;
/*!40000 ALTER TABLE `chat_participants` DISABLE KEYS */;
INSERT INTO `chat_participants` VALUES (1,1,43,'2025-10-19 18:49:23',NULL),(2,1,14,'2025-10-19 18:49:23',NULL),(3,2,49,'2025-10-19 18:49:23',NULL),(4,2,16,'2025-10-19 18:49:23',NULL),(5,3,40,'2025-10-19 18:49:23',NULL),(6,3,20,'2025-10-19 18:49:23',NULL),(7,4,36,'2025-10-19 18:49:23',NULL),(8,4,11,'2025-10-19 18:49:23',NULL),(9,5,98,'2025-10-19 18:49:23',NULL),(10,5,10,'2025-10-19 18:49:23',NULL),(11,6,118,'2025-10-19 18:49:23',NULL),(12,6,3,'2025-10-19 18:49:23',NULL),(13,7,103,'2025-10-19 18:49:23',NULL),(14,7,14,'2025-10-19 18:49:23',NULL),(15,8,97,'2025-10-19 18:49:23',NULL),(16,8,14,'2025-10-19 18:49:23',NULL),(17,9,120,'2025-10-19 18:49:23',NULL),(18,9,10,'2025-10-19 18:49:23',NULL),(19,10,104,'2025-10-19 18:49:23',NULL),(20,10,16,'2025-10-19 18:49:23',NULL),(21,11,42,'2025-10-19 18:49:23',NULL),(22,11,9,'2025-10-19 18:49:23',NULL),(23,12,99,'2025-10-19 18:49:23',NULL),(24,12,14,'2025-10-19 18:49:23',NULL),(25,13,121,'2025-10-19 18:49:23',NULL),(26,13,18,'2025-10-19 18:49:23',NULL),(27,14,63,'2025-10-19 18:49:23',NULL),(28,14,12,'2025-10-19 18:49:23',NULL),(29,15,100,'2025-10-19 18:49:23',NULL),(30,15,12,'2025-10-19 18:49:23',NULL),(31,16,45,'2025-10-19 18:49:23',NULL),(32,16,5,'2025-10-19 18:49:23',NULL),(33,17,56,'2025-10-19 18:49:23',NULL),(34,17,9,'2025-10-19 18:49:23',NULL),(35,18,48,'2025-10-19 18:49:23',NULL),(36,18,21,'2025-10-19 18:49:23',NULL),(37,19,79,'2025-10-19 18:49:23',NULL),(38,19,2,'2025-10-19 18:49:23',NULL),(39,20,56,'2025-10-19 18:49:23',NULL),(40,20,19,'2025-10-19 18:49:23',NULL),(41,21,67,'2025-10-19 18:49:23',NULL),(42,21,16,'2025-10-19 18:49:23',NULL),(43,22,23,'2025-10-19 18:49:23',NULL),(44,22,8,'2025-10-19 18:49:23',NULL),(45,23,113,'2025-10-19 18:49:23',NULL),(46,23,12,'2025-10-19 18:49:23',NULL),(47,24,103,'2025-10-19 18:49:23',NULL),(48,24,7,'2025-10-19 18:49:23',NULL),(49,25,77,'2025-10-19 18:49:23',NULL),(50,25,14,'2025-10-19 18:49:23',NULL),(51,26,95,'2025-10-19 18:49:23',NULL),(52,26,16,'2025-10-19 18:49:23',NULL),(53,27,89,'2025-10-19 18:49:23',NULL),(54,27,5,'2025-10-19 18:49:23',NULL),(55,28,55,'2025-10-19 18:49:23',NULL),(56,28,12,'2025-10-19 18:49:23',NULL),(57,29,67,'2025-10-19 18:49:23',NULL),(58,29,7,'2025-10-19 18:49:23',NULL),(59,30,102,'2025-10-19 18:49:23',NULL),(60,30,12,'2025-10-19 18:49:23',NULL),(61,31,55,'2025-10-19 18:49:23',NULL),(62,31,7,'2025-10-19 18:49:23',NULL),(63,32,74,'2025-10-19 18:49:23',NULL),(64,32,5,'2025-10-19 18:49:23',NULL),(65,33,60,'2025-10-19 18:49:23',NULL),(66,33,13,'2025-10-19 18:49:23',NULL),(67,34,76,'2025-10-19 18:49:23',NULL),(68,34,9,'2025-10-19 18:49:23',NULL),(69,35,62,'2025-10-19 18:49:23',NULL),(70,35,14,'2025-10-19 18:49:23',NULL),(71,36,98,'2025-10-19 18:49:23',NULL),(72,36,3,'2025-10-19 18:49:23',NULL),(73,37,61,'2025-10-19 18:49:23',NULL),(74,37,12,'2025-10-19 18:49:23',NULL),(75,38,116,'2025-10-19 18:49:23',NULL),(76,38,2,'2025-10-19 18:49:23',NULL),(77,39,27,'2025-10-19 18:49:23',NULL),(78,39,13,'2025-10-19 18:49:23',NULL),(79,40,67,'2025-10-19 18:49:23',NULL),(80,40,12,'2025-10-19 18:49:23',NULL),(81,41,79,'2025-10-19 18:49:23',NULL),(82,41,3,'2025-10-19 18:49:23',NULL),(83,42,41,'2025-10-19 18:49:23',NULL),(84,42,2,'2025-10-19 18:49:23',NULL),(85,43,28,'2025-10-19 18:49:23',NULL),(86,43,5,'2025-10-19 18:49:23',NULL),(87,44,52,'2025-10-19 18:49:23',NULL),(88,44,3,'2025-10-19 18:49:23',NULL),(89,45,31,'2025-10-19 18:49:23',NULL),(90,45,7,'2025-10-19 18:49:23',NULL),(91,46,101,'2025-10-19 18:49:23',NULL),(92,46,14,'2025-10-19 18:49:23',NULL),(93,47,113,'2025-10-19 18:49:23',NULL),(94,47,9,'2025-10-19 18:49:23',NULL),(95,48,39,'2025-10-19 18:49:23',NULL),(96,48,20,'2025-10-19 18:49:23',NULL),(97,49,101,'2025-10-19 18:49:23',NULL),(98,49,12,'2025-10-19 18:49:23',NULL),(99,50,29,'2025-10-19 18:49:23',NULL),(100,50,5,'2025-10-19 18:49:23',NULL);
/*!40000 ALTER TABLE `chat_participants` ENABLE KEYS */;
UNLOCK TABLES;

--
-- Table structure for table `chat_rooms`
--

DROP TABLE IF EXISTS `chat_rooms`;
/*!40101 SET @saved_cs_client     = @@character_set_client */;
/*!50503 SET character_set_client = utf8mb4 */;
CREATE TABLE `chat_rooms` (
  `chat_room_id` bigint(20) unsigned NOT NULL AUTO_INCREMENT,
  `room_name` varchar(100) NOT NULL,
  `type` tinyint(4) NOT NULL COMMENT '1: User-to-User, 2: User-to-Seller',
  `is_active` tinyint(1) NOT NULL DEFAULT 1,
  `created_at` timestamp NULL DEFAULT NULL,
  `updated_at` timestamp NULL DEFAULT NULL,
  PRIMARY KEY (`chat_room_id`)
) ENGINE=InnoDB AUTO_INCREMENT=51 DEFAULT CHARSET=utf8mb4 COLLATE=utf8mb4_unicode_ci;
/*!40101 SET character_set_client = @saved_cs_client */;

--
-- Dumping data for table `chat_rooms`
--

LOCK TABLES `chat_rooms` WRITE;
/*!40000 ALTER TABLE `chat_rooms` DISABLE KEYS */;
INSERT INTO `chat_rooms` VALUES (1,'Chat between kinh50 and thai.dien',2,1,'2025-10-19 11:49:23','2025-10-19 11:49:23'),(2,'Chat between hau.nong and tuyen63',2,1,'2025-10-19 11:49:23','2025-10-19 11:49:23'),(3,'Chat between khoa74 and bach62',2,1,'2025-10-19 11:49:23','2025-10-19 11:49:23'),(4,'Chat between hung24 and vl',2,1,'2025-10-19 11:49:23','2025-10-19 11:49:23'),(5,'Chat between xchuong and mn.bo',2,1,'2025-10-19 11:49:23','2025-10-19 11:49:23'),(6,'Chat between dieu83 and qtu',2,1,'2025-10-19 11:49:23','2025-10-19 11:49:23'),(7,'Chat between ngan68 and thai.dien',2,1,'2025-10-19 11:49:23','2025-10-19 11:49:23'),(8,'Chat between phuc.yen and thai.dien',2,1,'2025-10-19 11:49:23','2025-10-19 11:49:23'),(9,'Chat between th20 and mn.bo',2,1,'2025-10-19 11:49:23','2025-10-19 11:49:23'),(10,'Chat between bnghiem and tuyen63',2,1,'2025-10-19 11:49:23','2025-10-19 11:49:23'),(11,'Chat between hoa.ai and dao.nhung',2,1,'2025-10-19 11:49:23','2025-10-19 11:49:23'),(12,'Chat between ngan96 and thai.dien',2,1,'2025-10-19 11:49:23','2025-10-19 11:49:23'),(13,'Chat between wto and hoang.nguyen',2,1,'2025-10-19 11:49:23','2025-10-19 11:49:23'),(14,'Chat between obi and hu91',2,1,'2025-10-19 11:49:23','2025-10-19 11:49:23'),(15,'Chat between tng.hoa and hu91',2,1,'2025-10-19 11:49:23','2025-10-19 11:49:23'),(16,'Chat between dao.tue and au.ca',2,1,'2025-10-19 11:49:23','2025-10-19 11:49:23'),(17,'Chat between qgiap and dao.nhung',2,1,'2025-10-19 11:49:23','2025-10-19 11:49:23'),(18,'Chat between sa12 and huong18',2,1,'2025-10-19 11:49:23','2025-10-19 11:49:23'),(19,'Chat between phuc98 and squach',2,1,'2025-10-19 11:49:23','2025-10-19 11:49:23'),(20,'Chat between qgiap and m.lai',2,1,'2025-10-19 11:49:23','2025-10-19 11:49:23'),(21,'Chat between cam.sinh and tuyen63',2,1,'2025-10-19 11:49:23','2025-10-19 11:49:23'),(22,'Chat between ly.khoi and hung03',2,1,'2025-10-19 11:49:23','2025-10-19 11:49:23'),(23,'Chat between theu38 and hu91',2,1,'2025-10-19 11:49:23','2025-10-19 11:49:23'),(24,'Chat between ngan68 and sbinh',2,1,'2025-10-19 11:49:23','2025-10-19 11:49:23'),(25,'Chat between lan63 and thai.dien',2,1,'2025-10-19 11:49:23','2025-10-19 11:49:23'),(26,'Chat between thoi.yen and tuyen63',2,1,'2025-10-19 11:49:23','2025-10-19 11:49:23'),(27,'Chat between dai.giang and au.ca',2,1,'2025-10-19 11:49:23','2025-10-19 11:49:23'),(28,'Chat between ldong and hu91',2,1,'2025-10-19 11:49:23','2025-10-19 11:49:23'),(29,'Chat between cam.sinh and sbinh',2,1,'2025-10-19 11:49:23','2025-10-19 11:49:23'),(30,'Chat between than.thu and hu91',2,1,'2025-10-19 11:49:23','2025-10-19 11:49:23'),(31,'Chat between ldong and sbinh',2,1,'2025-10-19 11:49:23','2025-10-19 11:49:23'),(32,'Chat between thuong.tong and au.ca',2,1,'2025-10-19 11:49:23','2025-10-19 11:49:23'),(33,'Chat between dau.thac and th58',2,1,'2025-10-19 11:49:23','2025-10-19 11:49:23'),(34,'Chat between lac.k and dao.nhung',2,1,'2025-10-19 11:49:23','2025-10-19 11:49:23'),(35,'Chat between sam.luu and thai.dien',2,1,'2025-10-19 11:49:23','2025-10-19 11:49:23'),(36,'Chat between xchuong and qtu',2,1,'2025-10-19 11:49:23','2025-10-19 11:49:23'),(37,'Chat between xcat and hu91',2,1,'2025-10-19 11:49:23','2025-10-19 11:49:23'),(38,'Chat between bbang and squach',2,1,'2025-10-19 11:49:23','2025-10-19 11:49:23'),(39,'Chat between thng70 and th58',2,1,'2025-10-19 11:49:23','2025-10-19 11:49:23'),(40,'Chat between cam.sinh and hu91',2,1,'2025-10-19 11:49:23','2025-10-19 11:49:23'),(41,'Chat between phuc98 and qtu',2,1,'2025-10-19 11:49:23','2025-10-19 11:49:23'),(42,'Chat between tho19 and squach',2,1,'2025-10-19 11:49:23','2025-10-19 11:49:23'),(43,'Chat between qlac and au.ca',2,1,'2025-10-19 11:49:23','2025-10-19 11:49:23'),(44,'Chat between trieu.ngo and qtu',2,1,'2025-10-19 11:49:23','2025-10-19 11:49:23'),(45,'Chat between u.tham and sbinh',2,1,'2025-10-19 11:49:23','2025-10-19 11:49:23'),(46,'Chat between dieu44 and thai.dien',2,1,'2025-10-19 11:49:23','2025-10-19 11:49:23'),(47,'Chat between theu38 and dao.nhung',2,1,'2025-10-19 11:49:23','2025-10-19 11:49:23'),(48,'Chat between flac and bach62',2,1,'2025-10-19 11:49:23','2025-10-19 11:49:23'),(49,'Chat between dieu44 and hu91',2,1,'2025-10-19 11:49:23','2025-10-19 11:49:23'),(50,'Chat between ophi and au.ca',2,1,'2025-10-19 11:49:23','2025-10-19 11:49:23');
/*!40000 ALTER TABLE `chat_rooms` ENABLE KEYS */;
UNLOCK TABLES;

--
-- Table structure for table `countries`
--

DROP TABLE IF EXISTS `countries`;
/*!40101 SET @saved_cs_client     = @@character_set_client */;
/*!50503 SET character_set_client = utf8mb4 */;
CREATE TABLE `countries` (
  `id` bigint(20) unsigned NOT NULL AUTO_INCREMENT,
  `name` longtext CHARACTER SET utf8mb4 COLLATE utf8mb4_bin NOT NULL CHECK (json_valid(`name`)),
  `iso_code_2` varchar(2) NOT NULL,
  `created_at` timestamp NULL DEFAULT NULL,
  `updated_at` timestamp NULL DEFAULT NULL,
  PRIMARY KEY (`id`),
  UNIQUE KEY `countries_iso_code_2_unique` (`iso_code_2`)
) ENGINE=InnoDB DEFAULT CHARSET=utf8mb4 COLLATE=utf8mb4_unicode_ci;
/*!40101 SET character_set_client = @saved_cs_client */;

--
-- Dumping data for table `countries`
--

LOCK TABLES `countries` WRITE;
/*!40000 ALTER TABLE `countries` DISABLE KEYS */;
/*!40000 ALTER TABLE `countries` ENABLE KEYS */;
UNLOCK TABLES;

--
-- Table structure for table `customer_segment_membership`
--

DROP TABLE IF EXISTS `customer_segment_membership`;
/*!40101 SET @saved_cs_client     = @@character_set_client */;
/*!50503 SET character_set_client = utf8mb4 */;
CREATE TABLE `customer_segment_membership` (
  `membership_id` bigint(20) unsigned NOT NULL AUTO_INCREMENT,
  `segment_id` bigint(20) unsigned NOT NULL,
  `customer_id` bigint(20) unsigned NOT NULL,
  `joined_at` timestamp NOT NULL DEFAULT current_timestamp(),
  PRIMARY KEY (`membership_id`),
  UNIQUE KEY `customer_segment_membership_segment_id_customer_id_unique` (`segment_id`,`customer_id`),
  KEY `customer_segment_membership_customer_id_index` (`customer_id`),
  CONSTRAINT `customer_segment_membership_customer_id_foreign` FOREIGN KEY (`customer_id`) REFERENCES `users` (`id`) ON DELETE CASCADE,
  CONSTRAINT `customer_segment_membership_segment_id_foreign` FOREIGN KEY (`segment_id`) REFERENCES `customer_segments` (`segment_id`) ON DELETE CASCADE
) ENGINE=InnoDB DEFAULT CHARSET=utf8mb4 COLLATE=utf8mb4_unicode_ci;
/*!40101 SET character_set_client = @saved_cs_client */;

--
-- Dumping data for table `customer_segment_membership`
--

LOCK TABLES `customer_segment_membership` WRITE;
/*!40000 ALTER TABLE `customer_segment_membership` DISABLE KEYS */;
/*!40000 ALTER TABLE `customer_segment_membership` ENABLE KEYS */;
UNLOCK TABLES;

--
-- Table structure for table `customer_segments`
--

DROP TABLE IF EXISTS `customer_segments`;
/*!40101 SET @saved_cs_client     = @@character_set_client */;
/*!50503 SET character_set_client = utf8mb4 */;
CREATE TABLE `customer_segments` (
  `segment_id` bigint(20) unsigned NOT NULL AUTO_INCREMENT,
  `name` varchar(255) NOT NULL,
  `description` text DEFAULT NULL,
  `rules` longtext CHARACTER SET utf8mb4 COLLATE utf8mb4_bin NOT NULL CHECK (json_valid(`rules`)),
  `customer_count` int(10) unsigned NOT NULL DEFAULT 0,
  `is_active` tinyint(1) NOT NULL DEFAULT 1,
  `created_at` timestamp NULL DEFAULT NULL,
  `updated_at` timestamp NULL DEFAULT NULL,
  PRIMARY KEY (`segment_id`),
  KEY `customer_segments_is_active_customer_count_index` (`is_active`,`customer_count`)
) ENGINE=InnoDB DEFAULT CHARSET=utf8mb4 COLLATE=utf8mb4_unicode_ci;
/*!40101 SET character_set_client = @saved_cs_client */;

--
-- Dumping data for table `customer_segments`
--

LOCK TABLES `customer_segments` WRITE;
/*!40000 ALTER TABLE `customer_segments` DISABLE KEYS */;
/*!40000 ALTER TABLE `customer_segments` ENABLE KEYS */;
UNLOCK TABLES;

--
-- Table structure for table `dispute_messages`
--

DROP TABLE IF EXISTS `dispute_messages`;
/*!40101 SET @saved_cs_client     = @@character_set_client */;
/*!50503 SET character_set_client = utf8mb4 */;
CREATE TABLE `dispute_messages` (
  `dispute_message_id` bigint(20) unsigned NOT NULL AUTO_INCREMENT,
  `dispute_id` bigint(20) unsigned NOT NULL,
  `sender_id` bigint(20) unsigned NOT NULL,
  `content` text NOT NULL,
  `attachment_url` varchar(500) DEFAULT NULL,
  `is_admin_message` tinyint(1) NOT NULL DEFAULT 0,
  `created_at` timestamp NULL DEFAULT NULL,
  `updated_at` timestamp NULL DEFAULT NULL,
  PRIMARY KEY (`dispute_message_id`),
  KEY `dispute_messages_dispute_id_foreign` (`dispute_id`),
  KEY `dispute_messages_sender_id_foreign` (`sender_id`),
  CONSTRAINT `dispute_messages_dispute_id_foreign` FOREIGN KEY (`dispute_id`) REFERENCES `disputes` (`dispute_id`) ON DELETE CASCADE,
  CONSTRAINT `dispute_messages_sender_id_foreign` FOREIGN KEY (`sender_id`) REFERENCES `users` (`id`)
) ENGINE=InnoDB AUTO_INCREMENT=31 DEFAULT CHARSET=utf8mb4 COLLATE=utf8mb4_unicode_ci;
/*!40101 SET character_set_client = @saved_cs_client */;

--
-- Dumping data for table `dispute_messages`
--

LOCK TABLES `dispute_messages` WRITE;
/*!40000 ALTER TABLE `dispute_messages` DISABLE KEYS */;
INSERT INTO `dispute_messages` VALUES (1,1,26,'Tôi muốn khiếu nại về chất lượng sản phẩm trong đơn hàng này.',NULL,0,'2025-10-19 11:49:24','2025-10-19 11:49:24'),(2,2,30,'Tôi muốn khiếu nại về chất lượng sản phẩm trong đơn hàng này.',NULL,0,'2025-10-19 11:49:24','2025-10-19 11:49:24'),(3,3,33,'Tôi muốn khiếu nại về chất lượng sản phẩm trong đơn hàng này.',NULL,0,'2025-10-19 11:49:24','2025-10-19 11:49:24'),(4,4,42,'Tôi muốn khiếu nại về chất lượng sản phẩm trong đơn hàng này.',NULL,0,'2025-10-19 11:49:24','2025-10-19 11:49:24'),(5,5,47,'Tôi muốn khiếu nại về chất lượng sản phẩm trong đơn hàng này.',NULL,0,'2025-10-19 11:49:24','2025-10-19 11:49:24'),(6,6,47,'Tôi muốn khiếu nại về chất lượng sản phẩm trong đơn hàng này.',NULL,0,'2025-10-19 11:49:24','2025-10-19 11:49:24'),(7,7,49,'Tôi muốn khiếu nại về chất lượng sản phẩm trong đơn hàng này.',NULL,0,'2025-10-19 11:49:24','2025-10-19 11:49:24'),(8,8,52,'Tôi muốn khiếu nại về chất lượng sản phẩm trong đơn hàng này.',NULL,0,'2025-10-19 11:49:24','2025-10-19 11:49:24'),(9,9,53,'Tôi muốn khiếu nại về chất lượng sản phẩm trong đơn hàng này.',NULL,0,'2025-10-19 11:49:24','2025-10-19 11:49:24'),(10,10,54,'Tôi muốn khiếu nại về chất lượng sản phẩm trong đơn hàng này.',NULL,0,'2025-10-19 11:49:24','2025-10-19 11:49:24'),(11,11,55,'Tôi muốn khiếu nại về chất lượng sản phẩm trong đơn hàng này.',NULL,0,'2025-10-19 11:49:24','2025-10-19 11:49:24'),(12,12,56,'Tôi muốn khiếu nại về chất lượng sản phẩm trong đơn hàng này.',NULL,0,'2025-10-19 11:49:24','2025-10-19 11:49:24'),(13,13,60,'Tôi muốn khiếu nại về chất lượng sản phẩm trong đơn hàng này.',NULL,0,'2025-10-19 11:49:24','2025-10-19 11:49:24'),(14,14,64,'Tôi muốn khiếu nại về chất lượng sản phẩm trong đơn hàng này.',NULL,0,'2025-10-19 11:49:24','2025-10-19 11:49:24'),(15,15,69,'Tôi muốn khiếu nại về chất lượng sản phẩm trong đơn hàng này.',NULL,0,'2025-10-19 11:49:24','2025-10-19 11:49:24'),(16,16,70,'Tôi muốn khiếu nại về chất lượng sản phẩm trong đơn hàng này.',NULL,0,'2025-10-19 11:49:24','2025-10-19 11:49:24'),(17,17,71,'Tôi muốn khiếu nại về chất lượng sản phẩm trong đơn hàng này.',NULL,0,'2025-10-19 11:49:24','2025-10-19 11:49:24'),(18,18,76,'Tôi muốn khiếu nại về chất lượng sản phẩm trong đơn hàng này.',NULL,0,'2025-10-19 11:49:24','2025-10-19 11:49:24'),(19,19,78,'Tôi muốn khiếu nại về chất lượng sản phẩm trong đơn hàng này.',NULL,0,'2025-10-19 11:49:24','2025-10-19 11:49:24'),(20,20,85,'Tôi muốn khiếu nại về chất lượng sản phẩm trong đơn hàng này.',NULL,0,'2025-10-19 11:49:24','2025-10-19 11:49:24'),(21,21,87,'Tôi muốn khiếu nại về chất lượng sản phẩm trong đơn hàng này.',NULL,0,'2025-10-19 11:49:24','2025-10-19 11:49:24'),(22,22,90,'Tôi muốn khiếu nại về chất lượng sản phẩm trong đơn hàng này.',NULL,0,'2025-10-19 11:49:24','2025-10-19 11:49:24'),(23,23,92,'Tôi muốn khiếu nại về chất lượng sản phẩm trong đơn hàng này.',NULL,0,'2025-10-19 11:49:24','2025-10-19 11:49:24'),(24,24,93,'Tôi muốn khiếu nại về chất lượng sản phẩm trong đơn hàng này.',NULL,0,'2025-10-19 11:49:24','2025-10-19 11:49:24'),(25,25,96,'Tôi muốn khiếu nại về chất lượng sản phẩm trong đơn hàng này.',NULL,0,'2025-10-19 11:49:24','2025-10-19 11:49:24'),(26,26,97,'Tôi muốn khiếu nại về chất lượng sản phẩm trong đơn hàng này.',NULL,0,'2025-10-19 11:49:24','2025-10-19 11:49:24'),(27,27,107,'Tôi muốn khiếu nại về chất lượng sản phẩm trong đơn hàng này.',NULL,0,'2025-10-19 11:49:24','2025-10-19 11:49:24'),(28,28,117,'Tôi muốn khiếu nại về chất lượng sản phẩm trong đơn hàng này.',NULL,0,'2025-10-19 11:49:24','2025-10-19 11:49:24'),(29,29,119,'Tôi muốn khiếu nại về chất lượng sản phẩm trong đơn hàng này.',NULL,0,'2025-10-19 11:49:24','2025-10-19 11:49:24'),(30,30,120,'Tôi muốn khiếu nại về chất lượng sản phẩm trong đơn hàng này.',NULL,0,'2025-10-19 11:49:24','2025-10-19 11:49:24');
/*!40000 ALTER TABLE `dispute_messages` ENABLE KEYS */;
UNLOCK TABLES;

--
-- Table structure for table `disputes`
--

DROP TABLE IF EXISTS `disputes`;
/*!40101 SET @saved_cs_client     = @@character_set_client */;
/*!50503 SET character_set_client = utf8mb4 */;
CREATE TABLE `disputes` (
  `dispute_id` bigint(20) unsigned NOT NULL AUTO_INCREMENT,
  `order_id` bigint(20) unsigned NOT NULL,
  `customer_id` bigint(20) unsigned NOT NULL,
  `seller_id` bigint(20) unsigned NOT NULL,
  `subject` varchar(200) NOT NULL,
  `description` text NOT NULL,
  `status` enum('open','under_review','resolved','closed') NOT NULL DEFAULT 'open' COMMENT 'Dispute status using ENUM values',
  `type` tinyint(4) NOT NULL COMMENT '1: Item not received, 2: Item not as described, 3: Other',
  `assigned_admin_id` bigint(20) unsigned DEFAULT NULL,
  `resolution` text DEFAULT NULL,
  `resolved_at` timestamp NULL DEFAULT NULL,
  `created_at` timestamp NULL DEFAULT NULL,
  `updated_at` timestamp NULL DEFAULT NULL,
  PRIMARY KEY (`dispute_id`),
  KEY `disputes_order_id_foreign` (`order_id`),
  KEY `disputes_customer_id_foreign` (`customer_id`),
  KEY `disputes_seller_id_foreign` (`seller_id`),
  KEY `disputes_assigned_admin_id_foreign` (`assigned_admin_id`),
  CONSTRAINT `disputes_assigned_admin_id_foreign` FOREIGN KEY (`assigned_admin_id`) REFERENCES `users` (`id`) ON DELETE SET NULL,
  CONSTRAINT `disputes_customer_id_foreign` FOREIGN KEY (`customer_id`) REFERENCES `users` (`id`),
  CONSTRAINT `disputes_order_id_foreign` FOREIGN KEY (`order_id`) REFERENCES `orders` (`order_id`),
  CONSTRAINT `disputes_seller_id_foreign` FOREIGN KEY (`seller_id`) REFERENCES `users` (`id`)
) ENGINE=InnoDB AUTO_INCREMENT=31 DEFAULT CHARSET=utf8mb4 COLLATE=utf8mb4_unicode_ci;
/*!40101 SET character_set_client = @saved_cs_client */;

--
-- Dumping data for table `disputes`
--

LOCK TABLES `disputes` WRITE;
/*!40000 ALTER TABLE `disputes` DISABLE KEYS */;
INSERT INTO `disputes` VALUES (1,9,26,7,'Khiếu nại về đơn hàng ORD-91534957','Quis quis iusto et quia vero. Atque et optio incidunt voluptatum rerum cum suscipit. Quia quaerat error unde omnis cum.','resolved',2,1,NULL,NULL,'2025-10-19 11:49:24','2025-10-19 11:49:24'),(2,25,30,17,'Khiếu nại về đơn hàng ORD-2038614','Est fugit debitis tenetur fugit qui. Beatae omnis qui nihil. Voluptatem quas et voluptas ipsum non incidunt.','open',3,1,NULL,NULL,'2025-10-19 11:49:24','2025-10-19 11:49:24'),(3,34,33,13,'Khiếu nại về đơn hàng ORD-48656926','Sequi nihil magni non vitae commodi. Excepturi et neque quia qui. Dolorem repellat et eligendi accusamus qui aut voluptatum. Laboriosam minima provident perspiciatis et ducimus dolorem rerum.','under_review',1,1,NULL,NULL,'2025-10-19 11:49:24','2025-10-19 11:49:24'),(4,55,42,15,'Khiếu nại về đơn hàng ORD-39353322','Architecto reprehenderit fuga et quos tempore vero amet velit. Voluptatem minima est id. Est dolorem sit at eum inventore saepe amet enim. Excepturi ea aut aut debitis et et dicta.','closed',3,1,NULL,NULL,'2025-10-19 11:49:24','2025-10-19 11:49:24'),(5,65,47,3,'Khiếu nại về đơn hàng ORD-70438573','Nostrum error soluta et laborum. Aut eligendi quidem laboriosam. Accusamus et autem nihil et et.','open',3,1,NULL,NULL,'2025-10-19 11:49:24','2025-10-19 11:49:24'),(6,69,47,4,'Khiếu nại về đơn hàng ORD-31391699','Magnam magni assumenda hic deserunt nisi consequatur iusto. Amet aut saepe voluptates omnis ullam voluptas. Suscipit eum est quia aut voluptatem dolor. Minima numquam quo officiis iure deserunt.','closed',1,1,NULL,NULL,'2025-10-19 11:49:24','2025-10-19 11:49:24'),(7,74,49,15,'Khiếu nại về đơn hàng ORD-42212610','Doloribus cupiditate dolore aut quia tempore. Expedita beatae delectus quisquam adipisci debitis ad occaecati non. Eligendi at dignissimos optio reiciendis fugit.','open',1,1,NULL,NULL,'2025-10-19 11:49:24','2025-10-19 11:49:24'),(8,84,52,7,'Khiếu nại về đơn hàng ORD-94337245','Aliquam enim in laboriosam earum facilis. Rerum nostrum quibusdam quia et at perspiciatis a.','open',2,1,NULL,NULL,'2025-10-19 11:49:24','2025-10-19 11:49:24'),(9,87,53,16,'Khiếu nại về đơn hàng ORD-70755721','Natus aperiam nulla sed non aperiam quidem. Iste dignissimos est ullam consequatur quo.','resolved',2,1,NULL,NULL,'2025-10-19 11:49:24','2025-10-19 11:49:24'),(10,90,54,19,'Khiếu nại về đơn hàng ORD-81809318','Perspiciatis sed dolorum rerum ducimus illo voluptatem consequuntur officiis. Libero rem at tenetur ullam vel. Magnam qui dicta architecto fugit quas beatae nisi. Est dolore est et ut est.','under_review',1,1,NULL,NULL,'2025-10-19 11:49:24','2025-10-19 11:49:24'),(11,95,55,19,'Khiếu nại về đơn hàng ORD-24760510','Molestiae cumque ea debitis non libero. Incidunt reprehenderit non quo sit ducimus id. Itaque ipsum asperiores ratione. Quaerat sed excepturi possimus tenetur quia voluptate quas.','under_review',3,1,NULL,NULL,'2025-10-19 11:49:24','2025-10-19 11:49:24'),(12,98,56,15,'Khiếu nại về đơn hàng ORD-21931375','Facilis alias autem velit a ducimus. Voluptatem blanditiis atque est quae nihil totam beatae. Eos ea qui dolorem doloremque est. Et enim consequatur quas voluptas voluptas voluptate veritatis.','resolved',1,1,NULL,NULL,'2025-10-19 11:49:24','2025-10-19 11:49:24'),(13,108,60,6,'Khiếu nại về đơn hàng ORD-38063080','Dolores eos modi et numquam odio voluptatem. Ab qui mollitia adipisci consequatur earum. Rem hic ipsum sit provident reiciendis. Natus inventore iure vel perferendis fuga ullam nulla.','resolved',2,1,NULL,NULL,'2025-10-19 11:49:24','2025-10-19 11:49:24'),(14,122,64,16,'Khiếu nại về đơn hàng ORD-44158367','Et saepe est quibusdam voluptatem. Illo ea dicta recusandae sint saepe. Delectus aut iusto ab esse.','closed',3,1,NULL,NULL,'2025-10-19 11:49:24','2025-10-19 11:49:24'),(15,136,69,8,'Khiếu nại về đơn hàng ORD-72718894','Quo itaque quibusdam ut reprehenderit vitae asperiores. Non voluptatum et id autem nobis. Temporibus omnis animi est velit soluta.','under_review',2,1,NULL,NULL,'2025-10-19 11:49:24','2025-10-19 11:49:24'),(16,137,70,19,'Khiếu nại về đơn hàng ORD-51906889','Occaecati cum modi voluptas voluptatem. Et dolor velit aut et praesentium. Exercitationem nulla vel est sunt aut eligendi. Ullam et exercitationem nostrum magnam debitis.','closed',3,1,NULL,NULL,'2025-10-19 11:49:24','2025-10-19 11:49:24'),(17,140,71,13,'Khiếu nại về đơn hàng ORD-78700378','Eius sapiente nemo aut molestiae accusantium. Nihil optio voluptatum similique. Molestiae commodi dolor nisi at. Minima impedit cumque doloribus autem et excepturi nesciunt.','under_review',2,1,NULL,NULL,'2025-10-19 11:49:24','2025-10-19 11:49:24'),(18,146,76,3,'Khiếu nại về đơn hàng ORD-7367763','Quod nobis eum non corrupti dolores. Odio voluptatum doloribus tempore reiciendis. Repellat distinctio corrupti qui a. Quia possimus facere quia et necessitatibus.','resolved',2,1,NULL,NULL,'2025-10-19 11:49:24','2025-10-19 11:49:24'),(19,155,78,6,'Khiếu nại về đơn hàng ORD-75530708','Qui illum debitis sit modi. Consequatur sint possimus doloremque eligendi qui aut perspiciatis. Non quaerat sequi placeat voluptatum quo magni.','under_review',1,1,NULL,NULL,'2025-10-19 11:49:24','2025-10-19 11:49:24'),(20,180,85,19,'Khiếu nại về đơn hàng ORD-41042432','Molestias consequatur eos dolor in. Et quia ea laudantium incidunt velit quia similique. Enim eaque illo ab incidunt. Modi non impedit ducimus velit voluptates.','closed',3,1,NULL,NULL,'2025-10-19 11:49:24','2025-10-19 11:49:24'),(21,187,87,19,'Khiếu nại về đơn hàng ORD-36448766','Dolor molestiae consectetur quam et non aut reprehenderit quibusdam. Dolores laborum culpa officiis voluptatem id quis cumque. Sed voluptates accusamus eum consequatur dolorum.','open',1,1,NULL,NULL,'2025-10-19 11:49:24','2025-10-19 11:49:24'),(22,195,90,7,'Khiếu nại về đơn hàng ORD-63560137','Animi qui repellendus quia dolor officia ut. Nam et veritatis eos alias temporibus ducimus vitae. Aut eum ducimus quam expedita. Numquam eos quia quaerat id quia quae.','open',1,1,NULL,NULL,'2025-10-19 11:49:24','2025-10-19 11:49:24'),(23,198,92,17,'Khiếu nại về đơn hàng ORD-45888350','Voluptates ex unde in blanditiis porro sed. Reprehenderit amet accusantium quibusdam nulla iste dolor et eos.','resolved',1,1,NULL,NULL,'2025-10-19 11:49:24','2025-10-19 11:49:24'),(24,206,93,18,'Khiếu nại về đơn hàng ORD-9097927','Sed qui rerum veritatis rerum. Provident laboriosam nihil animi. Aperiam vel ut quaerat et autem et eos. Rerum possimus illo est reiciendis. Earum sit modi non nam aut sunt commodi.','closed',3,1,NULL,NULL,'2025-10-19 11:49:24','2025-10-19 11:49:24'),(25,214,96,16,'Khiếu nại về đơn hàng ORD-22123278','Nemo sit beatae id minima. Vel id ullam et sapiente sunt id sed.','open',3,1,NULL,NULL,'2025-10-19 11:49:24','2025-10-19 11:49:24'),(26,220,97,18,'Khiếu nại về đơn hàng ORD-7966494','Ad vel laborum animi fugit accusamus. Et est veniam porro. Aliquam fuga non distinctio dolore et doloribus occaecati.','closed',3,1,NULL,NULL,'2025-10-19 11:49:24','2025-10-19 11:49:24'),(27,253,107,16,'Khiếu nại về đơn hàng ORD-97281300','In dicta mollitia modi. Voluptate accusantium nisi earum enim quibusdam reiciendis numquam dignissimos. Est voluptatem explicabo maxime debitis ut ea.','resolved',2,1,NULL,NULL,'2025-10-19 11:49:24','2025-10-19 11:49:24'),(28,284,117,8,'Khiếu nại về đơn hàng ORD-91955556','Et assumenda aliquam qui molestiae error quia ipsam ut. Necessitatibus non dolore ab in dolorem libero. Omnis libero voluptatibus aut error quia iure. Sed ut laudantium cum odit maiores consequatur.','under_review',2,1,NULL,NULL,'2025-10-19 11:49:24','2025-10-19 11:49:24'),(29,291,119,6,'Khiếu nại về đơn hàng ORD-56632624','Perspiciatis sit sunt assumenda omnis tenetur dignissimos. Animi aut delectus ut quam culpa nostrum inventore adipisci. Vero eveniet voluptate consequatur reprehenderit aspernatur aut.','open',3,1,NULL,NULL,'2025-10-19 11:49:24','2025-10-19 11:49:24'),(30,294,120,19,'Khiếu nại về đơn hàng ORD-8221862','Non id earum incidunt sunt voluptate possimus aspernatur. Rem neque a aut nesciunt velit. Quo placeat quia autem aliquam dolores quisquam. Est ullam eum quae inventore officiis magnam et sit. Quo animi veritatis veritatis molestiae quo perspiciatis dolor dolorum.','resolved',2,1,NULL,NULL,'2025-10-19 11:49:24','2025-10-19 11:49:24');
/*!40000 ALTER TABLE `disputes` ENABLE KEYS */;
UNLOCK TABLES;

--
-- Table structure for table `failed_jobs`
--

DROP TABLE IF EXISTS `failed_jobs`;
/*!40101 SET @saved_cs_client     = @@character_set_client */;
/*!50503 SET character_set_client = utf8mb4 */;
CREATE TABLE `failed_jobs` (
  `id` bigint(20) unsigned NOT NULL AUTO_INCREMENT,
  `uuid` varchar(255) NOT NULL,
  `connection` text NOT NULL,
  `queue` text NOT NULL,
  `payload` longtext NOT NULL,
  `exception` longtext NOT NULL,
  `failed_at` timestamp NOT NULL DEFAULT current_timestamp(),
  PRIMARY KEY (`id`),
  UNIQUE KEY `failed_jobs_uuid_unique` (`uuid`)
) ENGINE=InnoDB DEFAULT CHARSET=utf8mb4 COLLATE=utf8mb4_unicode_ci;
/*!40101 SET character_set_client = @saved_cs_client */;

--
-- Dumping data for table `failed_jobs`
--

LOCK TABLES `failed_jobs` WRITE;
/*!40000 ALTER TABLE `failed_jobs` DISABLE KEYS */;
/*!40000 ALTER TABLE `failed_jobs` ENABLE KEYS */;
UNLOCK TABLES;

--
-- Table structure for table `flash_sale_events`
--

DROP TABLE IF EXISTS `flash_sale_events`;
/*!40101 SET @saved_cs_client     = @@character_set_client */;
/*!50503 SET character_set_client = utf8mb4 */;
CREATE TABLE `flash_sale_events` (
  `id` bigint(20) unsigned NOT NULL AUTO_INCREMENT,
  `name` varchar(255) NOT NULL COMMENT 'Tên sự kiện Flash Sale',
  `start_time` timestamp NULL DEFAULT NULL COMMENT 'Thời gian bắt đầu sự kiện',
  `end_time` timestamp NULL DEFAULT NULL COMMENT 'Thời gian kết thúc sự kiện',
  `status` enum('scheduled','active','ended','cancelled') NOT NULL DEFAULT 'scheduled' COMMENT 'Trạng thái sự kiện: scheduled, active, ended, cancelled',
  `description` text DEFAULT NULL COMMENT 'Mô tả sự kiện',
  `banner_image` varchar(500) DEFAULT NULL COMMENT 'Ảnh banner sự kiện',
  `metadata` longtext CHARACTER SET utf8mb4 COLLATE utf8mb4_bin DEFAULT NULL COMMENT 'Dữ liệu bổ sung (JSON)' CHECK (json_valid(`metadata`)),
  `created_at` timestamp NULL DEFAULT NULL,
  `updated_at` timestamp NULL DEFAULT NULL,
  PRIMARY KEY (`id`),
  KEY `flash_sale_events_status_time_index` (`status`,`start_time`,`end_time`),
  KEY `flash_sale_events_time_index` (`start_time`,`end_time`)
) ENGINE=InnoDB DEFAULT CHARSET=utf8mb4 COLLATE=utf8mb4_unicode_ci;
/*!40101 SET character_set_client = @saved_cs_client */;

--
-- Dumping data for table `flash_sale_events`
--

LOCK TABLES `flash_sale_events` WRITE;
/*!40000 ALTER TABLE `flash_sale_events` DISABLE KEYS */;
/*!40000 ALTER TABLE `flash_sale_events` ENABLE KEYS */;
UNLOCK TABLES;

--
-- Table structure for table `flash_sale_products`
--

DROP TABLE IF EXISTS `flash_sale_products`;
/*!40101 SET @saved_cs_client     = @@character_set_client */;
/*!50503 SET character_set_client = utf8mb4 */;
CREATE TABLE `flash_sale_products` (
  `id` bigint(20) unsigned NOT NULL AUTO_INCREMENT,
  `flash_sale_event_id` bigint(20) unsigned NOT NULL,
  `product_variant_id` bigint(20) unsigned NOT NULL,
  `flash_sale_price` decimal(15,2) NOT NULL COMMENT 'Giá Flash Sale của sản phẩm',
  `quantity_limit` int(11) NOT NULL DEFAULT 0 COMMENT 'Số lượng giới hạn cho Flash Sale',
  `sold_count` int(11) NOT NULL DEFAULT 0 COMMENT 'Số lượng đã bán trong Flash Sale',
  `discount_percentage` decimal(5,2) DEFAULT NULL COMMENT 'Phần trăm giảm giá so với giá gốc',
  `max_quantity_per_user` int(11) NOT NULL DEFAULT 1 COMMENT 'Số lượng tối đa mỗi người dùng có thể mua',
  `metadata` longtext CHARACTER SET utf8mb4 COLLATE utf8mb4_bin DEFAULT NULL COMMENT 'Dữ liệu bổ sung (JSON)' CHECK (json_valid(`metadata`)),
  `created_at` timestamp NULL DEFAULT NULL,
  `updated_at` timestamp NULL DEFAULT NULL,
  PRIMARY KEY (`id`),
  UNIQUE KEY `flash_sale_event_product_unique` (`flash_sale_event_id`,`product_variant_id`),
  KEY `flash_sale_products_event_sold_index` (`flash_sale_event_id`,`sold_count`),
  KEY `flash_sale_products_variant_index` (`product_variant_id`),
  KEY `flash_sale_products_price_index` (`flash_sale_price`),
  CONSTRAINT `flash_sale_products_flash_sale_event_id_foreign` FOREIGN KEY (`flash_sale_event_id`) REFERENCES `flash_sale_events` (`id`) ON DELETE CASCADE,
  CONSTRAINT `flash_sale_products_product_variant_id_foreign` FOREIGN KEY (`product_variant_id`) REFERENCES `product_variants` (`variant_id`) ON DELETE CASCADE
) ENGINE=InnoDB DEFAULT CHARSET=utf8mb4 COLLATE=utf8mb4_unicode_ci;
/*!40101 SET character_set_client = @saved_cs_client */;

--
-- Dumping data for table `flash_sale_products`
--

LOCK TABLES `flash_sale_products` WRITE;
/*!40000 ALTER TABLE `flash_sale_products` DISABLE KEYS */;
/*!40000 ALTER TABLE `flash_sale_products` ENABLE KEYS */;
UNLOCK TABLES;

--
-- Table structure for table `hubs`
--

DROP TABLE IF EXISTS `hubs`;
/*!40101 SET @saved_cs_client     = @@character_set_client */;
/*!50503 SET character_set_client = utf8mb4 */;
CREATE TABLE `hubs` (
  `id` bigint(20) unsigned NOT NULL AUTO_INCREMENT,
  `name` varchar(255) NOT NULL,
  `address` text NOT NULL,
  `ward_id` bigint(20) unsigned DEFAULT NULL,
  `latitude` decimal(10,8) DEFAULT NULL,
  `longitude` decimal(11,8) DEFAULT NULL,
  `created_at` timestamp NULL DEFAULT NULL,
  `updated_at` timestamp NULL DEFAULT NULL,
  PRIMARY KEY (`id`),
  KEY `hubs_ward_id_foreign` (`ward_id`),
  CONSTRAINT `hubs_ward_id_foreign` FOREIGN KEY (`ward_id`) REFERENCES `administrative_divisions` (`id`)
) ENGINE=InnoDB DEFAULT CHARSET=utf8mb4 COLLATE=utf8mb4_unicode_ci;
/*!40101 SET character_set_client = @saved_cs_client */;

--
-- Dumping data for table `hubs`
--

LOCK TABLES `hubs` WRITE;
/*!40000 ALTER TABLE `hubs` DISABLE KEYS */;
/*!40000 ALTER TABLE `hubs` ENABLE KEYS */;
UNLOCK TABLES;

--
-- Table structure for table `international_addresses`
--

DROP TABLE IF EXISTS `international_addresses`;
/*!40101 SET @saved_cs_client     = @@character_set_client */;
/*!50503 SET character_set_client = utf8mb4 */;
CREATE TABLE `international_addresses` (
  `id` bigint(20) unsigned NOT NULL AUTO_INCREMENT,
  `addressable_type` varchar(255) NOT NULL,
  `addressable_id` bigint(20) unsigned NOT NULL,
  `type` enum('billing','shipping','pickup','default') NOT NULL DEFAULT 'shipping',
  `first_name` varchar(100) NOT NULL,
  `last_name` varchar(100) NOT NULL,
  `company` varchar(150) DEFAULT NULL,
  `phone` varchar(20) DEFAULT NULL,
  `email` varchar(150) DEFAULT NULL,
  `address_line_1` varchar(200) NOT NULL,
  `address_line_2` varchar(200) DEFAULT NULL,
  `address_line_3` varchar(200) DEFAULT NULL,
  `locality` varchar(100) NOT NULL,
  `administrative_area` varchar(100) DEFAULT NULL,
  `sub_administrative_area` varchar(100) DEFAULT NULL,
  `postal_code` varchar(20) DEFAULT NULL,
  `country_code` char(2) NOT NULL,
  `country_name` varchar(100) NOT NULL,
  `latitude` decimal(10,8) DEFAULT NULL,
  `longitude` decimal(11,8) DEFAULT NULL,
  `validation_result` longtext CHARACTER SET utf8mb4 COLLATE utf8mb4_bin DEFAULT NULL CHECK (json_valid(`validation_result`)),
  `formatted_address` varchar(500) DEFAULT NULL,
  `is_verified` tinyint(1) NOT NULL DEFAULT 0,
  `is_default` tinyint(1) NOT NULL DEFAULT 0,
  `timezone` varchar(50) DEFAULT NULL,
  `metadata` longtext CHARACTER SET utf8mb4 COLLATE utf8mb4_bin DEFAULT NULL CHECK (json_valid(`metadata`)),
  `created_at` timestamp NULL DEFAULT NULL,
  `updated_at` timestamp NULL DEFAULT NULL,
  PRIMARY KEY (`id`),
  KEY `international_addresses_addressable_type_addressable_id_index` (`addressable_type`,`addressable_id`),
  KEY `international_addresses_country_code_administrative_area_index` (`country_code`,`administrative_area`),
  KEY `international_addresses_postal_code_country_code_index` (`postal_code`,`country_code`),
  KEY `international_addresses_is_default_type_index` (`is_default`,`type`),
  KEY `international_addresses_latitude_longitude_index` (`latitude`,`longitude`)
) ENGINE=InnoDB DEFAULT CHARSET=utf8mb4 COLLATE=utf8mb4_unicode_ci;
/*!40101 SET character_set_client = @saved_cs_client */;

--
-- Dumping data for table `international_addresses`
--

LOCK TABLES `international_addresses` WRITE;
/*!40000 ALTER TABLE `international_addresses` DISABLE KEYS */;
/*!40000 ALTER TABLE `international_addresses` ENABLE KEYS */;
UNLOCK TABLES;

--
-- Table structure for table `inventory_logs`
--

DROP TABLE IF EXISTS `inventory_logs`;
/*!40101 SET @saved_cs_client     = @@character_set_client */;
/*!50503 SET character_set_client = utf8mb4 */;
CREATE TABLE `inventory_logs` (
  `id` bigint(20) unsigned NOT NULL AUTO_INCREMENT,
  `variant_id` bigint(20) unsigned NOT NULL,
  `quantity_change` int(11) NOT NULL,
  `reason` varchar(255) NOT NULL,
  `order_id` bigint(20) unsigned DEFAULT NULL,
  `user_id` bigint(20) unsigned DEFAULT NULL,
  `created_at` timestamp NULL DEFAULT NULL,
  `updated_at` timestamp NULL DEFAULT NULL,
  `deleted_at` timestamp NULL DEFAULT NULL,
  PRIMARY KEY (`id`),
  KEY `inventory_logs_order_id_foreign` (`order_id`),
  KEY `inventory_logs_user_id_foreign` (`user_id`),
  KEY `inventory_logs_variant_id_created_at_index` (`variant_id`,`created_at`),
  CONSTRAINT `inventory_logs_order_id_foreign` FOREIGN KEY (`order_id`) REFERENCES `orders` (`order_id`) ON DELETE SET NULL,
  CONSTRAINT `inventory_logs_user_id_foreign` FOREIGN KEY (`user_id`) REFERENCES `users` (`id`) ON DELETE SET NULL,
  CONSTRAINT `inventory_logs_variant_id_foreign` FOREIGN KEY (`variant_id`) REFERENCES `product_variants` (`variant_id`) ON DELETE CASCADE
) ENGINE=InnoDB DEFAULT CHARSET=utf8mb4 COLLATE=utf8mb4_unicode_ci;
/*!40101 SET character_set_client = @saved_cs_client */;

--
-- Dumping data for table `inventory_logs`
--

LOCK TABLES `inventory_logs` WRITE;
/*!40000 ALTER TABLE `inventory_logs` DISABLE KEYS */;
/*!40000 ALTER TABLE `inventory_logs` ENABLE KEYS */;
UNLOCK TABLES;

--
-- Table structure for table `job_batches`
--

DROP TABLE IF EXISTS `job_batches`;
/*!40101 SET @saved_cs_client     = @@character_set_client */;
/*!50503 SET character_set_client = utf8mb4 */;
CREATE TABLE `job_batches` (
  `id` varchar(255) NOT NULL,
  `name` varchar(255) NOT NULL,
  `total_jobs` int(11) NOT NULL,
  `pending_jobs` int(11) NOT NULL,
  `failed_jobs` int(11) NOT NULL,
  `failed_job_ids` longtext NOT NULL,
  `options` mediumtext DEFAULT NULL,
  `cancelled_at` int(11) DEFAULT NULL,
  `created_at` int(11) NOT NULL,
  `finished_at` int(11) DEFAULT NULL,
  PRIMARY KEY (`id`)
) ENGINE=InnoDB DEFAULT CHARSET=utf8mb4 COLLATE=utf8mb4_unicode_ci;
/*!40101 SET character_set_client = @saved_cs_client */;

--
-- Dumping data for table `job_batches`
--

LOCK TABLES `job_batches` WRITE;
/*!40000 ALTER TABLE `job_batches` DISABLE KEYS */;
/*!40000 ALTER TABLE `job_batches` ENABLE KEYS */;
UNLOCK TABLES;

--
-- Table structure for table `jobs`
--

DROP TABLE IF EXISTS `jobs`;
/*!40101 SET @saved_cs_client     = @@character_set_client */;
/*!50503 SET character_set_client = utf8mb4 */;
CREATE TABLE `jobs` (
  `id` bigint(20) unsigned NOT NULL AUTO_INCREMENT,
  `queue` varchar(255) NOT NULL,
  `payload` longtext NOT NULL,
  `attempts` tinyint(3) unsigned NOT NULL,
  `reserved_at` int(10) unsigned DEFAULT NULL,
  `available_at` int(10) unsigned NOT NULL,
  `created_at` int(10) unsigned NOT NULL,
  PRIMARY KEY (`id`),
  KEY `jobs_queue_index` (`queue`)
) ENGINE=InnoDB DEFAULT CHARSET=utf8mb4 COLLATE=utf8mb4_unicode_ci;
/*!40101 SET character_set_client = @saved_cs_client */;

--
-- Dumping data for table `jobs`
--

LOCK TABLES `jobs` WRITE;
/*!40000 ALTER TABLE `jobs` DISABLE KEYS */;
/*!40000 ALTER TABLE `jobs` ENABLE KEYS */;
UNLOCK TABLES;

--
-- Table structure for table `migrations`
--

DROP TABLE IF EXISTS `migrations`;
/*!40101 SET @saved_cs_client     = @@character_set_client */;
/*!50503 SET character_set_client = utf8mb4 */;
CREATE TABLE `migrations` (
  `id` int(10) unsigned NOT NULL AUTO_INCREMENT,
  `migration` varchar(255) NOT NULL,
  `batch` int(11) NOT NULL,
  PRIMARY KEY (`id`)
) ENGINE=InnoDB AUTO_INCREMENT=56 DEFAULT CHARSET=utf8mb4 COLLATE=utf8mb4_unicode_ci;
/*!40101 SET character_set_client = @saved_cs_client */;

--
-- Dumping data for table `migrations`
--

LOCK TABLES `migrations` WRITE;
/*!40000 ALTER TABLE `migrations` DISABLE KEYS */;
INSERT INTO `migrations` VALUES (1,'0001_01_01_000000_create_users_table',1),(2,'0001_01_01_000001_create_cache_table',1),(3,'0001_01_01_000002_create_jobs_table',1),(4,'2025_09_05_000003_create_base_user_and_rbac_tables',1),(5,'2025_09_05_113804_product_catalog_tables',1),(6,'2025_09_05_113854_create_product_variants_and_attributes_tables',1),(7,'2025_09_05_113915_create_order_and_cart_tables',1),(8,'2025_09_05_114543_create_promotions_tables',1),(9,'2025_09_05_114604_create_interaction_tables',1),(10,'2025_09_05_114644_create_chat_and_dispute_tables',1),(11,'2025_09_05_114705_create_operational_tables',1),(12,'2025_09_05_114733_create_user_activity_tables',1),(13,'2025_09_25_093540_create_returns_tables',1),(14,'2025_09_27_112651_add_currency_columns_to_orders_table',1),(15,'2025_09_28_093601_create_administrative_division_tables',1),(16,'2025_09_28_093638_refactor_user_addresses_table',1),(17,'2025_09_28_094552_create_shipper_and_logistics_tables',1),(18,'2025_09_28_095217_create_transactions_table',1),(19,'2025_09_30_050817_update_products_table_for_multilingual',1),(20,'2025_09_30_050852_update_categories_table_for_multilingual',1),(21,'2025_10_01_140841_make_first_last_name_nullable',1),(22,'2025_10_02_083017_add_provider_columns_to_users_table',1),(23,'2025_10_05_094941_create_analytics_reports_table',1),(24,'2025_10_05_094953_create_user_events_table',1),(25,'2025_10_05_162424_update_brands_description_to_text',1),(26,'2025_10_08_164546_update_orders_status_to_enum',1),(27,'2025_10_08_181019_update_orders_payment_status_to_enum',1),(28,'2025_10_08_182125_update_returns_status_to_enum',1),(29,'2025_10_08_182850_update_products_status_to_enum',1),(30,'2025_10_08_183016_update_disputes_status_to_enum',1),(31,'2025_10_09_155048_update_orders_status_for_logistics',1),(32,'2025_10_09_155203_create_review_media_table',1),(33,'2025_10_09_155226_create_shipper_ratings_table',1),(34,'2025_10_09_155252_update_products_table_for_inventory',1),(35,'2025_10_09_155404_create_international_addresses_table',1),(36,'2025_10_09_155436_enhance_promotions_table',1),(37,'2025_10_09_155521_create_shops_table',1),(38,'2025_10_09_155548_create_wishlists_table',1),(39,'2025_10_09_155604_create_wishlist_items_table',1),(40,'2025_10_09_155633_create_product_questions_table',1),(41,'2025_10_09_155653_create_product_answers_table',1),(42,'2025_10_09_155739_add_shop_id_to_products_table',1),(43,'2025_10_09_171739_create_flash_sale_events_table',1),(44,'2025_10_09_171921_create_flash_sale_products_table',1),(45,'2025_10_15_145455_create_inventory_logs_table',1),(46,'2025_10_18_190703_create_promotion_templates_table',1),(47,'2025_10_18_190719_create_promotion_audit_logs_table',1),(48,'2025_10_18_190744_create_promotion_performance_metrics_table',1),(49,'2025_10_18_190934_create_customer_segments_table',1),(50,'2025_10_18_190942_create_customer_segment_membership_table',1),(51,'2025_10_19_110000_add_selection_rules_to_promotions_table',1),(52,'2025_10_19_110010_create_promotion_imports_table',1),(53,'2025_10_19_120500_create_seller_promotion_wallets_and_participation_tables',1),(54,'2025_10_19_184238_create_promotion_pivot_tables',1),(55,'2025_10_19_184843_add_sku_to_products_table',1);
/*!40000 ALTER TABLE `migrations` ENABLE KEYS */;
UNLOCK TABLES;

--
-- Table structure for table `notifications`
--

DROP TABLE IF EXISTS `notifications`;
/*!40101 SET @saved_cs_client     = @@character_set_client */;
/*!50503 SET character_set_client = utf8mb4 */;
CREATE TABLE `notifications` (
  `notification_id` bigint(20) unsigned NOT NULL AUTO_INCREMENT,
  `user_id` bigint(20) unsigned NOT NULL,
  `title` varchar(200) NOT NULL,
  `content` text NOT NULL,
  `type` tinyint(4) NOT NULL COMMENT 'e.g., OrderUpdate, Promotion, System',
  `is_read` tinyint(1) NOT NULL DEFAULT 0,
  `notifiable_type` varchar(255) NOT NULL,
  `notifiable_id` bigint(20) unsigned NOT NULL,
  `action_url` varchar(500) DEFAULT NULL,
  `read_at` timestamp NULL DEFAULT NULL,
  `created_at` timestamp NULL DEFAULT NULL,
  `updated_at` timestamp NULL DEFAULT NULL,
  PRIMARY KEY (`notification_id`),
  KEY `notifications_user_id_foreign` (`user_id`),
  KEY `notifications_notifiable_type_notifiable_id_index` (`notifiable_type`,`notifiable_id`),
  CONSTRAINT `notifications_user_id_foreign` FOREIGN KEY (`user_id`) REFERENCES `users` (`id`) ON DELETE CASCADE
) ENGINE=InnoDB DEFAULT CHARSET=utf8mb4 COLLATE=utf8mb4_unicode_ci;
/*!40101 SET character_set_client = @saved_cs_client */;

--
-- Dumping data for table `notifications`
--

LOCK TABLES `notifications` WRITE;
/*!40000 ALTER TABLE `notifications` DISABLE KEYS */;
/*!40000 ALTER TABLE `notifications` ENABLE KEYS */;
UNLOCK TABLES;

--
-- Table structure for table `order_items`
--

DROP TABLE IF EXISTS `order_items`;
/*!40101 SET @saved_cs_client     = @@character_set_client */;
/*!50503 SET character_set_client = utf8mb4 */;
CREATE TABLE `order_items` (
  `order_item_id` bigint(20) unsigned NOT NULL AUTO_INCREMENT,
  `order_id` bigint(20) unsigned NOT NULL,
  `variant_id` bigint(20) unsigned NOT NULL,
  `quantity` int(11) NOT NULL,
  `unit_price` decimal(18,2) NOT NULL,
  `total_price` decimal(18,2) NOT NULL,
  `created_at` timestamp NULL DEFAULT NULL,
  `updated_at` timestamp NULL DEFAULT NULL,
  PRIMARY KEY (`order_item_id`),
  KEY `order_items_order_id_foreign` (`order_id`),
  KEY `order_items_variant_id_foreign` (`variant_id`),
  CONSTRAINT `order_items_order_id_foreign` FOREIGN KEY (`order_id`) REFERENCES `orders` (`order_id`) ON DELETE CASCADE,
  CONSTRAINT `order_items_variant_id_foreign` FOREIGN KEY (`variant_id`) REFERENCES `product_variants` (`variant_id`) ON DELETE CASCADE
) ENGINE=InnoDB AUTO_INCREMENT=624 DEFAULT CHARSET=utf8mb4 COLLATE=utf8mb4_unicode_ci;
/*!40101 SET character_set_client = @saved_cs_client */;

--
-- Dumping data for table `order_items`
--

LOCK TABLES `order_items` WRITE;
/*!40000 ALTER TABLE `order_items` DISABLE KEYS */;
INSERT INTO `order_items` VALUES (1,1,66,1,40844928.00,40844928.00,NULL,NULL),(2,1,58,1,23140548.00,23140548.00,NULL,NULL),(3,1,7,1,9841832.00,9841832.00,NULL,NULL),(4,2,84,3,27314010.00,81942030.00,NULL,NULL),(5,3,98,1,37057872.00,37057872.00,NULL,NULL),(6,4,39,1,49584889.00,49584889.00,NULL,NULL),(7,4,116,2,22713774.00,45427548.00,NULL,NULL),(8,5,94,3,46143076.00,138429228.00,NULL,NULL),(9,6,29,1,778234.00,778234.00,NULL,NULL),(10,6,143,1,8317455.00,8317455.00,NULL,NULL),(11,7,139,2,8322901.00,16645802.00,NULL,NULL),(12,7,130,1,15628283.00,15628283.00,NULL,NULL),(13,7,11,2,37174781.00,74349562.00,NULL,NULL),(14,8,78,3,48688267.00,146064801.00,NULL,NULL),(15,8,80,3,40068262.00,120204786.00,NULL,NULL),(16,8,130,2,15628283.00,31256566.00,NULL,NULL),(17,9,109,1,47973199.00,47973199.00,NULL,NULL),(18,9,135,1,41490791.00,41490791.00,NULL,NULL),(19,10,63,3,31034370.00,93103110.00,NULL,NULL),(20,10,100,3,9114899.00,27344697.00,NULL,NULL),(21,10,16,2,42750715.00,85501430.00,NULL,NULL),(22,11,134,3,43130626.00,129391878.00,NULL,NULL),(23,11,21,2,41497289.00,82994578.00,NULL,NULL),(24,11,130,3,15628283.00,46884849.00,NULL,NULL),(25,11,101,3,42323933.00,126971799.00,NULL,NULL),(26,12,108,3,45030513.00,135091539.00,NULL,NULL),(27,12,50,2,15158030.00,30316060.00,NULL,NULL),(28,13,68,3,42542018.00,127626054.00,NULL,NULL),(29,14,157,3,37423653.00,112270959.00,NULL,NULL),(30,14,75,2,464601.00,929202.00,NULL,NULL),(31,15,148,3,22109851.00,66329553.00,NULL,NULL),(32,16,14,2,44718660.00,89437320.00,NULL,NULL),(33,16,13,2,30211413.00,60422826.00,NULL,NULL),(34,16,120,2,47776522.00,95553044.00,NULL,NULL),(35,17,74,1,14429832.00,14429832.00,NULL,NULL),(36,18,41,2,40468978.00,80937956.00,NULL,NULL),(37,18,58,1,23140548.00,23140548.00,NULL,NULL),(38,18,23,3,23777974.00,71333922.00,NULL,NULL),(39,19,49,2,42573197.00,85146394.00,NULL,NULL),(40,19,143,3,8317455.00,24952365.00,NULL,NULL),(41,19,93,2,34498918.00,68997836.00,NULL,NULL),(42,20,96,1,48049143.00,48049143.00,NULL,NULL),(43,21,66,2,40844928.00,81689856.00,NULL,NULL),(44,21,132,2,37346081.00,74692162.00,NULL,NULL),(45,21,9,3,4940847.00,14822541.00,NULL,NULL),(46,22,139,3,8322901.00,24968703.00,NULL,NULL),(47,22,59,3,19250885.00,57752655.00,NULL,NULL),(48,23,131,2,14696120.00,29392240.00,NULL,NULL),(49,24,99,3,28358634.00,85075902.00,NULL,NULL),(50,24,97,3,2452785.00,7358355.00,NULL,NULL),(51,25,54,2,19037510.00,38075020.00,NULL,NULL),(52,26,62,3,27949351.00,83848053.00,NULL,NULL),(53,26,99,3,28358634.00,85075902.00,NULL,NULL),(54,27,101,2,42323933.00,84647866.00,NULL,NULL),(55,27,129,2,35066208.00,70132416.00,NULL,NULL),(56,28,32,3,32673758.00,98021274.00,NULL,NULL),(57,28,86,3,37297165.00,111891495.00,NULL,NULL),(58,28,138,2,27933729.00,55867458.00,NULL,NULL),(59,29,10,2,23831829.00,47663658.00,NULL,NULL),(60,29,77,2,357592.00,715184.00,NULL,NULL),(61,29,45,2,41106019.00,82212038.00,NULL,NULL),(62,29,39,2,49584889.00,99169778.00,NULL,NULL),(63,30,141,3,38709064.00,116127192.00,NULL,NULL),(64,31,100,3,9114899.00,27344697.00,NULL,NULL),(65,31,65,1,45701545.00,45701545.00,NULL,NULL),(66,32,59,3,19250885.00,57752655.00,NULL,NULL),(67,32,6,2,46164521.00,92329042.00,NULL,NULL),(68,33,122,1,21399876.00,21399876.00,NULL,NULL),(69,33,39,3,49584889.00,148754667.00,NULL,NULL),(70,33,85,1,32531900.00,32531900.00,NULL,NULL),(71,34,66,2,40844928.00,81689856.00,NULL,NULL),(72,34,60,3,32865326.00,98595978.00,NULL,NULL),(73,35,49,3,42573197.00,127719591.00,NULL,NULL),(74,36,124,2,39153185.00,78306370.00,NULL,NULL),(75,37,110,3,38710170.00,116130510.00,NULL,NULL),(76,38,135,3,41490791.00,124472373.00,NULL,NULL),(77,39,78,2,48688267.00,97376534.00,NULL,NULL),(78,39,24,1,29680276.00,29680276.00,NULL,NULL),(79,40,63,3,31034370.00,93103110.00,NULL,NULL),(80,40,122,1,21399876.00,21399876.00,NULL,NULL),(81,40,93,2,34498918.00,68997836.00,NULL,NULL),(82,40,27,2,11266281.00,22532562.00,NULL,NULL),(83,41,22,1,10339434.00,10339434.00,NULL,NULL),(84,42,80,3,40068262.00,120204786.00,NULL,NULL),(85,42,9,1,4940847.00,4940847.00,NULL,NULL),(86,42,83,3,34727278.00,104181834.00,NULL,NULL),(87,43,96,2,48049143.00,96098286.00,NULL,NULL),(88,43,80,2,40068262.00,80136524.00,NULL,NULL),(89,44,74,2,14429832.00,28859664.00,NULL,NULL),(90,44,100,1,9114899.00,9114899.00,NULL,NULL),(91,45,12,3,37734417.00,113203251.00,NULL,NULL),(92,46,73,1,13446951.00,13446951.00,NULL,NULL),(93,47,146,2,7103690.00,14207380.00,NULL,NULL),(94,47,92,2,10067897.00,20135794.00,NULL,NULL),(95,48,124,1,39153185.00,39153185.00,NULL,NULL),(96,49,81,3,16376414.00,49129242.00,NULL,NULL),(97,50,27,1,11266281.00,11266281.00,NULL,NULL),(98,51,2,1,20036986.00,20036986.00,NULL,NULL),(99,51,55,3,5305828.00,15917484.00,NULL,NULL),(100,52,14,3,44718660.00,134155980.00,NULL,NULL),(101,52,49,3,42573197.00,127719591.00,NULL,NULL),(102,53,45,1,41106019.00,41106019.00,NULL,NULL),(103,53,73,2,13446951.00,26893902.00,NULL,NULL),(104,54,38,1,24394845.00,24394845.00,NULL,NULL),(105,54,151,1,36545312.00,36545312.00,NULL,NULL),(106,54,51,3,33765304.00,101295912.00,NULL,NULL),(107,55,19,3,13974536.00,41923608.00,NULL,NULL),(108,56,11,3,37174781.00,111524343.00,NULL,NULL),(109,56,20,2,29568984.00,59137968.00,NULL,NULL),(110,56,69,2,27050414.00,54100828.00,NULL,NULL),(111,57,84,1,27314010.00,27314010.00,NULL,NULL),(112,57,152,1,47177318.00,47177318.00,NULL,NULL),(113,58,156,3,25556596.00,76669788.00,NULL,NULL),(114,58,7,2,9841832.00,19683664.00,NULL,NULL),(115,59,108,3,45030513.00,135091539.00,NULL,NULL),(116,60,129,2,35066208.00,70132416.00,NULL,NULL),(117,60,50,2,15158030.00,30316060.00,NULL,NULL),(118,61,21,3,41497289.00,124491867.00,NULL,NULL),(119,61,20,2,29568984.00,59137968.00,NULL,NULL),(120,61,119,2,23254022.00,46508044.00,NULL,NULL),(121,61,46,2,40904355.00,81808710.00,NULL,NULL),(122,62,64,3,11508467.00,34525401.00,NULL,NULL),(123,62,57,3,12107589.00,36322767.00,NULL,NULL),(124,63,157,3,37423653.00,112270959.00,NULL,NULL),(125,63,1,3,34052260.00,102156780.00,NULL,NULL),(126,63,116,1,22713774.00,22713774.00,NULL,NULL),(127,64,107,3,11196364.00,33589092.00,NULL,NULL),(128,64,30,2,46829326.00,93658652.00,NULL,NULL),(129,64,72,3,40374158.00,121122474.00,NULL,NULL),(130,65,16,1,42750715.00,42750715.00,NULL,NULL),(131,65,3,3,27384222.00,82152666.00,NULL,NULL),(132,66,156,3,25556596.00,76669788.00,NULL,NULL),(133,66,131,1,14696120.00,14696120.00,NULL,NULL),(134,67,55,1,5305828.00,5305828.00,NULL,NULL),(135,67,138,3,27933729.00,83801187.00,NULL,NULL),(136,68,4,3,44617237.00,133851711.00,NULL,NULL),(137,68,23,3,23777974.00,71333922.00,NULL,NULL),(138,68,71,1,37830703.00,37830703.00,NULL,NULL),(139,68,13,3,30211413.00,90634239.00,NULL,NULL),(140,69,155,1,31497773.00,31497773.00,NULL,NULL),(141,69,155,3,31497773.00,94493319.00,NULL,NULL),(142,70,97,1,2452785.00,2452785.00,NULL,NULL),(143,70,14,2,44718660.00,89437320.00,NULL,NULL),(144,71,72,2,40374158.00,80748316.00,NULL,NULL),(145,71,67,1,25953253.00,25953253.00,NULL,NULL),(146,71,31,1,5566214.00,5566214.00,NULL,NULL),(147,72,133,1,9447360.00,9447360.00,NULL,NULL),(148,72,153,3,17544823.00,52634469.00,NULL,NULL),(149,73,73,2,13446951.00,26893902.00,NULL,NULL),(150,73,61,3,47542431.00,142627293.00,NULL,NULL),(151,74,28,3,16640976.00,49922928.00,NULL,NULL),(152,74,41,2,40468978.00,80937956.00,NULL,NULL),(153,75,133,1,9447360.00,9447360.00,NULL,NULL),(154,75,143,3,8317455.00,24952365.00,NULL,NULL),(155,76,107,2,11196364.00,22392728.00,NULL,NULL),(156,76,127,2,25110445.00,50220890.00,NULL,NULL),(157,76,136,1,47791454.00,47791454.00,NULL,NULL),(158,77,31,1,5566214.00,5566214.00,NULL,NULL),(159,78,59,1,19250885.00,19250885.00,NULL,NULL),(160,78,9,1,4940847.00,4940847.00,NULL,NULL),(161,78,120,2,47776522.00,95553044.00,NULL,NULL),(162,79,14,2,44718660.00,89437320.00,NULL,NULL),(163,80,151,2,36545312.00,73090624.00,NULL,NULL),(164,80,151,3,36545312.00,109635936.00,NULL,NULL),(165,80,112,2,15811330.00,31622660.00,NULL,NULL),(166,80,30,1,46829326.00,46829326.00,NULL,NULL),(167,81,123,3,45902375.00,137707125.00,NULL,NULL),(168,81,3,1,27384222.00,27384222.00,NULL,NULL),(169,81,149,1,22626202.00,22626202.00,NULL,NULL),(170,81,115,3,43595814.00,130787442.00,NULL,NULL),(171,82,126,1,41167252.00,41167252.00,NULL,NULL),(172,83,104,1,26713042.00,26713042.00,NULL,NULL),(173,83,95,2,41875659.00,83751318.00,NULL,NULL),(174,84,143,3,8317455.00,24952365.00,NULL,NULL),(175,85,56,1,28298063.00,28298063.00,NULL,NULL),(176,85,73,1,13446951.00,13446951.00,NULL,NULL),(177,85,75,2,464601.00,929202.00,NULL,NULL),(178,86,94,1,46143076.00,46143076.00,NULL,NULL),(179,87,122,3,21399876.00,64199628.00,NULL,NULL),(180,87,154,3,2381002.00,7143006.00,NULL,NULL),(181,88,82,1,496151.00,496151.00,NULL,NULL),(182,88,20,3,29568984.00,88706952.00,NULL,NULL),(183,88,15,2,27463490.00,54926980.00,NULL,NULL),(184,89,65,1,45701545.00,45701545.00,NULL,NULL),(185,90,8,3,11798642.00,35395926.00,NULL,NULL),(186,90,70,2,27858764.00,55717528.00,NULL,NULL),(187,91,13,2,30211413.00,60422826.00,NULL,NULL),(188,91,121,2,19066744.00,38133488.00,NULL,NULL),(189,91,76,2,40629660.00,81259320.00,NULL,NULL),(190,92,93,3,34498918.00,103496754.00,NULL,NULL),(191,93,59,3,19250885.00,57752655.00,NULL,NULL),(192,94,22,3,10339434.00,31018302.00,NULL,NULL),(193,94,152,2,47177318.00,94354636.00,NULL,NULL),(194,94,141,2,38709064.00,77418128.00,NULL,NULL),(195,95,14,2,44718660.00,89437320.00,NULL,NULL),(196,95,32,2,32673758.00,65347516.00,NULL,NULL),(197,95,103,2,44389075.00,88778150.00,NULL,NULL),(198,96,104,2,26713042.00,53426084.00,NULL,NULL),(199,97,9,2,4940847.00,9881694.00,NULL,NULL),(200,97,73,1,13446951.00,13446951.00,NULL,NULL),(201,97,57,3,12107589.00,36322767.00,NULL,NULL),(202,98,20,1,29568984.00,29568984.00,NULL,NULL),(203,98,106,2,42521774.00,85043548.00,NULL,NULL),(204,98,92,3,10067897.00,30203691.00,NULL,NULL),(205,99,2,1,20036986.00,20036986.00,NULL,NULL),(206,99,108,3,45030513.00,135091539.00,NULL,NULL),(207,99,8,3,11798642.00,35395926.00,NULL,NULL),(208,100,122,2,21399876.00,42799752.00,NULL,NULL),(209,100,36,3,34708530.00,104125590.00,NULL,NULL),(210,101,13,3,30211413.00,90634239.00,NULL,NULL),(211,102,33,1,34659592.00,34659592.00,NULL,NULL),(212,103,101,1,42323933.00,42323933.00,NULL,NULL),(213,104,136,2,47791454.00,95582908.00,NULL,NULL),(214,104,44,3,46216194.00,138648582.00,NULL,NULL),(215,104,113,3,19369120.00,58107360.00,NULL,NULL),(216,105,10,3,23831829.00,71495487.00,NULL,NULL),(217,105,34,3,15066131.00,45198393.00,NULL,NULL),(218,106,59,2,19250885.00,38501770.00,NULL,NULL),(219,106,114,3,49682202.00,149046606.00,NULL,NULL),(220,106,81,3,16376414.00,49129242.00,NULL,NULL),(221,106,100,2,9114899.00,18229798.00,NULL,NULL),(222,107,87,1,37782598.00,37782598.00,NULL,NULL),(223,107,52,2,48650582.00,97301164.00,NULL,NULL),(224,108,73,3,13446951.00,40340853.00,NULL,NULL),(225,108,112,2,15811330.00,31622660.00,NULL,NULL),(226,109,1,1,34052260.00,34052260.00,NULL,NULL),(227,110,128,1,39424259.00,39424259.00,NULL,NULL),(228,111,5,1,40403926.00,40403926.00,NULL,NULL),(229,111,59,2,19250885.00,38501770.00,NULL,NULL),(230,112,34,3,15066131.00,45198393.00,NULL,NULL),(231,112,42,1,27596281.00,27596281.00,NULL,NULL),(232,112,71,2,37830703.00,75661406.00,NULL,NULL),(233,113,77,3,357592.00,1072776.00,NULL,NULL),(234,113,128,3,39424259.00,118272777.00,NULL,NULL),(235,114,99,3,28358634.00,85075902.00,NULL,NULL),(236,114,152,3,47177318.00,141531954.00,NULL,NULL),(237,114,58,2,23140548.00,46281096.00,NULL,NULL),(238,115,144,2,44407090.00,88814180.00,NULL,NULL),(239,115,136,2,47791454.00,95582908.00,NULL,NULL),(240,115,70,1,27858764.00,27858764.00,NULL,NULL),(241,116,53,1,36855408.00,36855408.00,NULL,NULL),(242,117,42,1,27596281.00,27596281.00,NULL,NULL),(243,118,29,3,778234.00,2334702.00,NULL,NULL),(244,118,154,3,2381002.00,7143006.00,NULL,NULL),(245,118,140,3,48467086.00,145401258.00,NULL,NULL),(246,118,38,1,24394845.00,24394845.00,NULL,NULL),(247,119,102,2,31402842.00,62805684.00,NULL,NULL),(248,119,78,1,48688267.00,48688267.00,NULL,NULL),(249,120,11,2,37174781.00,74349562.00,NULL,NULL),(250,121,82,1,496151.00,496151.00,NULL,NULL),(251,121,102,2,31402842.00,62805684.00,NULL,NULL),(252,122,144,1,44407090.00,44407090.00,NULL,NULL),(253,123,148,2,22109851.00,44219702.00,NULL,NULL),(254,123,19,2,13974536.00,27949072.00,NULL,NULL),(255,124,123,3,45902375.00,137707125.00,NULL,NULL),(256,124,78,3,48688267.00,146064801.00,NULL,NULL),(257,125,149,2,22626202.00,45252404.00,NULL,NULL),(258,125,3,3,27384222.00,82152666.00,NULL,NULL),(259,125,142,3,1538119.00,4614357.00,NULL,NULL),(260,126,96,1,48049143.00,48049143.00,NULL,NULL),(261,127,4,1,44617237.00,44617237.00,NULL,NULL),(262,127,144,2,44407090.00,88814180.00,NULL,NULL),(263,128,107,2,11196364.00,22392728.00,NULL,NULL),(264,129,37,2,33953704.00,67907408.00,NULL,NULL),(265,129,100,1,9114899.00,9114899.00,NULL,NULL),(266,129,43,2,40935392.00,81870784.00,NULL,NULL),(267,130,28,3,16640976.00,49922928.00,NULL,NULL),(268,130,65,1,45701545.00,45701545.00,NULL,NULL),(269,130,151,2,36545312.00,73090624.00,NULL,NULL),(270,130,43,3,40935392.00,122806176.00,NULL,NULL),(271,131,17,3,8316158.00,24948474.00,NULL,NULL),(272,131,98,1,37057872.00,37057872.00,NULL,NULL),(273,132,137,2,38701545.00,77403090.00,NULL,NULL),(274,133,129,2,35066208.00,70132416.00,NULL,NULL),(275,133,65,1,45701545.00,45701545.00,NULL,NULL),(276,134,94,1,46143076.00,46143076.00,NULL,NULL),(277,134,53,1,36855408.00,36855408.00,NULL,NULL),(278,135,3,3,27384222.00,82152666.00,NULL,NULL),(279,136,137,2,38701545.00,77403090.00,NULL,NULL),(280,136,17,2,8316158.00,16632316.00,NULL,NULL),(281,137,11,2,37174781.00,74349562.00,NULL,NULL),(282,138,85,1,32531900.00,32531900.00,NULL,NULL),(283,138,88,2,42146759.00,84293518.00,NULL,NULL),(284,138,138,3,27933729.00,83801187.00,NULL,NULL),(285,139,59,2,19250885.00,38501770.00,NULL,NULL),(286,139,105,3,10953047.00,32859141.00,NULL,NULL),(287,139,115,3,43595814.00,130787442.00,NULL,NULL),(288,139,54,3,19037510.00,57112530.00,NULL,NULL),(289,140,64,1,11508467.00,11508467.00,NULL,NULL),(290,140,33,2,34659592.00,69319184.00,NULL,NULL),(291,140,77,2,357592.00,715184.00,NULL,NULL),(292,141,155,3,31497773.00,94493319.00,NULL,NULL),(293,141,66,2,40844928.00,81689856.00,NULL,NULL),(294,141,33,2,34659592.00,69319184.00,NULL,NULL),(295,142,107,2,11196364.00,22392728.00,NULL,NULL),(296,143,19,1,13974536.00,13974536.00,NULL,NULL),(297,144,76,1,40629660.00,40629660.00,NULL,NULL),(298,144,28,2,16640976.00,33281952.00,NULL,NULL),(299,145,76,2,40629660.00,81259320.00,NULL,NULL),(300,145,43,1,40935392.00,40935392.00,NULL,NULL),(301,146,133,1,9447360.00,9447360.00,NULL,NULL),(302,147,117,3,20846466.00,62539398.00,NULL,NULL),(303,147,58,1,23140548.00,23140548.00,NULL,NULL),(304,147,43,2,40935392.00,81870784.00,NULL,NULL),(305,148,22,1,10339434.00,10339434.00,NULL,NULL),(306,148,47,1,20639283.00,20639283.00,NULL,NULL),(307,148,107,1,11196364.00,11196364.00,NULL,NULL),(308,148,15,2,27463490.00,54926980.00,NULL,NULL),(309,149,46,2,40904355.00,81808710.00,NULL,NULL),(310,149,157,3,37423653.00,112270959.00,NULL,NULL),(311,149,28,3,16640976.00,49922928.00,NULL,NULL),(312,150,13,1,30211413.00,30211413.00,NULL,NULL),(313,150,75,2,464601.00,929202.00,NULL,NULL),(314,151,23,1,23777974.00,23777974.00,NULL,NULL),(315,151,117,1,20846466.00,20846466.00,NULL,NULL),(316,151,118,1,15521719.00,15521719.00,NULL,NULL),(317,152,100,1,9114899.00,9114899.00,NULL,NULL),(318,152,43,1,40935392.00,40935392.00,NULL,NULL),(319,152,60,2,32865326.00,65730652.00,NULL,NULL),(320,152,151,2,36545312.00,73090624.00,NULL,NULL),(321,153,65,2,45701545.00,91403090.00,NULL,NULL),(322,153,10,2,23831829.00,47663658.00,NULL,NULL),(323,154,155,1,31497773.00,31497773.00,NULL,NULL),(324,155,101,3,42323933.00,126971799.00,NULL,NULL),(325,155,134,1,43130626.00,43130626.00,NULL,NULL),(326,155,59,2,19250885.00,38501770.00,NULL,NULL),(327,155,121,3,19066744.00,57200232.00,NULL,NULL),(328,156,99,1,28358634.00,28358634.00,NULL,NULL),(329,157,157,2,37423653.00,74847306.00,NULL,NULL),(330,157,36,2,34708530.00,69417060.00,NULL,NULL),(331,157,96,2,48049143.00,96098286.00,NULL,NULL),(332,158,76,3,40629660.00,121888980.00,NULL,NULL),(333,158,18,2,3040876.00,6081752.00,NULL,NULL),(334,159,43,1,40935392.00,40935392.00,NULL,NULL),(335,159,100,1,9114899.00,9114899.00,NULL,NULL),(336,160,59,2,19250885.00,38501770.00,NULL,NULL),(337,160,30,1,46829326.00,46829326.00,NULL,NULL),(338,161,145,1,11392864.00,11392864.00,NULL,NULL),(339,161,82,2,496151.00,992302.00,NULL,NULL),(340,161,152,3,47177318.00,141531954.00,NULL,NULL),(341,162,84,2,27314010.00,54628020.00,NULL,NULL),(342,162,46,1,40904355.00,40904355.00,NULL,NULL),(343,162,30,3,46829326.00,140487978.00,NULL,NULL),(344,162,55,2,5305828.00,10611656.00,NULL,NULL),(345,163,16,1,42750715.00,42750715.00,NULL,NULL),(346,164,22,2,10339434.00,20678868.00,NULL,NULL),(347,165,135,2,41490791.00,82981582.00,NULL,NULL),(348,166,36,3,34708530.00,104125590.00,NULL,NULL),(349,166,40,1,25526455.00,25526455.00,NULL,NULL),(350,167,14,1,44718660.00,44718660.00,NULL,NULL),(351,168,61,1,47542431.00,47542431.00,NULL,NULL),(352,168,55,1,5305828.00,5305828.00,NULL,NULL),(353,168,54,1,19037510.00,19037510.00,NULL,NULL),(354,169,123,2,45902375.00,91804750.00,NULL,NULL),(355,170,123,2,45902375.00,91804750.00,NULL,NULL),(356,170,121,2,19066744.00,38133488.00,NULL,NULL),(357,170,74,1,14429832.00,14429832.00,NULL,NULL),(358,171,98,3,37057872.00,111173616.00,NULL,NULL),(359,172,149,1,22626202.00,22626202.00,NULL,NULL),(360,172,92,2,10067897.00,20135794.00,NULL,NULL),(361,172,58,3,23140548.00,69421644.00,NULL,NULL),(362,172,139,3,8322901.00,24968703.00,NULL,NULL),(363,173,82,1,496151.00,496151.00,NULL,NULL),(364,174,129,1,35066208.00,35066208.00,NULL,NULL),(365,174,89,3,49060018.00,147180054.00,NULL,NULL),(366,175,3,3,27384222.00,82152666.00,NULL,NULL),(367,176,34,2,15066131.00,30132262.00,NULL,NULL),(368,176,49,1,42573197.00,42573197.00,NULL,NULL),(369,176,70,3,27858764.00,83576292.00,NULL,NULL),(370,177,65,3,45701545.00,137104635.00,NULL,NULL),(371,177,43,3,40935392.00,122806176.00,NULL,NULL),(372,177,75,2,464601.00,929202.00,NULL,NULL),(373,177,89,1,49060018.00,49060018.00,NULL,NULL),(374,178,15,3,27463490.00,82390470.00,NULL,NULL),(375,178,155,2,31497773.00,62995546.00,NULL,NULL),(376,179,141,1,38709064.00,38709064.00,NULL,NULL),(377,179,34,2,15066131.00,30132262.00,NULL,NULL),(378,179,72,1,40374158.00,40374158.00,NULL,NULL),(379,180,12,3,37734417.00,113203251.00,NULL,NULL),(380,180,155,3,31497773.00,94493319.00,NULL,NULL),(381,180,30,1,46829326.00,46829326.00,NULL,NULL),(382,181,49,3,42573197.00,127719591.00,NULL,NULL),(383,181,133,2,9447360.00,18894720.00,NULL,NULL),(384,182,32,3,32673758.00,98021274.00,NULL,NULL),(385,182,101,3,42323933.00,126971799.00,NULL,NULL),(386,183,62,1,27949351.00,27949351.00,NULL,NULL),(387,184,42,2,27596281.00,55192562.00,NULL,NULL),(388,185,105,1,10953047.00,10953047.00,NULL,NULL),(389,186,155,3,31497773.00,94493319.00,NULL,NULL),(390,186,130,3,15628283.00,46884849.00,NULL,NULL),(391,187,82,3,496151.00,1488453.00,NULL,NULL),(392,187,146,2,7103690.00,14207380.00,NULL,NULL),(393,188,133,1,9447360.00,9447360.00,NULL,NULL),(394,189,38,2,24394845.00,48789690.00,NULL,NULL),(395,189,32,2,32673758.00,65347516.00,NULL,NULL),(396,190,51,2,33765304.00,67530608.00,NULL,NULL),(397,190,21,1,41497289.00,41497289.00,NULL,NULL),(398,191,48,3,8192479.00,24577437.00,NULL,NULL),(399,191,122,3,21399876.00,64199628.00,NULL,NULL),(400,192,25,1,3441314.00,3441314.00,NULL,NULL),(401,193,20,3,29568984.00,88706952.00,NULL,NULL),(402,193,139,3,8322901.00,24968703.00,NULL,NULL),(403,193,128,2,39424259.00,78848518.00,NULL,NULL),(404,194,130,1,15628283.00,15628283.00,NULL,NULL),(405,194,82,2,496151.00,992302.00,NULL,NULL),(406,195,60,1,32865326.00,32865326.00,NULL,NULL),(407,195,39,3,49584889.00,148754667.00,NULL,NULL),(408,196,135,2,41490791.00,82981582.00,NULL,NULL),(409,196,37,2,33953704.00,67907408.00,NULL,NULL),(410,197,121,2,19066744.00,38133488.00,NULL,NULL),(411,198,49,1,42573197.00,42573197.00,NULL,NULL),(412,199,32,2,32673758.00,65347516.00,NULL,NULL),(413,199,47,2,20639283.00,41278566.00,NULL,NULL),(414,200,149,2,22626202.00,45252404.00,NULL,NULL),(415,200,25,1,3441314.00,3441314.00,NULL,NULL),(416,200,77,1,357592.00,357592.00,NULL,NULL),(417,200,109,3,47973199.00,143919597.00,NULL,NULL),(418,201,59,3,19250885.00,57752655.00,NULL,NULL),(419,201,110,2,38710170.00,77420340.00,NULL,NULL),(420,202,63,1,31034370.00,31034370.00,NULL,NULL),(421,202,91,3,29150492.00,87451476.00,NULL,NULL),(422,203,131,3,14696120.00,44088360.00,NULL,NULL),(423,204,126,3,41167252.00,123501756.00,NULL,NULL),(424,205,22,3,10339434.00,31018302.00,NULL,NULL),(425,206,84,2,27314010.00,54628020.00,NULL,NULL),(426,206,131,2,14696120.00,29392240.00,NULL,NULL),(427,206,33,3,34659592.00,103978776.00,NULL,NULL),(428,207,151,2,36545312.00,73090624.00,NULL,NULL),(429,207,37,1,33953704.00,33953704.00,NULL,NULL),(430,207,51,1,33765304.00,33765304.00,NULL,NULL),(431,208,13,3,30211413.00,90634239.00,NULL,NULL),(432,208,135,1,41490791.00,41490791.00,NULL,NULL),(433,209,103,2,44389075.00,88778150.00,NULL,NULL),(434,209,50,2,15158030.00,30316060.00,NULL,NULL),(435,209,40,2,25526455.00,51052910.00,NULL,NULL),(436,209,145,1,11392864.00,11392864.00,NULL,NULL),(437,210,13,1,30211413.00,30211413.00,NULL,NULL),(438,210,105,3,10953047.00,32859141.00,NULL,NULL),(439,210,53,3,36855408.00,110566224.00,NULL,NULL),(440,211,131,2,14696120.00,29392240.00,NULL,NULL),(441,211,69,2,27050414.00,54100828.00,NULL,NULL),(442,212,104,2,26713042.00,53426084.00,NULL,NULL),(443,212,147,1,8870024.00,8870024.00,NULL,NULL),(444,212,125,3,40276523.00,120829569.00,NULL,NULL),(445,213,144,3,44407090.00,133221270.00,NULL,NULL),(446,213,80,2,40068262.00,80136524.00,NULL,NULL),(447,213,61,1,47542431.00,47542431.00,NULL,NULL),(448,214,124,3,39153185.00,117459555.00,NULL,NULL),(449,215,53,1,36855408.00,36855408.00,NULL,NULL),(450,215,8,2,11798642.00,23597284.00,NULL,NULL),(451,216,72,2,40374158.00,80748316.00,NULL,NULL),(452,217,140,1,48467086.00,48467086.00,NULL,NULL),(453,217,36,2,34708530.00,69417060.00,NULL,NULL),(454,217,10,1,23831829.00,23831829.00,NULL,NULL),(455,218,61,2,47542431.00,95084862.00,NULL,NULL),(456,218,120,2,47776522.00,95553044.00,NULL,NULL),(457,219,117,1,20846466.00,20846466.00,NULL,NULL),(458,219,62,2,27949351.00,55898702.00,NULL,NULL),(459,220,116,1,22713774.00,22713774.00,NULL,NULL),(460,220,69,1,27050414.00,27050414.00,NULL,NULL),(461,221,27,1,11266281.00,11266281.00,NULL,NULL),(462,222,11,3,37174781.00,111524343.00,NULL,NULL),(463,223,74,3,14429832.00,43289496.00,NULL,NULL),(464,223,18,1,3040876.00,3040876.00,NULL,NULL),(465,224,46,2,40904355.00,81808710.00,NULL,NULL),(466,224,144,3,44407090.00,133221270.00,NULL,NULL),(467,224,81,1,16376414.00,16376414.00,NULL,NULL),(468,225,50,3,15158030.00,45474090.00,NULL,NULL),(469,225,71,3,37830703.00,113492109.00,NULL,NULL),(470,225,157,3,37423653.00,112270959.00,NULL,NULL),(471,226,4,3,44617237.00,133851711.00,NULL,NULL),(472,226,122,2,21399876.00,42799752.00,NULL,NULL),(473,226,102,2,31402842.00,62805684.00,NULL,NULL),(474,226,125,2,40276523.00,80553046.00,NULL,NULL),(475,227,103,2,44389075.00,88778150.00,NULL,NULL),(476,228,152,1,47177318.00,47177318.00,NULL,NULL),(477,228,126,2,41167252.00,82334504.00,NULL,NULL),(478,229,135,3,41490791.00,124472373.00,NULL,NULL),(479,230,99,3,28358634.00,85075902.00,NULL,NULL),(480,230,146,3,7103690.00,21311070.00,NULL,NULL),(481,230,1,3,34052260.00,102156780.00,NULL,NULL),(482,231,6,1,46164521.00,46164521.00,NULL,NULL),(483,232,56,1,28298063.00,28298063.00,NULL,NULL),(484,232,128,2,39424259.00,78848518.00,NULL,NULL),(485,232,48,1,8192479.00,8192479.00,NULL,NULL),(486,233,115,1,43595814.00,43595814.00,NULL,NULL),(487,234,89,2,49060018.00,98120036.00,NULL,NULL),(488,234,132,1,37346081.00,37346081.00,NULL,NULL),(489,234,62,2,27949351.00,55898702.00,NULL,NULL),(490,234,55,1,5305828.00,5305828.00,NULL,NULL),(491,235,43,1,40935392.00,40935392.00,NULL,NULL),(492,235,16,3,42750715.00,128252145.00,NULL,NULL),(493,236,133,2,9447360.00,18894720.00,NULL,NULL),(494,237,152,1,47177318.00,47177318.00,NULL,NULL),(495,238,150,2,27457041.00,54914082.00,NULL,NULL),(496,238,126,3,41167252.00,123501756.00,NULL,NULL),(497,239,140,2,48467086.00,96934172.00,NULL,NULL),(498,239,64,2,11508467.00,23016934.00,NULL,NULL),(499,240,89,2,49060018.00,98120036.00,NULL,NULL),(500,240,86,3,37297165.00,111891495.00,NULL,NULL),(501,240,58,3,23140548.00,69421644.00,NULL,NULL),(502,241,29,1,778234.00,778234.00,NULL,NULL),(503,241,38,3,24394845.00,73184535.00,NULL,NULL),(504,242,71,1,37830703.00,37830703.00,NULL,NULL),(505,243,22,2,10339434.00,20678868.00,NULL,NULL),(506,243,97,3,2452785.00,7358355.00,NULL,NULL),(507,244,31,2,5566214.00,11132428.00,NULL,NULL),(508,244,93,2,34498918.00,68997836.00,NULL,NULL),(509,245,80,2,40068262.00,80136524.00,NULL,NULL),(510,245,13,3,30211413.00,90634239.00,NULL,NULL),(511,246,43,1,40935392.00,40935392.00,NULL,NULL),(512,246,147,1,8870024.00,8870024.00,NULL,NULL),(513,246,24,1,29680276.00,29680276.00,NULL,NULL),(514,247,12,3,37734417.00,113203251.00,NULL,NULL),(515,247,149,2,22626202.00,45252404.00,NULL,NULL),(516,247,114,3,49682202.00,149046606.00,NULL,NULL),(517,248,141,2,38709064.00,77418128.00,NULL,NULL),(518,248,66,1,40844928.00,40844928.00,NULL,NULL),(519,248,150,2,27457041.00,54914082.00,NULL,NULL),(520,249,5,1,40403926.00,40403926.00,NULL,NULL),(521,249,154,1,2381002.00,2381002.00,NULL,NULL),(522,249,108,2,45030513.00,90061026.00,NULL,NULL),(523,250,69,3,27050414.00,81151242.00,NULL,NULL),(524,251,108,2,45030513.00,90061026.00,NULL,NULL),(525,251,40,2,25526455.00,51052910.00,NULL,NULL),(526,252,38,2,24394845.00,48789690.00,NULL,NULL),(527,252,45,3,41106019.00,123318057.00,NULL,NULL),(528,252,27,3,11266281.00,33798843.00,NULL,NULL),(529,253,144,3,44407090.00,133221270.00,NULL,NULL),(530,253,51,2,33765304.00,67530608.00,NULL,NULL),(531,254,61,3,47542431.00,142627293.00,NULL,NULL),(532,255,151,1,36545312.00,36545312.00,NULL,NULL),(533,255,119,3,23254022.00,69762066.00,NULL,NULL),(534,256,28,2,16640976.00,33281952.00,NULL,NULL),(535,256,54,2,19037510.00,38075020.00,NULL,NULL),(536,257,123,2,45902375.00,91804750.00,NULL,NULL),(537,257,118,1,15521719.00,15521719.00,NULL,NULL),(538,257,128,3,39424259.00,118272777.00,NULL,NULL),(539,257,73,1,13446951.00,13446951.00,NULL,NULL),(540,258,155,3,31497773.00,94493319.00,NULL,NULL),(541,258,117,1,20846466.00,20846466.00,NULL,NULL),(542,258,92,2,10067897.00,20135794.00,NULL,NULL),(543,259,68,1,42542018.00,42542018.00,NULL,NULL),(544,259,96,1,48049143.00,48049143.00,NULL,NULL),(545,259,74,2,14429832.00,28859664.00,NULL,NULL),(546,260,77,2,357592.00,715184.00,NULL,NULL),(547,260,78,2,48688267.00,97376534.00,NULL,NULL),(548,261,37,2,33953704.00,67907408.00,NULL,NULL),(549,261,92,2,10067897.00,20135794.00,NULL,NULL),(550,262,156,3,25556596.00,76669788.00,NULL,NULL),(551,263,71,1,37830703.00,37830703.00,NULL,NULL),(552,263,80,3,40068262.00,120204786.00,NULL,NULL),(553,264,47,2,20639283.00,41278566.00,NULL,NULL),(554,264,100,3,9114899.00,27344697.00,NULL,NULL),(555,264,39,2,49584889.00,99169778.00,NULL,NULL),(556,264,41,1,40468978.00,40468978.00,NULL,NULL),(557,265,149,3,22626202.00,67878606.00,NULL,NULL),(558,265,113,3,19369120.00,58107360.00,NULL,NULL),(559,266,94,2,46143076.00,92286152.00,NULL,NULL),(560,266,146,1,7103690.00,7103690.00,NULL,NULL),(561,267,138,1,27933729.00,27933729.00,NULL,NULL),(562,267,61,1,47542431.00,47542431.00,NULL,NULL),(563,268,69,2,27050414.00,54100828.00,NULL,NULL),(564,268,100,1,9114899.00,9114899.00,NULL,NULL),(565,268,77,2,357592.00,715184.00,NULL,NULL),(566,269,48,2,8192479.00,16384958.00,NULL,NULL),(567,269,22,2,10339434.00,20678868.00,NULL,NULL),(568,270,112,1,15811330.00,15811330.00,NULL,NULL),(569,270,155,3,31497773.00,94493319.00,NULL,NULL),(570,271,17,2,8316158.00,16632316.00,NULL,NULL),(571,271,117,2,20846466.00,41692932.00,NULL,NULL),(572,271,150,2,27457041.00,54914082.00,NULL,NULL),(573,272,51,1,33765304.00,33765304.00,NULL,NULL),(574,273,60,1,32865326.00,32865326.00,NULL,NULL),(575,273,23,1,23777974.00,23777974.00,NULL,NULL),(576,273,41,3,40468978.00,121406934.00,NULL,NULL),(577,274,133,3,9447360.00,28342080.00,NULL,NULL),(578,274,84,3,27314010.00,81942030.00,NULL,NULL),(579,274,130,1,15628283.00,15628283.00,NULL,NULL),(580,275,137,3,38701545.00,116104635.00,NULL,NULL),(581,275,106,3,42521774.00,127565322.00,NULL,NULL),(582,276,114,3,49682202.00,149046606.00,NULL,NULL),(583,277,9,2,4940847.00,9881694.00,NULL,NULL),(584,278,139,2,8322901.00,16645802.00,NULL,NULL),(585,278,38,1,24394845.00,24394845.00,NULL,NULL),(586,279,60,3,32865326.00,98595978.00,NULL,NULL),(587,279,90,2,8652797.00,17305594.00,NULL,NULL),(588,280,117,2,20846466.00,41692932.00,NULL,NULL),(589,280,135,2,41490791.00,82981582.00,NULL,NULL),(590,281,2,3,20036986.00,60110958.00,NULL,NULL),(591,281,152,1,47177318.00,47177318.00,NULL,NULL),(592,282,156,2,25556596.00,51113192.00,NULL,NULL),(593,282,64,2,11508467.00,23016934.00,NULL,NULL),(594,282,95,2,41875659.00,83751318.00,NULL,NULL),(595,283,90,2,8652797.00,17305594.00,NULL,NULL),(596,283,42,2,27596281.00,55192562.00,NULL,NULL),(597,283,153,2,17544823.00,35089646.00,NULL,NULL),(598,283,62,3,27949351.00,83848053.00,NULL,NULL),(599,284,44,2,46216194.00,92432388.00,NULL,NULL),(600,285,140,2,48467086.00,96934172.00,NULL,NULL),(601,286,44,2,46216194.00,92432388.00,NULL,NULL),(602,287,80,2,40068262.00,80136524.00,NULL,NULL),(603,287,15,2,27463490.00,54926980.00,NULL,NULL),(604,288,45,1,41106019.00,41106019.00,NULL,NULL),(605,289,18,1,3040876.00,3040876.00,NULL,NULL),(606,290,104,1,26713042.00,26713042.00,NULL,NULL),(607,290,16,3,42750715.00,128252145.00,NULL,NULL),(608,291,77,1,357592.00,357592.00,NULL,NULL),(609,292,131,1,14696120.00,14696120.00,NULL,NULL),(610,292,107,1,11196364.00,11196364.00,NULL,NULL),(611,292,3,1,27384222.00,27384222.00,NULL,NULL),(612,292,48,3,8192479.00,24577437.00,NULL,NULL),(613,293,63,3,31034370.00,93103110.00,NULL,NULL),(614,293,57,2,12107589.00,24215178.00,NULL,NULL),(615,294,14,1,44718660.00,44718660.00,NULL,NULL),(616,294,28,2,16640976.00,33281952.00,NULL,NULL),(617,294,35,2,33378639.00,66757278.00,NULL,NULL),(618,295,126,1,41167252.00,41167252.00,NULL,NULL),(619,295,75,2,464601.00,929202.00,NULL,NULL),(620,295,107,2,11196364.00,22392728.00,NULL,NULL),(621,296,122,1,21399876.00,21399876.00,NULL,NULL),(622,297,99,1,28358634.00,28358634.00,NULL,NULL),(623,297,16,2,42750715.00,85501430.00,NULL,NULL);
/*!40000 ALTER TABLE `order_items` ENABLE KEYS */;
UNLOCK TABLES;

--
-- Table structure for table `order_promotion`
--

DROP TABLE IF EXISTS `order_promotion`;
/*!40101 SET @saved_cs_client     = @@character_set_client */;
/*!50503 SET character_set_client = utf8mb4 */;
CREATE TABLE `order_promotion` (
  `order_id` bigint(20) unsigned NOT NULL,
  `promotion_id` bigint(20) unsigned NOT NULL,
  `discount_applied` decimal(18,2) NOT NULL,
  PRIMARY KEY (`order_id`,`promotion_id`),
  KEY `order_promotion_promotion_id_foreign` (`promotion_id`),
  CONSTRAINT `order_promotion_order_id_foreign` FOREIGN KEY (`order_id`) REFERENCES `orders` (`order_id`) ON DELETE CASCADE,
  CONSTRAINT `order_promotion_promotion_id_foreign` FOREIGN KEY (`promotion_id`) REFERENCES `promotions` (`promotion_id`) ON DELETE CASCADE
) ENGINE=InnoDB DEFAULT CHARSET=utf8mb4 COLLATE=utf8mb4_unicode_ci;
/*!40101 SET character_set_client = @saved_cs_client */;

--
-- Dumping data for table `order_promotion`
--

LOCK TABLES `order_promotion` WRITE;
/*!40000 ALTER TABLE `order_promotion` DISABLE KEYS */;
INSERT INTO `order_promotion` VALUES (12,10,261.76),(27,1,18031.00),(29,14,55.10),(39,1,18031.00),(52,2,347.78),(54,14,246.22),(55,1,18031.00),(61,4,74070.00),(62,10,83.71),(70,14,10.89),(77,14,37.72),(87,10,274.46),(96,2,328.18),(100,1,18031.00),(111,14,167.05),(112,1,18031.00),(117,13,446.52),(120,13,193.62),(135,2,99.64),(142,1,18031.00),(143,10,68.27),(149,1,18031.00),(161,10,239.43),(171,14,239.66),(189,14,191.58),(196,13,430.78),(204,13,404.45),(207,1,18031.00),(224,14,221.10),(233,4,74070.00),(240,4,74070.00),(264,4,74070.00),(271,14,23.56),(272,2,126.64),(277,2,370.98),(278,4,74070.00),(280,4,74070.00),(287,10,218.94);
/*!40000 ALTER TABLE `order_promotion` ENABLE KEYS */;
UNLOCK TABLES;

--
-- Table structure for table `orders`
--

DROP TABLE IF EXISTS `orders`;
/*!40101 SET @saved_cs_client     = @@character_set_client */;
/*!50503 SET character_set_client = utf8mb4 */;
CREATE TABLE `orders` (
  `order_id` bigint(20) unsigned NOT NULL AUTO_INCREMENT,
  `customer_id` bigint(20) unsigned NOT NULL,
  `order_number` varchar(50) NOT NULL,
  `sub_total` decimal(18,2) NOT NULL,
  `shipping_fee` decimal(18,2) NOT NULL DEFAULT 0.00,
  `discount_amount` decimal(18,2) NOT NULL DEFAULT 0.00,
  `total_amount` decimal(18,2) NOT NULL,
  `status` enum('pending_confirmation','processing','pending_assignment','assigned_to_shipper','delivering','delivered','completed','cancelled','returned') NOT NULL DEFAULT 'pending_confirmation',
  `currency` varchar(3) NOT NULL DEFAULT 'VND' COMMENT 'Mã tiền tệ của đơn hàng (VND, USD, etc.)',
  `exchange_rate` decimal(12,6) NOT NULL DEFAULT 1.000000 COMMENT 'Tỉ giá so với đơn vị tiền tệ cơ sở tại thời điểm đặt hàng',
  `total_amount_base` decimal(18,2) DEFAULT NULL COMMENT 'Tổng giá trị đơn hàng đã quy đổi về đơn vị tiền tệ cơ sở (e.g., USD)',
  `payment_method` tinyint(4) NOT NULL COMMENT 'e.g., 1:COD, 2:Bank Transfer, 3:Online Gateway',
  `payment_status` enum('unpaid','paid','failed','refunded') NOT NULL DEFAULT 'unpaid',
  `payment_transaction_id` varchar(500) DEFAULT NULL,
  `shipping_address_id` bigint(20) unsigned DEFAULT NULL,
  `notes` text DEFAULT NULL,
  `shipped_at` timestamp NULL DEFAULT NULL,
  `delivered_at` timestamp NULL DEFAULT NULL,
  `created_at` timestamp NULL DEFAULT NULL,
  `updated_at` timestamp NULL DEFAULT NULL,
  `deleted_at` timestamp NULL DEFAULT NULL,
  `shipper_id` bigint(20) unsigned DEFAULT NULL,
  PRIMARY KEY (`order_id`),
  UNIQUE KEY `orders_order_number_unique` (`order_number`),
  KEY `orders_customer_id_foreign` (`customer_id`),
  KEY `orders_shipping_address_id_foreign` (`shipping_address_id`),
  KEY `orders_shipper_id_foreign` (`shipper_id`),
  CONSTRAINT `orders_customer_id_foreign` FOREIGN KEY (`customer_id`) REFERENCES `users` (`id`),
  CONSTRAINT `orders_shipper_id_foreign` FOREIGN KEY (`shipper_id`) REFERENCES `users` (`id`),
  CONSTRAINT `orders_shipping_address_id_foreign` FOREIGN KEY (`shipping_address_id`) REFERENCES `user_addresses` (`id`) ON DELETE SET NULL
) ENGINE=InnoDB AUTO_INCREMENT=298 DEFAULT CHARSET=utf8mb4 COLLATE=utf8mb4_unicode_ci;
/*!40101 SET character_set_client = @saved_cs_client */;

--
-- Dumping data for table `orders`
--

LOCK TABLES `orders` WRITE;
/*!40000 ALTER TABLE `orders` DISABLE KEYS */;
INSERT INTO `orders` VALUES (1,22,'ORD-44592027',482.00,18.93,0.00,500.93,'delivering','USD',1.000000,500.93,1,'paid',NULL,1,'At quo corrupti odio sit sit vero similique.',NULL,NULL,'2025-10-19 11:49:19','2025-10-19 11:49:19',NULL,NULL),(2,22,'ORD-60434178',1912.44,6.59,0.00,1919.03,'pending_confirmation','USD',1.000000,1919.03,2,'failed',NULL,1,'Cumque nostrum nihil veritatis quidem voluptatem.',NULL,NULL,'2025-10-19 11:49:19','2025-10-19 11:49:19',NULL,NULL),(3,23,'ORD-52970127',1239.79,27.43,0.00,1267.22,'delivering','USD',1.000000,1267.22,3,'paid',NULL,2,'Eaque minus quis magnam molestias nesciunt.',NULL,NULL,'2025-10-19 11:49:19','2025-10-19 11:49:19',NULL,NULL),(4,23,'ORD-55199890',804.39,37.43,0.00,841.82,'delivering','USD',1.000000,841.82,2,'refunded',NULL,2,'Est itaque at molestiae consequatur nihil rerum.',NULL,NULL,'2025-10-19 11:49:19','2025-10-19 11:49:19',NULL,NULL),(5,24,'ORD-1770497',1806.82,12.83,0.00,1819.65,'delivering','USD',1.000000,1819.65,3,'paid',NULL,3,'Consequuntur suscipit ullam repudiandae dignissimos et et.',NULL,NULL,'2025-10-19 11:49:19','2025-10-19 11:49:19',NULL,NULL),(6,25,'ORD-80369330',1694.22,26.79,0.00,1721.01,'pending_confirmation','USD',1.000000,1721.01,1,'failed',NULL,4,'Dignissimos neque laborum non doloribus.',NULL,NULL,'2025-10-19 11:49:19','2025-10-19 11:49:19',NULL,NULL),(7,25,'ORD-57533489',1505.90,11.11,0.00,1517.01,'delivering','USD',1.000000,1517.01,1,'paid',NULL,4,'Officia voluptatem sed et reiciendis enim.',NULL,NULL,'2025-10-19 11:49:19','2025-10-19 11:49:19',NULL,NULL),(8,25,'ORD-27916583',1605.89,19.59,0.00,1625.48,'returned','USD',1.000000,1625.48,2,'paid',NULL,4,'Eaque deserunt dolores qui ipsam rerum.',NULL,NULL,'2025-10-19 11:49:19','2025-10-19 11:49:19',NULL,NULL),(9,26,'ORD-91534957',1334.79,14.68,0.00,1349.47,'assigned_to_shipper','USD',1.000000,1349.47,1,'unpaid',NULL,5,'Quisquam aut nulla occaecati eligendi inventore consequatur blanditiis dolorum.',NULL,NULL,'2025-10-19 11:49:19','2025-10-19 11:49:19',NULL,NULL),(10,27,'ORD-46224073',1440.00,15.23,0.00,1455.23,'cancelled','USD',1.000000,1455.23,1,'failed',NULL,6,'Placeat consequatur nihil vero.',NULL,NULL,'2025-10-19 11:49:19','2025-10-19 11:49:19',NULL,NULL),(11,27,'ORD-92407259',231.19,47.40,0.00,278.59,'returned','USD',1.000000,278.59,1,'failed',NULL,6,'Quos dicta laudantium quo aspernatur.',NULL,NULL,'2025-10-19 11:49:19','2025-10-19 11:49:19',NULL,NULL),(12,27,'ORD-66279476',1454.22,34.06,261.76,1226.52,'pending_assignment','USD',1.000000,1488.28,2,'paid',NULL,6,'Optio soluta voluptas adipisci soluta iste.',NULL,NULL,'2025-10-19 11:49:19','2025-10-19 11:49:22',NULL,NULL),(13,28,'ORD-15939422',673.20,22.08,0.00,695.28,'cancelled','USD',1.000000,695.28,1,'paid',NULL,7,'Autem quod voluptate debitis dolorem laboriosam quidem repellat provident.',NULL,NULL,'2025-10-19 11:49:19','2025-10-19 11:49:19',NULL,NULL),(14,28,'ORD-41016624',798.05,22.29,0.00,820.34,'assigned_to_shipper','USD',1.000000,820.34,1,'failed',NULL,7,'Soluta animi temporibus amet doloremque consequatur porro.',NULL,NULL,'2025-10-19 11:49:19','2025-10-19 11:49:19',NULL,NULL),(15,28,'ORD-79872344',951.68,45.80,0.00,997.48,'delivering','USD',1.000000,997.48,1,'unpaid',NULL,7,'Rerum perspiciatis culpa nemo.',NULL,NULL,'2025-10-19 11:49:19','2025-10-19 11:49:19',NULL,NULL),(16,28,'ORD-33271754',635.65,29.47,0.00,665.12,'cancelled','USD',1.000000,665.12,1,'paid',NULL,7,'Eveniet quam modi rem nulla.',NULL,NULL,'2025-10-19 11:49:19','2025-10-19 11:49:19',NULL,NULL),(17,28,'ORD-83838447',750.40,25.52,0.00,775.92,'assigned_to_shipper','USD',1.000000,775.92,2,'unpaid',NULL,7,'Iusto dolor neque vitae quisquam quia.',NULL,NULL,'2025-10-19 11:49:19','2025-10-19 11:49:19',NULL,NULL),(18,29,'ORD-2714711',1033.52,20.83,0.00,1054.35,'returned','USD',1.000000,1054.35,2,'unpaid',NULL,8,'Sed est ut qui dolores fugit.',NULL,NULL,'2025-10-19 11:49:19','2025-10-19 11:49:19',NULL,NULL),(19,29,'ORD-80796563',444.28,40.33,0.00,484.61,'cancelled','USD',1.000000,484.61,2,'unpaid',NULL,8,'Omnis qui suscipit consectetur est officia aliquam.',NULL,NULL,'2025-10-19 11:49:19','2025-10-19 11:49:19',NULL,NULL),(20,29,'ORD-50457391',429.10,12.39,0.00,441.49,'delivered','USD',1.000000,441.49,1,'paid',NULL,8,'Qui et eius ut hic voluptates.',NULL,NULL,'2025-10-19 11:49:19','2025-10-19 11:49:19',NULL,NULL),(21,30,'ORD-59720445',1584.96,25.92,0.00,1610.88,'processing','USD',1.000000,1610.88,3,'refunded',NULL,9,'Assumenda maiores magnam ea consequuntur voluptatum sed et eum.',NULL,NULL,'2025-10-19 11:49:19','2025-10-19 11:49:19',NULL,NULL),(22,30,'ORD-75640839',172.85,17.51,0.00,190.36,'returned','USD',1.000000,190.36,3,'refunded',NULL,9,'Perferendis excepturi non et ea.',NULL,NULL,'2025-10-19 11:49:19','2025-10-19 11:49:19',NULL,NULL),(23,30,'ORD-46688701',1687.72,23.25,0.00,1710.97,'delivered','USD',1.000000,1710.97,1,'paid',NULL,9,'Fugiat autem ab corporis ex reiciendis amet.',NULL,NULL,'2025-10-19 11:49:19','2025-10-19 11:49:19',NULL,NULL),(24,30,'ORD-26398379',668.53,33.38,0.00,701.91,'assigned_to_shipper','USD',1.000000,701.91,1,'paid',NULL,9,'Quos similique pariatur eius facere nostrum.',NULL,NULL,'2025-10-19 11:49:19','2025-10-19 11:49:19',NULL,NULL),(25,30,'ORD-2038614',1482.57,12.77,0.00,1495.34,'assigned_to_shipper','USD',1.000000,1495.34,1,'paid',NULL,9,'Nihil enim dolor occaecati facere.',NULL,NULL,'2025-10-19 11:49:19','2025-10-19 11:49:19',NULL,NULL),(26,31,'ORD-9455851',1462.77,6.06,0.00,1468.83,'returned','USD',1.000000,1468.83,3,'failed',NULL,10,'Eum aliquid sunt nisi et deleniti officiis aut.',NULL,NULL,'2025-10-19 11:49:19','2025-10-19 11:49:19',NULL,NULL),(27,31,'ORD-46508943',1183.89,19.22,18031.00,-16827.89,'pending_assignment','USD',1.000000,1203.11,3,'failed',NULL,10,'Consectetur impedit itaque laboriosam.',NULL,NULL,'2025-10-19 11:49:19','2025-10-19 11:49:22',NULL,NULL),(28,31,'ORD-92736059',910.43,14.31,0.00,924.74,'assigned_to_shipper','USD',1.000000,924.74,2,'unpaid',NULL,10,'Et eaque dolores debitis maiores inventore explicabo tempora.',NULL,NULL,'2025-10-19 11:49:19','2025-10-19 11:49:19',NULL,NULL),(29,31,'ORD-94588223',393.60,33.01,55.10,371.51,'cancelled','USD',1.000000,426.61,1,'failed',NULL,10,'Recusandae dolor tenetur iste facere nulla.',NULL,NULL,'2025-10-19 11:49:19','2025-10-19 11:49:22',NULL,NULL),(30,32,'ORD-57385038',348.61,29.33,0.00,377.94,'delivered','USD',1.000000,377.94,1,'paid',NULL,11,'Distinctio enim optio nemo aut in aut.',NULL,NULL,'2025-10-19 11:49:19','2025-10-19 11:49:19',NULL,NULL),(31,32,'ORD-72646152',1022.32,13.52,0.00,1035.84,'processing','USD',1.000000,1035.84,2,'paid',NULL,11,'Dolorum illum est possimus autem.',NULL,NULL,'2025-10-19 11:49:19','2025-10-19 11:49:19',NULL,NULL),(32,32,'ORD-13198863',1185.56,20.96,0.00,1206.52,'completed','USD',1.000000,1206.52,1,'paid',NULL,11,'Iusto ipsa consequatur laboriosam est sit ex.',NULL,NULL,'2025-10-19 11:49:19','2025-10-19 11:49:19',NULL,NULL),(33,33,'ORD-88056027',1854.62,26.72,0.00,1881.34,'assigned_to_shipper','USD',1.000000,1881.34,2,'refunded',NULL,12,'In unde adipisci necessitatibus in delectus enim veritatis repellendus.',NULL,NULL,'2025-10-19 11:49:19','2025-10-19 11:49:19',NULL,NULL),(34,33,'ORD-48656926',1326.99,24.72,0.00,1351.71,'assigned_to_shipper','USD',1.000000,1351.71,1,'unpaid',NULL,12,'Recusandae amet ea dolores deserunt molestiae beatae adipisci magnam.',NULL,NULL,'2025-10-19 11:49:19','2025-10-19 11:49:19',NULL,NULL),(35,34,'ORD-86439134',1921.91,14.94,0.00,1936.85,'delivered','USD',1.000000,1936.85,1,'paid',NULL,13,'Et esse ea soluta molestias natus.',NULL,NULL,'2025-10-19 11:49:19','2025-10-19 11:49:19',NULL,NULL),(36,35,'ORD-96728123',866.37,13.24,0.00,879.61,'completed','USD',1.000000,879.61,3,'unpaid',NULL,14,'Similique ullam atque modi quae.',NULL,NULL,'2025-10-19 11:49:19','2025-10-19 11:49:19',NULL,NULL),(37,35,'ORD-85476194',830.43,37.31,0.00,867.74,'pending_assignment','USD',1.000000,867.74,3,'refunded',NULL,14,'Quam excepturi quaerat possimus odit et sint velit.',NULL,NULL,'2025-10-19 11:49:19','2025-10-19 11:49:19',NULL,NULL),(38,36,'ORD-63288673',1530.78,47.69,0.00,1578.47,'pending_confirmation','USD',1.000000,1578.47,2,'unpaid',NULL,15,'Quam veniam magni harum aut voluptas repudiandae qui.',NULL,NULL,'2025-10-19 11:49:19','2025-10-19 11:49:19',NULL,NULL),(39,36,'ORD-39481582',1449.67,34.81,18031.00,-16546.52,'assigned_to_shipper','USD',1.000000,1484.48,2,'failed',NULL,15,'Eum aut sint consequatur quas esse voluptas.',NULL,NULL,'2025-10-19 11:49:19','2025-10-19 11:49:22',NULL,NULL),(40,36,'ORD-71741408',931.94,7.39,0.00,939.33,'pending_assignment','USD',1.000000,939.33,2,'refunded',NULL,15,'Cupiditate odio architecto praesentium dicta sit laborum neque sapiente.',NULL,NULL,'2025-10-19 11:49:19','2025-10-19 11:49:19',NULL,NULL),(41,36,'ORD-8577556',1815.65,9.28,0.00,1824.93,'pending_confirmation','USD',1.000000,1824.93,3,'refunded',NULL,15,'Et ut libero adipisci amet consequuntur odit perferendis.',NULL,NULL,'2025-10-19 11:49:19','2025-10-19 11:49:19',NULL,NULL),(42,37,'ORD-91513667',229.17,37.82,0.00,266.99,'pending_confirmation','USD',1.000000,266.99,1,'failed',NULL,16,'Aut aspernatur at eveniet dolores at ut veniam mollitia.',NULL,NULL,'2025-10-19 11:49:19','2025-10-19 11:49:19',NULL,NULL),(43,37,'ORD-23559263',1043.37,28.47,0.00,1071.84,'delivering','USD',1.000000,1071.84,3,'unpaid',NULL,16,'Sed nostrum officia illo aspernatur eaque error explicabo.',NULL,NULL,'2025-10-19 11:49:19','2025-10-19 11:49:19',NULL,NULL),(44,38,'ORD-31259802',659.94,19.35,0.00,679.29,'pending_assignment','USD',1.000000,679.29,3,'failed',NULL,17,'Repudiandae ut velit maiores.',NULL,NULL,'2025-10-19 11:49:19','2025-10-19 11:49:19',NULL,NULL),(45,38,'ORD-12887189',945.09,11.39,0.00,956.48,'pending_confirmation','USD',1.000000,956.48,1,'unpaid',NULL,17,'Dicta aspernatur nostrum omnis qui quam et.',NULL,NULL,'2025-10-19 11:49:19','2025-10-19 11:49:19',NULL,NULL),(46,38,'ORD-24433953',1775.28,21.22,0.00,1796.50,'returned','USD',1.000000,1796.50,2,'failed',NULL,17,'Laudantium rerum sed et qui alias et ab.',NULL,NULL,'2025-10-19 11:49:19','2025-10-19 11:49:19',NULL,NULL),(47,38,'ORD-99705082',1838.62,36.49,0.00,1875.11,'processing','USD',1.000000,1875.11,1,'paid',NULL,17,'Inventore facilis necessitatibus ratione id.',NULL,NULL,'2025-10-19 11:49:19','2025-10-19 11:49:19',NULL,NULL),(48,38,'ORD-57135248',783.86,26.94,0.00,810.80,'pending_assignment','USD',1.000000,810.80,1,'failed',NULL,17,'Accusamus ab ipsam earum facere sed omnis a.',NULL,NULL,'2025-10-19 11:49:19','2025-10-19 11:49:19',NULL,NULL),(49,39,'ORD-33098377',888.60,12.98,0.00,901.58,'completed','USD',1.000000,901.58,1,'failed',NULL,18,'Pariatur voluptatibus ducimus perspiciatis reiciendis minus itaque ipsum repellat.',NULL,NULL,'2025-10-19 11:49:19','2025-10-19 11:49:19',NULL,NULL),(50,39,'ORD-87253608',1254.19,22.52,0.00,1276.71,'delivered','USD',1.000000,1276.71,2,'failed',NULL,18,'Doloremque sit quos qui illum.',NULL,NULL,'2025-10-19 11:49:19','2025-10-19 11:49:19',NULL,NULL),(51,39,'ORD-84654070',410.72,48.44,0.00,459.16,'pending_confirmation','USD',1.000000,459.16,2,'paid',NULL,18,'Atque eligendi eos illo possimus.',NULL,NULL,'2025-10-19 11:49:19','2025-10-19 11:49:19',NULL,NULL),(52,40,'ORD-32274256',1580.80,5.94,347.78,1238.96,'returned','USD',1.000000,1586.74,2,'unpaid',NULL,19,'Incidunt dolorem est vel.',NULL,NULL,'2025-10-19 11:49:19','2025-10-19 11:49:22',NULL,NULL),(53,41,'ORD-55676936',597.94,9.10,0.00,607.04,'delivered','USD',1.000000,607.04,2,'failed',NULL,20,'Qui totam enim ut porro.',NULL,NULL,'2025-10-19 11:49:19','2025-10-19 11:49:19',NULL,NULL),(54,41,'ORD-91185222',1758.72,15.37,246.22,1527.87,'delivered','USD',1.000000,1774.09,3,'refunded',NULL,20,'Assumenda iure ab at consectetur.',NULL,NULL,'2025-10-19 11:49:19','2025-10-19 11:49:22',NULL,NULL),(55,42,'ORD-39353322',124.07,11.66,18031.00,-17895.27,'pending_assignment','USD',1.000000,135.73,2,'failed',NULL,21,'Debitis expedita repellat odit corporis similique.',NULL,NULL,'2025-10-19 11:49:19','2025-10-19 11:49:22',NULL,NULL),(56,43,'ORD-91548153',1960.74,39.46,0.00,2000.20,'assigned_to_shipper','USD',1.000000,2000.20,1,'failed',NULL,22,'Nihil voluptates accusamus voluptatum dolorem voluptatibus laudantium.',NULL,NULL,'2025-10-19 11:49:19','2025-10-19 11:49:19',NULL,NULL),(57,43,'ORD-41353433',1892.69,45.65,0.00,1938.34,'processing','USD',1.000000,1938.34,2,'unpaid',NULL,22,'Ab et ut pariatur at impedit voluptatibus est doloribus.',NULL,NULL,'2025-10-19 11:49:19','2025-10-19 11:49:19',NULL,NULL),(58,43,'ORD-25919212',283.43,28.12,0.00,311.55,'completed','USD',1.000000,311.55,1,'refunded',NULL,22,'Architecto provident soluta quis voluptas.',NULL,NULL,'2025-10-19 11:49:19','2025-10-19 11:49:19',NULL,NULL),(59,43,'ORD-43331977',1107.18,38.65,0.00,1145.83,'cancelled','USD',1.000000,1145.83,3,'unpaid',NULL,22,'Provident numquam est sint qui ipsam amet.',NULL,NULL,'2025-10-19 11:49:19','2025-10-19 11:49:19',NULL,NULL),(60,44,'ORD-60784746',1272.67,29.55,0.00,1302.22,'returned','USD',1.000000,1302.22,2,'paid',NULL,23,'Quis beatae nihil perferendis ad.',NULL,NULL,'2025-10-19 11:49:19','2025-10-19 11:49:19',NULL,NULL),(61,44,'ORD-8151344',1536.16,25.80,74070.00,-72508.04,'delivering','USD',1.000000,1561.96,3,'failed',NULL,23,'Inventore consequatur fuga ratione qui qui doloremque sint non.',NULL,NULL,'2025-10-19 11:49:19','2025-10-19 11:49:22',NULL,NULL),(62,45,'ORD-43461404',465.07,44.25,83.71,425.61,'pending_confirmation','USD',1.000000,509.32,2,'refunded',NULL,24,'Corporis doloribus qui ratione aliquam autem.',NULL,NULL,'2025-10-19 11:49:19','2025-10-19 11:49:22',NULL,NULL),(63,45,'ORD-27995933',1292.71,37.24,0.00,1329.95,'pending_confirmation','USD',1.000000,1329.95,1,'unpaid',NULL,24,'Asperiores porro ipsa ut aut odit qui nostrum.',NULL,NULL,'2025-10-19 11:49:19','2025-10-19 11:49:19',NULL,NULL),(64,46,'ORD-68566135',1039.30,27.03,0.00,1066.33,'delivering','USD',1.000000,1066.33,2,'paid',NULL,25,'Laborum quia consequuntur id perferendis et molestiae perspiciatis.',NULL,NULL,'2025-10-19 11:49:19','2025-10-19 11:49:19',NULL,NULL),(65,47,'ORD-70438573',1002.75,27.22,0.00,1029.97,'assigned_to_shipper','USD',1.000000,1029.97,1,'unpaid',NULL,26,'Harum suscipit illum non excepturi expedita quo ducimus modi.',NULL,NULL,'2025-10-19 11:49:19','2025-10-19 11:49:19',NULL,NULL),(66,47,'ORD-4947701',1165.54,17.06,0.00,1182.60,'delivering','USD',1.000000,1182.60,3,'failed',NULL,26,'Temporibus pariatur commodi magni veniam delectus quaerat.',NULL,NULL,'2025-10-19 11:49:19','2025-10-19 11:49:19',NULL,NULL),(67,47,'ORD-25529461',354.86,14.20,0.00,369.06,'returned','USD',1.000000,369.06,1,'failed',NULL,26,'Accusamus quis in molestias reprehenderit omnis doloribus.',NULL,NULL,'2025-10-19 11:49:19','2025-10-19 11:49:19',NULL,NULL),(68,47,'ORD-73246611',1616.15,32.46,0.00,1648.61,'delivering','USD',1.000000,1648.61,3,'unpaid',NULL,26,'Unde magni commodi consequuntur dolorem qui a vero.',NULL,NULL,'2025-10-19 11:49:19','2025-10-19 11:49:19',NULL,NULL),(69,47,'ORD-31391699',753.81,35.58,0.00,789.39,'pending_assignment','USD',1.000000,789.39,1,'unpaid',NULL,26,'Id aliquid corporis consequatur eum velit voluptatem aliquam.',NULL,NULL,'2025-10-19 11:49:19','2025-10-19 11:49:19',NULL,NULL),(70,48,'ORD-71956826',77.78,30.44,10.89,97.33,'delivered','USD',1.000000,108.22,3,'unpaid',NULL,27,'Quaerat consequuntur incidunt sequi ex.',NULL,NULL,'2025-10-19 11:49:19','2025-10-19 11:49:22',NULL,NULL),(71,48,'ORD-59291640',506.74,6.59,0.00,513.33,'cancelled','USD',1.000000,513.33,1,'paid',NULL,27,'Dolor nostrum at ut praesentium illum adipisci.',NULL,NULL,'2025-10-19 11:49:19','2025-10-19 11:49:19',NULL,NULL),(72,48,'ORD-6812655',442.29,14.82,0.00,457.11,'pending_confirmation','USD',1.000000,457.11,1,'unpaid',NULL,27,'Aut consequatur libero expedita modi magnam.',NULL,NULL,'2025-10-19 11:49:19','2025-10-19 11:49:19',NULL,NULL),(73,48,'ORD-5076844',1318.73,35.00,0.00,1353.73,'completed','USD',1.000000,1353.73,1,'unpaid',NULL,27,'Sunt deleniti quia culpa qui ex porro vel.',NULL,NULL,'2025-10-19 11:49:19','2025-10-19 11:49:19',NULL,NULL),(74,49,'ORD-42212610',316.25,31.23,0.00,347.48,'assigned_to_shipper','USD',1.000000,347.48,2,'paid',NULL,28,'Autem iure vel alias sit praesentium sint.',NULL,NULL,'2025-10-19 11:49:19','2025-10-19 11:49:19',NULL,NULL),(75,49,'ORD-13247481',705.26,11.08,0.00,716.34,'cancelled','USD',1.000000,716.34,2,'refunded',NULL,28,'Suscipit dolores ullam nisi velit aut esse qui.',NULL,NULL,'2025-10-19 11:49:19','2025-10-19 11:49:19',NULL,NULL),(76,49,'ORD-34453136',591.76,49.15,0.00,640.91,'delivering','USD',1.000000,640.91,1,'refunded',NULL,28,'Aut qui quae corporis aliquid deleniti.',NULL,NULL,'2025-10-19 11:49:19','2025-10-19 11:49:19',NULL,NULL),(77,49,'ORD-75003989',269.44,18.16,37.72,249.88,'assigned_to_shipper','USD',1.000000,287.60,1,'failed',NULL,28,'Et magni vel consectetur eligendi placeat dolore.',NULL,NULL,'2025-10-19 11:49:19','2025-10-19 11:49:22',NULL,NULL),(78,50,'ORD-33669695',899.81,41.06,0.00,940.87,'returned','USD',1.000000,940.87,2,'refunded',NULL,29,'Vitae dolorem aliquid ut enim illo consequuntur soluta aut.',NULL,NULL,'2025-10-19 11:49:19','2025-10-19 11:49:19',NULL,NULL),(79,50,'ORD-34412069',392.15,46.12,0.00,438.27,'pending_confirmation','USD',1.000000,438.27,3,'failed',NULL,29,'Soluta molestias recusandae quis enim tempore.',NULL,NULL,'2025-10-19 11:49:19','2025-10-19 11:49:19',NULL,NULL),(80,50,'ORD-19557318',1416.35,5.51,0.00,1421.86,'assigned_to_shipper','USD',1.000000,1421.86,3,'refunded',NULL,29,'Suscipit et non aut alias quibusdam et laboriosam.',NULL,NULL,'2025-10-19 11:49:19','2025-10-19 11:49:19',NULL,NULL),(81,51,'ORD-42198440',1325.22,10.26,0.00,1335.48,'delivering','USD',1.000000,1335.48,3,'unpaid',NULL,30,'Debitis voluptatem quia consequatur eaque est.',NULL,NULL,'2025-10-19 11:49:19','2025-10-19 11:49:19',NULL,NULL),(82,51,'ORD-73484255',1307.26,6.26,0.00,1313.52,'pending_assignment','USD',1.000000,1313.52,2,'unpaid',NULL,30,'Aut expedita doloribus adipisci nostrum.',NULL,NULL,'2025-10-19 11:49:19','2025-10-19 11:49:19',NULL,NULL),(83,52,'ORD-90803930',1647.93,19.10,0.00,1667.03,'delivered','USD',1.000000,1667.03,3,'failed',NULL,31,'Quia iste voluptatem minima non eos expedita.',NULL,NULL,'2025-10-19 11:49:19','2025-10-19 11:49:19',NULL,NULL),(84,52,'ORD-94337245',1454.83,32.01,0.00,1486.84,'assigned_to_shipper','USD',1.000000,1486.84,3,'paid',NULL,31,'Unde consequuntur aut consequatur beatae in animi molestiae.',NULL,NULL,'2025-10-19 11:49:19','2025-10-19 11:49:19',NULL,NULL),(85,52,'ORD-99395336',1876.50,7.95,0.00,1884.45,'pending_assignment','USD',1.000000,1884.45,2,'paid',NULL,31,'Alias ab animi est consequatur.',NULL,NULL,'2025-10-19 11:49:19','2025-10-19 11:49:19',NULL,NULL),(86,52,'ORD-65460469',354.21,28.58,0.00,382.79,'pending_confirmation','USD',1.000000,382.79,2,'unpaid',NULL,31,'Laborum nemo alias laborum occaecati molestiae.',NULL,NULL,'2025-10-19 11:49:19','2025-10-19 11:49:19',NULL,NULL),(87,53,'ORD-70755721',1524.80,19.92,274.46,1270.26,'pending_assignment','USD',1.000000,1544.72,2,'unpaid',NULL,32,'Autem quia temporibus earum dolorem facilis iusto.',NULL,NULL,'2025-10-19 11:49:19','2025-10-19 11:49:22',NULL,NULL),(88,53,'ORD-18022496',424.67,34.51,0.00,459.18,'delivering','USD',1.000000,459.18,3,'failed',NULL,32,'Voluptatem ab porro expedita aspernatur.',NULL,NULL,'2025-10-19 11:49:19','2025-10-19 11:49:19',NULL,NULL),(89,54,'ORD-29323482',456.18,17.56,0.00,473.74,'returned','USD',1.000000,473.74,3,'refunded',NULL,33,'Aut sequi commodi et consequuntur nesciunt maiores voluptate aut.',NULL,NULL,'2025-10-19 11:49:19','2025-10-19 11:49:19',NULL,NULL),(90,54,'ORD-81809318',1164.53,38.72,0.00,1203.25,'processing','USD',1.000000,1203.25,1,'paid',NULL,33,'Dolore est blanditiis quis esse dolores porro ad.',NULL,NULL,'2025-10-19 11:49:19','2025-10-19 11:49:19',NULL,NULL),(91,54,'ORD-76126817',864.66,19.82,0.00,884.48,'delivering','USD',1.000000,884.48,1,'refunded',NULL,33,'Quisquam debitis suscipit asperiores iste deleniti esse.',NULL,NULL,'2025-10-19 11:49:19','2025-10-19 11:49:19',NULL,NULL),(92,54,'ORD-58748482',1431.41,33.77,0.00,1465.18,'processing','USD',1.000000,1465.18,3,'refunded',NULL,33,'Animi voluptas dignissimos hic quo occaecati ratione rem dicta.',NULL,NULL,'2025-10-19 11:49:19','2025-10-19 11:49:19',NULL,NULL),(93,55,'ORD-55277757',222.94,41.39,0.00,264.33,'returned','USD',1.000000,264.33,3,'refunded',NULL,34,'Non dolor quam iste omnis et voluptates.',NULL,NULL,'2025-10-19 11:49:19','2025-10-19 11:49:19',NULL,NULL),(94,55,'ORD-63865605',1916.05,45.35,0.00,1961.40,'returned','USD',1.000000,1961.40,2,'unpaid',NULL,34,'Omnis voluptas veritatis optio eius.',NULL,NULL,'2025-10-19 11:49:19','2025-10-19 11:49:19',NULL,NULL),(95,55,'ORD-24760510',896.68,44.96,0.00,941.64,'pending_assignment','USD',1.000000,941.64,2,'failed',NULL,34,'Nihil in tempore est tempore commodi quas voluptatem.',NULL,NULL,'2025-10-19 11:49:19','2025-10-19 11:49:19',NULL,NULL),(96,56,'ORD-59687290',1491.73,46.59,328.18,1210.14,'completed','USD',1.000000,1538.32,2,'unpaid',NULL,35,'Minus quos eos possimus enim vitae omnis.',NULL,NULL,'2025-10-19 11:49:19','2025-10-19 11:49:22',NULL,NULL),(97,56,'ORD-30495467',1579.00,32.59,0.00,1611.59,'delivered','USD',1.000000,1611.59,1,'failed',NULL,35,'Quisquam in at numquam ut doloribus omnis.',NULL,NULL,'2025-10-19 11:49:19','2025-10-19 11:49:19',NULL,NULL),(98,56,'ORD-21931375',682.99,23.04,0.00,706.03,'assigned_to_shipper','USD',1.000000,706.03,2,'failed',NULL,35,'Earum nemo quidem ipsam.',NULL,NULL,'2025-10-19 11:49:19','2025-10-19 11:49:19',NULL,NULL),(99,56,'ORD-33948643',1984.95,31.62,0.00,2016.57,'pending_confirmation','USD',1.000000,2016.57,3,'paid',NULL,35,'Animi sequi quidem quis at velit eum.',NULL,NULL,'2025-10-19 11:49:19','2025-10-19 11:49:19',NULL,NULL),(100,57,'ORD-19064441',1951.53,16.94,18031.00,-16062.53,'returned','USD',1.000000,1968.47,3,'refunded',NULL,36,'Aliquam ut facere deserunt magnam sit omnis omnis consequuntur.',NULL,NULL,'2025-10-19 11:49:19','2025-10-19 11:49:22',NULL,NULL),(101,57,'ORD-83105074',850.32,39.22,0.00,889.54,'returned','USD',1.000000,889.54,1,'refunded',NULL,36,'Nesciunt aperiam nam asperiores consequatur quia.',NULL,NULL,'2025-10-19 11:49:19','2025-10-19 11:49:19',NULL,NULL),(102,58,'ORD-25389215',341.56,46.49,0.00,388.05,'returned','USD',1.000000,388.05,3,'failed',NULL,37,'Illum velit earum qui ullam natus.',NULL,NULL,'2025-10-19 11:49:19','2025-10-19 11:49:19',NULL,NULL),(103,58,'ORD-27627937',607.47,10.38,0.00,617.85,'processing','USD',1.000000,617.85,1,'paid',NULL,37,'Similique dolorem est dolores tempore quia quam dicta.',NULL,NULL,'2025-10-19 11:49:19','2025-10-19 11:49:19',NULL,NULL),(104,58,'ORD-85071279',1059.90,38.31,0.00,1098.21,'pending_assignment','USD',1.000000,1098.21,3,'refunded',NULL,37,'Quia et eum autem et dolor ea.',NULL,NULL,'2025-10-19 11:49:20','2025-10-19 11:49:20',NULL,NULL),(105,58,'ORD-43855276',333.59,43.18,0.00,376.77,'delivered','USD',1.000000,376.77,3,'unpaid',NULL,37,'Modi soluta accusamus omnis voluptatem qui omnis at.',NULL,NULL,'2025-10-19 11:49:20','2025-10-19 11:49:20',NULL,NULL),(106,58,'ORD-96071200',1866.97,5.46,0.00,1872.43,'assigned_to_shipper','USD',1.000000,1872.43,3,'unpaid',NULL,37,'Corporis aliquid aperiam est aspernatur illo.',NULL,NULL,'2025-10-19 11:49:20','2025-10-19 11:49:20',NULL,NULL),(107,59,'ORD-69765304',140.19,29.06,0.00,169.25,'completed','USD',1.000000,169.25,3,'unpaid',NULL,38,'Aut optio nemo tempora quae doloremque voluptatem velit nulla.',NULL,NULL,'2025-10-19 11:49:20','2025-10-19 11:49:20',NULL,NULL),(108,60,'ORD-38063080',319.22,33.88,0.00,353.10,'assigned_to_shipper','USD',1.000000,353.10,1,'unpaid',NULL,39,'Sed amet voluptates hic accusantium.',NULL,NULL,'2025-10-19 11:49:20','2025-10-19 11:49:20',NULL,NULL),(109,60,'ORD-41381755',1930.44,46.93,0.00,1977.37,'cancelled','USD',1.000000,1977.37,3,'refunded',NULL,39,'Ipsam ipsam omnis quas.',NULL,NULL,'2025-10-19 11:49:20','2025-10-19 11:49:20',NULL,NULL),(110,61,'ORD-72995262',1079.83,23.00,0.00,1102.83,'assigned_to_shipper','USD',1.000000,1102.83,2,'refunded',NULL,40,'Ratione et soluta aperiam architecto laudantium sed dolore.',NULL,NULL,'2025-10-19 11:49:20','2025-10-19 11:49:20',NULL,NULL),(111,61,'ORD-47593255',1193.20,40.39,167.05,1066.54,'returned','USD',1.000000,1233.59,3,'paid',NULL,40,'Quia occaecati mollitia repellendus dolorum.',NULL,NULL,'2025-10-19 11:49:20','2025-10-19 11:49:22',NULL,NULL),(112,61,'ORD-21609688',326.25,35.33,18031.00,-17669.42,'cancelled','USD',1.000000,361.58,1,'refunded',NULL,40,'Libero consequatur ipsa distinctio sint eius est architecto.',NULL,NULL,'2025-10-19 11:49:20','2025-10-19 11:49:22',NULL,NULL),(113,62,'ORD-99189243',1687.11,43.22,0.00,1730.33,'pending_confirmation','USD',1.000000,1730.33,2,'refunded',NULL,41,'Nulla sunt veniam voluptatibus voluptatem.',NULL,NULL,'2025-10-19 11:49:20','2025-10-19 11:49:20',NULL,NULL),(114,62,'ORD-46716444',1740.05,25.15,0.00,1765.20,'assigned_to_shipper','USD',1.000000,1765.20,1,'refunded',NULL,41,'Eligendi veniam dolorum ut.',NULL,NULL,'2025-10-19 11:49:20','2025-10-19 11:49:20',NULL,NULL),(115,63,'ORD-59068890',1557.35,34.24,0.00,1591.59,'pending_confirmation','USD',1.000000,1591.59,1,'paid',NULL,42,'Et ab velit blanditiis.',NULL,NULL,'2025-10-19 11:49:20','2025-10-19 11:49:20',NULL,NULL),(116,63,'ORD-26322260',1994.63,22.23,0.00,2016.86,'pending_confirmation','USD',1.000000,2016.86,2,'failed',NULL,42,'At atque cupiditate est quibusdam.',NULL,NULL,'2025-10-19 11:49:20','2025-10-19 11:49:20',NULL,NULL),(117,63,'ORD-98055407',1063.15,29.21,446.52,645.84,'pending_assignment','USD',1.000000,1092.36,3,'paid',NULL,42,'Qui nostrum dolorem optio repellat quia neque quas.',NULL,NULL,'2025-10-19 11:49:20','2025-10-19 11:49:22',NULL,NULL),(118,63,'ORD-27996006',335.26,5.34,0.00,340.60,'processing','USD',1.000000,340.60,2,'refunded',NULL,42,'Assumenda aut consectetur et officia dolor nisi.',NULL,NULL,'2025-10-19 11:49:20','2025-10-19 11:49:20',NULL,NULL),(119,63,'ORD-13885173',210.20,45.87,0.00,256.07,'returned','USD',1.000000,256.07,1,'unpaid',NULL,42,'Debitis et quibusdam ut tempore.',NULL,NULL,'2025-10-19 11:49:20','2025-10-19 11:49:20',NULL,NULL),(120,64,'ORD-60194129',461.01,27.17,193.62,294.56,'cancelled','USD',1.000000,488.18,3,'refunded',NULL,43,'Temporibus inventore itaque quis ut ut qui.',NULL,NULL,'2025-10-19 11:49:20','2025-10-19 11:49:22',NULL,NULL),(121,64,'ORD-87826334',1928.46,26.33,0.00,1954.79,'delivering','USD',1.000000,1954.79,3,'refunded',NULL,43,'Eum in porro quaerat voluptas.',NULL,NULL,'2025-10-19 11:49:20','2025-10-19 11:49:20',NULL,NULL),(122,64,'ORD-44158367',1569.26,47.78,0.00,1617.04,'assigned_to_shipper','USD',1.000000,1617.04,2,'unpaid',NULL,43,'Dolor assumenda nisi delectus.',NULL,NULL,'2025-10-19 11:49:20','2025-10-19 11:49:20',NULL,NULL),(123,64,'ORD-14022223',1070.24,20.60,0.00,1090.84,'delivering','USD',1.000000,1090.84,3,'paid',NULL,43,'Quasi ut neque eveniet sunt.',NULL,NULL,'2025-10-19 11:49:20','2025-10-19 11:49:20',NULL,NULL),(124,64,'ORD-51473224',1813.07,21.98,0.00,1835.05,'cancelled','USD',1.000000,1835.05,1,'failed',NULL,43,'Aut est enim inventore ipsam.',NULL,NULL,'2025-10-19 11:49:20','2025-10-19 11:49:20',NULL,NULL),(125,65,'ORD-6590045',661.56,25.28,0.00,686.84,'delivering','USD',1.000000,686.84,1,'paid',NULL,44,'Nemo excepturi alias suscipit vero.',NULL,NULL,'2025-10-19 11:49:20','2025-10-19 11:49:20',NULL,NULL),(126,66,'ORD-80364919',652.36,27.67,0.00,680.03,'delivered','USD',1.000000,680.03,1,'refunded',NULL,45,'Inventore culpa enim omnis quia esse vitae nisi eaque.',NULL,NULL,'2025-10-19 11:49:20','2025-10-19 11:49:20',NULL,NULL),(127,67,'ORD-55133085',1852.56,23.02,0.00,1875.58,'delivered','USD',1.000000,1875.58,1,'unpaid',NULL,46,'Totam possimus sed officia est ipsam voluptas.',NULL,NULL,'2025-10-19 11:49:20','2025-10-19 11:49:20',NULL,NULL),(128,67,'ORD-53646926',193.32,7.69,0.00,201.01,'processing','USD',1.000000,201.01,2,'paid',NULL,46,'Est aspernatur culpa nostrum aliquid.',NULL,NULL,'2025-10-19 11:49:20','2025-10-19 11:49:20',NULL,NULL),(129,67,'ORD-90185862',1431.80,18.00,0.00,1449.80,'processing','USD',1.000000,1449.80,2,'paid',NULL,46,'Est sed blanditiis nostrum et iusto.',NULL,NULL,'2025-10-19 11:49:20','2025-10-19 11:49:20',NULL,NULL),(130,67,'ORD-80986754',1072.23,48.88,0.00,1121.11,'returned','USD',1.000000,1121.11,3,'paid',NULL,46,'In autem sint et.',NULL,NULL,'2025-10-19 11:49:20','2025-10-19 11:49:20',NULL,NULL),(131,68,'ORD-126665',573.80,45.63,0.00,619.43,'completed','USD',1.000000,619.43,2,'refunded',NULL,47,'Eos doloribus voluptas perspiciatis nulla et consectetur saepe iure.',NULL,NULL,'2025-10-19 11:49:20','2025-10-19 11:49:20',NULL,NULL),(132,68,'ORD-36275660',1498.36,34.14,0.00,1532.50,'delivered','USD',1.000000,1532.50,2,'unpaid',NULL,47,'Non sed quibusdam omnis ad.',NULL,NULL,'2025-10-19 11:49:20','2025-10-19 11:49:20',NULL,NULL),(133,68,'ORD-45396891',1253.81,45.99,0.00,1299.80,'returned','USD',1.000000,1299.80,2,'unpaid',NULL,47,'Ut non et velit est illo.',NULL,NULL,'2025-10-19 11:49:20','2025-10-19 11:49:20',NULL,NULL),(134,68,'ORD-1509666',1385.83,6.22,0.00,1392.05,'completed','USD',1.000000,1392.05,3,'failed',NULL,47,'Enim et eum sunt tempore blanditiis voluptas magni.',NULL,NULL,'2025-10-19 11:49:20','2025-10-19 11:49:20',NULL,NULL),(135,68,'ORD-88870817',452.93,25.40,99.64,378.69,'delivered','USD',1.000000,478.33,3,'refunded',NULL,47,'Aliquam explicabo esse eum quo labore cupiditate ipsam.',NULL,NULL,'2025-10-19 11:49:20','2025-10-19 11:49:22',NULL,NULL),(136,69,'ORD-72718894',1971.13,26.93,0.00,1998.06,'pending_assignment','USD',1.000000,1998.06,2,'unpaid',NULL,48,'Est debitis vel deserunt totam pariatur officiis omnis.',NULL,NULL,'2025-10-19 11:49:20','2025-10-19 11:49:20',NULL,NULL),(137,70,'ORD-51906889',1497.40,40.94,0.00,1538.34,'pending_assignment','USD',1.000000,1538.34,3,'paid',NULL,49,'Dolorum inventore cupiditate porro sit.',NULL,NULL,'2025-10-19 11:49:20','2025-10-19 11:49:20',NULL,NULL),(138,71,'ORD-38240116',746.31,17.56,0.00,763.87,'delivering','USD',1.000000,763.87,1,'refunded',NULL,50,'Perferendis laborum culpa consequatur pariatur voluptatem et ducimus.',NULL,NULL,'2025-10-19 11:49:20','2025-10-19 11:49:20',NULL,NULL),(139,71,'ORD-27534563',1999.41,35.57,0.00,2034.98,'pending_assignment','USD',1.000000,2034.98,2,'refunded',NULL,50,'Quasi ut laboriosam et nam vel eos similique.',NULL,NULL,'2025-10-19 11:49:20','2025-10-19 11:49:20',NULL,NULL),(140,71,'ORD-78700378',342.97,15.94,0.00,358.91,'pending_assignment','USD',1.000000,358.91,3,'failed',NULL,50,'Voluptatem quo et odio sapiente neque cupiditate aliquam.',NULL,NULL,'2025-10-19 11:49:20','2025-10-19 11:49:20',NULL,NULL),(141,72,'ORD-66976852',728.16,22.86,0.00,751.02,'delivering','USD',1.000000,751.02,2,'unpaid',NULL,51,'Quos aut molestiae tempore dolores ut sunt ducimus.',NULL,NULL,'2025-10-19 11:49:20','2025-10-19 11:49:20',NULL,NULL),(142,73,'ORD-50472250',1307.57,17.25,18031.00,-16706.18,'returned','USD',1.000000,1324.82,2,'unpaid',NULL,52,'Perferendis reprehenderit debitis commodi eligendi sit.',NULL,NULL,'2025-10-19 11:49:20','2025-10-19 11:49:22',NULL,NULL),(143,73,'ORD-29147106',379.29,37.88,68.27,348.90,'returned','USD',1.000000,417.17,3,'refunded',NULL,52,'Perspiciatis non ut rem labore omnis repellat delectus.',NULL,NULL,'2025-10-19 11:49:20','2025-10-19 11:49:22',NULL,NULL),(144,74,'ORD-86037438',1687.42,6.08,0.00,1693.50,'pending_assignment','USD',1.000000,1693.50,3,'refunded',NULL,53,'Quia nihil quod temporibus ut.',NULL,NULL,'2025-10-19 11:49:20','2025-10-19 11:49:20',NULL,NULL),(145,75,'ORD-3787313',1750.63,27.87,0.00,1778.50,'delivering','USD',1.000000,1778.50,2,'refunded',NULL,54,'Qui dolor sint amet adipisci.',NULL,NULL,'2025-10-19 11:49:20','2025-10-19 11:49:20',NULL,NULL),(146,76,'ORD-7367763',1190.35,6.27,0.00,1196.62,'assigned_to_shipper','USD',1.000000,1196.62,1,'failed',NULL,55,'Magnam laudantium quia soluta quasi enim enim.',NULL,NULL,'2025-10-19 11:49:20','2025-10-19 11:49:20',NULL,NULL),(147,76,'ORD-74293337',657.82,49.82,0.00,707.64,'completed','USD',1.000000,707.64,1,'refunded',NULL,55,'Possimus et unde sed odio iste ad rem quis.',NULL,NULL,'2025-10-19 11:49:20','2025-10-19 11:49:20',NULL,NULL),(148,76,'ORD-20988926',159.84,13.43,0.00,173.27,'delivering','USD',1.000000,173.27,2,'paid',NULL,55,'Sit maxime ut omnis corporis.',NULL,NULL,'2025-10-19 11:49:20','2025-10-19 11:49:20',NULL,NULL),(149,77,'ORD-61538158',953.43,18.89,18031.00,-17058.68,'pending_assignment','USD',1.000000,972.32,2,'unpaid',NULL,56,'Nemo tempora dolorem unde quia quam quo.',NULL,NULL,'2025-10-19 11:49:20','2025-10-19 11:49:22',NULL,NULL),(150,77,'ORD-88974827',1248.02,18.89,0.00,1266.91,'pending_assignment','USD',1.000000,1266.91,3,'refunded',NULL,56,'Saepe pariatur nihil enim mollitia.',NULL,NULL,'2025-10-19 11:49:20','2025-10-19 11:49:20',NULL,NULL),(151,78,'ORD-20451022',916.72,14.90,0.00,931.62,'assigned_to_shipper','USD',1.000000,931.62,1,'failed',NULL,57,'Omnis atque voluptate ratione alias dolorum error.',NULL,NULL,'2025-10-19 11:49:20','2025-10-19 11:49:20',NULL,NULL),(152,78,'ORD-21780913',487.91,15.60,0.00,503.51,'delivering','USD',1.000000,503.51,2,'paid',NULL,57,'Unde voluptate eligendi sit aperiam.',NULL,NULL,'2025-10-19 11:49:20','2025-10-19 11:49:20',NULL,NULL),(153,78,'ORD-94381940',1936.25,26.41,0.00,1962.66,'delivered','USD',1.000000,1962.66,1,'failed',NULL,57,'Libero aspernatur est excepturi.',NULL,NULL,'2025-10-19 11:49:20','2025-10-19 11:49:20',NULL,NULL),(154,78,'ORD-76910099',851.28,21.19,0.00,872.47,'cancelled','USD',1.000000,872.47,2,'failed',NULL,57,'Excepturi odit veritatis ut.',NULL,NULL,'2025-10-19 11:49:20','2025-10-19 11:49:20',NULL,NULL),(155,78,'ORD-75530708',714.10,8.51,0.00,722.61,'processing','USD',1.000000,722.61,2,'failed',NULL,57,'Veniam ullam provident explicabo molestias eum quasi consectetur.',NULL,NULL,'2025-10-19 11:49:20','2025-10-19 11:49:20',NULL,NULL),(156,79,'ORD-728172',150.96,41.88,0.00,192.84,'returned','USD',1.000000,192.84,1,'unpaid',NULL,58,'Iusto saepe ad veritatis rerum.',NULL,NULL,'2025-10-19 11:49:20','2025-10-19 11:49:20',NULL,NULL),(157,79,'ORD-81568132',262.49,23.03,0.00,285.52,'pending_confirmation','USD',1.000000,285.52,3,'failed',NULL,58,'Corrupti sapiente aperiam dolorem autem soluta consequatur et.',NULL,NULL,'2025-10-19 11:49:20','2025-10-19 11:49:20',NULL,NULL),(158,79,'ORD-83131300',700.89,31.99,0.00,732.88,'completed','USD',1.000000,732.88,2,'unpaid',NULL,58,'Qui doloribus sint sapiente quas dignissimos.',NULL,NULL,'2025-10-19 11:49:20','2025-10-19 11:49:20',NULL,NULL),(159,79,'ORD-94405255',817.46,8.84,0.00,826.30,'cancelled','USD',1.000000,826.30,2,'refunded',NULL,58,'Qui omnis sed voluptatum vero sit.',NULL,NULL,'2025-10-19 11:49:20','2025-10-19 11:49:20',NULL,NULL),(160,80,'ORD-27313092',302.11,30.34,0.00,332.45,'completed','USD',1.000000,332.45,3,'unpaid',NULL,59,'Sit alias ad quia nihil nemo corrupti.',NULL,NULL,'2025-10-19 11:49:20','2025-10-19 11:49:20',NULL,NULL),(161,80,'ORD-75087808',1330.18,6.66,239.43,1097.41,'delivered','USD',1.000000,1336.84,2,'paid',NULL,59,'Saepe nihil commodi sapiente ipsam tenetur.',NULL,NULL,'2025-10-19 11:49:20','2025-10-19 11:49:22',NULL,NULL),(162,80,'ORD-36451319',984.46,44.74,0.00,1029.20,'pending_confirmation','USD',1.000000,1029.20,1,'unpaid',NULL,59,'Laboriosam quas sunt sit dolore nam possimus et quasi.',NULL,NULL,'2025-10-19 11:49:20','2025-10-19 11:49:20',NULL,NULL),(163,80,'ORD-84859575',794.64,32.06,0.00,826.70,'pending_confirmation','USD',1.000000,826.70,1,'failed',NULL,59,'Quia iste non mollitia.',NULL,NULL,'2025-10-19 11:49:20','2025-10-19 11:49:20',NULL,NULL),(164,80,'ORD-98457759',1625.46,13.73,0.00,1639.19,'completed','USD',1.000000,1639.19,2,'failed',NULL,59,'Autem non fuga amet.',NULL,NULL,'2025-10-19 11:49:20','2025-10-19 11:49:20',NULL,NULL),(165,81,'ORD-20895822',581.34,45.55,0.00,626.89,'delivered','USD',1.000000,626.89,2,'failed',NULL,60,'Aut est possimus corrupti non.',NULL,NULL,'2025-10-19 11:49:20','2025-10-19 11:49:20',NULL,NULL),(166,82,'ORD-53070204',1681.73,9.02,0.00,1690.75,'completed','USD',1.000000,1690.75,1,'unpaid',NULL,61,'Sed repudiandae voluptate corrupti id veniam numquam ullam.',NULL,NULL,'2025-10-19 11:49:20','2025-10-19 11:49:20',NULL,NULL),(167,82,'ORD-63259986',260.51,19.62,0.00,280.13,'returned','USD',1.000000,280.13,1,'failed',NULL,61,'Commodi in sint quas eum quia accusantium.',NULL,NULL,'2025-10-19 11:49:20','2025-10-19 11:49:20',NULL,NULL),(168,82,'ORD-86989851',346.11,13.00,0.00,359.11,'pending_confirmation','USD',1.000000,359.11,3,'refunded',NULL,61,'Vel quisquam ipsa soluta ipsam officiis natus suscipit.',NULL,NULL,'2025-10-19 11:49:20','2025-10-19 11:49:20',NULL,NULL),(169,83,'ORD-91194882',704.69,48.71,0.00,753.40,'cancelled','USD',1.000000,753.40,1,'failed',NULL,62,'Ut officia dolorum inventore ducimus sed est.',NULL,NULL,'2025-10-19 11:49:20','2025-10-19 11:49:20',NULL,NULL),(170,83,'ORD-58645036',1326.38,36.99,0.00,1363.37,'returned','USD',1.000000,1363.37,3,'paid',NULL,62,'Minus ut aspernatur libero nemo incidunt.',NULL,NULL,'2025-10-19 11:49:20','2025-10-19 11:49:20',NULL,NULL),(171,83,'ORD-96032302',1711.89,44.21,239.66,1516.44,'pending_assignment','USD',1.000000,1756.10,3,'failed',NULL,62,'Facilis nobis labore minima aut.',NULL,NULL,'2025-10-19 11:49:20','2025-10-19 11:49:22',NULL,NULL),(172,83,'ORD-28669531',535.63,48.61,0.00,584.24,'pending_confirmation','USD',1.000000,584.24,2,'unpaid',NULL,62,'Alias voluptatem et saepe quia.',NULL,NULL,'2025-10-19 11:49:20','2025-10-19 11:49:20',NULL,NULL),(173,83,'ORD-93930717',729.26,47.83,0.00,777.09,'pending_assignment','USD',1.000000,777.09,3,'unpaid',NULL,62,'Qui doloribus quia iure deleniti est quaerat est.',NULL,NULL,'2025-10-19 11:49:20','2025-10-19 11:49:20',NULL,NULL),(174,84,'ORD-741803',502.64,48.06,0.00,550.70,'pending_confirmation','USD',1.000000,550.70,2,'failed',NULL,63,'Ducimus veritatis nemo explicabo magni a.',NULL,NULL,'2025-10-19 11:49:20','2025-10-19 11:49:20',NULL,NULL),(175,84,'ORD-5675460',1362.39,27.52,0.00,1389.91,'processing','USD',1.000000,1389.91,2,'failed',NULL,63,'Voluptatem aut voluptatem labore reiciendis iusto assumenda.',NULL,NULL,'2025-10-19 11:49:20','2025-10-19 11:49:20',NULL,NULL),(176,84,'ORD-19516948',1786.92,28.27,0.00,1815.19,'pending_confirmation','USD',1.000000,1815.19,2,'refunded',NULL,63,'Eum saepe at quam fugiat soluta.',NULL,NULL,'2025-10-19 11:49:20','2025-10-19 11:49:20',NULL,NULL),(177,85,'ORD-96371394',864.76,32.35,0.00,897.11,'assigned_to_shipper','USD',1.000000,897.11,2,'paid',NULL,64,'Est nostrum sunt autem ex ad dignissimos quia.',NULL,NULL,'2025-10-19 11:49:20','2025-10-19 11:49:20',NULL,NULL),(178,85,'ORD-65619694',177.70,10.00,0.00,187.70,'completed','USD',1.000000,187.70,1,'refunded',NULL,64,'Eius voluptas voluptatem aliquam a cum suscipit.',NULL,NULL,'2025-10-19 11:49:20','2025-10-19 11:49:20',NULL,NULL),(179,85,'ORD-56743083',277.97,20.45,0.00,298.42,'cancelled','USD',1.000000,298.42,1,'unpaid',NULL,64,'Aut qui et doloribus assumenda.',NULL,NULL,'2025-10-19 11:49:20','2025-10-19 11:49:20',NULL,NULL),(180,85,'ORD-41042432',162.60,16.44,0.00,179.04,'assigned_to_shipper','USD',1.000000,179.04,1,'unpaid',NULL,64,'Non ea praesentium officia a.',NULL,NULL,'2025-10-19 11:49:20','2025-10-19 11:49:20',NULL,NULL),(181,85,'ORD-39768066',1659.29,36.51,0.00,1695.80,'returned','USD',1.000000,1695.80,3,'paid',NULL,64,'Eaque nemo possimus qui delectus.',NULL,NULL,'2025-10-19 11:49:20','2025-10-19 11:49:20',NULL,NULL),(182,86,'ORD-63924137',453.14,34.33,0.00,487.47,'pending_confirmation','USD',1.000000,487.47,3,'paid',NULL,65,'Error nisi molestiae consequatur.',NULL,NULL,'2025-10-19 11:49:20','2025-10-19 11:49:20',NULL,NULL),(183,86,'ORD-85764359',171.00,24.83,0.00,195.83,'assigned_to_shipper','USD',1.000000,195.83,1,'paid',NULL,65,'Reiciendis provident id harum sunt exercitationem ducimus.',NULL,NULL,'2025-10-19 11:49:20','2025-10-19 11:49:20',NULL,NULL),(184,86,'ORD-67057729',1360.47,29.66,0.00,1390.13,'returned','USD',1.000000,1390.13,2,'failed',NULL,65,'Aut tempora non dignissimos corrupti aut et.',NULL,NULL,'2025-10-19 11:49:20','2025-10-19 11:49:20',NULL,NULL),(185,86,'ORD-75798674',1260.58,34.76,0.00,1295.34,'returned','USD',1.000000,1295.34,1,'refunded',NULL,65,'Consectetur ipsam enim accusantium quos a.',NULL,NULL,'2025-10-19 11:49:20','2025-10-19 11:49:20',NULL,NULL),(186,86,'ORD-89735152',170.00,39.72,0.00,209.72,'cancelled','USD',1.000000,209.72,2,'refunded',NULL,65,'Nobis saepe vitae consequatur ipsam voluptatem.',NULL,NULL,'2025-10-19 11:49:20','2025-10-19 11:49:20',NULL,NULL),(187,87,'ORD-36448766',1657.59,18.42,0.00,1676.01,'pending_assignment','USD',1.000000,1676.01,3,'paid',NULL,66,'Unde id voluptatem rem ab sed doloremque quo.',NULL,NULL,'2025-10-19 11:49:20','2025-10-19 11:49:20',NULL,NULL),(188,88,'ORD-61228364',599.82,8.83,0.00,608.65,'delivering','USD',1.000000,608.65,1,'unpaid',NULL,67,'Quis nostrum quaerat alias molestiae voluptas quae.',NULL,NULL,'2025-10-19 11:49:20','2025-10-19 11:49:20',NULL,NULL),(189,88,'ORD-93931856',1368.45,34.53,191.58,1211.40,'delivered','USD',1.000000,1402.98,2,'unpaid',NULL,67,'Omnis neque id aut quos impedit.',NULL,NULL,'2025-10-19 11:49:20','2025-10-19 11:49:22',NULL,NULL),(190,89,'ORD-60244557',1927.10,47.15,0.00,1974.25,'assigned_to_shipper','USD',1.000000,1974.25,3,'failed',NULL,68,'Quis a et non inventore.',NULL,NULL,'2025-10-19 11:49:20','2025-10-19 11:49:20',NULL,NULL),(191,89,'ORD-82600084',1746.21,42.98,0.00,1789.19,'cancelled','USD',1.000000,1789.19,3,'paid',NULL,68,'Harum sint et ea.',NULL,NULL,'2025-10-19 11:49:20','2025-10-19 11:49:20',NULL,NULL),(192,89,'ORD-87568623',1381.40,47.06,0.00,1428.46,'delivering','USD',1.000000,1428.46,3,'paid',NULL,68,'Inventore numquam possimus sunt eligendi ut suscipit necessitatibus.',NULL,NULL,'2025-10-19 11:49:20','2025-10-19 11:49:20',NULL,NULL),(193,89,'ORD-66222936',1056.04,45.15,0.00,1101.19,'cancelled','USD',1.000000,1101.19,1,'refunded',NULL,68,'Consequatur eligendi suscipit dolorem voluptatem molestiae.',NULL,NULL,'2025-10-19 11:49:20','2025-10-19 11:49:20',NULL,NULL),(194,90,'ORD-31669984',1835.70,33.16,0.00,1868.86,'returned','USD',1.000000,1868.86,1,'refunded',NULL,69,'Reprehenderit quia aut ullam minus.',NULL,NULL,'2025-10-19 11:49:20','2025-10-19 11:49:20',NULL,NULL),(195,90,'ORD-63560137',931.00,47.13,0.00,978.13,'assigned_to_shipper','USD',1.000000,978.13,1,'paid',NULL,69,'Et nam aut at soluta doloribus in a.',NULL,NULL,'2025-10-19 11:49:20','2025-10-19 11:49:20',NULL,NULL),(196,91,'ORD-1601539',1025.67,42.57,430.78,637.46,'pending_confirmation','USD',1.000000,1068.24,2,'failed',NULL,70,'Ducimus minima sit vero et.',NULL,NULL,'2025-10-19 11:49:20','2025-10-19 11:49:22',NULL,NULL),(197,91,'ORD-47888318',1630.01,11.51,0.00,1641.52,'pending_assignment','USD',1.000000,1641.52,2,'unpaid',NULL,70,'Eos natus excepturi amet nulla.',NULL,NULL,'2025-10-19 11:49:20','2025-10-19 11:49:20',NULL,NULL),(198,92,'ORD-45888350',451.00,8.39,0.00,459.39,'pending_assignment','USD',1.000000,459.39,3,'failed',NULL,71,'Illum aut quisquam autem quis reprehenderit.',NULL,NULL,'2025-10-19 11:49:20','2025-10-19 11:49:20',NULL,NULL),(199,92,'ORD-66675130',498.95,21.94,0.00,520.89,'delivered','USD',1.000000,520.89,3,'paid',NULL,71,'Sit ut nostrum et.',NULL,NULL,'2025-10-19 11:49:20','2025-10-19 11:49:20',NULL,NULL),(200,92,'ORD-64832906',1508.50,12.33,0.00,1520.83,'delivering','USD',1.000000,1520.83,1,'unpaid',NULL,71,'Quae facilis repellendus quis sit praesentium.',NULL,NULL,'2025-10-19 11:49:20','2025-10-19 11:49:20',NULL,NULL),(201,92,'ORD-9994212',799.06,45.44,0.00,844.50,'completed','USD',1.000000,844.50,1,'refunded',NULL,71,'Itaque et numquam et odio eum incidunt praesentium.',NULL,NULL,'2025-10-19 11:49:20','2025-10-19 11:49:20',NULL,NULL),(202,93,'ORD-23232415',739.85,35.13,0.00,774.98,'pending_confirmation','USD',1.000000,774.98,3,'failed',NULL,72,'Dolorem sapiente minima laudantium natus maxime minima dicta.',NULL,NULL,'2025-10-19 11:49:20','2025-10-19 11:49:20',NULL,NULL),(203,93,'ORD-25272546',122.87,45.63,0.00,168.50,'cancelled','USD',1.000000,168.50,3,'failed',NULL,72,'Blanditiis necessitatibus quia accusantium autem tempora fuga sit.',NULL,NULL,'2025-10-19 11:49:20','2025-10-19 11:49:20',NULL,NULL),(204,93,'ORD-32922285',962.97,49.71,404.45,608.23,'delivering','USD',1.000000,1012.68,1,'refunded',NULL,72,'Consequatur eaque velit eaque dolorum voluptatem odit nisi excepturi.',NULL,NULL,'2025-10-19 11:49:20','2025-10-19 11:49:22',NULL,NULL),(205,93,'ORD-62562132',942.57,48.01,0.00,990.58,'delivered','USD',1.000000,990.58,2,'paid',NULL,72,'Quidem voluptatem amet minus sit at.',NULL,NULL,'2025-10-19 11:49:20','2025-10-19 11:49:20',NULL,NULL),(206,93,'ORD-9097927',1017.09,45.60,0.00,1062.69,'processing','USD',1.000000,1062.69,1,'unpaid',NULL,72,'Veritatis illum quia enim temporibus nisi qui non.',NULL,NULL,'2025-10-19 11:49:20','2025-10-19 11:49:20',NULL,NULL),(207,94,'ORD-19234376',1696.26,8.20,18031.00,-16326.54,'delivered','USD',1.000000,1704.46,1,'unpaid',NULL,73,'Accusamus et repudiandae aspernatur cupiditate.',NULL,NULL,'2025-10-19 11:49:20','2025-10-19 11:49:22',NULL,NULL),(208,94,'ORD-7664538',1402.37,40.61,0.00,1442.98,'cancelled','USD',1.000000,1442.98,1,'failed',NULL,73,'Sed repellendus doloribus praesentium magni nihil tempore.',NULL,NULL,'2025-10-19 11:49:20','2025-10-19 11:49:20',NULL,NULL),(209,94,'ORD-22241996',69.01,33.18,0.00,102.19,'delivered','USD',1.000000,102.19,2,'paid',NULL,73,'Sequi nihil placeat dolores omnis.',NULL,NULL,'2025-10-19 11:49:20','2025-10-19 11:49:20',NULL,NULL),(210,94,'ORD-6073559',968.16,19.36,0.00,987.52,'completed','USD',1.000000,987.52,2,'paid',NULL,73,'Voluptatum eum cupiditate et delectus ratione totam facere facere.',NULL,NULL,'2025-10-19 11:49:20','2025-10-19 11:49:20',NULL,NULL),(211,95,'ORD-11774324',1485.04,10.77,0.00,1495.81,'delivering','USD',1.000000,1495.81,1,'paid',NULL,74,'Voluptas cumque aspernatur sapiente quisquam blanditiis iusto.',NULL,NULL,'2025-10-19 11:49:20','2025-10-19 11:49:20',NULL,NULL),(212,95,'ORD-93295456',175.95,5.07,0.00,181.02,'completed','USD',1.000000,181.02,1,'refunded',NULL,74,'Consequatur iure porro ratione impedit dolore officiis.',NULL,NULL,'2025-10-19 11:49:20','2025-10-19 11:49:20',NULL,NULL),(213,96,'ORD-6308252',277.82,9.40,0.00,287.22,'completed','USD',1.000000,287.22,3,'paid',NULL,75,'Nam maxime provident eos sint similique consequatur ea.',NULL,NULL,'2025-10-19 11:49:20','2025-10-19 11:49:20',NULL,NULL),(214,96,'ORD-22123278',947.27,28.77,0.00,976.04,'assigned_to_shipper','USD',1.000000,976.04,3,'unpaid',NULL,75,'Nostrum nostrum incidunt ut consequuntur.',NULL,NULL,'2025-10-19 11:49:20','2025-10-19 11:49:20',NULL,NULL),(215,96,'ORD-11278372',1784.49,12.44,0.00,1796.93,'cancelled','USD',1.000000,1796.93,3,'refunded',NULL,75,'In sunt est consequuntur assumenda sint.',NULL,NULL,'2025-10-19 11:49:20','2025-10-19 11:49:20',NULL,NULL),(216,96,'ORD-99493153',886.25,12.71,0.00,898.96,'delivering','USD',1.000000,898.96,3,'unpaid',NULL,75,'Et tempore ipsam corporis.',NULL,NULL,'2025-10-19 11:49:20','2025-10-19 11:49:20',NULL,NULL),(217,97,'ORD-82227462',959.91,11.67,0.00,971.58,'assigned_to_shipper','USD',1.000000,971.58,3,'failed',NULL,76,'Tempore expedita sunt repudiandae vel molestiae asperiores minima.',NULL,NULL,'2025-10-19 11:49:20','2025-10-19 11:49:20',NULL,NULL),(218,97,'ORD-56296041',1433.57,42.53,0.00,1476.10,'delivered','USD',1.000000,1476.10,1,'unpaid',NULL,76,'Culpa aut qui ut vel iste adipisci dolorem.',NULL,NULL,'2025-10-19 11:49:20','2025-10-19 11:49:20',NULL,NULL),(219,97,'ORD-13062238',70.02,9.82,0.00,79.84,'delivered','USD',1.000000,79.84,1,'unpaid',NULL,76,'Officiis veritatis dolores illum rerum cupiditate eum qui.',NULL,NULL,'2025-10-19 11:49:20','2025-10-19 11:49:20',NULL,NULL),(220,97,'ORD-7966494',686.63,27.50,0.00,714.13,'pending_assignment','USD',1.000000,714.13,3,'unpaid',NULL,76,'Impedit culpa quidem vitae voluptatum voluptatem aliquid.',NULL,NULL,'2025-10-19 11:49:20','2025-10-19 11:49:20',NULL,NULL),(221,98,'ORD-48185917',62.71,15.93,0.00,78.64,'assigned_to_shipper','USD',1.000000,78.64,2,'unpaid',NULL,77,'Omnis molestiae neque blanditiis ut.',NULL,NULL,'2025-10-19 11:49:20','2025-10-19 11:49:20',NULL,NULL),(222,98,'ORD-72030048',1345.49,11.94,0.00,1357.43,'completed','USD',1.000000,1357.43,3,'refunded',NULL,77,'Quo dolorum corporis quia temporibus dicta aliquam quam.',NULL,NULL,'2025-10-19 11:49:20','2025-10-19 11:49:20',NULL,NULL),(223,98,'ORD-68787901',255.24,42.26,0.00,297.50,'processing','USD',1.000000,297.50,3,'unpaid',NULL,77,'Et nemo voluptatem aut dolores cumque reprehenderit voluptatum.',NULL,NULL,'2025-10-19 11:49:20','2025-10-19 11:49:20',NULL,NULL),(224,98,'ORD-26646848',1579.30,9.38,221.10,1367.58,'completed','USD',1.000000,1588.68,3,'paid',NULL,77,'Ut cupiditate molestiae nulla asperiores nobis nesciunt id.',NULL,NULL,'2025-10-19 11:49:20','2025-10-19 11:49:22',NULL,NULL),(225,98,'ORD-17416942',903.12,8.04,0.00,911.16,'assigned_to_shipper','USD',1.000000,911.16,3,'refunded',NULL,77,'Saepe illo dolores eum ipsum.',NULL,NULL,'2025-10-19 11:49:20','2025-10-19 11:49:20',NULL,NULL),(226,99,'ORD-71902205',1357.08,21.13,0.00,1378.21,'cancelled','USD',1.000000,1378.21,1,'paid',NULL,78,'Sequi possimus cupiditate rerum mollitia nihil.',NULL,NULL,'2025-10-19 11:49:20','2025-10-19 11:49:20',NULL,NULL),(227,99,'ORD-5530881',878.06,34.90,0.00,912.96,'assigned_to_shipper','USD',1.000000,912.96,1,'refunded',NULL,78,'Aut dolor ut autem.',NULL,NULL,'2025-10-19 11:49:20','2025-10-19 11:49:20',NULL,NULL),(228,99,'ORD-69896635',471.50,26.88,0.00,498.38,'pending_assignment','USD',1.000000,498.38,2,'paid',NULL,78,'Adipisci temporibus aut expedita sapiente animi.',NULL,NULL,'2025-10-19 11:49:20','2025-10-19 11:49:20',NULL,NULL),(229,99,'ORD-65610375',228.94,5.40,0.00,234.34,'processing','USD',1.000000,234.34,1,'unpaid',NULL,78,'Dolores accusamus iusto deleniti sequi delectus sapiente.',NULL,NULL,'2025-10-19 11:49:20','2025-10-19 11:49:20',NULL,NULL),(230,100,'ORD-45072653',1454.70,21.71,0.00,1476.41,'processing','USD',1.000000,1476.41,1,'failed',NULL,79,'Aspernatur harum rem eligendi dolores et quae fuga unde.',NULL,NULL,'2025-10-19 11:49:20','2025-10-19 11:49:20',NULL,NULL),(231,100,'ORD-33440086',901.69,23.10,0.00,924.79,'delivering','USD',1.000000,924.79,3,'paid',NULL,79,'Omnis aut veniam quod ratione minus dolorem.',NULL,NULL,'2025-10-19 11:49:20','2025-10-19 11:49:20',NULL,NULL),(232,100,'ORD-40152468',1526.27,22.21,0.00,1548.48,'assigned_to_shipper','USD',1.000000,1548.48,2,'paid',NULL,79,'Et consectetur ea voluptates fugit commodi.',NULL,NULL,'2025-10-19 11:49:20','2025-10-19 11:49:20',NULL,NULL),(233,101,'ORD-92571446',109.69,42.73,74070.00,-73917.58,'delivered','USD',1.000000,152.42,2,'unpaid',NULL,80,'Nostrum beatae iure fugit temporibus.',NULL,NULL,'2025-10-19 11:49:20','2025-10-19 11:49:22',NULL,NULL),(234,101,'ORD-81760965',1442.59,28.19,0.00,1470.78,'assigned_to_shipper','USD',1.000000,1470.78,2,'paid',NULL,80,'Laborum et repellat alias modi.',NULL,NULL,'2025-10-19 11:49:20','2025-10-19 11:49:20',NULL,NULL),(235,102,'ORD-17760298',634.05,28.41,0.00,662.46,'returned','USD',1.000000,662.46,2,'unpaid',NULL,81,'Cupiditate voluptatem molestiae modi cupiditate debitis.',NULL,NULL,'2025-10-19 11:49:21','2025-10-19 11:49:21',NULL,NULL),(236,103,'ORD-87488898',142.26,23.20,0.00,165.46,'processing','USD',1.000000,165.46,1,'unpaid',NULL,82,'Et dolores aliquid reprehenderit ex eos est.',NULL,NULL,'2025-10-19 11:49:21','2025-10-19 11:49:21',NULL,NULL),(237,103,'ORD-95894484',827.98,15.23,0.00,843.21,'completed','USD',1.000000,843.21,2,'failed',NULL,82,'Aspernatur sed voluptas nostrum harum molestiae nihil esse.',NULL,NULL,'2025-10-19 11:49:21','2025-10-19 11:49:21',NULL,NULL),(238,103,'ORD-54916781',827.80,35.98,0.00,863.78,'assigned_to_shipper','USD',1.000000,863.78,1,'unpaid',NULL,82,'Et sed nisi totam voluptas rerum.',NULL,NULL,'2025-10-19 11:49:21','2025-10-19 11:49:21',NULL,NULL),(239,103,'ORD-40971856',1987.59,44.32,0.00,2031.91,'returned','USD',1.000000,2031.91,1,'unpaid',NULL,82,'Fugit est aut qui reiciendis rerum qui.',NULL,NULL,'2025-10-19 11:49:21','2025-10-19 11:49:21',NULL,NULL),(240,103,'ORD-96790710',1774.37,12.33,74070.00,-72283.30,'cancelled','USD',1.000000,1786.70,1,'refunded',NULL,82,'Modi vel perspiciatis quia.',NULL,NULL,'2025-10-19 11:49:21','2025-10-19 11:49:22',NULL,NULL),(241,104,'ORD-90371844',988.54,33.03,0.00,1021.57,'cancelled','USD',1.000000,1021.57,3,'paid',NULL,83,'Eius ut nihil nam.',NULL,NULL,'2025-10-19 11:49:21','2025-10-19 11:49:21',NULL,NULL),(242,104,'ORD-25400369',1016.77,25.23,0.00,1042.00,'delivering','USD',1.000000,1042.00,2,'unpaid',NULL,83,'Ipsam atque eveniet cumque voluptates id quibusdam.',NULL,NULL,'2025-10-19 11:49:21','2025-10-19 11:49:21',NULL,NULL),(243,104,'ORD-20793553',1949.33,40.25,0.00,1989.58,'processing','USD',1.000000,1989.58,1,'refunded',NULL,83,'Voluptatem dolores blanditiis assumenda.',NULL,NULL,'2025-10-19 11:49:21','2025-10-19 11:49:21',NULL,NULL),(244,105,'ORD-17315694',1300.90,18.15,0.00,1319.05,'cancelled','USD',1.000000,1319.05,2,'refunded',NULL,84,'Doloribus magnam omnis eos doloremque aut maiores sed.',NULL,NULL,'2025-10-19 11:49:21','2025-10-19 11:49:21',NULL,NULL),(245,105,'ORD-1351692',199.66,49.61,0.00,249.27,'delivering','USD',1.000000,249.27,2,'unpaid',NULL,84,'Voluptatibus ut est eos nemo.',NULL,NULL,'2025-10-19 11:49:21','2025-10-19 11:49:21',NULL,NULL),(246,105,'ORD-25966472',1327.24,12.67,0.00,1339.91,'pending_assignment','USD',1.000000,1339.91,1,'refunded',NULL,84,'Mollitia consequuntur dolore quidem est.',NULL,NULL,'2025-10-19 11:49:21','2025-10-19 11:49:21',NULL,NULL),(247,106,'ORD-61920337',272.66,37.00,0.00,309.66,'delivering','USD',1.000000,309.66,2,'unpaid',NULL,85,'Maxime quia ipsum sit eos eaque maiores dicta.',NULL,NULL,'2025-10-19 11:49:21','2025-10-19 11:49:21',NULL,NULL),(248,106,'ORD-23137078',1422.82,32.82,0.00,1455.64,'completed','USD',1.000000,1455.64,2,'refunded',NULL,85,'Et voluptates ex incidunt.',NULL,NULL,'2025-10-19 11:49:21','2025-10-19 11:49:21',NULL,NULL),(249,106,'ORD-32587242',1444.15,19.67,0.00,1463.82,'delivered','USD',1.000000,1463.82,1,'refunded',NULL,85,'Perferendis eius corrupti sint.',NULL,NULL,'2025-10-19 11:49:21','2025-10-19 11:49:21',NULL,NULL),(250,106,'ORD-35279946',1295.55,32.70,0.00,1328.25,'delivering','USD',1.000000,1328.25,3,'paid',NULL,85,'Maiores perspiciatis perspiciatis et exercitationem.',NULL,NULL,'2025-10-19 11:49:21','2025-10-19 11:49:21',NULL,NULL),(251,106,'ORD-51853237',1557.88,9.40,0.00,1567.28,'delivering','USD',1.000000,1567.28,3,'paid',NULL,85,'Corporis omnis tempore autem dolor dolor earum eveniet tempora.',NULL,NULL,'2025-10-19 11:49:21','2025-10-19 11:49:21',NULL,NULL),(252,107,'ORD-43149486',975.52,42.33,0.00,1017.85,'completed','USD',1.000000,1017.85,3,'failed',NULL,86,'Ea inventore nesciunt rerum id non laborum velit rem.',NULL,NULL,'2025-10-19 11:49:21','2025-10-19 11:49:21',NULL,NULL),(253,107,'ORD-97281300',965.87,26.31,0.00,992.18,'pending_assignment','USD',1.000000,992.18,3,'paid',NULL,86,'Mollitia asperiores molestiae dolore vero.',NULL,NULL,'2025-10-19 11:49:21','2025-10-19 11:49:21',NULL,NULL),(254,107,'ORD-99545087',221.21,5.16,0.00,226.37,'assigned_to_shipper','USD',1.000000,226.37,2,'paid',NULL,86,'Recusandae repellendus nobis eum numquam.',NULL,NULL,'2025-10-19 11:49:21','2025-10-19 11:49:21',NULL,NULL),(255,108,'ORD-68824591',1859.76,9.13,0.00,1868.89,'delivered','USD',1.000000,1868.89,3,'refunded',NULL,87,'Cumque qui aut qui dolor officia consequatur.',NULL,NULL,'2025-10-19 11:49:21','2025-10-19 11:49:21',NULL,NULL),(256,109,'ORD-45955971',1331.46,11.96,0.00,1343.42,'delivering','USD',1.000000,1343.42,2,'refunded',NULL,88,'Voluptatem facere optio soluta magni voluptatem.',NULL,NULL,'2025-10-19 11:49:21','2025-10-19 11:49:21',NULL,NULL),(257,109,'ORD-62360582',345.38,44.05,0.00,389.43,'processing','USD',1.000000,389.43,1,'unpaid',NULL,88,'In facilis magni et fugiat voluptatum nobis.',NULL,NULL,'2025-10-19 11:49:21','2025-10-19 11:49:21',NULL,NULL),(258,109,'ORD-37179398',807.42,8.25,0.00,815.67,'assigned_to_shipper','USD',1.000000,815.67,3,'unpaid',NULL,88,'Molestiae ut impedit impedit sed qui molestias quae ratione.',NULL,NULL,'2025-10-19 11:49:21','2025-10-19 11:49:21',NULL,NULL),(259,109,'ORD-13011794',1922.03,48.69,0.00,1970.72,'processing','USD',1.000000,1970.72,2,'paid',NULL,88,'Ducimus consequuntur voluptatibus nam et omnis ipsam.',NULL,NULL,'2025-10-19 11:49:21','2025-10-19 11:49:21',NULL,NULL),(260,110,'ORD-73240191',813.14,13.13,0.00,826.27,'pending_confirmation','USD',1.000000,826.27,3,'refunded',NULL,89,'Omnis doloremque asperiores et asperiores incidunt.',NULL,NULL,'2025-10-19 11:49:21','2025-10-19 11:49:21',NULL,NULL),(261,110,'ORD-36105568',1190.33,44.27,0.00,1234.60,'assigned_to_shipper','USD',1.000000,1234.60,3,'paid',NULL,89,'Sed ut omnis delectus autem.',NULL,NULL,'2025-10-19 11:49:21','2025-10-19 11:49:21',NULL,NULL),(262,110,'ORD-61164102',1376.62,8.40,0.00,1385.02,'pending_confirmation','USD',1.000000,1385.02,1,'unpaid',NULL,89,'Natus repellat consequatur qui velit nisi.',NULL,NULL,'2025-10-19 11:49:21','2025-10-19 11:49:21',NULL,NULL),(263,110,'ORD-77714819',1840.55,36.69,0.00,1877.24,'delivered','USD',1.000000,1877.24,2,'refunded',NULL,89,'Dignissimos et est recusandae itaque nostrum velit.',NULL,NULL,'2025-10-19 11:49:21','2025-10-19 11:49:21',NULL,NULL),(264,110,'ORD-6213008',1438.42,24.68,74070.00,-72606.90,'processing','USD',1.000000,1463.10,1,'refunded',NULL,89,'Autem provident nemo est nihil.',NULL,NULL,'2025-10-19 11:49:21','2025-10-19 11:49:22',NULL,NULL),(265,111,'ORD-56688657',585.00,12.78,0.00,597.78,'pending_assignment','USD',1.000000,597.78,2,'failed',NULL,90,'Repellendus quidem minus non ullam.',NULL,NULL,'2025-10-19 11:49:21','2025-10-19 11:49:21',NULL,NULL),(266,111,'ORD-17971720',1672.55,25.42,0.00,1697.97,'cancelled','USD',1.000000,1697.97,3,'failed',NULL,90,'Nostrum qui voluptas exercitationem est explicabo.',NULL,NULL,'2025-10-19 11:49:21','2025-10-19 11:49:21',NULL,NULL),(267,111,'ORD-96983732',363.32,29.45,0.00,392.77,'cancelled','USD',1.000000,392.77,1,'unpaid',NULL,90,'Perferendis consequatur est incidunt iure est accusantium quidem dolores.',NULL,NULL,'2025-10-19 11:49:21','2025-10-19 11:49:21',NULL,NULL),(268,112,'ORD-88724612',1376.56,15.17,0.00,1391.73,'delivering','USD',1.000000,1391.73,3,'failed',NULL,91,'Ut repellendus ab aut omnis autem fugit temporibus sint.',NULL,NULL,'2025-10-19 11:49:21','2025-10-19 11:49:21',NULL,NULL),(269,112,'ORD-76344204',1714.68,10.19,0.00,1724.87,'cancelled','USD',1.000000,1724.87,1,'failed',NULL,91,'Aut numquam voluptas dolore labore voluptas est.',NULL,NULL,'2025-10-19 11:49:21','2025-10-19 11:49:21',NULL,NULL),(270,112,'ORD-33718421',88.20,29.74,0.00,117.94,'pending_assignment','USD',1.000000,117.94,1,'unpaid',NULL,91,'Fuga soluta unde aut ab deleniti.',NULL,NULL,'2025-10-19 11:49:21','2025-10-19 11:49:21',NULL,NULL),(271,112,'ORD-53702571',168.29,48.33,23.56,193.06,'completed','USD',1.000000,216.62,3,'unpaid',NULL,91,'Quasi praesentium aut dolorem.',NULL,NULL,'2025-10-19 11:49:21','2025-10-19 11:49:22',NULL,NULL),(272,112,'ORD-11774386',575.65,48.43,126.64,497.44,'pending_assignment','USD',1.000000,624.08,3,'refunded',NULL,91,'Sed numquam neque odit ipsa voluptas minima.',NULL,NULL,'2025-10-19 11:49:21','2025-10-19 11:49:22',NULL,NULL),(273,113,'ORD-9077288',1859.12,18.86,0.00,1877.98,'cancelled','USD',1.000000,1877.98,1,'failed',NULL,92,'Voluptas incidunt repellendus sunt veniam.',NULL,NULL,'2025-10-19 11:49:21','2025-10-19 11:49:21',NULL,NULL),(274,113,'ORD-64797647',920.73,40.83,0.00,961.56,'cancelled','USD',1.000000,961.56,2,'refunded',NULL,92,'Voluptatem molestias ut enim alias sed est.',NULL,NULL,'2025-10-19 11:49:21','2025-10-19 11:49:21',NULL,NULL),(275,113,'ORD-56263386',882.75,9.47,0.00,892.22,'completed','USD',1.000000,892.22,3,'paid',NULL,92,'Sunt nihil inventore pariatur vel non.',NULL,NULL,'2025-10-19 11:49:21','2025-10-19 11:49:21',NULL,NULL),(276,113,'ORD-257752',927.85,29.51,0.00,957.36,'completed','USD',1.000000,957.36,2,'failed',NULL,92,'Repudiandae qui maxime iure harum laboriosam.',NULL,NULL,'2025-10-19 11:49:21','2025-10-19 11:49:21',NULL,NULL),(277,114,'ORD-56539610',1686.26,27.52,370.98,1342.80,'delivering','USD',1.000000,1713.78,3,'failed',NULL,93,'Qui provident vero nihil quo sit.',NULL,NULL,'2025-10-19 11:49:21','2025-10-19 11:49:22',NULL,NULL),(278,115,'ORD-36873134',1194.23,29.07,74070.00,-72846.70,'pending_confirmation','USD',1.000000,1223.30,1,'paid',NULL,94,'Qui accusamus alias velit aut perferendis molestias.',NULL,NULL,'2025-10-19 11:49:21','2025-10-19 11:49:22',NULL,NULL),(279,115,'ORD-10398432',111.98,17.95,0.00,129.93,'pending_confirmation','USD',1.000000,129.93,3,'unpaid',NULL,94,'Perferendis neque voluptatem dolorem.',NULL,NULL,'2025-10-19 11:49:21','2025-10-19 11:49:21',NULL,NULL),(280,115,'ORD-70399696',1801.52,10.31,74070.00,-72258.17,'delivered','USD',1.000000,1811.83,1,'paid',NULL,94,'Sunt velit ipsum rerum beatae.',NULL,NULL,'2025-10-19 11:49:21','2025-10-19 11:49:22',NULL,NULL),(281,115,'ORD-97849650',793.41,22.30,0.00,815.71,'delivering','USD',1.000000,815.71,1,'failed',NULL,94,'Molestiae fugiat iusto ipsa est unde maxime est voluptatem.',NULL,NULL,'2025-10-19 11:49:21','2025-10-19 11:49:21',NULL,NULL),(282,115,'ORD-58007452',84.13,21.83,0.00,105.96,'processing','USD',1.000000,105.96,2,'refunded',NULL,94,'Maiores laudantium mollitia placeat commodi quis similique libero.',NULL,NULL,'2025-10-19 11:49:21','2025-10-19 11:49:21',NULL,NULL),(283,116,'ORD-5969240',1381.78,16.23,0.00,1398.01,'processing','USD',1.000000,1398.01,2,'unpaid',NULL,95,'Nisi aliquam exercitationem necessitatibus temporibus voluptas quidem odio.',NULL,NULL,'2025-10-19 11:49:21','2025-10-19 11:49:21',NULL,NULL),(284,117,'ORD-91955556',1793.65,19.77,0.00,1813.42,'pending_assignment','USD',1.000000,1813.42,3,'paid',NULL,96,'Aut possimus alias qui quidem.',NULL,NULL,'2025-10-19 11:49:21','2025-10-19 11:49:21',NULL,NULL),(285,117,'ORD-16676981',172.51,17.31,0.00,189.82,'pending_assignment','USD',1.000000,189.82,2,'failed',NULL,96,'Accusantium impedit quia autem voluptas delectus.',NULL,NULL,'2025-10-19 11:49:21','2025-10-19 11:49:21',NULL,NULL),(286,117,'ORD-50024295',1712.90,39.59,0.00,1752.49,'processing','USD',1.000000,1752.49,3,'paid',NULL,96,'Aut sunt perspiciatis fuga sed.',NULL,NULL,'2025-10-19 11:49:21','2025-10-19 11:49:21',NULL,NULL),(287,117,'ORD-40812010',1216.33,32.36,218.94,1029.75,'assigned_to_shipper','USD',1.000000,1248.69,3,'unpaid',NULL,96,'Eos qui minima quia esse pariatur maiores.',NULL,NULL,'2025-10-19 11:49:21','2025-10-19 11:49:22',NULL,NULL),(288,118,'ORD-1386367',789.03,18.72,0.00,807.75,'processing','USD',1.000000,807.75,3,'paid',NULL,97,'Ab quod nostrum voluptatem.',NULL,NULL,'2025-10-19 11:49:21','2025-10-19 11:49:21',NULL,NULL),(289,118,'ORD-81165557',204.56,19.92,0.00,224.48,'assigned_to_shipper','USD',1.000000,224.48,3,'refunded',NULL,97,'Quo repudiandae excepturi fuga aut voluptas.',NULL,NULL,'2025-10-19 11:49:21','2025-10-19 11:49:21',NULL,NULL),(290,118,'ORD-35643312',1536.69,11.33,0.00,1548.02,'delivering','USD',1.000000,1548.02,1,'paid',NULL,97,'Vel aut omnis sed voluptatem.',NULL,NULL,'2025-10-19 11:49:21','2025-10-19 11:49:21',NULL,NULL),(291,119,'ORD-56632624',1949.78,27.74,0.00,1977.52,'processing','USD',1.000000,1977.52,2,'failed',NULL,98,'Quam totam vitae aut vel.',NULL,NULL,'2025-10-19 11:49:21','2025-10-19 11:49:21',NULL,NULL),(292,119,'ORD-16624806',1983.04,5.50,0.00,1988.54,'pending_confirmation','USD',1.000000,1988.54,3,'paid',NULL,98,'Dolorum sint sint officia ratione omnis odio.',NULL,NULL,'2025-10-19 11:49:21','2025-10-19 11:49:21',NULL,NULL),(293,120,'ORD-5365563',817.09,8.98,0.00,826.07,'cancelled','USD',1.000000,826.07,1,'unpaid',NULL,99,'Fugit in velit architecto pariatur.',NULL,NULL,'2025-10-19 11:49:21','2025-10-19 11:49:21',NULL,NULL),(294,120,'ORD-8221862',520.33,31.83,0.00,552.16,'assigned_to_shipper','USD',1.000000,552.16,1,'failed',NULL,99,'Perferendis et necessitatibus ducimus blanditiis labore accusantium.',NULL,NULL,'2025-10-19 11:49:21','2025-10-19 11:49:21',NULL,NULL),(295,121,'ORD-1751824',498.89,30.92,0.00,529.81,'processing','USD',1.000000,529.81,2,'paid',NULL,100,'At et adipisci accusamus id rerum.',NULL,NULL,'2025-10-19 11:49:21','2025-10-19 11:49:21',NULL,NULL),(296,121,'ORD-21515252',1146.69,26.32,0.00,1173.01,'pending_assignment','USD',1.000000,1173.01,3,'refunded',NULL,100,'Ab nisi architecto nemo iste.',NULL,NULL,'2025-10-19 11:49:21','2025-10-19 11:49:21',NULL,NULL),(297,121,'ORD-56322884',1646.12,22.22,0.00,1668.34,'cancelled','USD',1.000000,1668.34,2,'paid',NULL,100,'Ad quos molestias distinctio eum eum nesciunt explicabo.',NULL,NULL,'2025-10-19 11:49:21','2025-10-19 11:49:21',NULL,NULL);
/*!40000 ALTER TABLE `orders` ENABLE KEYS */;
UNLOCK TABLES;

--
-- Table structure for table `password_reset_tokens`
--

DROP TABLE IF EXISTS `password_reset_tokens`;
/*!40101 SET @saved_cs_client     = @@character_set_client */;
/*!50503 SET character_set_client = utf8mb4 */;
CREATE TABLE `password_reset_tokens` (
  `email` varchar(255) NOT NULL,
  `token` varchar(255) NOT NULL,
  `created_at` timestamp NULL DEFAULT NULL,
  PRIMARY KEY (`email`)
) ENGINE=InnoDB DEFAULT CHARSET=utf8mb4 COLLATE=utf8mb4_unicode_ci;
/*!40101 SET character_set_client = @saved_cs_client */;

--
-- Dumping data for table `password_reset_tokens`
--

LOCK TABLES `password_reset_tokens` WRITE;
/*!40000 ALTER TABLE `password_reset_tokens` DISABLE KEYS */;
/*!40000 ALTER TABLE `password_reset_tokens` ENABLE KEYS */;
UNLOCK TABLES;

--
-- Table structure for table `permission_role`
--

DROP TABLE IF EXISTS `permission_role`;
/*!40101 SET @saved_cs_client     = @@character_set_client */;
/*!50503 SET character_set_client = utf8mb4 */;
CREATE TABLE `permission_role` (
  `permission_id` bigint(20) unsigned NOT NULL,
  `role_id` bigint(20) unsigned NOT NULL,
  PRIMARY KEY (`permission_id`,`role_id`),
  KEY `permission_role_role_id_foreign` (`role_id`),
  CONSTRAINT `permission_role_permission_id_foreign` FOREIGN KEY (`permission_id`) REFERENCES `permissions` (`id`) ON DELETE CASCADE,
  CONSTRAINT `permission_role_role_id_foreign` FOREIGN KEY (`role_id`) REFERENCES `roles` (`id`) ON DELETE CASCADE
) ENGINE=InnoDB DEFAULT CHARSET=utf8mb4 COLLATE=utf8mb4_unicode_ci;
/*!40101 SET character_set_client = @saved_cs_client */;

--
-- Dumping data for table `permission_role`
--

LOCK TABLES `permission_role` WRITE;
/*!40000 ALTER TABLE `permission_role` DISABLE KEYS */;
INSERT INTO `permission_role` VALUES (1,1),(2,1),(3,1),(4,1),(5,1),(6,1),(6,2),(7,1),(7,2),(8,1),(8,2),(9,1),(9,2),(10,1),(10,2),(11,1),(11,2),(12,1),(12,2),(13,1),(13,2),(14,1),(15,1),(16,1),(16,2),(17,1),(18,1),(19,1);
/*!40000 ALTER TABLE `permission_role` ENABLE KEYS */;
UNLOCK TABLES;

--
-- Table structure for table `permissions`
--

DROP TABLE IF EXISTS `permissions`;
/*!40101 SET @saved_cs_client     = @@character_set_client */;
/*!50503 SET character_set_client = utf8mb4 */;
CREATE TABLE `permissions` (
  `id` bigint(20) unsigned NOT NULL AUTO_INCREMENT,
  `name` varchar(255) NOT NULL,
  `description` varchar(255) DEFAULT NULL,
  `created_at` timestamp NULL DEFAULT NULL,
  `updated_at` timestamp NULL DEFAULT NULL,
  PRIMARY KEY (`id`),
  UNIQUE KEY `permissions_name_unique` (`name`)
) ENGINE=InnoDB AUTO_INCREMENT=20 DEFAULT CHARSET=utf8mb4 COLLATE=utf8mb4_unicode_ci;
/*!40101 SET character_set_client = @saved_cs_client */;

--
-- Dumping data for table `permissions`
--

LOCK TABLES `permissions` WRITE;
/*!40000 ALTER TABLE `permissions` DISABLE KEYS */;
INSERT INTO `permissions` VALUES (1,'manage_users',NULL,'2025-10-19 11:49:15','2025-10-19 11:49:15'),(2,'view_users',NULL,'2025-10-19 11:49:15','2025-10-19 11:49:15'),(3,'create_users',NULL,'2025-10-19 11:49:15','2025-10-19 11:49:15'),(4,'edit_users',NULL,'2025-10-19 11:49:15','2025-10-19 11:49:15'),(5,'delete_users',NULL,'2025-10-19 11:49:15','2025-10-19 11:49:15'),(6,'manage_products',NULL,'2025-10-19 11:49:15','2025-10-19 11:49:15'),(7,'view_products',NULL,'2025-10-19 11:49:15','2025-10-19 11:49:15'),(8,'create_products',NULL,'2025-10-19 11:49:15','2025-10-19 11:49:15'),(9,'edit_products',NULL,'2025-10-19 11:49:15','2025-10-19 11:49:15'),(10,'delete_products',NULL,'2025-10-19 11:49:15','2025-10-19 11:49:15'),(11,'manage_orders',NULL,'2025-10-19 11:49:15','2025-10-19 11:49:15'),(12,'view_orders',NULL,'2025-10-19 11:49:15','2025-10-19 11:49:15'),(13,'edit_orders',NULL,'2025-10-19 11:49:15','2025-10-19 11:49:15'),(14,'manage_categories',NULL,'2025-10-19 11:49:15','2025-10-19 11:49:15'),(15,'manage_brands',NULL,'2025-10-19 11:49:15','2025-10-19 11:49:15'),(16,'view_dashboard',NULL,'2025-10-19 11:49:15','2025-10-19 11:49:15'),(17,'manage_settings',NULL,'2025-10-19 11:49:15','2025-10-19 11:49:15'),(18,'manage_promotions',NULL,'2025-10-19 11:49:15','2025-10-19 11:49:15'),(19,'manage_disputes',NULL,'2025-10-19 11:49:15','2025-10-19 11:49:15');
/*!40000 ALTER TABLE `permissions` ENABLE KEYS */;
UNLOCK TABLES;

--
-- Table structure for table `product_answers`
--

DROP TABLE IF EXISTS `product_answers`;
/*!40101 SET @saved_cs_client     = @@character_set_client */;
/*!50503 SET character_set_client = utf8mb4 */;
CREATE TABLE `product_answers` (
  `id` bigint(20) unsigned NOT NULL AUTO_INCREMENT,
  `question_id` bigint(20) unsigned NOT NULL,
  `user_id` bigint(20) unsigned NOT NULL,
  `answer` text NOT NULL,
  `user_type` enum('customer','seller','admin') NOT NULL DEFAULT 'customer',
  `is_verified` tinyint(1) NOT NULL DEFAULT 0,
  `is_anonymous` tinyint(1) NOT NULL DEFAULT 0,
  `helpful_count` int(10) unsigned NOT NULL DEFAULT 0,
  `not_helpful_count` int(10) unsigned NOT NULL DEFAULT 0,
  `is_best_answer` tinyint(1) NOT NULL DEFAULT 0,
  `metadata` longtext CHARACTER SET utf8mb4 COLLATE utf8mb4_bin DEFAULT NULL CHECK (json_valid(`metadata`)),
  `created_at` timestamp NULL DEFAULT NULL,
  `updated_at` timestamp NULL DEFAULT NULL,
  PRIMARY KEY (`id`),
  UNIQUE KEY `unique_best_answer` (`question_id`),
  KEY `product_answers_question_id_is_best_answer_helpful_count_index` (`question_id`,`is_best_answer`,`helpful_count`),
  KEY `product_answers_user_id_user_type_index` (`user_id`,`user_type`),
  KEY `product_answers_is_verified_helpful_count_index` (`is_verified`,`helpful_count`),
  CONSTRAINT `product_answers_question_id_foreign` FOREIGN KEY (`question_id`) REFERENCES `product_questions` (`id`) ON DELETE CASCADE,
  CONSTRAINT `product_answers_user_id_foreign` FOREIGN KEY (`user_id`) REFERENCES `users` (`id`) ON DELETE CASCADE
) ENGINE=InnoDB DEFAULT CHARSET=utf8mb4 COLLATE=utf8mb4_unicode_ci;
/*!40101 SET character_set_client = @saved_cs_client */;

--
-- Dumping data for table `product_answers`
--

LOCK TABLES `product_answers` WRITE;
/*!40000 ALTER TABLE `product_answers` DISABLE KEYS */;
/*!40000 ALTER TABLE `product_answers` ENABLE KEYS */;
UNLOCK TABLES;

--
-- Table structure for table `product_images`
--

DROP TABLE IF EXISTS `product_images`;
/*!40101 SET @saved_cs_client     = @@character_set_client */;
/*!50503 SET character_set_client = utf8mb4 */;
CREATE TABLE `product_images` (
  `image_id` bigint(20) unsigned NOT NULL AUTO_INCREMENT,
  `product_id` bigint(20) unsigned NOT NULL,
  `image_url` varchar(500) NOT NULL,
  `alt_text` varchar(200) DEFAULT NULL,
  `is_primary` tinyint(1) NOT NULL DEFAULT 0,
  `display_order` int(11) NOT NULL DEFAULT 0,
  `created_at` timestamp NULL DEFAULT NULL,
  `updated_at` timestamp NULL DEFAULT NULL,
  PRIMARY KEY (`image_id`),
  KEY `product_images_product_id_foreign` (`product_id`),
  CONSTRAINT `product_images_product_id_foreign` FOREIGN KEY (`product_id`) REFERENCES `products` (`product_id`) ON DELETE CASCADE
) ENGINE=InnoDB AUTO_INCREMENT=391 DEFAULT CHARSET=utf8mb4 COLLATE=utf8mb4_unicode_ci;
/*!40101 SET character_set_client = @saved_cs_client */;

--
-- Dumping data for table `product_images`
--

LOCK TABLES `product_images` WRITE;
/*!40000 ALTER TABLE `product_images` DISABLE KEYS */;
INSERT INTO `product_images` VALUES (1,1,'https://picsum.photos/seed/e1a6ea19-0dcf-3870-baa5-e6229d823147/800/800','Et laboriosam excepturi.',1,7,'2025-10-19 11:49:17','2025-10-19 11:49:17'),(2,1,'https://picsum.photos/seed/1385ebbc-b93e-37a0-a72c-0ffec8d3be93/800/800','Id et fuga.',0,2,'2025-10-19 11:49:17','2025-10-19 11:49:17'),(3,1,'https://picsum.photos/seed/dd114ff0-dc56-3066-b979-7e3c7f91caef/800/800','Asperiores ut quod esse.',0,5,'2025-10-19 11:49:17','2025-10-19 11:49:17'),(4,1,'https://picsum.photos/seed/6e89dd3e-bf6b-3bb6-93c6-482254d164da/800/800','Autem qui itaque deserunt.',0,6,'2025-10-19 11:49:17','2025-10-19 11:49:17'),(5,2,'https://picsum.photos/seed/e8903ad4-5873-3ab1-97f2-022ad6891254/800/800','Dolor architecto perferendis aliquam.',1,6,'2025-10-19 11:49:17','2025-10-19 11:49:17'),(6,2,'https://picsum.photos/seed/32b6af2b-ed58-3172-ac45-f697f2fe4f94/800/800','Voluptate maiores at.',0,4,'2025-10-19 11:49:17','2025-10-19 11:49:17'),(7,2,'https://picsum.photos/seed/4058ac49-61ba-3844-9662-152b3006ff56/800/800','Minima magnam voluptates.',0,6,'2025-10-19 11:49:17','2025-10-19 11:49:17'),(8,2,'https://picsum.photos/seed/e5f6877d-240a-3f82-b24b-72bdad3098ab/800/800','Vitae accusamus.',0,2,'2025-10-19 11:49:17','2025-10-19 11:49:17'),(9,3,'https://picsum.photos/seed/cd48d2b8-f2a4-3e43-9111-13d4740344f1/800/800','Culpa amet exercitationem.',1,9,'2025-10-19 11:49:17','2025-10-19 11:49:17'),(10,3,'https://picsum.photos/seed/d0d4459c-6f7f-3a70-b868-91e9b0c76e4a/800/800','Quis suscipit voluptas.',0,2,'2025-10-19 11:49:17','2025-10-19 11:49:17'),(11,3,'https://picsum.photos/seed/69484980-aee9-3de1-9e16-99c85057577e/800/800','Voluptatum aut illum.',0,10,'2025-10-19 11:49:17','2025-10-19 11:49:17'),(12,3,'https://picsum.photos/seed/4b0c7d19-2abd-3dfa-83b9-a5867b346053/800/800','Ipsa voluptates temporibus odit ipsa.',0,6,'2025-10-19 11:49:17','2025-10-19 11:49:17'),(13,3,'https://picsum.photos/seed/dfb21d56-4d3f-3177-afda-4fd26e68057a/800/800','Animi praesentium omnis.',0,1,'2025-10-19 11:49:17','2025-10-19 11:49:17'),(14,4,'https://picsum.photos/seed/446b7e7e-7bee-3c21-991b-9351260a8b42/800/800','Delectus illo totam.',1,6,'2025-10-19 11:49:17','2025-10-19 11:49:17'),(15,4,'https://picsum.photos/seed/9dd7d935-d9d0-3c0a-bec5-0b5a048dc3f4/800/800','Cumque molestias culpa voluptatem.',0,7,'2025-10-19 11:49:17','2025-10-19 11:49:17'),(16,4,'https://picsum.photos/seed/2ac65a55-7173-3ded-8e89-9db01ae68e1a/800/800','Sed ut recusandae repellat.',0,9,'2025-10-19 11:49:17','2025-10-19 11:49:17'),(17,4,'https://picsum.photos/seed/bce321d6-fb67-3491-aa1f-fbba9f5de2d8/800/800','Modi autem accusamus.',0,8,'2025-10-19 11:49:17','2025-10-19 11:49:17'),(18,5,'https://picsum.photos/seed/8425ae7a-0e52-3380-a4fa-2aded9664f2f/800/800','Consequatur voluptatem beatae laudantium.',1,2,'2025-10-19 11:49:17','2025-10-19 11:49:17'),(19,5,'https://picsum.photos/seed/3f4ea173-9681-3f59-8009-67fc6d641076/800/800','Tenetur officiis necessitatibus.',0,10,'2025-10-19 11:49:17','2025-10-19 11:49:17'),(20,5,'https://picsum.photos/seed/572d5dc7-57bc-3f92-8e56-3658f7ce9b3a/800/800','Dolores deserunt in.',0,1,'2025-10-19 11:49:17','2025-10-19 11:49:17'),(21,6,'https://picsum.photos/seed/362770dc-b8f7-3085-933f-72fa712fcc69/800/800','Numquam eveniet similique suscipit.',1,6,'2025-10-19 11:49:17','2025-10-19 11:49:17'),(22,6,'https://picsum.photos/seed/23bd99a9-25f4-34d0-80c3-278e6f1e1110/800/800','Ut exercitationem aut veritatis quae.',0,2,'2025-10-19 11:49:17','2025-10-19 11:49:17'),(23,6,'https://picsum.photos/seed/035b0c90-f18d-323d-9d98-37f9ed441904/800/800','Iusto error nesciunt.',0,10,'2025-10-19 11:49:17','2025-10-19 11:49:17'),(24,7,'https://picsum.photos/seed/942fdf3c-cdda-3a92-8e35-0699e955ed21/800/800','Quae iste sed deserunt.',1,4,'2025-10-19 11:49:17','2025-10-19 11:49:17'),(25,7,'https://picsum.photos/seed/8d79bedb-190f-3467-864d-c2465581e0da/800/800','Doloribus sunt occaecati.',0,9,'2025-10-19 11:49:17','2025-10-19 11:49:17'),(26,7,'https://picsum.photos/seed/7b83929a-1067-3c7e-af9c-b5ec9315ddc4/800/800','Tempora dolor.',0,6,'2025-10-19 11:49:17','2025-10-19 11:49:17'),(27,7,'https://picsum.photos/seed/1c5240cc-73ae-3267-a555-a0268c13b623/800/800','Quidem nesciunt.',0,1,'2025-10-19 11:49:17','2025-10-19 11:49:17'),(28,8,'https://picsum.photos/seed/ef83cd68-e715-3233-807b-4acae7a248aa/800/800','Esse sequi non.',1,5,'2025-10-19 11:49:17','2025-10-19 11:49:17'),(29,8,'https://picsum.photos/seed/a374c945-3bab-3372-a7dd-f9185dde6607/800/800','Quis praesentium ipsam soluta.',0,7,'2025-10-19 11:49:17','2025-10-19 11:49:17'),(30,8,'https://picsum.photos/seed/ff4329dc-a521-3c19-89fb-256ec59852ed/800/800','In aut eius.',0,4,'2025-10-19 11:49:17','2025-10-19 11:49:17'),(31,9,'https://picsum.photos/seed/1c4c2bd3-f8f4-3b48-8f12-54266705eb4b/800/800','Deserunt quidem dolores.',1,4,'2025-10-19 11:49:17','2025-10-19 11:49:17'),(32,9,'https://picsum.photos/seed/114f0d9d-bb7b-3ec3-84f3-8de50949ac8c/800/800','Quia labore itaque quaerat.',0,8,'2025-10-19 11:49:17','2025-10-19 11:49:17'),(33,9,'https://picsum.photos/seed/3f096a45-51e8-3006-acdb-d551a1a3cafd/800/800','Exercitationem corrupti non optio dolorem.',0,1,'2025-10-19 11:49:17','2025-10-19 11:49:17'),(34,9,'https://picsum.photos/seed/01a8dc1b-e0bd-3d6d-8eb2-e1f36d1b43bf/800/800','Sed quibusdam est.',0,1,'2025-10-19 11:49:17','2025-10-19 11:49:17'),(35,9,'https://picsum.photos/seed/ff7c6203-a96b-302f-a94e-88e2e21882d0/800/800','Modi et praesentium quia.',0,5,'2025-10-19 11:49:17','2025-10-19 11:49:17'),(36,10,'https://picsum.photos/seed/d0245349-7ad3-3dd8-ae48-0cac02af0e7c/800/800','Iusto iste facere quae nam.',1,4,'2025-10-19 11:49:17','2025-10-19 11:49:17'),(37,10,'https://picsum.photos/seed/513af0a8-9200-3051-afac-a22e5668e1b0/800/800','Ex ipsam corporis vitae.',0,2,'2025-10-19 11:49:17','2025-10-19 11:49:17'),(38,10,'https://picsum.photos/seed/e9776504-37f4-383e-89f6-ce63116d6315/800/800','Minima nemo maxime doloremque itaque.',0,2,'2025-10-19 11:49:17','2025-10-19 11:49:17'),(39,11,'https://picsum.photos/seed/5091b088-b8f0-3f20-827d-1f9d47ad20c4/800/800','Et natus consequatur natus.',1,7,'2025-10-19 11:49:17','2025-10-19 11:49:17'),(40,11,'https://picsum.photos/seed/16ebc4f8-74ce-3bf4-86ff-1b08539e1787/800/800','Voluptates inventore non.',0,7,'2025-10-19 11:49:17','2025-10-19 11:49:17'),(41,11,'https://picsum.photos/seed/f489583f-9a0f-3985-967a-b69092ec6601/800/800','Delectus corrupti tempora voluptatibus.',0,7,'2025-10-19 11:49:17','2025-10-19 11:49:17'),(42,12,'https://picsum.photos/seed/2e7d082f-3c20-30cd-af98-f4a135455a67/800/800','Maxime nam nihil eum.',1,3,'2025-10-19 11:49:17','2025-10-19 11:49:17'),(43,12,'https://picsum.photos/seed/bc8c0367-3232-3156-90bc-c254617f5d1f/800/800','Eos architecto.',0,10,'2025-10-19 11:49:17','2025-10-19 11:49:17'),(44,12,'https://picsum.photos/seed/63a1adfb-e50f-3b13-b75d-44ef6f098a1f/800/800','Laborum explicabo aut.',0,8,'2025-10-19 11:49:17','2025-10-19 11:49:17'),(45,12,'https://picsum.photos/seed/894108d6-56d0-357d-83e1-929af0169bcc/800/800','Corrupti ratione quia.',0,5,'2025-10-19 11:49:17','2025-10-19 11:49:17'),(46,12,'https://picsum.photos/seed/8bfb5dd2-687e-3dc6-af3e-f2604f5ee364/800/800','Dignissimos temporibus pariatur.',0,6,'2025-10-19 11:49:17','2025-10-19 11:49:17'),(47,13,'https://picsum.photos/seed/01f3d42b-3eee-3b1b-b8fe-556a9a26db9c/800/800','Facere sapiente iusto.',1,10,'2025-10-19 11:49:17','2025-10-19 11:49:17'),(48,13,'https://picsum.photos/seed/3ce9e012-4e69-31a4-8a64-9296c6809eee/800/800','Id quam.',0,9,'2025-10-19 11:49:17','2025-10-19 11:49:17'),(49,13,'https://picsum.photos/seed/474ea9d5-0dd3-3c37-89ab-22639e979052/800/800','Provident ut sint ex.',0,5,'2025-10-19 11:49:17','2025-10-19 11:49:17'),(50,14,'https://picsum.photos/seed/9eca7fab-613f-38db-8160-2093137cac42/800/800','Eius sequi animi reiciendis.',1,9,'2025-10-19 11:49:17','2025-10-19 11:49:17'),(51,14,'https://picsum.photos/seed/4a79892a-f30d-306b-bca9-ca22021940d4/800/800','Quidem et consequuntur architecto.',0,8,'2025-10-19 11:49:17','2025-10-19 11:49:17'),(52,14,'https://picsum.photos/seed/21a9782b-2092-3e90-9bbc-9589200a2125/800/800','Possimus voluptate ex esse.',0,8,'2025-10-19 11:49:17','2025-10-19 11:49:17'),(53,14,'https://picsum.photos/seed/bebc0ea8-94f9-35d0-b664-339cc0d4e431/800/800','Vitae deleniti laboriosam illo.',0,1,'2025-10-19 11:49:17','2025-10-19 11:49:17'),(54,15,'https://picsum.photos/seed/15da58bb-4232-312f-9853-cd1ebe5cc495/800/800','Illo ut dolores.',1,10,'2025-10-19 11:49:17','2025-10-19 11:49:17'),(55,15,'https://picsum.photos/seed/5c119cae-0237-39ae-b141-aaa08651887f/800/800','Unde quia vero.',0,8,'2025-10-19 11:49:17','2025-10-19 11:49:17'),(56,15,'https://picsum.photos/seed/a52e30a1-328d-300a-97be-f865ffc3c9b6/800/800','Aut quae.',0,5,'2025-10-19 11:49:17','2025-10-19 11:49:17'),(57,15,'https://picsum.photos/seed/92441f41-5a8d-38a3-8287-1dd5af43d0a3/800/800','Impedit quo molestias.',0,2,'2025-10-19 11:49:17','2025-10-19 11:49:17'),(58,16,'https://picsum.photos/seed/8e45fd44-ade9-3e18-8168-7cae1e8be697/800/800','Dolorem rerum iure.',1,8,'2025-10-19 11:49:17','2025-10-19 11:49:17'),(59,16,'https://picsum.photos/seed/8760c5da-3d88-399c-b6c4-815b5394e812/800/800','Quia nulla quod.',0,1,'2025-10-19 11:49:17','2025-10-19 11:49:17'),(60,16,'https://picsum.photos/seed/e9952819-a7d3-3f9f-bbcd-3a43408cfb93/800/800','Sequi similique sit molestiae.',0,10,'2025-10-19 11:49:17','2025-10-19 11:49:17'),(61,17,'https://picsum.photos/seed/2d64056f-c3ef-3894-9a64-a5c4124000ef/800/800','Quis unde alias et.',1,5,'2025-10-19 11:49:17','2025-10-19 11:49:17'),(62,17,'https://picsum.photos/seed/5a86494e-7926-3d0b-af3e-cc8aeb048c4a/800/800','Molestias ut quibusdam.',0,3,'2025-10-19 11:49:17','2025-10-19 11:49:17'),(63,17,'https://picsum.photos/seed/95499160-9805-3b9d-b7de-99a3d1eea687/800/800','Culpa labore qui.',0,9,'2025-10-19 11:49:17','2025-10-19 11:49:17'),(64,17,'https://picsum.photos/seed/1b02b1fe-9adc-3f37-b939-60cbc1926eff/800/800','Rerum facilis iure officiis.',0,1,'2025-10-19 11:49:17','2025-10-19 11:49:17'),(65,18,'https://picsum.photos/seed/cc8bcb43-5bb7-33f0-931d-65367e967e8f/800/800','Impedit velit odio.',1,3,'2025-10-19 11:49:17','2025-10-19 11:49:17'),(66,18,'https://picsum.photos/seed/82d872c6-c3b3-395a-a509-421f2ff98315/800/800','Aut sunt.',0,6,'2025-10-19 11:49:17','2025-10-19 11:49:17'),(67,18,'https://picsum.photos/seed/3eebe9a2-8052-395a-9532-cb4e1a4c3a75/800/800','Unde quis animi.',0,10,'2025-10-19 11:49:17','2025-10-19 11:49:17'),(68,18,'https://picsum.photos/seed/22219a07-060f-3e06-869c-017c39fcce8a/800/800','Consequuntur doloremque libero provident.',0,10,'2025-10-19 11:49:17','2025-10-19 11:49:17'),(69,19,'https://picsum.photos/seed/1078cf6e-a943-3cfa-a5b4-10489ecc5e00/800/800','Sequi saepe architecto maxime.',1,9,'2025-10-19 11:49:17','2025-10-19 11:49:17'),(70,19,'https://picsum.photos/seed/1d3dffe2-49c0-3ac8-82b3-0168173dfeae/800/800','Dolorum rerum dignissimos.',0,1,'2025-10-19 11:49:17','2025-10-19 11:49:17'),(71,19,'https://picsum.photos/seed/35012ff2-4e80-3e42-8c5e-70f15d48409a/800/800','Beatae voluptates nulla asperiores.',0,9,'2025-10-19 11:49:17','2025-10-19 11:49:17'),(72,20,'https://picsum.photos/seed/7d0d7e65-5f57-3342-8dff-d84c38ba7ff6/800/800','Quia architecto necessitatibus dolor.',1,9,'2025-10-19 11:49:17','2025-10-19 11:49:17'),(73,20,'https://picsum.photos/seed/82d50bb9-71a6-353f-a3d1-e884957eca8c/800/800','Suscipit voluptas.',0,5,'2025-10-19 11:49:17','2025-10-19 11:49:17'),(74,20,'https://picsum.photos/seed/8b2baf1e-d5a8-36ce-b560-2886277d8915/800/800','Veniam laudantium blanditiis ratione.',0,8,'2025-10-19 11:49:17','2025-10-19 11:49:17'),(75,21,'https://picsum.photos/seed/710b6ea5-70c1-3fe2-8959-3c5911f41faf/800/800','Eius autem vel temporibus.',1,1,'2025-10-19 11:49:17','2025-10-19 11:49:17'),(76,21,'https://picsum.photos/seed/d5d32f67-1c93-3636-94aa-84c5b3c0c32c/800/800','Rem impedit esse nesciunt.',0,6,'2025-10-19 11:49:17','2025-10-19 11:49:17'),(77,21,'https://picsum.photos/seed/5a1b920d-6206-3971-8499-4c7de13318e0/800/800','Explicabo nostrum.',0,3,'2025-10-19 11:49:17','2025-10-19 11:49:17'),(78,21,'https://picsum.photos/seed/8503f037-f0f1-3169-9b8c-ab7224890885/800/800','Voluptas neque aliquid.',0,7,'2025-10-19 11:49:17','2025-10-19 11:49:17'),(79,21,'https://picsum.photos/seed/687de686-0ef9-393d-a1d2-c2af3850480e/800/800','Et et.',0,10,'2025-10-19 11:49:17','2025-10-19 11:49:17'),(80,22,'https://picsum.photos/seed/7cd4a1b1-2d11-304d-8e47-f3b54cda3876/800/800','Ea aliquam qui impedit.',1,7,'2025-10-19 11:49:17','2025-10-19 11:49:17'),(81,22,'https://picsum.photos/seed/09061aa8-7173-310a-9155-5c323431eb7c/800/800','Aut accusantium at.',0,10,'2025-10-19 11:49:17','2025-10-19 11:49:17'),(82,22,'https://picsum.photos/seed/bdd18a17-e796-3813-8cfe-8e2e9744c98c/800/800','Accusamus at vel repellendus.',0,5,'2025-10-19 11:49:17','2025-10-19 11:49:17'),(83,22,'https://picsum.photos/seed/182dacb4-b21e-3c53-a8ec-8170fd56da49/800/800','Blanditiis nam cumque sed ex.',0,1,'2025-10-19 11:49:17','2025-10-19 11:49:17'),(84,23,'https://picsum.photos/seed/c065b746-9fe2-313e-8d0b-6dd7c01673dd/800/800','Ad tenetur est ut.',1,2,'2025-10-19 11:49:17','2025-10-19 11:49:17'),(85,23,'https://picsum.photos/seed/a39253f2-4351-3ebb-9f63-2d65035d6ebd/800/800','Qui qui cupiditate occaecati.',0,7,'2025-10-19 11:49:17','2025-10-19 11:49:17'),(86,23,'https://picsum.photos/seed/93f3d6f9-1a6f-3076-84a4-911079047e68/800/800','Natus ullam dolorem et.',0,8,'2025-10-19 11:49:17','2025-10-19 11:49:17'),(87,23,'https://picsum.photos/seed/f9666498-886e-30b0-a26d-1f7564445539/800/800','Aliquam voluptas architecto modi.',0,9,'2025-10-19 11:49:17','2025-10-19 11:49:17'),(88,24,'https://picsum.photos/seed/00deecef-cf08-303b-b25b-2c59b305b73c/800/800','Et velit quasi.',1,10,'2025-10-19 11:49:17','2025-10-19 11:49:17'),(89,24,'https://picsum.photos/seed/6afde46a-664d-3602-929e-52afdb2e5b05/800/800','Inventore atque qui.',0,10,'2025-10-19 11:49:17','2025-10-19 11:49:17'),(90,24,'https://picsum.photos/seed/6b8b47f2-317c-3d09-96ae-70d8cc51796d/800/800','Beatae ipsum debitis inventore.',0,7,'2025-10-19 11:49:17','2025-10-19 11:49:17'),(91,24,'https://picsum.photos/seed/f1a39b6b-92a1-36b3-8c3e-2179c434c9b1/800/800','Soluta delectus sint suscipit.',0,4,'2025-10-19 11:49:17','2025-10-19 11:49:17'),(92,24,'https://picsum.photos/seed/54cbda84-5079-3e4d-8f22-9fc9c8e0a24b/800/800','Recusandae ullam officiis vitae.',0,4,'2025-10-19 11:49:17','2025-10-19 11:49:17'),(93,25,'https://picsum.photos/seed/3eea2646-6b48-3e63-afa1-14f0e32cee38/800/800','Consequatur dolorem necessitatibus pariatur.',1,9,'2025-10-19 11:49:17','2025-10-19 11:49:17'),(94,25,'https://picsum.photos/seed/c9a1cd26-44d4-3977-958d-7aee44bfa5c7/800/800','Rerum voluptatibus dolore soluta.',0,4,'2025-10-19 11:49:17','2025-10-19 11:49:17'),(95,25,'https://picsum.photos/seed/7311dc83-fc10-3264-82e2-fb625d127d89/800/800','Qui vel consequatur.',0,1,'2025-10-19 11:49:17','2025-10-19 11:49:17'),(96,25,'https://picsum.photos/seed/e791d904-9db2-3912-bbb2-0492163cf13c/800/800','Id ea.',0,1,'2025-10-19 11:49:17','2025-10-19 11:49:17'),(97,25,'https://picsum.photos/seed/a940c6e3-eead-32db-96de-e41058834e0b/800/800','Illo vel eos.',0,5,'2025-10-19 11:49:17','2025-10-19 11:49:17'),(98,26,'https://picsum.photos/seed/cbbf9461-893e-31cd-a984-2adbab0ac03d/800/800','Est consequatur dolor.',1,6,'2025-10-19 11:49:17','2025-10-19 11:49:17'),(99,26,'https://picsum.photos/seed/b71dbada-1bca-36f0-817c-d91380866c05/800/800','Explicabo aut odit.',0,10,'2025-10-19 11:49:17','2025-10-19 11:49:17'),(100,26,'https://picsum.photos/seed/f6080d53-3162-3091-bc94-5e8d0fba5afc/800/800','Dolores et inventore qui.',0,5,'2025-10-19 11:49:17','2025-10-19 11:49:17'),(101,26,'https://picsum.photos/seed/0a02e1a8-0fa5-32b2-a825-34de12a5b5af/800/800','Quis odio neque.',0,6,'2025-10-19 11:49:17','2025-10-19 11:49:17'),(102,26,'https://picsum.photos/seed/4cf7a3b4-09f3-3b07-af4c-114641468915/800/800','Est odit id voluptas.',0,5,'2025-10-19 11:49:17','2025-10-19 11:49:17'),(103,27,'https://picsum.photos/seed/213f139b-e410-3494-807d-bf1510581128/800/800','Tenetur quo voluptas.',1,3,'2025-10-19 11:49:17','2025-10-19 11:49:17'),(104,27,'https://picsum.photos/seed/0e5bcf84-54ab-3821-a39b-990ff45ab822/800/800','Consequatur aliquid enim.',0,2,'2025-10-19 11:49:17','2025-10-19 11:49:17'),(105,27,'https://picsum.photos/seed/9796481e-7069-31e1-9ab8-606e5aed5347/800/800','Quas omnis ducimus necessitatibus.',0,4,'2025-10-19 11:49:17','2025-10-19 11:49:17'),(106,28,'https://picsum.photos/seed/49c79de1-57e0-326e-8d08-b7a0c75a4936/800/800','Enim et adipisci omnis accusantium.',1,8,'2025-10-19 11:49:17','2025-10-19 11:49:17'),(107,28,'https://picsum.photos/seed/79f684b7-c6bd-36d6-9153-0b7398877962/800/800','Doloribus rem voluptas et.',0,9,'2025-10-19 11:49:17','2025-10-19 11:49:17'),(108,28,'https://picsum.photos/seed/a9d5f7a5-6a48-318e-b9fa-7b5c04d99e5d/800/800','Commodi sit sint enim.',0,3,'2025-10-19 11:49:17','2025-10-19 11:49:17'),(109,28,'https://picsum.photos/seed/21a26c9f-ceb5-34ff-9570-84343cb1ba2c/800/800','Et est voluptatum cumque.',0,9,'2025-10-19 11:49:17','2025-10-19 11:49:17'),(110,29,'https://picsum.photos/seed/756d6aad-7547-32a5-b3aa-f78c1cae25df/800/800','Quaerat et voluptatem id.',1,7,'2025-10-19 11:49:17','2025-10-19 11:49:17'),(111,29,'https://picsum.photos/seed/e8c6f2d6-93ef-3bd9-ba87-96925db92620/800/800','Accusamus quidem quis natus.',0,5,'2025-10-19 11:49:17','2025-10-19 11:49:17'),(112,29,'https://picsum.photos/seed/75dc950c-34ab-30a7-a43a-34ed07431aa4/800/800','Consectetur veritatis autem laboriosam.',0,7,'2025-10-19 11:49:17','2025-10-19 11:49:17'),(113,29,'https://picsum.photos/seed/a71cedec-8af1-32b9-b6de-22e770dfb410/800/800','Qui accusantium id corporis.',0,9,'2025-10-19 11:49:17','2025-10-19 11:49:17'),(114,30,'https://picsum.photos/seed/f353e381-d772-3bc1-b11a-2b66c6ca21ff/800/800','Sit explicabo unde ut.',1,7,'2025-10-19 11:49:17','2025-10-19 11:49:17'),(115,30,'https://picsum.photos/seed/975bf226-697a-34a1-883e-1577abe69dc5/800/800','Magnam veniam aut quos exercitationem.',0,8,'2025-10-19 11:49:17','2025-10-19 11:49:17'),(116,30,'https://picsum.photos/seed/1669a619-3446-33f7-a32e-8e97d78919b6/800/800','Sint nostrum quis aut.',0,2,'2025-10-19 11:49:17','2025-10-19 11:49:17'),(117,31,'https://picsum.photos/seed/a7771763-8912-3be6-8392-87a53774b656/800/800','Illum voluptatem eum non quae.',1,7,'2025-10-19 11:49:17','2025-10-19 11:49:17'),(118,31,'https://picsum.photos/seed/d5551925-4931-3395-8c50-9a065aae6be8/800/800','Ut magni nesciunt.',0,9,'2025-10-19 11:49:17','2025-10-19 11:49:17'),(119,31,'https://picsum.photos/seed/73755991-9f9d-3b94-bbc1-5da56d9da4aa/800/800','Officia nemo.',0,1,'2025-10-19 11:49:17','2025-10-19 11:49:17'),(120,31,'https://picsum.photos/seed/bdd14fec-19cd-377b-8f42-cb486036a55f/800/800','Veniam voluptatem sed accusantium maiores.',0,3,'2025-10-19 11:49:17','2025-10-19 11:49:17'),(121,31,'https://picsum.photos/seed/c3dbb37d-55a1-369e-855f-9d1da329452b/800/800','Aut sit quis.',0,5,'2025-10-19 11:49:17','2025-10-19 11:49:17'),(122,32,'https://picsum.photos/seed/02f69135-5834-3243-883f-bf8c6e631c7d/800/800','Ullam eos est magni.',1,3,'2025-10-19 11:49:17','2025-10-19 11:49:17'),(123,32,'https://picsum.photos/seed/213892b1-f2e1-3df8-8071-da05f1e7ce02/800/800','Necessitatibus ullam veritatis.',0,8,'2025-10-19 11:49:17','2025-10-19 11:49:17'),(124,32,'https://picsum.photos/seed/ebd94ce5-4f8a-3d2b-ad59-fc6fa065176f/800/800','Modi ex voluptatem omnis.',0,1,'2025-10-19 11:49:17','2025-10-19 11:49:17'),(125,33,'https://picsum.photos/seed/b1f7ef52-6355-31a4-b4af-ee38adfd8082/800/800','Dolor alias ratione.',1,2,'2025-10-19 11:49:17','2025-10-19 11:49:17'),(126,33,'https://picsum.photos/seed/13f96af4-47af-3775-8c99-497a715a4b80/800/800','Saepe dignissimos eos.',0,2,'2025-10-19 11:49:17','2025-10-19 11:49:17'),(127,33,'https://picsum.photos/seed/12507292-a600-3a35-9b5a-80ebc7c77b91/800/800','Dolor odio eos odio.',0,2,'2025-10-19 11:49:17','2025-10-19 11:49:17'),(128,34,'https://picsum.photos/seed/a761626f-f69c-39c5-8d6f-441aec42a396/800/800','Ut ipsum officia.',1,2,'2025-10-19 11:49:17','2025-10-19 11:49:17'),(129,34,'https://picsum.photos/seed/88dc8187-8ae9-38bf-8e79-a83014931cb6/800/800','Facilis minus laudantium.',0,8,'2025-10-19 11:49:17','2025-10-19 11:49:17'),(130,34,'https://picsum.photos/seed/fa9a6dda-4be0-3114-bdf7-00121d1affb5/800/800','Culpa ut enim.',0,8,'2025-10-19 11:49:17','2025-10-19 11:49:17'),(131,34,'https://picsum.photos/seed/4aab9c6b-4461-3148-bee8-c5e1da8a1388/800/800','Quis quis aperiam ea.',0,2,'2025-10-19 11:49:17','2025-10-19 11:49:17'),(132,35,'https://picsum.photos/seed/cd0d5227-cbdc-3a09-b583-b3e3dbc5ef06/800/800','Incidunt nisi dolore.',1,9,'2025-10-19 11:49:17','2025-10-19 11:49:17'),(133,35,'https://picsum.photos/seed/07c4d235-756e-3edc-8460-0600fb86a319/800/800','Est quas minus aut.',0,2,'2025-10-19 11:49:17','2025-10-19 11:49:17'),(134,35,'https://picsum.photos/seed/78a67c0e-51bd-3d83-94ee-5b9c4534fcaa/800/800','Libero voluptatem ullam.',0,10,'2025-10-19 11:49:17','2025-10-19 11:49:17'),(135,36,'https://picsum.photos/seed/7e02f3d1-6c38-39ca-89ce-ce7c9957e0eb/800/800','Eveniet quo eum vel.',1,3,'2025-10-19 11:49:17','2025-10-19 11:49:17'),(136,36,'https://picsum.photos/seed/d9572cb7-c462-3589-a059-9c48a2be645b/800/800','Labore ut qui aut.',0,9,'2025-10-19 11:49:17','2025-10-19 11:49:17'),(137,36,'https://picsum.photos/seed/52ae48ae-213f-3f81-9e8c-9cfa4de633b2/800/800','Amet et totam dolor blanditiis.',0,7,'2025-10-19 11:49:17','2025-10-19 11:49:17'),(138,37,'https://picsum.photos/seed/d896d1bc-6325-3a2a-92e6-0a7c7f6be825/800/800','In sapiente iusto voluptatem.',1,10,'2025-10-19 11:49:17','2025-10-19 11:49:17'),(139,37,'https://picsum.photos/seed/378a802d-112b-36c4-a541-9e25a140ce5a/800/800','Sunt adipisci ea necessitatibus.',0,10,'2025-10-19 11:49:17','2025-10-19 11:49:17'),(140,37,'https://picsum.photos/seed/9a1e0a57-e8cb-39f8-845c-663e6e616d9e/800/800','Consequatur quae est.',0,7,'2025-10-19 11:49:17','2025-10-19 11:49:17'),(141,37,'https://picsum.photos/seed/51920d36-d618-322e-9bd5-41004481e242/800/800','Explicabo qui modi aut.',0,5,'2025-10-19 11:49:17','2025-10-19 11:49:17'),(142,37,'https://picsum.photos/seed/4e17efbb-ac33-3173-9c44-cb6f3cec512a/800/800','Aspernatur quis nostrum sit.',0,6,'2025-10-19 11:49:17','2025-10-19 11:49:17'),(143,38,'https://picsum.photos/seed/7b0ac172-4694-380a-93c7-00dedd432e78/800/800','Error est ipsum.',1,2,'2025-10-19 11:49:17','2025-10-19 11:49:18'),(144,38,'https://picsum.photos/seed/074e5fb0-0878-3773-bdbd-b2ce3191ea13/800/800','Optio dolorem placeat occaecati.',0,10,'2025-10-19 11:49:18','2025-10-19 11:49:18'),(145,38,'https://picsum.photos/seed/6c9cd13d-16dc-3c60-91a1-0e7ce4af47e7/800/800','Voluptas sapiente non.',0,8,'2025-10-19 11:49:18','2025-10-19 11:49:18'),(146,39,'https://picsum.photos/seed/fd1f4000-eb07-3c21-a6f4-c504ac81900f/800/800','Illum sit maiores unde.',1,1,'2025-10-19 11:49:18','2025-10-19 11:49:18'),(147,39,'https://picsum.photos/seed/ae388b4f-a069-3031-82e3-ce45591fb61d/800/800','Eligendi ipsa non.',0,9,'2025-10-19 11:49:18','2025-10-19 11:49:18'),(148,39,'https://picsum.photos/seed/533d49fb-8f70-3692-806a-67523f25d636/800/800','Voluptates unde eligendi magnam.',0,7,'2025-10-19 11:49:18','2025-10-19 11:49:18'),(149,39,'https://picsum.photos/seed/32b57ca0-9c2f-3c70-b186-1e1f8d1b8621/800/800','Ullam excepturi eligendi.',0,4,'2025-10-19 11:49:18','2025-10-19 11:49:18'),(150,39,'https://picsum.photos/seed/8f88bb0c-07cc-3ce9-8bef-75126f8dcb5b/800/800','Ut praesentium facere possimus.',0,7,'2025-10-19 11:49:18','2025-10-19 11:49:18'),(151,40,'https://picsum.photos/seed/9f28156d-47ef-309a-a131-b609aa725c70/800/800','Ut enim.',1,4,'2025-10-19 11:49:18','2025-10-19 11:49:18'),(152,40,'https://picsum.photos/seed/2f7eadab-4c4c-30cd-84f2-ec9d17a992bb/800/800','Fugit impedit perferendis nam.',0,5,'2025-10-19 11:49:18','2025-10-19 11:49:18'),(153,40,'https://picsum.photos/seed/cab8d667-3fb8-3c2b-9d58-84db60676916/800/800','Natus omnis dolores quam.',0,6,'2025-10-19 11:49:18','2025-10-19 11:49:18'),(154,41,'https://picsum.photos/seed/10b1a02c-5fa3-37fd-bcc4-9f7d016abe85/800/800','Eaque et.',1,3,'2025-10-19 11:49:18','2025-10-19 11:49:18'),(155,41,'https://picsum.photos/seed/4e6689e5-fa08-3930-a244-a8e1e8abb2d8/800/800','Aut et voluptas.',0,6,'2025-10-19 11:49:18','2025-10-19 11:49:18'),(156,41,'https://picsum.photos/seed/e96e5fed-97cc-3875-ba6d-5a33493ebe9f/800/800','Et nulla non voluptatem.',0,6,'2025-10-19 11:49:18','2025-10-19 11:49:18'),(157,41,'https://picsum.photos/seed/c6a94bc9-2975-38d4-a576-7a0c5149efe3/800/800','Quisquam nostrum nam iusto.',0,6,'2025-10-19 11:49:18','2025-10-19 11:49:18'),(158,41,'https://picsum.photos/seed/8cce4344-66d0-398b-91b7-26dbeca03c7e/800/800','Quo occaecati facilis rerum.',0,4,'2025-10-19 11:49:18','2025-10-19 11:49:18'),(159,42,'https://picsum.photos/seed/29335059-d956-3e2a-820d-01f3c2dbbae0/800/800','Omnis ex doloribus.',1,7,'2025-10-19 11:49:18','2025-10-19 11:49:18'),(160,42,'https://picsum.photos/seed/61b720ec-98f4-3273-8748-9adc65cf0426/800/800','Repellat qui quaerat nesciunt soluta.',0,2,'2025-10-19 11:49:18','2025-10-19 11:49:18'),(161,42,'https://picsum.photos/seed/dac81c23-14ac-3f7c-abbd-4f6f616b0cb9/800/800','Ex tempore tempora blanditiis.',0,4,'2025-10-19 11:49:18','2025-10-19 11:49:18'),(162,42,'https://picsum.photos/seed/434ce15b-de3c-3a7b-9c38-3c7ab3ce94eb/800/800','Enim et.',0,5,'2025-10-19 11:49:18','2025-10-19 11:49:18'),(163,43,'https://picsum.photos/seed/4f780965-7e3c-3a9c-80a9-1c271ad87ec0/800/800','Non qui consequatur.',1,9,'2025-10-19 11:49:18','2025-10-19 11:49:18'),(164,43,'https://picsum.photos/seed/17482eb9-a81b-3c10-a0b0-27a63a77353b/800/800','Quibusdam atque explicabo dolorem.',0,4,'2025-10-19 11:49:18','2025-10-19 11:49:18'),(165,43,'https://picsum.photos/seed/23a3a274-77bc-31a7-89ac-46eabb70154f/800/800','Delectus amet beatae.',0,1,'2025-10-19 11:49:18','2025-10-19 11:49:18'),(166,44,'https://picsum.photos/seed/150e8ce7-2add-38f1-9594-1eadff1d8029/800/800','Quidem impedit voluptatem repudiandae.',1,8,'2025-10-19 11:49:18','2025-10-19 11:49:18'),(167,44,'https://picsum.photos/seed/a2bcac6c-ceb3-3707-a9a2-cb39838ed7b6/800/800','Nobis dolorem quae.',0,3,'2025-10-19 11:49:18','2025-10-19 11:49:18'),(168,44,'https://picsum.photos/seed/ca59e04e-25d9-3cd6-a5e8-7ab6ce56379a/800/800','Recusandae repellendus dicta.',0,1,'2025-10-19 11:49:18','2025-10-19 11:49:18'),(169,45,'https://picsum.photos/seed/cfd069f4-45a5-3527-940b-9e7a905a9d7c/800/800','Nulla illum dolore quam dolores.',1,9,'2025-10-19 11:49:18','2025-10-19 11:49:18'),(170,45,'https://picsum.photos/seed/a4ef6c6b-45e7-3f19-b590-89b1d1f9fb2f/800/800','Deserunt dicta libero itaque dicta.',0,7,'2025-10-19 11:49:18','2025-10-19 11:49:18'),(171,45,'https://picsum.photos/seed/01285442-af05-3ede-8a1b-8e0d86248772/800/800','Laudantium officia quae et.',0,4,'2025-10-19 11:49:18','2025-10-19 11:49:18'),(172,45,'https://picsum.photos/seed/bf644265-0eb2-39ef-bc41-db43df9bc60b/800/800','Omnis atque doloremque est laborum.',0,1,'2025-10-19 11:49:18','2025-10-19 11:49:18'),(173,46,'https://picsum.photos/seed/dd6647a0-20e0-3182-9597-74e9a5c0cc74/800/800','Accusamus aut praesentium est.',1,8,'2025-10-19 11:49:18','2025-10-19 11:49:18'),(174,46,'https://picsum.photos/seed/d853c5e8-e77f-3561-bd8e-96b0e46ad55b/800/800','Provident non corporis.',0,5,'2025-10-19 11:49:18','2025-10-19 11:49:18'),(175,46,'https://picsum.photos/seed/2cf8fa82-3046-38d5-9916-1a9852c2eaee/800/800','Vero voluptatem sit aliquam.',0,10,'2025-10-19 11:49:18','2025-10-19 11:49:18'),(176,47,'https://picsum.photos/seed/7157b8c6-5197-3116-9d1b-549b226d92cf/800/800','Maxime qui eligendi.',1,2,'2025-10-19 11:49:18','2025-10-19 11:49:18'),(177,47,'https://picsum.photos/seed/6367175b-921d-30ed-be76-70162b471676/800/800','Neque dolorem consequatur.',0,6,'2025-10-19 11:49:18','2025-10-19 11:49:18'),(178,47,'https://picsum.photos/seed/50847ea2-1dab-3f20-bdce-82932bf95cde/800/800','Earum ut non.',0,10,'2025-10-19 11:49:18','2025-10-19 11:49:18'),(179,48,'https://picsum.photos/seed/ec0823ac-7732-36f3-af64-28bbb5b98d0f/800/800','Nesciunt assumenda et sapiente.',1,3,'2025-10-19 11:49:18','2025-10-19 11:49:18'),(180,48,'https://picsum.photos/seed/e9981ee8-44e2-332e-bb14-982b65da6632/800/800','Quis quis nostrum.',0,6,'2025-10-19 11:49:18','2025-10-19 11:49:18'),(181,48,'https://picsum.photos/seed/cee8969c-10b4-3476-adc4-bb9819f8ae04/800/800','Aut doloremque numquam.',0,10,'2025-10-19 11:49:18','2025-10-19 11:49:18'),(182,49,'https://picsum.photos/seed/f5d51d89-c4a5-34e1-89c0-4f425140179a/800/800','Cupiditate ut aliquid.',1,2,'2025-10-19 11:49:18','2025-10-19 11:49:18'),(183,49,'https://picsum.photos/seed/a1daf6ac-8a87-3241-959d-e77549e0d76d/800/800','Earum facere iure.',0,9,'2025-10-19 11:49:18','2025-10-19 11:49:18'),(184,49,'https://picsum.photos/seed/09547293-c13a-399d-95d6-7083bdeefb9d/800/800','Doloribus ratione voluptatem ea.',0,3,'2025-10-19 11:49:18','2025-10-19 11:49:18'),(185,49,'https://picsum.photos/seed/42a26d44-6fbb-3fc9-bd77-1e29369c7774/800/800','Qui cumque et.',0,7,'2025-10-19 11:49:18','2025-10-19 11:49:18'),(186,50,'https://picsum.photos/seed/b937d319-07a0-323b-96c4-cefcba2182b7/800/800','Error dolores minus voluptates.',1,10,'2025-10-19 11:49:18','2025-10-19 11:49:18'),(187,50,'https://picsum.photos/seed/3aa8a827-1e62-3c13-a478-9b2f60fc1da5/800/800','Aut voluptatem.',0,6,'2025-10-19 11:49:18','2025-10-19 11:49:18'),(188,50,'https://picsum.photos/seed/4c116026-d183-380e-b8e2-a517f9b2cedc/800/800','Natus dolorum nostrum.',0,2,'2025-10-19 11:49:18','2025-10-19 11:49:18'),(189,50,'https://picsum.photos/seed/2eccccdc-c412-36b4-b6e6-8c1f113df955/800/800','Soluta voluptatum necessitatibus.',0,3,'2025-10-19 11:49:18','2025-10-19 11:49:18'),(190,50,'https://picsum.photos/seed/7fd40c44-7fd0-3638-aade-79724e663646/800/800','Dolores numquam nemo enim.',0,2,'2025-10-19 11:49:18','2025-10-19 11:49:18'),(191,51,'https://picsum.photos/seed/59fecfb4-f946-3510-b0bb-edb5f61817d8/800/800','Quia dolorem officiis amet.',1,5,'2025-10-19 11:49:18','2025-10-19 11:49:18'),(192,51,'https://picsum.photos/seed/ae1e8f92-513f-3b33-bc9a-2b26d7c857a2/800/800','Quae voluptatem fugit.',0,7,'2025-10-19 11:49:18','2025-10-19 11:49:18'),(193,51,'https://picsum.photos/seed/7d4f42f2-f0da-3b55-8883-bc45b0293066/800/800','Sed ut facilis.',0,3,'2025-10-19 11:49:18','2025-10-19 11:49:18'),(194,52,'https://picsum.photos/seed/c4079795-e9f8-381a-a40f-fdc318c48941/800/800','Eaque rerum sit.',1,4,'2025-10-19 11:49:18','2025-10-19 11:49:18'),(195,52,'https://picsum.photos/seed/2d0342e5-4a86-3a65-990b-61ac42132f73/800/800','Nam autem temporibus dolorum.',0,7,'2025-10-19 11:49:18','2025-10-19 11:49:18'),(196,52,'https://picsum.photos/seed/701025b5-15c4-374b-94b6-d9046e0c6f23/800/800','Qui nemo id.',0,7,'2025-10-19 11:49:18','2025-10-19 11:49:18'),(197,52,'https://picsum.photos/seed/a81b34a9-1fcf-3299-9bbb-3fff73aa069c/800/800','Soluta cumque aspernatur doloribus.',0,8,'2025-10-19 11:49:18','2025-10-19 11:49:18'),(198,53,'https://picsum.photos/seed/343f8d18-cf47-36db-ac8a-56eab4a92d15/800/800','Eos fugiat nobis tempora culpa.',1,8,'2025-10-19 11:49:18','2025-10-19 11:49:18'),(199,53,'https://picsum.photos/seed/be34cae9-9fa6-384b-8b76-3d310bb68e16/800/800','In pariatur vitae voluptatem.',0,4,'2025-10-19 11:49:18','2025-10-19 11:49:18'),(200,53,'https://picsum.photos/seed/52651fc5-0048-3200-86b0-603bfd10efe1/800/800','Placeat suscipit aliquam.',0,4,'2025-10-19 11:49:18','2025-10-19 11:49:18'),(201,54,'https://picsum.photos/seed/515a1128-74db-3cef-8010-2c0a51d33c43/800/800','Sint quia assumenda.',1,2,'2025-10-19 11:49:18','2025-10-19 11:49:18'),(202,54,'https://picsum.photos/seed/78c60304-413e-33d0-ba14-7def49919b04/800/800','Eos et.',0,10,'2025-10-19 11:49:18','2025-10-19 11:49:18'),(203,54,'https://picsum.photos/seed/a8235ee9-ddb6-3385-b74a-0bd21563ed35/800/800','Voluptatibus officiis et eaque.',0,2,'2025-10-19 11:49:18','2025-10-19 11:49:18'),(204,54,'https://picsum.photos/seed/2162a656-a615-3723-bdf9-7234a6ea6a51/800/800','Possimus tempora aut ea.',0,6,'2025-10-19 11:49:18','2025-10-19 11:49:18'),(205,54,'https://picsum.photos/seed/51eb09f8-e2a5-38d3-be93-d0140fb81c5a/800/800','Ut et inventore cupiditate.',0,8,'2025-10-19 11:49:18','2025-10-19 11:49:18'),(206,55,'https://picsum.photos/seed/c3d99a6d-3ad7-3a21-9d44-c4c3da754ddd/800/800','Itaque sint tempore.',1,7,'2025-10-19 11:49:18','2025-10-19 11:49:18'),(207,55,'https://picsum.photos/seed/313932eb-5321-35c9-b5e8-e6c28984c2a1/800/800','Numquam aspernatur enim sit.',0,7,'2025-10-19 11:49:18','2025-10-19 11:49:18'),(208,55,'https://picsum.photos/seed/a3212945-3eae-31e8-b70e-7d1e7476f88c/800/800','Ducimus natus enim dolores ipsa.',0,5,'2025-10-19 11:49:18','2025-10-19 11:49:18'),(209,56,'https://picsum.photos/seed/3757abf3-9469-35d1-b29c-4cf107adad84/800/800','Esse delectus ad corrupti.',1,2,'2025-10-19 11:49:18','2025-10-19 11:49:18'),(210,56,'https://picsum.photos/seed/eee6079c-3d02-3486-b46e-92f4f4276daf/800/800','Et consequuntur est et.',0,7,'2025-10-19 11:49:18','2025-10-19 11:49:18'),(211,56,'https://picsum.photos/seed/afb9efeb-084c-3e03-b67c-46a9709922d3/800/800','Neque suscipit ipsam.',0,8,'2025-10-19 11:49:18','2025-10-19 11:49:18'),(212,56,'https://picsum.photos/seed/202c6b75-18fc-34e2-8fed-ac5940ab3d5b/800/800','Asperiores earum iure ducimus.',0,5,'2025-10-19 11:49:18','2025-10-19 11:49:18'),(213,56,'https://picsum.photos/seed/a6ed20c3-d014-3b2f-aed5-fc6ec44198c6/800/800','Et sint saepe repellat.',0,2,'2025-10-19 11:49:18','2025-10-19 11:49:18'),(214,57,'https://picsum.photos/seed/c86030d1-2792-3373-a629-b6b0659ddff1/800/800','Soluta voluptas vero rerum.',1,9,'2025-10-19 11:49:18','2025-10-19 11:49:18'),(215,57,'https://picsum.photos/seed/49ebfa26-fcd0-32aa-9bcd-a1d673a5f98a/800/800','Voluptatem consectetur consequatur corporis.',0,3,'2025-10-19 11:49:18','2025-10-19 11:49:18'),(216,57,'https://picsum.photos/seed/a9958421-0934-3a6e-80d2-668fa0171512/800/800','Rerum voluptatem animi.',0,6,'2025-10-19 11:49:18','2025-10-19 11:49:18'),(217,57,'https://picsum.photos/seed/85e2b1b8-e621-33fc-b162-1729a3231fe7/800/800','Aspernatur quis architecto doloremque ut.',0,10,'2025-10-19 11:49:18','2025-10-19 11:49:18'),(218,58,'https://picsum.photos/seed/3fbb5fc6-49c4-39e5-9112-9c7fd28a1a47/800/800','Aspernatur dignissimos commodi.',1,10,'2025-10-19 11:49:18','2025-10-19 11:49:18'),(219,58,'https://picsum.photos/seed/47998875-74e3-3f34-ab92-089e7deed6f4/800/800','Voluptatibus vitae voluptatem.',0,1,'2025-10-19 11:49:18','2025-10-19 11:49:18'),(220,58,'https://picsum.photos/seed/62c435fd-ea0b-3e69-a7eb-25cee75f6e6c/800/800','Nam dignissimos dolor alias.',0,4,'2025-10-19 11:49:18','2025-10-19 11:49:18'),(221,59,'https://picsum.photos/seed/e541d97d-39a5-3a69-8913-4c28135c648f/800/800','Veritatis iusto.',1,5,'2025-10-19 11:49:18','2025-10-19 11:49:18'),(222,59,'https://picsum.photos/seed/d6bcfcef-1319-3eed-af8f-1e2444d11c69/800/800','Distinctio non iusto.',0,10,'2025-10-19 11:49:18','2025-10-19 11:49:18'),(223,59,'https://picsum.photos/seed/ede2b165-5545-3b2e-ae7d-b943541088a4/800/800','Repellat eaque libero.',0,8,'2025-10-19 11:49:18','2025-10-19 11:49:18'),(224,60,'https://picsum.photos/seed/3d5d9ef8-6996-360b-9fe6-646eaaabe94a/800/800','Quaerat dolorem eos maiores.',1,6,'2025-10-19 11:49:18','2025-10-19 11:49:18'),(225,60,'https://picsum.photos/seed/2cc49183-6dfb-360b-9ffb-d2c5ad85155a/800/800','Aliquid earum dolorem.',0,10,'2025-10-19 11:49:18','2025-10-19 11:49:18'),(226,60,'https://picsum.photos/seed/7aa89577-3ab1-31a2-b7b2-30a568d0f474/800/800','Ex ipsam tenetur laboriosam.',0,5,'2025-10-19 11:49:18','2025-10-19 11:49:18'),(227,60,'https://picsum.photos/seed/55515194-4fba-3be3-9bc0-1bcc969bbdab/800/800','Itaque alias culpa rerum.',0,3,'2025-10-19 11:49:18','2025-10-19 11:49:18'),(228,61,'https://picsum.photos/seed/7992b086-d72c-3e43-a28e-90f7633ab06c/800/800','Deleniti harum aperiam aut voluptatem.',1,9,'2025-10-19 11:49:18','2025-10-19 11:49:18'),(229,61,'https://picsum.photos/seed/e5524fa5-5c47-3e00-a48f-401d67dcb2f4/800/800','Dolorem omnis perferendis corporis.',0,10,'2025-10-19 11:49:18','2025-10-19 11:49:18'),(230,61,'https://picsum.photos/seed/e828d73a-53c7-36f3-9237-d16775e7c65c/800/800','Eum rerum consequuntur distinctio.',0,7,'2025-10-19 11:49:18','2025-10-19 11:49:18'),(231,61,'https://picsum.photos/seed/2456534a-5b2c-3677-b902-3e4e8df8b378/800/800','Cum quia voluptatum.',0,8,'2025-10-19 11:49:18','2025-10-19 11:49:18'),(232,62,'https://picsum.photos/seed/7a5975c6-28f9-304c-859d-75b55f86d6e5/800/800','Consequatur iusto aliquam aut.',1,2,'2025-10-19 11:49:18','2025-10-19 11:49:18'),(233,62,'https://picsum.photos/seed/56cb4022-117f-3045-97c7-0ee6f069a4f9/800/800','Molestiae omnis omnis.',0,7,'2025-10-19 11:49:18','2025-10-19 11:49:18'),(234,62,'https://picsum.photos/seed/de4ffea6-dbce-37be-8e15-aa47fca32893/800/800','Quidem aut eos quidem.',0,9,'2025-10-19 11:49:18','2025-10-19 11:49:18'),(235,62,'https://picsum.photos/seed/9b9018df-2de2-38e4-b31c-769d73ad892f/800/800','Ratione aut facilis deleniti.',0,6,'2025-10-19 11:49:18','2025-10-19 11:49:18'),(236,62,'https://picsum.photos/seed/fcfadb24-1c34-35da-9ca3-45a145c865f2/800/800','Nulla odio assumenda.',0,6,'2025-10-19 11:49:18','2025-10-19 11:49:18'),(237,63,'https://picsum.photos/seed/b43a8068-9c87-3b91-8d3b-ae65d8aa9bf5/800/800','Veniam molestiae.',1,3,'2025-10-19 11:49:18','2025-10-19 11:49:18'),(238,63,'https://picsum.photos/seed/5801d7cc-ce71-38ff-bdb8-e6215e8f5cb6/800/800','In quidem et nostrum.',0,1,'2025-10-19 11:49:18','2025-10-19 11:49:18'),(239,63,'https://picsum.photos/seed/2ede92ad-8541-3f12-aab9-55bd969c130f/800/800','Placeat animi.',0,2,'2025-10-19 11:49:18','2025-10-19 11:49:18'),(240,63,'https://picsum.photos/seed/57464fb6-7220-31db-a315-147e5e91f3a4/800/800','Qui eum qui.',0,10,'2025-10-19 11:49:18','2025-10-19 11:49:18'),(241,63,'https://picsum.photos/seed/6c45158f-574d-3045-8890-dbc56cdac7fe/800/800','Magni a deleniti.',0,7,'2025-10-19 11:49:18','2025-10-19 11:49:18'),(242,64,'https://picsum.photos/seed/91636f2f-2c9d-39b5-8ce4-8a5f83c8547a/800/800','Sit quo veniam ea.',1,10,'2025-10-19 11:49:18','2025-10-19 11:49:18'),(243,64,'https://picsum.photos/seed/46ddafe9-97c7-310b-9385-5ecb08d0891b/800/800','Sunt inventore voluptatem sint quibusdam.',0,10,'2025-10-19 11:49:18','2025-10-19 11:49:18'),(244,64,'https://picsum.photos/seed/d0381b1e-6c8c-3322-9ccb-5d2d033cee84/800/800','Nulla odit excepturi soluta.',0,6,'2025-10-19 11:49:18','2025-10-19 11:49:18'),(245,64,'https://picsum.photos/seed/725381db-1cfa-3b57-a33c-7906160056f0/800/800','Rerum consequatur aut.',0,5,'2025-10-19 11:49:18','2025-10-19 11:49:18'),(246,65,'https://picsum.photos/seed/541afe09-f513-330c-8454-4b21095af8de/800/800','Aut fugit.',1,9,'2025-10-19 11:49:18','2025-10-19 11:49:18'),(247,65,'https://picsum.photos/seed/558e8ee5-9ea6-3aca-afc4-d7c24876b1a5/800/800','Est perspiciatis enim.',0,9,'2025-10-19 11:49:18','2025-10-19 11:49:18'),(248,65,'https://picsum.photos/seed/551a551b-dbf5-3ddd-ad2e-5cb90b029243/800/800','Est dolorem voluptatem.',0,1,'2025-10-19 11:49:18','2025-10-19 11:49:18'),(249,65,'https://picsum.photos/seed/057cc2e6-9451-3a00-a8e3-cfc2268a9d48/800/800','Voluptas molestias qui dolorem.',0,10,'2025-10-19 11:49:18','2025-10-19 11:49:18'),(250,65,'https://picsum.photos/seed/5290d701-77e9-3c43-9159-06a60fe119a5/800/800','Debitis aliquam facilis neque.',0,10,'2025-10-19 11:49:18','2025-10-19 11:49:18'),(251,66,'https://picsum.photos/seed/9b53748e-361a-321e-8b78-26b3c6542f8c/800/800','Eaque et vel.',1,3,'2025-10-19 11:49:18','2025-10-19 11:49:18'),(252,66,'https://picsum.photos/seed/b0543e30-8ed8-324d-9bd8-dbfe068aeaf4/800/800','Rerum ut possimus.',0,3,'2025-10-19 11:49:18','2025-10-19 11:49:18'),(253,66,'https://picsum.photos/seed/07952ac6-e2f7-3d10-90d7-be3a455b0169/800/800','Et ducimus dolore.',0,10,'2025-10-19 11:49:18','2025-10-19 11:49:18'),(254,66,'https://picsum.photos/seed/90fd12d1-8632-3aa1-bda5-47b50a5e5185/800/800','Et vel dolorum ducimus.',0,7,'2025-10-19 11:49:18','2025-10-19 11:49:18'),(255,66,'https://picsum.photos/seed/8f25dce8-5fea-3417-90d4-9feac5988157/800/800','Nihil nostrum repellat.',0,2,'2025-10-19 11:49:18','2025-10-19 11:49:18'),(256,67,'https://picsum.photos/seed/acd7af2f-61c2-35ff-a572-b5879572c807/800/800','Et ea qui.',1,10,'2025-10-19 11:49:18','2025-10-19 11:49:18'),(257,67,'https://picsum.photos/seed/82953232-1b29-35f4-9062-dc02059780da/800/800','Et et.',0,10,'2025-10-19 11:49:18','2025-10-19 11:49:18'),(258,67,'https://picsum.photos/seed/c0b87a33-5257-358d-b36e-9bbcd8bb99d7/800/800','Ut labore fugit.',0,5,'2025-10-19 11:49:18','2025-10-19 11:49:18'),(259,67,'https://picsum.photos/seed/0c2941a6-50e0-3760-8208-516ecd8a0f90/800/800','Non laudantium dignissimos.',0,10,'2025-10-19 11:49:18','2025-10-19 11:49:18'),(260,67,'https://picsum.photos/seed/b8d58e11-f8fd-3b1f-9cc1-c7a47a827607/800/800','Cupiditate voluptatem nihil.',0,7,'2025-10-19 11:49:18','2025-10-19 11:49:18'),(261,68,'https://picsum.photos/seed/4a288749-2c27-3aaf-92ea-3bb9b9798c30/800/800','Facilis quo natus sunt.',1,9,'2025-10-19 11:49:18','2025-10-19 11:49:18'),(262,68,'https://picsum.photos/seed/39d92bf9-0a8d-31bd-a902-04db07ff7264/800/800','Quasi id quia dicta.',0,7,'2025-10-19 11:49:18','2025-10-19 11:49:18'),(263,68,'https://picsum.photos/seed/3b76b3b3-19eb-32f7-aa33-996dba8b8a86/800/800','Ullam amet.',0,8,'2025-10-19 11:49:18','2025-10-19 11:49:18'),(264,68,'https://picsum.photos/seed/5b64664b-57e9-31da-b48c-8ccfec694c36/800/800','Esse magni quod.',0,6,'2025-10-19 11:49:18','2025-10-19 11:49:18'),(265,69,'https://picsum.photos/seed/f9eeb36d-5dd7-3e40-8bb7-a8dcfba39e19/800/800','Velit inventore.',1,6,'2025-10-19 11:49:18','2025-10-19 11:49:18'),(266,69,'https://picsum.photos/seed/9d361877-a70b-3118-98f1-c61d92076acd/800/800','Saepe cum animi doloribus.',0,10,'2025-10-19 11:49:18','2025-10-19 11:49:18'),(267,69,'https://picsum.photos/seed/17b97c54-977a-3d8e-81b2-3035adfe0764/800/800','Eligendi est commodi saepe vitae.',0,3,'2025-10-19 11:49:18','2025-10-19 11:49:18'),(268,70,'https://picsum.photos/seed/5c47ba67-aaa3-3c0d-ab35-d418e4d7489e/800/800','Quas rerum.',1,6,'2025-10-19 11:49:18','2025-10-19 11:49:18'),(269,70,'https://picsum.photos/seed/d954187d-fd8d-30c4-8e3e-25427f1f585f/800/800','Deserunt ab ad.',0,6,'2025-10-19 11:49:18','2025-10-19 11:49:18'),(270,70,'https://picsum.photos/seed/7b62fe35-67f0-3b70-b122-8bba7870a25f/800/800','Sunt sapiente sequi.',0,7,'2025-10-19 11:49:18','2025-10-19 11:49:18'),(271,70,'https://picsum.photos/seed/3c90b95a-da7f-3b4a-9d3f-6de5e5a9db73/800/800','Harum quae voluptate sit.',0,1,'2025-10-19 11:49:18','2025-10-19 11:49:18'),(272,71,'https://picsum.photos/seed/2c34aaf1-bf8b-38c4-9ff1-c70aaff43ec8/800/800','Aut aut voluptas molestiae.',1,1,'2025-10-19 11:49:18','2025-10-19 11:49:18'),(273,71,'https://picsum.photos/seed/b0884731-a430-3117-89a4-c055e26dd7d2/800/800','Quis doloremque quisquam.',0,10,'2025-10-19 11:49:18','2025-10-19 11:49:18'),(274,71,'https://picsum.photos/seed/bb83e050-4ed5-3350-8820-ad303e418d0a/800/800','Est dicta sunt.',0,1,'2025-10-19 11:49:18','2025-10-19 11:49:18'),(275,72,'https://picsum.photos/seed/32a98acf-32c2-301d-90e6-58b04035fea6/800/800','Iste sed sed nesciunt deserunt.',1,6,'2025-10-19 11:49:18','2025-10-19 11:49:18'),(276,72,'https://picsum.photos/seed/415c7cf6-1d42-3fe7-b3d4-6d0bd16667c2/800/800','Est quis aut voluptate accusamus.',0,4,'2025-10-19 11:49:18','2025-10-19 11:49:18'),(277,72,'https://picsum.photos/seed/0ede0c1e-4268-3222-a422-ac6259474c3e/800/800','Sed asperiores exercitationem.',0,3,'2025-10-19 11:49:18','2025-10-19 11:49:18'),(278,72,'https://picsum.photos/seed/3d695e7a-d3c7-34c5-be5a-5ecf92d14858/800/800','Eius aliquam rerum.',0,4,'2025-10-19 11:49:18','2025-10-19 11:49:18'),(279,72,'https://picsum.photos/seed/24624a60-5531-328b-b9b0-5653e33d861c/800/800','Labore impedit aperiam.',0,8,'2025-10-19 11:49:18','2025-10-19 11:49:18'),(280,73,'https://picsum.photos/seed/fafde29b-ed3c-38e9-ad05-ee6361412e98/800/800','Id rerum.',1,3,'2025-10-19 11:49:18','2025-10-19 11:49:18'),(281,73,'https://picsum.photos/seed/34d42ed2-38a9-397a-b4dd-4805ab28bcaf/800/800','Cumque et iure.',0,5,'2025-10-19 11:49:18','2025-10-19 11:49:18'),(282,73,'https://picsum.photos/seed/82a8c7f3-518e-3184-aa22-26f56e782b64/800/800','Nemo quis aut est.',0,9,'2025-10-19 11:49:18','2025-10-19 11:49:18'),(283,73,'https://picsum.photos/seed/6c082a90-8ad8-3c7b-9df4-f60218d877f5/800/800','Accusantium maiores cumque.',0,8,'2025-10-19 11:49:18','2025-10-19 11:49:18'),(284,74,'https://picsum.photos/seed/9f4124f6-8d60-396f-9f23-987905afd17e/800/800','Ut aut et quos.',1,2,'2025-10-19 11:49:18','2025-10-19 11:49:18'),(285,74,'https://picsum.photos/seed/c17edac7-86f1-319d-9bdd-e5e013413149/800/800','Cum quam et.',0,7,'2025-10-19 11:49:18','2025-10-19 11:49:18'),(286,74,'https://picsum.photos/seed/27357f65-18ed-348d-93e2-176d0055be37/800/800','Dolorem voluptatem sit.',0,6,'2025-10-19 11:49:18','2025-10-19 11:49:18'),(287,74,'https://picsum.photos/seed/16113744-1925-3a32-8c2f-8866c46a9f55/800/800','Qui sed fugit veniam.',0,3,'2025-10-19 11:49:18','2025-10-19 11:49:18'),(288,75,'https://picsum.photos/seed/ed5feb67-b019-3715-8f80-427577f329f8/800/800','Necessitatibus dolor et ut.',1,7,'2025-10-19 11:49:18','2025-10-19 11:49:18'),(289,75,'https://picsum.photos/seed/662fb8b6-643a-38af-a96d-f477c740821f/800/800','Provident velit rem omnis.',0,5,'2025-10-19 11:49:18','2025-10-19 11:49:18'),(290,75,'https://picsum.photos/seed/92555466-c87f-3611-8b52-478abcf05877/800/800','Distinctio eaque cum et.',0,6,'2025-10-19 11:49:18','2025-10-19 11:49:18'),(291,76,'https://picsum.photos/seed/84cecd79-bd39-3298-b2a5-b29bd3bb3123/800/800','Facilis reiciendis similique.',1,6,'2025-10-19 11:49:18','2025-10-19 11:49:18'),(292,76,'https://picsum.photos/seed/31a33527-a9af-3281-b8c4-13c2e64c1721/800/800','Et corporis vel.',0,7,'2025-10-19 11:49:18','2025-10-19 11:49:18'),(293,76,'https://picsum.photos/seed/3b7651d2-7480-31d3-8f90-799445770745/800/800','Fugiat velit pariatur.',0,7,'2025-10-19 11:49:18','2025-10-19 11:49:18'),(294,76,'https://picsum.photos/seed/92249876-5dbd-3dc0-9417-426bfe25aff8/800/800','Magnam perspiciatis dolorem laborum.',0,5,'2025-10-19 11:49:18','2025-10-19 11:49:18'),(295,77,'https://picsum.photos/seed/e3f98ee3-db92-36d3-a812-7bbf2381fa8d/800/800','Delectus exercitationem possimus quia.',1,10,'2025-10-19 11:49:18','2025-10-19 11:49:18'),(296,77,'https://picsum.photos/seed/019a3262-7425-3204-92d7-5ce77ae2ac67/800/800','Expedita aut.',0,6,'2025-10-19 11:49:18','2025-10-19 11:49:18'),(297,77,'https://picsum.photos/seed/3137c36e-10a8-32a1-aa10-4591cd00551d/800/800','Qui odio aliquam.',0,2,'2025-10-19 11:49:18','2025-10-19 11:49:18'),(298,77,'https://picsum.photos/seed/7967a958-2554-3afd-93d2-425c01d3acdc/800/800','Deleniti iste neque.',0,8,'2025-10-19 11:49:18','2025-10-19 11:49:18'),(299,78,'https://picsum.photos/seed/18929abf-31dd-33f1-9839-94573b5c6698/800/800','Et quaerat incidunt quo.',1,10,'2025-10-19 11:49:18','2025-10-19 11:49:18'),(300,78,'https://picsum.photos/seed/7b95a0c3-d1b5-37b4-8822-d8afd1aafb8e/800/800','Iure occaecati debitis id.',0,6,'2025-10-19 11:49:18','2025-10-19 11:49:18'),(301,78,'https://picsum.photos/seed/0a564c71-36cc-3389-830d-fe7e52804dae/800/800','Aperiam nostrum eos.',0,1,'2025-10-19 11:49:18','2025-10-19 11:49:18'),(302,78,'https://picsum.photos/seed/edbf2869-f53c-3fb8-90f5-fbe4f4951c49/800/800','Et et ratione qui.',0,1,'2025-10-19 11:49:18','2025-10-19 11:49:18'),(303,79,'https://picsum.photos/seed/558698ee-a63a-37b5-90ad-b1b83f10973c/800/800','Qui nemo aperiam corporis.',1,5,'2025-10-19 11:49:18','2025-10-19 11:49:18'),(304,79,'https://picsum.photos/seed/26b92580-5b28-3451-a123-233f938754c9/800/800','Ipsa nemo nisi.',0,7,'2025-10-19 11:49:18','2025-10-19 11:49:18'),(305,79,'https://picsum.photos/seed/19ec4754-bc3b-3d0e-b8e2-134cb5ef73aa/800/800','Et voluptatem modi.',0,10,'2025-10-19 11:49:18','2025-10-19 11:49:18'),(306,80,'https://picsum.photos/seed/43666f04-1800-31e9-a93c-ed7bf44ded43/800/800','Quae tenetur et praesentium.',1,7,'2025-10-19 11:49:18','2025-10-19 11:49:18'),(307,80,'https://picsum.photos/seed/b8967a50-706d-3380-90d9-40a527084316/800/800','Porro iusto.',0,2,'2025-10-19 11:49:18','2025-10-19 11:49:18'),(308,80,'https://picsum.photos/seed/4a05916e-4ff6-38ae-b609-a32feb49d212/800/800','Non omnis.',0,10,'2025-10-19 11:49:18','2025-10-19 11:49:18'),(309,80,'https://picsum.photos/seed/c17724ee-616e-34d8-83ce-5d827aabda38/800/800','Voluptatum vel repellat accusamus.',0,1,'2025-10-19 11:49:18','2025-10-19 11:49:18'),(310,80,'https://picsum.photos/seed/b4dca9df-343f-35f6-964c-47fe844f4774/800/800','Iste porro molestias voluptates.',0,6,'2025-10-19 11:49:18','2025-10-19 11:49:18'),(311,81,'https://picsum.photos/seed/fdf7efe3-d297-335d-9d33-ad1c65851eea/800/800','Voluptatum qui et.',1,2,'2025-10-19 11:49:18','2025-10-19 11:49:18'),(312,81,'https://picsum.photos/seed/58cc2f34-759b-3d5b-97ba-b0a5bb6f93e4/800/800','Est consequatur illo.',0,9,'2025-10-19 11:49:18','2025-10-19 11:49:18'),(313,81,'https://picsum.photos/seed/aadaa0c3-76df-3fa1-96b2-54ac4ec55803/800/800','Sit id vitae deleniti autem.',0,7,'2025-10-19 11:49:18','2025-10-19 11:49:18'),(314,81,'https://picsum.photos/seed/3e79a01d-f03a-3164-93d6-02df78d82ea6/800/800','Itaque commodi dolorem.',0,7,'2025-10-19 11:49:18','2025-10-19 11:49:18'),(315,82,'https://picsum.photos/seed/25f50831-71d8-35ef-8d68-c88388c79a6d/800/800','Dicta ut expedita.',1,7,'2025-10-19 11:49:18','2025-10-19 11:49:18'),(316,82,'https://picsum.photos/seed/c53bbb4a-9a0e-3ffd-9741-be2ab561ec27/800/800','Ratione ipsa distinctio.',0,7,'2025-10-19 11:49:18','2025-10-19 11:49:18'),(317,82,'https://picsum.photos/seed/ecbe8308-6b75-3fb4-b218-58d5f74b66dd/800/800','Quia corrupti atque cupiditate.',0,3,'2025-10-19 11:49:18','2025-10-19 11:49:18'),(318,83,'https://picsum.photos/seed/0b88a0a4-67e1-3e98-b177-e5e43a94eb44/800/800','Non velit.',1,10,'2025-10-19 11:49:18','2025-10-19 11:49:18'),(319,83,'https://picsum.photos/seed/1a66fde8-6845-3cc2-ba57-c97a72a7fa17/800/800','Expedita ullam voluptatem harum.',0,1,'2025-10-19 11:49:18','2025-10-19 11:49:18'),(320,83,'https://picsum.photos/seed/f10f01fe-06a8-3a60-bde4-e802f5cd1d84/800/800','Eligendi quia qui eveniet veritatis.',0,3,'2025-10-19 11:49:18','2025-10-19 11:49:18'),(321,83,'https://picsum.photos/seed/51cfe428-17ae-3b5a-9518-08631c4e096b/800/800','Occaecati voluptas veritatis est.',0,9,'2025-10-19 11:49:18','2025-10-19 11:49:18'),(322,83,'https://picsum.photos/seed/84452547-126a-3260-905c-b382a5d0e084/800/800','Debitis est et repellendus.',0,2,'2025-10-19 11:49:18','2025-10-19 11:49:18'),(323,84,'https://picsum.photos/seed/f8593c66-1a72-3716-996d-2ceb4a0764ed/800/800','Aut natus non et.',1,2,'2025-10-19 11:49:18','2025-10-19 11:49:18'),(324,84,'https://picsum.photos/seed/13414413-8d1f-3af2-8196-8b8d2ac10f71/800/800','Numquam fugiat vitae praesentium.',0,4,'2025-10-19 11:49:18','2025-10-19 11:49:18'),(325,84,'https://picsum.photos/seed/c32da8f4-bbf8-3ab4-8726-4b06749ead00/800/800','Et dolor beatae aliquid.',0,9,'2025-10-19 11:49:18','2025-10-19 11:49:18'),(326,85,'https://picsum.photos/seed/fd958940-5db1-332d-acae-913166466041/800/800','Expedita doloribus quisquam molestiae.',1,7,'2025-10-19 11:49:18','2025-10-19 11:49:18'),(327,85,'https://picsum.photos/seed/c1180e47-f251-3fa4-abfc-b3e91d3158c7/800/800','Commodi doloremque tenetur qui excepturi.',0,10,'2025-10-19 11:49:18','2025-10-19 11:49:18'),(328,85,'https://picsum.photos/seed/4241e867-391b-3eac-b311-60d80024dbe8/800/800','Aperiam qui cumque.',0,5,'2025-10-19 11:49:18','2025-10-19 11:49:18'),(329,85,'https://picsum.photos/seed/0a4a9183-296e-365c-9391-8c3cb637a3f9/800/800','Quia quis magni rerum.',0,7,'2025-10-19 11:49:18','2025-10-19 11:49:18'),(330,86,'https://picsum.photos/seed/5bcfe3e3-33da-3611-86ae-e3236c99c4ba/800/800','Consectetur nihil.',1,4,'2025-10-19 11:49:18','2025-10-19 11:49:18'),(331,86,'https://picsum.photos/seed/ba621236-22d4-3b61-909e-2173f7633f02/800/800','Maxime omnis corporis.',0,10,'2025-10-19 11:49:18','2025-10-19 11:49:18'),(332,86,'https://picsum.photos/seed/c3717efa-ca42-3576-836a-7a8969447ae7/800/800','Molestias quo consectetur.',0,2,'2025-10-19 11:49:18','2025-10-19 11:49:18'),(333,86,'https://picsum.photos/seed/ad0ae5e1-8b02-3ec7-9f70-3da6374b8c78/800/800','Nisi dolorem id.',0,9,'2025-10-19 11:49:18','2025-10-19 11:49:18'),(334,87,'https://picsum.photos/seed/04621f10-1034-3e1c-91ef-bb04a34a9a6c/800/800','Natus necessitatibus beatae et aut.',1,3,'2025-10-19 11:49:18','2025-10-19 11:49:18'),(335,87,'https://picsum.photos/seed/bec9945f-30f1-3193-be94-b6fd144f2da9/800/800','Sint enim possimus exercitationem.',0,10,'2025-10-19 11:49:18','2025-10-19 11:49:18'),(336,87,'https://picsum.photos/seed/4b8c125d-4e47-3a21-97ce-7896d725cd03/800/800','Qui optio et.',0,2,'2025-10-19 11:49:18','2025-10-19 11:49:18'),(337,87,'https://picsum.photos/seed/1ede6a15-03b5-3390-8df7-24930c6508c3/800/800','Sunt minus distinctio quos facere.',0,3,'2025-10-19 11:49:18','2025-10-19 11:49:18'),(338,87,'https://picsum.photos/seed/c10f60a5-9859-3c9b-909b-f7bbb209574f/800/800','Eaque omnis distinctio nisi.',0,1,'2025-10-19 11:49:18','2025-10-19 11:49:18'),(339,88,'https://picsum.photos/seed/e11b5f82-e299-3e53-96c1-42fe35051bf7/800/800','Et et accusantium.',1,8,'2025-10-19 11:49:18','2025-10-19 11:49:18'),(340,88,'https://picsum.photos/seed/a423768b-92f5-3bf9-bf6b-6a3da602ad2f/800/800','Quaerat quia quis sapiente rerum.',0,6,'2025-10-19 11:49:18','2025-10-19 11:49:18'),(341,88,'https://picsum.photos/seed/9808f863-6c18-3970-b37f-4a3ef83c191d/800/800','Et aspernatur praesentium.',0,4,'2025-10-19 11:49:18','2025-10-19 11:49:18'),(342,88,'https://picsum.photos/seed/7aefaddb-08b4-3e16-a2f6-ca56bf53c047/800/800','Totam reprehenderit iusto qui explicabo.',0,10,'2025-10-19 11:49:18','2025-10-19 11:49:18'),(343,88,'https://picsum.photos/seed/ed92e26a-5714-3588-84ae-d67a29d2a30a/800/800','Illo animi.',0,2,'2025-10-19 11:49:18','2025-10-19 11:49:18'),(344,89,'https://picsum.photos/seed/dad338d9-852b-3203-8d2e-9e983e49edb5/800/800','Saepe voluptatem.',1,4,'2025-10-19 11:49:18','2025-10-19 11:49:18'),(345,89,'https://picsum.photos/seed/551c7124-2ac0-369b-a605-2c43f8f039e2/800/800','Adipisci dolorem natus.',0,2,'2025-10-19 11:49:18','2025-10-19 11:49:18'),(346,89,'https://picsum.photos/seed/30c70b6e-2389-393f-bc8f-826982c80151/800/800','Ex quae inventore.',0,7,'2025-10-19 11:49:18','2025-10-19 11:49:18'),(347,89,'https://picsum.photos/seed/de808e2d-0e91-3d82-80cb-5132048755c4/800/800','In fugit eum.',0,5,'2025-10-19 11:49:18','2025-10-19 11:49:18'),(348,89,'https://picsum.photos/seed/192a5a3f-24b4-37c6-8499-7ed9c021792b/800/800','Iure esse neque quia id.',0,7,'2025-10-19 11:49:18','2025-10-19 11:49:18'),(349,90,'https://picsum.photos/seed/11036971-ba92-3823-b173-ebd82d6ead24/800/800','Quo officia eos qui.',1,2,'2025-10-19 11:49:18','2025-10-19 11:49:18'),(350,90,'https://picsum.photos/seed/4c081e8e-3214-3c21-af70-5de314576016/800/800','Sunt iste ipsam odio.',0,3,'2025-10-19 11:49:18','2025-10-19 11:49:18'),(351,90,'https://picsum.photos/seed/3bbfb76a-a463-395d-bcbf-8d7d7c53d42e/800/800','Temporibus rem sunt.',0,2,'2025-10-19 11:49:18','2025-10-19 11:49:18'),(352,90,'https://picsum.photos/seed/cb94cda5-62f2-3424-8ef7-397475d6e101/800/800','Velit nobis porro error distinctio.',0,3,'2025-10-19 11:49:18','2025-10-19 11:49:18'),(353,91,'https://picsum.photos/seed/211b8dae-b255-36a9-a0f6-fe2eb14a5b1a/800/800','Non est ex optio.',1,9,'2025-10-19 11:49:18','2025-10-19 11:49:18'),(354,91,'https://picsum.photos/seed/64693d14-5231-3d06-a433-c7921ceda807/800/800','Rerum rerum placeat beatae optio.',0,9,'2025-10-19 11:49:18','2025-10-19 11:49:18'),(355,91,'https://picsum.photos/seed/ef60e57a-8c29-3923-b469-cd4098e5cad6/800/800','Voluptatem laudantium est recusandae.',0,8,'2025-10-19 11:49:18','2025-10-19 11:49:18'),(356,92,'https://picsum.photos/seed/60981c12-fa80-3e96-be11-f3e974d1ee56/800/800','Ut labore eius et.',1,10,'2025-10-19 11:49:18','2025-10-19 11:49:18'),(357,92,'https://picsum.photos/seed/a95271f8-6a21-37e9-bbc7-b9a101c40d56/800/800','Et esse.',0,5,'2025-10-19 11:49:18','2025-10-19 11:49:18'),(358,92,'https://picsum.photos/seed/09f44cbd-bde2-3486-b787-e852ebe98107/800/800','Qui quas expedita.',0,1,'2025-10-19 11:49:18','2025-10-19 11:49:18'),(359,92,'https://picsum.photos/seed/d2b12902-efe0-30e8-ae49-265d4f4a05fe/800/800','Ut porro commodi velit.',0,3,'2025-10-19 11:49:18','2025-10-19 11:49:18'),(360,92,'https://picsum.photos/seed/ab5ac409-37f2-3930-9f3f-22da26eeeb9b/800/800','Totam et ut.',0,1,'2025-10-19 11:49:18','2025-10-19 11:49:18'),(361,93,'https://picsum.photos/seed/ed756829-6374-39e2-aa51-0236a1a3cbf5/800/800','Consequatur commodi inventore.',1,3,'2025-10-19 11:49:19','2025-10-19 11:49:19'),(362,93,'https://picsum.photos/seed/47171ab7-9afe-3b83-a2de-5dbee38c85e3/800/800','Distinctio repellat quo commodi.',0,8,'2025-10-19 11:49:19','2025-10-19 11:49:19'),(363,93,'https://picsum.photos/seed/71868372-7db2-3f51-896b-16518b773565/800/800','Labore deleniti et.',0,4,'2025-10-19 11:49:19','2025-10-19 11:49:19'),(364,93,'https://picsum.photos/seed/763477b7-357c-3b50-b1a4-5ff0fea45ac8/800/800','Perferendis ea libero.',0,3,'2025-10-19 11:49:19','2025-10-19 11:49:19'),(365,94,'https://picsum.photos/seed/23fafae6-8ee6-39cf-bfed-c5b4866f58b5/800/800','Velit illo eaque.',1,6,'2025-10-19 11:49:19','2025-10-19 11:49:19'),(366,94,'https://picsum.photos/seed/ac617360-7559-3a81-b1da-e1496a554bfd/800/800','Commodi quisquam tenetur non.',0,3,'2025-10-19 11:49:19','2025-10-19 11:49:19'),(367,94,'https://picsum.photos/seed/64c867a0-af5b-3ed0-a347-2389e0f15ffa/800/800','Qui voluptatem aperiam hic.',0,4,'2025-10-19 11:49:19','2025-10-19 11:49:19'),(368,94,'https://picsum.photos/seed/524d272f-e7f0-3797-829e-7848516d7d9a/800/800','Accusamus voluptate vel ut.',0,5,'2025-10-19 11:49:19','2025-10-19 11:49:19'),(369,94,'https://picsum.photos/seed/376bd8b9-4110-3fb7-8de7-cfe9102f8221/800/800','Tenetur tempora.',0,8,'2025-10-19 11:49:19','2025-10-19 11:49:19'),(370,95,'https://picsum.photos/seed/94d5d050-72bd-34fe-b0cf-cfa3bf7ee320/800/800','Placeat ullam voluptates.',1,5,'2025-10-19 11:49:19','2025-10-19 11:49:19'),(371,95,'https://picsum.photos/seed/5e9bb0db-7cb8-3ba6-ac2f-0750f9940869/800/800','Aut ea ea.',0,1,'2025-10-19 11:49:19','2025-10-19 11:49:19'),(372,95,'https://picsum.photos/seed/bb135fcb-745a-3732-96bc-5938a9b1496b/800/800','Ipsa aut quisquam.',0,10,'2025-10-19 11:49:19','2025-10-19 11:49:19'),(373,96,'https://picsum.photos/seed/d8abc1b2-3e55-38e2-8a3b-8d3376e54e1b/800/800','Non deserunt fugiat.',1,4,'2025-10-19 11:49:19','2025-10-19 11:49:19'),(374,96,'https://picsum.photos/seed/4e0ccb21-16c7-379f-92c8-fe976ae20e32/800/800','Et sed consequatur.',0,8,'2025-10-19 11:49:19','2025-10-19 11:49:19'),(375,96,'https://picsum.photos/seed/1ce8198b-5a0f-3561-bd87-9c89a30a625a/800/800','Officiis eligendi laudantium.',0,6,'2025-10-19 11:49:19','2025-10-19 11:49:19'),(376,97,'https://picsum.photos/seed/dddbd65d-a6f7-3afc-a3c4-7414a6e51180/800/800','Ipsa aspernatur vero saepe.',1,8,'2025-10-19 11:49:19','2025-10-19 11:49:19'),(377,97,'https://picsum.photos/seed/ac874f50-fd8c-32d3-a0f0-d0319dc047ab/800/800','Dignissimos et quia asperiores.',0,4,'2025-10-19 11:49:19','2025-10-19 11:49:19'),(378,97,'https://picsum.photos/seed/68ff2ce4-5b02-30ab-8211-fa7d6c4bf8d6/800/800','Quo tempora doloribus.',0,5,'2025-10-19 11:49:19','2025-10-19 11:49:19'),(379,98,'https://picsum.photos/seed/958099ac-db98-3993-8da2-1decb258716b/800/800','Aperiam aliquid ducimus.',1,3,'2025-10-19 11:49:19','2025-10-19 11:49:19'),(380,98,'https://picsum.photos/seed/556ea68a-48ed-3a17-8747-793db358dff3/800/800','Dicta sed odio quasi.',0,3,'2025-10-19 11:49:19','2025-10-19 11:49:19'),(381,98,'https://picsum.photos/seed/b28553e2-ddcc-3c5b-8971-1ef4f1ace4a8/800/800','Consequuntur natus odio aut voluptatem.',0,2,'2025-10-19 11:49:19','2025-10-19 11:49:19'),(382,99,'https://picsum.photos/seed/4da72490-ab3f-3c6a-a157-0fa4411afeff/800/800','Voluptas ut non iure.',1,10,'2025-10-19 11:49:19','2025-10-19 11:49:19'),(383,99,'https://picsum.photos/seed/994fbbd0-a1a0-394a-bff7-ac808c4fdd7e/800/800','Molestiae minima voluptas autem.',0,9,'2025-10-19 11:49:19','2025-10-19 11:49:19'),(384,99,'https://picsum.photos/seed/b93e780a-bf5d-34f3-a966-63cc3b6906ff/800/800','Tempore suscipit qui facilis.',0,3,'2025-10-19 11:49:19','2025-10-19 11:49:19'),(385,99,'https://picsum.photos/seed/8c940cdd-5943-3499-a1cc-85e359eca535/800/800','Maiores aut cumque.',0,2,'2025-10-19 11:49:19','2025-10-19 11:49:19'),(386,99,'https://picsum.photos/seed/e1382c96-0233-3562-b381-03d4ca781d96/800/800','Quae qui deleniti quis.',0,3,'2025-10-19 11:49:19','2025-10-19 11:49:19'),(387,100,'https://picsum.photos/seed/9d7095f7-1217-3fca-ba1e-4795c97127a6/800/800','Eaque non architecto.',1,7,'2025-10-19 11:49:19','2025-10-19 11:49:19'),(388,100,'https://picsum.photos/seed/dc405fde-3196-3be8-84d7-15d6187d0755/800/800','Veniam eligendi et.',0,9,'2025-10-19 11:49:19','2025-10-19 11:49:19'),(389,100,'https://picsum.photos/seed/74d10725-df89-3e23-8ee8-8a69b0b6f9d7/800/800','Quo officia ducimus sequi.',0,7,'2025-10-19 11:49:19','2025-10-19 11:49:19'),(390,100,'https://picsum.photos/seed/c3a4f797-7a82-3980-bca3-4998edfb1be4/800/800','Possimus totam omnis est.',0,10,'2025-10-19 11:49:19','2025-10-19 11:49:19');
/*!40000 ALTER TABLE `product_images` ENABLE KEYS */;
UNLOCK TABLES;

--
-- Table structure for table `product_questions`
--

DROP TABLE IF EXISTS `product_questions`;
/*!40101 SET @saved_cs_client     = @@character_set_client */;
/*!50503 SET character_set_client = utf8mb4 */;
CREATE TABLE `product_questions` (
  `id` bigint(20) unsigned NOT NULL AUTO_INCREMENT,
  `product_id` bigint(20) unsigned NOT NULL,
  `user_id` bigint(20) unsigned NOT NULL,
  `question` text NOT NULL,
  `status` enum('pending','answered','rejected') NOT NULL DEFAULT 'pending',
  `is_anonymous` tinyint(1) NOT NULL DEFAULT 0,
  `helpful_count` int(10) unsigned NOT NULL DEFAULT 0,
  `answers_count` int(10) unsigned NOT NULL DEFAULT 0,
  `is_featured` tinyint(1) NOT NULL DEFAULT 0,
  `metadata` longtext CHARACTER SET utf8mb4 COLLATE utf8mb4_bin DEFAULT NULL CHECK (json_valid(`metadata`)),
  `created_at` timestamp NULL DEFAULT NULL,
  `updated_at` timestamp NULL DEFAULT NULL,
  PRIMARY KEY (`id`),
  KEY `product_questions_product_id_status_created_at_index` (`product_id`,`status`,`created_at`),
  KEY `product_questions_user_id_status_index` (`user_id`,`status`),
  KEY `product_questions_is_featured_helpful_count_index` (`is_featured`,`helpful_count`),
  CONSTRAINT `product_questions_product_id_foreign` FOREIGN KEY (`product_id`) REFERENCES `products` (`product_id`) ON DELETE CASCADE,
  CONSTRAINT `product_questions_user_id_foreign` FOREIGN KEY (`user_id`) REFERENCES `users` (`id`) ON DELETE CASCADE
) ENGINE=InnoDB DEFAULT CHARSET=utf8mb4 COLLATE=utf8mb4_unicode_ci;
/*!40101 SET character_set_client = @saved_cs_client */;

--
-- Dumping data for table `product_questions`
--

LOCK TABLES `product_questions` WRITE;
/*!40000 ALTER TABLE `product_questions` DISABLE KEYS */;
/*!40000 ALTER TABLE `product_questions` ENABLE KEYS */;
UNLOCK TABLES;

--
-- Table structure for table `product_variants`
--

DROP TABLE IF EXISTS `product_variants`;
/*!40101 SET @saved_cs_client     = @@character_set_client */;
/*!50503 SET character_set_client = utf8mb4 */;
CREATE TABLE `product_variants` (
  `variant_id` bigint(20) unsigned NOT NULL AUTO_INCREMENT,
  `product_id` bigint(20) unsigned NOT NULL,
  `sku` varchar(100) NOT NULL,
  `price` decimal(18,2) NOT NULL,
  `discount_price` decimal(18,2) DEFAULT NULL,
  `stock_quantity` int(11) NOT NULL DEFAULT 0,
  `reserved_quantity` int(10) unsigned NOT NULL DEFAULT 0,
  `available_quantity` int(10) unsigned GENERATED ALWAYS AS (`stock_quantity` - `reserved_quantity`) STORED,
  `minimum_stock_level` int(10) unsigned NOT NULL DEFAULT 0,
  `track_inventory` tinyint(1) NOT NULL DEFAULT 1,
  `allow_backorder` tinyint(1) NOT NULL DEFAULT 0,
  `last_restocked_at` timestamp NULL DEFAULT NULL,
  `image_id` bigint(20) unsigned DEFAULT NULL,
  `created_at` timestamp NULL DEFAULT NULL,
  `updated_at` timestamp NULL DEFAULT NULL,
  `deleted_at` timestamp NULL DEFAULT NULL,
  PRIMARY KEY (`variant_id`),
  UNIQUE KEY `product_variants_sku_unique` (`sku`),
  KEY `product_variants_product_id_foreign` (`product_id`),
  KEY `product_variants_image_id_foreign` (`image_id`),
  KEY `product_variants_available_quantity_created_at_index` (`available_quantity`,`created_at`),
  KEY `product_variants_minimum_stock_level_available_quantity_index` (`minimum_stock_level`,`available_quantity`),
  KEY `product_variants_track_inventory_index` (`track_inventory`),
  CONSTRAINT `product_variants_image_id_foreign` FOREIGN KEY (`image_id`) REFERENCES `product_images` (`image_id`) ON DELETE SET NULL,
  CONSTRAINT `product_variants_product_id_foreign` FOREIGN KEY (`product_id`) REFERENCES `products` (`product_id`) ON DELETE CASCADE
) ENGINE=InnoDB AUTO_INCREMENT=158 DEFAULT CHARSET=utf8mb4 COLLATE=utf8mb4_unicode_ci;
/*!40101 SET character_set_client = @saved_cs_client */;

--
-- Dumping data for table `product_variants`
--

LOCK TABLES `product_variants` WRITE;
/*!40000 ALTER TABLE `product_variants` DISABLE KEYS */;
INSERT INTO `product_variants` (`variant_id`, `product_id`, `sku`, `price`, `discount_price`, `stock_quantity`, `reserved_quantity`, `minimum_stock_level`, `track_inventory`, `allow_backorder`, `last_restocked_at`, `image_id`, `created_at`, `updated_at`, `deleted_at`) VALUES (1,2,'SKU-64611pv',34052260.00,34031188.00,47,0,0,1,0,NULL,NULL,'2025-10-19 11:49:17','2025-10-19 11:49:17',NULL),(2,2,'SKU-71866ru',20036986.00,19961013.00,46,0,0,1,0,NULL,NULL,'2025-10-19 11:49:17','2025-10-19 11:49:17',NULL),(3,2,'SKU-98573zh',27384222.00,27352483.00,95,0,0,1,0,NULL,NULL,'2025-10-19 11:49:17','2025-10-19 11:49:17',NULL),(4,3,'SKU-82417bb',44617237.00,44564004.00,24,0,0,1,0,NULL,NULL,'2025-10-19 11:49:17','2025-10-19 11:49:17',NULL),(5,3,'SKU-06777qb',40403926.00,40352690.00,25,0,0,1,0,NULL,NULL,'2025-10-19 11:49:17','2025-10-19 11:49:17',NULL),(6,3,'SKU-97849ib',46164521.00,46102287.00,40,0,0,1,0,NULL,NULL,'2025-10-19 11:49:17','2025-10-19 11:49:17',NULL),(7,4,'SKU-36848sf',9841832.00,9811888.00,12,0,0,1,0,NULL,NULL,'2025-10-19 11:49:17','2025-10-19 11:49:17',NULL),(8,4,'SKU-18256vs',11798642.00,11708834.00,91,0,0,1,0,NULL,NULL,'2025-10-19 11:49:17','2025-10-19 11:49:17',NULL),(9,4,'SKU-00542zr',4940847.00,4922315.00,82,0,0,1,0,NULL,NULL,'2025-10-19 11:49:17','2025-10-19 11:49:17',NULL),(10,4,'SKU-73884me',23831829.00,23768545.00,90,0,0,1,0,NULL,NULL,'2025-10-19 11:49:17','2025-10-19 11:49:17',NULL),(11,4,'SKU-67775ft',37174781.00,37155368.00,45,0,0,1,0,NULL,NULL,'2025-10-19 11:49:17','2025-10-19 11:49:17',NULL),(12,4,'SKU-70188hq',37734417.00,37646841.00,6,0,0,1,0,NULL,NULL,'2025-10-19 11:49:17','2025-10-19 11:49:17',NULL),(13,4,'SKU-31660aw',30211413.00,30169696.00,22,0,0,1,0,NULL,NULL,'2025-10-19 11:49:17','2025-10-19 11:49:17',NULL),(14,4,'SKU-52180gn',44718660.00,44639343.00,3,0,0,1,0,NULL,NULL,'2025-10-19 11:49:17','2025-10-19 11:49:17',NULL),(15,4,'SKU-22688ow',27463490.00,27450253.00,48,0,0,1,0,NULL,NULL,'2025-10-19 11:49:17','2025-10-19 11:49:17',NULL),(16,9,'SKU-59975qo',42750715.00,42725807.00,77,0,0,1,0,NULL,NULL,'2025-10-19 11:49:17','2025-10-19 11:49:17',NULL),(17,9,'SKU-82852ys',8316158.00,8253270.00,98,0,0,1,0,NULL,NULL,'2025-10-19 11:49:17','2025-10-19 11:49:17',NULL),(18,11,'SKU-29379dv',3040876.00,2950855.00,79,0,0,1,0,NULL,NULL,'2025-10-19 11:49:17','2025-10-19 11:49:17',NULL),(19,12,'SKU-35088ql',13974536.00,13902579.00,31,0,0,1,0,NULL,NULL,'2025-10-19 11:49:17','2025-10-19 11:49:17',NULL),(20,12,'SKU-24193oi',29568984.00,29517748.00,33,0,0,1,0,NULL,NULL,'2025-10-19 11:49:17','2025-10-19 11:49:17',NULL),(21,13,'SKU-58010ez',41497289.00,41422788.00,24,0,0,1,0,NULL,NULL,'2025-10-19 11:49:17','2025-10-19 11:49:17',NULL),(22,13,'SKU-71244os',10339434.00,10261392.00,59,0,0,1,0,NULL,NULL,'2025-10-19 11:49:17','2025-10-19 11:49:17',NULL),(23,13,'SKU-36949vx',23777974.00,23715370.00,10,0,0,1,0,NULL,NULL,'2025-10-19 11:49:17','2025-10-19 11:49:17',NULL),(24,15,'SKU-41874gk',29680276.00,29654132.00,34,0,0,1,0,NULL,NULL,'2025-10-19 11:49:17','2025-10-19 11:49:17',NULL),(25,15,'SKU-69518hg',3441314.00,3375535.00,25,0,0,1,0,NULL,NULL,'2025-10-19 11:49:17','2025-10-19 11:49:17',NULL),(26,19,'SKU-01896ls',21437162.00,21411770.00,76,0,0,1,0,NULL,NULL,'2025-10-19 11:49:17','2025-10-19 11:49:17',NULL),(27,19,'SKU-94659hv',11266281.00,11200877.00,59,0,0,1,0,NULL,NULL,'2025-10-19 11:49:17','2025-10-19 11:49:17',NULL),(28,20,'SKU-59399ef',16640976.00,16587543.00,86,0,0,1,0,NULL,NULL,'2025-10-19 11:49:17','2025-10-19 11:49:17',NULL),(29,21,'SKU-89084wr',778234.00,702355.00,4,0,0,1,0,NULL,NULL,'2025-10-19 11:49:17','2025-10-19 11:49:17',NULL),(30,21,'SKU-14617hy',46829326.00,46782912.00,36,0,0,1,0,NULL,NULL,'2025-10-19 11:49:17','2025-10-19 11:49:17',NULL),(31,24,'SKU-97905rf',5566214.00,5515509.00,34,0,0,1,0,NULL,NULL,'2025-10-19 11:49:17','2025-10-19 11:49:17',NULL),(32,24,'SKU-19978ge',32673758.00,32584745.00,83,0,0,1,0,NULL,NULL,'2025-10-19 11:49:17','2025-10-19 11:49:17',NULL),(33,25,'SKU-42438xu',34659592.00,34570593.00,39,0,0,1,0,NULL,NULL,'2025-10-19 11:49:17','2025-10-19 11:49:17',NULL),(34,25,'SKU-11404gd',15066131.00,15027833.00,62,0,0,1,0,NULL,NULL,'2025-10-19 11:49:17','2025-10-19 11:49:17',NULL),(35,25,'SKU-97058vv',33378639.00,33362552.00,64,0,0,1,0,NULL,NULL,'2025-10-19 11:49:17','2025-10-19 11:49:17',NULL),(36,26,'SKU-09691sd',34708530.00,34629329.00,35,0,0,1,0,NULL,NULL,'2025-10-19 11:49:17','2025-10-19 11:49:17',NULL),(37,26,'SKU-70631ys',33953704.00,33920706.00,29,0,0,1,0,NULL,NULL,'2025-10-19 11:49:17','2025-10-19 11:49:17',NULL),(38,27,'SKU-84540pg',24394845.00,24363144.00,89,0,0,1,0,NULL,NULL,'2025-10-19 11:49:17','2025-10-19 11:49:17',NULL),(39,29,'SKU-69867ko',49584889.00,49501750.00,36,0,0,1,0,NULL,NULL,'2025-10-19 11:49:17','2025-10-19 11:49:17',NULL),(40,30,'SKU-43034at',25526455.00,25514446.00,34,0,0,1,0,NULL,NULL,'2025-10-19 11:49:17','2025-10-19 11:49:17',NULL),(41,30,'SKU-06608gk',40468978.00,40384274.00,38,0,0,1,0,NULL,NULL,'2025-10-19 11:49:17','2025-10-19 11:49:17',NULL),(42,31,'SKU-79845ru',27596281.00,27516687.00,42,0,0,1,0,NULL,NULL,'2025-10-19 11:49:17','2025-10-19 11:49:17',NULL),(43,32,'SKU-09566un',40935392.00,40841309.00,27,0,0,1,0,NULL,NULL,'2025-10-19 11:49:17','2025-10-19 11:49:17',NULL),(44,32,'SKU-33090co',46216194.00,46142281.00,68,0,0,1,0,NULL,NULL,'2025-10-19 11:49:17','2025-10-19 11:49:17',NULL),(45,33,'SKU-12014ql',41106019.00,41018604.00,98,0,0,1,0,NULL,NULL,'2025-10-19 11:49:17','2025-10-19 11:49:17',NULL),(46,34,'SKU-08394sv',40904355.00,40858822.00,25,0,0,1,0,NULL,NULL,'2025-10-19 11:49:17','2025-10-19 11:49:17',NULL),(47,34,'SKU-39189lh',20639283.00,20626395.00,8,0,0,1,0,NULL,NULL,'2025-10-19 11:49:17','2025-10-19 11:49:17',NULL),(48,35,'SKU-23371yu',8192479.00,8138184.00,55,0,0,1,0,NULL,NULL,'2025-10-19 11:49:17','2025-10-19 11:49:17',NULL),(49,35,'SKU-27410rk',42573197.00,42505488.00,39,0,0,1,0,NULL,NULL,'2025-10-19 11:49:17','2025-10-19 11:49:17',NULL),(50,35,'SKU-91088kc',15158030.00,15114899.00,56,0,0,1,0,NULL,NULL,'2025-10-19 11:49:17','2025-10-19 11:49:17',NULL),(51,36,'SKU-44199ru',33765304.00,33712581.00,73,0,0,1,0,NULL,NULL,'2025-10-19 11:49:17','2025-10-19 11:49:17',NULL),(52,36,'SKU-40983ob',48650582.00,48612836.00,35,0,0,1,0,NULL,NULL,'2025-10-19 11:49:17','2025-10-19 11:49:17',NULL),(53,38,'SKU-05375cd',36855408.00,36771891.00,0,0,0,1,0,NULL,NULL,'2025-10-19 11:49:18','2025-10-19 11:49:18',NULL),(54,38,'SKU-29120td',19037510.00,19008371.00,86,0,0,1,0,NULL,NULL,'2025-10-19 11:49:18','2025-10-19 11:49:18',NULL),(55,39,'SKU-27016hx',5305828.00,5287359.00,69,0,0,1,0,NULL,NULL,'2025-10-19 11:49:18','2025-10-19 11:49:18',NULL),(56,42,'SKU-90189wb',28298063.00,28243840.00,98,0,0,1,0,NULL,NULL,'2025-10-19 11:49:18','2025-10-19 11:49:18',NULL),(57,42,'SKU-49389hw',12107589.00,12021189.00,99,0,0,1,0,NULL,NULL,'2025-10-19 11:49:18','2025-10-19 11:49:18',NULL),(58,43,'SKU-50929af',23140548.00,23092409.00,98,0,0,1,0,NULL,NULL,'2025-10-19 11:49:18','2025-10-19 11:49:18',NULL),(59,43,'SKU-34048sw',19250885.00,19180652.00,60,0,0,1,0,NULL,NULL,'2025-10-19 11:49:18','2025-10-19 11:49:18',NULL),(60,43,'SKU-54356wk',32865326.00,32787939.00,73,0,0,1,0,NULL,NULL,'2025-10-19 11:49:18','2025-10-19 11:49:18',NULL),(61,44,'SKU-18091ml',47542431.00,47490209.00,87,0,0,1,0,NULL,NULL,'2025-10-19 11:49:18','2025-10-19 11:49:18',NULL),(62,45,'SKU-64224zk',27949351.00,27865387.00,73,0,0,1,0,NULL,NULL,'2025-10-19 11:49:18','2025-10-19 11:49:18',NULL),(63,45,'SKU-77272tp',31034370.00,30997021.00,77,0,0,1,0,NULL,NULL,'2025-10-19 11:49:18','2025-10-19 11:49:18',NULL),(64,47,'SKU-51496zo',11508467.00,11452496.00,52,0,0,1,0,NULL,NULL,'2025-10-19 11:49:18','2025-10-19 11:49:18',NULL),(65,47,'SKU-35814fb',45701545.00,45664868.00,85,0,0,1,0,NULL,NULL,'2025-10-19 11:49:18','2025-10-19 11:49:18',NULL),(66,47,'SKU-84546hw',40844928.00,40784301.00,29,0,0,1,0,NULL,NULL,'2025-10-19 11:49:18','2025-10-19 11:49:18',NULL),(67,50,'SKU-14504qc',25953253.00,25917858.00,58,0,0,1,0,NULL,NULL,'2025-10-19 11:49:18','2025-10-19 11:49:18',NULL),(68,51,'SKU-83685jj',42542018.00,42456875.00,56,0,0,1,0,NULL,NULL,'2025-10-19 11:49:18','2025-10-19 11:49:18',NULL),(69,51,'SKU-90131np',27050414.00,26991706.00,37,0,0,1,0,NULL,NULL,'2025-10-19 11:49:18','2025-10-19 11:49:18',NULL),(70,54,'SKU-59699oj',27858764.00,27820824.00,29,0,0,1,0,NULL,NULL,'2025-10-19 11:49:18','2025-10-19 11:49:18',NULL),(71,54,'SKU-95402rr',37830703.00,37760190.00,32,0,0,1,0,NULL,NULL,'2025-10-19 11:49:18','2025-10-19 11:49:18',NULL),(72,55,'SKU-04056rg',40374158.00,40355957.00,26,0,0,1,0,NULL,NULL,'2025-10-19 11:49:18','2025-10-19 11:49:18',NULL),(73,55,'SKU-13914ek',13446951.00,13413443.00,19,0,0,1,0,NULL,NULL,'2025-10-19 11:49:18','2025-10-19 11:49:18',NULL),(74,55,'SKU-03427xa',14429832.00,14415584.00,17,0,0,1,0,NULL,NULL,'2025-10-19 11:49:18','2025-10-19 11:49:18',NULL),(75,56,'SKU-57985vq',464601.00,375459.00,1,0,0,1,0,NULL,NULL,'2025-10-19 11:49:18','2025-10-19 11:49:18',NULL),(76,56,'SKU-54543yl',40629660.00,40560394.00,90,0,0,1,0,NULL,NULL,'2025-10-19 11:49:18','2025-10-19 11:49:18',NULL),(77,57,'SKU-89147uf',357592.00,313909.00,96,0,0,1,0,NULL,NULL,'2025-10-19 11:49:18','2025-10-19 11:49:18',NULL),(78,57,'SKU-59278oe',48688267.00,48653561.00,41,0,0,1,0,NULL,NULL,'2025-10-19 11:49:18','2025-10-19 11:49:18',NULL),(79,58,'SKU-70214sr',19987531.00,19954066.00,68,0,0,1,0,NULL,NULL,'2025-10-19 11:49:18','2025-10-19 11:49:18',NULL),(80,58,'SKU-15992ta',40068262.00,39979851.00,95,0,0,1,0,NULL,NULL,'2025-10-19 11:49:18','2025-10-19 11:49:18',NULL),(81,58,'SKU-54182px',16376414.00,16315980.00,16,0,0,1,0,NULL,NULL,'2025-10-19 11:49:18','2025-10-19 11:49:18',NULL),(82,60,'SKU-27508ol',496151.00,467145.00,32,0,0,1,0,NULL,NULL,'2025-10-19 11:49:18','2025-10-19 11:49:18',NULL),(83,62,'SKU-58053fm',34727278.00,34682873.00,99,0,0,1,0,NULL,NULL,'2025-10-19 11:49:18','2025-10-19 11:49:18',NULL),(84,63,'SKU-22169cn',27314010.00,27258127.00,31,0,0,1,0,NULL,NULL,'2025-10-19 11:49:18','2025-10-19 11:49:18',NULL),(85,63,'SKU-01363np',32531900.00,32461752.00,74,0,0,1,0,NULL,NULL,'2025-10-19 11:49:18','2025-10-19 11:49:18',NULL),(86,63,'SKU-08676ht',37297165.00,37201181.00,9,0,0,1,0,NULL,NULL,'2025-10-19 11:49:18','2025-10-19 11:49:18',NULL),(87,64,'SKU-57283ut',37782598.00,37700504.00,84,0,0,1,0,NULL,NULL,'2025-10-19 11:49:18','2025-10-19 11:49:18',NULL),(88,64,'SKU-53056oi',42146759.00,42059165.00,20,0,0,1,0,NULL,NULL,'2025-10-19 11:49:18','2025-10-19 11:49:18',NULL),(89,65,'SKU-48366dh',49060018.00,49003494.00,90,0,0,1,0,NULL,NULL,'2025-10-19 11:49:18','2025-10-19 11:49:18',NULL),(90,66,'SKU-61458js',8652797.00,8606315.00,49,0,0,1,0,NULL,NULL,'2025-10-19 11:49:18','2025-10-19 11:49:18',NULL),(91,68,'SKU-09597vz',29150492.00,29063654.00,70,0,0,1,0,NULL,NULL,'2025-10-19 11:49:18','2025-10-19 11:49:18',NULL),(92,69,'SKU-45128qy',10067897.00,9982715.00,6,0,0,1,0,NULL,NULL,'2025-10-19 11:49:18','2025-10-19 11:49:18',NULL),(93,69,'SKU-10334vq',34498918.00,34401338.00,73,0,0,1,0,NULL,NULL,'2025-10-19 11:49:18','2025-10-19 11:49:18',NULL),(94,70,'SKU-93508lp',46143076.00,46116725.00,23,0,0,1,0,NULL,NULL,'2025-10-19 11:49:18','2025-10-19 11:49:18',NULL),(95,70,'SKU-64731op',41875659.00,41823729.00,71,0,0,1,0,NULL,NULL,'2025-10-19 11:49:18','2025-10-19 11:49:18',NULL),(96,70,'SKU-50909rg',48049143.00,48027190.00,95,0,0,1,0,NULL,NULL,'2025-10-19 11:49:18','2025-10-19 11:49:18',NULL),(97,71,'SKU-84463ap',2452785.00,2439198.00,2,0,0,1,0,NULL,NULL,'2025-10-19 11:49:18','2025-10-19 11:49:18',NULL),(98,71,'SKU-39320bx',37057872.00,37034216.00,84,0,0,1,0,NULL,NULL,'2025-10-19 11:49:18','2025-10-19 11:49:18',NULL),(99,71,'SKU-77288zp',28358634.00,28266941.00,78,0,0,1,0,NULL,NULL,'2025-10-19 11:49:18','2025-10-19 11:49:18',NULL),(100,72,'SKU-40496qo',9114899.00,9052348.00,30,0,0,1,0,NULL,NULL,'2025-10-19 11:49:18','2025-10-19 11:49:18',NULL),(101,74,'SKU-26124to',42323933.00,42297541.00,74,0,0,1,0,NULL,NULL,'2025-10-19 11:49:18','2025-10-19 11:49:18',NULL),(102,74,'SKU-35757yh',31402842.00,31341345.00,27,0,0,1,0,NULL,NULL,'2025-10-19 11:49:18','2025-10-19 11:49:18',NULL),(103,75,'SKU-68615do',44389075.00,44358426.00,67,0,0,1,0,NULL,NULL,'2025-10-19 11:49:18','2025-10-19 11:49:18',NULL),(104,75,'SKU-03114uy',26713042.00,26636714.00,19,0,0,1,0,NULL,NULL,'2025-10-19 11:49:18','2025-10-19 11:49:18',NULL),(105,75,'SKU-10463ae',10953047.00,10940636.00,87,0,0,1,0,NULL,NULL,'2025-10-19 11:49:18','2025-10-19 11:49:18',NULL),(106,76,'SKU-60719cu',42521774.00,42507125.00,74,0,0,1,0,NULL,NULL,'2025-10-19 11:49:18','2025-10-19 11:49:18',NULL),(107,76,'SKU-38362ln',11196364.00,11150084.00,81,0,0,1,0,NULL,NULL,'2025-10-19 11:49:18','2025-10-19 11:49:18',NULL),(108,77,'SKU-93472qe',45030513.00,44935367.00,92,0,0,1,0,NULL,NULL,'2025-10-19 11:49:18','2025-10-19 11:49:18',NULL),(109,77,'SKU-58399ek',47973199.00,47929166.00,97,0,0,1,0,NULL,NULL,'2025-10-19 11:49:18','2025-10-19 11:49:18',NULL),(110,77,'SKU-17850ij',38710170.00,38626418.00,39,0,0,1,0,NULL,NULL,'2025-10-19 11:49:18','2025-10-19 11:49:18',NULL),(111,78,'SKU-36060rs',13672375.00,13632880.00,25,0,0,1,0,NULL,NULL,'2025-10-19 11:49:18','2025-10-19 11:49:18',NULL),(112,78,'SKU-10324rd',15811330.00,15763062.00,52,0,0,1,0,NULL,NULL,'2025-10-19 11:49:18','2025-10-19 11:49:18',NULL),(113,79,'SKU-40793uf',19369120.00,19350359.00,0,0,0,1,0,NULL,NULL,'2025-10-19 11:49:18','2025-10-19 11:49:18',NULL),(114,79,'SKU-81399bo',49682202.00,49637872.00,67,0,0,1,0,NULL,NULL,'2025-10-19 11:49:18','2025-10-19 11:49:18',NULL),(115,80,'SKU-06574bq',43595814.00,43570639.00,89,0,0,1,0,NULL,NULL,'2025-10-19 11:49:18','2025-10-19 11:49:18',NULL),(116,80,'SKU-21726ar',22713774.00,22623147.00,20,0,0,1,0,NULL,NULL,'2025-10-19 11:49:18','2025-10-19 11:49:18',NULL),(117,80,'SKU-11668cf',20846466.00,20778006.00,47,0,0,1,0,NULL,NULL,'2025-10-19 11:49:18','2025-10-19 11:49:18',NULL),(118,82,'SKU-65120ti',15521719.00,15505381.00,37,0,0,1,0,NULL,NULL,'2025-10-19 11:49:18','2025-10-19 11:49:18',NULL),(119,82,'SKU-39892fi',23254022.00,23161913.00,67,0,0,1,0,NULL,NULL,'2025-10-19 11:49:18','2025-10-19 11:49:18',NULL),(120,82,'SKU-54593vh',47776522.00,47755506.00,31,0,0,1,0,NULL,NULL,'2025-10-19 11:49:18','2025-10-19 11:49:18',NULL),(121,83,'SKU-48270xw',19066744.00,19046371.00,41,0,0,1,0,NULL,NULL,'2025-10-19 11:49:18','2025-10-19 11:49:18',NULL),(122,83,'SKU-54379uh',21399876.00,21300416.00,100,0,0,1,0,NULL,NULL,'2025-10-19 11:49:18','2025-10-19 11:49:18',NULL),(123,83,'SKU-90814bd',45902375.00,45853030.00,49,0,0,1,0,NULL,NULL,'2025-10-19 11:49:18','2025-10-19 11:49:18',NULL),(124,83,'SKU-69025nk',39153185.00,39096769.00,87,0,0,1,0,NULL,NULL,'2025-10-19 11:49:18','2025-10-19 11:49:18',NULL),(125,83,'SKU-07701pk',40276523.00,40244618.00,54,0,0,1,0,NULL,NULL,'2025-10-19 11:49:18','2025-10-19 11:49:18',NULL),(126,83,'SKU-68003az',41167252.00,41123231.00,9,0,0,1,0,NULL,NULL,'2025-10-19 11:49:18','2025-10-19 11:49:18',NULL),(127,83,'SKU-51883nd',25110445.00,25026862.00,52,0,0,1,0,NULL,NULL,'2025-10-19 11:49:18','2025-10-19 11:49:18',NULL),(128,83,'SKU-95716lp',39424259.00,39353119.00,13,0,0,1,0,NULL,NULL,'2025-10-19 11:49:18','2025-10-19 11:49:18',NULL),(129,83,'SKU-34628ql',35066208.00,34980901.00,7,0,0,1,0,NULL,NULL,'2025-10-19 11:49:18','2025-10-19 11:49:18',NULL),(130,84,'SKU-11514eu',15628283.00,15599363.00,54,0,0,1,0,NULL,NULL,'2025-10-19 11:49:18','2025-10-19 11:49:18',NULL),(131,88,'SKU-18162od',14696120.00,14669661.00,79,0,0,1,0,NULL,NULL,'2025-10-19 11:49:18','2025-10-19 11:49:18',NULL),(132,88,'SKU-33532kt',37346081.00,37307655.00,93,0,0,1,0,NULL,NULL,'2025-10-19 11:49:18','2025-10-19 11:49:18',NULL),(133,89,'SKU-75440hb',9447360.00,9382382.00,36,0,0,1,0,NULL,NULL,'2025-10-19 11:49:18','2025-10-19 11:49:18',NULL),(134,89,'SKU-16418dr',43130626.00,43101262.00,35,0,0,1,0,NULL,NULL,'2025-10-19 11:49:18','2025-10-19 11:49:18',NULL),(135,89,'SKU-33111us',41490791.00,41417797.00,64,0,0,1,0,NULL,NULL,'2025-10-19 11:49:18','2025-10-19 11:49:18',NULL),(136,90,'SKU-58826jm',47791454.00,47709415.00,41,0,0,1,0,NULL,NULL,'2025-10-19 11:49:18','2025-10-19 11:49:18',NULL),(137,90,'SKU-83177zy',38701545.00,38634140.00,28,0,0,1,0,NULL,NULL,'2025-10-19 11:49:18','2025-10-19 11:49:18',NULL),(138,91,'SKU-34229re',27933729.00,27885827.00,99,0,0,1,0,NULL,NULL,'2025-10-19 11:49:18','2025-10-19 11:49:18',NULL),(139,92,'SKU-47161hh',8322901.00,8287166.00,60,0,0,1,0,NULL,NULL,'2025-10-19 11:49:18','2025-10-19 11:49:18',NULL),(140,92,'SKU-60517ls',48467086.00,48372784.00,27,0,0,1,0,NULL,NULL,'2025-10-19 11:49:18','2025-10-19 11:49:18',NULL),(141,92,'SKU-71449dh',38709064.00,38629272.00,1,0,0,1,0,NULL,NULL,'2025-10-19 11:49:19','2025-10-19 11:49:19',NULL),(142,93,'SKU-44873ed',1538119.00,1475683.00,20,0,0,1,0,NULL,NULL,'2025-10-19 11:49:19','2025-10-19 11:49:19',NULL),(143,93,'SKU-67130uq',8317455.00,8237034.00,51,0,0,1,0,NULL,NULL,'2025-10-19 11:49:19','2025-10-19 11:49:19',NULL),(144,94,'SKU-10504rm',44407090.00,44325771.00,72,0,0,1,0,NULL,NULL,'2025-10-19 11:49:19','2025-10-19 11:49:19',NULL),(145,94,'SKU-70372cu',11392864.00,11296179.00,89,0,0,1,0,NULL,NULL,'2025-10-19 11:49:19','2025-10-19 11:49:19',NULL),(146,94,'SKU-68669xu',7103690.00,7015337.00,5,0,0,1,0,NULL,NULL,'2025-10-19 11:49:19','2025-10-19 11:49:19',NULL),(147,95,'SKU-56009sp',8870024.00,8830336.00,86,0,0,1,0,NULL,NULL,'2025-10-19 11:49:19','2025-10-19 11:49:19',NULL),(148,95,'SKU-82785li',22109851.00,22010428.00,75,0,0,1,0,NULL,NULL,'2025-10-19 11:49:19','2025-10-19 11:49:19',NULL),(149,95,'SKU-81645nq',22626202.00,22534837.00,68,0,0,1,0,NULL,NULL,'2025-10-19 11:49:19','2025-10-19 11:49:19',NULL),(150,97,'SKU-43126kh',27457041.00,27446756.00,44,0,0,1,0,NULL,NULL,'2025-10-19 11:49:19','2025-10-19 11:49:19',NULL),(151,97,'SKU-65703sq',36545312.00,36479635.00,40,0,0,1,0,NULL,NULL,'2025-10-19 11:49:19','2025-10-19 11:49:19',NULL),(152,98,'SKU-76054aq',47177318.00,47096609.00,7,0,0,1,0,NULL,NULL,'2025-10-19 11:49:19','2025-10-19 11:49:19',NULL),(153,99,'SKU-69328tf',17544823.00,17457687.00,13,0,0,1,0,NULL,NULL,'2025-10-19 11:49:19','2025-10-19 11:49:19',NULL),(154,99,'SKU-19810rg',2381002.00,2370665.00,34,0,0,1,0,NULL,NULL,'2025-10-19 11:49:19','2025-10-19 11:49:19',NULL),(155,100,'SKU-57326pi',31497773.00,31412602.00,89,0,0,1,0,NULL,NULL,'2025-10-19 11:49:19','2025-10-19 11:49:19',NULL),(156,100,'SKU-82074ex',25556596.00,25544684.00,81,0,0,1,0,NULL,NULL,'2025-10-19 11:49:19','2025-10-19 11:49:19',NULL),(157,100,'SKU-48917ps',37423653.00,37388040.00,94,0,0,1,0,NULL,NULL,'2025-10-19 11:49:19','2025-10-19 11:49:19',NULL);
/*!40000 ALTER TABLE `product_variants` ENABLE KEYS */;
UNLOCK TABLES;

--
-- Table structure for table `product_views`
--

DROP TABLE IF EXISTS `product_views`;
/*!40101 SET @saved_cs_client     = @@character_set_client */;
/*!50503 SET character_set_client = utf8mb4 */;
CREATE TABLE `product_views` (
  `product_view_id` bigint(20) unsigned NOT NULL AUTO_INCREMENT,
  `user_id` bigint(20) unsigned NOT NULL,
  `product_id` bigint(20) unsigned NOT NULL,
  `view_count` int(11) NOT NULL DEFAULT 1,
  `last_viewed` timestamp NOT NULL DEFAULT current_timestamp() ON UPDATE current_timestamp(),
  PRIMARY KEY (`product_view_id`),
  UNIQUE KEY `product_views_user_id_product_id_unique` (`user_id`,`product_id`),
  KEY `product_views_product_id_foreign` (`product_id`),
  CONSTRAINT `product_views_product_id_foreign` FOREIGN KEY (`product_id`) REFERENCES `products` (`product_id`) ON DELETE CASCADE,
  CONSTRAINT `product_views_user_id_foreign` FOREIGN KEY (`user_id`) REFERENCES `users` (`id`) ON DELETE CASCADE
) ENGINE=InnoDB AUTO_INCREMENT=3510 DEFAULT CHARSET=utf8mb4 COLLATE=utf8mb4_unicode_ci;
/*!40101 SET character_set_client = @saved_cs_client */;

--
-- Dumping data for table `product_views`
--

LOCK TABLES `product_views` WRITE;
/*!40000 ALTER TABLE `product_views` DISABLE KEYS */;
INSERT INTO `product_views` VALUES (1,22,1,2,'2025-10-19 11:49:24'),(2,22,2,2,'2025-10-19 11:49:24'),(3,22,4,2,'2025-10-19 11:49:24'),(4,22,8,2,'2025-10-19 11:49:24'),(5,22,26,2,'2025-10-19 11:49:24'),(6,22,35,2,'2025-10-19 11:49:24'),(7,22,38,2,'2025-10-19 11:49:24'),(8,22,41,2,'2025-10-19 11:49:24'),(9,22,42,2,'2025-10-19 11:49:24'),(10,22,46,2,'2025-10-19 11:49:24'),(11,22,48,2,'2025-10-19 11:49:24'),(12,22,50,2,'2025-10-19 11:49:24'),(13,22,57,2,'2025-10-19 11:49:24'),(14,22,58,2,'2025-10-19 11:49:24'),(15,22,65,2,'2025-10-19 11:49:24'),(16,22,71,2,'2025-10-19 11:49:24'),(17,22,72,2,'2025-10-19 11:49:24'),(18,22,80,2,'2025-10-19 11:49:24'),(19,22,81,2,'2025-10-19 11:49:24'),(20,22,82,2,'2025-10-19 11:49:24'),(21,22,87,2,'2025-10-19 11:49:24'),(22,22,89,2,'2025-10-19 11:49:24'),(23,22,91,2,'2025-10-19 11:49:24'),(24,22,94,2,'2025-10-19 11:49:24'),(25,22,96,2,'2025-10-19 11:49:24'),(26,22,100,2,'2025-10-19 11:49:24'),(27,23,6,2,'2025-10-19 11:49:24'),(28,23,10,2,'2025-10-19 11:49:24'),(29,23,20,2,'2025-10-19 11:49:24'),(30,23,22,2,'2025-10-19 11:49:24'),(31,23,26,2,'2025-10-19 11:49:24'),(32,23,28,2,'2025-10-19 11:49:24'),(33,23,30,2,'2025-10-19 11:49:24'),(34,23,31,2,'2025-10-19 11:49:24'),(35,23,38,2,'2025-10-19 11:49:24'),(36,23,40,2,'2025-10-19 11:49:24'),(37,23,42,2,'2025-10-19 11:49:24'),(38,23,44,2,'2025-10-19 11:49:24'),(39,23,46,2,'2025-10-19 11:49:24'),(40,23,73,2,'2025-10-19 11:49:24'),(41,23,74,2,'2025-10-19 11:49:24'),(42,23,75,2,'2025-10-19 11:49:24'),(43,23,79,2,'2025-10-19 11:49:24'),(44,23,82,2,'2025-10-19 11:49:24'),(45,23,84,2,'2025-10-19 11:49:24'),(46,23,94,2,'2025-10-19 11:49:24'),(47,23,96,2,'2025-10-19 11:49:24'),(48,23,97,2,'2025-10-19 11:49:24'),(49,24,2,2,'2025-10-19 11:49:24'),(50,24,4,2,'2025-10-19 11:49:24'),(51,24,13,2,'2025-10-19 11:49:24'),(52,24,15,2,'2025-10-19 11:49:24'),(53,24,16,2,'2025-10-19 11:49:24'),(54,24,19,2,'2025-10-19 11:49:24'),(55,24,20,2,'2025-10-19 11:49:24'),(56,24,23,2,'2025-10-19 11:49:24'),(57,24,26,2,'2025-10-19 11:49:24'),(58,24,27,2,'2025-10-19 11:49:24'),(59,24,28,2,'2025-10-19 11:49:24'),(60,24,29,2,'2025-10-19 11:49:24'),(61,24,30,2,'2025-10-19 11:49:24'),(62,24,32,2,'2025-10-19 11:49:24'),(63,24,33,2,'2025-10-19 11:49:24'),(64,24,34,2,'2025-10-19 11:49:24'),(65,24,35,2,'2025-10-19 11:49:24'),(66,24,36,2,'2025-10-19 11:49:24'),(67,24,39,2,'2025-10-19 11:49:24'),(68,24,43,2,'2025-10-19 11:49:24'),(69,24,44,2,'2025-10-19 11:49:24'),(70,24,45,2,'2025-10-19 11:49:24'),(71,24,47,2,'2025-10-19 11:49:24'),(72,24,49,2,'2025-10-19 11:49:24'),(73,24,50,2,'2025-10-19 11:49:24'),(74,24,53,2,'2025-10-19 11:49:24'),(75,24,54,2,'2025-10-19 11:49:24'),(76,24,56,2,'2025-10-19 11:49:24'),(77,24,59,2,'2025-10-19 11:49:24'),(78,24,63,2,'2025-10-19 11:49:24'),(79,24,65,2,'2025-10-19 11:49:24'),(80,24,66,2,'2025-10-19 11:49:24'),(81,24,68,2,'2025-10-19 11:49:24'),(82,24,69,2,'2025-10-19 11:49:24'),(83,24,71,2,'2025-10-19 11:49:24'),(84,24,72,2,'2025-10-19 11:49:24'),(85,24,78,2,'2025-10-19 11:49:24'),(86,24,83,2,'2025-10-19 11:49:24'),(87,24,85,2,'2025-10-19 11:49:24'),(88,24,88,2,'2025-10-19 11:49:24'),(89,24,89,2,'2025-10-19 11:49:24'),(90,24,90,2,'2025-10-19 11:49:24'),(91,24,92,2,'2025-10-19 11:49:24'),(92,24,94,2,'2025-10-19 11:49:24'),(93,24,97,2,'2025-10-19 11:49:24'),(94,24,99,2,'2025-10-19 11:49:24'),(95,25,1,2,'2025-10-19 11:49:24'),(96,25,3,2,'2025-10-19 11:49:24'),(97,25,8,2,'2025-10-19 11:49:24'),(98,25,15,2,'2025-10-19 11:49:24'),(99,25,19,2,'2025-10-19 11:49:24'),(100,25,21,2,'2025-10-19 11:49:24'),(101,25,24,2,'2025-10-19 11:49:24'),(102,25,26,2,'2025-10-19 11:49:24'),(103,25,27,2,'2025-10-19 11:49:24'),(104,25,28,2,'2025-10-19 11:49:24'),(105,25,36,2,'2025-10-19 11:49:24'),(106,25,39,2,'2025-10-19 11:49:24'),(107,25,40,2,'2025-10-19 11:49:24'),(108,25,41,2,'2025-10-19 11:49:24'),(109,25,45,2,'2025-10-19 11:49:24'),(110,25,46,2,'2025-10-19 11:49:24'),(111,25,50,2,'2025-10-19 11:49:24'),(112,25,53,2,'2025-10-19 11:49:24'),(113,25,54,2,'2025-10-19 11:49:24'),(114,25,59,2,'2025-10-19 11:49:24'),(115,25,61,2,'2025-10-19 11:49:24'),(116,25,62,2,'2025-10-19 11:49:24'),(117,25,71,2,'2025-10-19 11:49:24'),(118,25,72,2,'2025-10-19 11:49:24'),(119,25,74,2,'2025-10-19 11:49:24'),(120,25,76,2,'2025-10-19 11:49:24'),(121,25,78,2,'2025-10-19 11:49:24'),(122,25,79,2,'2025-10-19 11:49:24'),(123,25,80,2,'2025-10-19 11:49:24'),(124,25,82,2,'2025-10-19 11:49:24'),(125,25,83,2,'2025-10-19 11:49:24'),(126,25,84,2,'2025-10-19 11:49:24'),(127,25,88,2,'2025-10-19 11:49:24'),(128,25,89,2,'2025-10-19 11:49:24'),(129,25,92,2,'2025-10-19 11:49:24'),(130,25,95,2,'2025-10-19 11:49:24'),(131,25,97,2,'2025-10-19 11:49:24'),(132,25,100,2,'2025-10-19 11:49:24'),(133,26,4,2,'2025-10-19 11:49:24'),(134,26,7,2,'2025-10-19 11:49:24'),(135,26,8,2,'2025-10-19 11:49:24'),(136,26,13,2,'2025-10-19 11:49:24'),(137,26,16,2,'2025-10-19 11:49:24'),(138,26,24,2,'2025-10-19 11:49:24'),(139,26,26,2,'2025-10-19 11:49:24'),(140,26,27,2,'2025-10-19 11:49:24'),(141,26,38,2,'2025-10-19 11:49:24'),(142,26,39,2,'2025-10-19 11:49:24'),(143,26,41,2,'2025-10-19 11:49:24'),(144,26,43,2,'2025-10-19 11:49:24'),(145,26,46,2,'2025-10-19 11:49:24'),(146,26,47,2,'2025-10-19 11:49:24'),(147,26,50,2,'2025-10-19 11:49:24'),(148,26,54,2,'2025-10-19 11:49:24'),(149,26,56,2,'2025-10-19 11:49:24'),(150,26,59,2,'2025-10-19 11:49:24'),(151,26,61,2,'2025-10-19 11:49:24'),(152,26,63,2,'2025-10-19 11:49:24'),(153,26,67,2,'2025-10-19 11:49:24'),(154,26,69,2,'2025-10-19 11:49:24'),(155,26,71,2,'2025-10-19 11:49:24'),(156,26,72,2,'2025-10-19 11:49:24'),(157,26,73,2,'2025-10-19 11:49:24'),(158,26,74,2,'2025-10-19 11:49:24'),(159,26,75,2,'2025-10-19 11:49:24'),(160,26,77,2,'2025-10-19 11:49:24'),(161,26,81,2,'2025-10-19 11:49:24'),(162,26,83,2,'2025-10-19 11:49:24'),(163,26,85,2,'2025-10-19 11:49:24'),(164,26,86,2,'2025-10-19 11:49:24'),(165,26,87,2,'2025-10-19 11:49:24'),(166,26,91,2,'2025-10-19 11:49:24'),(167,26,96,2,'2025-10-19 11:49:24'),(168,26,98,2,'2025-10-19 11:49:24'),(169,26,99,2,'2025-10-19 11:49:24'),(170,26,100,2,'2025-10-19 11:49:24'),(171,27,2,2,'2025-10-19 11:49:24'),(172,27,4,2,'2025-10-19 11:49:24'),(173,27,7,2,'2025-10-19 11:49:24'),(174,27,10,2,'2025-10-19 11:49:24'),(175,27,16,2,'2025-10-19 11:49:24'),(176,27,20,2,'2025-10-19 11:49:24'),(177,27,21,2,'2025-10-19 11:49:24'),(178,27,23,2,'2025-10-19 11:49:24'),(179,27,25,2,'2025-10-19 11:49:24'),(180,27,27,2,'2025-10-19 11:49:24'),(181,27,29,2,'2025-10-19 11:49:24'),(182,27,30,2,'2025-10-19 11:49:24'),(183,27,35,2,'2025-10-19 11:49:24'),(184,27,37,2,'2025-10-19 11:49:24'),(185,27,38,2,'2025-10-19 11:49:24'),(186,27,40,2,'2025-10-19 11:49:24'),(187,27,42,2,'2025-10-19 11:49:24'),(188,27,44,2,'2025-10-19 11:49:24'),(189,27,52,2,'2025-10-19 11:49:24'),(190,27,53,2,'2025-10-19 11:49:24'),(191,27,54,2,'2025-10-19 11:49:24'),(192,27,56,2,'2025-10-19 11:49:24'),(193,27,58,2,'2025-10-19 11:49:24'),(194,27,62,2,'2025-10-19 11:49:24'),(195,27,65,2,'2025-10-19 11:49:24'),(196,27,70,2,'2025-10-19 11:49:24'),(197,27,72,2,'2025-10-19 11:49:24'),(198,27,74,2,'2025-10-19 11:49:24'),(199,27,76,2,'2025-10-19 11:49:24'),(200,27,78,2,'2025-10-19 11:49:24'),(201,27,79,2,'2025-10-19 11:49:24'),(202,27,84,2,'2025-10-19 11:49:24'),(203,27,86,2,'2025-10-19 11:49:24'),(204,27,88,2,'2025-10-19 11:49:24'),(205,27,94,2,'2025-10-19 11:49:24'),(206,27,95,2,'2025-10-19 11:49:24'),(207,27,96,2,'2025-10-19 11:49:24'),(208,27,100,2,'2025-10-19 11:49:24'),(209,28,4,2,'2025-10-19 11:49:24'),(210,28,5,2,'2025-10-19 11:49:24'),(211,28,9,2,'2025-10-19 11:49:24'),(212,28,16,2,'2025-10-19 11:49:24'),(213,28,18,2,'2025-10-19 11:49:24'),(214,28,25,2,'2025-10-19 11:49:24'),(215,28,26,2,'2025-10-19 11:49:24'),(216,28,28,2,'2025-10-19 11:49:24'),(217,28,29,2,'2025-10-19 11:49:24'),(218,28,32,2,'2025-10-19 11:49:24'),(219,28,34,2,'2025-10-19 11:49:24'),(220,28,39,2,'2025-10-19 11:49:24'),(221,28,43,2,'2025-10-19 11:49:24'),(222,28,44,2,'2025-10-19 11:49:24'),(223,28,47,2,'2025-10-19 11:49:24'),(224,28,49,2,'2025-10-19 11:49:24'),(225,28,50,2,'2025-10-19 11:49:24'),(226,28,68,2,'2025-10-19 11:49:24'),(227,28,69,2,'2025-10-19 11:49:24'),(228,28,70,2,'2025-10-19 11:49:24'),(229,28,72,2,'2025-10-19 11:49:24'),(230,28,82,2,'2025-10-19 11:49:24'),(231,28,84,2,'2025-10-19 11:49:24'),(232,28,86,2,'2025-10-19 11:49:24'),(233,28,87,2,'2025-10-19 11:49:24'),(234,28,92,2,'2025-10-19 11:49:24'),(235,28,94,2,'2025-10-19 11:49:24'),(236,28,95,2,'2025-10-19 11:49:24'),(237,28,96,2,'2025-10-19 11:49:24'),(238,28,100,2,'2025-10-19 11:49:24'),(239,29,6,2,'2025-10-19 11:49:24'),(240,29,9,2,'2025-10-19 11:49:24'),(241,29,16,2,'2025-10-19 11:49:24'),(242,29,18,2,'2025-10-19 11:49:24'),(243,29,25,2,'2025-10-19 11:49:24'),(244,29,30,2,'2025-10-19 11:49:24'),(245,29,31,2,'2025-10-19 11:49:24'),(246,29,34,2,'2025-10-19 11:49:24'),(247,29,35,2,'2025-10-19 11:49:24'),(248,29,37,2,'2025-10-19 11:49:25'),(249,29,38,2,'2025-10-19 11:49:25'),(250,29,41,2,'2025-10-19 11:49:25'),(251,29,43,2,'2025-10-19 11:49:25'),(252,29,45,2,'2025-10-19 11:49:25'),(253,29,46,2,'2025-10-19 11:49:25'),(254,29,48,2,'2025-10-19 11:49:25'),(255,29,52,2,'2025-10-19 11:49:25'),(256,29,57,2,'2025-10-19 11:49:25'),(257,29,60,2,'2025-10-19 11:49:25'),(258,29,62,2,'2025-10-19 11:49:25'),(259,29,63,2,'2025-10-19 11:49:25'),(260,29,64,2,'2025-10-19 11:49:25'),(261,29,68,2,'2025-10-19 11:49:25'),(262,29,74,2,'2025-10-19 11:49:25'),(263,29,75,2,'2025-10-19 11:49:25'),(264,29,84,2,'2025-10-19 11:49:25'),(265,29,95,2,'2025-10-19 11:49:25'),(266,29,97,2,'2025-10-19 11:49:25'),(267,30,2,2,'2025-10-19 11:49:25'),(268,30,5,2,'2025-10-19 11:49:25'),(269,30,9,2,'2025-10-19 11:49:25'),(270,30,13,2,'2025-10-19 11:49:25'),(271,30,14,2,'2025-10-19 11:49:25'),(272,30,18,2,'2025-10-19 11:49:25'),(273,30,19,2,'2025-10-19 11:49:25'),(274,30,20,2,'2025-10-19 11:49:25'),(275,30,22,2,'2025-10-19 11:49:25'),(276,30,24,2,'2025-10-19 11:49:25'),(277,30,26,2,'2025-10-19 11:49:25'),(278,30,34,2,'2025-10-19 11:49:25'),(279,30,35,2,'2025-10-19 11:49:25'),(280,30,41,2,'2025-10-19 11:49:25'),(281,30,49,2,'2025-10-19 11:49:25'),(282,30,52,2,'2025-10-19 11:49:25'),(283,30,55,2,'2025-10-19 11:49:25'),(284,30,58,2,'2025-10-19 11:49:25'),(285,30,59,2,'2025-10-19 11:49:25'),(286,30,60,2,'2025-10-19 11:49:25'),(287,30,63,2,'2025-10-19 11:49:25'),(288,30,66,2,'2025-10-19 11:49:25'),(289,30,72,2,'2025-10-19 11:49:25'),(290,30,74,2,'2025-10-19 11:49:25'),(291,30,80,2,'2025-10-19 11:49:25'),(292,30,85,2,'2025-10-19 11:49:25'),(293,30,95,2,'2025-10-19 11:49:25'),(294,30,98,2,'2025-10-19 11:49:25'),(295,30,99,2,'2025-10-19 11:49:25'),(296,31,4,2,'2025-10-19 11:49:25'),(297,31,9,2,'2025-10-19 11:49:25'),(298,31,10,2,'2025-10-19 11:49:25'),(299,31,11,2,'2025-10-19 11:49:25'),(300,31,13,2,'2025-10-19 11:49:25'),(301,31,19,2,'2025-10-19 11:49:25'),(302,31,23,2,'2025-10-19 11:49:25'),(303,31,25,2,'2025-10-19 11:49:25'),(304,31,26,2,'2025-10-19 11:49:25'),(305,31,27,2,'2025-10-19 11:49:25'),(306,31,31,2,'2025-10-19 11:49:25'),(307,31,40,2,'2025-10-19 11:49:25'),(308,31,42,2,'2025-10-19 11:49:25'),(309,31,44,2,'2025-10-19 11:49:25'),(310,31,45,2,'2025-10-19 11:49:25'),(311,31,48,2,'2025-10-19 11:49:25'),(312,31,52,2,'2025-10-19 11:49:25'),(313,31,53,2,'2025-10-19 11:49:25'),(314,31,55,2,'2025-10-19 11:49:25'),(315,31,58,2,'2025-10-19 11:49:25'),(316,31,62,2,'2025-10-19 11:49:25'),(317,31,68,2,'2025-10-19 11:49:25'),(318,31,70,2,'2025-10-19 11:49:25'),(319,31,71,2,'2025-10-19 11:49:25'),(320,31,72,2,'2025-10-19 11:49:25'),(321,31,73,2,'2025-10-19 11:49:25'),(322,31,75,2,'2025-10-19 11:49:25'),(323,31,76,2,'2025-10-19 11:49:25'),(324,31,81,2,'2025-10-19 11:49:25'),(325,31,83,2,'2025-10-19 11:49:25'),(326,31,84,2,'2025-10-19 11:49:25'),(327,31,86,2,'2025-10-19 11:49:25'),(328,31,88,2,'2025-10-19 11:49:25'),(329,31,90,2,'2025-10-19 11:49:25'),(330,31,98,2,'2025-10-19 11:49:25'),(331,32,1,2,'2025-10-19 11:49:25'),(332,32,3,2,'2025-10-19 11:49:25'),(333,32,9,2,'2025-10-19 11:49:25'),(334,32,10,2,'2025-10-19 11:49:25'),(335,32,11,2,'2025-10-19 11:49:25'),(336,32,18,2,'2025-10-19 11:49:25'),(337,32,19,2,'2025-10-19 11:49:25'),(338,32,22,2,'2025-10-19 11:49:25'),(339,32,23,2,'2025-10-19 11:49:25'),(340,32,26,2,'2025-10-19 11:49:25'),(341,32,28,2,'2025-10-19 11:49:25'),(342,32,31,2,'2025-10-19 11:49:25'),(343,32,36,2,'2025-10-19 11:49:25'),(344,32,40,2,'2025-10-19 11:49:25'),(345,32,44,2,'2025-10-19 11:49:25'),(346,32,46,2,'2025-10-19 11:49:25'),(347,32,47,2,'2025-10-19 11:49:25'),(348,32,55,2,'2025-10-19 11:49:25'),(349,32,62,2,'2025-10-19 11:49:25'),(350,32,64,2,'2025-10-19 11:49:25'),(351,32,72,2,'2025-10-19 11:49:25'),(352,32,74,2,'2025-10-19 11:49:25'),(353,32,75,2,'2025-10-19 11:49:25'),(354,32,76,2,'2025-10-19 11:49:25'),(355,32,79,2,'2025-10-19 11:49:25'),(356,32,81,2,'2025-10-19 11:49:25'),(357,32,88,2,'2025-10-19 11:49:25'),(358,32,91,2,'2025-10-19 11:49:25'),(359,32,96,2,'2025-10-19 11:49:25'),(360,33,1,2,'2025-10-19 11:49:25'),(361,33,3,2,'2025-10-19 11:49:25'),(362,33,7,2,'2025-10-19 11:49:25'),(363,33,9,2,'2025-10-19 11:49:25'),(364,33,12,2,'2025-10-19 11:49:25'),(365,33,15,2,'2025-10-19 11:49:25'),(366,33,16,2,'2025-10-19 11:49:25'),(367,33,17,2,'2025-10-19 11:49:25'),(368,33,18,2,'2025-10-19 11:49:25'),(369,33,22,2,'2025-10-19 11:49:25'),(370,33,23,2,'2025-10-19 11:49:25'),(371,33,26,2,'2025-10-19 11:49:25'),(372,33,27,2,'2025-10-19 11:49:25'),(373,33,28,2,'2025-10-19 11:49:25'),(374,33,31,2,'2025-10-19 11:49:25'),(375,33,35,2,'2025-10-19 11:49:25'),(376,33,39,2,'2025-10-19 11:49:25'),(377,33,47,2,'2025-10-19 11:49:25'),(378,33,51,2,'2025-10-19 11:49:25'),(379,33,52,2,'2025-10-19 11:49:25'),(380,33,54,2,'2025-10-19 11:49:25'),(381,33,55,2,'2025-10-19 11:49:25'),(382,33,56,2,'2025-10-19 11:49:25'),(383,33,57,2,'2025-10-19 11:49:25'),(384,33,58,2,'2025-10-19 11:49:25'),(385,33,61,2,'2025-10-19 11:49:25'),(386,33,67,2,'2025-10-19 11:49:25'),(387,33,70,2,'2025-10-19 11:49:25'),(388,33,82,2,'2025-10-19 11:49:25'),(389,33,85,2,'2025-10-19 11:49:25'),(390,33,88,2,'2025-10-19 11:49:25'),(391,33,91,2,'2025-10-19 11:49:25'),(392,33,93,2,'2025-10-19 11:49:25'),(393,33,94,2,'2025-10-19 11:49:25'),(394,34,1,2,'2025-10-19 11:49:25'),(395,34,5,2,'2025-10-19 11:49:25'),(396,34,6,2,'2025-10-19 11:49:25'),(397,34,7,2,'2025-10-19 11:49:25'),(398,34,9,2,'2025-10-19 11:49:25'),(399,34,15,2,'2025-10-19 11:49:25'),(400,34,19,2,'2025-10-19 11:49:25'),(401,34,20,2,'2025-10-19 11:49:25'),(402,34,23,2,'2025-10-19 11:49:25'),(403,34,25,2,'2025-10-19 11:49:25'),(404,34,31,2,'2025-10-19 11:49:25'),(405,34,32,2,'2025-10-19 11:49:25'),(406,34,33,2,'2025-10-19 11:49:25'),(407,34,51,2,'2025-10-19 11:49:25'),(408,34,52,2,'2025-10-19 11:49:25'),(409,34,53,2,'2025-10-19 11:49:25'),(410,34,54,2,'2025-10-19 11:49:25'),(411,34,55,2,'2025-10-19 11:49:25'),(412,34,56,2,'2025-10-19 11:49:25'),(413,34,57,2,'2025-10-19 11:49:25'),(414,34,59,2,'2025-10-19 11:49:25'),(415,34,61,2,'2025-10-19 11:49:25'),(416,34,64,2,'2025-10-19 11:49:25'),(417,34,66,2,'2025-10-19 11:49:25'),(418,34,67,2,'2025-10-19 11:49:25'),(419,34,73,2,'2025-10-19 11:49:25'),(420,34,75,2,'2025-10-19 11:49:25'),(421,34,76,2,'2025-10-19 11:49:25'),(422,34,79,2,'2025-10-19 11:49:25'),(423,34,82,2,'2025-10-19 11:49:25'),(424,34,83,2,'2025-10-19 11:49:25'),(425,34,85,2,'2025-10-19 11:49:25'),(426,34,87,2,'2025-10-19 11:49:25'),(427,34,91,2,'2025-10-19 11:49:25'),(428,34,95,2,'2025-10-19 11:49:25'),(429,34,97,2,'2025-10-19 11:49:25'),(430,35,5,2,'2025-10-19 11:49:25'),(431,35,7,2,'2025-10-19 11:49:25'),(432,35,9,2,'2025-10-19 11:49:25'),(433,35,12,2,'2025-10-19 11:49:25'),(434,35,13,2,'2025-10-19 11:49:25'),(435,35,18,2,'2025-10-19 11:49:25'),(436,35,25,2,'2025-10-19 11:49:25'),(437,35,32,2,'2025-10-19 11:49:25'),(438,35,37,2,'2025-10-19 11:49:25'),(439,35,38,2,'2025-10-19 11:49:25'),(440,35,40,2,'2025-10-19 11:49:25'),(441,35,45,2,'2025-10-19 11:49:25'),(442,35,48,2,'2025-10-19 11:49:25'),(443,35,49,2,'2025-10-19 11:49:25'),(444,35,52,2,'2025-10-19 11:49:25'),(445,35,59,2,'2025-10-19 11:49:25'),(446,35,67,2,'2025-10-19 11:49:25'),(447,35,70,2,'2025-10-19 11:49:25'),(448,35,74,2,'2025-10-19 11:49:25'),(449,35,75,2,'2025-10-19 11:49:25'),(450,35,79,2,'2025-10-19 11:49:25'),(451,35,81,2,'2025-10-19 11:49:25'),(452,35,82,2,'2025-10-19 11:49:25'),(453,35,84,2,'2025-10-19 11:49:25'),(454,35,87,2,'2025-10-19 11:49:25'),(455,35,98,2,'2025-10-19 11:49:25'),(456,35,100,2,'2025-10-19 11:49:25'),(457,36,3,2,'2025-10-19 11:49:25'),(458,36,7,2,'2025-10-19 11:49:25'),(459,36,8,2,'2025-10-19 11:49:25'),(460,36,10,2,'2025-10-19 11:49:25'),(461,36,12,2,'2025-10-19 11:49:25'),(462,36,13,2,'2025-10-19 11:49:25'),(463,36,14,2,'2025-10-19 11:49:25'),(464,36,15,2,'2025-10-19 11:49:25'),(465,36,16,2,'2025-10-19 11:49:25'),(466,36,17,2,'2025-10-19 11:49:25'),(467,36,18,2,'2025-10-19 11:49:25'),(468,36,22,2,'2025-10-19 11:49:25'),(469,36,29,2,'2025-10-19 11:49:25'),(470,36,33,2,'2025-10-19 11:49:25'),(471,36,35,2,'2025-10-19 11:49:25'),(472,36,36,2,'2025-10-19 11:49:25'),(473,36,37,2,'2025-10-19 11:49:25'),(474,36,40,2,'2025-10-19 11:49:25'),(475,36,41,2,'2025-10-19 11:49:26'),(476,36,42,2,'2025-10-19 11:49:26'),(477,36,44,2,'2025-10-19 11:49:26'),(478,36,45,2,'2025-10-19 11:49:26'),(479,36,48,2,'2025-10-19 11:49:26'),(480,36,56,2,'2025-10-19 11:49:26'),(481,36,60,2,'2025-10-19 11:49:26'),(482,36,61,2,'2025-10-19 11:49:26'),(483,36,66,2,'2025-10-19 11:49:26'),(484,36,70,2,'2025-10-19 11:49:26'),(485,36,72,2,'2025-10-19 11:49:26'),(486,36,74,2,'2025-10-19 11:49:26'),(487,36,75,2,'2025-10-19 11:49:26'),(488,36,77,2,'2025-10-19 11:49:26'),(489,36,79,2,'2025-10-19 11:49:26'),(490,36,82,2,'2025-10-19 11:49:26'),(491,36,83,2,'2025-10-19 11:49:26'),(492,36,88,2,'2025-10-19 11:49:26'),(493,36,89,2,'2025-10-19 11:49:26'),(494,36,90,2,'2025-10-19 11:49:26'),(495,36,92,2,'2025-10-19 11:49:26'),(496,36,97,2,'2025-10-19 11:49:26'),(497,36,98,2,'2025-10-19 11:49:26'),(498,37,3,2,'2025-10-19 11:49:26'),(499,37,9,2,'2025-10-19 11:49:26'),(500,37,16,2,'2025-10-19 11:49:26'),(501,37,19,2,'2025-10-19 11:49:26'),(502,37,21,2,'2025-10-19 11:49:26'),(503,37,23,2,'2025-10-19 11:49:26'),(504,37,24,2,'2025-10-19 11:49:26'),(505,37,25,2,'2025-10-19 11:49:26'),(506,37,29,2,'2025-10-19 11:49:26'),(507,37,31,2,'2025-10-19 11:49:26'),(508,37,32,2,'2025-10-19 11:49:26'),(509,37,33,2,'2025-10-19 11:49:26'),(510,37,39,2,'2025-10-19 11:49:26'),(511,37,41,2,'2025-10-19 11:49:26'),(512,37,47,2,'2025-10-19 11:49:26'),(513,37,54,2,'2025-10-19 11:49:26'),(514,37,58,2,'2025-10-19 11:49:26'),(515,37,62,2,'2025-10-19 11:49:26'),(516,37,70,2,'2025-10-19 11:49:26'),(517,37,73,2,'2025-10-19 11:49:26'),(518,37,76,2,'2025-10-19 11:49:26'),(519,37,77,2,'2025-10-19 11:49:26'),(520,37,80,2,'2025-10-19 11:49:26'),(521,37,81,2,'2025-10-19 11:49:26'),(522,37,95,2,'2025-10-19 11:49:26'),(523,37,99,2,'2025-10-19 11:49:26'),(524,38,1,2,'2025-10-19 11:49:26'),(525,38,3,2,'2025-10-19 11:49:26'),(526,38,8,2,'2025-10-19 11:49:26'),(527,38,9,2,'2025-10-19 11:49:26'),(528,38,10,2,'2025-10-19 11:49:26'),(529,38,13,2,'2025-10-19 11:49:26'),(530,38,16,2,'2025-10-19 11:49:26'),(531,38,18,2,'2025-10-19 11:49:26'),(532,38,23,2,'2025-10-19 11:49:26'),(533,38,27,2,'2025-10-19 11:49:26'),(534,38,29,2,'2025-10-19 11:49:26'),(535,38,31,2,'2025-10-19 11:49:26'),(536,38,33,2,'2025-10-19 11:49:26'),(537,38,34,2,'2025-10-19 11:49:26'),(538,38,36,2,'2025-10-19 11:49:26'),(539,38,37,2,'2025-10-19 11:49:26'),(540,38,41,2,'2025-10-19 11:49:26'),(541,38,42,2,'2025-10-19 11:49:26'),(542,38,43,2,'2025-10-19 11:49:26'),(543,38,45,2,'2025-10-19 11:49:26'),(544,38,48,2,'2025-10-19 11:49:26'),(545,38,49,2,'2025-10-19 11:49:26'),(546,38,53,2,'2025-10-19 11:49:26'),(547,38,55,2,'2025-10-19 11:49:26'),(548,38,57,2,'2025-10-19 11:49:26'),(549,38,58,2,'2025-10-19 11:49:26'),(550,38,63,2,'2025-10-19 11:49:26'),(551,38,66,2,'2025-10-19 11:49:26'),(552,38,68,2,'2025-10-19 11:49:26'),(553,38,69,2,'2025-10-19 11:49:26'),(554,38,70,2,'2025-10-19 11:49:26'),(555,38,71,2,'2025-10-19 11:49:26'),(556,38,74,2,'2025-10-19 11:49:26'),(557,38,77,2,'2025-10-19 11:49:26'),(558,38,79,2,'2025-10-19 11:49:26'),(559,38,84,2,'2025-10-19 11:49:26'),(560,38,85,2,'2025-10-19 11:49:26'),(561,38,87,2,'2025-10-19 11:49:26'),(562,38,90,2,'2025-10-19 11:49:26'),(563,38,91,2,'2025-10-19 11:49:26'),(564,38,95,2,'2025-10-19 11:49:26'),(565,39,3,2,'2025-10-19 11:49:26'),(566,39,6,2,'2025-10-19 11:49:26'),(567,39,10,2,'2025-10-19 11:49:26'),(568,39,13,2,'2025-10-19 11:49:26'),(569,39,15,2,'2025-10-19 11:49:26'),(570,39,16,2,'2025-10-19 11:49:26'),(571,39,17,2,'2025-10-19 11:49:26'),(572,39,19,2,'2025-10-19 11:49:26'),(573,39,21,2,'2025-10-19 11:49:26'),(574,39,22,2,'2025-10-19 11:49:26'),(575,39,30,2,'2025-10-19 11:49:26'),(576,39,31,2,'2025-10-19 11:49:26'),(577,39,35,2,'2025-10-19 11:49:26'),(578,39,39,2,'2025-10-19 11:49:26'),(579,39,41,2,'2025-10-19 11:49:26'),(580,39,42,2,'2025-10-19 11:49:26'),(581,39,43,2,'2025-10-19 11:49:26'),(582,39,46,2,'2025-10-19 11:49:26'),(583,39,47,2,'2025-10-19 11:49:26'),(584,39,48,2,'2025-10-19 11:49:26'),(585,39,50,2,'2025-10-19 11:49:26'),(586,39,54,2,'2025-10-19 11:49:26'),(587,39,55,2,'2025-10-19 11:49:26'),(588,39,57,2,'2025-10-19 11:49:26'),(589,39,66,2,'2025-10-19 11:49:26'),(590,39,70,2,'2025-10-19 11:49:26'),(591,39,77,2,'2025-10-19 11:49:26'),(592,39,78,2,'2025-10-19 11:49:26'),(593,39,85,2,'2025-10-19 11:49:26'),(594,39,86,2,'2025-10-19 11:49:26'),(595,39,87,2,'2025-10-19 11:49:26'),(596,39,89,2,'2025-10-19 11:49:26'),(597,39,90,2,'2025-10-19 11:49:26'),(598,39,91,2,'2025-10-19 11:49:26'),(599,39,92,2,'2025-10-19 11:49:26'),(600,39,97,2,'2025-10-19 11:49:26'),(601,39,99,2,'2025-10-19 11:49:26'),(602,40,5,2,'2025-10-19 11:49:26'),(603,40,6,2,'2025-10-19 11:49:26'),(604,40,11,2,'2025-10-19 11:49:26'),(605,40,12,2,'2025-10-19 11:49:26'),(606,40,14,2,'2025-10-19 11:49:26'),(607,40,16,2,'2025-10-19 11:49:26'),(608,40,18,2,'2025-10-19 11:49:26'),(609,40,19,2,'2025-10-19 11:49:26'),(610,40,21,2,'2025-10-19 11:49:26'),(611,40,28,2,'2025-10-19 11:49:26'),(612,40,33,2,'2025-10-19 11:49:26'),(613,40,35,2,'2025-10-19 11:49:26'),(614,40,36,2,'2025-10-19 11:49:26'),(615,40,38,2,'2025-10-19 11:49:26'),(616,40,42,2,'2025-10-19 11:49:26'),(617,40,44,2,'2025-10-19 11:49:26'),(618,40,45,2,'2025-10-19 11:49:26'),(619,40,47,2,'2025-10-19 11:49:26'),(620,40,48,2,'2025-10-19 11:49:26'),(621,40,53,2,'2025-10-19 11:49:26'),(622,40,61,2,'2025-10-19 11:49:26'),(623,40,62,2,'2025-10-19 11:49:26'),(624,40,65,2,'2025-10-19 11:49:26'),(625,40,67,2,'2025-10-19 11:49:26'),(626,40,68,2,'2025-10-19 11:49:26'),(627,40,71,2,'2025-10-19 11:49:26'),(628,40,75,2,'2025-10-19 11:49:26'),(629,40,78,2,'2025-10-19 11:49:26'),(630,40,82,2,'2025-10-19 11:49:26'),(631,40,85,2,'2025-10-19 11:49:26'),(632,40,87,2,'2025-10-19 11:49:26'),(633,40,93,2,'2025-10-19 11:49:26'),(634,40,96,2,'2025-10-19 11:49:26'),(635,41,1,2,'2025-10-19 11:49:26'),(636,41,4,2,'2025-10-19 11:49:26'),(637,41,6,2,'2025-10-19 11:49:26'),(638,41,7,2,'2025-10-19 11:49:26'),(639,41,11,2,'2025-10-19 11:49:26'),(640,41,14,2,'2025-10-19 11:49:26'),(641,41,17,2,'2025-10-19 11:49:26'),(642,41,20,2,'2025-10-19 11:49:26'),(643,41,24,2,'2025-10-19 11:49:26'),(644,41,28,2,'2025-10-19 11:49:26'),(645,41,31,2,'2025-10-19 11:49:26'),(646,41,33,2,'2025-10-19 11:49:26'),(647,41,34,2,'2025-10-19 11:49:26'),(648,41,38,2,'2025-10-19 11:49:26'),(649,41,40,2,'2025-10-19 11:49:26'),(650,41,45,2,'2025-10-19 11:49:26'),(651,41,48,2,'2025-10-19 11:49:26'),(652,41,49,2,'2025-10-19 11:49:26'),(653,41,55,2,'2025-10-19 11:49:26'),(654,41,57,2,'2025-10-19 11:49:26'),(655,41,58,2,'2025-10-19 11:49:26'),(656,41,59,2,'2025-10-19 11:49:26'),(657,41,62,2,'2025-10-19 11:49:26'),(658,41,68,2,'2025-10-19 11:49:26'),(659,41,72,2,'2025-10-19 11:49:26'),(660,41,74,2,'2025-10-19 11:49:26'),(661,41,78,2,'2025-10-19 11:49:26'),(662,41,79,2,'2025-10-19 11:49:26'),(663,41,80,2,'2025-10-19 11:49:26'),(664,41,83,2,'2025-10-19 11:49:26'),(665,41,89,2,'2025-10-19 11:49:26'),(666,41,93,2,'2025-10-19 11:49:26'),(667,41,95,2,'2025-10-19 11:49:26'),(668,41,99,2,'2025-10-19 11:49:26'),(669,42,1,2,'2025-10-19 11:49:26'),(670,42,3,2,'2025-10-19 11:49:26'),(671,42,4,2,'2025-10-19 11:49:26'),(672,42,5,2,'2025-10-19 11:49:26'),(673,42,7,2,'2025-10-19 11:49:26'),(674,42,8,2,'2025-10-19 11:49:26'),(675,42,9,2,'2025-10-19 11:49:26'),(676,42,10,2,'2025-10-19 11:49:26'),(677,42,11,2,'2025-10-19 11:49:26'),(678,42,12,2,'2025-10-19 11:49:26'),(679,42,17,2,'2025-10-19 11:49:26'),(680,42,21,2,'2025-10-19 11:49:26'),(681,42,22,2,'2025-10-19 11:49:26'),(682,42,24,2,'2025-10-19 11:49:26'),(683,42,25,2,'2025-10-19 11:49:26'),(684,42,26,2,'2025-10-19 11:49:26'),(685,42,27,2,'2025-10-19 11:49:26'),(686,42,29,2,'2025-10-19 11:49:26'),(687,42,33,2,'2025-10-19 11:49:26'),(688,42,34,2,'2025-10-19 11:49:26'),(689,42,44,2,'2025-10-19 11:49:26'),(690,42,46,2,'2025-10-19 11:49:26'),(691,42,47,2,'2025-10-19 11:49:26'),(692,42,48,2,'2025-10-19 11:49:26'),(693,42,50,2,'2025-10-19 11:49:26'),(694,42,56,2,'2025-10-19 11:49:26'),(695,42,57,2,'2025-10-19 11:49:26'),(696,42,58,2,'2025-10-19 11:49:26'),(697,42,60,2,'2025-10-19 11:49:26'),(698,42,61,2,'2025-10-19 11:49:26'),(699,42,62,2,'2025-10-19 11:49:26'),(700,42,67,2,'2025-10-19 11:49:26'),(701,42,71,2,'2025-10-19 11:49:26'),(702,42,72,2,'2025-10-19 11:49:26'),(703,42,76,2,'2025-10-19 11:49:26'),(704,42,81,2,'2025-10-19 11:49:26'),(705,42,83,2,'2025-10-19 11:49:26'),(706,42,86,2,'2025-10-19 11:49:26'),(707,42,88,2,'2025-10-19 11:49:26'),(708,42,89,2,'2025-10-19 11:49:26'),(709,42,91,2,'2025-10-19 11:49:26'),(710,42,92,2,'2025-10-19 11:49:26'),(711,42,94,2,'2025-10-19 11:49:26'),(712,42,95,2,'2025-10-19 11:49:26'),(713,42,97,2,'2025-10-19 11:49:26'),(714,42,100,2,'2025-10-19 11:49:26'),(715,43,3,2,'2025-10-19 11:49:26'),(716,43,6,2,'2025-10-19 11:49:26'),(717,43,10,2,'2025-10-19 11:49:26'),(718,43,13,2,'2025-10-19 11:49:26'),(719,43,15,2,'2025-10-19 11:49:26'),(720,43,16,2,'2025-10-19 11:49:26'),(721,43,18,2,'2025-10-19 11:49:26'),(722,43,19,2,'2025-10-19 11:49:26'),(723,43,23,2,'2025-10-19 11:49:26'),(724,43,24,2,'2025-10-19 11:49:26'),(725,43,27,2,'2025-10-19 11:49:26'),(726,43,28,2,'2025-10-19 11:49:26'),(727,43,29,2,'2025-10-19 11:49:26'),(728,43,30,2,'2025-10-19 11:49:26'),(729,43,32,2,'2025-10-19 11:49:26'),(730,43,35,2,'2025-10-19 11:49:26'),(731,43,36,2,'2025-10-19 11:49:26'),(732,43,37,2,'2025-10-19 11:49:26'),(733,43,41,2,'2025-10-19 11:49:26'),(734,43,42,2,'2025-10-19 11:49:26'),(735,43,45,2,'2025-10-19 11:49:26'),(736,43,47,2,'2025-10-19 11:49:26'),(737,43,49,2,'2025-10-19 11:49:26'),(738,43,51,2,'2025-10-19 11:49:26'),(739,43,55,2,'2025-10-19 11:49:26'),(740,43,56,2,'2025-10-19 11:49:26'),(741,43,60,2,'2025-10-19 11:49:26'),(742,43,62,2,'2025-10-19 11:49:26'),(743,43,66,2,'2025-10-19 11:49:26'),(744,43,74,2,'2025-10-19 11:49:26'),(745,43,75,2,'2025-10-19 11:49:26'),(746,43,77,2,'2025-10-19 11:49:26'),(747,43,78,2,'2025-10-19 11:49:26'),(748,43,81,2,'2025-10-19 11:49:26'),(749,43,82,2,'2025-10-19 11:49:26'),(750,43,83,2,'2025-10-19 11:49:26'),(751,43,84,2,'2025-10-19 11:49:26'),(752,43,85,2,'2025-10-19 11:49:26'),(753,43,87,2,'2025-10-19 11:49:26'),(754,43,88,2,'2025-10-19 11:49:26'),(755,43,89,2,'2025-10-19 11:49:26'),(756,43,90,2,'2025-10-19 11:49:26'),(757,43,92,2,'2025-10-19 11:49:26'),(758,43,93,2,'2025-10-19 11:49:26'),(759,43,94,2,'2025-10-19 11:49:26'),(760,43,97,2,'2025-10-19 11:49:26'),(761,44,4,2,'2025-10-19 11:49:26'),(762,44,13,2,'2025-10-19 11:49:26'),(763,44,18,2,'2025-10-19 11:49:26'),(764,44,31,2,'2025-10-19 11:49:26'),(765,44,37,2,'2025-10-19 11:49:26'),(766,44,40,2,'2025-10-19 11:49:26'),(767,44,42,2,'2025-10-19 11:49:26'),(768,44,45,2,'2025-10-19 11:49:26'),(769,44,47,2,'2025-10-19 11:49:26'),(770,44,49,2,'2025-10-19 11:49:26'),(771,44,53,2,'2025-10-19 11:49:26'),(772,44,57,2,'2025-10-19 11:49:26'),(773,44,59,2,'2025-10-19 11:49:26'),(774,44,64,2,'2025-10-19 11:49:26'),(775,44,66,2,'2025-10-19 11:49:26'),(776,44,75,2,'2025-10-19 11:49:26'),(777,44,79,2,'2025-10-19 11:49:26'),(778,44,84,2,'2025-10-19 11:49:26'),(779,44,87,2,'2025-10-19 11:49:26'),(780,44,98,2,'2025-10-19 11:49:26'),(781,45,5,2,'2025-10-19 11:49:27'),(782,45,7,2,'2025-10-19 11:49:27'),(783,45,9,2,'2025-10-19 11:49:27'),(784,45,11,2,'2025-10-19 11:49:27'),(785,45,13,2,'2025-10-19 11:49:27'),(786,45,14,2,'2025-10-19 11:49:27'),(787,45,21,2,'2025-10-19 11:49:27'),(788,45,28,2,'2025-10-19 11:49:27'),(789,45,32,2,'2025-10-19 11:49:27'),(790,45,35,2,'2025-10-19 11:49:27'),(791,45,41,2,'2025-10-19 11:49:27'),(792,45,42,2,'2025-10-19 11:49:27'),(793,45,44,2,'2025-10-19 11:49:27'),(794,45,45,2,'2025-10-19 11:49:27'),(795,45,46,2,'2025-10-19 11:49:27'),(796,45,47,2,'2025-10-19 11:49:27'),(797,45,53,2,'2025-10-19 11:49:27'),(798,45,54,2,'2025-10-19 11:49:27'),(799,45,63,2,'2025-10-19 11:49:27'),(800,45,66,2,'2025-10-19 11:49:27'),(801,45,67,2,'2025-10-19 11:49:27'),(802,45,73,2,'2025-10-19 11:49:27'),(803,45,75,2,'2025-10-19 11:49:27'),(804,45,76,2,'2025-10-19 11:49:27'),(805,45,79,2,'2025-10-19 11:49:27'),(806,45,91,2,'2025-10-19 11:49:27'),(807,45,95,2,'2025-10-19 11:49:27'),(808,45,96,2,'2025-10-19 11:49:27'),(809,45,98,2,'2025-10-19 11:49:27'),(810,46,2,2,'2025-10-19 11:49:27'),(811,46,7,2,'2025-10-19 11:49:27'),(812,46,10,2,'2025-10-19 11:49:27'),(813,46,21,2,'2025-10-19 11:49:27'),(814,46,22,2,'2025-10-19 11:49:27'),(815,46,24,2,'2025-10-19 11:49:27'),(816,46,28,2,'2025-10-19 11:49:27'),(817,46,29,2,'2025-10-19 11:49:27'),(818,46,30,2,'2025-10-19 11:49:27'),(819,46,33,2,'2025-10-19 11:49:27'),(820,46,47,2,'2025-10-19 11:49:27'),(821,46,49,2,'2025-10-19 11:49:27'),(822,46,54,2,'2025-10-19 11:49:27'),(823,46,55,2,'2025-10-19 11:49:27'),(824,46,56,2,'2025-10-19 11:49:27'),(825,46,58,2,'2025-10-19 11:49:27'),(826,46,61,2,'2025-10-19 11:49:27'),(827,46,70,2,'2025-10-19 11:49:27'),(828,46,71,2,'2025-10-19 11:49:27'),(829,46,72,2,'2025-10-19 11:49:27'),(830,46,78,2,'2025-10-19 11:49:27'),(831,46,80,2,'2025-10-19 11:49:27'),(832,46,81,2,'2025-10-19 11:49:27'),(833,46,83,2,'2025-10-19 11:49:27'),(834,46,85,2,'2025-10-19 11:49:27'),(835,46,86,2,'2025-10-19 11:49:27'),(836,46,89,2,'2025-10-19 11:49:27'),(837,46,90,2,'2025-10-19 11:49:27'),(838,46,95,2,'2025-10-19 11:49:27'),(839,46,96,2,'2025-10-19 11:49:27'),(840,46,98,2,'2025-10-19 11:49:27'),(841,47,5,2,'2025-10-19 11:49:27'),(842,47,7,2,'2025-10-19 11:49:27'),(843,47,10,2,'2025-10-19 11:49:27'),(844,47,13,2,'2025-10-19 11:49:27'),(845,47,15,2,'2025-10-19 11:49:27'),(846,47,16,2,'2025-10-19 11:49:27'),(847,47,17,2,'2025-10-19 11:49:27'),(848,47,18,2,'2025-10-19 11:49:27'),(849,47,20,2,'2025-10-19 11:49:27'),(850,47,25,2,'2025-10-19 11:49:27'),(851,47,26,2,'2025-10-19 11:49:27'),(852,47,27,2,'2025-10-19 11:49:27'),(853,47,29,2,'2025-10-19 11:49:27'),(854,47,30,2,'2025-10-19 11:49:27'),(855,47,32,2,'2025-10-19 11:49:27'),(856,47,33,2,'2025-10-19 11:49:27'),(857,47,35,2,'2025-10-19 11:49:27'),(858,47,38,2,'2025-10-19 11:49:27'),(859,47,39,2,'2025-10-19 11:49:27'),(860,47,41,2,'2025-10-19 11:49:27'),(861,47,42,2,'2025-10-19 11:49:27'),(862,47,43,2,'2025-10-19 11:49:27'),(863,47,47,2,'2025-10-19 11:49:27'),(864,47,49,2,'2025-10-19 11:49:27'),(865,47,51,2,'2025-10-19 11:49:27'),(866,47,54,2,'2025-10-19 11:49:27'),(867,47,56,2,'2025-10-19 11:49:27'),(868,47,57,2,'2025-10-19 11:49:27'),(869,47,58,2,'2025-10-19 11:49:27'),(870,47,59,2,'2025-10-19 11:49:27'),(871,47,61,2,'2025-10-19 11:49:27'),(872,47,64,2,'2025-10-19 11:49:27'),(873,47,67,2,'2025-10-19 11:49:27'),(874,47,68,2,'2025-10-19 11:49:27'),(875,47,69,2,'2025-10-19 11:49:27'),(876,47,70,2,'2025-10-19 11:49:27'),(877,47,72,2,'2025-10-19 11:49:27'),(878,47,80,2,'2025-10-19 11:49:27'),(879,47,83,2,'2025-10-19 11:49:27'),(880,47,86,2,'2025-10-19 11:49:27'),(881,47,87,2,'2025-10-19 11:49:27'),(882,47,89,2,'2025-10-19 11:49:27'),(883,47,91,2,'2025-10-19 11:49:27'),(884,47,92,2,'2025-10-19 11:49:27'),(885,47,95,2,'2025-10-19 11:49:27'),(886,47,97,2,'2025-10-19 11:49:27'),(887,47,98,2,'2025-10-19 11:49:27'),(888,47,99,2,'2025-10-19 11:49:27'),(889,47,100,2,'2025-10-19 11:49:27'),(890,48,1,2,'2025-10-19 11:49:27'),(891,48,3,2,'2025-10-19 11:49:27'),(892,48,4,2,'2025-10-19 11:49:27'),(893,48,7,2,'2025-10-19 11:49:27'),(894,48,9,2,'2025-10-19 11:49:27'),(895,48,11,2,'2025-10-19 11:49:27'),(896,48,16,2,'2025-10-19 11:49:27'),(897,48,17,2,'2025-10-19 11:49:27'),(898,48,20,2,'2025-10-19 11:49:27'),(899,48,21,2,'2025-10-19 11:49:27'),(900,48,22,2,'2025-10-19 11:49:27'),(901,48,30,2,'2025-10-19 11:49:27'),(902,48,32,2,'2025-10-19 11:49:27'),(903,48,39,2,'2025-10-19 11:49:27'),(904,48,42,2,'2025-10-19 11:49:27'),(905,48,50,2,'2025-10-19 11:49:27'),(906,48,56,2,'2025-10-19 11:49:27'),(907,48,64,2,'2025-10-19 11:49:27'),(908,48,65,2,'2025-10-19 11:49:27'),(909,48,66,2,'2025-10-19 11:49:27'),(910,48,68,2,'2025-10-19 11:49:27'),(911,48,71,2,'2025-10-19 11:49:27'),(912,48,75,2,'2025-10-19 11:49:27'),(913,48,78,2,'2025-10-19 11:49:27'),(914,48,81,2,'2025-10-19 11:49:27'),(915,48,84,2,'2025-10-19 11:49:27'),(916,48,94,2,'2025-10-19 11:49:27'),(917,48,95,2,'2025-10-19 11:49:27'),(918,48,96,2,'2025-10-19 11:49:27'),(919,48,97,2,'2025-10-19 11:49:27'),(920,48,98,2,'2025-10-19 11:49:27'),(921,48,99,2,'2025-10-19 11:49:27'),(922,49,5,2,'2025-10-19 11:49:27'),(923,49,6,2,'2025-10-19 11:49:27'),(924,49,9,2,'2025-10-19 11:49:27'),(925,49,10,2,'2025-10-19 11:49:27'),(926,49,12,2,'2025-10-19 11:49:27'),(927,49,14,2,'2025-10-19 11:49:27'),(928,49,16,2,'2025-10-19 11:49:27'),(929,49,20,2,'2025-10-19 11:49:27'),(930,49,24,2,'2025-10-19 11:49:27'),(931,49,28,2,'2025-10-19 11:49:27'),(932,49,29,2,'2025-10-19 11:49:27'),(933,49,30,2,'2025-10-19 11:49:27'),(934,49,34,2,'2025-10-19 11:49:27'),(935,49,35,2,'2025-10-19 11:49:27'),(936,49,36,2,'2025-10-19 11:49:27'),(937,49,37,2,'2025-10-19 11:49:27'),(938,49,43,2,'2025-10-19 11:49:27'),(939,49,44,2,'2025-10-19 11:49:27'),(940,49,47,2,'2025-10-19 11:49:27'),(941,49,48,2,'2025-10-19 11:49:27'),(942,49,49,2,'2025-10-19 11:49:27'),(943,49,51,2,'2025-10-19 11:49:27'),(944,49,53,2,'2025-10-19 11:49:27'),(945,49,54,2,'2025-10-19 11:49:27'),(946,49,56,2,'2025-10-19 11:49:27'),(947,49,57,2,'2025-10-19 11:49:27'),(948,49,60,2,'2025-10-19 11:49:27'),(949,49,61,2,'2025-10-19 11:49:27'),(950,49,64,2,'2025-10-19 11:49:27'),(951,49,65,2,'2025-10-19 11:49:27'),(952,49,67,2,'2025-10-19 11:49:27'),(953,49,69,2,'2025-10-19 11:49:27'),(954,49,72,2,'2025-10-19 11:49:27'),(955,49,75,2,'2025-10-19 11:49:27'),(956,49,77,2,'2025-10-19 11:49:27'),(957,49,78,2,'2025-10-19 11:49:27'),(958,49,80,2,'2025-10-19 11:49:27'),(959,49,82,2,'2025-10-19 11:49:27'),(960,49,86,2,'2025-10-19 11:49:27'),(961,49,87,2,'2025-10-19 11:49:27'),(962,49,89,2,'2025-10-19 11:49:27'),(963,49,90,2,'2025-10-19 11:49:27'),(964,49,93,2,'2025-10-19 11:49:27'),(965,49,94,2,'2025-10-19 11:49:27'),(966,49,95,2,'2025-10-19 11:49:27'),(967,49,97,2,'2025-10-19 11:49:27'),(968,49,98,2,'2025-10-19 11:49:27'),(969,49,100,2,'2025-10-19 11:49:27'),(970,50,9,2,'2025-10-19 11:49:27'),(971,50,10,2,'2025-10-19 11:49:27'),(972,50,15,2,'2025-10-19 11:49:27'),(973,50,16,2,'2025-10-19 11:49:27'),(974,50,18,2,'2025-10-19 11:49:27'),(975,50,25,2,'2025-10-19 11:49:27'),(976,50,27,2,'2025-10-19 11:49:27'),(977,50,28,2,'2025-10-19 11:49:27'),(978,50,30,2,'2025-10-19 11:49:27'),(979,50,35,2,'2025-10-19 11:49:27'),(980,50,37,2,'2025-10-19 11:49:27'),(981,50,40,2,'2025-10-19 11:49:27'),(982,50,46,2,'2025-10-19 11:49:27'),(983,50,48,2,'2025-10-19 11:49:27'),(984,50,49,2,'2025-10-19 11:49:27'),(985,50,50,2,'2025-10-19 11:49:27'),(986,50,51,2,'2025-10-19 11:49:27'),(987,50,57,2,'2025-10-19 11:49:27'),(988,50,64,2,'2025-10-19 11:49:27'),(989,50,65,2,'2025-10-19 11:49:27'),(990,50,67,2,'2025-10-19 11:49:27'),(991,50,68,2,'2025-10-19 11:49:27'),(992,50,73,2,'2025-10-19 11:49:27'),(993,50,79,2,'2025-10-19 11:49:27'),(994,50,81,2,'2025-10-19 11:49:27'),(995,50,85,2,'2025-10-19 11:49:27'),(996,50,89,2,'2025-10-19 11:49:27'),(997,50,90,2,'2025-10-19 11:49:27'),(998,50,94,2,'2025-10-19 11:49:27'),(999,50,99,2,'2025-10-19 11:49:27'),(1000,51,4,2,'2025-10-19 11:49:27'),(1001,51,6,2,'2025-10-19 11:49:27'),(1002,51,10,2,'2025-10-19 11:49:27'),(1003,51,13,2,'2025-10-19 11:49:27'),(1004,51,15,2,'2025-10-19 11:49:27'),(1005,51,19,2,'2025-10-19 11:49:27'),(1006,51,20,2,'2025-10-19 11:49:27'),(1007,51,22,2,'2025-10-19 11:49:27'),(1008,51,28,2,'2025-10-19 11:49:27'),(1009,51,30,2,'2025-10-19 11:49:27'),(1010,51,31,2,'2025-10-19 11:49:27'),(1011,51,32,2,'2025-10-19 11:49:27'),(1012,51,33,2,'2025-10-19 11:49:27'),(1013,51,36,2,'2025-10-19 11:49:27'),(1014,51,38,2,'2025-10-19 11:49:27'),(1015,51,40,2,'2025-10-19 11:49:27'),(1016,51,41,2,'2025-10-19 11:49:27'),(1017,51,42,2,'2025-10-19 11:49:27'),(1018,51,46,2,'2025-10-19 11:49:27'),(1019,51,47,2,'2025-10-19 11:49:27'),(1020,51,50,2,'2025-10-19 11:49:27'),(1021,51,55,2,'2025-10-19 11:49:27'),(1022,51,57,2,'2025-10-19 11:49:27'),(1023,51,60,2,'2025-10-19 11:49:27'),(1024,51,65,2,'2025-10-19 11:49:27'),(1025,51,66,2,'2025-10-19 11:49:27'),(1026,51,67,2,'2025-10-19 11:49:27'),(1027,51,68,2,'2025-10-19 11:49:27'),(1028,51,70,2,'2025-10-19 11:49:27'),(1029,51,72,2,'2025-10-19 11:49:27'),(1030,51,73,2,'2025-10-19 11:49:27'),(1031,51,74,2,'2025-10-19 11:49:27'),(1032,51,76,2,'2025-10-19 11:49:27'),(1033,51,80,2,'2025-10-19 11:49:27'),(1034,51,85,2,'2025-10-19 11:49:27'),(1035,51,88,2,'2025-10-19 11:49:27'),(1036,51,89,2,'2025-10-19 11:49:27'),(1037,51,91,2,'2025-10-19 11:49:27'),(1038,51,94,2,'2025-10-19 11:49:27'),(1039,51,99,2,'2025-10-19 11:49:27'),(1040,51,100,2,'2025-10-19 11:49:27'),(1041,52,5,2,'2025-10-19 11:49:27'),(1042,52,9,2,'2025-10-19 11:49:27'),(1043,52,10,2,'2025-10-19 11:49:27'),(1044,52,12,2,'2025-10-19 11:49:27'),(1045,52,14,2,'2025-10-19 11:49:27'),(1046,52,15,2,'2025-10-19 11:49:27'),(1047,52,20,2,'2025-10-19 11:49:27'),(1048,52,21,2,'2025-10-19 11:49:27'),(1049,52,24,2,'2025-10-19 11:49:27'),(1050,52,27,2,'2025-10-19 11:49:27'),(1051,52,29,2,'2025-10-19 11:49:27'),(1052,52,30,2,'2025-10-19 11:49:27'),(1053,52,32,2,'2025-10-19 11:49:27'),(1054,52,34,2,'2025-10-19 11:49:27'),(1055,52,35,2,'2025-10-19 11:49:27'),(1056,52,40,2,'2025-10-19 11:49:27'),(1057,52,42,2,'2025-10-19 11:49:27'),(1058,52,45,2,'2025-10-19 11:49:27'),(1059,52,54,2,'2025-10-19 11:49:27'),(1060,52,60,2,'2025-10-19 11:49:27'),(1061,52,66,2,'2025-10-19 11:49:27'),(1062,52,69,2,'2025-10-19 11:49:27'),(1063,52,83,2,'2025-10-19 11:49:27'),(1064,52,89,2,'2025-10-19 11:49:27'),(1065,52,90,2,'2025-10-19 11:49:27'),(1066,52,92,2,'2025-10-19 11:49:27'),(1067,52,95,2,'2025-10-19 11:49:27'),(1068,52,98,2,'2025-10-19 11:49:27'),(1069,52,100,2,'2025-10-19 11:49:27'),(1070,53,1,2,'2025-10-19 11:49:27'),(1071,53,4,2,'2025-10-19 11:49:27'),(1072,53,6,2,'2025-10-19 11:49:28'),(1073,53,10,2,'2025-10-19 11:49:28'),(1074,53,12,2,'2025-10-19 11:49:28'),(1075,53,16,2,'2025-10-19 11:49:28'),(1076,53,18,2,'2025-10-19 11:49:28'),(1077,53,21,2,'2025-10-19 11:49:28'),(1078,53,29,2,'2025-10-19 11:49:28'),(1079,53,30,2,'2025-10-19 11:49:28'),(1080,53,32,2,'2025-10-19 11:49:28'),(1081,53,36,2,'2025-10-19 11:49:28'),(1082,53,37,2,'2025-10-19 11:49:28'),(1083,53,41,2,'2025-10-19 11:49:28'),(1084,53,42,2,'2025-10-19 11:49:28'),(1085,53,43,2,'2025-10-19 11:49:28'),(1086,53,44,2,'2025-10-19 11:49:28'),(1087,53,45,2,'2025-10-19 11:49:28'),(1088,53,46,2,'2025-10-19 11:49:28'),(1089,53,54,2,'2025-10-19 11:49:28'),(1090,53,56,2,'2025-10-19 11:49:28'),(1091,53,59,2,'2025-10-19 11:49:28'),(1092,53,60,2,'2025-10-19 11:49:28'),(1093,53,66,2,'2025-10-19 11:49:28'),(1094,53,68,2,'2025-10-19 11:49:28'),(1095,53,69,2,'2025-10-19 11:49:28'),(1096,53,72,2,'2025-10-19 11:49:28'),(1097,53,73,2,'2025-10-19 11:49:28'),(1098,53,74,2,'2025-10-19 11:49:28'),(1099,53,78,2,'2025-10-19 11:49:28'),(1100,53,83,2,'2025-10-19 11:49:28'),(1101,53,84,2,'2025-10-19 11:49:28'),(1102,53,87,2,'2025-10-19 11:49:28'),(1103,53,88,2,'2025-10-19 11:49:28'),(1104,53,89,2,'2025-10-19 11:49:28'),(1105,53,93,2,'2025-10-19 11:49:28'),(1106,53,97,2,'2025-10-19 11:49:28'),(1107,53,100,2,'2025-10-19 11:49:28'),(1108,54,1,2,'2025-10-19 11:49:28'),(1109,54,3,2,'2025-10-19 11:49:28'),(1110,54,4,2,'2025-10-19 11:49:28'),(1111,54,5,2,'2025-10-19 11:49:28'),(1112,54,6,2,'2025-10-19 11:49:28'),(1113,54,8,2,'2025-10-19 11:49:28'),(1114,54,9,2,'2025-10-19 11:49:28'),(1115,54,12,2,'2025-10-19 11:49:28'),(1116,54,15,2,'2025-10-19 11:49:28'),(1117,54,17,2,'2025-10-19 11:49:28'),(1118,54,18,2,'2025-10-19 11:49:28'),(1119,54,20,2,'2025-10-19 11:49:28'),(1120,54,23,2,'2025-10-19 11:49:28'),(1121,54,24,2,'2025-10-19 11:49:28'),(1122,54,30,2,'2025-10-19 11:49:28'),(1123,54,32,2,'2025-10-19 11:49:28'),(1124,54,35,2,'2025-10-19 11:49:28'),(1125,54,40,2,'2025-10-19 11:49:28'),(1126,54,44,2,'2025-10-19 11:49:28'),(1127,54,45,2,'2025-10-19 11:49:28'),(1128,54,46,2,'2025-10-19 11:49:28'),(1129,54,47,2,'2025-10-19 11:49:28'),(1130,54,48,2,'2025-10-19 11:49:28'),(1131,54,49,2,'2025-10-19 11:49:28'),(1132,54,50,2,'2025-10-19 11:49:28'),(1133,54,51,2,'2025-10-19 11:49:28'),(1134,54,52,2,'2025-10-19 11:49:28'),(1135,54,53,2,'2025-10-19 11:49:28'),(1136,54,54,2,'2025-10-19 11:49:28'),(1137,54,55,2,'2025-10-19 11:49:28'),(1138,54,58,2,'2025-10-19 11:49:28'),(1139,54,62,2,'2025-10-19 11:49:28'),(1140,54,63,2,'2025-10-19 11:49:28'),(1141,54,64,2,'2025-10-19 11:49:28'),(1142,54,68,2,'2025-10-19 11:49:28'),(1143,54,69,2,'2025-10-19 11:49:28'),(1144,54,73,2,'2025-10-19 11:49:28'),(1145,54,79,2,'2025-10-19 11:49:28'),(1146,54,80,2,'2025-10-19 11:49:28'),(1147,54,85,2,'2025-10-19 11:49:28'),(1148,54,88,2,'2025-10-19 11:49:28'),(1149,54,89,2,'2025-10-19 11:49:28'),(1150,54,91,2,'2025-10-19 11:49:28'),(1151,54,93,2,'2025-10-19 11:49:28'),(1152,54,95,2,'2025-10-19 11:49:28'),(1153,55,1,2,'2025-10-19 11:49:28'),(1154,55,2,2,'2025-10-19 11:49:28'),(1155,55,3,2,'2025-10-19 11:49:28'),(1156,55,4,2,'2025-10-19 11:49:28'),(1157,55,5,2,'2025-10-19 11:49:28'),(1158,55,6,2,'2025-10-19 11:49:28'),(1159,55,7,2,'2025-10-19 11:49:28'),(1160,55,9,2,'2025-10-19 11:49:28'),(1161,55,13,2,'2025-10-19 11:49:28'),(1162,55,15,2,'2025-10-19 11:49:28'),(1163,55,16,2,'2025-10-19 11:49:28'),(1164,55,21,2,'2025-10-19 11:49:28'),(1165,55,22,2,'2025-10-19 11:49:28'),(1166,55,24,2,'2025-10-19 11:49:28'),(1167,55,25,2,'2025-10-19 11:49:28'),(1168,55,27,2,'2025-10-19 11:49:28'),(1169,55,30,2,'2025-10-19 11:49:28'),(1170,55,31,2,'2025-10-19 11:49:28'),(1171,55,34,2,'2025-10-19 11:49:28'),(1172,55,36,2,'2025-10-19 11:49:28'),(1173,55,40,2,'2025-10-19 11:49:28'),(1174,55,44,2,'2025-10-19 11:49:28'),(1175,55,45,2,'2025-10-19 11:49:28'),(1176,55,46,2,'2025-10-19 11:49:28'),(1177,55,48,2,'2025-10-19 11:49:28'),(1178,55,49,2,'2025-10-19 11:49:28'),(1179,55,51,2,'2025-10-19 11:49:28'),(1180,55,55,2,'2025-10-19 11:49:28'),(1181,55,60,2,'2025-10-19 11:49:28'),(1182,55,62,2,'2025-10-19 11:49:28'),(1183,55,66,2,'2025-10-19 11:49:28'),(1184,55,71,2,'2025-10-19 11:49:28'),(1185,55,72,2,'2025-10-19 11:49:28'),(1186,55,73,2,'2025-10-19 11:49:28'),(1187,55,76,2,'2025-10-19 11:49:28'),(1188,55,80,2,'2025-10-19 11:49:28'),(1189,55,81,2,'2025-10-19 11:49:28'),(1190,55,83,2,'2025-10-19 11:49:28'),(1191,55,84,2,'2025-10-19 11:49:28'),(1192,55,87,2,'2025-10-19 11:49:28'),(1193,55,88,2,'2025-10-19 11:49:28'),(1194,55,89,2,'2025-10-19 11:49:28'),(1195,55,90,2,'2025-10-19 11:49:28'),(1196,55,97,2,'2025-10-19 11:49:28'),(1197,56,3,2,'2025-10-19 11:49:28'),(1198,56,7,2,'2025-10-19 11:49:28'),(1199,56,8,2,'2025-10-19 11:49:28'),(1200,56,9,2,'2025-10-19 11:49:28'),(1201,56,11,2,'2025-10-19 11:49:28'),(1202,56,12,2,'2025-10-19 11:49:28'),(1203,56,15,2,'2025-10-19 11:49:28'),(1204,56,16,2,'2025-10-19 11:49:28'),(1205,56,17,2,'2025-10-19 11:49:28'),(1206,56,18,2,'2025-10-19 11:49:28'),(1207,56,19,2,'2025-10-19 11:49:28'),(1208,56,20,2,'2025-10-19 11:49:28'),(1209,56,23,2,'2025-10-19 11:49:28'),(1210,56,24,2,'2025-10-19 11:49:28'),(1211,56,25,2,'2025-10-19 11:49:28'),(1212,56,28,2,'2025-10-19 11:49:28'),(1213,56,30,2,'2025-10-19 11:49:28'),(1214,56,32,2,'2025-10-19 11:49:28'),(1215,56,37,2,'2025-10-19 11:49:28'),(1216,56,42,2,'2025-10-19 11:49:28'),(1217,56,43,2,'2025-10-19 11:49:28'),(1218,56,45,2,'2025-10-19 11:49:28'),(1219,56,47,2,'2025-10-19 11:49:28'),(1220,56,48,2,'2025-10-19 11:49:28'),(1221,56,49,2,'2025-10-19 11:49:28'),(1222,56,50,2,'2025-10-19 11:49:28'),(1223,56,52,2,'2025-10-19 11:49:28'),(1224,56,54,2,'2025-10-19 11:49:28'),(1225,56,60,2,'2025-10-19 11:49:28'),(1226,56,64,2,'2025-10-19 11:49:28'),(1227,56,67,2,'2025-10-19 11:49:28'),(1228,56,70,2,'2025-10-19 11:49:28'),(1229,56,74,2,'2025-10-19 11:49:28'),(1230,56,76,2,'2025-10-19 11:49:28'),(1231,56,79,2,'2025-10-19 11:49:28'),(1232,56,82,2,'2025-10-19 11:49:28'),(1233,56,83,2,'2025-10-19 11:49:28'),(1234,56,84,2,'2025-10-19 11:49:28'),(1235,56,85,2,'2025-10-19 11:49:28'),(1236,56,88,2,'2025-10-19 11:49:28'),(1237,56,92,2,'2025-10-19 11:49:28'),(1238,56,94,2,'2025-10-19 11:49:28'),(1239,56,97,2,'2025-10-19 11:49:28'),(1240,56,98,2,'2025-10-19 11:49:28'),(1241,57,5,2,'2025-10-19 11:49:28'),(1242,57,7,2,'2025-10-19 11:49:28'),(1243,57,15,2,'2025-10-19 11:49:28'),(1244,57,17,2,'2025-10-19 11:49:28'),(1245,57,23,2,'2025-10-19 11:49:28'),(1246,57,30,2,'2025-10-19 11:49:28'),(1247,57,40,2,'2025-10-19 11:49:28'),(1248,57,50,2,'2025-10-19 11:49:28'),(1249,57,56,2,'2025-10-19 11:49:28'),(1250,57,68,2,'2025-10-19 11:49:28'),(1251,57,70,2,'2025-10-19 11:49:28'),(1252,57,73,2,'2025-10-19 11:49:28'),(1253,57,74,2,'2025-10-19 11:49:28'),(1254,57,78,2,'2025-10-19 11:49:28'),(1255,57,79,2,'2025-10-19 11:49:28'),(1256,57,84,2,'2025-10-19 11:49:28'),(1257,57,87,2,'2025-10-19 11:49:28'),(1258,57,89,2,'2025-10-19 11:49:28'),(1259,57,90,2,'2025-10-19 11:49:28'),(1260,57,91,2,'2025-10-19 11:49:28'),(1261,57,93,2,'2025-10-19 11:49:28'),(1262,57,99,2,'2025-10-19 11:49:28'),(1263,58,2,2,'2025-10-19 11:49:28'),(1264,58,15,2,'2025-10-19 11:49:28'),(1265,58,16,2,'2025-10-19 11:49:28'),(1266,58,17,2,'2025-10-19 11:49:28'),(1267,58,22,2,'2025-10-19 11:49:28'),(1268,58,27,2,'2025-10-19 11:49:28'),(1269,58,28,2,'2025-10-19 11:49:28'),(1270,58,29,2,'2025-10-19 11:49:28'),(1271,58,31,2,'2025-10-19 11:49:28'),(1272,58,32,2,'2025-10-19 11:49:28'),(1273,58,34,2,'2025-10-19 11:49:28'),(1274,58,35,2,'2025-10-19 11:49:28'),(1275,58,38,2,'2025-10-19 11:49:28'),(1276,58,39,2,'2025-10-19 11:49:28'),(1277,58,43,2,'2025-10-19 11:49:28'),(1278,58,44,2,'2025-10-19 11:49:28'),(1279,58,45,2,'2025-10-19 11:49:28'),(1280,58,46,2,'2025-10-19 11:49:28'),(1281,58,49,2,'2025-10-19 11:49:28'),(1282,58,50,2,'2025-10-19 11:49:28'),(1283,58,51,2,'2025-10-19 11:49:28'),(1284,58,52,2,'2025-10-19 11:49:28'),(1285,58,58,2,'2025-10-19 11:49:28'),(1286,58,59,2,'2025-10-19 11:49:28'),(1287,58,62,2,'2025-10-19 11:49:28'),(1288,58,65,2,'2025-10-19 11:49:28'),(1289,58,67,2,'2025-10-19 11:49:28'),(1290,58,72,2,'2025-10-19 11:49:28'),(1291,58,73,2,'2025-10-19 11:49:28'),(1292,58,77,2,'2025-10-19 11:49:28'),(1293,58,78,2,'2025-10-19 11:49:28'),(1294,58,80,2,'2025-10-19 11:49:28'),(1295,58,81,2,'2025-10-19 11:49:28'),(1296,58,83,2,'2025-10-19 11:49:28'),(1297,58,86,2,'2025-10-19 11:49:28'),(1298,58,87,2,'2025-10-19 11:49:28'),(1299,58,88,2,'2025-10-19 11:49:28'),(1300,58,90,2,'2025-10-19 11:49:28'),(1301,58,91,2,'2025-10-19 11:49:28'),(1302,58,92,2,'2025-10-19 11:49:28'),(1303,58,94,2,'2025-10-19 11:49:28'),(1304,58,96,2,'2025-10-19 11:49:28'),(1305,58,100,2,'2025-10-19 11:49:28'),(1306,59,3,2,'2025-10-19 11:49:28'),(1307,59,8,2,'2025-10-19 11:49:28'),(1308,59,10,2,'2025-10-19 11:49:28'),(1309,59,11,2,'2025-10-19 11:49:28'),(1310,59,15,2,'2025-10-19 11:49:28'),(1311,59,16,2,'2025-10-19 11:49:28'),(1312,59,31,2,'2025-10-19 11:49:28'),(1313,59,38,2,'2025-10-19 11:49:28'),(1314,59,42,2,'2025-10-19 11:49:28'),(1315,59,43,2,'2025-10-19 11:49:28'),(1316,59,44,2,'2025-10-19 11:49:28'),(1317,59,48,2,'2025-10-19 11:49:28'),(1318,59,51,2,'2025-10-19 11:49:28'),(1319,59,52,2,'2025-10-19 11:49:28'),(1320,59,54,2,'2025-10-19 11:49:28'),(1321,59,57,2,'2025-10-19 11:49:28'),(1322,59,60,2,'2025-10-19 11:49:28'),(1323,59,62,2,'2025-10-19 11:49:28'),(1324,59,63,2,'2025-10-19 11:49:28'),(1325,59,65,2,'2025-10-19 11:49:28'),(1326,59,70,2,'2025-10-19 11:49:28'),(1327,59,74,2,'2025-10-19 11:49:28'),(1328,59,77,2,'2025-10-19 11:49:28'),(1329,59,78,2,'2025-10-19 11:49:28'),(1330,59,83,2,'2025-10-19 11:49:28'),(1331,59,84,2,'2025-10-19 11:49:28'),(1332,59,86,2,'2025-10-19 11:49:28'),(1333,59,90,2,'2025-10-19 11:49:28'),(1334,59,91,2,'2025-10-19 11:49:28'),(1335,59,93,2,'2025-10-19 11:49:28'),(1336,59,97,2,'2025-10-19 11:49:28'),(1337,59,98,2,'2025-10-19 11:49:28'),(1338,59,99,2,'2025-10-19 11:49:28'),(1339,59,100,2,'2025-10-19 11:49:28'),(1340,60,9,2,'2025-10-19 11:49:28'),(1341,60,11,2,'2025-10-19 11:49:28'),(1342,60,15,2,'2025-10-19 11:49:28'),(1343,60,18,2,'2025-10-19 11:49:28'),(1344,60,19,2,'2025-10-19 11:49:28'),(1345,60,21,2,'2025-10-19 11:49:28'),(1346,60,23,2,'2025-10-19 11:49:28'),(1347,60,24,2,'2025-10-19 11:49:28'),(1348,60,27,2,'2025-10-19 11:49:28'),(1349,60,28,2,'2025-10-19 11:49:28'),(1350,60,30,2,'2025-10-19 11:49:28'),(1351,60,35,2,'2025-10-19 11:49:28'),(1352,60,37,2,'2025-10-19 11:49:28'),(1353,60,39,2,'2025-10-19 11:49:28'),(1354,60,42,2,'2025-10-19 11:49:28'),(1355,60,44,2,'2025-10-19 11:49:28'),(1356,60,48,2,'2025-10-19 11:49:28'),(1357,60,52,2,'2025-10-19 11:49:28'),(1358,60,53,2,'2025-10-19 11:49:28'),(1359,60,54,2,'2025-10-19 11:49:28'),(1360,60,55,2,'2025-10-19 11:49:28'),(1361,60,56,2,'2025-10-19 11:49:28'),(1362,60,61,2,'2025-10-19 11:49:28'),(1363,60,65,2,'2025-10-19 11:49:28'),(1364,60,66,2,'2025-10-19 11:49:28'),(1365,60,68,2,'2025-10-19 11:49:28'),(1366,60,69,2,'2025-10-19 11:49:28'),(1367,60,72,2,'2025-10-19 11:49:28'),(1368,60,74,2,'2025-10-19 11:49:28'),(1369,60,78,2,'2025-10-19 11:49:28'),(1370,60,79,2,'2025-10-19 11:49:28'),(1371,60,82,2,'2025-10-19 11:49:28'),(1372,60,83,2,'2025-10-19 11:49:28'),(1373,60,85,2,'2025-10-19 11:49:28'),(1374,60,88,2,'2025-10-19 11:49:28'),(1375,60,89,2,'2025-10-19 11:49:28'),(1376,60,91,2,'2025-10-19 11:49:28'),(1377,60,92,2,'2025-10-19 11:49:28'),(1378,60,95,2,'2025-10-19 11:49:28'),(1379,60,96,2,'2025-10-19 11:49:28'),(1380,60,97,2,'2025-10-19 11:49:28'),(1381,60,99,2,'2025-10-19 11:49:28'),(1382,61,2,2,'2025-10-19 11:49:29'),(1383,61,4,2,'2025-10-19 11:49:29'),(1384,61,5,2,'2025-10-19 11:49:29'),(1385,61,7,2,'2025-10-19 11:49:29'),(1386,61,9,2,'2025-10-19 11:49:29'),(1387,61,14,2,'2025-10-19 11:49:29'),(1388,61,16,2,'2025-10-19 11:49:29'),(1389,61,18,2,'2025-10-19 11:49:29'),(1390,61,21,2,'2025-10-19 11:49:29'),(1391,61,22,2,'2025-10-19 11:49:29'),(1392,61,23,2,'2025-10-19 11:49:29'),(1393,61,24,2,'2025-10-19 11:49:29'),(1394,61,25,2,'2025-10-19 11:49:29'),(1395,61,29,2,'2025-10-19 11:49:29'),(1396,61,31,2,'2025-10-19 11:49:29'),(1397,61,33,2,'2025-10-19 11:49:29'),(1398,61,36,2,'2025-10-19 11:49:29'),(1399,61,38,2,'2025-10-19 11:49:29'),(1400,61,41,2,'2025-10-19 11:49:29'),(1401,61,43,2,'2025-10-19 11:49:29'),(1402,61,44,2,'2025-10-19 11:49:29'),(1403,61,45,2,'2025-10-19 11:49:29'),(1404,61,46,2,'2025-10-19 11:49:29'),(1405,61,48,2,'2025-10-19 11:49:29'),(1406,61,50,2,'2025-10-19 11:49:29'),(1407,61,51,2,'2025-10-19 11:49:29'),(1408,61,52,2,'2025-10-19 11:49:29'),(1409,61,53,2,'2025-10-19 11:49:29'),(1410,61,57,2,'2025-10-19 11:49:29'),(1411,61,59,2,'2025-10-19 11:49:29'),(1412,61,62,2,'2025-10-19 11:49:29'),(1413,61,64,2,'2025-10-19 11:49:29'),(1414,61,66,2,'2025-10-19 11:49:29'),(1415,61,72,2,'2025-10-19 11:49:29'),(1416,61,73,2,'2025-10-19 11:49:29'),(1417,61,74,2,'2025-10-19 11:49:29'),(1418,61,77,2,'2025-10-19 11:49:29'),(1419,61,79,2,'2025-10-19 11:49:29'),(1420,61,80,2,'2025-10-19 11:49:29'),(1421,61,81,2,'2025-10-19 11:49:29'),(1422,61,83,2,'2025-10-19 11:49:29'),(1423,61,84,2,'2025-10-19 11:49:29'),(1424,61,85,2,'2025-10-19 11:49:29'),(1425,61,88,2,'2025-10-19 11:49:29'),(1426,61,90,2,'2025-10-19 11:49:29'),(1427,61,94,2,'2025-10-19 11:49:29'),(1428,61,95,2,'2025-10-19 11:49:29'),(1429,62,2,2,'2025-10-19 11:49:29'),(1430,62,4,2,'2025-10-19 11:49:29'),(1431,62,6,2,'2025-10-19 11:49:29'),(1432,62,9,2,'2025-10-19 11:49:29'),(1433,62,16,2,'2025-10-19 11:49:29'),(1434,62,20,2,'2025-10-19 11:49:29'),(1435,62,22,2,'2025-10-19 11:49:29'),(1436,62,30,2,'2025-10-19 11:49:29'),(1437,62,33,2,'2025-10-19 11:49:29'),(1438,62,34,2,'2025-10-19 11:49:29'),(1439,62,36,2,'2025-10-19 11:49:29'),(1440,62,38,2,'2025-10-19 11:49:29'),(1441,62,39,2,'2025-10-19 11:49:29'),(1442,62,40,2,'2025-10-19 11:49:29'),(1443,62,41,2,'2025-10-19 11:49:29'),(1444,62,45,2,'2025-10-19 11:49:29'),(1445,62,47,2,'2025-10-19 11:49:29'),(1446,62,49,2,'2025-10-19 11:49:29'),(1447,62,50,2,'2025-10-19 11:49:29'),(1448,62,59,2,'2025-10-19 11:49:29'),(1449,62,61,2,'2025-10-19 11:49:29'),(1450,62,62,2,'2025-10-19 11:49:29'),(1451,62,67,2,'2025-10-19 11:49:29'),(1452,62,69,2,'2025-10-19 11:49:29'),(1453,62,74,2,'2025-10-19 11:49:29'),(1454,62,75,2,'2025-10-19 11:49:29'),(1455,62,78,2,'2025-10-19 11:49:29'),(1456,62,80,2,'2025-10-19 11:49:29'),(1457,62,82,2,'2025-10-19 11:49:29'),(1458,62,85,2,'2025-10-19 11:49:29'),(1459,62,86,2,'2025-10-19 11:49:29'),(1460,62,91,2,'2025-10-19 11:49:29'),(1461,62,98,2,'2025-10-19 11:49:29'),(1462,63,4,2,'2025-10-19 11:49:29'),(1463,63,7,2,'2025-10-19 11:49:29'),(1464,63,9,2,'2025-10-19 11:49:29'),(1465,63,12,2,'2025-10-19 11:49:29'),(1466,63,13,2,'2025-10-19 11:49:29'),(1467,63,18,2,'2025-10-19 11:49:29'),(1468,63,19,2,'2025-10-19 11:49:29'),(1469,63,20,2,'2025-10-19 11:49:29'),(1470,63,24,2,'2025-10-19 11:49:29'),(1471,63,29,2,'2025-10-19 11:49:29'),(1472,63,30,2,'2025-10-19 11:49:29'),(1473,63,33,2,'2025-10-19 11:49:29'),(1474,63,36,2,'2025-10-19 11:49:29'),(1475,63,39,2,'2025-10-19 11:49:29'),(1476,63,40,2,'2025-10-19 11:49:29'),(1477,63,43,2,'2025-10-19 11:49:29'),(1478,63,44,2,'2025-10-19 11:49:29'),(1479,63,46,2,'2025-10-19 11:49:29'),(1480,63,47,2,'2025-10-19 11:49:29'),(1481,63,48,2,'2025-10-19 11:49:29'),(1482,63,49,2,'2025-10-19 11:49:29'),(1483,63,50,2,'2025-10-19 11:49:29'),(1484,63,51,2,'2025-10-19 11:49:29'),(1485,63,52,2,'2025-10-19 11:49:29'),(1486,63,53,2,'2025-10-19 11:49:29'),(1487,63,54,2,'2025-10-19 11:49:29'),(1488,63,56,2,'2025-10-19 11:49:29'),(1489,63,61,2,'2025-10-19 11:49:29'),(1490,63,62,2,'2025-10-19 11:49:29'),(1491,63,69,2,'2025-10-19 11:49:29'),(1492,63,72,2,'2025-10-19 11:49:29'),(1493,63,74,2,'2025-10-19 11:49:29'),(1494,63,75,2,'2025-10-19 11:49:29'),(1495,63,76,2,'2025-10-19 11:49:29'),(1496,63,80,2,'2025-10-19 11:49:29'),(1497,63,81,2,'2025-10-19 11:49:29'),(1498,63,82,2,'2025-10-19 11:49:29'),(1499,63,85,2,'2025-10-19 11:49:29'),(1500,63,86,2,'2025-10-19 11:49:29'),(1501,63,87,2,'2025-10-19 11:49:29'),(1502,63,88,2,'2025-10-19 11:49:29'),(1503,63,89,2,'2025-10-19 11:49:29'),(1504,63,90,2,'2025-10-19 11:49:29'),(1505,63,91,2,'2025-10-19 11:49:29'),(1506,63,93,2,'2025-10-19 11:49:29'),(1507,63,94,2,'2025-10-19 11:49:29'),(1508,63,95,2,'2025-10-19 11:49:29'),(1509,63,97,2,'2025-10-19 11:49:29'),(1510,63,98,2,'2025-10-19 11:49:29'),(1511,63,100,2,'2025-10-19 11:49:29'),(1512,64,2,2,'2025-10-19 11:49:29'),(1513,64,9,2,'2025-10-19 11:49:29'),(1514,64,10,2,'2025-10-19 11:49:29'),(1515,64,11,2,'2025-10-19 11:49:29'),(1516,64,12,2,'2025-10-19 11:49:29'),(1517,64,17,2,'2025-10-19 11:49:29'),(1518,64,22,2,'2025-10-19 11:49:29'),(1519,64,26,2,'2025-10-19 11:49:29'),(1520,64,28,2,'2025-10-19 11:49:29'),(1521,64,29,2,'2025-10-19 11:49:29'),(1522,64,44,2,'2025-10-19 11:49:29'),(1523,64,47,2,'2025-10-19 11:49:29'),(1524,64,51,2,'2025-10-19 11:49:29'),(1525,64,55,2,'2025-10-19 11:49:29'),(1526,64,56,2,'2025-10-19 11:49:29'),(1527,64,58,2,'2025-10-19 11:49:29'),(1528,64,60,2,'2025-10-19 11:49:29'),(1529,64,62,2,'2025-10-19 11:49:29'),(1530,64,65,2,'2025-10-19 11:49:29'),(1531,64,66,2,'2025-10-19 11:49:29'),(1532,64,67,2,'2025-10-19 11:49:29'),(1533,64,68,2,'2025-10-19 11:49:29'),(1534,64,76,2,'2025-10-19 11:49:29'),(1535,64,84,2,'2025-10-19 11:49:29'),(1536,64,85,2,'2025-10-19 11:49:29'),(1537,64,87,2,'2025-10-19 11:49:29'),(1538,64,89,2,'2025-10-19 11:49:29'),(1539,64,91,2,'2025-10-19 11:49:29'),(1540,64,93,2,'2025-10-19 11:49:29'),(1541,65,3,2,'2025-10-19 11:49:29'),(1542,65,4,2,'2025-10-19 11:49:29'),(1543,65,5,2,'2025-10-19 11:49:29'),(1544,65,8,2,'2025-10-19 11:49:29'),(1545,65,10,2,'2025-10-19 11:49:29'),(1546,65,11,2,'2025-10-19 11:49:29'),(1547,65,17,2,'2025-10-19 11:49:29'),(1548,65,19,2,'2025-10-19 11:49:29'),(1549,65,20,2,'2025-10-19 11:49:29'),(1550,65,21,2,'2025-10-19 11:49:29'),(1551,65,26,2,'2025-10-19 11:49:29'),(1552,65,28,2,'2025-10-19 11:49:29'),(1553,65,39,2,'2025-10-19 11:49:29'),(1554,65,40,2,'2025-10-19 11:49:29'),(1555,65,44,2,'2025-10-19 11:49:29'),(1556,65,48,2,'2025-10-19 11:49:29'),(1557,65,49,2,'2025-10-19 11:49:29'),(1558,65,54,2,'2025-10-19 11:49:29'),(1559,65,58,2,'2025-10-19 11:49:29'),(1560,65,60,2,'2025-10-19 11:49:29'),(1561,65,62,2,'2025-10-19 11:49:29'),(1562,65,68,2,'2025-10-19 11:49:29'),(1563,65,73,2,'2025-10-19 11:49:29'),(1564,65,77,2,'2025-10-19 11:49:29'),(1565,65,83,2,'2025-10-19 11:49:29'),(1566,65,87,2,'2025-10-19 11:49:29'),(1567,65,91,2,'2025-10-19 11:49:29'),(1568,65,94,2,'2025-10-19 11:49:29'),(1569,65,98,2,'2025-10-19 11:49:29'),(1570,66,4,2,'2025-10-19 11:49:29'),(1571,66,5,2,'2025-10-19 11:49:29'),(1572,66,6,2,'2025-10-19 11:49:29'),(1573,66,13,2,'2025-10-19 11:49:29'),(1574,66,15,2,'2025-10-19 11:49:29'),(1575,66,18,2,'2025-10-19 11:49:29'),(1576,66,21,2,'2025-10-19 11:49:29'),(1577,66,29,2,'2025-10-19 11:49:29'),(1578,66,30,2,'2025-10-19 11:49:29'),(1579,66,31,2,'2025-10-19 11:49:29'),(1580,66,36,2,'2025-10-19 11:49:29'),(1581,66,42,2,'2025-10-19 11:49:29'),(1582,66,43,2,'2025-10-19 11:49:29'),(1583,66,46,2,'2025-10-19 11:49:29'),(1584,66,48,2,'2025-10-19 11:49:29'),(1585,66,50,2,'2025-10-19 11:49:29'),(1586,66,53,2,'2025-10-19 11:49:29'),(1587,66,56,2,'2025-10-19 11:49:29'),(1588,66,62,2,'2025-10-19 11:49:29'),(1589,66,65,2,'2025-10-19 11:49:29'),(1590,66,66,2,'2025-10-19 11:49:29'),(1591,66,67,2,'2025-10-19 11:49:29'),(1592,66,69,2,'2025-10-19 11:49:29'),(1593,66,76,2,'2025-10-19 11:49:29'),(1594,66,79,2,'2025-10-19 11:49:29'),(1595,66,81,2,'2025-10-19 11:49:29'),(1596,66,85,2,'2025-10-19 11:49:29'),(1597,66,86,2,'2025-10-19 11:49:29'),(1598,66,90,2,'2025-10-19 11:49:29'),(1599,66,91,2,'2025-10-19 11:49:29'),(1600,66,95,2,'2025-10-19 11:49:29'),(1601,67,1,2,'2025-10-19 11:49:29'),(1602,67,3,2,'2025-10-19 11:49:29'),(1603,67,5,2,'2025-10-19 11:49:29'),(1604,67,7,2,'2025-10-19 11:49:29'),(1605,67,8,2,'2025-10-19 11:49:29'),(1606,67,9,2,'2025-10-19 11:49:29'),(1607,67,10,2,'2025-10-19 11:49:29'),(1608,67,11,2,'2025-10-19 11:49:29'),(1609,67,12,2,'2025-10-19 11:49:29'),(1610,67,15,2,'2025-10-19 11:49:29'),(1611,67,17,2,'2025-10-19 11:49:29'),(1612,67,19,2,'2025-10-19 11:49:29'),(1613,67,25,2,'2025-10-19 11:49:29'),(1614,67,26,2,'2025-10-19 11:49:29'),(1615,67,27,2,'2025-10-19 11:49:29'),(1616,67,29,2,'2025-10-19 11:49:29'),(1617,67,30,2,'2025-10-19 11:49:29'),(1618,67,32,2,'2025-10-19 11:49:29'),(1619,67,36,2,'2025-10-19 11:49:29'),(1620,67,37,2,'2025-10-19 11:49:29'),(1621,67,38,2,'2025-10-19 11:49:29'),(1622,67,41,2,'2025-10-19 11:49:29'),(1623,67,43,2,'2025-10-19 11:49:29'),(1624,67,44,2,'2025-10-19 11:49:29'),(1625,67,46,2,'2025-10-19 11:49:29'),(1626,67,50,2,'2025-10-19 11:49:29'),(1627,67,51,2,'2025-10-19 11:49:29'),(1628,67,54,2,'2025-10-19 11:49:29'),(1629,67,56,2,'2025-10-19 11:49:29'),(1630,67,57,2,'2025-10-19 11:49:29'),(1631,67,58,2,'2025-10-19 11:49:29'),(1632,67,59,2,'2025-10-19 11:49:29'),(1633,67,61,2,'2025-10-19 11:49:29'),(1634,67,64,2,'2025-10-19 11:49:29'),(1635,67,65,2,'2025-10-19 11:49:29'),(1636,67,66,2,'2025-10-19 11:49:29'),(1637,67,70,2,'2025-10-19 11:49:29'),(1638,67,71,2,'2025-10-19 11:49:29'),(1639,67,72,2,'2025-10-19 11:49:29'),(1640,67,76,2,'2025-10-19 11:49:29'),(1641,67,80,2,'2025-10-19 11:49:29'),(1642,67,83,2,'2025-10-19 11:49:29'),(1643,67,84,2,'2025-10-19 11:49:29'),(1644,67,85,2,'2025-10-19 11:49:29'),(1645,67,86,2,'2025-10-19 11:49:29'),(1646,67,87,2,'2025-10-19 11:49:29'),(1647,67,92,2,'2025-10-19 11:49:29'),(1648,67,99,2,'2025-10-19 11:49:29'),(1649,68,1,2,'2025-10-19 11:49:29'),(1650,68,4,2,'2025-10-19 11:49:29'),(1651,68,5,2,'2025-10-19 11:49:29'),(1652,68,6,2,'2025-10-19 11:49:29'),(1653,68,10,2,'2025-10-19 11:49:29'),(1654,68,11,2,'2025-10-19 11:49:29'),(1655,68,12,2,'2025-10-19 11:49:29'),(1656,68,14,2,'2025-10-19 11:49:29'),(1657,68,17,2,'2025-10-19 11:49:29'),(1658,68,20,2,'2025-10-19 11:49:29'),(1659,68,22,2,'2025-10-19 11:49:29'),(1660,68,23,2,'2025-10-19 11:49:29'),(1661,68,28,2,'2025-10-19 11:49:29'),(1662,68,31,2,'2025-10-19 11:49:29'),(1663,68,32,2,'2025-10-19 11:49:29'),(1664,68,36,2,'2025-10-19 11:49:29'),(1665,68,38,2,'2025-10-19 11:49:29'),(1666,68,40,2,'2025-10-19 11:49:29'),(1667,68,41,2,'2025-10-19 11:49:29'),(1668,68,42,2,'2025-10-19 11:49:29'),(1669,68,43,2,'2025-10-19 11:49:29'),(1670,68,44,2,'2025-10-19 11:49:29'),(1671,68,45,2,'2025-10-19 11:49:29'),(1672,68,46,2,'2025-10-19 11:49:29'),(1673,68,50,2,'2025-10-19 11:49:29'),(1674,68,51,2,'2025-10-19 11:49:29'),(1675,68,52,2,'2025-10-19 11:49:29'),(1676,68,54,2,'2025-10-19 11:49:29'),(1677,68,55,2,'2025-10-19 11:49:29'),(1678,68,57,2,'2025-10-19 11:49:29'),(1679,68,58,2,'2025-10-19 11:49:29'),(1680,68,60,2,'2025-10-19 11:49:29'),(1681,68,69,2,'2025-10-19 11:49:29'),(1682,68,70,2,'2025-10-19 11:49:29'),(1683,68,71,2,'2025-10-19 11:49:29'),(1684,68,72,2,'2025-10-19 11:49:29'),(1685,68,73,2,'2025-10-19 11:49:30'),(1686,68,78,2,'2025-10-19 11:49:30'),(1687,68,81,2,'2025-10-19 11:49:30'),(1688,68,84,2,'2025-10-19 11:49:30'),(1689,68,89,2,'2025-10-19 11:49:30'),(1690,68,91,2,'2025-10-19 11:49:30'),(1691,68,92,2,'2025-10-19 11:49:30'),(1692,68,93,2,'2025-10-19 11:49:30'),(1693,68,95,2,'2025-10-19 11:49:30'),(1694,68,97,2,'2025-10-19 11:49:30'),(1695,68,98,2,'2025-10-19 11:49:30'),(1696,68,100,2,'2025-10-19 11:49:30'),(1697,69,12,2,'2025-10-19 11:49:30'),(1698,69,20,2,'2025-10-19 11:49:30'),(1699,69,22,2,'2025-10-19 11:49:30'),(1700,69,28,2,'2025-10-19 11:49:30'),(1701,69,30,2,'2025-10-19 11:49:30'),(1702,69,33,2,'2025-10-19 11:49:30'),(1703,69,34,2,'2025-10-19 11:49:30'),(1704,69,41,2,'2025-10-19 11:49:30'),(1705,69,43,2,'2025-10-19 11:49:30'),(1706,69,48,2,'2025-10-19 11:49:30'),(1707,69,50,2,'2025-10-19 11:49:30'),(1708,69,58,2,'2025-10-19 11:49:30'),(1709,69,61,2,'2025-10-19 11:49:30'),(1710,69,63,2,'2025-10-19 11:49:30'),(1711,69,72,2,'2025-10-19 11:49:30'),(1712,69,73,2,'2025-10-19 11:49:30'),(1713,69,75,2,'2025-10-19 11:49:30'),(1714,69,77,2,'2025-10-19 11:49:30'),(1715,69,79,2,'2025-10-19 11:49:30'),(1716,69,86,2,'2025-10-19 11:49:30'),(1717,69,89,2,'2025-10-19 11:49:30'),(1718,70,4,2,'2025-10-19 11:49:30'),(1719,70,9,2,'2025-10-19 11:49:30'),(1720,70,11,2,'2025-10-19 11:49:30'),(1721,70,12,2,'2025-10-19 11:49:30'),(1722,70,14,2,'2025-10-19 11:49:30'),(1723,70,21,2,'2025-10-19 11:49:30'),(1724,70,30,2,'2025-10-19 11:49:30'),(1725,70,31,2,'2025-10-19 11:49:30'),(1726,70,37,2,'2025-10-19 11:49:30'),(1727,70,39,2,'2025-10-19 11:49:30'),(1728,70,40,2,'2025-10-19 11:49:30'),(1729,70,41,2,'2025-10-19 11:49:30'),(1730,70,43,2,'2025-10-19 11:49:30'),(1731,70,44,2,'2025-10-19 11:49:30'),(1732,70,48,2,'2025-10-19 11:49:30'),(1733,70,50,2,'2025-10-19 11:49:30'),(1734,70,51,2,'2025-10-19 11:49:30'),(1735,70,52,2,'2025-10-19 11:49:30'),(1736,70,58,2,'2025-10-19 11:49:30'),(1737,70,60,2,'2025-10-19 11:49:30'),(1738,70,65,2,'2025-10-19 11:49:30'),(1739,70,69,2,'2025-10-19 11:49:30'),(1740,70,70,2,'2025-10-19 11:49:30'),(1741,70,72,2,'2025-10-19 11:49:30'),(1742,70,73,2,'2025-10-19 11:49:30'),(1743,70,74,2,'2025-10-19 11:49:30'),(1744,70,77,2,'2025-10-19 11:49:30'),(1745,70,78,2,'2025-10-19 11:49:30'),(1746,70,81,2,'2025-10-19 11:49:30'),(1747,70,84,2,'2025-10-19 11:49:30'),(1748,70,85,2,'2025-10-19 11:49:30'),(1749,70,86,2,'2025-10-19 11:49:30'),(1750,70,91,2,'2025-10-19 11:49:30'),(1751,70,100,2,'2025-10-19 11:49:30'),(1752,71,2,2,'2025-10-19 11:49:30'),(1753,71,5,2,'2025-10-19 11:49:30'),(1754,71,9,2,'2025-10-19 11:49:30'),(1755,71,11,2,'2025-10-19 11:49:30'),(1756,71,15,2,'2025-10-19 11:49:30'),(1757,71,18,2,'2025-10-19 11:49:30'),(1758,71,22,2,'2025-10-19 11:49:30'),(1759,71,26,2,'2025-10-19 11:49:30'),(1760,71,27,2,'2025-10-19 11:49:30'),(1761,71,29,2,'2025-10-19 11:49:30'),(1762,71,37,2,'2025-10-19 11:49:30'),(1763,71,48,2,'2025-10-19 11:49:30'),(1764,71,51,2,'2025-10-19 11:49:30'),(1765,71,54,2,'2025-10-19 11:49:30'),(1766,71,55,2,'2025-10-19 11:49:30'),(1767,71,58,2,'2025-10-19 11:49:30'),(1768,71,59,2,'2025-10-19 11:49:30'),(1769,71,63,2,'2025-10-19 11:49:30'),(1770,71,67,2,'2025-10-19 11:49:30'),(1771,71,71,2,'2025-10-19 11:49:30'),(1772,71,73,2,'2025-10-19 11:49:30'),(1773,71,76,2,'2025-10-19 11:49:30'),(1774,71,78,2,'2025-10-19 11:49:30'),(1775,71,86,2,'2025-10-19 11:49:30'),(1776,71,93,2,'2025-10-19 11:49:30'),(1777,71,96,2,'2025-10-19 11:49:30'),(1778,71,100,2,'2025-10-19 11:49:30'),(1779,72,4,2,'2025-10-19 11:49:30'),(1780,72,8,2,'2025-10-19 11:49:30'),(1781,72,14,2,'2025-10-19 11:49:30'),(1782,72,15,2,'2025-10-19 11:49:30'),(1783,72,16,2,'2025-10-19 11:49:30'),(1784,72,19,2,'2025-10-19 11:49:30'),(1785,72,26,2,'2025-10-19 11:49:30'),(1786,72,28,2,'2025-10-19 11:49:30'),(1787,72,37,2,'2025-10-19 11:49:30'),(1788,72,41,2,'2025-10-19 11:49:30'),(1789,72,45,2,'2025-10-19 11:49:30'),(1790,72,47,2,'2025-10-19 11:49:30'),(1791,72,50,2,'2025-10-19 11:49:30'),(1792,72,55,2,'2025-10-19 11:49:30'),(1793,72,57,2,'2025-10-19 11:49:30'),(1794,72,62,2,'2025-10-19 11:49:30'),(1795,72,63,2,'2025-10-19 11:49:30'),(1796,72,71,2,'2025-10-19 11:49:30'),(1797,72,73,2,'2025-10-19 11:49:30'),(1798,72,74,2,'2025-10-19 11:49:30'),(1799,72,75,2,'2025-10-19 11:49:30'),(1800,72,76,2,'2025-10-19 11:49:30'),(1801,72,79,2,'2025-10-19 11:49:30'),(1802,72,86,2,'2025-10-19 11:49:30'),(1803,72,89,2,'2025-10-19 11:49:30'),(1804,72,90,2,'2025-10-19 11:49:30'),(1805,72,94,2,'2025-10-19 11:49:30'),(1806,73,2,2,'2025-10-19 11:49:30'),(1807,73,6,2,'2025-10-19 11:49:30'),(1808,73,10,2,'2025-10-19 11:49:30'),(1809,73,11,2,'2025-10-19 11:49:30'),(1810,73,15,2,'2025-10-19 11:49:30'),(1811,73,16,2,'2025-10-19 11:49:30'),(1812,73,17,2,'2025-10-19 11:49:30'),(1813,73,26,2,'2025-10-19 11:49:30'),(1814,73,32,2,'2025-10-19 11:49:30'),(1815,73,38,2,'2025-10-19 11:49:30'),(1816,73,47,2,'2025-10-19 11:49:30'),(1817,73,49,2,'2025-10-19 11:49:30'),(1818,73,53,2,'2025-10-19 11:49:30'),(1819,73,58,2,'2025-10-19 11:49:30'),(1820,73,60,2,'2025-10-19 11:49:30'),(1821,73,63,2,'2025-10-19 11:49:30'),(1822,73,64,2,'2025-10-19 11:49:30'),(1823,73,70,2,'2025-10-19 11:49:30'),(1824,73,71,2,'2025-10-19 11:49:30'),(1825,73,80,2,'2025-10-19 11:49:30'),(1826,73,82,2,'2025-10-19 11:49:30'),(1827,73,86,2,'2025-10-19 11:49:30'),(1828,73,88,2,'2025-10-19 11:49:30'),(1829,73,91,2,'2025-10-19 11:49:30'),(1830,73,98,2,'2025-10-19 11:49:30'),(1831,74,4,2,'2025-10-19 11:49:30'),(1832,74,5,2,'2025-10-19 11:49:30'),(1833,74,9,2,'2025-10-19 11:49:30'),(1834,74,10,2,'2025-10-19 11:49:30'),(1835,74,14,2,'2025-10-19 11:49:30'),(1836,74,15,2,'2025-10-19 11:49:30'),(1837,74,16,2,'2025-10-19 11:49:30'),(1838,74,17,2,'2025-10-19 11:49:30'),(1839,74,18,2,'2025-10-19 11:49:30'),(1840,74,21,2,'2025-10-19 11:49:30'),(1841,74,24,2,'2025-10-19 11:49:30'),(1842,74,28,2,'2025-10-19 11:49:30'),(1843,74,30,2,'2025-10-19 11:49:30'),(1844,74,32,2,'2025-10-19 11:49:30'),(1845,74,34,2,'2025-10-19 11:49:30'),(1846,74,35,2,'2025-10-19 11:49:30'),(1847,74,37,2,'2025-10-19 11:49:30'),(1848,74,38,2,'2025-10-19 11:49:30'),(1849,74,39,2,'2025-10-19 11:49:30'),(1850,74,40,2,'2025-10-19 11:49:30'),(1851,74,41,2,'2025-10-19 11:49:30'),(1852,74,45,2,'2025-10-19 11:49:30'),(1853,74,46,2,'2025-10-19 11:49:30'),(1854,74,47,2,'2025-10-19 11:49:30'),(1855,74,48,2,'2025-10-19 11:49:30'),(1856,74,49,2,'2025-10-19 11:49:30'),(1857,74,52,2,'2025-10-19 11:49:30'),(1858,74,55,2,'2025-10-19 11:49:30'),(1859,74,56,2,'2025-10-19 11:49:30'),(1860,74,57,2,'2025-10-19 11:49:30'),(1861,74,59,2,'2025-10-19 11:49:30'),(1862,74,61,2,'2025-10-19 11:49:30'),(1863,74,64,2,'2025-10-19 11:49:30'),(1864,74,67,2,'2025-10-19 11:49:30'),(1865,74,69,2,'2025-10-19 11:49:30'),(1866,74,71,2,'2025-10-19 11:49:30'),(1867,74,72,2,'2025-10-19 11:49:30'),(1868,74,73,2,'2025-10-19 11:49:30'),(1869,74,77,2,'2025-10-19 11:49:30'),(1870,74,78,2,'2025-10-19 11:49:30'),(1871,74,79,2,'2025-10-19 11:49:30'),(1872,74,81,2,'2025-10-19 11:49:30'),(1873,74,83,2,'2025-10-19 11:49:30'),(1874,74,85,2,'2025-10-19 11:49:30'),(1875,74,88,2,'2025-10-19 11:49:30'),(1876,74,89,2,'2025-10-19 11:49:30'),(1877,74,90,2,'2025-10-19 11:49:30'),(1878,74,95,2,'2025-10-19 11:49:30'),(1879,74,96,2,'2025-10-19 11:49:30'),(1880,74,99,2,'2025-10-19 11:49:30'),(1881,75,1,2,'2025-10-19 11:49:30'),(1882,75,6,2,'2025-10-19 11:49:30'),(1883,75,9,2,'2025-10-19 11:49:30'),(1884,75,10,2,'2025-10-19 11:49:30'),(1885,75,18,2,'2025-10-19 11:49:30'),(1886,75,23,2,'2025-10-19 11:49:30'),(1887,75,24,2,'2025-10-19 11:49:30'),(1888,75,25,2,'2025-10-19 11:49:30'),(1889,75,27,2,'2025-10-19 11:49:30'),(1890,75,28,2,'2025-10-19 11:49:30'),(1891,75,34,2,'2025-10-19 11:49:30'),(1892,75,36,2,'2025-10-19 11:49:30'),(1893,75,37,2,'2025-10-19 11:49:30'),(1894,75,42,2,'2025-10-19 11:49:30'),(1895,75,44,2,'2025-10-19 11:49:30'),(1896,75,46,2,'2025-10-19 11:49:30'),(1897,75,48,2,'2025-10-19 11:49:30'),(1898,75,50,2,'2025-10-19 11:49:30'),(1899,75,58,2,'2025-10-19 11:49:30'),(1900,75,61,2,'2025-10-19 11:49:30'),(1901,75,69,2,'2025-10-19 11:49:30'),(1902,75,71,2,'2025-10-19 11:49:30'),(1903,75,72,2,'2025-10-19 11:49:30'),(1904,75,75,2,'2025-10-19 11:49:30'),(1905,75,80,2,'2025-10-19 11:49:30'),(1906,75,84,2,'2025-10-19 11:49:30'),(1907,75,85,2,'2025-10-19 11:49:30'),(1908,75,86,2,'2025-10-19 11:49:30'),(1909,75,87,2,'2025-10-19 11:49:30'),(1910,75,90,2,'2025-10-19 11:49:30'),(1911,75,92,2,'2025-10-19 11:49:30'),(1912,75,93,2,'2025-10-19 11:49:30'),(1913,75,97,2,'2025-10-19 11:49:30'),(1914,75,98,2,'2025-10-19 11:49:30'),(1915,75,99,2,'2025-10-19 11:49:30'),(1916,76,2,2,'2025-10-19 11:49:30'),(1917,76,4,2,'2025-10-19 11:49:30'),(1918,76,6,2,'2025-10-19 11:49:30'),(1919,76,7,2,'2025-10-19 11:49:30'),(1920,76,8,2,'2025-10-19 11:49:30'),(1921,76,12,2,'2025-10-19 11:49:30'),(1922,76,14,2,'2025-10-19 11:49:30'),(1923,76,16,2,'2025-10-19 11:49:30'),(1924,76,18,2,'2025-10-19 11:49:30'),(1925,76,19,2,'2025-10-19 11:49:30'),(1926,76,22,2,'2025-10-19 11:49:30'),(1927,76,24,2,'2025-10-19 11:49:30'),(1928,76,26,2,'2025-10-19 11:49:30'),(1929,76,29,2,'2025-10-19 11:49:30'),(1930,76,30,2,'2025-10-19 11:49:30'),(1931,76,32,2,'2025-10-19 11:49:30'),(1932,76,33,2,'2025-10-19 11:49:30'),(1933,76,36,2,'2025-10-19 11:49:30'),(1934,76,40,2,'2025-10-19 11:49:30'),(1935,76,43,2,'2025-10-19 11:49:30'),(1936,76,45,2,'2025-10-19 11:49:30'),(1937,76,46,2,'2025-10-19 11:49:30'),(1938,76,47,2,'2025-10-19 11:49:30'),(1939,76,48,2,'2025-10-19 11:49:30'),(1940,76,49,2,'2025-10-19 11:49:30'),(1941,76,52,2,'2025-10-19 11:49:30'),(1942,76,53,2,'2025-10-19 11:49:30'),(1943,76,54,2,'2025-10-19 11:49:30'),(1944,76,56,2,'2025-10-19 11:49:30'),(1945,76,57,2,'2025-10-19 11:49:30'),(1946,76,61,2,'2025-10-19 11:49:30'),(1947,76,62,2,'2025-10-19 11:49:30'),(1948,76,63,2,'2025-10-19 11:49:30'),(1949,76,68,2,'2025-10-19 11:49:30'),(1950,76,70,2,'2025-10-19 11:49:30'),(1951,76,71,2,'2025-10-19 11:49:30'),(1952,76,75,2,'2025-10-19 11:49:30'),(1953,76,78,2,'2025-10-19 11:49:30'),(1954,76,79,2,'2025-10-19 11:49:30'),(1955,76,80,2,'2025-10-19 11:49:30'),(1956,76,81,2,'2025-10-19 11:49:30'),(1957,76,83,2,'2025-10-19 11:49:30'),(1958,76,90,2,'2025-10-19 11:49:30'),(1959,76,91,2,'2025-10-19 11:49:30'),(1960,76,92,2,'2025-10-19 11:49:30'),(1961,76,93,2,'2025-10-19 11:49:30'),(1962,76,94,2,'2025-10-19 11:49:30'),(1963,76,95,2,'2025-10-19 11:49:30'),(1964,76,96,2,'2025-10-19 11:49:30'),(1965,76,99,2,'2025-10-19 11:49:30'),(1966,77,2,2,'2025-10-19 11:49:31'),(1967,77,3,2,'2025-10-19 11:49:31'),(1968,77,5,2,'2025-10-19 11:49:31'),(1969,77,6,2,'2025-10-19 11:49:31'),(1970,77,7,2,'2025-10-19 11:49:31'),(1971,77,9,2,'2025-10-19 11:49:31'),(1972,77,11,2,'2025-10-19 11:49:31'),(1973,77,16,2,'2025-10-19 11:49:31'),(1974,77,17,2,'2025-10-19 11:49:31'),(1975,77,18,2,'2025-10-19 11:49:31'),(1976,77,26,2,'2025-10-19 11:49:31'),(1977,77,34,2,'2025-10-19 11:49:31'),(1978,77,36,2,'2025-10-19 11:49:31'),(1979,77,37,2,'2025-10-19 11:49:31'),(1980,77,38,2,'2025-10-19 11:49:31'),(1981,77,39,2,'2025-10-19 11:49:31'),(1982,77,42,2,'2025-10-19 11:49:31'),(1983,77,43,2,'2025-10-19 11:49:31'),(1984,77,46,2,'2025-10-19 11:49:31'),(1985,77,49,2,'2025-10-19 11:49:31'),(1986,77,50,2,'2025-10-19 11:49:31'),(1987,77,52,2,'2025-10-19 11:49:31'),(1988,77,53,2,'2025-10-19 11:49:31'),(1989,77,54,2,'2025-10-19 11:49:31'),(1990,77,55,2,'2025-10-19 11:49:31'),(1991,77,57,2,'2025-10-19 11:49:31'),(1992,77,60,2,'2025-10-19 11:49:31'),(1993,77,61,2,'2025-10-19 11:49:31'),(1994,77,64,2,'2025-10-19 11:49:31'),(1995,77,68,2,'2025-10-19 11:49:31'),(1996,77,72,2,'2025-10-19 11:49:31'),(1997,77,77,2,'2025-10-19 11:49:31'),(1998,77,81,2,'2025-10-19 11:49:31'),(1999,77,82,2,'2025-10-19 11:49:31'),(2000,77,84,2,'2025-10-19 11:49:31'),(2001,77,85,2,'2025-10-19 11:49:31'),(2002,77,87,2,'2025-10-19 11:49:31'),(2003,77,88,2,'2025-10-19 11:49:31'),(2004,77,90,2,'2025-10-19 11:49:31'),(2005,77,91,2,'2025-10-19 11:49:31'),(2006,77,92,2,'2025-10-19 11:49:31'),(2007,77,93,2,'2025-10-19 11:49:31'),(2008,77,95,2,'2025-10-19 11:49:31'),(2009,77,98,2,'2025-10-19 11:49:31'),(2010,77,99,2,'2025-10-19 11:49:31'),(2011,78,1,2,'2025-10-19 11:49:31'),(2012,78,2,2,'2025-10-19 11:49:31'),(2013,78,3,2,'2025-10-19 11:49:31'),(2014,78,6,2,'2025-10-19 11:49:31'),(2015,78,7,2,'2025-10-19 11:49:31'),(2016,78,10,2,'2025-10-19 11:49:31'),(2017,78,13,2,'2025-10-19 11:49:31'),(2018,78,19,2,'2025-10-19 11:49:31'),(2019,78,25,2,'2025-10-19 11:49:31'),(2020,78,35,2,'2025-10-19 11:49:31'),(2021,78,38,2,'2025-10-19 11:49:31'),(2022,78,41,2,'2025-10-19 11:49:31'),(2023,78,44,2,'2025-10-19 11:49:31'),(2024,78,51,2,'2025-10-19 11:49:31'),(2025,78,56,2,'2025-10-19 11:49:31'),(2026,78,58,2,'2025-10-19 11:49:31'),(2027,78,62,2,'2025-10-19 11:49:31'),(2028,78,65,2,'2025-10-19 11:49:31'),(2029,78,67,2,'2025-10-19 11:49:31'),(2030,78,70,2,'2025-10-19 11:49:31'),(2031,78,77,2,'2025-10-19 11:49:31'),(2032,78,82,2,'2025-10-19 11:49:31'),(2033,78,83,2,'2025-10-19 11:49:31'),(2034,78,94,2,'2025-10-19 11:49:31'),(2035,79,10,2,'2025-10-19 11:49:31'),(2036,79,18,2,'2025-10-19 11:49:31'),(2037,79,23,2,'2025-10-19 11:49:31'),(2038,79,27,2,'2025-10-19 11:49:31'),(2039,79,30,2,'2025-10-19 11:49:31'),(2040,79,32,2,'2025-10-19 11:49:31'),(2041,79,34,2,'2025-10-19 11:49:31'),(2042,79,35,2,'2025-10-19 11:49:31'),(2043,79,41,2,'2025-10-19 11:49:31'),(2044,79,45,2,'2025-10-19 11:49:31'),(2045,79,48,2,'2025-10-19 11:49:31'),(2046,79,60,2,'2025-10-19 11:49:31'),(2047,79,64,2,'2025-10-19 11:49:31'),(2048,79,65,2,'2025-10-19 11:49:31'),(2049,79,70,2,'2025-10-19 11:49:31'),(2050,79,72,2,'2025-10-19 11:49:31'),(2051,79,73,2,'2025-10-19 11:49:31'),(2052,79,80,2,'2025-10-19 11:49:31'),(2053,79,82,2,'2025-10-19 11:49:31'),(2054,79,86,2,'2025-10-19 11:49:31'),(2055,79,89,2,'2025-10-19 11:49:31'),(2056,79,90,2,'2025-10-19 11:49:31'),(2057,79,91,2,'2025-10-19 11:49:31'),(2058,79,93,2,'2025-10-19 11:49:31'),(2059,79,95,2,'2025-10-19 11:49:31'),(2060,79,98,2,'2025-10-19 11:49:31'),(2061,80,2,2,'2025-10-19 11:49:31'),(2062,80,4,2,'2025-10-19 11:49:31'),(2063,80,10,2,'2025-10-19 11:49:31'),(2064,80,11,2,'2025-10-19 11:49:31'),(2065,80,14,2,'2025-10-19 11:49:31'),(2066,80,16,2,'2025-10-19 11:49:31'),(2067,80,18,2,'2025-10-19 11:49:31'),(2068,80,19,2,'2025-10-19 11:49:31'),(2069,80,23,2,'2025-10-19 11:49:31'),(2070,80,24,2,'2025-10-19 11:49:31'),(2071,80,25,2,'2025-10-19 11:49:31'),(2072,80,26,2,'2025-10-19 11:49:31'),(2073,80,29,2,'2025-10-19 11:49:31'),(2074,80,36,2,'2025-10-19 11:49:31'),(2075,80,38,2,'2025-10-19 11:49:31'),(2076,80,43,2,'2025-10-19 11:49:31'),(2077,80,53,2,'2025-10-19 11:49:31'),(2078,80,54,2,'2025-10-19 11:49:31'),(2079,80,58,2,'2025-10-19 11:49:31'),(2080,80,62,2,'2025-10-19 11:49:31'),(2081,80,65,2,'2025-10-19 11:49:31'),(2082,80,68,2,'2025-10-19 11:49:31'),(2083,80,71,2,'2025-10-19 11:49:31'),(2084,80,73,2,'2025-10-19 11:49:31'),(2085,80,74,2,'2025-10-19 11:49:31'),(2086,80,75,2,'2025-10-19 11:49:31'),(2087,80,77,2,'2025-10-19 11:49:31'),(2088,80,79,2,'2025-10-19 11:49:31'),(2089,80,80,2,'2025-10-19 11:49:31'),(2090,80,81,2,'2025-10-19 11:49:31'),(2091,80,85,2,'2025-10-19 11:49:31'),(2092,80,86,2,'2025-10-19 11:49:31'),(2093,80,87,2,'2025-10-19 11:49:31'),(2094,80,94,2,'2025-10-19 11:49:31'),(2095,80,96,2,'2025-10-19 11:49:31'),(2096,80,98,2,'2025-10-19 11:49:31'),(2097,80,99,2,'2025-10-19 11:49:31'),(2098,80,100,2,'2025-10-19 11:49:31'),(2099,81,6,2,'2025-10-19 11:49:31'),(2100,81,9,2,'2025-10-19 11:49:31'),(2101,81,13,2,'2025-10-19 11:49:31'),(2102,81,14,2,'2025-10-19 11:49:31'),(2103,81,15,2,'2025-10-19 11:49:31'),(2104,81,17,2,'2025-10-19 11:49:31'),(2105,81,18,2,'2025-10-19 11:49:31'),(2106,81,20,2,'2025-10-19 11:49:31'),(2107,81,22,2,'2025-10-19 11:49:31'),(2108,81,23,2,'2025-10-19 11:49:31'),(2109,81,27,2,'2025-10-19 11:49:31'),(2110,81,40,2,'2025-10-19 11:49:31'),(2111,81,41,2,'2025-10-19 11:49:31'),(2112,81,45,2,'2025-10-19 11:49:31'),(2113,81,49,2,'2025-10-19 11:49:31'),(2114,81,50,2,'2025-10-19 11:49:31'),(2115,81,55,2,'2025-10-19 11:49:31'),(2116,81,56,2,'2025-10-19 11:49:31'),(2117,81,57,2,'2025-10-19 11:49:31'),(2118,81,61,2,'2025-10-19 11:49:31'),(2119,81,62,2,'2025-10-19 11:49:31'),(2120,81,67,2,'2025-10-19 11:49:31'),(2121,81,69,2,'2025-10-19 11:49:31'),(2122,81,71,2,'2025-10-19 11:49:31'),(2123,81,77,2,'2025-10-19 11:49:31'),(2124,81,86,2,'2025-10-19 11:49:31'),(2125,81,91,2,'2025-10-19 11:49:31'),(2126,81,93,2,'2025-10-19 11:49:31'),(2127,81,94,2,'2025-10-19 11:49:31'),(2128,81,97,2,'2025-10-19 11:49:31'),(2129,81,98,2,'2025-10-19 11:49:31'),(2130,82,3,2,'2025-10-19 11:49:31'),(2131,82,4,2,'2025-10-19 11:49:31'),(2132,82,9,2,'2025-10-19 11:49:31'),(2133,82,14,2,'2025-10-19 11:49:31'),(2134,82,15,2,'2025-10-19 11:49:31'),(2135,82,16,2,'2025-10-19 11:49:31'),(2136,82,17,2,'2025-10-19 11:49:31'),(2137,82,21,2,'2025-10-19 11:49:31'),(2138,82,22,2,'2025-10-19 11:49:31'),(2139,82,31,2,'2025-10-19 11:49:31'),(2140,82,32,2,'2025-10-19 11:49:31'),(2141,82,35,2,'2025-10-19 11:49:31'),(2142,82,37,2,'2025-10-19 11:49:31'),(2143,82,41,2,'2025-10-19 11:49:31'),(2144,82,42,2,'2025-10-19 11:49:31'),(2145,82,45,2,'2025-10-19 11:49:31'),(2146,82,46,2,'2025-10-19 11:49:31'),(2147,82,48,2,'2025-10-19 11:49:31'),(2148,82,51,2,'2025-10-19 11:49:31'),(2149,82,53,2,'2025-10-19 11:49:31'),(2150,82,54,2,'2025-10-19 11:49:31'),(2151,82,58,2,'2025-10-19 11:49:31'),(2152,82,62,2,'2025-10-19 11:49:31'),(2153,82,64,2,'2025-10-19 11:49:31'),(2154,82,67,2,'2025-10-19 11:49:31'),(2155,82,71,2,'2025-10-19 11:49:31'),(2156,82,76,2,'2025-10-19 11:49:31'),(2157,82,81,2,'2025-10-19 11:49:31'),(2158,82,83,2,'2025-10-19 11:49:31'),(2159,82,93,2,'2025-10-19 11:49:31'),(2160,82,94,2,'2025-10-19 11:49:31'),(2161,82,96,2,'2025-10-19 11:49:31'),(2162,82,99,2,'2025-10-19 11:49:31'),(2163,83,1,2,'2025-10-19 11:49:31'),(2164,83,2,2,'2025-10-19 11:49:31'),(2165,83,3,2,'2025-10-19 11:49:31'),(2166,83,9,2,'2025-10-19 11:49:31'),(2167,83,12,2,'2025-10-19 11:49:31'),(2168,83,14,2,'2025-10-19 11:49:31'),(2169,83,15,2,'2025-10-19 11:49:31'),(2170,83,18,2,'2025-10-19 11:49:31'),(2171,83,25,2,'2025-10-19 11:49:31'),(2172,83,28,2,'2025-10-19 11:49:31'),(2173,83,29,2,'2025-10-19 11:49:31'),(2174,83,30,2,'2025-10-19 11:49:31'),(2175,83,32,2,'2025-10-19 11:49:31'),(2176,83,36,2,'2025-10-19 11:49:31'),(2177,83,38,2,'2025-10-19 11:49:31'),(2178,83,44,2,'2025-10-19 11:49:31'),(2179,83,46,2,'2025-10-19 11:49:31'),(2180,83,50,2,'2025-10-19 11:49:31'),(2181,83,52,2,'2025-10-19 11:49:31'),(2182,83,55,2,'2025-10-19 11:49:31'),(2183,83,57,2,'2025-10-19 11:49:31'),(2184,83,58,2,'2025-10-19 11:49:31'),(2185,83,59,2,'2025-10-19 11:49:31'),(2186,83,60,2,'2025-10-19 11:49:31'),(2187,83,62,2,'2025-10-19 11:49:31'),(2188,83,63,2,'2025-10-19 11:49:31'),(2189,83,65,2,'2025-10-19 11:49:31'),(2190,83,66,2,'2025-10-19 11:49:31'),(2191,83,69,2,'2025-10-19 11:49:31'),(2192,83,70,2,'2025-10-19 11:49:31'),(2193,83,72,2,'2025-10-19 11:49:31'),(2194,83,75,2,'2025-10-19 11:49:31'),(2195,83,79,2,'2025-10-19 11:49:31'),(2196,83,82,2,'2025-10-19 11:49:31'),(2197,83,84,2,'2025-10-19 11:49:31'),(2198,83,85,2,'2025-10-19 11:49:31'),(2199,83,86,2,'2025-10-19 11:49:31'),(2200,83,87,2,'2025-10-19 11:49:31'),(2201,83,88,2,'2025-10-19 11:49:31'),(2202,83,91,2,'2025-10-19 11:49:31'),(2203,83,94,2,'2025-10-19 11:49:31'),(2204,83,96,2,'2025-10-19 11:49:31'),(2205,83,97,2,'2025-10-19 11:49:31'),(2206,83,98,2,'2025-10-19 11:49:31'),(2207,83,100,2,'2025-10-19 11:49:31'),(2208,84,1,2,'2025-10-19 11:49:31'),(2209,84,2,2,'2025-10-19 11:49:31'),(2210,84,4,2,'2025-10-19 11:49:31'),(2211,84,6,2,'2025-10-19 11:49:31'),(2212,84,8,2,'2025-10-19 11:49:31'),(2213,84,21,2,'2025-10-19 11:49:31'),(2214,84,26,2,'2025-10-19 11:49:31'),(2215,84,28,2,'2025-10-19 11:49:31'),(2216,84,30,2,'2025-10-19 11:49:31'),(2217,84,35,2,'2025-10-19 11:49:31'),(2218,84,36,2,'2025-10-19 11:49:31'),(2219,84,42,2,'2025-10-19 11:49:31'),(2220,84,43,2,'2025-10-19 11:49:31'),(2221,84,45,2,'2025-10-19 11:49:31'),(2222,84,48,2,'2025-10-19 11:49:31'),(2223,84,50,2,'2025-10-19 11:49:31'),(2224,84,56,2,'2025-10-19 11:49:31'),(2225,84,58,2,'2025-10-19 11:49:31'),(2226,84,60,2,'2025-10-19 11:49:31'),(2227,84,78,2,'2025-10-19 11:49:31'),(2228,84,83,2,'2025-10-19 11:49:31'),(2229,84,85,2,'2025-10-19 11:49:31'),(2230,84,89,2,'2025-10-19 11:49:31'),(2231,85,2,2,'2025-10-19 11:49:31'),(2232,85,5,2,'2025-10-19 11:49:31'),(2233,85,6,2,'2025-10-19 11:49:31'),(2234,85,7,2,'2025-10-19 11:49:31'),(2235,85,11,2,'2025-10-19 11:49:31'),(2236,85,15,2,'2025-10-19 11:49:31'),(2237,85,16,2,'2025-10-19 11:49:31'),(2238,85,18,2,'2025-10-19 11:49:31'),(2239,85,19,2,'2025-10-19 11:49:31'),(2240,85,24,2,'2025-10-19 11:49:31'),(2241,85,31,2,'2025-10-19 11:49:31'),(2242,85,32,2,'2025-10-19 11:49:31'),(2243,85,36,2,'2025-10-19 11:49:31'),(2244,85,37,2,'2025-10-19 11:49:31'),(2245,85,38,2,'2025-10-19 11:49:31'),(2246,85,39,2,'2025-10-19 11:49:31'),(2247,85,40,2,'2025-10-19 11:49:31'),(2248,85,41,2,'2025-10-19 11:49:31'),(2249,85,43,2,'2025-10-19 11:49:31'),(2250,85,45,2,'2025-10-19 11:49:31'),(2251,85,49,2,'2025-10-19 11:49:31'),(2252,85,50,2,'2025-10-19 11:49:31'),(2253,85,54,2,'2025-10-19 11:49:31'),(2254,85,56,2,'2025-10-19 11:49:31'),(2255,85,57,2,'2025-10-19 11:49:31'),(2256,85,59,2,'2025-10-19 11:49:31'),(2257,85,61,2,'2025-10-19 11:49:31'),(2258,85,62,2,'2025-10-19 11:49:31'),(2259,85,67,2,'2025-10-19 11:49:31'),(2260,85,68,2,'2025-10-19 11:49:31'),(2261,85,69,2,'2025-10-19 11:49:31'),(2262,85,74,2,'2025-10-19 11:49:32'),(2263,85,75,2,'2025-10-19 11:49:32'),(2264,85,76,2,'2025-10-19 11:49:32'),(2265,85,79,2,'2025-10-19 11:49:32'),(2266,85,82,2,'2025-10-19 11:49:32'),(2267,85,84,2,'2025-10-19 11:49:32'),(2268,85,85,2,'2025-10-19 11:49:32'),(2269,85,86,2,'2025-10-19 11:49:32'),(2270,85,90,2,'2025-10-19 11:49:32'),(2271,85,91,2,'2025-10-19 11:49:32'),(2272,85,92,2,'2025-10-19 11:49:32'),(2273,85,93,2,'2025-10-19 11:49:32'),(2274,85,95,2,'2025-10-19 11:49:32'),(2275,85,96,2,'2025-10-19 11:49:32'),(2276,85,98,2,'2025-10-19 11:49:32'),(2277,85,99,2,'2025-10-19 11:49:32'),(2278,85,100,2,'2025-10-19 11:49:32'),(2279,86,3,2,'2025-10-19 11:49:32'),(2280,86,4,2,'2025-10-19 11:49:32'),(2281,86,5,2,'2025-10-19 11:49:32'),(2282,86,6,2,'2025-10-19 11:49:32'),(2283,86,10,2,'2025-10-19 11:49:32'),(2284,86,11,2,'2025-10-19 11:49:32'),(2285,86,12,2,'2025-10-19 11:49:32'),(2286,86,13,2,'2025-10-19 11:49:32'),(2287,86,17,2,'2025-10-19 11:49:32'),(2288,86,19,2,'2025-10-19 11:49:32'),(2289,86,20,2,'2025-10-19 11:49:32'),(2290,86,21,2,'2025-10-19 11:49:32'),(2291,86,25,2,'2025-10-19 11:49:32'),(2292,86,27,2,'2025-10-19 11:49:32'),(2293,86,30,2,'2025-10-19 11:49:32'),(2294,86,31,2,'2025-10-19 11:49:32'),(2295,86,32,2,'2025-10-19 11:49:32'),(2296,86,33,2,'2025-10-19 11:49:32'),(2297,86,34,2,'2025-10-19 11:49:32'),(2298,86,37,2,'2025-10-19 11:49:32'),(2299,86,39,2,'2025-10-19 11:49:32'),(2300,86,41,2,'2025-10-19 11:49:32'),(2301,86,42,2,'2025-10-19 11:49:32'),(2302,86,44,2,'2025-10-19 11:49:32'),(2303,86,48,2,'2025-10-19 11:49:32'),(2304,86,50,2,'2025-10-19 11:49:32'),(2305,86,52,2,'2025-10-19 11:49:32'),(2306,86,53,2,'2025-10-19 11:49:32'),(2307,86,55,2,'2025-10-19 11:49:32'),(2308,86,56,2,'2025-10-19 11:49:32'),(2309,86,58,2,'2025-10-19 11:49:32'),(2310,86,59,2,'2025-10-19 11:49:32'),(2311,86,60,2,'2025-10-19 11:49:32'),(2312,86,62,2,'2025-10-19 11:49:32'),(2313,86,64,2,'2025-10-19 11:49:32'),(2314,86,67,2,'2025-10-19 11:49:32'),(2315,86,73,2,'2025-10-19 11:49:32'),(2316,86,75,2,'2025-10-19 11:49:32'),(2317,86,76,2,'2025-10-19 11:49:32'),(2318,86,79,2,'2025-10-19 11:49:32'),(2319,86,81,2,'2025-10-19 11:49:32'),(2320,86,85,2,'2025-10-19 11:49:32'),(2321,86,87,2,'2025-10-19 11:49:32'),(2322,86,90,2,'2025-10-19 11:49:32'),(2323,86,91,2,'2025-10-19 11:49:32'),(2324,86,93,2,'2025-10-19 11:49:32'),(2325,86,94,2,'2025-10-19 11:49:32'),(2326,86,99,2,'2025-10-19 11:49:32'),(2327,87,1,2,'2025-10-19 11:49:32'),(2328,87,6,2,'2025-10-19 11:49:32'),(2329,87,12,2,'2025-10-19 11:49:32'),(2330,87,24,2,'2025-10-19 11:49:32'),(2331,87,31,2,'2025-10-19 11:49:32'),(2332,87,34,2,'2025-10-19 11:49:32'),(2333,87,35,2,'2025-10-19 11:49:32'),(2334,87,38,2,'2025-10-19 11:49:32'),(2335,87,39,2,'2025-10-19 11:49:32'),(2336,87,41,2,'2025-10-19 11:49:32'),(2337,87,42,2,'2025-10-19 11:49:32'),(2338,87,44,2,'2025-10-19 11:49:32'),(2339,87,51,2,'2025-10-19 11:49:32'),(2340,87,57,2,'2025-10-19 11:49:32'),(2341,87,59,2,'2025-10-19 11:49:32'),(2342,87,61,2,'2025-10-19 11:49:32'),(2343,87,62,2,'2025-10-19 11:49:32'),(2344,87,63,2,'2025-10-19 11:49:32'),(2345,87,70,2,'2025-10-19 11:49:32'),(2346,87,71,2,'2025-10-19 11:49:32'),(2347,87,78,2,'2025-10-19 11:49:32'),(2348,87,81,2,'2025-10-19 11:49:32'),(2349,87,84,2,'2025-10-19 11:49:32'),(2350,87,90,2,'2025-10-19 11:49:32'),(2351,87,94,2,'2025-10-19 11:49:32'),(2352,87,96,2,'2025-10-19 11:49:32'),(2353,87,98,2,'2025-10-19 11:49:32'),(2354,88,1,2,'2025-10-19 11:49:32'),(2355,88,8,2,'2025-10-19 11:49:32'),(2356,88,13,2,'2025-10-19 11:49:32'),(2357,88,14,2,'2025-10-19 11:49:32'),(2358,88,20,2,'2025-10-19 11:49:32'),(2359,88,33,2,'2025-10-19 11:49:32'),(2360,88,36,2,'2025-10-19 11:49:32'),(2361,88,41,2,'2025-10-19 11:49:32'),(2362,88,42,2,'2025-10-19 11:49:32'),(2363,88,45,2,'2025-10-19 11:49:32'),(2364,88,49,2,'2025-10-19 11:49:32'),(2365,88,57,2,'2025-10-19 11:49:32'),(2366,88,59,2,'2025-10-19 11:49:32'),(2367,88,63,2,'2025-10-19 11:49:32'),(2368,88,64,2,'2025-10-19 11:49:32'),(2369,88,65,2,'2025-10-19 11:49:32'),(2370,88,72,2,'2025-10-19 11:49:32'),(2371,88,79,2,'2025-10-19 11:49:32'),(2372,88,81,2,'2025-10-19 11:49:32'),(2373,88,85,2,'2025-10-19 11:49:32'),(2374,88,86,2,'2025-10-19 11:49:32'),(2375,88,87,2,'2025-10-19 11:49:32'),(2376,88,91,2,'2025-10-19 11:49:32'),(2377,88,98,2,'2025-10-19 11:49:32'),(2378,88,99,2,'2025-10-19 11:49:32'),(2379,88,100,2,'2025-10-19 11:49:32'),(2380,89,2,2,'2025-10-19 11:49:32'),(2381,89,3,2,'2025-10-19 11:49:32'),(2382,89,4,2,'2025-10-19 11:49:32'),(2383,89,6,2,'2025-10-19 11:49:32'),(2384,89,8,2,'2025-10-19 11:49:32'),(2385,89,10,2,'2025-10-19 11:49:32'),(2386,89,11,2,'2025-10-19 11:49:32'),(2387,89,12,2,'2025-10-19 11:49:32'),(2388,89,14,2,'2025-10-19 11:49:32'),(2389,89,16,2,'2025-10-19 11:49:32'),(2390,89,20,2,'2025-10-19 11:49:32'),(2391,89,21,2,'2025-10-19 11:49:32'),(2392,89,24,2,'2025-10-19 11:49:32'),(2393,89,25,2,'2025-10-19 11:49:32'),(2394,89,27,2,'2025-10-19 11:49:32'),(2395,89,28,2,'2025-10-19 11:49:32'),(2396,89,32,2,'2025-10-19 11:49:32'),(2397,89,34,2,'2025-10-19 11:49:32'),(2398,89,39,2,'2025-10-19 11:49:32'),(2399,89,41,2,'2025-10-19 11:49:32'),(2400,89,42,2,'2025-10-19 11:49:32'),(2401,89,46,2,'2025-10-19 11:49:32'),(2402,89,47,2,'2025-10-19 11:49:32'),(2403,89,49,2,'2025-10-19 11:49:32'),(2404,89,53,2,'2025-10-19 11:49:32'),(2405,89,58,2,'2025-10-19 11:49:32'),(2406,89,59,2,'2025-10-19 11:49:32'),(2407,89,60,2,'2025-10-19 11:49:32'),(2408,89,61,2,'2025-10-19 11:49:32'),(2409,89,63,2,'2025-10-19 11:49:32'),(2410,89,65,2,'2025-10-19 11:49:32'),(2411,89,67,2,'2025-10-19 11:49:32'),(2412,89,70,2,'2025-10-19 11:49:32'),(2413,89,71,2,'2025-10-19 11:49:32'),(2414,89,72,2,'2025-10-19 11:49:32'),(2415,89,74,2,'2025-10-19 11:49:32'),(2416,89,76,2,'2025-10-19 11:49:32'),(2417,89,81,2,'2025-10-19 11:49:32'),(2418,89,83,2,'2025-10-19 11:49:32'),(2419,89,85,2,'2025-10-19 11:49:32'),(2420,89,87,2,'2025-10-19 11:49:32'),(2421,89,89,2,'2025-10-19 11:49:32'),(2422,89,90,2,'2025-10-19 11:49:32'),(2423,89,91,2,'2025-10-19 11:49:32'),(2424,89,94,2,'2025-10-19 11:49:32'),(2425,89,95,2,'2025-10-19 11:49:32'),(2426,89,97,2,'2025-10-19 11:49:32'),(2427,89,99,2,'2025-10-19 11:49:32'),(2428,90,3,2,'2025-10-19 11:49:32'),(2429,90,4,2,'2025-10-19 11:49:32'),(2430,90,9,2,'2025-10-19 11:49:32'),(2431,90,13,2,'2025-10-19 11:49:32'),(2432,90,14,2,'2025-10-19 11:49:32'),(2433,90,15,2,'2025-10-19 11:49:32'),(2434,90,19,2,'2025-10-19 11:49:32'),(2435,90,22,2,'2025-10-19 11:49:32'),(2436,90,23,2,'2025-10-19 11:49:32'),(2437,90,24,2,'2025-10-19 11:49:32'),(2438,90,28,2,'2025-10-19 11:49:32'),(2439,90,31,2,'2025-10-19 11:49:32'),(2440,90,36,2,'2025-10-19 11:49:32'),(2441,90,42,2,'2025-10-19 11:49:32'),(2442,90,43,2,'2025-10-19 11:49:32'),(2443,90,47,2,'2025-10-19 11:49:32'),(2444,90,49,2,'2025-10-19 11:49:32'),(2445,90,55,2,'2025-10-19 11:49:32'),(2446,90,57,2,'2025-10-19 11:49:32'),(2447,90,61,2,'2025-10-19 11:49:32'),(2448,90,62,2,'2025-10-19 11:49:32'),(2449,90,64,2,'2025-10-19 11:49:32'),(2450,90,65,2,'2025-10-19 11:49:32'),(2451,90,67,2,'2025-10-19 11:49:32'),(2452,90,78,2,'2025-10-19 11:49:32'),(2453,90,79,2,'2025-10-19 11:49:32'),(2454,90,81,2,'2025-10-19 11:49:32'),(2455,90,82,2,'2025-10-19 11:49:32'),(2456,90,96,2,'2025-10-19 11:49:32'),(2457,90,97,2,'2025-10-19 11:49:32'),(2458,91,5,2,'2025-10-19 11:49:32'),(2459,91,9,2,'2025-10-19 11:49:32'),(2460,91,10,2,'2025-10-19 11:49:32'),(2461,91,11,2,'2025-10-19 11:49:32'),(2462,91,12,2,'2025-10-19 11:49:32'),(2463,91,18,2,'2025-10-19 11:49:32'),(2464,91,21,2,'2025-10-19 11:49:32'),(2465,91,22,2,'2025-10-19 11:49:32'),(2466,91,23,2,'2025-10-19 11:49:32'),(2467,91,25,2,'2025-10-19 11:49:32'),(2468,91,27,2,'2025-10-19 11:49:32'),(2469,91,30,2,'2025-10-19 11:49:32'),(2470,91,34,2,'2025-10-19 11:49:32'),(2471,91,35,2,'2025-10-19 11:49:32'),(2472,91,36,2,'2025-10-19 11:49:32'),(2473,91,37,2,'2025-10-19 11:49:32'),(2474,91,41,2,'2025-10-19 11:49:32'),(2475,91,43,2,'2025-10-19 11:49:32'),(2476,91,45,2,'2025-10-19 11:49:32'),(2477,91,46,2,'2025-10-19 11:49:32'),(2478,91,50,2,'2025-10-19 11:49:32'),(2479,91,51,2,'2025-10-19 11:49:32'),(2480,91,52,2,'2025-10-19 11:49:32'),(2481,91,53,2,'2025-10-19 11:49:32'),(2482,91,54,2,'2025-10-19 11:49:32'),(2483,91,55,2,'2025-10-19 11:49:32'),(2484,91,57,2,'2025-10-19 11:49:32'),(2485,91,61,2,'2025-10-19 11:49:32'),(2486,91,66,2,'2025-10-19 11:49:32'),(2487,91,67,2,'2025-10-19 11:49:32'),(2488,91,68,2,'2025-10-19 11:49:32'),(2489,91,71,2,'2025-10-19 11:49:32'),(2490,91,72,2,'2025-10-19 11:49:32'),(2491,91,73,2,'2025-10-19 11:49:32'),(2492,91,74,2,'2025-10-19 11:49:32'),(2493,91,81,2,'2025-10-19 11:49:32'),(2494,91,86,2,'2025-10-19 11:49:32'),(2495,91,88,2,'2025-10-19 11:49:32'),(2496,91,89,2,'2025-10-19 11:49:32'),(2497,91,91,2,'2025-10-19 11:49:32'),(2498,91,92,2,'2025-10-19 11:49:32'),(2499,91,93,2,'2025-10-19 11:49:32'),(2500,91,94,2,'2025-10-19 11:49:32'),(2501,91,95,2,'2025-10-19 11:49:32'),(2502,91,99,2,'2025-10-19 11:49:32'),(2503,92,5,2,'2025-10-19 11:49:32'),(2504,92,10,2,'2025-10-19 11:49:32'),(2505,92,12,2,'2025-10-19 11:49:32'),(2506,92,15,2,'2025-10-19 11:49:32'),(2507,92,16,2,'2025-10-19 11:49:32'),(2508,92,17,2,'2025-10-19 11:49:32'),(2509,92,19,2,'2025-10-19 11:49:32'),(2510,92,20,2,'2025-10-19 11:49:32'),(2511,92,21,2,'2025-10-19 11:49:32'),(2512,92,23,2,'2025-10-19 11:49:32'),(2513,92,24,2,'2025-10-19 11:49:32'),(2514,92,26,2,'2025-10-19 11:49:32'),(2515,92,27,2,'2025-10-19 11:49:32'),(2516,92,32,2,'2025-10-19 11:49:32'),(2517,92,33,2,'2025-10-19 11:49:32'),(2518,92,34,2,'2025-10-19 11:49:32'),(2519,92,35,2,'2025-10-19 11:49:32'),(2520,92,37,2,'2025-10-19 11:49:32'),(2521,92,40,2,'2025-10-19 11:49:32'),(2522,92,46,2,'2025-10-19 11:49:32'),(2523,92,48,2,'2025-10-19 11:49:32'),(2524,92,50,2,'2025-10-19 11:49:32'),(2525,92,51,2,'2025-10-19 11:49:32'),(2526,92,52,2,'2025-10-19 11:49:32'),(2527,92,54,2,'2025-10-19 11:49:32'),(2528,92,55,2,'2025-10-19 11:49:32'),(2529,92,57,2,'2025-10-19 11:49:32'),(2530,92,58,2,'2025-10-19 11:49:32'),(2531,92,59,2,'2025-10-19 11:49:32'),(2532,92,60,2,'2025-10-19 11:49:32'),(2533,92,61,2,'2025-10-19 11:49:32'),(2534,92,67,2,'2025-10-19 11:49:32'),(2535,92,71,2,'2025-10-19 11:49:32'),(2536,92,73,2,'2025-10-19 11:49:32'),(2537,92,80,2,'2025-10-19 11:49:32'),(2538,92,83,2,'2025-10-19 11:49:32'),(2539,92,85,2,'2025-10-19 11:49:32'),(2540,92,86,2,'2025-10-19 11:49:32'),(2541,92,87,2,'2025-10-19 11:49:32'),(2542,92,88,2,'2025-10-19 11:49:32'),(2543,92,96,2,'2025-10-19 11:49:32'),(2544,93,1,2,'2025-10-19 11:49:32'),(2545,93,2,2,'2025-10-19 11:49:32'),(2546,93,4,2,'2025-10-19 11:49:32'),(2547,93,7,2,'2025-10-19 11:49:32'),(2548,93,8,2,'2025-10-19 11:49:32'),(2549,93,9,2,'2025-10-19 11:49:32'),(2550,93,12,2,'2025-10-19 11:49:32'),(2551,93,13,2,'2025-10-19 11:49:32'),(2552,93,15,2,'2025-10-19 11:49:32'),(2553,93,16,2,'2025-10-19 11:49:32'),(2554,93,21,2,'2025-10-19 11:49:32'),(2555,93,23,2,'2025-10-19 11:49:32'),(2556,93,24,2,'2025-10-19 11:49:32'),(2557,93,26,2,'2025-10-19 11:49:32'),(2558,93,27,2,'2025-10-19 11:49:32'),(2559,93,30,2,'2025-10-19 11:49:32'),(2560,93,31,2,'2025-10-19 11:49:33'),(2561,93,39,2,'2025-10-19 11:49:33'),(2562,93,41,2,'2025-10-19 11:49:33'),(2563,93,42,2,'2025-10-19 11:49:33'),(2564,93,44,2,'2025-10-19 11:49:33'),(2565,93,45,2,'2025-10-19 11:49:33'),(2566,93,46,2,'2025-10-19 11:49:33'),(2567,93,47,2,'2025-10-19 11:49:33'),(2568,93,49,2,'2025-10-19 11:49:33'),(2569,93,54,2,'2025-10-19 11:49:33'),(2570,93,60,2,'2025-10-19 11:49:33'),(2571,93,62,2,'2025-10-19 11:49:33'),(2572,93,63,2,'2025-10-19 11:49:33'),(2573,93,65,2,'2025-10-19 11:49:33'),(2574,93,66,2,'2025-10-19 11:49:33'),(2575,93,68,2,'2025-10-19 11:49:33'),(2576,93,73,2,'2025-10-19 11:49:33'),(2577,93,75,2,'2025-10-19 11:49:33'),(2578,93,76,2,'2025-10-19 11:49:33'),(2579,93,78,2,'2025-10-19 11:49:33'),(2580,93,79,2,'2025-10-19 11:49:33'),(2581,93,81,2,'2025-10-19 11:49:33'),(2582,93,82,2,'2025-10-19 11:49:33'),(2583,93,85,2,'2025-10-19 11:49:33'),(2584,93,87,2,'2025-10-19 11:49:33'),(2585,93,92,2,'2025-10-19 11:49:33'),(2586,93,93,2,'2025-10-19 11:49:33'),(2587,93,94,2,'2025-10-19 11:49:33'),(2588,94,1,2,'2025-10-19 11:49:33'),(2589,94,3,2,'2025-10-19 11:49:33'),(2590,94,4,2,'2025-10-19 11:49:33'),(2591,94,5,2,'2025-10-19 11:49:33'),(2592,94,7,2,'2025-10-19 11:49:33'),(2593,94,8,2,'2025-10-19 11:49:33'),(2594,94,11,2,'2025-10-19 11:49:33'),(2595,94,13,2,'2025-10-19 11:49:33'),(2596,94,14,2,'2025-10-19 11:49:33'),(2597,94,18,2,'2025-10-19 11:49:33'),(2598,94,20,2,'2025-10-19 11:49:33'),(2599,94,21,2,'2025-10-19 11:49:33'),(2600,94,22,2,'2025-10-19 11:49:33'),(2601,94,23,2,'2025-10-19 11:49:33'),(2602,94,26,2,'2025-10-19 11:49:33'),(2603,94,27,2,'2025-10-19 11:49:33'),(2604,94,31,2,'2025-10-19 11:49:33'),(2605,94,33,2,'2025-10-19 11:49:33'),(2606,94,34,2,'2025-10-19 11:49:33'),(2607,94,41,2,'2025-10-19 11:49:33'),(2608,94,42,2,'2025-10-19 11:49:33'),(2609,94,43,2,'2025-10-19 11:49:33'),(2610,94,50,2,'2025-10-19 11:49:33'),(2611,94,54,2,'2025-10-19 11:49:33'),(2612,94,56,2,'2025-10-19 11:49:33'),(2613,94,57,2,'2025-10-19 11:49:33'),(2614,94,58,2,'2025-10-19 11:49:33'),(2615,94,61,2,'2025-10-19 11:49:33'),(2616,94,63,2,'2025-10-19 11:49:33'),(2617,94,66,2,'2025-10-19 11:49:33'),(2618,94,68,2,'2025-10-19 11:49:33'),(2619,94,69,2,'2025-10-19 11:49:33'),(2620,94,70,2,'2025-10-19 11:49:33'),(2621,94,71,2,'2025-10-19 11:49:33'),(2622,94,73,2,'2025-10-19 11:49:33'),(2623,94,76,2,'2025-10-19 11:49:33'),(2624,94,78,2,'2025-10-19 11:49:33'),(2625,94,79,2,'2025-10-19 11:49:33'),(2626,94,81,2,'2025-10-19 11:49:33'),(2627,94,83,2,'2025-10-19 11:49:33'),(2628,94,86,2,'2025-10-19 11:49:33'),(2629,94,87,2,'2025-10-19 11:49:33'),(2630,94,88,2,'2025-10-19 11:49:33'),(2631,94,90,2,'2025-10-19 11:49:33'),(2632,94,91,2,'2025-10-19 11:49:33'),(2633,94,93,2,'2025-10-19 11:49:33'),(2634,94,95,2,'2025-10-19 11:49:33'),(2635,94,96,2,'2025-10-19 11:49:33'),(2636,94,98,2,'2025-10-19 11:49:33'),(2637,94,100,2,'2025-10-19 11:49:33'),(2638,95,5,2,'2025-10-19 11:49:33'),(2639,95,11,2,'2025-10-19 11:49:33'),(2640,95,15,2,'2025-10-19 11:49:33'),(2641,95,29,2,'2025-10-19 11:49:33'),(2642,95,30,2,'2025-10-19 11:49:33'),(2643,95,36,2,'2025-10-19 11:49:33'),(2644,95,38,2,'2025-10-19 11:49:33'),(2645,95,39,2,'2025-10-19 11:49:33'),(2646,95,40,2,'2025-10-19 11:49:33'),(2647,95,48,2,'2025-10-19 11:49:33'),(2648,95,49,2,'2025-10-19 11:49:33'),(2649,95,57,2,'2025-10-19 11:49:33'),(2650,95,60,2,'2025-10-19 11:49:33'),(2651,95,69,2,'2025-10-19 11:49:33'),(2652,95,72,2,'2025-10-19 11:49:33'),(2653,95,74,2,'2025-10-19 11:49:33'),(2654,95,76,2,'2025-10-19 11:49:33'),(2655,95,77,2,'2025-10-19 11:49:33'),(2656,95,78,2,'2025-10-19 11:49:33'),(2657,95,82,2,'2025-10-19 11:49:33'),(2658,95,84,2,'2025-10-19 11:49:33'),(2659,95,92,2,'2025-10-19 11:49:33'),(2660,95,93,2,'2025-10-19 11:49:33'),(2661,95,95,2,'2025-10-19 11:49:33'),(2662,95,99,2,'2025-10-19 11:49:33'),(2663,96,4,2,'2025-10-19 11:49:33'),(2664,96,5,2,'2025-10-19 11:49:33'),(2665,96,9,2,'2025-10-19 11:49:33'),(2666,96,10,2,'2025-10-19 11:49:33'),(2667,96,15,2,'2025-10-19 11:49:33'),(2668,96,20,2,'2025-10-19 11:49:33'),(2669,96,22,2,'2025-10-19 11:49:33'),(2670,96,26,2,'2025-10-19 11:49:33'),(2671,96,27,2,'2025-10-19 11:49:33'),(2672,96,29,2,'2025-10-19 11:49:33'),(2673,96,37,2,'2025-10-19 11:49:33'),(2674,96,39,2,'2025-10-19 11:49:33'),(2675,96,40,2,'2025-10-19 11:49:33'),(2676,96,42,2,'2025-10-19 11:49:33'),(2677,96,43,2,'2025-10-19 11:49:33'),(2678,96,45,2,'2025-10-19 11:49:33'),(2679,96,48,2,'2025-10-19 11:49:33'),(2680,96,51,2,'2025-10-19 11:49:33'),(2681,96,54,2,'2025-10-19 11:49:33'),(2682,96,56,2,'2025-10-19 11:49:33'),(2683,96,58,2,'2025-10-19 11:49:33'),(2684,96,59,2,'2025-10-19 11:49:33'),(2685,96,67,2,'2025-10-19 11:49:33'),(2686,96,80,2,'2025-10-19 11:49:33'),(2687,96,82,2,'2025-10-19 11:49:33'),(2688,96,83,2,'2025-10-19 11:49:33'),(2689,96,85,2,'2025-10-19 11:49:33'),(2690,96,90,2,'2025-10-19 11:49:33'),(2691,96,91,2,'2025-10-19 11:49:33'),(2692,96,92,2,'2025-10-19 11:49:33'),(2693,96,94,2,'2025-10-19 11:49:33'),(2694,96,96,2,'2025-10-19 11:49:33'),(2695,96,97,2,'2025-10-19 11:49:33'),(2696,96,98,2,'2025-10-19 11:49:33'),(2697,96,99,2,'2025-10-19 11:49:33'),(2698,97,2,2,'2025-10-19 11:49:33'),(2699,97,3,2,'2025-10-19 11:49:33'),(2700,97,4,2,'2025-10-19 11:49:33'),(2701,97,6,2,'2025-10-19 11:49:33'),(2702,97,10,2,'2025-10-19 11:49:33'),(2703,97,11,2,'2025-10-19 11:49:33'),(2704,97,17,2,'2025-10-19 11:49:33'),(2705,97,20,2,'2025-10-19 11:49:33'),(2706,97,21,2,'2025-10-19 11:49:33'),(2707,97,24,2,'2025-10-19 11:49:33'),(2708,97,26,2,'2025-10-19 11:49:33'),(2709,97,28,2,'2025-10-19 11:49:33'),(2710,97,30,2,'2025-10-19 11:49:33'),(2711,97,33,2,'2025-10-19 11:49:33'),(2712,97,39,2,'2025-10-19 11:49:33'),(2713,97,40,2,'2025-10-19 11:49:33'),(2714,97,45,2,'2025-10-19 11:49:33'),(2715,97,48,2,'2025-10-19 11:49:33'),(2716,97,50,2,'2025-10-19 11:49:33'),(2717,97,51,2,'2025-10-19 11:49:33'),(2718,97,52,2,'2025-10-19 11:49:33'),(2719,97,57,2,'2025-10-19 11:49:33'),(2720,97,58,2,'2025-10-19 11:49:33'),(2721,97,60,2,'2025-10-19 11:49:33'),(2722,97,65,2,'2025-10-19 11:49:33'),(2723,97,66,2,'2025-10-19 11:49:33'),(2724,97,67,2,'2025-10-19 11:49:33'),(2725,97,68,2,'2025-10-19 11:49:33'),(2726,97,69,2,'2025-10-19 11:49:33'),(2727,97,73,2,'2025-10-19 11:49:33'),(2728,97,74,2,'2025-10-19 11:49:33'),(2729,97,77,2,'2025-10-19 11:49:33'),(2730,97,80,2,'2025-10-19 11:49:33'),(2731,97,81,2,'2025-10-19 11:49:33'),(2732,97,83,2,'2025-10-19 11:49:33'),(2733,97,85,2,'2025-10-19 11:49:33'),(2734,97,88,2,'2025-10-19 11:49:33'),(2735,97,93,2,'2025-10-19 11:49:33'),(2736,97,94,2,'2025-10-19 11:49:33'),(2737,97,97,2,'2025-10-19 11:49:33'),(2738,97,98,2,'2025-10-19 11:49:33'),(2739,97,99,2,'2025-10-19 11:49:33'),(2740,98,3,2,'2025-10-19 11:49:33'),(2741,98,5,2,'2025-10-19 11:49:33'),(2742,98,13,2,'2025-10-19 11:49:33'),(2743,98,14,2,'2025-10-19 11:49:33'),(2744,98,20,2,'2025-10-19 11:49:33'),(2745,98,27,2,'2025-10-19 11:49:33'),(2746,98,30,2,'2025-10-19 11:49:33'),(2747,98,42,2,'2025-10-19 11:49:33'),(2748,98,45,2,'2025-10-19 11:49:33'),(2749,98,47,2,'2025-10-19 11:49:33'),(2750,98,49,2,'2025-10-19 11:49:33'),(2751,98,54,2,'2025-10-19 11:49:33'),(2752,98,58,2,'2025-10-19 11:49:33'),(2753,98,67,2,'2025-10-19 11:49:33'),(2754,98,78,2,'2025-10-19 11:49:33'),(2755,98,79,2,'2025-10-19 11:49:33'),(2756,98,80,2,'2025-10-19 11:49:33'),(2757,98,86,2,'2025-10-19 11:49:33'),(2758,98,93,2,'2025-10-19 11:49:33'),(2759,98,94,2,'2025-10-19 11:49:33'),(2760,98,100,2,'2025-10-19 11:49:33'),(2761,99,3,2,'2025-10-19 11:49:33'),(2762,99,7,2,'2025-10-19 11:49:33'),(2763,99,8,2,'2025-10-19 11:49:33'),(2764,99,21,2,'2025-10-19 11:49:33'),(2765,99,22,2,'2025-10-19 11:49:33'),(2766,99,27,2,'2025-10-19 11:49:33'),(2767,99,28,2,'2025-10-19 11:49:33'),(2768,99,29,2,'2025-10-19 11:49:33'),(2769,99,31,2,'2025-10-19 11:49:33'),(2770,99,34,2,'2025-10-19 11:49:33'),(2771,99,35,2,'2025-10-19 11:49:33'),(2772,99,40,2,'2025-10-19 11:49:33'),(2773,99,41,2,'2025-10-19 11:49:33'),(2774,99,45,2,'2025-10-19 11:49:33'),(2775,99,46,2,'2025-10-19 11:49:33'),(2776,99,47,2,'2025-10-19 11:49:33'),(2777,99,48,2,'2025-10-19 11:49:33'),(2778,99,49,2,'2025-10-19 11:49:33'),(2779,99,50,2,'2025-10-19 11:49:33'),(2780,99,53,2,'2025-10-19 11:49:33'),(2781,99,54,2,'2025-10-19 11:49:33'),(2782,99,57,2,'2025-10-19 11:49:33'),(2783,99,58,2,'2025-10-19 11:49:33'),(2784,99,59,2,'2025-10-19 11:49:33'),(2785,99,60,2,'2025-10-19 11:49:33'),(2786,99,67,2,'2025-10-19 11:49:33'),(2787,99,68,2,'2025-10-19 11:49:33'),(2788,99,69,2,'2025-10-19 11:49:33'),(2789,99,72,2,'2025-10-19 11:49:33'),(2790,99,73,2,'2025-10-19 11:49:33'),(2791,99,74,2,'2025-10-19 11:49:33'),(2792,99,76,2,'2025-10-19 11:49:33'),(2793,99,77,2,'2025-10-19 11:49:33'),(2794,99,79,2,'2025-10-19 11:49:33'),(2795,99,81,2,'2025-10-19 11:49:33'),(2796,99,84,2,'2025-10-19 11:49:33'),(2797,99,85,2,'2025-10-19 11:49:33'),(2798,99,86,2,'2025-10-19 11:49:33'),(2799,99,87,2,'2025-10-19 11:49:33'),(2800,99,91,2,'2025-10-19 11:49:33'),(2801,99,95,2,'2025-10-19 11:49:33'),(2802,99,98,2,'2025-10-19 11:49:33'),(2803,99,99,2,'2025-10-19 11:49:33'),(2804,100,2,2,'2025-10-19 11:49:33'),(2805,100,5,2,'2025-10-19 11:49:33'),(2806,100,18,2,'2025-10-19 11:49:33'),(2807,100,22,2,'2025-10-19 11:49:33'),(2808,100,23,2,'2025-10-19 11:49:33'),(2809,100,26,2,'2025-10-19 11:49:33'),(2810,100,29,2,'2025-10-19 11:49:33'),(2811,100,32,2,'2025-10-19 11:49:33'),(2812,100,40,2,'2025-10-19 11:49:33'),(2813,100,44,2,'2025-10-19 11:49:33'),(2814,100,45,2,'2025-10-19 11:49:33'),(2815,100,48,2,'2025-10-19 11:49:33'),(2816,100,49,2,'2025-10-19 11:49:33'),(2817,100,51,2,'2025-10-19 11:49:33'),(2818,100,52,2,'2025-10-19 11:49:33'),(2819,100,55,2,'2025-10-19 11:49:33'),(2820,100,59,2,'2025-10-19 11:49:33'),(2821,100,60,2,'2025-10-19 11:49:33'),(2822,100,63,2,'2025-10-19 11:49:33'),(2823,100,71,2,'2025-10-19 11:49:33'),(2824,100,81,2,'2025-10-19 11:49:33'),(2825,100,84,2,'2025-10-19 11:49:33'),(2826,100,88,2,'2025-10-19 11:49:33'),(2827,100,95,2,'2025-10-19 11:49:33'),(2828,100,98,2,'2025-10-19 11:49:33'),(2829,100,100,2,'2025-10-19 11:49:33'),(2830,101,1,2,'2025-10-19 11:49:33'),(2831,101,12,2,'2025-10-19 11:49:33'),(2832,101,13,2,'2025-10-19 11:49:33'),(2833,101,18,2,'2025-10-19 11:49:33'),(2834,101,21,2,'2025-10-19 11:49:33'),(2835,101,23,2,'2025-10-19 11:49:33'),(2836,101,28,2,'2025-10-19 11:49:33'),(2837,101,30,2,'2025-10-19 11:49:33'),(2838,101,40,2,'2025-10-19 11:49:33'),(2839,101,43,2,'2025-10-19 11:49:33'),(2840,101,45,2,'2025-10-19 11:49:33'),(2841,101,49,2,'2025-10-19 11:49:33'),(2842,101,50,2,'2025-10-19 11:49:33'),(2843,101,51,2,'2025-10-19 11:49:33'),(2844,101,56,2,'2025-10-19 11:49:33'),(2845,101,57,2,'2025-10-19 11:49:33'),(2846,101,59,2,'2025-10-19 11:49:33'),(2847,101,60,2,'2025-10-19 11:49:33'),(2848,101,62,2,'2025-10-19 11:49:33'),(2849,101,63,2,'2025-10-19 11:49:33'),(2850,101,64,2,'2025-10-19 11:49:33'),(2851,101,68,2,'2025-10-19 11:49:33'),(2852,101,72,2,'2025-10-19 11:49:33'),(2853,101,76,2,'2025-10-19 11:49:33'),(2854,101,78,2,'2025-10-19 11:49:33'),(2855,101,81,2,'2025-10-19 11:49:33'),(2856,101,87,2,'2025-10-19 11:49:33'),(2857,101,88,2,'2025-10-19 11:49:33'),(2858,101,94,2,'2025-10-19 11:49:33'),(2859,102,1,2,'2025-10-19 11:49:33'),(2860,102,2,2,'2025-10-19 11:49:33'),(2861,102,3,2,'2025-10-19 11:49:33'),(2862,102,7,2,'2025-10-19 11:49:33'),(2863,102,11,2,'2025-10-19 11:49:33'),(2864,102,16,2,'2025-10-19 11:49:33'),(2865,102,17,2,'2025-10-19 11:49:33'),(2866,102,33,2,'2025-10-19 11:49:34'),(2867,102,34,2,'2025-10-19 11:49:34'),(2868,102,37,2,'2025-10-19 11:49:34'),(2869,102,39,2,'2025-10-19 11:49:34'),(2870,102,45,2,'2025-10-19 11:49:34'),(2871,102,49,2,'2025-10-19 11:49:34'),(2872,102,51,2,'2025-10-19 11:49:34'),(2873,102,54,2,'2025-10-19 11:49:34'),(2874,102,55,2,'2025-10-19 11:49:34'),(2875,102,66,2,'2025-10-19 11:49:34'),(2876,102,72,2,'2025-10-19 11:49:34'),(2877,102,73,2,'2025-10-19 11:49:34'),(2878,102,77,2,'2025-10-19 11:49:34'),(2879,102,78,2,'2025-10-19 11:49:34'),(2880,102,80,2,'2025-10-19 11:49:34'),(2881,102,81,2,'2025-10-19 11:49:34'),(2882,102,84,2,'2025-10-19 11:49:34'),(2883,102,89,2,'2025-10-19 11:49:34'),(2884,102,90,2,'2025-10-19 11:49:34'),(2885,102,91,2,'2025-10-19 11:49:34'),(2886,103,6,2,'2025-10-19 11:49:34'),(2887,103,11,2,'2025-10-19 11:49:34'),(2888,103,13,2,'2025-10-19 11:49:34'),(2889,103,17,2,'2025-10-19 11:49:34'),(2890,103,23,2,'2025-10-19 11:49:34'),(2891,103,30,2,'2025-10-19 11:49:34'),(2892,103,32,2,'2025-10-19 11:49:34'),(2893,103,33,2,'2025-10-19 11:49:34'),(2894,103,34,2,'2025-10-19 11:49:34'),(2895,103,38,2,'2025-10-19 11:49:34'),(2896,103,41,2,'2025-10-19 11:49:34'),(2897,103,43,2,'2025-10-19 11:49:34'),(2898,103,45,2,'2025-10-19 11:49:34'),(2899,103,49,2,'2025-10-19 11:49:34'),(2900,103,53,2,'2025-10-19 11:49:34'),(2901,103,59,2,'2025-10-19 11:49:34'),(2902,103,61,2,'2025-10-19 11:49:34'),(2903,103,63,2,'2025-10-19 11:49:34'),(2904,103,73,2,'2025-10-19 11:49:34'),(2905,103,74,2,'2025-10-19 11:49:34'),(2906,103,89,2,'2025-10-19 11:49:34'),(2907,103,90,2,'2025-10-19 11:49:34'),(2908,103,98,2,'2025-10-19 11:49:34'),(2909,104,3,2,'2025-10-19 11:49:34'),(2910,104,4,2,'2025-10-19 11:49:34'),(2911,104,7,2,'2025-10-19 11:49:34'),(2912,104,11,2,'2025-10-19 11:49:34'),(2913,104,17,2,'2025-10-19 11:49:34'),(2914,104,24,2,'2025-10-19 11:49:34'),(2915,104,25,2,'2025-10-19 11:49:34'),(2916,104,28,2,'2025-10-19 11:49:34'),(2917,104,29,2,'2025-10-19 11:49:34'),(2918,104,32,2,'2025-10-19 11:49:34'),(2919,104,36,2,'2025-10-19 11:49:34'),(2920,104,39,2,'2025-10-19 11:49:34'),(2921,104,46,2,'2025-10-19 11:49:34'),(2922,104,47,2,'2025-10-19 11:49:34'),(2923,104,48,2,'2025-10-19 11:49:34'),(2924,104,51,2,'2025-10-19 11:49:34'),(2925,104,52,2,'2025-10-19 11:49:34'),(2926,104,53,2,'2025-10-19 11:49:34'),(2927,104,55,2,'2025-10-19 11:49:34'),(2928,104,56,2,'2025-10-19 11:49:34'),(2929,104,57,2,'2025-10-19 11:49:34'),(2930,104,63,2,'2025-10-19 11:49:34'),(2931,104,64,2,'2025-10-19 11:49:34'),(2932,104,65,2,'2025-10-19 11:49:34'),(2933,104,68,2,'2025-10-19 11:49:34'),(2934,104,70,2,'2025-10-19 11:49:34'),(2935,104,71,2,'2025-10-19 11:49:34'),(2936,104,72,2,'2025-10-19 11:49:34'),(2937,104,73,2,'2025-10-19 11:49:34'),(2938,104,74,2,'2025-10-19 11:49:34'),(2939,104,75,2,'2025-10-19 11:49:34'),(2940,104,77,2,'2025-10-19 11:49:34'),(2941,104,78,2,'2025-10-19 11:49:34'),(2942,104,83,2,'2025-10-19 11:49:34'),(2943,104,98,2,'2025-10-19 11:49:34'),(2944,105,1,2,'2025-10-19 11:49:34'),(2945,105,4,2,'2025-10-19 11:49:34'),(2946,105,5,2,'2025-10-19 11:49:34'),(2947,105,19,2,'2025-10-19 11:49:34'),(2948,105,26,2,'2025-10-19 11:49:34'),(2949,105,28,2,'2025-10-19 11:49:34'),(2950,105,29,2,'2025-10-19 11:49:34'),(2951,105,30,2,'2025-10-19 11:49:34'),(2952,105,37,2,'2025-10-19 11:49:34'),(2953,105,38,2,'2025-10-19 11:49:34'),(2954,105,45,2,'2025-10-19 11:49:34'),(2955,105,47,2,'2025-10-19 11:49:34'),(2956,105,51,2,'2025-10-19 11:49:34'),(2957,105,53,2,'2025-10-19 11:49:34'),(2958,105,55,2,'2025-10-19 11:49:34'),(2959,105,56,2,'2025-10-19 11:49:34'),(2960,105,61,2,'2025-10-19 11:49:34'),(2961,105,62,2,'2025-10-19 11:49:34'),(2962,105,65,2,'2025-10-19 11:49:34'),(2963,105,69,2,'2025-10-19 11:49:34'),(2964,105,70,2,'2025-10-19 11:49:34'),(2965,105,72,2,'2025-10-19 11:49:34'),(2966,105,73,2,'2025-10-19 11:49:34'),(2967,105,75,2,'2025-10-19 11:49:34'),(2968,105,80,2,'2025-10-19 11:49:34'),(2969,105,83,2,'2025-10-19 11:49:34'),(2970,105,85,2,'2025-10-19 11:49:34'),(2971,105,88,2,'2025-10-19 11:49:34'),(2972,105,89,2,'2025-10-19 11:49:34'),(2973,106,3,2,'2025-10-19 11:49:34'),(2974,106,4,2,'2025-10-19 11:49:34'),(2975,106,7,2,'2025-10-19 11:49:34'),(2976,106,11,2,'2025-10-19 11:49:34'),(2977,106,16,2,'2025-10-19 11:49:34'),(2978,106,18,2,'2025-10-19 11:49:34'),(2979,106,19,2,'2025-10-19 11:49:34'),(2980,106,21,2,'2025-10-19 11:49:34'),(2981,106,23,2,'2025-10-19 11:49:34'),(2982,106,29,2,'2025-10-19 11:49:34'),(2983,106,30,2,'2025-10-19 11:49:34'),(2984,106,32,2,'2025-10-19 11:49:34'),(2985,106,33,2,'2025-10-19 11:49:34'),(2986,106,36,2,'2025-10-19 11:49:34'),(2987,106,39,2,'2025-10-19 11:49:34'),(2988,106,41,2,'2025-10-19 11:49:34'),(2989,106,43,2,'2025-10-19 11:49:34'),(2990,106,50,2,'2025-10-19 11:49:34'),(2991,106,51,2,'2025-10-19 11:49:34'),(2992,106,52,2,'2025-10-19 11:49:34'),(2993,106,56,2,'2025-10-19 11:49:34'),(2994,106,57,2,'2025-10-19 11:49:34'),(2995,106,59,2,'2025-10-19 11:49:34'),(2996,106,61,2,'2025-10-19 11:49:34'),(2997,106,63,2,'2025-10-19 11:49:34'),(2998,106,70,2,'2025-10-19 11:49:34'),(2999,106,72,2,'2025-10-19 11:49:34'),(3000,106,77,2,'2025-10-19 11:49:34'),(3001,106,78,2,'2025-10-19 11:49:34'),(3002,106,80,2,'2025-10-19 11:49:34'),(3003,106,81,2,'2025-10-19 11:49:34'),(3004,106,84,2,'2025-10-19 11:49:34'),(3005,106,92,2,'2025-10-19 11:49:34'),(3006,106,95,2,'2025-10-19 11:49:34'),(3007,107,2,2,'2025-10-19 11:49:34'),(3008,107,12,2,'2025-10-19 11:49:34'),(3009,107,22,2,'2025-10-19 11:49:34'),(3010,107,32,2,'2025-10-19 11:49:34'),(3011,107,34,2,'2025-10-19 11:49:34'),(3012,107,39,2,'2025-10-19 11:49:34'),(3013,107,40,2,'2025-10-19 11:49:34'),(3014,107,41,2,'2025-10-19 11:49:34'),(3015,107,42,2,'2025-10-19 11:49:34'),(3016,107,46,2,'2025-10-19 11:49:34'),(3017,107,49,2,'2025-10-19 11:49:34'),(3018,107,50,2,'2025-10-19 11:49:34'),(3019,107,52,2,'2025-10-19 11:49:34'),(3020,107,55,2,'2025-10-19 11:49:34'),(3021,107,58,2,'2025-10-19 11:49:34'),(3022,107,60,2,'2025-10-19 11:49:34'),(3023,107,66,2,'2025-10-19 11:49:34'),(3024,107,68,2,'2025-10-19 11:49:34'),(3025,107,84,2,'2025-10-19 11:49:34'),(3026,107,91,2,'2025-10-19 11:49:34'),(3027,107,93,2,'2025-10-19 11:49:34'),(3028,107,95,2,'2025-10-19 11:49:34'),(3029,107,99,2,'2025-10-19 11:49:34'),(3030,108,4,2,'2025-10-19 11:49:34'),(3031,108,8,2,'2025-10-19 11:49:34'),(3032,108,9,2,'2025-10-19 11:49:34'),(3033,108,13,2,'2025-10-19 11:49:34'),(3034,108,15,2,'2025-10-19 11:49:34'),(3035,108,23,2,'2025-10-19 11:49:34'),(3036,108,36,2,'2025-10-19 11:49:34'),(3037,108,38,2,'2025-10-19 11:49:34'),(3038,108,39,2,'2025-10-19 11:49:34'),(3039,108,54,2,'2025-10-19 11:49:34'),(3040,108,61,2,'2025-10-19 11:49:34'),(3041,108,64,2,'2025-10-19 11:49:34'),(3042,108,65,2,'2025-10-19 11:49:34'),(3043,108,80,2,'2025-10-19 11:49:34'),(3044,108,85,2,'2025-10-19 11:49:34'),(3045,108,88,2,'2025-10-19 11:49:34'),(3046,108,89,2,'2025-10-19 11:49:34'),(3047,108,93,2,'2025-10-19 11:49:34'),(3048,108,94,2,'2025-10-19 11:49:34'),(3049,108,96,2,'2025-10-19 11:49:34'),(3050,109,5,2,'2025-10-19 11:49:34'),(3051,109,13,2,'2025-10-19 11:49:34'),(3052,109,17,2,'2025-10-19 11:49:34'),(3053,109,19,2,'2025-10-19 11:49:34'),(3054,109,20,2,'2025-10-19 11:49:34'),(3055,109,22,2,'2025-10-19 11:49:34'),(3056,109,25,2,'2025-10-19 11:49:34'),(3057,109,28,2,'2025-10-19 11:49:34'),(3058,109,35,2,'2025-10-19 11:49:34'),(3059,109,37,2,'2025-10-19 11:49:34'),(3060,109,39,2,'2025-10-19 11:49:34'),(3061,109,41,2,'2025-10-19 11:49:34'),(3062,109,42,2,'2025-10-19 11:49:34'),(3063,109,49,2,'2025-10-19 11:49:34'),(3064,109,51,2,'2025-10-19 11:49:34'),(3065,109,53,2,'2025-10-19 11:49:34'),(3066,109,55,2,'2025-10-19 11:49:34'),(3067,109,58,2,'2025-10-19 11:49:34'),(3068,109,62,2,'2025-10-19 11:49:34'),(3069,109,64,2,'2025-10-19 11:49:34'),(3070,109,65,2,'2025-10-19 11:49:34'),(3071,109,66,2,'2025-10-19 11:49:34'),(3072,109,67,2,'2025-10-19 11:49:34'),(3073,109,68,2,'2025-10-19 11:49:34'),(3074,109,69,2,'2025-10-19 11:49:34'),(3075,109,75,2,'2025-10-19 11:49:34'),(3076,109,80,2,'2025-10-19 11:49:34'),(3077,109,83,2,'2025-10-19 11:49:34'),(3078,109,84,2,'2025-10-19 11:49:34'),(3079,109,85,2,'2025-10-19 11:49:34'),(3080,109,89,2,'2025-10-19 11:49:34'),(3081,109,93,2,'2025-10-19 11:49:34'),(3082,109,96,2,'2025-10-19 11:49:34'),(3083,109,100,2,'2025-10-19 11:49:34'),(3084,110,4,2,'2025-10-19 11:49:34'),(3085,110,7,2,'2025-10-19 11:49:34'),(3086,110,10,2,'2025-10-19 11:49:34'),(3087,110,14,2,'2025-10-19 11:49:34'),(3088,110,17,2,'2025-10-19 11:49:34'),(3089,110,26,2,'2025-10-19 11:49:34'),(3090,110,31,2,'2025-10-19 11:49:34'),(3091,110,38,2,'2025-10-19 11:49:34'),(3092,110,43,2,'2025-10-19 11:49:34'),(3093,110,45,2,'2025-10-19 11:49:34'),(3094,110,55,2,'2025-10-19 11:49:34'),(3095,110,57,2,'2025-10-19 11:49:34'),(3096,110,63,2,'2025-10-19 11:49:34'),(3097,110,66,2,'2025-10-19 11:49:34'),(3098,110,69,2,'2025-10-19 11:49:34'),(3099,110,72,2,'2025-10-19 11:49:34'),(3100,110,75,2,'2025-10-19 11:49:34'),(3101,110,82,2,'2025-10-19 11:49:34'),(3102,110,83,2,'2025-10-19 11:49:34'),(3103,110,84,2,'2025-10-19 11:49:34'),(3104,110,88,2,'2025-10-19 11:49:34'),(3105,110,90,2,'2025-10-19 11:49:34'),(3106,110,91,2,'2025-10-19 11:49:34'),(3107,110,94,2,'2025-10-19 11:49:34'),(3108,110,96,2,'2025-10-19 11:49:34'),(3109,111,1,2,'2025-10-19 11:49:34'),(3110,111,2,2,'2025-10-19 11:49:34'),(3111,111,3,2,'2025-10-19 11:49:34'),(3112,111,4,2,'2025-10-19 11:49:34'),(3113,111,5,2,'2025-10-19 11:49:34'),(3114,111,7,2,'2025-10-19 11:49:34'),(3115,111,15,2,'2025-10-19 11:49:34'),(3116,111,17,2,'2025-10-19 11:49:34'),(3117,111,30,2,'2025-10-19 11:49:34'),(3118,111,31,2,'2025-10-19 11:49:34'),(3119,111,33,2,'2025-10-19 11:49:34'),(3120,111,35,2,'2025-10-19 11:49:34'),(3121,111,40,2,'2025-10-19 11:49:34'),(3122,111,41,2,'2025-10-19 11:49:34'),(3123,111,43,2,'2025-10-19 11:49:34'),(3124,111,48,2,'2025-10-19 11:49:34'),(3125,111,49,2,'2025-10-19 11:49:34'),(3126,111,51,2,'2025-10-19 11:49:34'),(3127,111,53,2,'2025-10-19 11:49:34'),(3128,111,55,2,'2025-10-19 11:49:34'),(3129,111,56,2,'2025-10-19 11:49:34'),(3130,111,60,2,'2025-10-19 11:49:34'),(3131,111,62,2,'2025-10-19 11:49:34'),(3132,111,63,2,'2025-10-19 11:49:34'),(3133,111,66,2,'2025-10-19 11:49:34'),(3134,111,70,2,'2025-10-19 11:49:34'),(3135,111,71,2,'2025-10-19 11:49:34'),(3136,111,79,2,'2025-10-19 11:49:34'),(3137,111,80,2,'2025-10-19 11:49:34'),(3138,111,84,2,'2025-10-19 11:49:34'),(3139,111,93,2,'2025-10-19 11:49:34'),(3140,111,97,2,'2025-10-19 11:49:34'),(3141,111,100,2,'2025-10-19 11:49:34'),(3142,112,3,2,'2025-10-19 11:49:34'),(3143,112,8,2,'2025-10-19 11:49:34'),(3144,112,9,2,'2025-10-19 11:49:34'),(3145,112,10,2,'2025-10-19 11:49:34'),(3146,112,12,2,'2025-10-19 11:49:34'),(3147,112,15,2,'2025-10-19 11:49:34'),(3148,112,17,2,'2025-10-19 11:49:34'),(3149,112,21,2,'2025-10-19 11:49:34'),(3150,112,22,2,'2025-10-19 11:49:34'),(3151,112,25,2,'2025-10-19 11:49:34'),(3152,112,29,2,'2025-10-19 11:49:34'),(3153,112,34,2,'2025-10-19 11:49:34'),(3154,112,45,2,'2025-10-19 11:49:34'),(3155,112,46,2,'2025-10-19 11:49:34'),(3156,112,49,2,'2025-10-19 11:49:34'),(3157,112,52,2,'2025-10-19 11:49:34'),(3158,112,59,2,'2025-10-19 11:49:34'),(3159,112,61,2,'2025-10-19 11:49:34'),(3160,112,65,2,'2025-10-19 11:49:34'),(3161,112,68,2,'2025-10-19 11:49:34'),(3162,112,69,2,'2025-10-19 11:49:34'),(3163,112,77,2,'2025-10-19 11:49:34'),(3164,112,79,2,'2025-10-19 11:49:34'),(3165,112,80,2,'2025-10-19 11:49:34'),(3166,112,81,2,'2025-10-19 11:49:34'),(3167,112,82,2,'2025-10-19 11:49:34'),(3168,112,85,2,'2025-10-19 11:49:34'),(3169,112,87,2,'2025-10-19 11:49:34'),(3170,112,93,2,'2025-10-19 11:49:34'),(3171,112,96,2,'2025-10-19 11:49:34'),(3172,112,100,2,'2025-10-19 11:49:34'),(3173,113,3,2,'2025-10-19 11:49:35'),(3174,113,6,2,'2025-10-19 11:49:35'),(3175,113,7,2,'2025-10-19 11:49:35'),(3176,113,12,2,'2025-10-19 11:49:35'),(3177,113,13,2,'2025-10-19 11:49:35'),(3178,113,14,2,'2025-10-19 11:49:35'),(3179,113,15,2,'2025-10-19 11:49:35'),(3180,113,18,2,'2025-10-19 11:49:35'),(3181,113,22,2,'2025-10-19 11:49:35'),(3182,113,23,2,'2025-10-19 11:49:35'),(3183,113,29,2,'2025-10-19 11:49:35'),(3184,113,30,2,'2025-10-19 11:49:35'),(3185,113,33,2,'2025-10-19 11:49:35'),(3186,113,36,2,'2025-10-19 11:49:35'),(3187,113,37,2,'2025-10-19 11:49:35'),(3188,113,39,2,'2025-10-19 11:49:35'),(3189,113,40,2,'2025-10-19 11:49:35'),(3190,113,41,2,'2025-10-19 11:49:35'),(3191,113,45,2,'2025-10-19 11:49:35'),(3192,113,46,2,'2025-10-19 11:49:35'),(3193,113,50,2,'2025-10-19 11:49:35'),(3194,113,51,2,'2025-10-19 11:49:35'),(3195,113,52,2,'2025-10-19 11:49:35'),(3196,113,55,2,'2025-10-19 11:49:35'),(3197,113,56,2,'2025-10-19 11:49:35'),(3198,113,60,2,'2025-10-19 11:49:35'),(3199,113,62,2,'2025-10-19 11:49:35'),(3200,113,65,2,'2025-10-19 11:49:35'),(3201,113,74,2,'2025-10-19 11:49:35'),(3202,113,76,2,'2025-10-19 11:49:35'),(3203,113,77,2,'2025-10-19 11:49:35'),(3204,113,79,2,'2025-10-19 11:49:35'),(3205,113,81,2,'2025-10-19 11:49:35'),(3206,113,82,2,'2025-10-19 11:49:35'),(3207,113,85,2,'2025-10-19 11:49:35'),(3208,113,87,2,'2025-10-19 11:49:35'),(3209,113,95,2,'2025-10-19 11:49:35'),(3210,113,96,2,'2025-10-19 11:49:35'),(3211,114,3,2,'2025-10-19 11:49:35'),(3212,114,9,2,'2025-10-19 11:49:35'),(3213,114,10,2,'2025-10-19 11:49:35'),(3214,114,13,2,'2025-10-19 11:49:35'),(3215,114,16,2,'2025-10-19 11:49:35'),(3216,114,17,2,'2025-10-19 11:49:35'),(3217,114,23,2,'2025-10-19 11:49:35'),(3218,114,27,2,'2025-10-19 11:49:35'),(3219,114,31,2,'2025-10-19 11:49:35'),(3220,114,33,2,'2025-10-19 11:49:35'),(3221,114,35,2,'2025-10-19 11:49:35'),(3222,114,36,2,'2025-10-19 11:49:35'),(3223,114,37,2,'2025-10-19 11:49:35'),(3224,114,39,2,'2025-10-19 11:49:35'),(3225,114,52,2,'2025-10-19 11:49:35'),(3226,114,54,2,'2025-10-19 11:49:35'),(3227,114,57,2,'2025-10-19 11:49:35'),(3228,114,61,2,'2025-10-19 11:49:35'),(3229,114,62,2,'2025-10-19 11:49:35'),(3230,114,65,2,'2025-10-19 11:49:35'),(3231,114,75,2,'2025-10-19 11:49:35'),(3232,114,78,2,'2025-10-19 11:49:35'),(3233,114,79,2,'2025-10-19 11:49:35'),(3234,114,80,2,'2025-10-19 11:49:35'),(3235,114,82,2,'2025-10-19 11:49:35'),(3236,114,83,2,'2025-10-19 11:49:35'),(3237,114,88,2,'2025-10-19 11:49:35'),(3238,114,90,2,'2025-10-19 11:49:35'),(3239,114,91,2,'2025-10-19 11:49:35'),(3240,114,95,2,'2025-10-19 11:49:35'),(3241,114,100,2,'2025-10-19 11:49:35'),(3242,115,4,2,'2025-10-19 11:49:35'),(3243,115,5,2,'2025-10-19 11:49:35'),(3244,115,11,2,'2025-10-19 11:49:35'),(3245,115,17,2,'2025-10-19 11:49:35'),(3246,115,18,2,'2025-10-19 11:49:35'),(3247,115,21,2,'2025-10-19 11:49:35'),(3248,115,23,2,'2025-10-19 11:49:35'),(3249,115,26,2,'2025-10-19 11:49:35'),(3250,115,29,2,'2025-10-19 11:49:35'),(3251,115,30,2,'2025-10-19 11:49:35'),(3252,115,31,2,'2025-10-19 11:49:35'),(3253,115,34,2,'2025-10-19 11:49:35'),(3254,115,36,2,'2025-10-19 11:49:35'),(3255,115,37,2,'2025-10-19 11:49:35'),(3256,115,39,2,'2025-10-19 11:49:35'),(3257,115,40,2,'2025-10-19 11:49:35'),(3258,115,41,2,'2025-10-19 11:49:35'),(3259,115,42,2,'2025-10-19 11:49:35'),(3260,115,43,2,'2025-10-19 11:49:35'),(3261,115,45,2,'2025-10-19 11:49:35'),(3262,115,52,2,'2025-10-19 11:49:35'),(3263,115,54,2,'2025-10-19 11:49:35'),(3264,115,55,2,'2025-10-19 11:49:35'),(3265,115,56,2,'2025-10-19 11:49:35'),(3266,115,59,2,'2025-10-19 11:49:35'),(3267,115,63,2,'2025-10-19 11:49:35'),(3268,115,67,2,'2025-10-19 11:49:35'),(3269,115,70,2,'2025-10-19 11:49:35'),(3270,115,72,2,'2025-10-19 11:49:35'),(3271,115,74,2,'2025-10-19 11:49:35'),(3272,115,75,2,'2025-10-19 11:49:35'),(3273,115,81,2,'2025-10-19 11:49:35'),(3274,115,82,2,'2025-10-19 11:49:35'),(3275,115,84,2,'2025-10-19 11:49:35'),(3276,115,86,2,'2025-10-19 11:49:35'),(3277,115,87,2,'2025-10-19 11:49:35'),(3278,115,89,2,'2025-10-19 11:49:35'),(3279,115,92,2,'2025-10-19 11:49:35'),(3280,115,96,2,'2025-10-19 11:49:35'),(3281,115,97,2,'2025-10-19 11:49:35'),(3282,115,100,2,'2025-10-19 11:49:35'),(3283,116,2,2,'2025-10-19 11:49:35'),(3284,116,3,2,'2025-10-19 11:49:35'),(3285,116,8,2,'2025-10-19 11:49:35'),(3286,116,15,2,'2025-10-19 11:49:35'),(3287,116,21,2,'2025-10-19 11:49:35'),(3288,116,24,2,'2025-10-19 11:49:35'),(3289,116,26,2,'2025-10-19 11:49:35'),(3290,116,34,2,'2025-10-19 11:49:35'),(3291,116,36,2,'2025-10-19 11:49:35'),(3292,116,37,2,'2025-10-19 11:49:35'),(3293,116,38,2,'2025-10-19 11:49:35'),(3294,116,54,2,'2025-10-19 11:49:35'),(3295,116,57,2,'2025-10-19 11:49:35'),(3296,116,58,2,'2025-10-19 11:49:35'),(3297,116,63,2,'2025-10-19 11:49:35'),(3298,116,64,2,'2025-10-19 11:49:35'),(3299,116,65,2,'2025-10-19 11:49:35'),(3300,116,76,2,'2025-10-19 11:49:35'),(3301,116,77,2,'2025-10-19 11:49:35'),(3302,116,85,2,'2025-10-19 11:49:35'),(3303,116,87,2,'2025-10-19 11:49:35'),(3304,116,88,2,'2025-10-19 11:49:35'),(3305,116,89,2,'2025-10-19 11:49:35'),(3306,116,91,2,'2025-10-19 11:49:35'),(3307,116,92,2,'2025-10-19 11:49:35'),(3308,116,95,2,'2025-10-19 11:49:35'),(3309,116,98,2,'2025-10-19 11:49:35'),(3310,116,100,2,'2025-10-19 11:49:35'),(3311,117,1,2,'2025-10-19 11:49:35'),(3312,117,3,2,'2025-10-19 11:49:35'),(3313,117,4,2,'2025-10-19 11:49:35'),(3314,117,8,2,'2025-10-19 11:49:35'),(3315,117,10,2,'2025-10-19 11:49:35'),(3316,117,11,2,'2025-10-19 11:49:35'),(3317,117,13,2,'2025-10-19 11:49:35'),(3318,117,21,2,'2025-10-19 11:49:35'),(3319,117,22,2,'2025-10-19 11:49:35'),(3320,117,23,2,'2025-10-19 11:49:35'),(3321,117,26,2,'2025-10-19 11:49:35'),(3322,117,28,2,'2025-10-19 11:49:35'),(3323,117,36,2,'2025-10-19 11:49:35'),(3324,117,38,2,'2025-10-19 11:49:35'),(3325,117,39,2,'2025-10-19 11:49:35'),(3326,117,44,2,'2025-10-19 11:49:35'),(3327,117,46,2,'2025-10-19 11:49:35'),(3328,117,48,2,'2025-10-19 11:49:35'),(3329,117,50,2,'2025-10-19 11:49:35'),(3330,117,51,2,'2025-10-19 11:49:35'),(3331,117,54,2,'2025-10-19 11:49:35'),(3332,117,55,2,'2025-10-19 11:49:35'),(3333,117,59,2,'2025-10-19 11:49:35'),(3334,117,61,2,'2025-10-19 11:49:35'),(3335,117,62,2,'2025-10-19 11:49:35'),(3336,117,65,2,'2025-10-19 11:49:35'),(3337,117,66,2,'2025-10-19 11:49:35'),(3338,117,67,2,'2025-10-19 11:49:35'),(3339,117,71,2,'2025-10-19 11:49:35'),(3340,117,72,2,'2025-10-19 11:49:35'),(3341,117,78,2,'2025-10-19 11:49:35'),(3342,117,79,2,'2025-10-19 11:49:35'),(3343,117,80,2,'2025-10-19 11:49:35'),(3344,117,83,2,'2025-10-19 11:49:35'),(3345,117,85,2,'2025-10-19 11:49:35'),(3346,117,89,2,'2025-10-19 11:49:35'),(3347,117,90,2,'2025-10-19 11:49:35'),(3348,117,95,2,'2025-10-19 11:49:35'),(3349,117,97,2,'2025-10-19 11:49:35'),(3350,117,100,2,'2025-10-19 11:49:35'),(3351,118,1,2,'2025-10-19 11:49:35'),(3352,118,3,2,'2025-10-19 11:49:35'),(3353,118,4,2,'2025-10-19 11:49:35'),(3354,118,7,2,'2025-10-19 11:49:35'),(3355,118,10,2,'2025-10-19 11:49:35'),(3356,118,11,2,'2025-10-19 11:49:35'),(3357,118,13,2,'2025-10-19 11:49:35'),(3358,118,16,2,'2025-10-19 11:49:35'),(3359,118,17,2,'2025-10-19 11:49:35'),(3360,118,18,2,'2025-10-19 11:49:35'),(3361,118,19,2,'2025-10-19 11:49:35'),(3362,118,20,2,'2025-10-19 11:49:35'),(3363,118,21,2,'2025-10-19 11:49:35'),(3364,118,26,2,'2025-10-19 11:49:35'),(3365,118,28,2,'2025-10-19 11:49:35'),(3366,118,37,2,'2025-10-19 11:49:35'),(3367,118,38,2,'2025-10-19 11:49:35'),(3368,118,39,2,'2025-10-19 11:49:35'),(3369,118,40,2,'2025-10-19 11:49:35'),(3370,118,42,2,'2025-10-19 11:49:35'),(3371,118,44,2,'2025-10-19 11:49:35'),(3372,118,45,2,'2025-10-19 11:49:35'),(3373,118,49,2,'2025-10-19 11:49:35'),(3374,118,50,2,'2025-10-19 11:49:35'),(3375,118,51,2,'2025-10-19 11:49:35'),(3376,118,52,2,'2025-10-19 11:49:35'),(3377,118,53,2,'2025-10-19 11:49:35'),(3378,118,61,2,'2025-10-19 11:49:35'),(3379,118,62,2,'2025-10-19 11:49:35'),(3380,118,63,2,'2025-10-19 11:49:35'),(3381,118,66,2,'2025-10-19 11:49:35'),(3382,118,69,2,'2025-10-19 11:49:35'),(3383,118,71,2,'2025-10-19 11:49:35'),(3384,118,74,2,'2025-10-19 11:49:35'),(3385,118,75,2,'2025-10-19 11:49:35'),(3386,118,76,2,'2025-10-19 11:49:35'),(3387,118,77,2,'2025-10-19 11:49:35'),(3388,118,81,2,'2025-10-19 11:49:35'),(3389,118,86,2,'2025-10-19 11:49:35'),(3390,118,87,2,'2025-10-19 11:49:35'),(3391,118,88,2,'2025-10-19 11:49:35'),(3392,118,89,2,'2025-10-19 11:49:35'),(3393,118,90,2,'2025-10-19 11:49:35'),(3394,118,91,2,'2025-10-19 11:49:35'),(3395,118,92,2,'2025-10-19 11:49:35'),(3396,118,94,2,'2025-10-19 11:49:35'),(3397,118,95,2,'2025-10-19 11:49:35'),(3398,118,100,2,'2025-10-19 11:49:35'),(3399,119,1,2,'2025-10-19 11:49:35'),(3400,119,3,2,'2025-10-19 11:49:35'),(3401,119,7,2,'2025-10-19 11:49:35'),(3402,119,10,2,'2025-10-19 11:49:35'),(3403,119,15,2,'2025-10-19 11:49:35'),(3404,119,16,2,'2025-10-19 11:49:35'),(3405,119,29,2,'2025-10-19 11:49:35'),(3406,119,31,2,'2025-10-19 11:49:35'),(3407,119,33,2,'2025-10-19 11:49:35'),(3408,119,36,2,'2025-10-19 11:49:35'),(3409,119,47,2,'2025-10-19 11:49:35'),(3410,119,48,2,'2025-10-19 11:49:35'),(3411,119,58,2,'2025-10-19 11:49:35'),(3412,119,62,2,'2025-10-19 11:49:35'),(3413,119,64,2,'2025-10-19 11:49:35'),(3414,119,65,2,'2025-10-19 11:49:35'),(3415,119,66,2,'2025-10-19 11:49:35'),(3416,119,67,2,'2025-10-19 11:49:35'),(3417,119,72,2,'2025-10-19 11:49:35'),(3418,119,75,2,'2025-10-19 11:49:35'),(3419,119,76,2,'2025-10-19 11:49:35'),(3420,119,79,2,'2025-10-19 11:49:35'),(3421,119,80,2,'2025-10-19 11:49:35'),(3422,119,81,2,'2025-10-19 11:49:35'),(3423,119,82,2,'2025-10-19 11:49:35'),(3424,119,89,2,'2025-10-19 11:49:35'),(3425,119,93,2,'2025-10-19 11:49:35'),(3426,119,99,2,'2025-10-19 11:49:35'),(3427,119,100,2,'2025-10-19 11:49:35'),(3428,120,2,2,'2025-10-19 11:49:35'),(3429,120,6,2,'2025-10-19 11:49:35'),(3430,120,8,2,'2025-10-19 11:49:35'),(3431,120,9,2,'2025-10-19 11:49:35'),(3432,120,10,2,'2025-10-19 11:49:35'),(3433,120,11,2,'2025-10-19 11:49:35'),(3434,120,13,2,'2025-10-19 11:49:35'),(3435,120,14,2,'2025-10-19 11:49:35'),(3436,120,16,2,'2025-10-19 11:49:35'),(3437,120,17,2,'2025-10-19 11:49:35'),(3438,120,19,2,'2025-10-19 11:49:35'),(3439,120,20,2,'2025-10-19 11:49:35'),(3440,120,22,2,'2025-10-19 11:49:35'),(3441,120,23,2,'2025-10-19 11:49:35'),(3442,120,27,2,'2025-10-19 11:49:35'),(3443,120,28,2,'2025-10-19 11:49:35'),(3444,120,30,2,'2025-10-19 11:49:35'),(3445,120,32,2,'2025-10-19 11:49:35'),(3446,120,35,2,'2025-10-19 11:49:35'),(3447,120,37,2,'2025-10-19 11:49:35'),(3448,120,39,2,'2025-10-19 11:49:35'),(3449,120,41,2,'2025-10-19 11:49:35'),(3450,120,42,2,'2025-10-19 11:49:35'),(3451,120,43,2,'2025-10-19 11:49:35'),(3452,120,45,2,'2025-10-19 11:49:35'),(3453,120,48,2,'2025-10-19 11:49:35'),(3454,120,50,2,'2025-10-19 11:49:35'),(3455,120,55,2,'2025-10-19 11:49:35'),(3456,120,57,2,'2025-10-19 11:49:35'),(3457,120,59,2,'2025-10-19 11:49:35'),(3458,120,61,2,'2025-10-19 11:49:35'),(3459,120,63,2,'2025-10-19 11:49:35'),(3460,120,67,2,'2025-10-19 11:49:35'),(3461,120,69,2,'2025-10-19 11:49:35'),(3462,120,72,2,'2025-10-19 11:49:35'),(3463,120,75,2,'2025-10-19 11:49:35'),(3464,120,76,2,'2025-10-19 11:49:35'),(3465,120,77,2,'2025-10-19 11:49:35'),(3466,120,80,2,'2025-10-19 11:49:35'),(3467,120,81,2,'2025-10-19 11:49:35'),(3468,120,83,2,'2025-10-19 11:49:35'),(3469,120,87,2,'2025-10-19 11:49:35'),(3470,120,90,2,'2025-10-19 11:49:35'),(3471,120,91,2,'2025-10-19 11:49:35'),(3472,120,95,2,'2025-10-19 11:49:35'),(3473,120,96,2,'2025-10-19 11:49:35'),(3474,120,99,2,'2025-10-19 11:49:36'),(3475,121,5,2,'2025-10-19 11:49:36'),(3476,121,8,2,'2025-10-19 11:49:36'),(3477,121,9,2,'2025-10-19 11:49:36'),(3478,121,12,2,'2025-10-19 11:49:36'),(3479,121,14,2,'2025-10-19 11:49:36'),(3480,121,15,2,'2025-10-19 11:49:36'),(3481,121,21,2,'2025-10-19 11:49:36'),(3482,121,24,2,'2025-10-19 11:49:36'),(3483,121,26,2,'2025-10-19 11:49:36'),(3484,121,28,2,'2025-10-19 11:49:36'),(3485,121,32,2,'2025-10-19 11:49:36'),(3486,121,33,2,'2025-10-19 11:49:36'),(3487,121,39,2,'2025-10-19 11:49:36'),(3488,121,40,2,'2025-10-19 11:49:36'),(3489,121,45,2,'2025-10-19 11:49:36'),(3490,121,47,2,'2025-10-19 11:49:36'),(3491,121,48,2,'2025-10-19 11:49:36'),(3492,121,49,2,'2025-10-19 11:49:36'),(3493,121,53,2,'2025-10-19 11:49:36'),(3494,121,54,2,'2025-10-19 11:49:36'),(3495,121,55,2,'2025-10-19 11:49:36'),(3496,121,60,2,'2025-10-19 11:49:36'),(3497,121,62,2,'2025-10-19 11:49:36'),(3498,121,63,2,'2025-10-19 11:49:36'),(3499,121,65,2,'2025-10-19 11:49:36'),(3500,121,66,2,'2025-10-19 11:49:36'),(3501,121,71,2,'2025-10-19 11:49:36'),(3502,121,76,2,'2025-10-19 11:49:36'),(3503,121,77,2,'2025-10-19 11:49:36'),(3504,121,81,2,'2025-10-19 11:49:36'),(3505,121,82,2,'2025-10-19 11:49:36'),(3506,121,86,2,'2025-10-19 11:49:36'),(3507,121,88,2,'2025-10-19 11:49:36'),(3508,121,89,2,'2025-10-19 11:49:36'),(3509,121,92,2,'2025-10-19 11:49:36');
/*!40000 ALTER TABLE `product_views` ENABLE KEYS */;
UNLOCK TABLES;

--
-- Table structure for table `products`
--

DROP TABLE IF EXISTS `products`;
/*!40101 SET @saved_cs_client     = @@character_set_client */;
/*!50503 SET character_set_client = utf8mb4 */;
CREATE TABLE `products` (
  `product_id` bigint(20) unsigned NOT NULL AUTO_INCREMENT,
  `shop_id` bigint(20) unsigned DEFAULT NULL,
  `name` longtext CHARACTER SET utf8mb4 COLLATE utf8mb4_bin NOT NULL CHECK (json_valid(`name`)),
  `sku` varchar(100) DEFAULT NULL,
  `description` longtext CHARACTER SET utf8mb4 COLLATE utf8mb4_bin DEFAULT NULL CHECK (json_valid(`description`)),
  `category_id` bigint(20) unsigned NOT NULL,
  `brand_id` bigint(20) unsigned DEFAULT NULL,
  `seller_id` bigint(20) unsigned NOT NULL,
  `status` enum('draft','pending_approval','published','hidden') NOT NULL DEFAULT 'draft' COMMENT 'Product status using ENUM values',
  `is_active` tinyint(1) NOT NULL DEFAULT 1,
  `created_at` timestamp NULL DEFAULT NULL,
  `updated_at` timestamp NULL DEFAULT NULL,
  `deleted_at` timestamp NULL DEFAULT NULL,
  PRIMARY KEY (`product_id`),
  KEY `products_category_id_foreign` (`category_id`),
  KEY `products_brand_id_foreign` (`brand_id`),
  KEY `products_seller_id_foreign` (`seller_id`),
  KEY `products_shop_id_is_active_created_at_index` (`shop_id`,`is_active`,`created_at`),
  CONSTRAINT `products_brand_id_foreign` FOREIGN KEY (`brand_id`) REFERENCES `brands` (`brand_id`) ON DELETE SET NULL,
  CONSTRAINT `products_category_id_foreign` FOREIGN KEY (`category_id`) REFERENCES `categories` (`category_id`),
  CONSTRAINT `products_seller_id_foreign` FOREIGN KEY (`seller_id`) REFERENCES `users` (`id`) ON DELETE CASCADE,
  CONSTRAINT `products_shop_id_foreign` FOREIGN KEY (`shop_id`) REFERENCES `shops` (`id`) ON DELETE CASCADE
) ENGINE=InnoDB AUTO_INCREMENT=101 DEFAULT CHARSET=utf8mb4 COLLATE=utf8mb4_unicode_ci;
/*!40101 SET character_set_client = @saved_cs_client */;

--
-- Dumping data for table `products`
--

LOCK TABLES `products` WRITE;
/*!40000 ALTER TABLE `products` DISABLE KEYS */;
INSERT INTO `products` VALUES (1,NULL,'{\"en\":\"et autem\",\"vi\":\"Váy đầm hiện đại\"}',NULL,'{\"en\":\"Sunt voluptatem quas totam enim eos aliquid quia sint. Voluptas repellendus enim laborum itaque culpa. Deleniti cum consequatur repellat harum sequi quibusdam.\",\"vi\":\"Sản phẩm chất lượng cao, được thiết kế với phong cách hiện đại và tiện dụng.\"}',16,2,20,'draft',1,'2025-10-19 11:49:17','2025-10-19 11:49:17',NULL),(2,NULL,'{\"en\":\"veniam delectus\",\"vi\":\"Đồng hồ chất lượng\"}',NULL,'{\"en\":\"Vel sint excepturi culpa aliquid nulla. Ullam possimus id eum vitae est consectetur repellendus. Libero nemo et aut enim sit. Quasi atque blanditiis repellat accusamus quis ut.\",\"vi\":\"Sản phẩm được kiểm tra chất lượng nghiêm ngặt trước khi đến tay khách hàng.\"}',14,4,3,'draft',1,'2025-10-19 11:49:17','2025-10-19 11:49:17',NULL),(3,NULL,'{\"en\":\"ipsa possimus\",\"vi\":\"Máy tính cao cấp\"}',NULL,'{\"en\":\"Libero qui sed explicabo totam. Deleniti temporibus qui earum sit non nesciunt. Eius placeat temporibus et minus odio temporibus quis.\",\"vi\":\"Phù hợp cho mọi lứa tuổi, mang lại sự thoải mái và phong cách.\"}',26,11,10,'pending_approval',1,'2025-10-19 11:49:17','2025-10-19 11:49:17',NULL),(4,NULL,'{\"en\":\"consequatur aliquam\",\"vi\":\"Áo len chất lượng\"}',NULL,'{\"en\":\"Rem quis eligendi doloremque sequi. Sunt eos nihil asperiores sint enim praesentium tempore.\",\"vi\":\"Phù hợp cho mọi lứa tuổi, mang lại sự thoải mái và phong cách.\"}',20,1,19,'published',1,'2025-10-19 11:49:17','2025-10-19 11:49:17',NULL),(5,NULL,'{\"en\":\"animi commodi\",\"vi\":\"Kính mát tiện dụng\"}',NULL,'{\"en\":\"In magni et ratione reprehenderit. Minima quod sint saepe consequatur tenetur eum unde. Et occaecati maxime et et rem quo sit. Sint pariatur delectus sit reiciendis.\",\"vi\":\"Thiết kế độc đáo, màu sắc đa dạng, phù hợp với xu hướng thời trang.\"}',25,15,8,'draft',1,'2025-10-19 11:49:17','2025-10-19 11:49:17',NULL),(6,NULL,'{\"en\":\"quisquam ut\",\"vi\":\"Áo khoác cao cấp\"}',NULL,'{\"en\":\"Est fuga aut aut. Incidunt modi molestiae tempore alias. Nam in et optio fugiat. In natus accusamus debitis non.\",\"vi\":\"Sản phẩm chất lượng cao, được thiết kế với phong cách hiện đại và tiện dụng.\"}',21,17,15,'draft',1,'2025-10-19 11:49:17','2025-10-19 11:49:17',NULL),(7,NULL,'{\"en\":\"non voluptatem\",\"vi\":\"Quần jeans sang trọng\"}',NULL,'{\"en\":\"Laboriosam omnis vel facere iste. Voluptatem vel assumenda tempora exercitationem itaque accusantium soluta. Sit est fugiat est eligendi incidunt vero. Sunt id quis ea quaerat ut.\",\"vi\":\"Sản phẩm được kiểm tra chất lượng nghiêm ngặt trước khi đến tay khách hàng.\"}',10,18,20,'pending_approval',1,'2025-10-19 11:49:17','2025-10-19 11:49:17',NULL),(8,NULL,'{\"en\":\"molestias laborum\",\"vi\":\"Giày thể thao cao cấp\"}',NULL,'{\"en\":\"Molestiae ut et et. Exercitationem quae libero ab sit. Impedit error omnis commodi quasi. Facilis blanditiis voluptatum natus illo.\",\"vi\":\"Sản phẩm được kiểm tra chất lượng nghiêm ngặt trước khi đến tay khách hàng.\"}',3,22,12,'draft',1,'2025-10-19 11:49:17','2025-10-19 11:49:17',NULL),(9,NULL,'{\"en\":\"ipsam et\",\"vi\":\"Đồng hồ cao cấp\"}',NULL,'{\"en\":\"Modi libero maxime ut est laboriosam. Iste eos voluptates sequi quos reiciendis suscipit. Omnis et corporis ut dolore eos incidunt rem pariatur. Minima non id ducimus et rerum ea officia.\",\"vi\":\"Phù hợp cho mọi lứa tuổi, mang lại sự thoải mái và phong cách.\"}',8,19,3,'pending_approval',1,'2025-10-19 11:49:17','2025-10-19 11:49:17',NULL),(10,NULL,'{\"en\":\"eum suscipit\",\"vi\":\"Ví da thời trang\"}',NULL,'{\"en\":\"Non fugit aspernatur illo voluptas quidem autem. Id odio eum hic. Consequuntur aperiam error doloremque sed. Voluptatem dolorum recusandae corrupti provident incidunt.\",\"vi\":\"Được làm từ chất liệu cao cấp, đảm bảo độ bền và tính thẩm mỹ.\"}',16,13,12,'draft',1,'2025-10-19 11:49:17','2025-10-19 11:49:17',NULL),(11,NULL,'{\"en\":\"aut molestiae\",\"vi\":\"Áo khoác thời trang\"}',NULL,'{\"en\":\"Possimus repellendus laborum saepe praesentium illum quod rerum nihil. Porro omnis non dolor blanditiis consequatur qui. Laboriosam quis culpa consectetur ut et est cumque.\",\"vi\":\"Phù hợp cho mọi lứa tuổi, mang lại sự thoải mái và phong cách.\"}',11,16,2,'pending_approval',1,'2025-10-19 11:49:17','2025-10-19 11:49:17',NULL),(12,NULL,'{\"en\":\"placeat rerum\",\"vi\":\"Giày thể thao chất lượng\"}',NULL,'{\"en\":\"Expedita ut fuga aperiam quisquam. Quod odio repellendus neque. Voluptates mollitia accusamus reprehenderit quod amet nostrum dolore. Eos saepe dolores dolores omnis.\",\"vi\":\"Thiết kế độc đáo, màu sắc đa dạng, phù hợp với xu hướng thời trang.\"}',2,16,15,'published',1,'2025-10-19 11:49:17','2025-10-19 11:49:17',NULL),(13,NULL,'{\"en\":\"aperiam dolores\",\"vi\":\"Váy đầm sang trọng\"}',NULL,'{\"en\":\"Modi repudiandae quis in dicta aut placeat dolorem. Aut aperiam rerum est nihil itaque. Earum minus a perferendis et. Dolores autem eius iste consequatur quia ab. Dolore voluptatem dolor vitae quam quia ut quisquam.\",\"vi\":\"Phù hợp cho mọi lứa tuổi, mang lại sự thoải mái và phong cách.\"}',10,13,14,'published',1,'2025-10-19 11:49:17','2025-10-19 11:49:17',NULL),(14,NULL,'{\"en\":\"vel sit\",\"vi\":\"Áo khoác chất lượng\"}',NULL,'{\"en\":\"Enim ab enim doloremque ut. Vero iste laudantium velit reiciendis dolorem. Quod eligendi quod possimus illum iure. Blanditiis ut dolor animi.\",\"vi\":\"Phù hợp cho mọi lứa tuổi, mang lại sự thoải mái và phong cách.\"}',14,9,7,'pending_approval',1,'2025-10-19 11:49:17','2025-10-19 11:49:17',NULL),(15,NULL,'{\"en\":\"qui aspernatur\",\"vi\":\"Váy đầm hiện đại\"}',NULL,'{\"en\":\"Et inventore corporis laudantium temporibus dignissimos explicabo. Doloremque facilis quas est sed sequi. Facilis consequuntur ipsam maiores doloremque quisquam quia. Saepe rerum vero fugiat aut rerum soluta.\",\"vi\":\"Được làm từ chất liệu cao cấp, đảm bảo độ bền và tính thẩm mỹ.\"}',4,9,19,'pending_approval',1,'2025-10-19 11:49:17','2025-10-19 11:49:17',NULL),(16,NULL,'{\"en\":\"porro eveniet\",\"vi\":\"Váy đầm tiện dụng\"}',NULL,'{\"en\":\"Voluptatum est quia aut fuga. Ipsam ipsum temporibus ullam at maiores ut id ullam. Commodi in necessitatibus velit ex. Aut minima nobis voluptatem autem et.\",\"vi\":\"Thiết kế độc đáo, màu sắc đa dạng, phù hợp với xu hướng thời trang.\"}',12,12,13,'pending_approval',1,'2025-10-19 11:49:17','2025-10-19 11:49:17',NULL),(17,NULL,'{\"en\":\"id sunt\",\"vi\":\"Kính mát tiện dụng\"}',NULL,'{\"en\":\"Dolorem aperiam numquam culpa est nihil. Laudantium laboriosam occaecati ullam commodi sunt explicabo. Distinctio dicta voluptate eum porro.\",\"vi\":\"Được làm từ chất liệu cao cấp, đảm bảo độ bền và tính thẩm mỹ.\"}',24,2,3,'published',1,'2025-10-19 11:49:17','2025-10-19 11:49:17',NULL),(18,NULL,'{\"en\":\"nisi vero\",\"vi\":\"Ví da sang trọng\"}',NULL,'{\"en\":\"Tempore et sit nihil dolor explicabo et dolor. Harum animi sint sed cupiditate quibusdam laboriosam est explicabo. Quia qui ut sed incidunt. Voluptatum occaecati quia nisi esse voluptatibus voluptatem officiis quisquam.\",\"vi\":\"Sản phẩm chất lượng cao, được thiết kế với phong cách hiện đại và tiện dụng.\"}',4,21,3,'draft',1,'2025-10-19 11:49:17','2025-10-19 11:49:17',NULL),(19,NULL,'{\"en\":\"est architecto\",\"vi\":\"Váy đầm cao cấp\"}',NULL,'{\"en\":\"Est autem quasi non. Tempora numquam qui qui magni ipsam ut perspiciatis. Aut consequatur dolorum omnis praesentium quos voluptatum.\",\"vi\":\"Sản phẩm được kiểm tra chất lượng nghiêm ngặt trước khi đến tay khách hàng.\"}',25,13,18,'published',1,'2025-10-19 11:49:17','2025-10-19 11:49:17',NULL),(20,NULL,'{\"en\":\"soluta et\",\"vi\":\"Máy tính cao cấp\"}',NULL,'{\"en\":\"Accusantium reiciendis non vitae qui veniam. Explicabo sit eius explicabo consectetur minima et sapiente. Id ab asperiores sed non.\",\"vi\":\"Phù hợp cho mọi lứa tuổi, mang lại sự thoải mái và phong cách.\"}',2,7,15,'pending_approval',1,'2025-10-19 11:49:17','2025-10-19 11:49:17',NULL),(21,NULL,'{\"en\":\"occaecati pariatur\",\"vi\":\"Ví da sang trọng\"}',NULL,'{\"en\":\"Est est iusto qui est dolores. Consequatur aspernatur maxime ad suscipit. Reprehenderit alias vel nihil aut aperiam modi voluptatem.\",\"vi\":\"Thiết kế độc đáo, màu sắc đa dạng, phù hợp với xu hướng thời trang.\"}',2,2,15,'published',1,'2025-10-19 11:49:17','2025-10-19 11:49:17',NULL),(22,NULL,'{\"en\":\"culpa sed\",\"vi\":\"Áo len sang trọng\"}',NULL,'{\"en\":\"Ea aliquid repellendus hic et eum beatae. Rerum accusamus distinctio non earum quod. Voluptate in qui aliquid recusandae. Iusto praesentium veniam deserunt ipsam.\",\"vi\":\"Thiết kế độc đáo, màu sắc đa dạng, phù hợp với xu hướng thời trang.\"}',22,8,7,'pending_approval',1,'2025-10-19 11:49:17','2025-10-19 11:49:17',NULL),(23,NULL,'{\"en\":\"quo possimus\",\"vi\":\"Tai nghe chất lượng\"}',NULL,'{\"en\":\"Dolorem et ea dicta nihil ipsam quia. Incidunt est eum exercitationem consequatur. Eligendi non accusamus tenetur error.\",\"vi\":\"Thiết kế độc đáo, màu sắc đa dạng, phù hợp với xu hướng thời trang.\"}',8,19,13,'draft',1,'2025-10-19 11:49:17','2025-10-19 11:49:17',NULL),(24,NULL,'{\"en\":\"tempora sed\",\"vi\":\"Máy tính sang trọng\"}',NULL,'{\"en\":\"Quia architecto necessitatibus at vel asperiores quaerat. Aperiam dignissimos qui odit atque nostrum aut. Dicta temporibus cum a vel voluptas. In consequuntur occaecati expedita enim tempora laboriosam.\",\"vi\":\"Phù hợp cho mọi lứa tuổi, mang lại sự thoải mái và phong cách.\"}',17,14,6,'draft',1,'2025-10-19 11:49:17','2025-10-19 11:49:17',NULL),(25,NULL,'{\"en\":\"consequatur quia\",\"vi\":\"Áo sơ mi thời trang\"}',NULL,'{\"en\":\"Repellat adipisci reprehenderit suscipit. Facilis ratione autem minima animi eos nihil qui. Quia sit est adipisci aut enim voluptas et. Asperiores eaque eum at et. Eius consequatur necessitatibus ut ab accusamus aut consequatur.\",\"vi\":\"Thiết kế độc đáo, màu sắc đa dạng, phù hợp với xu hướng thời trang.\"}',25,2,6,'draft',1,'2025-10-19 11:49:17','2025-10-19 11:49:17',NULL),(26,NULL,'{\"en\":\"modi soluta\",\"vi\":\"Giày boot sang trọng\"}',NULL,'{\"en\":\"Velit commodi sit eum neque laboriosam est numquam. Illum quibusdam sapiente nisi molestiae voluptatem. Qui provident et dicta blanditiis. Itaque cupiditate repudiandae ex libero deserunt.\",\"vi\":\"Thiết kế độc đáo, màu sắc đa dạng, phù hợp với xu hướng thời trang.\"}',10,9,7,'draft',1,'2025-10-19 11:49:17','2025-10-19 11:49:17',NULL),(27,NULL,'{\"en\":\"minima pariatur\",\"vi\":\"Áo khoác hiện đại\"}',NULL,'{\"en\":\"Facilis minus consequatur sint enim doloribus eum neque. Rerum maxime dolorum temporibus ex id est esse. Perspiciatis assumenda unde non.\",\"vi\":\"Thiết kế độc đáo, màu sắc đa dạng, phù hợp với xu hướng thời trang.\"}',3,21,8,'draft',1,'2025-10-19 11:49:17','2025-10-19 11:49:17',NULL),(28,NULL,'{\"en\":\"fugit id\",\"vi\":\"Kính mát cao cấp\"}',NULL,'{\"en\":\"Nulla sed ut natus sint facere eaque. A qui quas repellendus repellat ullam itaque rerum. Suscipit iure sed pariatur aut asperiores. Sequi magnam nisi porro.\",\"vi\":\"Thiết kế độc đáo, màu sắc đa dạng, phù hợp với xu hướng thời trang.\"}',14,5,11,'published',1,'2025-10-19 11:49:17','2025-10-19 11:49:17',NULL),(29,NULL,'{\"en\":\"autem natus\",\"vi\":\"Túi xách chất lượng\"}',NULL,'{\"en\":\"Accusantium excepturi a id saepe. Libero quae molestiae unde ipsam sunt et vitae.\",\"vi\":\"Sản phẩm được kiểm tra chất lượng nghiêm ngặt trước khi đến tay khách hàng.\"}',20,2,11,'draft',1,'2025-10-19 11:49:17','2025-10-19 11:49:17',NULL),(30,NULL,'{\"en\":\"aut eos\",\"vi\":\"Túi xách cao cấp\"}',NULL,'{\"en\":\"Tempore et perferendis sapiente vel voluptatem voluptatem. Beatae qui unde nihil quod velit dolores modi. Similique quo distinctio quis quibusdam animi placeat.\",\"vi\":\"Thiết kế độc đáo, màu sắc đa dạng, phù hợp với xu hướng thời trang.\"}',16,16,12,'published',1,'2025-10-19 11:49:17','2025-10-19 11:49:17',NULL),(31,NULL,'{\"en\":\"nostrum quia\",\"vi\":\"Túi xách sang trọng\"}',NULL,'{\"en\":\"Reprehenderit laboriosam rerum asperiores suscipit non. Magnam vitae voluptatibus ipsam voluptatem molestiae. Reiciendis doloremque doloremque harum veritatis consectetur libero magni asperiores. Quae nemo suscipit ipsam eum velit.\",\"vi\":\"Sản phẩm chất lượng cao, được thiết kế với phong cách hiện đại và tiện dụng.\"}',10,2,20,'draft',1,'2025-10-19 11:49:17','2025-10-19 11:49:17',NULL),(32,NULL,'{\"en\":\"velit deserunt\",\"vi\":\"Áo len cao cấp\"}',NULL,'{\"en\":\"Earum ab est unde adipisci quisquam. Itaque maiores molestiae voluptatibus temporibus rerum. Doloremque doloremque et quos est maiores eos.\",\"vi\":\"Thiết kế độc đáo, màu sắc đa dạng, phù hợp với xu hướng thời trang.\"}',9,17,8,'draft',1,'2025-10-19 11:49:17','2025-10-19 11:49:17',NULL),(33,NULL,'{\"en\":\"omnis deserunt\",\"vi\":\"Áo khoác tiện dụng\"}',NULL,'{\"en\":\"Adipisci in dolorum repudiandae. Quis deleniti quia ea perferendis et voluptatibus in. Cupiditate sequi dolor quo tenetur quisquam vitae.\",\"vi\":\"Sản phẩm được kiểm tra chất lượng nghiêm ngặt trước khi đến tay khách hàng.\"}',15,22,5,'published',1,'2025-10-19 11:49:17','2025-10-19 11:49:17',NULL),(34,NULL,'{\"en\":\"sit dolores\",\"vi\":\"Áo len cao cấp\"}',NULL,'{\"en\":\"Distinctio aut dignissimos sint est quo hic quisquam. Repudiandae dolorum aut eligendi quidem est vel. Amet odio omnis distinctio ex alias.\",\"vi\":\"Được làm từ chất liệu cao cấp, đảm bảo độ bền và tính thẩm mỹ.\"}',22,2,7,'published',1,'2025-10-19 11:49:17','2025-10-19 11:49:17',NULL),(35,NULL,'{\"en\":\"maxime est\",\"vi\":\"Điện thoại tiện dụng\"}',NULL,'{\"en\":\"Dolores ut quas quia rerum aut inventore fugiat quidem. Voluptas molestiae similique ut maxime tempora est. Quaerat consectetur qui sunt sunt doloremque sed. Nostrum debitis rerum officiis animi eum dolores ullam.\",\"vi\":\"Sản phẩm chất lượng cao, được thiết kế với phong cách hiện đại và tiện dụng.\"}',14,10,17,'published',1,'2025-10-19 11:49:17','2025-10-19 11:49:17',NULL),(36,NULL,'{\"en\":\"esse commodi\",\"vi\":\"Áo len sang trọng\"}',NULL,'{\"en\":\"Illum ut et deserunt veniam tempore ut. Illo sunt aut quisquam distinctio amet id nisi. Quisquam voluptas rem explicabo tempore.\",\"vi\":\"Phù hợp cho mọi lứa tuổi, mang lại sự thoải mái và phong cách.\"}',12,20,11,'pending_approval',1,'2025-10-19 11:49:17','2025-10-19 11:49:17',NULL),(37,NULL,'{\"en\":\"tempora eveniet\",\"vi\":\"Giày boot cao cấp\"}',NULL,'{\"en\":\"Quia quia in nesciunt doloremque vitae. Voluptate quia ut numquam amet.\",\"vi\":\"Sản phẩm chất lượng cao, được thiết kế với phong cách hiện đại và tiện dụng.\"}',4,13,20,'pending_approval',1,'2025-10-19 11:49:17','2025-10-19 11:49:17',NULL),(38,NULL,'{\"en\":\"quo fuga\",\"vi\":\"Giày boot hiện đại\"}',NULL,'{\"en\":\"Dolor magnam qui beatae sapiente ipsum molestiae deserunt. Quia nesciunt facere voluptas quia. Unde dolorem eos labore omnis quam quia facilis sit. Autem est quia iste necessitatibus.\",\"vi\":\"Sản phẩm được kiểm tra chất lượng nghiêm ngặt trước khi đến tay khách hàng.\"}',3,22,17,'pending_approval',1,'2025-10-19 11:49:17','2025-10-19 11:49:17',NULL),(39,NULL,'{\"en\":\"voluptatibus fuga\",\"vi\":\"Giày boot thời trang\"}',NULL,'{\"en\":\"Quibusdam quam ipsum deleniti quis cupiditate. Nulla beatae maxime fugit dolor quos. Autem sunt expedita magni eum nihil aut.\",\"vi\":\"Sản phẩm được kiểm tra chất lượng nghiêm ngặt trước khi đến tay khách hàng.\"}',24,20,10,'published',1,'2025-10-19 11:49:17','2025-10-19 11:49:17',NULL),(40,NULL,'{\"en\":\"in et\",\"vi\":\"Ví da tiện dụng\"}',NULL,'{\"en\":\"Excepturi soluta ex unde ipsam quia aliquid assumenda quia. Vel quam doloribus quia perspiciatis sunt laudantium quis. Quo ad sed vitae dignissimos labore numquam alias. Fuga enim pariatur explicabo quaerat et possimus ullam.\",\"vi\":\"Phù hợp cho mọi lứa tuổi, mang lại sự thoải mái và phong cách.\"}',21,11,2,'published',1,'2025-10-19 11:49:17','2025-10-19 11:49:17',NULL),(41,NULL,'{\"en\":\"quisquam a\",\"vi\":\"Quần jeans hiện đại\"}',NULL,'{\"en\":\"Dolorem et ut est. Velit perspiciatis nobis ullam ut sed. Doloribus aut impedit voluptas ut enim. Minima modi ipsum aliquid consequatur quidem consequuntur.\",\"vi\":\"Được làm từ chất liệu cao cấp, đảm bảo độ bền và tính thẩm mỹ.\"}',4,4,4,'draft',1,'2025-10-19 11:49:17','2025-10-19 11:49:17',NULL),(42,NULL,'{\"en\":\"voluptatem nesciunt\",\"vi\":\"Ví da hiện đại\"}',NULL,'{\"en\":\"Et ullam a atque. Voluptas exercitationem atque molestias rem. Sed molestiae eum similique. Minima deserunt reiciendis iure et quo deserunt.\",\"vi\":\"Phù hợp cho mọi lứa tuổi, mang lại sự thoải mái và phong cách.\"}',9,12,8,'draft',1,'2025-10-19 11:49:17','2025-10-19 11:49:17',NULL),(43,NULL,'{\"en\":\"dolorem ipsum\",\"vi\":\"Quần jeans thời trang\"}',NULL,'{\"en\":\"Optio voluptas nemo eos magni voluptas. Quis quia delectus dolorem expedita eligendi consequuntur iusto. Eum minus corrupti assumenda quod tempora vel corporis. Voluptas architecto aut commodi dolores. At nemo porro aliquam accusantium enim natus.\",\"vi\":\"Thiết kế độc đáo, màu sắc đa dạng, phù hợp với xu hướng thời trang.\"}',21,2,7,'published',1,'2025-10-19 11:49:17','2025-10-19 11:49:17',NULL),(44,NULL,'{\"en\":\"aut est\",\"vi\":\"Ví da chất lượng\"}',NULL,'{\"en\":\"Earum quaerat nam pariatur quibusdam. Nam quos ullam est in. Quod et repellat odit molestiae quia ea. Aut sed quasi itaque eos aspernatur velit asperiores.\",\"vi\":\"Phù hợp cho mọi lứa tuổi, mang lại sự thoải mái và phong cách.\"}',26,7,2,'draft',1,'2025-10-19 11:49:17','2025-10-19 11:49:17',NULL),(45,NULL,'{\"en\":\"accusamus vel\",\"vi\":\"Quần jeans hiện đại\"}',NULL,'{\"en\":\"Reprehenderit et sunt ex est omnis ea odit. Neque eum placeat doloremque qui nulla minus eveniet consectetur. Nulla quod voluptatem corporis distinctio autem perspiciatis quia. Recusandae sunt iusto maiores aut quisquam ratione.\",\"vi\":\"Được làm từ chất liệu cao cấp, đảm bảo độ bền và tính thẩm mỹ.\"}',3,3,14,'published',1,'2025-10-19 11:49:17','2025-10-19 11:49:17',NULL),(46,NULL,'{\"en\":\"aut aut\",\"vi\":\"Balo tiện dụng\"}',NULL,'{\"en\":\"Consectetur culpa reiciendis illo dolores. Excepturi et officia tempore quis deserunt earum. Id quo sit facilis sapiente et.\",\"vi\":\"Thiết kế độc đáo, màu sắc đa dạng, phù hợp với xu hướng thời trang.\"}',16,15,3,'published',1,'2025-10-19 11:49:17','2025-10-19 11:49:17',NULL),(47,NULL,'{\"en\":\"quod quos\",\"vi\":\"Đồng hồ hiện đại\"}',NULL,'{\"en\":\"Culpa voluptatem dolor rerum tempora et. Mollitia quam reiciendis placeat ex autem. Voluptas consequuntur eum ipsa et doloribus non est. Aut soluta in omnis quos.\",\"vi\":\"Phù hợp cho mọi lứa tuổi, mang lại sự thoải mái và phong cách.\"}',17,22,13,'pending_approval',1,'2025-10-19 11:49:17','2025-10-19 11:49:17',NULL),(48,NULL,'{\"en\":\"libero velit\",\"vi\":\"Túi xách thời trang\"}',NULL,'{\"en\":\"Deleniti iste eum officiis velit placeat nisi sit earum. Nobis iure architecto provident quos ipsum facilis beatae quas. Corrupti minima ut laudantium cupiditate quia recusandae. Quaerat fugiat saepe assumenda debitis quod blanditiis omnis architecto.\",\"vi\":\"Sản phẩm chất lượng cao, được thiết kế với phong cách hiện đại và tiện dụng.\"}',16,10,20,'draft',1,'2025-10-19 11:49:17','2025-10-19 11:49:17',NULL),(49,NULL,'{\"en\":\"et dolorem\",\"vi\":\"Áo sơ mi cao cấp\"}',NULL,'{\"en\":\"Id et rerum sunt expedita aut blanditiis. Natus facere minima porro tempora. Similique consequatur provident aperiam porro voluptate.\",\"vi\":\"Sản phẩm chất lượng cao, được thiết kế với phong cách hiện đại và tiện dụng.\"}',2,1,7,'published',1,'2025-10-19 11:49:17','2025-10-19 11:49:17',NULL),(50,NULL,'{\"en\":\"cupiditate at\",\"vi\":\"Đồng hồ chất lượng\"}',NULL,'{\"en\":\"Nihil dolorum sed consequatur et omnis illum. Eligendi enim dolore in beatae eum. Ut illo voluptas voluptas id incidunt officiis. Officia corporis aspernatur excepturi ea eos excepturi.\",\"vi\":\"Được làm từ chất liệu cao cấp, đảm bảo độ bền và tính thẩm mỹ.\"}',25,20,10,'published',1,'2025-10-19 11:49:17','2025-10-19 11:49:17',NULL),(51,NULL,'{\"en\":\"recusandae et\",\"vi\":\"Tai nghe tiện dụng\"}',NULL,'{\"en\":\"Magni dignissimos assumenda earum cupiditate. Veritatis cum eum corporis a ea quo.\",\"vi\":\"Phù hợp cho mọi lứa tuổi, mang lại sự thoải mái và phong cách.\"}',5,10,6,'published',1,'2025-10-19 11:49:17','2025-10-19 11:49:17',NULL),(52,NULL,'{\"en\":\"maxime et\",\"vi\":\"Áo khoác tiện dụng\"}',NULL,'{\"en\":\"Architecto beatae dolorem mollitia. Repellendus magni recusandae beatae quaerat qui inventore. Voluptates voluptatem voluptatibus totam iste ullam et labore. Quas nemo saepe quos libero.\",\"vi\":\"Sản phẩm được kiểm tra chất lượng nghiêm ngặt trước khi đến tay khách hàng.\"}',14,6,2,'pending_approval',1,'2025-10-19 11:49:17','2025-10-19 11:49:17',NULL),(53,NULL,'{\"en\":\"dolorum veniam\",\"vi\":\"Váy đầm thời trang\"}',NULL,'{\"en\":\"Rerum consequatur perferendis quis delectus dolorem non. Modi aliquam commodi et ex ab. Nostrum iste delectus provident quos nihil laudantium nemo.\",\"vi\":\"Được làm từ chất liệu cao cấp, đảm bảo độ bền và tính thẩm mỹ.\"}',19,4,2,'pending_approval',1,'2025-10-19 11:49:17','2025-10-19 11:49:17',NULL),(54,NULL,'{\"en\":\"vitae error\",\"vi\":\"Máy tính chất lượng\"}',NULL,'{\"en\":\"Cum et sed aut aliquam. In hic accusamus sint consequatur earum eligendi voluptates est. Cupiditate blanditiis nisi nisi id et et.\",\"vi\":\"Được làm từ chất liệu cao cấp, đảm bảo độ bền và tính thẩm mỹ.\"}',21,5,15,'pending_approval',1,'2025-10-19 11:49:17','2025-10-19 11:49:17',NULL),(55,NULL,'{\"en\":\"quo expedita\",\"vi\":\"Áo khoác thời trang\"}',NULL,'{\"en\":\"Aut corrupti omnis consequuntur aliquid. Voluptate ut rerum fugit ut omnis quia in.\",\"vi\":\"Được làm từ chất liệu cao cấp, đảm bảo độ bền và tính thẩm mỹ.\"}',16,10,6,'published',1,'2025-10-19 11:49:17','2025-10-19 11:49:17',NULL),(56,NULL,'{\"en\":\"voluptatem adipisci\",\"vi\":\"Quần jeans sang trọng\"}',NULL,'{\"en\":\"Et aut iure reiciendis sed dolor cum aut placeat. Fugit voluptatibus cupiditate in omnis. Labore quas quo ex molestiae veritatis. Voluptatum a ut soluta illo inventore inventore occaecati.\",\"vi\":\"Sản phẩm chất lượng cao, được thiết kế với phong cách hiện đại và tiện dụng.\"}',14,19,10,'published',1,'2025-10-19 11:49:17','2025-10-19 11:49:17',NULL),(57,NULL,'{\"en\":\"eveniet qui\",\"vi\":\"Áo khoác sang trọng\"}',NULL,'{\"en\":\"Cumque architecto iusto fugit dolor odit ipsam et accusamus. Esse repellat optio voluptas excepturi.\",\"vi\":\"Sản phẩm được kiểm tra chất lượng nghiêm ngặt trước khi đến tay khách hàng.\"}',22,23,6,'published',1,'2025-10-19 11:49:17','2025-10-19 11:49:17',NULL),(58,NULL,'{\"en\":\"nihil laboriosam\",\"vi\":\"Váy đầm chất lượng\"}',NULL,'{\"en\":\"Odio exercitationem adipisci delectus rerum. Distinctio unde quis rerum ipsum rem sed quam. Facilis nam possimus nemo necessitatibus ut autem magnam expedita.\",\"vi\":\"Phù hợp cho mọi lứa tuổi, mang lại sự thoải mái và phong cách.\"}',21,8,7,'pending_approval',1,'2025-10-19 11:49:17','2025-10-19 11:49:17',NULL),(59,NULL,'{\"en\":\"inventore voluptatem\",\"vi\":\"Áo sơ mi thời trang\"}',NULL,'{\"en\":\"Adipisci sequi maiores doloribus et quia quaerat quod. Officiis molestias sit tempora adipisci dolorem distinctio suscipit quos. Sint enim tempora fuga perferendis qui deleniti qui quisquam.\",\"vi\":\"Sản phẩm chất lượng cao, được thiết kế với phong cách hiện đại và tiện dụng.\"}',3,21,6,'draft',1,'2025-10-19 11:49:17','2025-10-19 11:49:17',NULL),(60,NULL,'{\"en\":\"voluptas et\",\"vi\":\"Điện thoại chất lượng\"}',NULL,'{\"en\":\"Et sit et labore vel explicabo velit voluptas. Ut saepe mollitia non optio provident dolores perspiciatis. Quod odio ex sit aut et libero incidunt. Hic velit ipsam in laborum dolor alias iste consequatur. Perferendis consectetur vel architecto doloribus exercitationem non dolores aut.\",\"vi\":\"Sản phẩm được kiểm tra chất lượng nghiêm ngặt trước khi đến tay khách hàng.\"}',20,16,19,'pending_approval',1,'2025-10-19 11:49:17','2025-10-19 11:49:17',NULL),(61,NULL,'{\"en\":\"hic placeat\",\"vi\":\"Balo chất lượng\"}',NULL,'{\"en\":\"Dolores doloremque laboriosam velit consectetur nihil dicta fuga. Similique enim perspiciatis deserunt mollitia quisquam mollitia qui. Molestias quas iste commodi autem.\",\"vi\":\"Được làm từ chất liệu cao cấp, đảm bảo độ bền và tính thẩm mỹ.\"}',3,22,17,'published',1,'2025-10-19 11:49:17','2025-10-19 11:49:17',NULL),(62,NULL,'{\"en\":\"ullam temporibus\",\"vi\":\"Giày boot thời trang\"}',NULL,'{\"en\":\"A totam velit molestiae est commodi architecto. Et ullam eligendi tenetur culpa at et. Et totam cum neque eum nihil.\",\"vi\":\"Sản phẩm được kiểm tra chất lượng nghiêm ngặt trước khi đến tay khách hàng.\"}',24,15,11,'draft',1,'2025-10-19 11:49:17','2025-10-19 11:49:17',NULL),(63,NULL,'{\"en\":\"maiores ullam\",\"vi\":\"Quần jeans cao cấp\"}',NULL,'{\"en\":\"Nisi nostrum maiores eum quia. Quis distinctio doloremque saepe quis amet.\",\"vi\":\"Phù hợp cho mọi lứa tuổi, mang lại sự thoải mái và phong cách.\"}',6,7,18,'published',1,'2025-10-19 11:49:17','2025-10-19 11:49:17',NULL),(64,NULL,'{\"en\":\"et eligendi\",\"vi\":\"Máy tính sang trọng\"}',NULL,'{\"en\":\"Ad eos optio odit impedit tempore dolore tempore nulla. Odit quia fuga incidunt numquam et debitis in consequatur. Rerum sapiente quisquam esse atque dolorum a non.\",\"vi\":\"Sản phẩm được kiểm tra chất lượng nghiêm ngặt trước khi đến tay khách hàng.\"}',27,19,14,'draft',1,'2025-10-19 11:49:17','2025-10-19 11:49:17',NULL),(65,NULL,'{\"en\":\"saepe molestiae\",\"vi\":\"Máy tính tiện dụng\"}',NULL,'{\"en\":\"Omnis et et dicta eum perferendis tempora temporibus. Rerum laboriosam laborum temporibus qui rerum blanditiis. Aut nulla et eius ex quia. Deserunt consequuntur perspiciatis velit voluptatem et.\",\"vi\":\"Được làm từ chất liệu cao cấp, đảm bảo độ bền và tính thẩm mỹ.\"}',19,18,13,'draft',1,'2025-10-19 11:49:17','2025-10-19 11:49:17',NULL),(66,NULL,'{\"en\":\"laborum quia\",\"vi\":\"Túi xách chất lượng\"}',NULL,'{\"en\":\"Est sapiente harum saepe quae. In et odio quis ea odit. Blanditiis tempora voluptatem facere sint.\",\"vi\":\"Phù hợp cho mọi lứa tuổi, mang lại sự thoải mái và phong cách.\"}',20,4,10,'published',1,'2025-10-19 11:49:17','2025-10-19 11:49:17',NULL),(67,NULL,'{\"en\":\"dolorem architecto\",\"vi\":\"Áo len thời trang\"}',NULL,'{\"en\":\"Et fugit recusandae modi id iusto quibusdam. Et debitis recusandae sapiente est rem ea harum.\",\"vi\":\"Sản phẩm được kiểm tra chất lượng nghiêm ngặt trước khi đến tay khách hàng.\"}',26,12,9,'pending_approval',1,'2025-10-19 11:49:17','2025-10-19 11:49:17',NULL),(68,NULL,'{\"en\":\"nisi voluptas\",\"vi\":\"Áo khoác cao cấp\"}',NULL,'{\"en\":\"Fugiat et eos et rerum ex. Inventore sit dolore sunt est aliquam fuga. Rerum nam assumenda error natus. Quia maiores qui quia debitis voluptates accusantium sed.\",\"vi\":\"Phù hợp cho mọi lứa tuổi, mang lại sự thoải mái và phong cách.\"}',27,12,8,'published',1,'2025-10-19 11:49:17','2025-10-19 11:49:17',NULL),(69,NULL,'{\"en\":\"esse deleniti\",\"vi\":\"Giày thể thao tiện dụng\"}',NULL,'{\"en\":\"Cupiditate ut earum quisquam optio reiciendis. Omnis laborum quae aut aut vero voluptates quisquam. Quod eaque quibusdam dolorem facere aperiam.\",\"vi\":\"Được làm từ chất liệu cao cấp, đảm bảo độ bền và tính thẩm mỹ.\"}',26,19,2,'published',1,'2025-10-19 11:49:17','2025-10-19 11:49:17',NULL),(70,NULL,'{\"en\":\"quis rem\",\"vi\":\"Đồng hồ thời trang\"}',NULL,'{\"en\":\"Voluptatem et ea itaque. Eum consectetur occaecati ut ut magnam autem rerum. Qui ut voluptas velit iure. Debitis quia iure maiores animi quia quia quo.\",\"vi\":\"Sản phẩm chất lượng cao, được thiết kế với phong cách hiện đại và tiện dụng.\"}',20,18,16,'draft',1,'2025-10-19 11:49:17','2025-10-19 11:49:17',NULL),(71,NULL,'{\"en\":\"et labore\",\"vi\":\"Kính mát chất lượng\"}',NULL,'{\"en\":\"Commodi accusamus qui illo voluptatem quos qui. Aspernatur fugit rerum pariatur rerum aperiam.\",\"vi\":\"Sản phẩm chất lượng cao, được thiết kế với phong cách hiện đại và tiện dụng.\"}',22,17,20,'draft',1,'2025-10-19 11:49:17','2025-10-19 11:49:17',NULL),(72,NULL,'{\"en\":\"consectetur qui\",\"vi\":\"Giày boot tiện dụng\"}',NULL,'{\"en\":\"Repudiandae quisquam dolor excepturi omnis nesciunt tempora incidunt. Reprehenderit deserunt enim vel blanditiis ex. Sequi sed quis quo eum.\",\"vi\":\"Được làm từ chất liệu cao cấp, đảm bảo độ bền và tính thẩm mỹ.\"}',4,22,6,'draft',1,'2025-10-19 11:49:17','2025-10-19 11:49:17',NULL),(73,NULL,'{\"en\":\"tenetur numquam\",\"vi\":\"Áo len tiện dụng\"}',NULL,'{\"en\":\"Dolore delectus dolor omnis optio blanditiis eum. Eaque eos nemo magni cum. Nemo fuga cumque esse quia. Et sit alias blanditiis.\",\"vi\":\"Sản phẩm chất lượng cao, được thiết kế với phong cách hiện đại và tiện dụng.\"}',16,20,4,'pending_approval',1,'2025-10-19 11:49:17','2025-10-19 11:49:17',NULL),(74,NULL,'{\"en\":\"molestiae autem\",\"vi\":\"Áo khoác cao cấp\"}',NULL,'{\"en\":\"Non iusto tempore sed eaque ratione nulla nihil. Pariatur non ut qui qui est voluptate corrupti. Quis occaecati saepe recusandae id corporis nam dolor. Qui voluptatem veniam labore.\",\"vi\":\"Sản phẩm được kiểm tra chất lượng nghiêm ngặt trước khi đến tay khách hàng.\"}',19,14,6,'draft',1,'2025-10-19 11:49:17','2025-10-19 11:49:17',NULL),(75,NULL,'{\"en\":\"ea maxime\",\"vi\":\"Máy tính chất lượng\"}',NULL,'{\"en\":\"Et quo distinctio veniam dignissimos molestiae. Voluptatem voluptas pariatur sit excepturi et totam explicabo.\",\"vi\":\"Được làm từ chất liệu cao cấp, đảm bảo độ bền và tính thẩm mỹ.\"}',10,23,13,'draft',1,'2025-10-19 11:49:17','2025-10-19 11:49:17',NULL),(76,NULL,'{\"en\":\"consectetur eius\",\"vi\":\"Áo len hiện đại\"}',NULL,'{\"en\":\"Fuga error ut dolore occaecati modi voluptatibus. Possimus dolores sunt quisquam odit consequatur et. Suscipit vero consequuntur vero nobis repellendus est. Vitae laudantium illum omnis dolorum quod.\",\"vi\":\"Thiết kế độc đáo, màu sắc đa dạng, phù hợp với xu hướng thời trang.\"}',10,22,20,'pending_approval',1,'2025-10-19 11:49:17','2025-10-19 11:49:17',NULL),(77,NULL,'{\"en\":\"delectus qui\",\"vi\":\"Máy tính sang trọng\"}',NULL,'{\"en\":\"Omnis voluptatem dolor enim temporibus. Et consequuntur officiis est aliquam. Facilis excepturi praesentium neque et. Sed sit quia et et ratione.\",\"vi\":\"Thiết kế độc đáo, màu sắc đa dạng, phù hợp với xu hướng thời trang.\"}',6,18,7,'published',1,'2025-10-19 11:49:17','2025-10-19 11:49:17',NULL),(78,NULL,'{\"en\":\"ut esse\",\"vi\":\"Váy đầm tiện dụng\"}',NULL,'{\"en\":\"Laudantium nam voluptas porro. Expedita quod ex odit quia iure. Alias totam sapiente saepe et sequi quia. Placeat exercitationem aut ea sint omnis totam rerum. Alias sed architecto qui ipsa.\",\"vi\":\"Được làm từ chất liệu cao cấp, đảm bảo độ bền và tính thẩm mỹ.\"}',20,10,3,'pending_approval',1,'2025-10-19 11:49:17','2025-10-19 11:49:17',NULL),(79,NULL,'{\"en\":\"qui est\",\"vi\":\"Áo khoác tiện dụng\"}',NULL,'{\"en\":\"Voluptatem veniam nulla quas qui nisi id. Ea a dolores ex et non praesentium consequatur.\",\"vi\":\"Được làm từ chất liệu cao cấp, đảm bảo độ bền và tính thẩm mỹ.\"}',10,22,15,'draft',1,'2025-10-19 11:49:17','2025-10-19 11:49:17',NULL),(80,NULL,'{\"en\":\"voluptatem qui\",\"vi\":\"Tai nghe sang trọng\"}',NULL,'{\"en\":\"Ut earum recusandae et ut. Dolores corrupti sit impedit qui voluptas. Non expedita consectetur aut dignissimos laborum praesentium dolorum. Ullam cum saepe ratione ducimus quaerat commodi quidem. Asperiores magni culpa quibusdam tenetur velit.\",\"vi\":\"Phù hợp cho mọi lứa tuổi, mang lại sự thoải mái và phong cách.\"}',25,23,18,'published',1,'2025-10-19 11:49:17','2025-10-19 11:49:17',NULL),(81,NULL,'{\"en\":\"vel quia\",\"vi\":\"Tai nghe tiện dụng\"}',NULL,'{\"en\":\"Cupiditate dolor ut est voluptas. Repudiandae occaecati voluptas eveniet incidunt aliquid temporibus rem commodi. Quia doloremque natus sequi in et veniam. Labore eos minima quidem ab.\",\"vi\":\"Phù hợp cho mọi lứa tuổi, mang lại sự thoải mái và phong cách.\"}',27,10,17,'pending_approval',1,'2025-10-19 11:49:17','2025-10-19 11:49:17',NULL),(82,NULL,'{\"en\":\"accusamus exercitationem\",\"vi\":\"Giày boot cao cấp\"}',NULL,'{\"en\":\"Atque quo dolorem aut sed in officiis et. Illo tempora non nihil reiciendis minus incidunt ab eius. Dolorem dolor quos et omnis.\",\"vi\":\"Được làm từ chất liệu cao cấp, đảm bảo độ bền và tính thẩm mỹ.\"}',19,12,3,'pending_approval',1,'2025-10-19 11:49:17','2025-10-19 11:49:17',NULL),(83,NULL,'{\"en\":\"ea rerum\",\"vi\":\"Giày thể thao chất lượng\"}',NULL,'{\"en\":\"Qui non libero reprehenderit optio. Omnis fugit consequatur non veritatis eum facilis qui. Officiis neque odio sequi quo ea. Quia culpa quaerat incidunt quaerat consectetur nemo.\",\"vi\":\"Được làm từ chất liệu cao cấp, đảm bảo độ bền và tính thẩm mỹ.\"}',12,8,16,'pending_approval',1,'2025-10-19 11:49:17','2025-10-19 11:49:17',NULL),(84,NULL,'{\"en\":\"aut quia\",\"vi\":\"Giày thể thao cao cấp\"}',NULL,'{\"en\":\"Sed et nemo sed nesciunt. Laboriosam sint ullam aut eaque dolor amet. Voluptatem laboriosam aliquam ea non.\",\"vi\":\"Sản phẩm chất lượng cao, được thiết kế với phong cách hiện đại và tiện dụng.\"}',4,5,21,'draft',1,'2025-10-19 11:49:17','2025-10-19 11:49:17',NULL),(85,NULL,'{\"en\":\"quae fugiat\",\"vi\":\"Áo sơ mi sang trọng\"}',NULL,'{\"en\":\"Id velit rerum consequatur. Iure dolorum eum laudantium unde dolorem asperiores incidunt consequatur. Enim laudantium aut at eos.\",\"vi\":\"Được làm từ chất liệu cao cấp, đảm bảo độ bền và tính thẩm mỹ.\"}',21,23,16,'published',1,'2025-10-19 11:49:17','2025-10-19 11:49:17',NULL),(86,NULL,'{\"en\":\"dolores ipsam\",\"vi\":\"Áo sơ mi cao cấp\"}',NULL,'{\"en\":\"Pariatur quo modi id. Ea quam repellat corrupti ut itaque. Molestias beatae nulla laboriosam inventore ut est in. Quasi est recusandae maiores non accusamus nobis harum. Quia iusto architecto incidunt.\",\"vi\":\"Sản phẩm được kiểm tra chất lượng nghiêm ngặt trước khi đến tay khách hàng.\"}',4,10,4,'published',1,'2025-10-19 11:49:17','2025-10-19 11:49:17',NULL),(87,NULL,'{\"en\":\"optio eius\",\"vi\":\"Balo hiện đại\"}',NULL,'{\"en\":\"Quidem voluptas dolorem sint dicta delectus. Quia non tempore corporis cupiditate autem rerum velit voluptatem. Alias assumenda error mollitia. Corrupti iusto id et quos illum consequatur.\",\"vi\":\"Được làm từ chất liệu cao cấp, đảm bảo độ bền và tính thẩm mỹ.\"}',3,14,5,'published',1,'2025-10-19 11:49:17','2025-10-19 11:49:17',NULL),(88,NULL,'{\"en\":\"dolorem quam\",\"vi\":\"Balo thời trang\"}',NULL,'{\"en\":\"Nihil ipsum corporis labore perferendis tenetur itaque pariatur. Rerum deserunt omnis ipsam et eligendi.\",\"vi\":\"Sản phẩm chất lượng cao, được thiết kế với phong cách hiện đại và tiện dụng.\"}',4,2,7,'published',1,'2025-10-19 11:49:17','2025-10-19 11:49:17',NULL),(89,NULL,'{\"en\":\"quod inventore\",\"vi\":\"Máy tính sang trọng\"}',NULL,'{\"en\":\"Quam eos debitis nesciunt quibusdam alias consequatur. Id doloremque velit soluta. Eius saepe est excepturi neque deserunt totam. Officia dolor cumque odio.\",\"vi\":\"Sản phẩm chất lượng cao, được thiết kế với phong cách hiện đại và tiện dụng.\"}',25,20,3,'draft',1,'2025-10-19 11:49:17','2025-10-19 11:49:17',NULL),(90,NULL,'{\"en\":\"blanditiis accusamus\",\"vi\":\"Túi xách tiện dụng\"}',NULL,'{\"en\":\"Perferendis maiores unde asperiores natus ut recusandae. Qui blanditiis ducimus ratione aut consectetur id. Qui nam doloremque pariatur rem.\",\"vi\":\"Sản phẩm được kiểm tra chất lượng nghiêm ngặt trước khi đến tay khách hàng.\"}',15,1,8,'pending_approval',1,'2025-10-19 11:49:17','2025-10-19 11:49:17',NULL),(91,NULL,'{\"en\":\"quae rem\",\"vi\":\"Balo cao cấp\"}',NULL,'{\"en\":\"Vel voluptatibus eligendi doloremque impedit quidem. Ducimus culpa officiis quibusdam. Voluptas omnis amet accusamus illo omnis nulla ex. Perferendis assumenda placeat sint nobis natus neque et.\",\"vi\":\"Phù hợp cho mọi lứa tuổi, mang lại sự thoải mái và phong cách.\"}',19,22,3,'published',1,'2025-10-19 11:49:17','2025-10-19 11:49:17',NULL),(92,NULL,'{\"en\":\"qui quae\",\"vi\":\"Tai nghe cao cấp\"}',NULL,'{\"en\":\"Sed est alias voluptas et quia omnis nihil deleniti. Voluptatibus asperiores velit possimus eum et magnam voluptate qui. Perspiciatis facere nulla laudantium ducimus quas voluptatem. Deserunt facilis asperiores ab pariatur.\",\"vi\":\"Sản phẩm chất lượng cao, được thiết kế với phong cách hiện đại và tiện dụng.\"}',14,10,5,'pending_approval',1,'2025-10-19 11:49:17','2025-10-19 11:49:17',NULL),(93,NULL,'{\"en\":\"error incidunt\",\"vi\":\"Tai nghe tiện dụng\"}',NULL,'{\"en\":\"Nemo quisquam culpa aut nihil rerum sed omnis. Nam quidem numquam dolor itaque quidem voluptatum quia. Est voluptates nihil consequatur quia eos tempora.\",\"vi\":\"Sản phẩm được kiểm tra chất lượng nghiêm ngặt trước khi đến tay khách hàng.\"}',19,6,7,'draft',1,'2025-10-19 11:49:17','2025-10-19 11:49:17',NULL),(94,NULL,'{\"en\":\"dolorem quos\",\"vi\":\"Áo sơ mi thời trang\"}',NULL,'{\"en\":\"Veniam inventore voluptatem beatae nam qui perferendis. Nulla dolore possimus labore praesentium totam saepe. Dolores quas voluptas fugiat sapiente in sunt.\",\"vi\":\"Phù hợp cho mọi lứa tuổi, mang lại sự thoải mái và phong cách.\"}',15,12,16,'draft',1,'2025-10-19 11:49:17','2025-10-19 11:49:17',NULL),(95,NULL,'{\"en\":\"explicabo cumque\",\"vi\":\"Máy tính chất lượng\"}',NULL,'{\"en\":\"Aut ut eius libero ea. Quam molestias tempora dolorem consequuntur vero velit quidem facilis. Rerum molestias esse non ipsam dolorem optio molestias. Beatae atque animi quaerat voluptas at aut.\",\"vi\":\"Được làm từ chất liệu cao cấp, đảm bảo độ bền và tính thẩm mỹ.\"}',3,17,12,'draft',1,'2025-10-19 11:49:17','2025-10-19 11:49:17',NULL),(96,NULL,'{\"en\":\"nesciunt architecto\",\"vi\":\"Quần jeans cao cấp\"}',NULL,'{\"en\":\"Impedit aut ea quod voluptas quisquam magnam. Quia assumenda eius ut hic voluptate beatae aut. Voluptatem modi sit odit qui quidem.\",\"vi\":\"Sản phẩm được kiểm tra chất lượng nghiêm ngặt trước khi đến tay khách hàng.\"}',10,19,5,'draft',1,'2025-10-19 11:49:17','2025-10-19 11:49:17',NULL),(97,NULL,'{\"en\":\"repellendus nesciunt\",\"vi\":\"Balo cao cấp\"}',NULL,'{\"en\":\"Omnis dolores sequi similique perspiciatis qui. Voluptatem voluptatem commodi error vero. Est natus voluptas adipisci eum tenetur necessitatibus molestias ex. Amet dolor et animi ullam temporibus non.\",\"vi\":\"Sản phẩm được kiểm tra chất lượng nghiêm ngặt trước khi đến tay khách hàng.\"}',15,5,13,'pending_approval',1,'2025-10-19 11:49:17','2025-10-19 11:49:17',NULL),(98,NULL,'{\"en\":\"consequuntur adipisci\",\"vi\":\"Quần jeans tiện dụng\"}',NULL,'{\"en\":\"Corporis amet officia magni ab. Ut est omnis ipsam qui. Velit qui ut nam rerum tempore vitae repellendus. Laboriosam laboriosam quasi qui ut eaque.\",\"vi\":\"Được làm từ chất liệu cao cấp, đảm bảo độ bền và tính thẩm mỹ.\"}',12,19,13,'draft',1,'2025-10-19 11:49:17','2025-10-19 11:49:17',NULL),(99,NULL,'{\"en\":\"veniam dolor\",\"vi\":\"Kính mát thời trang\"}',NULL,'{\"en\":\"Enim debitis laborum et qui quis fuga. Est voluptates reiciendis ipsa consequatur et voluptas. Nesciunt nisi consequuntur cum ipsam.\",\"vi\":\"Thiết kế độc đáo, màu sắc đa dạng, phù hợp với xu hướng thời trang.\"}',19,8,9,'published',1,'2025-10-19 11:49:17','2025-10-19 11:49:17',NULL),(100,NULL,'{\"en\":\"et laborum\",\"vi\":\"Ví da chất lượng\"}',NULL,'{\"en\":\"Eligendi in mollitia velit et tempora consectetur quis. Consequatur ipsum et molestias nemo est. Laborum vero suscipit omnis eos quod molestias amet ad. Qui iure molestiae temporibus est voluptates maxime.\",\"vi\":\"Phù hợp cho mọi lứa tuổi, mang lại sự thoải mái và phong cách.\"}',15,7,4,'published',1,'2025-10-19 11:49:17','2025-10-19 11:49:17',NULL);
/*!40000 ALTER TABLE `products` ENABLE KEYS */;
UNLOCK TABLES;

--
-- Table structure for table `promotion_audit_logs`
--

DROP TABLE IF EXISTS `promotion_audit_logs`;
/*!40101 SET @saved_cs_client     = @@character_set_client */;
/*!50503 SET character_set_client = utf8mb4 */;
CREATE TABLE `promotion_audit_logs` (
  `audit_id` bigint(20) unsigned NOT NULL AUTO_INCREMENT,
  `promotion_id` bigint(20) unsigned DEFAULT NULL,
  `user_id` bigint(20) unsigned DEFAULT NULL,
  `action` enum('created','updated','deleted','activated','deactivated','applied') NOT NULL,
  `old_values` longtext CHARACTER SET utf8mb4 COLLATE utf8mb4_bin DEFAULT NULL CHECK (json_valid(`old_values`)),
  `new_values` longtext CHARACTER SET utf8mb4 COLLATE utf8mb4_bin DEFAULT NULL CHECK (json_valid(`new_values`)),
  `ip_address` varchar(45) DEFAULT NULL,
  `user_agent` text DEFAULT NULL,
  `created_at` timestamp NOT NULL DEFAULT current_timestamp(),
  PRIMARY KEY (`audit_id`),
  KEY `promotion_audit_logs_user_id_foreign` (`user_id`),
  KEY `promotion_audit_logs_promotion_id_created_at_index` (`promotion_id`,`created_at`),
  CONSTRAINT `promotion_audit_logs_promotion_id_foreign` FOREIGN KEY (`promotion_id`) REFERENCES `promotions` (`promotion_id`) ON DELETE CASCADE,
  CONSTRAINT `promotion_audit_logs_user_id_foreign` FOREIGN KEY (`user_id`) REFERENCES `users` (`id`) ON DELETE SET NULL
) ENGINE=InnoDB DEFAULT CHARSET=utf8mb4 COLLATE=utf8mb4_unicode_ci;
/*!40101 SET character_set_client = @saved_cs_client */;

--
-- Dumping data for table `promotion_audit_logs`
--

LOCK TABLES `promotion_audit_logs` WRITE;
/*!40000 ALTER TABLE `promotion_audit_logs` DISABLE KEYS */;
/*!40000 ALTER TABLE `promotion_audit_logs` ENABLE KEYS */;
UNLOCK TABLES;

--
-- Table structure for table `promotion_categories`
--

DROP TABLE IF EXISTS `promotion_categories`;
/*!40101 SET @saved_cs_client     = @@character_set_client */;
/*!50503 SET character_set_client = utf8mb4 */;
CREATE TABLE `promotion_categories` (
  `promotion_id` bigint(20) unsigned NOT NULL,
  `category_id` bigint(20) unsigned NOT NULL,
  `created_at` timestamp NULL DEFAULT NULL,
  `updated_at` timestamp NULL DEFAULT NULL,
  PRIMARY KEY (`promotion_id`,`category_id`),
  KEY `promotion_categories_category_id_foreign` (`category_id`),
  CONSTRAINT `promotion_categories_category_id_foreign` FOREIGN KEY (`category_id`) REFERENCES `categories` (`category_id`) ON DELETE CASCADE,
  CONSTRAINT `promotion_categories_promotion_id_foreign` FOREIGN KEY (`promotion_id`) REFERENCES `promotions` (`promotion_id`) ON DELETE CASCADE
) ENGINE=InnoDB DEFAULT CHARSET=utf8mb4 COLLATE=utf8mb4_unicode_ci;
/*!40101 SET character_set_client = @saved_cs_client */;

--
-- Dumping data for table `promotion_categories`
--

LOCK TABLES `promotion_categories` WRITE;
/*!40000 ALTER TABLE `promotion_categories` DISABLE KEYS */;
/*!40000 ALTER TABLE `promotion_categories` ENABLE KEYS */;
UNLOCK TABLES;

--
-- Table structure for table `promotion_codes`
--

DROP TABLE IF EXISTS `promotion_codes`;
/*!40101 SET @saved_cs_client     = @@character_set_client */;
/*!50503 SET character_set_client = utf8mb4 */;
CREATE TABLE `promotion_codes` (
  `promotion_code_id` bigint(20) unsigned NOT NULL AUTO_INCREMENT,
  `promotion_id` bigint(20) unsigned NOT NULL,
  `code` varchar(50) NOT NULL,
  `usage_limit` int(11) DEFAULT NULL,
  `used_count` int(11) NOT NULL DEFAULT 0,
  `is_active` tinyint(1) NOT NULL DEFAULT 1,
  `created_at` timestamp NULL DEFAULT NULL,
  `updated_at` timestamp NULL DEFAULT NULL,
  PRIMARY KEY (`promotion_code_id`),
  UNIQUE KEY `promotion_codes_code_unique` (`code`),
  KEY `promotion_codes_promotion_id_foreign` (`promotion_id`),
  CONSTRAINT `promotion_codes_promotion_id_foreign` FOREIGN KEY (`promotion_id`) REFERENCES `promotions` (`promotion_id`) ON DELETE CASCADE
) ENGINE=InnoDB AUTO_INCREMENT=51 DEFAULT CHARSET=utf8mb4 COLLATE=utf8mb4_unicode_ci;
/*!40101 SET character_set_client = @saved_cs_client */;

--
-- Dumping data for table `promotion_codes`
--

LOCK TABLES `promotion_codes` WRITE;
/*!40000 ALTER TABLE `promotion_codes` DISABLE KEYS */;
INSERT INTO `promotion_codes` VALUES (1,11,'0EVEYDJ8',5,0,1,'2025-10-19 11:49:22','2025-10-19 11:49:22'),(2,11,'S7Q97UCO',5,0,1,'2025-10-19 11:49:22','2025-10-19 11:49:22'),(3,11,'FMUMBGYJ',5,0,1,'2025-10-19 11:49:22','2025-10-19 11:49:22'),(4,11,'YTXLMLBY',5,0,1,'2025-10-19 11:49:22','2025-10-19 11:49:22'),(5,11,'WU8KCTXY',4,0,1,'2025-10-19 11:49:22','2025-10-19 11:49:22'),(6,11,'VP4MM6YW',5,0,1,'2025-10-19 11:49:22','2025-10-19 11:49:22'),(7,11,'SIN4VJIA',4,0,1,'2025-10-19 11:49:22','2025-10-19 11:49:22'),(8,11,'C3DTH0J1',1,0,1,'2025-10-19 11:49:22','2025-10-19 11:49:22'),(9,11,'ROPUFJYI',4,0,1,'2025-10-19 11:49:22','2025-10-19 11:49:22'),(10,11,'D2HORWHR',2,0,1,'2025-10-19 11:49:22','2025-10-19 11:49:22'),(11,12,'IZ3VUYXC',4,0,1,'2025-10-19 11:49:22','2025-10-19 11:49:22'),(12,12,'9XF31KHG',4,0,1,'2025-10-19 11:49:22','2025-10-19 11:49:22'),(13,12,'JO0TGEV6',3,0,1,'2025-10-19 11:49:22','2025-10-19 11:49:22'),(14,12,'XTG7JW9O',4,0,1,'2025-10-19 11:49:22','2025-10-19 11:49:22'),(15,12,'XDFSYQWX',5,0,1,'2025-10-19 11:49:22','2025-10-19 11:49:22'),(16,12,'CUNOLE9R',4,0,1,'2025-10-19 11:49:22','2025-10-19 11:49:22'),(17,12,'6EXISYQF',2,0,1,'2025-10-19 11:49:22','2025-10-19 11:49:22'),(18,12,'JMGXPJO8',2,0,1,'2025-10-19 11:49:22','2025-10-19 11:49:22'),(19,12,'ZCNPQXPQ',3,0,1,'2025-10-19 11:49:22','2025-10-19 11:49:22'),(20,12,'A4QIP2EW',5,0,1,'2025-10-19 11:49:22','2025-10-19 11:49:22'),(21,13,'XY61UHTF',3,0,1,'2025-10-19 11:49:22','2025-10-19 11:49:22'),(22,13,'ZJDD51FX',2,0,1,'2025-10-19 11:49:22','2025-10-19 11:49:22'),(23,13,'VSH5BV9Q',2,0,1,'2025-10-19 11:49:22','2025-10-19 11:49:22'),(24,13,'BXHWXSNC',2,0,1,'2025-10-19 11:49:22','2025-10-19 11:49:22'),(25,13,'KMNPFEYG',5,0,1,'2025-10-19 11:49:22','2025-10-19 11:49:22'),(26,13,'C1CQLHS9',4,0,1,'2025-10-19 11:49:22','2025-10-19 11:49:22'),(27,13,'FFOZAERA',5,0,1,'2025-10-19 11:49:22','2025-10-19 11:49:22'),(28,13,'JW0ZSFLR',3,0,1,'2025-10-19 11:49:22','2025-10-19 11:49:22'),(29,13,'XSNX27KB',5,0,1,'2025-10-19 11:49:22','2025-10-19 11:49:22'),(30,13,'AMZ9VLWE',2,0,1,'2025-10-19 11:49:22','2025-10-19 11:49:22'),(31,14,'CGCECL4K',4,0,1,'2025-10-19 11:49:22','2025-10-19 11:49:22'),(32,14,'FUMKXMXQ',2,0,1,'2025-10-19 11:49:22','2025-10-19 11:49:22'),(33,14,'LCFIMJJW',3,0,1,'2025-10-19 11:49:22','2025-10-19 11:49:22'),(34,14,'V10ABWMN',1,0,1,'2025-10-19 11:49:22','2025-10-19 11:49:22'),(35,14,'TGMVC3VA',4,0,1,'2025-10-19 11:49:22','2025-10-19 11:49:22'),(36,14,'GRUBZRCR',1,0,1,'2025-10-19 11:49:22','2025-10-19 11:49:22'),(37,14,'B6FCXESL',5,0,1,'2025-10-19 11:49:22','2025-10-19 11:49:22'),(38,14,'9BVFPEC1',5,0,1,'2025-10-19 11:49:22','2025-10-19 11:49:22'),(39,14,'EN3OYEDY',4,0,1,'2025-10-19 11:49:22','2025-10-19 11:49:22'),(40,14,'WGBSPUPW',2,0,1,'2025-10-19 11:49:22','2025-10-19 11:49:22'),(41,15,'DW5UC0XA',5,0,1,'2025-10-19 11:49:22','2025-10-19 11:49:22'),(42,15,'STDEKS6D',2,0,1,'2025-10-19 11:49:22','2025-10-19 11:49:22'),(43,15,'GZ5CA1JS',4,0,1,'2025-10-19 11:49:22','2025-10-19 11:49:22'),(44,15,'QJBTRBJL',3,0,1,'2025-10-19 11:49:22','2025-10-19 11:49:22'),(45,15,'26HTSVSS',5,0,1,'2025-10-19 11:49:22','2025-10-19 11:49:22'),(46,15,'M2BUNMJ4',4,0,1,'2025-10-19 11:49:22','2025-10-19 11:49:22'),(47,15,'7QSPJPZD',5,0,1,'2025-10-19 11:49:22','2025-10-19 11:49:22'),(48,15,'IXUFF8N4',1,0,1,'2025-10-19 11:49:22','2025-10-19 11:49:22'),(49,15,'K9IS8C0C',2,0,1,'2025-10-19 11:49:22','2025-10-19 11:49:22'),(50,15,'JMTU3U2O',2,0,1,'2025-10-19 11:49:22','2025-10-19 11:49:22');
/*!40000 ALTER TABLE `promotion_codes` ENABLE KEYS */;
UNLOCK TABLES;

--
-- Table structure for table `promotion_imports`
--

DROP TABLE IF EXISTS `promotion_imports`;
/*!40101 SET @saved_cs_client     = @@character_set_client */;
/*!50503 SET character_set_client = utf8mb4 */;
CREATE TABLE `promotion_imports` (
  `import_id` bigint(20) unsigned NOT NULL AUTO_INCREMENT,
  `tracking_token` char(36) NOT NULL,
  `filename` varchar(255) NOT NULL,
  `total_rows` int(10) unsigned NOT NULL DEFAULT 0,
  `processed_rows` int(10) unsigned NOT NULL DEFAULT 0,
  `failed_rows` int(10) unsigned NOT NULL DEFAULT 0,
  `status` enum('processing','completed','failed') NOT NULL DEFAULT 'processing',
  `error_log` text DEFAULT NULL,
  `promotion_id` bigint(20) unsigned NOT NULL,
  `created_by` bigint(20) unsigned DEFAULT NULL,
  `completed_at` timestamp NULL DEFAULT NULL,
  `created_at` timestamp NULL DEFAULT NULL,
  `updated_at` timestamp NULL DEFAULT NULL,
  PRIMARY KEY (`import_id`),
  UNIQUE KEY `promotion_imports_tracking_token_unique` (`tracking_token`),
  KEY `promotion_imports_promotion_id_foreign` (`promotion_id`),
  KEY `promotion_imports_created_by_foreign` (`created_by`),
  CONSTRAINT `promotion_imports_created_by_foreign` FOREIGN KEY (`created_by`) REFERENCES `users` (`id`) ON DELETE SET NULL,
  CONSTRAINT `promotion_imports_promotion_id_foreign` FOREIGN KEY (`promotion_id`) REFERENCES `promotions` (`promotion_id`) ON DELETE CASCADE
) ENGINE=InnoDB DEFAULT CHARSET=utf8mb4 COLLATE=utf8mb4_unicode_ci;
/*!40101 SET character_set_client = @saved_cs_client */;

--
-- Dumping data for table `promotion_imports`
--

LOCK TABLES `promotion_imports` WRITE;
/*!40000 ALTER TABLE `promotion_imports` DISABLE KEYS */;
/*!40000 ALTER TABLE `promotion_imports` ENABLE KEYS */;
UNLOCK TABLES;

--
-- Table structure for table `promotion_performance_metrics`
--

DROP TABLE IF EXISTS `promotion_performance_metrics`;
/*!40101 SET @saved_cs_client     = @@character_set_client */;
/*!50503 SET character_set_client = utf8mb4 */;
CREATE TABLE `promotion_performance_metrics` (
  `metric_id` bigint(20) unsigned NOT NULL AUTO_INCREMENT,
  `promotion_id` bigint(20) unsigned NOT NULL,
  `date` date NOT NULL,
  `impressions` int(10) unsigned NOT NULL DEFAULT 0,
  `clicks` int(10) unsigned NOT NULL DEFAULT 0,
  `conversions` int(10) unsigned NOT NULL DEFAULT 0,
  `revenue` decimal(18,2) NOT NULL DEFAULT 0.00,
  `cost` decimal(18,2) NOT NULL DEFAULT 0.00,
  `created_at` timestamp NOT NULL DEFAULT current_timestamp(),
  `updated_at` timestamp NULL DEFAULT NULL ON UPDATE current_timestamp(),
  PRIMARY KEY (`metric_id`),
  UNIQUE KEY `promotion_performance_metrics_promotion_id_date_unique` (`promotion_id`,`date`),
  CONSTRAINT `promotion_performance_metrics_promotion_id_foreign` FOREIGN KEY (`promotion_id`) REFERENCES `promotions` (`promotion_id`) ON DELETE CASCADE
) ENGINE=InnoDB DEFAULT CHARSET=utf8mb4 COLLATE=utf8mb4_unicode_ci;
/*!40101 SET character_set_client = @saved_cs_client */;

--
-- Dumping data for table `promotion_performance_metrics`
--

LOCK TABLES `promotion_performance_metrics` WRITE;
/*!40000 ALTER TABLE `promotion_performance_metrics` DISABLE KEYS */;
/*!40000 ALTER TABLE `promotion_performance_metrics` ENABLE KEYS */;
UNLOCK TABLES;

--
-- Table structure for table `promotion_products`
--

DROP TABLE IF EXISTS `promotion_products`;
/*!40101 SET @saved_cs_client     = @@character_set_client */;
/*!50503 SET character_set_client = utf8mb4 */;
CREATE TABLE `promotion_products` (
  `promotion_id` bigint(20) unsigned NOT NULL,
  `product_id` bigint(20) unsigned NOT NULL,
  `created_at` timestamp NULL DEFAULT NULL,
  `updated_at` timestamp NULL DEFAULT NULL,
  PRIMARY KEY (`promotion_id`,`product_id`),
  KEY `promotion_products_product_id_foreign` (`product_id`),
  CONSTRAINT `promotion_products_product_id_foreign` FOREIGN KEY (`product_id`) REFERENCES `products` (`product_id`) ON DELETE CASCADE,
  CONSTRAINT `promotion_products_promotion_id_foreign` FOREIGN KEY (`promotion_id`) REFERENCES `promotions` (`promotion_id`) ON DELETE CASCADE
) ENGINE=InnoDB DEFAULT CHARSET=utf8mb4 COLLATE=utf8mb4_unicode_ci;
/*!40101 SET character_set_client = @saved_cs_client */;

--
-- Dumping data for table `promotion_products`
--

LOCK TABLES `promotion_products` WRITE;
/*!40000 ALTER TABLE `promotion_products` DISABLE KEYS */;
/*!40000 ALTER TABLE `promotion_products` ENABLE KEYS */;
UNLOCK TABLES;

--
-- Table structure for table `promotion_templates`
--

DROP TABLE IF EXISTS `promotion_templates`;
/*!40101 SET @saved_cs_client     = @@character_set_client */;
/*!50503 SET character_set_client = utf8mb4 */;
CREATE TABLE `promotion_templates` (
  `template_id` bigint(20) unsigned NOT NULL AUTO_INCREMENT,
  `name` varchar(255) NOT NULL,
  `description` text DEFAULT NULL,
  `type` tinyint(4) NOT NULL,
  `value` decimal(18,2) NOT NULL,
  `config` longtext CHARACTER SET utf8mb4 COLLATE utf8mb4_bin NOT NULL CHECK (json_valid(`config`)),
  `category` enum('seasonal','category_specific','customer_specific','custom') NOT NULL,
  `is_public` tinyint(1) NOT NULL DEFAULT 0,
  `created_by` bigint(20) unsigned DEFAULT NULL,
  `created_at` timestamp NULL DEFAULT NULL,
  `updated_at` timestamp NULL DEFAULT NULL,
  PRIMARY KEY (`template_id`),
  KEY `promotion_templates_created_by_foreign` (`created_by`),
  CONSTRAINT `promotion_templates_created_by_foreign` FOREIGN KEY (`created_by`) REFERENCES `users` (`id`) ON DELETE SET NULL
) ENGINE=InnoDB DEFAULT CHARSET=utf8mb4 COLLATE=utf8mb4_unicode_ci;
/*!40101 SET character_set_client = @saved_cs_client */;

--
-- Dumping data for table `promotion_templates`
--

LOCK TABLES `promotion_templates` WRITE;
/*!40000 ALTER TABLE `promotion_templates` DISABLE KEYS */;
/*!40000 ALTER TABLE `promotion_templates` ENABLE KEYS */;
UNLOCK TABLES;

--
-- Table structure for table `promotions`
--

DROP TABLE IF EXISTS `promotions`;
/*!40101 SET @saved_cs_client     = @@character_set_client */;
/*!50503 SET character_set_client = utf8mb4 */;
CREATE TABLE `promotions` (
  `promotion_id` bigint(20) unsigned NOT NULL AUTO_INCREMENT,
  `name` varchar(200) NOT NULL,
  `description` text DEFAULT NULL,
  `type` tinyint(4) NOT NULL COMMENT '1: Percentage, 2: Fixed Amount',
  `value` decimal(18,2) NOT NULL,
  `min_order_amount` decimal(18,2) DEFAULT NULL,
  `max_discount_amount` decimal(18,2) DEFAULT NULL,
  `start_date` timestamp NOT NULL DEFAULT current_timestamp(),
  `end_date` timestamp NOT NULL DEFAULT current_timestamp(),
  `usage_limit` int(11) DEFAULT NULL,
  `used_count` int(11) NOT NULL DEFAULT 0,
  `is_active` tinyint(1) NOT NULL DEFAULT 1,
  `priority` enum('low','medium','high','urgent') NOT NULL DEFAULT 'medium',
  `stackable` tinyint(1) NOT NULL DEFAULT 0,
  `customer_eligibility` longtext CHARACTER SET utf8mb4 COLLATE utf8mb4_bin DEFAULT NULL CHECK (json_valid(`customer_eligibility`)),
  `geographic_restrictions` longtext CHARACTER SET utf8mb4 COLLATE utf8mb4_bin DEFAULT NULL CHECK (json_valid(`geographic_restrictions`)),
  `product_restrictions` longtext CHARACTER SET utf8mb4 COLLATE utf8mb4_bin DEFAULT NULL CHECK (json_valid(`product_restrictions`)),
  `budget_limit` decimal(12,2) DEFAULT NULL,
  `budget_used` decimal(12,2) NOT NULL DEFAULT 0.00,
  `daily_usage_limit` int(10) unsigned DEFAULT NULL,
  `daily_usage_count` int(10) unsigned NOT NULL DEFAULT 0,
  `per_customer_limit` int(10) unsigned DEFAULT NULL,
  `first_time_customer_only` tinyint(1) NOT NULL DEFAULT 0,
  `minimum_cart_value` decimal(10,2) DEFAULT NULL,
  `maximum_discount_amount` decimal(10,2) DEFAULT NULL,
  `time_restrictions` longtext CHARACTER SET utf8mb4 COLLATE utf8mb4_bin DEFAULT NULL CHECK (json_valid(`time_restrictions`)),
  `selection_rules` longtext CHARACTER SET utf8mb4 COLLATE utf8mb4_bin DEFAULT NULL CHECK (json_valid(`selection_rules`)),
  `auto_apply_new_products` tinyint(1) NOT NULL DEFAULT 0,
  `created_by_type` enum('admin','seller') NOT NULL DEFAULT 'admin',
  `seller_id` bigint(20) unsigned DEFAULT NULL,
  `budget_source` enum('platform','seller_wallet') NOT NULL DEFAULT 'platform',
  `allocated_budget` decimal(18,2) DEFAULT NULL,
  `spent_budget` decimal(18,2) NOT NULL DEFAULT 0.00,
  `roi_percentage` decimal(5,2) DEFAULT NULL,
  `auto_apply_condition` varchar(500) DEFAULT NULL,
  `terms_and_conditions` text DEFAULT NULL,
  `last_used_at` timestamp NULL DEFAULT NULL,
  `created_at` timestamp NULL DEFAULT NULL,
  `updated_at` timestamp NULL DEFAULT NULL,
  `deleted_at` timestamp NULL DEFAULT NULL,
  PRIMARY KEY (`promotion_id`),
  KEY `promotions_priority_is_active_end_date_index` (`priority`,`is_active`,`end_date`),
  KEY `promotions_stackable_is_active_index` (`stackable`,`is_active`),
  KEY `promotions_first_time_customer_only_is_active_index` (`first_time_customer_only`,`is_active`),
  KEY `promotions_budget_limit_budget_used_index` (`budget_limit`,`budget_used`),
  KEY `promotions_seller_id_foreign` (`seller_id`),
  KEY `promotions_created_by_type_index` (`created_by_type`),
  CONSTRAINT `promotions_seller_id_foreign` FOREIGN KEY (`seller_id`) REFERENCES `users` (`id`) ON DELETE SET NULL
) ENGINE=InnoDB AUTO_INCREMENT=16 DEFAULT CHARSET=utf8mb4 COLLATE=utf8mb4_unicode_ci;
/*!40101 SET character_set_client = @saved_cs_client */;

--
-- Dumping data for table `promotions`
--

LOCK TABLES `promotions` WRITE;
/*!40000 ALTER TABLE `promotions` DISABLE KEYS */;
INSERT INTO `promotions` VALUES (1,'Khuyến mãi id expedita laborum','Sit eaque nemo libero maiores velit quos qui.',2,18031.00,NULL,18031.00,'2025-10-16 11:49:22','2025-12-14 11:49:22',NULL,0,1,'medium',0,NULL,NULL,NULL,NULL,0.00,NULL,0,NULL,0,NULL,NULL,NULL,NULL,0,'admin',NULL,'platform',NULL,0.00,NULL,NULL,NULL,NULL,'2025-10-19 11:49:22','2025-10-19 11:49:22',NULL),(2,'Khuyến mãi rerum provident nostrum','Corrupti eveniet impedit consectetur.',1,22.00,NULL,38975.00,'2025-10-10 11:49:22','2025-11-15 11:49:22',500,0,1,'medium',0,NULL,NULL,NULL,NULL,0.00,NULL,0,NULL,0,NULL,NULL,NULL,NULL,0,'admin',NULL,'platform',NULL,0.00,NULL,NULL,NULL,NULL,'2025-10-19 11:49:22','2025-10-19 11:49:22',NULL),(3,'Khuyến mãi rerum omnis accusamus','Impedit et neque dolores deserunt.',2,51980.00,50000.00,51980.00,'2025-10-11 11:49:22','2025-11-18 11:49:22',100,0,1,'medium',0,NULL,NULL,NULL,NULL,0.00,NULL,0,NULL,0,NULL,NULL,NULL,NULL,0,'admin',NULL,'platform',NULL,0.00,NULL,NULL,NULL,NULL,'2025-10-19 11:49:22','2025-10-19 11:49:22',NULL),(4,'Khuyến mãi temporibus et saepe','Aut dolores doloribus odit et cupiditate.',2,74070.00,NULL,74070.00,'2025-10-16 11:49:22','2025-12-09 11:49:22',NULL,0,1,'medium',0,NULL,NULL,NULL,NULL,0.00,NULL,0,NULL,0,NULL,NULL,NULL,NULL,0,'admin',NULL,'platform',NULL,0.00,NULL,NULL,NULL,NULL,'2025-10-19 11:49:22','2025-10-19 11:49:22',NULL),(5,'Khuyến mãi aut ut et','Ipsam vel quod maxime quas beatae.',1,26.00,200000.00,35758.00,'2025-10-18 11:49:22','2025-11-06 11:49:22',NULL,0,1,'medium',0,NULL,NULL,NULL,NULL,0.00,NULL,0,NULL,0,NULL,NULL,NULL,NULL,0,'admin',NULL,'platform',NULL,0.00,NULL,NULL,NULL,NULL,'2025-10-19 11:49:22','2025-10-19 11:49:22',NULL),(6,'Khuyến mãi aperiam sed perspiciatis','Impedit voluptatibus qui autem.',1,28.00,200000.00,67188.00,'2025-10-13 11:49:22','2025-12-15 11:49:22',500,0,1,'medium',0,NULL,NULL,NULL,NULL,0.00,NULL,0,NULL,0,NULL,NULL,NULL,NULL,0,'admin',NULL,'platform',NULL,0.00,NULL,NULL,NULL,NULL,'2025-10-19 11:49:22','2025-10-19 11:49:22',NULL),(7,'Khuyến mãi dolorem commodi voluptas','Aperiam consequatur ut omnis quibusdam ab.',2,83355.00,200000.00,83355.00,'2025-10-11 11:49:22','2025-11-07 11:49:22',200,0,1,'medium',0,NULL,NULL,NULL,NULL,0.00,NULL,0,NULL,0,NULL,NULL,NULL,NULL,0,'admin',NULL,'platform',NULL,0.00,NULL,NULL,NULL,NULL,'2025-10-19 11:49:22','2025-10-19 11:49:22',NULL),(8,'Khuyến mãi et eveniet veniam','Quod tenetur beatae perferendis est rerum quam et.',1,17.00,50000.00,54555.00,'2025-10-13 11:49:22','2025-12-15 11:49:22',200,0,1,'medium',0,NULL,NULL,NULL,NULL,0.00,NULL,0,NULL,0,NULL,NULL,NULL,NULL,0,'admin',NULL,'platform',NULL,0.00,NULL,NULL,NULL,NULL,'2025-10-19 11:49:22','2025-10-19 11:49:22',NULL),(9,'Khuyến mãi facilis dolorem corporis','Laborum enim ut quaerat.',1,50.00,50000.00,74186.00,'2025-10-13 11:49:22','2025-12-03 11:49:22',200,0,1,'medium',0,NULL,NULL,NULL,NULL,0.00,NULL,0,NULL,0,NULL,NULL,NULL,NULL,0,'admin',NULL,'platform',NULL,0.00,NULL,NULL,NULL,NULL,'2025-10-19 11:49:22','2025-10-19 11:49:22',NULL),(10,'Khuyến mãi cupiditate ut assumenda','Voluptas quibusdam eveniet nulla velit earum.',1,18.00,NULL,23426.00,'2025-10-11 11:49:22','2025-11-22 11:49:22',100,0,1,'medium',0,NULL,NULL,NULL,NULL,0.00,NULL,0,NULL,0,NULL,NULL,NULL,NULL,0,'admin',NULL,'platform',NULL,0.00,NULL,NULL,NULL,NULL,'2025-10-19 11:49:22','2025-10-19 11:49:22',NULL),(11,'Khuyến mãi accusamus aut quidem','Similique possimus eum aut dolore in eaque.',1,25.00,200000.00,44783.00,'2025-10-15 11:49:22','2025-11-29 11:49:22',500,0,1,'medium',0,NULL,NULL,NULL,NULL,0.00,NULL,0,NULL,0,NULL,NULL,NULL,NULL,0,'admin',NULL,'platform',NULL,0.00,NULL,NULL,NULL,NULL,'2025-10-19 11:49:22','2025-10-19 11:49:22',NULL),(12,'Khuyến mãi autem nulla fuga','Dolore iusto laborum minima molestiae.',1,5.00,100000.00,87632.00,'2025-10-18 11:49:22','2025-11-10 11:49:22',100,0,1,'medium',0,NULL,NULL,NULL,NULL,0.00,NULL,0,NULL,0,NULL,NULL,NULL,NULL,0,'admin',NULL,'platform',NULL,0.00,NULL,NULL,NULL,NULL,'2025-10-19 11:49:22','2025-10-19 11:49:22',NULL),(13,'Khuyến mãi quos quo perspiciatis','Doloribus accusantium ducimus voluptates molestiae ratione.',1,42.00,NULL,36732.00,'2025-10-15 11:49:22','2025-12-15 11:49:22',100,0,1,'medium',0,NULL,NULL,NULL,NULL,0.00,NULL,0,NULL,0,NULL,NULL,NULL,NULL,0,'admin',NULL,'platform',NULL,0.00,NULL,NULL,NULL,NULL,'2025-10-19 11:49:22','2025-10-19 11:49:22',NULL),(14,'Khuyến mãi voluptatem mollitia aut','Nulla similique placeat aliquid dicta.',1,14.00,NULL,98160.00,'2025-10-17 11:49:22','2025-11-19 11:49:22',500,0,1,'medium',0,NULL,NULL,NULL,NULL,0.00,NULL,0,NULL,0,NULL,NULL,NULL,NULL,0,'admin',NULL,'platform',NULL,0.00,NULL,NULL,NULL,NULL,'2025-10-19 11:49:22','2025-10-19 11:49:22',NULL),(15,'Khuyến mãi voluptatibus nihil distinctio','Et veritatis quo temporibus praesentium.',2,79403.00,100000.00,79403.00,'2025-10-13 11:49:22','2025-11-06 11:49:22',200,0,1,'medium',0,NULL,NULL,NULL,NULL,0.00,NULL,0,NULL,0,NULL,NULL,NULL,NULL,0,'admin',NULL,'platform',NULL,0.00,NULL,NULL,NULL,NULL,'2025-10-19 11:49:22','2025-10-19 11:49:22',NULL);
/*!40000 ALTER TABLE `promotions` ENABLE KEYS */;
UNLOCK TABLES;

--
-- Table structure for table `return_items`
--

DROP TABLE IF EXISTS `return_items`;
/*!40101 SET @saved_cs_client     = @@character_set_client */;
/*!50503 SET character_set_client = utf8mb4 */;
CREATE TABLE `return_items` (
  `return_item_id` bigint(20) unsigned NOT NULL AUTO_INCREMENT,
  `return_id` bigint(20) unsigned NOT NULL,
  `variant_id` bigint(20) unsigned NOT NULL,
  `quantity` int(11) NOT NULL,
  `unit_price` decimal(15,2) NOT NULL,
  `total_price` decimal(15,2) NOT NULL,
  `reason` varchar(255) DEFAULT NULL,
  PRIMARY KEY (`return_item_id`),
  KEY `return_items_return_id_foreign` (`return_id`),
  KEY `return_items_variant_id_foreign` (`variant_id`),
  CONSTRAINT `return_items_return_id_foreign` FOREIGN KEY (`return_id`) REFERENCES `returns` (`return_id`) ON DELETE CASCADE,
  CONSTRAINT `return_items_variant_id_foreign` FOREIGN KEY (`variant_id`) REFERENCES `product_variants` (`variant_id`) ON DELETE CASCADE
) ENGINE=InnoDB DEFAULT CHARSET=utf8mb4 COLLATE=utf8mb4_unicode_ci;
/*!40101 SET character_set_client = @saved_cs_client */;

--
-- Dumping data for table `return_items`
--

LOCK TABLES `return_items` WRITE;
/*!40000 ALTER TABLE `return_items` DISABLE KEYS */;
/*!40000 ALTER TABLE `return_items` ENABLE KEYS */;
UNLOCK TABLES;

--
-- Table structure for table `returns`
--

DROP TABLE IF EXISTS `returns`;
/*!40101 SET @saved_cs_client     = @@character_set_client */;
/*!50503 SET character_set_client = utf8mb4 */;
CREATE TABLE `returns` (
  `return_id` bigint(20) unsigned NOT NULL AUTO_INCREMENT,
  `order_id` bigint(20) unsigned NOT NULL,
  `customer_id` bigint(20) unsigned NOT NULL,
  `return_number` varchar(255) NOT NULL,
  `reason` tinyint(3) unsigned NOT NULL COMMENT 'Lý do trả hàng, ví dụ: 1: Sản phẩm lỗi, 2: Sai sản phẩm...',
  `description` text DEFAULT NULL,
  `status` enum('pending','approved','rejected','refunded','exchanged','cancelled') NOT NULL DEFAULT 'pending' COMMENT 'Return status using ENUM values',
  `refund_amount` decimal(15,2) DEFAULT NULL,
  `type` tinyint(3) unsigned NOT NULL COMMENT '1: Refund, 2: Exchange',
  `admin_note` text DEFAULT NULL,
  `processed_at` timestamp NULL DEFAULT NULL,
  `refunded_at` timestamp NULL DEFAULT NULL,
  `created_at` timestamp NULL DEFAULT NULL,
  `updated_at` timestamp NULL DEFAULT NULL,
  `deleted_at` timestamp NULL DEFAULT NULL,
  PRIMARY KEY (`return_id`),
  UNIQUE KEY `returns_return_number_unique` (`return_number`),
  KEY `returns_order_id_foreign` (`order_id`),
  KEY `returns_customer_id_foreign` (`customer_id`),
  CONSTRAINT `returns_customer_id_foreign` FOREIGN KEY (`customer_id`) REFERENCES `users` (`id`) ON DELETE CASCADE,
  CONSTRAINT `returns_order_id_foreign` FOREIGN KEY (`order_id`) REFERENCES `orders` (`order_id`) ON DELETE CASCADE
) ENGINE=InnoDB AUTO_INCREMENT=51 DEFAULT CHARSET=utf8mb4 COLLATE=utf8mb4_unicode_ci;
/*!40101 SET character_set_client = @saved_cs_client */;

--
-- Dumping data for table `returns`
--

LOCK TABLES `returns` WRITE;
/*!40000 ALTER TABLE `returns` DISABLE KEYS */;
INSERT INTO `returns` VALUES (1,219,97,'RTN-26769305',3,'Saepe facilis itaque qui et debitis ut. Tempora quod dolor reiciendis quo non voluptates. Qui necessitatibus tenetur beatae alias voluptatem omnis. Sapiente eveniet soluta accusamus autem voluptates non iure laborum.','refunded',55898702.00,2,NULL,'2025-10-19 11:49:22',NULL,'2025-10-19 11:49:22','2025-10-19 11:49:22',NULL),(2,209,94,'RTN-87177134',1,'Nam autem aliquam vero laborum vel eum mollitia. Qui veritatis odit aliquam eum. Aut accusantium tenetur laborum excepturi maiores est enim. Voluptatem officia alias nisi iure excepturi nihil.','approved',51052910.00,2,NULL,'2025-10-19 11:49:22',NULL,'2025-10-19 11:49:22','2025-10-19 11:49:22',NULL),(3,35,34,'RTN-21508070',1,'Inventore veritatis provident voluptatem tenetur cupiditate sed a. Qui et qui officiis pariatur excepturi. Beatae cupiditate ut dolor dolorum aut sunt. Quo quod dolor iure qui consequatur.','rejected',127719591.00,1,NULL,'2025-10-19 11:49:22',NULL,'2025-10-19 11:49:22','2025-10-19 11:49:22',NULL),(4,53,41,'RTN-92663558',2,'Sed dignissimos delectus blanditiis. Doloremque omnis repudiandae ut voluptatibus aut. Id commodi dolor aspernatur odio ut.','refunded',41106019.00,2,NULL,'2025-10-19 11:49:22',NULL,'2025-10-19 11:49:22','2025-10-19 11:49:22',NULL),(5,54,41,'RTN-56441962',2,'Dolorum non doloremque delectus id. Quibusdam reiciendis voluptas repellat maxime dolorum est.','approved',101295912.00,2,NULL,'2025-10-19 11:49:22',NULL,'2025-10-19 11:49:22','2025-10-19 11:49:22',NULL),(6,161,80,'RTN-28160717',2,'Rerum est eos rerum. Non repudiandae neque voluptates tenetur quas. Voluptatem autem vel quasi distinctio cumque.','cancelled',141531954.00,1,NULL,'2025-10-19 11:49:22',NULL,'2025-10-19 11:49:22','2025-10-19 11:49:22',NULL),(7,83,52,'RTN-13233680',5,'Et qui possimus delectus consequatur minima. Vel voluptatibus eum adipisci voluptatem sed enim cumque itaque. Molestiae fugit voluptatem dolor ab laudantium sint. Quia et iure et id reiciendis. Laudantium officia deserunt molestiae quia velit accusamus.','approved',83751318.00,1,NULL,'2025-10-19 11:49:22',NULL,'2025-10-19 11:49:22','2025-10-19 11:49:22',NULL),(8,165,81,'RTN-20662716',1,'Iure sint libero ducimus. Natus dolore assumenda sed tempore. Dolorem reiciendis voluptatibus enim. Quaerat quae dolorem soluta ipsam consequatur dolor.','exchanged',82981582.00,1,NULL,'2025-10-19 11:49:22',NULL,'2025-10-19 11:49:22','2025-10-19 11:49:22',NULL),(9,132,68,'RTN-84591699',2,'Odio molestiae dicta et harum omnis excepturi at. Illum distinctio similique quidem reprehenderit animi voluptas. Error quia voluptatum necessitatibus tenetur omnis quod error in.','cancelled',77403090.00,1,NULL,'2025-10-19 11:49:22',NULL,'2025-10-19 11:49:22','2025-10-19 11:49:22',NULL),(10,132,68,'RTN-40885751',2,'Et quibusdam facilis et quos nemo libero dicta. Est delectus ut et ut voluptatem. Veritatis esse molestias sint inventore. Eos vel assumenda sunt sit nam libero autem.','pending',77403090.00,2,NULL,'2025-10-19 11:49:22',NULL,'2025-10-19 11:49:22','2025-10-19 11:49:22',NULL),(11,30,32,'RTN-84257566',1,'Dolor ut nemo reiciendis possimus. Sed nisi quasi vero amet hic et nobis. Ut nam nihil eos eligendi.','pending',116127192.00,2,NULL,'2025-10-19 11:49:22',NULL,'2025-10-19 11:49:22','2025-10-19 11:49:22',NULL),(12,207,94,'RTN-124561',1,'Voluptatum hic nihil dolorum accusamus doloremque rerum enim omnis. Et quia ad earum consectetur asperiores sed repudiandae qui. Nobis unde esse ratione est nihil porro.','cancelled',33765304.00,2,NULL,'2025-10-19 11:49:22',NULL,'2025-10-19 11:49:22','2025-10-19 11:49:22',NULL),(13,205,93,'RTN-21443183',1,'Facere dolor blanditiis officia et expedita id. Dolore ducimus dolorum tempora voluptas.','rejected',31018302.00,2,NULL,'2025-10-19 11:49:22',NULL,'2025-10-19 11:49:22','2025-10-19 11:49:22',NULL),(14,132,68,'RTN-72892595',4,'Qui quo consectetur reiciendis minus. Aspernatur voluptatem quia minus iusto est consectetur doloribus. Et ut quia nesciunt omnis sequi et eius.','cancelled',77403090.00,1,NULL,'2025-10-19 11:49:22',NULL,'2025-10-19 11:49:22','2025-10-19 11:49:22',NULL),(15,280,115,'RTN-75930493',3,'Dicta ut repellat ipsum tenetur ipsam laudantium voluptas. Eos sed dolorum quia doloribus. Qui deserunt delectus delectus omnis. Repudiandae odio modi natus ea autem.','rejected',82981582.00,1,NULL,'2025-10-19 11:49:22',NULL,'2025-10-19 11:49:22','2025-10-19 11:49:22',NULL),(16,132,68,'RTN-93164196',5,'Totam perferendis explicabo animi labore modi aut sed. Aperiam aliquid accusantium aut et. Incidunt maiores voluptatem itaque qui aut eaque. Animi id accusamus ut nobis sit. Non velit corrupti quia.','cancelled',77403090.00,1,NULL,'2025-10-19 11:49:22',NULL,'2025-10-19 11:49:22','2025-10-19 11:49:22',NULL),(17,153,78,'RTN-78209548',4,'Ratione explicabo sint id tenetur commodi. Natus eos repudiandae reiciendis consequatur eum adipisci. Accusamus recusandae facere voluptas.','approved',91403090.00,2,NULL,'2025-10-19 11:49:22',NULL,'2025-10-19 11:49:22','2025-10-19 11:49:22',NULL),(18,161,80,'RTN-11790064',2,'Reiciendis incidunt voluptas minus ipsa et similique. Vel corporis molestias aliquam animi voluptatum dolorem. Quia quo tempore et eos est autem voluptatibus expedita. Ducimus quisquam provident quia aut velit dolorem.','cancelled',141531954.00,2,NULL,'2025-10-19 11:49:22',NULL,'2025-10-19 11:49:22','2025-10-19 11:49:22',NULL),(19,153,78,'RTN-26675393',3,'Qui in labore odio suscipit iste ipsam. Delectus ipsam qui autem sit dolores. Non laborum commodi aut repellendus laudantium.','refunded',47663658.00,2,NULL,'2025-10-19 11:49:22',NULL,'2025-10-19 11:49:22','2025-10-19 11:49:22',NULL),(20,97,56,'RTN-94429952',4,'Voluptas et aut mollitia vel et. Architecto eius quia perferendis quaerat doloremque minima. Soluta eaque vel quae.','cancelled',36322767.00,1,NULL,'2025-10-19 11:49:22',NULL,'2025-10-19 11:49:22','2025-10-19 11:49:22',NULL),(21,105,58,'RTN-41749898',5,'Rerum dolorum ipsa quas ex sit. Vitae perspiciatis quis nemo voluptatem.','pending',45198393.00,2,NULL,'2025-10-19 11:49:22',NULL,'2025-10-19 11:49:22','2025-10-19 11:49:22',NULL),(22,209,94,'RTN-35278949',1,'Ut deserunt nihil praesentium dolorem vel. Molestiae aut suscipit rem error. Et dolor nemo sed dolores corporis.','pending',88778150.00,1,NULL,'2025-10-19 11:49:22',NULL,'2025-10-19 11:49:22','2025-10-19 11:49:22',NULL),(23,199,92,'RTN-70483155',4,'Numquam sequi sit enim. Deserunt nulla rem nostrum. Voluptate enim maxime autem est vel ex quia.','rejected',65347516.00,1,NULL,'2025-10-19 11:49:22',NULL,'2025-10-19 11:49:22','2025-10-19 11:49:22',NULL),(24,105,58,'RTN-16876931',4,'Voluptates ducimus temporibus corporis et et. Quidem excepturi et ipsum eum molestiae pariatur. Id consequatur delectus et praesentium exercitationem. Architecto non suscipit fugiat ea est ut expedita.','pending',45198393.00,1,NULL,'2025-10-19 11:49:22',NULL,'2025-10-19 11:49:22','2025-10-19 11:49:22',NULL),(25,249,106,'RTN-55713839',3,'Qui sint iure dolores saepe ad et. Reprehenderit quae animi et perspiciatis labore. Ipsam ut vitae necessitatibus et temporibus.','approved',40403926.00,2,NULL,'2025-10-19 11:49:22',NULL,'2025-10-19 11:49:22','2025-10-19 11:49:22',NULL),(26,54,41,'RTN-75343354',1,'Magnam occaecati ea fugit at. Expedita culpa ea ex enim aperiam et voluptas officiis. Ducimus quam possimus voluptate eum quaerat quo. Et molestiae consequatur suscipit voluptas.','approved',101295912.00,1,NULL,'2025-10-19 11:49:22',NULL,'2025-10-19 11:49:22','2025-10-19 11:49:22',NULL),(27,280,115,'RTN-58923931',3,'Explicabo error et id quo similique. Quis consequatur nihil ullam animi modi.','pending',41692932.00,2,NULL,'2025-10-19 11:49:22',NULL,'2025-10-19 11:49:22','2025-10-19 11:49:22',NULL),(28,207,94,'RTN-38335575',3,'Id id praesentium enim. Laudantium reprehenderit explicabo aliquam sed in eum perspiciatis sit. Sint quaerat velit quia quo quo et doloribus voluptatum.','refunded',73090624.00,2,NULL,'2025-10-19 11:49:22',NULL,'2025-10-19 11:49:22','2025-10-19 11:49:22',NULL),(29,20,29,'RTN-35566724',1,'Delectus illum consequuntur quaerat officia et quia. Et qui aut nobis. Repudiandae qui mollitia voluptates.','refunded',48049143.00,2,NULL,'2025-10-19 11:49:22',NULL,'2025-10-19 11:49:22','2025-10-19 11:49:22',NULL),(30,30,32,'RTN-87505612',3,'Voluptatem qui corporis nihil sed temporibus. Soluta dicta quaerat nam autem. A omnis dolorem placeat. Numquam velit ut possimus molestiae ex est pariatur.','approved',116127192.00,1,NULL,'2025-10-19 11:49:22',NULL,'2025-10-19 11:49:22','2025-10-19 11:49:22',NULL),(31,161,80,'RTN-41540027',3,'Ea voluptatem reiciendis mollitia pariatur perferendis exercitationem. Nisi eveniet aut quia. Ut omnis non aut eligendi.','cancelled',992302.00,2,NULL,'2025-10-19 11:49:22',NULL,'2025-10-19 11:49:22','2025-10-19 11:49:22',NULL),(32,54,41,'RTN-92186170',2,'Voluptates quisquam dolorem illo a. Aut quia autem et sed reprehenderit. Eaque deleniti consequatur distinctio architecto. Qui facilis hic dolor dolorem nesciunt quis et voluptates.','rejected',24394845.00,1,NULL,'2025-10-19 11:49:22',NULL,'2025-10-19 11:49:22','2025-10-19 11:49:22',NULL),(33,126,66,'RTN-80044856',4,'Iure fugit inventore quae reiciendis quod. Asperiores aut nam quia in odit sit quidem. Pariatur minima totam qui asperiores quia animi facilis. Vel sint inventore nulla et.','refunded',48049143.00,1,NULL,'2025-10-19 11:49:22',NULL,'2025-10-19 11:49:22','2025-10-19 11:49:22',NULL),(34,97,56,'RTN-66188080',1,'Quas autem consequatur labore nostrum asperiores ut voluptatibus. Voluptatem error dolorum eaque doloremque assumenda. Deleniti rerum dolor omnis laudantium cupiditate. Ab laudantium laudantium autem repellat deleniti velit hic.','exchanged',13446951.00,2,NULL,'2025-10-19 11:49:22',NULL,'2025-10-19 11:49:22','2025-10-19 11:49:22',NULL),(35,219,97,'RTN-69487140',4,'Eum asperiores consequuntur distinctio. Deserunt aut perspiciatis eum eum. Dolor consequatur reiciendis ut magnam.','refunded',20846466.00,2,NULL,'2025-10-19 11:49:22',NULL,'2025-10-19 11:49:22','2025-10-19 11:49:22',NULL),(36,97,56,'RTN-5810714',2,'Mollitia voluptates nam optio ab ea maiores. Placeat inventore libero deserunt non veritatis omnis quo. Voluptatem commodi laborum ullam explicabo laboriosam odit. Asperiores quasi omnis numquam assumenda harum.','approved',9881694.00,1,NULL,'2025-10-19 11:49:22',NULL,'2025-10-19 11:49:22','2025-10-19 11:49:22',NULL),(37,135,68,'RTN-5064822',5,'Voluptas dolorem ut earum aut hic. Explicabo a delectus porro a ut quo. Qui itaque eaque fugiat.','cancelled',82152666.00,2,NULL,'2025-10-19 11:49:22',NULL,'2025-10-19 11:49:22','2025-10-19 11:49:22',NULL),(38,20,29,'RTN-92861618',4,'Sunt maxime dignissimos aut voluptates ut quis. Et aut soluta eos asperiores iure et. Corporis sunt dolorum corrupti numquam quae ut quisquam.','rejected',48049143.00,1,NULL,'2025-10-19 11:49:22',NULL,'2025-10-19 11:49:22','2025-10-19 11:49:22',NULL),(39,97,56,'RTN-44452144',5,'Illum sed consectetur quae consectetur tenetur. Sit laborum omnis delectus eius hic temporibus. Debitis necessitatibus hic recusandae quaerat nihil non. Labore perspiciatis dolor molestias voluptas.','cancelled',13446951.00,2,NULL,'2025-10-19 11:49:22',NULL,'2025-10-19 11:49:22','2025-10-19 11:49:22',NULL),(40,54,41,'RTN-6392172',4,'Et quos rerum laudantium corrupti. Veniam unde quibusdam vitae omnis sed ducimus quia. Vel laboriosam quae et non molestias aut. Dolore inventore molestiae saepe omnis laudantium.','exchanged',101295912.00,1,NULL,'2025-10-19 11:49:22',NULL,'2025-10-19 11:49:22','2025-10-19 11:49:22',NULL),(41,255,108,'RTN-2223336',2,'Sequi et et et. Quidem delectus nihil rerum voluptatem ipsum sequi et.','exchanged',36545312.00,1,NULL,'2025-10-19 11:49:22',NULL,'2025-10-19 11:49:22','2025-10-19 11:49:22',NULL),(42,249,106,'RTN-31839020',3,'Eos et qui placeat veniam iusto et minus. Quaerat minima vel enim praesentium magni quo. Ex quasi id sunt suscipit a.','pending',2381002.00,1,NULL,'2025-10-19 11:49:22',NULL,'2025-10-19 11:49:22','2025-10-19 11:49:22',NULL),(43,135,68,'RTN-35595062',4,'Impedit sapiente suscipit similique tenetur nobis et iste. Ab et et deserunt sequi ipsam quod eaque. Et adipisci accusamus ad sed eaque voluptatum et.','pending',82152666.00,1,NULL,'2025-10-19 11:49:22',NULL,'2025-10-19 11:49:22','2025-10-19 11:49:22',NULL),(44,263,110,'RTN-78145659',4,'Ad nesciunt rerum consectetur aspernatur earum odio. Ut officiis quia quis commodi incidunt sunt. Officia non ut dolor fugit aliquid quia.','cancelled',37830703.00,2,NULL,'2025-10-19 11:49:22',NULL,'2025-10-19 11:49:22','2025-10-19 11:49:22',NULL),(45,207,94,'RTN-17363511',2,'Ratione doloribus consectetur aut beatae voluptatem animi atque. Exercitationem iure velit nam est. Iusto culpa quia magnam optio aperiam dolor.','cancelled',33765304.00,2,NULL,'2025-10-19 11:49:22',NULL,'2025-10-19 11:49:22','2025-10-19 11:49:22',NULL),(46,23,30,'RTN-37366417',5,'Dolores consequatur atque qui perferendis magnam deleniti quos. Commodi quia praesentium eum nisi officiis. Molestias suscipit quo adipisci labore animi.','approved',29392240.00,2,NULL,'2025-10-19 11:49:22',NULL,'2025-10-19 11:49:22','2025-10-19 11:49:22',NULL),(47,50,39,'RTN-50317659',2,'Placeat vero omnis et saepe labore. Magni accusantium soluta eius laudantium.','refunded',11266281.00,2,NULL,'2025-10-19 11:49:22',NULL,'2025-10-19 11:49:22','2025-10-19 11:49:22',NULL),(48,83,52,'RTN-35587368',2,'Ipsa aut ut sunt asperiores suscipit dolor est odio. Dolor soluta dolor autem fuga molestias ut. Unde sint sunt ad voluptatem dicta. Voluptatibus officia ut aut facilis qui repudiandae voluptatum.','exchanged',26713042.00,2,NULL,'2025-10-19 11:49:22',NULL,'2025-10-19 11:49:22','2025-10-19 11:49:22',NULL),(49,205,93,'RTN-39464600',2,'Libero dolore dicta in sit eos. Magnam nam aut quos est est tenetur sed repellat. Reprehenderit magni ut architecto enim odio. Et quis vero aliquid quod ut eum ullam.','exchanged',31018302.00,2,NULL,'2025-10-19 11:49:22',NULL,'2025-10-19 11:49:22','2025-10-19 11:49:22',NULL),(50,233,101,'RTN-7824903',2,'Distinctio non sit recusandae quia ut. Vel aut ullam laboriosam labore quia eum. Aut autem voluptatibus tempora quaerat omnis. In ipsam itaque ad eos. Dolores occaecati ipsum ipsam accusantium.','rejected',43595814.00,2,NULL,'2025-10-19 11:49:22',NULL,'2025-10-19 11:49:22','2025-10-19 11:49:22',NULL);
/*!40000 ALTER TABLE `returns` ENABLE KEYS */;
UNLOCK TABLES;

--
-- Table structure for table `review_media`
--

DROP TABLE IF EXISTS `review_media`;
/*!40101 SET @saved_cs_client     = @@character_set_client */;
/*!50503 SET character_set_client = utf8mb4 */;
CREATE TABLE `review_media` (
  `id` bigint(20) unsigned NOT NULL AUTO_INCREMENT,
  `review_id` bigint(20) unsigned NOT NULL,
  `media_type` enum('image','video') NOT NULL DEFAULT 'image',
  `file_name` varchar(255) NOT NULL,
  `file_path` varchar(500) NOT NULL,
  `mime_type` varchar(100) NOT NULL,
  `file_size` int(10) unsigned NOT NULL,
  `metadata` longtext CHARACTER SET utf8mb4 COLLATE utf8mb4_bin DEFAULT NULL CHECK (json_valid(`metadata`)),
  `display_order` smallint(6) NOT NULL DEFAULT 0,
  `is_primary` tinyint(1) NOT NULL DEFAULT 0,
  `created_at` timestamp NULL DEFAULT NULL,
  `updated_at` timestamp NULL DEFAULT NULL,
  PRIMARY KEY (`id`),
  KEY `review_media_review_id_display_order_index` (`review_id`,`display_order`),
  KEY `review_media_media_type_created_at_index` (`media_type`,`created_at`),
  KEY `review_media_is_primary_index` (`is_primary`),
  CONSTRAINT `review_media_review_id_foreign` FOREIGN KEY (`review_id`) REFERENCES `reviews` (`review_id`) ON DELETE CASCADE
) ENGINE=InnoDB DEFAULT CHARSET=utf8mb4 COLLATE=utf8mb4_unicode_ci;
/*!40101 SET character_set_client = @saved_cs_client */;

--
-- Dumping data for table `review_media`
--

LOCK TABLES `review_media` WRITE;
/*!40000 ALTER TABLE `review_media` DISABLE KEYS */;
/*!40000 ALTER TABLE `review_media` ENABLE KEYS */;
UNLOCK TABLES;

--
-- Table structure for table `reviews`
--

DROP TABLE IF EXISTS `reviews`;
/*!40101 SET @saved_cs_client     = @@character_set_client */;
/*!50503 SET character_set_client = utf8mb4 */;
CREATE TABLE `reviews` (
  `review_id` bigint(20) unsigned NOT NULL AUTO_INCREMENT,
  `product_id` bigint(20) unsigned NOT NULL,
  `user_id` bigint(20) unsigned NOT NULL,
  `rating` tinyint(3) unsigned NOT NULL,
  `comment` text DEFAULT NULL,
  `is_approved` tinyint(1) NOT NULL DEFAULT 0,
  `created_at` timestamp NULL DEFAULT NULL,
  `updated_at` timestamp NULL DEFAULT NULL,
  `deleted_at` timestamp NULL DEFAULT NULL,
  PRIMARY KEY (`review_id`),
  UNIQUE KEY `reviews_product_id_user_id_unique` (`product_id`,`user_id`),
  KEY `reviews_user_id_foreign` (`user_id`),
  CONSTRAINT `reviews_product_id_foreign` FOREIGN KEY (`product_id`) REFERENCES `products` (`product_id`) ON DELETE CASCADE,
  CONSTRAINT `reviews_user_id_foreign` FOREIGN KEY (`user_id`) REFERENCES `users` (`id`) ON DELETE CASCADE
) ENGINE=InnoDB AUTO_INCREMENT=278 DEFAULT CHARSET=utf8mb4 COLLATE=utf8mb4_unicode_ci;
/*!40101 SET character_set_client = @saved_cs_client */;

--
-- Dumping data for table `reviews`
--

LOCK TABLES `reviews` WRITE;
/*!40000 ALTER TABLE `reviews` DISABLE KEYS */;
INSERT INTO `reviews` VALUES (1,2,34,1,'Adipisci molestiae itaque optio harum nulla. Eos explicabo quis accusamus corrupti fuga quia veritatis. Molestiae repudiandae veritatis cupiditate voluptatem corporis. Iure quaerat et natus nesciunt.',1,'2025-10-19 11:49:22','2025-10-19 11:49:22',NULL),(2,2,57,1,'Amet dolorem quam reiciendis eum. Pariatur error nulla excepturi aut. Maiores ut qui dolor necessitatibus. Ipsam est perferendis porro sunt neque possimus.',1,'2025-10-19 11:49:22','2025-10-19 11:49:22',NULL),(3,2,59,4,'Officia qui aut sed et ab tempora. Aut placeat hic aut. Possimus provident vitae tenetur consequuntur accusamus mollitia.',1,'2025-10-19 11:49:22','2025-10-19 11:49:22',NULL),(4,6,34,4,'Sit maiores beatae reiciendis at. Cum repellendus amet voluptas aut rerum. Quod aut sunt similique eaque temporibus aliquid qui. Dignissimos at voluptas est repellendus nihil.',1,'2025-10-19 11:49:22','2025-10-19 11:49:22',NULL),(5,6,64,3,'Dicta quisquam reprehenderit sint autem aut voluptate fugit. Libero incidunt ducimus quod ipsam nesciunt ex. Ducimus et alias qui molestias nihil aspernatur.',1,'2025-10-19 11:49:22','2025-10-19 11:49:22',NULL),(6,6,76,3,'Tempore quis nemo minus iusto voluptate soluta. Quis aliquid libero vel nesciunt perspiciatis. Ipsa recusandae reiciendis sit et dolore sapiente. Qui accusamus aperiam voluptate maiores.',1,'2025-10-19 11:49:22','2025-10-19 11:49:22',NULL),(7,6,79,2,'Nihil iure dolorem at dignissimos. Sint quae et et saepe eveniet. Veritatis omnis eos nihil rem omnis vero. Ut reprehenderit occaecati dolores debitis dolores officiis.',1,'2025-10-19 11:49:22','2025-10-19 11:49:22',NULL),(8,6,81,4,'Est suscipit cupiditate ut aperiam eaque esse. Eaque totam voluptas non consequuntur hic sit omnis similique. Sunt quia eligendi labore. Et possimus doloremque quaerat accusamus exercitationem sunt saepe.',1,'2025-10-19 11:49:22','2025-10-19 11:49:22',NULL),(9,6,96,4,'Necessitatibus doloribus necessitatibus maiores officia. Corrupti blanditiis rerum reiciendis commodi perferendis a sapiente. Facilis eos vero laboriosam ad nihil porro.',1,'2025-10-19 11:49:22','2025-10-19 11:49:22',NULL),(10,6,101,4,'Et ipsa aliquam et labore. Et voluptatem sit dolores doloremque expedita eveniet ut nobis. Esse voluptatibus aut dolores in et sint pariatur.',1,'2025-10-19 11:49:22','2025-10-19 11:49:22',NULL),(11,6,104,3,'Et qui et est pariatur. Aliquam doloribus dolorem consequatur id magni. Molestias voluptatem voluptate quia nostrum mollitia id.',1,'2025-10-19 11:49:22','2025-10-19 11:49:22',NULL),(12,6,106,1,'Alias voluptas harum repudiandae quia quisquam recusandae blanditiis. Placeat quaerat et cum mollitia voluptatem nobis. Totam doloribus qui aut est id quis aliquam.',1,'2025-10-19 11:49:22','2025-10-19 11:49:22',NULL),(13,6,116,5,'Perspiciatis a modi illum ut ratione aut perferendis. Nulla perspiciatis delectus quis ut animi esse velit. Perspiciatis consequatur non deleniti voluptas dolores occaecati. Quia minus cumque itaque ut nulla ex. Ipsum illo totam nulla.',1,'2025-10-19 11:49:22','2025-10-19 11:49:22',NULL),(14,7,47,4,'Dolore sed occaecati autem tenetur libero commodi. Suscipit vel vel voluptas sit temporibus. Ut nemo consequatur sed. Et magni tempora ut.',1,'2025-10-19 11:49:22','2025-10-19 11:49:22',NULL),(15,7,65,1,'Neque odio modi error nemo temporibus unde. Magnam in omnis veniam a nostrum. Facere rerum repudiandae dolores asperiores.',1,'2025-10-19 11:49:22','2025-10-19 11:49:22',NULL),(16,7,90,5,'Fugit sit nihil at sit est provident aliquid. Optio maiores veritatis aut ut debitis illum totam mollitia. Aut quis similique et beatae. Ipsum saepe quisquam ea impedit autem.',1,'2025-10-19 11:49:22','2025-10-19 11:49:22',NULL),(17,7,115,4,'Vitae id tempora est sunt dolor ut quisquam et. Aspernatur consequatur consequatur voluptas veniam quidem qui. Facere itaque dolore ducimus iste ut.',1,'2025-10-19 11:49:22','2025-10-19 11:49:22',NULL),(18,7,120,1,'Ut aut aperiam quis occaecati sapiente et rerum. Libero fuga voluptatem consectetur necessitatibus aut dignissimos iure. Ad sint rerum minus.',1,'2025-10-19 11:49:22','2025-10-19 11:49:22',NULL),(19,8,87,1,'Dolorum vero excepturi et totam placeat. Alias odio voluptas aut accusantium fugiat quisquam quo aspernatur. Soluta officiis hic consequatur quia fugiat.',1,'2025-10-19 11:49:22','2025-10-19 11:49:22',NULL),(20,9,33,2,'Ut sit vel optio fugit. Id rerum enim delectus dicta. Minus est sit quam dolore quae pariatur maiores.',1,'2025-10-19 11:49:22','2025-10-19 11:49:22',NULL),(21,9,44,1,'Voluptas dolorem velit dolorum velit dolore earum. Modi eius officia omnis itaque est eaque. Magni nihil quis pariatur distinctio adipisci. Quia necessitatibus eos nulla suscipit omnis ea excepturi.',1,'2025-10-19 11:49:22','2025-10-19 11:49:22',NULL),(22,9,111,2,'Aut velit nam in voluptatem. Autem minima voluptatem ipsam qui. Quo odio accusantium accusamus aut.',1,'2025-10-19 11:49:22','2025-10-19 11:49:22',NULL),(23,10,23,2,'Aliquid asperiores quisquam dolore libero. Molestiae et omnis libero natus est hic reprehenderit. Sit necessitatibus cum reprehenderit saepe.',1,'2025-10-19 11:49:22','2025-10-19 11:49:22',NULL),(24,10,28,3,'Quis voluptatem nihil voluptates qui et qui unde. Nihil facere delectus et eos et. Similique eum perferendis voluptas sunt voluptatum natus impedit. Illo eligendi hic nesciunt praesentium.',1,'2025-10-19 11:49:22','2025-10-19 11:49:22',NULL),(25,10,29,1,'Culpa voluptate voluptatem voluptatum a voluptatem. Sit voluptatem iure in.',1,'2025-10-19 11:49:22','2025-10-19 11:49:22',NULL),(26,10,31,4,'Facere nemo perspiciatis error beatae odit. Aliquid alias animi dolorem tempore voluptatibus tempore. Et officiis sint voluptates dolorem aperiam qui. Magni esse qui quisquam amet placeat. Sint amet laudantium maxime soluta exercitationem.',1,'2025-10-19 11:49:22','2025-10-19 11:49:22',NULL),(27,10,46,3,'Et alias aspernatur excepturi in. Asperiores nostrum nesciunt quaerat cupiditate officia.',1,'2025-10-19 11:49:22','2025-10-19 11:49:22',NULL),(28,10,48,3,'Consectetur eveniet illum neque tenetur atque aut quos aut. Iusto aut inventore culpa qui occaecati facilis. Quasi unde placeat sint consequatur. Molestiae minus quas quibusdam expedita.',1,'2025-10-19 11:49:22','2025-10-19 11:49:22',NULL),(29,10,54,3,'Voluptates optio est quia perferendis odio. Et est quis consectetur reprehenderit dolores voluptatibus ea. Qui error et tempore vel voluptates corrupti in voluptates. Velit rerum exercitationem qui est placeat.',1,'2025-10-19 11:49:22','2025-10-19 11:49:22',NULL),(30,10,91,4,'Harum explicabo blanditiis eos. Sit ratione quia quidem illo. Cupiditate et et sit rem. Quasi harum quaerat libero laudantium.',1,'2025-10-19 11:49:22','2025-10-19 11:49:22',NULL),(31,10,95,3,'Aut voluptas aut dolorum laudantium. Dolorem maxime doloremque asperiores quam et. Consequatur sed dignissimos eos consectetur sint consequatur. Minima quos in qui ea error.',1,'2025-10-19 11:49:22','2025-10-19 11:49:22',NULL),(32,10,106,5,'Possimus fuga aut aut et. Explicabo quaerat consectetur sed aut ut velit labore.',1,'2025-10-19 11:49:22','2025-10-19 11:49:22',NULL),(33,12,46,3,'Voluptatem aspernatur ut excepturi accusamus et corporis. Et sunt voluptatem est. Adipisci aliquam inventore qui ipsa.',1,'2025-10-19 11:49:22','2025-10-19 11:49:22',NULL),(34,12,48,3,'Temporibus quidem adipisci et qui illum nesciunt qui dolores. Aut rerum ullam animi molestiae alias.',1,'2025-10-19 11:49:22','2025-10-19 11:49:22',NULL),(35,12,52,4,'Similique impedit alias minus eveniet. Et est et pariatur. Cum iste impedit et iste eaque quis. Amet voluptate totam dicta fugiat odio voluptas.',1,'2025-10-19 11:49:22','2025-10-19 11:49:22',NULL),(36,12,65,1,'Et voluptatem asperiores ut voluptatem iusto. Quo minus rerum beatae magni itaque et quia. Corrupti quaerat tempore maxime iure.',1,'2025-10-19 11:49:22','2025-10-19 11:49:22',NULL),(37,12,81,3,'Fuga magnam ab et provident omnis. In laboriosam molestiae libero quia delectus neque consequatur. Facere sapiente facere sit tenetur.',1,'2025-10-19 11:49:22','2025-10-19 11:49:22',NULL),(38,12,90,1,'Corrupti deleniti accusamus assumenda sunt cum nulla impedit possimus. Voluptas doloribus in ducimus minus. Sit ut nemo harum rerum quasi aut provident. Aspernatur deserunt quae quia ea omnis.',1,'2025-10-19 11:49:22','2025-10-19 11:49:22',NULL),(39,12,92,5,'Omnis voluptatem sunt qui eius ea. Doloremque dolores veniam cumque sint modi sunt. Corporis est quod ipsa et quos et.',1,'2025-10-19 11:49:22','2025-10-19 11:49:22',NULL),(40,12,94,1,'Quibusdam velit possimus explicabo sequi ad. Eos maiores molestias debitis.',1,'2025-10-19 11:49:22','2025-10-19 11:49:22',NULL),(41,12,96,5,'Veniam autem qui hic maiores repellat quas. Ad maxime deserunt impedit optio et qui. Recusandae eum omnis autem qui.',1,'2025-10-19 11:49:22','2025-10-19 11:49:22',NULL),(42,12,117,4,'Excepturi aut dolorem sed consequatur libero. Animi voluptate quaerat dolores ad voluptas explicabo aperiam maxime. Est ipsam laborum aut suscipit voluptas qui.',1,'2025-10-19 11:49:22','2025-10-19 11:49:22',NULL),(43,13,32,5,'Qui repellat magni aliquid alias est molestias. Id tenetur nesciunt ea nostrum doloribus sit. Consectetur non libero assumenda occaecati voluptatem nostrum nihil cum.',1,'2025-10-19 11:49:22','2025-10-19 11:49:22',NULL),(44,13,42,1,'Consectetur est doloremque beatae ea in sint itaque ut. Temporibus quo non quis itaque similique expedita inventore quia. Omnis officiis et aspernatur ullam aliquid a iste.',1,'2025-10-19 11:49:22','2025-10-19 11:49:22',NULL),(45,13,53,3,'Quo quia eveniet possimus fugiat doloremque. Vel a architecto eius soluta excepturi quia. Velit et sed possimus perspiciatis consequatur reiciendis. Deserunt ducimus sapiente quia necessitatibus error fugit.',1,'2025-10-19 11:49:22','2025-10-19 11:49:22',NULL),(46,13,58,5,'Et illo labore explicabo et modi. Vel doloribus a sint ut qui ipsa repellendus. Reiciendis commodi numquam corporis quia velit accusantium et.',1,'2025-10-19 11:49:22','2025-10-19 11:49:22',NULL),(47,13,87,4,'Assumenda beatae est laborum quasi sint sed. Consequatur dolor dolores odio iste officiis. Quidem cumque maxime aut rerum.',1,'2025-10-19 11:49:22','2025-10-19 11:49:22',NULL),(48,13,90,4,'Similique et et sed a animi. Fuga illum quis eos sint. Eos culpa distinctio tenetur molestias.',1,'2025-10-19 11:49:22','2025-10-19 11:49:22',NULL),(49,13,95,5,'Provident sed voluptatem quis laboriosam quaerat. Et possimus maxime aperiam doloremque. Quod magnam tempora sequi.',1,'2025-10-19 11:49:22','2025-10-19 11:49:22',NULL),(50,13,97,4,'Enim temporibus aperiam aut quod debitis in consequuntur. Aperiam ut non non ab molestiae et. Non occaecati officiis exercitationem. Vero ad amet architecto sed.',1,'2025-10-19 11:49:22','2025-10-19 11:49:22',NULL),(51,19,30,1,'Doloremque quia at aliquid ipsa et. Maiores ipsam occaecati est molestiae ut et.',1,'2025-10-19 11:49:22','2025-10-19 11:49:22',NULL),(52,19,32,4,'Qui consequatur dolores sit ipsam exercitationem dolores et. Maxime assumenda et iusto ut quia. Magni libero reprehenderit nostrum quis. Adipisci iusto ut fugiat qui.',1,'2025-10-19 11:49:22','2025-10-19 11:49:22',NULL),(53,19,46,1,'Deleniti non sapiente fuga est. Rerum excepturi quam aut repellat. Corporis enim eius animi consequatur laudantium. Aut quos accusamus non ut.',1,'2025-10-19 11:49:22','2025-10-19 11:49:22',NULL),(54,19,51,4,'Laudantium placeat ab fugit eum maiores. Qui sunt facere et dolorem facilis modi sequi. Aut sint dolor aspernatur voluptate est non non. Consequatur et aperiam ratione fugiat asperiores.',1,'2025-10-19 11:49:22','2025-10-19 11:49:22',NULL),(55,19,57,1,'Vero soluta consectetur est et voluptas doloremque voluptatem modi. Amet consequatur dolores officia asperiores. Dolor et et quo ipsam voluptatibus.',1,'2025-10-19 11:49:22','2025-10-19 11:49:22',NULL),(56,19,61,3,'Omnis libero dolor unde dolor hic est. Assumenda eligendi et dolor qui aut iure. Et quis enim aut facere asperiores odio. Perspiciatis aut explicabo officia commodi aut.',1,'2025-10-19 11:49:22','2025-10-19 11:49:22',NULL),(57,19,63,3,'Ipsam sint nisi et pariatur accusamus molestias. Eum quo dolor repudiandae soluta eveniet itaque corporis.',1,'2025-10-19 11:49:22','2025-10-19 11:49:22',NULL),(58,19,68,3,'Temporibus aliquid dolorem ut distinctio. Amet tempora est qui sint nulla. Nihil rem id eos pariatur magni nihil quaerat. Quia voluptate velit occaecati nihil earum cumque molestias.',1,'2025-10-19 11:49:22','2025-10-19 11:49:22',NULL),(59,19,85,5,'Voluptas sed eligendi voluptatem cum est debitis maiores qui. Magnam at et facilis provident similique. Rerum ea minima est quia. Ut ut velit id non qui saepe.',1,'2025-10-19 11:49:22','2025-10-19 11:49:22',NULL),(60,19,94,3,'Nam dolore illo fugiat eveniet corrupti consequuntur. Ipsam eius ut et sit. Quod consequatur delectus non aut aut a. Exercitationem blanditiis consequatur officiis quos nam.',1,'2025-10-19 11:49:22','2025-10-19 11:49:22',NULL),(61,21,42,1,'Ratione odit pariatur dolore sunt ex veniam eligendi. Officiis blanditiis nihil omnis totam aut at quis eum. Dolorem error odio dolor molestias.',1,'2025-10-19 11:49:22','2025-10-19 11:49:22',NULL),(62,21,45,1,'Nesciunt ut quos a possimus. Facilis sapiente et quia eveniet. Porro corrupti consequatur error. Distinctio ducimus perferendis quibusdam non praesentium.',1,'2025-10-19 11:49:22','2025-10-19 11:49:22',NULL),(63,21,53,4,'Fugit architecto in nihil explicabo. Vero quam aliquam sint maxime. At praesentium itaque dolores sed et.',1,'2025-10-19 11:49:22','2025-10-19 11:49:22',NULL),(64,21,98,3,'Et quo non et excepturi aut quasi. Voluptas aliquam iusto et illum itaque sunt. Eum omnis eveniet corporis nam. Voluptas animi ex non omnis quas.',1,'2025-10-19 11:49:22','2025-10-19 11:49:22',NULL),(65,23,95,3,'Ut non architecto et iusto. Qui et est rem. Quis tempore et recusandae quia consequuntur non est. Sed omnis autem cumque assumenda aut enim necessitatibus.',1,'2025-10-19 11:49:22','2025-10-19 11:49:22',NULL),(66,23,97,2,'Quisquam nihil voluptatibus quaerat delectus eos. Quasi cum praesentium laudantium voluptatem minima id at. Optio ut sapiente optio aut ut cupiditate.',1,'2025-10-19 11:49:22','2025-10-19 11:49:22',NULL),(67,23,108,4,'Ab quasi sequi nulla. Consequatur explicabo eum et maxime mollitia porro voluptas maxime. Molestiae est vitae nemo aliquid natus maiores blanditiis vel. Ipsam non magni et magnam ratione quia necessitatibus.',1,'2025-10-19 11:49:22','2025-10-19 11:49:22',NULL),(68,23,116,2,'Modi quo et consequatur et. Odio rerum blanditiis libero quis eum reiciendis beatae. Enim magnam alias eius assumenda quae quisquam.',1,'2025-10-19 11:49:22','2025-10-19 11:49:22',NULL),(69,25,29,2,'Eligendi quia illum in corporis fuga. Distinctio praesentium maiores rerum quia quis eum. Aut deleniti rem qui hic qui rem.',1,'2025-10-19 11:49:22','2025-10-19 11:49:22',NULL),(70,25,31,4,'Voluptatem dolores officiis fugit aspernatur. Quidem delectus modi autem fugit voluptatem. Possimus odit cum voluptatem est.',1,'2025-10-19 11:49:22','2025-10-19 11:49:22',NULL),(71,25,53,4,'Aut temporibus sapiente impedit commodi ab mollitia mollitia. Eos qui voluptas quas asperiores. Pariatur suscipit minima esse ipsam. Et ut sapiente quaerat et est perspiciatis soluta itaque.',1,'2025-10-19 11:49:22','2025-10-19 11:49:22',NULL),(72,25,55,3,'Dignissimos et excepturi aut. Possimus vel nam ut beatae. Sit et consectetur voluptatem.',1,'2025-10-19 11:49:22','2025-10-19 11:49:22',NULL),(73,25,59,5,'Cumque est accusantium aperiam qui ex vel non at. Facilis veritatis debitis voluptas aspernatur quibusdam assumenda praesentium. Est cupiditate vel alias vel neque esse. Sapiente non expedita animi sunt voluptates quam voluptate.',1,'2025-10-19 11:49:22','2025-10-19 11:49:22',NULL),(74,29,26,1,'Quas porro iure sed itaque ipsum qui sit doloremque. Soluta ut facere tempora quia.',1,'2025-10-19 11:49:22','2025-10-19 11:49:22',NULL),(75,29,43,1,'Quasi explicabo libero officiis vitae aut. Molestiae aut nihil iusto unde. Et exercitationem commodi qui sit omnis repellendus. Itaque eligendi autem dolores laudantium hic quidem delectus et.',1,'2025-10-19 11:49:22','2025-10-19 11:49:22',NULL),(76,29,64,2,'Culpa neque et officia omnis in nostrum odio. Nulla minus aspernatur necessitatibus culpa. Unde esse nihil delectus sit quis dolorum quia non.',1,'2025-10-19 11:49:22','2025-10-19 11:49:22',NULL),(77,29,73,4,'Quis commodi corporis dolorum aut voluptas et. Maiores voluptatibus sequi suscipit molestiae assumenda nihil quod.',1,'2025-10-19 11:49:22','2025-10-19 11:49:22',NULL),(78,29,81,2,'Praesentium quo qui nostrum quos sit. Voluptate dolorem voluptatum officia soluta odio corporis similique odit. Fugit nulla aut sint voluptatem saepe.',1,'2025-10-19 11:49:22','2025-10-19 11:49:22',NULL),(79,29,82,5,'Voluptate doloremque ut quae sint commodi quas. Modi totam odit qui tenetur dolores harum. Sit ut tempora perspiciatis incidunt.',1,'2025-10-19 11:49:22','2025-10-19 11:49:22',NULL),(80,29,89,4,'Facilis qui hic animi quam. Molestiae est vitae dolorum eveniet id. Beatae consequatur pariatur doloremque consectetur ut quae ut eaque. Exercitationem molestias quas veritatis consequuntur minima velit.',1,'2025-10-19 11:49:22','2025-10-19 11:49:22',NULL),(81,29,101,3,'Quia aut nesciunt magnam similique id alias consectetur. Nam quod perferendis perspiciatis quos eveniet eum. Nesciunt velit mollitia dolorem provident aut occaecati tempore. Corporis eum et aut et non ut hic.',1,'2025-10-19 11:49:22','2025-10-19 11:49:22',NULL),(82,29,120,4,'Quaerat quae excepturi fugit unde molestiae velit natus non. Fuga aperiam quia et nihil iure. Est recusandae eveniet et rerum dolorem qui molestias. Velit temporibus exercitationem provident quia harum. Perferendis ut hic natus voluptatibus illo ad sed molestiae.',1,'2025-10-19 11:49:22','2025-10-19 11:49:22',NULL),(83,30,32,4,'Sunt qui suscipit quam voluptates. Sapiente dolore voluptatum non odit. Quaerat eos et magni qui.',1,'2025-10-19 11:49:22','2025-10-19 11:49:22',NULL),(84,30,35,1,'Ullam possimus ut voluptatibus quos. Dolores quis dolor magni sit et laborum quia. Dolorem aut et possimus dolor voluptatem. Beatae quia assumenda eius fugit voluptatibus enim. Suscipit enim debitis et beatae qui quia pariatur.',1,'2025-10-19 11:49:22','2025-10-19 11:49:22',NULL),(85,30,52,5,'Dolores doloribus dolorum ut aut. Non autem ducimus autem ut molestiae commodi sunt earum. Modi eum nisi optio sed explicabo voluptas dolore iure.',1,'2025-10-19 11:49:22','2025-10-19 11:49:22',NULL),(86,30,61,2,'Maxime ut fuga modi nobis ut quis. Tenetur dignissimos odio vitae voluptatibus. Aut quia quia consequatur quis deserunt.',1,'2025-10-19 11:49:22','2025-10-19 11:49:22',NULL),(87,30,79,1,'Deleniti ducimus aut rem aliquid blanditiis minima omnis aut. Voluptates veniam in incidunt eaque alias rerum distinctio. Explicabo corporis dignissimos consequatur nihil. Deserunt possimus atque aut enim fuga ipsum autem.',1,'2025-10-19 11:49:22','2025-10-19 11:49:22',NULL),(88,30,82,4,'Rerum quod reprehenderit libero autem sed fuga. Quis sunt velit qui assumenda. Consequatur porro magnam perspiciatis nisi ipsa reiciendis quis sapiente. Est esse et possimus nesciunt.',1,'2025-10-19 11:49:22','2025-10-19 11:49:22',NULL),(89,30,84,1,'Aut qui animi voluptatem dolores est. Eveniet eaque aperiam ab sit in hic molestias. Cum impedit nisi minima ratione eos et sunt.',1,'2025-10-19 11:49:22','2025-10-19 11:49:22',NULL),(90,30,92,1,'Amet velit architecto soluta eaque vitae numquam. Dolor eos animi soluta qui et quam. Corporis atque officiis occaecati id. Sit eaque impedit voluptas eaque.',1,'2025-10-19 11:49:22','2025-10-19 11:49:22',NULL),(91,30,93,5,'Ea error voluptatem sint aut. Sunt fuga aut eligendi et repudiandae quo. Cumque corrupti expedita ullam iste. Incidunt voluptates consequatur recusandae dolores quo itaque commodi similique.',1,'2025-10-19 11:49:22','2025-10-19 11:49:22',NULL),(92,30,94,2,'Non quas sint similique nemo culpa. Rerum et vitae sapiente inventore deleniti rerum. Consectetur aliquam nulla cupiditate et quas. Ab sit unde dolorem similique. Est saepe deserunt pariatur laboriosam enim.',1,'2025-10-19 11:49:22','2025-10-19 11:49:22',NULL),(93,33,43,2,'Corrupti reprehenderit nihil adipisci et dolores est magni. Maiores est error quis. Architecto sunt illo ullam enim quo excepturi.',1,'2025-10-19 11:49:22','2025-10-19 11:49:22',NULL),(94,33,90,4,'Nesciunt deleniti fuga mollitia. Magnam fuga recusandae qui autem rerum. Rem modi possimus voluptates hic enim error.',1,'2025-10-19 11:49:22','2025-10-19 11:49:22',NULL),(95,33,92,4,'Animi sit et voluptatibus ut similique. Unde natus ut vitae numquam asperiores eum. Quo dolore adipisci error beatae minima veniam. Maxime maxime nostrum ut aut voluptas aliquid.',1,'2025-10-19 11:49:23','2025-10-19 11:49:23',NULL),(96,33,97,1,'Pariatur aut velit voluptas sed. In id ea iure nobis ut cupiditate ipsa.',1,'2025-10-19 11:49:23','2025-10-19 11:49:23',NULL),(97,33,114,5,'Modi dolor aut eveniet esse. Ea placeat nihil officiis mollitia. Et eos quo eos hic nisi aut et.',1,'2025-10-19 11:49:23','2025-10-19 11:49:23',NULL),(98,35,121,2,'Minima est est voluptatem dignissimos. Impedit quaerat culpa vel tempora aut. Asperiores distinctio hic repellat beatae quibusdam sed ipsa. Ipsum sunt distinctio repellendus corrupti.',1,'2025-10-19 11:49:23','2025-10-19 11:49:23',NULL),(99,37,22,1,'Qui sed consequuntur reiciendis ut illum reprehenderit. Ullam quia porro deserunt. Amet cum exercitationem consequuntur velit. Exercitationem non corrupti quia ut dolorem ipsa. Aut ex voluptas temporibus tenetur ut cum.',1,'2025-10-19 11:49:23','2025-10-19 11:49:23',NULL),(100,37,37,4,'Esse est saepe autem officiis autem tempore. Ea error est omnis id labore. Rem rerum sit velit repellendus consequatur similique.',1,'2025-10-19 11:49:23','2025-10-19 11:49:23',NULL),(101,37,38,5,'Voluptatem enim soluta doloremque itaque quos aut temporibus. Voluptatem possimus saepe aut mollitia.',1,'2025-10-19 11:49:23','2025-10-19 11:49:23',NULL),(102,37,54,5,'Tempore est quo quasi porro voluptatem odit voluptas. Quam delectus aperiam at. Laborum facilis cumque neque doloribus eos. Nemo sapiente modi consequuntur natus qui quia. Suscipit eum eveniet dolorem sit non est.',1,'2025-10-19 11:49:23','2025-10-19 11:49:23',NULL),(103,37,68,1,'Ad dignissimos quibusdam voluptatem atque ut nesciunt ut sunt. Ratione animi quis sed accusantium a eaque recusandae. Atque molestiae mollitia quo omnis placeat non laborum. Aut autem similique deserunt laboriosam ut et ullam ad.',1,'2025-10-19 11:49:23','2025-10-19 11:49:23',NULL),(104,37,76,1,'Culpa fugiat ullam est ipsam. Exercitationem libero quod perspiciatis. Exercitationem ea velit et ex illum velit numquam soluta.',1,'2025-10-19 11:49:23','2025-10-19 11:49:23',NULL),(105,37,85,4,'Similique sed necessitatibus dolor possimus aut officia modi. Et excepturi modi expedita. Optio ea labore est doloremque. Assumenda ea ipsa inventore. Nostrum alias sit reiciendis repudiandae.',1,'2025-10-19 11:49:23','2025-10-19 11:49:23',NULL),(106,37,86,1,'Nemo accusantium similique ipsum quaerat ipsa sit. Quo sunt voluptas amet esse. Id explicabo et molestias soluta.',1,'2025-10-19 11:49:23','2025-10-19 11:49:23',NULL),(107,37,101,5,'Molestiae aut tenetur dolor quis. Optio sequi placeat fugiat. Maiores et autem vel illum ea illo.',1,'2025-10-19 11:49:23','2025-10-19 11:49:23',NULL),(108,37,103,4,'Sunt illo omnis saepe voluptatem autem. Nesciunt nesciunt in impedit odit incidunt ab quas. Alias voluptatum natus nihil repellendus. Nemo id unde molestiae odio aut facilis neque.',1,'2025-10-19 11:49:23','2025-10-19 11:49:23',NULL),(109,38,32,5,'Temporibus est nostrum quasi iusto rerum a. Quia possimus praesentium ut distinctio nemo deleniti amet. Ea exercitationem repellat at facilis neque. Numquam beatae expedita consequatur.',1,'2025-10-19 11:49:23','2025-10-19 11:49:23',NULL),(110,38,34,4,'Repellat esse qui nostrum dolores ullam ea inventore. Laudantium ea mollitia autem quidem.',1,'2025-10-19 11:49:23','2025-10-19 11:49:23',NULL),(111,38,81,5,'Odit dolor ut voluptatem repudiandae et sed quidem. Voluptatem sit aliquam rerum. Rerum architecto voluptatem maiores quod quas ut ad porro. Voluptatem enim ipsa quaerat soluta quasi illum voluptas.',1,'2025-10-19 11:49:23','2025-10-19 11:49:23',NULL),(112,38,104,1,'Pariatur ut placeat possimus consequatur laboriosam voluptas. Est ratione expedita soluta veritatis. Animi unde tenetur delectus voluptas inventore qui cumque.',1,'2025-10-19 11:49:23','2025-10-19 11:49:23',NULL),(113,38,106,4,'Reprehenderit culpa reiciendis quaerat eum dolores. Nihil repellendus esse placeat. Excepturi sapiente nesciunt iusto. Consequuntur incidunt molestias porro qui ad.',1,'2025-10-19 11:49:23','2025-10-19 11:49:23',NULL),(114,38,114,1,'Nostrum velit corrupti et eligendi qui nemo. Dignissimos non aut assumenda aut. Quisquam quia neque quam officiis.',1,'2025-10-19 11:49:23','2025-10-19 11:49:23',NULL),(115,38,115,5,'Sit quisquam non quae ut cum rerum. Accusantium inventore nulla soluta non. Beatae quia nesciunt est facere.',1,'2025-10-19 11:49:23','2025-10-19 11:49:23',NULL),(116,42,33,3,'Quidem fuga qui qui qui velit optio voluptates. Vel vel alias tenetur vitae enim aspernatur. Eius impedit aut ea non accusamus repellat modi.',1,'2025-10-19 11:49:23','2025-10-19 11:49:23',NULL),(117,42,44,5,'Velit molestiae dolores aut ut iusto earum. Eos voluptatibus libero possimus sequi placeat amet doloribus. Eos ipsam voluptatem aut officia debitis.',1,'2025-10-19 11:49:23','2025-10-19 11:49:23',NULL),(118,42,73,4,'Sapiente quidem molestiae expedita dolores tenetur repellat. Occaecati perspiciatis commodi tempore natus quis et consequuntur.',1,'2025-10-19 11:49:23','2025-10-19 11:49:23',NULL),(119,42,80,4,'Quidem temporibus nisi ut dolore. Id corporis numquam alias saepe ut.',1,'2025-10-19 11:49:23','2025-10-19 11:49:23',NULL),(120,42,87,4,'Sit aut officiis eum itaque. Ratione ut officia consequatur possimus dolor. Cum molestiae et id.',1,'2025-10-19 11:49:23','2025-10-19 11:49:23',NULL),(121,42,99,1,'Doloremque quae qui praesentium. Eius fugiat error nihil quibusdam iste. Et sunt accusantium sit.',1,'2025-10-19 11:49:23','2025-10-19 11:49:23',NULL),(122,42,103,3,'Et hic ducimus sit vel reprehenderit. Ab nihil enim itaque nam qui nisi voluptas. Est omnis quis cupiditate sed. Quia ducimus consequatur ipsum et.',1,'2025-10-19 11:49:23','2025-10-19 11:49:23',NULL),(123,42,105,5,'Expedita totam in inventore sit et est esse molestias. Doloribus quidem possimus et aliquam est quisquam commodi.',1,'2025-10-19 11:49:23','2025-10-19 11:49:23',NULL),(124,42,108,1,'Expedita consequuntur eaque et fugit sunt quibusdam. Numquam ipsam ex enim quo corrupti neque blanditiis. Dolores laboriosam sit asperiores rerum architecto reprehenderit.',1,'2025-10-19 11:49:23','2025-10-19 11:49:23',NULL),(125,44,23,5,'Consequatur rerum tempore sed consequatur quam sit. Ut fugiat nemo adipisci dicta dolorem aliquid libero. Iusto deleniti dolor et eligendi modi. Aut nemo voluptas perspiciatis quo repudiandae adipisci.',1,'2025-10-19 11:49:23','2025-10-19 11:49:23',NULL),(126,44,31,4,'Est delectus voluptas itaque autem facere id. Velit ex et voluptates dolor in illo doloribus. Sit aliquam ut non officia dolor commodi itaque veritatis. Rerum impedit laudantium repellat tenetur ut sunt.',1,'2025-10-19 11:49:23','2025-10-19 11:49:23',NULL),(127,44,74,4,'Nisi non iure fugit consectetur. Sed autem iste facilis et esse animi rem. Cupiditate adipisci rem illum atque illum optio cumque. Sed dignissimos beatae debitis ut voluptatem id aperiam.',1,'2025-10-19 11:49:23','2025-10-19 11:49:23',NULL),(128,44,86,3,'Eos id voluptatem quibusdam temporibus non alias. Consequatur eum eligendi iusto perspiciatis a eveniet ut ea. Quia autem id porro dolores explicabo dolorem in. Aut tempora illum magnam ut.',1,'2025-10-19 11:49:23','2025-10-19 11:49:23',NULL),(129,44,92,4,'Dolores repellat ex repellendus impedit perspiciatis deserunt. Accusantium saepe nesciunt quod vel voluptatum non sed. Inventore rerum aut omnis nesciunt. Odio excepturi consequatur dicta nam voluptatem.',1,'2025-10-19 11:49:23','2025-10-19 11:49:23',NULL),(130,44,100,1,'Et aut iure nihil nobis quidem velit officiis. Ut voluptatem laboriosam quis. Inventore iure quam molestiae dolores alias dolorem. Fugit repellat perferendis dignissimos aut facere.',1,'2025-10-19 11:49:23','2025-10-19 11:49:23',NULL),(131,44,101,4,'Qui quia architecto aut temporibus est dolores ab. Incidunt et quibusdam vel quidem. Fuga incidunt voluptas consequatur unde nam aut odio. Sed cum numquam saepe error rerum est.',1,'2025-10-19 11:49:23','2025-10-19 11:49:23',NULL),(132,44,112,5,'Et ipsa ea veritatis. Quidem asperiores necessitatibus animi exercitationem dolore nemo libero. Culpa consequatur ex placeat dicta id porro hic. Quidem tempora repudiandae tenetur aspernatur quae. Odit nulla veritatis fuga a eaque quis assumenda distinctio.',1,'2025-10-19 11:49:23','2025-10-19 11:49:23',NULL),(133,45,25,2,'Enim est porro ea labore. Enim voluptatem error soluta exercitationem quos. Eum suscipit repellat eos dolorem. Placeat itaque sequi tempora dolores similique voluptatum enim.',1,'2025-10-19 11:49:23','2025-10-19 11:49:23',NULL),(134,45,51,2,'Harum reprehenderit quia ut quis veritatis eaque. Quis dolorem ut suscipit impedit. Quam ex quia et ex saepe corrupti. Ullam sed atque nihil reprehenderit id.',1,'2025-10-19 11:49:23','2025-10-19 11:49:23',NULL),(135,45,54,1,'Aut voluptatum ipsam qui sapiente dolorum aspernatur dolor. Quibusdam et quae quo sit.',1,'2025-10-19 11:49:23','2025-10-19 11:49:23',NULL),(136,45,56,2,'Dolores doloremque aut quisquam autem dolores. Aut nesciunt aut animi. Non vitae adipisci velit. Voluptas rerum illum consectetur et fuga sunt dolores. Perspiciatis eos corporis fuga quia.',1,'2025-10-19 11:49:23','2025-10-19 11:49:23',NULL),(137,45,67,5,'Consequatur deserunt sunt totam a a est. Modi iure consequatur et maiores totam. Tempore modi est dolorum suscipit amet eligendi.',1,'2025-10-19 11:49:23','2025-10-19 11:49:23',NULL),(138,45,74,3,'Repellat ut a ea et excepturi explicabo voluptatibus. Mollitia molestiae saepe nobis voluptatem ut sed voluptas. Inventore corporis incidunt cum pariatur est laudantium et. Similique laboriosam doloribus eveniet cumque. Culpa sit nostrum dolorem est facilis necessitatibus autem.',1,'2025-10-19 11:49:23','2025-10-19 11:49:23',NULL),(139,45,87,2,'Ab illum accusantium consequuntur odio. Adipisci consequatur praesentium quisquam dignissimos. Similique officiis eaque expedita omnis.',1,'2025-10-19 11:49:23','2025-10-19 11:49:23',NULL),(140,45,103,5,'Ea eveniet odio nisi facere ut. Eos libero omnis assumenda deserunt et quod. Nisi ea necessitatibus molestias quod sed. Quos occaecati consequatur quo eveniet quam assumenda. Et neque doloremque veritatis.',1,'2025-10-19 11:49:23','2025-10-19 11:49:23',NULL),(141,45,105,1,'Qui libero iste sapiente voluptatum. Quia voluptatum rerum dolor quos. Natus eos iusto occaecati pariatur quisquam quas nesciunt. Facilis ducimus quae sunt.',1,'2025-10-19 11:49:23','2025-10-19 11:49:23',NULL),(142,46,31,1,'Ab voluptatem voluptatem alias iste. Laboriosam alias maiores sunt provident. Architecto aut ut ipsum. Ipsa cum nihil molestiae architecto et debitis.',1,'2025-10-19 11:49:23','2025-10-19 11:49:23',NULL),(143,46,51,5,'Ut quis qui debitis odio eum dolorem repudiandae. Deleniti et rem aspernatur cupiditate qui. Rerum eos et voluptatum assumenda nihil voluptas. Fuga perferendis cupiditate porro laboriosam voluptate non dolor.',1,'2025-10-19 11:49:23','2025-10-19 11:49:23',NULL),(144,46,77,5,'Sint aspernatur aut a soluta adipisci ut sequi. Beatae nihil recusandae laborum iste. Neque ab in accusamus occaecati quod perferendis.',1,'2025-10-19 11:49:23','2025-10-19 11:49:23',NULL),(145,46,92,4,'Ea at numquam facilis. Sed consequatur maxime deserunt.',1,'2025-10-19 11:49:23','2025-10-19 11:49:23',NULL),(146,46,99,4,'Reiciendis eveniet suscipit fuga voluptas temporibus sequi. Omnis qui nostrum alias quibusdam commodi minus. Deserunt optio dolor nulla. Excepturi aut nam ut.',1,'2025-10-19 11:49:23','2025-10-19 11:49:23',NULL),(147,46,111,1,'Minima cum nemo dolor laborum. Rerum cumque enim aspernatur ut. Maiores consectetur incidunt id odit veritatis harum. Fuga et earum asperiores optio quia tempore et.',1,'2025-10-19 11:49:23','2025-10-19 11:49:23',NULL),(148,47,99,2,'Consequatur quas autem laudantium nihil cumque voluptas. Necessitatibus blanditiis recusandae rerum voluptatibus. Dignissimos quis adipisci ipsam qui.',1,'2025-10-19 11:49:23','2025-10-19 11:49:23',NULL),(149,47,110,2,'Natus id qui doloribus eum ad incidunt. Sunt consequatur libero quia ratione magnam atque. Ut sunt aut eum ea aliquid autem eum.',1,'2025-10-19 11:49:23','2025-10-19 11:49:23',NULL),(150,51,38,5,'Veniam sit quisquam quaerat debitis dignissimos sed ab earum. Sed voluptatem est ut distinctio illum aliquam distinctio. Consequuntur maiores voluptate corporis et. Quia sit deserunt deserunt perspiciatis cumque omnis.',1,'2025-10-19 11:49:23','2025-10-19 11:49:23',NULL),(151,51,50,2,'Ut qui commodi perspiciatis maxime. Vitae corporis sed omnis fuga modi ratione. Voluptatibus magni voluptatem aliquam dolores.',1,'2025-10-19 11:49:23','2025-10-19 11:49:23',NULL),(152,51,51,4,'Eligendi corrupti facilis omnis numquam. Aut non rerum qui ullam beatae vel. Et repudiandae molestias explicabo odit.',1,'2025-10-19 11:49:23','2025-10-19 11:49:23',NULL),(153,51,60,5,'Minima perspiciatis rerum eligendi accusamus. Dolorum neque in quidem labore doloribus repudiandae dolores eum. Et deleniti voluptatibus dolor accusantium animi et sequi totam. Commodi non soluta ipsum est.',1,'2025-10-19 11:49:23','2025-10-19 11:49:23',NULL),(154,51,78,2,'Commodi quaerat nihil corrupti et. Dolorum et dolores qui excepturi earum suscipit. Et voluptatem ut consequatur. Autem ea porro cum id. Nihil inventore eum nam.',1,'2025-10-19 11:49:23','2025-10-19 11:49:23',NULL),(155,51,105,1,'Corrupti dicta dignissimos deserunt nulla suscipit beatae a in. Est facere magni nihil ex. Recusandae et in molestiae laudantium debitis.',1,'2025-10-19 11:49:23','2025-10-19 11:49:23',NULL),(156,51,119,3,'Odio unde et ut molestiae modi unde. Voluptatibus voluptatum rem quisquam omnis nostrum. Quaerat eum repellendus dolorem pariatur et consequatur aut.',1,'2025-10-19 11:49:23','2025-10-19 11:49:23',NULL),(157,53,90,5,'Sit voluptates adipisci provident rerum occaecati. Nihil facere sapiente accusamus sed excepturi adipisci. Error totam ut aperiam et molestiae quibusdam aut. Sequi consequatur exercitationem praesentium in possimus est qui nesciunt.',1,'2025-10-19 11:49:23','2025-10-19 11:49:23',NULL),(158,54,25,5,'Magni repellat aperiam modi possimus facilis rerum tempora dicta. Et placeat officiis doloribus aut est officia sunt.',1,'2025-10-19 11:49:23','2025-10-19 11:49:23',NULL),(159,54,47,5,'Occaecati minima excepturi est. Nisi iusto voluptatem nam animi culpa ad.',1,'2025-10-19 11:49:23','2025-10-19 11:49:23',NULL),(160,54,60,3,'Mollitia sequi nobis sed sit consequatur sequi veniam. Cupiditate inventore cupiditate rem maiores.',1,'2025-10-19 11:49:23','2025-10-19 11:49:23',NULL),(161,54,61,1,'Repellendus saepe fuga ipsa voluptas. Dolor quia commodi a quae sequi. Ut beatae neque aut commodi delectus.',1,'2025-10-19 11:49:23','2025-10-19 11:49:23',NULL),(162,54,62,4,'Voluptatem modi cumque qui exercitationem accusamus ducimus delectus. Ipsa nemo rerum dicta voluptas. Est voluptates quia qui doloremque delectus.',1,'2025-10-19 11:49:23','2025-10-19 11:49:23',NULL),(163,54,67,5,'Perspiciatis eos voluptatibus omnis est ut. Harum est rerum nam beatae ullam tempore cumque. Non architecto accusantium autem omnis esse ut nulla.',1,'2025-10-19 11:49:23','2025-10-19 11:49:23',NULL),(164,54,69,3,'Dolor quis veritatis qui porro. Totam omnis facere cupiditate deleniti magni rerum repellendus. Eaque eveniet distinctio magni vitae sapiente. Aut eum sint sint est velit eligendi eos.',1,'2025-10-19 11:49:23','2025-10-19 11:49:23',NULL),(165,54,73,1,'A distinctio sequi autem temporibus ut odio. Ipsum sunt eum repellendus adipisci harum non quis. Nesciunt ipsam qui eos molestias omnis omnis.',1,'2025-10-19 11:49:23','2025-10-19 11:49:23',NULL),(166,54,81,4,'Voluptatem ut quos doloribus impedit eos sapiente autem. Omnis hic optio ut exercitationem rerum non ducimus. Quia assumenda consequatur voluptatum.',1,'2025-10-19 11:49:23','2025-10-19 11:49:23',NULL),(167,56,27,5,'Enim voluptate aut modi et suscipit iste saepe molestiae. Amet eligendi error quos id exercitationem. Adipisci autem deleniti recusandae quis voluptatibus itaque. Minima similique earum voluptatum molestias quia dolores dolor.',1,'2025-10-19 11:49:23','2025-10-19 11:49:23',NULL),(168,56,50,5,'Est assumenda soluta qui. Ducimus temporibus et qui ullam autem molestiae alias odit. Aliquid rerum doloremque sit fuga omnis excepturi.',1,'2025-10-19 11:49:23','2025-10-19 11:49:23',NULL),(169,56,101,3,'Asperiores aliquam nobis consequatur aliquid qui non. Earum perspiciatis pariatur modi provident quae est. Omnis ad sunt non ea. At facere repudiandae voluptas earum autem.',1,'2025-10-19 11:49:23','2025-10-19 11:49:23',NULL),(170,57,50,5,'Excepturi consequatur eum temporibus voluptatibus harum earum consectetur. Et at sint hic autem enim suscipit. Delectus fuga et sed itaque.',1,'2025-10-19 11:49:23','2025-10-19 11:49:23',NULL),(171,57,57,4,'Quia aliquam libero qui labore. Placeat nulla sint quae eos architecto laborum doloremque. Minus rem libero voluptatem dolore.',1,'2025-10-19 11:49:23','2025-10-19 11:49:23',NULL),(172,63,45,3,'Atque reprehenderit cupiditate quod voluptas error. Repellat est molestias enim quia. Expedita aut assumenda aliquam omnis vel totam facilis non. Sapiente beatae consequatur aliquid.',1,'2025-10-19 11:49:23','2025-10-19 11:49:23',NULL),(173,63,67,4,'Architecto eum atque id alias et. Enim labore vel eligendi.',1,'2025-10-19 11:49:23','2025-10-19 11:49:23',NULL),(174,63,111,2,'Et est voluptas saepe cupiditate dicta voluptas repellendus. Natus non vitae qui minus. Rem voluptates illum sit natus velit ut tempore. Laudantium qui quos excepturi vitae quisquam quia illo eveniet.',1,'2025-10-19 11:49:23','2025-10-19 11:49:23',NULL),(175,63,113,3,'Temporibus pariatur pariatur voluptas vel velit beatae dignissimos. Mollitia ab earum illo. Sunt animi quia minus assumenda voluptas suscipit magni. Quis consequatur assumenda eum et saepe. Doloribus iste incidunt fugit rem earum et natus.',1,'2025-10-19 11:49:23','2025-10-19 11:49:23',NULL),(176,65,25,3,'Iure eos aspernatur hic excepturi natus provident. Unde doloribus quia voluptas excepturi perferendis eos.',1,'2025-10-19 11:49:23','2025-10-19 11:49:23',NULL),(177,65,36,3,'Eaque placeat non et ad. Laudantium nam possimus ad sequi facere omnis. Nobis ab non sint excepturi delectus.',1,'2025-10-19 11:49:23','2025-10-19 11:49:23',NULL),(178,65,57,3,'Explicabo non amet a nisi. Voluptatem sit est laudantium qui quam aut. Maxime veniam molestiae ipsa rerum aspernatur.',1,'2025-10-19 11:49:23','2025-10-19 11:49:23',NULL),(179,65,59,3,'Nihil ut cumque a nesciunt ipsam. Illum aliquam repudiandae esse reprehenderit ut consequuntur. Odit ipsam maxime et accusamus consequatur. Nulla dolorem quia labore sed.',1,'2025-10-19 11:49:23','2025-10-19 11:49:23',NULL),(180,65,68,1,'Modi laboriosam optio quis et nam eos fuga. Voluptatem beatae autem consequatur quasi suscipit iure. Dolorem impedit eaque ut nihil sed tempore aliquid quaerat.',1,'2025-10-19 11:49:23','2025-10-19 11:49:23',NULL),(181,65,90,2,'Assumenda fugit aspernatur corrupti voluptate officiis quidem. Quod mollitia odit dolores quia iure sint aut cum. Corrupti quaerat libero magni doloribus quia consectetur.',1,'2025-10-19 11:49:23','2025-10-19 11:49:23',NULL),(182,66,55,4,'Perferendis repudiandae numquam velit dolorem animi consequuntur rem. Sit iste libero maiores aut. Maxime consequatur quo incidunt vero maxime et. Aut occaecati tempore voluptas.',1,'2025-10-19 11:49:23','2025-10-19 11:49:23',NULL),(183,66,66,4,'Nesciunt quo ducimus id sint et. Voluptas incidunt corrupti ex nam. Natus dolor ducimus eos consequuntur. Hic deserunt quisquam ducimus enim autem odit.',1,'2025-10-19 11:49:23','2025-10-19 11:49:23',NULL),(184,66,70,4,'Laborum ipsum quas ipsa voluptas. Et ex itaque quasi veniam similique corporis non nulla. Perferendis nulla in ut deserunt consequatur cum maiores. Distinctio iusto ipsa rerum illo quod excepturi delectus.',1,'2025-10-19 11:49:23','2025-10-19 11:49:23',NULL),(185,66,77,1,'Et est itaque quia est qui. In cum repudiandae qui suscipit. Aut suscipit consequatur omnis nostrum. Iste aut ipsa deleniti laborum eveniet.',1,'2025-10-19 11:49:23','2025-10-19 11:49:23',NULL),(186,66,82,2,'Tempora modi molestiae culpa animi delectus. Et nisi nulla possimus cumque nostrum officia sunt. Et doloremque culpa ad non explicabo laudantium delectus. Odio ut nihil ad velit laboriosam officiis sint.',1,'2025-10-19 11:49:23','2025-10-19 11:49:23',NULL),(187,66,101,4,'Enim doloribus consequatur harum quisquam sit dolore veniam dolore. Repellendus sapiente earum voluptas qui. Dicta eveniet aliquid autem optio.',1,'2025-10-19 11:49:23','2025-10-19 11:49:23',NULL),(188,68,28,3,'Assumenda doloribus sunt sapiente quis sint consequatur est omnis. Et in repellat nesciunt impedit. Aperiam quas fugit animi autem placeat et dolorem ipsum.',1,'2025-10-19 11:49:23','2025-10-19 11:49:23',NULL),(189,68,34,3,'Doloremque quia dolorem aut numquam ducimus qui quo. Ipsam minus rerum ab magnam assumenda. Qui fugiat officia qui quam. Sint enim at dolores rem sapiente ipsa.',1,'2025-10-19 11:49:23','2025-10-19 11:49:23',NULL),(190,68,48,3,'Est quia voluptatem omnis nesciunt itaque quaerat et. Quidem non hic aut animi in. Dolorem similique quis quaerat itaque quia vel optio. Et nostrum repellat qui magni dolorem temporibus qui. Mollitia est nihil voluptatem qui sint.',1,'2025-10-19 11:49:23','2025-10-19 11:49:23',NULL),(191,68,77,1,'Id delectus quia qui aut voluptatem. Tenetur voluptatem velit et excepturi quis veritatis odio. Cupiditate perferendis laboriosam iste voluptatum. Mollitia provident similique sit velit qui quisquam impedit.',1,'2025-10-19 11:49:23','2025-10-19 11:49:23',NULL),(192,68,91,1,'Quis temporibus fugit quo fugiat consequatur et omnis. Eum sit assumenda et aut ea cumque rerum maiores. Architecto est eum et aliquid cum. Quia distinctio ab et voluptatem a.',1,'2025-10-19 11:49:23','2025-10-19 11:49:23',NULL),(193,68,102,1,'Harum recusandae enim ab ea. Ut aut modi hic blanditiis ex. Quia cumque id ut ullam.',1,'2025-10-19 11:49:23','2025-10-19 11:49:23',NULL),(194,71,30,2,'Odio reprehenderit consequatur molestias autem nobis ut. Quos error et dicta et. Sequi doloribus illo eum voluptas.',1,'2025-10-19 11:49:23','2025-10-19 11:49:23',NULL),(195,71,31,3,'Quo quia ex blanditiis non. Eum doloribus impedit cumque repudiandae. Rerum ut sint qui voluptatum est nesciunt nesciunt.',1,'2025-10-19 11:49:23','2025-10-19 11:49:23',NULL),(196,71,78,2,'Totam quos mollitia ducimus. Soluta nesciunt labore mollitia vel. Sed illo consectetur beatae quaerat commodi. Adipisci provident quos voluptatem eaque.',1,'2025-10-19 11:49:23','2025-10-19 11:49:23',NULL),(197,71,107,2,'Rem id vero magni quos. Consectetur sequi sint suscipit ut voluptate non in voluptates. Occaecati unde ad voluptates officia. Illo laborum sed omnis minima quas.',1,'2025-10-19 11:49:23','2025-10-19 11:49:23',NULL),(198,72,49,4,'Est explicabo autem non veritatis dolorem architecto. Alias quibusdam ipsam ea aut libero quas et.',1,'2025-10-19 11:49:23','2025-10-19 11:49:23',NULL),(199,72,72,4,'Autem ad omnis nisi. Omnis officia eos voluptas laboriosam quaerat consequatur. Non vitae voluptatem quas et aliquid. Distinctio et et commodi cumque aut fuga.',1,'2025-10-19 11:49:23','2025-10-19 11:49:23',NULL),(200,72,76,5,'Est rerum et molestiae voluptatem rerum officiis sint. Voluptatibus distinctio officia qui aut ut. Ullam aperiam non soluta.',1,'2025-10-19 11:49:23','2025-10-19 11:49:23',NULL),(201,72,100,2,'Fuga sed qui suscipit quo est cumque sed. Voluptate quibusdam aspernatur pariatur. Illum ut omnis expedita ipsa amet saepe voluptatibus dolorum.',1,'2025-10-19 11:49:23','2025-10-19 11:49:23',NULL),(202,74,28,1,'Aut impedit corporis soluta numquam eaque adipisci. Aliquid consequatur sed laborum et mollitia. Ut et ab aut sit repellat. Tempore et quaerat sequi quia dicta rerum eligendi.',1,'2025-10-19 11:49:23','2025-10-19 11:49:23',NULL),(203,75,50,4,'Et repellat numquam expedita est aut. Aliquam neque suscipit voluptatibus excepturi voluptate hic eos. Qui pariatur aliquam dolores sit natus rerum est.',1,'2025-10-19 11:49:23','2025-10-19 11:49:23',NULL),(204,75,66,2,'Placeat repellendus maiores quasi sint. Et iste occaecati nemo est totam sint. Ea quas inventore autem quam ut qui. Hic omnis nam autem similique quidem. Provident aut unde commodi placeat eos omnis consequatur.',1,'2025-10-19 11:49:23','2025-10-19 11:49:23',NULL),(205,75,82,5,'Possimus quis facere cumque. Architecto qui molestias quae qui praesentium et. Corrupti temporibus nihil atque et inventore voluptates.',1,'2025-10-19 11:49:23','2025-10-19 11:49:23',NULL),(206,75,111,3,'Vel voluptatem animi facere magnam. Et minima corporis autem adipisci eius. Ducimus officia sequi commodi animi ut consequatur enim dolor.',1,'2025-10-19 11:49:23','2025-10-19 11:49:23',NULL),(207,75,120,1,'Perspiciatis corrupti sit molestiae. Voluptatem non et qui aut. Aliquam et alias cum consectetur eligendi.',1,'2025-10-19 11:49:23','2025-10-19 11:49:23',NULL),(208,77,32,2,'Occaecati incidunt laboriosam omnis quisquam quidem rerum rem sint. Et asperiores qui ad eos eius. Voluptatem libero excepturi exercitationem unde. Exercitationem porro possimus commodi deleniti id voluptatum id.',1,'2025-10-19 11:49:23','2025-10-19 11:49:23',NULL),(209,77,58,5,'Adipisci quisquam aut qui quam quasi voluptate repudiandae. Fuga sint sapiente eum et. Ut culpa eos rerum nam est maiores aut. Quae doloribus esse illo eos qui est ex.',1,'2025-10-19 11:49:23','2025-10-19 11:49:23',NULL),(210,77,72,3,'Aut voluptatum omnis ipsa deleniti. Iure consequatur modi incidunt sit. Architecto et et ad porro officiis.',1,'2025-10-19 11:49:23','2025-10-19 11:49:23',NULL),(211,77,73,2,'Officia ex vel ipsa eligendi omnis qui. Laborum sunt expedita sed esse atque sunt et. Soluta blanditiis quisquam eos sit.',1,'2025-10-19 11:49:23','2025-10-19 11:49:23',NULL),(212,77,82,5,'Excepturi quod et sed. Aliquid rem hic vitae voluptates veniam. Repellat iusto est assumenda.',1,'2025-10-19 11:49:23','2025-10-19 11:49:23',NULL),(213,77,112,3,'Tempora eveniet inventore cumque delectus non ratione. Maxime explicabo dolores consequatur et. Eum incidunt alias eum nemo est porro nisi.',1,'2025-10-19 11:49:23','2025-10-19 11:49:23',NULL),(214,80,23,3,'Aut ex aut rem amet omnis consectetur. Est delectus quidem consequatur. Id consequatur enim ea fuga. Similique occaecati vel et aut aspernatur. Itaque asperiores sed eligendi beatae unde.',1,'2025-10-19 11:49:23','2025-10-19 11:49:23',NULL),(215,80,33,4,'Quia unde eligendi velit. Nemo occaecati eos qui quod sequi non odio. Minus aspernatur ullam labore et.',1,'2025-10-19 11:49:23','2025-10-19 11:49:23',NULL),(216,80,42,2,'Qui in saepe accusantium quasi. Quos aut voluptates sed rerum possimus. Saepe ea esse modi aut amet. Sapiente ea necessitatibus atque amet blanditiis similique.',1,'2025-10-19 11:49:23','2025-10-19 11:49:23',NULL),(217,80,48,1,'Sunt sint nemo quos harum ea qui dolores. Aut doloribus itaque numquam est voluptas ut et ipsa. Beatae blanditiis eligendi velit quo provident magnam occaecati. Et placeat esse provident est perspiciatis molestiae harum. Unde non alias ipsa eos.',1,'2025-10-19 11:49:23','2025-10-19 11:49:23',NULL),(218,80,50,5,'Perferendis voluptas provident ipsam non repellat. Necessitatibus a quia ipsam qui odio et earum. Et quasi soluta hic praesentium. Molestiae qui numquam ad suscipit minima cupiditate culpa.',1,'2025-10-19 11:49:23','2025-10-19 11:49:23',NULL),(219,80,66,3,'Enim labore est non velit voluptatum ut nulla. Ut labore nobis autem et ut. Quisquam qui qui perspiciatis delectus dignissimos. Necessitatibus sed saepe a sed consequatur. Inventore porro repudiandae ipsum ipsa aut officiis.',1,'2025-10-19 11:49:23','2025-10-19 11:49:23',NULL),(220,80,84,1,'Alias animi illum debitis est magni laboriosam. Inventore perferendis qui enim quo doloribus. Reprehenderit dolor reprehenderit ut qui nemo. Repudiandae cupiditate et qui ullam facere et.',1,'2025-10-19 11:49:23','2025-10-19 11:49:23',NULL),(221,80,87,1,'Rerum recusandae exercitationem ut ipsa sint quia iusto voluptatem. Aut necessitatibus voluptas assumenda quis fugit. Est et omnis expedita enim dignissimos. Unde aut et voluptatibus rerum.',1,'2025-10-19 11:49:23','2025-10-19 11:49:23',NULL),(222,80,118,5,'Est nisi dignissimos quo placeat. Ut corrupti eum sit nesciunt.',1,'2025-10-19 11:49:23','2025-10-19 11:49:23',NULL),(223,80,119,3,'Est enim tempore animi ut aliquid a assumenda. Dicta consequatur facilis beatae deleniti cupiditate deserunt. Et ut et ad blanditiis et totam architecto. Ipsa eos pariatur voluptate aut.',1,'2025-10-19 11:49:23','2025-10-19 11:49:23',NULL),(224,81,32,4,'Eum fugiat sapiente sequi porro. Doloribus quo recusandae quo alias explicabo et. Dignissimos numquam sed minima rerum accusamus.',1,'2025-10-19 11:49:23','2025-10-19 11:49:23',NULL),(225,81,38,2,'Repellat aliquam ipsam et perspiciatis. Ducimus ut dicta perspiciatis praesentium. Ut ab ut id qui.',1,'2025-10-19 11:49:23','2025-10-19 11:49:23',NULL),(226,81,41,1,'Illum consectetur odio harum similique ipsum ut. Nihil neque et nesciunt et sed est odio quam. Rerum blanditiis omnis dolores dolore voluptatem. Ipsa incidunt voluptatem dolorem saepe tenetur neque est.',1,'2025-10-19 11:49:23','2025-10-19 11:49:23',NULL),(227,81,64,1,'Aperiam officiis dolores neque eos praesentium velit nihil in. At consequatur ad sed iusto expedita necessitatibus. Quos velit quo natus suscipit necessitatibus fugiat inventore placeat. Accusamus est consequatur hic aliquam.',1,'2025-10-19 11:49:23','2025-10-19 11:49:23',NULL),(228,81,79,1,'Vitae praesentium aut nam repellat eos similique nihil odio. Facere perferendis tempore voluptatibus asperiores est excepturi voluptatem totam. Est nam at eum debitis aliquam blanditiis deserunt rerum.',1,'2025-10-19 11:49:23','2025-10-19 11:49:23',NULL),(229,81,95,2,'Rerum et et dolor aperiam possimus nostrum unde. Quam quod rerum provident veritatis eum repudiandae voluptatem dolor. Placeat a cum hic delectus. Quam iure itaque qui rerum blanditiis.',1,'2025-10-19 11:49:23','2025-10-19 11:49:23',NULL),(230,81,106,2,'Occaecati recusandae eos aliquam laboriosam sint. Aliquam perspiciatis dolor accusamus. Dolore excepturi ut et voluptas sequi.',1,'2025-10-19 11:49:23','2025-10-19 11:49:23',NULL),(231,81,107,4,'Qui facilis sapiente nostrum voluptatem suscipit reiciendis. Et repudiandae quis et autem veniam quis omnis. Reprehenderit aliquid recusandae ad provident omnis qui ratione. Quam dolore illum sequi neque a rem dolorum.',1,'2025-10-19 11:49:23','2025-10-19 11:49:23',NULL),(232,81,119,1,'Natus molestiae pariatur beatae fuga sit iure. Ex quo et eum consequuntur aut dolorem enim voluptates. Corrupti ut consequatur pariatur dolores doloremque.',1,'2025-10-19 11:49:23','2025-10-19 11:49:23',NULL),(233,82,33,1,'Quidem assumenda quam unde et ullam quam repellat inventore. Laboriosam nulla illum earum sunt autem. Quas rem ducimus qui dicta veritatis ex dolorem et. Nemo ullam enim voluptatem quia incidunt quisquam reprehenderit.',1,'2025-10-19 11:49:23','2025-10-19 11:49:23',NULL),(234,82,51,2,'In facere excepturi et debitis fugit occaecati. Ab debitis nihil est et a voluptates tempore. A sint reiciendis sunt sequi illum. Magni est quae dolores quod est doloremque pariatur iusto. Dolore aut amet ut id facilis labore.',1,'2025-10-19 11:49:23','2025-10-19 11:49:23',NULL),(235,82,66,2,'Consectetur doloribus rerum minus et inventore nemo. Ipsam et quam ipsa qui dignissimos et ipsa. Recusandae officiis quis officiis.',1,'2025-10-19 11:49:23','2025-10-19 11:49:23',NULL),(236,82,67,1,'Quis saepe in id suscipit perferendis et laborum odit. Deleniti error sequi assumenda perspiciatis ducimus omnis explicabo. Et eius consectetur velit repellendus. Sit sed odit et nulla eveniet et.',1,'2025-10-19 11:49:23','2025-10-19 11:49:23',NULL),(237,82,89,5,'Asperiores aut fuga odio tempora. Ullam eum ullam quis eos sed. Quaerat nobis dolor eum placeat. Sit quasi assumenda voluptatem quo rem.',1,'2025-10-19 11:49:23','2025-10-19 11:49:23',NULL),(238,83,24,4,'Impedit nihil sint doloribus omnis necessitatibus perferendis. Expedita vitae nisi et eligendi. Placeat ad possimus deserunt omnis.',1,'2025-10-19 11:49:23','2025-10-19 11:49:23',NULL),(239,83,40,2,'Mollitia error libero impedit numquam ut culpa. Sapiente sed saepe mollitia sit explicabo. Sit laborum atque rem voluptate eum.',1,'2025-10-19 11:49:23','2025-10-19 11:49:23',NULL),(240,83,57,1,'Modi voluptatibus non praesentium officiis dolores autem. Quia adipisci qui sed ut sed perferendis. Ut accusantium eveniet vel alias quidem doloremque.',1,'2025-10-19 11:49:23','2025-10-19 11:49:23',NULL),(241,83,64,3,'Quam est magnam autem eveniet voluptate libero. Deleniti minima atque voluptas deserunt ea deleniti quos ad. Est eum ut optio.',1,'2025-10-19 11:49:23','2025-10-19 11:49:23',NULL),(242,83,76,4,'Optio provident blanditiis quaerat. Est at explicabo nesciunt in eum ut similique. In et et dicta eum vitae. Adipisci qui ab id aut.',1,'2025-10-19 11:49:23','2025-10-19 11:49:23',NULL),(243,83,106,5,'Voluptatum molestiae libero modi iure illo. Et illo architecto eum iure.',1,'2025-10-19 11:49:23','2025-10-19 11:49:23',NULL),(244,83,108,3,'Voluptas iste sint corporis voluptatibus inventore. A aspernatur qui aut aliquam et ut minus. Voluptas qui reiciendis et placeat autem. Magni culpa ut amet quod est labore.',1,'2025-10-19 11:49:23','2025-10-19 11:49:23',NULL),(245,83,119,3,'Enim necessitatibus accusantium itaque et nam amet. Minus error adipisci cumque voluptatem. Voluptas est rerum fugiat deleniti. Ut est inventore accusamus corporis.',1,'2025-10-19 11:49:23','2025-10-19 11:49:23',NULL),(246,84,37,5,'Et similique at aliquid accusantium consequatur. Sequi ea dolorum saepe non. Iste a neque iure ut quas nihil cupiditate.',1,'2025-10-19 11:49:23','2025-10-19 11:49:23',NULL),(247,84,44,1,'Enim ea ex voluptatibus hic. Labore dignissimos labore quam impedit. Esse accusantium id rerum illum nesciunt quaerat.',1,'2025-10-19 11:49:23','2025-10-19 11:49:23',NULL),(248,84,55,3,'Amet sed qui animi qui. Rerum omnis voluptatibus et natus quas doloremque autem. Accusamus quas totam natus quo debitis.',1,'2025-10-19 11:49:23','2025-10-19 11:49:23',NULL),(249,84,58,4,'Molestias unde perspiciatis et voluptatem in. Maxime aut est recusandae earum voluptatem in consequatur numquam. Et aut non deleniti ullam. Sint similique fugiat alias voluptatum.',1,'2025-10-19 11:49:23','2025-10-19 11:49:23',NULL),(250,84,92,2,'Excepturi aliquam distinctio vero pariatur occaecati voluptas harum. Est dolore necessitatibus atque sed aut officiis amet odio. Natus consequatur consequatur neque error. Fugiat odio sed dicta blanditiis adipisci aut qui voluptatem.',1,'2025-10-19 11:49:23','2025-10-19 11:49:23',NULL),(251,84,109,5,'Sequi velit porro odio necessitatibus dolores. Magni aliquam labore voluptatibus ducimus cum voluptas ipsum. Omnis laborum ut maxime magni. Quia consequatur vel autem officia quidem. Nihil est doloribus sit eum totam natus animi.',1,'2025-10-19 11:49:23','2025-10-19 11:49:23',NULL),(252,87,27,4,'Quia at cum minima cumque nam. Dolores vel ullam fugit quisquam. Tenetur possimus qui et ullam non.',1,'2025-10-19 11:49:23','2025-10-19 11:49:23',NULL),(253,87,43,2,'Aliquam est assumenda suscipit et in esse in. Quaerat natus quos ea facere itaque tempore eos repudiandae. Quia deleniti autem minus.',1,'2025-10-19 11:49:23','2025-10-19 11:49:23',NULL),(254,87,54,5,'A odit amet ut quod ea eaque. Et voluptate explicabo ut facilis. Optio qui dolores animi molestiae tempore dolore. Rerum magni illum non quia nihil rerum enim.',1,'2025-10-19 11:49:23','2025-10-19 11:49:23',NULL),(255,87,63,2,'Aperiam aperiam possimus suscipit natus. Dolorum dolor neque voluptas molestiae. Voluptas quaerat culpa soluta quia sapiente.',1,'2025-10-19 11:49:23','2025-10-19 11:49:23',NULL),(256,87,66,4,'Accusamus sunt quia occaecati est et. Omnis enim omnis qui fugit aut repellendus. Et aut id commodi qui natus nisi velit.',1,'2025-10-19 11:49:23','2025-10-19 11:49:23',NULL),(257,87,67,4,'Commodi qui voluptatem illum omnis ut. Excepturi ab tempore tempora sapiente nostrum. Asperiores dolores sequi nam nostrum. Rem explicabo mollitia eos. Sint iusto molestias eum.',1,'2025-10-19 11:49:23','2025-10-19 11:49:23',NULL),(258,87,75,4,'Doloremque qui assumenda neque eum ducimus facere alias. Distinctio odio explicabo quibusdam earum maiores sapiente est. Dignissimos laudantium dolorem repellendus aspernatur aut.',1,'2025-10-19 11:49:23','2025-10-19 11:49:23',NULL),(259,87,83,2,'Perspiciatis possimus et adipisci asperiores sequi eligendi est. Ut facere fugiat consequatur est labore et. Minima non non facere itaque. Sit et accusamus laborum id et.',1,'2025-10-19 11:49:23','2025-10-19 11:49:23',NULL),(260,87,108,4,'Adipisci et culpa consequatur id ut. Cumque provident sed iure at voluptatem perspiciatis. Eligendi praesentium sunt aperiam similique quasi.',1,'2025-10-19 11:49:23','2025-10-19 11:49:23',NULL),(261,87,111,2,'Temporibus amet consequatur natus consequatur et. Animi inventore in aut. Est ut repellendus et magnam deleniti deleniti. Libero earum nemo quaerat fugiat.',1,'2025-10-19 11:49:23','2025-10-19 11:49:23',NULL),(262,88,121,4,'Nostrum ut alias quaerat et atque. Aspernatur eveniet suscipit veniam atque id est. Dolor consequatur ab in id. Omnis a aut non rem perspiciatis.',1,'2025-10-19 11:49:23','2025-10-19 11:49:23',NULL),(263,92,33,4,'Aperiam optio ut odio aliquid nihil sit. Quaerat et autem atque ipsum deserunt sed. Ab deserunt inventore autem eum quia aut nihil.',1,'2025-10-19 11:49:23','2025-10-19 11:49:23',NULL),(264,92,37,5,'Quia qui provident dignissimos. Ex accusantium est reprehenderit dolore omnis natus.',1,'2025-10-19 11:49:23','2025-10-19 11:49:23',NULL),(265,92,73,3,'Quo illum impedit id libero sapiente. Sed et dolor maiores odio. Voluptas earum numquam est eos quisquam veritatis quas. Dolor sit nihil error rerum nihil occaecati error.',1,'2025-10-19 11:49:23','2025-10-19 11:49:23',NULL),(266,92,98,1,'Totam dignissimos dolor non quia alias. Repudiandae animi dolorem animi.',1,'2025-10-19 11:49:23','2025-10-19 11:49:23',NULL),(267,92,103,3,'Inventore et dolores occaecati ullam et possimus incidunt. Veniam rerum nostrum vel error quibusdam sequi. Doloremque aut rerum magni molestiae. A numquam qui voluptate repudiandae similique nostrum necessitatibus.',1,'2025-10-19 11:49:23','2025-10-19 11:49:23',NULL),(268,92,106,2,'Voluptate quasi quia iste molestiae voluptatem aspernatur quia quos. Debitis eos ut vel molestias sed quam sequi omnis. Aliquid sint quo eius velit. Qui nam veniam modi temporibus consequuntur. Incidunt inventore reiciendis quasi iste reprehenderit perferendis.',1,'2025-10-19 11:49:23','2025-10-19 11:49:23',NULL),(269,92,116,4,'Iusto quisquam et sed minus. Quaerat quo voluptatum quia consequatur. Dolores quos repudiandae inventore quis. Asperiores perspiciatis quas dignissimos laudantium sed necessitatibus neque eveniet. Velit fuga asperiores voluptatem similique eligendi a.',1,'2025-10-19 11:49:23','2025-10-19 11:49:23',NULL),(270,95,79,5,'Voluptatibus rerum id tenetur aut sed aut dolores. Aliquam dignissimos ut et voluptatibus. Aut beatae tempora error impedit nobis voluptate.',1,'2025-10-19 11:49:23','2025-10-19 11:49:23',NULL),(271,95,101,1,'Corporis nisi dolor aliquam. Non nesciunt ea et. Labore quia sunt et labore minima totam iste.',1,'2025-10-19 11:49:23','2025-10-19 11:49:23',NULL),(272,99,25,4,'Repellendus quidem dolorem et dolorum vel omnis. Sed nisi cum facilis quod consequatur qui omnis. Quia quia ut voluptatem. Est ut saepe sunt consequuntur aperiam mollitia repellendus.',1,'2025-10-19 11:49:23','2025-10-19 11:49:23',NULL),(273,99,47,4,'Odio ipsam corporis nostrum. Eos laudantium et et quaerat qui quod. Et ab omnis sunt optio consequatur.',1,'2025-10-19 11:49:23','2025-10-19 11:49:23',NULL),(274,99,65,1,'Quaerat quidem id libero cupiditate. Natus cupiditate odio libero debitis accusantium. Eum et eos dolorum eligendi.',1,'2025-10-19 11:49:23','2025-10-19 11:49:23',NULL),(275,99,100,1,'Ratione libero eveniet nihil ipsa deserunt qui. Asperiores dolore labore aliquid laborum aut fugiat minus. Consequuntur velit nostrum provident repudiandae voluptas magni officia. Similique aliquam eos occaecati voluptatem esse possimus amet.',1,'2025-10-19 11:49:23','2025-10-19 11:49:23',NULL),(276,99,102,2,'Iure aut voluptas odit architecto sit unde molestias. Modi voluptatem molestiae et ipsam. Laboriosam soluta eveniet et ut. Fugit exercitationem aut dolorem fuga nihil.',1,'2025-10-19 11:49:23','2025-10-19 11:49:23',NULL),(277,99,116,4,'Atque amet dolor vitae rerum possimus excepturi. Consectetur ab eaque sit impedit. Optio asperiores distinctio dolore voluptas ipsum.',1,'2025-10-19 11:49:23','2025-10-19 11:49:23',NULL);
/*!40000 ALTER TABLE `reviews` ENABLE KEYS */;
UNLOCK TABLES;

--
-- Table structure for table `role_user`
--

DROP TABLE IF EXISTS `role_user`;
/*!40101 SET @saved_cs_client     = @@character_set_client */;
/*!50503 SET character_set_client = utf8mb4 */;
CREATE TABLE `role_user` (
  `user_id` bigint(20) unsigned NOT NULL,
  `role_id` bigint(20) unsigned NOT NULL,
  PRIMARY KEY (`user_id`,`role_id`),
  KEY `role_user_role_id_foreign` (`role_id`),
  CONSTRAINT `role_user_role_id_foreign` FOREIGN KEY (`role_id`) REFERENCES `roles` (`id`) ON DELETE CASCADE,
  CONSTRAINT `role_user_user_id_foreign` FOREIGN KEY (`user_id`) REFERENCES `users` (`id`) ON DELETE CASCADE
) ENGINE=InnoDB DEFAULT CHARSET=utf8mb4 COLLATE=utf8mb4_unicode_ci;
/*!40101 SET character_set_client = @saved_cs_client */;

--
-- Dumping data for table `role_user`
--

LOCK TABLES `role_user` WRITE;
/*!40000 ALTER TABLE `role_user` DISABLE KEYS */;
INSERT INTO `role_user` VALUES (1,1),(2,2),(3,2),(4,2),(5,2),(6,2),(7,2),(8,2),(9,2),(10,2),(11,2),(12,2),(13,2),(14,2),(15,2),(16,2),(17,2),(18,2),(19,2),(20,2),(21,2),(22,3),(23,3),(24,3),(25,3),(26,3),(27,3),(28,3),(29,3),(30,3),(31,3),(32,3),(33,3),(34,3),(35,3),(36,3),(37,3),(38,3),(39,3),(40,3),(41,3),(42,3),(43,3),(44,3),(45,3),(46,3),(47,3),(48,3),(49,3),(50,3),(51,3),(52,3),(53,3),(54,3),(55,3),(56,3),(57,3),(58,3),(59,3),(60,3),(61,3),(62,3),(63,3),(64,3),(65,3),(66,3),(67,3),(68,3),(69,3),(70,3),(71,3),(72,3),(73,3),(74,3),(75,3),(76,3),(77,3),(78,3),(79,3),(80,3),(81,3),(82,3),(83,3),(84,3),(85,3),(86,3),(87,3),(88,3),(89,3),(90,3),(91,3),(92,3),(93,3),(94,3),(95,3),(96,3),(97,3),(98,3),(99,3),(100,3),(101,3),(102,3),(103,3),(104,3),(105,3),(106,3),(107,3),(108,3),(109,3),(110,3),(111,3),(112,3),(113,3),(114,3),(115,3),(116,3),(117,3),(118,3),(119,3),(120,3),(121,3),(122,4),(123,4),(124,4),(125,4),(126,4),(127,4),(128,4),(129,4),(130,4),(131,4);
/*!40000 ALTER TABLE `role_user` ENABLE KEYS */;
UNLOCK TABLES;

--
-- Table structure for table `roles`
--

DROP TABLE IF EXISTS `roles`;
/*!40101 SET @saved_cs_client     = @@character_set_client */;
/*!50503 SET character_set_client = utf8mb4 */;
CREATE TABLE `roles` (
  `id` bigint(20) unsigned NOT NULL AUTO_INCREMENT,
  `name` longtext CHARACTER SET utf8mb4 COLLATE utf8mb4_bin NOT NULL CHECK (json_valid(`name`)),
  `description` longtext CHARACTER SET utf8mb4 COLLATE utf8mb4_bin DEFAULT NULL CHECK (json_valid(`description`)),
  `created_at` timestamp NULL DEFAULT NULL,
  `updated_at` timestamp NULL DEFAULT NULL,
  PRIMARY KEY (`id`)
) ENGINE=InnoDB AUTO_INCREMENT=5 DEFAULT CHARSET=utf8mb4 COLLATE=utf8mb4_unicode_ci;
/*!40101 SET character_set_client = @saved_cs_client */;

--
-- Dumping data for table `roles`
--

LOCK TABLES `roles` WRITE;
/*!40000 ALTER TABLE `roles` DISABLE KEYS */;
INSERT INTO `roles` VALUES (1,'{\"en\":\"Admin\",\"vi\":\"Quản trị viên\"}','{\"en\":\"Administrator with full access\",\"vi\":\"Quản trị viên có toàn quyền truy cập\"}','2025-10-19 11:49:15','2025-10-19 11:49:15'),(2,'{\"en\":\"Seller\",\"vi\":\"Người bán hàng\"}','{\"en\":\"User who can sell products\",\"vi\":\"Người dùng có thể bán sản phẩm\"}','2025-10-19 11:49:15','2025-10-19 11:49:15'),(3,'{\"en\":\"Customer\",\"vi\":\"Khách hàng\"}','{\"en\":\"User who can buy products\",\"vi\":\"Người dùng có thể mua sản phẩm\"}','2025-10-19 11:49:15','2025-10-19 11:49:15'),(4,'{\"en\":\"Shipper\",\"vi\":\"Người giao hàng\"}','{\"en\":\"User who delivers orders\",\"vi\":\"Người dùng thực hiện giao đơn hàng\"}','2025-10-19 11:49:15','2025-10-19 11:49:15');
/*!40000 ALTER TABLE `roles` ENABLE KEYS */;
UNLOCK TABLES;

--
-- Table structure for table `search_histories`
--

DROP TABLE IF EXISTS `search_histories`;
/*!40101 SET @saved_cs_client     = @@character_set_client */;
/*!50503 SET character_set_client = utf8mb4 */;
CREATE TABLE `search_histories` (
  `search_history_id` bigint(20) unsigned NOT NULL AUTO_INCREMENT,
  `user_id` bigint(20) unsigned NOT NULL,
  `search_term` varchar(200) NOT NULL,
  `search_count` int(11) NOT NULL DEFAULT 1,
  `last_searched` timestamp NOT NULL DEFAULT current_timestamp() ON UPDATE current_timestamp(),
  PRIMARY KEY (`search_history_id`),
  UNIQUE KEY `search_histories_user_id_search_term_unique` (`user_id`,`search_term`),
  CONSTRAINT `search_histories_user_id_foreign` FOREIGN KEY (`user_id`) REFERENCES `users` (`id`) ON DELETE CASCADE
) ENGINE=InnoDB AUTO_INCREMENT=405 DEFAULT CHARSET=utf8mb4 COLLATE=utf8mb4_unicode_ci;
/*!40101 SET character_set_client = @saved_cs_client */;

--
-- Dumping data for table `search_histories`
--

LOCK TABLES `search_histories` WRITE;
/*!40000 ALTER TABLE `search_histories` DISABLE KEYS */;
INSERT INTO `search_histories` VALUES (1,22,'áo thun nam',2,'2025-10-19 11:49:24'),(2,22,'giày nike air force 1',4,'2025-10-19 11:49:24'),(3,22,'iphone 15 pro max',2,'2025-10-19 11:49:24'),(4,23,'sách đắc nhân tâm',4,'2025-10-19 11:49:24'),(5,23,'giày nike air force 1',3,'2025-10-19 11:49:24'),(6,23,'áo thun nam',2,'2025-10-19 11:49:24'),(7,23,'iphone 15 pro max',2,'2025-10-19 11:49:24'),(8,24,'áo thun nam',4,'2025-10-19 11:49:24'),(9,24,'sách đắc nhân tâm',4,'2025-10-19 11:49:24'),(10,24,'giày nike air force 1',2,'2025-10-19 11:49:24'),(11,25,'giày nike air force 1',4,'2025-10-19 11:49:24'),(12,25,'kem chống nắng la roche posay',5,'2025-10-19 11:49:24'),(13,25,'iphone 15 pro max',3,'2025-10-19 11:49:24'),(14,25,'sách đắc nhân tâm',3,'2025-10-19 11:49:24'),(15,26,'áo thun nam',2,'2025-10-19 11:49:24'),(16,26,'iphone 15 pro max',3,'2025-10-19 11:49:24'),(17,26,'sách đắc nhân tâm',3,'2025-10-19 11:49:24'),(18,26,'giày nike air force 1',2,'2025-10-19 11:49:24'),(19,27,'giày nike air force 1',3,'2025-10-19 11:49:24'),(20,27,'iphone 15 pro max',3,'2025-10-19 11:49:24'),(21,27,'kem chống nắng la roche posay',2,'2025-10-19 11:49:24'),(22,27,'áo thun nam',3,'2025-10-19 11:49:24'),(23,28,'giày nike air force 1',5,'2025-10-19 11:49:24'),(24,28,'kem chống nắng la roche posay',2,'2025-10-19 11:49:24'),(25,28,'iphone 15 pro max',2,'2025-10-19 11:49:24'),(26,28,'áo thun nam',2,'2025-10-19 11:49:24'),(27,28,'sách đắc nhân tâm',5,'2025-10-19 11:49:24'),(28,29,'iphone 15 pro max',3,'2025-10-19 11:49:25'),(29,29,'sách đắc nhân tâm',2,'2025-10-19 11:49:25'),(30,29,'áo thun nam',3,'2025-10-19 11:49:25'),(31,30,'giày nike air force 1',3,'2025-10-19 11:49:25'),(32,30,'kem chống nắng la roche posay',2,'2025-10-19 11:49:25'),(33,30,'iphone 15 pro max',3,'2025-10-19 11:49:25'),(34,30,'áo thun nam',4,'2025-10-19 11:49:25'),(35,31,'iphone 15 pro max',4,'2025-10-19 11:49:25'),(36,31,'áo thun nam',3,'2025-10-19 11:49:25'),(37,31,'giày nike air force 1',3,'2025-10-19 11:49:25'),(38,31,'kem chống nắng la roche posay',2,'2025-10-19 11:49:25'),(39,31,'sách đắc nhân tâm',3,'2025-10-19 11:49:25'),(40,32,'iphone 15 pro max',4,'2025-10-19 11:49:25'),(41,32,'áo thun nam',3,'2025-10-19 11:49:25'),(42,32,'kem chống nắng la roche posay',2,'2025-10-19 11:49:25'),(43,32,'giày nike air force 1',3,'2025-10-19 11:49:25'),(44,32,'sách đắc nhân tâm',2,'2025-10-19 11:49:25'),(45,33,'kem chống nắng la roche posay',2,'2025-10-19 11:49:25'),(46,33,'iphone 15 pro max',2,'2025-10-19 11:49:25'),(47,33,'giày nike air force 1',2,'2025-10-19 11:49:25'),(48,33,'áo thun nam',3,'2025-10-19 11:49:25'),(49,34,'giày nike air force 1',5,'2025-10-19 11:49:25'),(50,34,'kem chống nắng la roche posay',2,'2025-10-19 11:49:25'),(51,34,'sách đắc nhân tâm',4,'2025-10-19 11:49:25'),(52,34,'áo thun nam',3,'2025-10-19 11:49:25'),(53,35,'kem chống nắng la roche posay',2,'2025-10-19 11:49:25'),(54,35,'áo thun nam',3,'2025-10-19 11:49:25'),(55,35,'sách đắc nhân tâm',3,'2025-10-19 11:49:25'),(56,35,'iphone 15 pro max',3,'2025-10-19 11:49:25'),(57,36,'giày nike air force 1',5,'2025-10-19 11:49:26'),(58,36,'sách đắc nhân tâm',4,'2025-10-19 11:49:26'),(59,36,'iphone 15 pro max',4,'2025-10-19 11:49:26'),(60,36,'áo thun nam',2,'2025-10-19 11:49:26'),(61,37,'áo thun nam',4,'2025-10-19 11:49:26'),(62,37,'kem chống nắng la roche posay',3,'2025-10-19 11:49:26'),(63,37,'iphone 15 pro max',3,'2025-10-19 11:49:26'),(64,37,'sách đắc nhân tâm',2,'2025-10-19 11:49:26'),(65,38,'kem chống nắng la roche posay',4,'2025-10-19 11:49:26'),(66,38,'giày nike air force 1',2,'2025-10-19 11:49:26'),(67,38,'iphone 15 pro max',4,'2025-10-19 11:49:26'),(68,38,'sách đắc nhân tâm',2,'2025-10-19 11:49:26'),(69,38,'áo thun nam',2,'2025-10-19 11:49:26'),(70,39,'kem chống nắng la roche posay',3,'2025-10-19 11:49:26'),(71,39,'áo thun nam',2,'2025-10-19 11:49:26'),(72,39,'giày nike air force 1',3,'2025-10-19 11:49:26'),(73,39,'iphone 15 pro max',3,'2025-10-19 11:49:26'),(74,40,'giày nike air force 1',4,'2025-10-19 11:49:26'),(75,40,'kem chống nắng la roche posay',3,'2025-10-19 11:49:26'),(76,40,'sách đắc nhân tâm',2,'2025-10-19 11:49:26'),(77,41,'sách đắc nhân tâm',3,'2025-10-19 11:49:26'),(78,41,'iphone 15 pro max',3,'2025-10-19 11:49:26'),(79,41,'áo thun nam',2,'2025-10-19 11:49:26'),(80,41,'kem chống nắng la roche posay',3,'2025-10-19 11:49:26'),(81,42,'iphone 15 pro max',3,'2025-10-19 11:49:26'),(82,42,'giày nike air force 1',2,'2025-10-19 11:49:26'),(83,42,'áo thun nam',2,'2025-10-19 11:49:26'),(84,42,'sách đắc nhân tâm',2,'2025-10-19 11:49:26'),(85,43,'giày nike air force 1',3,'2025-10-19 11:49:26'),(86,43,'iphone 15 pro max',5,'2025-10-19 11:49:26'),(87,43,'áo thun nam',4,'2025-10-19 11:49:26'),(88,43,'sách đắc nhân tâm',2,'2025-10-19 11:49:26'),(89,43,'kem chống nắng la roche posay',2,'2025-10-19 11:49:26'),(90,44,'sách đắc nhân tâm',3,'2025-10-19 11:49:27'),(91,44,'giày nike air force 1',2,'2025-10-19 11:49:27'),(92,44,'kem chống nắng la roche posay',4,'2025-10-19 11:49:27'),(93,45,'giày nike air force 1',2,'2025-10-19 11:49:27'),(94,45,'áo thun nam',2,'2025-10-19 11:49:27'),(95,45,'iphone 15 pro max',4,'2025-10-19 11:49:27'),(96,46,'áo thun nam',5,'2025-10-19 11:49:27'),(97,46,'iphone 15 pro max',3,'2025-10-19 11:49:27'),(98,46,'sách đắc nhân tâm',2,'2025-10-19 11:49:27'),(99,46,'kem chống nắng la roche posay',3,'2025-10-19 11:49:27'),(100,46,'giày nike air force 1',2,'2025-10-19 11:49:27'),(101,47,'iphone 15 pro max',3,'2025-10-19 11:49:27'),(102,47,'kem chống nắng la roche posay',2,'2025-10-19 11:49:27'),(103,47,'áo thun nam',2,'2025-10-19 11:49:27'),(104,47,'giày nike air force 1',2,'2025-10-19 11:49:27'),(105,47,'sách đắc nhân tâm',2,'2025-10-19 11:49:27'),(106,48,'áo thun nam',7,'2025-10-19 11:49:27'),(107,48,'kem chống nắng la roche posay',2,'2025-10-19 11:49:27'),(108,48,'giày nike air force 1',3,'2025-10-19 11:49:27'),(109,49,'sách đắc nhân tâm',3,'2025-10-19 11:49:27'),(110,49,'kem chống nắng la roche posay',2,'2025-10-19 11:49:27'),(111,49,'iphone 15 pro max',2,'2025-10-19 11:49:27'),(112,49,'áo thun nam',6,'2025-10-19 11:49:27'),(113,50,'sách đắc nhân tâm',2,'2025-10-19 11:49:27'),(114,50,'kem chống nắng la roche posay',3,'2025-10-19 11:49:27'),(115,50,'iphone 15 pro max',4,'2025-10-19 11:49:27'),(116,51,'giày nike air force 1',4,'2025-10-19 11:49:27'),(117,51,'kem chống nắng la roche posay',2,'2025-10-19 11:49:27'),(118,51,'sách đắc nhân tâm',2,'2025-10-19 11:49:27'),(119,51,'iphone 15 pro max',2,'2025-10-19 11:49:27'),(120,51,'áo thun nam',2,'2025-10-19 11:49:27'),(121,52,'sách đắc nhân tâm',3,'2025-10-19 11:49:27'),(122,52,'áo thun nam',4,'2025-10-19 11:49:27'),(123,52,'giày nike air force 1',3,'2025-10-19 11:49:27'),(124,52,'kem chống nắng la roche posay',2,'2025-10-19 11:49:27'),(125,53,'kem chống nắng la roche posay',4,'2025-10-19 11:49:28'),(126,53,'giày nike air force 1',3,'2025-10-19 11:49:28'),(127,53,'sách đắc nhân tâm',3,'2025-10-19 11:49:28'),(128,53,'iphone 15 pro max',2,'2025-10-19 11:49:28'),(129,54,'sách đắc nhân tâm',3,'2025-10-19 11:49:28'),(130,54,'giày nike air force 1',3,'2025-10-19 11:49:28'),(131,54,'iphone 15 pro max',5,'2025-10-19 11:49:28'),(132,54,'kem chống nắng la roche posay',2,'2025-10-19 11:49:28'),(133,55,'sách đắc nhân tâm',2,'2025-10-19 11:49:28'),(134,55,'iphone 15 pro max',3,'2025-10-19 11:49:28'),(135,55,'kem chống nắng la roche posay',3,'2025-10-19 11:49:28'),(136,55,'áo thun nam',3,'2025-10-19 11:49:28'),(137,56,'giày nike air force 1',3,'2025-10-19 11:49:28'),(138,56,'kem chống nắng la roche posay',3,'2025-10-19 11:49:28'),(139,56,'áo thun nam',3,'2025-10-19 11:49:28'),(140,56,'sách đắc nhân tâm',4,'2025-10-19 11:49:28'),(141,56,'iphone 15 pro max',2,'2025-10-19 11:49:28'),(142,57,'sách đắc nhân tâm',2,'2025-10-19 11:49:28'),(143,57,'kem chống nắng la roche posay',4,'2025-10-19 11:49:28'),(144,57,'áo thun nam',3,'2025-10-19 11:49:28'),(145,57,'iphone 15 pro max',2,'2025-10-19 11:49:28'),(146,57,'giày nike air force 1',2,'2025-10-19 11:49:28'),(147,58,'giày nike air force 1',3,'2025-10-19 11:49:28'),(148,58,'sách đắc nhân tâm',3,'2025-10-19 11:49:28'),(149,58,'iphone 15 pro max',3,'2025-10-19 11:49:28'),(150,58,'áo thun nam',2,'2025-10-19 11:49:28'),(151,59,'áo thun nam',3,'2025-10-19 11:49:28'),(152,59,'kem chống nắng la roche posay',6,'2025-10-19 11:49:28'),(153,59,'sách đắc nhân tâm',2,'2025-10-19 11:49:28'),(154,59,'giày nike air force 1',3,'2025-10-19 11:49:28'),(155,59,'iphone 15 pro max',3,'2025-10-19 11:49:28'),(156,60,'giày nike air force 1',3,'2025-10-19 11:49:28'),(157,60,'sách đắc nhân tâm',4,'2025-10-19 11:49:29'),(158,60,'áo thun nam',2,'2025-10-19 11:49:28'),(159,60,'kem chống nắng la roche posay',3,'2025-10-19 11:49:28'),(160,61,'áo thun nam',4,'2025-10-19 11:49:29'),(161,61,'iphone 15 pro max',2,'2025-10-19 11:49:29'),(162,61,'kem chống nắng la roche posay',2,'2025-10-19 11:49:29'),(163,62,'kem chống nắng la roche posay',2,'2025-10-19 11:49:29'),(164,62,'giày nike air force 1',2,'2025-10-19 11:49:29'),(165,62,'sách đắc nhân tâm',4,'2025-10-19 11:49:29'),(166,62,'iphone 15 pro max',4,'2025-10-19 11:49:29'),(167,62,'áo thun nam',2,'2025-10-19 11:49:29'),(168,63,'kem chống nắng la roche posay',3,'2025-10-19 11:49:29'),(169,63,'iphone 15 pro max',3,'2025-10-19 11:49:29'),(170,63,'áo thun nam',3,'2025-10-19 11:49:29'),(171,63,'giày nike air force 1',2,'2025-10-19 11:49:29'),(172,64,'áo thun nam',3,'2025-10-19 11:49:29'),(173,64,'sách đắc nhân tâm',2,'2025-10-19 11:49:29'),(174,64,'giày nike air force 1',2,'2025-10-19 11:49:29'),(175,64,'kem chống nắng la roche posay',2,'2025-10-19 11:49:29'),(176,65,'giày nike air force 1',2,'2025-10-19 11:49:29'),(177,65,'áo thun nam',4,'2025-10-19 11:49:29'),(178,65,'iphone 15 pro max',4,'2025-10-19 11:49:29'),(179,65,'sách đắc nhân tâm',4,'2025-10-19 11:49:29'),(180,66,'kem chống nắng la roche posay',6,'2025-10-19 11:49:29'),(181,66,'áo thun nam',2,'2025-10-19 11:49:29'),(182,66,'giày nike air force 1',2,'2025-10-19 11:49:29'),(183,66,'sách đắc nhân tâm',3,'2025-10-19 11:49:29'),(184,67,'áo thun nam',2,'2025-10-19 11:49:29'),(185,67,'kem chống nắng la roche posay',3,'2025-10-19 11:49:29'),(186,67,'sách đắc nhân tâm',2,'2025-10-19 11:49:29'),(187,67,'iphone 15 pro max',2,'2025-10-19 11:49:29'),(188,68,'sách đắc nhân tâm',4,'2025-10-19 11:49:30'),(189,68,'giày nike air force 1',4,'2025-10-19 11:49:30'),(190,68,'iphone 15 pro max',2,'2025-10-19 11:49:30'),(191,68,'áo thun nam',4,'2025-10-19 11:49:30'),(192,69,'kem chống nắng la roche posay',4,'2025-10-19 11:49:30'),(193,69,'giày nike air force 1',3,'2025-10-19 11:49:30'),(194,69,'iphone 15 pro max',2,'2025-10-19 11:49:30'),(195,70,'kem chống nắng la roche posay',3,'2025-10-19 11:49:30'),(196,70,'sách đắc nhân tâm',3,'2025-10-19 11:49:30'),(197,70,'giày nike air force 1',2,'2025-10-19 11:49:30'),(198,70,'iphone 15 pro max',2,'2025-10-19 11:49:30'),(199,71,'giày nike air force 1',5,'2025-10-19 11:49:30'),(200,71,'iphone 15 pro max',3,'2025-10-19 11:49:30'),(201,71,'áo thun nam',2,'2025-10-19 11:49:30'),(202,71,'sách đắc nhân tâm',4,'2025-10-19 11:49:30'),(203,71,'kem chống nắng la roche posay',2,'2025-10-19 11:49:30'),(204,72,'sách đắc nhân tâm',5,'2025-10-19 11:49:30'),(205,72,'áo thun nam',5,'2025-10-19 11:49:30'),(206,73,'giày nike air force 1',3,'2025-10-19 11:49:30'),(207,73,'sách đắc nhân tâm',4,'2025-10-19 11:49:30'),(208,73,'iphone 15 pro max',4,'2025-10-19 11:49:30'),(209,73,'kem chống nắng la roche posay',2,'2025-10-19 11:49:30'),(210,74,'giày nike air force 1',2,'2025-10-19 11:49:30'),(211,74,'iphone 15 pro max',4,'2025-10-19 11:49:30'),(212,74,'áo thun nam',3,'2025-10-19 11:49:30'),(213,74,'sách đắc nhân tâm',4,'2025-10-19 11:49:30'),(214,75,'sách đắc nhân tâm',4,'2025-10-19 11:49:30'),(215,75,'áo thun nam',3,'2025-10-19 11:49:30'),(216,75,'iphone 15 pro max',2,'2025-10-19 11:49:30'),(217,75,'kem chống nắng la roche posay',2,'2025-10-19 11:49:30'),(218,75,'giày nike air force 1',2,'2025-10-19 11:49:30'),(219,76,'sách đắc nhân tâm',4,'2025-10-19 11:49:31'),(220,76,'giày nike air force 1',2,'2025-10-19 11:49:30'),(221,76,'kem chống nắng la roche posay',4,'2025-10-19 11:49:31'),(222,76,'iphone 15 pro max',2,'2025-10-19 11:49:31'),(223,77,'áo thun nam',3,'2025-10-19 11:49:31'),(224,77,'sách đắc nhân tâm',4,'2025-10-19 11:49:31'),(225,77,'kem chống nắng la roche posay',2,'2025-10-19 11:49:31'),(226,77,'iphone 15 pro max',2,'2025-10-19 11:49:31'),(227,78,'sách đắc nhân tâm',4,'2025-10-19 11:49:31'),(228,78,'áo thun nam',4,'2025-10-19 11:49:31'),(229,78,'iphone 15 pro max',4,'2025-10-19 11:49:31'),(230,78,'kem chống nắng la roche posay',2,'2025-10-19 11:49:31'),(231,78,'giày nike air force 1',2,'2025-10-19 11:49:31'),(232,79,'áo thun nam',2,'2025-10-19 11:49:31'),(233,79,'giày nike air force 1',5,'2025-10-19 11:49:31'),(234,79,'sách đắc nhân tâm',3,'2025-10-19 11:49:31'),(235,79,'iphone 15 pro max',2,'2025-10-19 11:49:31'),(236,79,'kem chống nắng la roche posay',2,'2025-10-19 11:49:31'),(237,80,'iphone 15 pro max',5,'2025-10-19 11:49:31'),(238,80,'giày nike air force 1',3,'2025-10-19 11:49:31'),(239,81,'giày nike air force 1',2,'2025-10-19 11:49:31'),(240,81,'kem chống nắng la roche posay',2,'2025-10-19 11:49:31'),(241,81,'áo thun nam',4,'2025-10-19 11:49:31'),(242,81,'sách đắc nhân tâm',2,'2025-10-19 11:49:31'),(243,82,'kem chống nắng la roche posay',2,'2025-10-19 11:49:31'),(244,82,'áo thun nam',3,'2025-10-19 11:49:31'),(245,82,'giày nike air force 1',4,'2025-10-19 11:49:31'),(246,82,'iphone 15 pro max',3,'2025-10-19 11:49:31'),(247,83,'giày nike air force 1',3,'2025-10-19 11:49:31'),(248,83,'kem chống nắng la roche posay',4,'2025-10-19 11:49:31'),(249,83,'sách đắc nhân tâm',4,'2025-10-19 11:49:31'),(250,84,'iphone 15 pro max',4,'2025-10-19 11:49:31'),(251,84,'áo thun nam',3,'2025-10-19 11:49:31'),(252,84,'giày nike air force 1',2,'2025-10-19 11:49:31'),(253,84,'kem chống nắng la roche posay',2,'2025-10-19 11:49:31'),(254,84,'sách đắc nhân tâm',2,'2025-10-19 11:49:31'),(255,85,'kem chống nắng la roche posay',5,'2025-10-19 11:49:32'),(256,85,'giày nike air force 1',2,'2025-10-19 11:49:32'),(257,85,'iphone 15 pro max',3,'2025-10-19 11:49:32'),(258,85,'áo thun nam',3,'2025-10-19 11:49:32'),(259,86,'kem chống nắng la roche posay',4,'2025-10-19 11:49:32'),(260,86,'iphone 15 pro max',3,'2025-10-19 11:49:32'),(261,86,'sách đắc nhân tâm',4,'2025-10-19 11:49:32'),(262,86,'áo thun nam',2,'2025-10-19 11:49:32'),(263,86,'giày nike air force 1',4,'2025-10-19 11:49:32'),(264,87,'giày nike air force 1',3,'2025-10-19 11:49:32'),(265,87,'áo thun nam',4,'2025-10-19 11:49:32'),(266,87,'kem chống nắng la roche posay',3,'2025-10-19 11:49:32'),(267,87,'sách đắc nhân tâm',2,'2025-10-19 11:49:32'),(268,87,'iphone 15 pro max',2,'2025-10-19 11:49:32'),(269,88,'sách đắc nhân tâm',3,'2025-10-19 11:49:32'),(270,88,'iphone 15 pro max',2,'2025-10-19 11:49:32'),(271,88,'giày nike air force 1',3,'2025-10-19 11:49:32'),(272,88,'áo thun nam',3,'2025-10-19 11:49:32'),(273,89,'kem chống nắng la roche posay',2,'2025-10-19 11:49:32'),(274,89,'iphone 15 pro max',3,'2025-10-19 11:49:32'),(275,89,'áo thun nam',2,'2025-10-19 11:49:32'),(276,89,'sách đắc nhân tâm',4,'2025-10-19 11:49:32'),(277,89,'giày nike air force 1',2,'2025-10-19 11:49:32'),(278,90,'áo thun nam',2,'2025-10-19 11:49:32'),(279,90,'iphone 15 pro max',2,'2025-10-19 11:49:32'),(280,90,'giày nike air force 1',7,'2025-10-19 11:49:32'),(281,90,'sách đắc nhân tâm',2,'2025-10-19 11:49:32'),(282,91,'áo thun nam',2,'2025-10-19 11:49:32'),(283,91,'giày nike air force 1',4,'2025-10-19 11:49:32'),(284,91,'kem chống nắng la roche posay',2,'2025-10-19 11:49:32'),(285,91,'sách đắc nhân tâm',3,'2025-10-19 11:49:32'),(286,92,'iphone 15 pro max',2,'2025-10-19 11:49:32'),(287,92,'giày nike air force 1',2,'2025-10-19 11:49:32'),(288,92,'áo thun nam',2,'2025-10-19 11:49:32'),(289,92,'sách đắc nhân tâm',3,'2025-10-19 11:49:32'),(290,93,'giày nike air force 1',3,'2025-10-19 11:49:33'),(291,93,'áo thun nam',4,'2025-10-19 11:49:33'),(292,93,'kem chống nắng la roche posay',3,'2025-10-19 11:49:33'),(293,93,'iphone 15 pro max',2,'2025-10-19 11:49:33'),(294,93,'sách đắc nhân tâm',2,'2025-10-19 11:49:33'),(295,94,'iphone 15 pro max',4,'2025-10-19 11:49:33'),(296,94,'áo thun nam',5,'2025-10-19 11:49:33'),(297,94,'kem chống nắng la roche posay',3,'2025-10-19 11:49:33'),(298,95,'giày nike air force 1',4,'2025-10-19 11:49:33'),(299,95,'sách đắc nhân tâm',2,'2025-10-19 11:49:33'),(300,95,'áo thun nam',3,'2025-10-19 11:49:33'),(301,95,'iphone 15 pro max',3,'2025-10-19 11:49:33'),(302,95,'kem chống nắng la roche posay',2,'2025-10-19 11:49:33'),(303,96,'giày nike air force 1',3,'2025-10-19 11:49:33'),(304,96,'iphone 15 pro max',3,'2025-10-19 11:49:33'),(305,96,'sách đắc nhân tâm',3,'2025-10-19 11:49:33'),(306,96,'kem chống nắng la roche posay',3,'2025-10-19 11:49:33'),(307,97,'giày nike air force 1',2,'2025-10-19 11:49:33'),(308,97,'iphone 15 pro max',5,'2025-10-19 11:49:33'),(309,97,'áo thun nam',3,'2025-10-19 11:49:33'),(310,98,'giày nike air force 1',4,'2025-10-19 11:49:33'),(311,98,'kem chống nắng la roche posay',3,'2025-10-19 11:49:33'),(312,98,'sách đắc nhân tâm',2,'2025-10-19 11:49:33'),(313,99,'iphone 15 pro max',3,'2025-10-19 11:49:33'),(314,99,'giày nike air force 1',4,'2025-10-19 11:49:33'),(315,99,'áo thun nam',2,'2025-10-19 11:49:33'),(316,99,'sách đắc nhân tâm',2,'2025-10-19 11:49:33'),(317,100,'iphone 15 pro max',2,'2025-10-19 11:49:33'),(318,100,'sách đắc nhân tâm',2,'2025-10-19 11:49:33'),(319,100,'giày nike air force 1',4,'2025-10-19 11:49:33'),(320,100,'kem chống nắng la roche posay',2,'2025-10-19 11:49:33'),(321,100,'áo thun nam',3,'2025-10-19 11:49:33'),(322,101,'iphone 15 pro max',3,'2025-10-19 11:49:33'),(323,101,'sách đắc nhân tâm',4,'2025-10-19 11:49:33'),(324,101,'giày nike air force 1',3,'2025-10-19 11:49:33'),(325,101,'áo thun nam',2,'2025-10-19 11:49:33'),(326,102,'kem chống nắng la roche posay',3,'2025-10-19 11:49:34'),(327,102,'iphone 15 pro max',3,'2025-10-19 11:49:34'),(328,102,'sách đắc nhân tâm',2,'2025-10-19 11:49:34'),(329,103,'sách đắc nhân tâm',3,'2025-10-19 11:49:34'),(330,103,'iphone 15 pro max',2,'2025-10-19 11:49:34'),(331,103,'giày nike air force 1',2,'2025-10-19 11:49:34'),(332,103,'kem chống nắng la roche posay',2,'2025-10-19 11:49:34'),(333,104,'áo thun nam',3,'2025-10-19 11:49:34'),(334,104,'iphone 15 pro max',3,'2025-10-19 11:49:34'),(335,104,'giày nike air force 1',2,'2025-10-19 11:49:34'),(336,104,'kem chống nắng la roche posay',2,'2025-10-19 11:49:34'),(337,104,'sách đắc nhân tâm',2,'2025-10-19 11:49:34'),(338,105,'iphone 15 pro max',3,'2025-10-19 11:49:34'),(339,105,'giày nike air force 1',2,'2025-10-19 11:49:34'),(340,105,'kem chống nắng la roche posay',2,'2025-10-19 11:49:34'),(341,105,'áo thun nam',4,'2025-10-19 11:49:34'),(342,106,'iphone 15 pro max',4,'2025-10-19 11:49:34'),(343,106,'kem chống nắng la roche posay',3,'2025-10-19 11:49:34'),(344,106,'giày nike air force 1',5,'2025-10-19 11:49:34'),(345,107,'sách đắc nhân tâm',4,'2025-10-19 11:49:34'),(346,107,'áo thun nam',2,'2025-10-19 11:49:34'),(347,107,'iphone 15 pro max',3,'2025-10-19 11:49:34'),(348,107,'giày nike air force 1',2,'2025-10-19 11:49:34'),(349,107,'kem chống nắng la roche posay',2,'2025-10-19 11:49:34'),(350,108,'iphone 15 pro max',3,'2025-10-19 11:49:34'),(351,108,'áo thun nam',3,'2025-10-19 11:49:34'),(352,108,'giày nike air force 1',3,'2025-10-19 11:49:34'),(353,109,'giày nike air force 1',4,'2025-10-19 11:49:34'),(354,109,'kem chống nắng la roche posay',4,'2025-10-19 11:49:34'),(355,109,'iphone 15 pro max',3,'2025-10-19 11:49:34'),(356,109,'sách đắc nhân tâm',2,'2025-10-19 11:49:34'),(357,110,'iphone 15 pro max',4,'2025-10-19 11:49:34'),(358,110,'sách đắc nhân tâm',2,'2025-10-19 11:49:34'),(359,110,'áo thun nam',2,'2025-10-19 11:49:34'),(360,111,'iphone 15 pro max',3,'2025-10-19 11:49:34'),(361,111,'kem chống nắng la roche posay',4,'2025-10-19 11:49:34'),(362,111,'giày nike air force 1',3,'2025-10-19 11:49:34'),(363,112,'áo thun nam',5,'2025-10-19 11:49:35'),(364,112,'giày nike air force 1',2,'2025-10-19 11:49:35'),(365,112,'sách đắc nhân tâm',2,'2025-10-19 11:49:35'),(366,113,'áo thun nam',5,'2025-10-19 11:49:35'),(367,113,'sách đắc nhân tâm',4,'2025-10-19 11:49:35'),(368,113,'iphone 15 pro max',2,'2025-10-19 11:49:35'),(369,114,'sách đắc nhân tâm',4,'2025-10-19 11:49:35'),(370,114,'iphone 15 pro max',2,'2025-10-19 11:49:35'),(371,114,'áo thun nam',4,'2025-10-19 11:49:35'),(372,114,'giày nike air force 1',3,'2025-10-19 11:49:35'),(373,115,'giày nike air force 1',3,'2025-10-19 11:49:35'),(374,115,'sách đắc nhân tâm',2,'2025-10-19 11:49:35'),(375,115,'iphone 15 pro max',3,'2025-10-19 11:49:35'),(376,115,'áo thun nam',2,'2025-10-19 11:49:35'),(377,115,'kem chống nắng la roche posay',3,'2025-10-19 11:49:35'),(378,116,'áo thun nam',4,'2025-10-19 11:49:35'),(379,116,'kem chống nắng la roche posay',2,'2025-10-19 11:49:35'),(380,116,'sách đắc nhân tâm',2,'2025-10-19 11:49:35'),(381,116,'giày nike air force 1',3,'2025-10-19 11:49:35'),(382,117,'kem chống nắng la roche posay',3,'2025-10-19 11:49:35'),(383,117,'sách đắc nhân tâm',5,'2025-10-19 11:49:35'),(384,117,'áo thun nam',2,'2025-10-19 11:49:35'),(385,117,'giày nike air force 1',3,'2025-10-19 11:49:35'),(386,117,'iphone 15 pro max',2,'2025-10-19 11:49:35'),(387,118,'kem chống nắng la roche posay',4,'2025-10-19 11:49:35'),(388,118,'giày nike air force 1',3,'2025-10-19 11:49:35'),(389,118,'iphone 15 pro max',3,'2025-10-19 11:49:35'),(390,118,'sách đắc nhân tâm',3,'2025-10-19 11:49:35'),(391,118,'áo thun nam',3,'2025-10-19 11:49:35'),(392,119,'áo thun nam',2,'2025-10-19 11:49:35'),(393,119,'iphone 15 pro max',3,'2025-10-19 11:49:35'),(394,119,'sách đắc nhân tâm',3,'2025-10-19 11:49:35'),(395,120,'sách đắc nhân tâm',6,'2025-10-19 11:49:36'),(396,120,'kem chống nắng la roche posay',2,'2025-10-19 11:49:36'),(397,120,'iphone 15 pro max',2,'2025-10-19 11:49:36'),(398,120,'áo thun nam',2,'2025-10-19 11:49:36'),(399,120,'giày nike air force 1',2,'2025-10-19 11:49:36'),(400,121,'sách đắc nhân tâm',2,'2025-10-19 11:49:36'),(401,121,'giày nike air force 1',5,'2025-10-19 11:49:36'),(402,121,'iphone 15 pro max',3,'2025-10-19 11:49:36'),(403,121,'kem chống nắng la roche posay',2,'2025-10-19 11:49:36'),(404,121,'áo thun nam',2,'2025-10-19 11:49:36');
/*!40000 ALTER TABLE `search_histories` ENABLE KEYS */;
UNLOCK TABLES;

--
-- Table structure for table `seller_promotion_participation`
--

DROP TABLE IF EXISTS `seller_promotion_participation`;
/*!40101 SET @saved_cs_client     = @@character_set_client */;
/*!50503 SET character_set_client = utf8mb4 */;
CREATE TABLE `seller_promotion_participation` (
  `participation_id` bigint(20) unsigned NOT NULL AUTO_INCREMENT,
  `seller_id` bigint(20) unsigned NOT NULL,
  `platform_promotion_id` bigint(20) unsigned NOT NULL,
  `status` enum('pending','approved','rejected','active','completed') NOT NULL DEFAULT 'pending',
  `seller_contribution` decimal(18,2) NOT NULL DEFAULT 0.00,
  `created_at` timestamp NULL DEFAULT NULL,
  `updated_at` timestamp NULL DEFAULT NULL,
  PRIMARY KEY (`participation_id`),
  UNIQUE KEY `seller_participation_unique` (`seller_id`,`platform_promotion_id`),
  KEY `seller_promotion_participation_platform_promotion_id_foreign` (`platform_promotion_id`),
  KEY `seller_promotion_participation_status_index` (`status`),
  CONSTRAINT `seller_promotion_participation_platform_promotion_id_foreign` FOREIGN KEY (`platform_promotion_id`) REFERENCES `promotions` (`promotion_id`) ON DELETE CASCADE,
  CONSTRAINT `seller_promotion_participation_seller_id_foreign` FOREIGN KEY (`seller_id`) REFERENCES `users` (`id`) ON DELETE CASCADE
) ENGINE=InnoDB DEFAULT CHARSET=utf8mb4 COLLATE=utf8mb4_unicode_ci;
/*!40101 SET character_set_client = @saved_cs_client */;

--
-- Dumping data for table `seller_promotion_participation`
--

LOCK TABLES `seller_promotion_participation` WRITE;
/*!40000 ALTER TABLE `seller_promotion_participation` DISABLE KEYS */;
/*!40000 ALTER TABLE `seller_promotion_participation` ENABLE KEYS */;
UNLOCK TABLES;

--
-- Table structure for table `seller_promotion_wallets`
--

DROP TABLE IF EXISTS `seller_promotion_wallets`;
/*!40101 SET @saved_cs_client     = @@character_set_client */;
/*!50503 SET character_set_client = utf8mb4 */;
CREATE TABLE `seller_promotion_wallets` (
  `wallet_id` bigint(20) unsigned NOT NULL AUTO_INCREMENT,
  `seller_id` bigint(20) unsigned NOT NULL,
  `balance` decimal(18,2) NOT NULL DEFAULT 0.00,
  `total_earned` decimal(18,2) NOT NULL DEFAULT 0.00,
  `total_spent` decimal(18,2) NOT NULL DEFAULT 0.00,
  `currency` varchar(3) NOT NULL DEFAULT 'VND',
  `status` enum('active','suspended','closed') NOT NULL DEFAULT 'active',
  `created_at` timestamp NULL DEFAULT NULL,
  `updated_at` timestamp NULL DEFAULT NULL,
  PRIMARY KEY (`wallet_id`),
  UNIQUE KEY `seller_promotion_wallets_seller_id_unique` (`seller_id`),
  KEY `seller_promotion_wallets_status_index` (`status`),
  CONSTRAINT `seller_promotion_wallets_seller_id_foreign` FOREIGN KEY (`seller_id`) REFERENCES `users` (`id`) ON DELETE CASCADE
) ENGINE=InnoDB DEFAULT CHARSET=utf8mb4 COLLATE=utf8mb4_unicode_ci;
/*!40101 SET character_set_client = @saved_cs_client */;

--
-- Dumping data for table `seller_promotion_wallets`
--

LOCK TABLES `seller_promotion_wallets` WRITE;
/*!40000 ALTER TABLE `seller_promotion_wallets` DISABLE KEYS */;
/*!40000 ALTER TABLE `seller_promotion_wallets` ENABLE KEYS */;
UNLOCK TABLES;

--
-- Table structure for table `seller_wallet_transactions`
--

DROP TABLE IF EXISTS `seller_wallet_transactions`;
/*!40101 SET @saved_cs_client     = @@character_set_client */;
/*!50503 SET character_set_client = utf8mb4 */;
CREATE TABLE `seller_wallet_transactions` (
  `transaction_id` bigint(20) unsigned NOT NULL AUTO_INCREMENT,
  `wallet_id` bigint(20) unsigned NOT NULL,
  `amount` decimal(18,2) NOT NULL,
  `type` enum('credit','debit') NOT NULL,
  `description` text DEFAULT NULL,
  `reference_type` varchar(50) DEFAULT NULL,
  `reference_id` bigint(20) unsigned DEFAULT NULL,
  `balance_before` decimal(18,2) DEFAULT NULL,
  `balance_after` decimal(18,2) DEFAULT NULL,
  `created_at` timestamp NULL DEFAULT NULL,
  `updated_at` timestamp NULL DEFAULT NULL,
  PRIMARY KEY (`transaction_id`),
  KEY `seller_wallet_transactions_wallet_id_created_at_index` (`wallet_id`,`created_at`),
  KEY `seller_wallet_transactions_reference_type_reference_id_index` (`reference_type`,`reference_id`),
  CONSTRAINT `seller_wallet_transactions_wallet_id_foreign` FOREIGN KEY (`wallet_id`) REFERENCES `seller_promotion_wallets` (`wallet_id`) ON DELETE CASCADE
) ENGINE=InnoDB DEFAULT CHARSET=utf8mb4 COLLATE=utf8mb4_unicode_ci;
/*!40101 SET character_set_client = @saved_cs_client */;

--
-- Dumping data for table `seller_wallet_transactions`
--

LOCK TABLES `seller_wallet_transactions` WRITE;
/*!40000 ALTER TABLE `seller_wallet_transactions` DISABLE KEYS */;
/*!40000 ALTER TABLE `seller_wallet_transactions` ENABLE KEYS */;
UNLOCK TABLES;

--
-- Table structure for table `sessions`
--

DROP TABLE IF EXISTS `sessions`;
/*!40101 SET @saved_cs_client     = @@character_set_client */;
/*!50503 SET character_set_client = utf8mb4 */;
CREATE TABLE `sessions` (
  `id` varchar(255) NOT NULL,
  `user_id` bigint(20) unsigned DEFAULT NULL,
  `ip_address` varchar(45) DEFAULT NULL,
  `user_agent` text DEFAULT NULL,
  `payload` longtext NOT NULL,
  `last_activity` int(11) NOT NULL,
  PRIMARY KEY (`id`),
  KEY `sessions_user_id_index` (`user_id`),
  KEY `sessions_last_activity_index` (`last_activity`)
) ENGINE=InnoDB DEFAULT CHARSET=utf8mb4 COLLATE=utf8mb4_unicode_ci;
/*!40101 SET character_set_client = @saved_cs_client */;

--
-- Dumping data for table `sessions`
--

LOCK TABLES `sessions` WRITE;
/*!40000 ALTER TABLE `sessions` DISABLE KEYS */;
/*!40000 ALTER TABLE `sessions` ENABLE KEYS */;
UNLOCK TABLES;

--
-- Table structure for table `shipment_journeys`
--

DROP TABLE IF EXISTS `shipment_journeys`;
/*!40101 SET @saved_cs_client     = @@character_set_client */;
/*!50503 SET character_set_client = utf8mb4 */;
CREATE TABLE `shipment_journeys` (
  `id` bigint(20) unsigned NOT NULL AUTO_INCREMENT,
  `order_id` bigint(20) unsigned NOT NULL,
  `leg_type` enum('first_mile','middle_mile','last_mile') NOT NULL,
  `shipper_id` bigint(20) unsigned DEFAULT NULL,
  `start_hub_id` bigint(20) unsigned DEFAULT NULL,
  `end_hub_id` bigint(20) unsigned DEFAULT NULL,
  `status` varchar(255) NOT NULL,
  `created_at` timestamp NULL DEFAULT NULL,
  `updated_at` timestamp NULL DEFAULT NULL,
  PRIMARY KEY (`id`),
  KEY `shipment_journeys_order_id_foreign` (`order_id`),
  KEY `shipment_journeys_shipper_id_foreign` (`shipper_id`),
  KEY `shipment_journeys_start_hub_id_foreign` (`start_hub_id`),
  KEY `shipment_journeys_end_hub_id_foreign` (`end_hub_id`),
  CONSTRAINT `shipment_journeys_end_hub_id_foreign` FOREIGN KEY (`end_hub_id`) REFERENCES `hubs` (`id`),
  CONSTRAINT `shipment_journeys_order_id_foreign` FOREIGN KEY (`order_id`) REFERENCES `orders` (`order_id`),
  CONSTRAINT `shipment_journeys_shipper_id_foreign` FOREIGN KEY (`shipper_id`) REFERENCES `users` (`id`),
  CONSTRAINT `shipment_journeys_start_hub_id_foreign` FOREIGN KEY (`start_hub_id`) REFERENCES `hubs` (`id`)
) ENGINE=InnoDB DEFAULT CHARSET=utf8mb4 COLLATE=utf8mb4_unicode_ci;
/*!40101 SET character_set_client = @saved_cs_client */;

--
-- Dumping data for table `shipment_journeys`
--

LOCK TABLES `shipment_journeys` WRITE;
/*!40000 ALTER TABLE `shipment_journeys` DISABLE KEYS */;
/*!40000 ALTER TABLE `shipment_journeys` ENABLE KEYS */;
UNLOCK TABLES;

--
-- Table structure for table `shipper_profiles`
--

DROP TABLE IF EXISTS `shipper_profiles`;
/*!40101 SET @saved_cs_client     = @@character_set_client */;
/*!50503 SET character_set_client = utf8mb4 */;
CREATE TABLE `shipper_profiles` (
  `user_id` bigint(20) unsigned NOT NULL,
  `id_card_number` varchar(255) NOT NULL,
  `id_card_front_url` varchar(255) NOT NULL,
  `id_card_back_url` varchar(255) NOT NULL,
  `driver_license_number` varchar(255) NOT NULL,
  `driver_license_front_url` varchar(255) NOT NULL,
  `vehicle_type` varchar(255) NOT NULL,
  `license_plate` varchar(255) NOT NULL,
  `status` enum('pending','approved','rejected','suspended') NOT NULL DEFAULT 'pending',
  `created_at` timestamp NULL DEFAULT NULL,
  `updated_at` timestamp NULL DEFAULT NULL,
  PRIMARY KEY (`user_id`),
  CONSTRAINT `shipper_profiles_user_id_foreign` FOREIGN KEY (`user_id`) REFERENCES `users` (`id`)
) ENGINE=InnoDB DEFAULT CHARSET=utf8mb4 COLLATE=utf8mb4_unicode_ci;
/*!40101 SET character_set_client = @saved_cs_client */;

--
-- Dumping data for table `shipper_profiles`
--

LOCK TABLES `shipper_profiles` WRITE;
/*!40000 ALTER TABLE `shipper_profiles` DISABLE KEYS */;
INSERT INTO `shipper_profiles` VALUES (122,'51499027066','https://via.placeholder.com/600x400.png/009944?text=id-front','https://via.placeholder.com/600x400.png/009944?text=id-back','65-39209438','https://via.placeholder.com/600x400.png/0077bb?text=license','Bicycle','27a-9745','pending','2025-10-19 11:49:16','2025-10-19 11:49:16'),(123,'06533564539','https://via.placeholder.com/600x400.png/009944?text=id-front','https://via.placeholder.com/600x400.png/009944?text=id-back','49-21235327','https://via.placeholder.com/600x400.png/0077bb?text=license','Car','70q-9793','pending','2025-10-19 11:49:16','2025-10-19 11:49:16'),(124,'22582691275','https://via.placeholder.com/600x400.png/009944?text=id-front','https://via.placeholder.com/600x400.png/009944?text=id-back','91-39573863','https://via.placeholder.com/600x400.png/0077bb?text=license','Car','95e-7010','pending','2025-10-19 11:49:16','2025-10-19 11:49:16'),(125,'60321058750','https://via.placeholder.com/600x400.png/009944?text=id-front','https://via.placeholder.com/600x400.png/009944?text=id-back','62-17503185','https://via.placeholder.com/600x400.png/0077bb?text=license','Van','90b-0191','pending','2025-10-19 11:49:16','2025-10-19 11:49:16'),(126,'66215180388','https://via.placeholder.com/600x400.png/009944?text=id-front','https://via.placeholder.com/600x400.png/009944?text=id-back','06-74779103','https://via.placeholder.com/600x400.png/0077bb?text=license','Van','88m-1470','approved','2025-10-19 11:49:16','2025-10-19 11:49:16'),(127,'41899526073','https://via.placeholder.com/600x400.png/009944?text=id-front','https://via.placeholder.com/600x400.png/009944?text=id-back','49-81058942','https://via.placeholder.com/600x400.png/0077bb?text=license','Van','70p-6554','approved','2025-10-19 11:49:16','2025-10-19 11:49:16'),(128,'09902860263','https://via.placeholder.com/600x400.png/009944?text=id-front','https://via.placeholder.com/600x400.png/009944?text=id-back','94-74953804','https://via.placeholder.com/600x400.png/0077bb?text=license','Car','50v-5792','approved','2025-10-19 11:49:16','2025-10-19 11:49:16'),(129,'10886592397','https://via.placeholder.com/600x400.png/009944?text=id-front','https://via.placeholder.com/600x400.png/009944?text=id-back','33-63186356','https://via.placeholder.com/600x400.png/0077bb?text=license','Bicycle','32m-8929','approved','2025-10-19 11:49:16','2025-10-19 11:49:16'),(130,'39620761546','https://via.placeholder.com/600x400.png/009944?text=id-front','https://via.placeholder.com/600x400.png/009944?text=id-back','44-69438347','https://via.placeholder.com/600x400.png/0077bb?text=license','Car','04g-9630','rejected','2025-10-19 11:49:16','2025-10-19 11:49:16'),(131,'97832553992','https://via.placeholder.com/600x400.png/009944?text=id-front','https://via.placeholder.com/600x400.png/009944?text=id-back','20-86314567','https://via.placeholder.com/600x400.png/0077bb?text=license','Van','90i-1538','suspended','2025-10-19 11:49:16','2025-10-19 11:49:16');
/*!40000 ALTER TABLE `shipper_profiles` ENABLE KEYS */;
UNLOCK TABLES;

--
-- Table structure for table `shipper_ratings`
--

DROP TABLE IF EXISTS `shipper_ratings`;
/*!40101 SET @saved_cs_client     = @@character_set_client */;
/*!50503 SET character_set_client = utf8mb4 */;
CREATE TABLE `shipper_ratings` (
  `id` bigint(20) unsigned NOT NULL AUTO_INCREMENT,
  `order_id` bigint(20) unsigned NOT NULL,
  `shipper_id` bigint(20) unsigned NOT NULL,
  `customer_id` bigint(20) unsigned NOT NULL,
  `rating` tinyint(3) unsigned NOT NULL,
  `comment` text DEFAULT NULL,
  `criteria_ratings` longtext CHARACTER SET utf8mb4 COLLATE utf8mb4_bin DEFAULT NULL CHECK (json_valid(`criteria_ratings`)),
  `is_anonymous` tinyint(1) NOT NULL DEFAULT 0,
  `rated_at` timestamp NOT NULL DEFAULT current_timestamp() ON UPDATE current_timestamp(),
  `created_at` timestamp NULL DEFAULT NULL,
  `updated_at` timestamp NULL DEFAULT NULL,
  PRIMARY KEY (`id`),
  UNIQUE KEY `shipper_ratings_order_id_customer_id_unique` (`order_id`,`customer_id`),
  KEY `shipper_ratings_shipper_id_rating_index` (`shipper_id`,`rating`),
  KEY `shipper_ratings_customer_id_rated_at_index` (`customer_id`,`rated_at`),
  KEY `shipper_ratings_order_id_index` (`order_id`),
  CONSTRAINT `shipper_ratings_customer_id_foreign` FOREIGN KEY (`customer_id`) REFERENCES `users` (`id`) ON DELETE CASCADE,
  CONSTRAINT `shipper_ratings_order_id_foreign` FOREIGN KEY (`order_id`) REFERENCES `orders` (`order_id`) ON DELETE CASCADE,
  CONSTRAINT `shipper_ratings_shipper_id_foreign` FOREIGN KEY (`shipper_id`) REFERENCES `users` (`id`) ON DELETE CASCADE
) ENGINE=InnoDB DEFAULT CHARSET=utf8mb4 COLLATE=utf8mb4_unicode_ci;
/*!40101 SET character_set_client = @saved_cs_client */;

--
-- Dumping data for table `shipper_ratings`
--

LOCK TABLES `shipper_ratings` WRITE;
/*!40000 ALTER TABLE `shipper_ratings` DISABLE KEYS */;
/*!40000 ALTER TABLE `shipper_ratings` ENABLE KEYS */;
UNLOCK TABLES;

--
-- Table structure for table `shipping_details`
--

DROP TABLE IF EXISTS `shipping_details`;
/*!40101 SET @saved_cs_client     = @@character_set_client */;
/*!50503 SET character_set_client = utf8mb4 */;
CREATE TABLE `shipping_details` (
  `shipping_detail_id` bigint(20) unsigned NOT NULL AUTO_INCREMENT,
  `order_id` bigint(20) unsigned NOT NULL,
  `shipping_provider` varchar(100) NOT NULL,
  `tracking_number` varchar(100) DEFAULT NULL,
  `external_order_id` varchar(100) DEFAULT NULL,
  `status` tinyint(4) NOT NULL,
  `shipping_fee` decimal(18,2) NOT NULL,
  `status_history` text DEFAULT NULL COMMENT 'JSON history from provider',
  `created_at` timestamp NULL DEFAULT NULL,
  `updated_at` timestamp NULL DEFAULT NULL,
  PRIMARY KEY (`shipping_detail_id`),
  UNIQUE KEY `shipping_details_order_id_unique` (`order_id`),
  KEY `shipping_details_tracking_number_index` (`tracking_number`),
  CONSTRAINT `shipping_details_order_id_foreign` FOREIGN KEY (`order_id`) REFERENCES `orders` (`order_id`) ON DELETE CASCADE
) ENGINE=InnoDB AUTO_INCREMENT=298 DEFAULT CHARSET=utf8mb4 COLLATE=utf8mb4_unicode_ci;
/*!40101 SET character_set_client = @saved_cs_client */;

--
-- Dumping data for table `shipping_details`
--

LOCK TABLES `shipping_details` WRITE;
/*!40000 ALTER TABLE `shipping_details` DISABLE KEYS */;
INSERT INTO `shipping_details` VALUES (1,1,'VNPost','TRACKQI216752',NULL,3,18.93,NULL,'2025-10-19 11:49:21','2025-10-19 11:49:21'),(2,2,'Giao Hàng Nhanh','TRACKOP175778',NULL,1,6.59,NULL,'2025-10-19 11:49:21','2025-10-19 11:49:21'),(3,3,'VNPost','TRACKPU800227',NULL,3,27.43,NULL,'2025-10-19 11:49:21','2025-10-19 11:49:21'),(4,4,'Viettel Post','TRACKNB535518',NULL,3,37.43,NULL,'2025-10-19 11:49:21','2025-10-19 11:49:21'),(5,5,'Viettel Post','TRACKCI404802',NULL,3,12.83,NULL,'2025-10-19 11:49:21','2025-10-19 11:49:21'),(6,6,'Giao Hàng Nhanh','TRACKDM882090',NULL,1,26.79,NULL,'2025-10-19 11:49:21','2025-10-19 11:49:21'),(7,7,'Giao Hàng Nhanh','TRACKEO184851',NULL,3,11.11,NULL,'2025-10-19 11:49:21','2025-10-19 11:49:21'),(8,8,'VNPost','TRACKBS133883',NULL,5,19.59,NULL,'2025-10-19 11:49:21','2025-10-19 11:49:21'),(9,9,'Giao Hàng Tiết Kiệm','TRACKOP241325',NULL,2,14.68,NULL,'2025-10-19 11:49:21','2025-10-19 11:49:21'),(10,10,'Giao Hàng Nhanh','TRACKNN465661',NULL,5,15.23,NULL,'2025-10-19 11:49:21','2025-10-19 11:49:21'),(11,11,'Giao Hàng Tiết Kiệm','TRACKTP872417',NULL,5,47.40,NULL,'2025-10-19 11:49:21','2025-10-19 11:49:21'),(12,12,'Giao Hàng Nhanh','TRACKGS784018',NULL,2,34.06,NULL,'2025-10-19 11:49:21','2025-10-19 11:49:21'),(13,13,'Giao Hàng Nhanh','TRACKYN649628',NULL,5,22.08,NULL,'2025-10-19 11:49:21','2025-10-19 11:49:21'),(14,14,'Giao Hàng Tiết Kiệm','TRACKWS019456',NULL,2,22.29,NULL,'2025-10-19 11:49:21','2025-10-19 11:49:21'),(15,15,'VNPost','TRACKKK270346',NULL,3,45.80,NULL,'2025-10-19 11:49:21','2025-10-19 11:49:21'),(16,16,'Giao Hàng Nhanh','TRACKKB586791',NULL,5,29.47,NULL,'2025-10-19 11:49:21','2025-10-19 11:49:21'),(17,17,'Viettel Post','TRACKQU996406',NULL,2,25.52,NULL,'2025-10-19 11:49:21','2025-10-19 11:49:21'),(18,18,'VNPost','TRACKIN316363',NULL,5,20.83,NULL,'2025-10-19 11:49:21','2025-10-19 11:49:21'),(19,19,'VNPost','TRACKLN271275',NULL,5,40.33,NULL,'2025-10-19 11:49:21','2025-10-19 11:49:21'),(20,20,'VNPost','TRACKVL997137',NULL,4,12.39,NULL,'2025-10-19 11:49:21','2025-10-19 11:49:21'),(21,21,'VNPost','TRACKFV002767',NULL,1,25.92,NULL,'2025-10-19 11:49:21','2025-10-19 11:49:21'),(22,22,'VNPost','TRACKNQ969414',NULL,5,17.51,NULL,'2025-10-19 11:49:21','2025-10-19 11:49:21'),(23,23,'Giao Hàng Tiết Kiệm','TRACKVI778273',NULL,4,23.25,NULL,'2025-10-19 11:49:21','2025-10-19 11:49:21'),(24,24,'Giao Hàng Tiết Kiệm','TRACKNO754101',NULL,2,33.38,NULL,'2025-10-19 11:49:21','2025-10-19 11:49:21'),(25,25,'Giao Hàng Nhanh','TRACKLT925693',NULL,2,12.77,NULL,'2025-10-19 11:49:21','2025-10-19 11:49:21'),(26,26,'Giao Hàng Nhanh','TRACKIQ678403',NULL,5,6.06,NULL,'2025-10-19 11:49:21','2025-10-19 11:49:21'),(27,27,'VNPost','TRACKOH947502',NULL,2,19.22,NULL,'2025-10-19 11:49:21','2025-10-19 11:49:21'),(28,28,'Viettel Post','TRACKZZ603565',NULL,2,14.31,NULL,'2025-10-19 11:49:21','2025-10-19 11:49:21'),(29,29,'Giao Hàng Nhanh','TRACKXE781435',NULL,5,33.01,NULL,'2025-10-19 11:49:21','2025-10-19 11:49:21'),(30,30,'Viettel Post','TRACKIT076325',NULL,4,29.33,NULL,'2025-10-19 11:49:21','2025-10-19 11:49:21'),(31,31,'Viettel Post','TRACKVG263966',NULL,1,13.52,NULL,'2025-10-19 11:49:21','2025-10-19 11:49:21'),(32,32,'Giao Hàng Tiết Kiệm','TRACKKO882649',NULL,4,20.96,NULL,'2025-10-19 11:49:21','2025-10-19 11:49:21'),(33,33,'Viettel Post','TRACKPU932982',NULL,2,26.72,NULL,'2025-10-19 11:49:21','2025-10-19 11:49:21'),(34,34,'VNPost','TRACKIX050033',NULL,2,24.72,NULL,'2025-10-19 11:49:21','2025-10-19 11:49:21'),(35,35,'Giao Hàng Nhanh','TRACKRC376986',NULL,4,14.94,NULL,'2025-10-19 11:49:21','2025-10-19 11:49:21'),(36,36,'Giao Hàng Nhanh','TRACKMY386561',NULL,4,13.24,NULL,'2025-10-19 11:49:21','2025-10-19 11:49:21'),(37,37,'Giao Hàng Nhanh','TRACKLA578959',NULL,2,37.31,NULL,'2025-10-19 11:49:21','2025-10-19 11:49:21'),(38,38,'Viettel Post','TRACKOR615035',NULL,1,47.69,NULL,'2025-10-19 11:49:21','2025-10-19 11:49:21'),(39,39,'Giao Hàng Tiết Kiệm','TRACKPZ783827',NULL,2,34.81,NULL,'2025-10-19 11:49:21','2025-10-19 11:49:21'),(40,40,'Viettel Post','TRACKKM707832',NULL,2,7.39,NULL,'2025-10-19 11:49:21','2025-10-19 11:49:21'),(41,41,'Viettel Post','TRACKSZ197514',NULL,1,9.28,NULL,'2025-10-19 11:49:21','2025-10-19 11:49:21'),(42,42,'Giao Hàng Nhanh','TRACKLN931740',NULL,1,37.82,NULL,'2025-10-19 11:49:21','2025-10-19 11:49:21'),(43,43,'Giao Hàng Tiết Kiệm','TRACKKK002905',NULL,3,28.47,NULL,'2025-10-19 11:49:21','2025-10-19 11:49:21'),(44,44,'Viettel Post','TRACKCP575628',NULL,2,19.35,NULL,'2025-10-19 11:49:21','2025-10-19 11:49:21'),(45,45,'Giao Hàng Nhanh','TRACKHO527096',NULL,1,11.39,NULL,'2025-10-19 11:49:21','2025-10-19 11:49:21'),(46,46,'Giao Hàng Tiết Kiệm','TRACKUQ123636',NULL,5,21.22,NULL,'2025-10-19 11:49:21','2025-10-19 11:49:21'),(47,47,'VNPost','TRACKNR440836',NULL,1,36.49,NULL,'2025-10-19 11:49:21','2025-10-19 11:49:21'),(48,48,'VNPost','TRACKMW511996',NULL,2,26.94,NULL,'2025-10-19 11:49:21','2025-10-19 11:49:21'),(49,49,'VNPost','TRACKHZ986752',NULL,4,12.98,NULL,'2025-10-19 11:49:21','2025-10-19 11:49:21'),(50,50,'Giao Hàng Tiết Kiệm','TRACKKP425385',NULL,4,22.52,NULL,'2025-10-19 11:49:21','2025-10-19 11:49:21'),(51,51,'Giao Hàng Nhanh','TRACKHM513536',NULL,1,48.44,NULL,'2025-10-19 11:49:21','2025-10-19 11:49:21'),(52,52,'Giao Hàng Tiết Kiệm','TRACKDW614016',NULL,5,5.94,NULL,'2025-10-19 11:49:21','2025-10-19 11:49:21'),(53,53,'Giao Hàng Nhanh','TRACKFZ202597',NULL,4,9.10,NULL,'2025-10-19 11:49:21','2025-10-19 11:49:21'),(54,54,'Giao Hàng Nhanh','TRACKOS408659',NULL,4,15.37,NULL,'2025-10-19 11:49:21','2025-10-19 11:49:21'),(55,55,'Giao Hàng Tiết Kiệm','TRACKMM864981',NULL,2,11.66,NULL,'2025-10-19 11:49:21','2025-10-19 11:49:21'),(56,56,'Viettel Post','TRACKBF205511',NULL,2,39.46,NULL,'2025-10-19 11:49:21','2025-10-19 11:49:21'),(57,57,'Giao Hàng Nhanh','TRACKKE120502',NULL,1,45.65,NULL,'2025-10-19 11:49:21','2025-10-19 11:49:21'),(58,58,'VNPost','TRACKES623575',NULL,4,28.12,NULL,'2025-10-19 11:49:21','2025-10-19 11:49:21'),(59,59,'Giao Hàng Nhanh','TRACKSC644560',NULL,5,38.65,NULL,'2025-10-19 11:49:21','2025-10-19 11:49:21'),(60,60,'Giao Hàng Nhanh','TRACKEO402224',NULL,5,29.55,NULL,'2025-10-19 11:49:21','2025-10-19 11:49:21'),(61,61,'Viettel Post','TRACKDA968997',NULL,3,25.80,NULL,'2025-10-19 11:49:21','2025-10-19 11:49:21'),(62,62,'Giao Hàng Nhanh','TRACKGY672457',NULL,1,44.25,NULL,'2025-10-19 11:49:21','2025-10-19 11:49:21'),(63,63,'VNPost','TRACKCO679782',NULL,1,37.24,NULL,'2025-10-19 11:49:21','2025-10-19 11:49:21'),(64,64,'Viettel Post','TRACKXN850412',NULL,3,27.03,NULL,'2025-10-19 11:49:21','2025-10-19 11:49:21'),(65,65,'Giao Hàng Tiết Kiệm','TRACKSD496761',NULL,2,27.22,NULL,'2025-10-19 11:49:21','2025-10-19 11:49:21'),(66,66,'VNPost','TRACKOV034596',NULL,3,17.06,NULL,'2025-10-19 11:49:21','2025-10-19 11:49:21'),(67,67,'Giao Hàng Tiết Kiệm','TRACKWW768874',NULL,5,14.20,NULL,'2025-10-19 11:49:21','2025-10-19 11:49:21'),(68,68,'Viettel Post','TRACKGO826604',NULL,3,32.46,NULL,'2025-10-19 11:49:21','2025-10-19 11:49:21'),(69,69,'Viettel Post','TRACKFL167513',NULL,2,35.58,NULL,'2025-10-19 11:49:21','2025-10-19 11:49:21'),(70,70,'Viettel Post','TRACKUR548832',NULL,4,30.44,NULL,'2025-10-19 11:49:21','2025-10-19 11:49:21'),(71,71,'Giao Hàng Tiết Kiệm','TRACKXX704127',NULL,5,6.59,NULL,'2025-10-19 11:49:21','2025-10-19 11:49:21'),(72,72,'Giao Hàng Nhanh','TRACKCE713202',NULL,1,14.82,NULL,'2025-10-19 11:49:21','2025-10-19 11:49:21'),(73,73,'Giao Hàng Nhanh','TRACKTE421063',NULL,4,35.00,NULL,'2025-10-19 11:49:21','2025-10-19 11:49:21'),(74,74,'Viettel Post','TRACKQQ139830',NULL,2,31.23,NULL,'2025-10-19 11:49:21','2025-10-19 11:49:21'),(75,75,'Giao Hàng Nhanh','TRACKNW932034',NULL,5,11.08,NULL,'2025-10-19 11:49:21','2025-10-19 11:49:21'),(76,76,'Giao Hàng Tiết Kiệm','TRACKCH161371',NULL,3,49.15,NULL,'2025-10-19 11:49:21','2025-10-19 11:49:21'),(77,77,'VNPost','TRACKUG795703',NULL,2,18.16,NULL,'2025-10-19 11:49:21','2025-10-19 11:49:21'),(78,78,'Giao Hàng Tiết Kiệm','TRACKEE257537',NULL,5,41.06,NULL,'2025-10-19 11:49:21','2025-10-19 11:49:21'),(79,79,'Giao Hàng Nhanh','TRACKVA150762',NULL,1,46.12,NULL,'2025-10-19 11:49:21','2025-10-19 11:49:21'),(80,80,'Giao Hàng Nhanh','TRACKSH785499',NULL,2,5.51,NULL,'2025-10-19 11:49:21','2025-10-19 11:49:21'),(81,81,'Viettel Post','TRACKDR599761',NULL,3,10.26,NULL,'2025-10-19 11:49:21','2025-10-19 11:49:21'),(82,82,'VNPost','TRACKOB264954',NULL,2,6.26,NULL,'2025-10-19 11:49:21','2025-10-19 11:49:21'),(83,83,'Giao Hàng Tiết Kiệm','TRACKZZ441463',NULL,4,19.10,NULL,'2025-10-19 11:49:21','2025-10-19 11:49:21'),(84,84,'Viettel Post','TRACKAI272898',NULL,2,32.01,NULL,'2025-10-19 11:49:21','2025-10-19 11:49:21'),(85,85,'VNPost','TRACKCN319903',NULL,2,7.95,NULL,'2025-10-19 11:49:21','2025-10-19 11:49:21'),(86,86,'Viettel Post','TRACKER311160',NULL,1,28.58,NULL,'2025-10-19 11:49:21','2025-10-19 11:49:21'),(87,87,'Viettel Post','TRACKHY970265',NULL,2,19.92,NULL,'2025-10-19 11:49:21','2025-10-19 11:49:21'),(88,88,'VNPost','TRACKRW962173',NULL,3,34.51,NULL,'2025-10-19 11:49:21','2025-10-19 11:49:21'),(89,89,'Giao Hàng Nhanh','TRACKTM559912',NULL,5,17.56,NULL,'2025-10-19 11:49:21','2025-10-19 11:49:21'),(90,90,'Viettel Post','TRACKPI510842',NULL,1,38.72,NULL,'2025-10-19 11:49:21','2025-10-19 11:49:21'),(91,91,'Giao Hàng Tiết Kiệm','TRACKKQ065098',NULL,3,19.82,NULL,'2025-10-19 11:49:21','2025-10-19 11:49:21'),(92,92,'Giao Hàng Nhanh','TRACKMP807807',NULL,1,33.77,NULL,'2025-10-19 11:49:21','2025-10-19 11:49:21'),(93,93,'Viettel Post','TRACKGL571785',NULL,5,41.39,NULL,'2025-10-19 11:49:21','2025-10-19 11:49:21'),(94,94,'Viettel Post','TRACKWX270907',NULL,5,45.35,NULL,'2025-10-19 11:49:21','2025-10-19 11:49:21'),(95,95,'Giao Hàng Nhanh','TRACKWU606867',NULL,2,44.96,NULL,'2025-10-19 11:49:21','2025-10-19 11:49:21'),(96,96,'Viettel Post','TRACKKM227353',NULL,4,46.59,NULL,'2025-10-19 11:49:21','2025-10-19 11:49:21'),(97,97,'Giao Hàng Tiết Kiệm','TRACKUI445303',NULL,4,32.59,NULL,'2025-10-19 11:49:21','2025-10-19 11:49:21'),(98,98,'Giao Hàng Tiết Kiệm','TRACKHH190357',NULL,2,23.04,NULL,'2025-10-19 11:49:21','2025-10-19 11:49:21'),(99,99,'VNPost','TRACKAO739243',NULL,1,31.62,NULL,'2025-10-19 11:49:21','2025-10-19 11:49:21'),(100,100,'Viettel Post','TRACKMH876620',NULL,5,16.94,NULL,'2025-10-19 11:49:21','2025-10-19 11:49:21'),(101,101,'VNPost','TRACKVA673495',NULL,5,39.22,NULL,'2025-10-19 11:49:21','2025-10-19 11:49:21'),(102,102,'VNPost','TRACKFO028431',NULL,5,46.49,NULL,'2025-10-19 11:49:21','2025-10-19 11:49:21'),(103,103,'VNPost','TRACKKG224605',NULL,1,10.38,NULL,'2025-10-19 11:49:21','2025-10-19 11:49:21'),(104,104,'VNPost','TRACKEU971721',NULL,2,38.31,NULL,'2025-10-19 11:49:21','2025-10-19 11:49:21'),(105,105,'Giao Hàng Tiết Kiệm','TRACKYK811988',NULL,4,43.18,NULL,'2025-10-19 11:49:21','2025-10-19 11:49:21'),(106,106,'Giao Hàng Tiết Kiệm','TRACKKZ245040',NULL,2,5.46,NULL,'2025-10-19 11:49:21','2025-10-19 11:49:21'),(107,107,'Viettel Post','TRACKRL210075',NULL,4,29.06,NULL,'2025-10-19 11:49:21','2025-10-19 11:49:21'),(108,108,'Giao Hàng Nhanh','TRACKDQ418671',NULL,2,33.88,NULL,'2025-10-19 11:49:21','2025-10-19 11:49:21'),(109,109,'VNPost','TRACKHJ171811',NULL,5,46.93,NULL,'2025-10-19 11:49:21','2025-10-19 11:49:21'),(110,110,'Giao Hàng Nhanh','TRACKKP407640',NULL,2,23.00,NULL,'2025-10-19 11:49:21','2025-10-19 11:49:21'),(111,111,'Giao Hàng Nhanh','TRACKCV605507',NULL,5,40.39,NULL,'2025-10-19 11:49:21','2025-10-19 11:49:21'),(112,112,'VNPost','TRACKYM799684',NULL,5,35.33,NULL,'2025-10-19 11:49:21','2025-10-19 11:49:21'),(113,113,'Giao Hàng Tiết Kiệm','TRACKUG727527',NULL,1,43.22,NULL,'2025-10-19 11:49:21','2025-10-19 11:49:21'),(114,114,'VNPost','TRACKWL847373',NULL,2,25.15,NULL,'2025-10-19 11:49:21','2025-10-19 11:49:21'),(115,115,'Giao Hàng Nhanh','TRACKSE896720',NULL,1,34.24,NULL,'2025-10-19 11:49:21','2025-10-19 11:49:21'),(116,116,'Viettel Post','TRACKAZ541806',NULL,1,22.23,NULL,'2025-10-19 11:49:21','2025-10-19 11:49:21'),(117,117,'Giao Hàng Tiết Kiệm','TRACKFN564252',NULL,2,29.21,NULL,'2025-10-19 11:49:21','2025-10-19 11:49:21'),(118,118,'VNPost','TRACKHK860450',NULL,1,5.34,NULL,'2025-10-19 11:49:21','2025-10-19 11:49:21'),(119,119,'Viettel Post','TRACKET564124',NULL,5,45.87,NULL,'2025-10-19 11:49:21','2025-10-19 11:49:21'),(120,120,'Giao Hàng Tiết Kiệm','TRACKNN092062',NULL,5,27.17,NULL,'2025-10-19 11:49:21','2025-10-19 11:49:21'),(121,121,'Giao Hàng Tiết Kiệm','TRACKSN568536',NULL,3,26.33,NULL,'2025-10-19 11:49:21','2025-10-19 11:49:21'),(122,122,'Giao Hàng Nhanh','TRACKZT100130',NULL,2,47.78,NULL,'2025-10-19 11:49:21','2025-10-19 11:49:21'),(123,123,'Giao Hàng Nhanh','TRACKUE741799',NULL,3,20.60,NULL,'2025-10-19 11:49:21','2025-10-19 11:49:21'),(124,124,'Viettel Post','TRACKRC417694',NULL,5,21.98,NULL,'2025-10-19 11:49:21','2025-10-19 11:49:21'),(125,125,'Giao Hàng Tiết Kiệm','TRACKWQ716967',NULL,3,25.28,NULL,'2025-10-19 11:49:21','2025-10-19 11:49:21'),(126,126,'Giao Hàng Nhanh','TRACKWS172054',NULL,4,27.67,NULL,'2025-10-19 11:49:21','2025-10-19 11:49:21'),(127,127,'Giao Hàng Nhanh','TRACKVU732698',NULL,4,23.02,NULL,'2025-10-19 11:49:21','2025-10-19 11:49:21'),(128,128,'Giao Hàng Nhanh','TRACKIV212689',NULL,1,7.69,NULL,'2025-10-19 11:49:21','2025-10-19 11:49:21'),(129,129,'Giao Hàng Tiết Kiệm','TRACKMV193271',NULL,1,18.00,NULL,'2025-10-19 11:49:21','2025-10-19 11:49:21'),(130,130,'VNPost','TRACKFQ350866',NULL,5,48.88,NULL,'2025-10-19 11:49:21','2025-10-19 11:49:21'),(131,131,'Viettel Post','TRACKIG312993',NULL,4,45.63,NULL,'2025-10-19 11:49:21','2025-10-19 11:49:21'),(132,132,'Giao Hàng Tiết Kiệm','TRACKYQ386392',NULL,4,34.14,NULL,'2025-10-19 11:49:21','2025-10-19 11:49:21'),(133,133,'VNPost','TRACKIA840852',NULL,5,45.99,NULL,'2025-10-19 11:49:21','2025-10-19 11:49:21'),(134,134,'Giao Hàng Nhanh','TRACKCB237009',NULL,4,6.22,NULL,'2025-10-19 11:49:21','2025-10-19 11:49:21'),(135,135,'Giao Hàng Nhanh','TRACKKB956005',NULL,4,25.40,NULL,'2025-10-19 11:49:21','2025-10-19 11:49:21'),(136,136,'Giao Hàng Tiết Kiệm','TRACKWT496395',NULL,2,26.93,NULL,'2025-10-19 11:49:21','2025-10-19 11:49:21'),(137,137,'Viettel Post','TRACKEQ660593',NULL,2,40.94,NULL,'2025-10-19 11:49:21','2025-10-19 11:49:21'),(138,138,'Viettel Post','TRACKMD751363',NULL,3,17.56,NULL,'2025-10-19 11:49:21','2025-10-19 11:49:21'),(139,139,'Giao Hàng Tiết Kiệm','TRACKXO724657',NULL,2,35.57,NULL,'2025-10-19 11:49:21','2025-10-19 11:49:21'),(140,140,'Viettel Post','TRACKUL260441',NULL,2,15.94,NULL,'2025-10-19 11:49:21','2025-10-19 11:49:21'),(141,141,'VNPost','TRACKQH008946',NULL,3,22.86,NULL,'2025-10-19 11:49:21','2025-10-19 11:49:21'),(142,142,'VNPost','TRACKBY007315',NULL,5,17.25,NULL,'2025-10-19 11:49:21','2025-10-19 11:49:21'),(143,143,'Giao Hàng Nhanh','TRACKRJ802844',NULL,5,37.88,NULL,'2025-10-19 11:49:21','2025-10-19 11:49:21'),(144,144,'Giao Hàng Tiết Kiệm','TRACKWC498067',NULL,2,6.08,NULL,'2025-10-19 11:49:21','2025-10-19 11:49:21'),(145,145,'Giao Hàng Nhanh','TRACKZQ287445',NULL,3,27.87,NULL,'2025-10-19 11:49:21','2025-10-19 11:49:21'),(146,146,'VNPost','TRACKPW984625',NULL,2,6.27,NULL,'2025-10-19 11:49:21','2025-10-19 11:49:21'),(147,147,'Viettel Post','TRACKIP851515',NULL,4,49.82,NULL,'2025-10-19 11:49:21','2025-10-19 11:49:21'),(148,148,'Giao Hàng Nhanh','TRACKKR247485',NULL,3,13.43,NULL,'2025-10-19 11:49:21','2025-10-19 11:49:21'),(149,149,'Viettel Post','TRACKLX133230',NULL,2,18.89,NULL,'2025-10-19 11:49:21','2025-10-19 11:49:21'),(150,150,'Giao Hàng Nhanh','TRACKWZ654738',NULL,2,18.89,NULL,'2025-10-19 11:49:21','2025-10-19 11:49:21'),(151,151,'Viettel Post','TRACKZR778449',NULL,2,14.90,NULL,'2025-10-19 11:49:21','2025-10-19 11:49:21'),(152,152,'Viettel Post','TRACKNF695587',NULL,3,15.60,NULL,'2025-10-19 11:49:21','2025-10-19 11:49:21'),(153,153,'Giao Hàng Tiết Kiệm','TRACKTY558368',NULL,4,26.41,NULL,'2025-10-19 11:49:21','2025-10-19 11:49:21'),(154,154,'VNPost','TRACKIM252169',NULL,5,21.19,NULL,'2025-10-19 11:49:21','2025-10-19 11:49:21'),(155,155,'Viettel Post','TRACKVA007852',NULL,1,8.51,NULL,'2025-10-19 11:49:21','2025-10-19 11:49:21'),(156,156,'Giao Hàng Tiết Kiệm','TRACKWI587484',NULL,5,41.88,NULL,'2025-10-19 11:49:21','2025-10-19 11:49:21'),(157,157,'VNPost','TRACKUP035648',NULL,1,23.03,NULL,'2025-10-19 11:49:21','2025-10-19 11:49:21'),(158,158,'Viettel Post','TRACKUS066835',NULL,4,31.99,NULL,'2025-10-19 11:49:21','2025-10-19 11:49:21'),(159,159,'Giao Hàng Tiết Kiệm','TRACKHB316120',NULL,5,8.84,NULL,'2025-10-19 11:49:21','2025-10-19 11:49:21'),(160,160,'Giao Hàng Tiết Kiệm','TRACKSJ937735',NULL,4,30.34,NULL,'2025-10-19 11:49:21','2025-10-19 11:49:21'),(161,161,'VNPost','TRACKFX540441',NULL,4,6.66,NULL,'2025-10-19 11:49:21','2025-10-19 11:49:21'),(162,162,'Giao Hàng Nhanh','TRACKDS715719',NULL,1,44.74,NULL,'2025-10-19 11:49:21','2025-10-19 11:49:21'),(163,163,'VNPost','TRACKGS364059',NULL,1,32.06,NULL,'2025-10-19 11:49:21','2025-10-19 11:49:21'),(164,164,'Viettel Post','TRACKVR586676',NULL,4,13.73,NULL,'2025-10-19 11:49:21','2025-10-19 11:49:21'),(165,165,'VNPost','TRACKAJ029537',NULL,4,45.55,NULL,'2025-10-19 11:49:21','2025-10-19 11:49:21'),(166,166,'VNPost','TRACKKY264478',NULL,4,9.02,NULL,'2025-10-19 11:49:21','2025-10-19 11:49:21'),(167,167,'Giao Hàng Nhanh','TRACKHW067181',NULL,5,19.62,NULL,'2025-10-19 11:49:21','2025-10-19 11:49:21'),(168,168,'VNPost','TRACKNU430925',NULL,1,13.00,NULL,'2025-10-19 11:49:21','2025-10-19 11:49:21'),(169,169,'Viettel Post','TRACKCD230662',NULL,5,48.71,NULL,'2025-10-19 11:49:21','2025-10-19 11:49:21'),(170,170,'Giao Hàng Tiết Kiệm','TRACKXS259780',NULL,5,36.99,NULL,'2025-10-19 11:49:21','2025-10-19 11:49:21'),(171,171,'Giao Hàng Nhanh','TRACKDN401893',NULL,2,44.21,NULL,'2025-10-19 11:49:21','2025-10-19 11:49:21'),(172,172,'VNPost','TRACKQK087319',NULL,1,48.61,NULL,'2025-10-19 11:49:21','2025-10-19 11:49:21'),(173,173,'Giao Hàng Nhanh','TRACKQN649004',NULL,2,47.83,NULL,'2025-10-19 11:49:21','2025-10-19 11:49:21'),(174,174,'Giao Hàng Tiết Kiệm','TRACKLT563107',NULL,1,48.06,NULL,'2025-10-19 11:49:21','2025-10-19 11:49:21'),(175,175,'Giao Hàng Tiết Kiệm','TRACKHX305764',NULL,1,27.52,NULL,'2025-10-19 11:49:21','2025-10-19 11:49:21'),(176,176,'Viettel Post','TRACKVD766221',NULL,1,28.27,NULL,'2025-10-19 11:49:21','2025-10-19 11:49:21'),(177,177,'Viettel Post','TRACKHC734750',NULL,2,32.35,NULL,'2025-10-19 11:49:21','2025-10-19 11:49:21'),(178,178,'Giao Hàng Nhanh','TRACKDT749082',NULL,4,10.00,NULL,'2025-10-19 11:49:21','2025-10-19 11:49:21'),(179,179,'Giao Hàng Nhanh','TRACKOR138889',NULL,5,20.45,NULL,'2025-10-19 11:49:21','2025-10-19 11:49:21'),(180,180,'Viettel Post','TRACKHO577411',NULL,2,16.44,NULL,'2025-10-19 11:49:21','2025-10-19 11:49:21'),(181,181,'Viettel Post','TRACKMP919634',NULL,5,36.51,NULL,'2025-10-19 11:49:21','2025-10-19 11:49:21'),(182,182,'Viettel Post','TRACKYD516634',NULL,1,34.33,NULL,'2025-10-19 11:49:21','2025-10-19 11:49:21'),(183,183,'Viettel Post','TRACKOZ211595',NULL,2,24.83,NULL,'2025-10-19 11:49:21','2025-10-19 11:49:21'),(184,184,'Viettel Post','TRACKCY861328',NULL,5,29.66,NULL,'2025-10-19 11:49:21','2025-10-19 11:49:21'),(185,185,'VNPost','TRACKAN277302',NULL,5,34.76,NULL,'2025-10-19 11:49:21','2025-10-19 11:49:21'),(186,186,'Giao Hàng Tiết Kiệm','TRACKHA777852',NULL,5,39.72,NULL,'2025-10-19 11:49:21','2025-10-19 11:49:21'),(187,187,'Giao Hàng Tiết Kiệm','TRACKHA494493',NULL,2,18.42,NULL,'2025-10-19 11:49:21','2025-10-19 11:49:21'),(188,188,'VNPost','TRACKRN895573',NULL,3,8.83,NULL,'2025-10-19 11:49:21','2025-10-19 11:49:21'),(189,189,'VNPost','TRACKMS000521',NULL,4,34.53,NULL,'2025-10-19 11:49:21','2025-10-19 11:49:21'),(190,190,'Giao Hàng Nhanh','TRACKIX997419',NULL,2,47.15,NULL,'2025-10-19 11:49:21','2025-10-19 11:49:21'),(191,191,'Giao Hàng Tiết Kiệm','TRACKRA192979',NULL,5,42.98,NULL,'2025-10-19 11:49:21','2025-10-19 11:49:21'),(192,192,'VNPost','TRACKXE226393',NULL,3,47.06,NULL,'2025-10-19 11:49:21','2025-10-19 11:49:21'),(193,193,'Giao Hàng Tiết Kiệm','TRACKAM609990',NULL,5,45.15,NULL,'2025-10-19 11:49:21','2025-10-19 11:49:21'),(194,194,'Giao Hàng Tiết Kiệm','TRACKTX474984',NULL,5,33.16,NULL,'2025-10-19 11:49:21','2025-10-19 11:49:21'),(195,195,'Viettel Post','TRACKGI037776',NULL,2,47.13,NULL,'2025-10-19 11:49:21','2025-10-19 11:49:21'),(196,196,'Giao Hàng Tiết Kiệm','TRACKCF006830',NULL,1,42.57,NULL,'2025-10-19 11:49:21','2025-10-19 11:49:21'),(197,197,'Viettel Post','TRACKBD187874',NULL,2,11.51,NULL,'2025-10-19 11:49:21','2025-10-19 11:49:21'),(198,198,'Giao Hàng Tiết Kiệm','TRACKUQ498245',NULL,2,8.39,NULL,'2025-10-19 11:49:21','2025-10-19 11:49:21'),(199,199,'Giao Hàng Tiết Kiệm','TRACKFA119502',NULL,4,21.94,NULL,'2025-10-19 11:49:21','2025-10-19 11:49:21'),(200,200,'VNPost','TRACKVN821540',NULL,3,12.33,NULL,'2025-10-19 11:49:21','2025-10-19 11:49:21'),(201,201,'Viettel Post','TRACKUI621880',NULL,4,45.44,NULL,'2025-10-19 11:49:21','2025-10-19 11:49:21'),(202,202,'Giao Hàng Nhanh','TRACKAK823159',NULL,1,35.13,NULL,'2025-10-19 11:49:21','2025-10-19 11:49:21'),(203,203,'Giao Hàng Tiết Kiệm','TRACKTU249479',NULL,5,45.63,NULL,'2025-10-19 11:49:21','2025-10-19 11:49:21'),(204,204,'Viettel Post','TRACKQR074726',NULL,3,49.71,NULL,'2025-10-19 11:49:21','2025-10-19 11:49:21'),(205,205,'Viettel Post','TRACKBJ210635',NULL,4,48.01,NULL,'2025-10-19 11:49:21','2025-10-19 11:49:21'),(206,206,'VNPost','TRACKZH333862',NULL,1,45.60,NULL,'2025-10-19 11:49:21','2025-10-19 11:49:21'),(207,207,'Giao Hàng Tiết Kiệm','TRACKWT185588',NULL,4,8.20,NULL,'2025-10-19 11:49:21','2025-10-19 11:49:21'),(208,208,'Viettel Post','TRACKIG245392',NULL,5,40.61,NULL,'2025-10-19 11:49:21','2025-10-19 11:49:21'),(209,209,'Giao Hàng Nhanh','TRACKDW086560',NULL,4,33.18,NULL,'2025-10-19 11:49:21','2025-10-19 11:49:21'),(210,210,'Giao Hàng Nhanh','TRACKYR910467',NULL,4,19.36,NULL,'2025-10-19 11:49:21','2025-10-19 11:49:21'),(211,211,'Giao Hàng Nhanh','TRACKAE063903',NULL,3,10.77,NULL,'2025-10-19 11:49:22','2025-10-19 11:49:22'),(212,212,'Giao Hàng Nhanh','TRACKKH784145',NULL,4,5.07,NULL,'2025-10-19 11:49:22','2025-10-19 11:49:22'),(213,213,'Viettel Post','TRACKYM715151',NULL,4,9.40,NULL,'2025-10-19 11:49:22','2025-10-19 11:49:22'),(214,214,'Giao Hàng Nhanh','TRACKAV835711',NULL,2,28.77,NULL,'2025-10-19 11:49:22','2025-10-19 11:49:22'),(215,215,'Giao Hàng Nhanh','TRACKNP311555',NULL,5,12.44,NULL,'2025-10-19 11:49:22','2025-10-19 11:49:22'),(216,216,'Giao Hàng Tiết Kiệm','TRACKQI305244',NULL,3,12.71,NULL,'2025-10-19 11:49:22','2025-10-19 11:49:22'),(217,217,'VNPost','TRACKQZ255433',NULL,2,11.67,NULL,'2025-10-19 11:49:22','2025-10-19 11:49:22'),(218,218,'VNPost','TRACKGN261712',NULL,4,42.53,NULL,'2025-10-19 11:49:22','2025-10-19 11:49:22'),(219,219,'Giao Hàng Nhanh','TRACKVM623076',NULL,4,9.82,NULL,'2025-10-19 11:49:22','2025-10-19 11:49:22'),(220,220,'Giao Hàng Nhanh','TRACKYK773456',NULL,2,27.50,NULL,'2025-10-19 11:49:22','2025-10-19 11:49:22'),(221,221,'Viettel Post','TRACKOW421717',NULL,2,15.93,NULL,'2025-10-19 11:49:22','2025-10-19 11:49:22'),(222,222,'Viettel Post','TRACKRN910461',NULL,4,11.94,NULL,'2025-10-19 11:49:22','2025-10-19 11:49:22'),(223,223,'VNPost','TRACKYL394319',NULL,1,42.26,NULL,'2025-10-19 11:49:22','2025-10-19 11:49:22'),(224,224,'Giao Hàng Tiết Kiệm','TRACKIG155201',NULL,4,9.38,NULL,'2025-10-19 11:49:22','2025-10-19 11:49:22'),(225,225,'Giao Hàng Tiết Kiệm','TRACKID115776',NULL,2,8.04,NULL,'2025-10-19 11:49:22','2025-10-19 11:49:22'),(226,226,'VNPost','TRACKFE077093',NULL,5,21.13,NULL,'2025-10-19 11:49:22','2025-10-19 11:49:22'),(227,227,'Giao Hàng Nhanh','TRACKHV238597',NULL,2,34.90,NULL,'2025-10-19 11:49:22','2025-10-19 11:49:22'),(228,228,'Giao Hàng Tiết Kiệm','TRACKXL776518',NULL,2,26.88,NULL,'2025-10-19 11:49:22','2025-10-19 11:49:22'),(229,229,'VNPost','TRACKUW106516',NULL,1,5.40,NULL,'2025-10-19 11:49:22','2025-10-19 11:49:22'),(230,230,'Giao Hàng Nhanh','TRACKWU474109',NULL,1,21.71,NULL,'2025-10-19 11:49:22','2025-10-19 11:49:22'),(231,231,'Viettel Post','TRACKEZ846306',NULL,3,23.10,NULL,'2025-10-19 11:49:22','2025-10-19 11:49:22'),(232,232,'VNPost','TRACKVE563340',NULL,2,22.21,NULL,'2025-10-19 11:49:22','2025-10-19 11:49:22'),(233,233,'Giao Hàng Tiết Kiệm','TRACKOI315030',NULL,4,42.73,NULL,'2025-10-19 11:49:22','2025-10-19 11:49:22'),(234,234,'Giao Hàng Nhanh','TRACKZP787555',NULL,2,28.19,NULL,'2025-10-19 11:49:22','2025-10-19 11:49:22'),(235,235,'Giao Hàng Tiết Kiệm','TRACKKM555443',NULL,5,28.41,NULL,'2025-10-19 11:49:22','2025-10-19 11:49:22'),(236,236,'VNPost','TRACKSQ928914',NULL,1,23.20,NULL,'2025-10-19 11:49:22','2025-10-19 11:49:22'),(237,237,'Giao Hàng Tiết Kiệm','TRACKYV517913',NULL,4,15.23,NULL,'2025-10-19 11:49:22','2025-10-19 11:49:22'),(238,238,'Giao Hàng Tiết Kiệm','TRACKGP977883',NULL,2,35.98,NULL,'2025-10-19 11:49:22','2025-10-19 11:49:22'),(239,239,'Giao Hàng Tiết Kiệm','TRACKAZ479415',NULL,5,44.32,NULL,'2025-10-19 11:49:22','2025-10-19 11:49:22'),(240,240,'Giao Hàng Tiết Kiệm','TRACKYK381204',NULL,5,12.33,NULL,'2025-10-19 11:49:22','2025-10-19 11:49:22'),(241,241,'Giao Hàng Nhanh','TRACKGP822960',NULL,5,33.03,NULL,'2025-10-19 11:49:22','2025-10-19 11:49:22'),(242,242,'Giao Hàng Tiết Kiệm','TRACKSZ477355',NULL,3,25.23,NULL,'2025-10-19 11:49:22','2025-10-19 11:49:22'),(243,243,'Viettel Post','TRACKRV611598',NULL,1,40.25,NULL,'2025-10-19 11:49:22','2025-10-19 11:49:22'),(244,244,'Giao Hàng Nhanh','TRACKOE054952',NULL,5,18.15,NULL,'2025-10-19 11:49:22','2025-10-19 11:49:22'),(245,245,'Giao Hàng Nhanh','TRACKUP810009',NULL,3,49.61,NULL,'2025-10-19 11:49:22','2025-10-19 11:49:22'),(246,246,'VNPost','TRACKWR158549',NULL,2,12.67,NULL,'2025-10-19 11:49:22','2025-10-19 11:49:22'),(247,247,'Giao Hàng Nhanh','TRACKIA120509',NULL,3,37.00,NULL,'2025-10-19 11:49:22','2025-10-19 11:49:22'),(248,248,'Giao Hàng Tiết Kiệm','TRACKSP547723',NULL,4,32.82,NULL,'2025-10-19 11:49:22','2025-10-19 11:49:22'),(249,249,'Giao Hàng Tiết Kiệm','TRACKXK341850',NULL,4,19.67,NULL,'2025-10-19 11:49:22','2025-10-19 11:49:22'),(250,250,'Viettel Post','TRACKCE784814',NULL,3,32.70,NULL,'2025-10-19 11:49:22','2025-10-19 11:49:22'),(251,251,'VNPost','TRACKQP381187',NULL,3,9.40,NULL,'2025-10-19 11:49:22','2025-10-19 11:49:22'),(252,252,'Viettel Post','TRACKVS878315',NULL,4,42.33,NULL,'2025-10-19 11:49:22','2025-10-19 11:49:22'),(253,253,'VNPost','TRACKAT107979',NULL,2,26.31,NULL,'2025-10-19 11:49:22','2025-10-19 11:49:22'),(254,254,'Giao Hàng Nhanh','TRACKLL913342',NULL,2,5.16,NULL,'2025-10-19 11:49:22','2025-10-19 11:49:22'),(255,255,'VNPost','TRACKFF278357',NULL,4,9.13,NULL,'2025-10-19 11:49:22','2025-10-19 11:49:22'),(256,256,'Viettel Post','TRACKIS859244',NULL,3,11.96,NULL,'2025-10-19 11:49:22','2025-10-19 11:49:22'),(257,257,'Giao Hàng Tiết Kiệm','TRACKVU694561',NULL,1,44.05,NULL,'2025-10-19 11:49:22','2025-10-19 11:49:22'),(258,258,'Giao Hàng Nhanh','TRACKOO886498',NULL,2,8.25,NULL,'2025-10-19 11:49:22','2025-10-19 11:49:22'),(259,259,'Giao Hàng Tiết Kiệm','TRACKDS415760',NULL,1,48.69,NULL,'2025-10-19 11:49:22','2025-10-19 11:49:22'),(260,260,'Giao Hàng Tiết Kiệm','TRACKJW089718',NULL,1,13.13,NULL,'2025-10-19 11:49:22','2025-10-19 11:49:22'),(261,261,'Giao Hàng Tiết Kiệm','TRACKMA615795',NULL,2,44.27,NULL,'2025-10-19 11:49:22','2025-10-19 11:49:22'),(262,262,'VNPost','TRACKFK891246',NULL,1,8.40,NULL,'2025-10-19 11:49:22','2025-10-19 11:49:22'),(263,263,'Viettel Post','TRACKGN632671',NULL,4,36.69,NULL,'2025-10-19 11:49:22','2025-10-19 11:49:22'),(264,264,'Viettel Post','TRACKFQ223419',NULL,1,24.68,NULL,'2025-10-19 11:49:22','2025-10-19 11:49:22'),(265,265,'Giao Hàng Tiết Kiệm','TRACKEO945490',NULL,2,12.78,NULL,'2025-10-19 11:49:22','2025-10-19 11:49:22'),(266,266,'VNPost','TRACKVR543475',NULL,5,25.42,NULL,'2025-10-19 11:49:22','2025-10-19 11:49:22'),(267,267,'Giao Hàng Nhanh','TRACKGA949470',NULL,5,29.45,NULL,'2025-10-19 11:49:22','2025-10-19 11:49:22'),(268,268,'VNPost','TRACKYV450200',NULL,3,15.17,NULL,'2025-10-19 11:49:22','2025-10-19 11:49:22'),(269,269,'Viettel Post','TRACKOW352344',NULL,5,10.19,NULL,'2025-10-19 11:49:22','2025-10-19 11:49:22'),(270,270,'Viettel Post','TRACKHP384463',NULL,2,29.74,NULL,'2025-10-19 11:49:22','2025-10-19 11:49:22'),(271,271,'Viettel Post','TRACKQV865960',NULL,4,48.33,NULL,'2025-10-19 11:49:22','2025-10-19 11:49:22'),(272,272,'Giao Hàng Tiết Kiệm','TRACKHT339432',NULL,2,48.43,NULL,'2025-10-19 11:49:22','2025-10-19 11:49:22'),(273,273,'VNPost','TRACKTM765167',NULL,5,18.86,NULL,'2025-10-19 11:49:22','2025-10-19 11:49:22'),(274,274,'VNPost','TRACKMZ321003',NULL,5,40.83,NULL,'2025-10-19 11:49:22','2025-10-19 11:49:22'),(275,275,'Giao Hàng Nhanh','TRACKEQ028328',NULL,4,9.47,NULL,'2025-10-19 11:49:22','2025-10-19 11:49:22'),(276,276,'VNPost','TRACKRB984584',NULL,4,29.51,NULL,'2025-10-19 11:49:22','2025-10-19 11:49:22'),(277,277,'VNPost','TRACKDS720009',NULL,3,27.52,NULL,'2025-10-19 11:49:22','2025-10-19 11:49:22'),(278,278,'VNPost','TRACKAW838314',NULL,1,29.07,NULL,'2025-10-19 11:49:22','2025-10-19 11:49:22'),(279,279,'Giao Hàng Nhanh','TRACKFN306780',NULL,1,17.95,NULL,'2025-10-19 11:49:22','2025-10-19 11:49:22'),(280,280,'Giao Hàng Tiết Kiệm','TRACKXU409132',NULL,4,10.31,NULL,'2025-10-19 11:49:22','2025-10-19 11:49:22'),(281,281,'VNPost','TRACKMD253635',NULL,3,22.30,NULL,'2025-10-19 11:49:22','2025-10-19 11:49:22'),(282,282,'Giao Hàng Tiết Kiệm','TRACKBA321409',NULL,1,21.83,NULL,'2025-10-19 11:49:22','2025-10-19 11:49:22'),(283,283,'Giao Hàng Tiết Kiệm','TRACKEI759063',NULL,1,16.23,NULL,'2025-10-19 11:49:22','2025-10-19 11:49:22'),(284,284,'VNPost','TRACKSW274206',NULL,2,19.77,NULL,'2025-10-19 11:49:22','2025-10-19 11:49:22'),(285,285,'Giao Hàng Nhanh','TRACKMW458723',NULL,2,17.31,NULL,'2025-10-19 11:49:22','2025-10-19 11:49:22'),(286,286,'Giao Hàng Tiết Kiệm','TRACKOA829630',NULL,1,39.59,NULL,'2025-10-19 11:49:22','2025-10-19 11:49:22'),(287,287,'VNPost','TRACKPP823753',NULL,2,32.36,NULL,'2025-10-19 11:49:22','2025-10-19 11:49:22'),(288,288,'Giao Hàng Tiết Kiệm','TRACKIW659430',NULL,1,18.72,NULL,'2025-10-19 11:49:22','2025-10-19 11:49:22'),(289,289,'Giao Hàng Nhanh','TRACKGO848090',NULL,2,19.92,NULL,'2025-10-19 11:49:22','2025-10-19 11:49:22'),(290,290,'Giao Hàng Nhanh','TRACKQR657153',NULL,3,11.33,NULL,'2025-10-19 11:49:22','2025-10-19 11:49:22'),(291,291,'Giao Hàng Tiết Kiệm','TRACKUI447822',NULL,1,27.74,NULL,'2025-10-19 11:49:22','2025-10-19 11:49:22'),(292,292,'Giao Hàng Tiết Kiệm','TRACKPD966507',NULL,1,5.50,NULL,'2025-10-19 11:49:22','2025-10-19 11:49:22'),(293,293,'Giao Hàng Tiết Kiệm','TRACKQZ818842',NULL,5,8.98,NULL,'2025-10-19 11:49:22','2025-10-19 11:49:22'),(294,294,'Giao Hàng Tiết Kiệm','TRACKDP195167',NULL,2,31.83,NULL,'2025-10-19 11:49:22','2025-10-19 11:49:22'),(295,295,'Giao Hàng Nhanh','TRACKSK972282',NULL,1,30.92,NULL,'2025-10-19 11:49:22','2025-10-19 11:49:22'),(296,296,'VNPost','TRACKYM124876',NULL,2,26.32,NULL,'2025-10-19 11:49:22','2025-10-19 11:49:22'),(297,297,'Viettel Post','TRACKQU103873',NULL,5,22.22,NULL,'2025-10-19 11:49:22','2025-10-19 11:49:22');
/*!40000 ALTER TABLE `shipping_details` ENABLE KEYS */;
UNLOCK TABLES;

--
-- Table structure for table `shops`
--

DROP TABLE IF EXISTS `shops`;
/*!40101 SET @saved_cs_client     = @@character_set_client */;
/*!50503 SET character_set_client = utf8mb4 */;
CREATE TABLE `shops` (
  `id` bigint(20) unsigned NOT NULL AUTO_INCREMENT,
  `owner_id` bigint(20) unsigned NOT NULL,
  `name` varchar(255) NOT NULL,
  `slug` varchar(255) NOT NULL,
  `description` text DEFAULT NULL,
  `logo` varchar(500) DEFAULT NULL,
  `banner` varchar(500) DEFAULT NULL,
  `phone` varchar(20) DEFAULT NULL,
  `email` varchar(150) DEFAULT NULL,
  `website` varchar(300) DEFAULT NULL,
  `business_type` varchar(100) DEFAULT NULL,
  `tax_id` varchar(50) DEFAULT NULL,
  `business_license` varchar(100) DEFAULT NULL,
  `address` text DEFAULT NULL,
  `city` varchar(100) DEFAULT NULL,
  `state` varchar(100) DEFAULT NULL,
  `postal_code` varchar(20) DEFAULT NULL,
  `country` varchar(100) DEFAULT NULL,
  `status` enum('pending','active','suspended','inactive') NOT NULL DEFAULT 'pending',
  `is_verified` tinyint(1) NOT NULL DEFAULT 0,
  `commission_rate` decimal(5,2) NOT NULL DEFAULT 10.00,
  `shipping_policies` longtext CHARACTER SET utf8mb4 COLLATE utf8mb4_bin DEFAULT NULL CHECK (json_valid(`shipping_policies`)),
  `return_policy` longtext CHARACTER SET utf8mb4 COLLATE utf8mb4_bin DEFAULT NULL CHECK (json_valid(`return_policy`)),
  `social_media` longtext CHARACTER SET utf8mb4 COLLATE utf8mb4_bin DEFAULT NULL CHECK (json_valid(`social_media`)),
  `rating` decimal(3,2) NOT NULL DEFAULT 0.00,
  `total_reviews` int(10) unsigned NOT NULL DEFAULT 0,
  `total_sales` int(10) unsigned NOT NULL DEFAULT 0,
  `total_revenue` decimal(15,2) NOT NULL DEFAULT 0.00,
  `meta_title` varchar(200) DEFAULT NULL,
  `meta_description` text DEFAULT NULL,
  `keywords` longtext CHARACTER SET utf8mb4 COLLATE utf8mb4_bin DEFAULT NULL CHECK (json_valid(`keywords`)),
  `verified_at` timestamp NULL DEFAULT NULL,
  `last_active_at` timestamp NULL DEFAULT NULL,
  `created_at` timestamp NULL DEFAULT NULL,
  `updated_at` timestamp NULL DEFAULT NULL,
  PRIMARY KEY (`id`),
  UNIQUE KEY `shops_slug_unique` (`slug`),
  KEY `shops_status_is_verified_index` (`status`,`is_verified`),
  KEY `shops_owner_id_status_index` (`owner_id`,`status`),
  KEY `shops_rating_index` (`rating`),
  KEY `shops_city_state_country_index` (`city`,`state`,`country`),
  CONSTRAINT `shops_owner_id_foreign` FOREIGN KEY (`owner_id`) REFERENCES `users` (`id`) ON DELETE CASCADE
) ENGINE=InnoDB DEFAULT CHARSET=utf8mb4 COLLATE=utf8mb4_unicode_ci;
/*!40101 SET character_set_client = @saved_cs_client */;

--
-- Dumping data for table `shops`
--

LOCK TABLES `shops` WRITE;
/*!40000 ALTER TABLE `shops` DISABLE KEYS */;
/*!40000 ALTER TABLE `shops` ENABLE KEYS */;
UNLOCK TABLES;

--
-- Table structure for table `transactions`
--

DROP TABLE IF EXISTS `transactions`;
/*!40101 SET @saved_cs_client     = @@character_set_client */;
/*!50503 SET character_set_client = utf8mb4 */;
CREATE TABLE `transactions` (
  `id` bigint(20) unsigned NOT NULL AUTO_INCREMENT,
  `order_id` bigint(20) unsigned NOT NULL,
  `type` enum('payment','refund') NOT NULL,
  `amount` decimal(18,2) NOT NULL,
  `currency` varchar(3) NOT NULL,
  `gateway` varchar(255) NOT NULL,
  `gateway_transaction_id` varchar(255) DEFAULT NULL,
  `status` varchar(255) NOT NULL DEFAULT 'completed',
  `created_at` timestamp NULL DEFAULT NULL,
  `updated_at` timestamp NULL DEFAULT NULL,
  PRIMARY KEY (`id`),
  KEY `transactions_order_id_foreign` (`order_id`),
  CONSTRAINT `transactions_order_id_foreign` FOREIGN KEY (`order_id`) REFERENCES `orders` (`order_id`)
) ENGINE=InnoDB DEFAULT CHARSET=utf8mb4 COLLATE=utf8mb4_unicode_ci;
/*!40101 SET character_set_client = @saved_cs_client */;

--
-- Dumping data for table `transactions`
--

LOCK TABLES `transactions` WRITE;
/*!40000 ALTER TABLE `transactions` DISABLE KEYS */;
/*!40000 ALTER TABLE `transactions` ENABLE KEYS */;
UNLOCK TABLES;

--
-- Table structure for table `user_addresses`
--

DROP TABLE IF EXISTS `user_addresses`;
/*!40101 SET @saved_cs_client     = @@character_set_client */;
/*!50503 SET character_set_client = utf8mb4 */;
CREATE TABLE `user_addresses` (
  `id` bigint(20) unsigned NOT NULL AUTO_INCREMENT,
  `user_id` bigint(20) unsigned NOT NULL,
  `full_name` varchar(255) NOT NULL,
  `phone_number` varchar(20) NOT NULL,
  `street_address` varchar(255) NOT NULL,
  `is_default` tinyint(1) NOT NULL DEFAULT 0,
  `created_at` timestamp NULL DEFAULT NULL,
  `updated_at` timestamp NULL DEFAULT NULL,
  `deleted_at` timestamp NULL DEFAULT NULL,
  `country_id` bigint(20) unsigned DEFAULT NULL,
  `province_id` bigint(20) unsigned DEFAULT NULL,
  `district_id` bigint(20) unsigned DEFAULT NULL,
  `ward_id` bigint(20) unsigned DEFAULT NULL,
  `latitude` decimal(10,8) DEFAULT NULL,
  `longitude` decimal(11,8) DEFAULT NULL,
  PRIMARY KEY (`id`),
  KEY `user_addresses_user_id_foreign` (`user_id`),
  KEY `user_addresses_country_id_foreign` (`country_id`),
  KEY `user_addresses_province_id_foreign` (`province_id`),
  KEY `user_addresses_district_id_foreign` (`district_id`),
  KEY `user_addresses_ward_id_foreign` (`ward_id`),
  CONSTRAINT `user_addresses_country_id_foreign` FOREIGN KEY (`country_id`) REFERENCES `countries` (`id`),
  CONSTRAINT `user_addresses_district_id_foreign` FOREIGN KEY (`district_id`) REFERENCES `administrative_divisions` (`id`),
  CONSTRAINT `user_addresses_province_id_foreign` FOREIGN KEY (`province_id`) REFERENCES `administrative_divisions` (`id`),
  CONSTRAINT `user_addresses_user_id_foreign` FOREIGN KEY (`user_id`) REFERENCES `users` (`id`) ON DELETE CASCADE,
  CONSTRAINT `user_addresses_ward_id_foreign` FOREIGN KEY (`ward_id`) REFERENCES `administrative_divisions` (`id`)
) ENGINE=InnoDB AUTO_INCREMENT=101 DEFAULT CHARSET=utf8mb4 COLLATE=utf8mb4_unicode_ci;
/*!40101 SET character_set_client = @saved_cs_client */;

--
-- Dumping data for table `user_addresses`
--

LOCK TABLES `user_addresses` WRITE;
/*!40000 ALTER TABLE `user_addresses` DISABLE KEYS */;
INSERT INTO `user_addresses` VALUES (1,22,'Thào Hạnh','+84-976710349','124 Cách Mạng Tháng 8',1,'2025-10-19 11:49:19','2025-10-19 11:49:19',NULL,NULL,NULL,NULL,NULL,10.54744100,106.73817200),(2,23,'Cụ. Thôi Đình','+84-263596746','150 Nguyễn Trãi',1,'2025-10-19 11:49:19','2025-10-19 11:49:19',NULL,NULL,NULL,NULL,NULL,10.73427900,106.66199400),(3,24,'Châu Đôn','+84-858263319','124 Cách Mạng Tháng 8',0,'2025-10-19 11:49:19','2025-10-19 11:49:19',NULL,NULL,NULL,NULL,NULL,10.81237100,106.75723600),(4,25,'Em. Hàn Ly Đài','+84-038299855','10 Trần Hưng Đạo',1,'2025-10-19 11:49:19','2025-10-19 11:49:19',NULL,NULL,NULL,NULL,NULL,10.91982700,106.83442700),(5,26,'Ong Phụng Hiên','+84-999040449','124 Cách Mạng Tháng 8',0,'2025-10-19 11:49:19','2025-10-19 11:49:19',NULL,NULL,NULL,NULL,NULL,10.91124500,106.85330200),(6,27,'Lỡ Thiều Lộc','+84-753426524','300 Lê Lợi',1,'2025-10-19 11:49:19','2025-10-19 11:49:19',NULL,NULL,NULL,NULL,NULL,10.76885400,106.78479700),(7,28,'Giả Hiếu Đức','+84-886050198','150 Nguyễn Trãi',1,'2025-10-19 11:49:19','2025-10-19 11:49:19',NULL,NULL,NULL,NULL,NULL,10.67196800,106.77563800),(8,29,'Cụ. Tôn Hường','+84-260526661','500 Điện Biên Phủ',0,'2025-10-19 11:49:19','2025-10-19 11:49:19',NULL,NULL,NULL,NULL,NULL,10.51563000,106.74200800),(9,30,'Dương Lam Mỹ','+84-279383216','10 Trần Hưng Đạo',1,'2025-10-19 11:49:19','2025-10-19 11:49:19',NULL,NULL,NULL,NULL,NULL,10.92048800,106.55711200),(10,31,'Hán Đạo','+84-607656201','150 Nguyễn Trãi',0,'2025-10-19 11:49:19','2025-10-19 11:49:19',NULL,NULL,NULL,NULL,NULL,10.72055900,106.70988800),(11,32,'Bà. Nguyễn Trà Lệ','+84-417848024','10 Trần Hưng Đạo',1,'2025-10-19 11:49:19','2025-10-19 11:49:19',NULL,NULL,NULL,NULL,NULL,10.66878100,106.74865100),(12,33,'Trình Vọng','+84-752016903','75 Hai Bà Trưng',0,'2025-10-19 11:49:19','2025-10-19 11:49:19',NULL,NULL,NULL,NULL,NULL,10.76862600,106.78408600),(13,34,'Đậu Vành My','+84-346834609','221 Nguyễn Văn Cừ',1,'2025-10-19 11:49:19','2025-10-19 11:49:19',NULL,NULL,NULL,NULL,NULL,10.60622200,106.82888800),(14,35,'Hồ Trâm Cương','+84-098431327','124 Cách Mạng Tháng 8',0,'2025-10-19 11:49:19','2025-10-19 11:49:19',NULL,NULL,NULL,NULL,NULL,10.51587000,106.70627800),(15,36,'Lư Diễm Thảo','+84-391483647','75 Hai Bà Trưng',1,'2025-10-19 11:49:19','2025-10-19 11:49:19',NULL,NULL,NULL,NULL,NULL,10.78205300,106.59150600),(16,37,'Âu Từ','+84-837709082','124 Cách Mạng Tháng 8',0,'2025-10-19 11:49:19','2025-10-19 11:49:19',NULL,NULL,NULL,NULL,NULL,10.92637300,106.89930600),(17,38,'Chị. Ty Ly Chinh','+84-911925069','50 Lý Thường Kiệt',0,'2025-10-19 11:49:19','2025-10-19 11:49:19',NULL,NULL,NULL,NULL,NULL,10.92989800,106.67082300),(18,39,'Bá Phước Cường','+84-050727102','200 Phan Đình Phùng',0,'2025-10-19 11:49:19','2025-10-19 11:49:19',NULL,NULL,NULL,NULL,NULL,10.57612700,106.63923100),(19,40,'Bà. Diệp Liễu','+84-784401207','400 Trần Phú',0,'2025-10-19 11:49:19','2025-10-19 11:49:19',NULL,NULL,NULL,NULL,NULL,10.62844700,106.56987700),(20,41,'Chị. Thào Bảo','+84-472013591','50 Lý Thường Kiệt',1,'2025-10-19 11:49:19','2025-10-19 11:49:19',NULL,NULL,NULL,NULL,NULL,10.62274900,106.52001500),(21,42,'Cụ. Lữ Giang','+84-215641704','50 Lý Thường Kiệt',0,'2025-10-19 11:49:19','2025-10-19 11:49:19',NULL,NULL,NULL,NULL,NULL,10.58004400,106.93051100),(22,43,'Hạ Nhiên','+84-169311431','221 Nguyễn Văn Cừ',0,'2025-10-19 11:49:19','2025-10-19 11:49:19',NULL,NULL,NULL,NULL,NULL,10.61394500,106.50981300),(23,44,'Anh. Trịnh Hào Nam','+84-448867887','10 Trần Hưng Đạo',1,'2025-10-19 11:49:19','2025-10-19 11:49:19',NULL,NULL,NULL,NULL,NULL,10.99610700,106.96269200),(24,45,'Lâm Thanh','+84-824218229','150 Nguyễn Trãi',0,'2025-10-19 11:49:19','2025-10-19 11:49:19',NULL,NULL,NULL,NULL,NULL,10.50559700,106.60418400),(25,46,'Nguyễn Hữu','+84-044148183','200 Phan Đình Phùng',1,'2025-10-19 11:49:19','2025-10-19 11:49:19',NULL,NULL,NULL,NULL,NULL,10.67919800,106.86193900),(26,47,'Ông. Phùng Dinh','+84-034395080','150 Nguyễn Trãi',0,'2025-10-19 11:49:19','2025-10-19 11:49:19',NULL,NULL,NULL,NULL,NULL,10.82732200,106.60191700),(27,48,'Thạch Hải Duệ','+84-279721136','500 Điện Biên Phủ',0,'2025-10-19 11:49:19','2025-10-19 11:49:19',NULL,NULL,NULL,NULL,NULL,10.97913600,106.52417600),(28,49,'Chú. Đồng Hướng Đạo','+84-974887102','200 Phan Đình Phùng',0,'2025-10-19 11:49:19','2025-10-19 11:49:19',NULL,NULL,NULL,NULL,NULL,10.90147000,106.94126200),(29,50,'Em. Hứa Hương','+84-718139243','75 Hai Bà Trưng',1,'2025-10-19 11:49:19','2025-10-19 11:49:19',NULL,NULL,NULL,NULL,NULL,10.66517100,106.80092400),(30,51,'Vương Anh Trúc','+84-926018084','500 Điện Biên Phủ',1,'2025-10-19 11:49:19','2025-10-19 11:49:19',NULL,NULL,NULL,NULL,NULL,10.77227000,106.95799400),(31,52,'Em. Khổng Dân','+84-609248664','300 Lê Lợi',1,'2025-10-19 11:49:19','2025-10-19 11:49:19',NULL,NULL,NULL,NULL,NULL,10.59588900,106.68684900),(32,53,'Chú. Vừ Sáng','+84-503408570','500 Điện Biên Phủ',0,'2025-10-19 11:49:19','2025-10-19 11:49:19',NULL,NULL,NULL,NULL,NULL,10.68697400,106.54087000),(33,54,'Giáp Phát','+84-355816042','10 Trần Hưng Đạo',1,'2025-10-19 11:49:19','2025-10-19 11:49:19',NULL,NULL,NULL,NULL,NULL,10.76467100,106.55460000),(34,55,'Phan Quỳnh Dao','+84-072155199','150 Nguyễn Trãi',0,'2025-10-19 11:49:19','2025-10-19 11:49:19',NULL,NULL,NULL,NULL,NULL,10.73596100,106.73375700),(35,56,'Phí Khê','+84-332323853','124 Cách Mạng Tháng 8',0,'2025-10-19 11:49:19','2025-10-19 11:49:19',NULL,NULL,NULL,NULL,NULL,10.88503100,106.64307400),(36,57,'Ngân Chiểu','+84-337095816','75 Hai Bà Trưng',0,'2025-10-19 11:49:19','2025-10-19 11:49:19',NULL,NULL,NULL,NULL,NULL,10.76185700,106.60413300),(37,58,'Thôi Liễu Giang','+84-748557823','10 Trần Hưng Đạo',0,'2025-10-19 11:49:19','2025-10-19 11:49:19',NULL,NULL,NULL,NULL,NULL,10.59360700,106.90937000),(38,59,'Đường Trúc Vọng','+84-358177300','150 Nguyễn Trãi',1,'2025-10-19 11:49:20','2025-10-19 11:49:20',NULL,NULL,NULL,NULL,NULL,10.74767700,106.86537600),(39,60,'Cụ. Đinh Mộng Thoại','+84-251063769','300 Lê Lợi',0,'2025-10-19 11:49:20','2025-10-19 11:49:20',NULL,NULL,NULL,NULL,NULL,10.67039200,106.76458700),(40,61,'Cụ. Tiêu Uyên','+84-192136987','124 Cách Mạng Tháng 8',1,'2025-10-19 11:49:20','2025-10-19 11:49:20',NULL,NULL,NULL,NULL,NULL,10.76312100,106.63411800),(41,62,'Ngô Kiện','+84-393091401','221 Nguyễn Văn Cừ',1,'2025-10-19 11:49:20','2025-10-19 11:49:20',NULL,NULL,NULL,NULL,NULL,10.65977000,106.70772700),(42,63,'Vương Bào','+84-501291471','400 Trần Phú',1,'2025-10-19 11:49:20','2025-10-19 11:49:20',NULL,NULL,NULL,NULL,NULL,10.70417500,106.50160500),(43,64,'Bà. Mẫn Hảo Mai','+84-820212764','10 Trần Hưng Đạo',1,'2025-10-19 11:49:20','2025-10-19 11:49:20',NULL,NULL,NULL,NULL,NULL,10.64955900,106.74828500),(44,65,'Huỳnh Hoài Quyên','+84-572255895','50 Lý Thường Kiệt',0,'2025-10-19 11:49:20','2025-10-19 11:49:20',NULL,NULL,NULL,NULL,NULL,10.99098100,106.57947800),(45,66,'Yên Yến','+84-224794644','200 Phan Đình Phùng',1,'2025-10-19 11:49:20','2025-10-19 11:49:20',NULL,NULL,NULL,NULL,NULL,10.50696600,106.87427500),(46,67,'Doãn Thơ','+84-233380141','400 Trần Phú',0,'2025-10-19 11:49:20','2025-10-19 11:49:20',NULL,NULL,NULL,NULL,NULL,10.72729700,106.87500200),(47,68,'Lỡ Phụng','+84-404924374','200 Phan Đình Phùng',1,'2025-10-19 11:49:20','2025-10-19 11:49:20',NULL,NULL,NULL,NULL,NULL,10.81349500,106.52266300),(48,69,'Cụ. Đôn Hòa Vũ','+84-754537930','221 Nguyễn Văn Cừ',1,'2025-10-19 11:49:20','2025-10-19 11:49:20',NULL,NULL,NULL,NULL,NULL,10.96269700,106.91586900),(49,70,'Bà. Khoa Trang Vũ','+84-482022126','400 Trần Phú',1,'2025-10-19 11:49:20','2025-10-19 11:49:20',NULL,NULL,NULL,NULL,NULL,10.76733800,106.68268500),(50,71,'Thập Uyển Thy','+84-712714549','500 Điện Biên Phủ',1,'2025-10-19 11:49:20','2025-10-19 11:49:20',NULL,NULL,NULL,NULL,NULL,10.70598700,106.90732200),(51,72,'Chị. Hoàng Xuyến','+84-137998749','50 Lý Thường Kiệt',0,'2025-10-19 11:49:20','2025-10-19 11:49:20',NULL,NULL,NULL,NULL,NULL,10.97263800,106.97926600),(52,73,'Bá Phương Liễu','+84-795115886','150 Nguyễn Trãi',1,'2025-10-19 11:49:20','2025-10-19 11:49:20',NULL,NULL,NULL,NULL,NULL,10.56416000,106.83603800),(53,74,'Ông. Giang Dương Thành','+84-590449961','400 Trần Phú',1,'2025-10-19 11:49:20','2025-10-19 11:49:20',NULL,NULL,NULL,NULL,NULL,10.73177200,106.95744000),(54,75,'Bà. Đinh Diệp Thy','+84-742301549','500 Điện Biên Phủ',0,'2025-10-19 11:49:20','2025-10-19 11:49:20',NULL,NULL,NULL,NULL,NULL,10.79205400,106.70606300),(55,76,'Trình Chung','+84-009030392','124 Cách Mạng Tháng 8',1,'2025-10-19 11:49:20','2025-10-19 11:49:20',NULL,NULL,NULL,NULL,NULL,10.78605600,106.95100900),(56,77,'Biện Loan Vỹ','+84-604363850','124 Cách Mạng Tháng 8',0,'2025-10-19 11:49:20','2025-10-19 11:49:20',NULL,NULL,NULL,NULL,NULL,10.96485900,106.58033000),(57,78,'Mang Kiên','+84-794707468','400 Trần Phú',0,'2025-10-19 11:49:20','2025-10-19 11:49:20',NULL,NULL,NULL,NULL,NULL,10.89827200,106.95887100),(58,79,'Ngân Ngà','+84-822932292','75 Hai Bà Trưng',1,'2025-10-19 11:49:20','2025-10-19 11:49:20',NULL,NULL,NULL,NULL,NULL,10.80304600,106.95605500),(59,80,'Chị. Hồ Trung','+84-370807600','300 Lê Lợi',0,'2025-10-19 11:49:20','2025-10-19 11:49:20',NULL,NULL,NULL,NULL,NULL,10.69503100,106.86825400),(60,81,'Chị. Võ Tịnh Thy','+84-559076981','75 Hai Bà Trưng',1,'2025-10-19 11:49:20','2025-10-19 11:49:20',NULL,NULL,NULL,NULL,NULL,10.64507300,106.75219300),(61,82,'Chị. Ngân Xuyến Diệu','+84-686644108','50 Lý Thường Kiệt',1,'2025-10-19 11:49:20','2025-10-19 11:49:20',NULL,NULL,NULL,NULL,NULL,10.59841100,106.53744200),(62,83,'Quản Nhuận','+84-134597295','300 Lê Lợi',0,'2025-10-19 11:49:20','2025-10-19 11:49:20',NULL,NULL,NULL,NULL,NULL,10.90560900,106.51957200),(63,84,'Chú. Đổng Đắc Dân','+84-372279810','500 Điện Biên Phủ',1,'2025-10-19 11:49:20','2025-10-19 11:49:20',NULL,NULL,NULL,NULL,NULL,10.78899000,106.79061300),(64,85,'Giao Đoan Đào','+84-091126363','200 Phan Đình Phùng',0,'2025-10-19 11:49:20','2025-10-19 11:49:20',NULL,NULL,NULL,NULL,NULL,10.98955100,106.78117600),(65,86,'Cụ. Lỡ Vi','+84-792507864','500 Điện Biên Phủ',0,'2025-10-19 11:49:20','2025-10-19 11:49:20',NULL,NULL,NULL,NULL,NULL,10.86096200,106.78161300),(66,87,'Cao Thạc','+84-491068679','150 Nguyễn Trãi',1,'2025-10-19 11:49:20','2025-10-19 11:49:20',NULL,NULL,NULL,NULL,NULL,10.99253900,106.82091100),(67,88,'Ông. Lạc Nhuận','+84-244103672','221 Nguyễn Văn Cừ',1,'2025-10-19 11:49:20','2025-10-19 11:49:20',NULL,NULL,NULL,NULL,NULL,10.98183800,106.90179800),(68,89,'Lư Chấn Thông','+84-470684079','400 Trần Phú',0,'2025-10-19 11:49:20','2025-10-19 11:49:20',NULL,NULL,NULL,NULL,NULL,10.83049000,106.93967100),(69,90,'Bác. Đặng Kiến Trưởng','+84-477486485','400 Trần Phú',0,'2025-10-19 11:49:20','2025-10-19 11:49:20',NULL,NULL,NULL,NULL,NULL,10.58358100,106.50130500),(70,91,'Bì Quân','+84-262658503','10 Trần Hưng Đạo',0,'2025-10-19 11:49:20','2025-10-19 11:49:20',NULL,NULL,NULL,NULL,NULL,10.87831500,106.90324900),(71,92,'Chị. Đổng Cúc','+84-368144839','400 Trần Phú',0,'2025-10-19 11:49:20','2025-10-19 11:49:20',NULL,NULL,NULL,NULL,NULL,10.86323100,106.82565900),(72,93,'Khương Quảng Thụy','+84-810095086','10 Trần Hưng Đạo',0,'2025-10-19 11:49:20','2025-10-19 11:49:20',NULL,NULL,NULL,NULL,NULL,10.54695100,106.72320600),(73,94,'Em. Uông Nhung','+84-307111561','150 Nguyễn Trãi',0,'2025-10-19 11:49:20','2025-10-19 11:49:20',NULL,NULL,NULL,NULL,NULL,10.61741200,106.67561900),(74,95,'Em. Lạc Quý','+84-260940378','150 Nguyễn Trãi',0,'2025-10-19 11:49:20','2025-10-19 11:49:20',NULL,NULL,NULL,NULL,NULL,10.81536100,106.95150700),(75,96,'Cụ. Giang Gia Đào','+84-998638011','200 Phan Đình Phùng',0,'2025-10-19 11:49:20','2025-10-19 11:49:20',NULL,NULL,NULL,NULL,NULL,10.75346800,106.90064800),(76,97,'Em. Hứa Mẫn','+84-667708424','75 Hai Bà Trưng',0,'2025-10-19 11:49:20','2025-10-19 11:49:20',NULL,NULL,NULL,NULL,NULL,10.80599700,106.69610500),(77,98,'Trác Liêm','+84-575592187','75 Hai Bà Trưng',1,'2025-10-19 11:49:20','2025-10-19 11:49:20',NULL,NULL,NULL,NULL,NULL,10.57741500,106.86767400),(78,99,'Viên Thời','+84-657232258','10 Trần Hưng Đạo',0,'2025-10-19 11:49:20','2025-10-19 11:49:20',NULL,NULL,NULL,NULL,NULL,10.68382900,106.79129700),(79,100,'Thạch Khai Nam','+84-506373761','75 Hai Bà Trưng',1,'2025-10-19 11:49:20','2025-10-19 11:49:20',NULL,NULL,NULL,NULL,NULL,10.61973000,106.68013600),(80,101,'Lê Đoàn Kiệt','+84-674996552','124 Cách Mạng Tháng 8',0,'2025-10-19 11:49:20','2025-10-19 11:49:20',NULL,NULL,NULL,NULL,NULL,10.83682300,106.78391600),(81,102,'Em. Điền Lương Chương','+84-837040609','300 Lê Lợi',1,'2025-10-19 11:49:20','2025-10-19 11:49:20',NULL,NULL,NULL,NULL,NULL,10.81804500,106.80835200),(82,103,'Vừ Thuần Khánh','+84-478044786','50 Lý Thường Kiệt',0,'2025-10-19 11:49:21','2025-10-19 11:49:21',NULL,NULL,NULL,NULL,NULL,10.98158900,106.73764100),(83,104,'Thái Thái','+84-914282855','75 Hai Bà Trưng',1,'2025-10-19 11:49:21','2025-10-19 11:49:21',NULL,NULL,NULL,NULL,NULL,10.84410000,106.53940600),(84,105,'Đặng Sĩ Lý','+84-333415443','300 Lê Lợi',1,'2025-10-19 11:49:21','2025-10-19 11:49:21',NULL,NULL,NULL,NULL,NULL,10.61137700,106.84463000),(85,106,'Chú. Lò Hiếu','+84-368639182','221 Nguyễn Văn Cừ',1,'2025-10-19 11:49:21','2025-10-19 11:49:21',NULL,NULL,NULL,NULL,NULL,10.90881900,106.91489300),(86,107,'Thào Họa Trang','+84-917427398','300 Lê Lợi',1,'2025-10-19 11:49:21','2025-10-19 11:49:21',NULL,NULL,NULL,NULL,NULL,10.82296800,106.84013900),(87,108,'Trang Liễu','+84-016842386','221 Nguyễn Văn Cừ',0,'2025-10-19 11:49:21','2025-10-19 11:49:21',NULL,NULL,NULL,NULL,NULL,10.82735400,106.65278800),(88,109,'Tông Anh Lý','+84-386586733','200 Phan Đình Phùng',1,'2025-10-19 11:49:21','2025-10-19 11:49:21',NULL,NULL,NULL,NULL,NULL,10.73510200,106.94340500),(89,110,'Phi Vi','+84-208620413','75 Hai Bà Trưng',1,'2025-10-19 11:49:21','2025-10-19 11:49:21',NULL,NULL,NULL,NULL,NULL,10.57609500,106.81231100),(90,111,'Chú. Dương Tài Khánh','+84-023982615','500 Điện Biên Phủ',1,'2025-10-19 11:49:21','2025-10-19 11:49:21',NULL,NULL,NULL,NULL,NULL,10.59854900,106.81996800),(91,112,'Chú. Hán Đoàn Đan','+84-140715012','124 Cách Mạng Tháng 8',1,'2025-10-19 11:49:21','2025-10-19 11:49:21',NULL,NULL,NULL,NULL,NULL,10.93581000,106.74980100),(92,113,'Trang Quyết Vũ','+84-376858534','200 Phan Đình Phùng',1,'2025-10-19 11:49:21','2025-10-19 11:49:21',NULL,NULL,NULL,NULL,NULL,10.58481700,106.53349400),(93,114,'Chị. La Mai','+84-619639758','300 Lê Lợi',1,'2025-10-19 11:49:21','2025-10-19 11:49:21',NULL,NULL,NULL,NULL,NULL,10.99836300,106.84636200),(94,115,'Khoa Lâm Nhiên','+84-103983237','221 Nguyễn Văn Cừ',1,'2025-10-19 11:49:21','2025-10-19 11:49:21',NULL,NULL,NULL,NULL,NULL,10.98130200,106.68083000),(95,116,'Ông. Trác Diệu','+84-210869928','50 Lý Thường Kiệt',0,'2025-10-19 11:49:21','2025-10-19 11:49:21',NULL,NULL,NULL,NULL,NULL,10.58324600,106.57796500),(96,117,'Cụ. Dã Bắc','+84-901415541','10 Trần Hưng Đạo',1,'2025-10-19 11:49:21','2025-10-19 11:49:21',NULL,NULL,NULL,NULL,NULL,10.76633700,106.66004700),(97,118,'Bình Huy','+84-979647166','500 Điện Biên Phủ',0,'2025-10-19 11:49:21','2025-10-19 11:49:21',NULL,NULL,NULL,NULL,NULL,10.69994900,106.78576900),(98,119,'Phan Anh','+84-131108402','150 Nguyễn Trãi',1,'2025-10-19 11:49:21','2025-10-19 11:49:21',NULL,NULL,NULL,NULL,NULL,10.60351600,106.77974700),(99,120,'Chị. Đường Ngôn','+84-039284290','10 Trần Hưng Đạo',0,'2025-10-19 11:49:21','2025-10-19 11:49:21',NULL,NULL,NULL,NULL,NULL,10.89363900,106.77979500),(100,121,'Chú. Trác Phương Pháp','+84-408350246','221 Nguyễn Văn Cừ',0,'2025-10-19 11:49:21','2025-10-19 11:49:21',NULL,NULL,NULL,NULL,NULL,10.92661800,106.93463100);
/*!40000 ALTER TABLE `user_addresses` ENABLE KEYS */;
UNLOCK TABLES;

--
-- Table structure for table `user_events`
--

DROP TABLE IF EXISTS `user_events`;
/*!40101 SET @saved_cs_client     = @@character_set_client */;
/*!50503 SET character_set_client = utf8mb4 */;
CREATE TABLE `user_events` (
  `id` bigint(20) unsigned NOT NULL AUTO_INCREMENT,
  `user_id` bigint(20) unsigned DEFAULT NULL,
  `session_id` varchar(255) NOT NULL,
  `event_type` enum('page_view','product_view','add_to_cart','remove_from_cart','checkout_start','checkout_complete','purchase','login','register','logout','search','filter','wishlist_add') NOT NULL,
  `event_category` varchar(255) NOT NULL DEFAULT 'general',
  `event_data` longtext CHARACTER SET utf8mb4 COLLATE utf8mb4_bin DEFAULT NULL CHECK (json_valid(`event_data`)),
  `ip_address` varchar(45) DEFAULT NULL,
  `user_agent` text DEFAULT NULL,
  `referrer` varchar(255) DEFAULT NULL,
  `url` varchar(255) DEFAULT NULL,
  `created_at` timestamp NOT NULL DEFAULT current_timestamp(),
  PRIMARY KEY (`id`),
  KEY `user_events_user_id_created_at_index` (`user_id`,`created_at`),
  KEY `user_events_event_type_created_at_index` (`event_type`,`created_at`),
  KEY `user_events_event_category_created_at_index` (`event_category`,`created_at`),
  KEY `user_events_session_id_index` (`session_id`),
  KEY `user_events_created_at_index` (`created_at`),
  CONSTRAINT `user_events_user_id_foreign` FOREIGN KEY (`user_id`) REFERENCES `users` (`id`) ON DELETE SET NULL
) ENGINE=InnoDB DEFAULT CHARSET=utf8mb4 COLLATE=utf8mb4_unicode_ci;
/*!40101 SET character_set_client = @saved_cs_client */;

--
-- Dumping data for table `user_events`
--

LOCK TABLES `user_events` WRITE;
/*!40000 ALTER TABLE `user_events` DISABLE KEYS */;
/*!40000 ALTER TABLE `user_events` ENABLE KEYS */;
UNLOCK TABLES;

--
-- Table structure for table `user_preferences`
--

DROP TABLE IF EXISTS `user_preferences`;
/*!40101 SET @saved_cs_client     = @@character_set_client */;
/*!50503 SET character_set_client = utf8mb4 */;
CREATE TABLE `user_preferences` (
  `user_preference_id` bigint(20) unsigned NOT NULL AUTO_INCREMENT,
  `user_id` bigint(20) unsigned NOT NULL,
  `preferred_category_id` bigint(20) unsigned DEFAULT NULL,
  `preferred_brand_id` bigint(20) unsigned DEFAULT NULL,
  `min_price_range` decimal(18,2) DEFAULT NULL,
  `max_price_range` decimal(18,2) DEFAULT NULL,
  `created_at` timestamp NULL DEFAULT NULL,
  `updated_at` timestamp NULL DEFAULT NULL,
  PRIMARY KEY (`user_preference_id`),
  UNIQUE KEY `user_preferences_user_id_unique` (`user_id`),
  KEY `user_preferences_preferred_category_id_foreign` (`preferred_category_id`),
  KEY `user_preferences_preferred_brand_id_foreign` (`preferred_brand_id`),
  CONSTRAINT `user_preferences_preferred_brand_id_foreign` FOREIGN KEY (`preferred_brand_id`) REFERENCES `brands` (`brand_id`) ON DELETE SET NULL,
  CONSTRAINT `user_preferences_preferred_category_id_foreign` FOREIGN KEY (`preferred_category_id`) REFERENCES `categories` (`category_id`) ON DELETE SET NULL,
  CONSTRAINT `user_preferences_user_id_foreign` FOREIGN KEY (`user_id`) REFERENCES `users` (`id`) ON DELETE CASCADE
) ENGINE=InnoDB AUTO_INCREMENT=101 DEFAULT CHARSET=utf8mb4 COLLATE=utf8mb4_unicode_ci;
/*!40101 SET character_set_client = @saved_cs_client */;

--
-- Dumping data for table `user_preferences`
--

LOCK TABLES `user_preferences` WRITE;
/*!40000 ALTER TABLE `user_preferences` DISABLE KEYS */;
INSERT INTO `user_preferences` VALUES (1,22,12,NULL,NULL,NULL,'2025-10-19 11:49:24','2025-10-19 11:49:24'),(2,23,13,NULL,NULL,NULL,'2025-10-19 11:49:24','2025-10-19 11:49:24'),(3,24,20,NULL,NULL,NULL,'2025-10-19 11:49:24','2025-10-19 11:49:24'),(4,25,16,NULL,NULL,NULL,'2025-10-19 11:49:24','2025-10-19 11:49:24'),(5,26,11,NULL,NULL,NULL,'2025-10-19 11:49:24','2025-10-19 11:49:24'),(6,27,13,NULL,NULL,NULL,'2025-10-19 11:49:24','2025-10-19 11:49:24'),(7,28,11,NULL,NULL,NULL,'2025-10-19 11:49:24','2025-10-19 11:49:24'),(8,29,24,NULL,NULL,NULL,'2025-10-19 11:49:25','2025-10-19 11:49:25'),(9,30,21,NULL,NULL,NULL,'2025-10-19 11:49:25','2025-10-19 11:49:25'),(10,31,9,NULL,NULL,NULL,'2025-10-19 11:49:25','2025-10-19 11:49:25'),(11,32,21,NULL,NULL,NULL,'2025-10-19 11:49:25','2025-10-19 11:49:25'),(12,33,3,NULL,NULL,NULL,'2025-10-19 11:49:25','2025-10-19 11:49:25'),(13,34,2,NULL,NULL,NULL,'2025-10-19 11:49:25','2025-10-19 11:49:25'),(14,35,5,NULL,NULL,NULL,'2025-10-19 11:49:25','2025-10-19 11:49:25'),(15,36,4,NULL,NULL,NULL,'2025-10-19 11:49:26','2025-10-19 11:49:26'),(16,37,9,NULL,NULL,NULL,'2025-10-19 11:49:26','2025-10-19 11:49:26'),(17,38,22,NULL,NULL,NULL,'2025-10-19 11:49:26','2025-10-19 11:49:26'),(18,39,15,NULL,NULL,NULL,'2025-10-19 11:49:26','2025-10-19 11:49:26'),(19,40,2,NULL,NULL,NULL,'2025-10-19 11:49:26','2025-10-19 11:49:26'),(20,41,20,NULL,NULL,NULL,'2025-10-19 11:49:26','2025-10-19 11:49:26'),(21,42,8,NULL,NULL,NULL,'2025-10-19 11:49:26','2025-10-19 11:49:26'),(22,43,12,NULL,NULL,NULL,'2025-10-19 11:49:26','2025-10-19 11:49:26'),(23,44,26,NULL,NULL,NULL,'2025-10-19 11:49:27','2025-10-19 11:49:27'),(24,45,15,NULL,NULL,NULL,'2025-10-19 11:49:27','2025-10-19 11:49:27'),(25,46,6,NULL,NULL,NULL,'2025-10-19 11:49:27','2025-10-19 11:49:27'),(26,47,3,NULL,NULL,NULL,'2025-10-19 11:49:27','2025-10-19 11:49:27'),(27,48,20,NULL,NULL,NULL,'2025-10-19 11:49:27','2025-10-19 11:49:27'),(28,49,9,NULL,NULL,NULL,'2025-10-19 11:49:27','2025-10-19 11:49:27'),(29,50,12,NULL,NULL,NULL,'2025-10-19 11:49:27','2025-10-19 11:49:27'),(30,51,16,NULL,NULL,NULL,'2025-10-19 11:49:27','2025-10-19 11:49:27'),(31,52,26,NULL,NULL,NULL,'2025-10-19 11:49:27','2025-10-19 11:49:27'),(32,53,22,NULL,NULL,NULL,'2025-10-19 11:49:28','2025-10-19 11:49:28'),(33,54,16,NULL,NULL,NULL,'2025-10-19 11:49:28','2025-10-19 11:49:28'),(34,55,19,NULL,NULL,NULL,'2025-10-19 11:49:28','2025-10-19 11:49:28'),(35,56,7,NULL,NULL,NULL,'2025-10-19 11:49:28','2025-10-19 11:49:28'),(36,57,4,NULL,NULL,NULL,'2025-10-19 11:49:28','2025-10-19 11:49:28'),(37,58,6,NULL,NULL,NULL,'2025-10-19 11:49:28','2025-10-19 11:49:28'),(38,59,18,NULL,NULL,NULL,'2025-10-19 11:49:28','2025-10-19 11:49:28'),(39,60,2,NULL,NULL,NULL,'2025-10-19 11:49:29','2025-10-19 11:49:29'),(40,61,1,NULL,NULL,NULL,'2025-10-19 11:49:29','2025-10-19 11:49:29'),(41,62,7,NULL,NULL,NULL,'2025-10-19 11:49:29','2025-10-19 11:49:29'),(42,63,17,NULL,NULL,NULL,'2025-10-19 11:49:29','2025-10-19 11:49:29'),(43,64,1,NULL,NULL,NULL,'2025-10-19 11:49:29','2025-10-19 11:49:29'),(44,65,4,NULL,NULL,NULL,'2025-10-19 11:49:29','2025-10-19 11:49:29'),(45,66,4,NULL,NULL,NULL,'2025-10-19 11:49:29','2025-10-19 11:49:29'),(46,67,20,NULL,NULL,NULL,'2025-10-19 11:49:29','2025-10-19 11:49:29'),(47,68,3,NULL,NULL,NULL,'2025-10-19 11:49:30','2025-10-19 11:49:30'),(48,69,7,NULL,NULL,NULL,'2025-10-19 11:49:30','2025-10-19 11:49:30'),(49,70,17,NULL,NULL,NULL,'2025-10-19 11:49:30','2025-10-19 11:49:30'),(50,71,11,NULL,NULL,NULL,'2025-10-19 11:49:30','2025-10-19 11:49:30'),(51,72,12,NULL,NULL,NULL,'2025-10-19 11:49:30','2025-10-19 11:49:30'),(52,73,14,NULL,NULL,NULL,'2025-10-19 11:49:30','2025-10-19 11:49:30'),(53,74,15,NULL,NULL,NULL,'2025-10-19 11:49:30','2025-10-19 11:49:30'),(54,75,23,NULL,NULL,NULL,'2025-10-19 11:49:30','2025-10-19 11:49:30'),(55,76,26,NULL,NULL,NULL,'2025-10-19 11:49:31','2025-10-19 11:49:31'),(56,77,12,NULL,NULL,NULL,'2025-10-19 11:49:31','2025-10-19 11:49:31'),(57,78,11,NULL,NULL,NULL,'2025-10-19 11:49:31','2025-10-19 11:49:31'),(58,79,22,NULL,NULL,NULL,'2025-10-19 11:49:31','2025-10-19 11:49:31'),(59,80,16,NULL,NULL,NULL,'2025-10-19 11:49:31','2025-10-19 11:49:31'),(60,81,6,NULL,NULL,NULL,'2025-10-19 11:49:31','2025-10-19 11:49:31'),(61,82,14,NULL,NULL,NULL,'2025-10-19 11:49:31','2025-10-19 11:49:31'),(62,83,27,NULL,NULL,NULL,'2025-10-19 11:49:31','2025-10-19 11:49:31'),(63,84,4,NULL,NULL,NULL,'2025-10-19 11:49:31','2025-10-19 11:49:31'),(64,85,27,NULL,NULL,NULL,'2025-10-19 11:49:32','2025-10-19 11:49:32'),(65,86,27,NULL,NULL,NULL,'2025-10-19 11:49:32','2025-10-19 11:49:32'),(66,87,4,NULL,NULL,NULL,'2025-10-19 11:49:32','2025-10-19 11:49:32'),(67,88,27,NULL,NULL,NULL,'2025-10-19 11:49:32','2025-10-19 11:49:32'),(68,89,3,NULL,NULL,NULL,'2025-10-19 11:49:32','2025-10-19 11:49:32'),(69,90,10,NULL,NULL,NULL,'2025-10-19 11:49:32','2025-10-19 11:49:32'),(70,91,19,NULL,NULL,NULL,'2025-10-19 11:49:32','2025-10-19 11:49:32'),(71,92,21,NULL,NULL,NULL,'2025-10-19 11:49:32','2025-10-19 11:49:32'),(72,93,15,NULL,NULL,NULL,'2025-10-19 11:49:33','2025-10-19 11:49:33'),(73,94,1,NULL,NULL,NULL,'2025-10-19 11:49:33','2025-10-19 11:49:33'),(74,95,23,NULL,NULL,NULL,'2025-10-19 11:49:33','2025-10-19 11:49:33'),(75,96,26,NULL,NULL,NULL,'2025-10-19 11:49:33','2025-10-19 11:49:33'),(76,97,22,NULL,NULL,NULL,'2025-10-19 11:49:33','2025-10-19 11:49:33'),(77,98,6,NULL,NULL,NULL,'2025-10-19 11:49:33','2025-10-19 11:49:33'),(78,99,1,NULL,NULL,NULL,'2025-10-19 11:49:33','2025-10-19 11:49:33'),(79,100,15,NULL,NULL,NULL,'2025-10-19 11:49:33','2025-10-19 11:49:33'),(80,101,9,NULL,NULL,NULL,'2025-10-19 11:49:33','2025-10-19 11:49:33'),(81,102,12,NULL,NULL,NULL,'2025-10-19 11:49:34','2025-10-19 11:49:34'),(82,103,7,NULL,NULL,NULL,'2025-10-19 11:49:34','2025-10-19 11:49:34'),(83,104,25,NULL,NULL,NULL,'2025-10-19 11:49:34','2025-10-19 11:49:34'),(84,105,19,NULL,NULL,NULL,'2025-10-19 11:49:34','2025-10-19 11:49:34'),(85,106,3,NULL,NULL,NULL,'2025-10-19 11:49:34','2025-10-19 11:49:34'),(86,107,26,NULL,NULL,NULL,'2025-10-19 11:49:34','2025-10-19 11:49:34'),(87,108,2,NULL,NULL,NULL,'2025-10-19 11:49:34','2025-10-19 11:49:34'),(88,109,16,NULL,NULL,NULL,'2025-10-19 11:49:34','2025-10-19 11:49:34'),(89,110,21,NULL,NULL,NULL,'2025-10-19 11:49:34','2025-10-19 11:49:34'),(90,111,25,NULL,NULL,NULL,'2025-10-19 11:49:34','2025-10-19 11:49:34'),(91,112,17,NULL,NULL,NULL,'2025-10-19 11:49:35','2025-10-19 11:49:35'),(92,113,10,NULL,NULL,NULL,'2025-10-19 11:49:35','2025-10-19 11:49:35'),(93,114,26,NULL,NULL,NULL,'2025-10-19 11:49:35','2025-10-19 11:49:35'),(94,115,11,NULL,NULL,NULL,'2025-10-19 11:49:35','2025-10-19 11:49:35'),(95,116,18,NULL,NULL,NULL,'2025-10-19 11:49:35','2025-10-19 11:49:35'),(96,117,13,NULL,NULL,NULL,'2025-10-19 11:49:35','2025-10-19 11:49:35'),(97,118,21,NULL,NULL,NULL,'2025-10-19 11:49:35','2025-10-19 11:49:35'),(98,119,4,NULL,NULL,NULL,'2025-10-19 11:49:35','2025-10-19 11:49:35'),(99,120,9,NULL,NULL,NULL,'2025-10-19 11:49:36','2025-10-19 11:49:36'),(100,121,17,NULL,NULL,NULL,'2025-10-19 11:49:36','2025-10-19 11:49:36');
/*!40000 ALTER TABLE `user_preferences` ENABLE KEYS */;
UNLOCK TABLES;

--
-- Table structure for table `users`
--

DROP TABLE IF EXISTS `users`;
/*!40101 SET @saved_cs_client     = @@character_set_client */;
/*!50503 SET character_set_client = utf8mb4 */;
CREATE TABLE `users` (
  `id` bigint(20) unsigned NOT NULL AUTO_INCREMENT,
  `username` varchar(255) NOT NULL,
  `email` varchar(255) NOT NULL,
  `email_verified_at` timestamp NULL DEFAULT NULL,
  `password` varchar(255) NOT NULL,
  `provider` varchar(255) DEFAULT NULL,
  `provider_id` varchar(255) DEFAULT NULL,
  `avatar` varchar(255) DEFAULT NULL,
  `remember_token` varchar(100) DEFAULT NULL,
  `created_at` timestamp NULL DEFAULT NULL,
  `updated_at` timestamp NULL DEFAULT NULL,
  `first_name` varchar(255) DEFAULT NULL,
  `last_name` varchar(255) DEFAULT NULL,
  `phone_number` varchar(20) DEFAULT NULL,
  `is_active` tinyint(1) NOT NULL DEFAULT 1,
  `deleted_at` timestamp NULL DEFAULT NULL,
  `default_address_id` bigint(20) unsigned DEFAULT NULL,
  PRIMARY KEY (`id`),
  UNIQUE KEY `users_email_unique` (`email`),
  UNIQUE KEY `users_username_unique` (`username`),
  UNIQUE KEY `users_phone_number_unique` (`phone_number`),
  KEY `users_default_address_id_foreign` (`default_address_id`),
  CONSTRAINT `users_default_address_id_foreign` FOREIGN KEY (`default_address_id`) REFERENCES `user_addresses` (`id`) ON DELETE SET NULL
) ENGINE=InnoDB AUTO_INCREMENT=132 DEFAULT CHARSET=utf8mb4 COLLATE=utf8mb4_unicode_ci;
/*!40101 SET character_set_client = @saved_cs_client */;

--
-- Dumping data for table `users`
--

LOCK TABLES `users` WRITE;
/*!40000 ALTER TABLE `users` DISABLE KEYS */;
INSERT INTO `users` VALUES (1,'superadmin','admin@shopnest.com','2025-10-19 11:49:16','$2y$12$MaF9qrkL/Lgag4f1OJdjCuPmWOamHOqmXATuD20sAvmQ3OWa7FPbO',NULL,NULL,NULL,'x5xYVdDPFZ','2025-10-19 11:49:16','2025-10-19 11:49:16','Super','Admin','(0711)840-0236',1,NULL,NULL),(2,'squach','le.cat@example.com','2025-10-19 11:49:16','$2y$12$AWZQzNBB62zSmn8TD/TTWeee/9OTUv/kUcp7PZOyvUk5T0HfZNp2e',NULL,NULL,NULL,'P37VqikN0H','2025-10-19 11:49:16','2025-10-19 11:49:16','Thy','Trưng','+84-351-076-8318',1,NULL,NULL),(3,'qtu','hong@example.com','2025-10-19 11:49:16','$2y$12$AWZQzNBB62zSmn8TD/TTWeee/9OTUv/kUcp7PZOyvUk5T0HfZNp2e',NULL,NULL,NULL,'uDi2dA5ZHI','2025-10-19 11:49:16','2025-10-19 11:49:16','Tráng','Hạ','(84)(75)519-1869',1,NULL,NULL),(4,'knong','ttrieu@example.net','2025-10-19 11:49:16','$2y$12$AWZQzNBB62zSmn8TD/TTWeee/9OTUv/kUcp7PZOyvUk5T0HfZNp2e',NULL,NULL,NULL,'y4fYBubhDc','2025-10-19 11:49:16','2025-10-19 11:49:16','Ý','Nguyễn','(0350)182-3951',1,NULL,NULL),(5,'au.ca','my28@example.com','2025-10-19 11:49:16','$2y$12$AWZQzNBB62zSmn8TD/TTWeee/9OTUv/kUcp7PZOyvUk5T0HfZNp2e',NULL,NULL,NULL,'H8Op9oCXug','2025-10-19 11:49:16','2025-10-19 11:49:16','Hoan','Khâu','0230-005-4021',1,NULL,NULL),(6,'thuan68','l.phuong@example.net','2025-10-19 11:49:16','$2y$12$AWZQzNBB62zSmn8TD/TTWeee/9OTUv/kUcp7PZOyvUk5T0HfZNp2e',NULL,NULL,NULL,'EmxaESpg9r','2025-10-19 11:49:16','2025-10-19 11:49:16','Xuyến','Diệp','(0162)698-9957',1,NULL,NULL),(7,'sbinh','pkha@example.org','2025-10-19 11:49:16','$2y$12$AWZQzNBB62zSmn8TD/TTWeee/9OTUv/kUcp7PZOyvUk5T0HfZNp2e',NULL,NULL,NULL,'Coc8W2VsU0','2025-10-19 11:49:16','2025-10-19 11:49:16','Mỹ','Tô','+84-8-6441-3596',1,NULL,NULL),(8,'hung03','flc@example.com','2025-10-19 11:49:16','$2y$12$AWZQzNBB62zSmn8TD/TTWeee/9OTUv/kUcp7PZOyvUk5T0HfZNp2e',NULL,NULL,NULL,'EI6hllYytn','2025-10-19 11:49:16','2025-10-19 11:49:16','An','Đồng','(84)(77)555-1589',1,NULL,NULL),(9,'dao.nhung','u.nhan@example.org','2025-10-19 11:49:16','$2y$12$AWZQzNBB62zSmn8TD/TTWeee/9OTUv/kUcp7PZOyvUk5T0HfZNp2e',NULL,NULL,NULL,'hH4snQlf5T','2025-10-19 11:49:16','2025-10-19 11:49:16','Huyền','Bùi','(0165) 712 8569',1,NULL,NULL),(10,'mn.bo','sdon@example.net','2025-10-19 11:49:16','$2y$12$AWZQzNBB62zSmn8TD/TTWeee/9OTUv/kUcp7PZOyvUk5T0HfZNp2e',NULL,NULL,NULL,'sfD3xHrPzH','2025-10-19 11:49:16','2025-10-19 11:49:16','Hà','Đan','(84)(61)659-7976',1,NULL,NULL),(11,'vl','thi.an@example.com','2025-10-19 11:49:16','$2y$12$AWZQzNBB62zSmn8TD/TTWeee/9OTUv/kUcp7PZOyvUk5T0HfZNp2e',NULL,NULL,NULL,'2JOHiVYwwy','2025-10-19 11:49:16','2025-10-19 11:49:16','Thu','Điền','(84)(350)000-3626',1,NULL,NULL),(12,'hu91','tr.la@example.com','2025-10-19 11:49:16','$2y$12$AWZQzNBB62zSmn8TD/TTWeee/9OTUv/kUcp7PZOyvUk5T0HfZNp2e',NULL,NULL,NULL,'lnSv8TNDLv','2025-10-19 11:49:16','2025-10-19 11:49:16','Băng','Hàn','067 527 3636',1,NULL,NULL),(13,'th58','qbi@example.net','2025-10-19 11:49:16','$2y$12$AWZQzNBB62zSmn8TD/TTWeee/9OTUv/kUcp7PZOyvUk5T0HfZNp2e',NULL,NULL,NULL,'q42IYamahK','2025-10-19 11:49:16','2025-10-19 11:49:16','Quế','Lỳ','+84-76-227-4087',1,NULL,NULL),(14,'thai.dien','linh51@example.net','2025-10-19 11:49:16','$2y$12$AWZQzNBB62zSmn8TD/TTWeee/9OTUv/kUcp7PZOyvUk5T0HfZNp2e',NULL,NULL,NULL,'2NZGqpg5Io','2025-10-19 11:49:16','2025-10-19 11:49:16','Phụng','Võ','090-095-0226',1,NULL,NULL),(15,'chi71','uong@example.org','2025-10-19 11:49:16','$2y$12$AWZQzNBB62zSmn8TD/TTWeee/9OTUv/kUcp7PZOyvUk5T0HfZNp2e',NULL,NULL,NULL,'CdDupUuoKb','2025-10-19 11:49:16','2025-10-19 11:49:16','Triết','Giao','075-441-0619',1,NULL,NULL),(16,'tuyen63','diep08@example.net','2025-10-19 11:49:16','$2y$12$AWZQzNBB62zSmn8TD/TTWeee/9OTUv/kUcp7PZOyvUk5T0HfZNp2e',NULL,NULL,NULL,'VaCMtFSMIR','2025-10-19 11:49:16','2025-10-19 11:49:16','Bằng','Giao','(0125) 829 4291',1,NULL,NULL),(17,'lac.quan','tvien@example.org','2025-10-19 11:49:16','$2y$12$AWZQzNBB62zSmn8TD/TTWeee/9OTUv/kUcp7PZOyvUk5T0HfZNp2e',NULL,NULL,NULL,'mcAY9f1ZGg','2025-10-19 11:49:16','2025-10-19 11:49:16','Thạch','Hứa','+84-120-027-6199',1,NULL,NULL),(18,'hoang.nguyen','diep.chiem@example.net','2025-10-19 11:49:16','$2y$12$AWZQzNBB62zSmn8TD/TTWeee/9OTUv/kUcp7PZOyvUk5T0HfZNp2e',NULL,NULL,NULL,'kkg06sX6gB','2025-10-19 11:49:16','2025-10-19 11:49:16','Ngà','Trương','(033)107-8752',1,NULL,NULL),(19,'m.lai','khanh41@example.net','2025-10-19 11:49:16','$2y$12$AWZQzNBB62zSmn8TD/TTWeee/9OTUv/kUcp7PZOyvUk5T0HfZNp2e',NULL,NULL,NULL,'Sx5WPskM1L','2025-10-19 11:49:16','2025-10-19 11:49:16','Trọng','Âu','(0169)212-8040',1,NULL,NULL),(20,'bach62','zgia@example.org','2025-10-19 11:49:16','$2y$12$AWZQzNBB62zSmn8TD/TTWeee/9OTUv/kUcp7PZOyvUk5T0HfZNp2e',NULL,NULL,NULL,'l48qAcf2gW','2025-10-19 11:49:16','2025-10-19 11:49:16','Kiệt','Châu','096-395-3291',1,NULL,NULL),(21,'huong18','thinh76@example.net','2025-10-19 11:49:16','$2y$12$AWZQzNBB62zSmn8TD/TTWeee/9OTUv/kUcp7PZOyvUk5T0HfZNp2e',NULL,NULL,NULL,'XhmkOOzONt','2025-10-19 11:49:16','2025-10-19 11:49:16','Hạnh','Dương','(0230) 295 5914',1,NULL,NULL),(22,'hanh.tieu','mi.cn@example.com','2025-10-19 11:49:16','$2y$12$AWZQzNBB62zSmn8TD/TTWeee/9OTUv/kUcp7PZOyvUk5T0HfZNp2e',NULL,NULL,NULL,'qaHpf6l8Pl','2025-10-19 11:49:16','2025-10-19 11:49:16','Bình','Phương','(0240)108-6173',1,NULL,NULL),(23,'ly.khoi','gche@example.com','2025-10-19 11:49:16','$2y$12$AWZQzNBB62zSmn8TD/TTWeee/9OTUv/kUcp7PZOyvUk5T0HfZNp2e',NULL,NULL,NULL,'CNKwwECumn','2025-10-19 11:49:16','2025-10-19 11:49:16','Lợi','Chế','84-167-482-3839',1,NULL,NULL),(24,'mkhau','phng22@example.net','2025-10-19 11:49:16','$2y$12$AWZQzNBB62zSmn8TD/TTWeee/9OTUv/kUcp7PZOyvUk5T0HfZNp2e',NULL,NULL,NULL,'u7y08Xifwq','2025-10-19 11:49:16','2025-10-19 11:49:16','Liên','Cát','(068) 502 3537',1,NULL,NULL),(25,'ima','to.kim@example.org','2025-10-19 11:49:16','$2y$12$AWZQzNBB62zSmn8TD/TTWeee/9OTUv/kUcp7PZOyvUk5T0HfZNp2e',NULL,NULL,NULL,'C3ksdCYcMX','2025-10-19 11:49:16','2025-10-19 11:49:16','Đào','Mang','(0168)046-4810',1,NULL,NULL),(26,'viet76','viet48@example.net','2025-10-19 11:49:16','$2y$12$AWZQzNBB62zSmn8TD/TTWeee/9OTUv/kUcp7PZOyvUk5T0HfZNp2e',NULL,NULL,NULL,'LmXpVVT00d','2025-10-19 11:49:16','2025-10-19 11:49:16','Duyên','Hoàng','029 226 0890',1,NULL,NULL),(27,'thng70','hoai15@example.com','2025-10-19 11:49:16','$2y$12$AWZQzNBB62zSmn8TD/TTWeee/9OTUv/kUcp7PZOyvUk5T0HfZNp2e',NULL,NULL,NULL,'kJIqkr23kb','2025-10-19 11:49:16','2025-10-19 11:49:16','Chấn','Nông','+84-56-477-3280',1,NULL,NULL),(28,'qlac','vi.bach@example.net','2025-10-19 11:49:16','$2y$12$AWZQzNBB62zSmn8TD/TTWeee/9OTUv/kUcp7PZOyvUk5T0HfZNp2e',NULL,NULL,NULL,'6sIX3o2n7Y','2025-10-19 11:49:16','2025-10-19 11:49:16','Thêu','Võ','(054)884-5986',1,NULL,NULL),(29,'ophi','lam.kien@example.org','2025-10-19 11:49:16','$2y$12$AWZQzNBB62zSmn8TD/TTWeee/9OTUv/kUcp7PZOyvUk5T0HfZNp2e',NULL,NULL,NULL,'TZrO82CBb0','2025-10-19 11:49:16','2025-10-19 11:49:16','Thủy','Diệp','092 885 4546',1,NULL,NULL),(30,'nghiep.s','jnghi@example.com','2025-10-19 11:49:16','$2y$12$AWZQzNBB62zSmn8TD/TTWeee/9OTUv/kUcp7PZOyvUk5T0HfZNp2e',NULL,NULL,NULL,'GwePh4ElKa','2025-10-19 11:49:16','2025-10-19 11:49:16','San','Nhiệm','0710-795-4535',1,NULL,NULL),(31,'u.tham','nluong@example.org','2025-10-19 11:49:16','$2y$12$AWZQzNBB62zSmn8TD/TTWeee/9OTUv/kUcp7PZOyvUk5T0HfZNp2e',NULL,NULL,NULL,'Dyrk9s7URp','2025-10-19 11:49:16','2025-10-19 11:49:16','Hòa','Hoa','0710 480 7823',1,NULL,NULL),(32,'quan71','udng@example.org','2025-10-19 11:49:16','$2y$12$AWZQzNBB62zSmn8TD/TTWeee/9OTUv/kUcp7PZOyvUk5T0HfZNp2e',NULL,NULL,NULL,'P5BpIeV4Vr','2025-10-19 11:49:16','2025-10-19 11:49:16','Lân','Vũ','+84-53-507-8647',1,NULL,NULL),(33,'dau.chn','cpho@example.net','2025-10-19 11:49:16','$2y$12$AWZQzNBB62zSmn8TD/TTWeee/9OTUv/kUcp7PZOyvUk5T0HfZNp2e',NULL,NULL,NULL,'jZgKn9OK6k','2025-10-19 11:49:16','2025-10-19 11:49:16','Thúc','Lâm','(056)704-0970',1,NULL,NULL),(34,'bla','khuong.phuong@example.net','2025-10-19 11:49:16','$2y$12$AWZQzNBB62zSmn8TD/TTWeee/9OTUv/kUcp7PZOyvUk5T0HfZNp2e',NULL,NULL,NULL,'WH4uBsthPW','2025-10-19 11:49:16','2025-10-19 11:49:16','Vọng','Khu','(04)2229-1472',1,NULL,NULL),(35,'phong.c','thuan02@example.net','2025-10-19 11:49:16','$2y$12$AWZQzNBB62zSmn8TD/TTWeee/9OTUv/kUcp7PZOyvUk5T0HfZNp2e',NULL,NULL,NULL,'UaAOtNgJ2Y','2025-10-19 11:49:16','2025-10-19 11:49:16','Quỳnh','Lưu','+84-166-623-3406',1,NULL,NULL),(36,'hung24','jlc@example.com','2025-10-19 11:49:16','$2y$12$AWZQzNBB62zSmn8TD/TTWeee/9OTUv/kUcp7PZOyvUk5T0HfZNp2e',NULL,NULL,NULL,'akTfohcOWU','2025-10-19 11:49:16','2025-10-19 11:49:16','Tuyền','Chung','0500 547 2692',1,NULL,NULL),(37,'an03','qdi@example.org','2025-10-19 11:49:16','$2y$12$AWZQzNBB62zSmn8TD/TTWeee/9OTUv/kUcp7PZOyvUk5T0HfZNp2e',NULL,NULL,NULL,'WKwKpD2oL5','2025-10-19 11:49:16','2025-10-19 11:49:16','Chính','Hùng','+84-72-883-8162',1,NULL,NULL),(38,'khanh.be','phuong.giang@example.org','2025-10-19 11:49:16','$2y$12$AWZQzNBB62zSmn8TD/TTWeee/9OTUv/kUcp7PZOyvUk5T0HfZNp2e',NULL,NULL,NULL,'TlFX1TsezL','2025-10-19 11:49:16','2025-10-19 11:49:16','Liêm','Thân','(84)(52)319-9538',1,NULL,NULL),(39,'flac','hbao@example.org','2025-10-19 11:49:16','$2y$12$AWZQzNBB62zSmn8TD/TTWeee/9OTUv/kUcp7PZOyvUk5T0HfZNp2e',NULL,NULL,NULL,'XvuGhoM0Lc','2025-10-19 11:49:16','2025-10-19 11:49:16','Lợi','Đào','+84-36-630-4046',1,NULL,NULL),(40,'khoa74','hong77@example.org','2025-10-19 11:49:16','$2y$12$AWZQzNBB62zSmn8TD/TTWeee/9OTUv/kUcp7PZOyvUk5T0HfZNp2e',NULL,NULL,NULL,'E3ehMrTKF5','2025-10-19 11:49:16','2025-10-19 11:49:16','Lực','Mang','0163-891-6043',1,NULL,NULL),(41,'tho19','xuan.bac@example.net','2025-10-19 11:49:16','$2y$12$AWZQzNBB62zSmn8TD/TTWeee/9OTUv/kUcp7PZOyvUk5T0HfZNp2e',NULL,NULL,NULL,'llZPDGI675','2025-10-19 11:49:16','2025-10-19 11:49:16','Đạt','Đổng','(0163)796-1310',1,NULL,NULL),(42,'hoa.ai','bich.ha@example.net','2025-10-19 11:49:16','$2y$12$AWZQzNBB62zSmn8TD/TTWeee/9OTUv/kUcp7PZOyvUk5T0HfZNp2e',NULL,NULL,NULL,'E6cef9L2jO','2025-10-19 11:49:16','2025-10-19 11:49:16','Đại','Bửu','029-906-8220',1,NULL,NULL),(43,'kinh50','le.phan@example.org','2025-10-19 11:49:16','$2y$12$AWZQzNBB62zSmn8TD/TTWeee/9OTUv/kUcp7PZOyvUk5T0HfZNp2e',NULL,NULL,NULL,'xusHxvJwEF','2025-10-19 11:49:16','2025-10-19 11:49:16','Du','Danh','(039) 759 0676',1,NULL,NULL),(44,'fkhut','bto@example.org','2025-10-19 11:49:16','$2y$12$AWZQzNBB62zSmn8TD/TTWeee/9OTUv/kUcp7PZOyvUk5T0HfZNp2e',NULL,NULL,NULL,'6DHAasZFE7','2025-10-19 11:49:16','2025-10-19 11:49:16','Thạc','Cù','84-92-414-2529',1,NULL,NULL),(45,'dao.tue','lo.cuong@example.org','2025-10-19 11:49:16','$2y$12$AWZQzNBB62zSmn8TD/TTWeee/9OTUv/kUcp7PZOyvUk5T0HfZNp2e',NULL,NULL,NULL,'W63rVkGmSZ','2025-10-19 11:49:16','2025-10-19 11:49:16','Trí','Võ','064-852-0165',1,NULL,NULL),(46,'manh.cu','rtran@example.net','2025-10-19 11:49:16','$2y$12$AWZQzNBB62zSmn8TD/TTWeee/9OTUv/kUcp7PZOyvUk5T0HfZNp2e',NULL,NULL,NULL,'2U7WCaUrfN','2025-10-19 11:49:16','2025-10-19 11:49:16','Mi','Phạm','84-210-328-5386',1,NULL,NULL),(47,'banh.anh','lnhiem@example.net','2025-10-19 11:49:16','$2y$12$AWZQzNBB62zSmn8TD/TTWeee/9OTUv/kUcp7PZOyvUk5T0HfZNp2e',NULL,NULL,NULL,'viMwsWKGOf','2025-10-19 11:49:16','2025-10-19 11:49:16','Tài','Trần','(84)(231)907-6676',1,NULL,NULL),(48,'sa12','nguyet99@example.org','2025-10-19 11:49:16','$2y$12$AWZQzNBB62zSmn8TD/TTWeee/9OTUv/kUcp7PZOyvUk5T0HfZNp2e',NULL,NULL,NULL,'Pj3IdFkfq2','2025-10-19 11:49:16','2025-10-19 11:49:16','Trầm','Ma','84-36-195-3482',1,NULL,NULL),(49,'hau.nong','du.hieu@example.net','2025-10-19 11:49:16','$2y$12$AWZQzNBB62zSmn8TD/TTWeee/9OTUv/kUcp7PZOyvUk5T0HfZNp2e',NULL,NULL,NULL,'K8o5iqc64Z','2025-10-19 11:49:16','2025-10-19 11:49:16','Thắng','Tô','066 649 2333',1,NULL,NULL),(50,'ptrang','doan48@example.com','2025-10-19 11:49:16','$2y$12$AWZQzNBB62zSmn8TD/TTWeee/9OTUv/kUcp7PZOyvUk5T0HfZNp2e',NULL,NULL,NULL,'qaqvkjOkfL','2025-10-19 11:49:16','2025-10-19 11:49:16','Siêu','Khu','036-942-7885',1,NULL,NULL),(51,'liu36','quan86@example.com','2025-10-19 11:49:16','$2y$12$AWZQzNBB62zSmn8TD/TTWeee/9OTUv/kUcp7PZOyvUk5T0HfZNp2e',NULL,NULL,NULL,'mDWIODwpl1','2025-10-19 11:49:16','2025-10-19 11:49:16','Minh','Mâu','+84-128-516-2059',1,NULL,NULL),(52,'trieu.ngo','ngan.cuc@example.net','2025-10-19 11:49:16','$2y$12$AWZQzNBB62zSmn8TD/TTWeee/9OTUv/kUcp7PZOyvUk5T0HfZNp2e',NULL,NULL,NULL,'VPzQQIrFR1','2025-10-19 11:49:16','2025-10-19 11:49:16','Kiều','Yên','84-281-451-3679',1,NULL,NULL),(53,'ta.xuan','dan.chung@example.com','2025-10-19 11:49:16','$2y$12$AWZQzNBB62zSmn8TD/TTWeee/9OTUv/kUcp7PZOyvUk5T0HfZNp2e',NULL,NULL,NULL,'Hmy1nfwfav','2025-10-19 11:49:16','2025-10-19 11:49:16','Hợp','Đậu','(84)(231)914-0685',1,NULL,NULL),(54,'rtng','thien.ho@example.org','2025-10-19 11:49:16','$2y$12$AWZQzNBB62zSmn8TD/TTWeee/9OTUv/kUcp7PZOyvUk5T0HfZNp2e',NULL,NULL,NULL,'ilKblV5WFK','2025-10-19 11:49:16','2025-10-19 11:49:16','Đan','Lò','0168-634-2647',1,NULL,NULL),(55,'ldong','tieu.thac@example.net','2025-10-19 11:49:16','$2y$12$AWZQzNBB62zSmn8TD/TTWeee/9OTUv/kUcp7PZOyvUk5T0HfZNp2e',NULL,NULL,NULL,'NeLGtnIBke','2025-10-19 11:49:16','2025-10-19 11:49:16','Triệu','Phùng','(84)(241)572-7814',1,NULL,NULL),(56,'qgiap','dang.di@example.org','2025-10-19 11:49:16','$2y$12$AWZQzNBB62zSmn8TD/TTWeee/9OTUv/kUcp7PZOyvUk5T0HfZNp2e',NULL,NULL,NULL,'2qC9YiZofB','2025-10-19 11:49:16','2025-10-19 11:49:16','Trinh','Đồng','84-52-830-0707',1,NULL,NULL),(57,'phung.bo','thanh45@example.org','2025-10-19 11:49:16','$2y$12$AWZQzNBB62zSmn8TD/TTWeee/9OTUv/kUcp7PZOyvUk5T0HfZNp2e',NULL,NULL,NULL,'wYvF3Pm8tU','2025-10-19 11:49:16','2025-10-19 11:49:16','Tiên','Đàm','84-57-811-4928',1,NULL,NULL),(58,'t78','vi.hung@example.net','2025-10-19 11:49:16','$2y$12$AWZQzNBB62zSmn8TD/TTWeee/9OTUv/kUcp7PZOyvUk5T0HfZNp2e',NULL,NULL,NULL,'Q6lSMsWHIb','2025-10-19 11:49:16','2025-10-19 11:49:16','Du','Cấn','(84)(241)133-7232',1,NULL,NULL),(59,'trac.tho','an94@example.org','2025-10-19 11:49:16','$2y$12$AWZQzNBB62zSmn8TD/TTWeee/9OTUv/kUcp7PZOyvUk5T0HfZNp2e',NULL,NULL,NULL,'aujTcLi0jT','2025-10-19 11:49:16','2025-10-19 11:49:16','Thực','Nhậm','0281 755 5487',1,NULL,NULL),(60,'dau.thac','giang96@example.org','2025-10-19 11:49:16','$2y$12$AWZQzNBB62zSmn8TD/TTWeee/9OTUv/kUcp7PZOyvUk5T0HfZNp2e',NULL,NULL,NULL,'WZ3zpFbsoE','2025-10-19 11:49:16','2025-10-19 11:49:16','Thúc','Võ','(0650)054-9884',1,NULL,NULL),(61,'xcat','eung@example.com','2025-10-19 11:49:16','$2y$12$AWZQzNBB62zSmn8TD/TTWeee/9OTUv/kUcp7PZOyvUk5T0HfZNp2e',NULL,NULL,NULL,'qBFUxKI4po','2025-10-19 11:49:16','2025-10-19 11:49:16','Quyết','Viên','054-096-8582',1,NULL,NULL),(62,'sam.luu','huong.chuong@example.net','2025-10-19 11:49:16','$2y$12$AWZQzNBB62zSmn8TD/TTWeee/9OTUv/kUcp7PZOyvUk5T0HfZNp2e',NULL,NULL,NULL,'P18KMffj0Q','2025-10-19 11:49:16','2025-10-19 11:49:16','Hạnh','Đồng','84-39-598-3091',1,NULL,NULL),(63,'obi','vngo@example.org','2025-10-19 11:49:16','$2y$12$AWZQzNBB62zSmn8TD/TTWeee/9OTUv/kUcp7PZOyvUk5T0HfZNp2e',NULL,NULL,NULL,'Mam6DUSV4s','2025-10-19 11:49:16','2025-10-19 11:49:16','Hiền','Khoa','84-351-237-1004',1,NULL,NULL),(64,'tuyen54','yto@example.com','2025-10-19 11:49:16','$2y$12$AWZQzNBB62zSmn8TD/TTWeee/9OTUv/kUcp7PZOyvUk5T0HfZNp2e',NULL,NULL,NULL,'GLVyQyWglx','2025-10-19 11:49:16','2025-10-19 11:49:16','Sáng','Diêm','036-958-6530',1,NULL,NULL),(65,'thinh.nh','duy65@example.com','2025-10-19 11:49:16','$2y$12$AWZQzNBB62zSmn8TD/TTWeee/9OTUv/kUcp7PZOyvUk5T0HfZNp2e',NULL,NULL,NULL,'Apspb7Lwam','2025-10-19 11:49:16','2025-10-19 11:49:16','Tuấn','Khưu','038-349-5113',1,NULL,NULL),(66,'pdao','san.da@example.com','2025-10-19 11:49:16','$2y$12$AWZQzNBB62zSmn8TD/TTWeee/9OTUv/kUcp7PZOyvUk5T0HfZNp2e',NULL,NULL,NULL,'qQAE91WPYr','2025-10-19 11:49:16','2025-10-19 11:49:16','Võ','Cung','0320-610-4807',1,NULL,NULL),(67,'cam.sinh','an67@example.com','2025-10-19 11:49:16','$2y$12$AWZQzNBB62zSmn8TD/TTWeee/9OTUv/kUcp7PZOyvUk5T0HfZNp2e',NULL,NULL,NULL,'ISQtIagxQ2','2025-10-19 11:49:16','2025-10-19 11:49:16','Trung','Chử','(0211) 066 0293',1,NULL,NULL),(68,'sdng','mach.thung@example.org','2025-10-19 11:49:16','$2y$12$AWZQzNBB62zSmn8TD/TTWeee/9OTUv/kUcp7PZOyvUk5T0HfZNp2e',NULL,NULL,NULL,'PiA2U29Qme','2025-10-19 11:49:16','2025-10-19 11:49:16','Trân','Cát','(84)(95)534-8905',1,NULL,NULL),(69,'ca.tn','tra.phi@example.org','2025-10-19 11:49:16','$2y$12$AWZQzNBB62zSmn8TD/TTWeee/9OTUv/kUcp7PZOyvUk5T0HfZNp2e',NULL,NULL,NULL,'cWB05hzGFX','2025-10-19 11:49:16','2025-10-19 11:49:16','Hoa','Bàng','+84-75-299-6018',1,NULL,NULL),(70,'ngan60','hin.khuu@example.net','2025-10-19 11:49:16','$2y$12$AWZQzNBB62zSmn8TD/TTWeee/9OTUv/kUcp7PZOyvUk5T0HfZNp2e',NULL,NULL,NULL,'xvV3ry63a3','2025-10-19 11:49:16','2025-10-19 11:49:16','Xuyến','Phạm','(84)(280)796-0242',1,NULL,NULL),(71,'kchung','chuong61@example.org','2025-10-19 11:49:16','$2y$12$AWZQzNBB62zSmn8TD/TTWeee/9OTUv/kUcp7PZOyvUk5T0HfZNp2e',NULL,NULL,NULL,'emnNl9lnxE','2025-10-19 11:49:16','2025-10-19 11:49:16','Nghiệp','Đào','0124-404-5194',1,NULL,NULL),(72,'yen.hy','c.vo@example.com','2025-10-19 11:49:16','$2y$12$AWZQzNBB62zSmn8TD/TTWeee/9OTUv/kUcp7PZOyvUk5T0HfZNp2e',NULL,NULL,NULL,'Fn9lppusid','2025-10-19 11:49:16','2025-10-19 11:49:16','Tiên','Tăng','(0320) 140 9760',1,NULL,NULL),(73,'tra.li','hiep97@example.org','2025-10-19 11:49:16','$2y$12$AWZQzNBB62zSmn8TD/TTWeee/9OTUv/kUcp7PZOyvUk5T0HfZNp2e',NULL,NULL,NULL,'pYwhkPv6dO','2025-10-19 11:49:16','2025-10-19 11:49:16','Trác','Lương','0350-253-7542',1,NULL,NULL),(74,'thuong.tong','nghia89@example.com','2025-10-19 11:49:16','$2y$12$AWZQzNBB62zSmn8TD/TTWeee/9OTUv/kUcp7PZOyvUk5T0HfZNp2e',NULL,NULL,NULL,'VrYHzxdw29','2025-10-19 11:49:16','2025-10-19 11:49:16','Phương','Nghị','026-953-2962',1,NULL,NULL),(75,'khau.chau','dphi@example.com','2025-10-19 11:49:16','$2y$12$AWZQzNBB62zSmn8TD/TTWeee/9OTUv/kUcp7PZOyvUk5T0HfZNp2e',NULL,NULL,NULL,'gJlrJEZqdy','2025-10-19 11:49:16','2025-10-19 11:49:16','Ngạn','Viên','025 081 8934',1,NULL,NULL),(76,'lac.k','nthi@example.com','2025-10-19 11:49:16','$2y$12$AWZQzNBB62zSmn8TD/TTWeee/9OTUv/kUcp7PZOyvUk5T0HfZNp2e',NULL,NULL,NULL,'T40IybHpyO','2025-10-19 11:49:16','2025-10-19 11:49:16','Quế','Sử','020 016 3807',1,NULL,NULL),(77,'lan63','quy.nh@example.org','2025-10-19 11:49:16','$2y$12$AWZQzNBB62zSmn8TD/TTWeee/9OTUv/kUcp7PZOyvUk5T0HfZNp2e',NULL,NULL,NULL,'Vh1daVUPn5','2025-10-19 11:49:16','2025-10-19 11:49:16','Thi','Yên','(0123)871-9843',1,NULL,NULL),(78,'rbe','vu.hong@example.net','2025-10-19 11:49:16','$2y$12$AWZQzNBB62zSmn8TD/TTWeee/9OTUv/kUcp7PZOyvUk5T0HfZNp2e',NULL,NULL,NULL,'IjB5pRMQOl','2025-10-19 11:49:16','2025-10-19 11:49:16','Lân','Phương','0219-077-6761',1,NULL,NULL),(79,'phuc98','omang@example.net','2025-10-19 11:49:16','$2y$12$AWZQzNBB62zSmn8TD/TTWeee/9OTUv/kUcp7PZOyvUk5T0HfZNp2e',NULL,NULL,NULL,'zCdzzZbyvb','2025-10-19 11:49:16','2025-10-19 11:49:16','Điệp','Sơn','84-96-833-4418',1,NULL,NULL),(80,'pty','zto@example.org','2025-10-19 11:49:16','$2y$12$AWZQzNBB62zSmn8TD/TTWeee/9OTUv/kUcp7PZOyvUk5T0HfZNp2e',NULL,NULL,NULL,'dM4hjfHD5P','2025-10-19 11:49:16','2025-10-19 11:49:16','Thái','Quách','059-771-6223',1,NULL,NULL),(81,'tu.thy','dha@example.org','2025-10-19 11:49:16','$2y$12$AWZQzNBB62zSmn8TD/TTWeee/9OTUv/kUcp7PZOyvUk5T0HfZNp2e',NULL,NULL,NULL,'MnBTtoCnrm','2025-10-19 11:49:16','2025-10-19 11:49:16','Ngôn','Mẫn','(057) 107 1011',1,NULL,NULL),(82,'hoa.bach','luong81@example.com','2025-10-19 11:49:16','$2y$12$AWZQzNBB62zSmn8TD/TTWeee/9OTUv/kUcp7PZOyvUk5T0HfZNp2e',NULL,NULL,NULL,'oUSVNdODFM','2025-10-19 11:49:16','2025-10-19 11:49:16','Kiếm','Giao','(062) 057 3952',1,NULL,NULL),(83,'fu','ho.lac@example.org','2025-10-19 11:49:16','$2y$12$AWZQzNBB62zSmn8TD/TTWeee/9OTUv/kUcp7PZOyvUk5T0HfZNp2e',NULL,NULL,NULL,'n59BecrlLR','2025-10-19 11:49:16','2025-10-19 11:49:16','Diệu','Lô','(84)(511)313-8318',1,NULL,NULL),(84,'athao','ikhuu@example.org','2025-10-19 11:49:16','$2y$12$AWZQzNBB62zSmn8TD/TTWeee/9OTUv/kUcp7PZOyvUk5T0HfZNp2e',NULL,NULL,NULL,'vusEQpMr2A','2025-10-19 11:49:16','2025-10-19 11:49:16','Vi','Phạm','84-651-017-6493',1,NULL,NULL),(85,'luan.trang','wong@example.org','2025-10-19 11:49:16','$2y$12$AWZQzNBB62zSmn8TD/TTWeee/9OTUv/kUcp7PZOyvUk5T0HfZNp2e',NULL,NULL,NULL,'hHj9LWe9hR','2025-10-19 11:49:16','2025-10-19 11:49:16','Tâm','Trang','0162-419-4191',1,NULL,NULL),(86,'tue55','qkhau@example.net','2025-10-19 11:49:16','$2y$12$AWZQzNBB62zSmn8TD/TTWeee/9OTUv/kUcp7PZOyvUk5T0HfZNp2e',NULL,NULL,NULL,'z3cTFTxhme','2025-10-19 11:49:16','2025-10-19 11:49:16','Sang','Ánh','(84)(4)8847-7644',1,NULL,NULL),(87,'lac.ngan','sty@example.net','2025-10-19 11:49:16','$2y$12$AWZQzNBB62zSmn8TD/TTWeee/9OTUv/kUcp7PZOyvUk5T0HfZNp2e',NULL,NULL,NULL,'cLJkGqWdAP','2025-10-19 11:49:16','2025-10-19 11:49:16','Băng','Giang','(020) 556 9443',1,NULL,NULL),(88,'duong.trang','ty90@example.net','2025-10-19 11:49:16','$2y$12$AWZQzNBB62zSmn8TD/TTWeee/9OTUv/kUcp7PZOyvUk5T0HfZNp2e',NULL,NULL,NULL,'JnDE3WqqTm','2025-10-19 11:49:16','2025-10-19 11:49:16','Diệp','Ung','0166 940 5425',1,NULL,NULL),(89,'dai.giang','mvu@example.org','2025-10-19 11:49:16','$2y$12$AWZQzNBB62zSmn8TD/TTWeee/9OTUv/kUcp7PZOyvUk5T0HfZNp2e',NULL,NULL,NULL,'Z2VvBcPJrK','2025-10-19 11:49:16','2025-10-19 11:49:16','Vỹ','Nghị','(84)(29)790-2461',1,NULL,NULL),(90,'cao.khai','hanh.vo@example.org','2025-10-19 11:49:16','$2y$12$AWZQzNBB62zSmn8TD/TTWeee/9OTUv/kUcp7PZOyvUk5T0HfZNp2e',NULL,NULL,NULL,'EdeFrO5mmB','2025-10-19 11:49:16','2025-10-19 11:49:16','Cảnh','Võ','(84)(77)174-9057',1,NULL,NULL),(91,'chu.minh','trang.tuyen@example.org','2025-10-19 11:49:16','$2y$12$AWZQzNBB62zSmn8TD/TTWeee/9OTUv/kUcp7PZOyvUk5T0HfZNp2e',NULL,NULL,NULL,'Yrmwgqld4K','2025-10-19 11:49:16','2025-10-19 11:49:16','Thùy','Chử','(0781)243-1373',1,NULL,NULL),(92,'dan.dinh','hue.nham@example.net','2025-10-19 11:49:16','$2y$12$AWZQzNBB62zSmn8TD/TTWeee/9OTUv/kUcp7PZOyvUk5T0HfZNp2e',NULL,NULL,NULL,'Zo9LTbtfbl','2025-10-19 11:49:16','2025-10-19 11:49:16','Hoài','Khoa','(038) 701 4875',1,NULL,NULL),(93,'kieu.lan','xkhuc@example.org','2025-10-19 11:49:16','$2y$12$AWZQzNBB62zSmn8TD/TTWeee/9OTUv/kUcp7PZOyvUk5T0HfZNp2e',NULL,NULL,NULL,'Ko0yVbQjir','2025-10-19 11:49:16','2025-10-19 11:49:16','Cường','Đái','+84-96-600-4121',1,NULL,NULL),(94,'khanh.an','ptong@example.net','2025-10-19 11:49:16','$2y$12$AWZQzNBB62zSmn8TD/TTWeee/9OTUv/kUcp7PZOyvUk5T0HfZNp2e',NULL,NULL,NULL,'Ekto31Bh1B','2025-10-19 11:49:16','2025-10-19 11:49:16','Hải','Bì','(84)(320)824-9767',1,NULL,NULL),(95,'thoi.yen','linh.cao@example.net','2025-10-19 11:49:16','$2y$12$AWZQzNBB62zSmn8TD/TTWeee/9OTUv/kUcp7PZOyvUk5T0HfZNp2e',NULL,NULL,NULL,'UHzTgG3Fdj','2025-10-19 11:49:16','2025-10-19 11:49:16','Ca','Cự','+84-54-083-9511',1,NULL,NULL),(96,'dang.kha','dl@example.org','2025-10-19 11:49:16','$2y$12$AWZQzNBB62zSmn8TD/TTWeee/9OTUv/kUcp7PZOyvUk5T0HfZNp2e',NULL,NULL,NULL,'Bv3R6Wcmqh','2025-10-19 11:49:16','2025-10-19 11:49:16','Tâm','Lương','0281-747-3011',1,NULL,NULL),(97,'phuc.yen','qbao@example.com','2025-10-19 11:49:16','$2y$12$AWZQzNBB62zSmn8TD/TTWeee/9OTUv/kUcp7PZOyvUk5T0HfZNp2e',NULL,NULL,NULL,'lq1S2aEpgb','2025-10-19 11:49:16','2025-10-19 11:49:16','Loan','La','031 060 1971',1,NULL,NULL),(98,'xchuong','bang.ngo@example.com','2025-10-19 11:49:16','$2y$12$AWZQzNBB62zSmn8TD/TTWeee/9OTUv/kUcp7PZOyvUk5T0HfZNp2e',NULL,NULL,NULL,'FfgxDnFLr8','2025-10-19 11:49:16','2025-10-19 11:49:16','Thêu','Chung','+84-510-187-4526',1,NULL,NULL),(99,'ngan96','bpho@example.org','2025-10-19 11:49:16','$2y$12$AWZQzNBB62zSmn8TD/TTWeee/9OTUv/kUcp7PZOyvUk5T0HfZNp2e',NULL,NULL,NULL,'GoH0OH386O','2025-10-19 11:49:16','2025-10-19 11:49:16','Cương','Trần','0320-092-0515',1,NULL,NULL),(100,'tng.hoa','v.thao@example.com','2025-10-19 11:49:16','$2y$12$AWZQzNBB62zSmn8TD/TTWeee/9OTUv/kUcp7PZOyvUk5T0HfZNp2e',NULL,NULL,NULL,'TblzWhhA7d','2025-10-19 11:49:16','2025-10-19 11:49:16','My','Thịnh','(031) 699 8163',1,NULL,NULL),(101,'dieu44','tuyen.leu@example.com','2025-10-19 11:49:16','$2y$12$AWZQzNBB62zSmn8TD/TTWeee/9OTUv/kUcp7PZOyvUk5T0HfZNp2e',NULL,NULL,NULL,'FSkiKfF27T','2025-10-19 11:49:16','2025-10-19 11:49:16','Tuyền','Hy','060 866 1718',1,NULL,NULL),(102,'than.thu','ydong@example.com','2025-10-19 11:49:16','$2y$12$AWZQzNBB62zSmn8TD/TTWeee/9OTUv/kUcp7PZOyvUk5T0HfZNp2e',NULL,NULL,NULL,'NKQzPUQw6W','2025-10-19 11:49:16','2025-10-19 11:49:16','Khôi','Phi','(038)954-5836',1,NULL,NULL),(103,'ngan68','hung83@example.org','2025-10-19 11:49:16','$2y$12$AWZQzNBB62zSmn8TD/TTWeee/9OTUv/kUcp7PZOyvUk5T0HfZNp2e',NULL,NULL,NULL,'ztMbChWxsJ','2025-10-19 11:49:16','2025-10-19 11:49:16','Ân','Giáp','+84-126-815-4189',1,NULL,NULL),(104,'bnghiem','mlc@example.com','2025-10-19 11:49:16','$2y$12$AWZQzNBB62zSmn8TD/TTWeee/9OTUv/kUcp7PZOyvUk5T0HfZNp2e',NULL,NULL,NULL,'DeLtwSXZ7S','2025-10-19 11:49:16','2025-10-19 11:49:16','Quân','Hồ','(0127)475-6486',1,NULL,NULL),(105,'hun70','thung17@example.net','2025-10-19 11:49:16','$2y$12$AWZQzNBB62zSmn8TD/TTWeee/9OTUv/kUcp7PZOyvUk5T0HfZNp2e',NULL,NULL,NULL,'K3gSVHVEtK','2025-10-19 11:49:16','2025-10-19 11:49:16','Luật','Nhiệm','(0165)433-6975',1,NULL,NULL),(106,'skhuong','hoa.dau@example.org','2025-10-19 11:49:16','$2y$12$AWZQzNBB62zSmn8TD/TTWeee/9OTUv/kUcp7PZOyvUk5T0HfZNp2e',NULL,NULL,NULL,'N4kGOhi8gB','2025-10-19 11:49:16','2025-10-19 11:49:16','Quốc','Mã','+84-27-184-0424',1,NULL,NULL),(107,'hieu.nham','hoang.nham@example.net','2025-10-19 11:49:16','$2y$12$AWZQzNBB62zSmn8TD/TTWeee/9OTUv/kUcp7PZOyvUk5T0HfZNp2e',NULL,NULL,NULL,'yEPjCFyrPm','2025-10-19 11:49:16','2025-10-19 11:49:16','Tuyền','Mạch','(84)(124)094-2622',1,NULL,NULL),(108,'zho','ingy@example.net','2025-10-19 11:49:16','$2y$12$AWZQzNBB62zSmn8TD/TTWeee/9OTUv/kUcp7PZOyvUk5T0HfZNp2e',NULL,NULL,NULL,'5nVGZKkusM','2025-10-19 11:49:16','2025-10-19 11:49:16','Bổng','Phi','072 462 5933',1,NULL,NULL),(109,'ly.tram','ehinh@example.net','2025-10-19 11:49:16','$2y$12$AWZQzNBB62zSmn8TD/TTWeee/9OTUv/kUcp7PZOyvUk5T0HfZNp2e',NULL,NULL,NULL,'oujfye30Z7','2025-10-19 11:49:16','2025-10-19 11:49:16','Chung','Hoa','+84-91-649-8342',1,NULL,NULL),(110,'binh.long','cgiang@example.net','2025-10-19 11:49:16','$2y$12$AWZQzNBB62zSmn8TD/TTWeee/9OTUv/kUcp7PZOyvUk5T0HfZNp2e',NULL,NULL,NULL,'D1FmaTR1op','2025-10-19 11:49:16','2025-10-19 11:49:16','Nguyệt','Bàng','(0231) 867 3709',1,NULL,NULL),(111,'ly.quang','zcam@example.com','2025-10-19 11:49:16','$2y$12$AWZQzNBB62zSmn8TD/TTWeee/9OTUv/kUcp7PZOyvUk5T0HfZNp2e',NULL,NULL,NULL,'ZUpmzi20S2','2025-10-19 11:49:16','2025-10-19 11:49:16','Tuyền','Khâu','(0129)384-9807',1,NULL,NULL),(112,'trung.vo','idu@example.net','2025-10-19 11:49:16','$2y$12$AWZQzNBB62zSmn8TD/TTWeee/9OTUv/kUcp7PZOyvUk5T0HfZNp2e',NULL,NULL,NULL,'TgMwwge9wL','2025-10-19 11:49:16','2025-10-19 11:49:16','Cầm','Đoàn','(055) 921 9660',1,NULL,NULL),(113,'theu38','bu.thoa@example.net','2025-10-19 11:49:16','$2y$12$AWZQzNBB62zSmn8TD/TTWeee/9OTUv/kUcp7PZOyvUk5T0HfZNp2e',NULL,NULL,NULL,'WsvjpWZMoS','2025-10-19 11:49:16','2025-10-19 11:49:16','Thắng','Lỳ','026 834 7482',1,NULL,NULL),(114,'luan.lo','chinh95@example.com','2025-10-19 11:49:16','$2y$12$AWZQzNBB62zSmn8TD/TTWeee/9OTUv/kUcp7PZOyvUk5T0HfZNp2e',NULL,NULL,NULL,'q7Tblap4Wt','2025-10-19 11:49:16','2025-10-19 11:49:16','Đại','Phùng','+84-77-028-5624',1,NULL,NULL),(115,'trac28','kinh65@example.org','2025-10-19 11:49:16','$2y$12$AWZQzNBB62zSmn8TD/TTWeee/9OTUv/kUcp7PZOyvUk5T0HfZNp2e',NULL,NULL,NULL,'QTuRUXrnRR','2025-10-19 11:49:16','2025-10-19 11:49:16','Khương','Phạm','84-96-826-2360',1,NULL,NULL),(116,'bbang','nleu@example.com','2025-10-19 11:49:16','$2y$12$AWZQzNBB62zSmn8TD/TTWeee/9OTUv/kUcp7PZOyvUk5T0HfZNp2e',NULL,NULL,NULL,'ggLusxFKym','2025-10-19 11:49:16','2025-10-19 11:49:16','Thuận','Đinh','0122-794-0445',1,NULL,NULL),(117,'hp65','wkieu@example.org','2025-10-19 11:49:16','$2y$12$AWZQzNBB62zSmn8TD/TTWeee/9OTUv/kUcp7PZOyvUk5T0HfZNp2e',NULL,NULL,NULL,'LEPks1i6xR','2025-10-19 11:49:16','2025-10-19 11:49:16','Trưởng','Ngân','84-92-423-6544',1,NULL,NULL),(118,'dieu83','ythao@example.net','2025-10-19 11:49:16','$2y$12$AWZQzNBB62zSmn8TD/TTWeee/9OTUv/kUcp7PZOyvUk5T0HfZNp2e',NULL,NULL,NULL,'YOKUw6ioMa','2025-10-19 11:49:16','2025-10-19 11:49:16','Lộc','Giả','(84)(500)153-2612',1,NULL,NULL),(119,'gvu','son.hunh@example.net','2025-10-19 11:49:16','$2y$12$AWZQzNBB62zSmn8TD/TTWeee/9OTUv/kUcp7PZOyvUk5T0HfZNp2e',NULL,NULL,NULL,'rRsak9Z0Qx','2025-10-19 11:49:16','2025-10-19 11:49:16','Thúc','Đường','(84)(165)471-3431',1,NULL,NULL),(120,'th20','tao.uyn@example.net','2025-10-19 11:49:16','$2y$12$AWZQzNBB62zSmn8TD/TTWeee/9OTUv/kUcp7PZOyvUk5T0HfZNp2e',NULL,NULL,NULL,'UqGLIzxMAM','2025-10-19 11:49:16','2025-10-19 11:49:16','Hảo','Bàng','84-92-844-4157',1,NULL,NULL),(121,'wto','nhuan.ly@example.org','2025-10-19 11:49:16','$2y$12$AWZQzNBB62zSmn8TD/TTWeee/9OTUv/kUcp7PZOyvUk5T0HfZNp2e',NULL,NULL,NULL,'m5pXfUMPfr','2025-10-19 11:49:16','2025-10-19 11:49:16','Vi','Doãn','(84)(39)087-1150',1,NULL,NULL),(122,'kim.linh','atrieu@example.org','2025-10-19 11:49:16','$2y$12$AWZQzNBB62zSmn8TD/TTWeee/9OTUv/kUcp7PZOyvUk5T0HfZNp2e',NULL,NULL,NULL,'HjnPOlIYMm','2025-10-19 11:49:16','2025-10-19 11:49:16','Cương','Bá','0210-524-5062',1,NULL,NULL),(123,'m.ngy','dau@example.net','2025-10-19 11:49:16','$2y$12$AWZQzNBB62zSmn8TD/TTWeee/9OTUv/kUcp7PZOyvUk5T0HfZNp2e',NULL,NULL,NULL,'VI9CQVpvaQ','2025-10-19 11:49:16','2025-10-19 11:49:16','Quý','Hồng','090 019 8872',1,NULL,NULL),(124,'anh.cam','hoa00@example.org','2025-10-19 11:49:16','$2y$12$AWZQzNBB62zSmn8TD/TTWeee/9OTUv/kUcp7PZOyvUk5T0HfZNp2e',NULL,NULL,NULL,'RuSasQeDeY','2025-10-19 11:49:16','2025-10-19 11:49:16','Hỷ','Lý','84-510-598-0280',1,NULL,NULL),(125,'ninh.n','quan.cn@example.org','2025-10-19 11:49:16','$2y$12$AWZQzNBB62zSmn8TD/TTWeee/9OTUv/kUcp7PZOyvUk5T0HfZNp2e',NULL,NULL,NULL,'8kCyU6pwum','2025-10-19 11:49:16','2025-10-19 11:49:16','Tú','Dư','(0710)877-4268',1,NULL,NULL),(126,'nuong.trang','nuong25@example.com','2025-10-19 11:49:16','$2y$12$AWZQzNBB62zSmn8TD/TTWeee/9OTUv/kUcp7PZOyvUk5T0HfZNp2e',NULL,NULL,NULL,'3RQCa50Pgx','2025-10-19 11:49:16','2025-10-19 11:49:16','Phúc','Vương','+84-63-002-0176',1,NULL,NULL),(127,'nga52','quyet27@example.net','2025-10-19 11:49:16','$2y$12$AWZQzNBB62zSmn8TD/TTWeee/9OTUv/kUcp7PZOyvUk5T0HfZNp2e',NULL,NULL,NULL,'9qM7tIAvSY','2025-10-19 11:49:16','2025-10-19 11:49:16','Xuân','Chung','(099) 100 6997',1,NULL,NULL),(128,'onghi','pham.hieu@example.net','2025-10-19 11:49:16','$2y$12$AWZQzNBB62zSmn8TD/TTWeee/9OTUv/kUcp7PZOyvUk5T0HfZNp2e',NULL,NULL,NULL,'7tTgqzp44E','2025-10-19 11:49:16','2025-10-19 11:49:16','Khê','Lương','+84-67-345-3904',1,NULL,NULL),(129,'giap.thao','duong.phuong@example.net','2025-10-19 11:49:16','$2y$12$AWZQzNBB62zSmn8TD/TTWeee/9OTUv/kUcp7PZOyvUk5T0HfZNp2e',NULL,NULL,NULL,'0Mi0xSW16d','2025-10-19 11:49:16','2025-10-19 11:49:16','Lam','Đôn','066-725-7337',1,NULL,NULL),(130,'long.vo','diem.an@example.com','2025-10-19 11:49:16','$2y$12$AWZQzNBB62zSmn8TD/TTWeee/9OTUv/kUcp7PZOyvUk5T0HfZNp2e',NULL,NULL,NULL,'MbLskyx6v5','2025-10-19 11:49:16','2025-10-19 11:49:16','Ly','Mai','(84)(351)678-5367',1,NULL,NULL),(131,'tuyet06','dng29@example.org','2025-10-19 11:49:16','$2y$12$AWZQzNBB62zSmn8TD/TTWeee/9OTUv/kUcp7PZOyvUk5T0HfZNp2e',NULL,NULL,NULL,'SLrX226rIu','2025-10-19 11:49:16','2025-10-19 11:49:16','Tuyền','Trương','+84-8-5919-7763',0,NULL,NULL);
/*!40000 ALTER TABLE `users` ENABLE KEYS */;
UNLOCK TABLES;

--
-- Table structure for table `wishlist_items`
--

DROP TABLE IF EXISTS `wishlist_items`;
/*!40101 SET @saved_cs_client     = @@character_set_client */;
/*!50503 SET character_set_client = utf8mb4 */;
CREATE TABLE `wishlist_items` (
  `id` bigint(20) unsigned NOT NULL AUTO_INCREMENT,
  `wishlist_id` bigint(20) unsigned NOT NULL,
  `product_id` bigint(20) unsigned NOT NULL,
  `product_variant` longtext CHARACTER SET utf8mb4 COLLATE utf8mb4_bin DEFAULT NULL CHECK (json_valid(`product_variant`)),
  `price_when_added` decimal(10,2) DEFAULT NULL,
  `note` text DEFAULT NULL,
  `priority` int(10) unsigned NOT NULL DEFAULT 0,
  `notify_price_drop` tinyint(1) NOT NULL DEFAULT 0,
  `notify_back_in_stock` tinyint(1) NOT NULL DEFAULT 0,
  `notified_at` timestamp NULL DEFAULT NULL,
  `created_at` timestamp NULL DEFAULT NULL,
  `updated_at` timestamp NULL DEFAULT NULL,
  PRIMARY KEY (`id`),
  UNIQUE KEY `wishlist_items_wishlist_id_product_id_unique` (`wishlist_id`,`product_id`),
  KEY `wishlist_items_wishlist_id_priority_index` (`wishlist_id`,`priority`),
  KEY `wishlist_items_product_id_created_at_index` (`product_id`,`created_at`),
  KEY `wishlist_items_notify_price_drop_notify_back_in_stock_index` (`notify_price_drop`,`notify_back_in_stock`),
  CONSTRAINT `wishlist_items_product_id_foreign` FOREIGN KEY (`product_id`) REFERENCES `products` (`product_id`) ON DELETE CASCADE,
  CONSTRAINT `wishlist_items_wishlist_id_foreign` FOREIGN KEY (`wishlist_id`) REFERENCES `wishlists` (`id`) ON DELETE CASCADE
) ENGINE=InnoDB DEFAULT CHARSET=utf8mb4 COLLATE=utf8mb4_unicode_ci;
/*!40101 SET character_set_client = @saved_cs_client */;

--
-- Dumping data for table `wishlist_items`
--

LOCK TABLES `wishlist_items` WRITE;
/*!40000 ALTER TABLE `wishlist_items` DISABLE KEYS */;
/*!40000 ALTER TABLE `wishlist_items` ENABLE KEYS */;
UNLOCK TABLES;

--
-- Table structure for table `wishlists`
--

DROP TABLE IF EXISTS `wishlists`;
/*!40101 SET @saved_cs_client     = @@character_set_client */;
/*!50503 SET character_set_client = utf8mb4 */;
CREATE TABLE `wishlists` (
  `id` bigint(20) unsigned NOT NULL AUTO_INCREMENT,
  `user_id` bigint(20) unsigned NOT NULL,
  `name` varchar(100) NOT NULL DEFAULT 'My Wishlist',
  `description` text DEFAULT NULL,
  `privacy` enum('private','public','shared') NOT NULL DEFAULT 'private',
  `is_default` tinyint(1) NOT NULL DEFAULT 0,
  `items_count` int(10) unsigned NOT NULL DEFAULT 0,
  `created_at` timestamp NULL DEFAULT NULL,
  `updated_at` timestamp NULL DEFAULT NULL,
  PRIMARY KEY (`id`),
  KEY `wishlists_user_id_is_default_index` (`user_id`,`is_default`),
  KEY `wishlists_privacy_created_at_index` (`privacy`,`created_at`),
  CONSTRAINT `wishlists_user_id_foreign` FOREIGN KEY (`user_id`) REFERENCES `users` (`id`) ON DELETE CASCADE
) ENGINE=InnoDB DEFAULT CHARSET=utf8mb4 COLLATE=utf8mb4_unicode_ci;
/*!40101 SET character_set_client = @saved_cs_client */;

--
-- Dumping data for table `wishlists`
--

LOCK TABLES `wishlists` WRITE;
/*!40000 ALTER TABLE `wishlists` DISABLE KEYS */;
/*!40000 ALTER TABLE `wishlists` ENABLE KEYS */;
UNLOCK TABLES;

--
-- Dumping events for database 'shop_nest_db'
--

--
-- Dumping routines for database 'shop_nest_db'
--
/*!40103 SET TIME_ZONE=@OLD_TIME_ZONE */;

/*!40101 SET SQL_MODE=@OLD_SQL_MODE */;
/*!40014 SET FOREIGN_KEY_CHECKS=@OLD_FOREIGN_KEY_CHECKS */;
/*!40014 SET UNIQUE_CHECKS=@OLD_UNIQUE_CHECKS */;
/*!40101 SET CHARACTER_SET_CLIENT=@OLD_CHARACTER_SET_CLIENT */;
/*!40101 SET CHARACTER_SET_RESULTS=@OLD_CHARACTER_SET_RESULTS */;
/*!40101 SET COLLATION_CONNECTION=@OLD_COLLATION_CONNECTION */;
/*!40111 SET SQL_NOTES=@OLD_SQL_NOTES */;

-- Dump completed on 2025-10-20  1:50:50
