CREATE DATABASE  IF NOT EXISTS `shop_nest_db` /*!40100 DEFAULT CHARACTER SET utf8mb4 COLLATE utf8mb4_general_ci */;
USE `shop_nest_db`;
-- MySQL dump 10.13  Distrib 8.0.41, for Win64 (x86_64)
--
-- Host: localhost    Database: shop_nest_db
-- ------------------------------------------------------
-- Server version	5.5.5-10.4.32-MariaDB

/*!40101 SET @OLD_CHARACTER_SET_CLIENT=@@CHARACTER_SET_CLIENT */;
/*!40101 SET @OLD_CHARACTER_SET_RESULTS=@@CHARACTER_SET_RESULTS */;
/*!40101 SET @OLD_COLLATION_CONNECTION=@@COLLATION_CONNECTION */;
/*!50503 SET NAMES utf8 */;
/*!40103 SET @OLD_TIME_ZONE=@@TIME_ZONE */;
/*!40103 SET TIME_ZONE='+00:00' */;
/*!40014 SET @OLD_UNIQUE_CHECKS=@@UNIQUE_CHECKS, UNIQUE_CHECKS=0 */;
/*!40014 SET @OLD_FOREIGN_KEY_CHECKS=@@FOREIGN_KEY_CHECKS, FOREIGN_KEY_CHECKS=0 */;
/*!40101 SET @OLD_SQL_MODE=@@SQL_MODE, SQL_MODE='NO_AUTO_VALUE_ON_ZERO' */;
/*!40111 SET @OLD_SQL_NOTES=@@SQL_NOTES, SQL_NOTES=0 */;

--
-- Table structure for table `administrative_divisions`
--

DROP TABLE IF EXISTS `administrative_divisions`;
/*!40101 SET @saved_cs_client     = @@character_set_client */;
/*!50503 SET character_set_client = utf8mb4 */;
CREATE TABLE `administrative_divisions` (
  `id` bigint(20) unsigned NOT NULL AUTO_INCREMENT,
  `country_id` bigint(20) unsigned NOT NULL,
  `parent_id` bigint(20) unsigned DEFAULT NULL,
  `name` longtext CHARACTER SET utf8mb4 COLLATE utf8mb4_bin NOT NULL CHECK (json_valid(`name`)),
  `level` int(11) NOT NULL,
  `code` varchar(255) DEFAULT NULL,
  `created_at` timestamp NULL DEFAULT NULL,
  `updated_at` timestamp NULL DEFAULT NULL,
  PRIMARY KEY (`id`),
  KEY `administrative_divisions_country_id_foreign` (`country_id`),
  KEY `administrative_divisions_parent_id_foreign` (`parent_id`),
  CONSTRAINT `administrative_divisions_country_id_foreign` FOREIGN KEY (`country_id`) REFERENCES `countries` (`id`),
  CONSTRAINT `administrative_divisions_parent_id_foreign` FOREIGN KEY (`parent_id`) REFERENCES `administrative_divisions` (`id`)
) ENGINE=InnoDB DEFAULT CHARSET=utf8mb4 COLLATE=utf8mb4_unicode_ci;
/*!40101 SET character_set_client = @saved_cs_client */;

--
-- Dumping data for table `administrative_divisions`
--

LOCK TABLES `administrative_divisions` WRITE;
/*!40000 ALTER TABLE `administrative_divisions` DISABLE KEYS */;
/*!40000 ALTER TABLE `administrative_divisions` ENABLE KEYS */;
UNLOCK TABLES;

--
-- Table structure for table `analytics_reports`
--

DROP TABLE IF EXISTS `analytics_reports`;
/*!40101 SET @saved_cs_client     = @@character_set_client */;
/*!50503 SET character_set_client = utf8mb4 */;
CREATE TABLE `analytics_reports` (
  `id` bigint(20) unsigned NOT NULL AUTO_INCREMENT,
  `title` varchar(255) NOT NULL,
  `type` enum('revenue','orders','products','users','custom') NOT NULL,
  `period_type` enum('daily','weekly','monthly','yearly','custom') NOT NULL,
  `start_date` date NOT NULL,
  `end_date` date NOT NULL,
  `parameters` longtext CHARACTER SET utf8mb4 COLLATE utf8mb4_bin DEFAULT NULL CHECK (json_valid(`parameters`)),
  `result_data` longtext CHARACTER SET utf8mb4 COLLATE utf8mb4_bin DEFAULT NULL CHECK (json_valid(`result_data`)),
  `file_path` varchar(255) DEFAULT NULL,
  `status` enum('pending','completed','failed') NOT NULL DEFAULT 'pending',
  `created_by` bigint(20) unsigned NOT NULL,
  `created_at` timestamp NULL DEFAULT NULL,
  `updated_at` timestamp NULL DEFAULT NULL,
  PRIMARY KEY (`id`),
  KEY `analytics_reports_type_created_at_index` (`type`,`created_at`),
  KEY `analytics_reports_status_created_at_index` (`status`,`created_at`),
  KEY `analytics_reports_created_by_index` (`created_by`),
  CONSTRAINT `analytics_reports_created_by_foreign` FOREIGN KEY (`created_by`) REFERENCES `users` (`id`) ON DELETE CASCADE
) ENGINE=InnoDB DEFAULT CHARSET=utf8mb4 COLLATE=utf8mb4_unicode_ci;
/*!40101 SET character_set_client = @saved_cs_client */;

--
-- Dumping data for table `analytics_reports`
--

LOCK TABLES `analytics_reports` WRITE;
/*!40000 ALTER TABLE `analytics_reports` DISABLE KEYS */;
/*!40000 ALTER TABLE `analytics_reports` ENABLE KEYS */;
UNLOCK TABLES;

--
-- Table structure for table `attribute_value_product_variant`
--

DROP TABLE IF EXISTS `attribute_value_product_variant`;
/*!40101 SET @saved_cs_client     = @@character_set_client */;
/*!50503 SET character_set_client = utf8mb4 */;
CREATE TABLE `attribute_value_product_variant` (
  `product_variant_id` bigint(20) unsigned NOT NULL,
  `attribute_value_id` bigint(20) unsigned NOT NULL,
  PRIMARY KEY (`product_variant_id`,`attribute_value_id`),
  KEY `attribute_value_product_variant_attribute_value_id_foreign` (`attribute_value_id`),
  CONSTRAINT `attribute_value_product_variant_attribute_value_id_foreign` FOREIGN KEY (`attribute_value_id`) REFERENCES `attribute_values` (`attribute_value_id`) ON DELETE CASCADE,
  CONSTRAINT `attribute_value_product_variant_product_variant_id_foreign` FOREIGN KEY (`product_variant_id`) REFERENCES `product_variants` (`variant_id`) ON DELETE CASCADE
) ENGINE=InnoDB DEFAULT CHARSET=utf8mb4 COLLATE=utf8mb4_unicode_ci;
/*!40101 SET character_set_client = @saved_cs_client */;

--
-- Dumping data for table `attribute_value_product_variant`
--

LOCK TABLES `attribute_value_product_variant` WRITE;
/*!40000 ALTER TABLE `attribute_value_product_variant` DISABLE KEYS */;
INSERT INTO `attribute_value_product_variant` VALUES (1,7),(2,1),(3,2),(4,12),(5,11),(6,1),(7,10),(8,8),(9,2),(9,11),(10,3),(10,11),(11,4),(11,11),(12,7),(13,6),(14,1),(15,1),(15,13),(16,1),(16,10),(17,5),(17,13),(18,5),(18,10),(19,2),(19,13),(20,2),(20,10),(21,4),(22,1),(23,3),(24,13),(25,12),(26,5),(27,2),(28,7),(29,10),(30,13),(31,9),(32,6),(32,13),(33,5),(34,2),(35,4),(35,9),(36,4),(36,8),(37,7),(38,10),(39,12),(40,8),(41,6),(42,10),(43,4),(44,2),(45,4),(46,7),(47,3),(48,4),(49,1),(50,2),(51,5),(52,4),(53,6),(54,7),(55,5),(56,6),(57,11),(58,9),(59,8),(60,3),(61,5),(62,9),(63,5),(63,10),(64,10),(65,11),(66,7),(66,11),(67,7),(67,8),(68,3),(69,10),(70,11),(71,7),(71,12),(72,7),(72,13),(73,7),(73,8),(74,5),(74,12),(75,5),(75,13),(76,5),(76,8),(77,3),(78,6),(79,1),(80,3),(81,7),(82,10),(83,11),(84,3),(85,6),(85,12),(86,6),(86,13),(87,13),(88,9),(89,10),(90,9),(91,13),(92,13),(93,12),(94,11),(95,1),(96,7),(97,2),(98,5),(99,6),(100,2),(101,6),(102,4),(103,1),(103,10),(104,2),(104,10),(105,6),(106,3),(107,7),(108,1),(109,2),(110,5),(111,5),(112,2),(113,1),(114,12),(115,11),(116,9),(117,9),(118,12),(119,8),(120,1),(121,2),(122,6),(123,2),(124,5),(125,5),(126,2),(127,7),(128,1),(129,4),(130,13),(131,12),(132,8),(133,8),(134,5),(135,4),(136,1),(137,6),(137,11),(138,6),(138,10),(139,12),(140,11),(141,13),(142,3),(143,1),(144,4),(145,1),(146,3),(147,13),(148,12),(149,11),(150,11),(151,9),(152,4),(153,6),(154,5);
/*!40000 ALTER TABLE `attribute_value_product_variant` ENABLE KEYS */;
UNLOCK TABLES;

--
-- Table structure for table `attribute_values`
--

DROP TABLE IF EXISTS `attribute_values`;
/*!40101 SET @saved_cs_client     = @@character_set_client */;
/*!50503 SET character_set_client = utf8mb4 */;
CREATE TABLE `attribute_values` (
  `attribute_value_id` bigint(20) unsigned NOT NULL AUTO_INCREMENT,
  `attribute_id` bigint(20) unsigned NOT NULL,
  `value` varchar(255) NOT NULL COMMENT 'e.g., Red, Large, 256GB',
  PRIMARY KEY (`attribute_value_id`),
  KEY `attribute_values_attribute_id_foreign` (`attribute_id`),
  CONSTRAINT `attribute_values_attribute_id_foreign` FOREIGN KEY (`attribute_id`) REFERENCES `attributes` (`attribute_id`) ON DELETE CASCADE
) ENGINE=InnoDB AUTO_INCREMENT=24 DEFAULT CHARSET=utf8mb4 COLLATE=utf8mb4_unicode_ci;
/*!40101 SET character_set_client = @saved_cs_client */;

--
-- Dumping data for table `attribute_values`
--

LOCK TABLES `attribute_values` WRITE;
/*!40000 ALTER TABLE `attribute_values` DISABLE KEYS */;
INSERT INTO `attribute_values` VALUES (1,1,'Đỏ'),(2,1,'Xanh dương'),(3,1,'Vàng'),(4,1,'Trắng'),(5,1,'Đen'),(6,1,'Hồng'),(7,1,'Xám'),(8,2,'S'),(9,2,'M'),(10,2,'L'),(11,2,'XL'),(12,2,'XXL'),(13,2,'Free size'),(14,3,'64GB'),(15,3,'128GB'),(16,3,'256GB'),(17,3,'512GB'),(18,3,'1TB'),(19,4,'Cotton'),(20,4,'Vải lụa'),(21,4,'Nhựa'),(22,4,'Kim loại'),(23,4,'Da');
/*!40000 ALTER TABLE `attribute_values` ENABLE KEYS */;
UNLOCK TABLES;

--
-- Table structure for table `attributes`
--

DROP TABLE IF EXISTS `attributes`;
/*!40101 SET @saved_cs_client     = @@character_set_client */;
/*!50503 SET character_set_client = utf8mb4 */;
CREATE TABLE `attributes` (
  `attribute_id` bigint(20) unsigned NOT NULL AUTO_INCREMENT,
  `name` varchar(255) NOT NULL COMMENT 'e.g., Color, Size, Storage',
  PRIMARY KEY (`attribute_id`),
  UNIQUE KEY `attributes_name_unique` (`name`)
) ENGINE=InnoDB AUTO_INCREMENT=5 DEFAULT CHARSET=utf8mb4 COLLATE=utf8mb4_unicode_ci;
/*!40101 SET character_set_client = @saved_cs_client */;

--
-- Dumping data for table `attributes`
--

LOCK TABLES `attributes` WRITE;
/*!40000 ALTER TABLE `attributes` DISABLE KEYS */;
INSERT INTO `attributes` VALUES (4,'Chất liệu'),(3,'Dung lượng'),(2,'Kích thước'),(1,'Màu sắc');
/*!40000 ALTER TABLE `attributes` ENABLE KEYS */;
UNLOCK TABLES;

--
-- Table structure for table `brands`
--

DROP TABLE IF EXISTS `brands`;
/*!40101 SET @saved_cs_client     = @@character_set_client */;
/*!50503 SET character_set_client = utf8mb4 */;
CREATE TABLE `brands` (
  `brand_id` bigint(20) unsigned NOT NULL AUTO_INCREMENT,
  `name` varchar(100) NOT NULL,
  `description` text DEFAULT NULL,
  `logo_url` varchar(255) DEFAULT NULL,
  `is_active` tinyint(1) NOT NULL DEFAULT 1,
  `created_at` timestamp NULL DEFAULT NULL,
  `updated_at` timestamp NULL DEFAULT NULL,
  `deleted_at` timestamp NULL DEFAULT NULL,
  PRIMARY KEY (`brand_id`)
) ENGINE=InnoDB AUTO_INCREMENT=24 DEFAULT CHARSET=utf8mb4 COLLATE=utf8mb4_unicode_ci;
/*!40101 SET character_set_client = @saved_cs_client */;

--
-- Dumping data for table `brands`
--

LOCK TABLES `brands` WRITE;
/*!40000 ALTER TABLE `brands` DISABLE KEYS */;
INSERT INTO `brands` VALUES (1,'{\"vi\":\"Apple\"}','Quidem rerum a hic aut minima ea voluptates culpa.',NULL,1,'2025-10-20 06:49:03','2025-10-20 06:49:03',NULL),(2,'{\"vi\":\"Samsung\"}','Doloremque porro doloremque molestiae enim odit voluptas.',NULL,1,'2025-10-20 06:49:03','2025-10-20 06:49:03',NULL),(3,'{\"vi\":\"Xiaomi\"}','Tempore alias omnis autem distinctio.',NULL,1,'2025-10-20 06:49:03','2025-10-20 06:49:03',NULL),(4,'{\"vi\":\"Sony\"}','Excepturi vel quas esse voluptas voluptas alias eaque.',NULL,1,'2025-10-20 06:49:03','2025-10-20 06:49:03',NULL),(5,'{\"vi\":\"LG\"}','Id aut eos totam dolores dolorum nihil voluptatibus.',NULL,1,'2025-10-20 06:49:03','2025-10-20 06:49:03',NULL),(6,'{\"vi\":\"Nike\"}','Ut rerum assumenda dolorem quas dolor magnam ut.',NULL,1,'2025-10-20 06:49:03','2025-10-20 06:49:03',NULL),(7,'{\"vi\":\"Adidas\"}','Aut illum laudantium nostrum tempora qui.',NULL,1,'2025-10-20 06:49:03','2025-10-20 06:49:03',NULL),(8,'{\"vi\":\"Puma\"}','Voluptatem voluptatem nulla nemo ducimus corrupti.',NULL,1,'2025-10-20 06:49:03','2025-10-20 06:49:03',NULL),(9,'{\"vi\":\"Uniqlo\"}','Modi mollitia soluta hic aut eum quidem.',NULL,1,'2025-10-20 06:49:03','2025-10-20 06:49:03',NULL),(10,'{\"vi\":\"H&M\"}','Repellendus eligendi illo occaecati animi quos deleniti.',NULL,1,'2025-10-20 06:49:03','2025-10-20 06:49:03',NULL),(11,'{\"vi\":\"Zara\"}','Provident rerum reprehenderit impedit voluptas eius exercitationem eum.',NULL,1,'2025-10-20 06:49:03','2025-10-20 06:49:03',NULL),(12,'{\"vi\":\"Dell\"}','Qui rerum voluptatum totam aspernatur cum provident dolores.',NULL,1,'2025-10-20 06:49:03','2025-10-20 06:49:03',NULL),(13,'{\"vi\":\"HP\"}','Possimus nemo aliquid ipsam quibusdam suscipit ratione velit vel.',NULL,1,'2025-10-20 06:49:03','2025-10-20 06:49:03',NULL),(14,'{\"vi\":\"Asus\"}','Cupiditate assumenda vel culpa voluptatem autem officiis omnis adipisci.',NULL,1,'2025-10-20 06:49:03','2025-10-20 06:49:03',NULL),(15,'{\"vi\":\"Lenovo\"}','Cupiditate odio eaque exercitationem recusandae.',NULL,1,'2025-10-20 06:49:03','2025-10-20 06:49:03',NULL),(16,'{\"vi\":\"Canon\"}','Voluptas nobis quia non qui illum.',NULL,1,'2025-10-20 06:49:03','2025-10-20 06:49:03',NULL),(17,'{\"vi\":\"Nikon\"}','Non quibusdam hic totam veniam voluptatem officia.',NULL,1,'2025-10-20 06:49:03','2025-10-20 06:49:03',NULL),(18,'{\"vi\":\"Casio\"}','Dicta totam enim necessitatibus quia et soluta.',NULL,1,'2025-10-20 06:49:03','2025-10-20 06:49:03',NULL),(19,'{\"vi\":\"Logitech\"}','Quis eaque esse eos beatae.',NULL,1,'2025-10-20 06:49:03','2025-10-20 06:49:03',NULL),(20,'{\"vi\":\"Anker\"}','Quia inventore ad delectus consequuntur ut voluptates ut quo.',NULL,1,'2025-10-20 06:49:03','2025-10-20 06:49:03',NULL),(21,'{\"vi\":\"Simple\"}','Exercitationem reiciendis velit libero delectus provident ut veniam.',NULL,1,'2025-10-20 06:49:03','2025-10-20 06:49:03',NULL),(22,'{\"vi\":\"La Roche-Posay\"}','Quis rerum impedit beatae distinctio hic laboriosam.',NULL,1,'2025-10-20 06:49:03','2025-10-20 06:49:03',NULL),(23,'{\"vi\":\"Nhã Nam\"}','Quaerat occaecati mollitia nisi non.',NULL,1,'2025-10-20 06:49:03','2025-10-20 06:49:03',NULL);
/*!40000 ALTER TABLE `brands` ENABLE KEYS */;
UNLOCK TABLES;

--
-- Table structure for table `cache`
--

DROP TABLE IF EXISTS `cache`;
/*!40101 SET @saved_cs_client     = @@character_set_client */;
/*!50503 SET character_set_client = utf8mb4 */;
CREATE TABLE `cache` (
  `key` varchar(255) NOT NULL,
  `value` mediumtext NOT NULL,
  `expiration` int(11) NOT NULL,
  PRIMARY KEY (`key`)
) ENGINE=InnoDB DEFAULT CHARSET=utf8mb4 COLLATE=utf8mb4_unicode_ci;
/*!40101 SET character_set_client = @saved_cs_client */;

--
-- Dumping data for table `cache`
--

LOCK TABLES `cache` WRITE;
/*!40000 ALTER TABLE `cache` DISABLE KEYS */;
/*!40000 ALTER TABLE `cache` ENABLE KEYS */;
UNLOCK TABLES;

--
-- Table structure for table `cache_locks`
--

DROP TABLE IF EXISTS `cache_locks`;
/*!40101 SET @saved_cs_client     = @@character_set_client */;
/*!50503 SET character_set_client = utf8mb4 */;
CREATE TABLE `cache_locks` (
  `key` varchar(255) NOT NULL,
  `owner` varchar(255) NOT NULL,
  `expiration` int(11) NOT NULL,
  PRIMARY KEY (`key`)
) ENGINE=InnoDB DEFAULT CHARSET=utf8mb4 COLLATE=utf8mb4_unicode_ci;
/*!40101 SET character_set_client = @saved_cs_client */;

--
-- Dumping data for table `cache_locks`
--

LOCK TABLES `cache_locks` WRITE;
/*!40000 ALTER TABLE `cache_locks` DISABLE KEYS */;
/*!40000 ALTER TABLE `cache_locks` ENABLE KEYS */;
UNLOCK TABLES;

--
-- Table structure for table `cart_items`
--

DROP TABLE IF EXISTS `cart_items`;
/*!40101 SET @saved_cs_client     = @@character_set_client */;
/*!50503 SET character_set_client = utf8mb4 */;
CREATE TABLE `cart_items` (
  `cart_item_id` bigint(20) unsigned NOT NULL AUTO_INCREMENT,
  `user_id` bigint(20) unsigned NOT NULL,
  `variant_id` bigint(20) unsigned NOT NULL,
  `quantity` int(11) NOT NULL,
  `created_at` timestamp NULL DEFAULT NULL,
  `updated_at` timestamp NULL DEFAULT NULL,
  PRIMARY KEY (`cart_item_id`),
  UNIQUE KEY `cart_items_user_id_variant_id_unique` (`user_id`,`variant_id`),
  KEY `cart_items_variant_id_foreign` (`variant_id`),
  CONSTRAINT `cart_items_user_id_foreign` FOREIGN KEY (`user_id`) REFERENCES `users` (`id`) ON DELETE CASCADE,
  CONSTRAINT `cart_items_variant_id_foreign` FOREIGN KEY (`variant_id`) REFERENCES `product_variants` (`variant_id`) ON DELETE CASCADE
) ENGINE=InnoDB AUTO_INCREMENT=43 DEFAULT CHARSET=utf8mb4 COLLATE=utf8mb4_unicode_ci;
/*!40101 SET character_set_client = @saved_cs_client */;

--
-- Dumping data for table `cart_items`
--

LOCK TABLES `cart_items` WRITE;
/*!40000 ALTER TABLE `cart_items` DISABLE KEYS */;
INSERT INTO `cart_items` VALUES (1,26,2,2,'2025-10-20 06:49:05','2025-10-20 06:49:05'),(2,26,10,2,'2025-10-20 06:49:05','2025-10-20 06:49:05'),(3,26,47,1,'2025-10-20 06:49:05','2025-10-20 06:49:05'),(4,26,76,2,'2025-10-20 06:49:05','2025-10-20 06:49:05'),(5,28,50,1,'2025-10-20 06:49:05','2025-10-20 06:49:05'),(6,28,79,1,'2025-10-20 06:49:05','2025-10-20 06:49:05'),(7,39,31,1,'2025-10-20 06:49:05','2025-10-20 06:49:05'),(8,39,39,1,'2025-10-20 06:49:05','2025-10-20 06:49:05'),(9,39,45,2,'2025-10-20 06:49:05','2025-10-20 06:49:05'),(10,46,129,2,'2025-10-20 06:49:05','2025-10-20 06:49:05'),(11,47,33,2,'2025-10-20 06:49:05','2025-10-20 06:49:05'),(12,47,35,2,'2025-10-20 06:49:05','2025-10-20 06:49:05'),(13,47,125,1,'2025-10-20 06:49:05','2025-10-20 06:49:05'),(14,52,34,1,'2025-10-20 06:49:05','2025-10-20 06:49:05'),(15,52,35,2,'2025-10-20 06:49:05','2025-10-20 06:49:05'),(16,52,39,1,'2025-10-20 06:49:05','2025-10-20 06:49:05'),(17,52,88,2,'2025-10-20 06:49:05','2025-10-20 06:49:05'),(18,52,123,1,'2025-10-20 06:49:05','2025-10-20 06:49:05'),(19,56,1,2,'2025-10-20 06:49:05','2025-10-20 06:49:05'),(20,56,30,2,'2025-10-20 06:49:05','2025-10-20 06:49:05'),(21,56,91,2,'2025-10-20 06:49:05','2025-10-20 06:49:05'),(22,56,119,1,'2025-10-20 06:49:05','2025-10-20 06:49:05'),(23,63,17,1,'2025-10-20 06:49:05','2025-10-20 06:49:05'),(24,63,38,1,'2025-10-20 06:49:05','2025-10-20 06:49:05'),(25,63,74,2,'2025-10-20 06:49:05','2025-10-20 06:49:05'),(26,63,100,1,'2025-10-20 06:49:05','2025-10-20 06:49:05'),(27,63,146,1,'2025-10-20 06:49:05','2025-10-20 06:49:05'),(28,77,34,2,'2025-10-20 06:49:05','2025-10-20 06:49:05'),(29,81,100,2,'2025-10-20 06:49:05','2025-10-20 06:49:05'),(30,81,128,2,'2025-10-20 06:49:05','2025-10-20 06:49:05'),(31,81,140,2,'2025-10-20 06:49:05','2025-10-20 06:49:05'),(32,87,83,2,'2025-10-20 06:49:05','2025-10-20 06:49:05'),(33,87,92,2,'2025-10-20 06:49:05','2025-10-20 06:49:05'),(34,93,152,2,'2025-10-20 06:49:05','2025-10-20 06:49:05'),(35,103,37,2,'2025-10-20 06:49:05','2025-10-20 06:49:05'),(36,103,154,2,'2025-10-20 06:49:05','2025-10-20 06:49:05'),(37,106,77,1,'2025-10-20 06:49:05','2025-10-20 06:49:05'),(38,106,97,1,'2025-10-20 06:49:05','2025-10-20 06:49:05'),(39,112,80,2,'2025-10-20 06:49:05','2025-10-20 06:49:05'),(40,112,95,1,'2025-10-20 06:49:05','2025-10-20 06:49:05'),(41,112,133,1,'2025-10-20 06:49:05','2025-10-20 06:49:05'),(42,112,148,2,'2025-10-20 06:49:05','2025-10-20 06:49:05');
/*!40000 ALTER TABLE `cart_items` ENABLE KEYS */;
UNLOCK TABLES;

--
-- Table structure for table `categories`
--

DROP TABLE IF EXISTS `categories`;
/*!40101 SET @saved_cs_client     = @@character_set_client */;
/*!50503 SET character_set_client = utf8mb4 */;
CREATE TABLE `categories` (
  `category_id` bigint(20) unsigned NOT NULL AUTO_INCREMENT,
  `name` longtext CHARACTER SET utf8mb4 COLLATE utf8mb4_bin NOT NULL CHECK (json_valid(`name`)),
  `description` longtext CHARACTER SET utf8mb4 COLLATE utf8mb4_bin DEFAULT NULL CHECK (json_valid(`description`)),
  `image_url` varchar(255) DEFAULT NULL,
  `parent_category_id` bigint(20) unsigned DEFAULT NULL,
  `is_active` tinyint(1) NOT NULL DEFAULT 1,
  `created_at` timestamp NULL DEFAULT NULL,
  `updated_at` timestamp NULL DEFAULT NULL,
  `deleted_at` timestamp NULL DEFAULT NULL,
  PRIMARY KEY (`category_id`),
  KEY `categories_parent_category_id_foreign` (`parent_category_id`),
  CONSTRAINT `categories_parent_category_id_foreign` FOREIGN KEY (`parent_category_id`) REFERENCES `categories` (`category_id`) ON DELETE SET NULL
) ENGINE=InnoDB AUTO_INCREMENT=28 DEFAULT CHARSET=utf8mb4 COLLATE=utf8mb4_unicode_ci;
/*!40101 SET character_set_client = @saved_cs_client */;

--
-- Dumping data for table `categories`
--

LOCK TABLES `categories` WRITE;
/*!40000 ALTER TABLE `categories` DISABLE KEYS */;
INSERT INTO `categories` VALUES (1,'{\"en\":\"Fashion\",\"vi\":\"Thời trang\"}','{\"en\":\"Products in Fashion category\",\"vi\":\"C\\u00e1c s\\u1ea3n ph\\u1ea9m thu\\u1ed9c danh m\\u1ee5c Th\\u1eddi trang\"}','https://via.placeholder.com/600x400.png/00aa88?text=Category',NULL,1,'2025-10-20 06:49:03','2025-10-20 06:49:03',NULL),(2,'{\"en\":\"Men\'s Clothing\",\"vi\":\"Áo Nam\"}','{\"en\":\"Products in Men\'s Clothing category\",\"vi\":\"C\\u00e1c s\\u1ea3n ph\\u1ea9m thu\\u1ed9c danh m\\u1ee5c \\u00c1o Nam\"}','https://via.placeholder.com/600x400.png/00aa88?text=Category',1,1,'2025-10-20 06:49:03','2025-10-20 06:49:03',NULL),(3,'{\"en\":\"Men\'s Pants\",\"vi\":\"Quần Nam\"}','{\"en\":\"Products in Men\'s Pants category\",\"vi\":\"C\\u00e1c s\\u1ea3n ph\\u1ea9m thu\\u1ed9c danh m\\u1ee5c Qu\\u1ea7n Nam\"}','https://via.placeholder.com/600x400.png/00aa88?text=Category',1,1,'2025-10-20 06:49:03','2025-10-20 06:49:03',NULL),(4,'{\"en\":\"Women\'s Clothing\",\"vi\":\"Áo Nữ\"}','{\"en\":\"Products in Women\'s Clothing category\",\"vi\":\"C\\u00e1c s\\u1ea3n ph\\u1ea9m thu\\u1ed9c danh m\\u1ee5c \\u00c1o N\\u1eef\"}','https://via.placeholder.com/600x400.png/00aa88?text=Category',1,1,'2025-10-20 06:49:03','2025-10-20 06:49:03',NULL),(5,'{\"en\":\"Women\'s Dresses\",\"vi\":\"Váy Nữ\"}','{\"en\":\"Products in Women\'s Dresses category\",\"vi\":\"C\\u00e1c s\\u1ea3n ph\\u1ea9m thu\\u1ed9c danh m\\u1ee5c V\\u00e1y N\\u1eef\"}','https://via.placeholder.com/600x400.png/00aa88?text=Category',1,1,'2025-10-20 06:49:03','2025-10-20 06:49:03',NULL),(6,'{\"en\":\"Accessories\",\"vi\":\"Phụ kiện\"}','{\"en\":\"Products in Accessories category\",\"vi\":\"C\\u00e1c s\\u1ea3n ph\\u1ea9m thu\\u1ed9c danh m\\u1ee5c Ph\\u1ee5 ki\\u1ec7n\"}','https://via.placeholder.com/600x400.png/00aa88?text=Category',1,1,'2025-10-20 06:49:03','2025-10-20 06:49:03',NULL),(7,'{\"en\":\"Electronics\",\"vi\":\"Điện tử\"}','{\"en\":\"Products in Electronics category\",\"vi\":\"C\\u00e1c s\\u1ea3n ph\\u1ea9m thu\\u1ed9c danh m\\u1ee5c \\u0110i\\u1ec7n t\\u1eed\"}','https://via.placeholder.com/600x400.png/00aa88?text=Category',NULL,1,'2025-10-20 06:49:03','2025-10-20 06:49:03',NULL),(8,'{\"en\":\"Mobile Phones\",\"vi\":\"Điện thoại\"}','{\"en\":\"Products in Mobile Phones category\",\"vi\":\"C\\u00e1c s\\u1ea3n ph\\u1ea9m thu\\u1ed9c danh m\\u1ee5c \\u0110i\\u1ec7n tho\\u1ea1i\"}','https://via.placeholder.com/600x400.png/00aa88?text=Category',7,1,'2025-10-20 06:49:03','2025-10-20 06:49:03',NULL),(9,'{\"en\":\"Tablets\",\"vi\":\"Máy tính bảng\"}','{\"en\":\"Products in Tablets category\",\"vi\":\"C\\u00e1c s\\u1ea3n ph\\u1ea9m thu\\u1ed9c danh m\\u1ee5c M\\u00e1y t\\u00ednh b\\u1ea3ng\"}','https://via.placeholder.com/600x400.png/00aa88?text=Category',7,1,'2025-10-20 06:49:03','2025-10-20 06:49:03',NULL),(10,'{\"en\":\"Laptops\",\"vi\":\"Laptop\"}','{\"en\":\"Products in Laptops category\",\"vi\":\"C\\u00e1c s\\u1ea3n ph\\u1ea9m thu\\u1ed9c danh m\\u1ee5c Laptop\"}','https://via.placeholder.com/600x400.png/00aa88?text=Category',7,1,'2025-10-20 06:49:03','2025-10-20 06:49:03',NULL),(11,'{\"en\":\"Headphones\",\"vi\":\"Tai nghe\"}','{\"en\":\"Products in Headphones category\",\"vi\":\"C\\u00e1c s\\u1ea3n ph\\u1ea9m thu\\u1ed9c danh m\\u1ee5c Tai nghe\"}','https://via.placeholder.com/600x400.png/00aa88?text=Category',7,1,'2025-10-20 06:49:03','2025-10-20 06:49:03',NULL),(12,'{\"en\":\"Speakers\",\"vi\":\"Loa\"}','{\"en\":\"Products in Speakers category\",\"vi\":\"C\\u00e1c s\\u1ea3n ph\\u1ea9m thu\\u1ed9c danh m\\u1ee5c Loa\"}','https://via.placeholder.com/600x400.png/00aa88?text=Category',7,1,'2025-10-20 06:49:03','2025-10-20 06:49:03',NULL),(13,'{\"en\":\"Home & Living\",\"vi\":\"Nhà cửa & Đời sống\"}','{\"en\":\"Products in Home & Living category\",\"vi\":\"C\\u00e1c s\\u1ea3n ph\\u1ea9m thu\\u1ed9c danh m\\u1ee5c Nh\\u00e0 c\\u1eeda & \\u0110\\u1eddi s\\u1ed1ng\"}','https://via.placeholder.com/600x400.png/00aa88?text=Category',NULL,1,'2025-10-20 06:49:03','2025-10-20 06:49:03',NULL),(14,'{\"en\":\"Kitchen Appliances\",\"vi\":\"Đồ dùng nhà bếp\"}','{\"en\":\"Products in Kitchen Appliances category\",\"vi\":\"C\\u00e1c s\\u1ea3n ph\\u1ea9m thu\\u1ed9c danh m\\u1ee5c \\u0110\\u1ed3 d\\u00f9ng nh\\u00e0 b\\u1ebfp\"}','https://via.placeholder.com/600x400.png/00aa88?text=Category',13,1,'2025-10-20 06:49:03','2025-10-20 06:49:03',NULL),(15,'{\"en\":\"Home Decor\",\"vi\":\"Trang trí nhà cửa\"}','{\"en\":\"Products in Home Decor category\",\"vi\":\"C\\u00e1c s\\u1ea3n ph\\u1ea9m thu\\u1ed9c danh m\\u1ee5c Trang tr\\u00ed nh\\u00e0 c\\u1eeda\"}','https://via.placeholder.com/600x400.png/00aa88?text=Category',13,1,'2025-10-20 06:49:03','2025-10-20 06:49:03',NULL),(16,'{\"en\":\"Furniture\",\"vi\":\"Nội thất\"}','{\"en\":\"Products in Furniture category\",\"vi\":\"C\\u00e1c s\\u1ea3n ph\\u1ea9m thu\\u1ed9c danh m\\u1ee5c N\\u1ed9i th\\u1ea5t\"}','https://via.placeholder.com/600x400.png/00aa88?text=Category',13,1,'2025-10-20 06:49:03','2025-10-20 06:49:03',NULL),(17,'{\"en\":\"Plants\",\"vi\":\"Cây cảnh\"}','{\"en\":\"Products in Plants category\",\"vi\":\"C\\u00e1c s\\u1ea3n ph\\u1ea9m thu\\u1ed9c danh m\\u1ee5c C\\u00e2y c\\u1ea3nh\"}','https://via.placeholder.com/600x400.png/00aa88?text=Category',13,1,'2025-10-20 06:49:03','2025-10-20 06:49:03',NULL),(18,'{\"en\":\"Health & Beauty\",\"vi\":\"Sức khỏe & Sắc đẹp\"}','{\"en\":\"Products in Health & Beauty category\",\"vi\":\"C\\u00e1c s\\u1ea3n ph\\u1ea9m thu\\u1ed9c danh m\\u1ee5c S\\u1ee9c kh\\u1ecfe & S\\u1eafc \\u0111\\u1eb9p\"}','https://via.placeholder.com/600x400.png/00aa88?text=Category',NULL,1,'2025-10-20 06:49:03','2025-10-20 06:49:03',NULL),(19,'{\"en\":\"Skincare\",\"vi\":\"Chăm sóc da\"}','{\"en\":\"Products in Skincare category\",\"vi\":\"C\\u00e1c s\\u1ea3n ph\\u1ea9m thu\\u1ed9c danh m\\u1ee5c Ch\\u0103m s\\u00f3c da\"}','https://via.placeholder.com/600x400.png/00aa88?text=Category',18,1,'2025-10-20 06:49:03','2025-10-20 06:49:03',NULL),(20,'{\"en\":\"Makeup\",\"vi\":\"Trang điểm\"}','{\"en\":\"Products in Makeup category\",\"vi\":\"C\\u00e1c s\\u1ea3n ph\\u1ea9m thu\\u1ed9c danh m\\u1ee5c Trang \\u0111i\\u1ec3m\"}','https://via.placeholder.com/600x400.png/00aa88?text=Category',18,1,'2025-10-20 06:49:03','2025-10-20 06:49:03',NULL),(21,'{\"en\":\"Perfume\",\"vi\":\"Nước hoa\"}','{\"en\":\"Products in Perfume category\",\"vi\":\"C\\u00e1c s\\u1ea3n ph\\u1ea9m thu\\u1ed9c danh m\\u1ee5c N\\u01b0\\u1edbc hoa\"}','https://via.placeholder.com/600x400.png/00aa88?text=Category',18,1,'2025-10-20 06:49:03','2025-10-20 06:49:03',NULL),(22,'{\"en\":\"Supplements\",\"vi\":\"Thực phẩm chức năng\"}','{\"en\":\"Products in Supplements category\",\"vi\":\"C\\u00e1c s\\u1ea3n ph\\u1ea9m thu\\u1ed9c danh m\\u1ee5c Th\\u1ef1c ph\\u1ea9m ch\\u1ee9c n\\u0103ng\"}','https://via.placeholder.com/600x400.png/00aa88?text=Category',18,1,'2025-10-20 06:49:03','2025-10-20 06:49:03',NULL),(23,'{\"en\":\"Books & Stationery\",\"vi\":\"Sách & Văn phòng phẩm\"}','{\"en\":\"Products in Books & Stationery category\",\"vi\":\"C\\u00e1c s\\u1ea3n ph\\u1ea9m thu\\u1ed9c danh m\\u1ee5c S\\u00e1ch & V\\u0103n ph\\u00f2ng ph\\u1ea9m\"}','https://via.placeholder.com/600x400.png/00aa88?text=Category',NULL,1,'2025-10-20 06:49:03','2025-10-20 06:49:03',NULL),(24,'{\"en\":\"Literature\",\"vi\":\"Sách văn học\"}','{\"en\":\"Products in Literature category\",\"vi\":\"C\\u00e1c s\\u1ea3n ph\\u1ea9m thu\\u1ed9c danh m\\u1ee5c S\\u00e1ch v\\u0103n h\\u1ecdc\"}','https://via.placeholder.com/600x400.png/00aa88?text=Category',23,1,'2025-10-20 06:49:03','2025-10-20 06:49:03',NULL),(25,'{\"en\":\"Economics\",\"vi\":\"Sách kinh tế\"}','{\"en\":\"Products in Economics category\",\"vi\":\"C\\u00e1c s\\u1ea3n ph\\u1ea9m thu\\u1ed9c danh m\\u1ee5c S\\u00e1ch kinh t\\u1ebf\"}','https://via.placeholder.com/600x400.png/00aa88?text=Category',23,1,'2025-10-20 06:49:03','2025-10-20 06:49:03',NULL),(26,'{\"en\":\"Notebooks\",\"vi\":\"Sổ tay\"}','{\"en\":\"Products in Notebooks category\",\"vi\":\"C\\u00e1c s\\u1ea3n ph\\u1ea9m thu\\u1ed9c danh m\\u1ee5c S\\u1ed5 tay\"}','https://via.placeholder.com/600x400.png/00aa88?text=Category',23,1,'2025-10-20 06:49:03','2025-10-20 06:49:03',NULL),(27,'{\"en\":\"Pens\",\"vi\":\"Bút viết\"}','{\"en\":\"Products in Pens category\",\"vi\":\"C\\u00e1c s\\u1ea3n ph\\u1ea9m thu\\u1ed9c danh m\\u1ee5c B\\u00fat vi\\u1ebft\"}','https://via.placeholder.com/600x400.png/00aa88?text=Category',23,1,'2025-10-20 06:49:03','2025-10-20 06:49:03',NULL);
/*!40000 ALTER TABLE `categories` ENABLE KEYS */;
UNLOCK TABLES;

--
-- Table structure for table `chat_messages`
--

DROP TABLE IF EXISTS `chat_messages`;
/*!40101 SET @saved_cs_client     = @@character_set_client */;
/*!50503 SET character_set_client = utf8mb4 */;
CREATE TABLE `chat_messages` (
  `chat_message_id` bigint(20) unsigned NOT NULL AUTO_INCREMENT,
  `chat_room_id` bigint(20) unsigned NOT NULL,
  `sender_id` bigint(20) unsigned NOT NULL,
  `content` text NOT NULL,
  `content_type` tinyint(4) NOT NULL DEFAULT 1 COMMENT '1: Text, 2: Image, 3: File',
  `attachment_url` varchar(500) DEFAULT NULL,
  `is_edited` tinyint(1) NOT NULL DEFAULT 0,
  `edited_at` timestamp NULL DEFAULT NULL,
  `created_at` timestamp NULL DEFAULT NULL,
  `updated_at` timestamp NULL DEFAULT NULL,
  PRIMARY KEY (`chat_message_id`),
  KEY `chat_messages_chat_room_id_foreign` (`chat_room_id`),
  KEY `chat_messages_sender_id_foreign` (`sender_id`),
  CONSTRAINT `chat_messages_chat_room_id_foreign` FOREIGN KEY (`chat_room_id`) REFERENCES `chat_rooms` (`chat_room_id`) ON DELETE CASCADE,
  CONSTRAINT `chat_messages_sender_id_foreign` FOREIGN KEY (`sender_id`) REFERENCES `users` (`id`)
) ENGINE=InnoDB AUTO_INCREMENT=101 DEFAULT CHARSET=utf8mb4 COLLATE=utf8mb4_unicode_ci;
/*!40101 SET character_set_client = @saved_cs_client */;

--
-- Dumping data for table `chat_messages`
--

LOCK TABLES `chat_messages` WRITE;
/*!40000 ALTER TABLE `chat_messages` DISABLE KEYS */;
INSERT INTO `chat_messages` VALUES (1,1,22,'Chào shop, cho mình hỏi sản phẩm này còn hàng không?',1,NULL,0,NULL,'2025-10-20 06:49:09','2025-10-20 06:49:09'),(2,1,3,'Chào bạn, sản phẩm này bên mình vẫn còn hàng ạ. Bạn đặt hàng nhé.',1,NULL,0,NULL,'2025-10-20 06:49:09','2025-10-20 06:49:09'),(3,2,74,'Chào shop, cho mình hỏi sản phẩm này còn hàng không?',1,NULL,0,NULL,'2025-10-20 06:49:09','2025-10-20 06:49:09'),(4,2,18,'Chào bạn, sản phẩm này bên mình vẫn còn hàng ạ. Bạn đặt hàng nhé.',1,NULL,0,NULL,'2025-10-20 06:49:09','2025-10-20 06:49:09'),(5,3,61,'Chào shop, cho mình hỏi sản phẩm này còn hàng không?',1,NULL,0,NULL,'2025-10-20 06:49:09','2025-10-20 06:49:09'),(6,3,13,'Chào bạn, sản phẩm này bên mình vẫn còn hàng ạ. Bạn đặt hàng nhé.',1,NULL,0,NULL,'2025-10-20 06:49:09','2025-10-20 06:49:09'),(7,4,114,'Chào shop, cho mình hỏi sản phẩm này còn hàng không?',1,NULL,0,NULL,'2025-10-20 06:49:09','2025-10-20 06:49:09'),(8,4,5,'Chào bạn, sản phẩm này bên mình vẫn còn hàng ạ. Bạn đặt hàng nhé.',1,NULL,0,NULL,'2025-10-20 06:49:09','2025-10-20 06:49:09'),(9,5,102,'Chào shop, cho mình hỏi sản phẩm này còn hàng không?',1,NULL,0,NULL,'2025-10-20 06:49:09','2025-10-20 06:49:09'),(10,5,9,'Chào bạn, sản phẩm này bên mình vẫn còn hàng ạ. Bạn đặt hàng nhé.',1,NULL,0,NULL,'2025-10-20 06:49:09','2025-10-20 06:49:09'),(11,6,46,'Chào shop, cho mình hỏi sản phẩm này còn hàng không?',1,NULL,0,NULL,'2025-10-20 06:49:09','2025-10-20 06:49:09'),(12,6,13,'Chào bạn, sản phẩm này bên mình vẫn còn hàng ạ. Bạn đặt hàng nhé.',1,NULL,0,NULL,'2025-10-20 06:49:09','2025-10-20 06:49:09'),(13,7,84,'Chào shop, cho mình hỏi sản phẩm này còn hàng không?',1,NULL,0,NULL,'2025-10-20 06:49:09','2025-10-20 06:49:09'),(14,7,12,'Chào bạn, sản phẩm này bên mình vẫn còn hàng ạ. Bạn đặt hàng nhé.',1,NULL,0,NULL,'2025-10-20 06:49:09','2025-10-20 06:49:09'),(15,8,114,'Chào shop, cho mình hỏi sản phẩm này còn hàng không?',1,NULL,0,NULL,'2025-10-20 06:49:09','2025-10-20 06:49:09'),(16,8,16,'Chào bạn, sản phẩm này bên mình vẫn còn hàng ạ. Bạn đặt hàng nhé.',1,NULL,0,NULL,'2025-10-20 06:49:09','2025-10-20 06:49:09'),(17,9,108,'Chào shop, cho mình hỏi sản phẩm này còn hàng không?',1,NULL,0,NULL,'2025-10-20 06:49:09','2025-10-20 06:49:09'),(18,9,17,'Chào bạn, sản phẩm này bên mình vẫn còn hàng ạ. Bạn đặt hàng nhé.',1,NULL,0,NULL,'2025-10-20 06:49:09','2025-10-20 06:49:09'),(19,10,99,'Chào shop, cho mình hỏi sản phẩm này còn hàng không?',1,NULL,0,NULL,'2025-10-20 06:49:09','2025-10-20 06:49:09'),(20,10,20,'Chào bạn, sản phẩm này bên mình vẫn còn hàng ạ. Bạn đặt hàng nhé.',1,NULL,0,NULL,'2025-10-20 06:49:09','2025-10-20 06:49:09'),(21,11,117,'Chào shop, cho mình hỏi sản phẩm này còn hàng không?',1,NULL,0,NULL,'2025-10-20 06:49:09','2025-10-20 06:49:09'),(22,11,2,'Chào bạn, sản phẩm này bên mình vẫn còn hàng ạ. Bạn đặt hàng nhé.',1,NULL,0,NULL,'2025-10-20 06:49:09','2025-10-20 06:49:09'),(23,12,120,'Chào shop, cho mình hỏi sản phẩm này còn hàng không?',1,NULL,0,NULL,'2025-10-20 06:49:09','2025-10-20 06:49:09'),(24,12,6,'Chào bạn, sản phẩm này bên mình vẫn còn hàng ạ. Bạn đặt hàng nhé.',1,NULL,0,NULL,'2025-10-20 06:49:09','2025-10-20 06:49:09'),(25,13,26,'Chào shop, cho mình hỏi sản phẩm này còn hàng không?',1,NULL,0,NULL,'2025-10-20 06:49:09','2025-10-20 06:49:09'),(26,13,8,'Chào bạn, sản phẩm này bên mình vẫn còn hàng ạ. Bạn đặt hàng nhé.',1,NULL,0,NULL,'2025-10-20 06:49:09','2025-10-20 06:49:09'),(27,14,42,'Chào shop, cho mình hỏi sản phẩm này còn hàng không?',1,NULL,0,NULL,'2025-10-20 06:49:09','2025-10-20 06:49:09'),(28,14,11,'Chào bạn, sản phẩm này bên mình vẫn còn hàng ạ. Bạn đặt hàng nhé.',1,NULL,0,NULL,'2025-10-20 06:49:09','2025-10-20 06:49:09'),(29,15,72,'Chào shop, cho mình hỏi sản phẩm này còn hàng không?',1,NULL,0,NULL,'2025-10-20 06:49:09','2025-10-20 06:49:09'),(30,15,16,'Chào bạn, sản phẩm này bên mình vẫn còn hàng ạ. Bạn đặt hàng nhé.',1,NULL,0,NULL,'2025-10-20 06:49:09','2025-10-20 06:49:09'),(31,16,70,'Chào shop, cho mình hỏi sản phẩm này còn hàng không?',1,NULL,0,NULL,'2025-10-20 06:49:09','2025-10-20 06:49:09'),(32,16,2,'Chào bạn, sản phẩm này bên mình vẫn còn hàng ạ. Bạn đặt hàng nhé.',1,NULL,0,NULL,'2025-10-20 06:49:09','2025-10-20 06:49:09'),(33,17,26,'Chào shop, cho mình hỏi sản phẩm này còn hàng không?',1,NULL,0,NULL,'2025-10-20 06:49:09','2025-10-20 06:49:09'),(34,17,11,'Chào bạn, sản phẩm này bên mình vẫn còn hàng ạ. Bạn đặt hàng nhé.',1,NULL,0,NULL,'2025-10-20 06:49:09','2025-10-20 06:49:09'),(35,18,47,'Chào shop, cho mình hỏi sản phẩm này còn hàng không?',1,NULL,0,NULL,'2025-10-20 06:49:09','2025-10-20 06:49:09'),(36,18,15,'Chào bạn, sản phẩm này bên mình vẫn còn hàng ạ. Bạn đặt hàng nhé.',1,NULL,0,NULL,'2025-10-20 06:49:09','2025-10-20 06:49:09'),(37,19,78,'Chào shop, cho mình hỏi sản phẩm này còn hàng không?',1,NULL,0,NULL,'2025-10-20 06:49:09','2025-10-20 06:49:09'),(38,19,15,'Chào bạn, sản phẩm này bên mình vẫn còn hàng ạ. Bạn đặt hàng nhé.',1,NULL,0,NULL,'2025-10-20 06:49:09','2025-10-20 06:49:09'),(39,20,95,'Chào shop, cho mình hỏi sản phẩm này còn hàng không?',1,NULL,0,NULL,'2025-10-20 06:49:09','2025-10-20 06:49:09'),(40,20,11,'Chào bạn, sản phẩm này bên mình vẫn còn hàng ạ. Bạn đặt hàng nhé.',1,NULL,0,NULL,'2025-10-20 06:49:09','2025-10-20 06:49:09'),(41,21,109,'Chào shop, cho mình hỏi sản phẩm này còn hàng không?',1,NULL,0,NULL,'2025-10-20 06:49:09','2025-10-20 06:49:09'),(42,21,2,'Chào bạn, sản phẩm này bên mình vẫn còn hàng ạ. Bạn đặt hàng nhé.',1,NULL,0,NULL,'2025-10-20 06:49:09','2025-10-20 06:49:09'),(43,22,90,'Chào shop, cho mình hỏi sản phẩm này còn hàng không?',1,NULL,0,NULL,'2025-10-20 06:49:09','2025-10-20 06:49:09'),(44,22,13,'Chào bạn, sản phẩm này bên mình vẫn còn hàng ạ. Bạn đặt hàng nhé.',1,NULL,0,NULL,'2025-10-20 06:49:09','2025-10-20 06:49:09'),(45,23,98,'Chào shop, cho mình hỏi sản phẩm này còn hàng không?',1,NULL,0,NULL,'2025-10-20 06:49:09','2025-10-20 06:49:09'),(46,23,10,'Chào bạn, sản phẩm này bên mình vẫn còn hàng ạ. Bạn đặt hàng nhé.',1,NULL,0,NULL,'2025-10-20 06:49:09','2025-10-20 06:49:09'),(47,24,119,'Chào shop, cho mình hỏi sản phẩm này còn hàng không?',1,NULL,0,NULL,'2025-10-20 06:49:09','2025-10-20 06:49:09'),(48,24,15,'Chào bạn, sản phẩm này bên mình vẫn còn hàng ạ. Bạn đặt hàng nhé.',1,NULL,0,NULL,'2025-10-20 06:49:09','2025-10-20 06:49:09'),(49,25,62,'Chào shop, cho mình hỏi sản phẩm này còn hàng không?',1,NULL,0,NULL,'2025-10-20 06:49:09','2025-10-20 06:49:09'),(50,25,17,'Chào bạn, sản phẩm này bên mình vẫn còn hàng ạ. Bạn đặt hàng nhé.',1,NULL,0,NULL,'2025-10-20 06:49:09','2025-10-20 06:49:09'),(51,26,27,'Chào shop, cho mình hỏi sản phẩm này còn hàng không?',1,NULL,0,NULL,'2025-10-20 06:49:09','2025-10-20 06:49:09'),(52,26,13,'Chào bạn, sản phẩm này bên mình vẫn còn hàng ạ. Bạn đặt hàng nhé.',1,NULL,0,NULL,'2025-10-20 06:49:09','2025-10-20 06:49:09'),(53,27,83,'Chào shop, cho mình hỏi sản phẩm này còn hàng không?',1,NULL,0,NULL,'2025-10-20 06:49:09','2025-10-20 06:49:09'),(54,27,21,'Chào bạn, sản phẩm này bên mình vẫn còn hàng ạ. Bạn đặt hàng nhé.',1,NULL,0,NULL,'2025-10-20 06:49:09','2025-10-20 06:49:09'),(55,28,114,'Chào shop, cho mình hỏi sản phẩm này còn hàng không?',1,NULL,0,NULL,'2025-10-20 06:49:09','2025-10-20 06:49:09'),(56,28,11,'Chào bạn, sản phẩm này bên mình vẫn còn hàng ạ. Bạn đặt hàng nhé.',1,NULL,0,NULL,'2025-10-20 06:49:09','2025-10-20 06:49:09'),(57,29,88,'Chào shop, cho mình hỏi sản phẩm này còn hàng không?',1,NULL,0,NULL,'2025-10-20 06:49:09','2025-10-20 06:49:09'),(58,29,18,'Chào bạn, sản phẩm này bên mình vẫn còn hàng ạ. Bạn đặt hàng nhé.',1,NULL,0,NULL,'2025-10-20 06:49:09','2025-10-20 06:49:09'),(59,30,23,'Chào shop, cho mình hỏi sản phẩm này còn hàng không?',1,NULL,0,NULL,'2025-10-20 06:49:09','2025-10-20 06:49:09'),(60,30,10,'Chào bạn, sản phẩm này bên mình vẫn còn hàng ạ. Bạn đặt hàng nhé.',1,NULL,0,NULL,'2025-10-20 06:49:09','2025-10-20 06:49:09'),(61,31,114,'Chào shop, cho mình hỏi sản phẩm này còn hàng không?',1,NULL,0,NULL,'2025-10-20 06:49:09','2025-10-20 06:49:09'),(62,31,13,'Chào bạn, sản phẩm này bên mình vẫn còn hàng ạ. Bạn đặt hàng nhé.',1,NULL,0,NULL,'2025-10-20 06:49:09','2025-10-20 06:49:09'),(63,32,80,'Chào shop, cho mình hỏi sản phẩm này còn hàng không?',1,NULL,0,NULL,'2025-10-20 06:49:09','2025-10-20 06:49:09'),(64,32,2,'Chào bạn, sản phẩm này bên mình vẫn còn hàng ạ. Bạn đặt hàng nhé.',1,NULL,0,NULL,'2025-10-20 06:49:09','2025-10-20 06:49:09'),(65,33,68,'Chào shop, cho mình hỏi sản phẩm này còn hàng không?',1,NULL,0,NULL,'2025-10-20 06:49:09','2025-10-20 06:49:09'),(66,33,12,'Chào bạn, sản phẩm này bên mình vẫn còn hàng ạ. Bạn đặt hàng nhé.',1,NULL,0,NULL,'2025-10-20 06:49:09','2025-10-20 06:49:09'),(67,34,38,'Chào shop, cho mình hỏi sản phẩm này còn hàng không?',1,NULL,0,NULL,'2025-10-20 06:49:09','2025-10-20 06:49:09'),(68,34,2,'Chào bạn, sản phẩm này bên mình vẫn còn hàng ạ. Bạn đặt hàng nhé.',1,NULL,0,NULL,'2025-10-20 06:49:09','2025-10-20 06:49:09'),(69,35,55,'Chào shop, cho mình hỏi sản phẩm này còn hàng không?',1,NULL,0,NULL,'2025-10-20 06:49:09','2025-10-20 06:49:09'),(70,35,13,'Chào bạn, sản phẩm này bên mình vẫn còn hàng ạ. Bạn đặt hàng nhé.',1,NULL,0,NULL,'2025-10-20 06:49:09','2025-10-20 06:49:09'),(71,36,87,'Chào shop, cho mình hỏi sản phẩm này còn hàng không?',1,NULL,0,NULL,'2025-10-20 06:49:09','2025-10-20 06:49:09'),(72,36,3,'Chào bạn, sản phẩm này bên mình vẫn còn hàng ạ. Bạn đặt hàng nhé.',1,NULL,0,NULL,'2025-10-20 06:49:09','2025-10-20 06:49:09'),(73,37,77,'Chào shop, cho mình hỏi sản phẩm này còn hàng không?',1,NULL,0,NULL,'2025-10-20 06:49:09','2025-10-20 06:49:09'),(74,37,12,'Chào bạn, sản phẩm này bên mình vẫn còn hàng ạ. Bạn đặt hàng nhé.',1,NULL,0,NULL,'2025-10-20 06:49:09','2025-10-20 06:49:09'),(75,38,66,'Chào shop, cho mình hỏi sản phẩm này còn hàng không?',1,NULL,0,NULL,'2025-10-20 06:49:09','2025-10-20 06:49:09'),(76,38,12,'Chào bạn, sản phẩm này bên mình vẫn còn hàng ạ. Bạn đặt hàng nhé.',1,NULL,0,NULL,'2025-10-20 06:49:09','2025-10-20 06:49:09'),(77,39,81,'Chào shop, cho mình hỏi sản phẩm này còn hàng không?',1,NULL,0,NULL,'2025-10-20 06:49:09','2025-10-20 06:49:09'),(78,39,7,'Chào bạn, sản phẩm này bên mình vẫn còn hàng ạ. Bạn đặt hàng nhé.',1,NULL,0,NULL,'2025-10-20 06:49:09','2025-10-20 06:49:09'),(79,40,77,'Chào shop, cho mình hỏi sản phẩm này còn hàng không?',1,NULL,0,NULL,'2025-10-20 06:49:09','2025-10-20 06:49:09'),(80,40,19,'Chào bạn, sản phẩm này bên mình vẫn còn hàng ạ. Bạn đặt hàng nhé.',1,NULL,0,NULL,'2025-10-20 06:49:09','2025-10-20 06:49:09'),(81,41,32,'Chào shop, cho mình hỏi sản phẩm này còn hàng không?',1,NULL,0,NULL,'2025-10-20 06:49:09','2025-10-20 06:49:09'),(82,41,9,'Chào bạn, sản phẩm này bên mình vẫn còn hàng ạ. Bạn đặt hàng nhé.',1,NULL,0,NULL,'2025-10-20 06:49:09','2025-10-20 06:49:09'),(83,42,72,'Chào shop, cho mình hỏi sản phẩm này còn hàng không?',1,NULL,0,NULL,'2025-10-20 06:49:09','2025-10-20 06:49:09'),(84,42,11,'Chào bạn, sản phẩm này bên mình vẫn còn hàng ạ. Bạn đặt hàng nhé.',1,NULL,0,NULL,'2025-10-20 06:49:09','2025-10-20 06:49:09'),(85,43,32,'Chào shop, cho mình hỏi sản phẩm này còn hàng không?',1,NULL,0,NULL,'2025-10-20 06:49:09','2025-10-20 06:49:09'),(86,43,3,'Chào bạn, sản phẩm này bên mình vẫn còn hàng ạ. Bạn đặt hàng nhé.',1,NULL,0,NULL,'2025-10-20 06:49:09','2025-10-20 06:49:09'),(87,44,31,'Chào shop, cho mình hỏi sản phẩm này còn hàng không?',1,NULL,0,NULL,'2025-10-20 06:49:09','2025-10-20 06:49:09'),(88,44,19,'Chào bạn, sản phẩm này bên mình vẫn còn hàng ạ. Bạn đặt hàng nhé.',1,NULL,0,NULL,'2025-10-20 06:49:09','2025-10-20 06:49:09'),(89,45,52,'Chào shop, cho mình hỏi sản phẩm này còn hàng không?',1,NULL,0,NULL,'2025-10-20 06:49:09','2025-10-20 06:49:09'),(90,45,10,'Chào bạn, sản phẩm này bên mình vẫn còn hàng ạ. Bạn đặt hàng nhé.',1,NULL,0,NULL,'2025-10-20 06:49:09','2025-10-20 06:49:09'),(91,46,121,'Chào shop, cho mình hỏi sản phẩm này còn hàng không?',1,NULL,0,NULL,'2025-10-20 06:49:09','2025-10-20 06:49:09'),(92,46,17,'Chào bạn, sản phẩm này bên mình vẫn còn hàng ạ. Bạn đặt hàng nhé.',1,NULL,0,NULL,'2025-10-20 06:49:09','2025-10-20 06:49:09'),(93,47,28,'Chào shop, cho mình hỏi sản phẩm này còn hàng không?',1,NULL,0,NULL,'2025-10-20 06:49:09','2025-10-20 06:49:09'),(94,47,8,'Chào bạn, sản phẩm này bên mình vẫn còn hàng ạ. Bạn đặt hàng nhé.',1,NULL,0,NULL,'2025-10-20 06:49:09','2025-10-20 06:49:09'),(95,48,28,'Chào shop, cho mình hỏi sản phẩm này còn hàng không?',1,NULL,0,NULL,'2025-10-20 06:49:09','2025-10-20 06:49:09'),(96,48,12,'Chào bạn, sản phẩm này bên mình vẫn còn hàng ạ. Bạn đặt hàng nhé.',1,NULL,0,NULL,'2025-10-20 06:49:09','2025-10-20 06:49:09'),(97,49,48,'Chào shop, cho mình hỏi sản phẩm này còn hàng không?',1,NULL,0,NULL,'2025-10-20 06:49:09','2025-10-20 06:49:09'),(98,49,19,'Chào bạn, sản phẩm này bên mình vẫn còn hàng ạ. Bạn đặt hàng nhé.',1,NULL,0,NULL,'2025-10-20 06:49:09','2025-10-20 06:49:09'),(99,50,58,'Chào shop, cho mình hỏi sản phẩm này còn hàng không?',1,NULL,0,NULL,'2025-10-20 06:49:09','2025-10-20 06:49:09'),(100,50,8,'Chào bạn, sản phẩm này bên mình vẫn còn hàng ạ. Bạn đặt hàng nhé.',1,NULL,0,NULL,'2025-10-20 06:49:09','2025-10-20 06:49:09');
/*!40000 ALTER TABLE `chat_messages` ENABLE KEYS */;
UNLOCK TABLES;

--
-- Table structure for table `chat_participants`
--

DROP TABLE IF EXISTS `chat_participants`;
/*!40101 SET @saved_cs_client     = @@character_set_client */;
/*!50503 SET character_set_client = utf8mb4 */;
CREATE TABLE `chat_participants` (
  `chat_participant_id` bigint(20) unsigned NOT NULL AUTO_INCREMENT,
  `chat_room_id` bigint(20) unsigned NOT NULL,
  `user_id` bigint(20) unsigned NOT NULL,
  `joined_at` timestamp NOT NULL DEFAULT current_timestamp() ON UPDATE current_timestamp(),
  `left_at` timestamp NULL DEFAULT NULL,
  PRIMARY KEY (`chat_participant_id`),
  UNIQUE KEY `chat_participants_chat_room_id_user_id_unique` (`chat_room_id`,`user_id`),
  KEY `chat_participants_user_id_foreign` (`user_id`),
  CONSTRAINT `chat_participants_chat_room_id_foreign` FOREIGN KEY (`chat_room_id`) REFERENCES `chat_rooms` (`chat_room_id`) ON DELETE CASCADE,
  CONSTRAINT `chat_participants_user_id_foreign` FOREIGN KEY (`user_id`) REFERENCES `users` (`id`) ON DELETE CASCADE
) ENGINE=InnoDB AUTO_INCREMENT=101 DEFAULT CHARSET=utf8mb4 COLLATE=utf8mb4_unicode_ci;
/*!40101 SET character_set_client = @saved_cs_client */;

--
-- Dumping data for table `chat_participants`
--

LOCK TABLES `chat_participants` WRITE;
/*!40000 ALTER TABLE `chat_participants` DISABLE KEYS */;
INSERT INTO `chat_participants` VALUES (1,1,22,'2025-10-20 13:49:09',NULL),(2,1,3,'2025-10-20 13:49:09',NULL),(3,2,74,'2025-10-20 13:49:09',NULL),(4,2,18,'2025-10-20 13:49:09',NULL),(5,3,61,'2025-10-20 13:49:09',NULL),(6,3,13,'2025-10-20 13:49:09',NULL),(7,4,114,'2025-10-20 13:49:09',NULL),(8,4,5,'2025-10-20 13:49:09',NULL),(9,5,102,'2025-10-20 13:49:09',NULL),(10,5,9,'2025-10-20 13:49:09',NULL),(11,6,46,'2025-10-20 13:49:09',NULL),(12,6,13,'2025-10-20 13:49:09',NULL),(13,7,84,'2025-10-20 13:49:09',NULL),(14,7,12,'2025-10-20 13:49:09',NULL),(15,8,114,'2025-10-20 13:49:09',NULL),(16,8,16,'2025-10-20 13:49:09',NULL),(17,9,108,'2025-10-20 13:49:09',NULL),(18,9,17,'2025-10-20 13:49:09',NULL),(19,10,99,'2025-10-20 13:49:09',NULL),(20,10,20,'2025-10-20 13:49:09',NULL),(21,11,117,'2025-10-20 13:49:09',NULL),(22,11,2,'2025-10-20 13:49:09',NULL),(23,12,120,'2025-10-20 13:49:09',NULL),(24,12,6,'2025-10-20 13:49:09',NULL),(25,13,26,'2025-10-20 13:49:09',NULL),(26,13,8,'2025-10-20 13:49:09',NULL),(27,14,42,'2025-10-20 13:49:09',NULL),(28,14,11,'2025-10-20 13:49:09',NULL),(29,15,72,'2025-10-20 13:49:09',NULL),(30,15,16,'2025-10-20 13:49:09',NULL),(31,16,70,'2025-10-20 13:49:09',NULL),(32,16,2,'2025-10-20 13:49:09',NULL),(33,17,26,'2025-10-20 13:49:09',NULL),(34,17,11,'2025-10-20 13:49:09',NULL),(35,18,47,'2025-10-20 13:49:09',NULL),(36,18,15,'2025-10-20 13:49:09',NULL),(37,19,78,'2025-10-20 13:49:09',NULL),(38,19,15,'2025-10-20 13:49:09',NULL),(39,20,95,'2025-10-20 13:49:09',NULL),(40,20,11,'2025-10-20 13:49:09',NULL),(41,21,109,'2025-10-20 13:49:09',NULL),(42,21,2,'2025-10-20 13:49:09',NULL),(43,22,90,'2025-10-20 13:49:09',NULL),(44,22,13,'2025-10-20 13:49:09',NULL),(45,23,98,'2025-10-20 13:49:09',NULL),(46,23,10,'2025-10-20 13:49:09',NULL),(47,24,119,'2025-10-20 13:49:09',NULL),(48,24,15,'2025-10-20 13:49:09',NULL),(49,25,62,'2025-10-20 13:49:09',NULL),(50,25,17,'2025-10-20 13:49:09',NULL),(51,26,27,'2025-10-20 13:49:09',NULL),(52,26,13,'2025-10-20 13:49:09',NULL),(53,27,83,'2025-10-20 13:49:09',NULL),(54,27,21,'2025-10-20 13:49:09',NULL),(55,28,114,'2025-10-20 13:49:09',NULL),(56,28,11,'2025-10-20 13:49:09',NULL),(57,29,88,'2025-10-20 13:49:09',NULL),(58,29,18,'2025-10-20 13:49:09',NULL),(59,30,23,'2025-10-20 13:49:09',NULL),(60,30,10,'2025-10-20 13:49:09',NULL),(61,31,114,'2025-10-20 13:49:09',NULL),(62,31,13,'2025-10-20 13:49:09',NULL),(63,32,80,'2025-10-20 13:49:09',NULL),(64,32,2,'2025-10-20 13:49:09',NULL),(65,33,68,'2025-10-20 13:49:09',NULL),(66,33,12,'2025-10-20 13:49:09',NULL),(67,34,38,'2025-10-20 13:49:09',NULL),(68,34,2,'2025-10-20 13:49:09',NULL),(69,35,55,'2025-10-20 13:49:09',NULL),(70,35,13,'2025-10-20 13:49:09',NULL),(71,36,87,'2025-10-20 13:49:09',NULL),(72,36,3,'2025-10-20 13:49:09',NULL),(73,37,77,'2025-10-20 13:49:09',NULL),(74,37,12,'2025-10-20 13:49:09',NULL),(75,38,66,'2025-10-20 13:49:09',NULL),(76,38,12,'2025-10-20 13:49:09',NULL),(77,39,81,'2025-10-20 13:49:09',NULL),(78,39,7,'2025-10-20 13:49:09',NULL),(79,40,77,'2025-10-20 13:49:09',NULL),(80,40,19,'2025-10-20 13:49:09',NULL),(81,41,32,'2025-10-20 13:49:09',NULL),(82,41,9,'2025-10-20 13:49:09',NULL),(83,42,72,'2025-10-20 13:49:09',NULL),(84,42,11,'2025-10-20 13:49:09',NULL),(85,43,32,'2025-10-20 13:49:09',NULL),(86,43,3,'2025-10-20 13:49:09',NULL),(87,44,31,'2025-10-20 13:49:09',NULL),(88,44,19,'2025-10-20 13:49:09',NULL),(89,45,52,'2025-10-20 13:49:09',NULL),(90,45,10,'2025-10-20 13:49:09',NULL),(91,46,121,'2025-10-20 13:49:09',NULL),(92,46,17,'2025-10-20 13:49:09',NULL),(93,47,28,'2025-10-20 13:49:09',NULL),(94,47,8,'2025-10-20 13:49:09',NULL),(95,48,28,'2025-10-20 13:49:09',NULL),(96,48,12,'2025-10-20 13:49:09',NULL),(97,49,48,'2025-10-20 13:49:09',NULL),(98,49,19,'2025-10-20 13:49:09',NULL),(99,50,58,'2025-10-20 13:49:09',NULL),(100,50,8,'2025-10-20 13:49:09',NULL);
/*!40000 ALTER TABLE `chat_participants` ENABLE KEYS */;
UNLOCK TABLES;

--
-- Table structure for table `chat_rooms`
--

DROP TABLE IF EXISTS `chat_rooms`;
/*!40101 SET @saved_cs_client     = @@character_set_client */;
/*!50503 SET character_set_client = utf8mb4 */;
CREATE TABLE `chat_rooms` (
  `chat_room_id` bigint(20) unsigned NOT NULL AUTO_INCREMENT,
  `room_name` varchar(100) NOT NULL,
  `type` tinyint(4) NOT NULL COMMENT '1: User-to-User, 2: User-to-Seller',
  `is_active` tinyint(1) NOT NULL DEFAULT 1,
  `created_at` timestamp NULL DEFAULT NULL,
  `updated_at` timestamp NULL DEFAULT NULL,
  PRIMARY KEY (`chat_room_id`)
) ENGINE=InnoDB AUTO_INCREMENT=51 DEFAULT CHARSET=utf8mb4 COLLATE=utf8mb4_unicode_ci;
/*!40101 SET character_set_client = @saved_cs_client */;

--
-- Dumping data for table `chat_rooms`
--

LOCK TABLES `chat_rooms` WRITE;
/*!40000 ALTER TABLE `chat_rooms` DISABLE KEYS */;
INSERT INTO `chat_rooms` VALUES (1,'Chat between tca and kien69',2,1,'2025-10-20 06:49:09','2025-10-20 06:49:09'),(2,'Chat between phi.tuyen and minh81',2,1,'2025-10-20 06:49:09','2025-10-20 06:49:09'),(3,'Chat between khoa.cuong and kngan',2,1,'2025-10-20 06:49:09','2025-10-20 06:49:09'),(4,'Chat between binh59 and jkha',2,1,'2025-10-20 06:49:09','2025-10-20 06:49:09'),(5,'Chat between dang13 and au.nhan',2,1,'2025-10-20 06:49:09','2025-10-20 06:49:09'),(6,'Chat between khue19 and kngan',2,1,'2025-10-20 06:49:09','2025-10-20 06:49:09'),(7,'Chat between thanh31 and hu34',2,1,'2025-10-20 06:49:09','2025-10-20 06:49:09'),(8,'Chat between binh59 and giang.lai',2,1,'2025-10-20 06:49:09','2025-10-20 06:49:09'),(9,'Chat between hu.doan and rlo',2,1,'2025-10-20 06:49:09','2025-10-20 06:49:09'),(10,'Chat between banh.hieu and trung81',2,1,'2025-10-20 06:49:09','2025-10-20 06:49:09'),(11,'Chat between kieu.kim and snong',2,1,'2025-10-20 06:49:09','2025-10-20 06:49:09'),(12,'Chat between chuong.dao and han.tong',2,1,'2025-10-20 06:49:09','2025-10-20 06:49:09'),(13,'Chat between thuong80 and khng.chi',2,1,'2025-10-20 06:49:09','2025-10-20 06:49:09'),(14,'Chat between sma and jngan',2,1,'2025-10-20 06:49:09','2025-10-20 06:49:09'),(15,'Chat between dong.phuong and giang.lai',2,1,'2025-10-20 06:49:09','2025-10-20 06:49:09'),(16,'Chat between pdng and snong',2,1,'2025-10-20 06:49:09','2025-10-20 06:49:09'),(17,'Chat between thuong80 and jngan',2,1,'2025-10-20 06:49:09','2025-10-20 06:49:09'),(18,'Chat between tue.tong and tram.gia',2,1,'2025-10-20 06:49:09','2025-10-20 06:49:09'),(19,'Chat between nhu88 and tram.gia',2,1,'2025-10-20 06:49:09','2025-10-20 06:49:09'),(20,'Chat between zla and jngan',2,1,'2025-10-20 06:49:09','2025-10-20 06:49:09'),(21,'Chat between kxa and snong',2,1,'2025-10-20 06:49:09','2025-10-20 06:49:09'),(22,'Chat between hoan.van and kngan',2,1,'2025-10-20 06:49:09','2025-10-20 06:49:09'),(23,'Chat between bach.ong and chieu.thach',2,1,'2025-10-20 06:49:09','2025-10-20 06:49:09'),(24,'Chat between iong and tram.gia',2,1,'2025-10-20 06:49:09','2025-10-20 06:49:09'),(25,'Chat between nhung39 and rlo',2,1,'2025-10-20 06:49:09','2025-10-20 06:49:09'),(26,'Chat between xc and kngan',2,1,'2025-10-20 06:49:09','2025-10-20 06:49:09'),(27,'Chat between thi75 and rong',2,1,'2025-10-20 06:49:09','2025-10-20 06:49:09'),(28,'Chat between binh59 and jngan',2,1,'2025-10-20 06:49:09','2025-10-20 06:49:09'),(29,'Chat between yen83 and minh81',2,1,'2025-10-20 06:49:09','2025-10-20 06:49:09'),(30,'Chat between suong and chieu.thach',2,1,'2025-10-20 06:49:09','2025-10-20 06:49:09'),(31,'Chat between binh59 and kngan',2,1,'2025-10-20 06:49:09','2025-10-20 06:49:09'),(32,'Chat between ninh.ly and snong',2,1,'2025-10-20 06:49:09','2025-10-20 06:49:09'),(33,'Chat between du.vu and hu34',2,1,'2025-10-20 06:49:09','2025-10-20 06:49:09'),(34,'Chat between trc11 and snong',2,1,'2025-10-20 06:49:09','2025-10-20 06:49:09'),(35,'Chat between uma and kngan',2,1,'2025-10-20 06:49:09','2025-10-20 06:49:09'),(36,'Chat between thuy83 and kien69',2,1,'2025-10-20 06:49:09','2025-10-20 06:49:09'),(37,'Chat between nghiem05 and hu34',2,1,'2025-10-20 06:49:09','2025-10-20 06:49:09'),(38,'Chat between bnghi and hu34',2,1,'2025-10-20 06:49:09','2025-10-20 06:49:09'),(39,'Chat between kl and anh62',2,1,'2025-10-20 06:49:09','2025-10-20 06:49:09'),(40,'Chat between nghiem05 and chn99',2,1,'2025-10-20 06:49:09','2025-10-20 06:49:09'),(41,'Chat between kha.cn and au.nhan',2,1,'2025-10-20 06:49:09','2025-10-20 06:49:09'),(42,'Chat between dong.phuong and jngan',2,1,'2025-10-20 06:49:09','2025-10-20 06:49:09'),(43,'Chat between kha.cn and kien69',2,1,'2025-10-20 06:49:09','2025-10-20 06:49:09'),(44,'Chat between phat17 and chn99',2,1,'2025-10-20 06:49:09','2025-10-20 06:49:09'),(45,'Chat between nguyen36 and chieu.thach',2,1,'2025-10-20 06:49:09','2025-10-20 06:49:09'),(46,'Chat between quyet.nong and rlo',2,1,'2025-10-20 06:49:09','2025-10-20 06:49:09'),(47,'Chat between an.l and khng.chi',2,1,'2025-10-20 06:49:09','2025-10-20 06:49:09'),(48,'Chat between an.l and hu34',2,1,'2025-10-20 06:49:09','2025-10-20 06:49:09'),(49,'Chat between tien.ma and chn99',2,1,'2025-10-20 06:49:09','2025-10-20 06:49:09'),(50,'Chat between btrang and khng.chi',2,1,'2025-10-20 06:49:09','2025-10-20 06:49:09');
/*!40000 ALTER TABLE `chat_rooms` ENABLE KEYS */;
UNLOCK TABLES;

--
-- Table structure for table `countries`
--

DROP TABLE IF EXISTS `countries`;
/*!40101 SET @saved_cs_client     = @@character_set_client */;
/*!50503 SET character_set_client = utf8mb4 */;
CREATE TABLE `countries` (
  `id` bigint(20) unsigned NOT NULL AUTO_INCREMENT,
  `name` longtext CHARACTER SET utf8mb4 COLLATE utf8mb4_bin NOT NULL CHECK (json_valid(`name`)),
  `iso_code_2` varchar(2) NOT NULL,
  `created_at` timestamp NULL DEFAULT NULL,
  `updated_at` timestamp NULL DEFAULT NULL,
  PRIMARY KEY (`id`),
  UNIQUE KEY `countries_iso_code_2_unique` (`iso_code_2`)
) ENGINE=InnoDB DEFAULT CHARSET=utf8mb4 COLLATE=utf8mb4_unicode_ci;
/*!40101 SET character_set_client = @saved_cs_client */;

--
-- Dumping data for table `countries`
--

LOCK TABLES `countries` WRITE;
/*!40000 ALTER TABLE `countries` DISABLE KEYS */;
/*!40000 ALTER TABLE `countries` ENABLE KEYS */;
UNLOCK TABLES;

--
-- Table structure for table `customer_segment_membership`
--

DROP TABLE IF EXISTS `customer_segment_membership`;
/*!40101 SET @saved_cs_client     = @@character_set_client */;
/*!50503 SET character_set_client = utf8mb4 */;
CREATE TABLE `customer_segment_membership` (
  `membership_id` bigint(20) unsigned NOT NULL AUTO_INCREMENT,
  `segment_id` bigint(20) unsigned NOT NULL,
  `customer_id` bigint(20) unsigned NOT NULL,
  `joined_at` timestamp NOT NULL DEFAULT current_timestamp(),
  PRIMARY KEY (`membership_id`),
  UNIQUE KEY `customer_segment_membership_segment_id_customer_id_unique` (`segment_id`,`customer_id`),
  KEY `customer_segment_membership_customer_id_index` (`customer_id`),
  CONSTRAINT `customer_segment_membership_customer_id_foreign` FOREIGN KEY (`customer_id`) REFERENCES `users` (`id`) ON DELETE CASCADE,
  CONSTRAINT `customer_segment_membership_segment_id_foreign` FOREIGN KEY (`segment_id`) REFERENCES `customer_segments` (`segment_id`) ON DELETE CASCADE
) ENGINE=InnoDB DEFAULT CHARSET=utf8mb4 COLLATE=utf8mb4_unicode_ci;
/*!40101 SET character_set_client = @saved_cs_client */;

--
-- Dumping data for table `customer_segment_membership`
--

LOCK TABLES `customer_segment_membership` WRITE;
/*!40000 ALTER TABLE `customer_segment_membership` DISABLE KEYS */;
/*!40000 ALTER TABLE `customer_segment_membership` ENABLE KEYS */;
UNLOCK TABLES;

--
-- Table structure for table `customer_segments`
--

DROP TABLE IF EXISTS `customer_segments`;
/*!40101 SET @saved_cs_client     = @@character_set_client */;
/*!50503 SET character_set_client = utf8mb4 */;
CREATE TABLE `customer_segments` (
  `segment_id` bigint(20) unsigned NOT NULL AUTO_INCREMENT,
  `name` varchar(255) NOT NULL,
  `description` text DEFAULT NULL,
  `rules` longtext CHARACTER SET utf8mb4 COLLATE utf8mb4_bin NOT NULL CHECK (json_valid(`rules`)),
  `customer_count` int(10) unsigned NOT NULL DEFAULT 0,
  `is_active` tinyint(1) NOT NULL DEFAULT 1,
  `created_at` timestamp NULL DEFAULT NULL,
  `updated_at` timestamp NULL DEFAULT NULL,
  PRIMARY KEY (`segment_id`),
  KEY `customer_segments_is_active_customer_count_index` (`is_active`,`customer_count`)
) ENGINE=InnoDB DEFAULT CHARSET=utf8mb4 COLLATE=utf8mb4_unicode_ci;
/*!40101 SET character_set_client = @saved_cs_client */;

--
-- Dumping data for table `customer_segments`
--

LOCK TABLES `customer_segments` WRITE;
/*!40000 ALTER TABLE `customer_segments` DISABLE KEYS */;
/*!40000 ALTER TABLE `customer_segments` ENABLE KEYS */;
UNLOCK TABLES;

--
-- Table structure for table `dispute_messages`
--

DROP TABLE IF EXISTS `dispute_messages`;
/*!40101 SET @saved_cs_client     = @@character_set_client */;
/*!50503 SET character_set_client = utf8mb4 */;
CREATE TABLE `dispute_messages` (
  `dispute_message_id` bigint(20) unsigned NOT NULL AUTO_INCREMENT,
  `dispute_id` bigint(20) unsigned NOT NULL,
  `sender_id` bigint(20) unsigned NOT NULL,
  `content` text NOT NULL,
  `attachment_url` varchar(500) DEFAULT NULL,
  `is_admin_message` tinyint(1) NOT NULL DEFAULT 0,
  `created_at` timestamp NULL DEFAULT NULL,
  `updated_at` timestamp NULL DEFAULT NULL,
  PRIMARY KEY (`dispute_message_id`),
  KEY `dispute_messages_dispute_id_foreign` (`dispute_id`),
  KEY `dispute_messages_sender_id_foreign` (`sender_id`),
  CONSTRAINT `dispute_messages_dispute_id_foreign` FOREIGN KEY (`dispute_id`) REFERENCES `disputes` (`dispute_id`) ON DELETE CASCADE,
  CONSTRAINT `dispute_messages_sender_id_foreign` FOREIGN KEY (`sender_id`) REFERENCES `users` (`id`)
) ENGINE=InnoDB AUTO_INCREMENT=31 DEFAULT CHARSET=utf8mb4 COLLATE=utf8mb4_unicode_ci;
/*!40101 SET character_set_client = @saved_cs_client */;

--
-- Dumping data for table `dispute_messages`
--

LOCK TABLES `dispute_messages` WRITE;
/*!40000 ALTER TABLE `dispute_messages` DISABLE KEYS */;
INSERT INTO `dispute_messages` VALUES (1,1,26,'Tôi muốn khiếu nại về chất lượng sản phẩm trong đơn hàng này.',NULL,0,'2025-10-20 06:49:09','2025-10-20 06:49:09'),(2,2,29,'Tôi muốn khiếu nại về chất lượng sản phẩm trong đơn hàng này.',NULL,0,'2025-10-20 06:49:09','2025-10-20 06:49:09'),(3,3,31,'Tôi muốn khiếu nại về chất lượng sản phẩm trong đơn hàng này.',NULL,0,'2025-10-20 06:49:09','2025-10-20 06:49:09'),(4,4,33,'Tôi muốn khiếu nại về chất lượng sản phẩm trong đơn hàng này.',NULL,0,'2025-10-20 06:49:09','2025-10-20 06:49:09'),(5,5,37,'Tôi muốn khiếu nại về chất lượng sản phẩm trong đơn hàng này.',NULL,0,'2025-10-20 06:49:09','2025-10-20 06:49:09'),(6,6,39,'Tôi muốn khiếu nại về chất lượng sản phẩm trong đơn hàng này.',NULL,0,'2025-10-20 06:49:09','2025-10-20 06:49:09'),(7,7,39,'Tôi muốn khiếu nại về chất lượng sản phẩm trong đơn hàng này.',NULL,0,'2025-10-20 06:49:09','2025-10-20 06:49:09'),(8,8,42,'Tôi muốn khiếu nại về chất lượng sản phẩm trong đơn hàng này.',NULL,0,'2025-10-20 06:49:09','2025-10-20 06:49:09'),(9,9,43,'Tôi muốn khiếu nại về chất lượng sản phẩm trong đơn hàng này.',NULL,0,'2025-10-20 06:49:09','2025-10-20 06:49:09'),(10,10,44,'Tôi muốn khiếu nại về chất lượng sản phẩm trong đơn hàng này.',NULL,0,'2025-10-20 06:49:09','2025-10-20 06:49:09'),(11,11,45,'Tôi muốn khiếu nại về chất lượng sản phẩm trong đơn hàng này.',NULL,0,'2025-10-20 06:49:09','2025-10-20 06:49:09'),(12,12,49,'Tôi muốn khiếu nại về chất lượng sản phẩm trong đơn hàng này.',NULL,0,'2025-10-20 06:49:09','2025-10-20 06:49:09'),(13,13,56,'Tôi muốn khiếu nại về chất lượng sản phẩm trong đơn hàng này.',NULL,0,'2025-10-20 06:49:09','2025-10-20 06:49:09'),(14,14,60,'Tôi muốn khiếu nại về chất lượng sản phẩm trong đơn hàng này.',NULL,0,'2025-10-20 06:49:09','2025-10-20 06:49:09'),(15,15,67,'Tôi muốn khiếu nại về chất lượng sản phẩm trong đơn hàng này.',NULL,0,'2025-10-20 06:49:09','2025-10-20 06:49:09'),(16,16,68,'Tôi muốn khiếu nại về chất lượng sản phẩm trong đơn hàng này.',NULL,0,'2025-10-20 06:49:09','2025-10-20 06:49:09'),(17,17,71,'Tôi muốn khiếu nại về chất lượng sản phẩm trong đơn hàng này.',NULL,0,'2025-10-20 06:49:09','2025-10-20 06:49:09'),(18,18,71,'Tôi muốn khiếu nại về chất lượng sản phẩm trong đơn hàng này.',NULL,0,'2025-10-20 06:49:09','2025-10-20 06:49:09'),(19,19,82,'Tôi muốn khiếu nại về chất lượng sản phẩm trong đơn hàng này.',NULL,0,'2025-10-20 06:49:09','2025-10-20 06:49:09'),(20,20,84,'Tôi muốn khiếu nại về chất lượng sản phẩm trong đơn hàng này.',NULL,0,'2025-10-20 06:49:09','2025-10-20 06:49:09'),(21,21,86,'Tôi muốn khiếu nại về chất lượng sản phẩm trong đơn hàng này.',NULL,0,'2025-10-20 06:49:09','2025-10-20 06:49:09'),(22,22,90,'Tôi muốn khiếu nại về chất lượng sản phẩm trong đơn hàng này.',NULL,0,'2025-10-20 06:49:09','2025-10-20 06:49:09'),(23,23,92,'Tôi muốn khiếu nại về chất lượng sản phẩm trong đơn hàng này.',NULL,0,'2025-10-20 06:49:09','2025-10-20 06:49:09'),(24,24,100,'Tôi muốn khiếu nại về chất lượng sản phẩm trong đơn hàng này.',NULL,0,'2025-10-20 06:49:09','2025-10-20 06:49:09'),(25,25,102,'Tôi muốn khiếu nại về chất lượng sản phẩm trong đơn hàng này.',NULL,0,'2025-10-20 06:49:09','2025-10-20 06:49:09'),(26,26,103,'Tôi muốn khiếu nại về chất lượng sản phẩm trong đơn hàng này.',NULL,0,'2025-10-20 06:49:09','2025-10-20 06:49:09'),(27,27,105,'Tôi muốn khiếu nại về chất lượng sản phẩm trong đơn hàng này.',NULL,0,'2025-10-20 06:49:09','2025-10-20 06:49:09'),(28,28,108,'Tôi muốn khiếu nại về chất lượng sản phẩm trong đơn hàng này.',NULL,0,'2025-10-20 06:49:09','2025-10-20 06:49:09'),(29,29,119,'Tôi muốn khiếu nại về chất lượng sản phẩm trong đơn hàng này.',NULL,0,'2025-10-20 06:49:09','2025-10-20 06:49:09'),(30,30,120,'Tôi muốn khiếu nại về chất lượng sản phẩm trong đơn hàng này.',NULL,0,'2025-10-20 06:49:09','2025-10-20 06:49:09');
/*!40000 ALTER TABLE `dispute_messages` ENABLE KEYS */;
UNLOCK TABLES;

--
-- Table structure for table `disputes`
--

DROP TABLE IF EXISTS `disputes`;
/*!40101 SET @saved_cs_client     = @@character_set_client */;
/*!50503 SET character_set_client = utf8mb4 */;
CREATE TABLE `disputes` (
  `dispute_id` bigint(20) unsigned NOT NULL AUTO_INCREMENT,
  `order_id` bigint(20) unsigned NOT NULL,
  `customer_id` bigint(20) unsigned NOT NULL,
  `seller_id` bigint(20) unsigned NOT NULL,
  `subject` varchar(200) NOT NULL,
  `description` text NOT NULL,
  `status` enum('open','under_review','resolved','closed') NOT NULL DEFAULT 'open' COMMENT 'Dispute status using ENUM values',
  `type` tinyint(4) NOT NULL COMMENT '1: Item not received, 2: Item not as described, 3: Other',
  `assigned_admin_id` bigint(20) unsigned DEFAULT NULL,
  `resolution` text DEFAULT NULL,
  `resolved_at` timestamp NULL DEFAULT NULL,
  `created_at` timestamp NULL DEFAULT NULL,
  `updated_at` timestamp NULL DEFAULT NULL,
  PRIMARY KEY (`dispute_id`),
  KEY `disputes_order_id_foreign` (`order_id`),
  KEY `disputes_customer_id_foreign` (`customer_id`),
  KEY `disputes_seller_id_foreign` (`seller_id`),
  KEY `disputes_assigned_admin_id_foreign` (`assigned_admin_id`),
  CONSTRAINT `disputes_assigned_admin_id_foreign` FOREIGN KEY (`assigned_admin_id`) REFERENCES `users` (`id`) ON DELETE SET NULL,
  CONSTRAINT `disputes_customer_id_foreign` FOREIGN KEY (`customer_id`) REFERENCES `users` (`id`),
  CONSTRAINT `disputes_order_id_foreign` FOREIGN KEY (`order_id`) REFERENCES `orders` (`order_id`),
  CONSTRAINT `disputes_seller_id_foreign` FOREIGN KEY (`seller_id`) REFERENCES `users` (`id`)
) ENGINE=InnoDB AUTO_INCREMENT=31 DEFAULT CHARSET=utf8mb4 COLLATE=utf8mb4_unicode_ci;
/*!40101 SET character_set_client = @saved_cs_client */;

--
-- Dumping data for table `disputes`
--

LOCK TABLES `disputes` WRITE;
/*!40000 ALTER TABLE `disputes` DISABLE KEYS */;
INSERT INTO `disputes` VALUES (1,15,26,3,'Khiếu nại về đơn hàng ORD-95886055','Repudiandae fuga iusto commodi. Quaerat autem quibusdam quo illo magnam exercitationem.','resolved',1,1,NULL,NULL,'2025-10-20 06:49:09','2025-10-20 06:49:09'),(2,26,29,3,'Khiếu nại về đơn hàng ORD-23046483','Deserunt dignissimos eos recusandae. Error aliquid ut nostrum consequatur labore. Explicabo eligendi minima earum enim voluptatem consequatur.','under_review',1,1,NULL,NULL,'2025-10-20 06:49:09','2025-10-20 06:49:09'),(3,30,31,3,'Khiếu nại về đơn hàng ORD-4056582','In sapiente soluta iste corporis. Neque molestiae dolor quasi ut voluptatum unde aut animi. Delectus incidunt consequatur quia rem. Eos in corrupti autem voluptas pariatur est.','closed',2,1,NULL,NULL,'2025-10-20 06:49:09','2025-10-20 06:49:09'),(4,39,33,14,'Khiếu nại về đơn hàng ORD-64141623','Soluta voluptatum quam quo voluptatibus qui voluptates. Dignissimos facere voluptas est et voluptas quia et. Veritatis debitis et velit aperiam sit. Ut illum enim molestias quidem occaecati blanditiis consequatur accusamus. Ex magni esse minus beatae repudiandae sint ipsa.','open',1,1,NULL,NULL,'2025-10-20 06:49:09','2025-10-20 06:49:09'),(5,51,37,5,'Khiếu nại về đơn hàng ORD-61861107','Tenetur distinctio suscipit ut laboriosam nemo vitae quia cumque. Recusandae incidunt illo asperiores. Totam facere ex ea odit cum eligendi. Omnis ea eum vel iure eum.','resolved',3,1,NULL,NULL,'2025-10-20 06:49:09','2025-10-20 06:49:09'),(6,57,39,4,'Khiếu nại về đơn hàng ORD-23764696','Libero error saepe labore quaerat nemo id. In a deserunt illum illum et ut. Quia labore quod cum laudantium dicta quibusdam officiis sapiente. Error id id aut amet ipsa libero quo.','closed',1,1,NULL,NULL,'2025-10-20 06:49:09','2025-10-20 06:49:09'),(7,58,39,19,'Khiếu nại về đơn hàng ORD-86613834','Error veritatis earum aut ex vel delectus qui. Et sed omnis aut enim. Eos quae animi qui occaecati.','closed',1,1,NULL,NULL,'2025-10-20 06:49:09','2025-10-20 06:49:09'),(8,68,42,8,'Khiếu nại về đơn hàng ORD-78725385','Quia praesentium blanditiis excepturi ab et et. Aliquam dolores mollitia quia. At laborum autem non ipsa voluptatem. Doloremque perferendis excepturi fugit commodi doloribus molestiae.','under_review',3,1,NULL,NULL,'2025-10-20 06:49:09','2025-10-20 06:49:09'),(9,71,43,2,'Khiếu nại về đơn hàng ORD-14120140','Aut ut velit dolorem doloremque non. Illo excepturi totam dicta autem nesciunt velit. Omnis porro id fugit nesciunt eos sequi.','open',3,1,NULL,NULL,'2025-10-20 06:49:09','2025-10-20 06:49:09'),(10,77,44,18,'Khiếu nại về đơn hàng ORD-3004691','Nisi voluptatem rem sit non ipsum consectetur nisi. Repudiandae quo suscipit totam qui. Ab est aliquam voluptatibus possimus et. Mollitia molestiae nam explicabo deserunt.','open',1,1,NULL,NULL,'2025-10-20 06:49:09','2025-10-20 06:49:09'),(11,78,45,4,'Khiếu nại về đơn hàng ORD-51017135','Sunt et molestiae minima autem reiciendis. Veniam molestiae magnam hic recusandae a.','under_review',2,1,NULL,NULL,'2025-10-20 06:49:09','2025-10-20 06:49:09'),(12,94,49,14,'Khiếu nại về đơn hàng ORD-17953278','Minima ut eos nihil est iste qui rem. Sapiente et qui quae. Et consequatur similique asperiores vel. Repellendus eum sed cum recusandae rerum.','closed',3,1,NULL,NULL,'2025-10-20 06:49:09','2025-10-20 06:49:09'),(13,122,56,2,'Khiếu nại về đơn hàng ORD-4508472','Facere et nostrum quibusdam iste earum. Commodi quidem odio velit doloremque occaecati pariatur harum. Maxime doloribus voluptatibus iusto quibusdam consectetur quia qui.','resolved',2,1,NULL,NULL,'2025-10-20 06:49:09','2025-10-20 06:49:09'),(14,127,60,12,'Khiếu nại về đơn hàng ORD-4342662','Nulla doloribus molestiae officia. Tenetur animi odit enim praesentium. Quo est rerum quis et atque eveniet. Facilis nesciunt laboriosam omnis totam mollitia. Voluptatem saepe molestiae vel nemo consequatur omnis asperiores.','under_review',2,1,NULL,NULL,'2025-10-20 06:49:09','2025-10-20 06:49:09'),(15,150,67,7,'Khiếu nại về đơn hàng ORD-99000656','Odit quas illo temporibus suscipit quis nam mollitia cumque. Soluta minima amet eum. Et quia ipsam doloremque perspiciatis. Excepturi et possimus nobis dicta earum autem sit. Eius qui sed qui asperiores fugit nam.','under_review',2,1,NULL,NULL,'2025-10-20 06:49:09','2025-10-20 06:49:09'),(16,155,68,8,'Khiếu nại về đơn hàng ORD-83806480','Dicta adipisci aut enim. Quis similique nobis velit tempore voluptatibus. Molestiae nesciunt esse est eius adipisci inventore. Molestias qui sequi necessitatibus blanditiis.','open',2,1,NULL,NULL,'2025-10-20 06:49:09','2025-10-20 06:49:09'),(17,163,71,20,'Khiếu nại về đơn hàng ORD-29412257','Cum dolorum architecto aperiam enim in non. Possimus error tempore quo ipsa rerum. Voluptatum deleniti maxime provident.','open',3,1,NULL,NULL,'2025-10-20 06:49:09','2025-10-20 06:49:09'),(18,165,71,19,'Khiếu nại về đơn hàng ORD-49285674','Molestiae autem earum esse quisquam exercitationem numquam. Est voluptatem ex alias magni doloremque. Porro sunt aspernatur magnam et deleniti autem. Officiis nobis dolore labore molestiae.','resolved',3,1,NULL,NULL,'2025-10-20 06:49:09','2025-10-20 06:49:09'),(19,195,82,14,'Khiếu nại về đơn hàng ORD-35504899','Hic quaerat delectus explicabo quia distinctio aut velit. Blanditiis placeat possimus blanditiis voluptatem culpa dolores velit. Voluptatem et eius voluptate id quia. Voluptatem est placeat ab sit.','open',1,1,NULL,NULL,'2025-10-20 06:49:09','2025-10-20 06:49:09'),(20,202,84,3,'Khiếu nại về đơn hàng ORD-30917273','Eum aut ea et qui. Amet blanditiis rem aspernatur ut sint. Alias atque omnis magni ratione voluptatibus et. Minima nihil doloremque voluptatem odit vel optio veniam.','resolved',3,1,NULL,NULL,'2025-10-20 06:49:09','2025-10-20 06:49:09'),(21,209,86,8,'Khiếu nại về đơn hàng ORD-5509901','Qui commodi dolorum quia adipisci. Ea voluptas hic dolores dolores reiciendis. Ipsa ipsa repellat sint est debitis quasi sed et. Consequatur est voluptatem reiciendis.','resolved',1,1,NULL,NULL,'2025-10-20 06:49:09','2025-10-20 06:49:09'),(22,222,90,19,'Khiếu nại về đơn hàng ORD-18003840','Eum repudiandae distinctio a. Est consequatur cum illo temporibus. Magnam et doloribus quaerat soluta.','open',2,1,NULL,NULL,'2025-10-20 06:49:09','2025-10-20 06:49:09'),(23,226,92,19,'Khiếu nại về đơn hàng ORD-11339906','Eius illo laboriosam animi ullam est possimus porro et. Consectetur corporis dolores cum. Cumque eveniet nihil aperiam molestiae.','resolved',1,1,NULL,NULL,'2025-10-20 06:49:09','2025-10-20 06:49:09'),(24,253,100,4,'Khiếu nại về đơn hàng ORD-18946338','Architecto vitae quasi eligendi. Aut ea minima tempore qui nemo hic. Repudiandae laborum cum velit aliquam expedita nesciunt ab. Nam et et et velit.','closed',1,1,NULL,NULL,'2025-10-20 06:49:09','2025-10-20 06:49:09'),(25,260,102,9,'Khiếu nại về đơn hàng ORD-49508161','Et minima voluptas atque sapiente. Rerum consequatur velit ut quasi voluptas. Illo neque eos aperiam repudiandae earum.','resolved',3,1,NULL,NULL,'2025-10-20 06:49:09','2025-10-20 06:49:09'),(26,262,103,20,'Khiếu nại về đơn hàng ORD-61139833','Provident nihil expedita quia ex iure. Enim qui laborum placeat non qui assumenda accusantium. Consequuntur consequatur assumenda voluptas totam.','resolved',2,1,NULL,NULL,'2025-10-20 06:49:09','2025-10-20 06:49:09'),(27,266,105,3,'Khiếu nại về đơn hàng ORD-49282977','Dolor placeat hic sunt. Velit doloribus ipsum fuga iste. Atque autem doloremque excepturi corrupti. Aut non adipisci deserunt.','resolved',3,1,NULL,NULL,'2025-10-20 06:49:09','2025-10-20 06:49:09'),(28,277,108,16,'Khiếu nại về đơn hàng ORD-53084545','Saepe praesentium repudiandae est ea quis. Libero est ducimus fugit consequatur quibusdam illo et. Rerum nam dolorem natus doloremque. Qui ratione aut et consequuntur.','closed',2,1,NULL,NULL,'2025-10-20 06:49:09','2025-10-20 06:49:09'),(29,311,119,16,'Khiếu nại về đơn hàng ORD-35371265','Eveniet magni officiis ut corrupti numquam rerum iusto. Ducimus non maxime asperiores eos. Qui velit molestias exercitationem omnis et.','under_review',1,1,NULL,NULL,'2025-10-20 06:49:09','2025-10-20 06:49:09'),(30,314,120,2,'Khiếu nại về đơn hàng ORD-83637907','Aut id sapiente dolore autem doloremque nam autem praesentium. Necessitatibus quaerat sapiente est. Deleniti dolores mollitia ad repellendus repudiandae non. Ut delectus facere totam nulla commodi at.','resolved',2,1,NULL,NULL,'2025-10-20 06:49:09','2025-10-20 06:49:09');
/*!40000 ALTER TABLE `disputes` ENABLE KEYS */;
UNLOCK TABLES;

--
-- Table structure for table `failed_jobs`
--

DROP TABLE IF EXISTS `failed_jobs`;
/*!40101 SET @saved_cs_client     = @@character_set_client */;
/*!50503 SET character_set_client = utf8mb4 */;
CREATE TABLE `failed_jobs` (
  `id` bigint(20) unsigned NOT NULL AUTO_INCREMENT,
  `uuid` varchar(255) NOT NULL,
  `connection` text NOT NULL,
  `queue` text NOT NULL,
  `payload` longtext NOT NULL,
  `exception` longtext NOT NULL,
  `failed_at` timestamp NOT NULL DEFAULT current_timestamp(),
  PRIMARY KEY (`id`),
  UNIQUE KEY `failed_jobs_uuid_unique` (`uuid`)
) ENGINE=InnoDB DEFAULT CHARSET=utf8mb4 COLLATE=utf8mb4_unicode_ci;
/*!40101 SET character_set_client = @saved_cs_client */;

--
-- Dumping data for table `failed_jobs`
--

LOCK TABLES `failed_jobs` WRITE;
/*!40000 ALTER TABLE `failed_jobs` DISABLE KEYS */;
/*!40000 ALTER TABLE `failed_jobs` ENABLE KEYS */;
UNLOCK TABLES;

--
-- Table structure for table `flash_sale_events`
--

DROP TABLE IF EXISTS `flash_sale_events`;
/*!40101 SET @saved_cs_client     = @@character_set_client */;
/*!50503 SET character_set_client = utf8mb4 */;
CREATE TABLE `flash_sale_events` (
  `id` bigint(20) unsigned NOT NULL AUTO_INCREMENT,
  `name` varchar(255) NOT NULL COMMENT 'Tên sự kiện Flash Sale',
  `start_time` timestamp NULL DEFAULT NULL COMMENT 'Thời gian bắt đầu sự kiện',
  `end_time` timestamp NULL DEFAULT NULL COMMENT 'Thời gian kết thúc sự kiện',
  `status` enum('scheduled','active','ended','cancelled') NOT NULL DEFAULT 'scheduled' COMMENT 'Trạng thái sự kiện: scheduled, active, ended, cancelled',
  `description` text DEFAULT NULL COMMENT 'Mô tả sự kiện',
  `banner_image` varchar(500) DEFAULT NULL COMMENT 'Ảnh banner sự kiện',
  `metadata` longtext CHARACTER SET utf8mb4 COLLATE utf8mb4_bin DEFAULT NULL COMMENT 'Dữ liệu bổ sung (JSON)' CHECK (json_valid(`metadata`)),
  `created_at` timestamp NULL DEFAULT NULL,
  `updated_at` timestamp NULL DEFAULT NULL,
  PRIMARY KEY (`id`),
  KEY `flash_sale_events_status_time_index` (`status`,`start_time`,`end_time`),
  KEY `flash_sale_events_time_index` (`start_time`,`end_time`)
) ENGINE=InnoDB DEFAULT CHARSET=utf8mb4 COLLATE=utf8mb4_unicode_ci;
/*!40101 SET character_set_client = @saved_cs_client */;

--
-- Dumping data for table `flash_sale_events`
--

LOCK TABLES `flash_sale_events` WRITE;
/*!40000 ALTER TABLE `flash_sale_events` DISABLE KEYS */;
/*!40000 ALTER TABLE `flash_sale_events` ENABLE KEYS */;
UNLOCK TABLES;

--
-- Table structure for table `flash_sale_products`
--

DROP TABLE IF EXISTS `flash_sale_products`;
/*!40101 SET @saved_cs_client     = @@character_set_client */;
/*!50503 SET character_set_client = utf8mb4 */;
CREATE TABLE `flash_sale_products` (
  `id` bigint(20) unsigned NOT NULL AUTO_INCREMENT,
  `flash_sale_event_id` bigint(20) unsigned NOT NULL,
  `product_variant_id` bigint(20) unsigned NOT NULL,
  `flash_sale_price` decimal(15,2) NOT NULL COMMENT 'Giá Flash Sale của sản phẩm',
  `quantity_limit` int(11) NOT NULL DEFAULT 0 COMMENT 'Số lượng giới hạn cho Flash Sale',
  `sold_count` int(11) NOT NULL DEFAULT 0 COMMENT 'Số lượng đã bán trong Flash Sale',
  `discount_percentage` decimal(5,2) DEFAULT NULL COMMENT 'Phần trăm giảm giá so với giá gốc',
  `max_quantity_per_user` int(11) NOT NULL DEFAULT 1 COMMENT 'Số lượng tối đa mỗi người dùng có thể mua',
  `metadata` longtext CHARACTER SET utf8mb4 COLLATE utf8mb4_bin DEFAULT NULL COMMENT 'Dữ liệu bổ sung (JSON)' CHECK (json_valid(`metadata`)),
  `created_at` timestamp NULL DEFAULT NULL,
  `updated_at` timestamp NULL DEFAULT NULL,
  PRIMARY KEY (`id`),
  UNIQUE KEY `flash_sale_event_product_unique` (`flash_sale_event_id`,`product_variant_id`),
  KEY `flash_sale_products_event_sold_index` (`flash_sale_event_id`,`sold_count`),
  KEY `flash_sale_products_variant_index` (`product_variant_id`),
  KEY `flash_sale_products_price_index` (`flash_sale_price`),
  CONSTRAINT `flash_sale_products_flash_sale_event_id_foreign` FOREIGN KEY (`flash_sale_event_id`) REFERENCES `flash_sale_events` (`id`) ON DELETE CASCADE,
  CONSTRAINT `flash_sale_products_product_variant_id_foreign` FOREIGN KEY (`product_variant_id`) REFERENCES `product_variants` (`variant_id`) ON DELETE CASCADE
) ENGINE=InnoDB DEFAULT CHARSET=utf8mb4 COLLATE=utf8mb4_unicode_ci;
/*!40101 SET character_set_client = @saved_cs_client */;

--
-- Dumping data for table `flash_sale_products`
--

LOCK TABLES `flash_sale_products` WRITE;
/*!40000 ALTER TABLE `flash_sale_products` DISABLE KEYS */;
/*!40000 ALTER TABLE `flash_sale_products` ENABLE KEYS */;
UNLOCK TABLES;

--
-- Table structure for table `hubs`
--

DROP TABLE IF EXISTS `hubs`;
/*!40101 SET @saved_cs_client     = @@character_set_client */;
/*!50503 SET character_set_client = utf8mb4 */;
CREATE TABLE `hubs` (
  `id` bigint(20) unsigned NOT NULL AUTO_INCREMENT,
  `name` varchar(255) NOT NULL,
  `address` text NOT NULL,
  `ward_id` bigint(20) unsigned DEFAULT NULL,
  `latitude` decimal(10,8) DEFAULT NULL,
  `longitude` decimal(11,8) DEFAULT NULL,
  `created_at` timestamp NULL DEFAULT NULL,
  `updated_at` timestamp NULL DEFAULT NULL,
  PRIMARY KEY (`id`),
  KEY `hubs_ward_id_foreign` (`ward_id`),
  CONSTRAINT `hubs_ward_id_foreign` FOREIGN KEY (`ward_id`) REFERENCES `administrative_divisions` (`id`)
) ENGINE=InnoDB DEFAULT CHARSET=utf8mb4 COLLATE=utf8mb4_unicode_ci;
/*!40101 SET character_set_client = @saved_cs_client */;

--
-- Dumping data for table `hubs`
--

LOCK TABLES `hubs` WRITE;
/*!40000 ALTER TABLE `hubs` DISABLE KEYS */;
/*!40000 ALTER TABLE `hubs` ENABLE KEYS */;
UNLOCK TABLES;

--
-- Table structure for table `international_addresses`
--

DROP TABLE IF EXISTS `international_addresses`;
/*!40101 SET @saved_cs_client     = @@character_set_client */;
/*!50503 SET character_set_client = utf8mb4 */;
CREATE TABLE `international_addresses` (
  `id` bigint(20) unsigned NOT NULL AUTO_INCREMENT,
  `addressable_type` varchar(255) NOT NULL,
  `addressable_id` bigint(20) unsigned NOT NULL,
  `type` enum('billing','shipping','pickup','default') NOT NULL DEFAULT 'shipping',
  `first_name` varchar(100) NOT NULL,
  `last_name` varchar(100) NOT NULL,
  `company` varchar(150) DEFAULT NULL,
  `phone` varchar(20) DEFAULT NULL,
  `email` varchar(150) DEFAULT NULL,
  `address_line_1` varchar(200) NOT NULL,
  `address_line_2` varchar(200) DEFAULT NULL,
  `address_line_3` varchar(200) DEFAULT NULL,
  `locality` varchar(100) NOT NULL,
  `administrative_area` varchar(100) DEFAULT NULL,
  `sub_administrative_area` varchar(100) DEFAULT NULL,
  `postal_code` varchar(20) DEFAULT NULL,
  `country_code` char(2) NOT NULL,
  `country_name` varchar(100) NOT NULL,
  `latitude` decimal(10,8) DEFAULT NULL,
  `longitude` decimal(11,8) DEFAULT NULL,
  `validation_result` longtext CHARACTER SET utf8mb4 COLLATE utf8mb4_bin DEFAULT NULL CHECK (json_valid(`validation_result`)),
  `formatted_address` varchar(500) DEFAULT NULL,
  `is_verified` tinyint(1) NOT NULL DEFAULT 0,
  `is_default` tinyint(1) NOT NULL DEFAULT 0,
  `timezone` varchar(50) DEFAULT NULL,
  `metadata` longtext CHARACTER SET utf8mb4 COLLATE utf8mb4_bin DEFAULT NULL CHECK (json_valid(`metadata`)),
  `created_at` timestamp NULL DEFAULT NULL,
  `updated_at` timestamp NULL DEFAULT NULL,
  PRIMARY KEY (`id`),
  KEY `international_addresses_addressable_type_addressable_id_index` (`addressable_type`,`addressable_id`),
  KEY `international_addresses_country_code_administrative_area_index` (`country_code`,`administrative_area`),
  KEY `international_addresses_postal_code_country_code_index` (`postal_code`,`country_code`),
  KEY `international_addresses_is_default_type_index` (`is_default`,`type`),
  KEY `international_addresses_latitude_longitude_index` (`latitude`,`longitude`)
) ENGINE=InnoDB DEFAULT CHARSET=utf8mb4 COLLATE=utf8mb4_unicode_ci;
/*!40101 SET character_set_client = @saved_cs_client */;

--
-- Dumping data for table `international_addresses`
--

LOCK TABLES `international_addresses` WRITE;
/*!40000 ALTER TABLE `international_addresses` DISABLE KEYS */;
/*!40000 ALTER TABLE `international_addresses` ENABLE KEYS */;
UNLOCK TABLES;

--
-- Table structure for table `inventory_logs`
--

DROP TABLE IF EXISTS `inventory_logs`;
/*!40101 SET @saved_cs_client     = @@character_set_client */;
/*!50503 SET character_set_client = utf8mb4 */;
CREATE TABLE `inventory_logs` (
  `id` bigint(20) unsigned NOT NULL AUTO_INCREMENT,
  `variant_id` bigint(20) unsigned NOT NULL,
  `quantity_change` int(11) NOT NULL,
  `reason` varchar(255) NOT NULL,
  `order_id` bigint(20) unsigned DEFAULT NULL,
  `user_id` bigint(20) unsigned DEFAULT NULL,
  `created_at` timestamp NULL DEFAULT NULL,
  `updated_at` timestamp NULL DEFAULT NULL,
  `deleted_at` timestamp NULL DEFAULT NULL,
  PRIMARY KEY (`id`),
  KEY `inventory_logs_order_id_foreign` (`order_id`),
  KEY `inventory_logs_user_id_foreign` (`user_id`),
  KEY `inventory_logs_variant_id_created_at_index` (`variant_id`,`created_at`),
  CONSTRAINT `inventory_logs_order_id_foreign` FOREIGN KEY (`order_id`) REFERENCES `orders` (`order_id`) ON DELETE SET NULL,
  CONSTRAINT `inventory_logs_user_id_foreign` FOREIGN KEY (`user_id`) REFERENCES `users` (`id`) ON DELETE SET NULL,
  CONSTRAINT `inventory_logs_variant_id_foreign` FOREIGN KEY (`variant_id`) REFERENCES `product_variants` (`variant_id`) ON DELETE CASCADE
) ENGINE=InnoDB DEFAULT CHARSET=utf8mb4 COLLATE=utf8mb4_unicode_ci;
/*!40101 SET character_set_client = @saved_cs_client */;

--
-- Dumping data for table `inventory_logs`
--

LOCK TABLES `inventory_logs` WRITE;
/*!40000 ALTER TABLE `inventory_logs` DISABLE KEYS */;
/*!40000 ALTER TABLE `inventory_logs` ENABLE KEYS */;
UNLOCK TABLES;

--
-- Table structure for table `job_batches`
--

DROP TABLE IF EXISTS `job_batches`;
/*!40101 SET @saved_cs_client     = @@character_set_client */;
/*!50503 SET character_set_client = utf8mb4 */;
CREATE TABLE `job_batches` (
  `id` varchar(255) NOT NULL,
  `name` varchar(255) NOT NULL,
  `total_jobs` int(11) NOT NULL,
  `pending_jobs` int(11) NOT NULL,
  `failed_jobs` int(11) NOT NULL,
  `failed_job_ids` longtext NOT NULL,
  `options` mediumtext DEFAULT NULL,
  `cancelled_at` int(11) DEFAULT NULL,
  `created_at` int(11) NOT NULL,
  `finished_at` int(11) DEFAULT NULL,
  PRIMARY KEY (`id`)
) ENGINE=InnoDB DEFAULT CHARSET=utf8mb4 COLLATE=utf8mb4_unicode_ci;
/*!40101 SET character_set_client = @saved_cs_client */;

--
-- Dumping data for table `job_batches`
--

LOCK TABLES `job_batches` WRITE;
/*!40000 ALTER TABLE `job_batches` DISABLE KEYS */;
/*!40000 ALTER TABLE `job_batches` ENABLE KEYS */;
UNLOCK TABLES;

--
-- Table structure for table `jobs`
--

DROP TABLE IF EXISTS `jobs`;
/*!40101 SET @saved_cs_client     = @@character_set_client */;
/*!50503 SET character_set_client = utf8mb4 */;
CREATE TABLE `jobs` (
  `id` bigint(20) unsigned NOT NULL AUTO_INCREMENT,
  `queue` varchar(255) NOT NULL,
  `payload` longtext NOT NULL,
  `attempts` tinyint(3) unsigned NOT NULL,
  `reserved_at` int(10) unsigned DEFAULT NULL,
  `available_at` int(10) unsigned NOT NULL,
  `created_at` int(10) unsigned NOT NULL,
  PRIMARY KEY (`id`),
  KEY `jobs_queue_index` (`queue`)
) ENGINE=InnoDB DEFAULT CHARSET=utf8mb4 COLLATE=utf8mb4_unicode_ci;
/*!40101 SET character_set_client = @saved_cs_client */;

--
-- Dumping data for table `jobs`
--

LOCK TABLES `jobs` WRITE;
/*!40000 ALTER TABLE `jobs` DISABLE KEYS */;
/*!40000 ALTER TABLE `jobs` ENABLE KEYS */;
UNLOCK TABLES;

--
-- Table structure for table `migrations`
--

DROP TABLE IF EXISTS `migrations`;
/*!40101 SET @saved_cs_client     = @@character_set_client */;
/*!50503 SET character_set_client = utf8mb4 */;
CREATE TABLE `migrations` (
  `id` int(10) unsigned NOT NULL AUTO_INCREMENT,
  `migration` varchar(255) NOT NULL,
  `batch` int(11) NOT NULL,
  PRIMARY KEY (`id`)
) ENGINE=InnoDB AUTO_INCREMENT=57 DEFAULT CHARSET=utf8mb4 COLLATE=utf8mb4_unicode_ci;
/*!40101 SET character_set_client = @saved_cs_client */;

--
-- Dumping data for table `migrations`
--

LOCK TABLES `migrations` WRITE;
/*!40000 ALTER TABLE `migrations` DISABLE KEYS */;
INSERT INTO `migrations` VALUES (1,'0001_01_01_000000_create_users_table',1),(2,'0001_01_01_000001_create_cache_table',1),(3,'0001_01_01_000002_create_jobs_table',1),(4,'2025_09_05_000003_create_base_user_and_rbac_tables',1),(5,'2025_09_05_113804_product_catalog_tables',1),(6,'2025_09_05_113854_create_product_variants_and_attributes_tables',1),(7,'2025_09_05_113915_create_order_and_cart_tables',1),(8,'2025_09_05_114543_create_promotions_tables',1),(9,'2025_09_05_114604_create_interaction_tables',1),(10,'2025_09_05_114644_create_chat_and_dispute_tables',1),(11,'2025_09_05_114705_create_operational_tables',1),(12,'2025_09_05_114733_create_user_activity_tables',1),(13,'2025_09_25_093540_create_returns_tables',1),(14,'2025_09_27_112651_add_currency_columns_to_orders_table',1),(15,'2025_09_28_093601_create_administrative_division_tables',1),(16,'2025_09_28_093638_refactor_user_addresses_table',1),(17,'2025_09_28_094552_create_shipper_and_logistics_tables',1),(18,'2025_09_28_095217_create_transactions_table',1),(19,'2025_09_30_050817_update_products_table_for_multilingual',1),(20,'2025_09_30_050852_update_categories_table_for_multilingual',1),(21,'2025_10_01_140841_make_first_last_name_nullable',1),(22,'2025_10_02_083017_add_provider_columns_to_users_table',1),(23,'2025_10_05_094941_create_analytics_reports_table',1),(24,'2025_10_05_094953_create_user_events_table',1),(25,'2025_10_05_162424_update_brands_description_to_text',1),(26,'2025_10_08_164546_update_orders_status_to_enum',1),(27,'2025_10_08_181019_update_orders_payment_status_to_enum',1),(28,'2025_10_08_182125_update_returns_status_to_enum',1),(29,'2025_10_08_182850_update_products_status_to_enum',1),(30,'2025_10_08_183016_update_disputes_status_to_enum',1),(31,'2025_10_09_155048_update_orders_status_for_logistics',1),(32,'2025_10_09_155203_create_review_media_table',1),(33,'2025_10_09_155226_create_shipper_ratings_table',1),(34,'2025_10_09_155252_update_products_table_for_inventory',1),(35,'2025_10_09_155404_create_international_addresses_table',1),(36,'2025_10_09_155436_enhance_promotions_table',1),(37,'2025_10_09_155521_create_shops_table',1),(38,'2025_10_09_155548_create_wishlists_table',1),(39,'2025_10_09_155604_create_wishlist_items_table',1),(40,'2025_10_09_155633_create_product_questions_table',1),(41,'2025_10_09_155653_create_product_answers_table',1),(42,'2025_10_09_155739_add_shop_id_to_products_table',1),(43,'2025_10_09_171739_create_flash_sale_events_table',1),(44,'2025_10_09_171921_create_flash_sale_products_table',1),(45,'2025_10_15_145455_create_inventory_logs_table',1),(46,'2025_10_18_190703_create_promotion_templates_table',1),(47,'2025_10_18_190719_create_promotion_audit_logs_table',1),(48,'2025_10_18_190744_create_promotion_performance_metrics_table',1),(49,'2025_10_18_190934_create_customer_segments_table',1),(50,'2025_10_18_190942_create_customer_segment_membership_table',1),(51,'2025_10_19_110000_add_selection_rules_to_promotions_table',1),(52,'2025_10_19_110010_create_promotion_imports_table',1),(53,'2025_10_19_120500_create_seller_promotion_wallets_and_participation_tables',1),(54,'2025_10_19_184238_create_promotion_pivot_tables',1),(55,'2025_10_19_184843_add_sku_to_products_table',1),(56,'2025_10_20_134414_add_currency_audit_to_order_items',1);
/*!40000 ALTER TABLE `migrations` ENABLE KEYS */;
UNLOCK TABLES;

--
-- Table structure for table `notifications`
--

DROP TABLE IF EXISTS `notifications`;
/*!40101 SET @saved_cs_client     = @@character_set_client */;
/*!50503 SET character_set_client = utf8mb4 */;
CREATE TABLE `notifications` (
  `notification_id` bigint(20) unsigned NOT NULL AUTO_INCREMENT,
  `user_id` bigint(20) unsigned NOT NULL,
  `title` varchar(200) NOT NULL,
  `content` text NOT NULL,
  `type` tinyint(4) NOT NULL COMMENT 'e.g., OrderUpdate, Promotion, System',
  `is_read` tinyint(1) NOT NULL DEFAULT 0,
  `notifiable_type` varchar(255) NOT NULL,
  `notifiable_id` bigint(20) unsigned NOT NULL,
  `action_url` varchar(500) DEFAULT NULL,
  `read_at` timestamp NULL DEFAULT NULL,
  `created_at` timestamp NULL DEFAULT NULL,
  `updated_at` timestamp NULL DEFAULT NULL,
  PRIMARY KEY (`notification_id`),
  KEY `notifications_user_id_foreign` (`user_id`),
  KEY `notifications_notifiable_type_notifiable_id_index` (`notifiable_type`,`notifiable_id`),
  CONSTRAINT `notifications_user_id_foreign` FOREIGN KEY (`user_id`) REFERENCES `users` (`id`) ON DELETE CASCADE
) ENGINE=InnoDB DEFAULT CHARSET=utf8mb4 COLLATE=utf8mb4_unicode_ci;
/*!40101 SET character_set_client = @saved_cs_client */;

--
-- Dumping data for table `notifications`
--

LOCK TABLES `notifications` WRITE;
/*!40000 ALTER TABLE `notifications` DISABLE KEYS */;
/*!40000 ALTER TABLE `notifications` ENABLE KEYS */;
UNLOCK TABLES;

--
-- Table structure for table `order_items`
--

DROP TABLE IF EXISTS `order_items`;
/*!40101 SET @saved_cs_client     = @@character_set_client */;
/*!50503 SET character_set_client = utf8mb4 */;
CREATE TABLE `order_items` (
  `order_item_id` bigint(20) unsigned NOT NULL AUTO_INCREMENT,
  `order_id` bigint(20) unsigned NOT NULL,
  `variant_id` bigint(20) unsigned NOT NULL,
  `quantity` int(11) NOT NULL,
  `unit_price` decimal(18,2) NOT NULL,
  `total_price` decimal(18,2) NOT NULL,
  `original_currency` varchar(3) NOT NULL DEFAULT 'VND',
  `original_unit_price` decimal(15,2) NOT NULL DEFAULT 0.00,
  `original_total_price` decimal(15,2) NOT NULL DEFAULT 0.00,
  `created_at` timestamp NULL DEFAULT NULL,
  `updated_at` timestamp NULL DEFAULT NULL,
  PRIMARY KEY (`order_item_id`),
  KEY `order_items_order_id_foreign` (`order_id`),
  KEY `order_items_variant_id_foreign` (`variant_id`),
  CONSTRAINT `order_items_order_id_foreign` FOREIGN KEY (`order_id`) REFERENCES `orders` (`order_id`) ON DELETE CASCADE,
  CONSTRAINT `order_items_variant_id_foreign` FOREIGN KEY (`variant_id`) REFERENCES `product_variants` (`variant_id`) ON DELETE CASCADE
) ENGINE=InnoDB AUTO_INCREMENT=725 DEFAULT CHARSET=utf8mb4 COLLATE=utf8mb4_unicode_ci;
/*!40101 SET character_set_client = @saved_cs_client */;

--
-- Dumping data for table `order_items`
--

LOCK TABLES `order_items` WRITE;
/*!40000 ALTER TABLE `order_items` DISABLE KEYS */;
INSERT INTO `order_items` VALUES (1,1,82,1,40646257.00,40646257.00,'VND',0.00,0.00,NULL,NULL),(2,1,46,2,47061858.00,94123716.00,'VND',0.00,0.00,NULL,NULL),(3,1,21,1,36829236.00,36829236.00,'VND',0.00,0.00,NULL,NULL),(4,2,105,3,12564238.00,37692714.00,'VND',0.00,0.00,NULL,NULL),(5,2,147,3,43387564.00,130162692.00,'VND',0.00,0.00,NULL,NULL),(6,3,87,3,49391281.00,148173843.00,'VND',0.00,0.00,NULL,NULL),(7,3,108,2,36019945.00,72039890.00,'VND',0.00,0.00,NULL,NULL),(8,4,50,2,10362914.00,20725828.00,'VND',0.00,0.00,NULL,NULL),(9,4,71,3,15998361.00,47995083.00,'VND',0.00,0.00,NULL,NULL),(10,5,29,1,9837185.00,9837185.00,'VND',0.00,0.00,NULL,NULL),(11,5,129,2,24606831.00,49213662.00,'VND',0.00,0.00,NULL,NULL),(12,5,89,3,2429696.00,7289088.00,'VND',0.00,0.00,NULL,NULL),(13,5,75,3,5546995.00,16640985.00,'VND',0.00,0.00,NULL,NULL),(14,6,49,2,29557600.00,59115200.00,'VND',0.00,0.00,NULL,NULL),(15,6,35,3,38525878.00,115577634.00,'VND',0.00,0.00,NULL,NULL),(16,6,111,3,2331691.00,6995073.00,'VND',0.00,0.00,NULL,NULL),(17,7,139,2,27569515.00,55139030.00,'VND',0.00,0.00,NULL,NULL),(18,7,13,2,20104876.00,40209752.00,'VND',0.00,0.00,NULL,NULL),(19,8,85,1,41230694.00,41230694.00,'VND',0.00,0.00,NULL,NULL),(20,8,95,1,36740273.00,36740273.00,'VND',0.00,0.00,NULL,NULL),(21,9,7,3,5696648.00,17089944.00,'VND',0.00,0.00,NULL,NULL),(22,10,89,1,2429696.00,2429696.00,'VND',0.00,0.00,NULL,NULL),(23,10,152,2,25862698.00,51725396.00,'VND',0.00,0.00,NULL,NULL),(24,11,78,1,2583266.00,2583266.00,'VND',0.00,0.00,NULL,NULL),(25,11,16,1,47418111.00,47418111.00,'VND',0.00,0.00,NULL,NULL),(26,11,62,1,39331448.00,39331448.00,'VND',0.00,0.00,NULL,NULL),(27,12,16,1,47418111.00,47418111.00,'VND',0.00,0.00,NULL,NULL),(28,13,64,3,39819827.00,119459481.00,'VND',0.00,0.00,NULL,NULL),(29,13,30,3,39714964.00,119144892.00,'VND',0.00,0.00,NULL,NULL),(30,13,79,3,32251777.00,96755331.00,'VND',0.00,0.00,NULL,NULL),(31,13,142,2,47584338.00,95168676.00,'VND',0.00,0.00,NULL,NULL),(32,14,87,3,49391281.00,148173843.00,'VND',0.00,0.00,NULL,NULL),(33,14,73,2,40932183.00,81864366.00,'VND',0.00,0.00,NULL,NULL),(34,14,16,1,47418111.00,47418111.00,'VND',0.00,0.00,NULL,NULL),(35,14,142,1,47584338.00,47584338.00,'VND',0.00,0.00,NULL,NULL),(36,15,127,1,3825723.00,3825723.00,'VND',0.00,0.00,NULL,NULL),(37,15,123,1,22000137.00,22000137.00,'VND',0.00,0.00,NULL,NULL),(38,15,4,1,14906160.00,14906160.00,'VND',0.00,0.00,NULL,NULL),(39,16,7,3,5696648.00,17089944.00,'VND',0.00,0.00,NULL,NULL),(40,16,103,3,13677003.00,41031009.00,'VND',0.00,0.00,NULL,NULL),(41,17,26,1,191114.00,191114.00,'VND',0.00,0.00,NULL,NULL),(42,17,32,3,3484812.00,10454436.00,'VND',0.00,0.00,NULL,NULL),(43,18,139,3,27569515.00,82708545.00,'VND',0.00,0.00,NULL,NULL),(44,19,48,2,39425494.00,78850988.00,'VND',0.00,0.00,NULL,NULL),(45,19,137,3,9904936.00,29714808.00,'VND',0.00,0.00,NULL,NULL),(46,19,17,1,30306496.00,30306496.00,'VND',0.00,0.00,NULL,NULL),(47,20,84,1,6251260.00,6251260.00,'VND',0.00,0.00,NULL,NULL),(48,20,59,3,1441775.00,4325325.00,'VND',0.00,0.00,NULL,NULL),(49,21,140,3,29133598.00,87400794.00,'VND',0.00,0.00,NULL,NULL),(50,22,103,2,13677003.00,27354006.00,'VND',0.00,0.00,NULL,NULL),(51,22,15,2,32146805.00,64293610.00,'VND',0.00,0.00,NULL,NULL),(52,22,59,3,1441775.00,4325325.00,'VND',0.00,0.00,NULL,NULL),(53,23,38,2,10879676.00,21759352.00,'VND',0.00,0.00,NULL,NULL),(54,23,76,2,18562666.00,37125332.00,'VND',0.00,0.00,NULL,NULL),(55,24,88,2,12214692.00,24429384.00,'VND',0.00,0.00,NULL,NULL),(56,24,3,3,2501303.00,7503909.00,'VND',0.00,0.00,NULL,NULL),(57,25,19,1,42792719.00,42792719.00,'VND',0.00,0.00,NULL,NULL),(58,26,127,3,3825723.00,11477169.00,'VND',0.00,0.00,NULL,NULL),(59,26,83,3,42397986.00,127193958.00,'VND',0.00,0.00,NULL,NULL),(60,27,89,1,2429696.00,2429696.00,'VND',0.00,0.00,NULL,NULL),(61,28,35,1,38525878.00,38525878.00,'VND',0.00,0.00,NULL,NULL),(62,28,50,2,10362914.00,20725828.00,'VND',0.00,0.00,NULL,NULL),(63,29,83,3,42397986.00,127193958.00,'VND',0.00,0.00,NULL,NULL),(64,29,44,3,4949843.00,14849529.00,'VND',0.00,0.00,NULL,NULL),(65,30,17,2,30306496.00,60612992.00,'VND',0.00,0.00,NULL,NULL),(66,30,142,2,47584338.00,95168676.00,'VND',0.00,0.00,NULL,NULL),(67,30,103,3,13677003.00,41031009.00,'VND',0.00,0.00,NULL,NULL),(68,31,136,2,9405587.00,18811174.00,'VND',0.00,0.00,NULL,NULL),(69,31,21,2,36829236.00,73658472.00,'VND',0.00,0.00,NULL,NULL),(70,31,79,3,32251777.00,96755331.00,'VND',0.00,0.00,NULL,NULL),(71,32,47,2,21454311.00,42908622.00,'VND',0.00,0.00,NULL,NULL),(72,32,38,3,10879676.00,32639028.00,'VND',0.00,0.00,NULL,NULL),(73,32,7,3,5696648.00,17089944.00,'VND',0.00,0.00,NULL,NULL),(74,32,91,2,30841444.00,61682888.00,'VND',0.00,0.00,NULL,NULL),(75,33,53,1,42242583.00,42242583.00,'VND',0.00,0.00,NULL,NULL),(76,33,46,3,47061858.00,141185574.00,'VND',0.00,0.00,NULL,NULL),(77,34,102,3,16021974.00,48065922.00,'VND',0.00,0.00,NULL,NULL),(78,34,8,2,46382743.00,92765486.00,'VND',0.00,0.00,NULL,NULL),(79,34,101,1,22591189.00,22591189.00,'VND',0.00,0.00,NULL,NULL),(80,35,122,1,31181641.00,31181641.00,'VND',0.00,0.00,NULL,NULL),(81,35,48,2,39425494.00,78850988.00,'VND',0.00,0.00,NULL,NULL),(82,36,134,1,33768834.00,33768834.00,'VND',0.00,0.00,NULL,NULL),(83,36,34,1,42597262.00,42597262.00,'VND',0.00,0.00,NULL,NULL),(84,36,154,2,27360359.00,54720718.00,'VND',0.00,0.00,NULL,NULL),(85,37,66,2,11013720.00,22027440.00,'VND',0.00,0.00,NULL,NULL),(86,37,119,2,40281481.00,80562962.00,'VND',0.00,0.00,NULL,NULL),(87,37,136,3,9405587.00,28216761.00,'VND',0.00,0.00,NULL,NULL),(88,37,98,1,31940560.00,31940560.00,'VND',0.00,0.00,NULL,NULL),(89,38,125,1,10144005.00,10144005.00,'VND',0.00,0.00,NULL,NULL),(90,38,122,3,31181641.00,93544923.00,'VND',0.00,0.00,NULL,NULL),(91,39,60,3,422236.00,1266708.00,'VND',0.00,0.00,NULL,NULL),(92,40,72,3,2401080.00,7203240.00,'VND',0.00,0.00,NULL,NULL),(93,40,56,3,15885755.00,47657265.00,'VND',0.00,0.00,NULL,NULL),(94,41,122,2,31181641.00,62363282.00,'VND',0.00,0.00,NULL,NULL),(95,41,18,1,10625884.00,10625884.00,'VND',0.00,0.00,NULL,NULL),(96,41,41,2,18293084.00,36586168.00,'VND',0.00,0.00,NULL,NULL),(97,42,52,2,46956833.00,93913666.00,'VND',0.00,0.00,NULL,NULL),(98,42,140,3,29133598.00,87400794.00,'VND',0.00,0.00,NULL,NULL),(99,43,149,2,32707461.00,65414922.00,'VND',0.00,0.00,NULL,NULL),(100,43,121,1,44702183.00,44702183.00,'VND',0.00,0.00,NULL,NULL),(101,44,21,3,36829236.00,110487708.00,'VND',0.00,0.00,NULL,NULL),(102,44,143,3,36413624.00,109240872.00,'VND',0.00,0.00,NULL,NULL),(103,45,105,1,12564238.00,12564238.00,'VND',0.00,0.00,NULL,NULL),(104,45,126,3,2740718.00,8222154.00,'VND',0.00,0.00,NULL,NULL),(105,45,104,2,14053189.00,28106378.00,'VND',0.00,0.00,NULL,NULL),(106,46,108,2,36019945.00,72039890.00,'VND',0.00,0.00,NULL,NULL),(107,46,15,3,32146805.00,96440415.00,'VND',0.00,0.00,NULL,NULL),(108,46,8,2,46382743.00,92765486.00,'VND',0.00,0.00,NULL,NULL),(109,47,18,1,10625884.00,10625884.00,'VND',0.00,0.00,NULL,NULL),(110,47,44,3,4949843.00,14849529.00,'VND',0.00,0.00,NULL,NULL),(111,47,132,2,14191623.00,28383246.00,'VND',0.00,0.00,NULL,NULL),(112,48,150,3,16674173.00,50022519.00,'VND',0.00,0.00,NULL,NULL),(113,48,64,1,39819827.00,39819827.00,'VND',0.00,0.00,NULL,NULL),(114,49,82,2,40646257.00,81292514.00,'VND',0.00,0.00,NULL,NULL),(115,49,145,2,34198868.00,68397736.00,'VND',0.00,0.00,NULL,NULL),(116,50,32,2,3484812.00,6969624.00,'VND',0.00,0.00,NULL,NULL),(117,51,1,1,37712993.00,37712993.00,'VND',0.00,0.00,NULL,NULL),(118,51,135,2,39603572.00,79207144.00,'VND',0.00,0.00,NULL,NULL),(119,51,124,1,5340338.00,5340338.00,'VND',0.00,0.00,NULL,NULL),(120,51,32,1,3484812.00,3484812.00,'VND',0.00,0.00,NULL,NULL),(121,52,113,3,1205213.00,3615639.00,'VND',0.00,0.00,NULL,NULL),(122,52,149,3,32707461.00,98122383.00,'VND',0.00,0.00,NULL,NULL),(123,52,103,2,13677003.00,27354006.00,'VND',0.00,0.00,NULL,NULL),(124,52,70,2,3689292.00,7378584.00,'VND',0.00,0.00,NULL,NULL),(125,53,132,3,14191623.00,42574869.00,'VND',0.00,0.00,NULL,NULL),(126,53,140,3,29133598.00,87400794.00,'VND',0.00,0.00,NULL,NULL),(127,54,94,1,16302431.00,16302431.00,'VND',0.00,0.00,NULL,NULL),(128,54,66,3,11013720.00,33041160.00,'VND',0.00,0.00,NULL,NULL),(129,54,110,3,17705558.00,53116674.00,'VND',0.00,0.00,NULL,NULL),(130,55,35,2,38525878.00,77051756.00,'VND',0.00,0.00,NULL,NULL),(131,55,124,2,5340338.00,10680676.00,'VND',0.00,0.00,NULL,NULL),(132,55,69,2,35166640.00,70333280.00,'VND',0.00,0.00,NULL,NULL),(133,56,31,2,25676676.00,51353352.00,'VND',0.00,0.00,NULL,NULL),(134,57,117,1,10656967.00,10656967.00,'VND',0.00,0.00,NULL,NULL),(135,57,57,2,31133395.00,62266790.00,'VND',0.00,0.00,NULL,NULL),(136,57,80,3,17279304.00,51837912.00,'VND',0.00,0.00,NULL,NULL),(137,58,3,3,2501303.00,7503909.00,'VND',0.00,0.00,NULL,NULL),(138,58,5,3,32006882.00,96020646.00,'VND',0.00,0.00,NULL,NULL),(139,59,46,3,47061858.00,141185574.00,'VND',0.00,0.00,NULL,NULL),(140,59,28,3,44100327.00,132300981.00,'VND',0.00,0.00,NULL,NULL),(141,60,44,3,4949843.00,14849529.00,'VND',0.00,0.00,NULL,NULL),(142,60,143,1,36413624.00,36413624.00,'VND',0.00,0.00,NULL,NULL),(143,60,88,3,12214692.00,36644076.00,'VND',0.00,0.00,NULL,NULL),(144,61,11,3,29754797.00,89264391.00,'VND',0.00,0.00,NULL,NULL),(145,61,145,2,34198868.00,68397736.00,'VND',0.00,0.00,NULL,NULL),(146,61,4,2,14906160.00,29812320.00,'VND',0.00,0.00,NULL,NULL),(147,62,51,1,49499418.00,49499418.00,'VND',0.00,0.00,NULL,NULL),(148,62,43,2,22206446.00,44412892.00,'VND',0.00,0.00,NULL,NULL),(149,63,109,3,35130278.00,105390834.00,'VND',0.00,0.00,NULL,NULL),(150,63,95,3,36740273.00,110220819.00,'VND',0.00,0.00,NULL,NULL),(151,63,137,3,9904936.00,29714808.00,'VND',0.00,0.00,NULL,NULL),(152,64,20,1,25679860.00,25679860.00,'VND',0.00,0.00,NULL,NULL),(153,65,75,1,5546995.00,5546995.00,'VND',0.00,0.00,NULL,NULL),(154,65,34,2,42597262.00,85194524.00,'VND',0.00,0.00,NULL,NULL),(155,65,17,3,30306496.00,90919488.00,'VND',0.00,0.00,NULL,NULL),(156,66,137,3,9904936.00,29714808.00,'VND',0.00,0.00,NULL,NULL),(157,66,30,3,39714964.00,119144892.00,'VND',0.00,0.00,NULL,NULL),(158,67,66,3,11013720.00,33041160.00,'VND',0.00,0.00,NULL,NULL),(159,67,124,3,5340338.00,16021014.00,'VND',0.00,0.00,NULL,NULL),(160,67,44,2,4949843.00,9899686.00,'VND',0.00,0.00,NULL,NULL),(161,68,45,2,44620074.00,89240148.00,'VND',0.00,0.00,NULL,NULL),(162,68,21,2,36829236.00,73658472.00,'VND',0.00,0.00,NULL,NULL),(163,68,40,1,19209709.00,19209709.00,'VND',0.00,0.00,NULL,NULL),(164,69,148,1,23389368.00,23389368.00,'VND',0.00,0.00,NULL,NULL),(165,69,132,2,14191623.00,28383246.00,'VND',0.00,0.00,NULL,NULL),(166,70,126,2,2740718.00,5481436.00,'VND',0.00,0.00,NULL,NULL),(167,70,81,1,12961792.00,12961792.00,'VND',0.00,0.00,NULL,NULL),(168,71,24,1,639311.00,639311.00,'VND',0.00,0.00,NULL,NULL),(169,71,46,2,47061858.00,94123716.00,'VND',0.00,0.00,NULL,NULL),(170,72,100,3,11471738.00,34415214.00,'VND',0.00,0.00,NULL,NULL),(171,72,144,3,16031333.00,48093999.00,'VND',0.00,0.00,NULL,NULL),(172,73,68,3,26978217.00,80934651.00,'VND',0.00,0.00,NULL,NULL),(173,73,58,3,38499096.00,115497288.00,'VND',0.00,0.00,NULL,NULL),(174,73,144,2,16031333.00,32062666.00,'VND',0.00,0.00,NULL,NULL),(175,74,52,3,46956833.00,140870499.00,'VND',0.00,0.00,NULL,NULL),(176,74,33,1,36969245.00,36969245.00,'VND',0.00,0.00,NULL,NULL),(177,75,116,1,37239729.00,37239729.00,'VND',0.00,0.00,NULL,NULL),(178,75,150,3,16674173.00,50022519.00,'VND',0.00,0.00,NULL,NULL),(179,76,142,3,47584338.00,142753014.00,'VND',0.00,0.00,NULL,NULL),(180,76,83,3,42397986.00,127193958.00,'VND',0.00,0.00,NULL,NULL),(181,76,114,3,5303002.00,15909006.00,'VND',0.00,0.00,NULL,NULL),(182,77,96,3,16606417.00,49819251.00,'VND',0.00,0.00,NULL,NULL),(183,78,13,2,20104876.00,40209752.00,'VND',0.00,0.00,NULL,NULL),(184,79,73,1,40932183.00,40932183.00,'VND',0.00,0.00,NULL,NULL),(185,79,35,3,38525878.00,115577634.00,'VND',0.00,0.00,NULL,NULL),(186,79,51,2,49499418.00,98998836.00,'VND',0.00,0.00,NULL,NULL),(187,80,94,1,16302431.00,16302431.00,'VND',0.00,0.00,NULL,NULL),(188,80,82,2,40646257.00,81292514.00,'VND',0.00,0.00,NULL,NULL),(189,80,108,2,36019945.00,72039890.00,'VND',0.00,0.00,NULL,NULL),(190,80,39,2,23871688.00,47743376.00,'VND',0.00,0.00,NULL,NULL),(191,81,69,1,35166640.00,35166640.00,'VND',0.00,0.00,NULL,NULL),(192,82,73,2,40932183.00,81864366.00,'VND',0.00,0.00,NULL,NULL),(193,82,117,2,10656967.00,21313934.00,'VND',0.00,0.00,NULL,NULL),(194,83,75,1,5546995.00,5546995.00,'VND',0.00,0.00,NULL,NULL),(195,84,125,3,10144005.00,30432015.00,'VND',0.00,0.00,NULL,NULL),(196,84,142,2,47584338.00,95168676.00,'VND',0.00,0.00,NULL,NULL),(197,85,67,3,16136175.00,48408525.00,'VND',0.00,0.00,NULL,NULL),(198,86,59,3,1441775.00,4325325.00,'VND',0.00,0.00,NULL,NULL),(199,86,109,2,35130278.00,70260556.00,'VND',0.00,0.00,NULL,NULL),(200,87,126,1,2740718.00,2740718.00,'VND',0.00,0.00,NULL,NULL),(201,87,20,2,25679860.00,51359720.00,'VND',0.00,0.00,NULL,NULL),(202,87,4,3,14906160.00,44718480.00,'VND',0.00,0.00,NULL,NULL),(203,88,110,2,17705558.00,35411116.00,'VND',0.00,0.00,NULL,NULL),(204,88,19,1,42792719.00,42792719.00,'VND',0.00,0.00,NULL,NULL),(205,89,1,1,37712993.00,37712993.00,'VND',0.00,0.00,NULL,NULL),(206,89,42,2,27820926.00,55641852.00,'VND',0.00,0.00,NULL,NULL),(207,89,69,1,35166640.00,35166640.00,'VND',0.00,0.00,NULL,NULL),(208,90,96,2,16606417.00,33212834.00,'VND',0.00,0.00,NULL,NULL),(209,91,93,2,42340447.00,84680894.00,'VND',0.00,0.00,NULL,NULL),(210,91,140,3,29133598.00,87400794.00,'VND',0.00,0.00,NULL,NULL),(211,92,103,3,13677003.00,41031009.00,'VND',0.00,0.00,NULL,NULL),(212,92,152,1,25862698.00,25862698.00,'VND',0.00,0.00,NULL,NULL),(213,93,147,3,43387564.00,130162692.00,'VND',0.00,0.00,NULL,NULL),(214,93,144,1,16031333.00,16031333.00,'VND',0.00,0.00,NULL,NULL),(215,93,102,2,16021974.00,32043948.00,'VND',0.00,0.00,NULL,NULL),(216,94,89,3,2429696.00,7289088.00,'VND',0.00,0.00,NULL,NULL),(217,95,40,3,19209709.00,57629127.00,'VND',0.00,0.00,NULL,NULL),(218,95,9,2,9978523.00,19957046.00,'VND',0.00,0.00,NULL,NULL),(219,95,1,1,37712993.00,37712993.00,'VND',0.00,0.00,NULL,NULL),(220,95,85,2,41230694.00,82461388.00,'VND',0.00,0.00,NULL,NULL),(221,96,143,3,36413624.00,109240872.00,'VND',0.00,0.00,NULL,NULL),(222,97,109,3,35130278.00,105390834.00,'VND',0.00,0.00,NULL,NULL),(223,97,143,1,36413624.00,36413624.00,'VND',0.00,0.00,NULL,NULL),(224,98,106,1,15646067.00,15646067.00,'VND',0.00,0.00,NULL,NULL),(225,98,92,2,49489804.00,98979608.00,'VND',0.00,0.00,NULL,NULL),(226,98,131,1,22360123.00,22360123.00,'VND',0.00,0.00,NULL,NULL),(227,99,91,1,30841444.00,30841444.00,'VND',0.00,0.00,NULL,NULL),(228,99,82,3,40646257.00,121938771.00,'VND',0.00,0.00,NULL,NULL),(229,99,66,3,11013720.00,33041160.00,'VND',0.00,0.00,NULL,NULL),(230,100,7,2,5696648.00,11393296.00,'VND',0.00,0.00,NULL,NULL),(231,100,5,3,32006882.00,96020646.00,'VND',0.00,0.00,NULL,NULL),(232,101,153,2,25517542.00,51035084.00,'VND',0.00,0.00,NULL,NULL),(233,101,52,3,46956833.00,140870499.00,'VND',0.00,0.00,NULL,NULL),(234,102,105,1,12564238.00,12564238.00,'VND',0.00,0.00,NULL,NULL),(235,102,71,2,15998361.00,31996722.00,'VND',0.00,0.00,NULL,NULL),(236,103,78,2,2583266.00,5166532.00,'VND',0.00,0.00,NULL,NULL),(237,104,59,1,1441775.00,1441775.00,'VND',0.00,0.00,NULL,NULL),(238,105,125,2,10144005.00,20288010.00,'VND',0.00,0.00,NULL,NULL),(239,105,148,2,23389368.00,46778736.00,'VND',0.00,0.00,NULL,NULL),(240,106,93,3,42340447.00,127021341.00,'VND',0.00,0.00,NULL,NULL),(241,106,121,2,44702183.00,89404366.00,'VND',0.00,0.00,NULL,NULL),(242,106,78,3,2583266.00,7749798.00,'VND',0.00,0.00,NULL,NULL),(243,106,151,3,36809943.00,110429829.00,'VND',0.00,0.00,NULL,NULL),(244,107,105,3,12564238.00,37692714.00,'VND',0.00,0.00,NULL,NULL),(245,107,44,2,4949843.00,9899686.00,'VND',0.00,0.00,NULL,NULL),(246,107,129,3,24606831.00,73820493.00,'VND',0.00,0.00,NULL,NULL),(247,108,117,2,10656967.00,21313934.00,'VND',0.00,0.00,NULL,NULL),(248,108,89,2,2429696.00,4859392.00,'VND',0.00,0.00,NULL,NULL),(249,108,90,1,49144283.00,49144283.00,'VND',0.00,0.00,NULL,NULL),(250,109,140,2,29133598.00,58267196.00,'VND',0.00,0.00,NULL,NULL),(251,109,125,1,10144005.00,10144005.00,'VND',0.00,0.00,NULL,NULL),(252,109,77,3,26032342.00,78097026.00,'VND',0.00,0.00,NULL,NULL),(253,110,21,1,36829236.00,36829236.00,'VND',0.00,0.00,NULL,NULL),(254,110,69,2,35166640.00,70333280.00,'VND',0.00,0.00,NULL,NULL),(255,110,95,3,36740273.00,110220819.00,'VND',0.00,0.00,NULL,NULL),(256,111,133,2,30689950.00,61379900.00,'VND',0.00,0.00,NULL,NULL),(257,111,80,2,17279304.00,34558608.00,'VND',0.00,0.00,NULL,NULL),(258,112,126,3,2740718.00,8222154.00,'VND',0.00,0.00,NULL,NULL),(259,112,90,1,49144283.00,49144283.00,'VND',0.00,0.00,NULL,NULL),(260,113,145,2,34198868.00,68397736.00,'VND',0.00,0.00,NULL,NULL),(261,114,8,2,46382743.00,92765486.00,'VND',0.00,0.00,NULL,NULL),(262,115,149,2,32707461.00,65414922.00,'VND',0.00,0.00,NULL,NULL),(263,115,138,3,29909519.00,89728557.00,'VND',0.00,0.00,NULL,NULL),(264,116,126,2,2740718.00,5481436.00,'VND',0.00,0.00,NULL,NULL),(265,116,59,2,1441775.00,2883550.00,'VND',0.00,0.00,NULL,NULL),(266,116,64,3,39819827.00,119459481.00,'VND',0.00,0.00,NULL,NULL),(267,117,152,3,25862698.00,77588094.00,'VND',0.00,0.00,NULL,NULL),(268,117,68,2,26978217.00,53956434.00,'VND',0.00,0.00,NULL,NULL),(269,117,80,1,17279304.00,17279304.00,'VND',0.00,0.00,NULL,NULL),(270,118,146,3,22899238.00,68697714.00,'VND',0.00,0.00,NULL,NULL),(271,118,16,3,47418111.00,142254333.00,'VND',0.00,0.00,NULL,NULL),(272,118,3,1,2501303.00,2501303.00,'VND',0.00,0.00,NULL,NULL),(273,119,143,2,36413624.00,72827248.00,'VND',0.00,0.00,NULL,NULL),(274,120,21,2,36829236.00,73658472.00,'VND',0.00,0.00,NULL,NULL),(275,120,72,3,2401080.00,7203240.00,'VND',0.00,0.00,NULL,NULL),(276,121,95,2,36740273.00,73480546.00,'VND',0.00,0.00,NULL,NULL),(277,121,133,1,30689950.00,30689950.00,'VND',0.00,0.00,NULL,NULL),(278,122,93,3,42340447.00,127021341.00,'VND',0.00,0.00,NULL,NULL),(279,122,7,2,5696648.00,11393296.00,'VND',0.00,0.00,NULL,NULL),(280,123,13,1,20104876.00,20104876.00,'VND',0.00,0.00,NULL,NULL),(281,124,83,2,42397986.00,84795972.00,'VND',0.00,0.00,NULL,NULL),(282,125,126,3,2740718.00,8222154.00,'VND',0.00,0.00,NULL,NULL),(283,126,107,2,37692016.00,75384032.00,'VND',0.00,0.00,NULL,NULL),(284,127,73,2,40932183.00,81864366.00,'VND',0.00,0.00,NULL,NULL),(285,128,75,2,5546995.00,11093990.00,'VND',0.00,0.00,NULL,NULL),(286,128,69,1,35166640.00,35166640.00,'VND',0.00,0.00,NULL,NULL),(287,129,128,1,17463258.00,17463258.00,'VND',0.00,0.00,NULL,NULL),(288,129,47,2,21454311.00,42908622.00,'VND',0.00,0.00,NULL,NULL),(289,130,116,2,37239729.00,74479458.00,'VND',0.00,0.00,NULL,NULL),(290,130,55,3,13540724.00,40622172.00,'VND',0.00,0.00,NULL,NULL),(291,131,104,2,14053189.00,28106378.00,'VND',0.00,0.00,NULL,NULL),(292,131,24,3,639311.00,1917933.00,'VND',0.00,0.00,NULL,NULL),(293,131,112,1,13969602.00,13969602.00,'VND',0.00,0.00,NULL,NULL),(294,132,125,3,10144005.00,30432015.00,'VND',0.00,0.00,NULL,NULL),(295,132,152,1,25862698.00,25862698.00,'VND',0.00,0.00,NULL,NULL),(296,133,11,2,29754797.00,59509594.00,'VND',0.00,0.00,NULL,NULL),(297,133,142,1,47584338.00,47584338.00,'VND',0.00,0.00,NULL,NULL),(298,133,102,3,16021974.00,48065922.00,'VND',0.00,0.00,NULL,NULL),(299,134,110,2,17705558.00,35411116.00,'VND',0.00,0.00,NULL,NULL),(300,135,4,2,14906160.00,29812320.00,'VND',0.00,0.00,NULL,NULL),(301,135,89,1,2429696.00,2429696.00,'VND',0.00,0.00,NULL,NULL),(302,135,66,3,11013720.00,33041160.00,'VND',0.00,0.00,NULL,NULL),(303,135,93,2,42340447.00,84680894.00,'VND',0.00,0.00,NULL,NULL),(304,136,153,1,25517542.00,25517542.00,'VND',0.00,0.00,NULL,NULL),(305,136,33,1,36969245.00,36969245.00,'VND',0.00,0.00,NULL,NULL),(306,137,121,1,44702183.00,44702183.00,'VND',0.00,0.00,NULL,NULL),(307,138,44,3,4949843.00,14849529.00,'VND',0.00,0.00,NULL,NULL),(308,138,24,2,639311.00,1278622.00,'VND',0.00,0.00,NULL,NULL),(309,138,90,3,49144283.00,147432849.00,'VND',0.00,0.00,NULL,NULL),(310,139,9,2,9978523.00,19957046.00,'VND',0.00,0.00,NULL,NULL),(311,140,59,3,1441775.00,4325325.00,'VND',0.00,0.00,NULL,NULL),(312,141,11,3,29754797.00,89264391.00,'VND',0.00,0.00,NULL,NULL),(313,141,110,1,17705558.00,17705558.00,'VND',0.00,0.00,NULL,NULL),(314,142,20,3,25679860.00,77039580.00,'VND',0.00,0.00,NULL,NULL),(315,142,133,1,30689950.00,30689950.00,'VND',0.00,0.00,NULL,NULL),(316,143,50,3,10362914.00,31088742.00,'VND',0.00,0.00,NULL,NULL),(317,143,5,2,32006882.00,64013764.00,'VND',0.00,0.00,NULL,NULL),(318,144,10,2,9223746.00,18447492.00,'VND',0.00,0.00,NULL,NULL),(319,145,122,1,31181641.00,31181641.00,'VND',0.00,0.00,NULL,NULL),(320,145,78,2,2583266.00,5166532.00,'VND',0.00,0.00,NULL,NULL),(321,145,51,3,49499418.00,148498254.00,'VND',0.00,0.00,NULL,NULL),(322,145,84,3,6251260.00,18753780.00,'VND',0.00,0.00,NULL,NULL),(323,146,68,2,26978217.00,53956434.00,'VND',0.00,0.00,NULL,NULL),(324,147,6,3,46558775.00,139676325.00,'VND',0.00,0.00,NULL,NULL),(325,147,46,2,47061858.00,94123716.00,'VND',0.00,0.00,NULL,NULL),(326,147,15,1,32146805.00,32146805.00,'VND',0.00,0.00,NULL,NULL),(327,148,121,2,44702183.00,89404366.00,'VND',0.00,0.00,NULL,NULL),(328,148,78,2,2583266.00,5166532.00,'VND',0.00,0.00,NULL,NULL),(329,149,153,2,25517542.00,51035084.00,'VND',0.00,0.00,NULL,NULL),(330,149,106,3,15646067.00,46938201.00,'VND',0.00,0.00,NULL,NULL),(331,149,136,3,9405587.00,28216761.00,'VND',0.00,0.00,NULL,NULL),(332,149,139,2,27569515.00,55139030.00,'VND',0.00,0.00,NULL,NULL),(333,150,34,1,42597262.00,42597262.00,'VND',0.00,0.00,NULL,NULL),(334,150,16,2,47418111.00,94836222.00,'VND',0.00,0.00,NULL,NULL),(335,151,133,1,30689950.00,30689950.00,'VND',0.00,0.00,NULL,NULL),(336,151,127,3,3825723.00,11477169.00,'VND',0.00,0.00,NULL,NULL),(337,151,113,1,1205213.00,1205213.00,'VND',0.00,0.00,NULL,NULL),(338,151,30,1,39714964.00,39714964.00,'VND',0.00,0.00,NULL,NULL),(339,152,93,3,42340447.00,127021341.00,'VND',0.00,0.00,NULL,NULL),(340,152,72,2,2401080.00,4802160.00,'VND',0.00,0.00,NULL,NULL),(341,152,58,2,38499096.00,76998192.00,'VND',0.00,0.00,NULL,NULL),(342,152,6,3,46558775.00,139676325.00,'VND',0.00,0.00,NULL,NULL),(343,153,4,3,14906160.00,44718480.00,'VND',0.00,0.00,NULL,NULL),(344,153,140,1,29133598.00,29133598.00,'VND',0.00,0.00,NULL,NULL),(345,154,115,2,37738633.00,75477266.00,'VND',0.00,0.00,NULL,NULL),(346,154,101,1,22591189.00,22591189.00,'VND',0.00,0.00,NULL,NULL),(347,154,134,3,33768834.00,101306502.00,'VND',0.00,0.00,NULL,NULL),(348,154,36,1,9755140.00,9755140.00,'VND',0.00,0.00,NULL,NULL),(349,155,41,3,18293084.00,54879252.00,'VND',0.00,0.00,NULL,NULL),(350,155,4,2,14906160.00,29812320.00,'VND',0.00,0.00,NULL,NULL),(351,155,83,1,42397986.00,42397986.00,'VND',0.00,0.00,NULL,NULL),(352,156,77,2,26032342.00,52064684.00,'VND',0.00,0.00,NULL,NULL),(353,157,69,3,35166640.00,105499920.00,'VND',0.00,0.00,NULL,NULL),(354,157,5,3,32006882.00,96020646.00,'VND',0.00,0.00,NULL,NULL),(355,157,8,1,46382743.00,46382743.00,'VND',0.00,0.00,NULL,NULL),(356,158,56,3,15885755.00,47657265.00,'VND',0.00,0.00,NULL,NULL),(357,159,143,3,36413624.00,109240872.00,'VND',0.00,0.00,NULL,NULL),(358,160,127,1,3825723.00,3825723.00,'VND',0.00,0.00,NULL,NULL),(359,160,43,3,22206446.00,66619338.00,'VND',0.00,0.00,NULL,NULL),(360,161,122,1,31181641.00,31181641.00,'VND',0.00,0.00,NULL,NULL),(361,161,17,2,30306496.00,60612992.00,'VND',0.00,0.00,NULL,NULL),(362,162,69,1,35166640.00,35166640.00,'VND',0.00,0.00,NULL,NULL),(363,162,71,1,15998361.00,15998361.00,'VND',0.00,0.00,NULL,NULL),(364,163,40,2,19209709.00,38419418.00,'VND',0.00,0.00,NULL,NULL),(365,163,12,1,36397613.00,36397613.00,'VND',0.00,0.00,NULL,NULL),(366,164,62,2,39331448.00,78662896.00,'VND',0.00,0.00,NULL,NULL),(367,164,26,3,191114.00,573342.00,'VND',0.00,0.00,NULL,NULL),(368,164,50,2,10362914.00,20725828.00,'VND',0.00,0.00,NULL,NULL),(369,165,101,2,22591189.00,45182378.00,'VND',0.00,0.00,NULL,NULL),(370,165,76,1,18562666.00,18562666.00,'VND',0.00,0.00,NULL,NULL),(371,165,19,2,42792719.00,85585438.00,'VND',0.00,0.00,NULL,NULL),(372,166,31,3,25676676.00,77030028.00,'VND',0.00,0.00,NULL,NULL),(373,166,152,1,25862698.00,25862698.00,'VND',0.00,0.00,NULL,NULL),(374,167,136,2,9405587.00,18811174.00,'VND',0.00,0.00,NULL,NULL),(375,167,43,2,22206446.00,44412892.00,'VND',0.00,0.00,NULL,NULL),(376,168,9,3,9978523.00,29935569.00,'VND',0.00,0.00,NULL,NULL),(377,168,139,1,27569515.00,27569515.00,'VND',0.00,0.00,NULL,NULL),(378,168,10,1,9223746.00,9223746.00,'VND',0.00,0.00,NULL,NULL),(379,169,143,3,36413624.00,109240872.00,'VND',0.00,0.00,NULL,NULL),(380,170,99,3,1703894.00,5111682.00,'VND',0.00,0.00,NULL,NULL),(381,171,51,1,49499418.00,49499418.00,'VND',0.00,0.00,NULL,NULL),(382,171,108,1,36019945.00,36019945.00,'VND',0.00,0.00,NULL,NULL),(383,171,36,3,9755140.00,29265420.00,'VND',0.00,0.00,NULL,NULL),(384,172,118,1,48216892.00,48216892.00,'VND',0.00,0.00,NULL,NULL),(385,172,101,3,22591189.00,67773567.00,'VND',0.00,0.00,NULL,NULL),(386,173,134,1,33768834.00,33768834.00,'VND',0.00,0.00,NULL,NULL),(387,173,89,2,2429696.00,4859392.00,'VND',0.00,0.00,NULL,NULL),(388,173,128,3,17463258.00,52389774.00,'VND',0.00,0.00,NULL,NULL),(389,173,65,2,19590924.00,39181848.00,'VND',0.00,0.00,NULL,NULL),(390,174,141,1,8213039.00,8213039.00,'VND',0.00,0.00,NULL,NULL),(391,174,66,2,11013720.00,22027440.00,'VND',0.00,0.00,NULL,NULL),(392,175,3,2,2501303.00,5002606.00,'VND',0.00,0.00,NULL,NULL),(393,175,59,2,1441775.00,2883550.00,'VND',0.00,0.00,NULL,NULL),(394,176,2,3,27186314.00,81558942.00,'VND',0.00,0.00,NULL,NULL),(395,176,12,1,36397613.00,36397613.00,'VND',0.00,0.00,NULL,NULL),(396,176,26,1,191114.00,191114.00,'VND',0.00,0.00,NULL,NULL),(397,177,101,3,22591189.00,67773567.00,'VND',0.00,0.00,NULL,NULL),(398,178,135,1,39603572.00,39603572.00,'VND',0.00,0.00,NULL,NULL),(399,179,112,3,13969602.00,41908806.00,'VND',0.00,0.00,NULL,NULL),(400,179,37,2,11566832.00,23133664.00,'VND',0.00,0.00,NULL,NULL),(401,180,59,3,1441775.00,4325325.00,'VND',0.00,0.00,NULL,NULL),(402,180,92,2,49489804.00,98979608.00,'VND',0.00,0.00,NULL,NULL),(403,180,87,1,49391281.00,49391281.00,'VND',0.00,0.00,NULL,NULL),(404,181,50,1,10362914.00,10362914.00,'VND',0.00,0.00,NULL,NULL),(405,182,121,3,44702183.00,134106549.00,'VND',0.00,0.00,NULL,NULL),(406,183,132,1,14191623.00,14191623.00,'VND',0.00,0.00,NULL,NULL),(407,183,14,3,10920273.00,32760819.00,'VND',0.00,0.00,NULL,NULL),(408,184,24,2,639311.00,1278622.00,'VND',0.00,0.00,NULL,NULL),(409,185,151,1,36809943.00,36809943.00,'VND',0.00,0.00,NULL,NULL),(410,185,110,2,17705558.00,35411116.00,'VND',0.00,0.00,NULL,NULL),(411,186,106,3,15646067.00,46938201.00,'VND',0.00,0.00,NULL,NULL),(412,186,143,1,36413624.00,36413624.00,'VND',0.00,0.00,NULL,NULL),(413,186,54,3,39084840.00,117254520.00,'VND',0.00,0.00,NULL,NULL),(414,187,34,3,42597262.00,127791786.00,'VND',0.00,0.00,NULL,NULL),(415,187,51,2,49499418.00,98998836.00,'VND',0.00,0.00,NULL,NULL),(416,188,117,2,10656967.00,21313934.00,'VND',0.00,0.00,NULL,NULL),(417,188,49,1,29557600.00,29557600.00,'VND',0.00,0.00,NULL,NULL),(418,188,58,1,38499096.00,38499096.00,'VND',0.00,0.00,NULL,NULL),(419,188,109,3,35130278.00,105390834.00,'VND',0.00,0.00,NULL,NULL),(420,189,77,2,26032342.00,52064684.00,'VND',0.00,0.00,NULL,NULL),(421,189,134,1,33768834.00,33768834.00,'VND',0.00,0.00,NULL,NULL),(422,190,18,3,10625884.00,31877652.00,'VND',0.00,0.00,NULL,NULL),(423,190,71,2,15998361.00,31996722.00,'VND',0.00,0.00,NULL,NULL),(424,190,50,1,10362914.00,10362914.00,'VND',0.00,0.00,NULL,NULL),(425,191,51,1,49499418.00,49499418.00,'VND',0.00,0.00,NULL,NULL),(426,191,57,2,31133395.00,62266790.00,'VND',0.00,0.00,NULL,NULL),(427,191,146,2,22899238.00,45798476.00,'VND',0.00,0.00,NULL,NULL),(428,192,96,3,16606417.00,49819251.00,'VND',0.00,0.00,NULL,NULL),(429,192,70,3,3689292.00,11067876.00,'VND',0.00,0.00,NULL,NULL),(430,193,14,3,10920273.00,32760819.00,'VND',0.00,0.00,NULL,NULL),(431,193,88,1,12214692.00,12214692.00,'VND',0.00,0.00,NULL,NULL),(432,193,22,1,40471577.00,40471577.00,'VND',0.00,0.00,NULL,NULL),(433,193,64,1,39819827.00,39819827.00,'VND',0.00,0.00,NULL,NULL),(434,194,68,2,26978217.00,53956434.00,'VND',0.00,0.00,NULL,NULL),(435,195,110,3,17705558.00,53116674.00,'VND',0.00,0.00,NULL,NULL),(436,195,153,2,25517542.00,51035084.00,'VND',0.00,0.00,NULL,NULL),(437,196,24,1,639311.00,639311.00,'VND',0.00,0.00,NULL,NULL),(438,196,60,3,422236.00,1266708.00,'VND',0.00,0.00,NULL,NULL),(439,196,108,1,36019945.00,36019945.00,'VND',0.00,0.00,NULL,NULL),(440,196,88,1,12214692.00,12214692.00,'VND',0.00,0.00,NULL,NULL),(441,197,108,1,36019945.00,36019945.00,'VND',0.00,0.00,NULL,NULL),(442,197,37,2,11566832.00,23133664.00,'VND',0.00,0.00,NULL,NULL),(443,197,94,1,16302431.00,16302431.00,'VND',0.00,0.00,NULL,NULL),(444,198,24,3,639311.00,1917933.00,'VND',0.00,0.00,NULL,NULL),(445,198,49,3,29557600.00,88672800.00,'VND',0.00,0.00,NULL,NULL),(446,199,39,2,23871688.00,47743376.00,'VND',0.00,0.00,NULL,NULL),(447,199,129,2,24606831.00,49213662.00,'VND',0.00,0.00,NULL,NULL),(448,199,80,1,17279304.00,17279304.00,'VND',0.00,0.00,NULL,NULL),(449,199,11,2,29754797.00,59509594.00,'VND',0.00,0.00,NULL,NULL),(450,200,132,1,14191623.00,14191623.00,'VND',0.00,0.00,NULL,NULL),(451,200,10,3,9223746.00,27671238.00,'VND',0.00,0.00,NULL,NULL),(452,200,91,2,30841444.00,61682888.00,'VND',0.00,0.00,NULL,NULL),(453,201,46,2,47061858.00,94123716.00,'VND',0.00,0.00,NULL,NULL),(454,201,95,3,36740273.00,110220819.00,'VND',0.00,0.00,NULL,NULL),(455,201,20,2,25679860.00,51359720.00,'VND',0.00,0.00,NULL,NULL),(456,201,76,1,18562666.00,18562666.00,'VND',0.00,0.00,NULL,NULL),(457,202,126,2,2740718.00,5481436.00,'VND',0.00,0.00,NULL,NULL),(458,203,19,3,42792719.00,128378157.00,'VND',0.00,0.00,NULL,NULL),(459,203,39,1,23871688.00,23871688.00,'VND',0.00,0.00,NULL,NULL),(460,203,85,3,41230694.00,123692082.00,'VND',0.00,0.00,NULL,NULL),(461,204,90,1,49144283.00,49144283.00,'VND',0.00,0.00,NULL,NULL),(462,204,108,1,36019945.00,36019945.00,'VND',0.00,0.00,NULL,NULL),(463,204,31,3,25676676.00,77030028.00,'VND',0.00,0.00,NULL,NULL),(464,205,35,1,38525878.00,38525878.00,'VND',0.00,0.00,NULL,NULL),(465,205,53,3,42242583.00,126727749.00,'VND',0.00,0.00,NULL,NULL),(466,206,148,2,23389368.00,46778736.00,'VND',0.00,0.00,NULL,NULL),(467,206,142,1,47584338.00,47584338.00,'VND',0.00,0.00,NULL,NULL),(468,206,122,3,31181641.00,93544923.00,'VND',0.00,0.00,NULL,NULL),(469,207,8,3,46382743.00,139148229.00,'VND',0.00,0.00,NULL,NULL),(470,207,85,2,41230694.00,82461388.00,'VND',0.00,0.00,NULL,NULL),(471,207,38,2,10879676.00,21759352.00,'VND',0.00,0.00,NULL,NULL),(472,208,112,2,13969602.00,27939204.00,'VND',0.00,0.00,NULL,NULL),(473,208,2,2,27186314.00,54372628.00,'VND',0.00,0.00,NULL,NULL),(474,208,40,1,19209709.00,19209709.00,'VND',0.00,0.00,NULL,NULL),(475,208,76,1,18562666.00,18562666.00,'VND',0.00,0.00,NULL,NULL),(476,209,41,1,18293084.00,18293084.00,'VND',0.00,0.00,NULL,NULL),(477,209,147,1,43387564.00,43387564.00,'VND',0.00,0.00,NULL,NULL),(478,210,17,1,30306496.00,30306496.00,'VND',0.00,0.00,NULL,NULL),(479,210,22,1,40471577.00,40471577.00,'VND',0.00,0.00,NULL,NULL),(480,211,2,2,27186314.00,54372628.00,'VND',0.00,0.00,NULL,NULL),(481,211,16,3,47418111.00,142254333.00,'VND',0.00,0.00,NULL,NULL),(482,211,37,2,11566832.00,23133664.00,'VND',0.00,0.00,NULL,NULL),(483,212,66,3,11013720.00,33041160.00,'VND',0.00,0.00,NULL,NULL),(484,212,138,2,29909519.00,59819038.00,'VND',0.00,0.00,NULL,NULL),(485,213,131,2,22360123.00,44720246.00,'VND',0.00,0.00,NULL,NULL),(486,213,119,2,40281481.00,80562962.00,'VND',0.00,0.00,NULL,NULL),(487,214,71,1,15998361.00,15998361.00,'VND',0.00,0.00,NULL,NULL),(488,214,126,3,2740718.00,8222154.00,'VND',0.00,0.00,NULL,NULL),(489,215,30,3,39714964.00,119144892.00,'VND',0.00,0.00,NULL,NULL),(490,216,85,3,41230694.00,123692082.00,'VND',0.00,0.00,NULL,NULL),(491,216,83,1,42397986.00,42397986.00,'VND',0.00,0.00,NULL,NULL),(492,217,79,1,32251777.00,32251777.00,'VND',0.00,0.00,NULL,NULL),(493,217,31,1,25676676.00,25676676.00,'VND',0.00,0.00,NULL,NULL),(494,217,50,3,10362914.00,31088742.00,'VND',0.00,0.00,NULL,NULL),(495,218,58,3,38499096.00,115497288.00,'VND',0.00,0.00,NULL,NULL),(496,218,61,3,1596357.00,4789071.00,'VND',0.00,0.00,NULL,NULL),(497,218,106,3,15646067.00,46938201.00,'VND',0.00,0.00,NULL,NULL),(498,219,120,3,8545088.00,25635264.00,'VND',0.00,0.00,NULL,NULL),(499,219,36,2,9755140.00,19510280.00,'VND',0.00,0.00,NULL,NULL),(500,220,8,2,46382743.00,92765486.00,'VND',0.00,0.00,NULL,NULL),(501,221,55,3,13540724.00,40622172.00,'VND',0.00,0.00,NULL,NULL),(502,221,85,3,41230694.00,123692082.00,'VND',0.00,0.00,NULL,NULL),(503,222,37,2,11566832.00,23133664.00,'VND',0.00,0.00,NULL,NULL),(504,223,2,2,27186314.00,54372628.00,'VND',0.00,0.00,NULL,NULL),(505,223,105,1,12564238.00,12564238.00,'VND',0.00,0.00,NULL,NULL),(506,223,61,1,1596357.00,1596357.00,'VND',0.00,0.00,NULL,NULL),(507,223,71,1,15998361.00,15998361.00,'VND',0.00,0.00,NULL,NULL),(508,224,107,3,37692016.00,113076048.00,'VND',0.00,0.00,NULL,NULL),(509,225,108,2,36019945.00,72039890.00,'VND',0.00,0.00,NULL,NULL),(510,225,149,3,32707461.00,98122383.00,'VND',0.00,0.00,NULL,NULL),(511,225,82,1,40646257.00,40646257.00,'VND',0.00,0.00,NULL,NULL),(512,225,86,1,4202557.00,4202557.00,'VND',0.00,0.00,NULL,NULL),(513,226,5,2,32006882.00,64013764.00,'VND',0.00,0.00,NULL,NULL),(514,227,34,1,42597262.00,42597262.00,'VND',0.00,0.00,NULL,NULL),(515,228,25,3,27858331.00,83574993.00,'VND',0.00,0.00,NULL,NULL),(516,229,120,2,8545088.00,17090176.00,'VND',0.00,0.00,NULL,NULL),(517,230,65,3,19590924.00,58772772.00,'VND',0.00,0.00,NULL,NULL),(518,230,153,2,25517542.00,51035084.00,'VND',0.00,0.00,NULL,NULL),(519,231,33,3,36969245.00,110907735.00,'VND',0.00,0.00,NULL,NULL),(520,231,107,1,37692016.00,37692016.00,'VND',0.00,0.00,NULL,NULL),(521,231,70,1,3689292.00,3689292.00,'VND',0.00,0.00,NULL,NULL),(522,232,83,3,42397986.00,127193958.00,'VND',0.00,0.00,NULL,NULL),(523,232,127,3,3825723.00,11477169.00,'VND',0.00,0.00,NULL,NULL),(524,233,14,1,10920273.00,10920273.00,'VND',0.00,0.00,NULL,NULL),(525,233,2,2,27186314.00,54372628.00,'VND',0.00,0.00,NULL,NULL),(526,233,42,2,27820926.00,55641852.00,'VND',0.00,0.00,NULL,NULL),(527,234,71,1,15998361.00,15998361.00,'VND',0.00,0.00,NULL,NULL),(528,234,71,2,15998361.00,31996722.00,'VND',0.00,0.00,NULL,NULL),(529,234,78,2,2583266.00,5166532.00,'VND',0.00,0.00,NULL,NULL),(530,234,9,1,9978523.00,9978523.00,'VND',0.00,0.00,NULL,NULL),(531,235,83,3,42397986.00,127193958.00,'VND',0.00,0.00,NULL,NULL),(532,235,102,2,16021974.00,32043948.00,'VND',0.00,0.00,NULL,NULL),(533,235,51,1,49499418.00,49499418.00,'VND',0.00,0.00,NULL,NULL),(534,235,110,2,17705558.00,35411116.00,'VND',0.00,0.00,NULL,NULL),(535,236,1,2,37712993.00,75425986.00,'VND',0.00,0.00,NULL,NULL),(536,237,83,1,42397986.00,42397986.00,'VND',0.00,0.00,NULL,NULL),(537,238,15,1,32146805.00,32146805.00,'VND',0.00,0.00,NULL,NULL),(538,238,132,1,14191623.00,14191623.00,'VND',0.00,0.00,NULL,NULL),(539,238,60,1,422236.00,422236.00,'VND',0.00,0.00,NULL,NULL),(540,239,47,2,21454311.00,42908622.00,'VND',0.00,0.00,NULL,NULL),(541,239,91,1,30841444.00,30841444.00,'VND',0.00,0.00,NULL,NULL),(542,239,51,1,49499418.00,49499418.00,'VND',0.00,0.00,NULL,NULL),(543,240,108,2,36019945.00,72039890.00,'VND',0.00,0.00,NULL,NULL),(544,240,8,1,46382743.00,46382743.00,'VND',0.00,0.00,NULL,NULL),(545,241,135,3,39603572.00,118810716.00,'VND',0.00,0.00,NULL,NULL),(546,241,85,3,41230694.00,123692082.00,'VND',0.00,0.00,NULL,NULL),(547,241,149,2,32707461.00,65414922.00,'VND',0.00,0.00,NULL,NULL),(548,242,74,2,26063491.00,52126982.00,'VND',0.00,0.00,NULL,NULL),(549,242,18,3,10625884.00,31877652.00,'VND',0.00,0.00,NULL,NULL),(550,242,130,2,21640170.00,43280340.00,'VND',0.00,0.00,NULL,NULL),(551,243,41,2,18293084.00,36586168.00,'VND',0.00,0.00,NULL,NULL),(552,243,80,3,17279304.00,51837912.00,'VND',0.00,0.00,NULL,NULL),(553,243,53,3,42242583.00,126727749.00,'VND',0.00,0.00,NULL,NULL),(554,243,121,3,44702183.00,134106549.00,'VND',0.00,0.00,NULL,NULL),(555,244,130,3,21640170.00,64920510.00,'VND',0.00,0.00,NULL,NULL),(556,244,35,1,38525878.00,38525878.00,'VND',0.00,0.00,NULL,NULL),(557,245,114,3,5303002.00,15909006.00,'VND',0.00,0.00,NULL,NULL),(558,245,137,1,9904936.00,9904936.00,'VND',0.00,0.00,NULL,NULL),(559,245,125,1,10144005.00,10144005.00,'VND',0.00,0.00,NULL,NULL),(560,246,66,1,11013720.00,11013720.00,'VND',0.00,0.00,NULL,NULL),(561,246,144,3,16031333.00,48093999.00,'VND',0.00,0.00,NULL,NULL),(562,246,119,3,40281481.00,120844443.00,'VND',0.00,0.00,NULL,NULL),(563,247,47,1,21454311.00,21454311.00,'VND',0.00,0.00,NULL,NULL),(564,247,104,2,14053189.00,28106378.00,'VND',0.00,0.00,NULL,NULL),(565,247,47,1,21454311.00,21454311.00,'VND',0.00,0.00,NULL,NULL),(566,248,66,3,11013720.00,33041160.00,'VND',0.00,0.00,NULL,NULL),(567,249,90,1,49144283.00,49144283.00,'VND',0.00,0.00,NULL,NULL),(568,249,11,3,29754797.00,89264391.00,'VND',0.00,0.00,NULL,NULL),(569,250,46,3,47061858.00,141185574.00,'VND',0.00,0.00,NULL,NULL),(570,251,37,2,11566832.00,23133664.00,'VND',0.00,0.00,NULL,NULL),(571,251,119,1,40281481.00,40281481.00,'VND',0.00,0.00,NULL,NULL),(572,252,40,2,19209709.00,38419418.00,'VND',0.00,0.00,NULL,NULL),(573,253,14,3,10920273.00,32760819.00,'VND',0.00,0.00,NULL,NULL),(574,253,26,1,191114.00,191114.00,'VND',0.00,0.00,NULL,NULL),(575,253,31,1,25676676.00,25676676.00,'VND',0.00,0.00,NULL,NULL),(576,253,41,2,18293084.00,36586168.00,'VND',0.00,0.00,NULL,NULL),(577,254,22,1,40471577.00,40471577.00,'VND',0.00,0.00,NULL,NULL),(578,254,123,1,22000137.00,22000137.00,'VND',0.00,0.00,NULL,NULL),(579,255,80,2,17279304.00,34558608.00,'VND',0.00,0.00,NULL,NULL),(580,255,96,3,16606417.00,49819251.00,'VND',0.00,0.00,NULL,NULL),(581,255,111,1,2331691.00,2331691.00,'VND',0.00,0.00,NULL,NULL),(582,256,105,1,12564238.00,12564238.00,'VND',0.00,0.00,NULL,NULL),(583,256,137,3,9904936.00,29714808.00,'VND',0.00,0.00,NULL,NULL),(584,256,74,2,26063491.00,52126982.00,'VND',0.00,0.00,NULL,NULL),(585,257,146,2,22899238.00,45798476.00,'VND',0.00,0.00,NULL,NULL),(586,257,56,2,15885755.00,31771510.00,'VND',0.00,0.00,NULL,NULL),(587,258,126,1,2740718.00,2740718.00,'VND',0.00,0.00,NULL,NULL),(588,258,78,3,2583266.00,7749798.00,'VND',0.00,0.00,NULL,NULL),(589,259,95,3,36740273.00,110220819.00,'VND',0.00,0.00,NULL,NULL),(590,259,85,3,41230694.00,123692082.00,'VND',0.00,0.00,NULL,NULL),(591,260,29,3,9837185.00,29511555.00,'VND',0.00,0.00,NULL,NULL),(592,260,76,2,18562666.00,37125332.00,'VND',0.00,0.00,NULL,NULL),(593,260,56,3,15885755.00,47657265.00,'VND',0.00,0.00,NULL,NULL),(594,260,46,1,47061858.00,47061858.00,'VND',0.00,0.00,NULL,NULL),(595,261,129,3,24606831.00,73820493.00,'VND',0.00,0.00,NULL,NULL),(596,262,40,3,19209709.00,57629127.00,'VND',0.00,0.00,NULL,NULL),(597,262,79,2,32251777.00,64503554.00,'VND',0.00,0.00,NULL,NULL),(598,262,8,1,46382743.00,46382743.00,'VND',0.00,0.00,NULL,NULL),(599,263,85,3,41230694.00,123692082.00,'VND',0.00,0.00,NULL,NULL),(600,264,83,1,42397986.00,42397986.00,'VND',0.00,0.00,NULL,NULL),(601,265,124,1,5340338.00,5340338.00,'VND',0.00,0.00,NULL,NULL),(602,265,75,2,5546995.00,11093990.00,'VND',0.00,0.00,NULL,NULL),(603,266,126,2,2740718.00,5481436.00,'VND',0.00,0.00,NULL,NULL),(604,267,140,1,29133598.00,29133598.00,'VND',0.00,0.00,NULL,NULL),(605,267,137,3,9904936.00,29714808.00,'VND',0.00,0.00,NULL,NULL),(606,268,128,2,17463258.00,34926516.00,'VND',0.00,0.00,NULL,NULL),(607,268,151,1,36809943.00,36809943.00,'VND',0.00,0.00,NULL,NULL),(608,268,118,3,48216892.00,144650676.00,'VND',0.00,0.00,NULL,NULL),(609,268,84,2,6251260.00,12502520.00,'VND',0.00,0.00,NULL,NULL),(610,269,50,2,10362914.00,20725828.00,'VND',0.00,0.00,NULL,NULL),(611,269,105,2,12564238.00,25128476.00,'VND',0.00,0.00,NULL,NULL),(612,269,81,3,12961792.00,38885376.00,'VND',0.00,0.00,NULL,NULL),(613,270,31,3,25676676.00,77030028.00,'VND',0.00,0.00,NULL,NULL),(614,270,27,2,6603154.00,13206308.00,'VND',0.00,0.00,NULL,NULL),(615,271,6,3,46558775.00,139676325.00,'VND',0.00,0.00,NULL,NULL),(616,272,64,3,39819827.00,119459481.00,'VND',0.00,0.00,NULL,NULL),(617,273,137,2,9904936.00,19809872.00,'VND',0.00,0.00,NULL,NULL),(618,273,10,3,9223746.00,27671238.00,'VND',0.00,0.00,NULL,NULL),(619,273,141,2,8213039.00,16426078.00,'VND',0.00,0.00,NULL,NULL),(620,274,139,1,27569515.00,27569515.00,'VND',0.00,0.00,NULL,NULL),(621,274,2,1,27186314.00,27186314.00,'VND',0.00,0.00,NULL,NULL),(622,275,87,2,49391281.00,98782562.00,'VND',0.00,0.00,NULL,NULL),(623,276,90,2,49144283.00,98288566.00,'VND',0.00,0.00,NULL,NULL),(624,276,51,3,49499418.00,148498254.00,'VND',0.00,0.00,NULL,NULL),(625,276,51,1,49499418.00,49499418.00,'VND',0.00,0.00,NULL,NULL),(626,277,124,3,5340338.00,16021014.00,'VND',0.00,0.00,NULL,NULL),(627,277,39,1,23871688.00,23871688.00,'VND',0.00,0.00,NULL,NULL),(628,277,48,3,39425494.00,118276482.00,'VND',0.00,0.00,NULL,NULL),(629,278,97,3,20275558.00,60826674.00,'VND',0.00,0.00,NULL,NULL),(630,279,31,1,25676676.00,25676676.00,'VND',0.00,0.00,NULL,NULL),(631,279,68,2,26978217.00,53956434.00,'VND',0.00,0.00,NULL,NULL),(632,280,53,2,42242583.00,84485166.00,'VND',0.00,0.00,NULL,NULL),(633,280,18,2,10625884.00,21251768.00,'VND',0.00,0.00,NULL,NULL),(634,280,50,1,10362914.00,10362914.00,'VND',0.00,0.00,NULL,NULL),(635,281,127,3,3825723.00,11477169.00,'VND',0.00,0.00,NULL,NULL),(636,281,134,1,33768834.00,33768834.00,'VND',0.00,0.00,NULL,NULL),(637,281,146,3,22899238.00,68697714.00,'VND',0.00,0.00,NULL,NULL),(638,282,135,2,39603572.00,79207144.00,'VND',0.00,0.00,NULL,NULL),(639,282,66,2,11013720.00,22027440.00,'VND',0.00,0.00,NULL,NULL),(640,282,15,2,32146805.00,64293610.00,'VND',0.00,0.00,NULL,NULL),(641,283,152,3,25862698.00,77588094.00,'VND',0.00,0.00,NULL,NULL),(642,283,129,3,24606831.00,73820493.00,'VND',0.00,0.00,NULL,NULL),(643,284,144,1,16031333.00,16031333.00,'VND',0.00,0.00,NULL,NULL),(644,284,55,3,13540724.00,40622172.00,'VND',0.00,0.00,NULL,NULL),(645,285,132,1,14191623.00,14191623.00,'VND',0.00,0.00,NULL,NULL),(646,285,41,2,18293084.00,36586168.00,'VND',0.00,0.00,NULL,NULL),(647,285,38,3,10879676.00,32639028.00,'VND',0.00,0.00,NULL,NULL),(648,285,39,2,23871688.00,47743376.00,'VND',0.00,0.00,NULL,NULL),(649,286,58,1,38499096.00,38499096.00,'VND',0.00,0.00,NULL,NULL),(650,286,104,3,14053189.00,42159567.00,'VND',0.00,0.00,NULL,NULL),(651,286,48,1,39425494.00,39425494.00,'VND',0.00,0.00,NULL,NULL),(652,287,50,3,10362914.00,31088742.00,'VND',0.00,0.00,NULL,NULL),(653,287,34,2,42597262.00,85194524.00,'VND',0.00,0.00,NULL,NULL),(654,287,152,3,25862698.00,77588094.00,'VND',0.00,0.00,NULL,NULL),(655,287,83,3,42397986.00,127193958.00,'VND',0.00,0.00,NULL,NULL),(656,288,92,2,49489804.00,98979608.00,'VND',0.00,0.00,NULL,NULL),(657,289,150,1,16674173.00,16674173.00,'VND',0.00,0.00,NULL,NULL),(658,289,121,2,44702183.00,89404366.00,'VND',0.00,0.00,NULL,NULL),(659,289,134,3,33768834.00,101306502.00,'VND',0.00,0.00,NULL,NULL),(660,290,54,1,39084840.00,39084840.00,'VND',0.00,0.00,NULL,NULL),(661,291,12,3,36397613.00,109192839.00,'VND',0.00,0.00,NULL,NULL),(662,291,143,2,36413624.00,72827248.00,'VND',0.00,0.00,NULL,NULL),(663,292,92,1,49489804.00,49489804.00,'VND',0.00,0.00,NULL,NULL),(664,292,121,1,44702183.00,44702183.00,'VND',0.00,0.00,NULL,NULL),(665,292,9,2,9978523.00,19957046.00,'VND',0.00,0.00,NULL,NULL),(666,293,77,2,26032342.00,52064684.00,'VND',0.00,0.00,NULL,NULL),(667,293,69,3,35166640.00,105499920.00,'VND',0.00,0.00,NULL,NULL),(668,294,30,1,39714964.00,39714964.00,'VND',0.00,0.00,NULL,NULL),(669,295,140,2,29133598.00,58267196.00,'VND',0.00,0.00,NULL,NULL),(670,296,95,2,36740273.00,73480546.00,'VND',0.00,0.00,NULL,NULL),(671,297,104,1,14053189.00,14053189.00,'VND',0.00,0.00,NULL,NULL),(672,297,21,2,36829236.00,73658472.00,'VND',0.00,0.00,NULL,NULL),(673,298,141,1,8213039.00,8213039.00,'VND',0.00,0.00,NULL,NULL),(674,298,130,1,21640170.00,21640170.00,'VND',0.00,0.00,NULL,NULL),(675,299,126,1,2740718.00,2740718.00,'VND',0.00,0.00,NULL,NULL),(676,299,121,3,44702183.00,134106549.00,'VND',0.00,0.00,NULL,NULL),(677,299,109,3,35130278.00,105390834.00,'VND',0.00,0.00,NULL,NULL),(678,300,149,3,32707461.00,98122383.00,'VND',0.00,0.00,NULL,NULL),(679,301,141,1,8213039.00,8213039.00,'VND',0.00,0.00,NULL,NULL),(680,301,102,1,16021974.00,16021974.00,'VND',0.00,0.00,NULL,NULL),(681,301,48,3,39425494.00,118276482.00,'VND',0.00,0.00,NULL,NULL),(682,302,112,1,13969602.00,13969602.00,'VND',0.00,0.00,NULL,NULL),(683,302,142,1,47584338.00,47584338.00,'VND',0.00,0.00,NULL,NULL),(684,303,141,1,8213039.00,8213039.00,'VND',0.00,0.00,NULL,NULL),(685,304,110,3,17705558.00,53116674.00,'VND',0.00,0.00,NULL,NULL),(686,304,72,1,2401080.00,2401080.00,'VND',0.00,0.00,NULL,NULL),(687,305,136,1,9405587.00,9405587.00,'VND',0.00,0.00,NULL,NULL),(688,305,95,2,36740273.00,73480546.00,'VND',0.00,0.00,NULL,NULL),(689,306,70,3,3689292.00,11067876.00,'VND',0.00,0.00,NULL,NULL),(690,306,43,1,22206446.00,22206446.00,'VND',0.00,0.00,NULL,NULL),(691,306,136,3,9405587.00,28216761.00,'VND',0.00,0.00,NULL,NULL),(692,307,122,1,31181641.00,31181641.00,'VND',0.00,0.00,NULL,NULL),(693,307,38,1,10879676.00,10879676.00,'VND',0.00,0.00,NULL,NULL),(694,308,137,1,9904936.00,9904936.00,'VND',0.00,0.00,NULL,NULL),(695,308,109,1,35130278.00,35130278.00,'VND',0.00,0.00,NULL,NULL),(696,308,119,2,40281481.00,80562962.00,'VND',0.00,0.00,NULL,NULL),(697,309,5,3,32006882.00,96020646.00,'VND',0.00,0.00,NULL,NULL),(698,309,3,3,2501303.00,7503909.00,'VND',0.00,0.00,NULL,NULL),(699,309,131,1,22360123.00,22360123.00,'VND',0.00,0.00,NULL,NULL),(700,309,29,2,9837185.00,19674370.00,'VND',0.00,0.00,NULL,NULL),(701,310,81,3,12961792.00,38885376.00,'VND',0.00,0.00,NULL,NULL),(702,310,7,2,5696648.00,11393296.00,'VND',0.00,0.00,NULL,NULL),(703,310,9,1,9978523.00,9978523.00,'VND',0.00,0.00,NULL,NULL),(704,311,35,3,38525878.00,115577634.00,'VND',0.00,0.00,NULL,NULL),(705,311,87,1,49391281.00,49391281.00,'VND',0.00,0.00,NULL,NULL),(706,312,81,3,12961792.00,38885376.00,'VND',0.00,0.00,NULL,NULL),(707,312,19,2,42792719.00,85585438.00,'VND',0.00,0.00,NULL,NULL),(708,312,63,3,9704709.00,29114127.00,'VND',0.00,0.00,NULL,NULL),(709,313,60,1,422236.00,422236.00,'VND',0.00,0.00,NULL,NULL),(710,313,26,1,191114.00,191114.00,'VND',0.00,0.00,NULL,NULL),(711,313,147,3,43387564.00,130162692.00,'VND',0.00,0.00,NULL,NULL),(712,313,129,1,24606831.00,24606831.00,'VND',0.00,0.00,NULL,NULL),(713,314,92,1,49489804.00,49489804.00,'VND',0.00,0.00,NULL,NULL),(714,314,114,1,5303002.00,5303002.00,'VND',0.00,0.00,NULL,NULL),(715,315,121,3,44702183.00,134106549.00,'VND',0.00,0.00,NULL,NULL),(716,316,127,3,3825723.00,11477169.00,'VND',0.00,0.00,NULL,NULL),(717,316,5,1,32006882.00,32006882.00,'VND',0.00,0.00,NULL,NULL),(718,316,11,3,29754797.00,89264391.00,'VND',0.00,0.00,NULL,NULL),(719,317,4,1,14906160.00,14906160.00,'VND',0.00,0.00,NULL,NULL),(720,317,17,1,30306496.00,30306496.00,'VND',0.00,0.00,NULL,NULL),(721,317,115,1,37738633.00,37738633.00,'VND',0.00,0.00,NULL,NULL),(722,318,135,2,39603572.00,79207144.00,'VND',0.00,0.00,NULL,NULL),(723,318,134,2,33768834.00,67537668.00,'VND',0.00,0.00,NULL,NULL),(724,318,2,3,27186314.00,81558942.00,'VND',0.00,0.00,NULL,NULL);
/*!40000 ALTER TABLE `order_items` ENABLE KEYS */;
UNLOCK TABLES;

--
-- Table structure for table `order_promotion`
--

DROP TABLE IF EXISTS `order_promotion`;
/*!40101 SET @saved_cs_client     = @@character_set_client */;
/*!50503 SET character_set_client = utf8mb4 */;
CREATE TABLE `order_promotion` (
  `order_id` bigint(20) unsigned NOT NULL,
  `promotion_id` bigint(20) unsigned NOT NULL,
  `discount_applied` decimal(18,2) NOT NULL,
  PRIMARY KEY (`order_id`,`promotion_id`),
  KEY `order_promotion_promotion_id_foreign` (`promotion_id`),
  CONSTRAINT `order_promotion_order_id_foreign` FOREIGN KEY (`order_id`) REFERENCES `orders` (`order_id`) ON DELETE CASCADE,
  CONSTRAINT `order_promotion_promotion_id_foreign` FOREIGN KEY (`promotion_id`) REFERENCES `promotions` (`promotion_id`) ON DELETE CASCADE
) ENGINE=InnoDB DEFAULT CHARSET=utf8mb4 COLLATE=utf8mb4_unicode_ci;
/*!40101 SET character_set_client = @saved_cs_client */;

--
-- Dumping data for table `order_promotion`
--

LOCK TABLES `order_promotion` WRITE;
/*!40000 ALTER TABLE `order_promotion` DISABLE KEYS */;
INSERT INTO `order_promotion` VALUES (3,3,43821.00),(9,3,43821.00),(25,9,65.65),(27,3,43821.00),(28,3,43821.00),(35,9,107.43),(47,3,43821.00),(66,6,64818.00),(74,7,21696.00),(87,6,64818.00),(91,9,65.63),(97,6,64818.00),(120,3,43821.00),(125,3,43821.00),(126,6,64818.00),(132,9,161.18),(140,8,70308.00),(142,8,70308.00),(170,7,21696.00),(172,9,65.33),(183,3,43821.00),(189,7,21696.00),(191,9,93.72),(194,6,64818.00),(199,6,64818.00),(202,9,57.18),(222,9,99.26),(226,6,64818.00),(233,3,43821.00),(238,6,64818.00),(240,8,70308.00),(244,3,43821.00),(276,3,43821.00);
/*!40000 ALTER TABLE `order_promotion` ENABLE KEYS */;
UNLOCK TABLES;

--
-- Table structure for table `orders`
--

DROP TABLE IF EXISTS `orders`;
/*!40101 SET @saved_cs_client     = @@character_set_client */;
/*!50503 SET character_set_client = utf8mb4 */;
CREATE TABLE `orders` (
  `order_id` bigint(20) unsigned NOT NULL AUTO_INCREMENT,
  `customer_id` bigint(20) unsigned NOT NULL,
  `order_number` varchar(50) NOT NULL,
  `sub_total` decimal(18,2) NOT NULL,
  `shipping_fee` decimal(18,2) NOT NULL DEFAULT 0.00,
  `discount_amount` decimal(18,2) NOT NULL DEFAULT 0.00,
  `total_amount` decimal(18,2) NOT NULL,
  `status` enum('pending_confirmation','processing','pending_assignment','assigned_to_shipper','delivering','delivered','completed','cancelled','returned') NOT NULL DEFAULT 'pending_confirmation',
  `currency` varchar(3) NOT NULL DEFAULT 'VND' COMMENT 'Mã tiền tệ của đơn hàng (VND, USD, etc.)',
  `exchange_rate` decimal(12,6) NOT NULL DEFAULT 1.000000 COMMENT 'Tỉ giá so với đơn vị tiền tệ cơ sở tại thời điểm đặt hàng',
  `total_amount_base` decimal(18,2) DEFAULT NULL COMMENT 'Tổng giá trị đơn hàng đã quy đổi về đơn vị tiền tệ cơ sở (e.g., USD)',
  `payment_method` tinyint(4) NOT NULL COMMENT 'e.g., 1:COD, 2:Bank Transfer, 3:Online Gateway',
  `payment_status` enum('unpaid','paid','failed','refunded') NOT NULL DEFAULT 'unpaid',
  `payment_transaction_id` varchar(500) DEFAULT NULL,
  `shipping_address_id` bigint(20) unsigned DEFAULT NULL,
  `notes` text DEFAULT NULL,
  `shipped_at` timestamp NULL DEFAULT NULL,
  `delivered_at` timestamp NULL DEFAULT NULL,
  `created_at` timestamp NULL DEFAULT NULL,
  `updated_at` timestamp NULL DEFAULT NULL,
  `deleted_at` timestamp NULL DEFAULT NULL,
  `shipper_id` bigint(20) unsigned DEFAULT NULL,
  PRIMARY KEY (`order_id`),
  UNIQUE KEY `orders_order_number_unique` (`order_number`),
  KEY `orders_customer_id_foreign` (`customer_id`),
  KEY `orders_shipping_address_id_foreign` (`shipping_address_id`),
  KEY `orders_shipper_id_foreign` (`shipper_id`),
  CONSTRAINT `orders_customer_id_foreign` FOREIGN KEY (`customer_id`) REFERENCES `users` (`id`),
  CONSTRAINT `orders_shipper_id_foreign` FOREIGN KEY (`shipper_id`) REFERENCES `users` (`id`),
  CONSTRAINT `orders_shipping_address_id_foreign` FOREIGN KEY (`shipping_address_id`) REFERENCES `user_addresses` (`id`) ON DELETE SET NULL
) ENGINE=InnoDB AUTO_INCREMENT=319 DEFAULT CHARSET=utf8mb4 COLLATE=utf8mb4_unicode_ci;
/*!40101 SET character_set_client = @saved_cs_client */;

--
-- Dumping data for table `orders`
--

LOCK TABLES `orders` WRITE;
/*!40000 ALTER TABLE `orders` DISABLE KEYS */;
INSERT INTO `orders` VALUES (1,22,'ORD-37339202',1761.30,21.54,0.00,1782.84,'completed','USD',1.000000,1782.84,3,'failed',NULL,1,'Reiciendis repellat amet illum.',NULL,NULL,'2025-10-20 06:49:05','2025-10-20 06:49:05',NULL,NULL),(2,22,'ORD-63268926',1248.09,35.13,0.00,1283.22,'cancelled','USD',1.000000,1283.22,1,'paid',NULL,1,'Fugit soluta sunt unde omnis.',NULL,NULL,'2025-10-20 06:49:05','2025-10-20 06:49:05',NULL,NULL),(3,22,'ORD-62117249',1278.94,6.81,43821.00,-42535.25,'completed','USD',1.000000,1285.75,2,'refunded',NULL,1,'Possimus odit ratione quis ad.',NULL,NULL,'2025-10-20 06:49:05','2025-10-20 06:49:08',NULL,NULL),(4,23,'ORD-71357116',214.27,32.68,0.00,246.95,'delivered','USD',1.000000,246.95,3,'unpaid',NULL,2,'Unde et dolor nemo nulla praesentium id aspernatur.',NULL,NULL,'2025-10-20 06:49:05','2025-10-20 06:49:05',NULL,NULL),(5,23,'ORD-58375311',860.42,26.91,0.00,887.33,'processing','USD',1.000000,887.33,1,'paid',NULL,2,'Voluptatem similique enim fugit quas possimus dolor voluptatem.',NULL,NULL,'2025-10-20 06:49:05','2025-10-20 06:49:05',NULL,NULL),(6,23,'ORD-70995539',376.45,34.16,0.00,410.61,'cancelled','USD',1.000000,410.61,1,'failed',NULL,2,'Sed reiciendis molestiae qui nisi.',NULL,NULL,'2025-10-20 06:49:05','2025-10-20 06:49:05',NULL,NULL),(7,23,'ORD-47229437',1814.13,16.27,0.00,1830.40,'delivering','USD',1.000000,1830.40,3,'refunded',NULL,2,'Ad sint dolorem est dignissimos aut.',NULL,NULL,'2025-10-20 06:49:05','2025-10-20 06:49:05',NULL,NULL),(8,24,'ORD-97091290',420.45,49.79,0.00,470.24,'assigned_to_shipper','USD',1.000000,470.24,2,'refunded',NULL,3,'Aut quibusdam eos voluptatum.',NULL,NULL,'2025-10-20 06:49:05','2025-10-20 06:49:05',NULL,NULL),(9,24,'ORD-2772951',688.37,11.93,43821.00,-43120.70,'assigned_to_shipper','USD',1.000000,700.30,3,'unpaid',NULL,3,'Voluptatum perspiciatis eveniet voluptatibus ipsa soluta eum nihil.',NULL,NULL,'2025-10-20 06:49:05','2025-10-20 06:49:08',NULL,NULL),(10,24,'ORD-31717964',224.64,35.13,0.00,259.77,'pending_confirmation','USD',1.000000,259.77,1,'paid',NULL,3,'Autem nihil esse magni officia magni minus.',NULL,NULL,'2025-10-20 06:49:05','2025-10-20 06:49:05',NULL,NULL),(11,24,'ORD-53449913',1779.00,20.34,0.00,1799.34,'assigned_to_shipper','USD',1.000000,1799.34,3,'unpaid',NULL,3,'Autem nihil nisi debitis debitis beatae ullam.',NULL,NULL,'2025-10-20 06:49:05','2025-10-20 06:49:05',NULL,NULL),(12,24,'ORD-6121441',1108.97,48.47,0.00,1157.44,'delivering','USD',1.000000,1157.44,1,'paid',NULL,3,'Alias officiis sint sed et rerum.',NULL,NULL,'2025-10-20 06:49:05','2025-10-20 06:49:05',NULL,NULL),(13,25,'ORD-51874418',1322.78,12.66,0.00,1335.44,'completed','USD',1.000000,1335.44,1,'unpaid',NULL,4,'Ex alias provident dolor corrupti ipsam tempora laborum nulla.',NULL,NULL,'2025-10-20 06:49:05','2025-10-20 06:49:05',NULL,NULL),(14,25,'ORD-38988797',1486.86,26.51,0.00,1513.37,'completed','USD',1.000000,1513.37,3,'paid',NULL,4,'Omnis nulla quis et et vel et ducimus.',NULL,NULL,'2025-10-20 06:49:05','2025-10-20 06:49:05',NULL,NULL),(15,26,'ORD-95886055',725.26,16.44,0.00,741.70,'assigned_to_shipper','USD',1.000000,741.70,1,'failed',NULL,5,'Quasi reiciendis excepturi eos ad quia veritatis.',NULL,NULL,'2025-10-20 06:49:05','2025-10-20 06:49:05',NULL,NULL),(16,26,'ORD-92882576',387.42,7.02,0.00,394.44,'delivering','USD',1.000000,394.44,3,'unpaid',NULL,5,'Consectetur quia totam consequatur soluta voluptatibus.',NULL,NULL,'2025-10-20 06:49:05','2025-10-20 06:49:05',NULL,NULL),(17,26,'ORD-75950095',1335.33,25.07,0.00,1360.40,'pending_assignment','USD',1.000000,1360.40,1,'paid',NULL,5,'Aut aspernatur deleniti iure et et ut voluptatem quae.',NULL,NULL,'2025-10-20 06:49:05','2025-10-20 06:49:05',NULL,NULL),(18,26,'ORD-6810520',1076.55,48.91,0.00,1125.46,'delivered','USD',1.000000,1125.46,3,'paid',NULL,5,'Cumque ut provident voluptatem rem est dolores fuga quia.',NULL,NULL,'2025-10-20 06:49:05','2025-10-20 06:49:05',NULL,NULL),(19,27,'ORD-42519159',202.10,32.91,0.00,235.01,'completed','USD',1.000000,235.01,3,'paid',NULL,6,'Quibusdam ut unde quae tempore nihil possimus consequatur.',NULL,NULL,'2025-10-20 06:49:05','2025-10-20 06:49:05',NULL,NULL),(20,27,'ORD-70003809',217.55,29.71,0.00,247.26,'delivered','USD',1.000000,247.26,2,'unpaid',NULL,6,'Ut repellendus dolores consequatur.',NULL,NULL,'2025-10-20 06:49:05','2025-10-20 06:49:05',NULL,NULL),(21,27,'ORD-45562807',1294.84,26.62,0.00,1321.46,'cancelled','USD',1.000000,1321.46,2,'unpaid',NULL,6,'Nihil itaque ipsa in veniam voluptas consectetur maiores qui.',NULL,NULL,'2025-10-20 06:49:05','2025-10-20 06:49:05',NULL,NULL),(22,28,'ORD-92897278',325.31,24.29,0.00,349.60,'returned','USD',1.000000,349.60,3,'refunded',NULL,7,'Assumenda maxime enim enim veritatis.',NULL,NULL,'2025-10-20 06:49:05','2025-10-20 06:49:05',NULL,NULL),(23,28,'ORD-73447685',1081.59,47.73,0.00,1129.32,'completed','USD',1.000000,1129.32,2,'unpaid',NULL,7,'Inventore illum totam ea explicabo quibusdam consequatur quidem possimus.',NULL,NULL,'2025-10-20 06:49:05','2025-10-20 06:49:05',NULL,NULL),(24,28,'ORD-23165209',441.96,20.42,0.00,462.38,'pending_confirmation','USD',1.000000,462.38,1,'refunded',NULL,7,'Corrupti officiis error nobis consequatur ut qui.',NULL,NULL,'2025-10-20 06:49:05','2025-10-20 06:49:05',NULL,NULL),(25,28,'ORD-53759762',656.45,13.96,65.65,604.77,'pending_confirmation','USD',1.000000,670.41,2,'paid',NULL,7,'Ut asperiores et veritatis quam.',NULL,NULL,'2025-10-20 06:49:05','2025-10-20 06:49:08',NULL,NULL),(26,29,'ORD-23046483',1604.45,39.62,0.00,1644.07,'processing','USD',1.000000,1644.07,3,'paid',NULL,8,'Optio dolores rerum corrupti qui mollitia.',NULL,NULL,'2025-10-20 06:49:05','2025-10-20 06:49:05',NULL,NULL),(27,30,'ORD-54253051',466.71,33.78,43821.00,-43320.51,'pending_confirmation','USD',1.000000,500.49,1,'failed',NULL,9,'Qui dolorem impedit nam laboriosam error ducimus et.',NULL,NULL,'2025-10-20 06:49:05','2025-10-20 06:49:08',NULL,NULL),(28,30,'ORD-88602789',156.09,26.91,43821.00,-43638.00,'cancelled','USD',1.000000,183.00,2,'failed',NULL,9,'Amet sed incidunt placeat nulla.',NULL,NULL,'2025-10-20 06:49:05','2025-10-20 06:49:08',NULL,NULL),(29,31,'ORD-91336098',183.80,15.10,0.00,198.90,'processing','USD',1.000000,198.90,1,'paid',NULL,10,'Et beatae magni et alias.',NULL,NULL,'2025-10-20 06:49:05','2025-10-20 06:49:05',NULL,NULL),(30,31,'ORD-4056582',296.46,48.75,0.00,345.21,'processing','USD',1.000000,345.21,1,'failed',NULL,10,'Voluptas velit qui accusamus laborum et quo veritatis.',NULL,NULL,'2025-10-20 06:49:05','2025-10-20 06:49:05',NULL,NULL),(31,31,'ORD-14179418',1158.19,6.52,0.00,1164.71,'pending_assignment','USD',1.000000,1164.71,3,'refunded',NULL,10,'Eum ullam nisi ad hic qui qui et aliquam.',NULL,NULL,'2025-10-20 06:49:05','2025-10-20 06:49:05',NULL,NULL),(32,31,'ORD-42154572',1484.27,18.01,0.00,1502.28,'assigned_to_shipper','USD',1.000000,1502.28,2,'failed',NULL,10,'Quidem veniam aut hic deserunt explicabo.',NULL,NULL,'2025-10-20 06:49:05','2025-10-20 06:49:05',NULL,NULL),(33,32,'ORD-71546063',552.08,38.90,0.00,590.98,'completed','USD',1.000000,590.98,1,'unpaid',NULL,11,'Incidunt quod quis aut accusamus.',NULL,NULL,'2025-10-20 06:49:05','2025-10-20 06:49:05',NULL,NULL),(34,32,'ORD-25207343',580.31,7.06,0.00,587.37,'pending_confirmation','USD',1.000000,587.37,2,'failed',NULL,11,'Temporibus autem perspiciatis eaque impedit ab saepe voluptate.',NULL,NULL,'2025-10-20 06:49:05','2025-10-20 06:49:05',NULL,NULL),(35,32,'ORD-92781691',1074.29,15.49,107.43,982.35,'completed','USD',1.000000,1089.78,1,'unpaid',NULL,11,'Est totam et fuga perspiciatis.',NULL,NULL,'2025-10-20 06:49:05','2025-10-20 06:49:08',NULL,NULL),(36,33,'ORD-90791315',629.72,47.83,0.00,677.55,'cancelled','USD',1.000000,677.55,2,'unpaid',NULL,12,'Ea cupiditate et quas repellat omnis aut non.',NULL,NULL,'2025-10-20 06:49:05','2025-10-20 06:49:05',NULL,NULL),(37,33,'ORD-18835036',604.57,45.57,0.00,650.14,'completed','USD',1.000000,650.14,3,'paid',NULL,12,'Vero voluptatem praesentium perspiciatis sit.',NULL,NULL,'2025-10-20 06:49:05','2025-10-20 06:49:05',NULL,NULL),(38,33,'ORD-61306940',1487.07,29.01,0.00,1516.08,'pending_confirmation','USD',1.000000,1516.08,2,'paid',NULL,12,'Unde eius cum temporibus aut.',NULL,NULL,'2025-10-20 06:49:05','2025-10-20 06:49:05',NULL,NULL),(39,33,'ORD-64141623',673.51,42.24,0.00,715.75,'assigned_to_shipper','USD',1.000000,715.75,2,'failed',NULL,12,'Quos similique fuga culpa libero qui ut.',NULL,NULL,'2025-10-20 06:49:05','2025-10-20 06:49:05',NULL,NULL),(40,33,'ORD-74877872',1759.88,14.81,0.00,1774.69,'cancelled','USD',1.000000,1774.69,1,'paid',NULL,12,'Beatae magnam rerum voluptatum iure fugiat.',NULL,NULL,'2025-10-20 06:49:05','2025-10-20 06:49:05',NULL,NULL),(41,34,'ORD-64538009',1746.71,22.88,0.00,1769.59,'assigned_to_shipper','USD',1.000000,1769.59,1,'failed',NULL,13,'Consectetur repudiandae quos sed tempora rem officiis dolorem dolorem.',NULL,NULL,'2025-10-20 06:49:05','2025-10-20 06:49:05',NULL,NULL),(42,34,'ORD-30969443',634.29,25.67,0.00,659.96,'pending_confirmation','USD',1.000000,659.96,2,'paid',NULL,13,'Accusantium ut quis ut architecto magni.',NULL,NULL,'2025-10-20 06:49:05','2025-10-20 06:49:05',NULL,NULL),(43,34,'ORD-38813617',950.28,8.48,0.00,958.76,'returned','USD',1.000000,958.76,1,'refunded',NULL,13,'Eos nam quam sint quia non laborum suscipit.',NULL,NULL,'2025-10-20 06:49:05','2025-10-20 06:49:05',NULL,NULL),(44,35,'ORD-55013541',1333.74,15.38,0.00,1349.12,'completed','USD',1.000000,1349.12,2,'paid',NULL,14,'Doloribus earum sequi sed nemo.',NULL,NULL,'2025-10-20 06:49:05','2025-10-20 06:49:05',NULL,NULL),(45,35,'ORD-44651580',943.33,42.25,0.00,985.58,'delivering','USD',1.000000,985.58,1,'failed',NULL,14,'Veritatis dolor est molestiae enim et ut ex.',NULL,NULL,'2025-10-20 06:49:05','2025-10-20 06:49:05',NULL,NULL),(46,35,'ORD-14642407',1531.78,34.36,0.00,1566.14,'delivered','USD',1.000000,1566.14,1,'unpaid',NULL,14,'Occaecati molestias ipsum voluptas reprehenderit.',NULL,NULL,'2025-10-20 06:49:05','2025-10-20 06:49:05',NULL,NULL),(47,35,'ORD-17434752',1408.74,38.24,43821.00,-42374.02,'returned','USD',1.000000,1446.98,2,'failed',NULL,14,'Sed molestias quia consequatur consequatur aperiam.',NULL,NULL,'2025-10-20 06:49:05','2025-10-20 06:49:08',NULL,NULL),(48,36,'ORD-41176786',924.39,31.12,0.00,955.51,'returned','USD',1.000000,955.51,1,'paid',NULL,15,'Facere minus consequatur placeat sequi sit cum illum.',NULL,NULL,'2025-10-20 06:49:05','2025-10-20 06:49:05',NULL,NULL),(49,37,'ORD-68650101',1814.78,41.26,0.00,1856.04,'completed','USD',1.000000,1856.04,2,'paid',NULL,16,'Nisi totam corporis est.',NULL,NULL,'2025-10-20 06:49:05','2025-10-20 06:49:05',NULL,NULL),(50,37,'ORD-82800903',1586.32,12.91,0.00,1599.23,'completed','USD',1.000000,1599.23,2,'unpaid',NULL,16,'Quia repudiandae qui reprehenderit id voluptatem distinctio.',NULL,NULL,'2025-10-20 06:49:05','2025-10-20 06:49:05',NULL,NULL),(51,37,'ORD-61861107',1856.14,47.12,0.00,1903.26,'processing','USD',1.000000,1903.26,3,'unpaid',NULL,16,'Et deleniti ut molestiae consectetur exercitationem adipisci dolore.',NULL,NULL,'2025-10-20 06:49:05','2025-10-20 06:49:05',NULL,NULL),(52,38,'ORD-69033188',300.71,18.89,0.00,319.60,'returned','USD',1.000000,319.60,2,'failed',NULL,17,'Quas repellat et incidunt id quos nesciunt veritatis repellendus.',NULL,NULL,'2025-10-20 06:49:05','2025-10-20 06:49:05',NULL,NULL),(53,38,'ORD-13066909',1291.86,49.31,0.00,1341.17,'pending_confirmation','USD',1.000000,1341.17,2,'failed',NULL,17,'Voluptas possimus iste ut cum.',NULL,NULL,'2025-10-20 06:49:05','2025-10-20 06:49:05',NULL,NULL),(54,38,'ORD-90973648',976.81,45.21,0.00,1022.02,'delivering','USD',1.000000,1022.02,3,'paid',NULL,17,'Est aut eum nobis totam iure.',NULL,NULL,'2025-10-20 06:49:05','2025-10-20 06:49:05',NULL,NULL),(55,38,'ORD-15676770',582.69,8.91,0.00,591.60,'pending_confirmation','USD',1.000000,591.60,1,'paid',NULL,17,'Voluptatem explicabo et exercitationem delectus autem dolore.',NULL,NULL,'2025-10-20 06:49:05','2025-10-20 06:49:05',NULL,NULL),(56,39,'ORD-5992673',1701.95,44.33,0.00,1746.28,'returned','USD',1.000000,1746.28,3,'unpaid',NULL,18,'Doloribus est quibusdam possimus enim excepturi dolore.',NULL,NULL,'2025-10-20 06:49:06','2025-10-20 06:49:06',NULL,NULL),(57,39,'ORD-23764696',902.62,35.16,0.00,937.78,'assigned_to_shipper','USD',1.000000,937.78,1,'failed',NULL,18,'Possimus et eos et eius.',NULL,NULL,'2025-10-20 06:49:06','2025-10-20 06:49:06',NULL,NULL),(58,39,'ORD-86613834',1771.01,27.93,0.00,1798.94,'assigned_to_shipper','USD',1.000000,1798.94,2,'failed',NULL,18,'Omnis commodi molestiae nisi velit.',NULL,NULL,'2025-10-20 06:49:06','2025-10-20 06:49:06',NULL,NULL),(59,39,'ORD-59123283',74.02,43.95,0.00,117.97,'pending_confirmation','USD',1.000000,117.97,1,'refunded',NULL,18,'Consequatur reiciendis perferendis ut impedit delectus maxime repellendus.',NULL,NULL,'2025-10-20 06:49:06','2025-10-20 06:49:06',NULL,NULL),(60,39,'ORD-83678298',182.71,20.62,0.00,203.33,'delivered','USD',1.000000,203.33,3,'refunded',NULL,18,'Et voluptatem eveniet amet atque.',NULL,NULL,'2025-10-20 06:49:06','2025-10-20 06:49:06',NULL,NULL),(61,40,'ORD-99306037',135.15,17.10,0.00,152.25,'pending_assignment','USD',1.000000,152.25,1,'refunded',NULL,19,'Quia omnis autem neque et sit.',NULL,NULL,'2025-10-20 06:49:06','2025-10-20 06:49:06',NULL,NULL),(62,41,'ORD-78956713',1481.59,20.07,0.00,1501.66,'delivered','USD',1.000000,1501.66,2,'failed',NULL,20,'Voluptas tempore repellat natus perferendis sint eos.',NULL,NULL,'2025-10-20 06:49:06','2025-10-20 06:49:06',NULL,NULL),(63,41,'ORD-76384881',478.03,39.83,0.00,517.86,'processing','USD',1.000000,517.86,2,'paid',NULL,20,'Et et facilis voluptas omnis.',NULL,NULL,'2025-10-20 06:49:06','2025-10-20 06:49:06',NULL,NULL),(64,41,'ORD-66834211',1201.57,41.47,0.00,1243.04,'pending_assignment','USD',1.000000,1243.04,1,'failed',NULL,20,'Cumque tempora dolorem quo voluptatem numquam ducimus.',NULL,NULL,'2025-10-20 06:49:06','2025-10-20 06:49:06',NULL,NULL),(65,41,'ORD-374015',916.52,41.77,0.00,958.29,'returned','USD',1.000000,958.29,2,'failed',NULL,20,'Qui laudantium cumque rerum quod cupiditate nulla deleniti.',NULL,NULL,'2025-10-20 06:49:06','2025-10-20 06:49:06',NULL,NULL),(66,41,'ORD-98777757',641.74,16.41,64818.00,-64159.85,'assigned_to_shipper','USD',1.000000,658.15,1,'paid',NULL,20,'Est sed magnam sequi.',NULL,NULL,'2025-10-20 06:49:06','2025-10-20 06:49:08',NULL,NULL),(67,42,'ORD-94685395',102.60,49.20,0.00,151.80,'delivering','USD',1.000000,151.80,3,'refunded',NULL,21,'Ex corrupti dignissimos qui debitis est debitis.',NULL,NULL,'2025-10-20 06:49:06','2025-10-20 06:49:06',NULL,NULL),(68,42,'ORD-78725385',1700.55,22.01,0.00,1722.56,'processing','USD',1.000000,1722.56,3,'unpaid',NULL,21,'Perferendis optio voluptatum exercitationem asperiores reprehenderit nihil dolore.',NULL,NULL,'2025-10-20 06:49:06','2025-10-20 06:49:06',NULL,NULL),(69,42,'ORD-21740141',974.84,48.53,0.00,1023.37,'processing','USD',1.000000,1023.37,3,'paid',NULL,21,'Accusantium sunt omnis quis ducimus eos necessitatibus.',NULL,NULL,'2025-10-20 06:49:06','2025-10-20 06:49:06',NULL,NULL),(70,43,'ORD-15916099',525.05,36.62,0.00,561.67,'processing','USD',1.000000,561.67,1,'paid',NULL,22,'Dolorem perspiciatis ullam ut doloribus repellat sunt.',NULL,NULL,'2025-10-20 06:49:06','2025-10-20 06:49:06',NULL,NULL),(71,43,'ORD-14120140',1574.73,38.93,0.00,1613.66,'pending_assignment','USD',1.000000,1613.66,3,'refunded',NULL,22,'Hic numquam ipsum quasi dicta.',NULL,NULL,'2025-10-20 06:49:06','2025-10-20 06:49:06',NULL,NULL),(72,43,'ORD-49723156',843.86,13.29,0.00,857.15,'delivered','USD',1.000000,857.15,3,'paid',NULL,22,'Iure officia quis magni eum.',NULL,NULL,'2025-10-20 06:49:06','2025-10-20 06:49:06',NULL,NULL),(73,44,'ORD-22043218',301.91,31.04,0.00,332.95,'pending_assignment','USD',1.000000,332.95,2,'failed',NULL,23,'Facere quia fugit eius ex asperiores asperiores esse.',NULL,NULL,'2025-10-20 06:49:06','2025-10-20 06:49:06',NULL,NULL),(74,44,'ORD-44400168',1475.88,45.39,21696.00,-20174.73,'processing','USD',1.000000,1521.27,1,'unpaid',NULL,23,'Libero dolores maiores maxime a.',NULL,NULL,'2025-10-20 06:49:06','2025-10-20 06:49:08',NULL,NULL),(75,44,'ORD-88585899',400.53,31.41,0.00,431.94,'completed','USD',1.000000,431.94,3,'refunded',NULL,23,'Aut sed quas consequatur est.',NULL,NULL,'2025-10-20 06:49:06','2025-10-20 06:49:06',NULL,NULL),(76,44,'ORD-8527576',252.40,44.81,0.00,297.21,'returned','USD',1.000000,297.21,2,'refunded',NULL,23,'Est soluta fuga laborum recusandae soluta.',NULL,NULL,'2025-10-20 06:49:06','2025-10-20 06:49:06',NULL,NULL),(77,44,'ORD-3004691',1990.81,32.64,0.00,2023.45,'pending_assignment','USD',1.000000,2023.45,3,'refunded',NULL,23,'Ducimus est molestias quae dolorem.',NULL,NULL,'2025-10-20 06:49:06','2025-10-20 06:49:06',NULL,NULL),(78,45,'ORD-51017135',829.86,40.08,0.00,869.94,'assigned_to_shipper','USD',1.000000,869.94,2,'failed',NULL,24,'Aut voluptatibus minima vitae rerum pariatur quasi.',NULL,NULL,'2025-10-20 06:49:06','2025-10-20 06:49:06',NULL,NULL),(79,46,'ORD-72687102',666.61,6.13,0.00,672.74,'pending_assignment','USD',1.000000,672.74,3,'unpaid',NULL,25,'Ullam assumenda ut minima repellendus est sint.',NULL,NULL,'2025-10-20 06:49:06','2025-10-20 06:49:06',NULL,NULL),(80,46,'ORD-57963362',549.86,40.51,0.00,590.37,'completed','USD',1.000000,590.37,3,'failed',NULL,25,'Labore id voluptates non voluptate totam autem impedit.',NULL,NULL,'2025-10-20 06:49:06','2025-10-20 06:49:06',NULL,NULL),(81,46,'ORD-56831600',1751.11,34.40,0.00,1785.51,'pending_confirmation','USD',1.000000,1785.51,1,'paid',NULL,25,'Voluptatem doloremque aliquid veniam.',NULL,NULL,'2025-10-20 06:49:06','2025-10-20 06:49:06',NULL,NULL),(82,46,'ORD-77131764',1719.53,28.17,0.00,1747.70,'cancelled','USD',1.000000,1747.70,1,'paid',NULL,25,'Autem harum nemo sed repellat et optio.',NULL,NULL,'2025-10-20 06:49:06','2025-10-20 06:49:06',NULL,NULL),(83,47,'ORD-92934530',499.44,18.55,0.00,517.99,'pending_assignment','USD',1.000000,517.99,1,'paid',NULL,26,'Distinctio qui vero sit natus voluptatem.',NULL,NULL,'2025-10-20 06:49:06','2025-10-20 06:49:06',NULL,NULL),(84,47,'ORD-43503193',1086.95,32.24,0.00,1119.19,'completed','USD',1.000000,1119.19,3,'paid',NULL,26,'Eveniet perferendis dignissimos ad.',NULL,NULL,'2025-10-20 06:49:06','2025-10-20 06:49:06',NULL,NULL),(85,47,'ORD-33274527',296.28,40.02,0.00,336.30,'delivered','USD',1.000000,336.30,2,'unpaid',NULL,26,'Velit et est velit aut omnis.',NULL,NULL,'2025-10-20 06:49:06','2025-10-20 06:49:06',NULL,NULL),(86,47,'ORD-60979265',1357.36,6.20,0.00,1363.56,'returned','USD',1.000000,1363.56,1,'paid',NULL,26,'Et tempora eveniet eum necessitatibus nulla ab.',NULL,NULL,'2025-10-20 06:49:06','2025-10-20 06:49:06',NULL,NULL),(87,47,'ORD-94549324',1512.81,10.15,64818.00,-63295.04,'delivered','USD',1.000000,1522.96,2,'refunded',NULL,26,'Cupiditate est dolor quo doloribus quo architecto eligendi.',NULL,NULL,'2025-10-20 06:49:06','2025-10-20 06:49:08',NULL,NULL),(88,48,'ORD-85079178',1697.48,24.09,0.00,1721.57,'cancelled','USD',1.000000,1721.57,1,'paid',NULL,27,'Ea voluptatem voluptas distinctio.',NULL,NULL,'2025-10-20 06:49:06','2025-10-20 06:49:06',NULL,NULL),(89,48,'ORD-53535111',295.23,34.53,0.00,329.76,'cancelled','USD',1.000000,329.76,1,'failed',NULL,27,'Delectus sed voluptatem consequuntur dicta animi.',NULL,NULL,'2025-10-20 06:49:06','2025-10-20 06:49:06',NULL,NULL),(90,48,'ORD-95811872',78.18,29.36,0.00,107.54,'delivered','USD',1.000000,107.54,2,'paid',NULL,27,'Cumque provident ex et omnis.',NULL,NULL,'2025-10-20 06:49:06','2025-10-20 06:49:06',NULL,NULL),(91,48,'ORD-83749687',656.32,44.52,65.63,635.21,'assigned_to_shipper','USD',1.000000,700.84,1,'unpaid',NULL,27,'Quod nam similique sapiente id eius vero.',NULL,NULL,'2025-10-20 06:49:06','2025-10-20 06:49:08',NULL,NULL),(92,49,'ORD-95351528',1205.83,41.67,0.00,1247.50,'returned','USD',1.000000,1247.50,2,'failed',NULL,28,'Dolor ipsam quos dolorum sunt repellendus et repudiandae.',NULL,NULL,'2025-10-20 06:49:06','2025-10-20 06:49:06',NULL,NULL),(93,49,'ORD-44078417',1409.85,39.15,0.00,1449.00,'returned','USD',1.000000,1449.00,3,'paid',NULL,28,'Tempora fugit iusto distinctio in.',NULL,NULL,'2025-10-20 06:49:06','2025-10-20 06:49:06',NULL,NULL),(94,49,'ORD-17953278',540.75,46.12,0.00,586.87,'assigned_to_shipper','USD',1.000000,586.87,1,'paid',NULL,28,'Tempore in ex aut perspiciatis recusandae.',NULL,NULL,'2025-10-20 06:49:06','2025-10-20 06:49:06',NULL,NULL),(95,50,'ORD-23529839',241.13,33.23,0.00,274.36,'returned','USD',1.000000,274.36,3,'failed',NULL,29,'Sapiente recusandae ipsam ut dicta nostrum fugit et fugiat.',NULL,NULL,'2025-10-20 06:49:06','2025-10-20 06:49:06',NULL,NULL),(96,50,'ORD-68057674',59.17,32.47,0.00,91.64,'delivering','USD',1.000000,91.64,3,'refunded',NULL,29,'Asperiores cum dolores eum dignissimos quo praesentium hic.',NULL,NULL,'2025-10-20 06:49:06','2025-10-20 06:49:06',NULL,NULL),(97,50,'ORD-83722620',131.24,12.54,64818.00,-64674.22,'completed','USD',1.000000,143.78,2,'failed',NULL,29,'Aut sed qui et suscipit.',NULL,NULL,'2025-10-20 06:49:06','2025-10-20 06:49:08',NULL,NULL),(98,50,'ORD-93961694',1810.53,10.00,0.00,1820.53,'cancelled','USD',1.000000,1820.53,2,'refunded',NULL,29,'Doloremque consequatur sed at odio molestiae aliquid qui.',NULL,NULL,'2025-10-20 06:49:06','2025-10-20 06:49:06',NULL,NULL),(99,50,'ORD-60659991',461.76,30.69,0.00,492.45,'delivered','USD',1.000000,492.45,3,'refunded',NULL,29,'Praesentium hic tenetur deserunt alias aperiam.',NULL,NULL,'2025-10-20 06:49:06','2025-10-20 06:49:06',NULL,NULL),(100,51,'ORD-73138929',1662.06,18.51,0.00,1680.57,'delivering','USD',1.000000,1680.57,2,'paid',NULL,30,'Reiciendis aperiam dolorem cumque sint et odio in.',NULL,NULL,'2025-10-20 06:49:06','2025-10-20 06:49:06',NULL,NULL),(101,51,'ORD-87366626',805.11,44.16,0.00,849.27,'delivering','USD',1.000000,849.27,2,'refunded',NULL,30,'Molestiae dolorum sed harum qui.',NULL,NULL,'2025-10-20 06:49:06','2025-10-20 06:49:06',NULL,NULL),(102,51,'ORD-40106849',1721.40,13.66,0.00,1735.06,'delivering','USD',1.000000,1735.06,3,'refunded',NULL,30,'Rerum sunt eaque consequatur eveniet.',NULL,NULL,'2025-10-20 06:49:06','2025-10-20 06:49:06',NULL,NULL),(103,52,'ORD-13418881',1984.11,19.07,0.00,2003.18,'completed','USD',1.000000,2003.18,2,'refunded',NULL,31,'Quod voluptatibus nisi quis aliquid quam dicta est.',NULL,NULL,'2025-10-20 06:49:06','2025-10-20 06:49:06',NULL,NULL),(104,52,'ORD-64287408',1052.35,29.95,0.00,1082.30,'completed','USD',1.000000,1082.30,1,'failed',NULL,31,'Odio rerum ab facere aspernatur et.',NULL,NULL,'2025-10-20 06:49:06','2025-10-20 06:49:06',NULL,NULL),(105,52,'ORD-9768614',734.48,39.92,0.00,774.40,'completed','USD',1.000000,774.40,2,'failed',NULL,31,'Ullam est voluptatem perspiciatis voluptas.',NULL,NULL,'2025-10-20 06:49:06','2025-10-20 06:49:06',NULL,NULL),(106,52,'ORD-56627041',453.15,17.37,0.00,470.52,'pending_confirmation','USD',1.000000,470.52,3,'unpaid',NULL,31,'Iusto ut delectus voluptatem ex dolore quo.',NULL,NULL,'2025-10-20 06:49:06','2025-10-20 06:49:06',NULL,NULL),(107,52,'ORD-80447799',1953.80,47.89,0.00,2001.69,'pending_assignment','USD',1.000000,2001.69,1,'refunded',NULL,31,'Atque consequatur deleniti maiores quia asperiores dolores.',NULL,NULL,'2025-10-20 06:49:06','2025-10-20 06:49:06',NULL,NULL),(108,53,'ORD-39701683',856.06,48.36,0.00,904.42,'pending_assignment','USD',1.000000,904.42,1,'failed',NULL,32,'Et qui numquam quasi aut tempora.',NULL,NULL,'2025-10-20 06:49:06','2025-10-20 06:49:06',NULL,NULL),(109,53,'ORD-94160728',1496.80,30.72,0.00,1527.52,'returned','USD',1.000000,1527.52,1,'refunded',NULL,32,'Quae nihil necessitatibus minus quibusdam.',NULL,NULL,'2025-10-20 06:49:06','2025-10-20 06:49:06',NULL,NULL),(110,53,'ORD-41496177',732.31,48.51,0.00,780.82,'assigned_to_shipper','USD',1.000000,780.82,2,'unpaid',NULL,32,'Veniam repudiandae aut itaque ut enim.',NULL,NULL,'2025-10-20 06:49:06','2025-10-20 06:49:06',NULL,NULL),(111,54,'ORD-68182948',153.82,20.06,0.00,173.88,'returned','USD',1.000000,173.88,3,'paid',NULL,33,'Quasi nulla est in voluptatibus dolorem dolorem excepturi.',NULL,NULL,'2025-10-20 06:49:06','2025-10-20 06:49:06',NULL,NULL),(112,54,'ORD-17293212',1356.12,36.48,0.00,1392.60,'pending_confirmation','USD',1.000000,1392.60,1,'paid',NULL,33,'Deserunt doloremque consequatur temporibus deleniti reiciendis.',NULL,NULL,'2025-10-20 06:49:06','2025-10-20 06:49:06',NULL,NULL),(113,54,'ORD-94927961',1879.99,48.87,0.00,1928.86,'completed','USD',1.000000,1928.86,2,'paid',NULL,33,'Commodi laboriosam quia iusto accusamus rerum est.',NULL,NULL,'2025-10-20 06:49:06','2025-10-20 06:49:06',NULL,NULL),(114,54,'ORD-82130678',642.86,37.72,0.00,680.58,'processing','USD',1.000000,680.58,2,'paid',NULL,33,'Eum quisquam accusamus vero quae.',NULL,NULL,'2025-10-20 06:49:06','2025-10-20 06:49:06',NULL,NULL),(115,54,'ORD-7958661',939.45,33.95,0.00,973.40,'pending_assignment','USD',1.000000,973.40,1,'unpaid',NULL,33,'Architecto non magnam voluptatem quos.',NULL,NULL,'2025-10-20 06:49:06','2025-10-20 06:49:06',NULL,NULL),(116,55,'ORD-41729340',984.62,20.60,0.00,1005.22,'pending_assignment','USD',1.000000,1005.22,1,'unpaid',NULL,34,'Deleniti consequuntur qui sapiente qui iste rerum a.',NULL,NULL,'2025-10-20 06:49:06','2025-10-20 06:49:06',NULL,NULL),(117,55,'ORD-31245336',579.56,38.60,0.00,618.16,'delivered','USD',1.000000,618.16,2,'refunded',NULL,34,'Esse vel et esse et.',NULL,NULL,'2025-10-20 06:49:06','2025-10-20 06:49:06',NULL,NULL),(118,55,'ORD-51660397',1529.99,32.18,0.00,1562.17,'delivered','USD',1.000000,1562.17,3,'failed',NULL,34,'Incidunt enim esse inventore autem id sunt omnis.',NULL,NULL,'2025-10-20 06:49:06','2025-10-20 06:49:06',NULL,NULL),(119,55,'ORD-23327156',331.54,5.57,0.00,337.11,'delivering','USD',1.000000,337.11,2,'refunded',NULL,34,'Velit accusamus laborum nobis quo dignissimos.',NULL,NULL,'2025-10-20 06:49:06','2025-10-20 06:49:06',NULL,NULL),(120,56,'ORD-43568353',461.37,20.18,43821.00,-43339.45,'delivering','USD',1.000000,481.55,3,'unpaid',NULL,35,'Molestiae laboriosam repellat rerum est.',NULL,NULL,'2025-10-20 06:49:06','2025-10-20 06:49:08',NULL,NULL),(121,56,'ORD-70089584',1237.39,30.12,0.00,1267.51,'cancelled','USD',1.000000,1267.51,3,'refunded',NULL,35,'Ut nisi aut aut magni.',NULL,NULL,'2025-10-20 06:49:06','2025-10-20 06:49:06',NULL,NULL),(122,56,'ORD-4508472',814.03,46.47,0.00,860.50,'pending_assignment','USD',1.000000,860.50,1,'refunded',NULL,35,'Et aut dolor et deserunt cumque.',NULL,NULL,'2025-10-20 06:49:06','2025-10-20 06:49:06',NULL,NULL),(123,57,'ORD-57636798',723.07,49.94,0.00,773.01,'processing','USD',1.000000,773.01,3,'refunded',NULL,36,'Quae totam provident qui.',NULL,NULL,'2025-10-20 06:49:06','2025-10-20 06:49:06',NULL,NULL),(124,57,'ORD-95552178',610.97,17.78,0.00,628.75,'completed','USD',1.000000,628.75,2,'paid',NULL,36,'Nobis quae pariatur reiciendis voluptatem.',NULL,NULL,'2025-10-20 06:49:06','2025-10-20 06:49:06',NULL,NULL),(125,58,'ORD-47536523',543.54,17.73,43821.00,-43259.73,'processing','USD',1.000000,561.27,2,'refunded',NULL,37,'Rerum quia enim id ipsa aut.',NULL,NULL,'2025-10-20 06:49:06','2025-10-20 06:49:08',NULL,NULL),(126,59,'ORD-42934187',1603.13,25.28,64818.00,-63189.59,'returned','USD',1.000000,1628.41,2,'refunded',NULL,38,'Doloribus ut accusamus tempore aut.',NULL,NULL,'2025-10-20 06:49:06','2025-10-20 06:49:08',NULL,NULL),(127,60,'ORD-4342662',200.97,7.93,0.00,208.90,'assigned_to_shipper','USD',1.000000,208.90,3,'refunded',NULL,39,'Et animi quo facilis eos.',NULL,NULL,'2025-10-20 06:49:06','2025-10-20 06:49:06',NULL,NULL),(128,60,'ORD-74173923',1126.84,22.35,0.00,1149.19,'pending_confirmation','USD',1.000000,1149.19,3,'refunded',NULL,39,'Consequuntur ut molestiae qui modi.',NULL,NULL,'2025-10-20 06:49:06','2025-10-20 06:49:06',NULL,NULL),(129,61,'ORD-3473266',1974.38,6.44,0.00,1980.82,'delivering','USD',1.000000,1980.82,1,'paid',NULL,40,'Fuga repellat est aperiam voluptatem porro minus.',NULL,NULL,'2025-10-20 06:49:06','2025-10-20 06:49:06',NULL,NULL),(130,61,'ORD-87754344',405.18,13.21,0.00,418.39,'completed','USD',1.000000,418.39,1,'unpaid',NULL,40,'Quia voluptatibus autem culpa qui et dolorem sunt.',NULL,NULL,'2025-10-20 06:49:06','2025-10-20 06:49:06',NULL,NULL),(131,61,'ORD-96549546',1450.76,47.66,0.00,1498.42,'delivered','USD',1.000000,1498.42,1,'unpaid',NULL,40,'Sit magnam alias veritatis vel dolorem reiciendis autem.',NULL,NULL,'2025-10-20 06:49:06','2025-10-20 06:49:06',NULL,NULL),(132,61,'ORD-35338145',1611.84,15.64,161.18,1466.30,'delivered','USD',1.000000,1627.48,3,'paid',NULL,40,'Rerum magnam veritatis quisquam ut consequatur molestias.',NULL,NULL,'2025-10-20 06:49:06','2025-10-20 06:49:08',NULL,NULL),(133,61,'ORD-3200000',663.45,17.92,0.00,681.37,'processing','USD',1.000000,681.37,1,'unpaid',NULL,40,'Et accusantium veniam at aperiam ea voluptatem.',NULL,NULL,'2025-10-20 06:49:06','2025-10-20 06:49:06',NULL,NULL),(134,62,'ORD-35588367',1068.72,11.79,0.00,1080.51,'pending_confirmation','USD',1.000000,1080.51,1,'failed',NULL,41,'Perspiciatis fuga tempora incidunt corrupti sed.',NULL,NULL,'2025-10-20 06:49:06','2025-10-20 06:49:06',NULL,NULL),(135,62,'ORD-72507647',729.77,49.04,0.00,778.81,'pending_confirmation','USD',1.000000,778.81,2,'paid',NULL,41,'Error quam veniam illum est aspernatur omnis rerum libero.',NULL,NULL,'2025-10-20 06:49:06','2025-10-20 06:49:06',NULL,NULL),(136,62,'ORD-54040769',243.53,33.48,0.00,277.01,'delivering','USD',1.000000,277.01,2,'refunded',NULL,41,'Repudiandae sit nisi consequatur et ex occaecati et.',NULL,NULL,'2025-10-20 06:49:06','2025-10-20 06:49:06',NULL,NULL),(137,63,'ORD-89492570',1522.38,14.44,0.00,1536.82,'assigned_to_shipper','USD',1.000000,1536.82,3,'failed',NULL,42,'Repudiandae nostrum necessitatibus ut ratione aut asperiores.',NULL,NULL,'2025-10-20 06:49:06','2025-10-20 06:49:06',NULL,NULL),(138,63,'ORD-35340744',362.09,35.95,0.00,398.04,'cancelled','USD',1.000000,398.04,3,'unpaid',NULL,42,'Est fuga nihil ducimus ea eius ipsam rerum.',NULL,NULL,'2025-10-20 06:49:06','2025-10-20 06:49:06',NULL,NULL),(139,63,'ORD-73390400',708.18,22.65,0.00,730.83,'completed','USD',1.000000,730.83,2,'failed',NULL,42,'Maiores iure labore quo maiores officiis.',NULL,NULL,'2025-10-20 06:49:06','2025-10-20 06:49:06',NULL,NULL),(140,64,'ORD-71598386',967.93,40.12,70308.00,-69299.95,'delivered','USD',1.000000,1008.05,2,'refunded',NULL,43,'Voluptatem non iste omnis et sed.',NULL,NULL,'2025-10-20 06:49:06','2025-10-20 06:49:08',NULL,NULL),(141,64,'ORD-89907490',1713.70,6.02,0.00,1719.72,'returned','USD',1.000000,1719.72,1,'paid',NULL,43,'Velit mollitia deleniti explicabo dicta qui.',NULL,NULL,'2025-10-20 06:49:06','2025-10-20 06:49:06',NULL,NULL),(142,64,'ORD-8983590',997.42,43.22,70308.00,-69267.36,'pending_confirmation','USD',1.000000,1040.64,1,'unpaid',NULL,43,'Sapiente doloremque reprehenderit quos alias.',NULL,NULL,'2025-10-20 06:49:06','2025-10-20 06:49:08',NULL,NULL),(143,64,'ORD-93675924',1043.51,27.29,0.00,1070.80,'delivering','USD',1.000000,1070.80,2,'unpaid',NULL,43,'Voluptas non voluptas est.',NULL,NULL,'2025-10-20 06:49:06','2025-10-20 06:49:06',NULL,NULL),(144,64,'ORD-88391879',388.32,39.97,0.00,428.29,'returned','USD',1.000000,428.29,3,'failed',NULL,43,'Numquam laborum sit mollitia id.',NULL,NULL,'2025-10-20 06:49:06','2025-10-20 06:49:06',NULL,NULL),(145,65,'ORD-39627589',849.20,12.92,0.00,862.12,'cancelled','USD',1.000000,862.12,3,'refunded',NULL,44,'Est consequatur veritatis fuga reiciendis.',NULL,NULL,'2025-10-20 06:49:06','2025-10-20 06:49:06',NULL,NULL),(146,65,'ORD-7010422',1590.24,29.34,0.00,1619.58,'processing','USD',1.000000,1619.58,3,'refunded',NULL,44,'Est quo nobis veniam nihil soluta eaque.',NULL,NULL,'2025-10-20 06:49:06','2025-10-20 06:49:06',NULL,NULL),(147,66,'ORD-22186487',83.05,39.61,0.00,122.66,'cancelled','USD',1.000000,122.66,2,'paid',NULL,45,'Officiis eius excepturi in et aut a voluptatem autem.',NULL,NULL,'2025-10-20 06:49:06','2025-10-20 06:49:06',NULL,NULL),(148,66,'ORD-26811413',973.24,14.90,0.00,988.14,'returned','USD',1.000000,988.14,2,'unpaid',NULL,45,'Tempora doloremque ut quia quasi provident quibusdam sed.',NULL,NULL,'2025-10-20 06:49:06','2025-10-20 06:49:06',NULL,NULL),(149,66,'ORD-41394772',462.38,49.89,0.00,512.27,'returned','USD',1.000000,512.27,2,'failed',NULL,45,'Animi corporis iste et eum aut minus placeat repellat.',NULL,NULL,'2025-10-20 06:49:06','2025-10-20 06:49:06',NULL,NULL),(150,67,'ORD-99000656',617.43,43.31,0.00,660.74,'pending_assignment','USD',1.000000,660.74,3,'refunded',NULL,46,'Odio ab magni rerum aspernatur facilis consectetur.',NULL,NULL,'2025-10-20 06:49:06','2025-10-20 06:49:06',NULL,NULL),(151,67,'ORD-71451652',1925.52,22.06,0.00,1947.58,'assigned_to_shipper','USD',1.000000,1947.58,2,'refunded',NULL,46,'Voluptas officiis ut velit ea corrupti.',NULL,NULL,'2025-10-20 06:49:06','2025-10-20 06:49:06',NULL,NULL),(152,68,'ORD-99106599',1689.36,27.24,0.00,1716.60,'pending_assignment','USD',1.000000,1716.60,1,'unpaid',NULL,47,'Consectetur rerum omnis quaerat quia.',NULL,NULL,'2025-10-20 06:49:06','2025-10-20 06:49:06',NULL,NULL),(153,68,'ORD-76729028',176.64,13.28,0.00,189.92,'completed','USD',1.000000,189.92,1,'paid',NULL,47,'Exercitationem consequatur consequatur eos doloremque.',NULL,NULL,'2025-10-20 06:49:06','2025-10-20 06:49:06',NULL,NULL),(154,68,'ORD-45607252',1172.19,15.07,0.00,1187.26,'cancelled','USD',1.000000,1187.26,2,'refunded',NULL,47,'Fuga deserunt sequi voluptas esse illum deleniti vel.',NULL,NULL,'2025-10-20 06:49:06','2025-10-20 06:49:06',NULL,NULL),(155,68,'ORD-83806480',1251.85,25.97,0.00,1277.82,'processing','USD',1.000000,1277.82,2,'paid',NULL,47,'Accusantium harum voluptatem aut non rerum doloremque omnis.',NULL,NULL,'2025-10-20 06:49:06','2025-10-20 06:49:06',NULL,NULL),(156,69,'ORD-23714845',1974.07,31.96,0.00,2006.03,'delivering','USD',1.000000,2006.03,2,'refunded',NULL,48,'Vitae consequuntur iure et est et.',NULL,NULL,'2025-10-20 06:49:06','2025-10-20 06:49:06',NULL,NULL),(157,70,'ORD-6374520',94.64,27.57,0.00,122.21,'cancelled','USD',1.000000,122.21,1,'unpaid',NULL,49,'Maxime aut id minima modi.',NULL,NULL,'2025-10-20 06:49:06','2025-10-20 06:49:06',NULL,NULL),(158,70,'ORD-14819207',505.82,40.90,0.00,546.72,'completed','USD',1.000000,546.72,1,'refunded',NULL,49,'Molestiae ipsam voluptatem repudiandae laborum a.',NULL,NULL,'2025-10-20 06:49:06','2025-10-20 06:49:06',NULL,NULL),(159,70,'ORD-70385046',220.49,14.37,0.00,234.86,'cancelled','USD',1.000000,234.86,2,'refunded',NULL,49,'Dolores tempora quae placeat provident aut.',NULL,NULL,'2025-10-20 06:49:06','2025-10-20 06:49:06',NULL,NULL),(160,70,'ORD-71687688',1638.92,10.81,0.00,1649.73,'delivering','USD',1.000000,1649.73,1,'paid',NULL,49,'Praesentium magnam cupiditate officia numquam fugiat a ipsa.',NULL,NULL,'2025-10-20 06:49:06','2025-10-20 06:49:06',NULL,NULL),(161,70,'ORD-36392646',804.60,15.54,0.00,820.14,'pending_confirmation','USD',1.000000,820.14,2,'unpaid',NULL,49,'Consequatur sit quam quasi facere.',NULL,NULL,'2025-10-20 06:49:06','2025-10-20 06:49:06',NULL,NULL),(162,71,'ORD-97812073',999.66,45.28,0.00,1044.94,'processing','USD',1.000000,1044.94,3,'failed',NULL,50,'Vitae eos nulla asperiores ea ea unde possimus.',NULL,NULL,'2025-10-20 06:49:06','2025-10-20 06:49:06',NULL,NULL),(163,71,'ORD-29412257',1797.02,8.65,0.00,1805.67,'assigned_to_shipper','USD',1.000000,1805.67,1,'failed',NULL,50,'Officiis blanditiis tempora voluptatem.',NULL,NULL,'2025-10-20 06:49:06','2025-10-20 06:49:06',NULL,NULL),(164,71,'ORD-23822749',852.52,16.05,0.00,868.57,'processing','USD',1.000000,868.57,2,'refunded',NULL,50,'Ad voluptatibus natus alias tenetur.',NULL,NULL,'2025-10-20 06:49:06','2025-10-20 06:49:06',NULL,NULL),(165,71,'ORD-49285674',663.62,42.10,0.00,705.72,'processing','USD',1.000000,705.72,3,'refunded',NULL,50,'Et perspiciatis commodi voluptas delectus aut ut.',NULL,NULL,'2025-10-20 06:49:06','2025-10-20 06:49:06',NULL,NULL),(166,71,'ORD-52564636',1700.05,13.13,0.00,1713.18,'delivering','USD',1.000000,1713.18,3,'unpaid',NULL,50,'Quaerat porro consequatur in omnis deserunt necessitatibus aut.',NULL,NULL,'2025-10-20 06:49:06','2025-10-20 06:49:06',NULL,NULL),(167,72,'ORD-55237812',380.96,39.75,0.00,420.71,'delivered','USD',1.000000,420.71,2,'paid',NULL,51,'Reiciendis dolorum autem voluptatem enim nihil accusamus.',NULL,NULL,'2025-10-20 06:49:06','2025-10-20 06:49:06',NULL,NULL),(168,72,'ORD-94156666',1372.98,5.37,0.00,1378.35,'cancelled','USD',1.000000,1378.35,2,'unpaid',NULL,51,'Vitae qui fugiat vitae autem laboriosam ipsam.',NULL,NULL,'2025-10-20 06:49:06','2025-10-20 06:49:06',NULL,NULL),(169,72,'ORD-10842460',1891.59,16.49,0.00,1908.08,'returned','USD',1.000000,1908.08,1,'failed',NULL,51,'Ex temporibus et non.',NULL,NULL,'2025-10-20 06:49:06','2025-10-20 06:49:06',NULL,NULL),(170,72,'ORD-20266995',703.22,22.50,21696.00,-20970.28,'delivering','USD',1.000000,725.72,1,'unpaid',NULL,51,'Id saepe natus quis doloribus quisquam expedita.',NULL,NULL,'2025-10-20 06:49:06','2025-10-20 06:49:08',NULL,NULL),(171,72,'ORD-27980116',1934.50,37.29,0.00,1971.79,'completed','USD',1.000000,1971.79,1,'failed',NULL,51,'Illum velit mollitia ut id soluta mollitia.',NULL,NULL,'2025-10-20 06:49:06','2025-10-20 06:49:06',NULL,NULL),(172,73,'ORD-83777568',653.34,17.76,65.33,605.77,'completed','USD',1.000000,671.10,2,'refunded',NULL,52,'Optio vel eligendi mollitia aliquam ipsa nobis dolorum.',NULL,NULL,'2025-10-20 06:49:06','2025-10-20 06:49:08',NULL,NULL),(173,74,'ORD-43138179',1943.69,24.27,0.00,1967.96,'returned','USD',1.000000,1967.96,3,'unpaid',NULL,53,'Et consequatur quia voluptatem debitis sit eveniet omnis.',NULL,NULL,'2025-10-20 06:49:06','2025-10-20 06:49:06',NULL,NULL),(174,74,'ORD-69316710',239.32,6.01,0.00,245.33,'cancelled','USD',1.000000,245.33,3,'unpaid',NULL,53,'Molestiae dolorum quo ut nobis qui illum qui.',NULL,NULL,'2025-10-20 06:49:06','2025-10-20 06:49:06',NULL,NULL),(175,75,'ORD-73047614',816.75,47.06,0.00,863.81,'assigned_to_shipper','USD',1.000000,863.81,1,'failed',NULL,54,'Est aut facilis mollitia delectus explicabo et.',NULL,NULL,'2025-10-20 06:49:06','2025-10-20 06:49:06',NULL,NULL),(176,75,'ORD-73142413',1483.92,6.56,0.00,1490.48,'delivered','USD',1.000000,1490.48,3,'failed',NULL,54,'Dolor dolorem quo qui tenetur ut ea qui.',NULL,NULL,'2025-10-20 06:49:06','2025-10-20 06:49:06',NULL,NULL),(177,75,'ORD-97355065',720.12,6.24,0.00,726.36,'processing','USD',1.000000,726.36,3,'refunded',NULL,54,'Perferendis magnam odio soluta mollitia.',NULL,NULL,'2025-10-20 06:49:06','2025-10-20 06:49:06',NULL,NULL),(178,75,'ORD-19985912',630.83,7.16,0.00,637.99,'cancelled','USD',1.000000,637.99,1,'failed',NULL,54,'Eos ut suscipit laborum voluptas quae id neque.',NULL,NULL,'2025-10-20 06:49:06','2025-10-20 06:49:06',NULL,NULL),(179,76,'ORD-4047125',135.29,14.85,0.00,150.14,'processing','USD',1.000000,150.14,3,'failed',NULL,55,'Praesentium doloribus sed quas deserunt beatae saepe quam.',NULL,NULL,'2025-10-20 06:49:06','2025-10-20 06:49:06',NULL,NULL),(180,76,'ORD-24312502',633.49,29.40,0.00,662.89,'processing','USD',1.000000,662.89,3,'paid',NULL,55,'Et ut quos eius magni.',NULL,NULL,'2025-10-20 06:49:06','2025-10-20 06:49:06',NULL,NULL),(181,77,'ORD-49940721',215.68,9.47,0.00,225.15,'pending_confirmation','USD',1.000000,225.15,2,'failed',NULL,56,'Quia minus ea nulla voluptas.',NULL,NULL,'2025-10-20 06:49:06','2025-10-20 06:49:06',NULL,NULL),(182,77,'ORD-41273549',1386.30,47.74,0.00,1434.04,'delivering','USD',1.000000,1434.04,3,'failed',NULL,56,'Optio et nam qui cum qui provident.',NULL,NULL,'2025-10-20 06:49:06','2025-10-20 06:49:06',NULL,NULL),(183,78,'ORD-42403701',1728.00,10.09,43821.00,-42082.91,'pending_confirmation','USD',1.000000,1738.09,3,'paid',NULL,57,'Tempore non aut unde dolores dolor earum.',NULL,NULL,'2025-10-20 06:49:06','2025-10-20 06:49:08',NULL,NULL),(184,78,'ORD-10251713',996.07,33.15,0.00,1029.22,'returned','USD',1.000000,1029.22,1,'unpaid',NULL,57,'Iure sint officia eum aliquid minima eos dolorem.',NULL,NULL,'2025-10-20 06:49:06','2025-10-20 06:49:06',NULL,NULL),(185,79,'ORD-1391385',1237.60,7.08,0.00,1244.68,'completed','USD',1.000000,1244.68,3,'unpaid',NULL,58,'Voluptatem molestiae voluptatem eos qui facere.',NULL,NULL,'2025-10-20 06:49:06','2025-10-20 06:49:06',NULL,NULL),(186,79,'ORD-23415306',458.41,42.31,0.00,500.72,'pending_confirmation','USD',1.000000,500.72,2,'failed',NULL,58,'Iure ratione atque maiores similique natus perferendis adipisci.',NULL,NULL,'2025-10-20 06:49:06','2025-10-20 06:49:06',NULL,NULL),(187,79,'ORD-61314720',1135.67,8.35,0.00,1144.02,'delivered','USD',1.000000,1144.02,1,'refunded',NULL,58,'Rerum non odit natus consequatur.',NULL,NULL,'2025-10-20 06:49:06','2025-10-20 06:49:06',NULL,NULL),(188,79,'ORD-7597131',1553.19,45.86,0.00,1599.05,'delivered','USD',1.000000,1599.05,2,'unpaid',NULL,58,'Debitis nobis a qui dolorem ut pariatur.',NULL,NULL,'2025-10-20 06:49:06','2025-10-20 06:49:06',NULL,NULL),(189,79,'ORD-43555737',555.93,40.94,21696.00,-21099.13,'cancelled','USD',1.000000,596.87,1,'unpaid',NULL,58,'Ut sint culpa voluptas cumque illo vitae.',NULL,NULL,'2025-10-20 06:49:06','2025-10-20 06:49:08',NULL,NULL),(190,80,'ORD-9729224',1596.30,27.82,0.00,1624.12,'delivering','USD',1.000000,1624.12,1,'unpaid',NULL,59,'Rerum quidem delectus maxime dolor et.',NULL,NULL,'2025-10-20 06:49:07','2025-10-20 06:49:07',NULL,NULL),(191,80,'ORD-44511454',937.20,37.74,93.72,881.22,'cancelled','USD',1.000000,974.94,3,'unpaid',NULL,59,'Totam error praesentium sequi esse perferendis.',NULL,NULL,'2025-10-20 06:49:07','2025-10-20 06:49:08',NULL,NULL),(192,81,'ORD-90874848',916.33,25.05,0.00,941.38,'pending_assignment','USD',1.000000,941.38,2,'refunded',NULL,60,'In quia odio totam et sint.',NULL,NULL,'2025-10-20 06:49:07','2025-10-20 06:49:07',NULL,NULL),(193,81,'ORD-83937026',761.05,27.50,0.00,788.55,'returned','USD',1.000000,788.55,1,'paid',NULL,60,'Quo eos consequatur et fuga ut repudiandae.',NULL,NULL,'2025-10-20 06:49:07','2025-10-20 06:49:07',NULL,NULL),(194,82,'ORD-87729044',454.50,34.94,64818.00,-64328.56,'delivering','USD',1.000000,489.44,2,'paid',NULL,61,'Praesentium quam qui voluptate rerum quo repellendus.',NULL,NULL,'2025-10-20 06:49:07','2025-10-20 06:49:08',NULL,NULL),(195,82,'ORD-35504899',588.21,14.50,0.00,602.71,'assigned_to_shipper','USD',1.000000,602.71,1,'paid',NULL,61,'Esse qui dolor natus rerum ex.',NULL,NULL,'2025-10-20 06:49:07','2025-10-20 06:49:07',NULL,NULL),(196,82,'ORD-4553309',1712.94,47.25,0.00,1760.19,'delivering','USD',1.000000,1760.19,3,'unpaid',NULL,61,'Neque sunt placeat aut totam officia molestias.',NULL,NULL,'2025-10-20 06:49:07','2025-10-20 06:49:07',NULL,NULL),(197,82,'ORD-31903860',1295.92,26.44,0.00,1322.36,'completed','USD',1.000000,1322.36,3,'failed',NULL,61,'Sit at aliquid inventore recusandae deleniti quos omnis.',NULL,NULL,'2025-10-20 06:49:07','2025-10-20 06:49:07',NULL,NULL),(198,83,'ORD-29515151',1693.29,16.30,0.00,1709.59,'delivering','USD',1.000000,1709.59,2,'paid',NULL,62,'Amet ut aut sunt sed ea.',NULL,NULL,'2025-10-20 06:49:07','2025-10-20 06:49:07',NULL,NULL),(199,83,'ORD-57054834',253.13,18.44,64818.00,-64546.43,'cancelled','USD',1.000000,271.57,1,'refunded',NULL,62,'Voluptatem in sint vero doloribus.',NULL,NULL,'2025-10-20 06:49:07','2025-10-20 06:49:08',NULL,NULL),(200,84,'ORD-5424764',1984.09,8.49,0.00,1992.58,'delivering','USD',1.000000,1992.58,1,'refunded',NULL,63,'Eaque est qui quam laborum ab.',NULL,NULL,'2025-10-20 06:49:07','2025-10-20 06:49:07',NULL,NULL),(201,84,'ORD-18005266',315.14,12.88,0.00,328.02,'cancelled','USD',1.000000,328.02,1,'failed',NULL,63,'Laborum ipsa ut similique sint qui repellat et.',NULL,NULL,'2025-10-20 06:49:07','2025-10-20 06:49:07',NULL,NULL),(202,84,'ORD-30917273',571.78,12.24,57.18,526.84,'processing','USD',1.000000,584.02,3,'failed',NULL,63,'Corrupti natus doloremque qui est ut a.',NULL,NULL,'2025-10-20 06:49:07','2025-10-20 06:49:08',NULL,NULL),(203,84,'ORD-91966895',556.54,14.38,0.00,570.92,'delivering','USD',1.000000,570.92,1,'failed',NULL,63,'Et et iusto ut aut provident aliquam.',NULL,NULL,'2025-10-20 06:49:07','2025-10-20 06:49:07',NULL,NULL),(204,84,'ORD-34495469',340.17,43.86,0.00,384.03,'delivered','USD',1.000000,384.03,2,'refunded',NULL,63,'Consequuntur quis porro voluptatem ullam quis fuga.',NULL,NULL,'2025-10-20 06:49:07','2025-10-20 06:49:07',NULL,NULL),(205,85,'ORD-54849801',674.94,23.97,0.00,698.91,'returned','USD',1.000000,698.91,1,'failed',NULL,64,'Sit explicabo distinctio et ad numquam voluptatum consequatur non.',NULL,NULL,'2025-10-20 06:49:07','2025-10-20 06:49:07',NULL,NULL),(206,85,'ORD-87907394',908.73,6.62,0.00,915.35,'delivering','USD',1.000000,915.35,3,'paid',NULL,64,'Ut nihil dignissimos magnam consequatur recusandae voluptas et.',NULL,NULL,'2025-10-20 06:49:07','2025-10-20 06:49:07',NULL,NULL),(207,85,'ORD-36805084',163.16,13.71,0.00,176.87,'pending_assignment','USD',1.000000,176.87,1,'unpaid',NULL,64,'Cum voluptates voluptates sit quo autem fugit dolorum.',NULL,NULL,'2025-10-20 06:49:07','2025-10-20 06:49:07',NULL,NULL),(208,85,'ORD-63323397',302.49,32.28,0.00,334.77,'cancelled','USD',1.000000,334.77,3,'unpaid',NULL,64,'Sint nisi explicabo consequuntur est qui ratione quis.',NULL,NULL,'2025-10-20 06:49:07','2025-10-20 06:49:07',NULL,NULL),(209,86,'ORD-5509901',952.09,23.47,0.00,975.56,'pending_assignment','USD',1.000000,975.56,3,'refunded',NULL,65,'Reprehenderit id quo reiciendis non ducimus accusantium.',NULL,NULL,'2025-10-20 06:49:07','2025-10-20 06:49:07',NULL,NULL),(210,86,'ORD-92887818',140.11,17.64,0.00,157.75,'delivering','USD',1.000000,157.75,2,'unpaid',NULL,65,'Quia ullam dolores quaerat culpa eligendi.',NULL,NULL,'2025-10-20 06:49:07','2025-10-20 06:49:07',NULL,NULL),(211,86,'ORD-38262416',991.85,36.69,0.00,1028.54,'delivered','USD',1.000000,1028.54,2,'paid',NULL,65,'Sint quis distinctio quia vero sunt totam deleniti.',NULL,NULL,'2025-10-20 06:49:07','2025-10-20 06:49:07',NULL,NULL),(212,87,'ORD-4246879',1188.06,49.01,0.00,1237.07,'delivered','USD',1.000000,1237.07,1,'failed',NULL,66,'Placeat autem quia quaerat amet vero.',NULL,NULL,'2025-10-20 06:49:07','2025-10-20 06:49:07',NULL,NULL),(213,87,'ORD-34526708',1630.77,18.23,0.00,1649.00,'returned','USD',1.000000,1649.00,2,'paid',NULL,66,'Aliquid voluptatem eius aut doloribus earum laboriosam.',NULL,NULL,'2025-10-20 06:49:07','2025-10-20 06:49:07',NULL,NULL),(214,87,'ORD-5310168',380.12,24.89,0.00,405.01,'delivered','USD',1.000000,405.01,3,'paid',NULL,66,'Et quos fugiat repellat exercitationem.',NULL,NULL,'2025-10-20 06:49:07','2025-10-20 06:49:07',NULL,NULL),(215,87,'ORD-77069247',1551.40,16.89,0.00,1568.29,'delivering','USD',1.000000,1568.29,2,'unpaid',NULL,66,'Vel consequuntur reprehenderit quia architecto.',NULL,NULL,'2025-10-20 06:49:07','2025-10-20 06:49:07',NULL,NULL),(216,88,'ORD-80710002',912.51,32.90,0.00,945.41,'delivering','USD',1.000000,945.41,1,'unpaid',NULL,67,'Reiciendis in quisquam odit maiores ipsa modi.',NULL,NULL,'2025-10-20 06:49:07','2025-10-20 06:49:07',NULL,NULL),(217,89,'ORD-65095231',1888.24,25.56,0.00,1913.80,'delivering','USD',1.000000,1913.80,1,'refunded',NULL,68,'Eos dolores neque voluptatem qui.',NULL,NULL,'2025-10-20 06:49:07','2025-10-20 06:49:07',NULL,NULL),(218,89,'ORD-11110297',558.18,11.29,0.00,569.47,'cancelled','USD',1.000000,569.47,3,'refunded',NULL,68,'Qui soluta ut ad sed pariatur repellat.',NULL,NULL,'2025-10-20 06:49:07','2025-10-20 06:49:07',NULL,NULL),(219,89,'ORD-65108131',729.80,29.83,0.00,759.63,'assigned_to_shipper','USD',1.000000,759.63,1,'unpaid',NULL,68,'Necessitatibus consequuntur vero error nemo quia sed et.',NULL,NULL,'2025-10-20 06:49:07','2025-10-20 06:49:07',NULL,NULL),(220,89,'ORD-39240049',1298.38,34.98,0.00,1333.36,'assigned_to_shipper','USD',1.000000,1333.36,3,'unpaid',NULL,68,'Commodi dolore ipsum temporibus.',NULL,NULL,'2025-10-20 06:49:07','2025-10-20 06:49:07',NULL,NULL),(221,89,'ORD-4700377',830.92,44.22,0.00,875.14,'delivered','USD',1.000000,875.14,1,'unpaid',NULL,68,'Sit aut est possimus dolor.',NULL,NULL,'2025-10-20 06:49:07','2025-10-20 06:49:07',NULL,NULL),(222,90,'ORD-18003840',992.57,18.51,99.26,911.82,'pending_assignment','USD',1.000000,1011.08,1,'failed',NULL,69,'Ut velit minus aut aliquam cum eum eos.',NULL,NULL,'2025-10-20 06:49:07','2025-10-20 06:49:08',NULL,NULL),(223,90,'ORD-46509524',516.15,44.47,0.00,560.62,'completed','USD',1.000000,560.62,3,'paid',NULL,69,'Voluptatem et commodi impedit quia assumenda.',NULL,NULL,'2025-10-20 06:49:07','2025-10-20 06:49:07',NULL,NULL),(224,91,'ORD-4976419',1870.71,26.94,0.00,1897.65,'completed','USD',1.000000,1897.65,1,'refunded',NULL,70,'Eius dolor voluptates sed magni accusamus.',NULL,NULL,'2025-10-20 06:49:07','2025-10-20 06:49:07',NULL,NULL),(225,92,'ORD-92274792',136.84,42.89,0.00,179.73,'pending_confirmation','USD',1.000000,179.73,3,'unpaid',NULL,71,'Quis reiciendis quia esse reiciendis.',NULL,NULL,'2025-10-20 06:49:07','2025-10-20 06:49:07',NULL,NULL),(226,92,'ORD-11339906',396.75,12.83,64818.00,-64408.42,'assigned_to_shipper','USD',1.000000,409.58,1,'unpaid',NULL,71,'Velit neque neque maiores natus labore officia repellat ab.',NULL,NULL,'2025-10-20 06:49:07','2025-10-20 06:49:08',NULL,NULL),(227,93,'ORD-82896010',215.34,8.13,0.00,223.47,'delivering','USD',1.000000,223.47,2,'paid',NULL,72,'Perspiciatis assumenda architecto quae consequuntur sapiente.',NULL,NULL,'2025-10-20 06:49:07','2025-10-20 06:49:07',NULL,NULL),(228,93,'ORD-46484990',1456.60,19.70,0.00,1476.30,'returned','USD',1.000000,1476.30,3,'unpaid',NULL,72,'Voluptas explicabo porro consequatur optio magnam odio voluptatem.',NULL,NULL,'2025-10-20 06:49:07','2025-10-20 06:49:07',NULL,NULL),(229,93,'ORD-6915226',568.52,32.80,0.00,601.32,'returned','USD',1.000000,601.32,3,'refunded',NULL,72,'Itaque vel dicta dignissimos cum id.',NULL,NULL,'2025-10-20 06:49:07','2025-10-20 06:49:07',NULL,NULL),(230,93,'ORD-41783832',674.62,19.24,0.00,693.86,'delivered','USD',1.000000,693.86,2,'failed',NULL,72,'Asperiores quo commodi nemo tenetur deserunt.',NULL,NULL,'2025-10-20 06:49:07','2025-10-20 06:49:07',NULL,NULL),(231,93,'ORD-42323626',626.83,38.74,0.00,665.57,'delivering','USD',1.000000,665.57,2,'refunded',NULL,72,'Libero odio aliquid consequatur amet vitae sed.',NULL,NULL,'2025-10-20 06:49:07','2025-10-20 06:49:07',NULL,NULL),(232,94,'ORD-33152078',1967.85,5.47,0.00,1973.32,'assigned_to_shipper','USD',1.000000,1973.32,1,'refunded',NULL,73,'Blanditiis non nihil officiis amet ad.',NULL,NULL,'2025-10-20 06:49:07','2025-10-20 06:49:07',NULL,NULL),(233,95,'ORD-57625109',1403.98,42.65,43821.00,-42374.37,'pending_assignment','USD',1.000000,1446.63,1,'paid',NULL,74,'Non quas accusantium alias et odit.',NULL,NULL,'2025-10-20 06:49:07','2025-10-20 06:49:08',NULL,NULL),(234,95,'ORD-73007017',1551.98,25.85,0.00,1577.83,'pending_confirmation','USD',1.000000,1577.83,1,'refunded',NULL,74,'Quibusdam atque minima ad itaque voluptatibus asperiores quos expedita.',NULL,NULL,'2025-10-20 06:49:07','2025-10-20 06:49:07',NULL,NULL),(235,95,'ORD-29185238',1181.31,10.97,0.00,1192.28,'delivered','USD',1.000000,1192.28,2,'failed',NULL,74,'Voluptas est iure voluptatibus quod iusto est totam quasi.',NULL,NULL,'2025-10-20 06:49:07','2025-10-20 06:49:07',NULL,NULL),(236,95,'ORD-31921404',484.24,48.75,0.00,532.99,'returned','USD',1.000000,532.99,3,'failed',NULL,74,'Iusto necessitatibus voluptatum minus quo reprehenderit fugit.',NULL,NULL,'2025-10-20 06:49:07','2025-10-20 06:49:07',NULL,NULL),(237,95,'ORD-51650440',386.53,5.45,0.00,391.98,'assigned_to_shipper','USD',1.000000,391.98,2,'failed',NULL,74,'Repellendus consequatur laborum assumenda corrupti aut amet et.',NULL,NULL,'2025-10-20 06:49:07','2025-10-20 06:49:07',NULL,NULL),(238,96,'ORD-45157943',555.02,39.71,64818.00,-64223.27,'cancelled','USD',1.000000,594.73,1,'refunded',NULL,75,'Odit iste architecto repellat impedit aliquid.',NULL,NULL,'2025-10-20 06:49:07','2025-10-20 06:49:08',NULL,NULL),(239,96,'ORD-90840600',209.96,14.80,0.00,224.76,'pending_confirmation','USD',1.000000,224.76,2,'unpaid',NULL,75,'Quos ullam odio ratione et fuga.',NULL,NULL,'2025-10-20 06:49:07','2025-10-20 06:49:07',NULL,NULL),(240,96,'ORD-99288911',1400.39,22.55,70308.00,-68885.06,'cancelled','USD',1.000000,1422.94,2,'failed',NULL,75,'Est fuga corporis quis qui error omnis reiciendis.',NULL,NULL,'2025-10-20 06:49:07','2025-10-20 06:49:08',NULL,NULL),(241,96,'ORD-62698107',1908.68,23.11,0.00,1931.79,'delivering','USD',1.000000,1931.79,2,'failed',NULL,75,'Et necessitatibus veritatis id ipsam nostrum.',NULL,NULL,'2025-10-20 06:49:07','2025-10-20 06:49:07',NULL,NULL),(242,97,'ORD-57350723',835.98,45.54,0.00,881.52,'processing','USD',1.000000,881.52,3,'unpaid',NULL,76,'Doloribus similique tempora quae dolorem.',NULL,NULL,'2025-10-20 06:49:07','2025-10-20 06:49:07',NULL,NULL),(243,97,'ORD-10632117',327.93,12.01,0.00,339.94,'pending_confirmation','USD',1.000000,339.94,1,'refunded',NULL,76,'Deleniti ea illo quidem et.',NULL,NULL,'2025-10-20 06:49:07','2025-10-20 06:49:07',NULL,NULL),(244,97,'ORD-61896009',648.10,13.59,43821.00,-43159.31,'cancelled','USD',1.000000,661.69,3,'failed',NULL,76,'Voluptatem molestiae aut rem laboriosam qui sequi.',NULL,NULL,'2025-10-20 06:49:07','2025-10-20 06:49:08',NULL,NULL),(245,97,'ORD-73569853',300.25,17.74,0.00,317.99,'pending_assignment','USD',1.000000,317.99,1,'failed',NULL,76,'Eius adipisci libero et nam recusandae corporis.',NULL,NULL,'2025-10-20 06:49:07','2025-10-20 06:49:07',NULL,NULL),(246,97,'ORD-40914573',1023.07,41.82,0.00,1064.89,'pending_assignment','USD',1.000000,1064.89,3,'paid',NULL,76,'Fuga sit magni quas ab rerum soluta.',NULL,NULL,'2025-10-20 06:49:07','2025-10-20 06:49:07',NULL,NULL),(247,98,'ORD-62256943',1812.78,17.05,0.00,1829.83,'completed','USD',1.000000,1829.83,2,'refunded',NULL,77,'Et incidunt molestias aperiam accusantium dolorem officiis molestias.',NULL,NULL,'2025-10-20 06:49:07','2025-10-20 06:49:07',NULL,NULL),(248,98,'ORD-96465775',1312.21,6.13,0.00,1318.34,'delivered','USD',1.000000,1318.34,2,'refunded',NULL,77,'Et doloremque pariatur beatae libero.',NULL,NULL,'2025-10-20 06:49:07','2025-10-20 06:49:07',NULL,NULL),(249,98,'ORD-34681584',474.27,13.69,0.00,487.96,'delivering','USD',1.000000,487.96,3,'unpaid',NULL,77,'Quibusdam earum perspiciatis facilis.',NULL,NULL,'2025-10-20 06:49:07','2025-10-20 06:49:07',NULL,NULL),(250,98,'ORD-91212149',1351.64,38.79,0.00,1390.43,'completed','USD',1.000000,1390.43,3,'paid',NULL,77,'Rerum minima et omnis.',NULL,NULL,'2025-10-20 06:49:07','2025-10-20 06:49:07',NULL,NULL),(251,99,'ORD-64865351',80.33,36.76,0.00,117.09,'cancelled','USD',1.000000,117.09,3,'failed',NULL,78,'Dolor nobis nostrum facilis aspernatur et ad.',NULL,NULL,'2025-10-20 06:49:07','2025-10-20 06:49:07',NULL,NULL),(252,100,'ORD-19286613',1098.42,40.24,0.00,1138.66,'delivering','USD',1.000000,1138.66,1,'failed',NULL,79,'Quasi error corrupti non rerum aut fugiat.',NULL,NULL,'2025-10-20 06:49:07','2025-10-20 06:49:07',NULL,NULL),(253,100,'ORD-18946338',1223.13,15.53,0.00,1238.66,'assigned_to_shipper','USD',1.000000,1238.66,2,'unpaid',NULL,79,'Nostrum ipsam eum esse qui.',NULL,NULL,'2025-10-20 06:49:07','2025-10-20 06:49:07',NULL,NULL),(254,100,'ORD-5631815',1768.64,34.65,0.00,1803.29,'delivering','USD',1.000000,1803.29,2,'refunded',NULL,79,'Sit libero excepturi autem qui occaecati molestiae ad.',NULL,NULL,'2025-10-20 06:49:07','2025-10-20 06:49:07',NULL,NULL),(255,100,'ORD-75957070',1287.27,32.10,0.00,1319.37,'pending_confirmation','USD',1.000000,1319.37,1,'paid',NULL,79,'Porro omnis et doloremque in ipsum est.',NULL,NULL,'2025-10-20 06:49:07','2025-10-20 06:49:07',NULL,NULL),(256,101,'ORD-54077405',1407.04,27.12,0.00,1434.16,'returned','USD',1.000000,1434.16,3,'refunded',NULL,80,'Corporis eum nam nesciunt quidem.',NULL,NULL,'2025-10-20 06:49:07','2025-10-20 06:49:07',NULL,NULL),(257,101,'ORD-13282407',633.88,24.20,0.00,658.08,'pending_confirmation','USD',1.000000,658.08,1,'paid',NULL,80,'Totam rerum laborum est quod consequatur aut repellat eum.',NULL,NULL,'2025-10-20 06:49:07','2025-10-20 06:49:07',NULL,NULL),(258,102,'ORD-71779845',603.82,35.58,0.00,639.40,'cancelled','USD',1.000000,639.40,3,'paid',NULL,81,'Est veritatis accusantium voluptates facilis sunt quos.',NULL,NULL,'2025-10-20 06:49:07','2025-10-20 06:49:07',NULL,NULL),(259,102,'ORD-7647781',525.24,41.33,0.00,566.57,'assigned_to_shipper','USD',1.000000,566.57,2,'unpaid',NULL,81,'Voluptatem voluptate reprehenderit qui odit repellendus maxime.',NULL,NULL,'2025-10-20 06:49:07','2025-10-20 06:49:07',NULL,NULL),(260,102,'ORD-49508161',1657.83,39.50,0.00,1697.33,'assigned_to_shipper','USD',1.000000,1697.33,1,'unpaid',NULL,81,'Qui ex sed fuga dolores et.',NULL,NULL,'2025-10-20 06:49:07','2025-10-20 06:49:07',NULL,NULL),(261,103,'ORD-84143175',406.74,12.53,0.00,419.27,'completed','USD',1.000000,419.27,3,'failed',NULL,82,'Culpa voluptates sint sit ratione.',NULL,NULL,'2025-10-20 06:49:07','2025-10-20 06:49:07',NULL,NULL),(262,103,'ORD-61139833',1535.87,39.53,0.00,1575.40,'processing','USD',1.000000,1575.40,3,'refunded',NULL,82,'Quisquam ipsum non blanditiis autem et sit.',NULL,NULL,'2025-10-20 06:49:07','2025-10-20 06:49:07',NULL,NULL),(263,104,'ORD-9256142',1336.69,12.15,0.00,1348.84,'delivering','USD',1.000000,1348.84,2,'refunded',NULL,83,'Dolores quis iste quidem ex culpa fugiat enim.',NULL,NULL,'2025-10-20 06:49:07','2025-10-20 06:49:07',NULL,NULL),(264,104,'ORD-55327300',97.88,41.39,0.00,139.27,'completed','USD',1.000000,139.27,1,'refunded',NULL,83,'Placeat delectus dolorem distinctio voluptatum voluptates consectetur ut animi.',NULL,NULL,'2025-10-20 06:49:07','2025-10-20 06:49:07',NULL,NULL),(265,104,'ORD-77916097',1668.76,43.54,0.00,1712.30,'processing','USD',1.000000,1712.30,2,'failed',NULL,83,'Veniam omnis veritatis rerum excepturi quia hic.',NULL,NULL,'2025-10-20 06:49:07','2025-10-20 06:49:07',NULL,NULL),(266,105,'ORD-49282977',777.95,35.88,0.00,813.83,'assigned_to_shipper','USD',1.000000,813.83,3,'failed',NULL,84,'Alias molestiae incidunt natus esse.',NULL,NULL,'2025-10-20 06:49:07','2025-10-20 06:49:07',NULL,NULL),(267,106,'ORD-52955660',1008.10,31.56,0.00,1039.66,'processing','USD',1.000000,1039.66,2,'unpaid',NULL,85,'Ducimus non voluptatem omnis tempore vel doloremque.',NULL,NULL,'2025-10-20 06:49:07','2025-10-20 06:49:07',NULL,NULL),(268,106,'ORD-19645205',1212.40,46.81,0.00,1259.21,'returned','USD',1.000000,1259.21,2,'unpaid',NULL,85,'Commodi et molestiae amet aliquid aliquam.',NULL,NULL,'2025-10-20 06:49:07','2025-10-20 06:49:07',NULL,NULL),(269,106,'ORD-83053042',695.74,21.17,0.00,716.91,'cancelled','USD',1.000000,716.91,2,'unpaid',NULL,85,'Rerum architecto quia quod nisi enim.',NULL,NULL,'2025-10-20 06:49:07','2025-10-20 06:49:07',NULL,NULL),(270,106,'ORD-8604610',990.25,23.94,0.00,1014.19,'completed','USD',1.000000,1014.19,3,'paid',NULL,85,'Corporis quo officiis qui dolorem odit ea in.',NULL,NULL,'2025-10-20 06:49:07','2025-10-20 06:49:07',NULL,NULL),(271,107,'ORD-21129672',1476.48,41.77,0.00,1518.25,'processing','USD',1.000000,1518.25,2,'refunded',NULL,86,'Quisquam tenetur quaerat exercitationem quod rerum.',NULL,NULL,'2025-10-20 06:49:07','2025-10-20 06:49:07',NULL,NULL),(272,107,'ORD-68366062',1266.01,22.22,0.00,1288.23,'delivering','USD',1.000000,1288.23,3,'failed',NULL,86,'Et totam voluptatem qui optio.',NULL,NULL,'2025-10-20 06:49:07','2025-10-20 06:49:07',NULL,NULL),(273,108,'ORD-81695345',1027.82,32.45,0.00,1060.27,'completed','USD',1.000000,1060.27,2,'unpaid',NULL,87,'Occaecati dolorum dolores harum harum voluptatem pariatur beatae.',NULL,NULL,'2025-10-20 06:49:07','2025-10-20 06:49:07',NULL,NULL),(274,108,'ORD-5119977',856.91,8.01,0.00,864.92,'returned','USD',1.000000,864.92,3,'failed',NULL,87,'Et officiis ut dolores sequi quod eius.',NULL,NULL,'2025-10-20 06:49:07','2025-10-20 06:49:07',NULL,NULL),(275,108,'ORD-77089510',1561.18,16.80,0.00,1577.98,'pending_assignment','USD',1.000000,1577.98,2,'paid',NULL,87,'Eius nostrum ex eos ut non dolorem.',NULL,NULL,'2025-10-20 06:49:07','2025-10-20 06:49:07',NULL,NULL),(276,108,'ORD-3700815',1272.12,18.35,43821.00,-42530.53,'cancelled','USD',1.000000,1290.47,1,'refunded',NULL,87,'Eaque est tempore velit accusantium temporibus ad quis quibusdam.',NULL,NULL,'2025-10-20 06:49:07','2025-10-20 06:49:08',NULL,NULL),(277,108,'ORD-53084545',1243.14,30.05,0.00,1273.19,'pending_assignment','USD',1.000000,1273.19,1,'failed',NULL,87,'Asperiores quam dignissimos et in et possimus laboriosam.',NULL,NULL,'2025-10-20 06:49:07','2025-10-20 06:49:07',NULL,NULL),(278,109,'ORD-49742842',1604.42,9.96,0.00,1614.38,'pending_confirmation','USD',1.000000,1614.38,2,'unpaid',NULL,88,'Ut blanditiis molestias debitis illo veniam quia quo.',NULL,NULL,'2025-10-20 06:49:07','2025-10-20 06:49:07',NULL,NULL),(279,109,'ORD-40254382',1448.58,31.05,0.00,1479.63,'pending_confirmation','USD',1.000000,1479.63,1,'paid',NULL,88,'Consequatur ullam laborum sunt impedit.',NULL,NULL,'2025-10-20 06:49:07','2025-10-20 06:49:07',NULL,NULL),(280,109,'ORD-21322182',797.76,29.72,0.00,827.48,'delivered','USD',1.000000,827.48,1,'refunded',NULL,88,'Quidem molestias et doloribus ab aut est.',NULL,NULL,'2025-10-20 06:49:07','2025-10-20 06:49:07',NULL,NULL),(281,109,'ORD-70543615',577.37,29.39,0.00,606.76,'delivering','USD',1.000000,606.76,1,'paid',NULL,88,'Sit aliquid dolorem dicta quibusdam.',NULL,NULL,'2025-10-20 06:49:07','2025-10-20 06:49:07',NULL,NULL),(282,109,'ORD-1097693',1184.84,6.18,0.00,1191.02,'cancelled','USD',1.000000,1191.02,3,'refunded',NULL,88,'Facilis ea ullam et enim omnis voluptatem sunt.',NULL,NULL,'2025-10-20 06:49:07','2025-10-20 06:49:07',NULL,NULL),(283,110,'ORD-37647418',472.23,9.35,0.00,481.58,'returned','USD',1.000000,481.58,3,'refunded',NULL,89,'Explicabo non est non deserunt nulla.',NULL,NULL,'2025-10-20 06:49:07','2025-10-20 06:49:07',NULL,NULL),(284,111,'ORD-8904486',1014.46,49.72,0.00,1064.18,'cancelled','USD',1.000000,1064.18,3,'unpaid',NULL,90,'Debitis cupiditate et consectetur magnam numquam.',NULL,NULL,'2025-10-20 06:49:07','2025-10-20 06:49:07',NULL,NULL),(285,111,'ORD-57334317',1139.22,22.01,0.00,1161.23,'completed','USD',1.000000,1161.23,3,'refunded',NULL,90,'Laudantium sed ratione ipsam unde.',NULL,NULL,'2025-10-20 06:49:07','2025-10-20 06:49:07',NULL,NULL),(286,111,'ORD-95553890',1493.44,15.14,0.00,1508.58,'delivered','USD',1.000000,1508.58,1,'unpaid',NULL,90,'Omnis ea et qui in.',NULL,NULL,'2025-10-20 06:49:07','2025-10-20 06:49:07',NULL,NULL),(287,111,'ORD-71892730',1028.72,44.69,0.00,1073.41,'pending_confirmation','USD',1.000000,1073.41,1,'failed',NULL,90,'Optio est sapiente deserunt.',NULL,NULL,'2025-10-20 06:49:07','2025-10-20 06:49:07',NULL,NULL),(288,112,'ORD-79941116',783.06,22.99,0.00,806.05,'delivered','USD',1.000000,806.05,1,'paid',NULL,91,'Distinctio culpa numquam optio unde.',NULL,NULL,'2025-10-20 06:49:07','2025-10-20 06:49:07',NULL,NULL),(289,112,'ORD-82187319',721.45,27.77,0.00,749.22,'delivering','USD',1.000000,749.22,1,'unpaid',NULL,91,'Explicabo dicta non recusandae deserunt laboriosam.',NULL,NULL,'2025-10-20 06:49:07','2025-10-20 06:49:07',NULL,NULL),(290,112,'ORD-83191288',534.44,38.56,0.00,573.00,'assigned_to_shipper','USD',1.000000,573.00,2,'unpaid',NULL,91,'Voluptates unde hic vel accusamus.',NULL,NULL,'2025-10-20 06:49:07','2025-10-20 06:49:07',NULL,NULL),(291,113,'ORD-10031760',1266.04,16.50,0.00,1282.54,'pending_assignment','USD',1.000000,1282.54,1,'paid',NULL,92,'Suscipit id sed ut est.',NULL,NULL,'2025-10-20 06:49:07','2025-10-20 06:49:07',NULL,NULL),(292,113,'ORD-84838304',412.32,23.11,0.00,435.43,'delivered','USD',1.000000,435.43,1,'unpaid',NULL,92,'Saepe ipsum sit sed quia unde occaecati.',NULL,NULL,'2025-10-20 06:49:07','2025-10-20 06:49:07',NULL,NULL),(293,113,'ORD-15955423',1175.23,26.58,0.00,1201.81,'returned','USD',1.000000,1201.81,3,'unpaid',NULL,92,'Id dolorum ut perferendis id qui dignissimos.',NULL,NULL,'2025-10-20 06:49:07','2025-10-20 06:49:07',NULL,NULL),(294,113,'ORD-55010220',1201.66,41.19,0.00,1242.85,'assigned_to_shipper','USD',1.000000,1242.85,3,'failed',NULL,92,'Aut iusto animi laborum similique sapiente.',NULL,NULL,'2025-10-20 06:49:07','2025-10-20 06:49:07',NULL,NULL),(295,113,'ORD-7949773',1650.53,14.12,0.00,1664.65,'completed','USD',1.000000,1664.65,3,'refunded',NULL,92,'Officia qui laudantium molestiae.',NULL,NULL,'2025-10-20 06:49:07','2025-10-20 06:49:07',NULL,NULL),(296,114,'ORD-63583573',1275.87,15.76,0.00,1291.63,'returned','USD',1.000000,1291.63,2,'refunded',NULL,93,'Enim perferendis doloremque minus est.',NULL,NULL,'2025-10-20 06:49:07','2025-10-20 06:49:07',NULL,NULL),(297,114,'ORD-19219115',435.57,26.48,0.00,462.05,'delivered','USD',1.000000,462.05,3,'paid',NULL,93,'Asperiores recusandae ullam illum natus ut.',NULL,NULL,'2025-10-20 06:49:07','2025-10-20 06:49:07',NULL,NULL),(298,114,'ORD-30437806',1165.98,14.43,0.00,1180.41,'completed','USD',1.000000,1180.41,2,'unpaid',NULL,93,'Debitis adipisci ex nisi voluptatum a.',NULL,NULL,'2025-10-20 06:49:07','2025-10-20 06:49:07',NULL,NULL),(299,115,'ORD-39773240',886.50,38.58,0.00,925.08,'delivering','USD',1.000000,925.08,2,'paid',NULL,94,'Quod corporis veritatis ea sed et modi et.',NULL,NULL,'2025-10-20 06:49:07','2025-10-20 06:49:07',NULL,NULL),(300,115,'ORD-61765338',1068.52,8.60,0.00,1077.12,'pending_confirmation','USD',1.000000,1077.12,1,'paid',NULL,94,'Quas molestiae consequuntur aliquam assumenda illo quos qui.',NULL,NULL,'2025-10-20 06:49:07','2025-10-20 06:49:07',NULL,NULL),(301,115,'ORD-75334619',281.33,38.04,0.00,319.37,'processing','USD',1.000000,319.37,2,'failed',NULL,94,'Ut aut blanditiis iste dolorum eum.',NULL,NULL,'2025-10-20 06:49:07','2025-10-20 06:49:07',NULL,NULL),(302,116,'ORD-41251431',880.92,44.19,0.00,925.11,'delivered','USD',1.000000,925.11,1,'failed',NULL,95,'Sint impedit sapiente aut et.',NULL,NULL,'2025-10-20 06:49:07','2025-10-20 06:49:07',NULL,NULL),(303,116,'ORD-69930083',1244.77,16.55,0.00,1261.32,'delivered','USD',1.000000,1261.32,2,'refunded',NULL,95,'Enim quis adipisci ex qui est sit sequi laboriosam.',NULL,NULL,'2025-10-20 06:49:07','2025-10-20 06:49:07',NULL,NULL),(304,116,'ORD-73603745',279.92,23.91,0.00,303.83,'returned','USD',1.000000,303.83,3,'failed',NULL,95,'Qui consequuntur ut et ratione deserunt.',NULL,NULL,'2025-10-20 06:49:07','2025-10-20 06:49:07',NULL,NULL),(305,117,'ORD-10746246',545.13,14.69,0.00,559.82,'returned','USD',1.000000,559.82,3,'unpaid',NULL,96,'Voluptatem illo officiis et ab ad.',NULL,NULL,'2025-10-20 06:49:07','2025-10-20 06:49:07',NULL,NULL),(306,117,'ORD-27278593',290.96,11.12,0.00,302.08,'delivering','USD',1.000000,302.08,1,'unpaid',NULL,96,'Ratione iusto voluptas harum ullam veniam beatae.',NULL,NULL,'2025-10-20 06:49:07','2025-10-20 06:49:07',NULL,NULL),(307,118,'ORD-14190299',1135.32,6.19,0.00,1141.51,'assigned_to_shipper','USD',1.000000,1141.51,3,'refunded',NULL,97,'Corporis assumenda rem aspernatur possimus.',NULL,NULL,'2025-10-20 06:49:07','2025-10-20 06:49:07',NULL,NULL),(308,118,'ORD-12348538',1693.35,37.61,0.00,1730.96,'pending_confirmation','USD',1.000000,1730.96,1,'unpaid',NULL,97,'Ipsa perferendis excepturi repudiandae.',NULL,NULL,'2025-10-20 06:49:07','2025-10-20 06:49:07',NULL,NULL),(309,119,'ORD-99457551',72.84,39.61,0.00,112.45,'processing','USD',1.000000,112.45,1,'failed',NULL,98,'Tempora dolorem in voluptatem velit aspernatur et aspernatur quaerat.',NULL,NULL,'2025-10-20 06:49:07','2025-10-20 06:49:07',NULL,NULL),(310,119,'ORD-14577814',173.10,7.87,0.00,180.97,'completed','USD',1.000000,180.97,3,'refunded',NULL,98,'Facere eum ipsum enim quibusdam et.',NULL,NULL,'2025-10-20 06:49:07','2025-10-20 06:49:07',NULL,NULL),(311,119,'ORD-35371265',580.76,33.91,0.00,614.67,'pending_assignment','USD',1.000000,614.67,1,'refunded',NULL,98,'Eius at modi corporis rerum quos ex illo saepe.',NULL,NULL,'2025-10-20 06:49:07','2025-10-20 06:49:07',NULL,NULL),(312,120,'ORD-89837553',1882.68,29.37,0.00,1912.05,'delivered','USD',1.000000,1912.05,3,'refunded',NULL,99,'Sunt voluptas ipsa quam quia.',NULL,NULL,'2025-10-20 06:49:07','2025-10-20 06:49:07',NULL,NULL),(313,120,'ORD-3976346',243.36,31.34,0.00,274.70,'completed','USD',1.000000,274.70,1,'failed',NULL,99,'Vero esse est in suscipit eaque nisi quo.',NULL,NULL,'2025-10-20 06:49:07','2025-10-20 06:49:07',NULL,NULL),(314,120,'ORD-83637907',661.78,17.18,0.00,678.96,'assigned_to_shipper','USD',1.000000,678.96,2,'paid',NULL,99,'Dolorem sapiente occaecati quasi iure sint et.',NULL,NULL,'2025-10-20 06:49:07','2025-10-20 06:49:07',NULL,NULL),(315,120,'ORD-87478210',1354.88,44.68,0.00,1399.56,'pending_confirmation','USD',1.000000,1399.56,1,'paid',NULL,99,'Quibusdam at quia accusantium numquam velit explicabo amet quia.',NULL,NULL,'2025-10-20 06:49:07','2025-10-20 06:49:07',NULL,NULL),(316,120,'ORD-28387588',755.41,42.30,0.00,797.71,'assigned_to_shipper','USD',1.000000,797.71,1,'refunded',NULL,99,'Cum nostrum ipsam voluptatem at.',NULL,NULL,'2025-10-20 06:49:07','2025-10-20 06:49:07',NULL,NULL),(317,121,'ORD-93304857',1852.70,29.52,0.00,1882.22,'assigned_to_shipper','USD',1.000000,1882.22,2,'unpaid',NULL,100,'Saepe dolorum voluptates neque perspiciatis quae quas explicabo.',NULL,NULL,'2025-10-20 06:49:07','2025-10-20 06:49:07',NULL,NULL),(318,121,'ORD-10805749',1724.57,29.45,0.00,1754.02,'delivering','USD',1.000000,1754.02,2,'paid',NULL,100,'Quae repudiandae quos eum ea nostrum ipsam.',NULL,NULL,'2025-10-20 06:49:07','2025-10-20 06:49:07',NULL,NULL);
/*!40000 ALTER TABLE `orders` ENABLE KEYS */;
UNLOCK TABLES;

--
-- Table structure for table `password_reset_tokens`
--

DROP TABLE IF EXISTS `password_reset_tokens`;
/*!40101 SET @saved_cs_client     = @@character_set_client */;
/*!50503 SET character_set_client = utf8mb4 */;
CREATE TABLE `password_reset_tokens` (
  `email` varchar(255) NOT NULL,
  `token` varchar(255) NOT NULL,
  `created_at` timestamp NULL DEFAULT NULL,
  PRIMARY KEY (`email`)
) ENGINE=InnoDB DEFAULT CHARSET=utf8mb4 COLLATE=utf8mb4_unicode_ci;
/*!40101 SET character_set_client = @saved_cs_client */;

--
-- Dumping data for table `password_reset_tokens`
--

LOCK TABLES `password_reset_tokens` WRITE;
/*!40000 ALTER TABLE `password_reset_tokens` DISABLE KEYS */;
/*!40000 ALTER TABLE `password_reset_tokens` ENABLE KEYS */;
UNLOCK TABLES;

--
-- Table structure for table `permission_role`
--

DROP TABLE IF EXISTS `permission_role`;
/*!40101 SET @saved_cs_client     = @@character_set_client */;
/*!50503 SET character_set_client = utf8mb4 */;
CREATE TABLE `permission_role` (
  `permission_id` bigint(20) unsigned NOT NULL,
  `role_id` bigint(20) unsigned NOT NULL,
  PRIMARY KEY (`permission_id`,`role_id`),
  KEY `permission_role_role_id_foreign` (`role_id`),
  CONSTRAINT `permission_role_permission_id_foreign` FOREIGN KEY (`permission_id`) REFERENCES `permissions` (`id`) ON DELETE CASCADE,
  CONSTRAINT `permission_role_role_id_foreign` FOREIGN KEY (`role_id`) REFERENCES `roles` (`id`) ON DELETE CASCADE
) ENGINE=InnoDB DEFAULT CHARSET=utf8mb4 COLLATE=utf8mb4_unicode_ci;
/*!40101 SET character_set_client = @saved_cs_client */;

--
-- Dumping data for table `permission_role`
--

LOCK TABLES `permission_role` WRITE;
/*!40000 ALTER TABLE `permission_role` DISABLE KEYS */;
INSERT INTO `permission_role` VALUES (1,1),(2,1),(3,1),(4,1),(5,1),(6,1),(6,2),(7,1),(7,2),(8,1),(8,2),(9,1),(9,2),(10,1),(10,2),(11,1),(11,2),(12,1),(12,2),(13,1),(13,2),(14,1),(15,1),(16,1),(16,2),(17,1),(18,1),(19,1);
/*!40000 ALTER TABLE `permission_role` ENABLE KEYS */;
UNLOCK TABLES;

--
-- Table structure for table `permissions`
--

DROP TABLE IF EXISTS `permissions`;
/*!40101 SET @saved_cs_client     = @@character_set_client */;
/*!50503 SET character_set_client = utf8mb4 */;
CREATE TABLE `permissions` (
  `id` bigint(20) unsigned NOT NULL AUTO_INCREMENT,
  `name` varchar(255) NOT NULL,
  `description` varchar(255) DEFAULT NULL,
  `created_at` timestamp NULL DEFAULT NULL,
  `updated_at` timestamp NULL DEFAULT NULL,
  PRIMARY KEY (`id`),
  UNIQUE KEY `permissions_name_unique` (`name`)
) ENGINE=InnoDB AUTO_INCREMENT=20 DEFAULT CHARSET=utf8mb4 COLLATE=utf8mb4_unicode_ci;
/*!40101 SET character_set_client = @saved_cs_client */;

--
-- Dumping data for table `permissions`
--

LOCK TABLES `permissions` WRITE;
/*!40000 ALTER TABLE `permissions` DISABLE KEYS */;
INSERT INTO `permissions` VALUES (1,'manage_users',NULL,'2025-10-20 06:49:02','2025-10-20 06:49:02'),(2,'view_users',NULL,'2025-10-20 06:49:02','2025-10-20 06:49:02'),(3,'create_users',NULL,'2025-10-20 06:49:02','2025-10-20 06:49:02'),(4,'edit_users',NULL,'2025-10-20 06:49:02','2025-10-20 06:49:02'),(5,'delete_users',NULL,'2025-10-20 06:49:02','2025-10-20 06:49:02'),(6,'manage_products',NULL,'2025-10-20 06:49:02','2025-10-20 06:49:02'),(7,'view_products',NULL,'2025-10-20 06:49:02','2025-10-20 06:49:02'),(8,'create_products',NULL,'2025-10-20 06:49:02','2025-10-20 06:49:02'),(9,'edit_products',NULL,'2025-10-20 06:49:02','2025-10-20 06:49:02'),(10,'delete_products',NULL,'2025-10-20 06:49:02','2025-10-20 06:49:02'),(11,'manage_orders',NULL,'2025-10-20 06:49:02','2025-10-20 06:49:02'),(12,'view_orders',NULL,'2025-10-20 06:49:02','2025-10-20 06:49:02'),(13,'edit_orders',NULL,'2025-10-20 06:49:02','2025-10-20 06:49:02'),(14,'manage_categories',NULL,'2025-10-20 06:49:02','2025-10-20 06:49:02'),(15,'manage_brands',NULL,'2025-10-20 06:49:02','2025-10-20 06:49:02'),(16,'view_dashboard',NULL,'2025-10-20 06:49:02','2025-10-20 06:49:02'),(17,'manage_settings',NULL,'2025-10-20 06:49:02','2025-10-20 06:49:02'),(18,'manage_promotions',NULL,'2025-10-20 06:49:02','2025-10-20 06:49:02'),(19,'manage_disputes',NULL,'2025-10-20 06:49:02','2025-10-20 06:49:02');
/*!40000 ALTER TABLE `permissions` ENABLE KEYS */;
UNLOCK TABLES;

--
-- Table structure for table `product_answers`
--

DROP TABLE IF EXISTS `product_answers`;
/*!40101 SET @saved_cs_client     = @@character_set_client */;
/*!50503 SET character_set_client = utf8mb4 */;
CREATE TABLE `product_answers` (
  `id` bigint(20) unsigned NOT NULL AUTO_INCREMENT,
  `question_id` bigint(20) unsigned NOT NULL,
  `user_id` bigint(20) unsigned NOT NULL,
  `answer` text NOT NULL,
  `user_type` enum('customer','seller','admin') NOT NULL DEFAULT 'customer',
  `is_verified` tinyint(1) NOT NULL DEFAULT 0,
  `is_anonymous` tinyint(1) NOT NULL DEFAULT 0,
  `helpful_count` int(10) unsigned NOT NULL DEFAULT 0,
  `not_helpful_count` int(10) unsigned NOT NULL DEFAULT 0,
  `is_best_answer` tinyint(1) NOT NULL DEFAULT 0,
  `metadata` longtext CHARACTER SET utf8mb4 COLLATE utf8mb4_bin DEFAULT NULL CHECK (json_valid(`metadata`)),
  `created_at` timestamp NULL DEFAULT NULL,
  `updated_at` timestamp NULL DEFAULT NULL,
  PRIMARY KEY (`id`),
  UNIQUE KEY `unique_best_answer` (`question_id`),
  KEY `product_answers_question_id_is_best_answer_helpful_count_index` (`question_id`,`is_best_answer`,`helpful_count`),
  KEY `product_answers_user_id_user_type_index` (`user_id`,`user_type`),
  KEY `product_answers_is_verified_helpful_count_index` (`is_verified`,`helpful_count`),
  CONSTRAINT `product_answers_question_id_foreign` FOREIGN KEY (`question_id`) REFERENCES `product_questions` (`id`) ON DELETE CASCADE,
  CONSTRAINT `product_answers_user_id_foreign` FOREIGN KEY (`user_id`) REFERENCES `users` (`id`) ON DELETE CASCADE
) ENGINE=InnoDB DEFAULT CHARSET=utf8mb4 COLLATE=utf8mb4_unicode_ci;
/*!40101 SET character_set_client = @saved_cs_client */;

--
-- Dumping data for table `product_answers`
--

LOCK TABLES `product_answers` WRITE;
/*!40000 ALTER TABLE `product_answers` DISABLE KEYS */;
/*!40000 ALTER TABLE `product_answers` ENABLE KEYS */;
UNLOCK TABLES;

--
-- Table structure for table `product_images`
--

DROP TABLE IF EXISTS `product_images`;
/*!40101 SET @saved_cs_client     = @@character_set_client */;
/*!50503 SET character_set_client = utf8mb4 */;
CREATE TABLE `product_images` (
  `image_id` bigint(20) unsigned NOT NULL AUTO_INCREMENT,
  `product_id` bigint(20) unsigned NOT NULL,
  `image_url` varchar(500) NOT NULL,
  `alt_text` varchar(200) DEFAULT NULL,
  `is_primary` tinyint(1) NOT NULL DEFAULT 0,
  `display_order` int(11) NOT NULL DEFAULT 0,
  `created_at` timestamp NULL DEFAULT NULL,
  `updated_at` timestamp NULL DEFAULT NULL,
  PRIMARY KEY (`image_id`),
  KEY `product_images_product_id_foreign` (`product_id`),
  CONSTRAINT `product_images_product_id_foreign` FOREIGN KEY (`product_id`) REFERENCES `products` (`product_id`) ON DELETE CASCADE
) ENGINE=InnoDB AUTO_INCREMENT=396 DEFAULT CHARSET=utf8mb4 COLLATE=utf8mb4_unicode_ci;
/*!40101 SET character_set_client = @saved_cs_client */;

--
-- Dumping data for table `product_images`
--

LOCK TABLES `product_images` WRITE;
/*!40000 ALTER TABLE `product_images` DISABLE KEYS */;
INSERT INTO `product_images` VALUES (1,1,'https://picsum.photos/seed/9ac76a81-2bf0-3dda-bbb0-39dcfa097a54/800/800','Necessitatibus et ut ea.',1,2,'2025-10-20 06:49:03','2025-10-20 06:49:03'),(2,1,'https://picsum.photos/seed/7a8ae9e4-565b-3963-bc96-017eeab65b0e/800/800','Rerum aut sunt.',0,9,'2025-10-20 06:49:03','2025-10-20 06:49:03'),(3,1,'https://picsum.photos/seed/b8b87ee6-c829-32ba-8acd-d898dc246e17/800/800','Qui accusamus placeat velit.',0,9,'2025-10-20 06:49:03','2025-10-20 06:49:03'),(4,1,'https://picsum.photos/seed/aa8cb966-e7bf-35f6-99ec-98e95141d526/800/800','A a.',0,5,'2025-10-20 06:49:03','2025-10-20 06:49:03'),(5,2,'https://picsum.photos/seed/d11f2cdb-e184-3a82-b200-33affdc65e56/800/800','Odit quos eius veritatis enim.',1,1,'2025-10-20 06:49:03','2025-10-20 06:49:03'),(6,2,'https://picsum.photos/seed/b419c97a-4c69-325c-be36-92390359cd04/800/800','Non optio ut ut.',0,9,'2025-10-20 06:49:03','2025-10-20 06:49:03'),(7,2,'https://picsum.photos/seed/0ab23b1e-4371-37dd-a4fe-09519a534e15/800/800','Incidunt harum eos.',0,8,'2025-10-20 06:49:03','2025-10-20 06:49:03'),(8,2,'https://picsum.photos/seed/5ed609c1-3c8b-3527-ba8e-8e4d396ec912/800/800','Necessitatibus officia ipsam vel.',0,10,'2025-10-20 06:49:03','2025-10-20 06:49:03'),(9,3,'https://picsum.photos/seed/3f103048-635d-338a-bdfb-9fdd0e8e3a30/800/800','Aut saepe voluptatem in et.',1,1,'2025-10-20 06:49:03','2025-10-20 06:49:03'),(10,3,'https://picsum.photos/seed/eb01905c-446c-3621-ab68-069d4e172751/800/800','Est ducimus ut aliquam sit.',0,8,'2025-10-20 06:49:03','2025-10-20 06:49:03'),(11,3,'https://picsum.photos/seed/41285f51-f0f8-37a8-917d-3a657443f7f7/800/800','Error eos et dolorum.',0,4,'2025-10-20 06:49:03','2025-10-20 06:49:03'),(12,3,'https://picsum.photos/seed/6ad1be69-8267-37cd-a707-c1022f6d9fb9/800/800','Nihil et et doloremque.',0,6,'2025-10-20 06:49:03','2025-10-20 06:49:03'),(13,4,'https://picsum.photos/seed/3bbdb76b-9613-3edb-934b-0bff826d2e1e/800/800','Inventore omnis distinctio.',1,10,'2025-10-20 06:49:03','2025-10-20 06:49:03'),(14,4,'https://picsum.photos/seed/0ee42c32-1909-32be-8e77-263a76995ddc/800/800','Voluptatibus eaque nihil.',0,6,'2025-10-20 06:49:03','2025-10-20 06:49:03'),(15,4,'https://picsum.photos/seed/d8340e10-ec45-3f85-9958-1c37962f96f5/800/800','Sed sunt ut.',0,5,'2025-10-20 06:49:03','2025-10-20 06:49:03'),(16,4,'https://picsum.photos/seed/b6742831-3be1-32bf-b85a-261d6fea4bf7/800/800','Assumenda vel quia.',0,1,'2025-10-20 06:49:03','2025-10-20 06:49:03'),(17,5,'https://picsum.photos/seed/d5fba1d1-581f-3fcc-86b0-0db2e61a83d1/800/800','Autem eligendi velit alias.',1,9,'2025-10-20 06:49:03','2025-10-20 06:49:03'),(18,5,'https://picsum.photos/seed/53eb44cb-28da-34c1-8c02-9d2252f8c433/800/800','Quia eaque sit.',0,2,'2025-10-20 06:49:03','2025-10-20 06:49:03'),(19,5,'https://picsum.photos/seed/2c327d0b-ba87-3e88-8ace-b5d17e4ec90b/800/800','Commodi nam et nesciunt.',0,3,'2025-10-20 06:49:03','2025-10-20 06:49:03'),(20,6,'https://picsum.photos/seed/d2269ade-e909-3cbc-ba22-1b0254298eb7/800/800','Nihil voluptatem maiores.',1,5,'2025-10-20 06:49:03','2025-10-20 06:49:03'),(21,6,'https://picsum.photos/seed/16d067a7-7212-3468-8c9b-70360a688a68/800/800','Id nihil ducimus.',0,5,'2025-10-20 06:49:03','2025-10-20 06:49:03'),(22,6,'https://picsum.photos/seed/eb6e8774-95bf-3c24-a616-0e704689c99f/800/800','Commodi odio ut.',0,9,'2025-10-20 06:49:03','2025-10-20 06:49:03'),(23,7,'https://picsum.photos/seed/79f9a2bc-0495-38d1-9f04-8b5c187c0d61/800/800','Nihil veritatis non nisi.',1,5,'2025-10-20 06:49:03','2025-10-20 06:49:03'),(24,7,'https://picsum.photos/seed/a9a00bfe-1c7c-3233-85e4-785fd112505b/800/800','Et beatae atque vitae.',0,10,'2025-10-20 06:49:03','2025-10-20 06:49:03'),(25,7,'https://picsum.photos/seed/8233e350-e4b5-3ab8-b46f-a9a7e50c5922/800/800','Est magni consectetur nobis.',0,6,'2025-10-20 06:49:03','2025-10-20 06:49:03'),(26,8,'https://picsum.photos/seed/2e7c0e30-26c8-3daf-b37d-df6836018219/800/800','Nobis commodi porro.',1,8,'2025-10-20 06:49:03','2025-10-20 06:49:03'),(27,8,'https://picsum.photos/seed/31e16399-a125-32d1-88dd-9203cdb9ade9/800/800','Magni enim iusto dolorem.',0,8,'2025-10-20 06:49:03','2025-10-20 06:49:03'),(28,8,'https://picsum.photos/seed/02f10f11-b2fd-3853-9cfc-b0a31415983e/800/800','Ducimus consectetur voluptatem voluptates.',0,9,'2025-10-20 06:49:03','2025-10-20 06:49:03'),(29,8,'https://picsum.photos/seed/ed549be1-93b6-3c2b-8446-047615805d99/800/800','Laborum et quae.',0,4,'2025-10-20 06:49:03','2025-10-20 06:49:03'),(30,9,'https://picsum.photos/seed/054b8e43-f91d-3e5b-b8ae-fffd61d163bd/800/800','Sed qui doloribus exercitationem exercitationem.',1,6,'2025-10-20 06:49:03','2025-10-20 06:49:03'),(31,9,'https://picsum.photos/seed/931f481d-81d0-3657-b2db-61f9dca3e260/800/800','Sit ea.',0,3,'2025-10-20 06:49:03','2025-10-20 06:49:03'),(32,9,'https://picsum.photos/seed/7305b6be-adae-34f4-ba1a-3ba433575c1f/800/800','Ex et eaque aspernatur.',0,2,'2025-10-20 06:49:03','2025-10-20 06:49:03'),(33,10,'https://picsum.photos/seed/bc419a51-234d-3aca-af99-8a79fd8d220c/800/800','Nulla maxime ullam.',1,9,'2025-10-20 06:49:04','2025-10-20 06:49:04'),(34,10,'https://picsum.photos/seed/2c8b9090-5837-3161-9093-94e21870c5b9/800/800','Ipsam voluptate consequatur tempora.',0,3,'2025-10-20 06:49:04','2025-10-20 06:49:04'),(35,10,'https://picsum.photos/seed/bf72d6e5-995d-31ac-bd4a-b4816bc81f09/800/800','Asperiores dolor sunt.',0,4,'2025-10-20 06:49:04','2025-10-20 06:49:04'),(36,10,'https://picsum.photos/seed/2f01365c-ae58-3751-b08f-176f3687889d/800/800','Cumque esse est.',0,5,'2025-10-20 06:49:04','2025-10-20 06:49:04'),(37,11,'https://picsum.photos/seed/76c6b2fb-8563-3bdf-9752-301616cd721c/800/800','Velit esse ut quae.',1,2,'2025-10-20 06:49:04','2025-10-20 06:49:04'),(38,11,'https://picsum.photos/seed/45dec498-0561-38b7-b0af-de69e5291af5/800/800','Adipisci ut debitis.',0,5,'2025-10-20 06:49:04','2025-10-20 06:49:04'),(39,11,'https://picsum.photos/seed/24301d0e-90ea-3da6-8f07-0c5609623dcb/800/800','Ratione eius qui.',0,4,'2025-10-20 06:49:04','2025-10-20 06:49:04'),(40,12,'https://picsum.photos/seed/511eaa12-54b7-3476-a4af-9317ad28942b/800/800','Voluptatem totam ab provident.',1,1,'2025-10-20 06:49:04','2025-10-20 06:49:04'),(41,12,'https://picsum.photos/seed/ed1719e3-9701-3b4c-96fe-60c4a2c48dd9/800/800','Culpa doloribus tempore ut.',0,4,'2025-10-20 06:49:04','2025-10-20 06:49:04'),(42,12,'https://picsum.photos/seed/5320390f-e38a-3d42-af82-0bbfe3ecdf28/800/800','Odit consequatur rerum.',0,7,'2025-10-20 06:49:04','2025-10-20 06:49:04'),(43,13,'https://picsum.photos/seed/f621318f-fcee-39e6-9695-073f7566e2a3/800/800','Accusamus natus atque.',1,10,'2025-10-20 06:49:04','2025-10-20 06:49:04'),(44,13,'https://picsum.photos/seed/4c95f11d-ee2b-3d77-af63-56eb710fed2d/800/800','Illo omnis est accusantium.',0,8,'2025-10-20 06:49:04','2025-10-20 06:49:04'),(45,13,'https://picsum.photos/seed/dfeab713-ba60-3d18-89d1-051e78cf72e9/800/800','Molestiae sint minus illo.',0,4,'2025-10-20 06:49:04','2025-10-20 06:49:04'),(46,13,'https://picsum.photos/seed/44ae8364-a013-35af-8de5-d56cce8071e8/800/800','Sint et ut possimus.',0,9,'2025-10-20 06:49:04','2025-10-20 06:49:04'),(47,13,'https://picsum.photos/seed/b8de3136-d821-327a-b83a-4aa3e49d72ad/800/800','Ea et rerum.',0,5,'2025-10-20 06:49:04','2025-10-20 06:49:04'),(48,14,'https://picsum.photos/seed/8871bad5-df82-351c-872b-997cad1c9f8e/800/800','Maiores et animi molestias.',1,5,'2025-10-20 06:49:04','2025-10-20 06:49:04'),(49,14,'https://picsum.photos/seed/1009dbc2-1f1d-3eb2-b1b6-66123f957642/800/800','Rerum non expedita et.',0,5,'2025-10-20 06:49:04','2025-10-20 06:49:04'),(50,14,'https://picsum.photos/seed/05c4af98-0fd2-342c-8632-8394664f008d/800/800','Sint delectus voluptatum vero.',0,8,'2025-10-20 06:49:04','2025-10-20 06:49:04'),(51,14,'https://picsum.photos/seed/66ffe070-50c3-3f19-80f5-ea4467e4af88/800/800','Sed voluptate alias aut.',0,1,'2025-10-20 06:49:04','2025-10-20 06:49:04'),(52,14,'https://picsum.photos/seed/44d2107b-069b-3d1a-91fc-42a1fcbb97d7/800/800','Iusto dicta dolores inventore explicabo.',0,4,'2025-10-20 06:49:04','2025-10-20 06:49:04'),(53,15,'https://picsum.photos/seed/5493e9f1-c07e-380d-8d59-574f7941ef62/800/800','Optio eligendi et nobis nemo.',1,1,'2025-10-20 06:49:04','2025-10-20 06:49:04'),(54,15,'https://picsum.photos/seed/cd0b6134-79f5-3f01-aa1b-bcce15b2e07a/800/800','Magnam est quia.',0,6,'2025-10-20 06:49:04','2025-10-20 06:49:04'),(55,15,'https://picsum.photos/seed/2b40cdd9-0ddb-330c-8c7c-9f7f6e1b4a97/800/800','Placeat quia autem error.',0,1,'2025-10-20 06:49:04','2025-10-20 06:49:04'),(56,15,'https://picsum.photos/seed/37dfe9da-ef1d-3e13-acc1-c4e62600b191/800/800','Est tenetur illum.',0,5,'2025-10-20 06:49:04','2025-10-20 06:49:04'),(57,16,'https://picsum.photos/seed/cb06ffef-ec6d-383c-8a76-6b9f8e4bbde5/800/800','Mollitia explicabo omnis.',1,3,'2025-10-20 06:49:04','2025-10-20 06:49:04'),(58,16,'https://picsum.photos/seed/63d2c8cc-d923-355c-8f46-bed6598e497e/800/800','Excepturi id earum porro.',0,7,'2025-10-20 06:49:04','2025-10-20 06:49:04'),(59,16,'https://picsum.photos/seed/d966805c-7914-3492-8c6f-02051f285eba/800/800','Voluptate earum nesciunt.',0,7,'2025-10-20 06:49:04','2025-10-20 06:49:04'),(60,16,'https://picsum.photos/seed/9a8c5e4d-fec5-3254-810e-8cba05c6c5d7/800/800','Eligendi quidem earum.',0,9,'2025-10-20 06:49:04','2025-10-20 06:49:04'),(61,17,'https://picsum.photos/seed/60d2121d-c26e-3224-945f-524b367f9d6c/800/800','Quia voluptatem quis atque.',1,10,'2025-10-20 06:49:04','2025-10-20 06:49:04'),(62,17,'https://picsum.photos/seed/dcf12515-34a3-3fcb-a595-918231bf2433/800/800','Dolores rerum magnam.',0,9,'2025-10-20 06:49:04','2025-10-20 06:49:04'),(63,17,'https://picsum.photos/seed/2abec22b-2fe4-3cd8-b340-f1928c039e6d/800/800','Libero aut ut.',0,8,'2025-10-20 06:49:04','2025-10-20 06:49:04'),(64,17,'https://picsum.photos/seed/cc36d1f8-7832-3cfb-bd0a-b7990a8ec0ec/800/800','Mollitia laborum dolorem veniam.',0,4,'2025-10-20 06:49:04','2025-10-20 06:49:04'),(65,17,'https://picsum.photos/seed/527aa316-213c-31a2-9d2c-a8b0383e7c7d/800/800','Qui qui ut voluptates.',0,9,'2025-10-20 06:49:04','2025-10-20 06:49:04'),(66,18,'https://picsum.photos/seed/7866a025-b277-34c9-a364-526bf72358e0/800/800','Beatae non blanditiis.',1,10,'2025-10-20 06:49:04','2025-10-20 06:49:04'),(67,18,'https://picsum.photos/seed/b9d1c93d-434d-3414-88cc-75f920f7e182/800/800','Ipsa et error.',0,8,'2025-10-20 06:49:04','2025-10-20 06:49:04'),(68,18,'https://picsum.photos/seed/203c8721-2d1c-30e5-a138-0d6e5d2e31d2/800/800','Ea non in.',0,9,'2025-10-20 06:49:04','2025-10-20 06:49:04'),(69,18,'https://picsum.photos/seed/07561136-f796-3cca-8b3f-61ae841abcd4/800/800','Laborum autem tenetur.',0,4,'2025-10-20 06:49:04','2025-10-20 06:49:04'),(70,19,'https://picsum.photos/seed/5c5890e9-3e4b-3f7e-9be4-870d49f2f4f8/800/800','Laboriosam nam iure omnis.',1,6,'2025-10-20 06:49:04','2025-10-20 06:49:04'),(71,19,'https://picsum.photos/seed/defebc64-fce3-37cd-97af-6cde8bf68e88/800/800','In qui quasi.',0,2,'2025-10-20 06:49:04','2025-10-20 06:49:04'),(72,19,'https://picsum.photos/seed/1f531257-9116-31d0-bde8-127c15b622db/800/800','Sit enim facilis.',0,2,'2025-10-20 06:49:04','2025-10-20 06:49:04'),(73,19,'https://picsum.photos/seed/2042f5d1-4919-34e5-8919-81e0d2d635e3/800/800','Voluptas eligendi enim enim.',0,4,'2025-10-20 06:49:04','2025-10-20 06:49:04'),(74,20,'https://picsum.photos/seed/26082643-a0b0-31ea-b277-b4478337c7e0/800/800','Numquam consequatur ut.',1,2,'2025-10-20 06:49:04','2025-10-20 06:49:04'),(75,20,'https://picsum.photos/seed/82be1753-0dde-3349-8a91-c8ad0c9bf381/800/800','Aut quod voluptatem.',0,6,'2025-10-20 06:49:04','2025-10-20 06:49:04'),(76,20,'https://picsum.photos/seed/8b5ac128-e800-3f29-82a7-bfd0702ae13f/800/800','Id quos porro.',0,8,'2025-10-20 06:49:04','2025-10-20 06:49:04'),(77,20,'https://picsum.photos/seed/7b6abc70-6265-37b9-b6e2-747e1dfcca90/800/800','Et exercitationem enim.',0,6,'2025-10-20 06:49:04','2025-10-20 06:49:04'),(78,21,'https://picsum.photos/seed/68037d1e-b850-32ce-9e9e-cabd5187bcbd/800/800','Omnis dolor hic.',1,5,'2025-10-20 06:49:04','2025-10-20 06:49:04'),(79,21,'https://picsum.photos/seed/46db1048-8e02-3914-b5a1-80773b62b02c/800/800','Cum perspiciatis et.',0,1,'2025-10-20 06:49:04','2025-10-20 06:49:04'),(80,21,'https://picsum.photos/seed/c395017c-b97e-374e-b34e-aa5412963473/800/800','Aut quia debitis voluptatem.',0,4,'2025-10-20 06:49:04','2025-10-20 06:49:04'),(81,21,'https://picsum.photos/seed/1c4af61b-ba82-34e8-a6d0-8d01295a6c18/800/800','Consequatur ut reprehenderit sit aliquam.',0,5,'2025-10-20 06:49:04','2025-10-20 06:49:04'),(82,21,'https://picsum.photos/seed/07967cb4-419a-3af9-908c-edd7a13d3628/800/800','Dolor adipisci.',0,5,'2025-10-20 06:49:04','2025-10-20 06:49:04'),(83,22,'https://picsum.photos/seed/767ac86d-f0d1-3d23-b662-d615c8c2ce6c/800/800','Sunt reprehenderit voluptatem.',1,3,'2025-10-20 06:49:04','2025-10-20 06:49:04'),(84,22,'https://picsum.photos/seed/a0dbd66e-bab1-3891-841c-0fdd4c8259fc/800/800','Et ipsam rem aliquam.',0,3,'2025-10-20 06:49:04','2025-10-20 06:49:04'),(85,22,'https://picsum.photos/seed/dd3feb0a-321a-3d94-aec8-fd8b385f95f3/800/800','Non sed nihil debitis aliquid.',0,8,'2025-10-20 06:49:04','2025-10-20 06:49:04'),(86,22,'https://picsum.photos/seed/3f6b6dbe-8878-352f-a25a-9e9539910027/800/800','Quam qui culpa quos.',0,3,'2025-10-20 06:49:04','2025-10-20 06:49:04'),(87,23,'https://picsum.photos/seed/8eef2e0a-f903-36af-94c9-ef9fcc00ee8c/800/800','Placeat nisi et.',1,7,'2025-10-20 06:49:04','2025-10-20 06:49:04'),(88,23,'https://picsum.photos/seed/fa89c07b-a75c-30a3-bd2f-6d2fcf267c0a/800/800','Et suscipit molestiae.',0,5,'2025-10-20 06:49:04','2025-10-20 06:49:04'),(89,23,'https://picsum.photos/seed/4b275fb9-21dc-3bc0-8c8f-3cc0612a05ac/800/800','Sequi autem repudiandae.',0,1,'2025-10-20 06:49:04','2025-10-20 06:49:04'),(90,23,'https://picsum.photos/seed/800e698e-c7f6-3a74-94b2-cb5aac1a5a77/800/800','Culpa fuga architecto alias.',0,1,'2025-10-20 06:49:04','2025-10-20 06:49:04'),(91,23,'https://picsum.photos/seed/58ddccf6-c43e-33c0-bd05-0bdef3d6f382/800/800','Aut magnam nihil harum.',0,10,'2025-10-20 06:49:04','2025-10-20 06:49:04'),(92,24,'https://picsum.photos/seed/b636847c-18d9-3b04-845e-d640698d3c2a/800/800','Ab sint debitis ea distinctio.',1,4,'2025-10-20 06:49:04','2025-10-20 06:49:04'),(93,24,'https://picsum.photos/seed/b3a4ad33-d677-3058-a559-e2b055a29ea4/800/800','Corrupti odit ut.',0,9,'2025-10-20 06:49:04','2025-10-20 06:49:04'),(94,24,'https://picsum.photos/seed/e0f96661-4bbd-39ca-870f-4690aacf970f/800/800','Veritatis reiciendis rem dolorem.',0,6,'2025-10-20 06:49:04','2025-10-20 06:49:04'),(95,25,'https://picsum.photos/seed/1285127b-6902-32a6-aee7-9ca43960ff5d/800/800','Ut dolores suscipit aliquam amet.',1,4,'2025-10-20 06:49:04','2025-10-20 06:49:04'),(96,25,'https://picsum.photos/seed/7611061d-0f3e-3a06-8e1c-4452ce68daab/800/800','Similique fuga tempore ducimus.',0,6,'2025-10-20 06:49:04','2025-10-20 06:49:04'),(97,25,'https://picsum.photos/seed/80c0e4fb-5b69-357a-a7cc-19b2efdc33b1/800/800','Non nisi ducimus.',0,9,'2025-10-20 06:49:04','2025-10-20 06:49:04'),(98,26,'https://picsum.photos/seed/9eaa4614-d893-3796-8ebb-d5800fae427e/800/800','Accusantium nihil aspernatur est.',1,4,'2025-10-20 06:49:04','2025-10-20 06:49:04'),(99,26,'https://picsum.photos/seed/dc084aab-ce9b-3d58-b5ba-5b45e24c2dde/800/800','Quo sunt qui voluptatem.',0,4,'2025-10-20 06:49:04','2025-10-20 06:49:04'),(100,26,'https://picsum.photos/seed/429901d7-96fc-3c15-842a-d378b5968698/800/800','Quibusdam placeat architecto alias.',0,9,'2025-10-20 06:49:04','2025-10-20 06:49:04'),(101,26,'https://picsum.photos/seed/356f52fb-78d4-364b-bc01-87bd22b77f99/800/800','Autem et enim.',0,8,'2025-10-20 06:49:04','2025-10-20 06:49:04'),(102,26,'https://picsum.photos/seed/c98fcdd5-93aa-39ae-b4db-3fae632ba628/800/800','Velit iusto voluptates suscipit.',0,6,'2025-10-20 06:49:04','2025-10-20 06:49:04'),(103,27,'https://picsum.photos/seed/f3ee0645-8d8b-3a2c-842a-a7f450d87ee9/800/800','Eius rerum quasi.',1,2,'2025-10-20 06:49:04','2025-10-20 06:49:04'),(104,27,'https://picsum.photos/seed/d010f059-f063-36c5-aa43-50fa8c51c2a9/800/800','Accusantium sed expedita dicta.',0,6,'2025-10-20 06:49:04','2025-10-20 06:49:04'),(105,27,'https://picsum.photos/seed/c12f5015-d733-368a-a422-99cd810a287e/800/800','Ullam optio vitae.',0,9,'2025-10-20 06:49:04','2025-10-20 06:49:04'),(106,27,'https://picsum.photos/seed/77c6d34c-b999-3e6b-8878-9f868e357461/800/800','Nesciunt eaque repudiandae.',0,5,'2025-10-20 06:49:04','2025-10-20 06:49:04'),(107,27,'https://picsum.photos/seed/cc861d46-2cfb-3077-b69b-d49ad0d7cf99/800/800','Ea laborum est.',0,9,'2025-10-20 06:49:04','2025-10-20 06:49:04'),(108,28,'https://picsum.photos/seed/25e2903d-cf30-3b92-bde1-891e672186b7/800/800','Possimus cupiditate cumque explicabo.',1,1,'2025-10-20 06:49:04','2025-10-20 06:49:04'),(109,28,'https://picsum.photos/seed/0baf9ac2-a18b-3735-a6e8-e57ff7b067e2/800/800','Aut porro consequatur.',0,1,'2025-10-20 06:49:04','2025-10-20 06:49:04'),(110,28,'https://picsum.photos/seed/ca921c4e-3081-3c03-b537-d5eeaf5be5c0/800/800','In ad distinctio omnis eum.',0,10,'2025-10-20 06:49:04','2025-10-20 06:49:04'),(111,28,'https://picsum.photos/seed/955b8489-713a-3e77-a72e-a5a6838b0260/800/800','Non voluptatem dicta rem.',0,8,'2025-10-20 06:49:04','2025-10-20 06:49:04'),(112,28,'https://picsum.photos/seed/a107bf5c-9455-33bc-a1c0-227df2fdadfe/800/800','Dignissimos qui quis error optio.',0,10,'2025-10-20 06:49:04','2025-10-20 06:49:04'),(113,29,'https://picsum.photos/seed/1482fdd0-337d-3c0b-8438-f018a26b770f/800/800','Molestiae consectetur voluptatibus.',1,8,'2025-10-20 06:49:04','2025-10-20 06:49:04'),(114,29,'https://picsum.photos/seed/f30bbbc7-b2e8-3261-b921-7d2ac90c1a71/800/800','Est eos quia error.',0,7,'2025-10-20 06:49:04','2025-10-20 06:49:04'),(115,29,'https://picsum.photos/seed/ad1f105c-dcf6-301a-b445-b28fbff0cabf/800/800','Quia reprehenderit similique.',0,8,'2025-10-20 06:49:04','2025-10-20 06:49:04'),(116,30,'https://picsum.photos/seed/5e9226e5-d2a6-385e-8320-11f24d8b0211/800/800','Repudiandae similique.',1,9,'2025-10-20 06:49:04','2025-10-20 06:49:04'),(117,30,'https://picsum.photos/seed/55e3d97b-6539-3a94-aaa4-52d239e8dde1/800/800','Voluptatem minus omnis ullam.',0,1,'2025-10-20 06:49:04','2025-10-20 06:49:04'),(118,30,'https://picsum.photos/seed/03a92eb8-c7f9-3af2-b745-7ac7eeab62c4/800/800','Incidunt ratione iste.',0,9,'2025-10-20 06:49:04','2025-10-20 06:49:04'),(119,31,'https://picsum.photos/seed/3560f811-8d52-3ed6-b220-22952f92aba2/800/800','Eveniet est quis quisquam.',1,7,'2025-10-20 06:49:04','2025-10-20 06:49:04'),(120,31,'https://picsum.photos/seed/48ffa74d-f62b-3897-b86a-4cd79b90a1ff/800/800','Animi quaerat vel.',0,7,'2025-10-20 06:49:04','2025-10-20 06:49:04'),(121,31,'https://picsum.photos/seed/71e1330b-4256-370c-8aad-283f5cc70a92/800/800','Tempore recusandae cum incidunt.',0,6,'2025-10-20 06:49:04','2025-10-20 06:49:04'),(122,32,'https://picsum.photos/seed/0f3fc5d1-15f2-3147-9544-4b9b733a93d1/800/800','Maxime ex enim.',1,1,'2025-10-20 06:49:04','2025-10-20 06:49:04'),(123,32,'https://picsum.photos/seed/fdbf4881-7e17-371a-bf26-debba11b016d/800/800','Eos ut qui.',0,9,'2025-10-20 06:49:04','2025-10-20 06:49:04'),(124,32,'https://picsum.photos/seed/fd8cf125-e636-3ab6-94ec-5021e7648c58/800/800','Eum fugit ducimus ut.',0,1,'2025-10-20 06:49:04','2025-10-20 06:49:04'),(125,32,'https://picsum.photos/seed/1641a5ba-fbca-37a0-909c-93640eed23fe/800/800','Qui omnis vel ab voluptate.',0,8,'2025-10-20 06:49:04','2025-10-20 06:49:04'),(126,32,'https://picsum.photos/seed/6e76f0cb-75ca-3945-bee1-e4f01f9db8de/800/800','Dolorum dolores est dolores.',0,4,'2025-10-20 06:49:04','2025-10-20 06:49:04'),(127,33,'https://picsum.photos/seed/0ce6eb33-4b93-37d0-be80-c80d03583004/800/800','Qui voluptates quos distinctio fugit.',1,3,'2025-10-20 06:49:04','2025-10-20 06:49:04'),(128,33,'https://picsum.photos/seed/29cc7679-1e6c-33ea-99dc-95a5b0ef529e/800/800','Rerum et voluptatem.',0,8,'2025-10-20 06:49:04','2025-10-20 06:49:04'),(129,33,'https://picsum.photos/seed/efaf95ce-5677-337b-92f1-aad6f213c732/800/800','Sit dicta est.',0,2,'2025-10-20 06:49:04','2025-10-20 06:49:04'),(130,34,'https://picsum.photos/seed/d680ca24-1622-3134-a590-3d79f9a6fad3/800/800','Accusamus beatae assumenda.',1,3,'2025-10-20 06:49:04','2025-10-20 06:49:04'),(131,34,'https://picsum.photos/seed/f603af9b-8ed5-3174-ba7e-92a5b4457f9e/800/800','Dolorem asperiores sint.',0,2,'2025-10-20 06:49:04','2025-10-20 06:49:04'),(132,34,'https://picsum.photos/seed/d007e0eb-68c6-3b90-8e92-362ead5804ff/800/800','Incidunt maiores ex autem.',0,3,'2025-10-20 06:49:04','2025-10-20 06:49:04'),(133,35,'https://picsum.photos/seed/64698439-ac08-36bb-b881-7237cf1938f7/800/800','Aut sed necessitatibus.',1,5,'2025-10-20 06:49:04','2025-10-20 06:49:04'),(134,35,'https://picsum.photos/seed/833db62d-4ff9-39cf-9999-5a0adeb4f62a/800/800','Suscipit rem.',0,5,'2025-10-20 06:49:04','2025-10-20 06:49:04'),(135,35,'https://picsum.photos/seed/696f8158-57dd-31ea-b1d2-729cd620b732/800/800','Nulla repudiandae tempora quo.',0,2,'2025-10-20 06:49:04','2025-10-20 06:49:04'),(136,36,'https://picsum.photos/seed/132beba7-a22d-3c55-9c6c-14b6d26ed558/800/800','Vitae similique consequatur dolor.',1,7,'2025-10-20 06:49:04','2025-10-20 06:49:04'),(137,36,'https://picsum.photos/seed/84fc4a25-746c-350a-b37f-ad4871db4fdf/800/800','Corrupti distinctio nam quod.',0,3,'2025-10-20 06:49:04','2025-10-20 06:49:04'),(138,36,'https://picsum.photos/seed/bd833184-f08b-3eb3-baa5-23bb3e826d26/800/800','Deserunt earum non porro.',0,1,'2025-10-20 06:49:04','2025-10-20 06:49:04'),(139,36,'https://picsum.photos/seed/d16764e4-9cfb-3483-accb-1193f3e2b460/800/800','Ut aliquid.',0,8,'2025-10-20 06:49:04','2025-10-20 06:49:04'),(140,37,'https://picsum.photos/seed/d1912b0e-a22b-3511-afd8-5dd191a267f3/800/800','Sit nisi quis voluptatem error.',1,2,'2025-10-20 06:49:04','2025-10-20 06:49:04'),(141,37,'https://picsum.photos/seed/f65f80d0-1f9e-3848-b669-b3240f9e5e27/800/800','Et nisi minima nihil ab.',0,3,'2025-10-20 06:49:04','2025-10-20 06:49:04'),(142,37,'https://picsum.photos/seed/62751887-383b-39fb-9fca-57ef03859be7/800/800','Beatae libero molestiae.',0,5,'2025-10-20 06:49:04','2025-10-20 06:49:04'),(143,37,'https://picsum.photos/seed/5a036166-2c7f-3d1f-8813-457f2e49034f/800/800','Ratione libero repellendus.',0,9,'2025-10-20 06:49:04','2025-10-20 06:49:04'),(144,37,'https://picsum.photos/seed/7651201a-f131-350f-a415-a24c55f45c40/800/800','Provident sint vel.',0,10,'2025-10-20 06:49:04','2025-10-20 06:49:04'),(145,38,'https://picsum.photos/seed/08c28308-9ad9-3229-a643-e75085aafb90/800/800','Rerum non numquam rem in.',1,8,'2025-10-20 06:49:04','2025-10-20 06:49:04'),(146,38,'https://picsum.photos/seed/22084461-8248-3c0a-ac53-210dd88d6dae/800/800','Consequuntur ut.',0,4,'2025-10-20 06:49:04','2025-10-20 06:49:04'),(147,38,'https://picsum.photos/seed/8396fe1b-d3c9-3327-99f2-76713294b9f3/800/800','Pariatur dolores suscipit itaque quia.',0,10,'2025-10-20 06:49:04','2025-10-20 06:49:04'),(148,39,'https://picsum.photos/seed/9bd05409-79a6-34ae-9be6-21f35ca9de29/800/800','Quaerat deleniti id quibusdam.',1,3,'2025-10-20 06:49:04','2025-10-20 06:49:04'),(149,39,'https://picsum.photos/seed/bfe725bd-03a7-3aac-9395-7217dc25bdf4/800/800','Ut praesentium.',0,1,'2025-10-20 06:49:04','2025-10-20 06:49:04'),(150,39,'https://picsum.photos/seed/43ae8b9a-c66c-3ad5-9b15-188fb9066c9c/800/800','Sequi molestiae autem.',0,3,'2025-10-20 06:49:04','2025-10-20 06:49:04'),(151,39,'https://picsum.photos/seed/3a0db7d6-8bea-32d7-9efc-b33cad483992/800/800','Accusantium voluptas quae quidem.',0,9,'2025-10-20 06:49:04','2025-10-20 06:49:04'),(152,40,'https://picsum.photos/seed/b6ee7e71-e805-3eed-b63d-d5d031eaed33/800/800','Sunt libero qui earum.',1,2,'2025-10-20 06:49:04','2025-10-20 06:49:04'),(153,40,'https://picsum.photos/seed/2ebc36cf-2dcd-3237-9871-464fe2557f8a/800/800','Nemo itaque sapiente.',0,1,'2025-10-20 06:49:04','2025-10-20 06:49:04'),(154,40,'https://picsum.photos/seed/4880dc80-0afe-31ea-a357-b565d069b14d/800/800','Reprehenderit vel consequuntur.',0,4,'2025-10-20 06:49:04','2025-10-20 06:49:04'),(155,40,'https://picsum.photos/seed/65ead8b4-ead5-3ee6-a3c6-0bc0fb906219/800/800','Distinctio sit sed ea.',0,10,'2025-10-20 06:49:04','2025-10-20 06:49:04'),(156,41,'https://picsum.photos/seed/861046cf-68c6-3e08-ae5e-2c4c4c24d11e/800/800','Assumenda quis soluta.',1,7,'2025-10-20 06:49:04','2025-10-20 06:49:04'),(157,41,'https://picsum.photos/seed/b6ba3c0c-43a6-3c8d-aa3d-17a254d4a4f0/800/800','Ut sed provident quisquam.',0,8,'2025-10-20 06:49:04','2025-10-20 06:49:04'),(158,41,'https://picsum.photos/seed/cd218455-e7d8-340b-81ef-670770a4c3bd/800/800','Incidunt porro aut.',0,4,'2025-10-20 06:49:04','2025-10-20 06:49:04'),(159,41,'https://picsum.photos/seed/8736a9c5-97f3-3f1f-b397-a2673a69bacf/800/800','Dignissimos aperiam quos.',0,1,'2025-10-20 06:49:04','2025-10-20 06:49:04'),(160,41,'https://picsum.photos/seed/98da0de7-c3ca-33ef-b116-eb88639fb137/800/800','Nulla cumque quis.',0,8,'2025-10-20 06:49:04','2025-10-20 06:49:04'),(161,42,'https://picsum.photos/seed/befa205b-21be-34d3-a723-dd6a7a221b78/800/800','Occaecati consequatur dolorem.',1,10,'2025-10-20 06:49:04','2025-10-20 06:49:04'),(162,42,'https://picsum.photos/seed/91ba6303-9b56-3672-9e87-581b06c24867/800/800','Voluptatum dolor placeat.',0,3,'2025-10-20 06:49:04','2025-10-20 06:49:04'),(163,42,'https://picsum.photos/seed/55ac4797-8f36-3043-b6a4-4ef1b4b759c1/800/800','Eaque molestiae quo.',0,5,'2025-10-20 06:49:04','2025-10-20 06:49:04'),(164,43,'https://picsum.photos/seed/0191a696-edaf-3390-9e50-7228b17b2a10/800/800','Aut consequatur iste.',1,5,'2025-10-20 06:49:04','2025-10-20 06:49:04'),(165,43,'https://picsum.photos/seed/4c0c29d6-628e-3b7e-9e6a-54699c428821/800/800','Ullam velit quia enim.',0,10,'2025-10-20 06:49:04','2025-10-20 06:49:04'),(166,43,'https://picsum.photos/seed/a65c23f9-4b81-3784-968c-a293662f6507/800/800','Modi perspiciatis aut corrupti.',0,4,'2025-10-20 06:49:04','2025-10-20 06:49:04'),(167,43,'https://picsum.photos/seed/217ebe59-d725-3767-90d7-16d276143d41/800/800','Dolorum voluptatibus vel dignissimos.',0,7,'2025-10-20 06:49:04','2025-10-20 06:49:04'),(168,43,'https://picsum.photos/seed/8b2561b3-3c29-3f9d-839d-d431a4a95617/800/800','Maxime qui numquam.',0,10,'2025-10-20 06:49:04','2025-10-20 06:49:04'),(169,44,'https://picsum.photos/seed/166a8aab-8514-3af2-84ab-c60179b8b5d2/800/800','Impedit numquam omnis.',1,2,'2025-10-20 06:49:04','2025-10-20 06:49:04'),(170,44,'https://picsum.photos/seed/a60b4d41-ca8a-341a-96e5-ca071363f77e/800/800','Sed quis.',0,8,'2025-10-20 06:49:04','2025-10-20 06:49:04'),(171,44,'https://picsum.photos/seed/2875fcbd-2f83-3b8d-8e52-f1d915d11f9b/800/800','Facere cumque ea optio.',0,3,'2025-10-20 06:49:04','2025-10-20 06:49:04'),(172,44,'https://picsum.photos/seed/cd875547-1fa7-3978-907e-2ae58803224a/800/800','Sunt enim officia eum quod.',0,4,'2025-10-20 06:49:04','2025-10-20 06:49:04'),(173,44,'https://picsum.photos/seed/a3af28e0-4df1-39e1-ae2a-36e2424d0822/800/800','Fugit commodi aperiam alias recusandae.',0,5,'2025-10-20 06:49:04','2025-10-20 06:49:04'),(174,45,'https://picsum.photos/seed/13c2ac9f-f341-36b6-ab3d-95fca1b5f4c5/800/800','Vitae laboriosam qui.',1,7,'2025-10-20 06:49:04','2025-10-20 06:49:04'),(175,45,'https://picsum.photos/seed/91183369-a7f2-31c1-8420-251f8cf397b2/800/800','Dolorum est.',0,7,'2025-10-20 06:49:04','2025-10-20 06:49:04'),(176,45,'https://picsum.photos/seed/26e4bde7-bcaf-3f92-b71c-7b611d96c8ef/800/800','Sit explicabo.',0,7,'2025-10-20 06:49:04','2025-10-20 06:49:04'),(177,45,'https://picsum.photos/seed/b90204fa-03c0-38c3-8bd5-28d70df5254c/800/800','Assumenda distinctio numquam est.',0,10,'2025-10-20 06:49:04','2025-10-20 06:49:04'),(178,46,'https://picsum.photos/seed/04daef4e-efd4-365e-ad14-850a14d929d4/800/800','Cum rerum provident.',1,3,'2025-10-20 06:49:04','2025-10-20 06:49:04'),(179,46,'https://picsum.photos/seed/3b1d5f8a-bf9e-326f-bf23-b042bac9a478/800/800','Reiciendis deleniti.',0,10,'2025-10-20 06:49:04','2025-10-20 06:49:04'),(180,46,'https://picsum.photos/seed/612612c5-0665-351e-8332-7f98bbda2f56/800/800','Et sint veritatis tenetur.',0,4,'2025-10-20 06:49:04','2025-10-20 06:49:04'),(181,46,'https://picsum.photos/seed/20249440-d6aa-3efc-94d3-8ea00e0bb79c/800/800','Accusamus voluptate magni.',0,8,'2025-10-20 06:49:04','2025-10-20 06:49:04'),(182,47,'https://picsum.photos/seed/48843dce-ee7f-332f-a437-3f071596e6c0/800/800','Facere dolores non et.',1,1,'2025-10-20 06:49:04','2025-10-20 06:49:04'),(183,47,'https://picsum.photos/seed/79654bbe-4cce-3211-bf16-0568d81e9aeb/800/800','Cupiditate explicabo.',0,7,'2025-10-20 06:49:04','2025-10-20 06:49:04'),(184,47,'https://picsum.photos/seed/a501770c-a5bb-38e5-afc2-149fae1c3b93/800/800','Commodi doloremque voluptate.',0,9,'2025-10-20 06:49:04','2025-10-20 06:49:04'),(185,47,'https://picsum.photos/seed/5a76a3bf-c764-3abd-b93f-b6975d4b05e8/800/800','Rerum asperiores aut.',0,8,'2025-10-20 06:49:04','2025-10-20 06:49:04'),(186,48,'https://picsum.photos/seed/7cc08561-f127-3c00-bed8-9e87fb7910f5/800/800','Rem voluptatem aperiam.',1,6,'2025-10-20 06:49:04','2025-10-20 06:49:04'),(187,48,'https://picsum.photos/seed/bf4460ad-63d2-3364-be64-2f435d3871aa/800/800','Voluptatum tenetur deleniti.',0,8,'2025-10-20 06:49:04','2025-10-20 06:49:04'),(188,48,'https://picsum.photos/seed/ac4bfe31-63fa-3efa-b4c3-bbb2898e455c/800/800','Velit aut est tenetur.',0,6,'2025-10-20 06:49:04','2025-10-20 06:49:04'),(189,48,'https://picsum.photos/seed/fe86c772-9990-382a-b704-23d81da86a5e/800/800','Deserunt voluptatem repellat.',0,6,'2025-10-20 06:49:04','2025-10-20 06:49:04'),(190,48,'https://picsum.photos/seed/255e94ce-32d4-35af-a563-a02d7fada612/800/800','Facere neque voluptas.',0,5,'2025-10-20 06:49:04','2025-10-20 06:49:04'),(191,49,'https://picsum.photos/seed/c9422d05-a904-3e1a-8c02-7df2108a2269/800/800','Dolorum fugiat quis tempore.',1,3,'2025-10-20 06:49:04','2025-10-20 06:49:04'),(192,49,'https://picsum.photos/seed/710a5a9b-4111-3d17-b8a6-725bca821522/800/800','Quod eveniet consequatur eligendi ducimus.',0,4,'2025-10-20 06:49:04','2025-10-20 06:49:04'),(193,49,'https://picsum.photos/seed/22a7f502-ef5e-3bd3-a03b-dfb6d761099f/800/800','Beatae delectus.',0,5,'2025-10-20 06:49:04','2025-10-20 06:49:04'),(194,49,'https://picsum.photos/seed/05b0dc8e-8b24-3d12-9cb2-552e97c24e31/800/800','Cumque mollitia tempore error.',0,2,'2025-10-20 06:49:04','2025-10-20 06:49:04'),(195,49,'https://picsum.photos/seed/2ec0cc77-63ab-37ca-a40b-79dfb06ba8ce/800/800','Eos est explicabo.',0,6,'2025-10-20 06:49:04','2025-10-20 06:49:04'),(196,50,'https://picsum.photos/seed/43c8db52-6753-3edf-8620-c7fd4197b43f/800/800','Mollitia modi sunt placeat.',1,1,'2025-10-20 06:49:04','2025-10-20 06:49:04'),(197,50,'https://picsum.photos/seed/d9892035-f544-3cf6-bf14-3689b5849ba8/800/800','Blanditiis iste eos inventore eos.',0,4,'2025-10-20 06:49:04','2025-10-20 06:49:04'),(198,50,'https://picsum.photos/seed/dff237fa-34b6-3905-9ab8-6298f4f12503/800/800','Et voluptatum quibusdam qui.',0,8,'2025-10-20 06:49:04','2025-10-20 06:49:04'),(199,50,'https://picsum.photos/seed/d9901e1e-1688-3cbf-b6a6-41448f0fc104/800/800','Vel quasi quisquam.',0,10,'2025-10-20 06:49:04','2025-10-20 06:49:04'),(200,50,'https://picsum.photos/seed/a24e2c20-cef4-3c73-aaad-9f0a93712508/800/800','Unde perferendis ex.',0,3,'2025-10-20 06:49:04','2025-10-20 06:49:04'),(201,51,'https://picsum.photos/seed/85270109-aed7-3f39-8eb3-fe38162a7bde/800/800','Voluptatibus alias amet.',1,6,'2025-10-20 06:49:04','2025-10-20 06:49:04'),(202,51,'https://picsum.photos/seed/c816da1e-57d1-3dbd-bdea-28aa3157f214/800/800','Totam velit.',0,10,'2025-10-20 06:49:04','2025-10-20 06:49:04'),(203,51,'https://picsum.photos/seed/63e42bb4-491c-3663-8a04-ccbeedcea4e0/800/800','Praesentium dolores et est.',0,9,'2025-10-20 06:49:04','2025-10-20 06:49:04'),(204,52,'https://picsum.photos/seed/7715f306-d294-32c2-8428-a7c9a1400808/800/800','Quasi sed necessitatibus praesentium.',1,8,'2025-10-20 06:49:04','2025-10-20 06:49:04'),(205,52,'https://picsum.photos/seed/97947395-7078-30ed-a836-6d2373e8a48c/800/800','Nostrum illo velit.',0,2,'2025-10-20 06:49:04','2025-10-20 06:49:04'),(206,52,'https://picsum.photos/seed/f517a5e0-0f14-34f8-ab1e-1b9e88bc3584/800/800','Doloribus eaque et voluptas.',0,5,'2025-10-20 06:49:04','2025-10-20 06:49:04'),(207,52,'https://picsum.photos/seed/cdec6921-b301-3640-a232-5722e03033aa/800/800','Quis similique cumque.',0,5,'2025-10-20 06:49:04','2025-10-20 06:49:04'),(208,53,'https://picsum.photos/seed/3097487e-15e3-32b2-8803-24d5b4e693b7/800/800','Numquam consequatur est.',1,8,'2025-10-20 06:49:04','2025-10-20 06:49:04'),(209,53,'https://picsum.photos/seed/c2e38968-c9a2-3a4a-a810-f243ac793961/800/800','Ut hic et.',0,3,'2025-10-20 06:49:04','2025-10-20 06:49:04'),(210,53,'https://picsum.photos/seed/23e92ecc-79fc-351c-8681-dd3c33d5abc2/800/800','Eum eum rerum expedita.',0,3,'2025-10-20 06:49:04','2025-10-20 06:49:04'),(211,54,'https://picsum.photos/seed/af570c23-de92-3ba3-93c1-255cac99104c/800/800','Eaque atque aliquid.',1,3,'2025-10-20 06:49:04','2025-10-20 06:49:04'),(212,54,'https://picsum.photos/seed/1b4732dc-270c-3184-871c-751fad346e4b/800/800','Impedit earum itaque.',0,9,'2025-10-20 06:49:04','2025-10-20 06:49:04'),(213,54,'https://picsum.photos/seed/c5cd6ff0-dd3d-3dc8-ae1a-e2e660cad9a1/800/800','Nobis perspiciatis animi culpa.',0,1,'2025-10-20 06:49:04','2025-10-20 06:49:04'),(214,54,'https://picsum.photos/seed/c914868d-0a8b-3b2c-8736-df7e6d16e1c4/800/800','Nemo omnis earum.',0,1,'2025-10-20 06:49:04','2025-10-20 06:49:04'),(215,55,'https://picsum.photos/seed/dea0e007-718a-37f8-9c9f-360c48271606/800/800','Accusantium quia consequatur qui.',1,9,'2025-10-20 06:49:04','2025-10-20 06:49:04'),(216,55,'https://picsum.photos/seed/ff04fc50-ab81-39de-8599-e234c05606a8/800/800','Ab aut inventore.',0,5,'2025-10-20 06:49:04','2025-10-20 06:49:04'),(217,55,'https://picsum.photos/seed/9f077f20-97c0-3755-a1e1-f9db46a6d5c7/800/800','Reiciendis blanditiis sed.',0,5,'2025-10-20 06:49:04','2025-10-20 06:49:04'),(218,55,'https://picsum.photos/seed/562af844-8703-3ef6-8b9a-5cd334b2130c/800/800','Deserunt ex odit.',0,7,'2025-10-20 06:49:04','2025-10-20 06:49:04'),(219,55,'https://picsum.photos/seed/db5a5266-09f0-3e4c-a92e-0c25f6c8fb89/800/800','Et quod recusandae.',0,1,'2025-10-20 06:49:04','2025-10-20 06:49:04'),(220,56,'https://picsum.photos/seed/3fb58e3a-34fe-3d04-ae78-6c0561559b5e/800/800','Possimus fuga sequi.',1,10,'2025-10-20 06:49:04','2025-10-20 06:49:04'),(221,56,'https://picsum.photos/seed/af8d817a-d633-3ff8-93d9-abb7bacdf0e2/800/800','Nihil eum nobis rem.',0,9,'2025-10-20 06:49:04','2025-10-20 06:49:04'),(222,56,'https://picsum.photos/seed/464220a8-e81a-30a3-9c47-e96de3964210/800/800','Fugit suscipit esse tempore.',0,8,'2025-10-20 06:49:04','2025-10-20 06:49:04'),(223,56,'https://picsum.photos/seed/ba3b85f1-31dd-33d8-b841-e909e5324b87/800/800','Libero sunt maiores.',0,8,'2025-10-20 06:49:04','2025-10-20 06:49:04'),(224,56,'https://picsum.photos/seed/626583cb-1a52-3bb9-b948-814886647fbc/800/800','Sunt mollitia cum rerum.',0,4,'2025-10-20 06:49:04','2025-10-20 06:49:04'),(225,57,'https://picsum.photos/seed/25500788-64d5-388e-b3dd-4b3e7e27478c/800/800','Laboriosam suscipit asperiores.',1,9,'2025-10-20 06:49:04','2025-10-20 06:49:04'),(226,57,'https://picsum.photos/seed/f4aba792-fced-39eb-8080-d7f0f344745b/800/800','Pariatur nihil ut.',0,7,'2025-10-20 06:49:04','2025-10-20 06:49:04'),(227,57,'https://picsum.photos/seed/427ee9b4-252d-3020-be4a-a6afc4191661/800/800','Ullam rerum perferendis.',0,8,'2025-10-20 06:49:04','2025-10-20 06:49:04'),(228,58,'https://picsum.photos/seed/d756639e-95ee-352a-9d31-a0628ffc8f89/800/800','Occaecati adipisci et.',1,9,'2025-10-20 06:49:04','2025-10-20 06:49:04'),(229,58,'https://picsum.photos/seed/a4821334-c1f4-3cda-bca8-eb7020e21f38/800/800','Rerum totam provident.',0,2,'2025-10-20 06:49:04','2025-10-20 06:49:04'),(230,58,'https://picsum.photos/seed/ad3e0a15-0197-3d6f-b080-2c6d115907c8/800/800','Aut magnam reprehenderit.',0,10,'2025-10-20 06:49:04','2025-10-20 06:49:04'),(231,58,'https://picsum.photos/seed/527f060e-3d8f-385b-8677-f2c35f6f2127/800/800','Veritatis quia qui.',0,10,'2025-10-20 06:49:04','2025-10-20 06:49:04'),(232,59,'https://picsum.photos/seed/a0cb1b85-c67a-3087-a7e0-a0ac25c0cc90/800/800','Nihil est itaque.',1,9,'2025-10-20 06:49:04','2025-10-20 06:49:04'),(233,59,'https://picsum.photos/seed/fcb7d77c-bfd0-3db3-b7d0-34e218313268/800/800','Vitae ea ducimus voluptatum.',0,1,'2025-10-20 06:49:04','2025-10-20 06:49:04'),(234,59,'https://picsum.photos/seed/104dedad-4850-3058-bf8b-6ddbdc9a951d/800/800','Et sit commodi velit.',0,1,'2025-10-20 06:49:04','2025-10-20 06:49:04'),(235,59,'https://picsum.photos/seed/1415f72d-4adc-3b41-98b2-c7bb991e3f3a/800/800','Dicta et natus.',0,1,'2025-10-20 06:49:04','2025-10-20 06:49:04'),(236,60,'https://picsum.photos/seed/cdf53d85-b108-3a07-9086-bdb2a0a9e6d1/800/800','Nesciunt labore consectetur.',1,7,'2025-10-20 06:49:04','2025-10-20 06:49:04'),(237,60,'https://picsum.photos/seed/b5252f07-dabe-3e78-9eb6-fdf50c32bc8c/800/800','Consequatur molestias tempore.',0,4,'2025-10-20 06:49:04','2025-10-20 06:49:04'),(238,60,'https://picsum.photos/seed/4becd92d-8668-3542-a3ce-15e73bea7e5d/800/800','Quibusdam ut repellendus illo.',0,3,'2025-10-20 06:49:04','2025-10-20 06:49:04'),(239,61,'https://picsum.photos/seed/0721545e-3c5d-3b3c-b455-1258744bbe0f/800/800','Rerum corporis quo tempore.',1,8,'2025-10-20 06:49:04','2025-10-20 06:49:04'),(240,61,'https://picsum.photos/seed/9ee81162-50e7-3910-8a14-2de57d9bc48d/800/800','Exercitationem odit eos nihil consequatur.',0,1,'2025-10-20 06:49:04','2025-10-20 06:49:04'),(241,61,'https://picsum.photos/seed/92388903-241d-38c0-b8e3-56a19fa74a41/800/800','Suscipit aut maiores non.',0,6,'2025-10-20 06:49:04','2025-10-20 06:49:04'),(242,61,'https://picsum.photos/seed/8e2e7eaf-c083-3191-9df1-b0f391f9a3b0/800/800','Molestiae in ipsam.',0,3,'2025-10-20 06:49:04','2025-10-20 06:49:04'),(243,62,'https://picsum.photos/seed/0a0dbd33-dcda-363a-b7c1-ac5d98956008/800/800','Temporibus numquam dolores assumenda.',1,3,'2025-10-20 06:49:04','2025-10-20 06:49:04'),(244,62,'https://picsum.photos/seed/1f6b9362-88d8-3e99-b91c-7ce05ced2c31/800/800','Sit earum.',0,8,'2025-10-20 06:49:04','2025-10-20 06:49:04'),(245,62,'https://picsum.photos/seed/1be27bb3-35ea-392c-a621-97e5289d946d/800/800','Reiciendis nostrum asperiores animi.',0,7,'2025-10-20 06:49:04','2025-10-20 06:49:04'),(246,62,'https://picsum.photos/seed/ef6a78a7-28d2-3f70-b841-39292cf053d2/800/800','Cum ullam sequi.',0,3,'2025-10-20 06:49:04','2025-10-20 06:49:04'),(247,63,'https://picsum.photos/seed/4531df56-9d37-30f1-8412-514bba775165/800/800','Quasi maiores corporis aut.',1,6,'2025-10-20 06:49:04','2025-10-20 06:49:04'),(248,63,'https://picsum.photos/seed/078b73b3-9ffa-3c1a-9fd3-403e247eb686/800/800','Doloribus quia voluptatum.',0,2,'2025-10-20 06:49:04','2025-10-20 06:49:04'),(249,63,'https://picsum.photos/seed/08afb83d-7f40-3b63-942a-85ebbb4d0626/800/800','Voluptatem consectetur saepe.',0,10,'2025-10-20 06:49:04','2025-10-20 06:49:04'),(250,63,'https://picsum.photos/seed/1f7171bd-2305-3d65-beec-64da7e6cf6cd/800/800','Sed aut.',0,3,'2025-10-20 06:49:04','2025-10-20 06:49:04'),(251,63,'https://picsum.photos/seed/f90a6d28-945e-3a5a-9f46-435b29113308/800/800','Autem dicta.',0,6,'2025-10-20 06:49:04','2025-10-20 06:49:04'),(252,64,'https://picsum.photos/seed/09a1dabb-2086-30cc-8490-3db7e16f3871/800/800','Quia aspernatur.',1,5,'2025-10-20 06:49:04','2025-10-20 06:49:04'),(253,64,'https://picsum.photos/seed/a5614d0f-bff8-3011-a67a-ad3bb651ba9e/800/800','Ipsum corrupti officia.',0,5,'2025-10-20 06:49:04','2025-10-20 06:49:04'),(254,64,'https://picsum.photos/seed/6156dfcc-fc2b-32c8-a808-05c58b5d769c/800/800','Vel qui accusamus saepe.',0,6,'2025-10-20 06:49:04','2025-10-20 06:49:04'),(255,64,'https://picsum.photos/seed/72f0cb63-1f38-355f-945a-c5722c9df605/800/800','Sapiente et necessitatibus.',0,10,'2025-10-20 06:49:04','2025-10-20 06:49:04'),(256,64,'https://picsum.photos/seed/ab4f1fc3-d835-351d-b1a2-503b89651734/800/800','Laudantium nihil saepe vero.',0,10,'2025-10-20 06:49:04','2025-10-20 06:49:04'),(257,65,'https://picsum.photos/seed/0c4b09e7-d9a4-3647-b859-b8b2eb0bde7a/800/800','Vero qui harum excepturi.',1,7,'2025-10-20 06:49:04','2025-10-20 06:49:04'),(258,65,'https://picsum.photos/seed/ddf96ecc-5470-3e44-ab8c-08cd1d7ef5f4/800/800','Incidunt voluptas commodi.',0,5,'2025-10-20 06:49:04','2025-10-20 06:49:04'),(259,65,'https://picsum.photos/seed/a396796e-d813-376e-8651-86b9195f0334/800/800','Earum est qui eum.',0,10,'2025-10-20 06:49:04','2025-10-20 06:49:04'),(260,65,'https://picsum.photos/seed/21453873-1a5a-30af-bb9b-e813f0e4bda7/800/800','Beatae rerum vero.',0,2,'2025-10-20 06:49:04','2025-10-20 06:49:04'),(261,65,'https://picsum.photos/seed/ce07dde3-c22c-3a86-9a5b-cdab4623eedc/800/800','Consequatur recusandae sapiente perspiciatis.',0,7,'2025-10-20 06:49:04','2025-10-20 06:49:04'),(262,66,'https://picsum.photos/seed/b54b12f8-28e4-3b99-9c69-bfb26b98da74/800/800','Sapiente voluptatum aut.',1,10,'2025-10-20 06:49:04','2025-10-20 06:49:04'),(263,66,'https://picsum.photos/seed/a68dd816-285a-3633-a288-f6fa37fc70c8/800/800','Aut minus velit.',0,1,'2025-10-20 06:49:04','2025-10-20 06:49:04'),(264,66,'https://picsum.photos/seed/9aa12f0d-64c3-30e5-8a0d-e1017d180ae9/800/800','Voluptas mollitia et.',0,2,'2025-10-20 06:49:04','2025-10-20 06:49:04'),(265,66,'https://picsum.photos/seed/49bba5e2-ae40-3579-8ed7-4e61ea15c860/800/800','Ullam error laboriosam repellendus.',0,2,'2025-10-20 06:49:04','2025-10-20 06:49:04'),(266,67,'https://picsum.photos/seed/5ef4ffe1-b727-3ecb-bd62-4cfd01ccbba5/800/800','Consequuntur et et rerum.',1,1,'2025-10-20 06:49:04','2025-10-20 06:49:04'),(267,67,'https://picsum.photos/seed/1f8a46f7-94cf-3456-905e-5b603ef84225/800/800','Sed asperiores quas.',0,3,'2025-10-20 06:49:04','2025-10-20 06:49:04'),(268,67,'https://picsum.photos/seed/74529b6e-230e-3ae9-b455-ff86f840ee62/800/800','Debitis similique reiciendis.',0,8,'2025-10-20 06:49:04','2025-10-20 06:49:04'),(269,67,'https://picsum.photos/seed/cbf14ae5-0eed-37e4-bc81-14700d51a25c/800/800','Consequuntur sunt nobis.',0,8,'2025-10-20 06:49:04','2025-10-20 06:49:04'),(270,68,'https://picsum.photos/seed/4ea18dd4-7993-3991-9af0-cb9c0cfa97c0/800/800','Quia dolor odio.',1,2,'2025-10-20 06:49:04','2025-10-20 06:49:05'),(271,68,'https://picsum.photos/seed/cba7d5be-13eb-3b58-8eba-473fae6da2ad/800/800','Iure quia.',0,7,'2025-10-20 06:49:05','2025-10-20 06:49:05'),(272,68,'https://picsum.photos/seed/2e1ec446-dabf-31ae-90c6-1eb84eb175d5/800/800','Iusto cupiditate eos.',0,5,'2025-10-20 06:49:05','2025-10-20 06:49:05'),(273,69,'https://picsum.photos/seed/0920ff9e-ee4b-347f-96fd-2eac19b69bce/800/800','Occaecati voluptas quos et.',1,7,'2025-10-20 06:49:05','2025-10-20 06:49:05'),(274,69,'https://picsum.photos/seed/8076eb5b-4518-35de-9a0d-7e2c2cdb360f/800/800','Aut quia nulla.',0,7,'2025-10-20 06:49:05','2025-10-20 06:49:05'),(275,69,'https://picsum.photos/seed/10f64fec-efc4-31f0-851e-58ea352deb18/800/800','Quam iste quae voluptates.',0,9,'2025-10-20 06:49:05','2025-10-20 06:49:05'),(276,70,'https://picsum.photos/seed/9f50a342-6cad-305f-91ea-eb802983753e/800/800','Et vel earum consequatur.',1,4,'2025-10-20 06:49:05','2025-10-20 06:49:05'),(277,70,'https://picsum.photos/seed/67f6d4d5-9490-3f9a-9c47-28993b41c44a/800/800','In et non eveniet.',0,1,'2025-10-20 06:49:05','2025-10-20 06:49:05'),(278,70,'https://picsum.photos/seed/d7af6ae3-ef14-3361-944b-8cd27878fb66/800/800','Mollitia eligendi consequatur.',0,7,'2025-10-20 06:49:05','2025-10-20 06:49:05'),(279,70,'https://picsum.photos/seed/c87405b5-c3fb-345e-bbff-68cdaa23a5a4/800/800','Rem neque voluptas.',0,6,'2025-10-20 06:49:05','2025-10-20 06:49:05'),(280,71,'https://picsum.photos/seed/7d896a8e-e4e6-33ee-a941-9c7d9f19658c/800/800','Nemo aperiam suscipit tempore.',1,10,'2025-10-20 06:49:05','2025-10-20 06:49:05'),(281,71,'https://picsum.photos/seed/0e80499b-280e-3a36-bded-5067c7f2ff71/800/800','Ut excepturi expedita cum.',0,4,'2025-10-20 06:49:05','2025-10-20 06:49:05'),(282,71,'https://picsum.photos/seed/318fb5d4-e55e-3ac7-98a5-bf1223d82f05/800/800','Suscipit fugiat.',0,8,'2025-10-20 06:49:05','2025-10-20 06:49:05'),(283,71,'https://picsum.photos/seed/49b6bca0-0c72-3bf3-b6d9-7ade1dc5d40f/800/800','Sed vitae cumque.',0,6,'2025-10-20 06:49:05','2025-10-20 06:49:05'),(284,72,'https://picsum.photos/seed/8baa04b1-2954-3456-93ec-9f7c9d156552/800/800','In natus sunt ad.',1,5,'2025-10-20 06:49:05','2025-10-20 06:49:05'),(285,72,'https://picsum.photos/seed/0d16bfaa-883a-31f8-859a-8f08a2304b35/800/800','Est a qui rerum.',0,3,'2025-10-20 06:49:05','2025-10-20 06:49:05'),(286,72,'https://picsum.photos/seed/3fccf3bb-941d-3bc3-b2f2-39cbd8d14e09/800/800','Dolore unde voluptatem.',0,3,'2025-10-20 06:49:05','2025-10-20 06:49:05'),(287,73,'https://picsum.photos/seed/97cae59f-6da8-39df-9ac9-74056fa3ae3c/800/800','Non delectus et commodi.',1,2,'2025-10-20 06:49:05','2025-10-20 06:49:05'),(288,73,'https://picsum.photos/seed/cf7a1886-376e-3107-8843-c8d54320f88c/800/800','Quis architecto aliquid.',0,7,'2025-10-20 06:49:05','2025-10-20 06:49:05'),(289,73,'https://picsum.photos/seed/6d3464ec-831a-3a71-bce7-04f93e488af2/800/800','Corporis consequuntur est est.',0,7,'2025-10-20 06:49:05','2025-10-20 06:49:05'),(290,73,'https://picsum.photos/seed/b26a10bd-4c1f-3810-b4c7-8a09edb238b6/800/800','Magnam voluptatum molestias adipisci non.',0,6,'2025-10-20 06:49:05','2025-10-20 06:49:05'),(291,74,'https://picsum.photos/seed/17e96c91-091d-3aa8-8f6f-1ffb7df6f08b/800/800','Iure laudantium sapiente.',1,9,'2025-10-20 06:49:05','2025-10-20 06:49:05'),(292,74,'https://picsum.photos/seed/1d65c880-7b30-347b-8331-3caa469079d5/800/800','Sit nihil id inventore.',0,2,'2025-10-20 06:49:05','2025-10-20 06:49:05'),(293,74,'https://picsum.photos/seed/867e4325-1d6a-3968-9596-bbedd846523c/800/800','Rerum praesentium enim.',0,7,'2025-10-20 06:49:05','2025-10-20 06:49:05'),(294,74,'https://picsum.photos/seed/7153615e-f97b-309e-a97e-2da49d42dce1/800/800','Earum et atque earum.',0,8,'2025-10-20 06:49:05','2025-10-20 06:49:05'),(295,75,'https://picsum.photos/seed/68ed5829-b4cf-3a2b-b42b-e685252985e9/800/800','Praesentium maiores quidem ut.',1,10,'2025-10-20 06:49:05','2025-10-20 06:49:05'),(296,75,'https://picsum.photos/seed/bc63a51e-f860-300b-9e48-dd67cf836eaf/800/800','Quae voluptatibus veniam.',0,2,'2025-10-20 06:49:05','2025-10-20 06:49:05'),(297,75,'https://picsum.photos/seed/8fcd0419-d390-376c-8db9-3b5ff8dfb8c5/800/800','Rerum ab non.',0,7,'2025-10-20 06:49:05','2025-10-20 06:49:05'),(298,76,'https://picsum.photos/seed/7e233c09-9254-37e7-9407-1d46d9577076/800/800','Soluta doloribus.',1,5,'2025-10-20 06:49:05','2025-10-20 06:49:05'),(299,76,'https://picsum.photos/seed/ed3ec620-c3b8-3017-92a6-6064f5f2741b/800/800','Voluptatem quod neque voluptatem.',0,5,'2025-10-20 06:49:05','2025-10-20 06:49:05'),(300,76,'https://picsum.photos/seed/16982a91-fd67-3c7c-9971-41ac78c427df/800/800','Ex tenetur ut.',0,4,'2025-10-20 06:49:05','2025-10-20 06:49:05'),(301,76,'https://picsum.photos/seed/889c2d9a-cee5-386a-9d65-0bd2d72a7cec/800/800','Aut qui cumque.',0,8,'2025-10-20 06:49:05','2025-10-20 06:49:05'),(302,77,'https://picsum.photos/seed/69c7f42a-e17a-3879-8948-ffca61e4d3bf/800/800','Voluptatem voluptatem inventore.',1,8,'2025-10-20 06:49:05','2025-10-20 06:49:05'),(303,77,'https://picsum.photos/seed/0d423395-a51f-3ccd-a9ce-22dcd656fddc/800/800','Voluptatem et voluptatum nam.',0,5,'2025-10-20 06:49:05','2025-10-20 06:49:05'),(304,77,'https://picsum.photos/seed/7dbfd346-2f7b-35e1-b45d-5dda60f8a6f8/800/800','Modi vero magni aperiam.',0,8,'2025-10-20 06:49:05','2025-10-20 06:49:05'),(305,78,'https://picsum.photos/seed/4985b1c9-1646-355f-84b3-da90c15c9d42/800/800','Animi ab porro modi.',1,9,'2025-10-20 06:49:05','2025-10-20 06:49:05'),(306,78,'https://picsum.photos/seed/d59ec7ee-ae2d-3d3f-9556-58d5ef048ed9/800/800','Vitae nulla ullam qui.',0,8,'2025-10-20 06:49:05','2025-10-20 06:49:05'),(307,78,'https://picsum.photos/seed/c8470afe-5719-3cf9-9e24-35d3812a7ccb/800/800','Id odio cum.',0,10,'2025-10-20 06:49:05','2025-10-20 06:49:05'),(308,78,'https://picsum.photos/seed/c6b631e1-4301-38f8-9f40-a7b7b5d83726/800/800','Perferendis aut id quasi.',0,4,'2025-10-20 06:49:05','2025-10-20 06:49:05'),(309,78,'https://picsum.photos/seed/366a615e-183f-3617-bd40-232acf3a4e36/800/800','Culpa nihil ab possimus.',0,6,'2025-10-20 06:49:05','2025-10-20 06:49:05'),(310,79,'https://picsum.photos/seed/0d09d50e-6ce4-3097-b41f-43e353b2985a/800/800','Quidem consequatur.',1,1,'2025-10-20 06:49:05','2025-10-20 06:49:05'),(311,79,'https://picsum.photos/seed/02c01da9-7ff6-3f8f-af60-f0c73ac5a7f2/800/800','Facilis natus harum.',0,5,'2025-10-20 06:49:05','2025-10-20 06:49:05'),(312,79,'https://picsum.photos/seed/173805fa-136b-3e13-8463-7f18c71ec56e/800/800','Sint cumque molestiae.',0,7,'2025-10-20 06:49:05','2025-10-20 06:49:05'),(313,80,'https://picsum.photos/seed/c9f5abc8-db5f-3c6c-8c27-a9fc8dd36c04/800/800','Quasi sapiente officiis aperiam.',1,5,'2025-10-20 06:49:05','2025-10-20 06:49:05'),(314,80,'https://picsum.photos/seed/c7212107-56ef-39b1-a059-ef97a280ee90/800/800','Quia omnis a.',0,3,'2025-10-20 06:49:05','2025-10-20 06:49:05'),(315,80,'https://picsum.photos/seed/5e0f5b4f-1479-34c1-88e0-54b9f696061d/800/800','Ut voluptatibus quis.',0,10,'2025-10-20 06:49:05','2025-10-20 06:49:05'),(316,80,'https://picsum.photos/seed/bedd880a-511a-3b41-97ec-54ae7291635d/800/800','Asperiores sequi iure repellendus.',0,5,'2025-10-20 06:49:05','2025-10-20 06:49:05'),(317,81,'https://picsum.photos/seed/a2872fcb-775e-3d6d-bd2a-2c0cf967b15e/800/800','In explicabo.',1,10,'2025-10-20 06:49:05','2025-10-20 06:49:05'),(318,81,'https://picsum.photos/seed/1a4ef02c-a59f-3724-ab12-1d4659396655/800/800','Ab omnis perferendis.',0,9,'2025-10-20 06:49:05','2025-10-20 06:49:05'),(319,81,'https://picsum.photos/seed/aa17e139-12af-3e36-91cf-ec627f6b526f/800/800','Sed vero quidem omnis.',0,3,'2025-10-20 06:49:05','2025-10-20 06:49:05'),(320,81,'https://picsum.photos/seed/f1464ec4-3de6-32f3-9e89-31deebe0d648/800/800','Sit ab in.',0,2,'2025-10-20 06:49:05','2025-10-20 06:49:05'),(321,82,'https://picsum.photos/seed/36829711-7b54-3c55-9504-8b43d3c26fde/800/800','Et aut.',1,7,'2025-10-20 06:49:05','2025-10-20 06:49:05'),(322,82,'https://picsum.photos/seed/6668638f-c632-37d4-b194-c5428b89e00d/800/800','Cupiditate qui voluptas.',0,3,'2025-10-20 06:49:05','2025-10-20 06:49:05'),(323,82,'https://picsum.photos/seed/40fa0d1b-0181-3f10-808e-f681e4082898/800/800','Qui nisi assumenda ut.',0,9,'2025-10-20 06:49:05','2025-10-20 06:49:05'),(324,82,'https://picsum.photos/seed/f80c96a4-1da8-3194-96dc-d2b3c49154fd/800/800','Quidem placeat aspernatur.',0,10,'2025-10-20 06:49:05','2025-10-20 06:49:05'),(325,82,'https://picsum.photos/seed/d7be93a7-d0f4-3a04-ba60-e6c01374cf15/800/800','Libero asperiores quis.',0,5,'2025-10-20 06:49:05','2025-10-20 06:49:05'),(326,83,'https://picsum.photos/seed/a75507bb-2dc6-3a98-983a-97974629515a/800/800','Enim natus consequatur.',1,4,'2025-10-20 06:49:05','2025-10-20 06:49:05'),(327,83,'https://picsum.photos/seed/0b50a5e0-5cfc-3ff8-af5b-2f7a67447103/800/800','Ut in et.',0,4,'2025-10-20 06:49:05','2025-10-20 06:49:05'),(328,83,'https://picsum.photos/seed/9190ce59-ba4b-3a53-ac45-937522af051e/800/800','Dolorem cumque totam eaque.',0,2,'2025-10-20 06:49:05','2025-10-20 06:49:05'),(329,83,'https://picsum.photos/seed/ec09468c-9ee4-3df9-9359-7960853b4b95/800/800','Unde aut eius.',0,10,'2025-10-20 06:49:05','2025-10-20 06:49:05'),(330,84,'https://picsum.photos/seed/c83f983f-6e7a-305d-b752-e481de2bfb48/800/800','Iure explicabo debitis nihil.',1,10,'2025-10-20 06:49:05','2025-10-20 06:49:05'),(331,84,'https://picsum.photos/seed/d60722ec-527f-39e5-81e7-03cb94611b50/800/800','Similique voluptates maxime ipsum.',0,8,'2025-10-20 06:49:05','2025-10-20 06:49:05'),(332,84,'https://picsum.photos/seed/142c7efb-f944-3ded-a6b0-f0c6a50ef538/800/800','Debitis tempore odit sapiente.',0,6,'2025-10-20 06:49:05','2025-10-20 06:49:05'),(333,85,'https://picsum.photos/seed/7b05101f-acd1-3691-aa6f-5cdfadf06d91/800/800','Voluptatem recusandae ipsam.',1,8,'2025-10-20 06:49:05','2025-10-20 06:49:05'),(334,85,'https://picsum.photos/seed/14e9f6a3-dda8-3ccb-8a6c-4d1633a2a7d0/800/800','Nihil ut illo.',0,2,'2025-10-20 06:49:05','2025-10-20 06:49:05'),(335,85,'https://picsum.photos/seed/5bb87981-f207-3e82-98bc-01fac60a2fa6/800/800','Ipsam libero laudantium.',0,5,'2025-10-20 06:49:05','2025-10-20 06:49:05'),(336,86,'https://picsum.photos/seed/692ed28e-5c42-3f70-8b04-fa4dfe67a49d/800/800','Libero qui beatae.',1,4,'2025-10-20 06:49:05','2025-10-20 06:49:05'),(337,86,'https://picsum.photos/seed/56b30ac9-b5ec-3bce-8da6-29549585f988/800/800','Dolorem nemo voluptatem.',0,10,'2025-10-20 06:49:05','2025-10-20 06:49:05'),(338,86,'https://picsum.photos/seed/4ee39496-05ba-30d6-886a-15182b3875e9/800/800','Dolorem rem tenetur suscipit.',0,4,'2025-10-20 06:49:05','2025-10-20 06:49:05'),(339,86,'https://picsum.photos/seed/7a79a1f3-fda3-33a1-8272-8142a4f40c68/800/800','Qui quia sed recusandae.',0,1,'2025-10-20 06:49:05','2025-10-20 06:49:05'),(340,86,'https://picsum.photos/seed/e61a3dd0-8b65-3b6f-aa7b-29044469d2d2/800/800','Velit dolor ut eius.',0,3,'2025-10-20 06:49:05','2025-10-20 06:49:05'),(341,87,'https://picsum.photos/seed/7bf011a0-a06a-39c6-9763-6171694f4b1c/800/800','Dolorum et deserunt.',1,7,'2025-10-20 06:49:05','2025-10-20 06:49:05'),(342,87,'https://picsum.photos/seed/0f554b7a-64a0-3b38-a954-dd38ac3d72ba/800/800','Ut reprehenderit aperiam temporibus.',0,4,'2025-10-20 06:49:05','2025-10-20 06:49:05'),(343,87,'https://picsum.photos/seed/0bf47e00-2b23-359b-bfcc-df534d1ce690/800/800','Animi placeat architecto.',0,3,'2025-10-20 06:49:05','2025-10-20 06:49:05'),(344,87,'https://picsum.photos/seed/02adfd35-02aa-3434-bec3-3b9573731d33/800/800','Est perspiciatis vel.',0,10,'2025-10-20 06:49:05','2025-10-20 06:49:05'),(345,88,'https://picsum.photos/seed/4d856afb-af56-3f08-8e8e-4a91d42b704e/800/800','Suscipit eum in ipsa.',1,4,'2025-10-20 06:49:05','2025-10-20 06:49:05'),(346,88,'https://picsum.photos/seed/0e736025-f88c-3ef7-bbf3-05d390f441fd/800/800','Sed ipsam molestiae tempora.',0,5,'2025-10-20 06:49:05','2025-10-20 06:49:05'),(347,88,'https://picsum.photos/seed/59b15003-851d-39d2-8125-f4d8dbce9d9b/800/800','Exercitationem asperiores necessitatibus quia.',0,4,'2025-10-20 06:49:05','2025-10-20 06:49:05'),(348,89,'https://picsum.photos/seed/be8b5c3a-e15b-328b-a19e-bbb468faf6dd/800/800','Placeat omnis cumque.',1,8,'2025-10-20 06:49:05','2025-10-20 06:49:05'),(349,89,'https://picsum.photos/seed/04d4f03d-8256-3116-82c8-cdcc19a76414/800/800','Voluptatum error et.',0,4,'2025-10-20 06:49:05','2025-10-20 06:49:05'),(350,89,'https://picsum.photos/seed/d6495aec-7995-355b-9a8d-0548a5f6e892/800/800','Ea perferendis voluptatum consequatur.',0,9,'2025-10-20 06:49:05','2025-10-20 06:49:05'),(351,89,'https://picsum.photos/seed/2cd6558d-1d88-36e8-a33b-7232e911ea84/800/800','Voluptates id asperiores.',0,5,'2025-10-20 06:49:05','2025-10-20 06:49:05'),(352,90,'https://picsum.photos/seed/563fb1a0-6559-3f82-b264-4b209a7b2ca0/800/800','Impedit sapiente qui nesciunt.',1,10,'2025-10-20 06:49:05','2025-10-20 06:49:05'),(353,90,'https://picsum.photos/seed/7b957a16-86cc-38d7-98fd-18ad0ae15ea2/800/800','Molestiae voluptate nobis.',0,2,'2025-10-20 06:49:05','2025-10-20 06:49:05'),(354,90,'https://picsum.photos/seed/af8e0aab-cbe8-399b-a79a-fead2d5193e6/800/800','Vel possimus quasi.',0,3,'2025-10-20 06:49:05','2025-10-20 06:49:05'),(355,90,'https://picsum.photos/seed/8388202e-6ceb-38f4-8962-f53fdef34e2f/800/800','Quia commodi fuga voluptates cumque.',0,5,'2025-10-20 06:49:05','2025-10-20 06:49:05'),(356,90,'https://picsum.photos/seed/beaeb2c2-12ed-3b8c-b226-d7f76ec5d6e8/800/800','Quae est laudantium.',0,6,'2025-10-20 06:49:05','2025-10-20 06:49:05'),(357,91,'https://picsum.photos/seed/94e3ec52-f0c8-3509-8d46-9536a2d705c7/800/800','Non sunt nam non.',1,2,'2025-10-20 06:49:05','2025-10-20 06:49:05'),(358,91,'https://picsum.photos/seed/d6c41368-d128-3eb7-a07b-251bf86f9a22/800/800','Aut libero sapiente.',0,6,'2025-10-20 06:49:05','2025-10-20 06:49:05'),(359,91,'https://picsum.photos/seed/b8365a28-fc3c-3d83-ad93-791f9d729598/800/800','Est sunt iusto provident est.',0,5,'2025-10-20 06:49:05','2025-10-20 06:49:05'),(360,91,'https://picsum.photos/seed/8930908a-52b7-30d7-994e-10279ede8512/800/800','Ratione expedita.',0,8,'2025-10-20 06:49:05','2025-10-20 06:49:05'),(361,91,'https://picsum.photos/seed/f7be0581-96e7-3755-9142-63a2112b26b6/800/800','Molestiae laborum.',0,9,'2025-10-20 06:49:05','2025-10-20 06:49:05'),(362,92,'https://picsum.photos/seed/b7f3d0df-0664-3201-a680-562ef82b9253/800/800','Eaque sed debitis eum.',1,6,'2025-10-20 06:49:05','2025-10-20 06:49:05'),(363,92,'https://picsum.photos/seed/151ff8f9-4a62-3d0e-9021-31e538ab3159/800/800','Nemo ipsum dolores sequi.',0,10,'2025-10-20 06:49:05','2025-10-20 06:49:05'),(364,92,'https://picsum.photos/seed/7e9fc152-8999-3a2a-8ab9-cf394851c6d1/800/800','Non animi reiciendis.',0,2,'2025-10-20 06:49:05','2025-10-20 06:49:05'),(365,92,'https://picsum.photos/seed/fee00a8f-292d-311c-8947-3577875b87a4/800/800','Eos nam molestias.',0,1,'2025-10-20 06:49:05','2025-10-20 06:49:05'),(366,93,'https://picsum.photos/seed/f74c2f52-af00-3ed7-a16e-05101cfbcccf/800/800','Quidem nesciunt sunt enim.',1,6,'2025-10-20 06:49:05','2025-10-20 06:49:05'),(367,93,'https://picsum.photos/seed/2c371864-1ec9-30be-8055-d056ec881fa2/800/800','Eum quia incidunt cum.',0,10,'2025-10-20 06:49:05','2025-10-20 06:49:05'),(368,93,'https://picsum.photos/seed/0be71031-b733-3f94-91bf-eb7e9746b076/800/800','Est repudiandae autem quia sequi.',0,2,'2025-10-20 06:49:05','2025-10-20 06:49:05'),(369,93,'https://picsum.photos/seed/25a05923-a393-3a22-ac09-96cb16994946/800/800','Voluptas nihil eius odit.',0,5,'2025-10-20 06:49:05','2025-10-20 06:49:05'),(370,94,'https://picsum.photos/seed/5b02f2f7-c80b-37db-9b98-dcfaf616a62b/800/800','Unde ab nisi ipsam.',1,4,'2025-10-20 06:49:05','2025-10-20 06:49:05'),(371,94,'https://picsum.photos/seed/23973a45-b0d1-3b9f-8eb0-f89115fe3499/800/800','Asperiores atque amet.',0,6,'2025-10-20 06:49:05','2025-10-20 06:49:05'),(372,94,'https://picsum.photos/seed/a3146b67-2f67-30d2-b702-364af9906031/800/800','Dolorem culpa iure aliquid.',0,7,'2025-10-20 06:49:05','2025-10-20 06:49:05'),(373,95,'https://picsum.photos/seed/58d0ac75-16cd-3526-9622-2db0d37c3bae/800/800','Ab fugiat suscipit.',1,1,'2025-10-20 06:49:05','2025-10-20 06:49:05'),(374,95,'https://picsum.photos/seed/e732d02c-8333-3659-a390-8ea82f871ee9/800/800','Est adipisci dicta facere.',0,9,'2025-10-20 06:49:05','2025-10-20 06:49:05'),(375,95,'https://picsum.photos/seed/d593efef-adac-3d1f-be39-2b300412e2df/800/800','Vel veniam possimus dolore consequatur.',0,9,'2025-10-20 06:49:05','2025-10-20 06:49:05'),(376,96,'https://picsum.photos/seed/7d1af1b6-504f-3114-91eb-c7807a4cc59f/800/800','Omnis voluptate ab neque.',1,9,'2025-10-20 06:49:05','2025-10-20 06:49:05'),(377,96,'https://picsum.photos/seed/82be15fb-a51e-3163-bf28-ac9dcf9fd7bf/800/800','Aut ipsum unde doloribus rem.',0,6,'2025-10-20 06:49:05','2025-10-20 06:49:05'),(378,96,'https://picsum.photos/seed/0e25af2c-5c28-3b93-bff4-0849bd75461f/800/800','Unde asperiores quas.',0,10,'2025-10-20 06:49:05','2025-10-20 06:49:05'),(379,97,'https://picsum.photos/seed/10bf589d-8d81-389e-bc42-7e3fa1e0d657/800/800','Explicabo repudiandae totam.',1,8,'2025-10-20 06:49:05','2025-10-20 06:49:05'),(380,97,'https://picsum.photos/seed/d9ec3512-e655-3c06-8f61-ac49bfb4807f/800/800','Voluptas saepe qui.',0,9,'2025-10-20 06:49:05','2025-10-20 06:49:05'),(381,97,'https://picsum.photos/seed/95b01710-7eaf-3d65-8a89-0eb19fd92fcf/800/800','Explicabo non dolorem repellat.',0,9,'2025-10-20 06:49:05','2025-10-20 06:49:05'),(382,97,'https://picsum.photos/seed/dd363e03-bfad-3e24-baa7-5e2c3e9b0566/800/800','Tempora quibusdam voluptas.',0,7,'2025-10-20 06:49:05','2025-10-20 06:49:05'),(383,97,'https://picsum.photos/seed/b41d82e3-1ab2-3f21-84f2-aaed2f19db7f/800/800','Dolorem non impedit.',0,5,'2025-10-20 06:49:05','2025-10-20 06:49:05'),(384,98,'https://picsum.photos/seed/4464f50e-a823-3c1f-8ed1-1258ed0a30b6/800/800','Quasi consequuntur beatae.',1,10,'2025-10-20 06:49:05','2025-10-20 06:49:05'),(385,98,'https://picsum.photos/seed/fa618c3c-5be9-30d2-9a56-17c22629fd85/800/800','Quidem enim.',0,7,'2025-10-20 06:49:05','2025-10-20 06:49:05'),(386,98,'https://picsum.photos/seed/943a7740-657a-357e-acaa-193005e55d28/800/800','Explicabo ut alias.',0,9,'2025-10-20 06:49:05','2025-10-20 06:49:05'),(387,98,'https://picsum.photos/seed/dc581ca9-16d4-3fc5-8dce-b6c8cecbb61c/800/800','Cumque tenetur perferendis eum.',0,2,'2025-10-20 06:49:05','2025-10-20 06:49:05'),(388,99,'https://picsum.photos/seed/31e2f39f-8c2a-30e3-9d60-df313cbefcaf/800/800','Ea quidem sit blanditiis.',1,3,'2025-10-20 06:49:05','2025-10-20 06:49:05'),(389,99,'https://picsum.photos/seed/d8a1d7b9-bcd8-3da6-96fe-f4ea0dcc113c/800/800','Dignissimos nostrum voluptates.',0,5,'2025-10-20 06:49:05','2025-10-20 06:49:05'),(390,99,'https://picsum.photos/seed/96ed6240-4a14-3644-94f1-05ab5ba67aa3/800/800','Repudiandae quibusdam est.',0,8,'2025-10-20 06:49:05','2025-10-20 06:49:05'),(391,100,'https://picsum.photos/seed/72da4daa-0c0a-3149-9b4b-bce3af244887/800/800','Suscipit reiciendis dolor mollitia.',1,5,'2025-10-20 06:49:05','2025-10-20 06:49:05'),(392,100,'https://picsum.photos/seed/5fe0cee8-aeb4-3d80-8003-60f14cd60ea9/800/800','Porro magni nesciunt aliquid.',0,7,'2025-10-20 06:49:05','2025-10-20 06:49:05'),(393,100,'https://picsum.photos/seed/0632b113-9872-38da-9702-bc9dff5f570f/800/800','Dolores maxime.',0,4,'2025-10-20 06:49:05','2025-10-20 06:49:05'),(394,100,'https://picsum.photos/seed/4dc9be89-7fe0-3628-b8a0-8fabd8785c87/800/800','Repellendus dolorem similique assumenda.',0,4,'2025-10-20 06:49:05','2025-10-20 06:49:05'),(395,100,'https://picsum.photos/seed/ca382e0c-53da-3295-85da-c5d18082ef10/800/800','Vitae commodi soluta mollitia.',0,7,'2025-10-20 06:49:05','2025-10-20 06:49:05');
/*!40000 ALTER TABLE `product_images` ENABLE KEYS */;
UNLOCK TABLES;

--
-- Table structure for table `product_questions`
--

DROP TABLE IF EXISTS `product_questions`;
/*!40101 SET @saved_cs_client     = @@character_set_client */;
/*!50503 SET character_set_client = utf8mb4 */;
CREATE TABLE `product_questions` (
  `id` bigint(20) unsigned NOT NULL AUTO_INCREMENT,
  `product_id` bigint(20) unsigned NOT NULL,
  `user_id` bigint(20) unsigned NOT NULL,
  `question` text NOT NULL,
  `status` enum('pending','answered','rejected') NOT NULL DEFAULT 'pending',
  `is_anonymous` tinyint(1) NOT NULL DEFAULT 0,
  `helpful_count` int(10) unsigned NOT NULL DEFAULT 0,
  `answers_count` int(10) unsigned NOT NULL DEFAULT 0,
  `is_featured` tinyint(1) NOT NULL DEFAULT 0,
  `metadata` longtext CHARACTER SET utf8mb4 COLLATE utf8mb4_bin DEFAULT NULL CHECK (json_valid(`metadata`)),
  `created_at` timestamp NULL DEFAULT NULL,
  `updated_at` timestamp NULL DEFAULT NULL,
  PRIMARY KEY (`id`),
  KEY `product_questions_product_id_status_created_at_index` (`product_id`,`status`,`created_at`),
  KEY `product_questions_user_id_status_index` (`user_id`,`status`),
  KEY `product_questions_is_featured_helpful_count_index` (`is_featured`,`helpful_count`),
  CONSTRAINT `product_questions_product_id_foreign` FOREIGN KEY (`product_id`) REFERENCES `products` (`product_id`) ON DELETE CASCADE,
  CONSTRAINT `product_questions_user_id_foreign` FOREIGN KEY (`user_id`) REFERENCES `users` (`id`) ON DELETE CASCADE
) ENGINE=InnoDB DEFAULT CHARSET=utf8mb4 COLLATE=utf8mb4_unicode_ci;
/*!40101 SET character_set_client = @saved_cs_client */;

--
-- Dumping data for table `product_questions`
--

LOCK TABLES `product_questions` WRITE;
/*!40000 ALTER TABLE `product_questions` DISABLE KEYS */;
/*!40000 ALTER TABLE `product_questions` ENABLE KEYS */;
UNLOCK TABLES;

--
-- Table structure for table `product_variants`
--

DROP TABLE IF EXISTS `product_variants`;
/*!40101 SET @saved_cs_client     = @@character_set_client */;
/*!50503 SET character_set_client = utf8mb4 */;
CREATE TABLE `product_variants` (
  `variant_id` bigint(20) unsigned NOT NULL AUTO_INCREMENT,
  `product_id` bigint(20) unsigned NOT NULL,
  `sku` varchar(100) NOT NULL,
  `price` decimal(18,2) NOT NULL,
  `discount_price` decimal(18,2) DEFAULT NULL,
  `stock_quantity` int(11) NOT NULL DEFAULT 0,
  `reserved_quantity` int(10) unsigned NOT NULL DEFAULT 0,
  `available_quantity` int(10) unsigned GENERATED ALWAYS AS (`stock_quantity` - `reserved_quantity`) STORED,
  `minimum_stock_level` int(10) unsigned NOT NULL DEFAULT 0,
  `track_inventory` tinyint(1) NOT NULL DEFAULT 1,
  `allow_backorder` tinyint(1) NOT NULL DEFAULT 0,
  `last_restocked_at` timestamp NULL DEFAULT NULL,
  `image_id` bigint(20) unsigned DEFAULT NULL,
  `created_at` timestamp NULL DEFAULT NULL,
  `updated_at` timestamp NULL DEFAULT NULL,
  `deleted_at` timestamp NULL DEFAULT NULL,
  PRIMARY KEY (`variant_id`),
  UNIQUE KEY `product_variants_sku_unique` (`sku`),
  KEY `product_variants_product_id_foreign` (`product_id`),
  KEY `product_variants_image_id_foreign` (`image_id`),
  KEY `product_variants_available_quantity_created_at_index` (`available_quantity`,`created_at`),
  KEY `product_variants_minimum_stock_level_available_quantity_index` (`minimum_stock_level`,`available_quantity`),
  KEY `product_variants_track_inventory_index` (`track_inventory`),
  CONSTRAINT `product_variants_image_id_foreign` FOREIGN KEY (`image_id`) REFERENCES `product_images` (`image_id`) ON DELETE SET NULL,
  CONSTRAINT `product_variants_product_id_foreign` FOREIGN KEY (`product_id`) REFERENCES `products` (`product_id`) ON DELETE CASCADE
) ENGINE=InnoDB AUTO_INCREMENT=155 DEFAULT CHARSET=utf8mb4 COLLATE=utf8mb4_unicode_ci;
/*!40101 SET character_set_client = @saved_cs_client */;

--
-- Dumping data for table `product_variants`
--

LOCK TABLES `product_variants` WRITE;
/*!40000 ALTER TABLE `product_variants` DISABLE KEYS */;
INSERT INTO `product_variants` (`variant_id`, `product_id`, `sku`, `price`, `discount_price`, `stock_quantity`, `reserved_quantity`, `minimum_stock_level`, `track_inventory`, `allow_backorder`, `last_restocked_at`, `image_id`, `created_at`, `updated_at`, `deleted_at`) VALUES (1,1,'SKU-47546dv',37712993.00,37642547.00,16,0,0,1,0,NULL,NULL,'2025-10-20 06:49:03','2025-10-20 06:49:03',NULL),(2,1,'SKU-18649ao',27186314.00,27146355.00,79,0,0,1,0,NULL,NULL,'2025-10-20 06:49:03','2025-10-20 06:49:03',NULL),(3,2,'SKU-63269pl',2501303.00,2425875.00,60,0,0,1,0,NULL,NULL,'2025-10-20 06:49:03','2025-10-20 06:49:03',NULL),(4,3,'SKU-99232gv',14906160.00,14809707.00,18,0,0,1,0,NULL,NULL,'2025-10-20 06:49:03','2025-10-20 06:49:03',NULL),(5,3,'SKU-48673jt',32006882.00,31977863.00,77,0,0,1,0,NULL,NULL,'2025-10-20 06:49:03','2025-10-20 06:49:03',NULL),(6,4,'SKU-17709wp',46558775.00,46467546.00,3,0,0,1,0,NULL,NULL,'2025-10-20 06:49:03','2025-10-20 06:49:03',NULL),(7,6,'SKU-01257yc',5696648.00,5630437.00,30,0,0,1,0,NULL,NULL,'2025-10-20 06:49:03','2025-10-20 06:49:03',NULL),(8,6,'SKU-88053qy',46382743.00,46305760.00,89,0,0,1,0,NULL,NULL,'2025-10-20 06:49:03','2025-10-20 06:49:03',NULL),(9,8,'SKU-61604li',9978523.00,9932661.00,36,0,0,1,0,NULL,NULL,'2025-10-20 06:49:03','2025-10-20 06:49:03',NULL),(10,8,'SKU-10154at',9223746.00,9195192.00,26,0,0,1,0,NULL,NULL,'2025-10-20 06:49:03','2025-10-20 06:49:03',NULL),(11,8,'SKU-65061aj',29754797.00,29725615.00,60,0,0,1,0,NULL,NULL,'2025-10-20 06:49:03','2025-10-20 06:49:03',NULL),(12,9,'SKU-46641zk',36397613.00,36314277.00,99,0,0,1,0,NULL,NULL,'2025-10-20 06:49:03','2025-10-20 06:49:03',NULL),(13,9,'SKU-14667xi',20104876.00,20019880.00,95,0,0,1,0,NULL,NULL,'2025-10-20 06:49:04','2025-10-20 06:49:04',NULL),(14,9,'SKU-38296da',10920273.00,10867544.00,81,0,0,1,0,NULL,NULL,'2025-10-20 06:49:04','2025-10-20 06:49:04',NULL),(15,11,'SKU-25044lr',32146805.00,32125967.00,35,0,0,1,0,NULL,NULL,'2025-10-20 06:49:04','2025-10-20 06:49:04',NULL),(16,11,'SKU-95352mw',47418111.00,47347996.00,70,0,0,1,0,NULL,NULL,'2025-10-20 06:49:04','2025-10-20 06:49:04',NULL),(17,11,'SKU-45092xe',30306496.00,30245834.00,12,0,0,1,0,NULL,NULL,'2025-10-20 06:49:04','2025-10-20 06:49:04',NULL),(18,11,'SKU-62699mh',10625884.00,10537811.00,63,0,0,1,0,NULL,NULL,'2025-10-20 06:49:04','2025-10-20 06:49:04',NULL),(19,11,'SKU-19425lp',42792719.00,42704354.00,69,0,0,1,0,NULL,NULL,'2025-10-20 06:49:04','2025-10-20 06:49:04',NULL),(20,11,'SKU-39988jk',25679860.00,25611678.00,94,0,0,1,0,NULL,NULL,'2025-10-20 06:49:04','2025-10-20 06:49:04',NULL),(21,12,'SKU-56351hj',36829236.00,36753952.00,38,0,0,1,0,NULL,NULL,'2025-10-20 06:49:04','2025-10-20 06:49:04',NULL),(22,12,'SKU-80991ua',40471577.00,40442581.00,88,0,0,1,0,NULL,NULL,'2025-10-20 06:49:04','2025-10-20 06:49:04',NULL),(23,12,'SKU-33301ii',8301616.00,8283380.00,71,0,0,1,0,NULL,NULL,'2025-10-20 06:49:04','2025-10-20 06:49:04',NULL),(24,14,'SKU-20567kp',639311.00,587155.00,8,0,0,1,0,NULL,NULL,'2025-10-20 06:49:04','2025-10-20 06:49:04',NULL),(25,14,'SKU-75655mv',27858331.00,27784727.00,65,0,0,1,0,NULL,NULL,'2025-10-20 06:49:04','2025-10-20 06:49:04',NULL),(26,15,'SKU-91578rr',191114.00,168932.00,60,0,0,1,0,NULL,NULL,'2025-10-20 06:49:04','2025-10-20 06:49:04',NULL),(27,15,'SKU-30625qu',6603154.00,6589393.00,32,0,0,1,0,NULL,NULL,'2025-10-20 06:49:04','2025-10-20 06:49:04',NULL),(28,15,'SKU-40873wj',44100327.00,44049971.00,99,0,0,1,0,NULL,NULL,'2025-10-20 06:49:04','2025-10-20 06:49:04',NULL),(29,16,'SKU-99874bd',9837185.00,9749630.00,87,0,0,1,0,NULL,NULL,'2025-10-20 06:49:04','2025-10-20 06:49:04',NULL),(30,16,'SKU-45936xo',39714964.00,39699133.00,26,0,0,1,0,NULL,NULL,'2025-10-20 06:49:04','2025-10-20 06:49:04',NULL),(31,16,'SKU-31670cn',25676676.00,25606773.00,75,0,0,1,0,NULL,NULL,'2025-10-20 06:49:04','2025-10-20 06:49:04',NULL),(32,17,'SKU-02160af',3484812.00,3419606.00,81,0,0,1,0,NULL,NULL,'2025-10-20 06:49:04','2025-10-20 06:49:04',NULL),(33,19,'SKU-40482uc',36969245.00,36934431.00,29,0,0,1,0,NULL,NULL,'2025-10-20 06:49:04','2025-10-20 06:49:04',NULL),(34,19,'SKU-61917ml',42597262.00,42508332.00,45,0,0,1,0,NULL,NULL,'2025-10-20 06:49:04','2025-10-20 06:49:04',NULL),(35,21,'SKU-14383oz',38525878.00,38435272.00,96,0,0,1,0,NULL,NULL,'2025-10-20 06:49:04','2025-10-20 06:49:04',NULL),(36,21,'SKU-99302tl',9755140.00,9710234.00,67,0,0,1,0,NULL,NULL,'2025-10-20 06:49:04','2025-10-20 06:49:04',NULL),(37,22,'SKU-37502cf',11566832.00,11476827.00,7,0,0,1,0,NULL,NULL,'2025-10-20 06:49:04','2025-10-20 06:49:04',NULL),(38,23,'SKU-51797ar',10879676.00,10867844.00,85,0,0,1,0,NULL,NULL,'2025-10-20 06:49:04','2025-10-20 06:49:04',NULL),(39,23,'SKU-09206uq',23871688.00,23830665.00,67,0,0,1,0,NULL,NULL,'2025-10-20 06:49:04','2025-10-20 06:49:04',NULL),(40,24,'SKU-91291wt',19209709.00,19157650.00,48,0,0,1,0,NULL,NULL,'2025-10-20 06:49:04','2025-10-20 06:49:04',NULL),(41,26,'SKU-51678lg',18293084.00,18198757.00,76,0,0,1,0,NULL,NULL,'2025-10-20 06:49:04','2025-10-20 06:49:04',NULL),(42,28,'SKU-31109hz',27820926.00,27773218.00,25,0,0,1,0,NULL,NULL,'2025-10-20 06:49:04','2025-10-20 06:49:04',NULL),(43,29,'SKU-03864nb',22206446.00,22163455.00,100,0,0,1,0,NULL,NULL,'2025-10-20 06:49:04','2025-10-20 06:49:04',NULL),(44,31,'SKU-77427cc',4949843.00,4916700.00,43,0,0,1,0,NULL,NULL,'2025-10-20 06:49:04','2025-10-20 06:49:04',NULL),(45,31,'SKU-57876zr',44620074.00,44577053.00,45,0,0,1,0,NULL,NULL,'2025-10-20 06:49:04','2025-10-20 06:49:04',NULL),(46,31,'SKU-76181dq',47061858.00,46991378.00,28,0,0,1,0,NULL,NULL,'2025-10-20 06:49:04','2025-10-20 06:49:04',NULL),(47,33,'SKU-33838fs',21454311.00,21406523.00,100,0,0,1,0,NULL,NULL,'2025-10-20 06:49:04','2025-10-20 06:49:04',NULL),(48,33,'SKU-85558rf',39425494.00,39351065.00,3,0,0,1,0,NULL,NULL,'2025-10-20 06:49:04','2025-10-20 06:49:04',NULL),(49,33,'SKU-21619zj',29557600.00,29515011.00,46,0,0,1,0,NULL,NULL,'2025-10-20 06:49:04','2025-10-20 06:49:04',NULL),(50,36,'SKU-75592sj',10362914.00,10279992.00,54,0,0,1,0,NULL,NULL,'2025-10-20 06:49:04','2025-10-20 06:49:04',NULL),(51,36,'SKU-29494qf',49499418.00,49403514.00,11,0,0,1,0,NULL,NULL,'2025-10-20 06:49:04','2025-10-20 06:49:04',NULL),(52,36,'SKU-68297wo',46956833.00,46930369.00,51,0,0,1,0,NULL,NULL,'2025-10-20 06:49:04','2025-10-20 06:49:04',NULL),(53,37,'SKU-61157dk',42242583.00,42216941.00,32,0,0,1,0,NULL,NULL,'2025-10-20 06:49:04','2025-10-20 06:49:04',NULL),(54,37,'SKU-18463fm',39084840.00,39019521.00,17,0,0,1,0,NULL,NULL,'2025-10-20 06:49:04','2025-10-20 06:49:04',NULL),(55,39,'SKU-38148tn',13540724.00,13500871.00,20,0,0,1,0,NULL,NULL,'2025-10-20 06:49:04','2025-10-20 06:49:04',NULL),(56,39,'SKU-00531ry',15885755.00,15873426.00,90,0,0,1,0,NULL,NULL,'2025-10-20 06:49:04','2025-10-20 06:49:04',NULL),(57,41,'SKU-74539er',31133395.00,31115050.00,61,0,0,1,0,NULL,NULL,'2025-10-20 06:49:04','2025-10-20 06:49:04',NULL),(58,41,'SKU-40992ck',38499096.00,38459276.00,81,0,0,1,0,NULL,NULL,'2025-10-20 06:49:04','2025-10-20 06:49:04',NULL),(59,41,'SKU-04542jb',1441775.00,1431023.00,76,0,0,1,0,NULL,NULL,'2025-10-20 06:49:04','2025-10-20 06:49:04',NULL),(60,42,'SKU-14327te',422236.00,387168.00,81,0,0,1,0,NULL,NULL,'2025-10-20 06:49:04','2025-10-20 06:49:04',NULL),(61,43,'SKU-21847fy',1596357.00,1560119.00,74,0,0,1,0,NULL,NULL,'2025-10-20 06:49:04','2025-10-20 06:49:04',NULL),(62,44,'SKU-61461hk',39331448.00,39248681.00,58,0,0,1,0,NULL,NULL,'2025-10-20 06:49:04','2025-10-20 06:49:04',NULL),(63,45,'SKU-40148pk',9704709.00,9651132.00,25,0,0,1,0,NULL,NULL,'2025-10-20 06:49:04','2025-10-20 06:49:04',NULL),(64,48,'SKU-01181xc',39819827.00,39737515.00,73,0,0,1,0,NULL,NULL,'2025-10-20 06:49:04','2025-10-20 06:49:04',NULL),(65,48,'SKU-33316zo',19590924.00,19551858.00,30,0,0,1,0,NULL,NULL,'2025-10-20 06:49:04','2025-10-20 06:49:04',NULL),(66,50,'SKU-44957xn',11013720.00,10975123.00,80,0,0,1,0,NULL,NULL,'2025-10-20 06:49:04','2025-10-20 06:49:04',NULL),(67,50,'SKU-50229lt',16136175.00,16043317.00,36,0,0,1,0,NULL,NULL,'2025-10-20 06:49:04','2025-10-20 06:49:04',NULL),(68,51,'SKU-52320gs',26978217.00,26923273.00,44,0,0,1,0,NULL,NULL,'2025-10-20 06:49:04','2025-10-20 06:49:04',NULL),(69,52,'SKU-28461bp',35166640.00,35076648.00,33,0,0,1,0,NULL,NULL,'2025-10-20 06:49:04','2025-10-20 06:49:04',NULL),(70,52,'SKU-67820ef',3689292.00,3654488.00,61,0,0,1,0,NULL,NULL,'2025-10-20 06:49:04','2025-10-20 06:49:04',NULL),(71,53,'SKU-29803sb',15998361.00,15983069.00,79,0,0,1,0,NULL,NULL,'2025-10-20 06:49:04','2025-10-20 06:49:04',NULL),(72,53,'SKU-87346jt',2401080.00,2371183.00,67,0,0,1,0,NULL,NULL,'2025-10-20 06:49:04','2025-10-20 06:49:04',NULL),(73,53,'SKU-71313vu',40932183.00,40916179.00,13,0,0,1,0,NULL,NULL,'2025-10-20 06:49:04','2025-10-20 06:49:04',NULL),(74,53,'SKU-09305gc',26063491.00,26051883.00,72,0,0,1,0,NULL,NULL,'2025-10-20 06:49:04','2025-10-20 06:49:04',NULL),(75,53,'SKU-18691wf',5546995.00,5491076.00,47,0,0,1,0,NULL,NULL,'2025-10-20 06:49:04','2025-10-20 06:49:04',NULL),(76,53,'SKU-91950lq',18562666.00,18526599.00,75,0,0,1,0,NULL,NULL,'2025-10-20 06:49:04','2025-10-20 06:49:04',NULL),(77,55,'SKU-76396ms',26032342.00,25942560.00,93,0,0,1,0,NULL,NULL,'2025-10-20 06:49:04','2025-10-20 06:49:04',NULL),(78,55,'SKU-77286ru',2583266.00,2528531.00,59,0,0,1,0,NULL,NULL,'2025-10-20 06:49:04','2025-10-20 06:49:04',NULL),(79,57,'SKU-29073oe',32251777.00,32213344.00,73,0,0,1,0,NULL,NULL,'2025-10-20 06:49:04','2025-10-20 06:49:04',NULL),(80,57,'SKU-21780ce',17279304.00,17212117.00,78,0,0,1,0,NULL,NULL,'2025-10-20 06:49:04','2025-10-20 06:49:04',NULL),(81,57,'SKU-37052xh',12961792.00,12871416.00,93,0,0,1,0,NULL,NULL,'2025-10-20 06:49:04','2025-10-20 06:49:04',NULL),(82,58,'SKU-43442rz',40646257.00,40614430.00,23,0,0,1,0,NULL,NULL,'2025-10-20 06:49:04','2025-10-20 06:49:04',NULL),(83,58,'SKU-97019ss',42397986.00,42307526.00,71,0,0,1,0,NULL,NULL,'2025-10-20 06:49:04','2025-10-20 06:49:04',NULL),(84,59,'SKU-09701jw',6251260.00,6153356.00,80,0,0,1,0,NULL,NULL,'2025-10-20 06:49:04','2025-10-20 06:49:04',NULL),(85,60,'SKU-65547mu',41230694.00,41199971.00,75,0,0,1,0,NULL,NULL,'2025-10-20 06:49:04','2025-10-20 06:49:04',NULL),(86,60,'SKU-68987hq',4202557.00,4186931.00,49,0,0,1,0,NULL,NULL,'2025-10-20 06:49:04','2025-10-20 06:49:04',NULL),(87,61,'SKU-04203pm',49391281.00,49323424.00,15,0,0,1,0,NULL,NULL,'2025-10-20 06:49:04','2025-10-20 06:49:04',NULL),(88,61,'SKU-92928rd',12214692.00,12122103.00,56,0,0,1,0,NULL,NULL,'2025-10-20 06:49:04','2025-10-20 06:49:04',NULL),(89,62,'SKU-04912fm',2429696.00,2389479.00,83,0,0,1,0,NULL,NULL,'2025-10-20 06:49:04','2025-10-20 06:49:04',NULL),(90,62,'SKU-90344ri',49144283.00,49113177.00,61,0,0,1,0,NULL,NULL,'2025-10-20 06:49:04','2025-10-20 06:49:04',NULL),(91,62,'SKU-98595eg',30841444.00,30807294.00,49,0,0,1,0,NULL,NULL,'2025-10-20 06:49:04','2025-10-20 06:49:04',NULL),(92,63,'SKU-02130gd',49489804.00,49448395.00,41,0,0,1,0,NULL,NULL,'2025-10-20 06:49:04','2025-10-20 06:49:04',NULL),(93,63,'SKU-12394ni',42340447.00,42248752.00,75,0,0,1,0,NULL,NULL,'2025-10-20 06:49:04','2025-10-20 06:49:04',NULL),(94,63,'SKU-94259vb',16302431.00,16250992.00,74,0,0,1,0,NULL,NULL,'2025-10-20 06:49:04','2025-10-20 06:49:04',NULL),(95,64,'SKU-55835mk',36740273.00,36678379.00,38,0,0,1,0,NULL,NULL,'2025-10-20 06:49:04','2025-10-20 06:49:04',NULL),(96,64,'SKU-10664gh',16606417.00,16525255.00,77,0,0,1,0,NULL,NULL,'2025-10-20 06:49:04','2025-10-20 06:49:04',NULL),(97,65,'SKU-25596mj',20275558.00,20184906.00,54,0,0,1,0,NULL,NULL,'2025-10-20 06:49:04','2025-10-20 06:49:04',NULL),(98,67,'SKU-13434sa',31940560.00,31898941.00,13,0,0,1,0,NULL,NULL,'2025-10-20 06:49:04','2025-10-20 06:49:04',NULL),(99,67,'SKU-32664rc',1703894.00,1670568.00,23,0,0,1,0,NULL,NULL,'2025-10-20 06:49:04','2025-10-20 06:49:04',NULL),(100,67,'SKU-72508gc',11471738.00,11430623.00,5,0,0,1,0,NULL,NULL,'2025-10-20 06:49:04','2025-10-20 06:49:04',NULL),(101,68,'SKU-41191ci',22591189.00,22501338.00,3,0,0,1,0,NULL,NULL,'2025-10-20 06:49:05','2025-10-20 06:49:05',NULL),(102,68,'SKU-64972tg',16021974.00,15985331.00,87,0,0,1,0,NULL,NULL,'2025-10-20 06:49:05','2025-10-20 06:49:05',NULL),(103,69,'SKU-15436zi',13677003.00,13627011.00,31,0,0,1,0,NULL,NULL,'2025-10-20 06:49:05','2025-10-20 06:49:05',NULL),(104,69,'SKU-17745eq',14053189.00,13993073.00,56,0,0,1,0,NULL,NULL,'2025-10-20 06:49:05','2025-10-20 06:49:05',NULL),(105,70,'SKU-01025mm',12564238.00,12546785.00,35,0,0,1,0,NULL,NULL,'2025-10-20 06:49:05','2025-10-20 06:49:05',NULL),(106,70,'SKU-27091nx',15646067.00,15572661.00,40,0,0,1,0,NULL,NULL,'2025-10-20 06:49:05','2025-10-20 06:49:05',NULL),(107,70,'SKU-02334ui',37692016.00,37597487.00,23,0,0,1,0,NULL,NULL,'2025-10-20 06:49:05','2025-10-20 06:49:05',NULL),(108,72,'SKU-93839kc',36019945.00,35922980.00,26,0,0,1,0,NULL,NULL,'2025-10-20 06:49:05','2025-10-20 06:49:05',NULL),(109,72,'SKU-24586wv',35130278.00,35103356.00,63,0,0,1,0,NULL,NULL,'2025-10-20 06:49:05','2025-10-20 06:49:05',NULL),(110,72,'SKU-47080vs',17705558.00,17676775.00,35,0,0,1,0,NULL,NULL,'2025-10-20 06:49:05','2025-10-20 06:49:05',NULL),(111,73,'SKU-19679kv',2331691.00,2254336.00,92,0,0,1,0,NULL,NULL,'2025-10-20 06:49:05','2025-10-20 06:49:05',NULL),(112,73,'SKU-09266zi',13969602.00,13894389.00,13,0,0,1,0,NULL,NULL,'2025-10-20 06:49:05','2025-10-20 06:49:05',NULL),(113,73,'SKU-82852ct',1205213.00,1114966.00,11,0,0,1,0,NULL,NULL,'2025-10-20 06:49:05','2025-10-20 06:49:05',NULL),(114,74,'SKU-93377qn',5303002.00,5235317.00,24,0,0,1,0,NULL,NULL,'2025-10-20 06:49:05','2025-10-20 06:49:05',NULL),(115,74,'SKU-12030do',37738633.00,37652366.00,42,0,0,1,0,NULL,NULL,'2025-10-20 06:49:05','2025-10-20 06:49:05',NULL),(116,74,'SKU-56857qt',37239729.00,37224277.00,25,0,0,1,0,NULL,NULL,'2025-10-20 06:49:05','2025-10-20 06:49:05',NULL),(117,76,'SKU-81774bj',10656967.00,10640742.00,52,0,0,1,0,NULL,NULL,'2025-10-20 06:49:05','2025-10-20 06:49:05',NULL),(118,76,'SKU-83093br',48216892.00,48165854.00,16,0,0,1,0,NULL,NULL,'2025-10-20 06:49:05','2025-10-20 06:49:05',NULL),(119,76,'SKU-55865ht',40281481.00,40225650.00,29,0,0,1,0,NULL,NULL,'2025-10-20 06:49:05','2025-10-20 06:49:05',NULL),(120,79,'SKU-24936th',8545088.00,8517490.00,80,0,0,1,0,NULL,NULL,'2025-10-20 06:49:05','2025-10-20 06:49:05',NULL),(121,79,'SKU-01011nh',44702183.00,44686247.00,29,0,0,1,0,NULL,NULL,'2025-10-20 06:49:05','2025-10-20 06:49:05',NULL),(122,79,'SKU-95431gd',31181641.00,31148183.00,42,0,0,1,0,NULL,NULL,'2025-10-20 06:49:05','2025-10-20 06:49:05',NULL),(123,81,'SKU-56756py',22000137.00,21900894.00,80,0,0,1,0,NULL,NULL,'2025-10-20 06:49:05','2025-10-20 06:49:05',NULL),(124,81,'SKU-83538zk',5340338.00,5321056.00,98,0,0,1,0,NULL,NULL,'2025-10-20 06:49:05','2025-10-20 06:49:05',NULL),(125,82,'SKU-87232cu',10144005.00,10099565.00,68,0,0,1,0,NULL,NULL,'2025-10-20 06:49:05','2025-10-20 06:49:05',NULL),(126,84,'SKU-11881ns',2740718.00,2708111.00,98,0,0,1,0,NULL,NULL,'2025-10-20 06:49:05','2025-10-20 06:49:05',NULL),(127,84,'SKU-78707fe',3825723.00,3781450.00,92,0,0,1,0,NULL,NULL,'2025-10-20 06:49:05','2025-10-20 06:49:05',NULL),(128,84,'SKU-01679pv',17463258.00,17405301.00,86,0,0,1,0,NULL,NULL,'2025-10-20 06:49:05','2025-10-20 06:49:05',NULL),(129,85,'SKU-56176fi',24606831.00,24563498.00,22,0,0,1,0,NULL,NULL,'2025-10-20 06:49:05','2025-10-20 06:49:05',NULL),(130,86,'SKU-97925ri',21640170.00,21544205.00,35,0,0,1,0,NULL,NULL,'2025-10-20 06:49:05','2025-10-20 06:49:05',NULL),(131,86,'SKU-33391ju',22360123.00,22322608.00,57,0,0,1,0,NULL,NULL,'2025-10-20 06:49:05','2025-10-20 06:49:05',NULL),(132,86,'SKU-27258uo',14191623.00,14147974.00,73,0,0,1,0,NULL,NULL,'2025-10-20 06:49:05','2025-10-20 06:49:05',NULL),(133,87,'SKU-42890wa',30689950.00,30626366.00,73,0,0,1,0,NULL,NULL,'2025-10-20 06:49:05','2025-10-20 06:49:05',NULL),(134,90,'SKU-03291td',33768834.00,33702991.00,98,0,0,1,0,NULL,NULL,'2025-10-20 06:49:05','2025-10-20 06:49:05',NULL),(135,90,'SKU-36833vu',39603572.00,39536097.00,13,0,0,1,0,NULL,NULL,'2025-10-20 06:49:05','2025-10-20 06:49:05',NULL),(136,90,'SKU-41084my',9405587.00,9324276.00,65,0,0,1,0,NULL,NULL,'2025-10-20 06:49:05','2025-10-20 06:49:05',NULL),(137,91,'SKU-98674ts',9904936.00,9844937.00,84,0,0,1,0,NULL,NULL,'2025-10-20 06:49:05','2025-10-20 06:49:05',NULL),(138,91,'SKU-91899wm',29909519.00,29840517.00,8,0,0,1,0,NULL,NULL,'2025-10-20 06:49:05','2025-10-20 06:49:05',NULL),(139,92,'SKU-99756uw',27569515.00,27542972.00,33,0,0,1,0,NULL,NULL,'2025-10-20 06:49:05','2025-10-20 06:49:05',NULL),(140,92,'SKU-49462xf',29133598.00,29119415.00,80,0,0,1,0,NULL,NULL,'2025-10-20 06:49:05','2025-10-20 06:49:05',NULL),(141,94,'SKU-44395xs',8213039.00,8202900.00,92,0,0,1,0,NULL,NULL,'2025-10-20 06:49:05','2025-10-20 06:49:05',NULL),(142,96,'SKU-64348zo',47584338.00,47542916.00,61,0,0,1,0,NULL,NULL,'2025-10-20 06:49:05','2025-10-20 06:49:05',NULL),(143,96,'SKU-49462py',36413624.00,36359972.00,20,0,0,1,0,NULL,NULL,'2025-10-20 06:49:05','2025-10-20 06:49:05',NULL),(144,96,'SKU-11395lm',16031333.00,15941797.00,61,0,0,1,0,NULL,NULL,'2025-10-20 06:49:05','2025-10-20 06:49:05',NULL),(145,97,'SKU-72113gi',34198868.00,34103406.00,10,0,0,1,0,NULL,NULL,'2025-10-20 06:49:05','2025-10-20 06:49:05',NULL),(146,97,'SKU-85495wt',22899238.00,22831387.00,100,0,0,1,0,NULL,NULL,'2025-10-20 06:49:05','2025-10-20 06:49:05',NULL),(147,98,'SKU-75920vn',43387564.00,43296100.00,82,0,0,1,0,NULL,NULL,'2025-10-20 06:49:05','2025-10-20 06:49:05',NULL),(148,98,'SKU-52169mz',23389368.00,23290966.00,97,0,0,1,0,NULL,NULL,'2025-10-20 06:49:05','2025-10-20 06:49:05',NULL),(149,98,'SKU-77614di',32707461.00,32691616.00,91,0,0,1,0,NULL,NULL,'2025-10-20 06:49:05','2025-10-20 06:49:05',NULL),(150,99,'SKU-28660rl',16674173.00,16628192.00,72,0,0,1,0,NULL,NULL,'2025-10-20 06:49:05','2025-10-20 06:49:05',NULL),(151,99,'SKU-38994bv',36809943.00,36748941.00,63,0,0,1,0,NULL,NULL,'2025-10-20 06:49:05','2025-10-20 06:49:05',NULL),(152,100,'SKU-99803xa',25862698.00,25778111.00,60,0,0,1,0,NULL,NULL,'2025-10-20 06:49:05','2025-10-20 06:49:05',NULL),(153,100,'SKU-25456xr',25517542.00,25429311.00,58,0,0,1,0,NULL,NULL,'2025-10-20 06:49:05','2025-10-20 06:49:05',NULL),(154,100,'SKU-82856hw',27360359.00,27285422.00,72,0,0,1,0,NULL,NULL,'2025-10-20 06:49:05','2025-10-20 06:49:05',NULL);
/*!40000 ALTER TABLE `product_variants` ENABLE KEYS */;
UNLOCK TABLES;

--
-- Table structure for table `product_views`
--

DROP TABLE IF EXISTS `product_views`;
/*!40101 SET @saved_cs_client     = @@character_set_client */;
/*!50503 SET character_set_client = utf8mb4 */;
CREATE TABLE `product_views` (
  `product_view_id` bigint(20) unsigned NOT NULL AUTO_INCREMENT,
  `user_id` bigint(20) unsigned NOT NULL,
  `product_id` bigint(20) unsigned NOT NULL,
  `view_count` int(11) NOT NULL DEFAULT 1,
  `last_viewed` timestamp NOT NULL DEFAULT current_timestamp() ON UPDATE current_timestamp(),
  PRIMARY KEY (`product_view_id`),
  UNIQUE KEY `product_views_user_id_product_id_unique` (`user_id`,`product_id`),
  KEY `product_views_product_id_foreign` (`product_id`),
  CONSTRAINT `product_views_product_id_foreign` FOREIGN KEY (`product_id`) REFERENCES `products` (`product_id`) ON DELETE CASCADE,
  CONSTRAINT `product_views_user_id_foreign` FOREIGN KEY (`user_id`) REFERENCES `users` (`id`) ON DELETE CASCADE
) ENGINE=InnoDB AUTO_INCREMENT=3482 DEFAULT CHARSET=utf8mb4 COLLATE=utf8mb4_unicode_ci;
/*!40101 SET character_set_client = @saved_cs_client */;

--
-- Dumping data for table `product_views`
--

LOCK TABLES `product_views` WRITE;
/*!40000 ALTER TABLE `product_views` DISABLE KEYS */;
INSERT INTO `product_views` VALUES (1,22,1,2,'2025-10-20 06:49:09'),(2,22,5,2,'2025-10-20 06:49:09'),(3,22,6,2,'2025-10-20 06:49:09'),(4,22,8,2,'2025-10-20 06:49:10'),(5,22,16,2,'2025-10-20 06:49:10'),(6,22,18,2,'2025-10-20 06:49:10'),(7,22,19,2,'2025-10-20 06:49:10'),(8,22,22,2,'2025-10-20 06:49:10'),(9,22,24,2,'2025-10-20 06:49:10'),(10,22,31,2,'2025-10-20 06:49:10'),(11,22,38,2,'2025-10-20 06:49:10'),(12,22,40,2,'2025-10-20 06:49:10'),(13,22,41,2,'2025-10-20 06:49:10'),(14,22,43,2,'2025-10-20 06:49:10'),(15,22,44,2,'2025-10-20 06:49:10'),(16,22,46,2,'2025-10-20 06:49:10'),(17,22,47,2,'2025-10-20 06:49:10'),(18,22,49,2,'2025-10-20 06:49:10'),(19,22,50,2,'2025-10-20 06:49:10'),(20,22,51,2,'2025-10-20 06:49:10'),(21,22,52,2,'2025-10-20 06:49:10'),(22,22,57,2,'2025-10-20 06:49:10'),(23,22,59,2,'2025-10-20 06:49:10'),(24,22,60,2,'2025-10-20 06:49:10'),(25,22,62,2,'2025-10-20 06:49:10'),(26,22,63,2,'2025-10-20 06:49:10'),(27,22,64,2,'2025-10-20 06:49:10'),(28,22,68,2,'2025-10-20 06:49:10'),(29,22,69,2,'2025-10-20 06:49:10'),(30,22,73,2,'2025-10-20 06:49:10'),(31,22,76,2,'2025-10-20 06:49:10'),(32,22,77,2,'2025-10-20 06:49:10'),(33,22,81,2,'2025-10-20 06:49:10'),(34,22,82,2,'2025-10-20 06:49:10'),(35,22,83,2,'2025-10-20 06:49:10'),(36,22,92,2,'2025-10-20 06:49:10'),(37,22,93,2,'2025-10-20 06:49:10'),(38,22,95,2,'2025-10-20 06:49:10'),(39,23,3,2,'2025-10-20 06:49:10'),(40,23,4,2,'2025-10-20 06:49:10'),(41,23,6,2,'2025-10-20 06:49:10'),(42,23,8,2,'2025-10-20 06:49:10'),(43,23,9,2,'2025-10-20 06:49:10'),(44,23,11,2,'2025-10-20 06:49:10'),(45,23,12,2,'2025-10-20 06:49:10'),(46,23,18,2,'2025-10-20 06:49:10'),(47,23,20,2,'2025-10-20 06:49:10'),(48,23,26,2,'2025-10-20 06:49:10'),(49,23,32,2,'2025-10-20 06:49:10'),(50,23,34,2,'2025-10-20 06:49:10'),(51,23,36,2,'2025-10-20 06:49:10'),(52,23,41,2,'2025-10-20 06:49:10'),(53,23,43,2,'2025-10-20 06:49:10'),(54,23,44,2,'2025-10-20 06:49:10'),(55,23,45,2,'2025-10-20 06:49:10'),(56,23,48,2,'2025-10-20 06:49:10'),(57,23,49,2,'2025-10-20 06:49:10'),(58,23,56,2,'2025-10-20 06:49:10'),(59,23,61,2,'2025-10-20 06:49:10'),(60,23,63,2,'2025-10-20 06:49:10'),(61,23,64,2,'2025-10-20 06:49:10'),(62,23,65,2,'2025-10-20 06:49:10'),(63,23,72,2,'2025-10-20 06:49:10'),(64,23,73,2,'2025-10-20 06:49:10'),(65,23,75,2,'2025-10-20 06:49:10'),(66,23,78,2,'2025-10-20 06:49:10'),(67,23,82,2,'2025-10-20 06:49:10'),(68,23,83,2,'2025-10-20 06:49:10'),(69,23,84,2,'2025-10-20 06:49:10'),(70,23,86,2,'2025-10-20 06:49:10'),(71,23,90,2,'2025-10-20 06:49:10'),(72,23,91,2,'2025-10-20 06:49:10'),(73,23,94,2,'2025-10-20 06:49:10'),(74,23,95,2,'2025-10-20 06:49:10'),(75,23,96,2,'2025-10-20 06:49:10'),(76,23,97,2,'2025-10-20 06:49:10'),(77,23,99,2,'2025-10-20 06:49:10'),(78,24,1,2,'2025-10-20 06:49:10'),(79,24,6,2,'2025-10-20 06:49:10'),(80,24,8,2,'2025-10-20 06:49:10'),(81,24,10,2,'2025-10-20 06:49:10'),(82,24,11,2,'2025-10-20 06:49:10'),(83,24,12,2,'2025-10-20 06:49:10'),(84,24,14,2,'2025-10-20 06:49:10'),(85,24,17,2,'2025-10-20 06:49:10'),(86,24,18,2,'2025-10-20 06:49:10'),(87,24,19,2,'2025-10-20 06:49:10'),(88,24,22,2,'2025-10-20 06:49:10'),(89,24,23,2,'2025-10-20 06:49:10'),(90,24,26,2,'2025-10-20 06:49:10'),(91,24,27,2,'2025-10-20 06:49:10'),(92,24,30,2,'2025-10-20 06:49:10'),(93,24,32,2,'2025-10-20 06:49:10'),(94,24,33,2,'2025-10-20 06:49:10'),(95,24,34,2,'2025-10-20 06:49:10'),(96,24,42,2,'2025-10-20 06:49:10'),(97,24,44,2,'2025-10-20 06:49:10'),(98,24,48,2,'2025-10-20 06:49:10'),(99,24,49,2,'2025-10-20 06:49:10'),(100,24,50,2,'2025-10-20 06:49:10'),(101,24,54,2,'2025-10-20 06:49:10'),(102,24,55,2,'2025-10-20 06:49:10'),(103,24,56,2,'2025-10-20 06:49:10'),(104,24,57,2,'2025-10-20 06:49:10'),(105,24,58,2,'2025-10-20 06:49:10'),(106,24,61,2,'2025-10-20 06:49:10'),(107,24,63,2,'2025-10-20 06:49:10'),(108,24,64,2,'2025-10-20 06:49:10'),(109,24,65,2,'2025-10-20 06:49:10'),(110,24,67,2,'2025-10-20 06:49:10'),(111,24,74,2,'2025-10-20 06:49:10'),(112,24,76,2,'2025-10-20 06:49:10'),(113,24,77,2,'2025-10-20 06:49:10'),(114,24,81,2,'2025-10-20 06:49:10'),(115,24,82,2,'2025-10-20 06:49:10'),(116,24,84,2,'2025-10-20 06:49:10'),(117,24,86,2,'2025-10-20 06:49:10'),(118,24,89,2,'2025-10-20 06:49:10'),(119,24,90,2,'2025-10-20 06:49:10'),(120,24,97,2,'2025-10-20 06:49:10'),(121,24,98,2,'2025-10-20 06:49:10'),(122,24,99,2,'2025-10-20 06:49:10'),(123,25,11,2,'2025-10-20 06:49:10'),(124,25,12,2,'2025-10-20 06:49:10'),(125,25,19,2,'2025-10-20 06:49:10'),(126,25,25,2,'2025-10-20 06:49:10'),(127,25,31,2,'2025-10-20 06:49:10'),(128,25,41,2,'2025-10-20 06:49:10'),(129,25,45,2,'2025-10-20 06:49:10'),(130,25,46,2,'2025-10-20 06:49:10'),(131,25,50,2,'2025-10-20 06:49:10'),(132,25,54,2,'2025-10-20 06:49:10'),(133,25,57,2,'2025-10-20 06:49:10'),(134,25,58,2,'2025-10-20 06:49:10'),(135,25,61,2,'2025-10-20 06:49:10'),(136,25,63,2,'2025-10-20 06:49:10'),(137,25,65,2,'2025-10-20 06:49:10'),(138,25,79,2,'2025-10-20 06:49:10'),(139,25,80,2,'2025-10-20 06:49:10'),(140,25,84,2,'2025-10-20 06:49:10'),(141,25,89,2,'2025-10-20 06:49:10'),(142,25,90,2,'2025-10-20 06:49:10'),(143,25,92,2,'2025-10-20 06:49:10'),(144,25,98,2,'2025-10-20 06:49:10'),(145,26,3,2,'2025-10-20 06:49:10'),(146,26,6,2,'2025-10-20 06:49:10'),(147,26,11,2,'2025-10-20 06:49:10'),(148,26,13,2,'2025-10-20 06:49:10'),(149,26,18,2,'2025-10-20 06:49:10'),(150,26,28,2,'2025-10-20 06:49:10'),(151,26,38,2,'2025-10-20 06:49:10'),(152,26,45,2,'2025-10-20 06:49:10'),(153,26,56,2,'2025-10-20 06:49:10'),(154,26,57,2,'2025-10-20 06:49:10'),(155,26,58,2,'2025-10-20 06:49:10'),(156,26,59,2,'2025-10-20 06:49:10'),(157,26,63,2,'2025-10-20 06:49:10'),(158,26,68,2,'2025-10-20 06:49:10'),(159,26,71,2,'2025-10-20 06:49:10'),(160,26,72,2,'2025-10-20 06:49:10'),(161,26,85,2,'2025-10-20 06:49:10'),(162,26,86,2,'2025-10-20 06:49:10'),(163,26,92,2,'2025-10-20 06:49:10'),(164,26,96,2,'2025-10-20 06:49:10'),(165,26,97,2,'2025-10-20 06:49:10'),(166,26,98,2,'2025-10-20 06:49:10'),(167,26,99,2,'2025-10-20 06:49:10'),(168,27,2,2,'2025-10-20 06:49:10'),(169,27,5,2,'2025-10-20 06:49:10'),(170,27,6,2,'2025-10-20 06:49:10'),(171,27,8,2,'2025-10-20 06:49:10'),(172,27,11,2,'2025-10-20 06:49:10'),(173,27,17,2,'2025-10-20 06:49:10'),(174,27,19,2,'2025-10-20 06:49:10'),(175,27,25,2,'2025-10-20 06:49:10'),(176,27,26,2,'2025-10-20 06:49:10'),(177,27,31,2,'2025-10-20 06:49:10'),(178,27,34,2,'2025-10-20 06:49:10'),(179,27,35,2,'2025-10-20 06:49:10'),(180,27,36,2,'2025-10-20 06:49:10'),(181,27,41,2,'2025-10-20 06:49:10'),(182,27,42,2,'2025-10-20 06:49:10'),(183,27,45,2,'2025-10-20 06:49:10'),(184,27,46,2,'2025-10-20 06:49:10'),(185,27,47,2,'2025-10-20 06:49:10'),(186,27,48,2,'2025-10-20 06:49:10'),(187,27,51,2,'2025-10-20 06:49:10'),(188,27,52,2,'2025-10-20 06:49:10'),(189,27,54,2,'2025-10-20 06:49:10'),(190,27,57,2,'2025-10-20 06:49:10'),(191,27,60,2,'2025-10-20 06:49:10'),(192,27,65,2,'2025-10-20 06:49:10'),(193,27,67,2,'2025-10-20 06:49:10'),(194,27,68,2,'2025-10-20 06:49:10'),(195,27,69,2,'2025-10-20 06:49:10'),(196,27,72,2,'2025-10-20 06:49:10'),(197,27,75,2,'2025-10-20 06:49:10'),(198,27,77,2,'2025-10-20 06:49:10'),(199,27,81,2,'2025-10-20 06:49:10'),(200,27,87,2,'2025-10-20 06:49:10'),(201,27,90,2,'2025-10-20 06:49:10'),(202,27,93,2,'2025-10-20 06:49:10'),(203,27,99,2,'2025-10-20 06:49:10'),(204,27,100,2,'2025-10-20 06:49:10'),(205,28,3,2,'2025-10-20 06:49:10'),(206,28,5,2,'2025-10-20 06:49:10'),(207,28,6,2,'2025-10-20 06:49:10'),(208,28,8,2,'2025-10-20 06:49:10'),(209,28,17,2,'2025-10-20 06:49:10'),(210,28,18,2,'2025-10-20 06:49:10'),(211,28,19,2,'2025-10-20 06:49:10'),(212,28,21,2,'2025-10-20 06:49:10'),(213,28,23,2,'2025-10-20 06:49:10'),(214,28,25,2,'2025-10-20 06:49:10'),(215,28,26,2,'2025-10-20 06:49:10'),(216,28,30,2,'2025-10-20 06:49:10'),(217,28,31,2,'2025-10-20 06:49:10'),(218,28,33,2,'2025-10-20 06:49:10'),(219,28,35,2,'2025-10-20 06:49:10'),(220,28,36,2,'2025-10-20 06:49:10'),(221,28,39,2,'2025-10-20 06:49:10'),(222,28,40,2,'2025-10-20 06:49:10'),(223,28,42,2,'2025-10-20 06:49:10'),(224,28,43,2,'2025-10-20 06:49:10'),(225,28,44,2,'2025-10-20 06:49:10'),(226,28,45,2,'2025-10-20 06:49:10'),(227,28,48,2,'2025-10-20 06:49:10'),(228,28,52,2,'2025-10-20 06:49:10'),(229,28,55,2,'2025-10-20 06:49:10'),(230,28,56,2,'2025-10-20 06:49:10'),(231,28,57,2,'2025-10-20 06:49:10'),(232,28,58,2,'2025-10-20 06:49:10'),(233,28,59,2,'2025-10-20 06:49:10'),(234,28,60,2,'2025-10-20 06:49:10'),(235,28,62,2,'2025-10-20 06:49:10'),(236,28,63,2,'2025-10-20 06:49:10'),(237,28,64,2,'2025-10-20 06:49:10'),(238,28,65,2,'2025-10-20 06:49:10'),(239,28,66,2,'2025-10-20 06:49:10'),(240,28,68,2,'2025-10-20 06:49:10'),(241,28,69,2,'2025-10-20 06:49:10'),(242,28,72,2,'2025-10-20 06:49:10'),(243,28,73,2,'2025-10-20 06:49:10'),(244,28,75,2,'2025-10-20 06:49:10'),(245,28,78,2,'2025-10-20 06:49:10'),(246,28,80,2,'2025-10-20 06:49:10'),(247,28,84,2,'2025-10-20 06:49:10'),(248,28,85,2,'2025-10-20 06:49:10'),(249,28,89,2,'2025-10-20 06:49:10'),(250,28,91,2,'2025-10-20 06:49:10'),(251,28,92,2,'2025-10-20 06:49:10'),(252,28,93,2,'2025-10-20 06:49:10'),(253,28,96,2,'2025-10-20 06:49:10'),(254,28,99,2,'2025-10-20 06:49:10'),(255,29,5,2,'2025-10-20 06:49:10'),(256,29,8,2,'2025-10-20 06:49:10'),(257,29,9,2,'2025-10-20 06:49:10'),(258,29,10,2,'2025-10-20 06:49:10'),(259,29,14,2,'2025-10-20 06:49:10'),(260,29,16,2,'2025-10-20 06:49:10'),(261,29,20,2,'2025-10-20 06:49:10'),(262,29,22,2,'2025-10-20 06:49:10'),(263,29,25,2,'2025-10-20 06:49:10'),(264,29,26,2,'2025-10-20 06:49:10'),(265,29,27,2,'2025-10-20 06:49:10'),(266,29,32,2,'2025-10-20 06:49:10'),(267,29,37,2,'2025-10-20 06:49:10'),(268,29,44,2,'2025-10-20 06:49:10'),(269,29,48,2,'2025-10-20 06:49:10'),(270,29,52,2,'2025-10-20 06:49:10'),(271,29,64,2,'2025-10-20 06:49:10'),(272,29,68,2,'2025-10-20 06:49:10'),(273,29,75,2,'2025-10-20 06:49:10'),(274,29,76,2,'2025-10-20 06:49:10'),(275,29,78,2,'2025-10-20 06:49:10'),(276,29,80,2,'2025-10-20 06:49:10'),(277,29,93,2,'2025-10-20 06:49:10'),(278,30,2,2,'2025-10-20 06:49:10'),(279,30,3,2,'2025-10-20 06:49:10'),(280,30,7,2,'2025-10-20 06:49:10'),(281,30,10,2,'2025-10-20 06:49:10'),(282,30,12,2,'2025-10-20 06:49:10'),(283,30,15,2,'2025-10-20 06:49:10'),(284,30,17,2,'2025-10-20 06:49:10'),(285,30,21,2,'2025-10-20 06:49:10'),(286,30,22,2,'2025-10-20 06:49:10'),(287,30,23,2,'2025-10-20 06:49:10'),(288,30,24,2,'2025-10-20 06:49:10'),(289,30,25,2,'2025-10-20 06:49:10'),(290,30,28,2,'2025-10-20 06:49:10'),(291,30,29,2,'2025-10-20 06:49:10'),(292,30,31,2,'2025-10-20 06:49:10'),(293,30,35,2,'2025-10-20 06:49:10'),(294,30,36,2,'2025-10-20 06:49:10'),(295,30,40,2,'2025-10-20 06:49:10'),(296,30,41,2,'2025-10-20 06:49:10'),(297,30,42,2,'2025-10-20 06:49:10'),(298,30,45,2,'2025-10-20 06:49:10'),(299,30,47,2,'2025-10-20 06:49:10'),(300,30,48,2,'2025-10-20 06:49:10'),(301,30,49,2,'2025-10-20 06:49:10'),(302,30,50,2,'2025-10-20 06:49:10'),(303,30,51,2,'2025-10-20 06:49:10'),(304,30,52,2,'2025-10-20 06:49:10'),(305,30,54,2,'2025-10-20 06:49:10'),(306,30,57,2,'2025-10-20 06:49:10'),(307,30,58,2,'2025-10-20 06:49:10'),(308,30,63,2,'2025-10-20 06:49:10'),(309,30,64,2,'2025-10-20 06:49:10'),(310,30,65,2,'2025-10-20 06:49:10'),(311,30,67,2,'2025-10-20 06:49:10'),(312,30,73,2,'2025-10-20 06:49:10'),(313,30,78,2,'2025-10-20 06:49:10'),(314,30,79,2,'2025-10-20 06:49:10'),(315,30,80,2,'2025-10-20 06:49:10'),(316,30,85,2,'2025-10-20 06:49:10'),(317,30,86,2,'2025-10-20 06:49:10'),(318,30,89,2,'2025-10-20 06:49:10'),(319,30,91,2,'2025-10-20 06:49:10'),(320,30,92,2,'2025-10-20 06:49:10'),(321,30,94,2,'2025-10-20 06:49:10'),(322,30,97,2,'2025-10-20 06:49:10'),(323,30,98,2,'2025-10-20 06:49:10'),(324,30,99,2,'2025-10-20 06:49:10'),(325,31,1,2,'2025-10-20 06:49:10'),(326,31,2,2,'2025-10-20 06:49:10'),(327,31,3,2,'2025-10-20 06:49:10'),(328,31,6,2,'2025-10-20 06:49:10'),(329,31,7,2,'2025-10-20 06:49:10'),(330,31,8,2,'2025-10-20 06:49:10'),(331,31,9,2,'2025-10-20 06:49:10'),(332,31,11,2,'2025-10-20 06:49:10'),(333,31,18,2,'2025-10-20 06:49:10'),(334,31,19,2,'2025-10-20 06:49:10'),(335,31,20,2,'2025-10-20 06:49:10'),(336,31,21,2,'2025-10-20 06:49:10'),(337,31,23,2,'2025-10-20 06:49:10'),(338,31,27,2,'2025-10-20 06:49:10'),(339,31,28,2,'2025-10-20 06:49:10'),(340,31,31,2,'2025-10-20 06:49:10'),(341,31,32,2,'2025-10-20 06:49:10'),(342,31,34,2,'2025-10-20 06:49:10'),(343,31,35,2,'2025-10-20 06:49:10'),(344,31,36,2,'2025-10-20 06:49:10'),(345,31,37,2,'2025-10-20 06:49:10'),(346,31,38,2,'2025-10-20 06:49:10'),(347,31,39,2,'2025-10-20 06:49:10'),(348,31,40,2,'2025-10-20 06:49:10'),(349,31,42,2,'2025-10-20 06:49:10'),(350,31,45,2,'2025-10-20 06:49:10'),(351,31,46,2,'2025-10-20 06:49:10'),(352,31,47,2,'2025-10-20 06:49:10'),(353,31,48,2,'2025-10-20 06:49:10'),(354,31,54,2,'2025-10-20 06:49:10'),(355,31,57,2,'2025-10-20 06:49:10'),(356,31,58,2,'2025-10-20 06:49:10'),(357,31,62,2,'2025-10-20 06:49:10'),(358,31,68,2,'2025-10-20 06:49:10'),(359,31,71,2,'2025-10-20 06:49:10'),(360,31,72,2,'2025-10-20 06:49:10'),(361,31,73,2,'2025-10-20 06:49:10'),(362,31,74,2,'2025-10-20 06:49:10'),(363,31,76,2,'2025-10-20 06:49:10'),(364,31,77,2,'2025-10-20 06:49:10'),(365,31,82,2,'2025-10-20 06:49:10'),(366,31,83,2,'2025-10-20 06:49:11'),(367,31,86,2,'2025-10-20 06:49:11'),(368,31,89,2,'2025-10-20 06:49:11'),(369,31,94,2,'2025-10-20 06:49:11'),(370,31,97,2,'2025-10-20 06:49:11'),(371,31,99,2,'2025-10-20 06:49:11'),(372,31,100,2,'2025-10-20 06:49:11'),(373,32,11,2,'2025-10-20 06:49:11'),(374,32,16,2,'2025-10-20 06:49:11'),(375,32,19,2,'2025-10-20 06:49:11'),(376,32,20,2,'2025-10-20 06:49:11'),(377,32,29,2,'2025-10-20 06:49:11'),(378,32,31,2,'2025-10-20 06:49:11'),(379,32,32,2,'2025-10-20 06:49:11'),(380,32,34,2,'2025-10-20 06:49:11'),(381,32,36,2,'2025-10-20 06:49:11'),(382,32,37,2,'2025-10-20 06:49:11'),(383,32,38,2,'2025-10-20 06:49:11'),(384,32,47,2,'2025-10-20 06:49:11'),(385,32,52,2,'2025-10-20 06:49:11'),(386,32,58,2,'2025-10-20 06:49:11'),(387,32,59,2,'2025-10-20 06:49:11'),(388,32,62,2,'2025-10-20 06:49:11'),(389,32,63,2,'2025-10-20 06:49:11'),(390,32,65,2,'2025-10-20 06:49:11'),(391,32,68,2,'2025-10-20 06:49:11'),(392,32,78,2,'2025-10-20 06:49:11'),(393,32,79,2,'2025-10-20 06:49:11'),(394,32,88,2,'2025-10-20 06:49:11'),(395,32,89,2,'2025-10-20 06:49:11'),(396,32,91,2,'2025-10-20 06:49:11'),(397,33,3,2,'2025-10-20 06:49:11'),(398,33,6,2,'2025-10-20 06:49:11'),(399,33,7,2,'2025-10-20 06:49:11'),(400,33,9,2,'2025-10-20 06:49:11'),(401,33,12,2,'2025-10-20 06:49:11'),(402,33,17,2,'2025-10-20 06:49:11'),(403,33,18,2,'2025-10-20 06:49:11'),(404,33,20,2,'2025-10-20 06:49:11'),(405,33,21,2,'2025-10-20 06:49:11'),(406,33,26,2,'2025-10-20 06:49:11'),(407,33,29,2,'2025-10-20 06:49:11'),(408,33,30,2,'2025-10-20 06:49:11'),(409,33,32,2,'2025-10-20 06:49:11'),(410,33,34,2,'2025-10-20 06:49:11'),(411,33,43,2,'2025-10-20 06:49:11'),(412,33,44,2,'2025-10-20 06:49:11'),(413,33,46,2,'2025-10-20 06:49:11'),(414,33,47,2,'2025-10-20 06:49:11'),(415,33,48,2,'2025-10-20 06:49:11'),(416,33,49,2,'2025-10-20 06:49:11'),(417,33,53,2,'2025-10-20 06:49:11'),(418,33,57,2,'2025-10-20 06:49:11'),(419,33,58,2,'2025-10-20 06:49:11'),(420,33,64,2,'2025-10-20 06:49:11'),(421,33,68,2,'2025-10-20 06:49:11'),(422,33,70,2,'2025-10-20 06:49:11'),(423,33,71,2,'2025-10-20 06:49:11'),(424,33,72,2,'2025-10-20 06:49:11'),(425,33,75,2,'2025-10-20 06:49:11'),(426,33,76,2,'2025-10-20 06:49:11'),(427,33,78,2,'2025-10-20 06:49:11'),(428,33,80,2,'2025-10-20 06:49:11'),(429,33,81,2,'2025-10-20 06:49:11'),(430,33,88,2,'2025-10-20 06:49:11'),(431,33,89,2,'2025-10-20 06:49:11'),(432,33,91,2,'2025-10-20 06:49:11'),(433,33,93,2,'2025-10-20 06:49:11'),(434,33,94,2,'2025-10-20 06:49:11'),(435,33,96,2,'2025-10-20 06:49:11'),(436,33,100,2,'2025-10-20 06:49:11'),(437,34,1,2,'2025-10-20 06:49:11'),(438,34,2,2,'2025-10-20 06:49:11'),(439,34,5,2,'2025-10-20 06:49:11'),(440,34,6,2,'2025-10-20 06:49:11'),(441,34,11,2,'2025-10-20 06:49:11'),(442,34,12,2,'2025-10-20 06:49:11'),(443,34,13,2,'2025-10-20 06:49:11'),(444,34,15,2,'2025-10-20 06:49:11'),(445,34,16,2,'2025-10-20 06:49:11'),(446,34,17,2,'2025-10-20 06:49:11'),(447,34,19,2,'2025-10-20 06:49:11'),(448,34,20,2,'2025-10-20 06:49:11'),(449,34,23,2,'2025-10-20 06:49:11'),(450,34,29,2,'2025-10-20 06:49:11'),(451,34,30,2,'2025-10-20 06:49:11'),(452,34,32,2,'2025-10-20 06:49:11'),(453,34,34,2,'2025-10-20 06:49:11'),(454,34,35,2,'2025-10-20 06:49:11'),(455,34,36,2,'2025-10-20 06:49:11'),(456,34,37,2,'2025-10-20 06:49:11'),(457,34,38,2,'2025-10-20 06:49:11'),(458,34,39,2,'2025-10-20 06:49:11'),(459,34,42,2,'2025-10-20 06:49:11'),(460,34,44,2,'2025-10-20 06:49:11'),(461,34,47,2,'2025-10-20 06:49:11'),(462,34,50,2,'2025-10-20 06:49:11'),(463,34,53,2,'2025-10-20 06:49:11'),(464,34,54,2,'2025-10-20 06:49:11'),(465,34,56,2,'2025-10-20 06:49:11'),(466,34,57,2,'2025-10-20 06:49:11'),(467,34,59,2,'2025-10-20 06:49:11'),(468,34,61,2,'2025-10-20 06:49:11'),(469,34,66,2,'2025-10-20 06:49:11'),(470,34,68,2,'2025-10-20 06:49:11'),(471,34,74,2,'2025-10-20 06:49:11'),(472,34,75,2,'2025-10-20 06:49:11'),(473,34,80,2,'2025-10-20 06:49:11'),(474,34,84,2,'2025-10-20 06:49:11'),(475,34,86,2,'2025-10-20 06:49:11'),(476,34,87,2,'2025-10-20 06:49:11'),(477,34,88,2,'2025-10-20 06:49:11'),(478,34,89,2,'2025-10-20 06:49:11'),(479,34,93,2,'2025-10-20 06:49:11'),(480,34,96,2,'2025-10-20 06:49:11'),(481,34,99,2,'2025-10-20 06:49:11'),(482,34,100,2,'2025-10-20 06:49:11'),(483,35,1,2,'2025-10-20 06:49:11'),(484,35,2,2,'2025-10-20 06:49:11'),(485,35,7,2,'2025-10-20 06:49:11'),(486,35,11,2,'2025-10-20 06:49:11'),(487,35,12,2,'2025-10-20 06:49:11'),(488,35,13,2,'2025-10-20 06:49:11'),(489,35,15,2,'2025-10-20 06:49:11'),(490,35,17,2,'2025-10-20 06:49:11'),(491,35,24,2,'2025-10-20 06:49:11'),(492,35,33,2,'2025-10-20 06:49:11'),(493,35,41,2,'2025-10-20 06:49:11'),(494,35,42,2,'2025-10-20 06:49:11'),(495,35,47,2,'2025-10-20 06:49:11'),(496,35,48,2,'2025-10-20 06:49:11'),(497,35,50,2,'2025-10-20 06:49:11'),(498,35,51,2,'2025-10-20 06:49:11'),(499,35,52,2,'2025-10-20 06:49:11'),(500,35,55,2,'2025-10-20 06:49:11'),(501,35,56,2,'2025-10-20 06:49:11'),(502,35,59,2,'2025-10-20 06:49:11'),(503,35,61,2,'2025-10-20 06:49:11'),(504,35,62,2,'2025-10-20 06:49:11'),(505,35,63,2,'2025-10-20 06:49:11'),(506,35,64,2,'2025-10-20 06:49:11'),(507,35,65,2,'2025-10-20 06:49:11'),(508,35,67,2,'2025-10-20 06:49:11'),(509,35,69,2,'2025-10-20 06:49:11'),(510,35,71,2,'2025-10-20 06:49:11'),(511,35,72,2,'2025-10-20 06:49:11'),(512,35,74,2,'2025-10-20 06:49:11'),(513,35,79,2,'2025-10-20 06:49:11'),(514,35,81,2,'2025-10-20 06:49:11'),(515,35,82,2,'2025-10-20 06:49:11'),(516,35,85,2,'2025-10-20 06:49:11'),(517,35,86,2,'2025-10-20 06:49:11'),(518,35,87,2,'2025-10-20 06:49:11'),(519,35,93,2,'2025-10-20 06:49:11'),(520,36,1,2,'2025-10-20 06:49:11'),(521,36,2,2,'2025-10-20 06:49:11'),(522,36,7,2,'2025-10-20 06:49:11'),(523,36,8,2,'2025-10-20 06:49:11'),(524,36,10,2,'2025-10-20 06:49:11'),(525,36,12,2,'2025-10-20 06:49:11'),(526,36,13,2,'2025-10-20 06:49:11'),(527,36,16,2,'2025-10-20 06:49:11'),(528,36,29,2,'2025-10-20 06:49:11'),(529,36,30,2,'2025-10-20 06:49:11'),(530,36,38,2,'2025-10-20 06:49:11'),(531,36,39,2,'2025-10-20 06:49:11'),(532,36,49,2,'2025-10-20 06:49:11'),(533,36,53,2,'2025-10-20 06:49:11'),(534,36,54,2,'2025-10-20 06:49:11'),(535,36,56,2,'2025-10-20 06:49:11'),(536,36,57,2,'2025-10-20 06:49:11'),(537,36,59,2,'2025-10-20 06:49:11'),(538,36,60,2,'2025-10-20 06:49:11'),(539,36,66,2,'2025-10-20 06:49:11'),(540,36,67,2,'2025-10-20 06:49:11'),(541,36,69,2,'2025-10-20 06:49:11'),(542,36,77,2,'2025-10-20 06:49:11'),(543,36,79,2,'2025-10-20 06:49:11'),(544,36,81,2,'2025-10-20 06:49:11'),(545,36,84,2,'2025-10-20 06:49:11'),(546,36,88,2,'2025-10-20 06:49:11'),(547,36,100,2,'2025-10-20 06:49:11'),(548,37,1,2,'2025-10-20 06:49:11'),(549,37,3,2,'2025-10-20 06:49:11'),(550,37,10,2,'2025-10-20 06:49:11'),(551,37,14,2,'2025-10-20 06:49:11'),(552,37,15,2,'2025-10-20 06:49:11'),(553,37,16,2,'2025-10-20 06:49:11'),(554,37,18,2,'2025-10-20 06:49:11'),(555,37,26,2,'2025-10-20 06:49:11'),(556,37,29,2,'2025-10-20 06:49:11'),(557,37,33,2,'2025-10-20 06:49:11'),(558,37,37,2,'2025-10-20 06:49:11'),(559,37,38,2,'2025-10-20 06:49:11'),(560,37,40,2,'2025-10-20 06:49:11'),(561,37,47,2,'2025-10-20 06:49:11'),(562,37,48,2,'2025-10-20 06:49:11'),(563,37,49,2,'2025-10-20 06:49:11'),(564,37,52,2,'2025-10-20 06:49:11'),(565,37,53,2,'2025-10-20 06:49:11'),(566,37,57,2,'2025-10-20 06:49:11'),(567,37,58,2,'2025-10-20 06:49:11'),(568,37,59,2,'2025-10-20 06:49:11'),(569,37,64,2,'2025-10-20 06:49:11'),(570,37,74,2,'2025-10-20 06:49:11'),(571,37,75,2,'2025-10-20 06:49:11'),(572,37,78,2,'2025-10-20 06:49:11'),(573,37,86,2,'2025-10-20 06:49:11'),(574,37,87,2,'2025-10-20 06:49:11'),(575,37,93,2,'2025-10-20 06:49:11'),(576,37,96,2,'2025-10-20 06:49:11'),(577,37,97,2,'2025-10-20 06:49:11'),(578,37,99,2,'2025-10-20 06:49:11'),(579,38,4,2,'2025-10-20 06:49:11'),(580,38,8,2,'2025-10-20 06:49:11'),(581,38,17,2,'2025-10-20 06:49:11'),(582,38,19,2,'2025-10-20 06:49:11'),(583,38,26,2,'2025-10-20 06:49:11'),(584,38,32,2,'2025-10-20 06:49:11'),(585,38,33,2,'2025-10-20 06:49:11'),(586,38,45,2,'2025-10-20 06:49:11'),(587,38,47,2,'2025-10-20 06:49:11'),(588,38,49,2,'2025-10-20 06:49:11'),(589,38,52,2,'2025-10-20 06:49:11'),(590,38,61,2,'2025-10-20 06:49:11'),(591,38,64,2,'2025-10-20 06:49:11'),(592,38,65,2,'2025-10-20 06:49:11'),(593,38,67,2,'2025-10-20 06:49:11'),(594,38,69,2,'2025-10-20 06:49:11'),(595,38,70,2,'2025-10-20 06:49:11'),(596,38,75,2,'2025-10-20 06:49:11'),(597,38,80,2,'2025-10-20 06:49:11'),(598,38,81,2,'2025-10-20 06:49:11'),(599,38,89,2,'2025-10-20 06:49:11'),(600,38,90,2,'2025-10-20 06:49:11'),(601,38,93,2,'2025-10-20 06:49:11'),(602,38,94,2,'2025-10-20 06:49:11'),(603,38,96,2,'2025-10-20 06:49:11'),(604,38,99,2,'2025-10-20 06:49:11'),(605,39,8,2,'2025-10-20 06:49:11'),(606,39,9,2,'2025-10-20 06:49:11'),(607,39,11,2,'2025-10-20 06:49:11'),(608,39,12,2,'2025-10-20 06:49:11'),(609,39,15,2,'2025-10-20 06:49:11'),(610,39,19,2,'2025-10-20 06:49:11'),(611,39,21,2,'2025-10-20 06:49:11'),(612,39,22,2,'2025-10-20 06:49:11'),(613,39,27,2,'2025-10-20 06:49:11'),(614,39,34,2,'2025-10-20 06:49:11'),(615,39,39,2,'2025-10-20 06:49:11'),(616,39,41,2,'2025-10-20 06:49:11'),(617,39,42,2,'2025-10-20 06:49:11'),(618,39,43,2,'2025-10-20 06:49:11'),(619,39,45,2,'2025-10-20 06:49:11'),(620,39,51,2,'2025-10-20 06:49:11'),(621,39,57,2,'2025-10-20 06:49:11'),(622,39,67,2,'2025-10-20 06:49:11'),(623,39,68,2,'2025-10-20 06:49:11'),(624,39,77,2,'2025-10-20 06:49:11'),(625,39,87,2,'2025-10-20 06:49:11'),(626,39,100,2,'2025-10-20 06:49:11'),(627,40,7,2,'2025-10-20 06:49:11'),(628,40,8,2,'2025-10-20 06:49:11'),(629,40,9,2,'2025-10-20 06:49:11'),(630,40,14,2,'2025-10-20 06:49:11'),(631,40,16,2,'2025-10-20 06:49:11'),(632,40,24,2,'2025-10-20 06:49:11'),(633,40,25,2,'2025-10-20 06:49:11'),(634,40,31,2,'2025-10-20 06:49:11'),(635,40,35,2,'2025-10-20 06:49:11'),(636,40,37,2,'2025-10-20 06:49:11'),(637,40,39,2,'2025-10-20 06:49:11'),(638,40,42,2,'2025-10-20 06:49:11'),(639,40,44,2,'2025-10-20 06:49:11'),(640,40,45,2,'2025-10-20 06:49:11'),(641,40,54,2,'2025-10-20 06:49:11'),(642,40,55,2,'2025-10-20 06:49:11'),(643,40,63,2,'2025-10-20 06:49:11'),(644,40,64,2,'2025-10-20 06:49:11'),(645,40,69,2,'2025-10-20 06:49:11'),(646,40,71,2,'2025-10-20 06:49:11'),(647,40,72,2,'2025-10-20 06:49:11'),(648,40,77,2,'2025-10-20 06:49:11'),(649,40,79,2,'2025-10-20 06:49:11'),(650,40,80,2,'2025-10-20 06:49:11'),(651,40,85,2,'2025-10-20 06:49:11'),(652,40,89,2,'2025-10-20 06:49:11'),(653,41,2,2,'2025-10-20 06:49:11'),(654,41,3,2,'2025-10-20 06:49:11'),(655,41,6,2,'2025-10-20 06:49:11'),(656,41,7,2,'2025-10-20 06:49:11'),(657,41,8,2,'2025-10-20 06:49:11'),(658,41,9,2,'2025-10-20 06:49:11'),(659,41,19,2,'2025-10-20 06:49:11'),(660,41,20,2,'2025-10-20 06:49:11'),(661,41,22,2,'2025-10-20 06:49:11'),(662,41,24,2,'2025-10-20 06:49:11'),(663,41,27,2,'2025-10-20 06:49:11'),(664,41,28,2,'2025-10-20 06:49:11'),(665,41,30,2,'2025-10-20 06:49:11'),(666,41,39,2,'2025-10-20 06:49:11'),(667,41,42,2,'2025-10-20 06:49:11'),(668,41,47,2,'2025-10-20 06:49:11'),(669,41,52,2,'2025-10-20 06:49:11'),(670,41,56,2,'2025-10-20 06:49:11'),(671,41,62,2,'2025-10-20 06:49:11'),(672,41,65,2,'2025-10-20 06:49:11'),(673,41,66,2,'2025-10-20 06:49:11'),(674,41,70,2,'2025-10-20 06:49:11'),(675,41,72,2,'2025-10-20 06:49:11'),(676,41,74,2,'2025-10-20 06:49:11'),(677,41,77,2,'2025-10-20 06:49:11'),(678,41,83,2,'2025-10-20 06:49:11'),(679,41,85,2,'2025-10-20 06:49:11'),(680,41,86,2,'2025-10-20 06:49:11'),(681,41,91,2,'2025-10-20 06:49:11'),(682,41,92,2,'2025-10-20 06:49:11'),(683,42,6,2,'2025-10-20 06:49:11'),(684,42,7,2,'2025-10-20 06:49:11'),(685,42,8,2,'2025-10-20 06:49:11'),(686,42,9,2,'2025-10-20 06:49:11'),(687,42,12,2,'2025-10-20 06:49:11'),(688,42,13,2,'2025-10-20 06:49:11'),(689,42,22,2,'2025-10-20 06:49:11'),(690,42,23,2,'2025-10-20 06:49:11'),(691,42,26,2,'2025-10-20 06:49:11'),(692,42,31,2,'2025-10-20 06:49:11'),(693,42,32,2,'2025-10-20 06:49:11'),(694,42,35,2,'2025-10-20 06:49:11'),(695,42,37,2,'2025-10-20 06:49:11'),(696,42,42,2,'2025-10-20 06:49:11'),(697,42,44,2,'2025-10-20 06:49:11'),(698,42,48,2,'2025-10-20 06:49:11'),(699,42,49,2,'2025-10-20 06:49:11'),(700,42,50,2,'2025-10-20 06:49:11'),(701,42,53,2,'2025-10-20 06:49:11'),(702,42,54,2,'2025-10-20 06:49:11'),(703,42,61,2,'2025-10-20 06:49:11'),(704,42,64,2,'2025-10-20 06:49:11'),(705,42,68,2,'2025-10-20 06:49:12'),(706,42,72,2,'2025-10-20 06:49:12'),(707,42,74,2,'2025-10-20 06:49:12'),(708,42,75,2,'2025-10-20 06:49:12'),(709,42,76,2,'2025-10-20 06:49:12'),(710,42,78,2,'2025-10-20 06:49:12'),(711,42,80,2,'2025-10-20 06:49:12'),(712,42,82,2,'2025-10-20 06:49:12'),(713,42,83,2,'2025-10-20 06:49:12'),(714,42,89,2,'2025-10-20 06:49:12'),(715,42,90,2,'2025-10-20 06:49:12'),(716,42,93,2,'2025-10-20 06:49:12'),(717,43,3,2,'2025-10-20 06:49:12'),(718,43,6,2,'2025-10-20 06:49:12'),(719,43,7,2,'2025-10-20 06:49:12'),(720,43,12,2,'2025-10-20 06:49:12'),(721,43,15,2,'2025-10-20 06:49:12'),(722,43,16,2,'2025-10-20 06:49:12'),(723,43,17,2,'2025-10-20 06:49:12'),(724,43,18,2,'2025-10-20 06:49:12'),(725,43,20,2,'2025-10-20 06:49:12'),(726,43,23,2,'2025-10-20 06:49:12'),(727,43,27,2,'2025-10-20 06:49:12'),(728,43,28,2,'2025-10-20 06:49:12'),(729,43,29,2,'2025-10-20 06:49:12'),(730,43,33,2,'2025-10-20 06:49:12'),(731,43,34,2,'2025-10-20 06:49:12'),(732,43,35,2,'2025-10-20 06:49:12'),(733,43,42,2,'2025-10-20 06:49:12'),(734,43,46,2,'2025-10-20 06:49:12'),(735,43,47,2,'2025-10-20 06:49:12'),(736,43,48,2,'2025-10-20 06:49:12'),(737,43,49,2,'2025-10-20 06:49:12'),(738,43,52,2,'2025-10-20 06:49:12'),(739,43,53,2,'2025-10-20 06:49:12'),(740,43,54,2,'2025-10-20 06:49:12'),(741,43,55,2,'2025-10-20 06:49:12'),(742,43,58,2,'2025-10-20 06:49:12'),(743,43,60,2,'2025-10-20 06:49:12'),(744,43,61,2,'2025-10-20 06:49:12'),(745,43,62,2,'2025-10-20 06:49:12'),(746,43,63,2,'2025-10-20 06:49:12'),(747,43,64,2,'2025-10-20 06:49:12'),(748,43,65,2,'2025-10-20 06:49:12'),(749,43,70,2,'2025-10-20 06:49:12'),(750,43,71,2,'2025-10-20 06:49:12'),(751,43,76,2,'2025-10-20 06:49:12'),(752,43,80,2,'2025-10-20 06:49:12'),(753,43,82,2,'2025-10-20 06:49:12'),(754,43,86,2,'2025-10-20 06:49:12'),(755,43,87,2,'2025-10-20 06:49:12'),(756,43,89,2,'2025-10-20 06:49:12'),(757,43,92,2,'2025-10-20 06:49:12'),(758,43,93,2,'2025-10-20 06:49:12'),(759,43,94,2,'2025-10-20 06:49:12'),(760,43,95,2,'2025-10-20 06:49:12'),(761,43,96,2,'2025-10-20 06:49:12'),(762,43,97,2,'2025-10-20 06:49:12'),(763,43,100,2,'2025-10-20 06:49:12'),(764,44,6,2,'2025-10-20 06:49:12'),(765,44,9,2,'2025-10-20 06:49:12'),(766,44,10,2,'2025-10-20 06:49:12'),(767,44,12,2,'2025-10-20 06:49:12'),(768,44,15,2,'2025-10-20 06:49:12'),(769,44,16,2,'2025-10-20 06:49:12'),(770,44,22,2,'2025-10-20 06:49:12'),(771,44,23,2,'2025-10-20 06:49:12'),(772,44,26,2,'2025-10-20 06:49:12'),(773,44,28,2,'2025-10-20 06:49:12'),(774,44,29,2,'2025-10-20 06:49:12'),(775,44,31,2,'2025-10-20 06:49:12'),(776,44,32,2,'2025-10-20 06:49:12'),(777,44,33,2,'2025-10-20 06:49:12'),(778,44,34,2,'2025-10-20 06:49:12'),(779,44,36,2,'2025-10-20 06:49:12'),(780,44,41,2,'2025-10-20 06:49:12'),(781,44,45,2,'2025-10-20 06:49:12'),(782,44,54,2,'2025-10-20 06:49:12'),(783,44,55,2,'2025-10-20 06:49:12'),(784,44,56,2,'2025-10-20 06:49:12'),(785,44,57,2,'2025-10-20 06:49:12'),(786,44,60,2,'2025-10-20 06:49:12'),(787,44,63,2,'2025-10-20 06:49:12'),(788,44,66,2,'2025-10-20 06:49:12'),(789,44,67,2,'2025-10-20 06:49:12'),(790,44,71,2,'2025-10-20 06:49:12'),(791,44,75,2,'2025-10-20 06:49:12'),(792,44,84,2,'2025-10-20 06:49:12'),(793,44,87,2,'2025-10-20 06:49:12'),(794,44,88,2,'2025-10-20 06:49:12'),(795,44,96,2,'2025-10-20 06:49:12'),(796,44,98,2,'2025-10-20 06:49:12'),(797,44,100,2,'2025-10-20 06:49:12'),(798,45,1,2,'2025-10-20 06:49:12'),(799,45,7,2,'2025-10-20 06:49:12'),(800,45,16,2,'2025-10-20 06:49:12'),(801,45,20,2,'2025-10-20 06:49:12'),(802,45,21,2,'2025-10-20 06:49:12'),(803,45,22,2,'2025-10-20 06:49:12'),(804,45,27,2,'2025-10-20 06:49:12'),(805,45,29,2,'2025-10-20 06:49:12'),(806,45,30,2,'2025-10-20 06:49:12'),(807,45,33,2,'2025-10-20 06:49:12'),(808,45,34,2,'2025-10-20 06:49:12'),(809,45,39,2,'2025-10-20 06:49:12'),(810,45,45,2,'2025-10-20 06:49:12'),(811,45,50,2,'2025-10-20 06:49:12'),(812,45,51,2,'2025-10-20 06:49:12'),(813,45,53,2,'2025-10-20 06:49:12'),(814,45,55,2,'2025-10-20 06:49:12'),(815,45,57,2,'2025-10-20 06:49:12'),(816,45,58,2,'2025-10-20 06:49:12'),(817,45,59,2,'2025-10-20 06:49:12'),(818,45,61,2,'2025-10-20 06:49:12'),(819,45,63,2,'2025-10-20 06:49:12'),(820,45,65,2,'2025-10-20 06:49:12'),(821,45,66,2,'2025-10-20 06:49:12'),(822,45,71,2,'2025-10-20 06:49:12'),(823,45,75,2,'2025-10-20 06:49:12'),(824,45,79,2,'2025-10-20 06:49:12'),(825,45,83,2,'2025-10-20 06:49:12'),(826,45,84,2,'2025-10-20 06:49:12'),(827,45,85,2,'2025-10-20 06:49:12'),(828,45,87,2,'2025-10-20 06:49:12'),(829,45,88,2,'2025-10-20 06:49:12'),(830,45,90,2,'2025-10-20 06:49:12'),(831,45,92,2,'2025-10-20 06:49:12'),(832,45,94,2,'2025-10-20 06:49:12'),(833,45,98,2,'2025-10-20 06:49:12'),(834,46,4,2,'2025-10-20 06:49:12'),(835,46,7,2,'2025-10-20 06:49:12'),(836,46,8,2,'2025-10-20 06:49:12'),(837,46,11,2,'2025-10-20 06:49:12'),(838,46,14,2,'2025-10-20 06:49:12'),(839,46,15,2,'2025-10-20 06:49:12'),(840,46,19,2,'2025-10-20 06:49:12'),(841,46,20,2,'2025-10-20 06:49:12'),(842,46,22,2,'2025-10-20 06:49:12'),(843,46,24,2,'2025-10-20 06:49:12'),(844,46,27,2,'2025-10-20 06:49:12'),(845,46,29,2,'2025-10-20 06:49:12'),(846,46,32,2,'2025-10-20 06:49:12'),(847,46,35,2,'2025-10-20 06:49:12'),(848,46,36,2,'2025-10-20 06:49:12'),(849,46,37,2,'2025-10-20 06:49:12'),(850,46,40,2,'2025-10-20 06:49:12'),(851,46,44,2,'2025-10-20 06:49:12'),(852,46,48,2,'2025-10-20 06:49:12'),(853,46,51,2,'2025-10-20 06:49:12'),(854,46,52,2,'2025-10-20 06:49:12'),(855,46,55,2,'2025-10-20 06:49:12'),(856,46,58,2,'2025-10-20 06:49:12'),(857,46,63,2,'2025-10-20 06:49:12'),(858,46,74,2,'2025-10-20 06:49:12'),(859,46,77,2,'2025-10-20 06:49:12'),(860,46,84,2,'2025-10-20 06:49:12'),(861,46,85,2,'2025-10-20 06:49:12'),(862,46,86,2,'2025-10-20 06:49:12'),(863,46,88,2,'2025-10-20 06:49:12'),(864,46,89,2,'2025-10-20 06:49:12'),(865,46,91,2,'2025-10-20 06:49:12'),(866,46,92,2,'2025-10-20 06:49:12'),(867,46,100,2,'2025-10-20 06:49:12'),(868,47,6,2,'2025-10-20 06:49:12'),(869,47,8,2,'2025-10-20 06:49:12'),(870,47,10,2,'2025-10-20 06:49:12'),(871,47,11,2,'2025-10-20 06:49:12'),(872,47,12,2,'2025-10-20 06:49:12'),(873,47,13,2,'2025-10-20 06:49:12'),(874,47,14,2,'2025-10-20 06:49:12'),(875,47,27,2,'2025-10-20 06:49:12'),(876,47,28,2,'2025-10-20 06:49:12'),(877,47,31,2,'2025-10-20 06:49:12'),(878,47,33,2,'2025-10-20 06:49:12'),(879,47,36,2,'2025-10-20 06:49:12'),(880,47,42,2,'2025-10-20 06:49:12'),(881,47,49,2,'2025-10-20 06:49:12'),(882,47,51,2,'2025-10-20 06:49:12'),(883,47,52,2,'2025-10-20 06:49:12'),(884,47,60,2,'2025-10-20 06:49:12'),(885,47,80,2,'2025-10-20 06:49:12'),(886,47,89,2,'2025-10-20 06:49:12'),(887,47,91,2,'2025-10-20 06:49:12'),(888,47,92,2,'2025-10-20 06:49:12'),(889,47,93,2,'2025-10-20 06:49:12'),(890,47,94,2,'2025-10-20 06:49:12'),(891,47,95,2,'2025-10-20 06:49:12'),(892,47,100,2,'2025-10-20 06:49:12'),(893,48,2,2,'2025-10-20 06:49:12'),(894,48,5,2,'2025-10-20 06:49:12'),(895,48,6,2,'2025-10-20 06:49:12'),(896,48,10,2,'2025-10-20 06:49:12'),(897,48,13,2,'2025-10-20 06:49:12'),(898,48,16,2,'2025-10-20 06:49:12'),(899,48,18,2,'2025-10-20 06:49:12'),(900,48,22,2,'2025-10-20 06:49:12'),(901,48,24,2,'2025-10-20 06:49:12'),(902,48,29,2,'2025-10-20 06:49:12'),(903,48,31,2,'2025-10-20 06:49:12'),(904,48,32,2,'2025-10-20 06:49:12'),(905,48,38,2,'2025-10-20 06:49:12'),(906,48,46,2,'2025-10-20 06:49:12'),(907,48,51,2,'2025-10-20 06:49:12'),(908,48,52,2,'2025-10-20 06:49:12'),(909,48,53,2,'2025-10-20 06:49:12'),(910,48,54,2,'2025-10-20 06:49:12'),(911,48,55,2,'2025-10-20 06:49:12'),(912,48,57,2,'2025-10-20 06:49:12'),(913,48,60,2,'2025-10-20 06:49:12'),(914,48,61,2,'2025-10-20 06:49:12'),(915,48,65,2,'2025-10-20 06:49:12'),(916,48,66,2,'2025-10-20 06:49:12'),(917,48,69,2,'2025-10-20 06:49:12'),(918,48,75,2,'2025-10-20 06:49:12'),(919,48,77,2,'2025-10-20 06:49:12'),(920,48,78,2,'2025-10-20 06:49:12'),(921,48,86,2,'2025-10-20 06:49:12'),(922,48,87,2,'2025-10-20 06:49:12'),(923,48,89,2,'2025-10-20 06:49:12'),(924,48,90,2,'2025-10-20 06:49:12'),(925,48,96,2,'2025-10-20 06:49:12'),(926,48,97,2,'2025-10-20 06:49:12'),(927,49,2,2,'2025-10-20 06:49:12'),(928,49,11,2,'2025-10-20 06:49:12'),(929,49,12,2,'2025-10-20 06:49:12'),(930,49,15,2,'2025-10-20 06:49:12'),(931,49,16,2,'2025-10-20 06:49:12'),(932,49,17,2,'2025-10-20 06:49:12'),(933,49,20,2,'2025-10-20 06:49:12'),(934,49,25,2,'2025-10-20 06:49:12'),(935,49,28,2,'2025-10-20 06:49:12'),(936,49,30,2,'2025-10-20 06:49:12'),(937,49,33,2,'2025-10-20 06:49:12'),(938,49,38,2,'2025-10-20 06:49:12'),(939,49,41,2,'2025-10-20 06:49:12'),(940,49,42,2,'2025-10-20 06:49:12'),(941,49,64,2,'2025-10-20 06:49:12'),(942,49,72,2,'2025-10-20 06:49:12'),(943,49,77,2,'2025-10-20 06:49:12'),(944,49,79,2,'2025-10-20 06:49:12'),(945,49,84,2,'2025-10-20 06:49:12'),(946,49,87,2,'2025-10-20 06:49:12'),(947,50,5,2,'2025-10-20 06:49:12'),(948,50,6,2,'2025-10-20 06:49:12'),(949,50,7,2,'2025-10-20 06:49:12'),(950,50,10,2,'2025-10-20 06:49:12'),(951,50,11,2,'2025-10-20 06:49:12'),(952,50,14,2,'2025-10-20 06:49:12'),(953,50,17,2,'2025-10-20 06:49:12'),(954,50,19,2,'2025-10-20 06:49:12'),(955,50,20,2,'2025-10-20 06:49:12'),(956,50,21,2,'2025-10-20 06:49:12'),(957,50,23,2,'2025-10-20 06:49:12'),(958,50,24,2,'2025-10-20 06:49:12'),(959,50,25,2,'2025-10-20 06:49:12'),(960,50,26,2,'2025-10-20 06:49:12'),(961,50,30,2,'2025-10-20 06:49:12'),(962,50,31,2,'2025-10-20 06:49:12'),(963,50,33,2,'2025-10-20 06:49:12'),(964,50,34,2,'2025-10-20 06:49:12'),(965,50,36,2,'2025-10-20 06:49:12'),(966,50,38,2,'2025-10-20 06:49:12'),(967,50,39,2,'2025-10-20 06:49:12'),(968,50,41,2,'2025-10-20 06:49:12'),(969,50,45,2,'2025-10-20 06:49:12'),(970,50,46,2,'2025-10-20 06:49:12'),(971,50,49,2,'2025-10-20 06:49:12'),(972,50,51,2,'2025-10-20 06:49:12'),(973,50,53,2,'2025-10-20 06:49:12'),(974,50,60,2,'2025-10-20 06:49:12'),(975,50,62,2,'2025-10-20 06:49:12'),(976,50,64,2,'2025-10-20 06:49:12'),(977,50,66,2,'2025-10-20 06:49:12'),(978,50,67,2,'2025-10-20 06:49:12'),(979,50,69,2,'2025-10-20 06:49:12'),(980,50,80,2,'2025-10-20 06:49:12'),(981,50,83,2,'2025-10-20 06:49:12'),(982,50,88,2,'2025-10-20 06:49:12'),(983,50,90,2,'2025-10-20 06:49:12'),(984,50,91,2,'2025-10-20 06:49:12'),(985,50,92,2,'2025-10-20 06:49:12'),(986,50,95,2,'2025-10-20 06:49:12'),(987,50,99,2,'2025-10-20 06:49:12'),(988,50,100,2,'2025-10-20 06:49:12'),(989,51,2,2,'2025-10-20 06:49:12'),(990,51,9,2,'2025-10-20 06:49:12'),(991,51,10,2,'2025-10-20 06:49:12'),(992,51,11,2,'2025-10-20 06:49:12'),(993,51,12,2,'2025-10-20 06:49:12'),(994,51,20,2,'2025-10-20 06:49:12'),(995,51,22,2,'2025-10-20 06:49:12'),(996,51,23,2,'2025-10-20 06:49:12'),(997,51,25,2,'2025-10-20 06:49:12'),(998,51,26,2,'2025-10-20 06:49:12'),(999,51,29,2,'2025-10-20 06:49:12'),(1000,51,32,2,'2025-10-20 06:49:12'),(1001,51,36,2,'2025-10-20 06:49:12'),(1002,51,40,2,'2025-10-20 06:49:12'),(1003,51,42,2,'2025-10-20 06:49:12'),(1004,51,43,2,'2025-10-20 06:49:12'),(1005,51,46,2,'2025-10-20 06:49:12'),(1006,51,49,2,'2025-10-20 06:49:12'),(1007,51,50,2,'2025-10-20 06:49:12'),(1008,51,52,2,'2025-10-20 06:49:12'),(1009,51,55,2,'2025-10-20 06:49:12'),(1010,51,56,2,'2025-10-20 06:49:12'),(1011,51,59,2,'2025-10-20 06:49:12'),(1012,51,62,2,'2025-10-20 06:49:12'),(1013,51,69,2,'2025-10-20 06:49:12'),(1014,51,73,2,'2025-10-20 06:49:12'),(1015,51,75,2,'2025-10-20 06:49:12'),(1016,51,77,2,'2025-10-20 06:49:12'),(1017,51,78,2,'2025-10-20 06:49:12'),(1018,51,81,2,'2025-10-20 06:49:12'),(1019,51,84,2,'2025-10-20 06:49:12'),(1020,51,85,2,'2025-10-20 06:49:12'),(1021,51,86,2,'2025-10-20 06:49:12'),(1022,51,87,2,'2025-10-20 06:49:12'),(1023,51,89,2,'2025-10-20 06:49:12'),(1024,51,90,2,'2025-10-20 06:49:12'),(1025,51,98,2,'2025-10-20 06:49:12'),(1026,51,99,2,'2025-10-20 06:49:12'),(1027,52,2,2,'2025-10-20 06:49:12'),(1028,52,3,2,'2025-10-20 06:49:12'),(1029,52,7,2,'2025-10-20 06:49:12'),(1030,52,11,2,'2025-10-20 06:49:12'),(1031,52,16,2,'2025-10-20 06:49:12'),(1032,52,25,2,'2025-10-20 06:49:12'),(1033,52,28,2,'2025-10-20 06:49:12'),(1034,52,36,2,'2025-10-20 06:49:12'),(1035,52,43,2,'2025-10-20 06:49:12'),(1036,52,45,2,'2025-10-20 06:49:12'),(1037,52,47,2,'2025-10-20 06:49:12'),(1038,52,54,2,'2025-10-20 06:49:12'),(1039,52,57,2,'2025-10-20 06:49:12'),(1040,52,63,2,'2025-10-20 06:49:12'),(1041,52,65,2,'2025-10-20 06:49:12'),(1042,52,72,2,'2025-10-20 06:49:12'),(1043,52,77,2,'2025-10-20 06:49:12'),(1044,52,79,2,'2025-10-20 06:49:12'),(1045,52,80,2,'2025-10-20 06:49:12'),(1046,52,82,2,'2025-10-20 06:49:12'),(1047,52,85,2,'2025-10-20 06:49:12'),(1048,52,88,2,'2025-10-20 06:49:12'),(1049,52,89,2,'2025-10-20 06:49:12'),(1050,52,91,2,'2025-10-20 06:49:12'),(1051,52,98,2,'2025-10-20 06:49:12'),(1052,52,99,2,'2025-10-20 06:49:12'),(1053,53,3,2,'2025-10-20 06:49:13'),(1054,53,4,2,'2025-10-20 06:49:13'),(1055,53,7,2,'2025-10-20 06:49:13'),(1056,53,11,2,'2025-10-20 06:49:13'),(1057,53,12,2,'2025-10-20 06:49:13'),(1058,53,13,2,'2025-10-20 06:49:13'),(1059,53,19,2,'2025-10-20 06:49:13'),(1060,53,21,2,'2025-10-20 06:49:13'),(1061,53,23,2,'2025-10-20 06:49:13'),(1062,53,25,2,'2025-10-20 06:49:13'),(1063,53,27,2,'2025-10-20 06:49:13'),(1064,53,28,2,'2025-10-20 06:49:13'),(1065,53,29,2,'2025-10-20 06:49:13'),(1066,53,33,2,'2025-10-20 06:49:13'),(1067,53,42,2,'2025-10-20 06:49:13'),(1068,53,44,2,'2025-10-20 06:49:13'),(1069,53,47,2,'2025-10-20 06:49:13'),(1070,53,49,2,'2025-10-20 06:49:13'),(1071,53,51,2,'2025-10-20 06:49:13'),(1072,53,52,2,'2025-10-20 06:49:13'),(1073,53,53,2,'2025-10-20 06:49:13'),(1074,53,55,2,'2025-10-20 06:49:13'),(1075,53,57,2,'2025-10-20 06:49:13'),(1076,53,61,2,'2025-10-20 06:49:13'),(1077,53,63,2,'2025-10-20 06:49:13'),(1078,53,66,2,'2025-10-20 06:49:13'),(1079,53,67,2,'2025-10-20 06:49:13'),(1080,53,73,2,'2025-10-20 06:49:13'),(1081,53,74,2,'2025-10-20 06:49:13'),(1082,53,76,2,'2025-10-20 06:49:13'),(1083,53,78,2,'2025-10-20 06:49:13'),(1084,53,79,2,'2025-10-20 06:49:13'),(1085,53,81,2,'2025-10-20 06:49:13'),(1086,53,83,2,'2025-10-20 06:49:13'),(1087,53,84,2,'2025-10-20 06:49:13'),(1088,53,85,2,'2025-10-20 06:49:13'),(1089,53,86,2,'2025-10-20 06:49:13'),(1090,53,89,2,'2025-10-20 06:49:13'),(1091,53,90,2,'2025-10-20 06:49:13'),(1092,53,92,2,'2025-10-20 06:49:13'),(1093,53,93,2,'2025-10-20 06:49:13'),(1094,53,95,2,'2025-10-20 06:49:13'),(1095,53,98,2,'2025-10-20 06:49:13'),(1096,54,1,2,'2025-10-20 06:49:13'),(1097,54,2,2,'2025-10-20 06:49:13'),(1098,54,6,2,'2025-10-20 06:49:13'),(1099,54,9,2,'2025-10-20 06:49:13'),(1100,54,12,2,'2025-10-20 06:49:13'),(1101,54,13,2,'2025-10-20 06:49:13'),(1102,54,14,2,'2025-10-20 06:49:13'),(1103,54,15,2,'2025-10-20 06:49:13'),(1104,54,16,2,'2025-10-20 06:49:13'),(1105,54,17,2,'2025-10-20 06:49:13'),(1106,54,18,2,'2025-10-20 06:49:13'),(1107,54,21,2,'2025-10-20 06:49:13'),(1108,54,23,2,'2025-10-20 06:49:13'),(1109,54,24,2,'2025-10-20 06:49:13'),(1110,54,26,2,'2025-10-20 06:49:13'),(1111,54,28,2,'2025-10-20 06:49:13'),(1112,54,30,2,'2025-10-20 06:49:13'),(1113,54,34,2,'2025-10-20 06:49:13'),(1114,54,37,2,'2025-10-20 06:49:13'),(1115,54,39,2,'2025-10-20 06:49:13'),(1116,54,40,2,'2025-10-20 06:49:13'),(1117,54,42,2,'2025-10-20 06:49:13'),(1118,54,44,2,'2025-10-20 06:49:13'),(1119,54,45,2,'2025-10-20 06:49:13'),(1120,54,47,2,'2025-10-20 06:49:13'),(1121,54,49,2,'2025-10-20 06:49:13'),(1122,54,51,2,'2025-10-20 06:49:13'),(1123,54,54,2,'2025-10-20 06:49:13'),(1124,54,56,2,'2025-10-20 06:49:13'),(1125,54,57,2,'2025-10-20 06:49:13'),(1126,54,61,2,'2025-10-20 06:49:13'),(1127,54,63,2,'2025-10-20 06:49:13'),(1128,54,65,2,'2025-10-20 06:49:13'),(1129,54,68,2,'2025-10-20 06:49:13'),(1130,54,72,2,'2025-10-20 06:49:13'),(1131,54,73,2,'2025-10-20 06:49:13'),(1132,54,74,2,'2025-10-20 06:49:13'),(1133,54,76,2,'2025-10-20 06:49:13'),(1134,54,77,2,'2025-10-20 06:49:13'),(1135,54,78,2,'2025-10-20 06:49:13'),(1136,54,81,2,'2025-10-20 06:49:13'),(1137,54,84,2,'2025-10-20 06:49:13'),(1138,54,85,2,'2025-10-20 06:49:13'),(1139,54,87,2,'2025-10-20 06:49:13'),(1140,54,89,2,'2025-10-20 06:49:13'),(1141,54,91,2,'2025-10-20 06:49:13'),(1142,54,92,2,'2025-10-20 06:49:13'),(1143,54,93,2,'2025-10-20 06:49:13'),(1144,54,95,2,'2025-10-20 06:49:13'),(1145,54,98,2,'2025-10-20 06:49:13'),(1146,55,5,2,'2025-10-20 06:49:13'),(1147,55,6,2,'2025-10-20 06:49:13'),(1148,55,8,2,'2025-10-20 06:49:13'),(1149,55,12,2,'2025-10-20 06:49:13'),(1150,55,17,2,'2025-10-20 06:49:13'),(1151,55,21,2,'2025-10-20 06:49:13'),(1152,55,22,2,'2025-10-20 06:49:13'),(1153,55,23,2,'2025-10-20 06:49:13'),(1154,55,25,2,'2025-10-20 06:49:13'),(1155,55,38,2,'2025-10-20 06:49:13'),(1156,55,39,2,'2025-10-20 06:49:13'),(1157,55,40,2,'2025-10-20 06:49:13'),(1158,55,50,2,'2025-10-20 06:49:13'),(1159,55,52,2,'2025-10-20 06:49:13'),(1160,55,53,2,'2025-10-20 06:49:13'),(1161,55,54,2,'2025-10-20 06:49:13'),(1162,55,56,2,'2025-10-20 06:49:13'),(1163,55,59,2,'2025-10-20 06:49:13'),(1164,55,60,2,'2025-10-20 06:49:13'),(1165,55,61,2,'2025-10-20 06:49:13'),(1166,55,65,2,'2025-10-20 06:49:13'),(1167,55,67,2,'2025-10-20 06:49:13'),(1168,55,68,2,'2025-10-20 06:49:13'),(1169,55,70,2,'2025-10-20 06:49:13'),(1170,55,71,2,'2025-10-20 06:49:13'),(1171,55,72,2,'2025-10-20 06:49:13'),(1172,55,74,2,'2025-10-20 06:49:13'),(1173,55,75,2,'2025-10-20 06:49:13'),(1174,55,77,2,'2025-10-20 06:49:13'),(1175,55,83,2,'2025-10-20 06:49:13'),(1176,55,85,2,'2025-10-20 06:49:13'),(1177,55,87,2,'2025-10-20 06:49:13'),(1178,55,89,2,'2025-10-20 06:49:13'),(1179,55,90,2,'2025-10-20 06:49:13'),(1180,55,97,2,'2025-10-20 06:49:13'),(1181,55,99,2,'2025-10-20 06:49:13'),(1182,55,100,2,'2025-10-20 06:49:13'),(1183,56,1,2,'2025-10-20 06:49:13'),(1184,56,2,2,'2025-10-20 06:49:13'),(1185,56,3,2,'2025-10-20 06:49:13'),(1186,56,4,2,'2025-10-20 06:49:13'),(1187,56,6,2,'2025-10-20 06:49:13'),(1188,56,7,2,'2025-10-20 06:49:13'),(1189,56,11,2,'2025-10-20 06:49:13'),(1190,56,15,2,'2025-10-20 06:49:13'),(1191,56,16,2,'2025-10-20 06:49:13'),(1192,56,17,2,'2025-10-20 06:49:13'),(1193,56,18,2,'2025-10-20 06:49:13'),(1194,56,26,2,'2025-10-20 06:49:13'),(1195,56,28,2,'2025-10-20 06:49:13'),(1196,56,29,2,'2025-10-20 06:49:13'),(1197,56,32,2,'2025-10-20 06:49:13'),(1198,56,34,2,'2025-10-20 06:49:13'),(1199,56,35,2,'2025-10-20 06:49:13'),(1200,56,36,2,'2025-10-20 06:49:13'),(1201,56,37,2,'2025-10-20 06:49:13'),(1202,56,38,2,'2025-10-20 06:49:13'),(1203,56,42,2,'2025-10-20 06:49:13'),(1204,56,43,2,'2025-10-20 06:49:13'),(1205,56,44,2,'2025-10-20 06:49:13'),(1206,56,47,2,'2025-10-20 06:49:13'),(1207,56,48,2,'2025-10-20 06:49:13'),(1208,56,49,2,'2025-10-20 06:49:13'),(1209,56,50,2,'2025-10-20 06:49:13'),(1210,56,56,2,'2025-10-20 06:49:13'),(1211,56,59,2,'2025-10-20 06:49:13'),(1212,56,60,2,'2025-10-20 06:49:13'),(1213,56,63,2,'2025-10-20 06:49:13'),(1214,56,66,2,'2025-10-20 06:49:13'),(1215,56,69,2,'2025-10-20 06:49:13'),(1216,56,70,2,'2025-10-20 06:49:13'),(1217,56,71,2,'2025-10-20 06:49:13'),(1218,56,74,2,'2025-10-20 06:49:13'),(1219,56,77,2,'2025-10-20 06:49:13'),(1220,56,79,2,'2025-10-20 06:49:13'),(1221,56,82,2,'2025-10-20 06:49:13'),(1222,56,83,2,'2025-10-20 06:49:13'),(1223,56,84,2,'2025-10-20 06:49:13'),(1224,56,87,2,'2025-10-20 06:49:13'),(1225,56,94,2,'2025-10-20 06:49:13'),(1226,56,95,2,'2025-10-20 06:49:13'),(1227,56,96,2,'2025-10-20 06:49:13'),(1228,56,98,2,'2025-10-20 06:49:13'),(1229,56,99,2,'2025-10-20 06:49:13'),(1230,56,100,2,'2025-10-20 06:49:13'),(1231,57,4,2,'2025-10-20 06:49:13'),(1232,57,5,2,'2025-10-20 06:49:13'),(1233,57,7,2,'2025-10-20 06:49:13'),(1234,57,14,2,'2025-10-20 06:49:13'),(1235,57,16,2,'2025-10-20 06:49:13'),(1236,57,17,2,'2025-10-20 06:49:13'),(1237,57,18,2,'2025-10-20 06:49:13'),(1238,57,19,2,'2025-10-20 06:49:13'),(1239,57,26,2,'2025-10-20 06:49:13'),(1240,57,28,2,'2025-10-20 06:49:13'),(1241,57,30,2,'2025-10-20 06:49:13'),(1242,57,35,2,'2025-10-20 06:49:13'),(1243,57,37,2,'2025-10-20 06:49:13'),(1244,57,42,2,'2025-10-20 06:49:13'),(1245,57,43,2,'2025-10-20 06:49:13'),(1246,57,46,2,'2025-10-20 06:49:13'),(1247,57,49,2,'2025-10-20 06:49:13'),(1248,57,51,2,'2025-10-20 06:49:13'),(1249,57,54,2,'2025-10-20 06:49:13'),(1250,57,55,2,'2025-10-20 06:49:13'),(1251,57,58,2,'2025-10-20 06:49:13'),(1252,57,61,2,'2025-10-20 06:49:13'),(1253,57,64,2,'2025-10-20 06:49:13'),(1254,57,68,2,'2025-10-20 06:49:13'),(1255,57,69,2,'2025-10-20 06:49:13'),(1256,57,72,2,'2025-10-20 06:49:13'),(1257,57,74,2,'2025-10-20 06:49:13'),(1258,57,79,2,'2025-10-20 06:49:13'),(1259,57,83,2,'2025-10-20 06:49:13'),(1260,57,85,2,'2025-10-20 06:49:13'),(1261,57,86,2,'2025-10-20 06:49:13'),(1262,57,87,2,'2025-10-20 06:49:13'),(1263,57,88,2,'2025-10-20 06:49:13'),(1264,57,89,2,'2025-10-20 06:49:13'),(1265,57,92,2,'2025-10-20 06:49:13'),(1266,57,97,2,'2025-10-20 06:49:13'),(1267,58,2,2,'2025-10-20 06:49:13'),(1268,58,11,2,'2025-10-20 06:49:13'),(1269,58,13,2,'2025-10-20 06:49:13'),(1270,58,14,2,'2025-10-20 06:49:13'),(1271,58,16,2,'2025-10-20 06:49:13'),(1272,58,19,2,'2025-10-20 06:49:13'),(1273,58,24,2,'2025-10-20 06:49:13'),(1274,58,30,2,'2025-10-20 06:49:13'),(1275,58,35,2,'2025-10-20 06:49:13'),(1276,58,36,2,'2025-10-20 06:49:13'),(1277,58,46,2,'2025-10-20 06:49:13'),(1278,58,55,2,'2025-10-20 06:49:13'),(1279,58,56,2,'2025-10-20 06:49:13'),(1280,58,60,2,'2025-10-20 06:49:13'),(1281,58,63,2,'2025-10-20 06:49:13'),(1282,58,71,2,'2025-10-20 06:49:13'),(1283,58,72,2,'2025-10-20 06:49:13'),(1284,58,75,2,'2025-10-20 06:49:13'),(1285,58,77,2,'2025-10-20 06:49:13'),(1286,58,88,2,'2025-10-20 06:49:13'),(1287,58,95,2,'2025-10-20 06:49:13'),(1288,58,97,2,'2025-10-20 06:49:13'),(1289,59,1,2,'2025-10-20 06:49:13'),(1290,59,2,2,'2025-10-20 06:49:13'),(1291,59,6,2,'2025-10-20 06:49:13'),(1292,59,10,2,'2025-10-20 06:49:13'),(1293,59,15,2,'2025-10-20 06:49:13'),(1294,59,17,2,'2025-10-20 06:49:13'),(1295,59,23,2,'2025-10-20 06:49:13'),(1296,59,28,2,'2025-10-20 06:49:13'),(1297,59,30,2,'2025-10-20 06:49:13'),(1298,59,32,2,'2025-10-20 06:49:13'),(1299,59,36,2,'2025-10-20 06:49:13'),(1300,59,38,2,'2025-10-20 06:49:13'),(1301,59,39,2,'2025-10-20 06:49:13'),(1302,59,48,2,'2025-10-20 06:49:13'),(1303,59,52,2,'2025-10-20 06:49:13'),(1304,59,55,2,'2025-10-20 06:49:13'),(1305,59,58,2,'2025-10-20 06:49:13'),(1306,59,59,2,'2025-10-20 06:49:13'),(1307,59,61,2,'2025-10-20 06:49:13'),(1308,59,63,2,'2025-10-20 06:49:13'),(1309,59,67,2,'2025-10-20 06:49:13'),(1310,59,70,2,'2025-10-20 06:49:13'),(1311,59,72,2,'2025-10-20 06:49:13'),(1312,59,80,2,'2025-10-20 06:49:13'),(1313,59,83,2,'2025-10-20 06:49:13'),(1314,59,84,2,'2025-10-20 06:49:13'),(1315,59,90,2,'2025-10-20 06:49:13'),(1316,59,92,2,'2025-10-20 06:49:13'),(1317,59,93,2,'2025-10-20 06:49:13'),(1318,60,3,2,'2025-10-20 06:49:13'),(1319,60,5,2,'2025-10-20 06:49:13'),(1320,60,6,2,'2025-10-20 06:49:13'),(1321,60,7,2,'2025-10-20 06:49:13'),(1322,60,11,2,'2025-10-20 06:49:13'),(1323,60,12,2,'2025-10-20 06:49:13'),(1324,60,16,2,'2025-10-20 06:49:13'),(1325,60,17,2,'2025-10-20 06:49:13'),(1326,60,19,2,'2025-10-20 06:49:13'),(1327,60,22,2,'2025-10-20 06:49:13'),(1328,60,23,2,'2025-10-20 06:49:13'),(1329,60,26,2,'2025-10-20 06:49:13'),(1330,60,27,2,'2025-10-20 06:49:13'),(1331,60,30,2,'2025-10-20 06:49:13'),(1332,60,31,2,'2025-10-20 06:49:13'),(1333,60,32,2,'2025-10-20 06:49:13'),(1334,60,34,2,'2025-10-20 06:49:13'),(1335,60,40,2,'2025-10-20 06:49:13'),(1336,60,42,2,'2025-10-20 06:49:13'),(1337,60,43,2,'2025-10-20 06:49:13'),(1338,60,46,2,'2025-10-20 06:49:13'),(1339,60,50,2,'2025-10-20 06:49:13'),(1340,60,52,2,'2025-10-20 06:49:13'),(1341,60,53,2,'2025-10-20 06:49:13'),(1342,60,54,2,'2025-10-20 06:49:13'),(1343,60,55,2,'2025-10-20 06:49:13'),(1344,60,57,2,'2025-10-20 06:49:13'),(1345,60,58,2,'2025-10-20 06:49:13'),(1346,60,62,2,'2025-10-20 06:49:13'),(1347,60,63,2,'2025-10-20 06:49:13'),(1348,60,64,2,'2025-10-20 06:49:13'),(1349,60,67,2,'2025-10-20 06:49:13'),(1350,60,69,2,'2025-10-20 06:49:13'),(1351,60,70,2,'2025-10-20 06:49:13'),(1352,60,71,2,'2025-10-20 06:49:13'),(1353,60,74,2,'2025-10-20 06:49:13'),(1354,60,75,2,'2025-10-20 06:49:13'),(1355,60,76,2,'2025-10-20 06:49:13'),(1356,60,79,2,'2025-10-20 06:49:13'),(1357,60,80,2,'2025-10-20 06:49:13'),(1358,60,82,2,'2025-10-20 06:49:13'),(1359,60,83,2,'2025-10-20 06:49:13'),(1360,60,85,2,'2025-10-20 06:49:13'),(1361,60,87,2,'2025-10-20 06:49:13'),(1362,60,91,2,'2025-10-20 06:49:13'),(1363,60,92,2,'2025-10-20 06:49:13'),(1364,60,95,2,'2025-10-20 06:49:13'),(1365,60,97,2,'2025-10-20 06:49:13'),(1366,60,99,2,'2025-10-20 06:49:13'),(1367,60,100,2,'2025-10-20 06:49:13'),(1368,61,1,2,'2025-10-20 06:49:13'),(1369,61,10,2,'2025-10-20 06:49:13'),(1370,61,16,2,'2025-10-20 06:49:13'),(1371,61,18,2,'2025-10-20 06:49:13'),(1372,61,23,2,'2025-10-20 06:49:13'),(1373,61,24,2,'2025-10-20 06:49:13'),(1374,61,26,2,'2025-10-20 06:49:13'),(1375,61,28,2,'2025-10-20 06:49:13'),(1376,61,29,2,'2025-10-20 06:49:13'),(1377,61,30,2,'2025-10-20 06:49:13'),(1378,61,33,2,'2025-10-20 06:49:13'),(1379,61,39,2,'2025-10-20 06:49:13'),(1380,61,44,2,'2025-10-20 06:49:13'),(1381,61,54,2,'2025-10-20 06:49:13'),(1382,61,57,2,'2025-10-20 06:49:13'),(1383,61,60,2,'2025-10-20 06:49:13'),(1384,61,66,2,'2025-10-20 06:49:13'),(1385,61,69,2,'2025-10-20 06:49:13'),(1386,61,72,2,'2025-10-20 06:49:13'),(1387,61,77,2,'2025-10-20 06:49:13'),(1388,61,78,2,'2025-10-20 06:49:13'),(1389,61,81,2,'2025-10-20 06:49:13'),(1390,61,91,2,'2025-10-20 06:49:13'),(1391,61,95,2,'2025-10-20 06:49:13'),(1392,61,98,2,'2025-10-20 06:49:13'),(1393,62,5,2,'2025-10-20 06:49:13'),(1394,62,6,2,'2025-10-20 06:49:13'),(1395,62,7,2,'2025-10-20 06:49:13'),(1396,62,8,2,'2025-10-20 06:49:13'),(1397,62,11,2,'2025-10-20 06:49:13'),(1398,62,14,2,'2025-10-20 06:49:13'),(1399,62,15,2,'2025-10-20 06:49:13'),(1400,62,17,2,'2025-10-20 06:49:13'),(1401,62,18,2,'2025-10-20 06:49:13'),(1402,62,19,2,'2025-10-20 06:49:13'),(1403,62,21,2,'2025-10-20 06:49:13'),(1404,62,29,2,'2025-10-20 06:49:13'),(1405,62,30,2,'2025-10-20 06:49:13'),(1406,62,31,2,'2025-10-20 06:49:13'),(1407,62,32,2,'2025-10-20 06:49:13'),(1408,62,33,2,'2025-10-20 06:49:13'),(1409,62,34,2,'2025-10-20 06:49:13'),(1410,62,35,2,'2025-10-20 06:49:13'),(1411,62,36,2,'2025-10-20 06:49:13'),(1412,62,40,2,'2025-10-20 06:49:13'),(1413,62,44,2,'2025-10-20 06:49:13'),(1414,62,46,2,'2025-10-20 06:49:13'),(1415,62,47,2,'2025-10-20 06:49:13'),(1416,62,50,2,'2025-10-20 06:49:13'),(1417,62,55,2,'2025-10-20 06:49:13'),(1418,62,56,2,'2025-10-20 06:49:13'),(1419,62,59,2,'2025-10-20 06:49:13'),(1420,62,60,2,'2025-10-20 06:49:13'),(1421,62,61,2,'2025-10-20 06:49:14'),(1422,62,62,2,'2025-10-20 06:49:14'),(1423,62,67,2,'2025-10-20 06:49:14'),(1424,62,69,2,'2025-10-20 06:49:14'),(1425,62,71,2,'2025-10-20 06:49:14'),(1426,62,73,2,'2025-10-20 06:49:14'),(1427,62,75,2,'2025-10-20 06:49:14'),(1428,62,76,2,'2025-10-20 06:49:14'),(1429,62,78,2,'2025-10-20 06:49:14'),(1430,62,80,2,'2025-10-20 06:49:14'),(1431,62,87,2,'2025-10-20 06:49:14'),(1432,62,89,2,'2025-10-20 06:49:14'),(1433,62,90,2,'2025-10-20 06:49:14'),(1434,62,91,2,'2025-10-20 06:49:14'),(1435,62,92,2,'2025-10-20 06:49:14'),(1436,62,95,2,'2025-10-20 06:49:14'),(1437,62,96,2,'2025-10-20 06:49:14'),(1438,62,98,2,'2025-10-20 06:49:14'),(1439,63,1,2,'2025-10-20 06:49:14'),(1440,63,3,2,'2025-10-20 06:49:14'),(1441,63,4,2,'2025-10-20 06:49:14'),(1442,63,6,2,'2025-10-20 06:49:14'),(1443,63,10,2,'2025-10-20 06:49:14'),(1444,63,16,2,'2025-10-20 06:49:14'),(1445,63,17,2,'2025-10-20 06:49:14'),(1446,63,19,2,'2025-10-20 06:49:14'),(1447,63,20,2,'2025-10-20 06:49:14'),(1448,63,21,2,'2025-10-20 06:49:14'),(1449,63,22,2,'2025-10-20 06:49:14'),(1450,63,25,2,'2025-10-20 06:49:14'),(1451,63,29,2,'2025-10-20 06:49:14'),(1452,63,30,2,'2025-10-20 06:49:14'),(1453,63,35,2,'2025-10-20 06:49:14'),(1454,63,38,2,'2025-10-20 06:49:14'),(1455,63,42,2,'2025-10-20 06:49:14'),(1456,63,46,2,'2025-10-20 06:49:14'),(1457,63,47,2,'2025-10-20 06:49:14'),(1458,63,49,2,'2025-10-20 06:49:14'),(1459,63,54,2,'2025-10-20 06:49:14'),(1460,63,56,2,'2025-10-20 06:49:14'),(1461,63,61,2,'2025-10-20 06:49:14'),(1462,63,63,2,'2025-10-20 06:49:14'),(1463,63,70,2,'2025-10-20 06:49:14'),(1464,63,74,2,'2025-10-20 06:49:14'),(1465,63,75,2,'2025-10-20 06:49:14'),(1466,63,76,2,'2025-10-20 06:49:14'),(1467,63,77,2,'2025-10-20 06:49:14'),(1468,63,78,2,'2025-10-20 06:49:14'),(1469,63,82,2,'2025-10-20 06:49:14'),(1470,63,84,2,'2025-10-20 06:49:14'),(1471,63,85,2,'2025-10-20 06:49:14'),(1472,63,86,2,'2025-10-20 06:49:14'),(1473,63,89,2,'2025-10-20 06:49:14'),(1474,63,91,2,'2025-10-20 06:49:14'),(1475,63,94,2,'2025-10-20 06:49:14'),(1476,63,97,2,'2025-10-20 06:49:14'),(1477,63,100,2,'2025-10-20 06:49:14'),(1478,64,10,2,'2025-10-20 06:49:14'),(1479,64,12,2,'2025-10-20 06:49:14'),(1480,64,13,2,'2025-10-20 06:49:14'),(1481,64,14,2,'2025-10-20 06:49:14'),(1482,64,20,2,'2025-10-20 06:49:14'),(1483,64,21,2,'2025-10-20 06:49:14'),(1484,64,22,2,'2025-10-20 06:49:14'),(1485,64,25,2,'2025-10-20 06:49:14'),(1486,64,26,2,'2025-10-20 06:49:14'),(1487,64,28,2,'2025-10-20 06:49:14'),(1488,64,30,2,'2025-10-20 06:49:14'),(1489,64,35,2,'2025-10-20 06:49:14'),(1490,64,39,2,'2025-10-20 06:49:14'),(1491,64,42,2,'2025-10-20 06:49:14'),(1492,64,47,2,'2025-10-20 06:49:14'),(1493,64,49,2,'2025-10-20 06:49:14'),(1494,64,51,2,'2025-10-20 06:49:14'),(1495,64,54,2,'2025-10-20 06:49:14'),(1496,64,58,2,'2025-10-20 06:49:14'),(1497,64,60,2,'2025-10-20 06:49:14'),(1498,64,62,2,'2025-10-20 06:49:14'),(1499,64,63,2,'2025-10-20 06:49:14'),(1500,64,65,2,'2025-10-20 06:49:14'),(1501,64,67,2,'2025-10-20 06:49:14'),(1502,64,68,2,'2025-10-20 06:49:14'),(1503,64,75,2,'2025-10-20 06:49:14'),(1504,64,76,2,'2025-10-20 06:49:14'),(1505,64,77,2,'2025-10-20 06:49:14'),(1506,64,78,2,'2025-10-20 06:49:14'),(1507,64,79,2,'2025-10-20 06:49:14'),(1508,64,81,2,'2025-10-20 06:49:14'),(1509,64,90,2,'2025-10-20 06:49:14'),(1510,64,91,2,'2025-10-20 06:49:14'),(1511,64,94,2,'2025-10-20 06:49:14'),(1512,64,95,2,'2025-10-20 06:49:14'),(1513,64,96,2,'2025-10-20 06:49:14'),(1514,64,97,2,'2025-10-20 06:49:14'),(1515,64,98,2,'2025-10-20 06:49:14'),(1516,64,100,2,'2025-10-20 06:49:14'),(1517,65,4,2,'2025-10-20 06:49:14'),(1518,65,5,2,'2025-10-20 06:49:14'),(1519,65,7,2,'2025-10-20 06:49:14'),(1520,65,8,2,'2025-10-20 06:49:14'),(1521,65,9,2,'2025-10-20 06:49:14'),(1522,65,15,2,'2025-10-20 06:49:14'),(1523,65,16,2,'2025-10-20 06:49:14'),(1524,65,27,2,'2025-10-20 06:49:14'),(1525,65,28,2,'2025-10-20 06:49:14'),(1526,65,33,2,'2025-10-20 06:49:14'),(1527,65,35,2,'2025-10-20 06:49:14'),(1528,65,43,2,'2025-10-20 06:49:14'),(1529,65,49,2,'2025-10-20 06:49:14'),(1530,65,53,2,'2025-10-20 06:49:14'),(1531,65,57,2,'2025-10-20 06:49:14'),(1532,65,61,2,'2025-10-20 06:49:14'),(1533,65,69,2,'2025-10-20 06:49:14'),(1534,65,72,2,'2025-10-20 06:49:14'),(1535,65,74,2,'2025-10-20 06:49:14'),(1536,65,77,2,'2025-10-20 06:49:14'),(1537,65,81,2,'2025-10-20 06:49:14'),(1538,65,85,2,'2025-10-20 06:49:14'),(1539,65,87,2,'2025-10-20 06:49:14'),(1540,65,90,2,'2025-10-20 06:49:14'),(1541,65,95,2,'2025-10-20 06:49:14'),(1542,65,96,2,'2025-10-20 06:49:14'),(1543,65,99,2,'2025-10-20 06:49:14'),(1544,66,6,2,'2025-10-20 06:49:14'),(1545,66,7,2,'2025-10-20 06:49:14'),(1546,66,8,2,'2025-10-20 06:49:14'),(1547,66,9,2,'2025-10-20 06:49:14'),(1548,66,19,2,'2025-10-20 06:49:14'),(1549,66,20,2,'2025-10-20 06:49:14'),(1550,66,25,2,'2025-10-20 06:49:14'),(1551,66,27,2,'2025-10-20 06:49:14'),(1552,66,35,2,'2025-10-20 06:49:14'),(1553,66,38,2,'2025-10-20 06:49:14'),(1554,66,42,2,'2025-10-20 06:49:14'),(1555,66,43,2,'2025-10-20 06:49:14'),(1556,66,45,2,'2025-10-20 06:49:14'),(1557,66,48,2,'2025-10-20 06:49:14'),(1558,66,51,2,'2025-10-20 06:49:14'),(1559,66,53,2,'2025-10-20 06:49:14'),(1560,66,54,2,'2025-10-20 06:49:14'),(1561,66,59,2,'2025-10-20 06:49:14'),(1562,66,61,2,'2025-10-20 06:49:14'),(1563,66,62,2,'2025-10-20 06:49:14'),(1564,66,63,2,'2025-10-20 06:49:14'),(1565,66,66,2,'2025-10-20 06:49:14'),(1566,66,69,2,'2025-10-20 06:49:14'),(1567,66,71,2,'2025-10-20 06:49:14'),(1568,66,78,2,'2025-10-20 06:49:14'),(1569,66,86,2,'2025-10-20 06:49:14'),(1570,66,90,2,'2025-10-20 06:49:14'),(1571,66,97,2,'2025-10-20 06:49:14'),(1572,67,6,2,'2025-10-20 06:49:14'),(1573,67,9,2,'2025-10-20 06:49:14'),(1574,67,11,2,'2025-10-20 06:49:14'),(1575,67,12,2,'2025-10-20 06:49:14'),(1576,67,16,2,'2025-10-20 06:49:14'),(1577,67,17,2,'2025-10-20 06:49:14'),(1578,67,18,2,'2025-10-20 06:49:14'),(1579,67,29,2,'2025-10-20 06:49:14'),(1580,67,36,2,'2025-10-20 06:49:14'),(1581,67,37,2,'2025-10-20 06:49:14'),(1582,67,39,2,'2025-10-20 06:49:14'),(1583,67,41,2,'2025-10-20 06:49:14'),(1584,67,45,2,'2025-10-20 06:49:14'),(1585,67,49,2,'2025-10-20 06:49:14'),(1586,67,50,2,'2025-10-20 06:49:14'),(1587,67,54,2,'2025-10-20 06:49:14'),(1588,67,57,2,'2025-10-20 06:49:14'),(1589,67,58,2,'2025-10-20 06:49:14'),(1590,67,68,2,'2025-10-20 06:49:14'),(1591,67,69,2,'2025-10-20 06:49:14'),(1592,67,70,2,'2025-10-20 06:49:14'),(1593,67,71,2,'2025-10-20 06:49:14'),(1594,67,74,2,'2025-10-20 06:49:14'),(1595,67,76,2,'2025-10-20 06:49:14'),(1596,67,87,2,'2025-10-20 06:49:14'),(1597,67,89,2,'2025-10-20 06:49:14'),(1598,67,90,2,'2025-10-20 06:49:14'),(1599,67,96,2,'2025-10-20 06:49:14'),(1600,68,7,2,'2025-10-20 06:49:14'),(1601,68,10,2,'2025-10-20 06:49:14'),(1602,68,12,2,'2025-10-20 06:49:14'),(1603,68,13,2,'2025-10-20 06:49:14'),(1604,68,14,2,'2025-10-20 06:49:14'),(1605,68,25,2,'2025-10-20 06:49:14'),(1606,68,29,2,'2025-10-20 06:49:14'),(1607,68,34,2,'2025-10-20 06:49:14'),(1608,68,37,2,'2025-10-20 06:49:14'),(1609,68,39,2,'2025-10-20 06:49:14'),(1610,68,41,2,'2025-10-20 06:49:14'),(1611,68,49,2,'2025-10-20 06:49:14'),(1612,68,51,2,'2025-10-20 06:49:14'),(1613,68,52,2,'2025-10-20 06:49:14'),(1614,68,57,2,'2025-10-20 06:49:14'),(1615,68,59,2,'2025-10-20 06:49:14'),(1616,68,65,2,'2025-10-20 06:49:14'),(1617,68,69,2,'2025-10-20 06:49:14'),(1618,68,73,2,'2025-10-20 06:49:14'),(1619,68,77,2,'2025-10-20 06:49:14'),(1620,68,78,2,'2025-10-20 06:49:14'),(1621,68,86,2,'2025-10-20 06:49:14'),(1622,68,91,2,'2025-10-20 06:49:14'),(1623,68,92,2,'2025-10-20 06:49:14'),(1624,69,2,2,'2025-10-20 06:49:14'),(1625,69,9,2,'2025-10-20 06:49:14'),(1626,69,11,2,'2025-10-20 06:49:14'),(1627,69,15,2,'2025-10-20 06:49:14'),(1628,69,18,2,'2025-10-20 06:49:14'),(1629,69,27,2,'2025-10-20 06:49:14'),(1630,69,31,2,'2025-10-20 06:49:14'),(1631,69,40,2,'2025-10-20 06:49:14'),(1632,69,44,2,'2025-10-20 06:49:14'),(1633,69,48,2,'2025-10-20 06:49:14'),(1634,69,51,2,'2025-10-20 06:49:14'),(1635,69,53,2,'2025-10-20 06:49:14'),(1636,69,55,2,'2025-10-20 06:49:14'),(1637,69,57,2,'2025-10-20 06:49:14'),(1638,69,65,2,'2025-10-20 06:49:14'),(1639,69,72,2,'2025-10-20 06:49:14'),(1640,69,73,2,'2025-10-20 06:49:14'),(1641,69,77,2,'2025-10-20 06:49:14'),(1642,69,85,2,'2025-10-20 06:49:14'),(1643,69,96,2,'2025-10-20 06:49:14'),(1644,69,97,2,'2025-10-20 06:49:14'),(1645,69,100,2,'2025-10-20 06:49:14'),(1646,70,2,2,'2025-10-20 06:49:14'),(1647,70,4,2,'2025-10-20 06:49:14'),(1648,70,6,2,'2025-10-20 06:49:14'),(1649,70,8,2,'2025-10-20 06:49:14'),(1650,70,9,2,'2025-10-20 06:49:14'),(1651,70,12,2,'2025-10-20 06:49:14'),(1652,70,14,2,'2025-10-20 06:49:14'),(1653,70,15,2,'2025-10-20 06:49:14'),(1654,70,17,2,'2025-10-20 06:49:14'),(1655,70,18,2,'2025-10-20 06:49:14'),(1656,70,21,2,'2025-10-20 06:49:14'),(1657,70,24,2,'2025-10-20 06:49:14'),(1658,70,28,2,'2025-10-20 06:49:14'),(1659,70,29,2,'2025-10-20 06:49:14'),(1660,70,30,2,'2025-10-20 06:49:14'),(1661,70,31,2,'2025-10-20 06:49:14'),(1662,70,32,2,'2025-10-20 06:49:14'),(1663,70,33,2,'2025-10-20 06:49:14'),(1664,70,34,2,'2025-10-20 06:49:14'),(1665,70,36,2,'2025-10-20 06:49:14'),(1666,70,38,2,'2025-10-20 06:49:14'),(1667,70,39,2,'2025-10-20 06:49:14'),(1668,70,40,2,'2025-10-20 06:49:14'),(1669,70,41,2,'2025-10-20 06:49:14'),(1670,70,43,2,'2025-10-20 06:49:14'),(1671,70,45,2,'2025-10-20 06:49:14'),(1672,70,48,2,'2025-10-20 06:49:14'),(1673,70,49,2,'2025-10-20 06:49:14'),(1674,70,52,2,'2025-10-20 06:49:14'),(1675,70,53,2,'2025-10-20 06:49:14'),(1676,70,54,2,'2025-10-20 06:49:14'),(1677,70,55,2,'2025-10-20 06:49:14'),(1678,70,57,2,'2025-10-20 06:49:14'),(1679,70,60,2,'2025-10-20 06:49:14'),(1680,70,63,2,'2025-10-20 06:49:14'),(1681,70,69,2,'2025-10-20 06:49:14'),(1682,70,70,2,'2025-10-20 06:49:14'),(1683,70,71,2,'2025-10-20 06:49:14'),(1684,70,72,2,'2025-10-20 06:49:14'),(1685,70,74,2,'2025-10-20 06:49:14'),(1686,70,78,2,'2025-10-20 06:49:14'),(1687,70,79,2,'2025-10-20 06:49:14'),(1688,70,80,2,'2025-10-20 06:49:14'),(1689,70,86,2,'2025-10-20 06:49:14'),(1690,70,87,2,'2025-10-20 06:49:14'),(1691,70,91,2,'2025-10-20 06:49:14'),(1692,70,94,2,'2025-10-20 06:49:14'),(1693,70,96,2,'2025-10-20 06:49:14'),(1694,71,1,2,'2025-10-20 06:49:14'),(1695,71,3,2,'2025-10-20 06:49:14'),(1696,71,6,2,'2025-10-20 06:49:14'),(1697,71,9,2,'2025-10-20 06:49:14'),(1698,71,11,2,'2025-10-20 06:49:14'),(1699,71,17,2,'2025-10-20 06:49:14'),(1700,71,18,2,'2025-10-20 06:49:14'),(1701,71,20,2,'2025-10-20 06:49:14'),(1702,71,21,2,'2025-10-20 06:49:14'),(1703,71,24,2,'2025-10-20 06:49:14'),(1704,71,26,2,'2025-10-20 06:49:14'),(1705,71,28,2,'2025-10-20 06:49:14'),(1706,71,34,2,'2025-10-20 06:49:14'),(1707,71,39,2,'2025-10-20 06:49:14'),(1708,71,40,2,'2025-10-20 06:49:14'),(1709,71,41,2,'2025-10-20 06:49:14'),(1710,71,42,2,'2025-10-20 06:49:14'),(1711,71,44,2,'2025-10-20 06:49:14'),(1712,71,46,2,'2025-10-20 06:49:14'),(1713,71,52,2,'2025-10-20 06:49:14'),(1714,71,53,2,'2025-10-20 06:49:14'),(1715,71,54,2,'2025-10-20 06:49:14'),(1716,71,55,2,'2025-10-20 06:49:14'),(1717,71,57,2,'2025-10-20 06:49:14'),(1718,71,63,2,'2025-10-20 06:49:14'),(1719,71,67,2,'2025-10-20 06:49:14'),(1720,71,70,2,'2025-10-20 06:49:14'),(1721,71,73,2,'2025-10-20 06:49:14'),(1722,71,77,2,'2025-10-20 06:49:14'),(1723,71,80,2,'2025-10-20 06:49:14'),(1724,71,81,2,'2025-10-20 06:49:14'),(1725,71,84,2,'2025-10-20 06:49:14'),(1726,71,85,2,'2025-10-20 06:49:14'),(1727,71,92,2,'2025-10-20 06:49:14'),(1728,71,95,2,'2025-10-20 06:49:14'),(1729,71,99,2,'2025-10-20 06:49:14'),(1730,72,1,2,'2025-10-20 06:49:14'),(1731,72,2,2,'2025-10-20 06:49:14'),(1732,72,4,2,'2025-10-20 06:49:14'),(1733,72,5,2,'2025-10-20 06:49:14'),(1734,72,7,2,'2025-10-20 06:49:14'),(1735,72,10,2,'2025-10-20 06:49:14'),(1736,72,17,2,'2025-10-20 06:49:14'),(1737,72,19,2,'2025-10-20 06:49:14'),(1738,72,23,2,'2025-10-20 06:49:14'),(1739,72,24,2,'2025-10-20 06:49:14'),(1740,72,27,2,'2025-10-20 06:49:14'),(1741,72,28,2,'2025-10-20 06:49:14'),(1742,72,29,2,'2025-10-20 06:49:14'),(1743,72,30,2,'2025-10-20 06:49:14'),(1744,72,31,2,'2025-10-20 06:49:14'),(1745,72,34,2,'2025-10-20 06:49:14'),(1746,72,35,2,'2025-10-20 06:49:14'),(1747,72,36,2,'2025-10-20 06:49:14'),(1748,72,37,2,'2025-10-20 06:49:14'),(1749,72,38,2,'2025-10-20 06:49:14'),(1750,72,40,2,'2025-10-20 06:49:14'),(1751,72,43,2,'2025-10-20 06:49:14'),(1752,72,44,2,'2025-10-20 06:49:14'),(1753,72,48,2,'2025-10-20 06:49:14'),(1754,72,51,2,'2025-10-20 06:49:14'),(1755,72,53,2,'2025-10-20 06:49:14'),(1756,72,54,2,'2025-10-20 06:49:14'),(1757,72,57,2,'2025-10-20 06:49:14'),(1758,72,58,2,'2025-10-20 06:49:14'),(1759,72,62,2,'2025-10-20 06:49:15'),(1760,72,63,2,'2025-10-20 06:49:15'),(1761,72,64,2,'2025-10-20 06:49:15'),(1762,72,65,2,'2025-10-20 06:49:15'),(1763,72,67,2,'2025-10-20 06:49:15'),(1764,72,70,2,'2025-10-20 06:49:15'),(1765,72,71,2,'2025-10-20 06:49:15'),(1766,72,74,2,'2025-10-20 06:49:15'),(1767,72,77,2,'2025-10-20 06:49:15'),(1768,72,78,2,'2025-10-20 06:49:15'),(1769,72,79,2,'2025-10-20 06:49:15'),(1770,72,80,2,'2025-10-20 06:49:15'),(1771,72,81,2,'2025-10-20 06:49:15'),(1772,72,82,2,'2025-10-20 06:49:15'),(1773,72,84,2,'2025-10-20 06:49:15'),(1774,72,85,2,'2025-10-20 06:49:15'),(1775,72,88,2,'2025-10-20 06:49:15'),(1776,72,89,2,'2025-10-20 06:49:15'),(1777,72,92,2,'2025-10-20 06:49:15'),(1778,72,96,2,'2025-10-20 06:49:15'),(1779,72,98,2,'2025-10-20 06:49:15'),(1780,73,2,2,'2025-10-20 06:49:15'),(1781,73,7,2,'2025-10-20 06:49:15'),(1782,73,8,2,'2025-10-20 06:49:15'),(1783,73,18,2,'2025-10-20 06:49:15'),(1784,73,23,2,'2025-10-20 06:49:15'),(1785,73,27,2,'2025-10-20 06:49:15'),(1786,73,35,2,'2025-10-20 06:49:15'),(1787,73,37,2,'2025-10-20 06:49:15'),(1788,73,44,2,'2025-10-20 06:49:15'),(1789,73,47,2,'2025-10-20 06:49:15'),(1790,73,49,2,'2025-10-20 06:49:15'),(1791,73,50,2,'2025-10-20 06:49:15'),(1792,73,53,2,'2025-10-20 06:49:15'),(1793,73,58,2,'2025-10-20 06:49:15'),(1794,73,60,2,'2025-10-20 06:49:15'),(1795,73,62,2,'2025-10-20 06:49:15'),(1796,73,63,2,'2025-10-20 06:49:15'),(1797,73,64,2,'2025-10-20 06:49:15'),(1798,73,68,2,'2025-10-20 06:49:15'),(1799,73,69,2,'2025-10-20 06:49:15'),(1800,73,77,2,'2025-10-20 06:49:15'),(1801,73,87,2,'2025-10-20 06:49:15'),(1802,73,93,2,'2025-10-20 06:49:15'),(1803,73,94,2,'2025-10-20 06:49:15'),(1804,74,1,2,'2025-10-20 06:49:15'),(1805,74,2,2,'2025-10-20 06:49:15'),(1806,74,8,2,'2025-10-20 06:49:15'),(1807,74,9,2,'2025-10-20 06:49:15'),(1808,74,10,2,'2025-10-20 06:49:15'),(1809,74,13,2,'2025-10-20 06:49:15'),(1810,74,14,2,'2025-10-20 06:49:15'),(1811,74,15,2,'2025-10-20 06:49:15'),(1812,74,20,2,'2025-10-20 06:49:15'),(1813,74,21,2,'2025-10-20 06:49:15'),(1814,74,22,2,'2025-10-20 06:49:15'),(1815,74,23,2,'2025-10-20 06:49:15'),(1816,74,24,2,'2025-10-20 06:49:15'),(1817,74,25,2,'2025-10-20 06:49:15'),(1818,74,27,2,'2025-10-20 06:49:15'),(1819,74,30,2,'2025-10-20 06:49:15'),(1820,74,33,2,'2025-10-20 06:49:15'),(1821,74,36,2,'2025-10-20 06:49:15'),(1822,74,38,2,'2025-10-20 06:49:15'),(1823,74,40,2,'2025-10-20 06:49:15'),(1824,74,43,2,'2025-10-20 06:49:15'),(1825,74,44,2,'2025-10-20 06:49:15'),(1826,74,47,2,'2025-10-20 06:49:15'),(1827,74,48,2,'2025-10-20 06:49:15'),(1828,74,49,2,'2025-10-20 06:49:15'),(1829,74,51,2,'2025-10-20 06:49:15'),(1830,74,53,2,'2025-10-20 06:49:15'),(1831,74,54,2,'2025-10-20 06:49:15'),(1832,74,63,2,'2025-10-20 06:49:15'),(1833,74,64,2,'2025-10-20 06:49:15'),(1834,74,67,2,'2025-10-20 06:49:15'),(1835,74,69,2,'2025-10-20 06:49:15'),(1836,74,70,2,'2025-10-20 06:49:15'),(1837,74,72,2,'2025-10-20 06:49:15'),(1838,74,73,2,'2025-10-20 06:49:15'),(1839,74,76,2,'2025-10-20 06:49:15'),(1840,74,77,2,'2025-10-20 06:49:15'),(1841,74,79,2,'2025-10-20 06:49:15'),(1842,74,80,2,'2025-10-20 06:49:15'),(1843,74,82,2,'2025-10-20 06:49:15'),(1844,74,83,2,'2025-10-20 06:49:15'),(1845,74,86,2,'2025-10-20 06:49:15'),(1846,74,93,2,'2025-10-20 06:49:15'),(1847,74,95,2,'2025-10-20 06:49:15'),(1848,74,97,2,'2025-10-20 06:49:15'),(1849,74,98,2,'2025-10-20 06:49:15'),(1850,74,100,2,'2025-10-20 06:49:15'),(1851,75,2,2,'2025-10-20 06:49:15'),(1852,75,3,2,'2025-10-20 06:49:15'),(1853,75,5,2,'2025-10-20 06:49:15'),(1854,75,7,2,'2025-10-20 06:49:15'),(1855,75,9,2,'2025-10-20 06:49:15'),(1856,75,12,2,'2025-10-20 06:49:15'),(1857,75,13,2,'2025-10-20 06:49:15'),(1858,75,15,2,'2025-10-20 06:49:15'),(1859,75,20,2,'2025-10-20 06:49:15'),(1860,75,21,2,'2025-10-20 06:49:15'),(1861,75,24,2,'2025-10-20 06:49:15'),(1862,75,27,2,'2025-10-20 06:49:15'),(1863,75,32,2,'2025-10-20 06:49:15'),(1864,75,33,2,'2025-10-20 06:49:15'),(1865,75,35,2,'2025-10-20 06:49:15'),(1866,75,37,2,'2025-10-20 06:49:15'),(1867,75,38,2,'2025-10-20 06:49:15'),(1868,75,39,2,'2025-10-20 06:49:15'),(1869,75,40,2,'2025-10-20 06:49:15'),(1870,75,42,2,'2025-10-20 06:49:15'),(1871,75,43,2,'2025-10-20 06:49:15'),(1872,75,44,2,'2025-10-20 06:49:15'),(1873,75,47,2,'2025-10-20 06:49:15'),(1874,75,50,2,'2025-10-20 06:49:15'),(1875,75,57,2,'2025-10-20 06:49:15'),(1876,75,58,2,'2025-10-20 06:49:15'),(1877,75,59,2,'2025-10-20 06:49:15'),(1878,75,60,2,'2025-10-20 06:49:15'),(1879,75,63,2,'2025-10-20 06:49:15'),(1880,75,64,2,'2025-10-20 06:49:15'),(1881,75,65,2,'2025-10-20 06:49:15'),(1882,75,67,2,'2025-10-20 06:49:15'),(1883,75,68,2,'2025-10-20 06:49:15'),(1884,75,70,2,'2025-10-20 06:49:15'),(1885,75,71,2,'2025-10-20 06:49:15'),(1886,75,72,2,'2025-10-20 06:49:15'),(1887,75,77,2,'2025-10-20 06:49:15'),(1888,75,80,2,'2025-10-20 06:49:15'),(1889,75,81,2,'2025-10-20 06:49:15'),(1890,75,82,2,'2025-10-20 06:49:15'),(1891,75,84,2,'2025-10-20 06:49:15'),(1892,75,90,2,'2025-10-20 06:49:15'),(1893,75,92,2,'2025-10-20 06:49:15'),(1894,75,93,2,'2025-10-20 06:49:15'),(1895,75,94,2,'2025-10-20 06:49:15'),(1896,75,95,2,'2025-10-20 06:49:15'),(1897,75,96,2,'2025-10-20 06:49:15'),(1898,75,97,2,'2025-10-20 06:49:15'),(1899,75,98,2,'2025-10-20 06:49:15'),(1900,75,99,2,'2025-10-20 06:49:15'),(1901,76,2,2,'2025-10-20 06:49:15'),(1902,76,8,2,'2025-10-20 06:49:15'),(1903,76,13,2,'2025-10-20 06:49:15'),(1904,76,17,2,'2025-10-20 06:49:15'),(1905,76,18,2,'2025-10-20 06:49:15'),(1906,76,20,2,'2025-10-20 06:49:15'),(1907,76,21,2,'2025-10-20 06:49:15'),(1908,76,24,2,'2025-10-20 06:49:15'),(1909,76,26,2,'2025-10-20 06:49:15'),(1910,76,31,2,'2025-10-20 06:49:15'),(1911,76,34,2,'2025-10-20 06:49:15'),(1912,76,39,2,'2025-10-20 06:49:15'),(1913,76,40,2,'2025-10-20 06:49:15'),(1914,76,45,2,'2025-10-20 06:49:15'),(1915,76,48,2,'2025-10-20 06:49:15'),(1916,76,52,2,'2025-10-20 06:49:15'),(1917,76,54,2,'2025-10-20 06:49:15'),(1918,76,59,2,'2025-10-20 06:49:15'),(1919,76,60,2,'2025-10-20 06:49:15'),(1920,76,61,2,'2025-10-20 06:49:15'),(1921,76,64,2,'2025-10-20 06:49:15'),(1922,76,67,2,'2025-10-20 06:49:15'),(1923,76,68,2,'2025-10-20 06:49:15'),(1924,76,76,2,'2025-10-20 06:49:15'),(1925,76,80,2,'2025-10-20 06:49:15'),(1926,76,82,2,'2025-10-20 06:49:15'),(1927,76,83,2,'2025-10-20 06:49:15'),(1928,76,88,2,'2025-10-20 06:49:15'),(1929,76,94,2,'2025-10-20 06:49:15'),(1930,76,96,2,'2025-10-20 06:49:15'),(1931,76,97,2,'2025-10-20 06:49:15'),(1932,76,100,2,'2025-10-20 06:49:15'),(1933,77,3,2,'2025-10-20 06:49:15'),(1934,77,4,2,'2025-10-20 06:49:15'),(1935,77,5,2,'2025-10-20 06:49:15'),(1936,77,14,2,'2025-10-20 06:49:15'),(1937,77,19,2,'2025-10-20 06:49:15'),(1938,77,21,2,'2025-10-20 06:49:15'),(1939,77,22,2,'2025-10-20 06:49:15'),(1940,77,25,2,'2025-10-20 06:49:15'),(1941,77,26,2,'2025-10-20 06:49:15'),(1942,77,27,2,'2025-10-20 06:49:15'),(1943,77,28,2,'2025-10-20 06:49:15'),(1944,77,32,2,'2025-10-20 06:49:15'),(1945,77,36,2,'2025-10-20 06:49:15'),(1946,77,49,2,'2025-10-20 06:49:15'),(1947,77,53,2,'2025-10-20 06:49:15'),(1948,77,54,2,'2025-10-20 06:49:15'),(1949,77,55,2,'2025-10-20 06:49:15'),(1950,77,56,2,'2025-10-20 06:49:15'),(1951,77,59,2,'2025-10-20 06:49:15'),(1952,77,68,2,'2025-10-20 06:49:15'),(1953,77,71,2,'2025-10-20 06:49:15'),(1954,77,72,2,'2025-10-20 06:49:15'),(1955,77,73,2,'2025-10-20 06:49:15'),(1956,77,84,2,'2025-10-20 06:49:15'),(1957,77,85,2,'2025-10-20 06:49:15'),(1958,77,92,2,'2025-10-20 06:49:15'),(1959,77,97,2,'2025-10-20 06:49:15'),(1960,77,99,2,'2025-10-20 06:49:15'),(1961,77,100,2,'2025-10-20 06:49:15'),(1962,78,7,2,'2025-10-20 06:49:15'),(1963,78,16,2,'2025-10-20 06:49:15'),(1964,78,25,2,'2025-10-20 06:49:15'),(1965,78,26,2,'2025-10-20 06:49:15'),(1966,78,33,2,'2025-10-20 06:49:15'),(1967,78,37,2,'2025-10-20 06:49:15'),(1968,78,41,2,'2025-10-20 06:49:15'),(1969,78,44,2,'2025-10-20 06:49:15'),(1970,78,47,2,'2025-10-20 06:49:15'),(1971,78,50,2,'2025-10-20 06:49:15'),(1972,78,55,2,'2025-10-20 06:49:15'),(1973,78,61,2,'2025-10-20 06:49:15'),(1974,78,73,2,'2025-10-20 06:49:15'),(1975,78,74,2,'2025-10-20 06:49:15'),(1976,78,76,2,'2025-10-20 06:49:15'),(1977,78,79,2,'2025-10-20 06:49:15'),(1978,78,81,2,'2025-10-20 06:49:15'),(1979,78,84,2,'2025-10-20 06:49:15'),(1980,78,93,2,'2025-10-20 06:49:15'),(1981,78,96,2,'2025-10-20 06:49:15'),(1982,79,3,2,'2025-10-20 06:49:15'),(1983,79,4,2,'2025-10-20 06:49:15'),(1984,79,6,2,'2025-10-20 06:49:15'),(1985,79,10,2,'2025-10-20 06:49:15'),(1986,79,13,2,'2025-10-20 06:49:15'),(1987,79,20,2,'2025-10-20 06:49:15'),(1988,79,22,2,'2025-10-20 06:49:15'),(1989,79,25,2,'2025-10-20 06:49:15'),(1990,79,29,2,'2025-10-20 06:49:15'),(1991,79,34,2,'2025-10-20 06:49:15'),(1992,79,46,2,'2025-10-20 06:49:15'),(1993,79,48,2,'2025-10-20 06:49:15'),(1994,79,50,2,'2025-10-20 06:49:15'),(1995,79,54,2,'2025-10-20 06:49:15'),(1996,79,57,2,'2025-10-20 06:49:15'),(1997,79,64,2,'2025-10-20 06:49:15'),(1998,79,65,2,'2025-10-20 06:49:15'),(1999,79,68,2,'2025-10-20 06:49:15'),(2000,79,69,2,'2025-10-20 06:49:15'),(2001,79,76,2,'2025-10-20 06:49:15'),(2002,79,83,2,'2025-10-20 06:49:15'),(2003,79,84,2,'2025-10-20 06:49:15'),(2004,79,86,2,'2025-10-20 06:49:15'),(2005,79,93,2,'2025-10-20 06:49:15'),(2006,80,5,2,'2025-10-20 06:49:15'),(2007,80,13,2,'2025-10-20 06:49:15'),(2008,80,15,2,'2025-10-20 06:49:15'),(2009,80,20,2,'2025-10-20 06:49:15'),(2010,80,27,2,'2025-10-20 06:49:15'),(2011,80,29,2,'2025-10-20 06:49:15'),(2012,80,32,2,'2025-10-20 06:49:15'),(2013,80,42,2,'2025-10-20 06:49:15'),(2014,80,44,2,'2025-10-20 06:49:15'),(2015,80,45,2,'2025-10-20 06:49:16'),(2016,80,47,2,'2025-10-20 06:49:16'),(2017,80,48,2,'2025-10-20 06:49:16'),(2018,80,50,2,'2025-10-20 06:49:16'),(2019,80,53,2,'2025-10-20 06:49:16'),(2020,80,57,2,'2025-10-20 06:49:16'),(2021,80,60,2,'2025-10-20 06:49:16'),(2022,80,61,2,'2025-10-20 06:49:16'),(2023,80,66,2,'2025-10-20 06:49:16'),(2024,80,67,2,'2025-10-20 06:49:16'),(2025,80,70,2,'2025-10-20 06:49:16'),(2026,80,73,2,'2025-10-20 06:49:16'),(2027,80,80,2,'2025-10-20 06:49:16'),(2028,80,88,2,'2025-10-20 06:49:16'),(2029,80,92,2,'2025-10-20 06:49:16'),(2030,80,97,2,'2025-10-20 06:49:16'),(2031,80,98,2,'2025-10-20 06:49:16'),(2032,81,4,2,'2025-10-20 06:49:16'),(2033,81,5,2,'2025-10-20 06:49:16'),(2034,81,6,2,'2025-10-20 06:49:16'),(2035,81,7,2,'2025-10-20 06:49:16'),(2036,81,11,2,'2025-10-20 06:49:16'),(2037,81,12,2,'2025-10-20 06:49:16'),(2038,81,15,2,'2025-10-20 06:49:16'),(2039,81,19,2,'2025-10-20 06:49:16'),(2040,81,21,2,'2025-10-20 06:49:16'),(2041,81,24,2,'2025-10-20 06:49:16'),(2042,81,27,2,'2025-10-20 06:49:16'),(2043,81,28,2,'2025-10-20 06:49:16'),(2044,81,36,2,'2025-10-20 06:49:16'),(2045,81,43,2,'2025-10-20 06:49:16'),(2046,81,45,2,'2025-10-20 06:49:16'),(2047,81,49,2,'2025-10-20 06:49:16'),(2048,81,50,2,'2025-10-20 06:49:16'),(2049,81,55,2,'2025-10-20 06:49:16'),(2050,81,59,2,'2025-10-20 06:49:16'),(2051,81,65,2,'2025-10-20 06:49:16'),(2052,81,67,2,'2025-10-20 06:49:16'),(2053,81,74,2,'2025-10-20 06:49:16'),(2054,81,79,2,'2025-10-20 06:49:16'),(2055,81,82,2,'2025-10-20 06:49:16'),(2056,81,85,2,'2025-10-20 06:49:16'),(2057,81,92,2,'2025-10-20 06:49:16'),(2058,81,95,2,'2025-10-20 06:49:16'),(2059,81,98,2,'2025-10-20 06:49:16'),(2060,82,1,2,'2025-10-20 06:49:16'),(2061,82,2,2,'2025-10-20 06:49:16'),(2062,82,3,2,'2025-10-20 06:49:16'),(2063,82,4,2,'2025-10-20 06:49:16'),(2064,82,5,2,'2025-10-20 06:49:16'),(2065,82,6,2,'2025-10-20 06:49:16'),(2066,82,7,2,'2025-10-20 06:49:16'),(2067,82,10,2,'2025-10-20 06:49:16'),(2068,82,11,2,'2025-10-20 06:49:16'),(2069,82,13,2,'2025-10-20 06:49:16'),(2070,82,18,2,'2025-10-20 06:49:16'),(2071,82,19,2,'2025-10-20 06:49:16'),(2072,82,20,2,'2025-10-20 06:49:16'),(2073,82,23,2,'2025-10-20 06:49:16'),(2074,82,25,2,'2025-10-20 06:49:16'),(2075,82,26,2,'2025-10-20 06:49:16'),(2076,82,27,2,'2025-10-20 06:49:16'),(2077,82,29,2,'2025-10-20 06:49:16'),(2078,82,31,2,'2025-10-20 06:49:16'),(2079,82,34,2,'2025-10-20 06:49:16'),(2080,82,36,2,'2025-10-20 06:49:16'),(2081,82,40,2,'2025-10-20 06:49:16'),(2082,82,41,2,'2025-10-20 06:49:16'),(2083,82,42,2,'2025-10-20 06:49:16'),(2084,82,44,2,'2025-10-20 06:49:16'),(2085,82,46,2,'2025-10-20 06:49:16'),(2086,82,48,2,'2025-10-20 06:49:16'),(2087,82,49,2,'2025-10-20 06:49:16'),(2088,82,52,2,'2025-10-20 06:49:16'),(2089,82,53,2,'2025-10-20 06:49:16'),(2090,82,55,2,'2025-10-20 06:49:16'),(2091,82,59,2,'2025-10-20 06:49:16'),(2092,82,61,2,'2025-10-20 06:49:16'),(2093,82,64,2,'2025-10-20 06:49:16'),(2094,82,65,2,'2025-10-20 06:49:16'),(2095,82,69,2,'2025-10-20 06:49:16'),(2096,82,70,2,'2025-10-20 06:49:16'),(2097,82,72,2,'2025-10-20 06:49:16'),(2098,82,73,2,'2025-10-20 06:49:16'),(2099,82,74,2,'2025-10-20 06:49:16'),(2100,82,75,2,'2025-10-20 06:49:16'),(2101,82,79,2,'2025-10-20 06:49:16'),(2102,82,80,2,'2025-10-20 06:49:16'),(2103,82,82,2,'2025-10-20 06:49:16'),(2104,82,86,2,'2025-10-20 06:49:16'),(2105,82,87,2,'2025-10-20 06:49:16'),(2106,82,88,2,'2025-10-20 06:49:16'),(2107,82,89,2,'2025-10-20 06:49:16'),(2108,82,98,2,'2025-10-20 06:49:16'),(2109,82,100,2,'2025-10-20 06:49:16'),(2110,83,3,2,'2025-10-20 06:49:16'),(2111,83,9,2,'2025-10-20 06:49:16'),(2112,83,11,2,'2025-10-20 06:49:16'),(2113,83,13,2,'2025-10-20 06:49:16'),(2114,83,16,2,'2025-10-20 06:49:16'),(2115,83,18,2,'2025-10-20 06:49:16'),(2116,83,23,2,'2025-10-20 06:49:16'),(2117,83,28,2,'2025-10-20 06:49:16'),(2118,83,32,2,'2025-10-20 06:49:16'),(2119,83,38,2,'2025-10-20 06:49:16'),(2120,83,39,2,'2025-10-20 06:49:16'),(2121,83,40,2,'2025-10-20 06:49:16'),(2122,83,45,2,'2025-10-20 06:49:16'),(2123,83,50,2,'2025-10-20 06:49:16'),(2124,83,53,2,'2025-10-20 06:49:16'),(2125,83,55,2,'2025-10-20 06:49:16'),(2126,83,56,2,'2025-10-20 06:49:16'),(2127,83,69,2,'2025-10-20 06:49:16'),(2128,83,78,2,'2025-10-20 06:49:16'),(2129,83,90,2,'2025-10-20 06:49:16'),(2130,83,91,2,'2025-10-20 06:49:16'),(2131,83,99,2,'2025-10-20 06:49:16'),(2132,84,1,2,'2025-10-20 06:49:16'),(2133,84,2,2,'2025-10-20 06:49:16'),(2134,84,3,2,'2025-10-20 06:49:16'),(2135,84,10,2,'2025-10-20 06:49:16'),(2136,84,15,2,'2025-10-20 06:49:16'),(2137,84,19,2,'2025-10-20 06:49:16'),(2138,84,20,2,'2025-10-20 06:49:16'),(2139,84,22,2,'2025-10-20 06:49:16'),(2140,84,23,2,'2025-10-20 06:49:16'),(2141,84,28,2,'2025-10-20 06:49:16'),(2142,84,33,2,'2025-10-20 06:49:16'),(2143,84,34,2,'2025-10-20 06:49:16'),(2144,84,36,2,'2025-10-20 06:49:16'),(2145,84,38,2,'2025-10-20 06:49:16'),(2146,84,42,2,'2025-10-20 06:49:16'),(2147,84,47,2,'2025-10-20 06:49:16'),(2148,84,49,2,'2025-10-20 06:49:16'),(2149,84,57,2,'2025-10-20 06:49:16'),(2150,84,61,2,'2025-10-20 06:49:16'),(2151,84,65,2,'2025-10-20 06:49:16'),(2152,84,68,2,'2025-10-20 06:49:16'),(2153,84,69,2,'2025-10-20 06:49:16'),(2154,84,70,2,'2025-10-20 06:49:16'),(2155,84,71,2,'2025-10-20 06:49:16'),(2156,84,77,2,'2025-10-20 06:49:16'),(2157,84,80,2,'2025-10-20 06:49:16'),(2158,84,84,2,'2025-10-20 06:49:16'),(2159,84,85,2,'2025-10-20 06:49:16'),(2160,84,90,2,'2025-10-20 06:49:16'),(2161,84,98,2,'2025-10-20 06:49:16'),(2162,85,12,2,'2025-10-20 06:49:16'),(2163,85,28,2,'2025-10-20 06:49:16'),(2164,85,38,2,'2025-10-20 06:49:16'),(2165,85,40,2,'2025-10-20 06:49:16'),(2166,85,41,2,'2025-10-20 06:49:16'),(2167,85,42,2,'2025-10-20 06:49:16'),(2168,85,47,2,'2025-10-20 06:49:16'),(2169,85,48,2,'2025-10-20 06:49:16'),(2170,85,50,2,'2025-10-20 06:49:16'),(2171,85,52,2,'2025-10-20 06:49:16'),(2172,85,55,2,'2025-10-20 06:49:16'),(2173,85,57,2,'2025-10-20 06:49:16'),(2174,85,63,2,'2025-10-20 06:49:16'),(2175,85,68,2,'2025-10-20 06:49:16'),(2176,85,69,2,'2025-10-20 06:49:16'),(2177,85,73,2,'2025-10-20 06:49:16'),(2178,85,77,2,'2025-10-20 06:49:16'),(2179,85,84,2,'2025-10-20 06:49:16'),(2180,85,89,2,'2025-10-20 06:49:16'),(2181,85,92,2,'2025-10-20 06:49:16'),(2182,85,98,2,'2025-10-20 06:49:16'),(2183,85,100,2,'2025-10-20 06:49:16'),(2184,86,1,2,'2025-10-20 06:49:16'),(2185,86,3,2,'2025-10-20 06:49:16'),(2186,86,4,2,'2025-10-20 06:49:16'),(2187,86,5,2,'2025-10-20 06:49:16'),(2188,86,8,2,'2025-10-20 06:49:16'),(2189,86,9,2,'2025-10-20 06:49:16'),(2190,86,10,2,'2025-10-20 06:49:16'),(2191,86,12,2,'2025-10-20 06:49:16'),(2192,86,18,2,'2025-10-20 06:49:16'),(2193,86,20,2,'2025-10-20 06:49:16'),(2194,86,21,2,'2025-10-20 06:49:16'),(2195,86,22,2,'2025-10-20 06:49:16'),(2196,86,24,2,'2025-10-20 06:49:16'),(2197,86,28,2,'2025-10-20 06:49:16'),(2198,86,30,2,'2025-10-20 06:49:16'),(2199,86,31,2,'2025-10-20 06:49:16'),(2200,86,34,2,'2025-10-20 06:49:16'),(2201,86,36,2,'2025-10-20 06:49:16'),(2202,86,40,2,'2025-10-20 06:49:16'),(2203,86,43,2,'2025-10-20 06:49:16'),(2204,86,47,2,'2025-10-20 06:49:16'),(2205,86,51,2,'2025-10-20 06:49:16'),(2206,86,52,2,'2025-10-20 06:49:16'),(2207,86,53,2,'2025-10-20 06:49:16'),(2208,86,55,2,'2025-10-20 06:49:16'),(2209,86,56,2,'2025-10-20 06:49:16'),(2210,86,58,2,'2025-10-20 06:49:16'),(2211,86,59,2,'2025-10-20 06:49:16'),(2212,86,66,2,'2025-10-20 06:49:16'),(2213,86,69,2,'2025-10-20 06:49:16'),(2214,86,70,2,'2025-10-20 06:49:16'),(2215,86,72,2,'2025-10-20 06:49:16'),(2216,86,73,2,'2025-10-20 06:49:16'),(2217,86,74,2,'2025-10-20 06:49:16'),(2218,86,75,2,'2025-10-20 06:49:16'),(2219,86,76,2,'2025-10-20 06:49:16'),(2220,86,77,2,'2025-10-20 06:49:16'),(2221,86,78,2,'2025-10-20 06:49:16'),(2222,86,79,2,'2025-10-20 06:49:16'),(2223,86,81,2,'2025-10-20 06:49:16'),(2224,86,82,2,'2025-10-20 06:49:16'),(2225,86,85,2,'2025-10-20 06:49:16'),(2226,86,86,2,'2025-10-20 06:49:16'),(2227,86,88,2,'2025-10-20 06:49:16'),(2228,86,89,2,'2025-10-20 06:49:16'),(2229,86,95,2,'2025-10-20 06:49:16'),(2230,86,96,2,'2025-10-20 06:49:16'),(2231,86,99,2,'2025-10-20 06:49:16'),(2232,87,1,2,'2025-10-20 06:49:16'),(2233,87,2,2,'2025-10-20 06:49:16'),(2234,87,3,2,'2025-10-20 06:49:16'),(2235,87,8,2,'2025-10-20 06:49:16'),(2236,87,9,2,'2025-10-20 06:49:16'),(2237,87,16,2,'2025-10-20 06:49:16'),(2238,87,26,2,'2025-10-20 06:49:16'),(2239,87,27,2,'2025-10-20 06:49:16'),(2240,87,28,2,'2025-10-20 06:49:16'),(2241,87,33,2,'2025-10-20 06:49:16'),(2242,87,34,2,'2025-10-20 06:49:16'),(2243,87,35,2,'2025-10-20 06:49:16'),(2244,87,36,2,'2025-10-20 06:49:16'),(2245,87,37,2,'2025-10-20 06:49:16'),(2246,87,41,2,'2025-10-20 06:49:16'),(2247,87,42,2,'2025-10-20 06:49:16'),(2248,87,44,2,'2025-10-20 06:49:16'),(2249,87,46,2,'2025-10-20 06:49:16'),(2250,87,49,2,'2025-10-20 06:49:16'),(2251,87,54,2,'2025-10-20 06:49:16'),(2252,87,55,2,'2025-10-20 06:49:16'),(2253,87,58,2,'2025-10-20 06:49:16'),(2254,87,60,2,'2025-10-20 06:49:16'),(2255,87,64,2,'2025-10-20 06:49:16'),(2256,87,66,2,'2025-10-20 06:49:16'),(2257,87,67,2,'2025-10-20 06:49:16'),(2258,87,68,2,'2025-10-20 06:49:16'),(2259,87,72,2,'2025-10-20 06:49:16'),(2260,87,73,2,'2025-10-20 06:49:16'),(2261,87,74,2,'2025-10-20 06:49:16'),(2262,87,75,2,'2025-10-20 06:49:16'),(2263,87,76,2,'2025-10-20 06:49:16'),(2264,87,78,2,'2025-10-20 06:49:16'),(2265,87,79,2,'2025-10-20 06:49:16'),(2266,87,80,2,'2025-10-20 06:49:16'),(2267,87,81,2,'2025-10-20 06:49:16'),(2268,87,83,2,'2025-10-20 06:49:16'),(2269,87,85,2,'2025-10-20 06:49:16'),(2270,87,89,2,'2025-10-20 06:49:16'),(2271,87,90,2,'2025-10-20 06:49:16'),(2272,87,96,2,'2025-10-20 06:49:16'),(2273,87,99,2,'2025-10-20 06:49:16'),(2274,88,8,2,'2025-10-20 06:49:16'),(2275,88,12,2,'2025-10-20 06:49:16'),(2276,88,13,2,'2025-10-20 06:49:16'),(2277,88,16,2,'2025-10-20 06:49:16'),(2278,88,17,2,'2025-10-20 06:49:16'),(2279,88,23,2,'2025-10-20 06:49:16'),(2280,88,25,2,'2025-10-20 06:49:16'),(2281,88,27,2,'2025-10-20 06:49:16'),(2282,88,28,2,'2025-10-20 06:49:16'),(2283,88,30,2,'2025-10-20 06:49:16'),(2284,88,33,2,'2025-10-20 06:49:16'),(2285,88,40,2,'2025-10-20 06:49:16'),(2286,88,44,2,'2025-10-20 06:49:16'),(2287,88,45,2,'2025-10-20 06:49:16'),(2288,88,46,2,'2025-10-20 06:49:16'),(2289,88,53,2,'2025-10-20 06:49:16'),(2290,88,62,2,'2025-10-20 06:49:16'),(2291,88,65,2,'2025-10-20 06:49:16'),(2292,88,67,2,'2025-10-20 06:49:16'),(2293,88,74,2,'2025-10-20 06:49:16'),(2294,88,81,2,'2025-10-20 06:49:16'),(2295,88,82,2,'2025-10-20 06:49:16'),(2296,88,83,2,'2025-10-20 06:49:17'),(2297,88,98,2,'2025-10-20 06:49:17'),(2298,89,8,2,'2025-10-20 06:49:17'),(2299,89,11,2,'2025-10-20 06:49:17'),(2300,89,15,2,'2025-10-20 06:49:17'),(2301,89,17,2,'2025-10-20 06:49:17'),(2302,89,22,2,'2025-10-20 06:49:17'),(2303,89,25,2,'2025-10-20 06:49:17'),(2304,89,27,2,'2025-10-20 06:49:17'),(2305,89,30,2,'2025-10-20 06:49:17'),(2306,89,31,2,'2025-10-20 06:49:17'),(2307,89,38,2,'2025-10-20 06:49:17'),(2308,89,41,2,'2025-10-20 06:49:17'),(2309,89,48,2,'2025-10-20 06:49:17'),(2310,89,52,2,'2025-10-20 06:49:17'),(2311,89,54,2,'2025-10-20 06:49:17'),(2312,89,57,2,'2025-10-20 06:49:17'),(2313,89,59,2,'2025-10-20 06:49:17'),(2314,89,61,2,'2025-10-20 06:49:17'),(2315,89,63,2,'2025-10-20 06:49:17'),(2316,89,67,2,'2025-10-20 06:49:17'),(2317,89,68,2,'2025-10-20 06:49:17'),(2318,89,77,2,'2025-10-20 06:49:17'),(2319,89,81,2,'2025-10-20 06:49:17'),(2320,89,86,2,'2025-10-20 06:49:17'),(2321,89,90,2,'2025-10-20 06:49:17'),(2322,89,92,2,'2025-10-20 06:49:17'),(2323,90,2,2,'2025-10-20 06:49:17'),(2324,90,6,2,'2025-10-20 06:49:17'),(2325,90,11,2,'2025-10-20 06:49:17'),(2326,90,15,2,'2025-10-20 06:49:17'),(2327,90,16,2,'2025-10-20 06:49:17'),(2328,90,17,2,'2025-10-20 06:49:17'),(2329,90,21,2,'2025-10-20 06:49:17'),(2330,90,23,2,'2025-10-20 06:49:17'),(2331,90,27,2,'2025-10-20 06:49:17'),(2332,90,28,2,'2025-10-20 06:49:17'),(2333,90,32,2,'2025-10-20 06:49:17'),(2334,90,33,2,'2025-10-20 06:49:17'),(2335,90,35,2,'2025-10-20 06:49:17'),(2336,90,38,2,'2025-10-20 06:49:17'),(2337,90,44,2,'2025-10-20 06:49:17'),(2338,90,51,2,'2025-10-20 06:49:17'),(2339,90,55,2,'2025-10-20 06:49:17'),(2340,90,56,2,'2025-10-20 06:49:17'),(2341,90,59,2,'2025-10-20 06:49:17'),(2342,90,61,2,'2025-10-20 06:49:17'),(2343,90,62,2,'2025-10-20 06:49:17'),(2344,90,63,2,'2025-10-20 06:49:17'),(2345,90,66,2,'2025-10-20 06:49:17'),(2346,90,67,2,'2025-10-20 06:49:17'),(2347,90,68,2,'2025-10-20 06:49:17'),(2348,90,69,2,'2025-10-20 06:49:17'),(2349,90,71,2,'2025-10-20 06:49:17'),(2350,90,72,2,'2025-10-20 06:49:17'),(2351,90,75,2,'2025-10-20 06:49:17'),(2352,90,79,2,'2025-10-20 06:49:17'),(2353,90,81,2,'2025-10-20 06:49:17'),(2354,90,83,2,'2025-10-20 06:49:17'),(2355,90,85,2,'2025-10-20 06:49:17'),(2356,90,86,2,'2025-10-20 06:49:17'),(2357,90,88,2,'2025-10-20 06:49:17'),(2358,90,89,2,'2025-10-20 06:49:17'),(2359,90,90,2,'2025-10-20 06:49:17'),(2360,90,92,2,'2025-10-20 06:49:17'),(2361,90,93,2,'2025-10-20 06:49:17'),(2362,90,94,2,'2025-10-20 06:49:17'),(2363,90,96,2,'2025-10-20 06:49:17'),(2364,90,97,2,'2025-10-20 06:49:17'),(2365,90,98,2,'2025-10-20 06:49:17'),(2366,90,100,2,'2025-10-20 06:49:17'),(2367,91,2,2,'2025-10-20 06:49:17'),(2368,91,3,2,'2025-10-20 06:49:17'),(2369,91,4,2,'2025-10-20 06:49:17'),(2370,91,8,2,'2025-10-20 06:49:17'),(2371,91,9,2,'2025-10-20 06:49:17'),(2372,91,10,2,'2025-10-20 06:49:17'),(2373,91,13,2,'2025-10-20 06:49:17'),(2374,91,17,2,'2025-10-20 06:49:17'),(2375,91,18,2,'2025-10-20 06:49:17'),(2376,91,21,2,'2025-10-20 06:49:17'),(2377,91,22,2,'2025-10-20 06:49:17'),(2378,91,23,2,'2025-10-20 06:49:17'),(2379,91,29,2,'2025-10-20 06:49:17'),(2380,91,32,2,'2025-10-20 06:49:17'),(2381,91,34,2,'2025-10-20 06:49:17'),(2382,91,35,2,'2025-10-20 06:49:17'),(2383,91,38,2,'2025-10-20 06:49:17'),(2384,91,41,2,'2025-10-20 06:49:17'),(2385,91,47,2,'2025-10-20 06:49:17'),(2386,91,49,2,'2025-10-20 06:49:17'),(2387,91,50,2,'2025-10-20 06:49:17'),(2388,91,51,2,'2025-10-20 06:49:17'),(2389,91,53,2,'2025-10-20 06:49:17'),(2390,91,54,2,'2025-10-20 06:49:17'),(2391,91,55,2,'2025-10-20 06:49:17'),(2392,91,57,2,'2025-10-20 06:49:17'),(2393,91,59,2,'2025-10-20 06:49:17'),(2394,91,61,2,'2025-10-20 06:49:17'),(2395,91,62,2,'2025-10-20 06:49:17'),(2396,91,64,2,'2025-10-20 06:49:17'),(2397,91,67,2,'2025-10-20 06:49:17'),(2398,91,68,2,'2025-10-20 06:49:17'),(2399,91,69,2,'2025-10-20 06:49:17'),(2400,91,74,2,'2025-10-20 06:49:17'),(2401,91,76,2,'2025-10-20 06:49:17'),(2402,91,78,2,'2025-10-20 06:49:17'),(2403,91,79,2,'2025-10-20 06:49:17'),(2404,91,82,2,'2025-10-20 06:49:17'),(2405,91,83,2,'2025-10-20 06:49:17'),(2406,91,85,2,'2025-10-20 06:49:17'),(2407,91,86,2,'2025-10-20 06:49:17'),(2408,91,89,2,'2025-10-20 06:49:17'),(2409,91,91,2,'2025-10-20 06:49:17'),(2410,91,92,2,'2025-10-20 06:49:17'),(2411,91,100,2,'2025-10-20 06:49:17'),(2412,92,3,2,'2025-10-20 06:49:17'),(2413,92,6,2,'2025-10-20 06:49:17'),(2414,92,9,2,'2025-10-20 06:49:17'),(2415,92,15,2,'2025-10-20 06:49:17'),(2416,92,17,2,'2025-10-20 06:49:17'),(2417,92,19,2,'2025-10-20 06:49:17'),(2418,92,29,2,'2025-10-20 06:49:17'),(2419,92,31,2,'2025-10-20 06:49:17'),(2420,92,32,2,'2025-10-20 06:49:17'),(2421,92,33,2,'2025-10-20 06:49:17'),(2422,92,34,2,'2025-10-20 06:49:17'),(2423,92,35,2,'2025-10-20 06:49:17'),(2424,92,37,2,'2025-10-20 06:49:17'),(2425,92,39,2,'2025-10-20 06:49:17'),(2426,92,41,2,'2025-10-20 06:49:17'),(2427,92,42,2,'2025-10-20 06:49:17'),(2428,92,45,2,'2025-10-20 06:49:17'),(2429,92,46,2,'2025-10-20 06:49:17'),(2430,92,47,2,'2025-10-20 06:49:17'),(2431,92,48,2,'2025-10-20 06:49:17'),(2432,92,52,2,'2025-10-20 06:49:17'),(2433,92,54,2,'2025-10-20 06:49:17'),(2434,92,55,2,'2025-10-20 06:49:17'),(2435,92,56,2,'2025-10-20 06:49:17'),(2436,92,61,2,'2025-10-20 06:49:17'),(2437,92,62,2,'2025-10-20 06:49:17'),(2438,92,63,2,'2025-10-20 06:49:17'),(2439,92,64,2,'2025-10-20 06:49:17'),(2440,92,65,2,'2025-10-20 06:49:17'),(2441,92,68,2,'2025-10-20 06:49:17'),(2442,92,72,2,'2025-10-20 06:49:17'),(2443,92,74,2,'2025-10-20 06:49:17'),(2444,92,75,2,'2025-10-20 06:49:17'),(2445,92,76,2,'2025-10-20 06:49:17'),(2446,92,80,2,'2025-10-20 06:49:17'),(2447,92,81,2,'2025-10-20 06:49:17'),(2448,92,83,2,'2025-10-20 06:49:17'),(2449,92,84,2,'2025-10-20 06:49:17'),(2450,92,85,2,'2025-10-20 06:49:17'),(2451,92,93,2,'2025-10-20 06:49:17'),(2452,92,95,2,'2025-10-20 06:49:17'),(2453,92,97,2,'2025-10-20 06:49:17'),(2454,92,99,2,'2025-10-20 06:49:17'),(2455,92,100,2,'2025-10-20 06:49:17'),(2456,93,1,2,'2025-10-20 06:49:18'),(2457,93,3,2,'2025-10-20 06:49:18'),(2458,93,4,2,'2025-10-20 06:49:18'),(2459,93,5,2,'2025-10-20 06:49:18'),(2460,93,6,2,'2025-10-20 06:49:18'),(2461,93,9,2,'2025-10-20 06:49:18'),(2462,93,14,2,'2025-10-20 06:49:18'),(2463,93,15,2,'2025-10-20 06:49:18'),(2464,93,24,2,'2025-10-20 06:49:18'),(2465,93,28,2,'2025-10-20 06:49:18'),(2466,93,32,2,'2025-10-20 06:49:18'),(2467,93,34,2,'2025-10-20 06:49:18'),(2468,93,40,2,'2025-10-20 06:49:18'),(2469,93,49,2,'2025-10-20 06:49:18'),(2470,93,59,2,'2025-10-20 06:49:18'),(2471,93,60,2,'2025-10-20 06:49:18'),(2472,93,63,2,'2025-10-20 06:49:18'),(2473,93,66,2,'2025-10-20 06:49:18'),(2474,93,74,2,'2025-10-20 06:49:18'),(2475,93,87,2,'2025-10-20 06:49:18'),(2476,93,91,2,'2025-10-20 06:49:18'),(2477,93,92,2,'2025-10-20 06:49:18'),(2478,94,3,2,'2025-10-20 06:49:18'),(2479,94,4,2,'2025-10-20 06:49:18'),(2480,94,7,2,'2025-10-20 06:49:18'),(2481,94,8,2,'2025-10-20 06:49:18'),(2482,94,13,2,'2025-10-20 06:49:18'),(2483,94,14,2,'2025-10-20 06:49:18'),(2484,94,15,2,'2025-10-20 06:49:18'),(2485,94,17,2,'2025-10-20 06:49:18'),(2486,94,21,2,'2025-10-20 06:49:18'),(2487,94,23,2,'2025-10-20 06:49:18'),(2488,94,27,2,'2025-10-20 06:49:18'),(2489,94,29,2,'2025-10-20 06:49:18'),(2490,94,30,2,'2025-10-20 06:49:18'),(2491,94,32,2,'2025-10-20 06:49:18'),(2492,94,36,2,'2025-10-20 06:49:18'),(2493,94,39,2,'2025-10-20 06:49:18'),(2494,94,42,2,'2025-10-20 06:49:18'),(2495,94,43,2,'2025-10-20 06:49:18'),(2496,94,47,2,'2025-10-20 06:49:18'),(2497,94,48,2,'2025-10-20 06:49:18'),(2498,94,52,2,'2025-10-20 06:49:18'),(2499,94,53,2,'2025-10-20 06:49:18'),(2500,94,54,2,'2025-10-20 06:49:18'),(2501,94,55,2,'2025-10-20 06:49:18'),(2502,94,56,2,'2025-10-20 06:49:18'),(2503,94,57,2,'2025-10-20 06:49:18'),(2504,94,63,2,'2025-10-20 06:49:18'),(2505,94,66,2,'2025-10-20 06:49:18'),(2506,94,68,2,'2025-10-20 06:49:18'),(2507,94,69,2,'2025-10-20 06:49:18'),(2508,94,75,2,'2025-10-20 06:49:18'),(2509,94,76,2,'2025-10-20 06:49:18'),(2510,94,77,2,'2025-10-20 06:49:18'),(2511,94,79,2,'2025-10-20 06:49:18'),(2512,94,80,2,'2025-10-20 06:49:18'),(2513,94,81,2,'2025-10-20 06:49:18'),(2514,94,82,2,'2025-10-20 06:49:18'),(2515,94,83,2,'2025-10-20 06:49:18'),(2516,94,85,2,'2025-10-20 06:49:18'),(2517,94,86,2,'2025-10-20 06:49:18'),(2518,94,88,2,'2025-10-20 06:49:18'),(2519,94,91,2,'2025-10-20 06:49:18'),(2520,94,92,2,'2025-10-20 06:49:18'),(2521,94,94,2,'2025-10-20 06:49:18'),(2522,94,95,2,'2025-10-20 06:49:18'),(2523,94,96,2,'2025-10-20 06:49:18'),(2524,94,97,2,'2025-10-20 06:49:18'),(2525,94,98,2,'2025-10-20 06:49:19'),(2526,94,100,2,'2025-10-20 06:49:19'),(2527,95,3,2,'2025-10-20 06:49:19'),(2528,95,6,2,'2025-10-20 06:49:19'),(2529,95,11,2,'2025-10-20 06:49:19'),(2530,95,12,2,'2025-10-20 06:49:19'),(2531,95,20,2,'2025-10-20 06:49:19'),(2532,95,32,2,'2025-10-20 06:49:19'),(2533,95,37,2,'2025-10-20 06:49:19'),(2534,95,38,2,'2025-10-20 06:49:19'),(2535,95,47,2,'2025-10-20 06:49:19'),(2536,95,49,2,'2025-10-20 06:49:19'),(2537,95,60,2,'2025-10-20 06:49:19'),(2538,95,61,2,'2025-10-20 06:49:19'),(2539,95,74,2,'2025-10-20 06:49:19'),(2540,95,75,2,'2025-10-20 06:49:19'),(2541,95,78,2,'2025-10-20 06:49:19'),(2542,95,81,2,'2025-10-20 06:49:19'),(2543,95,85,2,'2025-10-20 06:49:19'),(2544,95,87,2,'2025-10-20 06:49:19'),(2545,95,92,2,'2025-10-20 06:49:19'),(2546,95,96,2,'2025-10-20 06:49:19'),(2547,95,97,2,'2025-10-20 06:49:19'),(2548,95,98,2,'2025-10-20 06:49:19'),(2549,95,99,2,'2025-10-20 06:49:19'),(2550,96,3,2,'2025-10-20 06:49:19'),(2551,96,7,2,'2025-10-20 06:49:19'),(2552,96,8,2,'2025-10-20 06:49:19'),(2553,96,11,2,'2025-10-20 06:49:19'),(2554,96,15,2,'2025-10-20 06:49:19'),(2555,96,17,2,'2025-10-20 06:49:19'),(2556,96,19,2,'2025-10-20 06:49:19'),(2557,96,20,2,'2025-10-20 06:49:19'),(2558,96,22,2,'2025-10-20 06:49:19'),(2559,96,24,2,'2025-10-20 06:49:19'),(2560,96,27,2,'2025-10-20 06:49:19'),(2561,96,29,2,'2025-10-20 06:49:19'),(2562,96,37,2,'2025-10-20 06:49:19'),(2563,96,44,2,'2025-10-20 06:49:19'),(2564,96,47,2,'2025-10-20 06:49:19'),(2565,96,49,2,'2025-10-20 06:49:19'),(2566,96,50,2,'2025-10-20 06:49:19'),(2567,96,51,2,'2025-10-20 06:49:19'),(2568,96,52,2,'2025-10-20 06:49:19'),(2569,96,54,2,'2025-10-20 06:49:19'),(2570,96,55,2,'2025-10-20 06:49:19'),(2571,96,59,2,'2025-10-20 06:49:19'),(2572,96,61,2,'2025-10-20 06:49:19'),(2573,96,63,2,'2025-10-20 06:49:19'),(2574,96,64,2,'2025-10-20 06:49:19'),(2575,96,67,2,'2025-10-20 06:49:19'),(2576,96,74,2,'2025-10-20 06:49:20'),(2577,96,76,2,'2025-10-20 06:49:20'),(2578,96,79,2,'2025-10-20 06:49:20'),(2579,96,80,2,'2025-10-20 06:49:20'),(2580,96,82,2,'2025-10-20 06:49:20'),(2581,96,84,2,'2025-10-20 06:49:20'),(2582,96,85,2,'2025-10-20 06:49:20'),(2583,96,86,2,'2025-10-20 06:49:20'),(2584,96,88,2,'2025-10-20 06:49:20'),(2585,96,98,2,'2025-10-20 06:49:20'),(2586,97,2,2,'2025-10-20 06:49:20'),(2587,97,3,2,'2025-10-20 06:49:20'),(2588,97,4,2,'2025-10-20 06:49:20'),(2589,97,8,2,'2025-10-20 06:49:20'),(2590,97,10,2,'2025-10-20 06:49:20'),(2591,97,15,2,'2025-10-20 06:49:20'),(2592,97,18,2,'2025-10-20 06:49:20'),(2593,97,19,2,'2025-10-20 06:49:20'),(2594,97,23,2,'2025-10-20 06:49:21'),(2595,97,26,2,'2025-10-20 06:49:21'),(2596,97,28,2,'2025-10-20 06:49:21'),(2597,97,31,2,'2025-10-20 06:49:21'),(2598,97,32,2,'2025-10-20 06:49:21'),(2599,97,33,2,'2025-10-20 06:49:21'),(2600,97,34,2,'2025-10-20 06:49:21'),(2601,97,36,2,'2025-10-20 06:49:21'),(2602,97,38,2,'2025-10-20 06:49:21'),(2603,97,40,2,'2025-10-20 06:49:21'),(2604,97,42,2,'2025-10-20 06:49:21'),(2605,97,50,2,'2025-10-20 06:49:21'),(2606,97,51,2,'2025-10-20 06:49:21'),(2607,97,53,2,'2025-10-20 06:49:21'),(2608,97,54,2,'2025-10-20 06:49:21'),(2609,97,56,2,'2025-10-20 06:49:21'),(2610,97,57,2,'2025-10-20 06:49:21'),(2611,97,58,2,'2025-10-20 06:49:21'),(2612,97,61,2,'2025-10-20 06:49:21'),(2613,97,64,2,'2025-10-20 06:49:21'),(2614,97,66,2,'2025-10-20 06:49:21'),(2615,97,68,2,'2025-10-20 06:49:21'),(2616,97,69,2,'2025-10-20 06:49:21'),(2617,97,72,2,'2025-10-20 06:49:21'),(2618,97,73,2,'2025-10-20 06:49:21'),(2619,97,75,2,'2025-10-20 06:49:21'),(2620,97,76,2,'2025-10-20 06:49:21'),(2621,97,78,2,'2025-10-20 06:49:21'),(2622,97,81,2,'2025-10-20 06:49:21'),(2623,97,82,2,'2025-10-20 06:49:21'),(2624,97,86,2,'2025-10-20 06:49:21'),(2625,97,89,2,'2025-10-20 06:49:21'),(2626,97,94,2,'2025-10-20 06:49:21'),(2627,97,95,2,'2025-10-20 06:49:21'),(2628,97,96,2,'2025-10-20 06:49:21'),(2629,98,4,2,'2025-10-20 06:49:21'),(2630,98,7,2,'2025-10-20 06:49:21'),(2631,98,16,2,'2025-10-20 06:49:21'),(2632,98,17,2,'2025-10-20 06:49:21'),(2633,98,18,2,'2025-10-20 06:49:21'),(2634,98,21,2,'2025-10-20 06:49:21'),(2635,98,22,2,'2025-10-20 06:49:21'),(2636,98,31,2,'2025-10-20 06:49:21'),(2637,98,38,2,'2025-10-20 06:49:21'),(2638,98,40,2,'2025-10-20 06:49:21'),(2639,98,42,2,'2025-10-20 06:49:21'),(2640,98,45,2,'2025-10-20 06:49:21'),(2641,98,48,2,'2025-10-20 06:49:21'),(2642,98,49,2,'2025-10-20 06:49:21'),(2643,98,50,2,'2025-10-20 06:49:21'),(2644,98,51,2,'2025-10-20 06:49:21'),(2645,98,54,2,'2025-10-20 06:49:21'),(2646,98,61,2,'2025-10-20 06:49:21'),(2647,98,68,2,'2025-10-20 06:49:21'),(2648,98,69,2,'2025-10-20 06:49:21'),(2649,98,76,2,'2025-10-20 06:49:21'),(2650,98,77,2,'2025-10-20 06:49:21'),(2651,98,79,2,'2025-10-20 06:49:21'),(2652,98,87,2,'2025-10-20 06:49:21'),(2653,98,89,2,'2025-10-20 06:49:21'),(2654,98,92,2,'2025-10-20 06:49:21'),(2655,98,93,2,'2025-10-20 06:49:21'),(2656,98,95,2,'2025-10-20 06:49:21'),(2657,98,98,2,'2025-10-20 06:49:21'),(2658,98,99,2,'2025-10-20 06:49:21'),(2659,99,4,2,'2025-10-20 06:49:22'),(2660,99,10,2,'2025-10-20 06:49:22'),(2661,99,12,2,'2025-10-20 06:49:22'),(2662,99,13,2,'2025-10-20 06:49:22'),(2663,99,17,2,'2025-10-20 06:49:22'),(2664,99,18,2,'2025-10-20 06:49:22'),(2665,99,19,2,'2025-10-20 06:49:22'),(2666,99,21,2,'2025-10-20 06:49:22'),(2667,99,23,2,'2025-10-20 06:49:22'),(2668,99,24,2,'2025-10-20 06:49:22'),(2669,99,33,2,'2025-10-20 06:49:22'),(2670,99,35,2,'2025-10-20 06:49:22'),(2671,99,36,2,'2025-10-20 06:49:22'),(2672,99,37,2,'2025-10-20 06:49:22'),(2673,99,39,2,'2025-10-20 06:49:22'),(2674,99,40,2,'2025-10-20 06:49:22'),(2675,99,41,2,'2025-10-20 06:49:22'),(2676,99,42,2,'2025-10-20 06:49:22'),(2677,99,43,2,'2025-10-20 06:49:22'),(2678,99,46,2,'2025-10-20 06:49:22'),(2679,99,47,2,'2025-10-20 06:49:22'),(2680,99,50,2,'2025-10-20 06:49:22'),(2681,99,51,2,'2025-10-20 06:49:22'),(2682,99,52,2,'2025-10-20 06:49:22'),(2683,99,54,2,'2025-10-20 06:49:22'),(2684,99,55,2,'2025-10-20 06:49:22'),(2685,99,56,2,'2025-10-20 06:49:22'),(2686,99,58,2,'2025-10-20 06:49:22'),(2687,99,60,2,'2025-10-20 06:49:22'),(2688,99,61,2,'2025-10-20 06:49:22'),(2689,99,62,2,'2025-10-20 06:49:22'),(2690,99,66,2,'2025-10-20 06:49:22'),(2691,99,67,2,'2025-10-20 06:49:22'),(2692,99,69,2,'2025-10-20 06:49:22'),(2693,99,71,2,'2025-10-20 06:49:22'),(2694,99,73,2,'2025-10-20 06:49:22'),(2695,99,74,2,'2025-10-20 06:49:22'),(2696,99,77,2,'2025-10-20 06:49:22'),(2697,99,78,2,'2025-10-20 06:49:22'),(2698,99,83,2,'2025-10-20 06:49:22'),(2699,99,84,2,'2025-10-20 06:49:22'),(2700,99,87,2,'2025-10-20 06:49:22'),(2701,99,89,2,'2025-10-20 06:49:22'),(2702,99,91,2,'2025-10-20 06:49:22'),(2703,99,92,2,'2025-10-20 06:49:22'),(2704,99,93,2,'2025-10-20 06:49:22'),(2705,99,96,2,'2025-10-20 06:49:22'),(2706,99,100,2,'2025-10-20 06:49:22'),(2707,100,2,2,'2025-10-20 06:49:22'),(2708,100,3,2,'2025-10-20 06:49:22'),(2709,100,4,2,'2025-10-20 06:49:22'),(2710,100,5,2,'2025-10-20 06:49:22'),(2711,100,6,2,'2025-10-20 06:49:22'),(2712,100,9,2,'2025-10-20 06:49:22'),(2713,100,14,2,'2025-10-20 06:49:22'),(2714,100,15,2,'2025-10-20 06:49:22'),(2715,100,18,2,'2025-10-20 06:49:23'),(2716,100,24,2,'2025-10-20 06:49:23'),(2717,100,25,2,'2025-10-20 06:49:23'),(2718,100,29,2,'2025-10-20 06:49:23'),(2719,100,30,2,'2025-10-20 06:49:23'),(2720,100,34,2,'2025-10-20 06:49:23'),(2721,100,35,2,'2025-10-20 06:49:23'),(2722,100,39,2,'2025-10-20 06:49:23'),(2723,100,40,2,'2025-10-20 06:49:23'),(2724,100,46,2,'2025-10-20 06:49:23'),(2725,100,51,2,'2025-10-20 06:49:23'),(2726,100,53,2,'2025-10-20 06:49:23'),(2727,100,55,2,'2025-10-20 06:49:23'),(2728,100,56,2,'2025-10-20 06:49:23'),(2729,100,58,2,'2025-10-20 06:49:23'),(2730,100,59,2,'2025-10-20 06:49:23'),(2731,100,60,2,'2025-10-20 06:49:23'),(2732,100,65,2,'2025-10-20 06:49:23'),(2733,100,72,2,'2025-10-20 06:49:23'),(2734,100,74,2,'2025-10-20 06:49:23'),(2735,100,76,2,'2025-10-20 06:49:23'),(2736,100,77,2,'2025-10-20 06:49:23'),(2737,100,78,2,'2025-10-20 06:49:23'),(2738,100,79,2,'2025-10-20 06:49:23'),(2739,100,80,2,'2025-10-20 06:49:23'),(2740,100,85,2,'2025-10-20 06:49:23'),(2741,100,87,2,'2025-10-20 06:49:23'),(2742,100,89,2,'2025-10-20 06:49:23'),(2743,100,90,2,'2025-10-20 06:49:23'),(2744,100,92,2,'2025-10-20 06:49:23'),(2745,100,93,2,'2025-10-20 06:49:23'),(2746,100,94,2,'2025-10-20 06:49:23'),(2747,100,95,2,'2025-10-20 06:49:23'),(2748,100,96,2,'2025-10-20 06:49:23'),(2749,100,97,2,'2025-10-20 06:49:23'),(2750,100,99,2,'2025-10-20 06:49:23'),(2751,101,1,2,'2025-10-20 06:49:23'),(2752,101,2,2,'2025-10-20 06:49:23'),(2753,101,4,2,'2025-10-20 06:49:24'),(2754,101,6,2,'2025-10-20 06:49:24'),(2755,101,10,2,'2025-10-20 06:49:24'),(2756,101,11,2,'2025-10-20 06:49:24'),(2757,101,14,2,'2025-10-20 06:49:24'),(2758,101,17,2,'2025-10-20 06:49:24'),(2759,101,19,2,'2025-10-20 06:49:24'),(2760,101,26,2,'2025-10-20 06:49:24'),(2761,101,29,2,'2025-10-20 06:49:24'),(2762,101,31,2,'2025-10-20 06:49:24'),(2763,101,33,2,'2025-10-20 06:49:24'),(2764,101,39,2,'2025-10-20 06:49:24'),(2765,101,41,2,'2025-10-20 06:49:24'),(2766,101,48,2,'2025-10-20 06:49:24'),(2767,101,52,2,'2025-10-20 06:49:24'),(2768,101,58,2,'2025-10-20 06:49:24'),(2769,101,59,2,'2025-10-20 06:49:24'),(2770,101,60,2,'2025-10-20 06:49:24'),(2771,101,63,2,'2025-10-20 06:49:24'),(2772,101,64,2,'2025-10-20 06:49:24'),(2773,101,72,2,'2025-10-20 06:49:24'),(2774,101,73,2,'2025-10-20 06:49:24'),(2775,101,76,2,'2025-10-20 06:49:24'),(2776,101,78,2,'2025-10-20 06:49:24'),(2777,101,79,2,'2025-10-20 06:49:24'),(2778,101,86,2,'2025-10-20 06:49:24'),(2779,101,87,2,'2025-10-20 06:49:24'),(2780,101,91,2,'2025-10-20 06:49:24'),(2781,101,96,2,'2025-10-20 06:49:24'),(2782,101,97,2,'2025-10-20 06:49:24'),(2783,102,7,2,'2025-10-20 06:49:24'),(2784,102,9,2,'2025-10-20 06:49:24'),(2785,102,12,2,'2025-10-20 06:49:24'),(2786,102,19,2,'2025-10-20 06:49:24'),(2787,102,22,2,'2025-10-20 06:49:24'),(2788,102,31,2,'2025-10-20 06:49:24'),(2789,102,38,2,'2025-10-20 06:49:24'),(2790,102,46,2,'2025-10-20 06:49:24'),(2791,102,53,2,'2025-10-20 06:49:24'),(2792,102,55,2,'2025-10-20 06:49:24'),(2793,102,56,2,'2025-10-20 06:49:24'),(2794,102,64,2,'2025-10-20 06:49:24'),(2795,102,65,2,'2025-10-20 06:49:24'),(2796,102,67,2,'2025-10-20 06:49:24'),(2797,102,69,2,'2025-10-20 06:49:24'),(2798,102,70,2,'2025-10-20 06:49:24'),(2799,102,82,2,'2025-10-20 06:49:24'),(2800,102,87,2,'2025-10-20 06:49:24'),(2801,102,91,2,'2025-10-20 06:49:24'),(2802,102,92,2,'2025-10-20 06:49:24'),(2803,102,95,2,'2025-10-20 06:49:24'),(2804,102,97,2,'2025-10-20 06:49:24'),(2805,102,98,2,'2025-10-20 06:49:24'),(2806,102,99,2,'2025-10-20 06:49:24'),(2807,103,1,2,'2025-10-20 06:49:24'),(2808,103,2,2,'2025-10-20 06:49:24'),(2809,103,10,2,'2025-10-20 06:49:24'),(2810,103,16,2,'2025-10-20 06:49:24'),(2811,103,18,2,'2025-10-20 06:49:25'),(2812,103,21,2,'2025-10-20 06:49:25'),(2813,103,22,2,'2025-10-20 06:49:25'),(2814,103,24,2,'2025-10-20 06:49:25'),(2815,103,26,2,'2025-10-20 06:49:25'),(2816,103,28,2,'2025-10-20 06:49:25'),(2817,103,29,2,'2025-10-20 06:49:25'),(2818,103,42,2,'2025-10-20 06:49:25'),(2819,103,43,2,'2025-10-20 06:49:25'),(2820,103,44,2,'2025-10-20 06:49:25'),(2821,103,45,2,'2025-10-20 06:49:25'),(2822,103,52,2,'2025-10-20 06:49:25'),(2823,103,53,2,'2025-10-20 06:49:25'),(2824,103,61,2,'2025-10-20 06:49:25'),(2825,103,64,2,'2025-10-20 06:49:25'),(2826,103,65,2,'2025-10-20 06:49:25'),(2827,103,66,2,'2025-10-20 06:49:25'),(2828,103,68,2,'2025-10-20 06:49:25'),(2829,103,69,2,'2025-10-20 06:49:25'),(2830,103,70,2,'2025-10-20 06:49:25'),(2831,103,71,2,'2025-10-20 06:49:25'),(2832,103,72,2,'2025-10-20 06:49:25'),(2833,103,73,2,'2025-10-20 06:49:25'),(2834,103,74,2,'2025-10-20 06:49:25'),(2835,103,75,2,'2025-10-20 06:49:25'),(2836,103,76,2,'2025-10-20 06:49:25'),(2837,103,78,2,'2025-10-20 06:49:25'),(2838,103,79,2,'2025-10-20 06:49:25'),(2839,103,80,2,'2025-10-20 06:49:25'),(2840,103,81,2,'2025-10-20 06:49:25'),(2841,103,84,2,'2025-10-20 06:49:25'),(2842,103,88,2,'2025-10-20 06:49:25'),(2843,103,89,2,'2025-10-20 06:49:25'),(2844,103,90,2,'2025-10-20 06:49:25'),(2845,103,91,2,'2025-10-20 06:49:25'),(2846,103,92,2,'2025-10-20 06:49:25'),(2847,104,1,2,'2025-10-20 06:49:25'),(2848,104,2,2,'2025-10-20 06:49:25'),(2849,104,3,2,'2025-10-20 06:49:25'),(2850,104,6,2,'2025-10-20 06:49:25'),(2851,104,8,2,'2025-10-20 06:49:25'),(2852,104,9,2,'2025-10-20 06:49:25'),(2853,104,15,2,'2025-10-20 06:49:25'),(2854,104,18,2,'2025-10-20 06:49:25'),(2855,104,21,2,'2025-10-20 06:49:25'),(2856,104,22,2,'2025-10-20 06:49:25'),(2857,104,24,2,'2025-10-20 06:49:25'),(2858,104,28,2,'2025-10-20 06:49:25'),(2859,104,30,2,'2025-10-20 06:49:25'),(2860,104,32,2,'2025-10-20 06:49:25'),(2861,104,33,2,'2025-10-20 06:49:25'),(2862,104,34,2,'2025-10-20 06:49:25'),(2863,104,35,2,'2025-10-20 06:49:25'),(2864,104,36,2,'2025-10-20 06:49:25'),(2865,104,38,2,'2025-10-20 06:49:26'),(2866,104,40,2,'2025-10-20 06:49:26'),(2867,104,42,2,'2025-10-20 06:49:26'),(2868,104,45,2,'2025-10-20 06:49:26'),(2869,104,46,2,'2025-10-20 06:49:26'),(2870,104,48,2,'2025-10-20 06:49:26'),(2871,104,53,2,'2025-10-20 06:49:26'),(2872,104,56,2,'2025-10-20 06:49:26'),(2873,104,57,2,'2025-10-20 06:49:26'),(2874,104,59,2,'2025-10-20 06:49:26'),(2875,104,60,2,'2025-10-20 06:49:26'),(2876,104,61,2,'2025-10-20 06:49:26'),(2877,104,63,2,'2025-10-20 06:49:26'),(2878,104,64,2,'2025-10-20 06:49:26'),(2879,104,65,2,'2025-10-20 06:49:26'),(2880,104,66,2,'2025-10-20 06:49:26'),(2881,104,68,2,'2025-10-20 06:49:26'),(2882,104,69,2,'2025-10-20 06:49:26'),(2883,104,70,2,'2025-10-20 06:49:26'),(2884,104,71,2,'2025-10-20 06:49:26'),(2885,104,76,2,'2025-10-20 06:49:26'),(2886,104,78,2,'2025-10-20 06:49:26'),(2887,104,79,2,'2025-10-20 06:49:26'),(2888,104,81,2,'2025-10-20 06:49:26'),(2889,104,86,2,'2025-10-20 06:49:26'),(2890,104,87,2,'2025-10-20 06:49:26'),(2891,104,88,2,'2025-10-20 06:49:26'),(2892,104,90,2,'2025-10-20 06:49:26'),(2893,104,91,2,'2025-10-20 06:49:26'),(2894,104,97,2,'2025-10-20 06:49:26'),(2895,104,99,2,'2025-10-20 06:49:26'),(2896,104,100,2,'2025-10-20 06:49:26'),(2897,105,4,2,'2025-10-20 06:49:26'),(2898,105,11,2,'2025-10-20 06:49:26'),(2899,105,13,2,'2025-10-20 06:49:26'),(2900,105,15,2,'2025-10-20 06:49:26'),(2901,105,16,2,'2025-10-20 06:49:26'),(2902,105,17,2,'2025-10-20 06:49:26'),(2903,105,21,2,'2025-10-20 06:49:26'),(2904,105,22,2,'2025-10-20 06:49:26'),(2905,105,24,2,'2025-10-20 06:49:26'),(2906,105,29,2,'2025-10-20 06:49:26'),(2907,105,32,2,'2025-10-20 06:49:26'),(2908,105,40,2,'2025-10-20 06:49:26'),(2909,105,44,2,'2025-10-20 06:49:26'),(2910,105,45,2,'2025-10-20 06:49:26'),(2911,105,55,2,'2025-10-20 06:49:26'),(2912,105,57,2,'2025-10-20 06:49:26'),(2913,105,58,2,'2025-10-20 06:49:26'),(2914,105,59,2,'2025-10-20 06:49:26'),(2915,105,62,2,'2025-10-20 06:49:26'),(2916,105,63,2,'2025-10-20 06:49:26'),(2917,105,66,2,'2025-10-20 06:49:26'),(2918,105,69,2,'2025-10-20 06:49:26'),(2919,105,72,2,'2025-10-20 06:49:26'),(2920,105,73,2,'2025-10-20 06:49:26'),(2921,105,77,2,'2025-10-20 06:49:26'),(2922,105,79,2,'2025-10-20 06:49:26'),(2923,105,82,2,'2025-10-20 06:49:26'),(2924,105,83,2,'2025-10-20 06:49:26'),(2925,105,85,2,'2025-10-20 06:49:26'),(2926,105,87,2,'2025-10-20 06:49:26'),(2927,105,88,2,'2025-10-20 06:49:26'),(2928,105,89,2,'2025-10-20 06:49:26'),(2929,105,92,2,'2025-10-20 06:49:26'),(2930,105,94,2,'2025-10-20 06:49:26'),(2931,105,97,2,'2025-10-20 06:49:26'),(2932,105,98,2,'2025-10-20 06:49:26'),(2933,105,100,2,'2025-10-20 06:49:26'),(2934,106,4,2,'2025-10-20 06:49:26'),(2935,106,12,2,'2025-10-20 06:49:26'),(2936,106,19,2,'2025-10-20 06:49:26'),(2937,106,20,2,'2025-10-20 06:49:26'),(2938,106,23,2,'2025-10-20 06:49:26'),(2939,106,29,2,'2025-10-20 06:49:26'),(2940,106,32,2,'2025-10-20 06:49:26'),(2941,106,38,2,'2025-10-20 06:49:26'),(2942,106,48,2,'2025-10-20 06:49:26'),(2943,106,51,2,'2025-10-20 06:49:26'),(2944,106,58,2,'2025-10-20 06:49:26'),(2945,106,64,2,'2025-10-20 06:49:26'),(2946,106,66,2,'2025-10-20 06:49:26'),(2947,106,68,2,'2025-10-20 06:49:26'),(2948,106,69,2,'2025-10-20 06:49:26'),(2949,106,70,2,'2025-10-20 06:49:26'),(2950,106,71,2,'2025-10-20 06:49:26'),(2951,106,75,2,'2025-10-20 06:49:26'),(2952,106,81,2,'2025-10-20 06:49:26'),(2953,106,83,2,'2025-10-20 06:49:26'),(2954,106,84,2,'2025-10-20 06:49:26'),(2955,106,91,2,'2025-10-20 06:49:26'),(2956,106,92,2,'2025-10-20 06:49:26'),(2957,106,95,2,'2025-10-20 06:49:26'),(2958,107,4,2,'2025-10-20 06:49:26'),(2959,107,5,2,'2025-10-20 06:49:26'),(2960,107,9,2,'2025-10-20 06:49:26'),(2961,107,11,2,'2025-10-20 06:49:26'),(2962,107,12,2,'2025-10-20 06:49:26'),(2963,107,14,2,'2025-10-20 06:49:26'),(2964,107,17,2,'2025-10-20 06:49:26'),(2965,107,19,2,'2025-10-20 06:49:26'),(2966,107,20,2,'2025-10-20 06:49:26'),(2967,107,23,2,'2025-10-20 06:49:26'),(2968,107,29,2,'2025-10-20 06:49:26'),(2969,107,34,2,'2025-10-20 06:49:26'),(2970,107,35,2,'2025-10-20 06:49:26'),(2971,107,37,2,'2025-10-20 06:49:26'),(2972,107,41,2,'2025-10-20 06:49:26'),(2973,107,44,2,'2025-10-20 06:49:26'),(2974,107,45,2,'2025-10-20 06:49:26'),(2975,107,48,2,'2025-10-20 06:49:26'),(2976,107,50,2,'2025-10-20 06:49:26'),(2977,107,54,2,'2025-10-20 06:49:26'),(2978,107,57,2,'2025-10-20 06:49:26'),(2979,107,60,2,'2025-10-20 06:49:26'),(2980,107,68,2,'2025-10-20 06:49:26'),(2981,107,69,2,'2025-10-20 06:49:26'),(2982,107,73,2,'2025-10-20 06:49:26'),(2983,107,77,2,'2025-10-20 06:49:26'),(2984,107,84,2,'2025-10-20 06:49:26'),(2985,107,88,2,'2025-10-20 06:49:26'),(2986,107,89,2,'2025-10-20 06:49:26'),(2987,107,90,2,'2025-10-20 06:49:26'),(2988,107,91,2,'2025-10-20 06:49:26'),(2989,107,94,2,'2025-10-20 06:49:26'),(2990,107,97,2,'2025-10-20 06:49:26'),(2991,108,7,2,'2025-10-20 06:49:26'),(2992,108,8,2,'2025-10-20 06:49:26'),(2993,108,9,2,'2025-10-20 06:49:26'),(2994,108,10,2,'2025-10-20 06:49:26'),(2995,108,30,2,'2025-10-20 06:49:26'),(2996,108,31,2,'2025-10-20 06:49:26'),(2997,108,32,2,'2025-10-20 06:49:26'),(2998,108,38,2,'2025-10-20 06:49:26'),(2999,108,40,2,'2025-10-20 06:49:26'),(3000,108,54,2,'2025-10-20 06:49:26'),(3001,108,57,2,'2025-10-20 06:49:26'),(3002,108,59,2,'2025-10-20 06:49:26'),(3003,108,61,2,'2025-10-20 06:49:26'),(3004,108,64,2,'2025-10-20 06:49:26'),(3005,108,68,2,'2025-10-20 06:49:26'),(3006,108,70,2,'2025-10-20 06:49:26'),(3007,108,72,2,'2025-10-20 06:49:26'),(3008,108,76,2,'2025-10-20 06:49:26'),(3009,108,78,2,'2025-10-20 06:49:26'),(3010,108,79,2,'2025-10-20 06:49:26'),(3011,108,86,2,'2025-10-20 06:49:26'),(3012,108,97,2,'2025-10-20 06:49:26'),(3013,109,1,2,'2025-10-20 06:49:26'),(3014,109,8,2,'2025-10-20 06:49:26'),(3015,109,12,2,'2025-10-20 06:49:26'),(3016,109,14,2,'2025-10-20 06:49:26'),(3017,109,18,2,'2025-10-20 06:49:26'),(3018,109,22,2,'2025-10-20 06:49:26'),(3019,109,23,2,'2025-10-20 06:49:26'),(3020,109,25,2,'2025-10-20 06:49:26'),(3021,109,26,2,'2025-10-20 06:49:26'),(3022,109,27,2,'2025-10-20 06:49:26'),(3023,109,28,2,'2025-10-20 06:49:26'),(3024,109,30,2,'2025-10-20 06:49:26'),(3025,109,32,2,'2025-10-20 06:49:26'),(3026,109,34,2,'2025-10-20 06:49:26'),(3027,109,35,2,'2025-10-20 06:49:26'),(3028,109,36,2,'2025-10-20 06:49:26'),(3029,109,38,2,'2025-10-20 06:49:26'),(3030,109,39,2,'2025-10-20 06:49:26'),(3031,109,41,2,'2025-10-20 06:49:26'),(3032,109,48,2,'2025-10-20 06:49:26'),(3033,109,50,2,'2025-10-20 06:49:26'),(3034,109,51,2,'2025-10-20 06:49:26'),(3035,109,54,2,'2025-10-20 06:49:26'),(3036,109,56,2,'2025-10-20 06:49:26'),(3037,109,57,2,'2025-10-20 06:49:26'),(3038,109,58,2,'2025-10-20 06:49:26'),(3039,109,60,2,'2025-10-20 06:49:26'),(3040,109,68,2,'2025-10-20 06:49:26'),(3041,109,73,2,'2025-10-20 06:49:26'),(3042,109,74,2,'2025-10-20 06:49:26'),(3043,109,76,2,'2025-10-20 06:49:26'),(3044,109,78,2,'2025-10-20 06:49:26'),(3045,109,79,2,'2025-10-20 06:49:26'),(3046,109,84,2,'2025-10-20 06:49:26'),(3047,109,86,2,'2025-10-20 06:49:26'),(3048,109,91,2,'2025-10-20 06:49:26'),(3049,109,92,2,'2025-10-20 06:49:26'),(3050,109,97,2,'2025-10-20 06:49:26'),(3051,109,99,2,'2025-10-20 06:49:26'),(3052,109,100,2,'2025-10-20 06:49:26'),(3053,110,1,2,'2025-10-20 06:49:27'),(3054,110,2,2,'2025-10-20 06:49:27'),(3055,110,3,2,'2025-10-20 06:49:27'),(3056,110,7,2,'2025-10-20 06:49:27'),(3057,110,9,2,'2025-10-20 06:49:27'),(3058,110,10,2,'2025-10-20 06:49:27'),(3059,110,11,2,'2025-10-20 06:49:27'),(3060,110,19,2,'2025-10-20 06:49:27'),(3061,110,24,2,'2025-10-20 06:49:27'),(3062,110,25,2,'2025-10-20 06:49:27'),(3063,110,34,2,'2025-10-20 06:49:27'),(3064,110,35,2,'2025-10-20 06:49:27'),(3065,110,39,2,'2025-10-20 06:49:27'),(3066,110,40,2,'2025-10-20 06:49:27'),(3067,110,41,2,'2025-10-20 06:49:27'),(3068,110,43,2,'2025-10-20 06:49:27'),(3069,110,44,2,'2025-10-20 06:49:27'),(3070,110,49,2,'2025-10-20 06:49:27'),(3071,110,50,2,'2025-10-20 06:49:27'),(3072,110,53,2,'2025-10-20 06:49:27'),(3073,110,54,2,'2025-10-20 06:49:27'),(3074,110,55,2,'2025-10-20 06:49:27'),(3075,110,56,2,'2025-10-20 06:49:27'),(3076,110,58,2,'2025-10-20 06:49:27'),(3077,110,61,2,'2025-10-20 06:49:27'),(3078,110,64,2,'2025-10-20 06:49:27'),(3079,110,65,2,'2025-10-20 06:49:27'),(3080,110,66,2,'2025-10-20 06:49:27'),(3081,110,67,2,'2025-10-20 06:49:27'),(3082,110,70,2,'2025-10-20 06:49:27'),(3083,110,71,2,'2025-10-20 06:49:27'),(3084,110,74,2,'2025-10-20 06:49:27'),(3085,110,75,2,'2025-10-20 06:49:27'),(3086,110,76,2,'2025-10-20 06:49:27'),(3087,110,78,2,'2025-10-20 06:49:27'),(3088,110,82,2,'2025-10-20 06:49:27'),(3089,110,84,2,'2025-10-20 06:49:27'),(3090,110,85,2,'2025-10-20 06:49:27'),(3091,110,87,2,'2025-10-20 06:49:27'),(3092,110,89,2,'2025-10-20 06:49:27'),(3093,110,90,2,'2025-10-20 06:49:27'),(3094,110,91,2,'2025-10-20 06:49:27'),(3095,110,92,2,'2025-10-20 06:49:27'),(3096,110,93,2,'2025-10-20 06:49:27'),(3097,111,2,2,'2025-10-20 06:49:27'),(3098,111,4,2,'2025-10-20 06:49:27'),(3099,111,5,2,'2025-10-20 06:49:27'),(3100,111,6,2,'2025-10-20 06:49:27'),(3101,111,7,2,'2025-10-20 06:49:27'),(3102,111,10,2,'2025-10-20 06:49:27'),(3103,111,11,2,'2025-10-20 06:49:27'),(3104,111,12,2,'2025-10-20 06:49:27'),(3105,111,14,2,'2025-10-20 06:49:27'),(3106,111,15,2,'2025-10-20 06:49:27'),(3107,111,17,2,'2025-10-20 06:49:27'),(3108,111,21,2,'2025-10-20 06:49:27'),(3109,111,24,2,'2025-10-20 06:49:27'),(3110,111,29,2,'2025-10-20 06:49:27'),(3111,111,30,2,'2025-10-20 06:49:27'),(3112,111,32,2,'2025-10-20 06:49:27'),(3113,111,40,2,'2025-10-20 06:49:27'),(3114,111,42,2,'2025-10-20 06:49:27'),(3115,111,45,2,'2025-10-20 06:49:27'),(3116,111,46,2,'2025-10-20 06:49:27'),(3117,111,47,2,'2025-10-20 06:49:27'),(3118,111,50,2,'2025-10-20 06:49:27'),(3119,111,51,2,'2025-10-20 06:49:27'),(3120,111,62,2,'2025-10-20 06:49:27'),(3121,111,69,2,'2025-10-20 06:49:27'),(3122,111,77,2,'2025-10-20 06:49:27'),(3123,111,78,2,'2025-10-20 06:49:27'),(3124,111,80,2,'2025-10-20 06:49:27'),(3125,111,81,2,'2025-10-20 06:49:27'),(3126,111,84,2,'2025-10-20 06:49:27'),(3127,111,86,2,'2025-10-20 06:49:27'),(3128,111,88,2,'2025-10-20 06:49:27'),(3129,111,95,2,'2025-10-20 06:49:27'),(3130,111,98,2,'2025-10-20 06:49:27'),(3131,112,3,2,'2025-10-20 06:49:27'),(3132,112,6,2,'2025-10-20 06:49:27'),(3133,112,8,2,'2025-10-20 06:49:27'),(3134,112,10,2,'2025-10-20 06:49:27'),(3135,112,11,2,'2025-10-20 06:49:27'),(3136,112,12,2,'2025-10-20 06:49:27'),(3137,112,14,2,'2025-10-20 06:49:27'),(3138,112,15,2,'2025-10-20 06:49:27'),(3139,112,18,2,'2025-10-20 06:49:27'),(3140,112,24,2,'2025-10-20 06:49:27'),(3141,112,28,2,'2025-10-20 06:49:27'),(3142,112,29,2,'2025-10-20 06:49:27'),(3143,112,31,2,'2025-10-20 06:49:27'),(3144,112,32,2,'2025-10-20 06:49:27'),(3145,112,33,2,'2025-10-20 06:49:27'),(3146,112,34,2,'2025-10-20 06:49:27'),(3147,112,38,2,'2025-10-20 06:49:27'),(3148,112,39,2,'2025-10-20 06:49:27'),(3149,112,42,2,'2025-10-20 06:49:27'),(3150,112,48,2,'2025-10-20 06:49:27'),(3151,112,49,2,'2025-10-20 06:49:27'),(3152,112,50,2,'2025-10-20 06:49:27'),(3153,112,54,2,'2025-10-20 06:49:27'),(3154,112,57,2,'2025-10-20 06:49:27'),(3155,112,58,2,'2025-10-20 06:49:27'),(3156,112,61,2,'2025-10-20 06:49:27'),(3157,112,62,2,'2025-10-20 06:49:27'),(3158,112,65,2,'2025-10-20 06:49:27'),(3159,112,68,2,'2025-10-20 06:49:27'),(3160,112,71,2,'2025-10-20 06:49:27'),(3161,112,73,2,'2025-10-20 06:49:27'),(3162,112,75,2,'2025-10-20 06:49:27'),(3163,112,77,2,'2025-10-20 06:49:27'),(3164,112,79,2,'2025-10-20 06:49:27'),(3165,112,81,2,'2025-10-20 06:49:27'),(3166,112,82,2,'2025-10-20 06:49:27'),(3167,112,83,2,'2025-10-20 06:49:27'),(3168,112,84,2,'2025-10-20 06:49:27'),(3169,112,93,2,'2025-10-20 06:49:27'),(3170,113,2,2,'2025-10-20 06:49:27'),(3171,113,3,2,'2025-10-20 06:49:27'),(3172,113,5,2,'2025-10-20 06:49:27'),(3173,113,8,2,'2025-10-20 06:49:27'),(3174,113,9,2,'2025-10-20 06:49:27'),(3175,113,12,2,'2025-10-20 06:49:27'),(3176,113,13,2,'2025-10-20 06:49:27'),(3177,113,14,2,'2025-10-20 06:49:27'),(3178,113,16,2,'2025-10-20 06:49:27'),(3179,113,20,2,'2025-10-20 06:49:27'),(3180,113,24,2,'2025-10-20 06:49:27'),(3181,113,28,2,'2025-10-20 06:49:27'),(3182,113,32,2,'2025-10-20 06:49:27'),(3183,113,33,2,'2025-10-20 06:49:27'),(3184,113,35,2,'2025-10-20 06:49:27'),(3185,113,36,2,'2025-10-20 06:49:27'),(3186,113,37,2,'2025-10-20 06:49:27'),(3187,113,40,2,'2025-10-20 06:49:27'),(3188,113,43,2,'2025-10-20 06:49:27'),(3189,113,48,2,'2025-10-20 06:49:27'),(3190,113,49,2,'2025-10-20 06:49:27'),(3191,113,56,2,'2025-10-20 06:49:27'),(3192,113,58,2,'2025-10-20 06:49:27'),(3193,113,60,2,'2025-10-20 06:49:27'),(3194,113,61,2,'2025-10-20 06:49:27'),(3195,113,62,2,'2025-10-20 06:49:27'),(3196,113,63,2,'2025-10-20 06:49:27'),(3197,113,70,2,'2025-10-20 06:49:27'),(3198,113,71,2,'2025-10-20 06:49:27'),(3199,113,77,2,'2025-10-20 06:49:27'),(3200,113,78,2,'2025-10-20 06:49:27'),(3201,113,79,2,'2025-10-20 06:49:27'),(3202,113,81,2,'2025-10-20 06:49:27'),(3203,113,84,2,'2025-10-20 06:49:27'),(3204,113,85,2,'2025-10-20 06:49:27'),(3205,113,87,2,'2025-10-20 06:49:27'),(3206,113,90,2,'2025-10-20 06:49:27'),(3207,113,94,2,'2025-10-20 06:49:27'),(3208,113,95,2,'2025-10-20 06:49:27'),(3209,113,98,2,'2025-10-20 06:49:27'),(3210,113,99,2,'2025-10-20 06:49:27'),(3211,113,100,2,'2025-10-20 06:49:27'),(3212,114,3,2,'2025-10-20 06:49:27'),(3213,114,7,2,'2025-10-20 06:49:27'),(3214,114,8,2,'2025-10-20 06:49:27'),(3215,114,20,2,'2025-10-20 06:49:27'),(3216,114,26,2,'2025-10-20 06:49:27'),(3217,114,29,2,'2025-10-20 06:49:27'),(3218,114,31,2,'2025-10-20 06:49:27'),(3219,114,32,2,'2025-10-20 06:49:27'),(3220,114,39,2,'2025-10-20 06:49:27'),(3221,114,40,2,'2025-10-20 06:49:27'),(3222,114,41,2,'2025-10-20 06:49:27'),(3223,114,45,2,'2025-10-20 06:49:27'),(3224,114,53,2,'2025-10-20 06:49:27'),(3225,114,55,2,'2025-10-20 06:49:27'),(3226,114,57,2,'2025-10-20 06:49:27'),(3227,114,62,2,'2025-10-20 06:49:27'),(3228,114,67,2,'2025-10-20 06:49:27'),(3229,114,69,2,'2025-10-20 06:49:27'),(3230,114,70,2,'2025-10-20 06:49:27'),(3231,114,73,2,'2025-10-20 06:49:27'),(3232,114,76,2,'2025-10-20 06:49:27'),(3233,114,78,2,'2025-10-20 06:49:27'),(3234,114,79,2,'2025-10-20 06:49:27'),(3235,114,80,2,'2025-10-20 06:49:27'),(3236,114,97,2,'2025-10-20 06:49:27'),(3237,114,99,2,'2025-10-20 06:49:27'),(3238,115,4,2,'2025-10-20 06:49:27'),(3239,115,5,2,'2025-10-20 06:49:27'),(3240,115,6,2,'2025-10-20 06:49:27'),(3241,115,7,2,'2025-10-20 06:49:27'),(3242,115,8,2,'2025-10-20 06:49:27'),(3243,115,9,2,'2025-10-20 06:49:27'),(3244,115,13,2,'2025-10-20 06:49:27'),(3245,115,14,2,'2025-10-20 06:49:27'),(3246,115,20,2,'2025-10-20 06:49:27'),(3247,115,21,2,'2025-10-20 06:49:27'),(3248,115,23,2,'2025-10-20 06:49:27'),(3249,115,24,2,'2025-10-20 06:49:27'),(3250,115,28,2,'2025-10-20 06:49:27'),(3251,115,29,2,'2025-10-20 06:49:27'),(3252,115,30,2,'2025-10-20 06:49:27'),(3253,115,31,2,'2025-10-20 06:49:27'),(3254,115,32,2,'2025-10-20 06:49:27'),(3255,115,33,2,'2025-10-20 06:49:27'),(3256,115,34,2,'2025-10-20 06:49:27'),(3257,115,36,2,'2025-10-20 06:49:27'),(3258,115,38,2,'2025-10-20 06:49:27'),(3259,115,41,2,'2025-10-20 06:49:27'),(3260,115,42,2,'2025-10-20 06:49:27'),(3261,115,44,2,'2025-10-20 06:49:27'),(3262,115,50,2,'2025-10-20 06:49:27'),(3263,115,51,2,'2025-10-20 06:49:27'),(3264,115,56,2,'2025-10-20 06:49:27'),(3265,115,57,2,'2025-10-20 06:49:27'),(3266,115,59,2,'2025-10-20 06:49:27'),(3267,115,60,2,'2025-10-20 06:49:27'),(3268,115,64,2,'2025-10-20 06:49:27'),(3269,115,66,2,'2025-10-20 06:49:27'),(3270,115,67,2,'2025-10-20 06:49:27'),(3271,115,70,2,'2025-10-20 06:49:27'),(3272,115,73,2,'2025-10-20 06:49:27'),(3273,115,77,2,'2025-10-20 06:49:27'),(3274,115,78,2,'2025-10-20 06:49:27'),(3275,115,81,2,'2025-10-20 06:49:27'),(3276,115,83,2,'2025-10-20 06:49:27'),(3277,115,85,2,'2025-10-20 06:49:27'),(3278,115,86,2,'2025-10-20 06:49:27'),(3279,115,88,2,'2025-10-20 06:49:27'),(3280,115,90,2,'2025-10-20 06:49:27'),(3281,115,97,2,'2025-10-20 06:49:27'),(3282,115,99,2,'2025-10-20 06:49:27'),(3283,116,5,2,'2025-10-20 06:49:27'),(3284,116,11,2,'2025-10-20 06:49:27'),(3285,116,17,2,'2025-10-20 06:49:27'),(3286,116,19,2,'2025-10-20 06:49:27'),(3287,116,26,2,'2025-10-20 06:49:27'),(3288,116,27,2,'2025-10-20 06:49:27'),(3289,116,28,2,'2025-10-20 06:49:27'),(3290,116,29,2,'2025-10-20 06:49:27'),(3291,116,34,2,'2025-10-20 06:49:27'),(3292,116,46,2,'2025-10-20 06:49:27'),(3293,116,50,2,'2025-10-20 06:49:27'),(3294,116,64,2,'2025-10-20 06:49:27'),(3295,116,77,2,'2025-10-20 06:49:27'),(3296,116,78,2,'2025-10-20 06:49:27'),(3297,116,82,2,'2025-10-20 06:49:27'),(3298,116,85,2,'2025-10-20 06:49:27'),(3299,116,88,2,'2025-10-20 06:49:27'),(3300,116,94,2,'2025-10-20 06:49:27'),(3301,116,97,2,'2025-10-20 06:49:27'),(3302,116,98,2,'2025-10-20 06:49:27'),(3303,117,9,2,'2025-10-20 06:49:27'),(3304,117,13,2,'2025-10-20 06:49:27'),(3305,117,14,2,'2025-10-20 06:49:27'),(3306,117,17,2,'2025-10-20 06:49:27'),(3307,117,19,2,'2025-10-20 06:49:27'),(3308,117,21,2,'2025-10-20 06:49:27'),(3309,117,22,2,'2025-10-20 06:49:27'),(3310,117,23,2,'2025-10-20 06:49:27'),(3311,117,26,2,'2025-10-20 06:49:27'),(3312,117,27,2,'2025-10-20 06:49:27'),(3313,117,31,2,'2025-10-20 06:49:27'),(3314,117,32,2,'2025-10-20 06:49:27'),(3315,117,33,2,'2025-10-20 06:49:27'),(3316,117,36,2,'2025-10-20 06:49:27'),(3317,117,40,2,'2025-10-20 06:49:27'),(3318,117,43,2,'2025-10-20 06:49:27'),(3319,117,44,2,'2025-10-20 06:49:27'),(3320,117,46,2,'2025-10-20 06:49:27'),(3321,117,48,2,'2025-10-20 06:49:27'),(3322,117,49,2,'2025-10-20 06:49:27'),(3323,117,50,2,'2025-10-20 06:49:27'),(3324,117,51,2,'2025-10-20 06:49:27'),(3325,117,53,2,'2025-10-20 06:49:27'),(3326,117,56,2,'2025-10-20 06:49:27'),(3327,117,57,2,'2025-10-20 06:49:27'),(3328,117,58,2,'2025-10-20 06:49:27'),(3329,117,59,2,'2025-10-20 06:49:27'),(3330,117,62,2,'2025-10-20 06:49:27'),(3331,117,67,2,'2025-10-20 06:49:27'),(3332,117,73,2,'2025-10-20 06:49:27'),(3333,117,74,2,'2025-10-20 06:49:27'),(3334,117,75,2,'2025-10-20 06:49:27'),(3335,117,76,2,'2025-10-20 06:49:27'),(3336,117,77,2,'2025-10-20 06:49:27'),(3337,117,81,2,'2025-10-20 06:49:27'),(3338,117,82,2,'2025-10-20 06:49:27'),(3339,117,83,2,'2025-10-20 06:49:27'),(3340,117,84,2,'2025-10-20 06:49:27'),(3341,117,85,2,'2025-10-20 06:49:27'),(3342,117,88,2,'2025-10-20 06:49:27'),(3343,117,90,2,'2025-10-20 06:49:27'),(3344,117,92,2,'2025-10-20 06:49:27'),(3345,117,94,2,'2025-10-20 06:49:27'),(3346,117,95,2,'2025-10-20 06:49:27'),(3347,117,97,2,'2025-10-20 06:49:27'),(3348,117,98,2,'2025-10-20 06:49:27'),(3349,117,99,2,'2025-10-20 06:49:27'),(3350,117,100,2,'2025-10-20 06:49:27'),(3351,118,2,2,'2025-10-20 06:49:27'),(3352,118,4,2,'2025-10-20 06:49:27'),(3353,118,6,2,'2025-10-20 06:49:27'),(3354,118,7,2,'2025-10-20 06:49:27'),(3355,118,9,2,'2025-10-20 06:49:27'),(3356,118,14,2,'2025-10-20 06:49:27'),(3357,118,15,2,'2025-10-20 06:49:27'),(3358,118,18,2,'2025-10-20 06:49:27'),(3359,118,19,2,'2025-10-20 06:49:27'),(3360,118,22,2,'2025-10-20 06:49:27'),(3361,118,24,2,'2025-10-20 06:49:27'),(3362,118,26,2,'2025-10-20 06:49:27'),(3363,118,29,2,'2025-10-20 06:49:27'),(3364,118,32,2,'2025-10-20 06:49:27'),(3365,118,35,2,'2025-10-20 06:49:27'),(3366,118,36,2,'2025-10-20 06:49:27'),(3367,118,37,2,'2025-10-20 06:49:27'),(3368,118,39,2,'2025-10-20 06:49:27'),(3369,118,40,2,'2025-10-20 06:49:27'),(3370,118,41,2,'2025-10-20 06:49:27'),(3371,118,42,2,'2025-10-20 06:49:27'),(3372,118,44,2,'2025-10-20 06:49:27'),(3373,118,47,2,'2025-10-20 06:49:27'),(3374,118,48,2,'2025-10-20 06:49:27'),(3375,118,50,2,'2025-10-20 06:49:27'),(3376,118,53,2,'2025-10-20 06:49:27'),(3377,118,54,2,'2025-10-20 06:49:27'),(3378,118,57,2,'2025-10-20 06:49:27'),(3379,118,59,2,'2025-10-20 06:49:27'),(3380,118,67,2,'2025-10-20 06:49:27'),(3381,118,68,2,'2025-10-20 06:49:27'),(3382,118,69,2,'2025-10-20 06:49:27'),(3383,118,70,2,'2025-10-20 06:49:27'),(3384,118,72,2,'2025-10-20 06:49:27'),(3385,118,74,2,'2025-10-20 06:49:27'),(3386,118,77,2,'2025-10-20 06:49:27'),(3387,118,80,2,'2025-10-20 06:49:27'),(3388,118,86,2,'2025-10-20 06:49:27'),(3389,118,93,2,'2025-10-20 06:49:27'),(3390,118,94,2,'2025-10-20 06:49:27'),(3391,118,96,2,'2025-10-20 06:49:27'),(3392,119,2,2,'2025-10-20 06:49:28'),(3393,119,8,2,'2025-10-20 06:49:28'),(3394,119,10,2,'2025-10-20 06:49:28'),(3395,119,15,2,'2025-10-20 06:49:28'),(3396,119,17,2,'2025-10-20 06:49:28'),(3397,119,18,2,'2025-10-20 06:49:28'),(3398,119,20,2,'2025-10-20 06:49:28'),(3399,119,23,2,'2025-10-20 06:49:28'),(3400,119,27,2,'2025-10-20 06:49:28'),(3401,119,29,2,'2025-10-20 06:49:28'),(3402,119,31,2,'2025-10-20 06:49:28'),(3403,119,34,2,'2025-10-20 06:49:28'),(3404,119,36,2,'2025-10-20 06:49:28'),(3405,119,38,2,'2025-10-20 06:49:28'),(3406,119,40,2,'2025-10-20 06:49:28'),(3407,119,41,2,'2025-10-20 06:49:28'),(3408,119,42,2,'2025-10-20 06:49:28'),(3409,119,43,2,'2025-10-20 06:49:28'),(3410,119,47,2,'2025-10-20 06:49:28'),(3411,119,48,2,'2025-10-20 06:49:28'),(3412,119,51,2,'2025-10-20 06:49:28'),(3413,119,52,2,'2025-10-20 06:49:28'),(3414,119,57,2,'2025-10-20 06:49:28'),(3415,119,64,2,'2025-10-20 06:49:28'),(3416,119,73,2,'2025-10-20 06:49:28'),(3417,119,76,2,'2025-10-20 06:49:28'),(3418,119,80,2,'2025-10-20 06:49:28'),(3419,119,83,2,'2025-10-20 06:49:28'),(3420,119,85,2,'2025-10-20 06:49:28'),(3421,119,86,2,'2025-10-20 06:49:28'),(3422,119,90,2,'2025-10-20 06:49:28'),(3423,119,98,2,'2025-10-20 06:49:28'),(3424,119,99,2,'2025-10-20 06:49:28'),(3425,120,2,2,'2025-10-20 06:49:28'),(3426,120,3,2,'2025-10-20 06:49:28'),(3427,120,6,2,'2025-10-20 06:49:28'),(3428,120,11,2,'2025-10-20 06:49:28'),(3429,120,14,2,'2025-10-20 06:49:28'),(3430,120,16,2,'2025-10-20 06:49:28'),(3431,120,21,2,'2025-10-20 06:49:28'),(3432,120,23,2,'2025-10-20 06:49:28'),(3433,120,24,2,'2025-10-20 06:49:28'),(3434,120,26,2,'2025-10-20 06:49:28'),(3435,120,35,2,'2025-10-20 06:49:28'),(3436,120,36,2,'2025-10-20 06:49:28'),(3437,120,39,2,'2025-10-20 06:49:28'),(3438,120,40,2,'2025-10-20 06:49:28'),(3439,120,45,2,'2025-10-20 06:49:28'),(3440,120,55,2,'2025-10-20 06:49:28'),(3441,120,58,2,'2025-10-20 06:49:28'),(3442,120,61,2,'2025-10-20 06:49:28'),(3443,120,64,2,'2025-10-20 06:49:28'),(3444,120,70,2,'2025-10-20 06:49:28'),(3445,120,73,2,'2025-10-20 06:49:28'),(3446,120,83,2,'2025-10-20 06:49:28'),(3447,120,88,2,'2025-10-20 06:49:28'),(3448,120,90,2,'2025-10-20 06:49:28'),(3449,120,91,2,'2025-10-20 06:49:28'),(3450,120,93,2,'2025-10-20 06:49:28'),(3451,120,94,2,'2025-10-20 06:49:28'),(3452,120,95,2,'2025-10-20 06:49:28'),(3453,120,96,2,'2025-10-20 06:49:28'),(3454,121,1,2,'2025-10-20 06:49:28'),(3455,121,3,2,'2025-10-20 06:49:28'),(3456,121,4,2,'2025-10-20 06:49:28'),(3457,121,5,2,'2025-10-20 06:49:28'),(3458,121,8,2,'2025-10-20 06:49:28'),(3459,121,11,2,'2025-10-20 06:49:28'),(3460,121,12,2,'2025-10-20 06:49:28'),(3461,121,13,2,'2025-10-20 06:49:28'),(3462,121,17,2,'2025-10-20 06:49:28'),(3463,121,21,2,'2025-10-20 06:49:28'),(3464,121,27,2,'2025-10-20 06:49:28'),(3465,121,29,2,'2025-10-20 06:49:28'),(3466,121,31,2,'2025-10-20 06:49:28'),(3467,121,41,2,'2025-10-20 06:49:28'),(3468,121,44,2,'2025-10-20 06:49:28'),(3469,121,46,2,'2025-10-20 06:49:28'),(3470,121,48,2,'2025-10-20 06:49:28'),(3471,121,58,2,'2025-10-20 06:49:28'),(3472,121,60,2,'2025-10-20 06:49:28'),(3473,121,61,2,'2025-10-20 06:49:28'),(3474,121,62,2,'2025-10-20 06:49:28'),(3475,121,63,2,'2025-10-20 06:49:28'),(3476,121,73,2,'2025-10-20 06:49:28'),(3477,121,78,2,'2025-10-20 06:49:28'),(3478,121,84,2,'2025-10-20 06:49:28'),(3479,121,90,2,'2025-10-20 06:49:28'),(3480,121,93,2,'2025-10-20 06:49:28'),(3481,121,100,2,'2025-10-20 06:49:28');
/*!40000 ALTER TABLE `product_views` ENABLE KEYS */;
UNLOCK TABLES;

--
-- Table structure for table `products`
--

DROP TABLE IF EXISTS `products`;
/*!40101 SET @saved_cs_client     = @@character_set_client */;
/*!50503 SET character_set_client = utf8mb4 */;
CREATE TABLE `products` (
  `product_id` bigint(20) unsigned NOT NULL AUTO_INCREMENT,
  `shop_id` bigint(20) unsigned DEFAULT NULL,
  `name` longtext CHARACTER SET utf8mb4 COLLATE utf8mb4_bin NOT NULL CHECK (json_valid(`name`)),
  `sku` varchar(100) DEFAULT NULL,
  `description` longtext CHARACTER SET utf8mb4 COLLATE utf8mb4_bin DEFAULT NULL CHECK (json_valid(`description`)),
  `category_id` bigint(20) unsigned NOT NULL,
  `brand_id` bigint(20) unsigned DEFAULT NULL,
  `seller_id` bigint(20) unsigned NOT NULL,
  `status` enum('draft','pending_approval','published','hidden') NOT NULL DEFAULT 'draft' COMMENT 'Product status using ENUM values',
  `is_active` tinyint(1) NOT NULL DEFAULT 1,
  `created_at` timestamp NULL DEFAULT NULL,
  `updated_at` timestamp NULL DEFAULT NULL,
  `deleted_at` timestamp NULL DEFAULT NULL,
  PRIMARY KEY (`product_id`),
  KEY `products_category_id_foreign` (`category_id`),
  KEY `products_brand_id_foreign` (`brand_id`),
  KEY `products_seller_id_foreign` (`seller_id`),
  KEY `products_shop_id_is_active_created_at_index` (`shop_id`,`is_active`,`created_at`),
  CONSTRAINT `products_brand_id_foreign` FOREIGN KEY (`brand_id`) REFERENCES `brands` (`brand_id`) ON DELETE SET NULL,
  CONSTRAINT `products_category_id_foreign` FOREIGN KEY (`category_id`) REFERENCES `categories` (`category_id`),
  CONSTRAINT `products_seller_id_foreign` FOREIGN KEY (`seller_id`) REFERENCES `users` (`id`) ON DELETE CASCADE,
  CONSTRAINT `products_shop_id_foreign` FOREIGN KEY (`shop_id`) REFERENCES `shops` (`id`) ON DELETE CASCADE
) ENGINE=InnoDB AUTO_INCREMENT=101 DEFAULT CHARSET=utf8mb4 COLLATE=utf8mb4_unicode_ci;
/*!40101 SET character_set_client = @saved_cs_client */;

--
-- Dumping data for table `products`
--

LOCK TABLES `products` WRITE;
/*!40000 ALTER TABLE `products` DISABLE KEYS */;
INSERT INTO `products` VALUES (1,NULL,'{\"en\":\"iste voluptates\",\"vi\":\"Áo sơ mi hiện đại\"}',NULL,'{\"en\":\"Necessitatibus ut cumque sapiente voluptas. Vitae vitae ipsa qui modi.\",\"vi\":\"Được làm từ chất liệu cao cấp, đảm bảo độ bền và tính thẩm mỹ.\"}',12,21,5,'draft',1,'2025-10-20 06:49:03','2025-10-20 06:49:03',NULL),(2,NULL,'{\"en\":\"ut perspiciatis\",\"vi\":\"Giày boot cao cấp\"}',NULL,'{\"en\":\"Quis quas eligendi dolor voluptatum ex ipsam sed. A cupiditate cum nostrum sequi. Sed sequi qui nemo eum consequuntur perspiciatis. Architecto amet ratione soluta nisi assumenda quaerat sed.\",\"vi\":\"Phù hợp cho mọi lứa tuổi, mang lại sự thoải mái và phong cách.\"}',5,22,19,'published',1,'2025-10-20 06:49:03','2025-10-20 06:49:03',NULL),(3,NULL,'{\"en\":\"qui et\",\"vi\":\"Đồng hồ tiện dụng\"}',NULL,'{\"en\":\"Tenetur optio a veritatis molestias temporibus. Quasi corrupti iure accusantium fugit.\",\"vi\":\"Thiết kế độc đáo, màu sắc đa dạng, phù hợp với xu hướng thời trang.\"}',6,8,19,'draft',1,'2025-10-20 06:49:03','2025-10-20 06:49:03',NULL),(4,NULL,'{\"en\":\"sunt itaque\",\"vi\":\"Quần jeans cao cấp\"}',NULL,'{\"en\":\"Unde eum quas quo minus fugiat nihil doloremque. Fugit a magni est alias omnis. Amet veniam magnam molestiae sint.\",\"vi\":\"Sản phẩm chất lượng cao, được thiết kế với phong cách hiện đại và tiện dụng.\"}',9,21,20,'pending_approval',1,'2025-10-20 06:49:03','2025-10-20 06:49:03',NULL),(5,NULL,'{\"en\":\"quae minus\",\"vi\":\"Áo len hiện đại\"}',NULL,'{\"en\":\"Quisquam sit qui minima et illo. Id quis eos dolor officia cumque. Ex aliquam consequatur et ut assumenda recusandae. Quod esse vel nihil nemo explicabo voluptas dolorum et.\",\"vi\":\"Sản phẩm được kiểm tra chất lượng nghiêm ngặt trước khi đến tay khách hàng.\"}',3,22,3,'draft',1,'2025-10-20 06:49:03','2025-10-20 06:49:03',NULL),(6,NULL,'{\"en\":\"sed tenetur\",\"vi\":\"Đồng hồ tiện dụng\"}',NULL,'{\"en\":\"Commodi placeat maxime quia qui. Molestiae qui ex aspernatur voluptatibus placeat quia earum. Consequatur repellendus assumenda autem qui et. Aut sapiente reiciendis veniam modi.\",\"vi\":\"Sản phẩm chất lượng cao, được thiết kế với phong cách hiện đại và tiện dụng.\"}',16,22,2,'draft',1,'2025-10-20 06:49:03','2025-10-20 06:49:03',NULL),(7,NULL,'{\"en\":\"adipisci optio\",\"vi\":\"Giày boot thời trang\"}',NULL,'{\"en\":\"Voluptas reprehenderit sit praesentium eaque in recusandae sit debitis. Quas aut consequatur vel saepe ut accusamus sint. Error fugiat fuga accusantium iure ipsum aut at.\",\"vi\":\"Thiết kế độc đáo, màu sắc đa dạng, phù hợp với xu hướng thời trang.\"}',15,3,10,'pending_approval',1,'2025-10-20 06:49:03','2025-10-20 06:49:03',NULL),(8,NULL,'{\"en\":\"modi ducimus\",\"vi\":\"Giày boot sang trọng\"}',NULL,'{\"en\":\"Nostrum non consequatur animi aut corporis temporibus consequuntur magnam. Assumenda quos saepe ad aut doloribus. Ratione quibusdam doloremque non adipisci excepturi rem. Aliquid a dolorum et explicabo.\",\"vi\":\"Được làm từ chất liệu cao cấp, đảm bảo độ bền và tính thẩm mỹ.\"}',12,21,16,'pending_approval',1,'2025-10-20 06:49:03','2025-10-20 06:49:03',NULL),(9,NULL,'{\"en\":\"ea accusamus\",\"vi\":\"Tai nghe chất lượng\"}',NULL,'{\"en\":\"Ipsam dolores dolorem omnis. Necessitatibus repellendus est voluptas voluptatem quia. Suscipit aperiam velit labore voluptate doloremque debitis voluptatum. Molestias dolorum sit aut tempora corrupti cum.\",\"vi\":\"Được làm từ chất liệu cao cấp, đảm bảo độ bền và tính thẩm mỹ.\"}',2,16,4,'published',1,'2025-10-20 06:49:03','2025-10-20 06:49:03',NULL),(10,NULL,'{\"en\":\"neque dolores\",\"vi\":\"Giày thể thao hiện đại\"}',NULL,'{\"en\":\"Qui dolores cupiditate aperiam qui. Rerum praesentium reiciendis labore dignissimos qui temporibus. Ipsam reiciendis pariatur sed. Odio consectetur ut a molestiae ut. Dolorem suscipit minima eum eius.\",\"vi\":\"Sản phẩm chất lượng cao, được thiết kế với phong cách hiện đại và tiện dụng.\"}',9,20,16,'draft',1,'2025-10-20 06:49:03','2025-10-20 06:49:03',NULL),(11,NULL,'{\"en\":\"est praesentium\",\"vi\":\"Áo khoác thời trang\"}',NULL,'{\"en\":\"Eaque nemo eligendi eveniet omnis porro et illum. Illo facere aperiam ullam aut. Dolore nobis praesentium beatae quod distinctio qui. Dolores et incidunt mollitia voluptatem ab similique ut.\",\"vi\":\"Thiết kế độc đáo, màu sắc đa dạng, phù hợp với xu hướng thời trang.\"}',25,12,3,'draft',1,'2025-10-20 06:49:03','2025-10-20 06:49:03',NULL),(12,NULL,'{\"en\":\"eveniet minus\",\"vi\":\"Giày boot sang trọng\"}',NULL,'{\"en\":\"A doloribus rerum expedita non corporis hic itaque. Soluta nemo in unde nam dolor dolorem culpa. Non repellendus autem quis similique explicabo pariatur alias expedita.\",\"vi\":\"Được làm từ chất liệu cao cấp, đảm bảo độ bền và tính thẩm mỹ.\"}',17,5,5,'published',1,'2025-10-20 06:49:03','2025-10-20 06:49:03',NULL),(13,NULL,'{\"en\":\"hic harum\",\"vi\":\"Áo sơ mi cao cấp\"}',NULL,'{\"en\":\"Aut porro est quisquam quasi maiores. Temporibus quia vel esse eligendi et veritatis veritatis. Optio assumenda saepe facere et necessitatibus cumque eius blanditiis. Totam earum dolor deleniti fugit est fugit dolore.\",\"vi\":\"Được làm từ chất liệu cao cấp, đảm bảo độ bền và tính thẩm mỹ.\"}',17,16,21,'pending_approval',1,'2025-10-20 06:49:03','2025-10-20 06:49:03',NULL),(14,NULL,'{\"en\":\"enim vitae\",\"vi\":\"Ví da chất lượng\"}',NULL,'{\"en\":\"Illo ea reprehenderit optio. Qui voluptatibus maiores nihil. Quas accusantium aut autem dolor et nihil et vero. Distinctio quos fugiat ut quos velit fugit inventore.\",\"vi\":\"Sản phẩm được kiểm tra chất lượng nghiêm ngặt trước khi đến tay khách hàng.\"}',27,2,2,'draft',1,'2025-10-20 06:49:03','2025-10-20 06:49:03',NULL),(15,NULL,'{\"en\":\"impedit nostrum\",\"vi\":\"Áo khoác chất lượng\"}',NULL,'{\"en\":\"Nulla molestiae autem natus voluptatem. Modi qui vitae quis omnis qui quo. Voluptatum aut sint quo in praesentium. Impedit commodi distinctio voluptatem officia excepturi aspernatur itaque. Perspiciatis ut sed et nam qui.\",\"vi\":\"Phù hợp cho mọi lứa tuổi, mang lại sự thoải mái và phong cách.\"}',15,8,14,'draft',1,'2025-10-20 06:49:03','2025-10-20 06:49:03',NULL),(16,NULL,'{\"en\":\"debitis quia\",\"vi\":\"Kính mát chất lượng\"}',NULL,'{\"en\":\"Dolores explicabo sapiente quis perferendis quisquam. Unde exercitationem atque officiis est consequatur reiciendis. Repudiandae optio impedit est facilis cumque ipsum. In ipsum iusto inventore delectus sit.\",\"vi\":\"Được làm từ chất liệu cao cấp, đảm bảo độ bền và tính thẩm mỹ.\"}',20,3,9,'pending_approval',1,'2025-10-20 06:49:03','2025-10-20 06:49:03',NULL),(17,NULL,'{\"en\":\"ea quibusdam\",\"vi\":\"Ví da tiện dụng\"}',NULL,'{\"en\":\"Impedit id culpa maxime tempore iure maxime eos. Et et molestiae et accusamus laboriosam esse dolore. Dolores laboriosam a sapiente.\",\"vi\":\"Thiết kế độc đáo, màu sắc đa dạng, phù hợp với xu hướng thời trang.\"}',24,7,15,'draft',1,'2025-10-20 06:49:03','2025-10-20 06:49:03',NULL),(18,NULL,'{\"en\":\"rem magnam\",\"vi\":\"Điện thoại hiện đại\"}',NULL,'{\"en\":\"Ratione dolor totam voluptatem. Ea nisi distinctio voluptate mollitia reiciendis. Voluptatem mollitia similique molestiae qui libero pariatur. Dolores id enim ut libero id neque et.\",\"vi\":\"Sản phẩm được kiểm tra chất lượng nghiêm ngặt trước khi đến tay khách hàng.\"}',2,17,16,'draft',1,'2025-10-20 06:49:03','2025-10-20 06:49:03',NULL),(19,NULL,'{\"en\":\"eum quia\",\"vi\":\"Tai nghe hiện đại\"}',NULL,'{\"en\":\"Et harum voluptatibus esse voluptas consequatur et reprehenderit officiis. Saepe ut et dolores animi est dolorem molestias soluta. Qui debitis asperiores voluptas provident neque sunt maxime. Minima deleniti sapiente consequatur.\",\"vi\":\"Thiết kế độc đáo, màu sắc đa dạng, phù hợp với xu hướng thời trang.\"}',27,1,7,'draft',1,'2025-10-20 06:49:03','2025-10-20 06:49:03',NULL),(20,NULL,'{\"en\":\"repudiandae placeat\",\"vi\":\"Máy tính cao cấp\"}',NULL,'{\"en\":\"Consectetur molestiae natus officiis perferendis ex est delectus sint. Ducimus debitis modi qui facere voluptatem nulla vel. Magnam qui ut fuga in qui non alias. Unde sint iure assumenda velit voluptatibus vitae provident.\",\"vi\":\"Phù hợp cho mọi lứa tuổi, mang lại sự thoải mái và phong cách.\"}',3,1,10,'draft',1,'2025-10-20 06:49:03','2025-10-20 06:49:03',NULL),(21,NULL,'{\"en\":\"consequuntur maxime\",\"vi\":\"Đồng hồ cao cấp\"}',NULL,'{\"en\":\"Assumenda quasi eos cum. Voluptas neque aut accusantium accusantium suscipit officiis non aut. Id aut corrupti nihil ducimus. Assumenda dignissimos et architecto est temporibus.\",\"vi\":\"Thiết kế độc đáo, màu sắc đa dạng, phù hợp với xu hướng thời trang.\"}',25,5,16,'pending_approval',1,'2025-10-20 06:49:03','2025-10-20 06:49:03',NULL),(22,NULL,'{\"en\":\"rem culpa\",\"vi\":\"Tai nghe chất lượng\"}',NULL,'{\"en\":\"Cumque qui et accusantium vitae. Qui expedita iusto est eum consequatur quam non. Placeat laudantium officiis occaecati sit dolor in quam. Eaque rem sit perferendis temporibus ut.\",\"vi\":\"Sản phẩm chất lượng cao, được thiết kế với phong cách hiện đại và tiện dụng.\"}',2,7,19,'published',1,'2025-10-20 06:49:03','2025-10-20 06:49:03',NULL),(23,NULL,'{\"en\":\"blanditiis incidunt\",\"vi\":\"Áo sơ mi thời trang\"}',NULL,'{\"en\":\"Suscipit est atque enim enim aut assumenda unde. Quae repudiandae aut et quia.\",\"vi\":\"Phù hợp cho mọi lứa tuổi, mang lại sự thoải mái và phong cách.\"}',22,1,11,'pending_approval',1,'2025-10-20 06:49:03','2025-10-20 06:49:03',NULL),(24,NULL,'{\"en\":\"minima aut\",\"vi\":\"Kính mát hiện đại\"}',NULL,'{\"en\":\"Quidem id ipsum error veniam similique et. Rem et reprehenderit sapiente. Dolorem similique dicta architecto esse itaque soluta nobis quae.\",\"vi\":\"Sản phẩm được kiểm tra chất lượng nghiêm ngặt trước khi đến tay khách hàng.\"}',26,20,20,'pending_approval',1,'2025-10-20 06:49:03','2025-10-20 06:49:03',NULL),(25,NULL,'{\"en\":\"dolor voluptatibus\",\"vi\":\"Áo khoác hiện đại\"}',NULL,'{\"en\":\"Dolorum rem magnam qui consequatur quia. Aut tempore provident rerum sint exercitationem.\",\"vi\":\"Sản phẩm chất lượng cao, được thiết kế với phong cách hiện đại và tiện dụng.\"}',11,2,13,'pending_approval',1,'2025-10-20 06:49:03','2025-10-20 06:49:03',NULL),(26,NULL,'{\"en\":\"eos voluptas\",\"vi\":\"Balo thời trang\"}',NULL,'{\"en\":\"Nulla incidunt quo nihil numquam minima esse aliquam nam. Laboriosam debitis saepe quaerat nostrum. Impedit et et est inventore perspiciatis corporis. Sit quos perspiciatis rerum quae placeat.\",\"vi\":\"Sản phẩm chất lượng cao, được thiết kế với phong cách hiện đại và tiện dụng.\"}',17,11,8,'draft',1,'2025-10-20 06:49:03','2025-10-20 06:49:03',NULL),(27,NULL,'{\"en\":\"non aut\",\"vi\":\"Kính mát sang trọng\"}',NULL,'{\"en\":\"Consequatur beatae molestias est ut sed. Nihil est quisquam iusto nobis. Laborum consequatur assumenda maiores ut nostrum. Qui inventore nesciunt commodi libero.\",\"vi\":\"Sản phẩm được kiểm tra chất lượng nghiêm ngặt trước khi đến tay khách hàng.\"}',8,11,20,'draft',1,'2025-10-20 06:49:03','2025-10-20 06:49:03',NULL),(28,NULL,'{\"en\":\"minus quibusdam\",\"vi\":\"Quần jeans hiện đại\"}',NULL,'{\"en\":\"Voluptate nihil reprehenderit qui qui rem praesentium. Cum nihil et ratione. Quod enim eveniet ab ipsam enim eum.\",\"vi\":\"Sản phẩm chất lượng cao, được thiết kế với phong cách hiện đại và tiện dụng.\"}',21,11,18,'pending_approval',1,'2025-10-20 06:49:03','2025-10-20 06:49:03',NULL),(29,NULL,'{\"en\":\"quo consequatur\",\"vi\":\"Tai nghe chất lượng\"}',NULL,'{\"en\":\"Nemo modi possimus vel cum est esse. Impedit id quidem natus temporibus vero. Dolores eos nam debitis tenetur. Laudantium iure voluptatum cumque aliquam id modi.\",\"vi\":\"Sản phẩm được kiểm tra chất lượng nghiêm ngặt trước khi đến tay khách hàng.\"}',4,11,6,'pending_approval',1,'2025-10-20 06:49:03','2025-10-20 06:49:03',NULL),(30,NULL,'{\"en\":\"cupiditate deleniti\",\"vi\":\"Đồng hồ chất lượng\"}',NULL,'{\"en\":\"Iusto excepturi est aperiam rerum fuga vel. Iste velit recusandae aspernatur non et illo fugiat. Est perferendis delectus sequi dicta veniam.\",\"vi\":\"Sản phẩm chất lượng cao, được thiết kế với phong cách hiện đại và tiện dụng.\"}',3,14,7,'pending_approval',1,'2025-10-20 06:49:03','2025-10-20 06:49:03',NULL),(31,NULL,'{\"en\":\"doloremque est\",\"vi\":\"Ví da hiện đại\"}',NULL,'{\"en\":\"Exercitationem possimus provident fugit dolorem tenetur explicabo blanditiis. Est ex qui autem sit culpa iusto. Non eos odio quia qui corrupti qui. Fugit accusamus eveniet voluptas vel voluptatem.\",\"vi\":\"Được làm từ chất liệu cao cấp, đảm bảo độ bền và tính thẩm mỹ.\"}',11,19,8,'draft',1,'2025-10-20 06:49:03','2025-10-20 06:49:03',NULL),(32,NULL,'{\"en\":\"amet ea\",\"vi\":\"Váy đầm thời trang\"}',NULL,'{\"en\":\"Laboriosam neque officiis consequatur eos laborum iste explicabo. Laboriosam illo et id laborum nesciunt distinctio. Similique praesentium et aut dolorem illum.\",\"vi\":\"Sản phẩm được kiểm tra chất lượng nghiêm ngặt trước khi đến tay khách hàng.\"}',27,9,16,'pending_approval',1,'2025-10-20 06:49:03','2025-10-20 06:49:03',NULL),(33,NULL,'{\"en\":\"et explicabo\",\"vi\":\"Balo cao cấp\"}',NULL,'{\"en\":\"Commodi ut ad autem id. Eos impedit atque et quaerat a maiores cupiditate. Inventore veritatis itaque voluptatem qui et.\",\"vi\":\"Sản phẩm chất lượng cao, được thiết kế với phong cách hiện đại và tiện dụng.\"}',15,5,2,'published',1,'2025-10-20 06:49:03','2025-10-20 06:49:03',NULL),(34,NULL,'{\"en\":\"eveniet aut\",\"vi\":\"Quần jeans thời trang\"}',NULL,'{\"en\":\"Beatae delectus mollitia ut qui nobis. Iusto id pariatur iure. Odio tempore id incidunt modi repellat id. Voluptates et dolores dolor accusantium quo.\",\"vi\":\"Sản phẩm được kiểm tra chất lượng nghiêm ngặt trước khi đến tay khách hàng.\"}',8,21,14,'draft',1,'2025-10-20 06:49:03','2025-10-20 06:49:03',NULL),(35,NULL,'{\"en\":\"et perferendis\",\"vi\":\"Ví da thời trang\"}',NULL,'{\"en\":\"Molestiae dolor tempora incidunt. Delectus eum ullam sint aut incidunt est. Iure unde sit aliquam perferendis fugiat est. Quod eius quasi ut esse nihil aperiam qui.\",\"vi\":\"Phù hợp cho mọi lứa tuổi, mang lại sự thoải mái và phong cách.\"}',8,23,14,'published',1,'2025-10-20 06:49:03','2025-10-20 06:49:03',NULL),(36,NULL,'{\"en\":\"voluptatum fugiat\",\"vi\":\"Đồng hồ chất lượng\"}',NULL,'{\"en\":\"Animi facere fugiat atque ullam a rerum dignissimos. Expedita rerum alias excepturi velit incidunt aspernatur. Voluptate architecto libero et et. Eligendi rerum ullam est quod hic consequuntur.\",\"vi\":\"Sản phẩm được kiểm tra chất lượng nghiêm ngặt trước khi đến tay khách hàng.\"}',25,16,12,'published',1,'2025-10-20 06:49:03','2025-10-20 06:49:03',NULL),(37,NULL,'{\"en\":\"praesentium aut\",\"vi\":\"Tai nghe hiện đại\"}',NULL,'{\"en\":\"Libero voluptatem et repellendus accusamus et unde. Qui ratione impedit fugit blanditiis quia sunt. Est ipsa expedita consequuntur eos autem pariatur autem sed.\",\"vi\":\"Phù hợp cho mọi lứa tuổi, mang lại sự thoải mái và phong cách.\"}',9,3,15,'draft',1,'2025-10-20 06:49:03','2025-10-20 06:49:03',NULL),(38,NULL,'{\"en\":\"est omnis\",\"vi\":\"Giày boot hiện đại\"}',NULL,'{\"en\":\"Et ab id cupiditate vel neque consequuntur enim. Voluptatem aut dignissimos qui et. Ut nihil magnam expedita rerum. Dolores neque aperiam eos voluptatem est.\",\"vi\":\"Được làm từ chất liệu cao cấp, đảm bảo độ bền và tính thẩm mỹ.\"}',24,19,19,'pending_approval',1,'2025-10-20 06:49:03','2025-10-20 06:49:03',NULL),(39,NULL,'{\"en\":\"consequatur et\",\"vi\":\"Túi xách cao cấp\"}',NULL,'{\"en\":\"Perspiciatis ipsam voluptatem inventore omnis atque. Consequatur pariatur sit eaque quae nesciunt quis id. Assumenda aut rem voluptas in maxime quia.\",\"vi\":\"Được làm từ chất liệu cao cấp, đảm bảo độ bền và tính thẩm mỹ.\"}',17,3,8,'published',1,'2025-10-20 06:49:03','2025-10-20 06:49:03',NULL),(40,NULL,'{\"en\":\"quis et\",\"vi\":\"Điện thoại chất lượng\"}',NULL,'{\"en\":\"Amet ipsum ducimus dolorem totam velit ut deleniti. In ut doloribus quas necessitatibus eum. Ut sed quis corporis expedita blanditiis qui.\",\"vi\":\"Phù hợp cho mọi lứa tuổi, mang lại sự thoải mái và phong cách.\"}',15,13,10,'pending_approval',1,'2025-10-20 06:49:03','2025-10-20 06:49:03',NULL),(41,NULL,'{\"en\":\"corporis sunt\",\"vi\":\"Áo sơ mi sang trọng\"}',NULL,'{\"en\":\"Veritatis rem id labore eius consequatur. Quis esse dignissimos autem mollitia esse et. Sed similique rerum provident.\",\"vi\":\"Sản phẩm chất lượng cao, được thiết kế với phong cách hiện đại và tiện dụng.\"}',11,4,15,'draft',1,'2025-10-20 06:49:03','2025-10-20 06:49:03',NULL),(42,NULL,'{\"en\":\"fugiat ratione\",\"vi\":\"Áo len hiện đại\"}',NULL,'{\"en\":\"Est omnis cumque et qui. Minima sint officiis sit similique dolorem asperiores laborum. Ea quam impedit tempora vel autem.\",\"vi\":\"Sản phẩm được kiểm tra chất lượng nghiêm ngặt trước khi đến tay khách hàng.\"}',15,21,14,'published',1,'2025-10-20 06:49:03','2025-10-20 06:49:03',NULL),(43,NULL,'{\"en\":\"sint consequatur\",\"vi\":\"Điện thoại thời trang\"}',NULL,'{\"en\":\"At et autem autem in adipisci laudantium. Enim enim voluptatum id voluptatibus voluptatem ut. Fugit ducimus eaque aut. Tenetur velit voluptatem consequatur unde error sint. Ea fuga odio accusantium omnis quidem porro non.\",\"vi\":\"Phù hợp cho mọi lứa tuổi, mang lại sự thoải mái và phong cách.\"}',14,7,4,'published',1,'2025-10-20 06:49:03','2025-10-20 06:49:03',NULL),(44,NULL,'{\"en\":\"doloremque ipsum\",\"vi\":\"Balo sang trọng\"}',NULL,'{\"en\":\"Aut ut quo aperiam saepe neque. Vel vel similique sunt et dolor. Maiores eum mollitia modi rerum illum quas doloremque.\",\"vi\":\"Được làm từ chất liệu cao cấp, đảm bảo độ bền và tính thẩm mỹ.\"}',3,1,20,'published',1,'2025-10-20 06:49:03','2025-10-20 06:49:03',NULL),(45,NULL,'{\"en\":\"architecto consequuntur\",\"vi\":\"Giày boot thời trang\"}',NULL,'{\"en\":\"Fugit explicabo et voluptates qui. Perspiciatis asperiores nobis unde sapiente animi facilis neque. Facilis est modi quia maxime sunt est magni. Quisquam et enim praesentium quo deleniti culpa accusantium. Quod fugiat sint perspiciatis aliquam id.\",\"vi\":\"Sản phẩm chất lượng cao, được thiết kế với phong cách hiện đại và tiện dụng.\"}',8,3,18,'draft',1,'2025-10-20 06:49:03','2025-10-20 06:49:03',NULL),(46,NULL,'{\"en\":\"a facere\",\"vi\":\"Giày thể thao sang trọng\"}',NULL,'{\"en\":\"Fugiat unde facere praesentium maiores. Modi ipsum dolores praesentium reiciendis facilis. Velit quia aliquam enim repudiandae omnis rerum.\",\"vi\":\"Thiết kế độc đáo, màu sắc đa dạng, phù hợp với xu hướng thời trang.\"}',27,4,2,'pending_approval',1,'2025-10-20 06:49:03','2025-10-20 06:49:03',NULL),(47,NULL,'{\"en\":\"et doloremque\",\"vi\":\"Giày thể thao cao cấp\"}',NULL,'{\"en\":\"Alias voluptatum rerum doloremque. Est omnis quibusdam dolorem non sunt similique. Ratione illo maxime quae qui mollitia asperiores. Voluptates nostrum ipsam odit saepe ut dolores.\",\"vi\":\"Sản phẩm chất lượng cao, được thiết kế với phong cách hiện đại và tiện dụng.\"}',22,2,4,'pending_approval',1,'2025-10-20 06:49:03','2025-10-20 06:49:03',NULL),(48,NULL,'{\"en\":\"unde numquam\",\"vi\":\"Balo chất lượng\"}',NULL,'{\"en\":\"Temporibus numquam nihil earum. Aut saepe distinctio incidunt aliquid non numquam iure. Alias excepturi possimus consequuntur quia fugit sunt ducimus.\",\"vi\":\"Sản phẩm chất lượng cao, được thiết kế với phong cách hiện đại và tiện dụng.\"}',26,15,11,'pending_approval',1,'2025-10-20 06:49:03','2025-10-20 06:49:03',NULL),(49,NULL,'{\"en\":\"sed voluptas\",\"vi\":\"Đồng hồ sang trọng\"}',NULL,'{\"en\":\"Sit molestiae cumque placeat aliquid dolores facere eveniet. Fugit repellendus sed cumque quidem quos eius. Exercitationem odio omnis rerum voluptatem praesentium hic optio. Ea minima et quidem minus fuga odio. Eius quia nobis quia officia fugit.\",\"vi\":\"Sản phẩm được kiểm tra chất lượng nghiêm ngặt trước khi đến tay khách hàng.\"}',4,6,19,'pending_approval',1,'2025-10-20 06:49:03','2025-10-20 06:49:03',NULL),(50,NULL,'{\"en\":\"cum quibusdam\",\"vi\":\"Kính mát hiện đại\"}',NULL,'{\"en\":\"Voluptatem placeat ut voluptates vero. Asperiores quia sunt nam aut ipsam ducimus illum. Quae ut reiciendis provident architecto ratione minus. Error sapiente incidunt fugit magni.\",\"vi\":\"Sản phẩm chất lượng cao, được thiết kế với phong cách hiện đại và tiện dụng.\"}',22,2,8,'published',1,'2025-10-20 06:49:03','2025-10-20 06:49:03',NULL),(51,NULL,'{\"en\":\"nisi sunt\",\"vi\":\"Túi xách cao cấp\"}',NULL,'{\"en\":\"Consequuntur blanditiis nobis quisquam asperiores doloremque rem ipsa. Iusto nisi est cum facilis. Rem dolorem voluptas ipsa temporibus. Ea qui voluptas voluptas dolore eos incidunt.\",\"vi\":\"Thiết kế độc đáo, màu sắc đa dạng, phù hợp với xu hướng thời trang.\"}',5,3,19,'draft',1,'2025-10-20 06:49:03','2025-10-20 06:49:03',NULL),(52,NULL,'{\"en\":\"possimus et\",\"vi\":\"Balo sang trọng\"}',NULL,'{\"en\":\"Nostrum quos non non vero illum culpa enim. Nam omnis qui voluptatum ut. Sunt beatae deserunt corrupti omnis illo.\",\"vi\":\"Thiết kế độc đáo, màu sắc đa dạng, phù hợp với xu hướng thời trang.\"}',20,21,12,'draft',1,'2025-10-20 06:49:03','2025-10-20 06:49:03',NULL),(53,NULL,'{\"en\":\"voluptatem aperiam\",\"vi\":\"Áo len tiện dụng\"}',NULL,'{\"en\":\"Modi explicabo placeat fugiat repellat doloribus est. Velit et dignissimos quia assumenda deleniti odio suscipit. Omnis deleniti qui sunt aut voluptas hic.\",\"vi\":\"Được làm từ chất liệu cao cấp, đảm bảo độ bền và tính thẩm mỹ.\"}',2,23,12,'published',1,'2025-10-20 06:49:03','2025-10-20 06:49:03',NULL),(54,NULL,'{\"en\":\"autem accusantium\",\"vi\":\"Giày thể thao thời trang\"}',NULL,'{\"en\":\"Soluta accusantium est in est dolores consequatur non. Assumenda excepturi omnis itaque dolore voluptas laudantium. Libero harum rem veniam voluptatem ut est odit illum.\",\"vi\":\"Phù hợp cho mọi lứa tuổi, mang lại sự thoải mái và phong cách.\"}',25,21,3,'draft',1,'2025-10-20 06:49:03','2025-10-20 06:49:03',NULL),(55,NULL,'{\"en\":\"omnis corporis\",\"vi\":\"Túi xách cao cấp\"}',NULL,'{\"en\":\"Reiciendis delectus voluptatum neque dolorem aut facilis et. Ipsam et odit qui facilis reiciendis soluta maiores. Occaecati nulla at et aliquam. Voluptatem rem facilis illo et officiis ut tenetur.\",\"vi\":\"Phù hợp cho mọi lứa tuổi, mang lại sự thoải mái và phong cách.\"}',14,9,21,'pending_approval',1,'2025-10-20 06:49:03','2025-10-20 06:49:03',NULL),(56,NULL,'{\"en\":\"dolor suscipit\",\"vi\":\"Quần jeans hiện đại\"}',NULL,'{\"en\":\"Voluptas ut ut eveniet aut. Delectus odio dignissimos ut iusto. Magnam harum similique consequatur deleniti eius nesciunt.\",\"vi\":\"Thiết kế độc đáo, màu sắc đa dạng, phù hợp với xu hướng thời trang.\"}',16,13,10,'published',1,'2025-10-20 06:49:03','2025-10-20 06:49:03',NULL),(57,NULL,'{\"en\":\"voluptates voluptate\",\"vi\":\"Đồng hồ tiện dụng\"}',NULL,'{\"en\":\"Cupiditate omnis animi perferendis non officia et. Aliquid nostrum molestiae id qui cupiditate labore eius deserunt. Ratione distinctio ab non ducimus nihil voluptas. Non est quos animi accusamus.\",\"vi\":\"Phù hợp cho mọi lứa tuổi, mang lại sự thoải mái và phong cách.\"}',22,12,21,'published',1,'2025-10-20 06:49:03','2025-10-20 06:49:03',NULL),(58,NULL,'{\"en\":\"tempora at\",\"vi\":\"Đồng hồ cao cấp\"}',NULL,'{\"en\":\"Aliquam non vitae molestiae suscipit asperiores illo et. Neque animi sit et facilis. Delectus earum reprehenderit quae perspiciatis quia sapiente ut repellat. Minima delectus eveniet illum recusandae dolorum qui deleniti.\",\"vi\":\"Phù hợp cho mọi lứa tuổi, mang lại sự thoải mái và phong cách.\"}',10,17,15,'pending_approval',1,'2025-10-20 06:49:03','2025-10-20 06:49:03',NULL),(59,NULL,'{\"en\":\"rerum veniam\",\"vi\":\"Điện thoại thời trang\"}',NULL,'{\"en\":\"Tenetur et voluptatem in et. Perferendis ratione quaerat commodi eum necessitatibus quis. Qui maxime sit quo qui illum similique atque. Perferendis at molestias necessitatibus quo nihil.\",\"vi\":\"Sản phẩm chất lượng cao, được thiết kế với phong cách hiện đại và tiện dụng.\"}',27,21,6,'published',1,'2025-10-20 06:49:03','2025-10-20 06:49:03',NULL),(60,NULL,'{\"en\":\"inventore et\",\"vi\":\"Váy đầm tiện dụng\"}',NULL,'{\"en\":\"Qui ut sit omnis quasi. Consequatur velit id nihil quaerat. Perferendis est delectus deleniti reprehenderit. Vero ab aspernatur ratione quia voluptatem.\",\"vi\":\"Được làm từ chất liệu cao cấp, đảm bảo độ bền và tính thẩm mỹ.\"}',4,19,3,'pending_approval',1,'2025-10-20 06:49:03','2025-10-20 06:49:03',NULL),(61,NULL,'{\"en\":\"hic laborum\",\"vi\":\"Máy tính cao cấp\"}',NULL,'{\"en\":\"Sunt ad hic autem corporis dicta ratione quisquam. Qui sit qui neque quia quod occaecati sed. Praesentium nobis ad perferendis sint quidem.\",\"vi\":\"Sản phẩm được kiểm tra chất lượng nghiêm ngặt trước khi đến tay khách hàng.\"}',25,14,6,'pending_approval',1,'2025-10-20 06:49:03','2025-10-20 06:49:03',NULL),(62,NULL,'{\"en\":\"minus provident\",\"vi\":\"Áo len hiện đại\"}',NULL,'{\"en\":\"Aut labore officia a dignissimos dolores. Eum dolorem animi repellat veniam sed voluptate necessitatibus. Ad vero ut dolores sint non corporis totam eum. Quia sed aut velit autem laudantium sed.\",\"vi\":\"Thiết kế độc đáo, màu sắc đa dạng, phù hợp với xu hướng thời trang.\"}',6,10,14,'pending_approval',1,'2025-10-20 06:49:03','2025-10-20 06:49:03',NULL),(63,NULL,'{\"en\":\"facilis magnam\",\"vi\":\"Tai nghe hiện đại\"}',NULL,'{\"en\":\"Tempore officiis est quisquam odio. Et provident alias at iusto fuga molestias est excepturi.\",\"vi\":\"Sản phẩm được kiểm tra chất lượng nghiêm ngặt trước khi đến tay khách hàng.\"}',6,8,2,'pending_approval',1,'2025-10-20 06:49:03','2025-10-20 06:49:03',NULL),(64,NULL,'{\"en\":\"repellat quia\",\"vi\":\"Quần jeans cao cấp\"}',NULL,'{\"en\":\"Sint recusandae et delectus voluptatum vero aspernatur blanditiis et. Quos at aut sint qui qui dolorem dolores.\",\"vi\":\"Phù hợp cho mọi lứa tuổi, mang lại sự thoải mái và phong cách.\"}',25,20,18,'published',1,'2025-10-20 06:49:03','2025-10-20 06:49:03',NULL),(65,NULL,'{\"en\":\"eos facere\",\"vi\":\"Giày thể thao cao cấp\"}',NULL,'{\"en\":\"Tempora illum occaecati dolore atque. Dolorum expedita molestiae quis et. Soluta aut vero distinctio consequatur ea.\",\"vi\":\"Được làm từ chất liệu cao cấp, đảm bảo độ bền và tính thẩm mỹ.\"}',17,20,18,'draft',1,'2025-10-20 06:49:03','2025-10-20 06:49:03',NULL),(66,NULL,'{\"en\":\"enim ut\",\"vi\":\"Váy đầm tiện dụng\"}',NULL,'{\"en\":\"Doloribus placeat et iure eum tempore. Qui voluptatum distinctio et optio voluptas et. Id temporibus et qui blanditiis rerum. Blanditiis et vel odit ex et.\",\"vi\":\"Sản phẩm được kiểm tra chất lượng nghiêm ngặt trước khi đến tay khách hàng.\"}',27,13,4,'pending_approval',1,'2025-10-20 06:49:03','2025-10-20 06:49:03',NULL),(67,NULL,'{\"en\":\"qui voluptatibus\",\"vi\":\"Váy đầm cao cấp\"}',NULL,'{\"en\":\"Ea quam nobis ipsum. Quae distinctio possimus sit nostrum dicta tenetur quidem vel. Architecto fugit ipsum quas. Qui rem omnis iusto quia.\",\"vi\":\"Thiết kế độc đáo, màu sắc đa dạng, phù hợp với xu hướng thời trang.\"}',3,13,18,'draft',1,'2025-10-20 06:49:03','2025-10-20 06:49:03',NULL),(68,NULL,'{\"en\":\"non atque\",\"vi\":\"Điện thoại chất lượng\"}',NULL,'{\"en\":\"Laborum illo occaecati fugit qui facilis quia cumque. Consequatur quam voluptas et et explicabo. Nobis ut reprehenderit illum perferendis fugit dolorum earum.\",\"vi\":\"Phù hợp cho mọi lứa tuổi, mang lại sự thoải mái và phong cách.\"}',26,10,19,'draft',1,'2025-10-20 06:49:03','2025-10-20 06:49:03',NULL),(69,NULL,'{\"en\":\"fugit enim\",\"vi\":\"Kính mát tiện dụng\"}',NULL,'{\"en\":\"Veniam praesentium nobis sed. Dolores commodi voluptas et aliquam. Recusandae sint sit ut deserunt aut velit ut. Illum nihil voluptatem cupiditate libero autem id.\",\"vi\":\"Sản phẩm chất lượng cao, được thiết kế với phong cách hiện đại và tiện dụng.\"}',20,3,18,'pending_approval',1,'2025-10-20 06:49:03','2025-10-20 06:49:03',NULL),(70,NULL,'{\"en\":\"est eaque\",\"vi\":\"Giày thể thao chất lượng\"}',NULL,'{\"en\":\"Eos quos cum illo velit rerum qui est. Eligendi voluptas sunt ratione quia id consequatur non.\",\"vi\":\"Thiết kế độc đáo, màu sắc đa dạng, phù hợp với xu hướng thời trang.\"}',12,21,18,'draft',1,'2025-10-20 06:49:03','2025-10-20 06:49:03',NULL),(71,NULL,'{\"en\":\"nobis ipsum\",\"vi\":\"Đồng hồ chất lượng\"}',NULL,'{\"en\":\"Natus error et quasi tempore occaecati. Sequi qui quae dolores dolor reprehenderit. Eaque amet non quae incidunt. Perspiciatis et odit hic reiciendis. Dolor vel adipisci explicabo nihil.\",\"vi\":\"Sản phẩm chất lượng cao, được thiết kế với phong cách hiện đại và tiện dụng.\"}',3,10,16,'draft',1,'2025-10-20 06:49:03','2025-10-20 06:49:03',NULL),(72,NULL,'{\"en\":\"doloremque dolorem\",\"vi\":\"Váy đầm hiện đại\"}',NULL,'{\"en\":\"Sed deserunt hic ipsa dolorem repellat. Fuga aut dolorem consequatur est facere. Deserunt doloribus qui aut totam consequuntur.\",\"vi\":\"Thiết kế độc đáo, màu sắc đa dạng, phù hợp với xu hướng thời trang.\"}',10,2,14,'pending_approval',1,'2025-10-20 06:49:03','2025-10-20 06:49:03',NULL),(73,NULL,'{\"en\":\"aut id\",\"vi\":\"Áo sơ mi cao cấp\"}',NULL,'{\"en\":\"Non voluptates consequatur nobis id assumenda. Unde ut et ullam tempora. Enim tenetur molestiae ab impedit et. Quia nihil corporis vitae nam debitis est non.\",\"vi\":\"Được làm từ chất liệu cao cấp, đảm bảo độ bền và tính thẩm mỹ.\"}',11,2,11,'pending_approval',1,'2025-10-20 06:49:03','2025-10-20 06:49:03',NULL),(74,NULL,'{\"en\":\"optio officiis\",\"vi\":\"Áo khoác tiện dụng\"}',NULL,'{\"en\":\"Dignissimos sunt quia debitis vel. Molestiae dolorem dolor ut ut ut. Sunt praesentium quisquam perspiciatis dolores aperiam incidunt culpa ullam. Illum et hic et. Rem aut magnam repellat asperiores rem voluptate quisquam.\",\"vi\":\"Được làm từ chất liệu cao cấp, đảm bảo độ bền và tính thẩm mỹ.\"}',27,13,2,'draft',1,'2025-10-20 06:49:03','2025-10-20 06:49:03',NULL),(75,NULL,'{\"en\":\"ut et\",\"vi\":\"Điện thoại thời trang\"}',NULL,'{\"en\":\"Rerum aliquid aspernatur est omnis. Et placeat laborum iste autem. Cupiditate fugiat labore dolores qui molestiae. Explicabo officiis cumque totam hic nesciunt.\",\"vi\":\"Được làm từ chất liệu cao cấp, đảm bảo độ bền và tính thẩm mỹ.\"}',19,10,21,'published',1,'2025-10-20 06:49:03','2025-10-20 06:49:03',NULL),(76,NULL,'{\"en\":\"totam quam\",\"vi\":\"Kính mát tiện dụng\"}',NULL,'{\"en\":\"Dicta consectetur doloremque laudantium omnis. Voluptatibus tenetur consectetur velit et et sit. Fugit unde dolorem repellat perferendis. Dolor eum quam sequi placeat ut tempora. Libero recusandae iure explicabo id dolores.\",\"vi\":\"Sản phẩm được kiểm tra chất lượng nghiêm ngặt trước khi đến tay khách hàng.\"}',4,16,4,'draft',1,'2025-10-20 06:49:03','2025-10-20 06:49:03',NULL),(77,NULL,'{\"en\":\"provident ex\",\"vi\":\"Quần jeans chất lượng\"}',NULL,'{\"en\":\"Qui quibusdam ab eos aut nihil. Et ut omnis sunt consequuntur sit. Inventore rem laudantium dolor ab rerum.\",\"vi\":\"Sản phẩm được kiểm tra chất lượng nghiêm ngặt trước khi đến tay khách hàng.\"}',6,1,21,'draft',1,'2025-10-20 06:49:03','2025-10-20 06:49:03',NULL),(78,NULL,'{\"en\":\"atque aut\",\"vi\":\"Túi xách hiện đại\"}',NULL,'{\"en\":\"Reiciendis ut earum nemo. Odit aliquam harum optio iusto omnis aut ullam. Qui excepturi rerum est quis velit voluptas temporibus nihil.\",\"vi\":\"Sản phẩm chất lượng cao, được thiết kế với phong cách hiện đại và tiện dụng.\"}',25,8,5,'draft',1,'2025-10-20 06:49:03','2025-10-20 06:49:03',NULL),(79,NULL,'{\"en\":\"et nihil\",\"vi\":\"Balo hiện đại\"}',NULL,'{\"en\":\"Veritatis eum corrupti assumenda molestiae. Vero fuga soluta praesentium ducimus maxime consequatur. Modi et suscipit fugiat non eos voluptas. Ut et et qui.\",\"vi\":\"Thiết kế độc đáo, màu sắc đa dạng, phù hợp với xu hướng thời trang.\"}',20,2,12,'published',1,'2025-10-20 06:49:03','2025-10-20 06:49:03',NULL),(80,NULL,'{\"en\":\"est ullam\",\"vi\":\"Áo sơ mi thời trang\"}',NULL,'{\"en\":\"Non voluptatem eum nisi voluptates amet atque non. Ad in et vero at error. Consequuntur inventore incidunt placeat nulla. Unde dolorum omnis non aut ut qui.\",\"vi\":\"Sản phẩm được kiểm tra chất lượng nghiêm ngặt trước khi đến tay khách hàng.\"}',3,5,9,'draft',1,'2025-10-20 06:49:03','2025-10-20 06:49:03',NULL),(81,NULL,'{\"en\":\"consequatur ut\",\"vi\":\"Túi xách thời trang\"}',NULL,'{\"en\":\"Voluptatem sunt blanditiis repudiandae ab porro saepe voluptatibus atque. In possimus natus ipsum est similique. Fugit saepe cupiditate dolor velit aspernatur.\",\"vi\":\"Sản phẩm được kiểm tra chất lượng nghiêm ngặt trước khi đến tay khách hàng.\"}',3,23,16,'draft',1,'2025-10-20 06:49:03','2025-10-20 06:49:03',NULL),(82,NULL,'{\"en\":\"cupiditate ut\",\"vi\":\"Điện thoại hiện đại\"}',NULL,'{\"en\":\"Possimus deleniti qui quia provident porro error natus. Laboriosam est sit quibusdam. Voluptas enim explicabo facilis ratione dolores voluptatem tenetur.\",\"vi\":\"Sản phẩm được kiểm tra chất lượng nghiêm ngặt trước khi đến tay khách hàng.\"}',20,14,8,'draft',1,'2025-10-20 06:49:03','2025-10-20 06:49:03',NULL),(83,NULL,'{\"en\":\"alias modi\",\"vi\":\"Tai nghe tiện dụng\"}',NULL,'{\"en\":\"Occaecati rerum molestias dolorem reprehenderit debitis. Enim nesciunt inventore molestiae esse ducimus blanditiis impedit. Sed minus et dolores sint enim praesentium et.\",\"vi\":\"Sản phẩm chất lượng cao, được thiết kế với phong cách hiện đại và tiện dụng.\"}',26,11,16,'published',1,'2025-10-20 06:49:03','2025-10-20 06:49:03',NULL),(84,NULL,'{\"en\":\"consequatur dolor\",\"vi\":\"Túi xách cao cấp\"}',NULL,'{\"en\":\"Cupiditate enim qui eos recusandae tempore. Eos cumque quia quasi deserunt sunt.\",\"vi\":\"Phù hợp cho mọi lứa tuổi, mang lại sự thoải mái và phong cách.\"}',17,4,3,'published',1,'2025-10-20 06:49:03','2025-10-20 06:49:03',NULL),(85,NULL,'{\"en\":\"magni nisi\",\"vi\":\"Váy đầm hiện đại\"}',NULL,'{\"en\":\"Et voluptas odio inventore. In nemo amet consequuntur labore vero. Qui eaque quis tempora nemo autem voluptas praesentium. Aliquam rerum veritatis possimus enim quam sint.\",\"vi\":\"Được làm từ chất liệu cao cấp, đảm bảo độ bền và tính thẩm mỹ.\"}',24,1,4,'pending_approval',1,'2025-10-20 06:49:03','2025-10-20 06:49:03',NULL),(86,NULL,'{\"en\":\"dolorum in\",\"vi\":\"Áo len chất lượng\"}',NULL,'{\"en\":\"Natus delectus officia labore facilis non. Sit tempora consectetur molestiae sint nisi. Qui ab laborum eum aliquid labore. Reiciendis modi neque aut molestiae.\",\"vi\":\"Phù hợp cho mọi lứa tuổi, mang lại sự thoải mái và phong cách.\"}',4,2,12,'published',1,'2025-10-20 06:49:03','2025-10-20 06:49:03',NULL),(87,NULL,'{\"en\":\"et accusamus\",\"vi\":\"Giày thể thao thời trang\"}',NULL,'{\"en\":\"Accusantium sunt laudantium ullam. Iusto omnis laboriosam inventore. At excepturi laudantium a non. Porro fugit pariatur iste doloremque et.\",\"vi\":\"Phù hợp cho mọi lứa tuổi, mang lại sự thoải mái và phong cách.\"}',11,12,9,'published',1,'2025-10-20 06:49:03','2025-10-20 06:49:03',NULL),(88,NULL,'{\"en\":\"et quasi\",\"vi\":\"Váy đầm thời trang\"}',NULL,'{\"en\":\"Et ut deserunt qui nisi illo. Delectus quia a accusantium harum exercitationem tempore ipsam. Ducimus dolor voluptatibus amet voluptatum deserunt corporis minus. Itaque aut ea temporibus quis sed voluptatem.\",\"vi\":\"Được làm từ chất liệu cao cấp, đảm bảo độ bền và tính thẩm mỹ.\"}',27,16,5,'draft',1,'2025-10-20 06:49:03','2025-10-20 06:49:03',NULL),(89,NULL,'{\"en\":\"in dolorum\",\"vi\":\"Tai nghe cao cấp\"}',NULL,'{\"en\":\"Eos veniam aut et in hic. Perferendis iusto porro quas et harum quod. Commodi voluptatem laboriosam sed nam dolores.\",\"vi\":\"Được làm từ chất liệu cao cấp, đảm bảo độ bền và tính thẩm mỹ.\"}',21,2,18,'draft',1,'2025-10-20 06:49:03','2025-10-20 06:49:03',NULL),(90,NULL,'{\"en\":\"minus error\",\"vi\":\"Giày thể thao tiện dụng\"}',NULL,'{\"en\":\"Quasi qui autem ratione aliquam consequatur quidem. Sit ipsam tempore mollitia aperiam laborum quae autem. Adipisci architecto accusamus porro.\",\"vi\":\"Được làm từ chất liệu cao cấp, đảm bảo độ bền và tính thẩm mỹ.\"}',5,15,16,'published',1,'2025-10-20 06:49:03','2025-10-20 06:49:03',NULL),(91,NULL,'{\"en\":\"tempore reiciendis\",\"vi\":\"Túi xách chất lượng\"}',NULL,'{\"en\":\"Magni minima fuga vel sed aut sequi minima sunt. Occaecati autem ut est consequatur est.\",\"vi\":\"Phù hợp cho mọi lứa tuổi, mang lại sự thoải mái và phong cách.\"}',26,2,8,'published',1,'2025-10-20 06:49:03','2025-10-20 06:49:03',NULL),(92,NULL,'{\"en\":\"magni quia\",\"vi\":\"Điện thoại thời trang\"}',NULL,'{\"en\":\"Pariatur aut sunt ut praesentium hic. Qui vitae nemo nam placeat odit. Similique minus eaque voluptatum quibusdam. Quis modi aperiam aut sed libero. Nihil est et et et dignissimos sed eos.\",\"vi\":\"Được làm từ chất liệu cao cấp, đảm bảo độ bền và tính thẩm mỹ.\"}',20,11,21,'draft',1,'2025-10-20 06:49:03','2025-10-20 06:49:03',NULL),(93,NULL,'{\"en\":\"dolor dolor\",\"vi\":\"Túi xách tiện dụng\"}',NULL,'{\"en\":\"Illo tenetur facilis sit at consequuntur. Odit voluptas maxime consequuntur vero consequatur qui ad. Dolores qui eum unde expedita vitae.\",\"vi\":\"Được làm từ chất liệu cao cấp, đảm bảo độ bền và tính thẩm mỹ.\"}',11,22,15,'draft',1,'2025-10-20 06:49:03','2025-10-20 06:49:03',NULL),(94,NULL,'{\"en\":\"eius laboriosam\",\"vi\":\"Máy tính sang trọng\"}',NULL,'{\"en\":\"Atque consequatur deleniti repudiandae sed. Sed minus tempora ea et et. Qui non eveniet numquam maiores. Dolor in qui nam debitis tempore ut nam voluptates. Quo repellendus quae fuga sit sint corporis.\",\"vi\":\"Sản phẩm chất lượng cao, được thiết kế với phong cách hiện đại và tiện dụng.\"}',20,12,7,'published',1,'2025-10-20 06:49:03','2025-10-20 06:49:03',NULL),(95,NULL,'{\"en\":\"corporis odio\",\"vi\":\"Giày boot hiện đại\"}',NULL,'{\"en\":\"Aut tempora quia et iusto quis. Nulla molestiae ex nostrum distinctio. Ut architecto voluptas at et rerum ipsa rerum. Cupiditate ad quisquam quibusdam sapiente minima voluptate accusamus vitae.\",\"vi\":\"Phù hợp cho mọi lứa tuổi, mang lại sự thoải mái và phong cách.\"}',4,3,6,'published',1,'2025-10-20 06:49:03','2025-10-20 06:49:03',NULL),(96,NULL,'{\"en\":\"adipisci est\",\"vi\":\"Kính mát cao cấp\"}',NULL,'{\"en\":\"Consectetur illo deleniti occaecati consequatur aut eos dolores. Ea quisquam ea voluptates nisi voluptatum in. Aperiam repudiandae tempore qui tempore quo.\",\"vi\":\"Được làm từ chất liệu cao cấp, đảm bảo độ bền và tính thẩm mỹ.\"}',19,11,12,'published',1,'2025-10-20 06:49:03','2025-10-20 06:49:03',NULL),(97,NULL,'{\"en\":\"laudantium facilis\",\"vi\":\"Ví da hiện đại\"}',NULL,'{\"en\":\"Iure quos fugit aut doloremque consequatur voluptatem cupiditate non. Laboriosam repellendus beatae iste eveniet ut. Quia aliquam aperiam optio tenetur et est voluptatem. Maiores accusamus non nulla odio.\",\"vi\":\"Sản phẩm chất lượng cao, được thiết kế với phong cách hiện đại và tiện dụng.\"}',8,16,2,'pending_approval',1,'2025-10-20 06:49:03','2025-10-20 06:49:03',NULL),(98,NULL,'{\"en\":\"nostrum eos\",\"vi\":\"Giày boot hiện đại\"}',NULL,'{\"en\":\"Et qui qui et. Earum id molestias nihil sit. Sunt et laborum qui quia eos distinctio quia mollitia.\",\"vi\":\"Thiết kế độc đáo, màu sắc đa dạng, phù hợp với xu hướng thời trang.\"}',12,11,3,'draft',1,'2025-10-20 06:49:03','2025-10-20 06:49:03',NULL),(99,NULL,'{\"en\":\"quia sit\",\"vi\":\"Áo khoác chất lượng\"}',NULL,'{\"en\":\"Ut quia neque facilis vero. Eveniet dolorum tempora omnis. Consequatur dolor facilis molestiae voluptas sit nesciunt amet.\",\"vi\":\"Phù hợp cho mọi lứa tuổi, mang lại sự thoải mái và phong cách.\"}',6,15,8,'pending_approval',1,'2025-10-20 06:49:03','2025-10-20 06:49:03',NULL),(100,NULL,'{\"en\":\"dolor maiores\",\"vi\":\"Áo khoác tiện dụng\"}',NULL,'{\"en\":\"Veniam odit vel est vel. Fuga dolorum ipsum omnis laborum veniam. Cumque quo consequatur recusandae voluptate necessitatibus dolorem.\",\"vi\":\"Sản phẩm được kiểm tra chất lượng nghiêm ngặt trước khi đến tay khách hàng.\"}',17,12,12,'published',1,'2025-10-20 06:49:03','2025-10-20 06:49:03',NULL);
/*!40000 ALTER TABLE `products` ENABLE KEYS */;
UNLOCK TABLES;

--
-- Table structure for table `promotion_audit_logs`
--

DROP TABLE IF EXISTS `promotion_audit_logs`;
/*!40101 SET @saved_cs_client     = @@character_set_client */;
/*!50503 SET character_set_client = utf8mb4 */;
CREATE TABLE `promotion_audit_logs` (
  `audit_id` bigint(20) unsigned NOT NULL AUTO_INCREMENT,
  `promotion_id` bigint(20) unsigned DEFAULT NULL,
  `user_id` bigint(20) unsigned DEFAULT NULL,
  `action` enum('created','updated','deleted','activated','deactivated','applied') NOT NULL,
  `old_values` longtext CHARACTER SET utf8mb4 COLLATE utf8mb4_bin DEFAULT NULL CHECK (json_valid(`old_values`)),
  `new_values` longtext CHARACTER SET utf8mb4 COLLATE utf8mb4_bin DEFAULT NULL CHECK (json_valid(`new_values`)),
  `ip_address` varchar(45) DEFAULT NULL,
  `user_agent` text DEFAULT NULL,
  `created_at` timestamp NOT NULL DEFAULT current_timestamp(),
  PRIMARY KEY (`audit_id`),
  KEY `promotion_audit_logs_user_id_foreign` (`user_id`),
  KEY `promotion_audit_logs_promotion_id_created_at_index` (`promotion_id`,`created_at`),
  CONSTRAINT `promotion_audit_logs_promotion_id_foreign` FOREIGN KEY (`promotion_id`) REFERENCES `promotions` (`promotion_id`) ON DELETE CASCADE,
  CONSTRAINT `promotion_audit_logs_user_id_foreign` FOREIGN KEY (`user_id`) REFERENCES `users` (`id`) ON DELETE SET NULL
) ENGINE=InnoDB DEFAULT CHARSET=utf8mb4 COLLATE=utf8mb4_unicode_ci;
/*!40101 SET character_set_client = @saved_cs_client */;

--
-- Dumping data for table `promotion_audit_logs`
--

LOCK TABLES `promotion_audit_logs` WRITE;
/*!40000 ALTER TABLE `promotion_audit_logs` DISABLE KEYS */;
/*!40000 ALTER TABLE `promotion_audit_logs` ENABLE KEYS */;
UNLOCK TABLES;

--
-- Table structure for table `promotion_categories`
--

DROP TABLE IF EXISTS `promotion_categories`;
/*!40101 SET @saved_cs_client     = @@character_set_client */;
/*!50503 SET character_set_client = utf8mb4 */;
CREATE TABLE `promotion_categories` (
  `promotion_id` bigint(20) unsigned NOT NULL,
  `category_id` bigint(20) unsigned NOT NULL,
  `created_at` timestamp NULL DEFAULT NULL,
  `updated_at` timestamp NULL DEFAULT NULL,
  PRIMARY KEY (`promotion_id`,`category_id`),
  KEY `promotion_categories_category_id_foreign` (`category_id`),
  CONSTRAINT `promotion_categories_category_id_foreign` FOREIGN KEY (`category_id`) REFERENCES `categories` (`category_id`) ON DELETE CASCADE,
  CONSTRAINT `promotion_categories_promotion_id_foreign` FOREIGN KEY (`promotion_id`) REFERENCES `promotions` (`promotion_id`) ON DELETE CASCADE
) ENGINE=InnoDB DEFAULT CHARSET=utf8mb4 COLLATE=utf8mb4_unicode_ci;
/*!40101 SET character_set_client = @saved_cs_client */;

--
-- Dumping data for table `promotion_categories`
--

LOCK TABLES `promotion_categories` WRITE;
/*!40000 ALTER TABLE `promotion_categories` DISABLE KEYS */;
/*!40000 ALTER TABLE `promotion_categories` ENABLE KEYS */;
UNLOCK TABLES;

--
-- Table structure for table `promotion_codes`
--

DROP TABLE IF EXISTS `promotion_codes`;
/*!40101 SET @saved_cs_client     = @@character_set_client */;
/*!50503 SET character_set_client = utf8mb4 */;
CREATE TABLE `promotion_codes` (
  `promotion_code_id` bigint(20) unsigned NOT NULL AUTO_INCREMENT,
  `promotion_id` bigint(20) unsigned NOT NULL,
  `code` varchar(50) NOT NULL,
  `usage_limit` int(11) DEFAULT NULL,
  `used_count` int(11) NOT NULL DEFAULT 0,
  `is_active` tinyint(1) NOT NULL DEFAULT 1,
  `created_at` timestamp NULL DEFAULT NULL,
  `updated_at` timestamp NULL DEFAULT NULL,
  PRIMARY KEY (`promotion_code_id`),
  UNIQUE KEY `promotion_codes_code_unique` (`code`),
  KEY `promotion_codes_promotion_id_foreign` (`promotion_id`),
  CONSTRAINT `promotion_codes_promotion_id_foreign` FOREIGN KEY (`promotion_id`) REFERENCES `promotions` (`promotion_id`) ON DELETE CASCADE
) ENGINE=InnoDB AUTO_INCREMENT=51 DEFAULT CHARSET=utf8mb4 COLLATE=utf8mb4_unicode_ci;
/*!40101 SET character_set_client = @saved_cs_client */;

--
-- Dumping data for table `promotion_codes`
--

LOCK TABLES `promotion_codes` WRITE;
/*!40000 ALTER TABLE `promotion_codes` DISABLE KEYS */;
INSERT INTO `promotion_codes` VALUES (1,11,'CRTZADFN',5,0,1,'2025-10-20 06:49:08','2025-10-20 06:49:08'),(2,11,'NL6QOSAO',3,0,1,'2025-10-20 06:49:08','2025-10-20 06:49:08'),(3,11,'USH6OGZC',3,0,1,'2025-10-20 06:49:08','2025-10-20 06:49:08'),(4,11,'7ZISLLCM',2,0,1,'2025-10-20 06:49:08','2025-10-20 06:49:08'),(5,11,'KWVQYLQ5',3,0,1,'2025-10-20 06:49:08','2025-10-20 06:49:08'),(6,11,'OD3VVMVC',1,0,1,'2025-10-20 06:49:08','2025-10-20 06:49:08'),(7,11,'K8H1RJF3',1,0,1,'2025-10-20 06:49:08','2025-10-20 06:49:08'),(8,11,'JGLUZ70A',4,0,1,'2025-10-20 06:49:08','2025-10-20 06:49:08'),(9,11,'DKMI38DL',2,0,1,'2025-10-20 06:49:08','2025-10-20 06:49:08'),(10,11,'BUEPKAVY',4,0,1,'2025-10-20 06:49:08','2025-10-20 06:49:08'),(11,12,'TZ6STP4S',1,0,1,'2025-10-20 06:49:08','2025-10-20 06:49:08'),(12,12,'JFHHC96N',3,0,1,'2025-10-20 06:49:08','2025-10-20 06:49:08'),(13,12,'1GT7MDAP',5,0,1,'2025-10-20 06:49:08','2025-10-20 06:49:08'),(14,12,'T23FLIHS',2,0,1,'2025-10-20 06:49:08','2025-10-20 06:49:08'),(15,12,'IP6EBF4W',2,0,1,'2025-10-20 06:49:08','2025-10-20 06:49:08'),(16,12,'ZO32GPNQ',5,0,1,'2025-10-20 06:49:08','2025-10-20 06:49:08'),(17,12,'IQIH7YZX',4,0,1,'2025-10-20 06:49:08','2025-10-20 06:49:08'),(18,12,'CHNWXIWT',5,0,1,'2025-10-20 06:49:08','2025-10-20 06:49:08'),(19,12,'DABLNHJF',5,0,1,'2025-10-20 06:49:08','2025-10-20 06:49:08'),(20,12,'ZQPVO6X1',4,0,1,'2025-10-20 06:49:08','2025-10-20 06:49:08'),(21,13,'LMUOZPKX',3,0,1,'2025-10-20 06:49:08','2025-10-20 06:49:08'),(22,13,'R6CT2P9Z',1,0,1,'2025-10-20 06:49:08','2025-10-20 06:49:08'),(23,13,'YNPSOWVL',3,0,1,'2025-10-20 06:49:08','2025-10-20 06:49:08'),(24,13,'TPUDSVKC',5,0,1,'2025-10-20 06:49:08','2025-10-20 06:49:08'),(25,13,'W48EN0W2',4,0,1,'2025-10-20 06:49:08','2025-10-20 06:49:08'),(26,13,'BTAHBVIP',2,0,1,'2025-10-20 06:49:08','2025-10-20 06:49:08'),(27,13,'ZFTEPNT5',5,0,1,'2025-10-20 06:49:08','2025-10-20 06:49:08'),(28,13,'XQ1LTXK5',2,0,1,'2025-10-20 06:49:08','2025-10-20 06:49:08'),(29,13,'P9UBYAJU',5,0,1,'2025-10-20 06:49:08','2025-10-20 06:49:08'),(30,13,'G8H3BCIK',1,0,1,'2025-10-20 06:49:08','2025-10-20 06:49:08'),(31,14,'3H4TIYTS',2,0,1,'2025-10-20 06:49:08','2025-10-20 06:49:08'),(32,14,'RPS8KR35',2,0,1,'2025-10-20 06:49:08','2025-10-20 06:49:08'),(33,14,'BZFR0HXL',4,0,1,'2025-10-20 06:49:08','2025-10-20 06:49:08'),(34,14,'JZL0CBCP',2,0,1,'2025-10-20 06:49:08','2025-10-20 06:49:08'),(35,14,'EUEGR5Z8',2,0,1,'2025-10-20 06:49:08','2025-10-20 06:49:08'),(36,14,'UJOR57FE',2,0,1,'2025-10-20 06:49:08','2025-10-20 06:49:08'),(37,14,'BCA5RECL',3,0,1,'2025-10-20 06:49:08','2025-10-20 06:49:08'),(38,14,'UES7C04G',4,0,1,'2025-10-20 06:49:08','2025-10-20 06:49:08'),(39,14,'UWWQ9D8W',1,0,1,'2025-10-20 06:49:08','2025-10-20 06:49:08'),(40,14,'YULNFM1M',1,0,1,'2025-10-20 06:49:08','2025-10-20 06:49:08'),(41,15,'YZVINSJR',3,0,1,'2025-10-20 06:49:08','2025-10-20 06:49:08'),(42,15,'8VB5BPU1',4,0,1,'2025-10-20 06:49:08','2025-10-20 06:49:08'),(43,15,'YVFH8UYL',4,0,1,'2025-10-20 06:49:08','2025-10-20 06:49:08'),(44,15,'N7IBRTVA',1,0,1,'2025-10-20 06:49:08','2025-10-20 06:49:08'),(45,15,'PDEJXDXI',3,0,1,'2025-10-20 06:49:08','2025-10-20 06:49:08'),(46,15,'KY5V78XV',1,0,1,'2025-10-20 06:49:08','2025-10-20 06:49:08'),(47,15,'8K5GT7PX',3,0,1,'2025-10-20 06:49:08','2025-10-20 06:49:08'),(48,15,'MMAJQ5FA',4,0,1,'2025-10-20 06:49:08','2025-10-20 06:49:08'),(49,15,'W9WNYB9M',2,0,1,'2025-10-20 06:49:08','2025-10-20 06:49:08'),(50,15,'ETAPP016',1,0,1,'2025-10-20 06:49:08','2025-10-20 06:49:08');
/*!40000 ALTER TABLE `promotion_codes` ENABLE KEYS */;
UNLOCK TABLES;

--
-- Table structure for table `promotion_imports`
--

DROP TABLE IF EXISTS `promotion_imports`;
/*!40101 SET @saved_cs_client     = @@character_set_client */;
/*!50503 SET character_set_client = utf8mb4 */;
CREATE TABLE `promotion_imports` (
  `import_id` bigint(20) unsigned NOT NULL AUTO_INCREMENT,
  `tracking_token` char(36) NOT NULL,
  `filename` varchar(255) NOT NULL,
  `total_rows` int(10) unsigned NOT NULL DEFAULT 0,
  `processed_rows` int(10) unsigned NOT NULL DEFAULT 0,
  `failed_rows` int(10) unsigned NOT NULL DEFAULT 0,
  `status` enum('processing','completed','failed') NOT NULL DEFAULT 'processing',
  `error_log` text DEFAULT NULL,
  `promotion_id` bigint(20) unsigned NOT NULL,
  `created_by` bigint(20) unsigned DEFAULT NULL,
  `completed_at` timestamp NULL DEFAULT NULL,
  `created_at` timestamp NULL DEFAULT NULL,
  `updated_at` timestamp NULL DEFAULT NULL,
  PRIMARY KEY (`import_id`),
  UNIQUE KEY `promotion_imports_tracking_token_unique` (`tracking_token`),
  KEY `promotion_imports_promotion_id_foreign` (`promotion_id`),
  KEY `promotion_imports_created_by_foreign` (`created_by`),
  CONSTRAINT `promotion_imports_created_by_foreign` FOREIGN KEY (`created_by`) REFERENCES `users` (`id`) ON DELETE SET NULL,
  CONSTRAINT `promotion_imports_promotion_id_foreign` FOREIGN KEY (`promotion_id`) REFERENCES `promotions` (`promotion_id`) ON DELETE CASCADE
) ENGINE=InnoDB DEFAULT CHARSET=utf8mb4 COLLATE=utf8mb4_unicode_ci;
/*!40101 SET character_set_client = @saved_cs_client */;

--
-- Dumping data for table `promotion_imports`
--

LOCK TABLES `promotion_imports` WRITE;
/*!40000 ALTER TABLE `promotion_imports` DISABLE KEYS */;
/*!40000 ALTER TABLE `promotion_imports` ENABLE KEYS */;
UNLOCK TABLES;

--
-- Table structure for table `promotion_performance_metrics`
--

DROP TABLE IF EXISTS `promotion_performance_metrics`;
/*!40101 SET @saved_cs_client     = @@character_set_client */;
/*!50503 SET character_set_client = utf8mb4 */;
CREATE TABLE `promotion_performance_metrics` (
  `metric_id` bigint(20) unsigned NOT NULL AUTO_INCREMENT,
  `promotion_id` bigint(20) unsigned NOT NULL,
  `date` date NOT NULL,
  `impressions` int(10) unsigned NOT NULL DEFAULT 0,
  `clicks` int(10) unsigned NOT NULL DEFAULT 0,
  `conversions` int(10) unsigned NOT NULL DEFAULT 0,
  `revenue` decimal(18,2) NOT NULL DEFAULT 0.00,
  `cost` decimal(18,2) NOT NULL DEFAULT 0.00,
  `created_at` timestamp NOT NULL DEFAULT current_timestamp(),
  `updated_at` timestamp NULL DEFAULT NULL ON UPDATE current_timestamp(),
  PRIMARY KEY (`metric_id`),
  UNIQUE KEY `promotion_performance_metrics_promotion_id_date_unique` (`promotion_id`,`date`),
  CONSTRAINT `promotion_performance_metrics_promotion_id_foreign` FOREIGN KEY (`promotion_id`) REFERENCES `promotions` (`promotion_id`) ON DELETE CASCADE
) ENGINE=InnoDB DEFAULT CHARSET=utf8mb4 COLLATE=utf8mb4_unicode_ci;
/*!40101 SET character_set_client = @saved_cs_client */;

--
-- Dumping data for table `promotion_performance_metrics`
--

LOCK TABLES `promotion_performance_metrics` WRITE;
/*!40000 ALTER TABLE `promotion_performance_metrics` DISABLE KEYS */;
/*!40000 ALTER TABLE `promotion_performance_metrics` ENABLE KEYS */;
UNLOCK TABLES;

--
-- Table structure for table `promotion_products`
--

DROP TABLE IF EXISTS `promotion_products`;
/*!40101 SET @saved_cs_client     = @@character_set_client */;
/*!50503 SET character_set_client = utf8mb4 */;
CREATE TABLE `promotion_products` (
  `promotion_id` bigint(20) unsigned NOT NULL,
  `product_id` bigint(20) unsigned NOT NULL,
  `created_at` timestamp NULL DEFAULT NULL,
  `updated_at` timestamp NULL DEFAULT NULL,
  PRIMARY KEY (`promotion_id`,`product_id`),
  KEY `promotion_products_product_id_foreign` (`product_id`),
  CONSTRAINT `promotion_products_product_id_foreign` FOREIGN KEY (`product_id`) REFERENCES `products` (`product_id`) ON DELETE CASCADE,
  CONSTRAINT `promotion_products_promotion_id_foreign` FOREIGN KEY (`promotion_id`) REFERENCES `promotions` (`promotion_id`) ON DELETE CASCADE
) ENGINE=InnoDB DEFAULT CHARSET=utf8mb4 COLLATE=utf8mb4_unicode_ci;
/*!40101 SET character_set_client = @saved_cs_client */;

--
-- Dumping data for table `promotion_products`
--

LOCK TABLES `promotion_products` WRITE;
/*!40000 ALTER TABLE `promotion_products` DISABLE KEYS */;
/*!40000 ALTER TABLE `promotion_products` ENABLE KEYS */;
UNLOCK TABLES;

--
-- Table structure for table `promotion_templates`
--

DROP TABLE IF EXISTS `promotion_templates`;
/*!40101 SET @saved_cs_client     = @@character_set_client */;
/*!50503 SET character_set_client = utf8mb4 */;
CREATE TABLE `promotion_templates` (
  `template_id` bigint(20) unsigned NOT NULL AUTO_INCREMENT,
  `name` varchar(255) NOT NULL,
  `description` text DEFAULT NULL,
  `type` tinyint(4) NOT NULL,
  `value` decimal(18,2) NOT NULL,
  `config` longtext CHARACTER SET utf8mb4 COLLATE utf8mb4_bin NOT NULL CHECK (json_valid(`config`)),
  `category` enum('seasonal','category_specific','customer_specific','custom') NOT NULL,
  `is_public` tinyint(1) NOT NULL DEFAULT 0,
  `created_by` bigint(20) unsigned DEFAULT NULL,
  `created_at` timestamp NULL DEFAULT NULL,
  `updated_at` timestamp NULL DEFAULT NULL,
  PRIMARY KEY (`template_id`),
  KEY `promotion_templates_created_by_foreign` (`created_by`),
  CONSTRAINT `promotion_templates_created_by_foreign` FOREIGN KEY (`created_by`) REFERENCES `users` (`id`) ON DELETE SET NULL
) ENGINE=InnoDB DEFAULT CHARSET=utf8mb4 COLLATE=utf8mb4_unicode_ci;
/*!40101 SET character_set_client = @saved_cs_client */;

--
-- Dumping data for table `promotion_templates`
--

LOCK TABLES `promotion_templates` WRITE;
/*!40000 ALTER TABLE `promotion_templates` DISABLE KEYS */;
/*!40000 ALTER TABLE `promotion_templates` ENABLE KEYS */;
UNLOCK TABLES;

--
-- Table structure for table `promotions`
--

DROP TABLE IF EXISTS `promotions`;
/*!40101 SET @saved_cs_client     = @@character_set_client */;
/*!50503 SET character_set_client = utf8mb4 */;
CREATE TABLE `promotions` (
  `promotion_id` bigint(20) unsigned NOT NULL AUTO_INCREMENT,
  `name` varchar(200) NOT NULL,
  `description` text DEFAULT NULL,
  `type` tinyint(4) NOT NULL COMMENT '1: Percentage, 2: Fixed Amount',
  `value` decimal(18,2) NOT NULL,
  `min_order_amount` decimal(18,2) DEFAULT NULL,
  `max_discount_amount` decimal(18,2) DEFAULT NULL,
  `start_date` timestamp NOT NULL DEFAULT current_timestamp(),
  `end_date` timestamp NOT NULL DEFAULT current_timestamp(),
  `usage_limit` int(11) DEFAULT NULL,
  `used_count` int(11) NOT NULL DEFAULT 0,
  `is_active` tinyint(1) NOT NULL DEFAULT 1,
  `priority` enum('low','medium','high','urgent') NOT NULL DEFAULT 'medium',
  `stackable` tinyint(1) NOT NULL DEFAULT 0,
  `customer_eligibility` longtext CHARACTER SET utf8mb4 COLLATE utf8mb4_bin DEFAULT NULL CHECK (json_valid(`customer_eligibility`)),
  `geographic_restrictions` longtext CHARACTER SET utf8mb4 COLLATE utf8mb4_bin DEFAULT NULL CHECK (json_valid(`geographic_restrictions`)),
  `product_restrictions` longtext CHARACTER SET utf8mb4 COLLATE utf8mb4_bin DEFAULT NULL CHECK (json_valid(`product_restrictions`)),
  `budget_limit` decimal(12,2) DEFAULT NULL,
  `budget_used` decimal(12,2) NOT NULL DEFAULT 0.00,
  `daily_usage_limit` int(10) unsigned DEFAULT NULL,
  `daily_usage_count` int(10) unsigned NOT NULL DEFAULT 0,
  `per_customer_limit` int(10) unsigned DEFAULT NULL,
  `first_time_customer_only` tinyint(1) NOT NULL DEFAULT 0,
  `minimum_cart_value` decimal(10,2) DEFAULT NULL,
  `maximum_discount_amount` decimal(10,2) DEFAULT NULL,
  `time_restrictions` longtext CHARACTER SET utf8mb4 COLLATE utf8mb4_bin DEFAULT NULL CHECK (json_valid(`time_restrictions`)),
  `selection_rules` longtext CHARACTER SET utf8mb4 COLLATE utf8mb4_bin DEFAULT NULL CHECK (json_valid(`selection_rules`)),
  `auto_apply_new_products` tinyint(1) NOT NULL DEFAULT 0,
  `created_by_type` enum('admin','seller') NOT NULL DEFAULT 'admin',
  `seller_id` bigint(20) unsigned DEFAULT NULL,
  `budget_source` enum('platform','seller_wallet') NOT NULL DEFAULT 'platform',
  `allocated_budget` decimal(18,2) DEFAULT NULL,
  `spent_budget` decimal(18,2) NOT NULL DEFAULT 0.00,
  `roi_percentage` decimal(5,2) DEFAULT NULL,
  `auto_apply_condition` varchar(500) DEFAULT NULL,
  `terms_and_conditions` text DEFAULT NULL,
  `last_used_at` timestamp NULL DEFAULT NULL,
  `created_at` timestamp NULL DEFAULT NULL,
  `updated_at` timestamp NULL DEFAULT NULL,
  `deleted_at` timestamp NULL DEFAULT NULL,
  PRIMARY KEY (`promotion_id`),
  KEY `promotions_priority_is_active_end_date_index` (`priority`,`is_active`,`end_date`),
  KEY `promotions_stackable_is_active_index` (`stackable`,`is_active`),
  KEY `promotions_first_time_customer_only_is_active_index` (`first_time_customer_only`,`is_active`),
  KEY `promotions_budget_limit_budget_used_index` (`budget_limit`,`budget_used`),
  KEY `promotions_seller_id_foreign` (`seller_id`),
  KEY `promotions_created_by_type_index` (`created_by_type`),
  CONSTRAINT `promotions_seller_id_foreign` FOREIGN KEY (`seller_id`) REFERENCES `users` (`id`) ON DELETE SET NULL
) ENGINE=InnoDB AUTO_INCREMENT=16 DEFAULT CHARSET=utf8mb4 COLLATE=utf8mb4_unicode_ci;
/*!40101 SET character_set_client = @saved_cs_client */;

--
-- Dumping data for table `promotions`
--

LOCK TABLES `promotions` WRITE;
/*!40000 ALTER TABLE `promotions` DISABLE KEYS */;
INSERT INTO `promotions` VALUES (1,'Khuyến mãi non aut harum','Inventore reprehenderit at sunt itaque minus aliquid dolorum.',1,20.00,200000.00,95489.00,'2025-10-10 06:49:08','2025-12-08 06:49:08',NULL,0,1,'medium',0,NULL,NULL,NULL,NULL,0.00,NULL,0,NULL,0,NULL,NULL,NULL,NULL,0,'admin',NULL,'platform',NULL,0.00,NULL,NULL,NULL,NULL,'2025-10-20 06:49:08','2025-10-20 06:49:08',NULL),(2,'Khuyến mãi est ex repellat','Inventore nulla quisquam necessitatibus laboriosam.',1,38.00,200000.00,33234.00,'2025-10-17 06:49:08','2025-11-21 06:49:08',NULL,0,1,'medium',0,NULL,NULL,NULL,NULL,0.00,NULL,0,NULL,0,NULL,NULL,NULL,NULL,0,'admin',NULL,'platform',NULL,0.00,NULL,NULL,NULL,NULL,'2025-10-20 06:49:08','2025-10-20 06:49:08',NULL),(3,'Khuyến mãi ratione et quam','Reiciendis et accusamus est totam aut eum rerum.',2,43821.00,NULL,43821.00,'2025-10-12 06:49:08','2025-12-11 06:49:08',100,0,1,'medium',0,NULL,NULL,NULL,NULL,0.00,NULL,0,NULL,0,NULL,NULL,NULL,NULL,0,'admin',NULL,'platform',NULL,0.00,NULL,NULL,NULL,NULL,'2025-10-20 06:49:08','2025-10-20 06:49:08',NULL),(4,'Khuyến mãi modi officia ut','Dolorem perferendis deserunt ipsam non aut.',1,20.00,50000.00,25400.00,'2025-10-13 06:49:08','2025-11-27 06:49:08',100,0,1,'medium',0,NULL,NULL,NULL,NULL,0.00,NULL,0,NULL,0,NULL,NULL,NULL,NULL,0,'admin',NULL,'platform',NULL,0.00,NULL,NULL,NULL,NULL,'2025-10-20 06:49:08','2025-10-20 06:49:08',NULL),(5,'Khuyến mãi perspiciatis consectetur at','Consequatur dignissimos dicta optio sit.',1,11.00,200000.00,40889.00,'2025-10-11 06:49:08','2025-11-23 06:49:08',NULL,0,1,'medium',0,NULL,NULL,NULL,NULL,0.00,NULL,0,NULL,0,NULL,NULL,NULL,NULL,0,'admin',NULL,'platform',NULL,0.00,NULL,NULL,NULL,NULL,'2025-10-20 06:49:08','2025-10-20 06:49:08',NULL),(6,'Khuyến mãi occaecati non laudantium','Sit in commodi earum qui facere nam possimus.',2,64818.00,NULL,64818.00,'2025-10-11 06:49:08','2025-11-30 06:49:08',100,0,1,'medium',0,NULL,NULL,NULL,NULL,0.00,NULL,0,NULL,0,NULL,NULL,NULL,NULL,0,'admin',NULL,'platform',NULL,0.00,NULL,NULL,NULL,NULL,'2025-10-20 06:49:08','2025-10-20 06:49:08',NULL),(7,'Khuyến mãi tenetur enim exercitationem','Provident saepe ut minima molestias.',2,21696.00,NULL,21696.00,'2025-10-12 06:49:08','2025-12-16 06:49:08',100,0,1,'medium',0,NULL,NULL,NULL,NULL,0.00,NULL,0,NULL,0,NULL,NULL,NULL,NULL,0,'admin',NULL,'platform',NULL,0.00,NULL,NULL,NULL,NULL,'2025-10-20 06:49:08','2025-10-20 06:49:08',NULL),(8,'Khuyến mãi minima ipsum aut','Qui delectus beatae architecto fuga id voluptates ex enim.',2,70308.00,NULL,70308.00,'2025-10-15 06:49:08','2025-12-03 06:49:08',100,0,1,'medium',0,NULL,NULL,NULL,NULL,0.00,NULL,0,NULL,0,NULL,NULL,NULL,NULL,0,'admin',NULL,'platform',NULL,0.00,NULL,NULL,NULL,NULL,'2025-10-20 06:49:08','2025-10-20 06:49:08',NULL),(9,'Khuyến mãi veritatis cupiditate optio','Illo accusamus nostrum ut facilis voluptas.',1,10.00,NULL,56965.00,'2025-10-18 06:49:08','2025-11-25 06:49:08',NULL,0,1,'medium',0,NULL,NULL,NULL,NULL,0.00,NULL,0,NULL,0,NULL,NULL,NULL,NULL,0,'admin',NULL,'platform',NULL,0.00,NULL,NULL,NULL,NULL,'2025-10-20 06:49:08','2025-10-20 06:49:08',NULL),(10,'Khuyến mãi aut voluptatem in','Iure qui aspernatur hic voluptates qui asperiores.',1,25.00,50000.00,46317.00,'2025-10-11 06:49:08','2025-11-28 06:49:08',100,0,1,'medium',0,NULL,NULL,NULL,NULL,0.00,NULL,0,NULL,0,NULL,NULL,NULL,NULL,0,'admin',NULL,'platform',NULL,0.00,NULL,NULL,NULL,NULL,'2025-10-20 06:49:08','2025-10-20 06:49:08',NULL),(11,'Khuyến mãi consequatur nulla sit','Quia eum voluptatem omnis.',1,33.00,200000.00,33965.00,'2025-10-12 06:49:08','2025-11-21 06:49:08',NULL,0,1,'medium',0,NULL,NULL,NULL,NULL,0.00,NULL,0,NULL,0,NULL,NULL,NULL,NULL,0,'admin',NULL,'platform',NULL,0.00,NULL,NULL,NULL,NULL,'2025-10-20 06:49:08','2025-10-20 06:49:08',NULL),(12,'Khuyến mãi ea voluptatem fugiat','Quae aut explicabo rerum dolor laborum id.',1,33.00,200000.00,71425.00,'2025-10-19 06:49:08','2025-12-12 06:49:08',200,0,1,'medium',0,NULL,NULL,NULL,NULL,0.00,NULL,0,NULL,0,NULL,NULL,NULL,NULL,0,'admin',NULL,'platform',NULL,0.00,NULL,NULL,NULL,NULL,'2025-10-20 06:49:08','2025-10-20 06:49:08',NULL),(13,'Khuyến mãi mollitia rerum possimus','Illo maiores eaque neque consequatur.',1,39.00,100000.00,87366.00,'2025-10-16 06:49:08','2025-12-05 06:49:08',500,0,1,'medium',0,NULL,NULL,NULL,NULL,0.00,NULL,0,NULL,0,NULL,NULL,NULL,NULL,0,'admin',NULL,'platform',NULL,0.00,NULL,NULL,NULL,NULL,'2025-10-20 06:49:08','2025-10-20 06:49:08',NULL),(14,'Khuyến mãi quo excepturi tenetur','Porro voluptatem natus soluta quia nisi eius.',2,191596.00,50000.00,191596.00,'2025-10-13 06:49:08','2025-12-13 06:49:08',NULL,0,1,'medium',0,NULL,NULL,NULL,NULL,0.00,NULL,0,NULL,0,NULL,NULL,NULL,NULL,0,'admin',NULL,'platform',NULL,0.00,NULL,NULL,NULL,NULL,'2025-10-20 06:49:08','2025-10-20 06:49:08',NULL),(15,'Khuyến mãi quis aut praesentium','Doloribus id laudantium nobis fugiat.',1,42.00,50000.00,29619.00,'2025-10-13 06:49:08','2025-11-11 06:49:08',500,0,1,'medium',0,NULL,NULL,NULL,NULL,0.00,NULL,0,NULL,0,NULL,NULL,NULL,NULL,0,'admin',NULL,'platform',NULL,0.00,NULL,NULL,NULL,NULL,'2025-10-20 06:49:08','2025-10-20 06:49:08',NULL);
/*!40000 ALTER TABLE `promotions` ENABLE KEYS */;
UNLOCK TABLES;

--
-- Table structure for table `return_items`
--

DROP TABLE IF EXISTS `return_items`;
/*!40101 SET @saved_cs_client     = @@character_set_client */;
/*!50503 SET character_set_client = utf8mb4 */;
CREATE TABLE `return_items` (
  `return_item_id` bigint(20) unsigned NOT NULL AUTO_INCREMENT,
  `return_id` bigint(20) unsigned NOT NULL,
  `variant_id` bigint(20) unsigned NOT NULL,
  `quantity` int(11) NOT NULL,
  `unit_price` decimal(15,2) NOT NULL,
  `total_price` decimal(15,2) NOT NULL,
  `reason` varchar(255) DEFAULT NULL,
  PRIMARY KEY (`return_item_id`),
  KEY `return_items_return_id_foreign` (`return_id`),
  KEY `return_items_variant_id_foreign` (`variant_id`),
  CONSTRAINT `return_items_return_id_foreign` FOREIGN KEY (`return_id`) REFERENCES `returns` (`return_id`) ON DELETE CASCADE,
  CONSTRAINT `return_items_variant_id_foreign` FOREIGN KEY (`variant_id`) REFERENCES `product_variants` (`variant_id`) ON DELETE CASCADE
) ENGINE=InnoDB DEFAULT CHARSET=utf8mb4 COLLATE=utf8mb4_unicode_ci;
/*!40101 SET character_set_client = @saved_cs_client */;

--
-- Dumping data for table `return_items`
--

LOCK TABLES `return_items` WRITE;
/*!40000 ALTER TABLE `return_items` DISABLE KEYS */;
/*!40000 ALTER TABLE `return_items` ENABLE KEYS */;
UNLOCK TABLES;

--
-- Table structure for table `returns`
--

DROP TABLE IF EXISTS `returns`;
/*!40101 SET @saved_cs_client     = @@character_set_client */;
/*!50503 SET character_set_client = utf8mb4 */;
CREATE TABLE `returns` (
  `return_id` bigint(20) unsigned NOT NULL AUTO_INCREMENT,
  `order_id` bigint(20) unsigned NOT NULL,
  `customer_id` bigint(20) unsigned NOT NULL,
  `return_number` varchar(255) NOT NULL,
  `reason` tinyint(3) unsigned NOT NULL COMMENT 'Lý do trả hàng, ví dụ: 1: Sản phẩm lỗi, 2: Sai sản phẩm...',
  `description` text DEFAULT NULL,
  `status` enum('pending','approved','rejected','refunded','exchanged','cancelled') NOT NULL DEFAULT 'pending' COMMENT 'Return status using ENUM values',
  `refund_amount` decimal(15,2) DEFAULT NULL,
  `type` tinyint(3) unsigned NOT NULL COMMENT '1: Refund, 2: Exchange',
  `admin_note` text DEFAULT NULL,
  `processed_at` timestamp NULL DEFAULT NULL,
  `refunded_at` timestamp NULL DEFAULT NULL,
  `created_at` timestamp NULL DEFAULT NULL,
  `updated_at` timestamp NULL DEFAULT NULL,
  `deleted_at` timestamp NULL DEFAULT NULL,
  PRIMARY KEY (`return_id`),
  UNIQUE KEY `returns_return_number_unique` (`return_number`),
  KEY `returns_order_id_foreign` (`order_id`),
  KEY `returns_customer_id_foreign` (`customer_id`),
  CONSTRAINT `returns_customer_id_foreign` FOREIGN KEY (`customer_id`) REFERENCES `users` (`id`) ON DELETE CASCADE,
  CONSTRAINT `returns_order_id_foreign` FOREIGN KEY (`order_id`) REFERENCES `orders` (`order_id`) ON DELETE CASCADE
) ENGINE=InnoDB AUTO_INCREMENT=51 DEFAULT CHARSET=utf8mb4 COLLATE=utf8mb4_unicode_ci;
/*!40101 SET character_set_client = @saved_cs_client */;

--
-- Dumping data for table `returns`
--

LOCK TABLES `returns` WRITE;
/*!40000 ALTER TABLE `returns` DISABLE KEYS */;
INSERT INTO `returns` VALUES (1,286,111,'RTN-27880560',4,'Non et hic eos rerum. Doloribus molestiae quis et sunt aut.','approved',42159567.00,2,NULL,'2025-10-20 06:49:08',NULL,'2025-10-20 06:49:08','2025-10-20 06:49:08',NULL),(2,117,55,'RTN-73690764',2,'Doloribus consequatur vitae atque qui. Ab maiores beatae reprehenderit deserunt quia accusamus.','refunded',77588094.00,1,NULL,'2025-10-20 06:49:08',NULL,'2025-10-20 06:49:08','2025-10-20 06:49:08',NULL),(3,302,116,'RTN-99777830',2,'Ut sit quaerat ab. Reprehenderit ad consequatur sit dolorem occaecati rerum voluptatum illum. Dolores ut doloribus quidem voluptatem dolores.','cancelled',47584338.00,2,NULL,'2025-10-20 06:49:08',NULL,'2025-10-20 06:49:08','2025-10-20 06:49:08',NULL),(4,187,79,'RTN-72209649',2,'Dolorum sed sed exercitationem aut. Et beatae dignissimos veritatis autem natus quae voluptate. Fugiat officiis pariatur ex veritatis pariatur ea.','pending',127791786.00,2,NULL,'2025-10-20 06:49:08',NULL,'2025-10-20 06:49:08','2025-10-20 06:49:08',NULL),(5,90,48,'RTN-18798554',5,'Quos ducimus a id perferendis ratione. Est expedita mollitia et excepturi non error. Nulla reiciendis quam corrupti autem expedita. Voluptatibus corrupti vel porro quia quisquam.','approved',33212834.00,2,NULL,'2025-10-20 06:49:08',NULL,'2025-10-20 06:49:08','2025-10-20 06:49:08',NULL),(6,117,55,'RTN-18914742',1,'Libero maiores ipsam dolores non et quia impedit. Dicta ut assumenda qui voluptas maiores perferendis illo qui. Incidunt rerum est voluptas facilis et aut laudantium qui. Aliquam temporibus officiis tenetur. Dolor iure doloremque facilis enim.','cancelled',77588094.00,1,NULL,'2025-10-20 06:49:08',NULL,'2025-10-20 06:49:08','2025-10-20 06:49:08',NULL),(7,99,50,'RTN-32198426',2,'Suscipit harum assumenda adipisci perferendis cumque eius eum. Nesciunt aspernatur dolorem dolores ut cupiditate blanditiis ratione. Qui architecto sed eveniet eveniet vel. Quidem et aut nulla fugit eaque.','cancelled',33041160.00,2,NULL,'2025-10-20 06:49:08',NULL,'2025-10-20 06:49:08','2025-10-20 06:49:08',NULL),(8,60,39,'RTN-78978693',2,'Amet magnam at unde rerum. Dolore quo quia quia sed qui id. Eos est omnis rerum eius nulla exercitationem sit. Harum iste odio voluptas ratione dolore temporibus explicabo esse.','rejected',14849529.00,1,NULL,'2025-10-20 06:49:08',NULL,'2025-10-20 06:49:08','2025-10-20 06:49:08',NULL),(9,60,39,'RTN-41922304',4,'Eos accusantium voluptatem ut at sit vel recusandae. Perspiciatis reiciendis voluptate sequi sed distinctio error. Cumque omnis animi architecto consequuntur repellat.','rejected',14849529.00,2,NULL,'2025-10-20 06:49:08',NULL,'2025-10-20 06:49:08','2025-10-20 06:49:08',NULL),(10,72,43,'RTN-59207716',1,'A assumenda consequuntur laborum velit. Ratione maiores iure aut et voluptatem enim repellat hic. Quis laborum sed placeat cupiditate sit ut dolor. Quae non error ut nam quia quae. Eligendi cumque dolor eaque eos aliquam tempore at et.','rejected',48093999.00,2,NULL,'2025-10-20 06:49:08',NULL,'2025-10-20 06:49:08','2025-10-20 06:49:08',NULL),(11,280,109,'RTN-3105776',2,'Molestiae aperiam repellat beatae est. Nulla repudiandae fugiat et tempore sunt quia temporibus. Voluptatibus ab nobis laudantium et beatae fugit.','refunded',21251768.00,1,NULL,'2025-10-20 06:49:08',NULL,'2025-10-20 06:49:08','2025-10-20 06:49:08',NULL),(12,286,111,'RTN-47565132',1,'Adipisci id amet enim perspiciatis sint. Provident aut ut aut. Quidem reiciendis hic eveniet molestiae.','approved',39425494.00,2,NULL,'2025-10-20 06:49:08',NULL,'2025-10-20 06:49:08','2025-10-20 06:49:08',NULL),(13,302,116,'RTN-97611694',3,'Consequatur iure distinctio et. Iste sint sed repudiandae consectetur. Cumque sunt animi tempore illum eum nam. Iusto omnis libero numquam eligendi pariatur est nobis. Quaerat pariatur sed repellat animi magni.','exchanged',13969602.00,2,NULL,'2025-10-20 06:49:08',NULL,'2025-10-20 06:49:08','2025-10-20 06:49:08',NULL),(14,302,116,'RTN-75896501',5,'Maxime ea eveniet perferendis enim. Nihil architecto ut mollitia error. Consectetur sint perspiciatis autem autem sint quo omnis. Sed rerum laudantium repellat.','refunded',47584338.00,2,NULL,'2025-10-20 06:49:08',NULL,'2025-10-20 06:49:08','2025-10-20 06:49:08',NULL),(15,72,43,'RTN-71581476',5,'Sunt velit excepturi et sed. Hic ea veritatis eius repellat repudiandae quo. Beatae dolores fugit libero itaque tempora autem.','pending',34415214.00,2,NULL,'2025-10-20 06:49:08',NULL,'2025-10-20 06:49:08','2025-10-20 06:49:08',NULL),(16,99,50,'RTN-7881449',1,'Soluta atque dolor harum aut distinctio molestias. Aut explicabo omnis placeat quisquam. Velit ut placeat ullam numquam consequuntur. Laboriosam saepe eligendi aut reiciendis cupiditate sit ex.','rejected',30841444.00,1,NULL,'2025-10-20 06:49:08',NULL,'2025-10-20 06:49:08','2025-10-20 06:49:08',NULL),(17,20,27,'RTN-34831740',1,'Dolor modi totam est quia nemo inventore. Nostrum rerum suscipit sint qui non aliquam. Blanditiis qui dolor et dolorem praesentium magnam sint. Reiciendis et in ut sit consequatur praesentium velit.','pending',6251260.00,1,NULL,'2025-10-20 06:49:08',NULL,'2025-10-20 06:49:08','2025-10-20 06:49:08',NULL),(18,212,87,'RTN-78441728',5,'Pariatur numquam possimus minus. Autem officiis officia occaecati maiores ex. Dicta natus explicabo quis.','approved',33041160.00,1,NULL,'2025-10-20 06:49:08',NULL,'2025-10-20 06:49:08','2025-10-20 06:49:08',NULL),(19,302,116,'RTN-91106757',1,'Rem assumenda ut placeat nesciunt ut sint. Commodi aut repellendus adipisci quam cum. Modi excepturi nesciunt reprehenderit ea. Dicta tenetur et blanditiis optio sint repellat.','cancelled',47584338.00,1,NULL,'2025-10-20 06:49:08',NULL,'2025-10-20 06:49:08','2025-10-20 06:49:08',NULL),(20,140,64,'RTN-17796138',1,'Exercitationem alias ut qui dolores optio. Similique temporibus consequatur ducimus facere aliquid. Voluptatem minima facere voluptates facere excepturi.','exchanged',4325325.00,2,NULL,'2025-10-20 06:49:08',NULL,'2025-10-20 06:49:08','2025-10-20 06:49:08',NULL),(21,230,93,'RTN-65487544',1,'Omnis dolorem qui sapiente quaerat et. Illo eum dolore rerum impedit. Adipisci ipsa odio est exercitationem molestiae facere voluptatem. Ut deleniti optio quis eos dolorem deserunt.','approved',58772772.00,1,NULL,'2025-10-20 06:49:08',NULL,'2025-10-20 06:49:08','2025-10-20 06:49:08',NULL),(22,167,72,'RTN-48084389',2,'Enim harum sunt rem hic nulla nisi. Eos in quam voluptatem non neque necessitatibus asperiores. Quasi atque ex veritatis qui illo ratione. Quam est sunt quidem quo ut libero et.','approved',44412892.00,1,NULL,'2025-10-20 06:49:08',NULL,'2025-10-20 06:49:08','2025-10-20 06:49:08',NULL),(23,187,79,'RTN-99692849',5,'Dignissimos odit voluptatum labore cupiditate. Dolorem et corrupti molestiae ratione. Animi architecto inventore sunt quo perferendis. Provident sit tenetur at a quidem dolor dolorum. Corporis est rem et minus.','cancelled',98998836.00,1,NULL,'2025-10-20 06:49:08',NULL,'2025-10-20 06:49:08','2025-10-20 06:49:08',NULL),(24,4,23,'RTN-66080449',3,'Placeat et harum ipsa dolorem incidunt ea. Est similique exercitationem deleniti quis dolores architecto est tenetur. Accusantium omnis aut dignissimos. Molestiae earum consequuntur explicabo.','pending',20725828.00,2,NULL,'2025-10-20 06:49:08',NULL,'2025-10-20 06:49:08','2025-10-20 06:49:08',NULL),(25,312,120,'RTN-43466317',2,'Quasi harum esse quis velit. Laudantium blanditiis autem sequi. Architecto molestias suscipit mollitia eligendi hic. Omnis a et distinctio. Sunt et consequatur quasi aut.','approved',38885376.00,2,NULL,'2025-10-20 06:49:08',NULL,'2025-10-20 06:49:08','2025-10-20 06:49:08',NULL),(26,131,61,'RTN-29673807',5,'Qui corporis fugiat qui est. Excepturi qui dicta sequi voluptatem dignissimos quia blanditiis. Minus est temporibus magni pariatur suscipit.','approved',1917933.00,2,NULL,'2025-10-20 06:49:08',NULL,'2025-10-20 06:49:08','2025-10-20 06:49:08',NULL),(27,286,111,'RTN-97213164',1,'Aut velit repellat aperiam minima doloribus. Dignissimos doloribus vitae cumque reprehenderit neque autem nesciunt. At debitis corrupti est.','rejected',38499096.00,1,NULL,'2025-10-20 06:49:08',NULL,'2025-10-20 06:49:08','2025-10-20 06:49:08',NULL),(28,230,93,'RTN-44636297',1,'Mollitia quis quo eaque voluptatem. Consequatur nemo sapiente quo facere placeat quae ut illo. Voluptatem debitis ut cumque deleniti. Non vel nihil blanditiis omnis hic fugiat.','cancelled',58772772.00,2,NULL,'2025-10-20 06:49:08',NULL,'2025-10-20 06:49:08','2025-10-20 06:49:08',NULL),(29,188,79,'RTN-60669821',3,'Facere voluptas omnis officiis ea at neque. Voluptatem tempora deserunt totam occaecati.','rejected',38499096.00,1,NULL,'2025-10-20 06:49:08',NULL,'2025-10-20 06:49:08','2025-10-20 06:49:08',NULL),(30,230,93,'RTN-20204851',3,'Error ut laborum est laborum magnam excepturi quasi dolores. Officia praesentium quaerat ut officiis aperiam. Quis cum animi quas enim.','pending',51035084.00,1,NULL,'2025-10-20 06:49:08',NULL,'2025-10-20 06:49:08','2025-10-20 06:49:08',NULL),(31,131,61,'RTN-2272565',2,'Fugit officia porro ipsam velit. Aut in et natus dolor. Quas sint in quaerat.','approved',28106378.00,2,NULL,'2025-10-20 06:49:08',NULL,'2025-10-20 06:49:08','2025-10-20 06:49:08',NULL),(32,302,116,'RTN-19045458',1,'Suscipit atque qui animi non cum recusandae qui. Voluptas temporibus possimus sit est quam.','cancelled',47584338.00,1,NULL,'2025-10-20 06:49:08',NULL,'2025-10-20 06:49:08','2025-10-20 06:49:08',NULL),(33,312,120,'RTN-50144852',1,'Enim ullam et ducimus aut quaerat. Ullam qui aut sed quia suscipit. Quo reiciendis non earum. At cumque in sint explicabo.','pending',29114127.00,2,NULL,'2025-10-20 06:49:08',NULL,'2025-10-20 06:49:08','2025-10-20 06:49:08',NULL),(34,297,114,'RTN-58331960',5,'Omnis ipsam esse dolorem amet praesentium nobis. Voluptas totam qui dolorum quae rem repellat iusto. Qui amet ducimus tempore. Quaerat ea sequi est.','refunded',73658472.00,2,NULL,'2025-10-20 06:49:08',NULL,'2025-10-20 06:49:08','2025-10-20 06:49:08',NULL),(35,20,27,'RTN-34427040',3,'Voluptatem sit occaecati qui tempore repellendus maxime. Ducimus quidem nulla voluptas accusantium. Iusto in quos non saepe. Corporis similique qui temporibus magnam fugiat fuga.','rejected',4325325.00,1,NULL,'2025-10-20 06:49:08',NULL,'2025-10-20 06:49:08','2025-10-20 06:49:08',NULL),(36,20,27,'RTN-20243617',4,'Qui et dolor corporis pariatur quos eligendi. Unde itaque omnis qui. Nam corporis porro voluptas quos unde et eveniet. Velit error qui tempora non et repellendus omnis. Praesentium sed aspernatur ad sit ea perspiciatis molestiae.','cancelled',6251260.00,1,NULL,'2025-10-20 06:49:08',NULL,'2025-10-20 06:49:08','2025-10-20 06:49:08',NULL),(37,204,84,'RTN-40218331',5,'Voluptatem perspiciatis officiis doloremque architecto laboriosam laboriosam tempora. Fuga iusto iure laudantium id fuga in. In at a illo placeat eius omnis.','cancelled',77030028.00,1,NULL,'2025-10-20 06:49:08',NULL,'2025-10-20 06:49:08','2025-10-20 06:49:08',NULL),(38,204,84,'RTN-23712349',5,'Est dolor sit iste consequatur omnis laudantium est ea. Qui omnis provident blanditiis aliquam deleniti veniam illo officia.','exchanged',77030028.00,1,NULL,'2025-10-20 06:49:08',NULL,'2025-10-20 06:49:08','2025-10-20 06:49:08',NULL),(39,87,47,'RTN-88657443',1,'Est eligendi aut enim eligendi. Eius dolorem sapiente quos quo. Sunt eaque pariatur fuga eveniet dolores nobis.','pending',2740718.00,2,NULL,'2025-10-20 06:49:08',NULL,'2025-10-20 06:49:08','2025-10-20 06:49:08',NULL),(40,286,111,'RTN-29984475',2,'Error eum eos molestiae. Eaque assumenda voluptate suscipit aut eligendi nihil. Enim dolorum dolor est illum porro. Voluptatem deserunt id rerum dolor veritatis fugit laborum.','approved',38499096.00,1,NULL,'2025-10-20 06:49:08',NULL,'2025-10-20 06:49:08','2025-10-20 06:49:08',NULL),(41,221,89,'RTN-40921936',4,'Et sit recusandae explicabo architecto. Sit reiciendis nemo vitae recusandae dolor repellendus optio. Dolorum sit ullam sunt et. Iste non quidem eligendi commodi quam exercitationem.','approved',123692082.00,1,NULL,'2025-10-20 06:49:08',NULL,'2025-10-20 06:49:08','2025-10-20 06:49:08',NULL),(42,297,114,'RTN-52365263',4,'Sed porro voluptatem rerum occaecati illo illum. Officiis distinctio quod doloribus est expedita quia. Animi voluptas distinctio eius aut. Eveniet et qui distinctio dolore quibusdam.','rejected',73658472.00,1,NULL,'2025-10-20 06:49:08',NULL,'2025-10-20 06:49:08','2025-10-20 06:49:08',NULL),(43,140,64,'RTN-31712862',2,'Enim aperiam occaecati est. Voluptas repudiandae laborum eligendi doloribus. Vel explicabo ducimus et incidunt eaque. Perferendis et sint ut porro.','refunded',4325325.00,2,NULL,'2025-10-20 06:49:08',NULL,'2025-10-20 06:49:08','2025-10-20 06:49:08',NULL),(44,312,120,'RTN-71317855',4,'Voluptatem veritatis quis rerum ipsa sapiente odio molestiae. Non unde temporibus odit delectus id aut id. Vel tempore commodi voluptates iste. Occaecati qui animi rerum autem cupiditate vel.','cancelled',85585438.00,1,NULL,'2025-10-20 06:49:08',NULL,'2025-10-20 06:49:08','2025-10-20 06:49:08',NULL),(45,176,75,'RTN-37949608',1,'Enim molestiae accusamus et illum praesentium et. Nostrum aut eum possimus id quo. Sint laudantium vitae excepturi blanditiis a.','rejected',191114.00,2,NULL,'2025-10-20 06:49:08',NULL,'2025-10-20 06:49:08','2025-10-20 06:49:08',NULL),(46,188,79,'RTN-83875408',5,'Consequatur dolor magnam sit quam quisquam tenetur maiores eos. Quod sit porro necessitatibus quidem. Excepturi id sunt consequuntur iure at aut officiis officiis. Sed autem neque ipsam sint. Amet voluptatum unde in aut ipsum.','refunded',21313934.00,2,NULL,'2025-10-20 06:49:08',NULL,'2025-10-20 06:49:08','2025-10-20 06:49:08',NULL),(47,212,87,'RTN-3265907',1,'Doloremque quia ut itaque exercitationem. Ea qui praesentium enim repellendus dolores ut consequuntur laboriosam. Neque et earum iusto excepturi laboriosam sed asperiores. Illum voluptatem dolor voluptatum nesciunt.','rejected',33041160.00,2,NULL,'2025-10-20 06:49:08',NULL,'2025-10-20 06:49:08','2025-10-20 06:49:08',NULL),(48,312,120,'RTN-3739953',5,'Qui aliquam harum sunt. Consequatur eum magni eveniet.','approved',29114127.00,1,NULL,'2025-10-20 06:49:08',NULL,'2025-10-20 06:49:08','2025-10-20 06:49:08',NULL),(49,303,116,'RTN-25030361',4,'Ullam alias eius id. Provident ut cupiditate dolor repellendus impedit ducimus neque. Consequatur occaecati ea dignissimos reiciendis sint unde.','pending',8213039.00,1,NULL,'2025-10-20 06:49:08',NULL,'2025-10-20 06:49:08','2025-10-20 06:49:08',NULL),(50,20,27,'RTN-20623692',1,'Deleniti voluptatibus sed ut non qui ex in eaque. Itaque culpa in qui rerum et quasi. Non voluptatem et sit neque. Odit impedit labore et illum reprehenderit mollitia perspiciatis.','approved',6251260.00,1,NULL,'2025-10-20 06:49:08',NULL,'2025-10-20 06:49:08','2025-10-20 06:49:08',NULL);
/*!40000 ALTER TABLE `returns` ENABLE KEYS */;
UNLOCK TABLES;

--
-- Table structure for table `review_media`
--

DROP TABLE IF EXISTS `review_media`;
/*!40101 SET @saved_cs_client     = @@character_set_client */;
/*!50503 SET character_set_client = utf8mb4 */;
CREATE TABLE `review_media` (
  `id` bigint(20) unsigned NOT NULL AUTO_INCREMENT,
  `review_id` bigint(20) unsigned NOT NULL,
  `media_type` enum('image','video') NOT NULL DEFAULT 'image',
  `file_name` varchar(255) NOT NULL,
  `file_path` varchar(500) NOT NULL,
  `mime_type` varchar(100) NOT NULL,
  `file_size` int(10) unsigned NOT NULL,
  `metadata` longtext CHARACTER SET utf8mb4 COLLATE utf8mb4_bin DEFAULT NULL CHECK (json_valid(`metadata`)),
  `display_order` smallint(6) NOT NULL DEFAULT 0,
  `is_primary` tinyint(1) NOT NULL DEFAULT 0,
  `created_at` timestamp NULL DEFAULT NULL,
  `updated_at` timestamp NULL DEFAULT NULL,
  PRIMARY KEY (`id`),
  KEY `review_media_review_id_display_order_index` (`review_id`,`display_order`),
  KEY `review_media_media_type_created_at_index` (`media_type`,`created_at`),
  KEY `review_media_is_primary_index` (`is_primary`),
  CONSTRAINT `review_media_review_id_foreign` FOREIGN KEY (`review_id`) REFERENCES `reviews` (`review_id`) ON DELETE CASCADE
) ENGINE=InnoDB DEFAULT CHARSET=utf8mb4 COLLATE=utf8mb4_unicode_ci;
/*!40101 SET character_set_client = @saved_cs_client */;

--
-- Dumping data for table `review_media`
--

LOCK TABLES `review_media` WRITE;
/*!40000 ALTER TABLE `review_media` DISABLE KEYS */;
/*!40000 ALTER TABLE `review_media` ENABLE KEYS */;
UNLOCK TABLES;

--
-- Table structure for table `reviews`
--

DROP TABLE IF EXISTS `reviews`;
/*!40101 SET @saved_cs_client     = @@character_set_client */;
/*!50503 SET character_set_client = utf8mb4 */;
CREATE TABLE `reviews` (
  `review_id` bigint(20) unsigned NOT NULL AUTO_INCREMENT,
  `product_id` bigint(20) unsigned NOT NULL,
  `user_id` bigint(20) unsigned NOT NULL,
  `rating` tinyint(3) unsigned NOT NULL,
  `comment` text DEFAULT NULL,
  `is_approved` tinyint(1) NOT NULL DEFAULT 0,
  `created_at` timestamp NULL DEFAULT NULL,
  `updated_at` timestamp NULL DEFAULT NULL,
  `deleted_at` timestamp NULL DEFAULT NULL,
  PRIMARY KEY (`review_id`),
  UNIQUE KEY `reviews_product_id_user_id_unique` (`product_id`,`user_id`),
  KEY `reviews_user_id_foreign` (`user_id`),
  CONSTRAINT `reviews_product_id_foreign` FOREIGN KEY (`product_id`) REFERENCES `products` (`product_id`) ON DELETE CASCADE,
  CONSTRAINT `reviews_user_id_foreign` FOREIGN KEY (`user_id`) REFERENCES `users` (`id`) ON DELETE CASCADE
) ENGINE=InnoDB AUTO_INCREMENT=290 DEFAULT CHARSET=utf8mb4 COLLATE=utf8mb4_unicode_ci;
/*!40101 SET character_set_client = @saved_cs_client */;

--
-- Dumping data for table `reviews`
--

LOCK TABLES `reviews` WRITE;
/*!40000 ALTER TABLE `reviews` DISABLE KEYS */;
INSERT INTO `reviews` VALUES (1,1,40,2,'Blanditiis voluptas est est quia in est. Animi ipsa qui officiis rem.',1,'2025-10-20 06:49:08','2025-10-20 06:49:08',NULL),(2,2,42,5,'Eos voluptatibus quas minima suscipit. Id totam vel eveniet. Aliquam quibusdam tempora eligendi qui eos consectetur. Illo possimus adipisci ratione consequatur officiis.',1,'2025-10-20 06:49:08','2025-10-20 06:49:08',NULL),(3,2,44,5,'Necessitatibus molestiae vitae quidem illum et totam maiores. In accusamus voluptas ab quibusdam magnam harum. Explicabo aut rerum ut tempore quia eos sed. Consequatur eum minima deserunt molestiae et distinctio et.',1,'2025-10-20 06:49:08','2025-10-20 06:49:08',NULL),(4,2,59,4,'Et iste facilis voluptatum voluptatem quae reiciendis omnis amet. Nostrum et nisi nam ut ipsa ducimus earum. Qui magni odio ducimus culpa earum quas magni dolore. Id est atque quo cupiditate provident aliquid error.',1,'2025-10-20 06:49:08','2025-10-20 06:49:08',NULL),(5,2,64,5,'Rem et voluptatum voluptatibus esse assumenda. Qui laudantium est dicta et voluptatem voluptates. Velit laborum voluptatem rerum et soluta.',1,'2025-10-20 06:49:08','2025-10-20 06:49:08',NULL),(6,2,75,2,'Ipsa accusamus qui consequatur qui. A quia iste eum sint cum officia similique. Voluptatem suscipit dolore id tempore eaque a.',1,'2025-10-20 06:49:08','2025-10-20 06:49:08',NULL),(7,2,84,2,'Sapiente non nihil qui iure. Eligendi ipsam modi voluptatem quisquam. Architecto atque possimus dolor quia occaecati.',1,'2025-10-20 06:49:08','2025-10-20 06:49:08',NULL),(8,2,90,4,'Aut error ipsum voluptatem. Atque molestiae enim et dolor iste id. Iste voluptas fuga voluptatem minus. Odit qui vel magnam eos aut accusamus.',1,'2025-10-20 06:49:08','2025-10-20 06:49:08',NULL),(9,2,121,4,'Laudantium et ipsum totam necessitatibus quis et quia. Voluptatum vero aspernatur laboriosam sint quis eius eligendi. Beatae id commodi corporis repudiandae ab velit est rerum.',1,'2025-10-20 06:49:08','2025-10-20 06:49:08',NULL),(10,3,39,3,'Maxime esse ipsum corporis molestiae. Optio sed et consequuntur nostrum placeat qui. Ducimus voluptatem aliquid autem ipsam.',1,'2025-10-20 06:49:08','2025-10-20 06:49:08',NULL),(11,3,60,3,'Voluptas repellendus atque quidem fuga et modi tempore. Autem sed amet iusto fugit quis accusamus animi. Id neque veniam quia ut maxime. Natus eius voluptate enim enim quae et eos.',1,'2025-10-20 06:49:08','2025-10-20 06:49:08',NULL),(12,3,61,2,'Voluptates qui quis dolorem ea earum. Quis iusto voluptatem et ad voluptas. Dicta ducimus voluptatem quasi doloribus et saepe doloremque culpa. Tenetur ut esse alias est in.',1,'2025-10-20 06:49:08','2025-10-20 06:49:08',NULL),(13,3,63,4,'Autem expedita aut sed dolores nam nesciunt. Aliquid harum consequuntur vero optio quaerat ex nulla voluptatum. Omnis sit vitae dignissimos quia occaecati. Omnis maiores eligendi possimus blanditiis dolore non voluptas. Praesentium reprehenderit vel deleniti magni.',1,'2025-10-20 06:49:08','2025-10-20 06:49:08',NULL),(14,3,64,4,'Est dolor ad et omnis omnis quasi. Hic recusandae in recusandae. Qui blanditiis odio incidunt aut sit quia iusto.',1,'2025-10-20 06:49:08','2025-10-20 06:49:08',NULL),(15,3,73,4,'Autem corporis provident eaque. Recusandae nihil eos cumque qui aliquid odio. Officia incidunt magni ab. Minima aut magni iure dolore. Porro consequuntur voluptate quis non minus.',1,'2025-10-20 06:49:08','2025-10-20 06:49:08',NULL),(16,3,90,1,'Reiciendis praesentium aperiam ipsam reiciendis officiis sunt. Quia dicta soluta quae dolorem id expedita consequatur. Deleniti vitae fuga et asperiores culpa.',1,'2025-10-20 06:49:08','2025-10-20 06:49:08',NULL),(17,3,97,1,'Modi expedita autem laborum quos enim sunt vitae. Nulla aliquid eos molestiae eos. Sed officia animi doloremque sit illum dolorem.',1,'2025-10-20 06:49:08','2025-10-20 06:49:08',NULL),(18,4,39,1,'Et sunt aut quos sit. Possimus ut ut voluptatibus ex laborum consequatur reiciendis impedit. Non illum in et officia ipsam iusto non autem. Vel ut voluptatem eaque nesciunt id excepturi architecto.',1,'2025-10-20 06:49:08','2025-10-20 06:49:08',NULL),(19,4,49,4,'Ipsam et corporis iusto in vitae. Praesentium animi ducimus ipsa. Incidunt ex ad deserunt quas voluptas sunt quibusdam. Blanditiis laborum dolor rem et voluptates doloribus quod pariatur.',1,'2025-10-20 06:49:08','2025-10-20 06:49:08',NULL),(20,4,54,4,'Enim aut rerum corrupti sint est. Aliquid velit officiis corporis quo quis. Similique omnis quas nemo provident qui accusamus nesciunt.',1,'2025-10-20 06:49:08','2025-10-20 06:49:08',NULL),(21,4,62,2,'Dolorum quasi eligendi exercitationem qui ea et optio. Facere autem aliquid quia perspiciatis. In vel quia natus corporis.',1,'2025-10-20 06:49:08','2025-10-20 06:49:08',NULL),(22,4,106,4,'Velit repellat quia minus laborum. Voluptate distinctio blanditiis eum in et. Veniam blanditiis aut impedit quis sed et. Facere corrupti et possimus est sint quo.',1,'2025-10-20 06:49:08','2025-10-20 06:49:08',NULL),(23,4,119,5,'Et consequatur sit dignissimos ratione molestiae modi. At exercitationem alias autem. Ipsa aut repudiandae dolor. Dolor sapiente voluptas ut sit.',1,'2025-10-20 06:49:08','2025-10-20 06:49:08',NULL),(24,7,48,3,'Eos fuga qui recusandae. Vitae distinctio voluptatem qui accusamus voluptas laborum. Ea quia est exercitationem et voluptatem iure temporibus.',1,'2025-10-20 06:49:08','2025-10-20 06:49:08',NULL),(25,7,85,4,'Est deserunt delectus eum voluptatibus laboriosam aut enim. Quidem facere ea autem aliquid et maxime. Velit dolores qui quia. Ducimus et magnam deleniti facilis.',1,'2025-10-20 06:49:08','2025-10-20 06:49:08',NULL),(26,7,94,4,'Quasi autem architecto doloribus perspiciatis a et in. Nihil fugiat aut labore.',1,'2025-10-20 06:49:08','2025-10-20 06:49:08',NULL),(27,7,98,2,'Veritatis laboriosam provident consequuntur id. Qui enim facere ratione nulla quaerat est. Dolorem quasi sed quam. Atque iure fugiat minima maiores reiciendis quis repellendus.',1,'2025-10-20 06:49:08','2025-10-20 06:49:08',NULL),(28,7,108,2,'Voluptatum rerum atque rerum a necessitatibus temporibus maiores occaecati. Similique suscipit et esse unde molestiae consequuntur rerum. Placeat molestias eaque tempore non est. Consequuntur et suscipit harum ipsum officiis est molestias.',1,'2025-10-20 06:49:08','2025-10-20 06:49:08',NULL),(29,8,29,4,'Consequuntur officia velit assumenda atque inventore neque est. Voluptate doloremque voluptas repudiandae quam. Provident et laboriosam eius ex molestiae inventore blanditiis recusandae. Labore ipsum qui ut laboriosam assumenda eius sint.',1,'2025-10-20 06:49:08','2025-10-20 06:49:08',NULL),(30,8,30,3,'Iste ut praesentium excepturi non aut occaecati voluptas. Nisi ipsum explicabo quos qui ad. Quidem debitis aut impedit quo autem dolorem et.',1,'2025-10-20 06:49:08','2025-10-20 06:49:08',NULL),(31,8,31,1,'Sint beatae consequatur quo et. Sunt quasi temporibus officia est. Qui nihil quo magnam nihil. Est aut possimus facere. Asperiores hic sequi quia facilis.',1,'2025-10-20 06:49:08','2025-10-20 06:49:08',NULL),(32,8,54,4,'Est vel veritatis et quo ut deleniti dolores. Perferendis veritatis sed magnam qui beatae. Est consequuntur eos qui aspernatur optio. Quo eum magni sed laudantium.',1,'2025-10-20 06:49:08','2025-10-20 06:49:08',NULL),(33,8,70,4,'Voluptatum quaerat voluptatem sed. Eos in non soluta dolores sed enim labore. Magni harum enim aperiam animi.',1,'2025-10-20 06:49:08','2025-10-20 06:49:08',NULL),(34,8,86,1,'Esse consequatur voluptatem omnis laborum aliquid. Totam quos repudiandae ut et optio dolor possimus. Vitae ut quaerat rerum. Corporis quia perferendis eum quod fuga rerum et quidem.',1,'2025-10-20 06:49:08','2025-10-20 06:49:08',NULL),(35,8,87,4,'Animi voluptatem et aut et placeat tenetur voluptas. Omnis minima commodi sit vitae. Voluptas perspiciatis mollitia aliquam commodi hic. Optio et consequuntur laudantium tempora.',1,'2025-10-20 06:49:08','2025-10-20 06:49:08',NULL),(36,8,96,1,'Eos quas neque eaque iste quidem dolorem repudiandae nulla. Placeat et velit quibusdam expedita. Laborum non dolorem omnis quia unde itaque natus consequatur.',1,'2025-10-20 06:49:08','2025-10-20 06:49:08',NULL),(37,8,115,3,'Error qui rerum necessitatibus eos sit rem. Enim culpa maxime repudiandae quo ea.',1,'2025-10-20 06:49:08','2025-10-20 06:49:08',NULL),(38,8,116,3,'Sed magnam commodi rerum molestiae voluptatem nihil. Tempore ipsum soluta atque unde ullam. Voluptatem aliquid dolore quae distinctio et. Asperiores pariatur mollitia voluptatibus fugiat laboriosam. Est quo quaerat similique.',1,'2025-10-20 06:49:08','2025-10-20 06:49:08',NULL),(39,9,62,4,'Culpa error ut voluptas facere. Quos dolor commodi optio sint repellendus quia.',1,'2025-10-20 06:49:08','2025-10-20 06:49:08',NULL),(40,9,70,4,'Laudantium quia itaque et eos. Occaecati asperiores magnam fugit. Qui dolore totam ut laborum. Exercitationem reprehenderit explicabo rerum sit molestias ut.',1,'2025-10-20 06:49:08','2025-10-20 06:49:08',NULL),(41,9,78,3,'Corrupti officia eos magnam aut architecto. Ratione et voluptatum dolores nisi aut odio ipsam. Quis consequatur nemo aut voluptatum. Natus rerum doloremque dolorem et.',1,'2025-10-20 06:49:08','2025-10-20 06:49:08',NULL),(42,9,106,4,'Ratione quia placeat qui eveniet libero aperiam. Ex sunt vel fuga illo ut numquam. Voluptates perspiciatis quibusdam unde perspiciatis porro.',1,'2025-10-20 06:49:08','2025-10-20 06:49:08',NULL),(43,12,23,2,'Numquam non aut animi id quo. Dolores sint ipsam aut voluptatem maxime nihil est minima. Qui dignissimos inventore alias non nobis aspernatur non fuga.',1,'2025-10-20 06:49:08','2025-10-20 06:49:08',NULL),(44,12,60,2,'Cumque repellat in reprehenderit ratione earum consequatur accusantium. Voluptas veniam eveniet molestiae illum quos provident. Blanditiis est nihil iure voluptatum corporis voluptatem.',1,'2025-10-20 06:49:08','2025-10-20 06:49:08',NULL),(45,12,88,5,'Voluptas eos eligendi dicta delectus. Ut iusto ut occaecati ducimus numquam ducimus dolorem. Rerum vero dolorem nulla voluptatibus ut quia. Maiores sunt assumenda quia eum labore possimus. Est itaque et officiis quasi ex veniam.',1,'2025-10-20 06:49:08','2025-10-20 06:49:08',NULL),(46,12,100,1,'Cupiditate quo rerum provident sint error velit. Adipisci consectetur quaerat sed natus non quia ea. Ad possimus totam quia numquam ex itaque beatae.',1,'2025-10-20 06:49:08','2025-10-20 06:49:08',NULL),(47,12,110,3,'Consequatur sint soluta harum. Ut et repellendus non aspernatur nisi ducimus occaecati dignissimos. Autem est velit repudiandae voluptas expedita dolores cupiditate. Dignissimos suscipit dicta itaque qui hic.',1,'2025-10-20 06:49:08','2025-10-20 06:49:08',NULL),(48,14,24,5,'Sed ab in eum veritatis repellendus consequatur tenetur. Assumenda neque inventore est. Perspiciatis alias quo est tempora nihil iste aut error. Nemo dolore dolores autem expedita suscipit incidunt. Dignissimos sunt doloremque dolorum libero.',1,'2025-10-20 06:49:08','2025-10-20 06:49:08',NULL),(49,14,26,1,'Odit asperiores doloribus nihil laborum. Sint nesciunt sit cum ducimus quod enim.',1,'2025-10-20 06:49:08','2025-10-20 06:49:08',NULL),(50,14,40,4,'Quidem maiores earum eum qui. Aut pariatur dolores corrupti. Repellat qui nobis sapiente occaecati est animi. Alias hic quaerat dolor quam exercitationem.',1,'2025-10-20 06:49:08','2025-10-20 06:49:08',NULL),(51,14,43,2,'Voluptatum non nihil asperiores iste quidem reiciendis. Eius distinctio temporibus minima dolorem sed consectetur. Quis voluptatum sed alias est veritatis est perferendis quaerat.',1,'2025-10-20 06:49:08','2025-10-20 06:49:08',NULL),(52,14,108,4,'Natus tenetur ut occaecati repellat sit. Officia ut quia repellat consequuntur autem molestiae omnis delectus. Quia ut voluptatem sit impedit impedit dolorem.',1,'2025-10-20 06:49:08','2025-10-20 06:49:08',NULL),(53,14,115,4,'Qui explicabo dolor incidunt velit rerum qui a. Culpa incidunt error placeat maxime numquam sequi inventore sunt. Id quo neque culpa quia animi.',1,'2025-10-20 06:49:08','2025-10-20 06:49:08',NULL),(54,14,116,3,'Et exercitationem doloremque ipsum ut. Labore eius voluptatem dignissimos aut cumque qui deserunt. Consequuntur et et dolorem alias repellat non. Impedit aut quis quae vitae neque dolorum eum.',1,'2025-10-20 06:49:08','2025-10-20 06:49:08',NULL),(55,17,22,4,'Facilis odit voluptas dignissimos ab. Nesciunt doloribus alias recusandae aut veniam. Ducimus velit quo quisquam minus nobis esse.',1,'2025-10-20 06:49:08','2025-10-20 06:49:08',NULL),(56,17,34,3,'Vero consequatur quo quasi doloremque ad eius ex. Sequi dolorem quam voluptates alias. Voluptatem omnis quod laudantium sed fugit explicabo totam. Sit ut officia velit.',1,'2025-10-20 06:49:08','2025-10-20 06:49:08',NULL),(57,17,43,4,'Deleniti qui minus accusamus alias dolor nisi cum. Cupiditate hic ex quisquam ab. Reiciendis ea qui voluptas quisquam. Molestiae est et occaecati consequuntur consectetur.',1,'2025-10-20 06:49:08','2025-10-20 06:49:08',NULL),(58,17,60,1,'Alias eius sapiente corrupti totam quas. Et architecto non dolor. Sint fuga similique voluptatem.',1,'2025-10-20 06:49:08','2025-10-20 06:49:08',NULL),(59,17,117,5,'Eum nostrum qui repellendus est. Ad rerum et dolor. Odit labore eligendi itaque quasi et maxime. Est et nihil voluptatem necessitatibus repudiandae velit. Quia omnis sapiente quisquam quia et.',1,'2025-10-20 06:49:08','2025-10-20 06:49:08',NULL),(60,19,32,5,'Placeat soluta ad ut ut non inventore temporibus. Quisquam impedit officia placeat quaerat voluptatum sit iste. Ut exercitationem a perspiciatis vitae id cupiditate. Vel cumque nihil voluptas cupiditate consequuntur.',1,'2025-10-20 06:49:08','2025-10-20 06:49:08',NULL),(61,19,48,4,'Veniam eum cupiditate distinctio doloremque illo. Nisi et nam sunt quod.',1,'2025-10-20 06:49:08','2025-10-20 06:49:08',NULL),(62,19,49,4,'Asperiores alias doloremque aut veritatis omnis. Animi sunt numquam voluptatem vel aut. Soluta aspernatur aut et eos quaerat tempora eius. Praesentium ea veniam nihil libero voluptas facilis eos.',1,'2025-10-20 06:49:08','2025-10-20 06:49:08',NULL),(63,19,50,1,'Possimus a sit ab. Maiores dolor doloremque consequatur consequatur dolorum culpa.',1,'2025-10-20 06:49:08','2025-10-20 06:49:08',NULL),(64,19,93,1,'Natus vel exercitationem qui quaerat. Consequatur quo ducimus excepturi quia nostrum. Iure ullam pariatur minus officia recusandae culpa dolor autem.',1,'2025-10-20 06:49:08','2025-10-20 06:49:08',NULL),(65,19,94,2,'Repellendus a quos quasi sapiente aperiam. Inventore eos laborum modi laborum totam quidem. Non ipsam dicta et ad. Autem dolor at sapiente aut est.',1,'2025-10-20 06:49:08','2025-10-20 06:49:08',NULL),(66,19,95,2,'Quibusdam at quaerat aspernatur in. Delectus dolorum velit beatae inventore facere impedit. Soluta fugiat sequi sunt. Itaque ullam veniam harum reprehenderit ea similique deleniti expedita.',1,'2025-10-20 06:49:08','2025-10-20 06:49:08',NULL),(67,19,107,2,'Voluptatem praesentium excepturi cumque fugiat inventore. Quasi unde adipisci atque sit veniam atque qui. Minima iste dignissimos eaque impedit quia excepturi.',1,'2025-10-20 06:49:08','2025-10-20 06:49:08',NULL),(68,19,113,5,'Earum voluptatem quae nam dicta sequi molestias ipsa ratione. Unde voluptates autem eligendi adipisci. Rerum quo omnis animi sit excepturi.',1,'2025-10-20 06:49:08','2025-10-20 06:49:08',NULL),(69,20,27,1,'Vitae voluptas sint doloribus autem recusandae architecto sunt. Earum non in quos necessitatibus quos. In magnam cum at sit dicta in. Iste cum quis est voluptatem quo.',1,'2025-10-20 06:49:08','2025-10-20 06:49:08',NULL),(70,20,35,5,'Deleniti laborum nam mollitia tenetur eveniet natus. Nihil soluta doloribus debitis non. Quo sed totam ipsum. Reprehenderit ut maxime ab expedita.',1,'2025-10-20 06:49:08','2025-10-20 06:49:08',NULL),(71,20,38,4,'Consequatur delectus enim eligendi enim enim voluptas. Rem facere magnam quo. Omnis et numquam sequi.',1,'2025-10-20 06:49:08','2025-10-20 06:49:08',NULL),(72,20,45,3,'Et consequatur quae ratione ea. Numquam aliquid rem enim sequi ab consequatur. Rerum molestias eaque reiciendis deleniti corporis sit.',1,'2025-10-20 06:49:08','2025-10-20 06:49:08',NULL),(73,20,56,5,'Officiis id nostrum explicabo molestiae adipisci. Ut possimus est beatae voluptatibus fugiat numquam. Quo voluptas et architecto earum.',1,'2025-10-20 06:49:08','2025-10-20 06:49:08',NULL),(74,20,81,1,'Pariatur assumenda nemo magni sint libero minus autem mollitia. Non aut magnam provident vel ut reprehenderit.',1,'2025-10-20 06:49:08','2025-10-20 06:49:08',NULL),(75,20,90,5,'Et maxime numquam et tempora facilis quia suscipit. Sequi consequuntur et nobis esse et nemo qui. Et alias est et. Et excepturi velit est commodi.',1,'2025-10-20 06:49:08','2025-10-20 06:49:08',NULL),(76,20,99,2,'Vel minus officiis sed numquam. Ut ea hic harum quisquam voluptatem sit alias. A magni quos quia sunt sed atque non hic. Aut ut et ratione aut error porro rerum.',1,'2025-10-20 06:49:08','2025-10-20 06:49:08',NULL),(77,20,104,5,'Assumenda officiis distinctio optio assumenda ut. Sunt accusamus qui dolorem libero ipsam dolorum. Dolores libero aperiam nihil ut velit quia id.',1,'2025-10-20 06:49:08','2025-10-20 06:49:08',NULL),(78,20,116,2,'Qui velit quia et nam aut consequuntur. Culpa enim architecto architecto repudiandae. Saepe beatae accusamus autem qui ut autem. Eum incidunt aperiam facilis sunt magnam dolor maxime corrupti. Vel saepe officia eos.',1,'2025-10-20 06:49:08','2025-10-20 06:49:08',NULL),(79,22,33,5,'Tempora dolor dolore excepturi facere. In placeat repellat praesentium molestiae molestiae magni.',1,'2025-10-20 06:49:08','2025-10-20 06:49:08',NULL),(80,29,34,5,'Voluptas numquam voluptatem odit veniam dolorem beatae. Vero autem repudiandae non dolores ex quidem. Vel voluptas ab quam quos beatae. Quas in quo facere enim iste magni similique.',1,'2025-10-20 06:49:08','2025-10-20 06:49:08',NULL),(81,32,44,3,'Soluta facere eligendi voluptatem ea eos. Minus blanditiis velit quae adipisci sunt commodi tenetur.',1,'2025-10-20 06:49:08','2025-10-20 06:49:08',NULL),(82,32,51,5,'Est ut enim et possimus corrupti sit error ipsum. Quo minus illo et aspernatur et atque. Eum enim quaerat sit in velit dolorum.',1,'2025-10-20 06:49:08','2025-10-20 06:49:08',NULL),(83,32,89,3,'Suscipit incidunt est et asperiores aliquid nisi non aperiam. Earum ut reiciendis et aliquam earum. Eum delectus voluptatem suscipit debitis animi odit quos aut. Enim consequatur modi laboriosam tenetur ea sed est dignissimos.',1,'2025-10-20 06:49:08','2025-10-20 06:49:08',NULL),(84,32,94,2,'Quo aut ipsam voluptates quia sint molestiae est. Beatae rerum quisquam fugiat. Vero aperiam culpa eos.',1,'2025-10-20 06:49:08','2025-10-20 06:49:08',NULL),(85,32,116,1,'Ipsum voluptatibus ducimus provident aperiam est eaque quis labore. Nam ipsum qui fugiat blanditiis velit.',1,'2025-10-20 06:49:08','2025-10-20 06:49:08',NULL),(86,35,30,5,'Ut consectetur adipisci debitis temporibus. Illum corporis dolorum est deserunt. Eum impedit autem at corporis fuga perspiciatis recusandae quis.',1,'2025-10-20 06:49:08','2025-10-20 06:49:08',NULL),(87,35,53,4,'Et beatae ea excepturi dolor ut. Voluptatem quisquam sunt placeat. Soluta nulla impedit sit voluptatum eaque consequuntur. Iste reprehenderit molestiae rem culpa.',1,'2025-10-20 06:49:08','2025-10-20 06:49:08',NULL),(88,35,67,3,'Minus dolor officia exercitationem officia in. Reprehenderit deserunt cumque quibusdam velit natus cum temporibus. Eos fuga non quas illum nemo iste. Iste illo ratione veniam ea ut.',1,'2025-10-20 06:49:08','2025-10-20 06:49:08',NULL),(89,35,69,4,'Blanditiis neque ea dolores consequatur dolorum. Quia qui corrupti nesciunt quae consequatur. Quia repudiandae et ut. Repellat consequatur sunt quisquam aspernatur nulla illo eum excepturi.',1,'2025-10-20 06:49:08','2025-10-20 06:49:08',NULL),(90,35,82,4,'Voluptatem tempora est est aut quia aut. Error fuga eius omnis sed error. Possimus in libero quibusdam culpa officiis. Voluptatem ad quam perspiciatis quod.',1,'2025-10-20 06:49:08','2025-10-20 06:49:08',NULL),(91,35,96,1,'Qui quasi inventore non et eaque vel numquam. Omnis aut architecto dolores praesentium. Sit magnam non temporibus maxime enim temporibus dolores. Neque animi et voluptatem quis ex qui dolor.',1,'2025-10-20 06:49:08','2025-10-20 06:49:08',NULL),(92,35,106,4,'Sit nisi aut eum beatae aliquam. Facere voluptatem quo quia rerum sed qui libero qui. Provident ea excepturi non doloribus sapiente aut. Vitae reprehenderit nihil quam occaecati vel.',1,'2025-10-20 06:49:08','2025-10-20 06:49:08',NULL),(93,35,115,5,'Porro quo esse eius excepturi repellat. At ab ea vero quibusdam voluptate ea. Ducimus velit sed odio commodi fugiat nulla. Voluptatem temporibus ut recusandae esse vel modi modi.',1,'2025-10-20 06:49:08','2025-10-20 06:49:08',NULL),(94,35,119,4,'Magni eveniet eum et maiores ut quo iste. Omnis non et dicta omnis accusamus deleniti culpa. Sunt error voluptatem et voluptatum ea perspiciatis nobis. Quod nam consequuntur quaerat placeat doloribus.',1,'2025-10-20 06:49:08','2025-10-20 06:49:08',NULL),(95,38,83,5,'Dignissimos id eligendi exercitationem autem. Nihil est aut officiis est quod beatae dolorem. Temporibus quia consequatur et doloremque adipisci molestias rerum.',1,'2025-10-20 06:49:08','2025-10-20 06:49:08',NULL),(96,39,32,5,'Doloremque in sunt et cupiditate. Sed qui perspiciatis occaecati quis. Odio maiores molestias hic voluptatem et neque consequatur. Quisquam non aspernatur ratione.',1,'2025-10-20 06:49:08','2025-10-20 06:49:08',NULL),(97,39,59,2,'Eum dolores officia iusto sint architecto. Velit rem libero molestias et aspernatur minus. Facilis id maxime reprehenderit et est id. Et ullam enim accusamus cumque nesciunt qui. Qui deserunt et nisi enim.',1,'2025-10-20 06:49:08','2025-10-20 06:49:08',NULL),(98,39,67,3,'Necessitatibus vel ut est dolorum et mollitia. Eius voluptate ea atque et quo. Voluptatem non voluptatem quo rem.',1,'2025-10-20 06:49:08','2025-10-20 06:49:08',NULL),(99,39,71,4,'Aut quia natus et ut voluptatem. Nesciunt rem sunt facere expedita assumenda eos beatae ut.',1,'2025-10-20 06:49:08','2025-10-20 06:49:08',NULL),(100,39,84,1,'Sequi aut voluptatem consequatur alias tempora enim. Recusandae voluptatem qui quo at nam aut aut quasi. Qui id exercitationem ut ea non aperiam natus quis. Ut rerum eius amet officiis ipsa deserunt.',1,'2025-10-20 06:49:09','2025-10-20 06:49:09',NULL),(101,39,100,1,'Necessitatibus vero reiciendis vitae. Voluptatum ipsum fuga rerum reprehenderit ad veritatis. Unde perferendis sed nobis minus fuga. Quia hic maxime modi amet.',1,'2025-10-20 06:49:09','2025-10-20 06:49:09',NULL),(102,42,29,5,'Sint voluptates consequatur velit quo atque possimus et nostrum. Eum quo aliquam nisi id. Earum saepe quis provident vero dolorem. Quaerat tenetur eaque est quia.',1,'2025-10-20 06:49:09','2025-10-20 06:49:09',NULL),(103,42,48,3,'Pariatur ducimus voluptatum aliquam repudiandae doloremque. Fugiat quidem eius labore error sequi. Eligendi temporibus dolorem voluptatum numquam laboriosam. Est qui officiis recusandae unde unde et ut eligendi. Expedita ex nihil placeat omnis est.',1,'2025-10-20 06:49:09','2025-10-20 06:49:09',NULL),(104,42,61,2,'Iure praesentium ut error tenetur recusandae et. Ratione in fugit fugit nemo nisi id iure. Quidem quia libero quis nemo.',1,'2025-10-20 06:49:09','2025-10-20 06:49:09',NULL),(105,42,63,1,'Quia sint vel voluptas excepturi autem. Atque sequi aliquam non consequatur nihil. Enim incidunt et error sed sed ducimus voluptates expedita. Praesentium aperiam odit dignissimos et.',1,'2025-10-20 06:49:09','2025-10-20 06:49:09',NULL),(106,42,69,4,'Vel dolor reprehenderit architecto et fuga voluptatem voluptas. Quis voluptate accusamus nam voluptas commodi tenetur.',1,'2025-10-20 06:49:09','2025-10-20 06:49:09',NULL),(107,42,80,3,'Et voluptas doloribus sunt. Ratione et quod exercitationem fuga reiciendis quia eaque. Doloremque quisquam nihil et qui.',1,'2025-10-20 06:49:09','2025-10-20 06:49:09',NULL),(108,42,83,5,'Corporis et est a dolores officiis a. Quam quia aut eum dolores praesentium repellat saepe rerum. Doloribus voluptas qui optio ut at quo magni. Vero dolorum ex consequatur doloribus sunt.',1,'2025-10-20 06:49:09','2025-10-20 06:49:09',NULL),(109,42,84,1,'Ad et laudantium culpa et quis nihil velit. Doloremque natus ipsam pariatur consequatur et ad qui sit. Natus voluptas voluptate similique.',1,'2025-10-20 06:49:09','2025-10-20 06:49:09',NULL),(110,42,97,5,'Impedit sequi et est ut. Sed non debitis ipsam nisi iure vitae. Deserunt pariatur sint quo cumque sed vel mollitia. Soluta consequuntur non nisi quas corporis quia molestiae eos.',1,'2025-10-20 06:49:09','2025-10-20 06:49:09',NULL),(111,42,99,4,'Earum accusantium id repellendus deserunt qui provident quo. Repellat est hic quo. Ut quia aliquid ipsa deleniti fuga accusantium.',1,'2025-10-20 06:49:09','2025-10-20 06:49:09',NULL),(112,43,24,1,'Voluptas quos quis sed tempore ut esse ea. Est architecto amet excepturi. Molestiae provident et laborum in illo. Qui quaerat sed tempora quae debitis ipsum est quo.',1,'2025-10-20 06:49:09','2025-10-20 06:49:09',NULL),(113,43,30,2,'Consequatur architecto illo consequatur dolores. Aut ipsam quae distinctio. Nihil ducimus mollitia dicta non. Quos libero atque est repellat sed dolores.',1,'2025-10-20 06:49:09','2025-10-20 06:49:09',NULL),(114,43,35,5,'Rerum dolorum commodi et nobis fuga deleniti asperiores. Cupiditate est sint hic pariatur hic et. Consequuntur cupiditate itaque quia exercitationem suscipit perspiciatis molestiae. Sunt dolores esse itaque ratione fugit voluptatibus et. Aut et repellendus et deleniti veniam accusantium.',1,'2025-10-20 06:49:09','2025-10-20 06:49:09',NULL),(115,43,39,2,'Eveniet molestiae nulla dicta. Tenetur dolor asperiores quasi libero. Est libero quod corporis ratione deserunt in qui. Culpa et atque quis fugit consequatur et natus aut. Dolore quam autem optio corrupti mollitia temporibus.',1,'2025-10-20 06:49:09','2025-10-20 06:49:09',NULL),(116,43,41,2,'Velit autem odio harum officiis perspiciatis in. Aut sit molestias neque doloremque. Aperiam sunt dignissimos autem consectetur non quo numquam veniam. Laboriosam nihil quod eos totam quas. Quae laborum similique ea autem.',1,'2025-10-20 06:49:09','2025-10-20 06:49:09',NULL),(117,43,43,3,'Voluptatum quia ea consequuntur est inventore. Nobis rem deserunt non tempora. Maxime hic eos ullam fugiat modi doloremque quae. Debitis alias praesentium itaque aut sit.',1,'2025-10-20 06:49:09','2025-10-20 06:49:09',NULL),(118,43,50,2,'Et quasi adipisci voluptatem laudantium nemo. Velit ut sint iste veritatis sunt aut. Voluptate qui sit quas quaerat sit hic.',1,'2025-10-20 06:49:09','2025-10-20 06:49:09',NULL),(119,43,59,1,'At autem vel magni tenetur nostrum saepe ab eum. Est veritatis repellendus officiis consequatur ipsam ut molestiae. Velit quo id est enim ratione laudantium alias.',1,'2025-10-20 06:49:09','2025-10-20 06:49:09',NULL),(120,43,92,4,'Est vitae sint numquam ab perspiciatis id ut. Voluptatem molestias repellat et. Voluptatibus ea laboriosam voluptatem hic.',1,'2025-10-20 06:49:09','2025-10-20 06:49:09',NULL),(121,43,101,2,'Omnis ut totam temporibus ea nobis. Velit magnam laboriosam odit aut in quia debitis sed. Consequatur veritatis et ut sed quibusdam totam fugit minus.',1,'2025-10-20 06:49:09','2025-10-20 06:49:09',NULL),(122,44,45,4,'Sed impedit quisquam sequi ducimus. Consequatur dignissimos sunt id architecto. Minus exercitationem qui repellat accusamus ad. Assumenda adipisci sed consequatur.',1,'2025-10-20 06:49:09','2025-10-20 06:49:09',NULL),(123,44,46,1,'Accusantium illo quaerat maxime expedita rem vel. Voluptatum et ut et deserunt accusamus corrupti et.',1,'2025-10-20 06:49:09','2025-10-20 06:49:09',NULL),(124,44,47,4,'Ut vero aut velit. Et excepturi totam cum sint ea dolorem. Deserunt possimus alias et quia officia ea.',1,'2025-10-20 06:49:09','2025-10-20 06:49:09',NULL),(125,44,55,3,'Atque quo sint et corporis nisi aperiam ducimus quia. Sunt omnis temporibus culpa et odio. Ea sed qui dolor illo.',1,'2025-10-20 06:49:09','2025-10-20 06:49:09',NULL),(126,44,58,4,'Unde corrupti libero animi asperiores. Repellendus hic et qui sint nesciunt cum. Quia id accusantium dolore alias est.',1,'2025-10-20 06:49:09','2025-10-20 06:49:09',NULL),(127,44,64,5,'Aperiam ut aut a nisi. Est quia iure totam a suscipit excepturi dolorem. Consequatur modi sint id consequatur nemo.',1,'2025-10-20 06:49:09','2025-10-20 06:49:09',NULL),(128,44,77,1,'Eveniet ducimus sint quasi quos. Enim impedit nostrum dolorem velit. Aut qui amet aspernatur aut. Rerum sed quo earum iste iste neque.',1,'2025-10-20 06:49:09','2025-10-20 06:49:09',NULL),(129,44,96,1,'Magni hic nulla adipisci voluptatum iste eos. Perferendis perspiciatis officiis magnam sed cupiditate numquam vel. Corrupti omnis id quos sint recusandae recusandae ratione nulla. Aut sed eveniet sed molestias adipisci.',1,'2025-10-20 06:49:09','2025-10-20 06:49:09',NULL),(130,44,97,4,'Quos quia vero adipisci nihil. Necessitatibus doloremque voluptatem ut fugiat repudiandae perspiciatis provident. Sit consequuntur quas dolorum iusto quo.',1,'2025-10-20 06:49:09','2025-10-20 06:49:09',NULL),(131,45,24,2,'Eligendi ipsa corrupti nobis ipsum eveniet. Totam velit maiores voluptatem explicabo reiciendis distinctio provident veritatis. Et ad aut enim. Dolor rem ea omnis similique culpa incidunt quae at.',1,'2025-10-20 06:49:09','2025-10-20 06:49:09',NULL),(132,45,41,3,'Cumque consequatur ab inventore et aspernatur temporibus minus. Est molestias autem dolorum et aliquid. Quam laboriosam est voluptate.',1,'2025-10-20 06:49:09','2025-10-20 06:49:09',NULL),(133,45,80,5,'Ad inventore voluptatem ut debitis qui quidem. Aut deserunt quisquam maxime alias. Itaque labore vel quam molestias in sed. Aut qui aut exercitationem blanditiis id.',1,'2025-10-20 06:49:09','2025-10-20 06:49:09',NULL),(134,45,99,2,'Provident incidunt repellat totam id maxime quia corporis perferendis. Omnis expedita ut deserunt reiciendis tempore ut. Pariatur ratione qui fugiat sapiente dolor neque suscipit. Ipsa velit voluptatem ullam optio voluptatibus debitis numquam dicta. Distinctio libero et eos velit.',1,'2025-10-20 06:49:09','2025-10-20 06:49:09',NULL),(135,46,35,4,'Nobis autem ab placeat labore. Dolore blanditiis quo voluptatibus dolor voluptatem autem. Repudiandae vero facere soluta sit. Nihil fugit vel voluptas similique molestiae omnis rerum. Architecto sit ea qui corporis reprehenderit ducimus dicta.',1,'2025-10-20 06:49:09','2025-10-20 06:49:09',NULL),(136,46,53,2,'Quia impedit accusantium exercitationem ab. Magni incidunt eveniet cupiditate incidunt. Ex ab similique nisi.',1,'2025-10-20 06:49:09','2025-10-20 06:49:09',NULL),(137,46,62,5,'Aut minus minus eum omnis sit. Sapiente rerum minima quidem incidunt rerum enim. Beatae optio sunt officiis atque atque ad dolorem. Mollitia velit vitae quam et quia rerum.',1,'2025-10-20 06:49:09','2025-10-20 06:49:09',NULL),(138,47,25,4,'Praesentium in ut enim magni quam molestiae reprehenderit. Temporibus debitis sint quidem itaque. Consequatur voluptas saepe deleniti eum. Suscipit est quo sed rem quo.',1,'2025-10-20 06:49:09','2025-10-20 06:49:09',NULL),(139,47,36,3,'Cumque id enim et et enim distinctio ipsum. Ut earum aut sint. Assumenda blanditiis dolorem molestiae reprehenderit adipisci voluptatem error. Consequatur et praesentium aperiam et deserunt non numquam. Tempora eveniet sint reprehenderit vel sint.',1,'2025-10-20 06:49:09','2025-10-20 06:49:09',NULL),(140,47,38,2,'Voluptas culpa fuga inventore et et. Qui esse numquam delectus reiciendis est provident. Quod rem tempore et repellat sit. Dolorem qui aut fuga qui a.',1,'2025-10-20 06:49:09','2025-10-20 06:49:09',NULL),(141,47,45,2,'Fuga ipsum labore error esse iste aut. Id ipsum quasi molestias laudantium itaque saepe. Expedita animi sunt eum enim. Amet fugiat odio culpa aliquam quas rerum.',1,'2025-10-20 06:49:09','2025-10-20 06:49:09',NULL),(142,47,61,4,'Dolorem delectus quae sed repellendus. Corrupti impedit consectetur reprehenderit facilis vitae commodi. Qui laudantium voluptatem quo voluptatibus nostrum architecto blanditiis.',1,'2025-10-20 06:49:09','2025-10-20 06:49:09',NULL),(143,47,87,1,'Dolor aut et commodi ipsum. Nulla esse aliquam vitae rem est est alias. Quos voluptate eum eius hic quidem.',1,'2025-10-20 06:49:09','2025-10-20 06:49:09',NULL),(144,47,95,4,'Eligendi ipsa laborum voluptatem consequatur ut voluptatem ut. Culpa maxime rerum expedita et ut minus. Quia reprehenderit ut quia consequatur in. Aut id aperiam quia sint. Est dolores molestias quam et magnam consectetur voluptatem.',1,'2025-10-20 06:49:09','2025-10-20 06:49:09',NULL),(145,47,108,3,'Provident consequuntur sint quisquam vel praesentium deleniti. Accusamus sit est numquam. Autem dolores quas nostrum ea reprehenderit error.',1,'2025-10-20 06:49:09','2025-10-20 06:49:09',NULL),(146,47,111,2,'Autem laboriosam impedit qui adipisci unde sit nesciunt. Sunt beatae quia in et. Modi totam consequatur qui ut voluptate natus voluptatem molestias. Commodi amet provident enim eos adipisci.',1,'2025-10-20 06:49:09','2025-10-20 06:49:09',NULL),(147,52,64,4,'Earum officia sit similique quia beatae est omnis beatae. Possimus autem deserunt placeat amet. Ipsum quos debitis laborum ut. Pariatur repellendus laborum quam et.',1,'2025-10-20 06:49:09','2025-10-20 06:49:09',NULL),(148,52,89,4,'Culpa quo omnis est. Beatae illum occaecati nesciunt aut laborum necessitatibus. Eligendi eligendi assumenda ut reiciendis.',1,'2025-10-20 06:49:09','2025-10-20 06:49:09',NULL),(149,52,90,2,'Repudiandae est quam qui esse et. Sed nobis officia quia optio dolorem quas quis. Voluptas quos dolores reiciendis consequatur debitis.',1,'2025-10-20 06:49:09','2025-10-20 06:49:09',NULL),(150,54,36,2,'Repellat eum quia aut voluptatem vero illum. Recusandae vitae perspiciatis harum minus officia. Dolor et dolor placeat delectus. Aut necessitatibus nemo placeat dolores. Quos sit delectus illo alias consequatur minima cupiditate.',1,'2025-10-20 06:49:09','2025-10-20 06:49:09',NULL),(151,54,39,3,'Explicabo porro magnam quae quidem ipsum qui voluptatem. Quisquam rerum placeat consectetur consequatur delectus odit. Dolor consectetur dicta delectus non.',1,'2025-10-20 06:49:09','2025-10-20 06:49:09',NULL),(152,54,47,3,'Impedit natus et mollitia ipsam dignissimos autem. Sed repellat animi tempora exercitationem et delectus et. Molestiae corporis sit expedita nisi deleniti veritatis.',1,'2025-10-20 06:49:09','2025-10-20 06:49:09',NULL),(153,54,54,1,'Quia vel eveniet sunt molestiae architecto maiores. Fugit omnis minus quis fugit a. Dolores qui ut ipsa cumque provident. Hic ratione id nihil delectus et. Voluptatibus ut quo laboriosam culpa voluptas blanditiis dolor.',1,'2025-10-20 06:49:09','2025-10-20 06:49:09',NULL),(154,54,55,5,'Officiis aut est asperiores maxime. Omnis molestiae sint et consectetur. Nobis laborum itaque quia. Corporis aperiam est nesciunt quidem consequatur consequatur.',1,'2025-10-20 06:49:09','2025-10-20 06:49:09',NULL),(155,54,65,5,'Vero qui tempora et nemo. Rerum aperiam quo reprehenderit dignissimos itaque. Et libero dignissimos cumque ut.',1,'2025-10-20 06:49:09','2025-10-20 06:49:09',NULL),(156,54,84,1,'Dicta magni voluptatem reprehenderit quia velit. Nihil consequuntur autem dicta quia. Aut facilis sunt similique labore.',1,'2025-10-20 06:49:09','2025-10-20 06:49:09',NULL),(157,54,111,1,'Voluptatibus quas quisquam ut voluptate rem nulla cupiditate. Facilis voluptates optio dolore fugiat qui. Labore voluptas quia cumque. Tempora non reiciendis et non alias voluptatum.',1,'2025-10-20 06:49:09','2025-10-20 06:49:09',NULL),(158,55,32,2,'Minus consequatur accusantium quaerat necessitatibus. Rem labore qui doloribus non et. Aut ad numquam eligendi ea ducimus.',1,'2025-10-20 06:49:09','2025-10-20 06:49:09',NULL),(159,55,50,4,'Maxime earum iure reiciendis est laboriosam inventore. Incidunt enim vel itaque repellendus consequatur quibusdam dolor vero.',1,'2025-10-20 06:49:09','2025-10-20 06:49:09',NULL),(160,55,57,4,'Saepe nihil ut soluta quidem. Id laudantium ipsam consectetur illo. Impedit voluptatem qui alias quia reiciendis.',1,'2025-10-20 06:49:09','2025-10-20 06:49:09',NULL),(161,55,64,5,'Non enim quis architecto deserunt et nostrum quibusdam. Accusamus temporibus eligendi quia laborum qui. Ut eum laboriosam saepe qui aut fugiat.',1,'2025-10-20 06:49:09','2025-10-20 06:49:09',NULL),(162,55,70,3,'Consequatur dicta debitis accusantium perspiciatis magnam dolor. Consequatur ratione nobis et rerum quo dolor et consequatur. Deleniti repudiandae nam tempora aliquam voluptatum voluptas.',1,'2025-10-20 06:49:09','2025-10-20 06:49:09',NULL),(163,55,97,4,'Error eligendi iste at placeat pariatur molestiae ducimus. Necessitatibus culpa velit nemo facilis harum. Aspernatur doloribus harum culpa sunt. Consequuntur voluptas itaque neque distinctio est.',1,'2025-10-20 06:49:09','2025-10-20 06:49:09',NULL),(164,55,103,3,'Placeat ea est ea non nesciunt qui incidunt. Tenetur doloremque dolores ex et voluptatem laboriosam velit. Occaecati eos corporis rerum eaque eveniet explicabo maiores. Pariatur tempore atque quia porro.',1,'2025-10-20 06:49:09','2025-10-20 06:49:09',NULL),(165,55,105,5,'Esse aut et ipsa sint rem quis incidunt. Qui aut voluptatum aut voluptas aliquid praesentium. Accusamus ipsum blanditiis recusandae iure. Quam atque vitae et exercitationem.',1,'2025-10-20 06:49:09','2025-10-20 06:49:09',NULL),(166,57,80,2,'Ullam saepe totam iure sed quis aut. Ut cupiditate voluptatem voluptate nesciunt error. Eveniet illo consequatur recusandae nihil dolorem quaerat voluptas.',1,'2025-10-20 06:49:09','2025-10-20 06:49:09',NULL),(167,58,89,5,'Possimus laborum et qui ullam quam molestiae. Distinctio quidem deleniti vitae autem id autem. Fuga veritatis totam rerum ipsum illo.',1,'2025-10-20 06:49:09','2025-10-20 06:49:09',NULL),(168,61,51,3,'Eos necessitatibus est libero est autem. Officia officia et aut. Quo ut et exercitationem rerum occaecati tempora et. Nihil error delectus quia a.',1,'2025-10-20 06:49:09','2025-10-20 06:49:09',NULL),(169,63,44,2,'Perferendis eveniet et inventore non sit qui nam. Maxime dignissimos ut neque repudiandae nam. Et rerum aut est dolores quos provident. Consequatur dicta sequi id et veritatis accusantium fugiat.',1,'2025-10-20 06:49:09','2025-10-20 06:49:09',NULL),(170,63,58,3,'Iure explicabo aliquid et recusandae. Et earum molestiae voluptatem perferendis deserunt eaque. Repudiandae voluptatem id odit praesentium. Eligendi distinctio non voluptas amet est velit.',1,'2025-10-20 06:49:09','2025-10-20 06:49:09',NULL),(171,63,113,4,'Quo voluptates expedita eos quisquam. Repellat mollitia esse est et aut voluptatum. Soluta qui provident totam delectus quia quam rerum qui. Eligendi cupiditate voluptatem sunt id sed assumenda quia.',1,'2025-10-20 06:49:09','2025-10-20 06:49:09',NULL),(172,63,115,4,'Aut placeat voluptas necessitatibus deserunt. Harum fuga excepturi perferendis. Vel officia asperiores impedit cumque. Minima facere amet qui ex.',1,'2025-10-20 06:49:09','2025-10-20 06:49:09',NULL),(173,64,23,2,'Illo qui possimus ut deserunt qui. Quia consequatur explicabo fugiat doloremque quo vel. Tenetur rerum in exercitationem sed quasi aspernatur sint non. Doloremque ad aut beatae id labore necessitatibus eaque. Necessitatibus dolorem laboriosam modi vitae asperiores quaerat et.',1,'2025-10-20 06:49:09','2025-10-20 06:49:09',NULL),(174,64,33,5,'Voluptatem itaque facilis dicta repellat totam eum. Corrupti quasi et eaque incidunt et ducimus tempore. Ducimus est vitae iste soluta rerum aliquam corporis.',1,'2025-10-20 06:49:09','2025-10-20 06:49:09',NULL),(175,64,35,4,'Aut excepturi accusamus nobis quis. Et aut dolorem ex laboriosam fugit. Voluptas qui odio voluptatem et quasi. Hic corrupti optio perferendis tenetur earum non.',1,'2025-10-20 06:49:09','2025-10-20 06:49:09',NULL),(176,64,39,3,'Consectetur eum praesentium sunt vero quia asperiores. Molestiae voluptatem cumque aspernatur nam numquam nihil vel aut. In aut non hic. Dolore sit ut officiis repellendus error veritatis. Est omnis sit aspernatur modi nostrum.',1,'2025-10-20 06:49:09','2025-10-20 06:49:09',NULL),(177,64,45,5,'Non iusto in sunt sint culpa repellat animi. Sint est sunt iusto libero cum hic reprehenderit. Sed ducimus illo aut aut.',1,'2025-10-20 06:49:09','2025-10-20 06:49:09',NULL),(178,64,61,4,'Nisi ut in eum quia. Totam dignissimos nulla vitae itaque tempore. Ipsa sunt similique est ut quae.',1,'2025-10-20 06:49:09','2025-10-20 06:49:09',NULL),(179,64,66,2,'Ut cum praesentium voluptatem nostrum molestiae modi. Illum et et vero ullam minus qui unde. Quibusdam beatae qui pariatur amet.',1,'2025-10-20 06:49:09','2025-10-20 06:49:09',NULL),(180,64,96,1,'Et et architecto nesciunt molestiae impedit ratione. Laborum sit autem expedita omnis. Id quia accusamus et.',1,'2025-10-20 06:49:09','2025-10-20 06:49:09',NULL),(181,64,115,1,'Sunt harum vitae aut ab. Et quia ea voluptatem aliquid magni dolor. Possimus praesentium dolorem pariatur fugit. Nulla nulla aliquid corporis iste.',1,'2025-10-20 06:49:09','2025-10-20 06:49:09',NULL),(182,64,117,3,'Quidem suscipit beatae maxime. Sit vel ut eos nihil autem natus. Illo et minima qui autem iste vel quia voluptates. Dicta earum et et.',1,'2025-10-20 06:49:09','2025-10-20 06:49:09',NULL),(183,65,45,5,'Quas repudiandae quod veniam aspernatur commodi. Ut nulla sit qui eos ex. Commodi illum eum laborum natus.',1,'2025-10-20 06:49:09','2025-10-20 06:49:09',NULL),(184,65,63,5,'Est deleniti natus aut ex porro. Perspiciatis voluptatem et voluptatem sapiente ut autem. Molestiae quos rerum aliquid eligendi. Velit quis maxime aperiam totam laborum sunt provident.',1,'2025-10-20 06:49:09','2025-10-20 06:49:09',NULL),(185,65,70,3,'Quos est praesentium quia harum. Magni repellat nulla esse sunt ullam nulla repellat. Libero illo illo laboriosam deserunt. Voluptatem harum laudantium commodi. Iure optio praesentium doloribus et et sit.',1,'2025-10-20 06:49:09','2025-10-20 06:49:09',NULL),(186,65,75,2,'Molestiae doloremque iure omnis mollitia suscipit totam. Impedit dignissimos qui omnis dolorem eum dolor qui.',1,'2025-10-20 06:49:09','2025-10-20 06:49:09',NULL),(187,65,84,2,'Velit laboriosam voluptatem totam illum. Qui id sunt numquam itaque porro ipsum facilis. Eligendi dolor in quia.',1,'2025-10-20 06:49:09','2025-10-20 06:49:09',NULL),(188,65,101,5,'Et nihil sed aliquid voluptas quo. Praesentium explicabo velit dolores quidem facere. Illo dolores possimus odit voluptas ducimus. Eveniet molestiae iusto et quisquam dignissimos deleniti ipsa quo.',1,'2025-10-20 06:49:09','2025-10-20 06:49:09',NULL),(189,66,27,4,'Ut et aspernatur qui. Voluptatem iure maiores ullam iste minus. Laboriosam consectetur provident molestiae sunt at nisi. Sit aut maiores reiciendis repellendus ducimus eos fuga.',1,'2025-10-20 06:49:09','2025-10-20 06:49:09',NULL),(190,66,31,2,'Consequatur in repellendus rerum omnis repellendus quisquam quos. Cupiditate et veritatis ea voluptatem magnam ducimus. Odio inventore aut laudantium ut vitae animi repellat nobis. Dolores et expedita reprehenderit.',1,'2025-10-20 06:49:09','2025-10-20 06:49:09',NULL),(191,66,54,1,'Quos ex saepe expedita quod voluptatem officia. Nisi laboriosam expedita ab blanditiis omnis excepturi quasi. Aut optio dolor eius id laboriosam velit. Repellat similique aliquam tempora non.',1,'2025-10-20 06:49:09','2025-10-20 06:49:09',NULL),(192,66,65,2,'Commodi laudantium voluptate doloremque id similique sunt voluptates. Voluptatem ut dolore ullam natus voluptas dicta. Laborum rerum dignissimos et occaecati recusandae aut. Cum vel itaque saepe deserunt molestiae.',1,'2025-10-20 06:49:09','2025-10-20 06:49:09',NULL),(193,66,93,1,'Facere aut exercitationem in quod deserunt. Animi unde exercitationem numquam accusantium ut et sunt. Deleniti repellat ipsa dignissimos harum deserunt est. Impedit et tempora nulla odit ipsa et.',1,'2025-10-20 06:49:09','2025-10-20 06:49:09',NULL),(194,67,53,3,'Enim mollitia culpa ut omnis. Necessitatibus sit vero et dicta aut commodi reiciendis quo. Quam unde et eum rerum et. Ea atque illo atque et a ex vitae.',1,'2025-10-20 06:49:09','2025-10-20 06:49:09',NULL),(195,67,67,5,'Sit atque illum qui adipisci autem sint. Soluta soluta at perspiciatis aut. Et cupiditate inventore praesentium recusandae sint aliquid.',1,'2025-10-20 06:49:09','2025-10-20 06:49:09',NULL),(196,67,76,4,'Eius laudantium molestiae atque labore. Consequatur quaerat iste fugiat quibusdam voluptatem. Quasi et ab nesciunt distinctio nihil sint repellendus.',1,'2025-10-20 06:49:09','2025-10-20 06:49:09',NULL),(197,67,88,3,'Suscipit nulla fuga velit illo aut. Omnis inventore nulla quis eum quisquam itaque eum enim. Est quidem a ipsam blanditiis. Ut quibusdam illum itaque veniam.',1,'2025-10-20 06:49:09','2025-10-20 06:49:09',NULL),(198,70,86,5,'Eos molestiae nemo nam tempore necessitatibus dolores. Illo quis quam veritatis est architecto. Omnis dignissimos id pariatur fuga sed.',1,'2025-10-20 06:49:09','2025-10-20 06:49:09',NULL),(199,73,63,5,'Magni corporis maxime dolor non voluptas quibusdam unde suscipit. Similique necessitatibus necessitatibus sit nam facere. Sunt quas molestiae aut fuga est ex ut.',1,'2025-10-20 06:49:09','2025-10-20 06:49:09',NULL),(200,73,83,1,'Cupiditate culpa consequatur dicta necessitatibus ea eaque ea. Quos mollitia id et eos repudiandae. Rem quo magnam facere molestiae quia maiores incidunt.',1,'2025-10-20 06:49:09','2025-10-20 06:49:09',NULL),(201,73,90,1,'Sint nemo et maiores sed est. Explicabo tenetur accusantium id sit. Sunt qui incidunt mollitia. Necessitatibus animi magni minus quia deleniti ex non.',1,'2025-10-20 06:49:09','2025-10-20 06:49:09',NULL),(202,73,94,5,'Tempore blanditiis occaecati aliquam provident laboriosam molestiae necessitatibus. Non laboriosam quo odit sint impedit dolor. Commodi voluptatibus illo exercitationem. Necessitatibus cumque officia sit molestiae sed earum velit.',1,'2025-10-20 06:49:09','2025-10-20 06:49:09',NULL),(203,74,29,1,'Sit qui in enim quibusdam amet mollitia. Libero natus at sit cupiditate. Atque ut quaerat sit consequatur temporibus qui id. Blanditiis et praesentium ut in.',1,'2025-10-20 06:49:09','2025-10-20 06:49:09',NULL),(204,74,44,5,'Iusto mollitia commodi asperiores dolorem id. Ut illum sunt nesciunt nisi beatae voluptatum. Magnam sit et id repellat incidunt delectus. Nam voluptates dolor est cumque.',1,'2025-10-20 06:49:09','2025-10-20 06:49:09',NULL),(205,74,56,3,'Laudantium dignissimos deleniti sint expedita officia et similique. Et illo perspiciatis dolores cum quo. Est et deleniti commodi voluptate et.',1,'2025-10-20 06:49:09','2025-10-20 06:49:09',NULL),(206,74,83,2,'Laudantium voluptatem maiores aliquid excepturi neque consectetur et voluptates. Nobis iste ut perspiciatis est et. Itaque rem ab dolore quibusdam a.',1,'2025-10-20 06:49:09','2025-10-20 06:49:09',NULL),(207,74,107,4,'Vero numquam et sit autem ullam libero. Vitae vero sequi voluptas similique architecto nesciunt. Eaque provident reiciendis mollitia libero.',1,'2025-10-20 06:49:09','2025-10-20 06:49:09',NULL),(208,75,27,3,'Quia mollitia ut porro magni autem. Officia sit excepturi quas fugit et laudantium quas. Dolorem est inventore voluptatem. Sit consequuntur voluptatem labore quisquam.',1,'2025-10-20 06:49:09','2025-10-20 06:49:09',NULL),(209,75,29,3,'Incidunt qui et at voluptatem. Itaque qui laborum in numquam ad similique. Unde consequatur distinctio ipsa illo aut consequatur autem.',1,'2025-10-20 06:49:09','2025-10-20 06:49:09',NULL),(210,75,31,5,'Vel sunt accusantium illum. Et veniam laborum quia quibusdam nobis. Explicabo nihil ipsum magnam aliquam qui. Voluptas a praesentium maiores unde et.',1,'2025-10-20 06:49:09','2025-10-20 06:49:09',NULL),(211,75,40,5,'Rerum aspernatur explicabo quia dignissimos fuga saepe. Earum a aut non repellat aliquam et in. Laudantium debitis velit et incidunt tempore quaerat. Totam fuga numquam repellat rerum consectetur voluptatem nostrum.',1,'2025-10-20 06:49:09','2025-10-20 06:49:09',NULL),(212,75,43,4,'Mollitia voluptas velit et. Sed aut cupiditate sed explicabo quam. Qui adipisci doloribus est unde ut voluptatum. Molestiae dignissimos reprehenderit hic possimus dignissimos. Nobis sint ut molestias asperiores ullam amet.',1,'2025-10-20 06:49:09','2025-10-20 06:49:09',NULL),(213,75,51,5,'Repellat beatae quis aspernatur consequatur ex. Enim id ad quae qui modi dolorem. Expedita sunt maxime omnis mollitia dolor ullam ab odio. Quae cumque aut libero molestias quam.',1,'2025-10-20 06:49:09','2025-10-20 06:49:09',NULL),(214,75,65,3,'Commodi suscipit omnis inventore fugiat minima earum. Ex aliquam beatae impedit. Eos ut nihil in eos. Ullam officia aliquam possimus.',1,'2025-10-20 06:49:09','2025-10-20 06:49:09',NULL),(215,75,105,5,'Voluptate necessitatibus nihil ex qui voluptas porro nisi. Optio magnam tenetur quaerat dicta nobis. Non rerum beatae magni enim ratione. Vel autem perspiciatis commodi corrupti.',1,'2025-10-20 06:49:09','2025-10-20 06:49:09',NULL),(216,75,108,1,'Rerum commodi veniam quod autem quos. Vel ea maiores soluta hic nobis.',1,'2025-10-20 06:49:09','2025-10-20 06:49:09',NULL),(217,75,113,4,'Adipisci magnam voluptatem fugit illum eligendi rerum impedit molestias. Iusto dolorem hic consequatur sit et tempore. Dolorem non quia et qui. Aliquid sunt quia quod qui.',1,'2025-10-20 06:49:09','2025-10-20 06:49:09',NULL),(218,78,41,1,'Sunt est quasi maiores iste nihil nam iusto. Odit ipsa doloribus quae dolores occaecati ad. Quis vel ea perferendis eaque incidunt. Sed explicabo voluptatem accusantium est sint.',1,'2025-10-20 06:49:09','2025-10-20 06:49:09',NULL),(219,78,44,1,'Quia aliquid iste qui quidem aspernatur. Tempore numquam voluptas molestias et quidem eius vel. Perspiciatis et earum sint.',1,'2025-10-20 06:49:09','2025-10-20 06:49:09',NULL),(220,78,53,3,'Id possimus repellendus et harum voluptatum et. Aut ab aut saepe enim illo. Asperiores et earum sed omnis. Ut maxime maxime quia.',1,'2025-10-20 06:49:09','2025-10-20 06:49:09',NULL),(221,78,83,1,'Libero sapiente ut est eligendi quia. Vero ipsam ipsa sunt amet.',1,'2025-10-20 06:49:09','2025-10-20 06:49:09',NULL),(222,78,90,2,'Asperiores voluptatibus praesentium tenetur qui. Libero adipisci quo error dolor commodi rerum. Id quam illo est a in.',1,'2025-10-20 06:49:09','2025-10-20 06:49:09',NULL),(223,80,40,2,'A dolorem dolorem est dolor odio et. Temporibus eum animi adipisci magni odio. Dolorem aspernatur doloribus rerum est impedit nemo. Sit eaque ullam corrupti illo earum non ut.',1,'2025-10-20 06:49:09','2025-10-20 06:49:09',NULL),(224,80,47,5,'Dolorum et dicta consequuntur sunt unde deserunt. Explicabo harum sit optio consequatur esse alias. In et praesentium quae odit aliquid ut optio. Sit dicta odit optio nihil non.',1,'2025-10-20 06:49:09','2025-10-20 06:49:09',NULL),(225,80,68,3,'Inventore numquam veniam eligendi pariatur nostrum ea ea. Molestiae consequuntur voluptas voluptas voluptate labore. Illum et tempore molestias officiis enim vitae. Ipsum soluta placeat nihil omnis sequi voluptatum aperiam.',1,'2025-10-20 06:49:09','2025-10-20 06:49:09',NULL),(226,80,94,3,'Eligendi veniam ipsum in quis ea nostrum laboriosam. Asperiores laborum voluptates provident quo voluptatem in excepturi. Aliquid provident explicabo tenetur rerum.',1,'2025-10-20 06:49:09','2025-10-20 06:49:09',NULL),(227,80,96,5,'In ipsum voluptates ullam excepturi dolor laborum soluta. Autem sapiente quis nisi labore nihil.',1,'2025-10-20 06:49:09','2025-10-20 06:49:09',NULL),(228,80,106,3,'Et ex eum inventore molestiae laborum sed illum. Quo alias molestias eum repudiandae culpa. Est soluta quod deleniti distinctio est. At odio veritatis aut eaque.',1,'2025-10-20 06:49:09','2025-10-20 06:49:09',NULL),(229,81,28,4,'Similique dolor quis consequuntur laborum non aspernatur. Quas quae expedita magni a fugit. Eum est accusantium aut est. Quia id nihil asperiores.',1,'2025-10-20 06:49:09','2025-10-20 06:49:09',NULL),(230,81,29,3,'Quam beatae ipsum fugit ea est. Cum optio a sunt dignissimos aut quia a. Cupiditate debitis reprehenderit atque quae dignissimos nihil dolore.',1,'2025-10-20 06:49:09','2025-10-20 06:49:09',NULL),(231,81,31,1,'Aut sapiente ex aut dolore aliquam et. Illum mollitia non illum praesentium voluptatem id autem. Debitis omnis dignissimos perspiciatis exercitationem natus illum eos.',1,'2025-10-20 06:49:09','2025-10-20 06:49:09',NULL),(232,81,34,3,'Voluptate odit ut minima et temporibus. Ut quis ut cumque ut sit itaque. Id magnam et qui.',1,'2025-10-20 06:49:09','2025-10-20 06:49:09',NULL),(233,81,66,2,'Perferendis saepe praesentium vitae non et. Deserunt laudantium maiores at dolorem est. Molestiae nam a voluptatem est eligendi.',1,'2025-10-20 06:49:09','2025-10-20 06:49:09',NULL),(234,81,68,5,'Aut quia consequatur porro impedit quia. Eos minus ea nostrum omnis voluptatum iure recusandae. Voluptatem et nesciunt adipisci aliquam voluptates minus ea.',1,'2025-10-20 06:49:09','2025-10-20 06:49:09',NULL),(235,81,91,5,'Dolorem aut omnis aliquam. Voluptatem in ut molestiae optio est sed. Officia et quasi voluptatibus delectus aut non corrupti. Blanditiis vero temporibus esse veniam quae.',1,'2025-10-20 06:49:09','2025-10-20 06:49:09',NULL),(236,81,101,4,'Voluptatem iure aut et. Consequatur aperiam blanditiis accusamus necessitatibus. Accusantium illo dolor quis dolorum impedit et ipsa.',1,'2025-10-20 06:49:09','2025-10-20 06:49:09',NULL),(237,81,112,5,'Praesentium error quia omnis quaerat. Suscipit nisi sapiente vel culpa voluptates sunt. Eos et neque necessitatibus fuga nihil qui.',1,'2025-10-20 06:49:09','2025-10-20 06:49:09',NULL),(238,81,113,2,'Nisi eum harum ratione qui harum omnis omnis molestiae. Repellendus dolorem sequi est maiores et nemo. Doloribus iure rerum quam tenetur blanditiis. Minus quasi libero quae et.',1,'2025-10-20 06:49:09','2025-10-20 06:49:09',NULL),(239,83,37,1,'Perspiciatis laudantium et id enim. Impedit vero occaecati eius quia porro ducimus et. Dolores ex quod cum saepe sit. Itaque ipsam cum praesentium eum et molestiae.',1,'2025-10-20 06:49:09','2025-10-20 06:49:09',NULL),(240,83,46,2,'Atque ratione magni quia veniam dolor facilis. Voluptatum dolor consequatur consequuntur veniam nihil iusto officia qui. Et ut vel eum nisi quod quas in. Fuga non consequatur quia optio voluptatem eos.',1,'2025-10-20 06:49:09','2025-10-20 06:49:09',NULL),(241,83,47,4,'Labore perferendis animi accusantium eius. Rerum voluptatem maiores tenetur incidunt doloribus ipsum quaerat. Sint impedit exercitationem exercitationem nesciunt aspernatur est molestiae libero. Qui sed vitae dolorem sapiente quae placeat.',1,'2025-10-20 06:49:09','2025-10-20 06:49:09',NULL),(242,87,27,3,'Saepe iusto neque esse quia reiciendis atque sit facere. Similique ut eveniet laborum provident deserunt ut dolor. Quo voluptatem inventore eius harum nihil quisquam commodi. Voluptate sint necessitatibus in corporis.',1,'2025-10-20 06:49:09','2025-10-20 06:49:09',NULL),(243,87,43,2,'Tempore esse odio aliquam sit. Explicabo veniam unde voluptate sequi. Suscipit doloribus labore aperiam ea. Saepe et itaque recusandae molestiae.',1,'2025-10-20 06:49:09','2025-10-20 06:49:09',NULL),(244,87,44,1,'Doloribus repellendus similique tempora. Voluptas aperiam dolores placeat. Quis magni nihil perspiciatis aut quaerat.',1,'2025-10-20 06:49:09','2025-10-20 06:49:09',NULL),(245,87,50,4,'Et quod quas nulla voluptas illo aut. Fugit beatae impedit esse repellendus aliquam quae. Vel quisquam nisi impedit consequatur quia eveniet. Minus omnis perspiciatis magni perferendis ut possimus. Nihil ut voluptatem earum.',1,'2025-10-20 06:49:09','2025-10-20 06:49:09',NULL),(246,87,55,3,'Eveniet dolorum hic ut iure libero facilis est sequi. Mollitia est voluptatem reiciendis est ut expedita. Inventore quasi cum quia aut occaecati sit dicta. Qui sit culpa officia quo.',1,'2025-10-20 06:49:09','2025-10-20 06:49:09',NULL),(247,87,75,1,'Ipsa molestiae illo tenetur maiores. Est architecto possimus et cumque. Et dignissimos fugiat aut unde. Ullam ut ea saepe numquam corporis ipsam.',1,'2025-10-20 06:49:09','2025-10-20 06:49:09',NULL),(248,87,87,4,'Odio eius harum veritatis dicta saepe. Quidem in error eaque fugiat ut. Voluptatum officiis cupiditate molestias veniam. Distinctio ut pariatur voluptate debitis in.',1,'2025-10-20 06:49:09','2025-10-20 06:49:09',NULL),(249,87,90,5,'Totam sed odio vel officia sit et. Explicabo est qui esse delectus veritatis laborum. Aliquam sit vitae sunt quod mollitia qui iure. Occaecati aut exercitationem pariatur voluptates aliquid laboriosam voluptatem.',1,'2025-10-20 06:49:09','2025-10-20 06:49:09',NULL),(250,87,108,4,'Et magni quae voluptates. Ratione id tenetur rem odit sit minus. Autem enim voluptatibus necessitatibus dolores. Est nobis fugit tenetur sint labore.',1,'2025-10-20 06:49:09','2025-10-20 06:49:09',NULL),(251,87,110,3,'Est laboriosam corrupti sed quasi nobis dolore. Quidem voluptate qui qui quisquam. Quis dolor fuga maiores. Facilis molestias autem iusto odio.',1,'2025-10-20 06:49:09','2025-10-20 06:49:09',NULL),(252,88,69,2,'Ipsa fugiat reiciendis fugit. Ab dolores consequuntur saepe. Dolor odio vel quo tenetur rerum est.',1,'2025-10-20 06:49:09','2025-10-20 06:49:09',NULL),(253,88,72,1,'Est rem possimus ducimus. Totam neque in nulla accusantium consequatur maxime. Rerum commodi nam tempora quibusdam quo aliquid quae. Quis eum animi maxime aut sed explicabo.',1,'2025-10-20 06:49:09','2025-10-20 06:49:09',NULL),(254,88,78,2,'Debitis harum quia ad ut veritatis doloremque autem nulla. Et ut cumque eos quia consequatur et. Rerum ut magnam consectetur ipsa ipsa. Qui blanditiis voluptate ut aut necessitatibus eum consequatur non.',1,'2025-10-20 06:49:09','2025-10-20 06:49:09',NULL),(255,92,23,3,'Aut non voluptatem eos aut aut reiciendis suscipit. Molestiae cupiditate quas rerum. Ullam aut quod cupiditate nesciunt. Rem minima sunt assumenda sunt.',1,'2025-10-20 06:49:09','2025-10-20 06:49:09',NULL),(256,92,47,4,'Earum id odio omnis optio dolore qui odit. Autem ut ipsum maiores nemo. Omnis vero repudiandae iste tempora perspiciatis maxime dignissimos. Et eum amet quia iste dignissimos sit earum.',1,'2025-10-20 06:49:09','2025-10-20 06:49:09',NULL),(257,92,92,3,'Omnis hic et accusamus dolores. Est temporibus voluptate aut cumque animi. Ea ipsam aut beatae nostrum hic. Omnis velit consequatur est et.',1,'2025-10-20 06:49:09','2025-10-20 06:49:09',NULL),(258,92,93,1,'Iure ullam magni neque mollitia. Et hic pariatur similique voluptatem quia. Nemo explicabo architecto ullam dolorem est. Earum doloremque nihil optio.',1,'2025-10-20 06:49:09','2025-10-20 06:49:09',NULL),(259,92,94,1,'Autem voluptas ratione modi quis. Sed est iusto quasi quam distinctio aperiam dolores.',1,'2025-10-20 06:49:09','2025-10-20 06:49:09',NULL),(260,92,98,3,'Corporis harum eaque deserunt nihil unde animi ex. Quasi sequi quae aliquam eveniet incidunt exercitationem. Et ut accusantium sit ipsam neque laboriosam. Eos vitae aspernatur qui quae aperiam. Aut soluta pariatur dolore.',1,'2025-10-20 06:49:09','2025-10-20 06:49:09',NULL),(261,92,104,3,'Vel qui veritatis iusto et qui. Quod iure magnam facilis.',1,'2025-10-20 06:49:09','2025-10-20 06:49:09',NULL),(262,92,116,1,'Assumenda aperiam ut in numquam rem. Doloremque illo quaerat qui. Quidem corrupti optio quis qui possimus sit. Voluptatem enim quibusdam ea labore voluptatem similique enim.',1,'2025-10-20 06:49:09','2025-10-20 06:49:09',NULL),(263,92,117,2,'Nam aut est velit sit asperiores quos autem. Doloremque tempore quaerat id asperiores magni. Repellat dolore debitis mollitia ducimus nesciunt impedit quod. Et aliquam quasi et aut.',1,'2025-10-20 06:49:09','2025-10-20 06:49:09',NULL),(264,92,120,3,'Error neque officiis similique omnis. Iusto occaecati et porro perferendis dolores assumenda temporibus modi. Et doloribus magni sed quaerat. Sit quis non sed facilis quidem unde et. Omnis dolore explicabo accusamus ipsam.',1,'2025-10-20 06:49:09','2025-10-20 06:49:09',NULL),(265,95,31,1,'Porro non possimus delectus nemo rerum pariatur voluptatem. Debitis at autem omnis vero veniam. Necessitatibus dolores et laudantium repellendus laborum. Ipsa tenetur qui consequatur ea.',1,'2025-10-20 06:49:09','2025-10-20 06:49:09',NULL),(266,95,35,2,'Cumque repellat aut reprehenderit fuga saepe tempora atque. Et occaecati necessitatibus at ut consequatur quisquam. Odit nihil quas cumque occaecati tempora aut ipsa. Necessitatibus dolores natus nisi quos.',1,'2025-10-20 06:49:09','2025-10-20 06:49:09',NULL),(267,95,53,4,'Odio cupiditate labore consequatur totam. Accusamus voluptatem vero earum quasi voluptatum ut et ut. Assumenda voluptas id doloremque pariatur iste ab.',1,'2025-10-20 06:49:09','2025-10-20 06:49:09',NULL),(268,95,77,5,'Velit sapiente consequatur tempore asperiores provident velit non. Molestias distinctio inventore esse qui eos cum quibusdam.',1,'2025-10-20 06:49:09','2025-10-20 06:49:09',NULL),(269,95,81,1,'Quaerat quia quaerat cupiditate sequi architecto facilis. Totam sit cum explicabo aliquam. Enim illo laborum ipsa sit nobis distinctio. Aperiam quo sed sed sit molestiae voluptas voluptas.',1,'2025-10-20 06:49:09','2025-10-20 06:49:09',NULL),(270,95,82,5,'Consectetur quaerat vel fuga. Quam earum vel quis quisquam. Accusantium nam earum quos eum. Omnis repellat et eum.',1,'2025-10-20 06:49:09','2025-10-20 06:49:09',NULL),(271,95,83,3,'Repellendus voluptas dolor non unde laudantium. Animi enim eaque et commodi. Qui quae iusto eius expedita consequuntur sunt. Et asperiores a maiores perspiciatis ex hic est.',1,'2025-10-20 06:49:09','2025-10-20 06:49:09',NULL),(272,95,97,3,'Dolorem ullam vero id ut quaerat. Itaque odit sit velit.',1,'2025-10-20 06:49:09','2025-10-20 06:49:09',NULL),(273,95,117,2,'Fugiat voluptate perferendis voluptas. Hic molestiae sit voluptates numquam voluptas. In aliquid culpa vitae tempore aut.',1,'2025-10-20 06:49:09','2025-10-20 06:49:09',NULL),(274,97,26,4,'Ut natus voluptatem nihil autem recusandae voluptatem. Quasi iste perspiciatis alias cumque occaecati vel quia. Accusantium quod enim quam vitae natus minus.',1,'2025-10-20 06:49:09','2025-10-20 06:49:09',NULL),(275,97,27,2,'Autem porro enim qui et. Alias veritatis molestiae voluptatem molestiae quis maiores. Vitae officia voluptatem voluptatum maiores veritatis. Expedita nostrum maiores optio sunt incidunt.',1,'2025-10-20 06:49:09','2025-10-20 06:49:09',NULL),(276,97,59,5,'Dolorem dignissimos et molestiae occaecati eos veritatis. Harum quia fugit quisquam. Vitae amet nesciunt odio autem est rerum earum. At et dicta tempora exercitationem eos sunt.',1,'2025-10-20 06:49:09','2025-10-20 06:49:09',NULL),(277,97,68,2,'Veniam ut perspiciatis blanditiis consequuntur dolor voluptas. Qui quis officiis ut quo.',1,'2025-10-20 06:49:09','2025-10-20 06:49:09',NULL),(278,97,71,3,'Facere molestiae odio dolorum possimus dolore. Sapiente aspernatur temporibus deleniti. Sed sed totam eius veniam.',1,'2025-10-20 06:49:09','2025-10-20 06:49:09',NULL),(279,97,85,3,'Eveniet necessitatibus incidunt consequatur voluptas optio. Ut quis in id aliquam ut. Et eveniet soluta qui eligendi pariatur dolores voluptatem. Autem delectus dolor voluptas optio dignissimos mollitia dolorem.',1,'2025-10-20 06:49:09','2025-10-20 06:49:09',NULL),(280,97,116,2,'Et et velit suscipit quae consequatur perspiciatis necessitatibus. Et sit laudantium omnis sed qui aut. Esse accusantium a est perspiciatis sit recusandae veniam. Illum officiis harum porro placeat.',1,'2025-10-20 06:49:09','2025-10-20 06:49:09',NULL),(281,97,118,1,'Exercitationem esse deleniti repudiandae. Sequi nisi voluptas nemo omnis. Nulla enim delectus totam illo ducimus fuga doloremque.',1,'2025-10-20 06:49:09','2025-10-20 06:49:09',NULL),(282,100,37,5,'Doloribus ipsa et assumenda rem. Sint qui non provident sint. Porro ad culpa aliquid a. Distinctio corporis velit quae tempore quod atque voluptas.',1,'2025-10-20 06:49:09','2025-10-20 06:49:09',NULL),(283,100,52,1,'Tenetur non ut nostrum et. Veritatis magni cum in.',1,'2025-10-20 06:49:09','2025-10-20 06:49:09',NULL),(284,100,59,5,'Magnam consequatur odio qui qui provident. Ratione quam voluptatem recusandae expedita quae. Asperiores ea libero ipsa. Et vero impedit voluptatibus necessitatibus veniam perspiciatis. Molestiae nisi iusto sit fugiat libero.',1,'2025-10-20 06:49:09','2025-10-20 06:49:09',NULL),(285,100,80,1,'Qui ea sit molestias ea ipsam. Sed similique ut modi laborum. Laborum hic doloremque alias ipsam eaque laboriosam molestias. Neque saepe corrupti cum quia perspiciatis eaque.',1,'2025-10-20 06:49:09','2025-10-20 06:49:09',NULL),(286,100,85,5,'Exercitationem qui dolorem voluptate autem id cum quisquam. Necessitatibus veritatis expedita autem facilis. Similique aut dolorem non eveniet.',1,'2025-10-20 06:49:09','2025-10-20 06:49:09',NULL),(287,100,107,4,'Voluptate perferendis autem accusantium aspernatur consequatur. Sapiente est suscipit quod dicta et ducimus et. Quo incidunt porro rem suscipit similique.',1,'2025-10-20 06:49:09','2025-10-20 06:49:09',NULL),(288,100,113,1,'Veritatis similique illo amet non tempore quas et sapiente. Fugit mollitia quia nesciunt et consectetur. Voluptas facilis doloribus omnis soluta.',1,'2025-10-20 06:49:09','2025-10-20 06:49:09',NULL),(289,100,116,5,'Et illum cum rerum in. Facere maxime ut et sed et sint cupiditate. Quia cupiditate aliquid est repudiandae qui error optio. Similique aut similique similique illum earum consectetur odio error.',1,'2025-10-20 06:49:09','2025-10-20 06:49:09',NULL);
/*!40000 ALTER TABLE `reviews` ENABLE KEYS */;
UNLOCK TABLES;

--
-- Table structure for table `role_user`
--

DROP TABLE IF EXISTS `role_user`;
/*!40101 SET @saved_cs_client     = @@character_set_client */;
/*!50503 SET character_set_client = utf8mb4 */;
CREATE TABLE `role_user` (
  `user_id` bigint(20) unsigned NOT NULL,
  `role_id` bigint(20) unsigned NOT NULL,
  PRIMARY KEY (`user_id`,`role_id`),
  KEY `role_user_role_id_foreign` (`role_id`),
  CONSTRAINT `role_user_role_id_foreign` FOREIGN KEY (`role_id`) REFERENCES `roles` (`id`) ON DELETE CASCADE,
  CONSTRAINT `role_user_user_id_foreign` FOREIGN KEY (`user_id`) REFERENCES `users` (`id`) ON DELETE CASCADE
) ENGINE=InnoDB DEFAULT CHARSET=utf8mb4 COLLATE=utf8mb4_unicode_ci;
/*!40101 SET character_set_client = @saved_cs_client */;

--
-- Dumping data for table `role_user`
--

LOCK TABLES `role_user` WRITE;
/*!40000 ALTER TABLE `role_user` DISABLE KEYS */;
INSERT INTO `role_user` VALUES (1,1),(2,2),(3,2),(4,2),(5,2),(6,2),(7,2),(8,2),(9,2),(10,2),(11,2),(12,2),(13,2),(14,2),(15,2),(16,2),(17,2),(18,2),(19,2),(20,2),(21,2),(22,3),(23,3),(24,3),(25,3),(26,3),(27,3),(28,3),(29,3),(30,3),(31,3),(32,3),(33,3),(34,3),(35,3),(36,3),(37,3),(38,3),(39,3),(40,3),(41,3),(42,3),(43,3),(44,3),(45,3),(46,3),(47,3),(48,3),(49,3),(50,3),(51,3),(52,3),(53,3),(54,3),(55,3),(56,3),(57,3),(58,3),(59,3),(60,3),(61,3),(62,3),(63,3),(64,3),(65,3),(66,3),(67,3),(68,3),(69,3),(70,3),(71,3),(72,3),(73,3),(74,3),(75,3),(76,3),(77,3),(78,3),(79,3),(80,3),(81,3),(82,3),(83,3),(84,3),(85,3),(86,3),(87,3),(88,3),(89,3),(90,3),(91,3),(92,3),(93,3),(94,3),(95,3),(96,3),(97,3),(98,3),(99,3),(100,3),(101,3),(102,3),(103,3),(104,3),(105,3),(106,3),(107,3),(108,3),(109,3),(110,3),(111,3),(112,3),(113,3),(114,3),(115,3),(116,3),(117,3),(118,3),(119,3),(120,3),(121,3),(122,4),(123,4),(124,4),(125,4),(126,4),(127,4),(128,4),(129,4),(130,4),(131,4);
/*!40000 ALTER TABLE `role_user` ENABLE KEYS */;
UNLOCK TABLES;

--
-- Table structure for table `roles`
--

DROP TABLE IF EXISTS `roles`;
/*!40101 SET @saved_cs_client     = @@character_set_client */;
/*!50503 SET character_set_client = utf8mb4 */;
CREATE TABLE `roles` (
  `id` bigint(20) unsigned NOT NULL AUTO_INCREMENT,
  `name` longtext CHARACTER SET utf8mb4 COLLATE utf8mb4_bin NOT NULL CHECK (json_valid(`name`)),
  `description` longtext CHARACTER SET utf8mb4 COLLATE utf8mb4_bin DEFAULT NULL CHECK (json_valid(`description`)),
  `created_at` timestamp NULL DEFAULT NULL,
  `updated_at` timestamp NULL DEFAULT NULL,
  PRIMARY KEY (`id`)
) ENGINE=InnoDB AUTO_INCREMENT=5 DEFAULT CHARSET=utf8mb4 COLLATE=utf8mb4_unicode_ci;
/*!40101 SET character_set_client = @saved_cs_client */;

--
-- Dumping data for table `roles`
--

LOCK TABLES `roles` WRITE;
/*!40000 ALTER TABLE `roles` DISABLE KEYS */;
INSERT INTO `roles` VALUES (1,'{\"en\":\"Admin\",\"vi\":\"Quản trị viên\"}','{\"en\":\"Administrator with full access\",\"vi\":\"Quản trị viên có toàn quyền truy cập\"}','2025-10-20 06:49:02','2025-10-20 06:49:02'),(2,'{\"en\":\"Seller\",\"vi\":\"Người bán hàng\"}','{\"en\":\"User who can sell products\",\"vi\":\"Người dùng có thể bán sản phẩm\"}','2025-10-20 06:49:02','2025-10-20 06:49:02'),(3,'{\"en\":\"Customer\",\"vi\":\"Khách hàng\"}','{\"en\":\"User who can buy products\",\"vi\":\"Người dùng có thể mua sản phẩm\"}','2025-10-20 06:49:02','2025-10-20 06:49:02'),(4,'{\"en\":\"Shipper\",\"vi\":\"Người giao hàng\"}','{\"en\":\"User who delivers orders\",\"vi\":\"Người dùng thực hiện giao đơn hàng\"}','2025-10-20 06:49:02','2025-10-20 06:49:02');
/*!40000 ALTER TABLE `roles` ENABLE KEYS */;
UNLOCK TABLES;

--
-- Table structure for table `search_histories`
--

DROP TABLE IF EXISTS `search_histories`;
/*!40101 SET @saved_cs_client     = @@character_set_client */;
/*!50503 SET character_set_client = utf8mb4 */;
CREATE TABLE `search_histories` (
  `search_history_id` bigint(20) unsigned NOT NULL AUTO_INCREMENT,
  `user_id` bigint(20) unsigned NOT NULL,
  `search_term` varchar(200) NOT NULL,
  `search_count` int(11) NOT NULL DEFAULT 1,
  `last_searched` timestamp NOT NULL DEFAULT current_timestamp() ON UPDATE current_timestamp(),
  PRIMARY KEY (`search_history_id`),
  UNIQUE KEY `search_histories_user_id_search_term_unique` (`user_id`,`search_term`),
  CONSTRAINT `search_histories_user_id_foreign` FOREIGN KEY (`user_id`) REFERENCES `users` (`id`) ON DELETE CASCADE
) ENGINE=InnoDB AUTO_INCREMENT=403 DEFAULT CHARSET=utf8mb4 COLLATE=utf8mb4_unicode_ci;
/*!40101 SET character_set_client = @saved_cs_client */;

--
-- Dumping data for table `search_histories`
--

LOCK TABLES `search_histories` WRITE;
/*!40000 ALTER TABLE `search_histories` DISABLE KEYS */;
INSERT INTO `search_histories` VALUES (1,22,'kem chống nắng la roche posay',5,'2025-10-20 06:49:10'),(2,22,'áo thun nam',2,'2025-10-20 06:49:10'),(3,22,'sách đắc nhân tâm',2,'2025-10-20 06:49:10'),(4,22,'giày nike air force 1',2,'2025-10-20 06:49:10'),(5,23,'áo thun nam',6,'2025-10-20 06:49:10'),(6,23,'kem chống nắng la roche posay',2,'2025-10-20 06:49:10'),(7,23,'giày nike air force 1',2,'2025-10-20 06:49:10'),(8,23,'sách đắc nhân tâm',2,'2025-10-20 06:49:10'),(9,24,'kem chống nắng la roche posay',2,'2025-10-20 06:49:10'),(10,24,'giày nike air force 1',3,'2025-10-20 06:49:10'),(11,24,'áo thun nam',2,'2025-10-20 06:49:10'),(12,24,'iphone 15 pro max',4,'2025-10-20 06:49:10'),(13,24,'sách đắc nhân tâm',3,'2025-10-20 06:49:10'),(14,25,'iphone 15 pro max',3,'2025-10-20 06:49:10'),(15,25,'kem chống nắng la roche posay',3,'2025-10-20 06:49:10'),(16,25,'sách đắc nhân tâm',3,'2025-10-20 06:49:10'),(17,25,'giày nike air force 1',5,'2025-10-20 06:49:10'),(18,26,'sách đắc nhân tâm',4,'2025-10-20 06:49:10'),(19,26,'iphone 15 pro max',2,'2025-10-20 06:49:10'),(20,26,'áo thun nam',2,'2025-10-20 06:49:10'),(21,26,'kem chống nắng la roche posay',2,'2025-10-20 06:49:10'),(22,27,'sách đắc nhân tâm',2,'2025-10-20 06:49:10'),(23,27,'giày nike air force 1',6,'2025-10-20 06:49:10'),(24,27,'áo thun nam',2,'2025-10-20 06:49:10'),(25,28,'kem chống nắng la roche posay',3,'2025-10-20 06:49:10'),(26,28,'sách đắc nhân tâm',3,'2025-10-20 06:49:10'),(27,28,'iphone 15 pro max',3,'2025-10-20 06:49:10'),(28,29,'giày nike air force 1',5,'2025-10-20 06:49:10'),(29,29,'sách đắc nhân tâm',2,'2025-10-20 06:49:10'),(30,29,'iphone 15 pro max',2,'2025-10-20 06:49:10'),(31,29,'áo thun nam',2,'2025-10-20 06:49:10'),(32,30,'kem chống nắng la roche posay',3,'2025-10-20 06:49:10'),(33,30,'áo thun nam',3,'2025-10-20 06:49:10'),(34,30,'giày nike air force 1',2,'2025-10-20 06:49:10'),(35,30,'sách đắc nhân tâm',2,'2025-10-20 06:49:10'),(36,31,'áo thun nam',4,'2025-10-20 06:49:11'),(37,31,'kem chống nắng la roche posay',2,'2025-10-20 06:49:11'),(38,31,'iphone 15 pro max',4,'2025-10-20 06:49:11'),(39,31,'giày nike air force 1',2,'2025-10-20 06:49:11'),(40,32,'giày nike air force 1',4,'2025-10-20 06:49:11'),(41,32,'kem chống nắng la roche posay',4,'2025-10-20 06:49:11'),(42,32,'áo thun nam',3,'2025-10-20 06:49:11'),(43,32,'sách đắc nhân tâm',3,'2025-10-20 06:49:11'),(44,33,'sách đắc nhân tâm',4,'2025-10-20 06:49:11'),(45,33,'iphone 15 pro max',3,'2025-10-20 06:49:11'),(46,33,'kem chống nắng la roche posay',2,'2025-10-20 06:49:11'),(47,33,'áo thun nam',3,'2025-10-20 06:49:11'),(48,34,'áo thun nam',4,'2025-10-20 06:49:11'),(49,34,'kem chống nắng la roche posay',2,'2025-10-20 06:49:11'),(50,34,'giày nike air force 1',2,'2025-10-20 06:49:11'),(51,34,'sách đắc nhân tâm',3,'2025-10-20 06:49:11'),(52,35,'áo thun nam',3,'2025-10-20 06:49:11'),(53,35,'sách đắc nhân tâm',3,'2025-10-20 06:49:11'),(54,35,'iphone 15 pro max',2,'2025-10-20 06:49:11'),(55,35,'kem chống nắng la roche posay',3,'2025-10-20 06:49:11'),(56,36,'giày nike air force 1',4,'2025-10-20 06:49:11'),(57,36,'áo thun nam',3,'2025-10-20 06:49:11'),(58,36,'kem chống nắng la roche posay',3,'2025-10-20 06:49:11'),(59,36,'sách đắc nhân tâm',2,'2025-10-20 06:49:11'),(60,37,'sách đắc nhân tâm',2,'2025-10-20 06:49:11'),(61,37,'iphone 15 pro max',5,'2025-10-20 06:49:11'),(62,37,'giày nike air force 1',3,'2025-10-20 06:49:11'),(63,37,'kem chống nắng la roche posay',2,'2025-10-20 06:49:11'),(64,37,'áo thun nam',2,'2025-10-20 06:49:11'),(65,38,'kem chống nắng la roche posay',4,'2025-10-20 06:49:11'),(66,38,'giày nike air force 1',2,'2025-10-20 06:49:11'),(67,38,'sách đắc nhân tâm',3,'2025-10-20 06:49:11'),(68,38,'áo thun nam',2,'2025-10-20 06:49:11'),(69,39,'áo thun nam',2,'2025-10-20 06:49:11'),(70,39,'giày nike air force 1',4,'2025-10-20 06:49:11'),(71,39,'kem chống nắng la roche posay',2,'2025-10-20 06:49:11'),(72,39,'sách đắc nhân tâm',3,'2025-10-20 06:49:11'),(73,40,'áo thun nam',5,'2025-10-20 06:49:11'),(74,40,'kem chống nắng la roche posay',3,'2025-10-20 06:49:11'),(75,40,'sách đắc nhân tâm',3,'2025-10-20 06:49:11'),(76,40,'iphone 15 pro max',3,'2025-10-20 06:49:11'),(77,40,'giày nike air force 1',2,'2025-10-20 06:49:11'),(78,41,'áo thun nam',2,'2025-10-20 06:49:11'),(79,41,'sách đắc nhân tâm',3,'2025-10-20 06:49:11'),(80,41,'kem chống nắng la roche posay',3,'2025-10-20 06:49:11'),(81,41,'iphone 15 pro max',3,'2025-10-20 06:49:11'),(82,41,'giày nike air force 1',2,'2025-10-20 06:49:11'),(83,42,'giày nike air force 1',3,'2025-10-20 06:49:12'),(84,42,'iphone 15 pro max',3,'2025-10-20 06:49:12'),(85,42,'áo thun nam',3,'2025-10-20 06:49:12'),(86,42,'kem chống nắng la roche posay',3,'2025-10-20 06:49:12'),(87,42,'sách đắc nhân tâm',2,'2025-10-20 06:49:12'),(88,43,'kem chống nắng la roche posay',4,'2025-10-20 06:49:12'),(89,43,'áo thun nam',4,'2025-10-20 06:49:12'),(90,43,'giày nike air force 1',4,'2025-10-20 06:49:12'),(91,43,'iphone 15 pro max',2,'2025-10-20 06:49:12'),(92,44,'iphone 15 pro max',2,'2025-10-20 06:49:12'),(93,44,'giày nike air force 1',3,'2025-10-20 06:49:12'),(94,44,'sách đắc nhân tâm',4,'2025-10-20 06:49:12'),(95,44,'kem chống nắng la roche posay',3,'2025-10-20 06:49:12'),(96,45,'áo thun nam',2,'2025-10-20 06:49:12'),(97,45,'kem chống nắng la roche posay',3,'2025-10-20 06:49:12'),(98,45,'giày nike air force 1',3,'2025-10-20 06:49:12'),(99,45,'sách đắc nhân tâm',5,'2025-10-20 06:49:12'),(100,45,'iphone 15 pro max',2,'2025-10-20 06:49:12'),(101,46,'giày nike air force 1',3,'2025-10-20 06:49:12'),(102,46,'áo thun nam',3,'2025-10-20 06:49:12'),(103,46,'sách đắc nhân tâm',2,'2025-10-20 06:49:12'),(104,46,'iphone 15 pro max',4,'2025-10-20 06:49:12'),(105,46,'kem chống nắng la roche posay',2,'2025-10-20 06:49:12'),(106,47,'iphone 15 pro max',3,'2025-10-20 06:49:12'),(107,47,'giày nike air force 1',2,'2025-10-20 06:49:12'),(108,47,'áo thun nam',4,'2025-10-20 06:49:12'),(109,47,'sách đắc nhân tâm',3,'2025-10-20 06:49:12'),(110,47,'kem chống nắng la roche posay',2,'2025-10-20 06:49:12'),(111,48,'sách đắc nhân tâm',3,'2025-10-20 06:49:12'),(112,48,'iphone 15 pro max',2,'2025-10-20 06:49:12'),(113,48,'giày nike air force 1',2,'2025-10-20 06:49:12'),(114,48,'kem chống nắng la roche posay',2,'2025-10-20 06:49:12'),(115,49,'giày nike air force 1',4,'2025-10-20 06:49:12'),(116,49,'sách đắc nhân tâm',3,'2025-10-20 06:49:12'),(117,49,'kem chống nắng la roche posay',2,'2025-10-20 06:49:12'),(118,49,'iphone 15 pro max',2,'2025-10-20 06:49:12'),(119,49,'áo thun nam',2,'2025-10-20 06:49:12'),(120,50,'áo thun nam',4,'2025-10-20 06:49:12'),(121,50,'giày nike air force 1',2,'2025-10-20 06:49:12'),(122,50,'sách đắc nhân tâm',2,'2025-10-20 06:49:12'),(123,50,'kem chống nắng la roche posay',3,'2025-10-20 06:49:12'),(124,51,'áo thun nam',2,'2025-10-20 06:49:12'),(125,51,'sách đắc nhân tâm',2,'2025-10-20 06:49:12'),(126,51,'kem chống nắng la roche posay',3,'2025-10-20 06:49:12'),(127,51,'iphone 15 pro max',2,'2025-10-20 06:49:12'),(128,52,'giày nike air force 1',6,'2025-10-20 06:49:12'),(129,52,'kem chống nắng la roche posay',2,'2025-10-20 06:49:12'),(130,52,'áo thun nam',4,'2025-10-20 06:49:13'),(131,53,'áo thun nam',4,'2025-10-20 06:49:13'),(132,53,'kem chống nắng la roche posay',2,'2025-10-20 06:49:13'),(133,53,'iphone 15 pro max',5,'2025-10-20 06:49:13'),(134,53,'giày nike air force 1',3,'2025-10-20 06:49:13'),(135,54,'sách đắc nhân tâm',2,'2025-10-20 06:49:13'),(136,54,'giày nike air force 1',3,'2025-10-20 06:49:13'),(137,54,'iphone 15 pro max',3,'2025-10-20 06:49:13'),(138,54,'kem chống nắng la roche posay',2,'2025-10-20 06:49:13'),(139,55,'kem chống nắng la roche posay',5,'2025-10-20 06:49:13'),(140,55,'giày nike air force 1',3,'2025-10-20 06:49:13'),(141,55,'áo thun nam',2,'2025-10-20 06:49:13'),(142,56,'giày nike air force 1',2,'2025-10-20 06:49:13'),(143,56,'iphone 15 pro max',5,'2025-10-20 06:49:13'),(144,56,'kem chống nắng la roche posay',2,'2025-10-20 06:49:13'),(145,57,'kem chống nắng la roche posay',4,'2025-10-20 06:49:13'),(146,57,'iphone 15 pro max',2,'2025-10-20 06:49:13'),(147,57,'áo thun nam',3,'2025-10-20 06:49:13'),(148,58,'iphone 15 pro max',2,'2025-10-20 06:49:13'),(149,58,'kem chống nắng la roche posay',4,'2025-10-20 06:49:13'),(150,58,'giày nike air force 1',5,'2025-10-20 06:49:13'),(151,59,'iphone 15 pro max',5,'2025-10-20 06:49:13'),(152,59,'giày nike air force 1',2,'2025-10-20 06:49:13'),(153,60,'iphone 15 pro max',2,'2025-10-20 06:49:13'),(154,60,'giày nike air force 1',5,'2025-10-20 06:49:13'),(155,60,'kem chống nắng la roche posay',2,'2025-10-20 06:49:13'),(156,60,'sách đắc nhân tâm',3,'2025-10-20 06:49:13'),(157,60,'áo thun nam',2,'2025-10-20 06:49:13'),(158,61,'áo thun nam',3,'2025-10-20 06:49:13'),(159,61,'sách đắc nhân tâm',3,'2025-10-20 06:49:13'),(160,61,'kem chống nắng la roche posay',3,'2025-10-20 06:49:13'),(161,61,'iphone 15 pro max',2,'2025-10-20 06:49:13'),(162,61,'giày nike air force 1',2,'2025-10-20 06:49:13'),(163,62,'iphone 15 pro max',3,'2025-10-20 06:49:14'),(164,62,'giày nike air force 1',4,'2025-10-20 06:49:14'),(165,62,'kem chống nắng la roche posay',2,'2025-10-20 06:49:14'),(166,62,'áo thun nam',2,'2025-10-20 06:49:14'),(167,63,'sách đắc nhân tâm',2,'2025-10-20 06:49:14'),(168,63,'kem chống nắng la roche posay',3,'2025-10-20 06:49:14'),(169,63,'giày nike air force 1',3,'2025-10-20 06:49:14'),(170,63,'iphone 15 pro max',2,'2025-10-20 06:49:14'),(171,64,'iphone 15 pro max',4,'2025-10-20 06:49:14'),(172,64,'kem chống nắng la roche posay',6,'2025-10-20 06:49:14'),(173,64,'giày nike air force 1',2,'2025-10-20 06:49:14'),(174,64,'sách đắc nhân tâm',2,'2025-10-20 06:49:14'),(175,65,'áo thun nam',3,'2025-10-20 06:49:14'),(176,65,'sách đắc nhân tâm',3,'2025-10-20 06:49:14'),(177,65,'giày nike air force 1',2,'2025-10-20 06:49:14'),(178,65,'kem chống nắng la roche posay',3,'2025-10-20 06:49:14'),(179,65,'iphone 15 pro max',2,'2025-10-20 06:49:14'),(180,66,'sách đắc nhân tâm',3,'2025-10-20 06:49:14'),(181,66,'áo thun nam',2,'2025-10-20 06:49:14'),(182,66,'kem chống nắng la roche posay',2,'2025-10-20 06:49:14'),(183,66,'iphone 15 pro max',2,'2025-10-20 06:49:14'),(184,67,'giày nike air force 1',3,'2025-10-20 06:49:14'),(185,67,'iphone 15 pro max',5,'2025-10-20 06:49:14'),(186,67,'sách đắc nhân tâm',3,'2025-10-20 06:49:14'),(187,67,'áo thun nam',2,'2025-10-20 06:49:14'),(188,68,'giày nike air force 1',5,'2025-10-20 06:49:14'),(189,68,'sách đắc nhân tâm',4,'2025-10-20 06:49:14'),(190,68,'iphone 15 pro max',3,'2025-10-20 06:49:14'),(191,68,'áo thun nam',3,'2025-10-20 06:49:14'),(192,69,'iphone 15 pro max',3,'2025-10-20 06:49:14'),(193,69,'giày nike air force 1',2,'2025-10-20 06:49:14'),(194,69,'sách đắc nhân tâm',4,'2025-10-20 06:49:14'),(195,69,'kem chống nắng la roche posay',2,'2025-10-20 06:49:14'),(196,70,'áo thun nam',4,'2025-10-20 06:49:14'),(197,70,'giày nike air force 1',5,'2025-10-20 06:49:14'),(198,70,'kem chống nắng la roche posay',3,'2025-10-20 06:49:14'),(199,70,'sách đắc nhân tâm',2,'2025-10-20 06:49:14'),(200,70,'iphone 15 pro max',3,'2025-10-20 06:49:14'),(201,71,'iphone 15 pro max',3,'2025-10-20 06:49:14'),(202,71,'giày nike air force 1',4,'2025-10-20 06:49:14'),(203,71,'kem chống nắng la roche posay',2,'2025-10-20 06:49:14'),(204,71,'sách đắc nhân tâm',2,'2025-10-20 06:49:14'),(205,72,'áo thun nam',2,'2025-10-20 06:49:15'),(206,72,'sách đắc nhân tâm',2,'2025-10-20 06:49:15'),(207,72,'iphone 15 pro max',5,'2025-10-20 06:49:15'),(208,72,'kem chống nắng la roche posay',2,'2025-10-20 06:49:15'),(209,72,'giày nike air force 1',2,'2025-10-20 06:49:15'),(210,73,'giày nike air force 1',2,'2025-10-20 06:49:15'),(211,73,'áo thun nam',2,'2025-10-20 06:49:15'),(212,73,'sách đắc nhân tâm',4,'2025-10-20 06:49:15'),(213,73,'iphone 15 pro max',3,'2025-10-20 06:49:15'),(214,73,'kem chống nắng la roche posay',5,'2025-10-20 06:49:15'),(215,74,'sách đắc nhân tâm',3,'2025-10-20 06:49:15'),(216,74,'iphone 15 pro max',6,'2025-10-20 06:49:15'),(217,74,'áo thun nam',3,'2025-10-20 06:49:15'),(218,75,'giày nike air force 1',4,'2025-10-20 06:49:15'),(219,75,'áo thun nam',2,'2025-10-20 06:49:15'),(220,75,'iphone 15 pro max',2,'2025-10-20 06:49:15'),(221,75,'kem chống nắng la roche posay',2,'2025-10-20 06:49:15'),(222,75,'sách đắc nhân tâm',2,'2025-10-20 06:49:15'),(223,76,'iphone 15 pro max',2,'2025-10-20 06:49:15'),(224,76,'sách đắc nhân tâm',5,'2025-10-20 06:49:15'),(225,76,'kem chống nắng la roche posay',2,'2025-10-20 06:49:15'),(226,76,'giày nike air force 1',2,'2025-10-20 06:49:15'),(227,77,'áo thun nam',2,'2025-10-20 06:49:15'),(228,77,'sách đắc nhân tâm',4,'2025-10-20 06:49:15'),(229,77,'iphone 15 pro max',4,'2025-10-20 06:49:15'),(230,77,'kem chống nắng la roche posay',4,'2025-10-20 06:49:15'),(231,78,'áo thun nam',3,'2025-10-20 06:49:15'),(232,78,'giày nike air force 1',3,'2025-10-20 06:49:15'),(233,78,'sách đắc nhân tâm',3,'2025-10-20 06:49:15'),(234,79,'kem chống nắng la roche posay',4,'2025-10-20 06:49:15'),(235,79,'iphone 15 pro max',2,'2025-10-20 06:49:15'),(236,79,'giày nike air force 1',4,'2025-10-20 06:49:15'),(237,79,'sách đắc nhân tâm',3,'2025-10-20 06:49:15'),(238,80,'giày nike air force 1',4,'2025-10-20 06:49:16'),(239,80,'sách đắc nhân tâm',2,'2025-10-20 06:49:16'),(240,80,'áo thun nam',2,'2025-10-20 06:49:16'),(241,80,'kem chống nắng la roche posay',2,'2025-10-20 06:49:16'),(242,81,'iphone 15 pro max',5,'2025-10-20 06:49:16'),(243,81,'kem chống nắng la roche posay',2,'2025-10-20 06:49:16'),(244,81,'giày nike air force 1',3,'2025-10-20 06:49:16'),(245,81,'áo thun nam',2,'2025-10-20 06:49:16'),(246,82,'sách đắc nhân tâm',4,'2025-10-20 06:49:16'),(247,82,'kem chống nắng la roche posay',3,'2025-10-20 06:49:16'),(248,82,'áo thun nam',2,'2025-10-20 06:49:16'),(249,83,'áo thun nam',3,'2025-10-20 06:49:16'),(250,83,'iphone 15 pro max',3,'2025-10-20 06:49:16'),(251,83,'giày nike air force 1',2,'2025-10-20 06:49:16'),(252,83,'sách đắc nhân tâm',2,'2025-10-20 06:49:16'),(253,84,'áo thun nam',3,'2025-10-20 06:49:16'),(254,84,'sách đắc nhân tâm',2,'2025-10-20 06:49:16'),(255,84,'kem chống nắng la roche posay',4,'2025-10-20 06:49:16'),(256,84,'giày nike air force 1',2,'2025-10-20 06:49:16'),(257,85,'áo thun nam',4,'2025-10-20 06:49:16'),(258,85,'kem chống nắng la roche posay',4,'2025-10-20 06:49:16'),(259,85,'giày nike air force 1',2,'2025-10-20 06:49:16'),(260,86,'iphone 15 pro max',3,'2025-10-20 06:49:16'),(261,86,'sách đắc nhân tâm',4,'2025-10-20 06:49:16'),(262,86,'kem chống nắng la roche posay',3,'2025-10-20 06:49:16'),(263,86,'giày nike air force 1',2,'2025-10-20 06:49:16'),(264,87,'iphone 15 pro max',4,'2025-10-20 06:49:16'),(265,87,'sách đắc nhân tâm',2,'2025-10-20 06:49:16'),(266,87,'kem chống nắng la roche posay',4,'2025-10-20 06:49:16'),(267,87,'giày nike air force 1',2,'2025-10-20 06:49:16'),(268,88,'sách đắc nhân tâm',3,'2025-10-20 06:49:17'),(269,88,'giày nike air force 1',3,'2025-10-20 06:49:17'),(270,88,'kem chống nắng la roche posay',2,'2025-10-20 06:49:17'),(271,88,'áo thun nam',2,'2025-10-20 06:49:17'),(272,88,'iphone 15 pro max',2,'2025-10-20 06:49:17'),(273,89,'giày nike air force 1',5,'2025-10-20 06:49:17'),(274,89,'áo thun nam',3,'2025-10-20 06:49:17'),(275,89,'kem chống nắng la roche posay',2,'2025-10-20 06:49:17'),(276,90,'iphone 15 pro max',4,'2025-10-20 06:49:17'),(277,90,'giày nike air force 1',2,'2025-10-20 06:49:17'),(278,90,'sách đắc nhân tâm',3,'2025-10-20 06:49:17'),(279,90,'áo thun nam',2,'2025-10-20 06:49:17'),(280,90,'kem chống nắng la roche posay',3,'2025-10-20 06:49:17'),(281,91,'sách đắc nhân tâm',4,'2025-10-20 06:49:17'),(282,91,'kem chống nắng la roche posay',3,'2025-10-20 06:49:17'),(283,91,'iphone 15 pro max',2,'2025-10-20 06:49:17'),(284,91,'giày nike air force 1',2,'2025-10-20 06:49:17'),(285,92,'giày nike air force 1',2,'2025-10-20 06:49:17'),(286,92,'kem chống nắng la roche posay',2,'2025-10-20 06:49:17'),(287,92,'iphone 15 pro max',4,'2025-10-20 06:49:17'),(288,93,'giày nike air force 1',4,'2025-10-20 06:49:18'),(289,93,'sách đắc nhân tâm',2,'2025-10-20 06:49:18'),(290,93,'kem chống nắng la roche posay',3,'2025-10-20 06:49:18'),(291,93,'iphone 15 pro max',2,'2025-10-20 06:49:18'),(292,94,'kem chống nắng la roche posay',4,'2025-10-20 06:49:19'),(293,94,'giày nike air force 1',2,'2025-10-20 06:49:19'),(294,94,'áo thun nam',3,'2025-10-20 06:49:19'),(295,95,'kem chống nắng la roche posay',6,'2025-10-20 06:49:19'),(296,95,'iphone 15 pro max',4,'2025-10-20 06:49:19'),(297,95,'áo thun nam',2,'2025-10-20 06:49:19'),(298,95,'sách đắc nhân tâm',3,'2025-10-20 06:49:19'),(299,96,'kem chống nắng la roche posay',5,'2025-10-20 06:49:20'),(300,96,'áo thun nam',4,'2025-10-20 06:49:20'),(301,96,'iphone 15 pro max',3,'2025-10-20 06:49:20'),(302,97,'sách đắc nhân tâm',3,'2025-10-20 06:49:21'),(303,97,'áo thun nam',3,'2025-10-20 06:49:21'),(304,97,'giày nike air force 1',4,'2025-10-20 06:49:21'),(305,98,'kem chống nắng la roche posay',5,'2025-10-20 06:49:22'),(306,98,'áo thun nam',4,'2025-10-20 06:49:22'),(307,98,'sách đắc nhân tâm',2,'2025-10-20 06:49:22'),(308,99,'giày nike air force 1',3,'2025-10-20 06:49:22'),(309,99,'áo thun nam',2,'2025-10-20 06:49:22'),(310,99,'kem chống nắng la roche posay',2,'2025-10-20 06:49:22'),(311,99,'sách đắc nhân tâm',2,'2025-10-20 06:49:22'),(312,99,'iphone 15 pro max',2,'2025-10-20 06:49:22'),(313,100,'giày nike air force 1',3,'2025-10-20 06:49:23'),(314,100,'iphone 15 pro max',2,'2025-10-20 06:49:23'),(315,100,'sách đắc nhân tâm',2,'2025-10-20 06:49:23'),(316,100,'kem chống nắng la roche posay',3,'2025-10-20 06:49:23'),(317,101,'giày nike air force 1',4,'2025-10-20 06:49:24'),(318,101,'sách đắc nhân tâm',3,'2025-10-20 06:49:24'),(319,101,'kem chống nắng la roche posay',2,'2025-10-20 06:49:24'),(320,101,'iphone 15 pro max',2,'2025-10-20 06:49:24'),(321,102,'iphone 15 pro max',3,'2025-10-20 06:49:24'),(322,102,'áo thun nam',2,'2025-10-20 06:49:24'),(323,102,'giày nike air force 1',3,'2025-10-20 06:49:24'),(324,102,'kem chống nắng la roche posay',2,'2025-10-20 06:49:24'),(325,103,'sách đắc nhân tâm',4,'2025-10-20 06:49:25'),(326,103,'giày nike air force 1',3,'2025-10-20 06:49:25'),(327,103,'iphone 15 pro max',3,'2025-10-20 06:49:25'),(328,103,'áo thun nam',2,'2025-10-20 06:49:25'),(329,104,'áo thun nam',2,'2025-10-20 06:49:26'),(330,104,'sách đắc nhân tâm',5,'2025-10-20 06:49:26'),(331,104,'kem chống nắng la roche posay',3,'2025-10-20 06:49:26'),(332,104,'giày nike air force 1',2,'2025-10-20 06:49:26'),(333,105,'sách đắc nhân tâm',2,'2025-10-20 06:49:26'),(334,105,'iphone 15 pro max',4,'2025-10-20 06:49:26'),(335,105,'áo thun nam',4,'2025-10-20 06:49:26'),(336,105,'giày nike air force 1',4,'2025-10-20 06:49:26'),(337,105,'kem chống nắng la roche posay',2,'2025-10-20 06:49:26'),(338,106,'áo thun nam',3,'2025-10-20 06:49:26'),(339,106,'kem chống nắng la roche posay',3,'2025-10-20 06:49:26'),(340,106,'iphone 15 pro max',3,'2025-10-20 06:49:26'),(341,106,'giày nike air force 1',2,'2025-10-20 06:49:26'),(342,107,'giày nike air force 1',3,'2025-10-20 06:49:26'),(343,107,'iphone 15 pro max',3,'2025-10-20 06:49:26'),(344,107,'kem chống nắng la roche posay',2,'2025-10-20 06:49:26'),(345,108,'giày nike air force 1',4,'2025-10-20 06:49:26'),(346,108,'kem chống nắng la roche posay',3,'2025-10-20 06:49:26'),(347,108,'sách đắc nhân tâm',2,'2025-10-20 06:49:26'),(348,108,'iphone 15 pro max',4,'2025-10-20 06:49:26'),(349,108,'áo thun nam',2,'2025-10-20 06:49:26'),(350,109,'giày nike air force 1',3,'2025-10-20 06:49:27'),(351,109,'kem chống nắng la roche posay',2,'2025-10-20 06:49:26'),(352,109,'áo thun nam',3,'2025-10-20 06:49:26'),(353,110,'sách đắc nhân tâm',3,'2025-10-20 06:49:27'),(354,110,'áo thun nam',3,'2025-10-20 06:49:27'),(355,110,'kem chống nắng la roche posay',4,'2025-10-20 06:49:27'),(356,111,'áo thun nam',3,'2025-10-20 06:49:27'),(357,111,'sách đắc nhân tâm',4,'2025-10-20 06:49:27'),(358,111,'giày nike air force 1',3,'2025-10-20 06:49:27'),(359,112,'áo thun nam',6,'2025-10-20 06:49:27'),(360,112,'sách đắc nhân tâm',3,'2025-10-20 06:49:27'),(361,112,'giày nike air force 1',2,'2025-10-20 06:49:27'),(362,112,'iphone 15 pro max',3,'2025-10-20 06:49:27'),(363,113,'kem chống nắng la roche posay',3,'2025-10-20 06:49:27'),(364,113,'áo thun nam',2,'2025-10-20 06:49:27'),(365,113,'giày nike air force 1',2,'2025-10-20 06:49:27'),(366,113,'iphone 15 pro max',4,'2025-10-20 06:49:27'),(367,114,'áo thun nam',3,'2025-10-20 06:49:27'),(368,114,'giày nike air force 1',3,'2025-10-20 06:49:27'),(369,114,'kem chống nắng la roche posay',5,'2025-10-20 06:49:27'),(370,114,'iphone 15 pro max',2,'2025-10-20 06:49:27'),(371,114,'sách đắc nhân tâm',2,'2025-10-20 06:49:27'),(372,115,'giày nike air force 1',3,'2025-10-20 06:49:27'),(373,115,'kem chống nắng la roche posay',4,'2025-10-20 06:49:27'),(374,115,'áo thun nam',2,'2025-10-20 06:49:27'),(375,115,'sách đắc nhân tâm',2,'2025-10-20 06:49:27'),(376,115,'iphone 15 pro max',2,'2025-10-20 06:49:27'),(377,116,'kem chống nắng la roche posay',4,'2025-10-20 06:49:27'),(378,116,'sách đắc nhân tâm',2,'2025-10-20 06:49:27'),(379,116,'giày nike air force 1',2,'2025-10-20 06:49:27'),(380,116,'iphone 15 pro max',2,'2025-10-20 06:49:27'),(381,116,'áo thun nam',2,'2025-10-20 06:49:27'),(382,117,'iphone 15 pro max',6,'2025-10-20 06:49:27'),(383,117,'giày nike air force 1',2,'2025-10-20 06:49:27'),(384,117,'kem chống nắng la roche posay',2,'2025-10-20 06:49:27'),(385,117,'áo thun nam',2,'2025-10-20 06:49:27'),(386,118,'iphone 15 pro max',4,'2025-10-20 06:49:28'),(387,118,'sách đắc nhân tâm',2,'2025-10-20 06:49:28'),(388,118,'giày nike air force 1',2,'2025-10-20 06:49:28'),(389,118,'kem chống nắng la roche posay',2,'2025-10-20 06:49:28'),(390,118,'áo thun nam',2,'2025-10-20 06:49:28'),(391,119,'kem chống nắng la roche posay',4,'2025-10-20 06:49:28'),(392,119,'giày nike air force 1',3,'2025-10-20 06:49:28'),(393,119,'sách đắc nhân tâm',2,'2025-10-20 06:49:28'),(394,120,'áo thun nam',4,'2025-10-20 06:49:28'),(395,120,'giày nike air force 1',2,'2025-10-20 06:49:28'),(396,120,'sách đắc nhân tâm',4,'2025-10-20 06:49:28'),(397,120,'kem chống nắng la roche posay',2,'2025-10-20 06:49:28'),(398,120,'iphone 15 pro max',2,'2025-10-20 06:49:28'),(399,121,'giày nike air force 1',3,'2025-10-20 06:49:28'),(400,121,'iphone 15 pro max',2,'2025-10-20 06:49:28'),(401,121,'sách đắc nhân tâm',2,'2025-10-20 06:49:28'),(402,121,'kem chống nắng la roche posay',3,'2025-10-20 06:49:28');
/*!40000 ALTER TABLE `search_histories` ENABLE KEYS */;
UNLOCK TABLES;

--
-- Table structure for table `seller_promotion_participation`
--

DROP TABLE IF EXISTS `seller_promotion_participation`;
/*!40101 SET @saved_cs_client     = @@character_set_client */;
/*!50503 SET character_set_client = utf8mb4 */;
CREATE TABLE `seller_promotion_participation` (
  `participation_id` bigint(20) unsigned NOT NULL AUTO_INCREMENT,
  `seller_id` bigint(20) unsigned NOT NULL,
  `platform_promotion_id` bigint(20) unsigned NOT NULL,
  `status` enum('pending','approved','rejected','active','completed') NOT NULL DEFAULT 'pending',
  `seller_contribution` decimal(18,2) NOT NULL DEFAULT 0.00,
  `created_at` timestamp NULL DEFAULT NULL,
  `updated_at` timestamp NULL DEFAULT NULL,
  PRIMARY KEY (`participation_id`),
  UNIQUE KEY `seller_participation_unique` (`seller_id`,`platform_promotion_id`),
  KEY `seller_promotion_participation_platform_promotion_id_foreign` (`platform_promotion_id`),
  KEY `seller_promotion_participation_status_index` (`status`),
  CONSTRAINT `seller_promotion_participation_platform_promotion_id_foreign` FOREIGN KEY (`platform_promotion_id`) REFERENCES `promotions` (`promotion_id`) ON DELETE CASCADE,
  CONSTRAINT `seller_promotion_participation_seller_id_foreign` FOREIGN KEY (`seller_id`) REFERENCES `users` (`id`) ON DELETE CASCADE
) ENGINE=InnoDB DEFAULT CHARSET=utf8mb4 COLLATE=utf8mb4_unicode_ci;
/*!40101 SET character_set_client = @saved_cs_client */;

--
-- Dumping data for table `seller_promotion_participation`
--

LOCK TABLES `seller_promotion_participation` WRITE;
/*!40000 ALTER TABLE `seller_promotion_participation` DISABLE KEYS */;
/*!40000 ALTER TABLE `seller_promotion_participation` ENABLE KEYS */;
UNLOCK TABLES;

--
-- Table structure for table `seller_promotion_wallets`
--

DROP TABLE IF EXISTS `seller_promotion_wallets`;
/*!40101 SET @saved_cs_client     = @@character_set_client */;
/*!50503 SET character_set_client = utf8mb4 */;
CREATE TABLE `seller_promotion_wallets` (
  `wallet_id` bigint(20) unsigned NOT NULL AUTO_INCREMENT,
  `seller_id` bigint(20) unsigned NOT NULL,
  `balance` decimal(18,2) NOT NULL DEFAULT 0.00,
  `total_earned` decimal(18,2) NOT NULL DEFAULT 0.00,
  `total_spent` decimal(18,2) NOT NULL DEFAULT 0.00,
  `currency` varchar(3) NOT NULL DEFAULT 'VND',
  `status` enum('active','suspended','closed') NOT NULL DEFAULT 'active',
  `created_at` timestamp NULL DEFAULT NULL,
  `updated_at` timestamp NULL DEFAULT NULL,
  PRIMARY KEY (`wallet_id`),
  UNIQUE KEY `seller_promotion_wallets_seller_id_unique` (`seller_id`),
  KEY `seller_promotion_wallets_status_index` (`status`),
  CONSTRAINT `seller_promotion_wallets_seller_id_foreign` FOREIGN KEY (`seller_id`) REFERENCES `users` (`id`) ON DELETE CASCADE
) ENGINE=InnoDB DEFAULT CHARSET=utf8mb4 COLLATE=utf8mb4_unicode_ci;
/*!40101 SET character_set_client = @saved_cs_client */;

--
-- Dumping data for table `seller_promotion_wallets`
--

LOCK TABLES `seller_promotion_wallets` WRITE;
/*!40000 ALTER TABLE `seller_promotion_wallets` DISABLE KEYS */;
/*!40000 ALTER TABLE `seller_promotion_wallets` ENABLE KEYS */;
UNLOCK TABLES;

--
-- Table structure for table `seller_wallet_transactions`
--

DROP TABLE IF EXISTS `seller_wallet_transactions`;
/*!40101 SET @saved_cs_client     = @@character_set_client */;
/*!50503 SET character_set_client = utf8mb4 */;
CREATE TABLE `seller_wallet_transactions` (
  `transaction_id` bigint(20) unsigned NOT NULL AUTO_INCREMENT,
  `wallet_id` bigint(20) unsigned NOT NULL,
  `amount` decimal(18,2) NOT NULL,
  `type` enum('credit','debit') NOT NULL,
  `description` text DEFAULT NULL,
  `reference_type` varchar(50) DEFAULT NULL,
  `reference_id` bigint(20) unsigned DEFAULT NULL,
  `balance_before` decimal(18,2) DEFAULT NULL,
  `balance_after` decimal(18,2) DEFAULT NULL,
  `created_at` timestamp NULL DEFAULT NULL,
  `updated_at` timestamp NULL DEFAULT NULL,
  PRIMARY KEY (`transaction_id`),
  KEY `seller_wallet_transactions_wallet_id_created_at_index` (`wallet_id`,`created_at`),
  KEY `seller_wallet_transactions_reference_type_reference_id_index` (`reference_type`,`reference_id`),
  CONSTRAINT `seller_wallet_transactions_wallet_id_foreign` FOREIGN KEY (`wallet_id`) REFERENCES `seller_promotion_wallets` (`wallet_id`) ON DELETE CASCADE
) ENGINE=InnoDB DEFAULT CHARSET=utf8mb4 COLLATE=utf8mb4_unicode_ci;
/*!40101 SET character_set_client = @saved_cs_client */;

--
-- Dumping data for table `seller_wallet_transactions`
--

LOCK TABLES `seller_wallet_transactions` WRITE;
/*!40000 ALTER TABLE `seller_wallet_transactions` DISABLE KEYS */;
/*!40000 ALTER TABLE `seller_wallet_transactions` ENABLE KEYS */;
UNLOCK TABLES;

--
-- Table structure for table `sessions`
--

DROP TABLE IF EXISTS `sessions`;
/*!40101 SET @saved_cs_client     = @@character_set_client */;
/*!50503 SET character_set_client = utf8mb4 */;
CREATE TABLE `sessions` (
  `id` varchar(255) NOT NULL,
  `user_id` bigint(20) unsigned DEFAULT NULL,
  `ip_address` varchar(45) DEFAULT NULL,
  `user_agent` text DEFAULT NULL,
  `payload` longtext NOT NULL,
  `last_activity` int(11) NOT NULL,
  PRIMARY KEY (`id`),
  KEY `sessions_user_id_index` (`user_id`),
  KEY `sessions_last_activity_index` (`last_activity`)
) ENGINE=InnoDB DEFAULT CHARSET=utf8mb4 COLLATE=utf8mb4_unicode_ci;
/*!40101 SET character_set_client = @saved_cs_client */;

--
-- Dumping data for table `sessions`
--

LOCK TABLES `sessions` WRITE;
/*!40000 ALTER TABLE `sessions` DISABLE KEYS */;
/*!40000 ALTER TABLE `sessions` ENABLE KEYS */;
UNLOCK TABLES;

--
-- Table structure for table `shipment_journeys`
--

DROP TABLE IF EXISTS `shipment_journeys`;
/*!40101 SET @saved_cs_client     = @@character_set_client */;
/*!50503 SET character_set_client = utf8mb4 */;
CREATE TABLE `shipment_journeys` (
  `id` bigint(20) unsigned NOT NULL AUTO_INCREMENT,
  `order_id` bigint(20) unsigned NOT NULL,
  `leg_type` enum('first_mile','middle_mile','last_mile') NOT NULL,
  `shipper_id` bigint(20) unsigned DEFAULT NULL,
  `start_hub_id` bigint(20) unsigned DEFAULT NULL,
  `end_hub_id` bigint(20) unsigned DEFAULT NULL,
  `status` varchar(255) NOT NULL,
  `created_at` timestamp NULL DEFAULT NULL,
  `updated_at` timestamp NULL DEFAULT NULL,
  PRIMARY KEY (`id`),
  KEY `shipment_journeys_order_id_foreign` (`order_id`),
  KEY `shipment_journeys_shipper_id_foreign` (`shipper_id`),
  KEY `shipment_journeys_start_hub_id_foreign` (`start_hub_id`),
  KEY `shipment_journeys_end_hub_id_foreign` (`end_hub_id`),
  CONSTRAINT `shipment_journeys_end_hub_id_foreign` FOREIGN KEY (`end_hub_id`) REFERENCES `hubs` (`id`),
  CONSTRAINT `shipment_journeys_order_id_foreign` FOREIGN KEY (`order_id`) REFERENCES `orders` (`order_id`),
  CONSTRAINT `shipment_journeys_shipper_id_foreign` FOREIGN KEY (`shipper_id`) REFERENCES `users` (`id`),
  CONSTRAINT `shipment_journeys_start_hub_id_foreign` FOREIGN KEY (`start_hub_id`) REFERENCES `hubs` (`id`)
) ENGINE=InnoDB DEFAULT CHARSET=utf8mb4 COLLATE=utf8mb4_unicode_ci;
/*!40101 SET character_set_client = @saved_cs_client */;

--
-- Dumping data for table `shipment_journeys`
--

LOCK TABLES `shipment_journeys` WRITE;
/*!40000 ALTER TABLE `shipment_journeys` DISABLE KEYS */;
/*!40000 ALTER TABLE `shipment_journeys` ENABLE KEYS */;
UNLOCK TABLES;

--
-- Table structure for table `shipper_profiles`
--

DROP TABLE IF EXISTS `shipper_profiles`;
/*!40101 SET @saved_cs_client     = @@character_set_client */;
/*!50503 SET character_set_client = utf8mb4 */;
CREATE TABLE `shipper_profiles` (
  `user_id` bigint(20) unsigned NOT NULL,
  `id_card_number` varchar(255) NOT NULL,
  `id_card_front_url` varchar(255) NOT NULL,
  `id_card_back_url` varchar(255) NOT NULL,
  `driver_license_number` varchar(255) NOT NULL,
  `driver_license_front_url` varchar(255) NOT NULL,
  `vehicle_type` varchar(255) NOT NULL,
  `license_plate` varchar(255) NOT NULL,
  `status` enum('pending','approved','rejected','suspended') NOT NULL DEFAULT 'pending',
  `created_at` timestamp NULL DEFAULT NULL,
  `updated_at` timestamp NULL DEFAULT NULL,
  PRIMARY KEY (`user_id`),
  CONSTRAINT `shipper_profiles_user_id_foreign` FOREIGN KEY (`user_id`) REFERENCES `users` (`id`)
) ENGINE=InnoDB DEFAULT CHARSET=utf8mb4 COLLATE=utf8mb4_unicode_ci;
/*!40101 SET character_set_client = @saved_cs_client */;

--
-- Dumping data for table `shipper_profiles`
--

LOCK TABLES `shipper_profiles` WRITE;
/*!40000 ALTER TABLE `shipper_profiles` DISABLE KEYS */;
INSERT INTO `shipper_profiles` VALUES (122,'94562210054','https://via.placeholder.com/600x400.png/009944?text=id-front','https://via.placeholder.com/600x400.png/009944?text=id-back','45-80138574','https://via.placeholder.com/600x400.png/0077bb?text=license','Van','21x-0939','pending','2025-10-20 06:49:03','2025-10-20 06:49:03'),(123,'90171241376','https://via.placeholder.com/600x400.png/009944?text=id-front','https://via.placeholder.com/600x400.png/009944?text=id-back','45-05174989','https://via.placeholder.com/600x400.png/0077bb?text=license','Bicycle','21v-5585','pending','2025-10-20 06:49:03','2025-10-20 06:49:03'),(124,'75060545504','https://via.placeholder.com/600x400.png/009944?text=id-front','https://via.placeholder.com/600x400.png/009944?text=id-back','34-40063309','https://via.placeholder.com/600x400.png/0077bb?text=license','Van','51f-6727','pending','2025-10-20 06:49:03','2025-10-20 06:49:03'),(125,'18775358795','https://via.placeholder.com/600x400.png/009944?text=id-front','https://via.placeholder.com/600x400.png/009944?text=id-back','89-81860560','https://via.placeholder.com/600x400.png/0077bb?text=license','Van','66n-5672','pending','2025-10-20 06:49:03','2025-10-20 06:49:03'),(126,'09483794753','https://via.placeholder.com/600x400.png/009944?text=id-front','https://via.placeholder.com/600x400.png/009944?text=id-back','45-61486773','https://via.placeholder.com/600x400.png/0077bb?text=license','Bicycle','79d-6822','approved','2025-10-20 06:49:03','2025-10-20 06:49:03'),(127,'67574255076','https://via.placeholder.com/600x400.png/009944?text=id-front','https://via.placeholder.com/600x400.png/009944?text=id-back','62-18663046','https://via.placeholder.com/600x400.png/0077bb?text=license','Van','30u-6473','approved','2025-10-20 06:49:03','2025-10-20 06:49:03'),(128,'33922730066','https://via.placeholder.com/600x400.png/009944?text=id-front','https://via.placeholder.com/600x400.png/009944?text=id-back','16-65672633','https://via.placeholder.com/600x400.png/0077bb?text=license','Van','48o-4649','approved','2025-10-20 06:49:03','2025-10-20 06:49:03'),(129,'67067651826','https://via.placeholder.com/600x400.png/009944?text=id-front','https://via.placeholder.com/600x400.png/009944?text=id-back','51-86719875','https://via.placeholder.com/600x400.png/0077bb?text=license','Car','25m-8099','approved','2025-10-20 06:49:03','2025-10-20 06:49:03'),(130,'75199973522','https://via.placeholder.com/600x400.png/009944?text=id-front','https://via.placeholder.com/600x400.png/009944?text=id-back','46-30195698','https://via.placeholder.com/600x400.png/0077bb?text=license','Bicycle','77b-5641','rejected','2025-10-20 06:49:03','2025-10-20 06:49:03'),(131,'89594736085','https://via.placeholder.com/600x400.png/009944?text=id-front','https://via.placeholder.com/600x400.png/009944?text=id-back','64-28604054','https://via.placeholder.com/600x400.png/0077bb?text=license','Van','96s-3019','suspended','2025-10-20 06:49:03','2025-10-20 06:49:03');
/*!40000 ALTER TABLE `shipper_profiles` ENABLE KEYS */;
UNLOCK TABLES;

--
-- Table structure for table `shipper_ratings`
--

DROP TABLE IF EXISTS `shipper_ratings`;
/*!40101 SET @saved_cs_client     = @@character_set_client */;
/*!50503 SET character_set_client = utf8mb4 */;
CREATE TABLE `shipper_ratings` (
  `id` bigint(20) unsigned NOT NULL AUTO_INCREMENT,
  `order_id` bigint(20) unsigned NOT NULL,
  `shipper_id` bigint(20) unsigned NOT NULL,
  `customer_id` bigint(20) unsigned NOT NULL,
  `rating` tinyint(3) unsigned NOT NULL,
  `comment` text DEFAULT NULL,
  `criteria_ratings` longtext CHARACTER SET utf8mb4 COLLATE utf8mb4_bin DEFAULT NULL CHECK (json_valid(`criteria_ratings`)),
  `is_anonymous` tinyint(1) NOT NULL DEFAULT 0,
  `rated_at` timestamp NOT NULL DEFAULT current_timestamp() ON UPDATE current_timestamp(),
  `created_at` timestamp NULL DEFAULT NULL,
  `updated_at` timestamp NULL DEFAULT NULL,
  PRIMARY KEY (`id`),
  UNIQUE KEY `shipper_ratings_order_id_customer_id_unique` (`order_id`,`customer_id`),
  KEY `shipper_ratings_shipper_id_rating_index` (`shipper_id`,`rating`),
  KEY `shipper_ratings_customer_id_rated_at_index` (`customer_id`,`rated_at`),
  KEY `shipper_ratings_order_id_index` (`order_id`),
  CONSTRAINT `shipper_ratings_customer_id_foreign` FOREIGN KEY (`customer_id`) REFERENCES `users` (`id`) ON DELETE CASCADE,
  CONSTRAINT `shipper_ratings_order_id_foreign` FOREIGN KEY (`order_id`) REFERENCES `orders` (`order_id`) ON DELETE CASCADE,
  CONSTRAINT `shipper_ratings_shipper_id_foreign` FOREIGN KEY (`shipper_id`) REFERENCES `users` (`id`) ON DELETE CASCADE
) ENGINE=InnoDB DEFAULT CHARSET=utf8mb4 COLLATE=utf8mb4_unicode_ci;
/*!40101 SET character_set_client = @saved_cs_client */;

--
-- Dumping data for table `shipper_ratings`
--

LOCK TABLES `shipper_ratings` WRITE;
/*!40000 ALTER TABLE `shipper_ratings` DISABLE KEYS */;
/*!40000 ALTER TABLE `shipper_ratings` ENABLE KEYS */;
UNLOCK TABLES;

--
-- Table structure for table `shipping_details`
--

DROP TABLE IF EXISTS `shipping_details`;
/*!40101 SET @saved_cs_client     = @@character_set_client */;
/*!50503 SET character_set_client = utf8mb4 */;
CREATE TABLE `shipping_details` (
  `shipping_detail_id` bigint(20) unsigned NOT NULL AUTO_INCREMENT,
  `order_id` bigint(20) unsigned NOT NULL,
  `shipping_provider` varchar(100) NOT NULL,
  `tracking_number` varchar(100) DEFAULT NULL,
  `external_order_id` varchar(100) DEFAULT NULL,
  `status` tinyint(4) NOT NULL,
  `shipping_fee` decimal(18,2) NOT NULL,
  `status_history` text DEFAULT NULL COMMENT 'JSON history from provider',
  `created_at` timestamp NULL DEFAULT NULL,
  `updated_at` timestamp NULL DEFAULT NULL,
  PRIMARY KEY (`shipping_detail_id`),
  UNIQUE KEY `shipping_details_order_id_unique` (`order_id`),
  KEY `shipping_details_tracking_number_index` (`tracking_number`),
  CONSTRAINT `shipping_details_order_id_foreign` FOREIGN KEY (`order_id`) REFERENCES `orders` (`order_id`) ON DELETE CASCADE
) ENGINE=InnoDB AUTO_INCREMENT=319 DEFAULT CHARSET=utf8mb4 COLLATE=utf8mb4_unicode_ci;
/*!40101 SET character_set_client = @saved_cs_client */;

--
-- Dumping data for table `shipping_details`
--

LOCK TABLES `shipping_details` WRITE;
/*!40000 ALTER TABLE `shipping_details` DISABLE KEYS */;
INSERT INTO `shipping_details` VALUES (1,1,'VNPost','TRACKRG726586',NULL,4,21.54,NULL,'2025-10-20 06:49:07','2025-10-20 06:49:07'),(2,2,'VNPost','TRACKVJ706646',NULL,5,35.13,NULL,'2025-10-20 06:49:07','2025-10-20 06:49:07'),(3,3,'VNPost','TRACKGJ963651',NULL,4,6.81,NULL,'2025-10-20 06:49:07','2025-10-20 06:49:07'),(4,4,'Giao Hàng Nhanh','TRACKWX548832',NULL,4,32.68,NULL,'2025-10-20 06:49:07','2025-10-20 06:49:07'),(5,5,'Giao Hàng Tiết Kiệm','TRACKOC739883',NULL,1,26.91,NULL,'2025-10-20 06:49:07','2025-10-20 06:49:07'),(6,6,'Giao Hàng Nhanh','TRACKPE497722',NULL,5,34.16,NULL,'2025-10-20 06:49:07','2025-10-20 06:49:07'),(7,7,'Giao Hàng Tiết Kiệm','TRACKEI179978',NULL,3,16.27,NULL,'2025-10-20 06:49:07','2025-10-20 06:49:07'),(8,8,'VNPost','TRACKWD487943',NULL,2,49.79,NULL,'2025-10-20 06:49:07','2025-10-20 06:49:07'),(9,9,'Viettel Post','TRACKJR291689',NULL,2,11.93,NULL,'2025-10-20 06:49:07','2025-10-20 06:49:07'),(10,10,'Giao Hàng Tiết Kiệm','TRACKQT735690',NULL,1,35.13,NULL,'2025-10-20 06:49:07','2025-10-20 06:49:07'),(11,11,'VNPost','TRACKEG014938',NULL,2,20.34,NULL,'2025-10-20 06:49:07','2025-10-20 06:49:07'),(12,12,'VNPost','TRACKPV086832',NULL,3,48.47,NULL,'2025-10-20 06:49:07','2025-10-20 06:49:07'),(13,13,'Giao Hàng Tiết Kiệm','TRACKEH610564',NULL,4,12.66,NULL,'2025-10-20 06:49:07','2025-10-20 06:49:07'),(14,14,'Giao Hàng Tiết Kiệm','TRACKZV952677',NULL,4,26.51,NULL,'2025-10-20 06:49:07','2025-10-20 06:49:07'),(15,15,'Viettel Post','TRACKFR857716',NULL,2,16.44,NULL,'2025-10-20 06:49:07','2025-10-20 06:49:07'),(16,16,'Giao Hàng Tiết Kiệm','TRACKIZ303698',NULL,3,7.02,NULL,'2025-10-20 06:49:07','2025-10-20 06:49:07'),(17,17,'VNPost','TRACKKC918857',NULL,2,25.07,NULL,'2025-10-20 06:49:07','2025-10-20 06:49:07'),(18,18,'Giao Hàng Nhanh','TRACKYL871973',NULL,4,48.91,NULL,'2025-10-20 06:49:07','2025-10-20 06:49:07'),(19,19,'VNPost','TRACKJQ411140',NULL,4,32.91,NULL,'2025-10-20 06:49:07','2025-10-20 06:49:07'),(20,20,'Giao Hàng Tiết Kiệm','TRACKSQ178742',NULL,4,29.71,NULL,'2025-10-20 06:49:07','2025-10-20 06:49:07'),(21,21,'Giao Hàng Tiết Kiệm','TRACKOH676880',NULL,5,26.62,NULL,'2025-10-20 06:49:07','2025-10-20 06:49:07'),(22,22,'Viettel Post','TRACKJI138000',NULL,5,24.29,NULL,'2025-10-20 06:49:07','2025-10-20 06:49:07'),(23,23,'Viettel Post','TRACKDX967010',NULL,4,47.73,NULL,'2025-10-20 06:49:07','2025-10-20 06:49:07'),(24,24,'Giao Hàng Nhanh','TRACKEA434792',NULL,1,20.42,NULL,'2025-10-20 06:49:07','2025-10-20 06:49:07'),(25,25,'Giao Hàng Tiết Kiệm','TRACKUV921508',NULL,1,13.96,NULL,'2025-10-20 06:49:07','2025-10-20 06:49:07'),(26,26,'Giao Hàng Nhanh','TRACKDD283967',NULL,1,39.62,NULL,'2025-10-20 06:49:07','2025-10-20 06:49:07'),(27,27,'Giao Hàng Tiết Kiệm','TRACKCG760570',NULL,1,33.78,NULL,'2025-10-20 06:49:07','2025-10-20 06:49:07'),(28,28,'Viettel Post','TRACKAG745582',NULL,5,26.91,NULL,'2025-10-20 06:49:07','2025-10-20 06:49:07'),(29,29,'Giao Hàng Nhanh','TRACKNM913403',NULL,1,15.10,NULL,'2025-10-20 06:49:07','2025-10-20 06:49:07'),(30,30,'Giao Hàng Nhanh','TRACKDZ383721',NULL,1,48.75,NULL,'2025-10-20 06:49:07','2025-10-20 06:49:07'),(31,31,'Giao Hàng Tiết Kiệm','TRACKLI454650',NULL,2,6.52,NULL,'2025-10-20 06:49:07','2025-10-20 06:49:07'),(32,32,'Viettel Post','TRACKYQ451589',NULL,2,18.01,NULL,'2025-10-20 06:49:07','2025-10-20 06:49:07'),(33,33,'Giao Hàng Nhanh','TRACKBG867973',NULL,4,38.90,NULL,'2025-10-20 06:49:07','2025-10-20 06:49:07'),(34,34,'Giao Hàng Tiết Kiệm','TRACKJM090684',NULL,1,7.06,NULL,'2025-10-20 06:49:07','2025-10-20 06:49:07'),(35,35,'VNPost','TRACKYD981346',NULL,4,15.49,NULL,'2025-10-20 06:49:07','2025-10-20 06:49:07'),(36,36,'Giao Hàng Tiết Kiệm','TRACKAN905117',NULL,5,47.83,NULL,'2025-10-20 06:49:07','2025-10-20 06:49:07'),(37,37,'Viettel Post','TRACKAL452189',NULL,4,45.57,NULL,'2025-10-20 06:49:07','2025-10-20 06:49:07'),(38,38,'Giao Hàng Nhanh','TRACKGY928354',NULL,1,29.01,NULL,'2025-10-20 06:49:07','2025-10-20 06:49:07'),(39,39,'Giao Hàng Tiết Kiệm','TRACKEK198724',NULL,2,42.24,NULL,'2025-10-20 06:49:07','2025-10-20 06:49:07'),(40,40,'Giao Hàng Tiết Kiệm','TRACKHE704754',NULL,5,14.81,NULL,'2025-10-20 06:49:07','2025-10-20 06:49:07'),(41,41,'Viettel Post','TRACKHP040041',NULL,2,22.88,NULL,'2025-10-20 06:49:07','2025-10-20 06:49:07'),(42,42,'Viettel Post','TRACKUS921356',NULL,1,25.67,NULL,'2025-10-20 06:49:07','2025-10-20 06:49:07'),(43,43,'Giao Hàng Tiết Kiệm','TRACKEQ827562',NULL,5,8.48,NULL,'2025-10-20 06:49:07','2025-10-20 06:49:07'),(44,44,'VNPost','TRACKKI158540',NULL,4,15.38,NULL,'2025-10-20 06:49:07','2025-10-20 06:49:07'),(45,45,'Viettel Post','TRACKLX423398',NULL,3,42.25,NULL,'2025-10-20 06:49:07','2025-10-20 06:49:07'),(46,46,'Giao Hàng Tiết Kiệm','TRACKQG012141',NULL,4,34.36,NULL,'2025-10-20 06:49:07','2025-10-20 06:49:07'),(47,47,'VNPost','TRACKVZ838891',NULL,5,38.24,NULL,'2025-10-20 06:49:07','2025-10-20 06:49:07'),(48,48,'VNPost','TRACKQJ764079',NULL,5,31.12,NULL,'2025-10-20 06:49:07','2025-10-20 06:49:07'),(49,49,'VNPost','TRACKSQ823307',NULL,4,41.26,NULL,'2025-10-20 06:49:07','2025-10-20 06:49:07'),(50,50,'Viettel Post','TRACKOT553211',NULL,4,12.91,NULL,'2025-10-20 06:49:07','2025-10-20 06:49:07'),(51,51,'VNPost','TRACKFX415927',NULL,1,47.12,NULL,'2025-10-20 06:49:07','2025-10-20 06:49:07'),(52,52,'VNPost','TRACKUI367357',NULL,5,18.89,NULL,'2025-10-20 06:49:07','2025-10-20 06:49:07'),(53,53,'VNPost','TRACKCX714276',NULL,1,49.31,NULL,'2025-10-20 06:49:07','2025-10-20 06:49:07'),(54,54,'Giao Hàng Tiết Kiệm','TRACKCR239244',NULL,3,45.21,NULL,'2025-10-20 06:49:07','2025-10-20 06:49:07'),(55,55,'VNPost','TRACKKW578015',NULL,1,8.91,NULL,'2025-10-20 06:49:07','2025-10-20 06:49:07'),(56,56,'Giao Hàng Tiết Kiệm','TRACKXV632585',NULL,5,44.33,NULL,'2025-10-20 06:49:07','2025-10-20 06:49:07'),(57,57,'Viettel Post','TRACKJK650168',NULL,2,35.16,NULL,'2025-10-20 06:49:07','2025-10-20 06:49:07'),(58,58,'Viettel Post','TRACKAW655105',NULL,2,27.93,NULL,'2025-10-20 06:49:07','2025-10-20 06:49:07'),(59,59,'Giao Hàng Nhanh','TRACKEW941625',NULL,1,43.95,NULL,'2025-10-20 06:49:07','2025-10-20 06:49:07'),(60,60,'Giao Hàng Nhanh','TRACKBX547890',NULL,4,20.62,NULL,'2025-10-20 06:49:07','2025-10-20 06:49:07'),(61,61,'VNPost','TRACKKZ678034',NULL,2,17.10,NULL,'2025-10-20 06:49:07','2025-10-20 06:49:07'),(62,62,'Giao Hàng Tiết Kiệm','TRACKJR279298',NULL,4,20.07,NULL,'2025-10-20 06:49:07','2025-10-20 06:49:07'),(63,63,'VNPost','TRACKNL667181',NULL,1,39.83,NULL,'2025-10-20 06:49:07','2025-10-20 06:49:07'),(64,64,'Viettel Post','TRACKQA880385',NULL,2,41.47,NULL,'2025-10-20 06:49:07','2025-10-20 06:49:07'),(65,65,'Giao Hàng Tiết Kiệm','TRACKWP956416',NULL,5,41.77,NULL,'2025-10-20 06:49:07','2025-10-20 06:49:07'),(66,66,'Giao Hàng Tiết Kiệm','TRACKPG278314',NULL,2,16.41,NULL,'2025-10-20 06:49:07','2025-10-20 06:49:07'),(67,67,'Giao Hàng Nhanh','TRACKWH764387',NULL,3,49.20,NULL,'2025-10-20 06:49:07','2025-10-20 06:49:07'),(68,68,'Giao Hàng Tiết Kiệm','TRACKGO546849',NULL,1,22.01,NULL,'2025-10-20 06:49:07','2025-10-20 06:49:07'),(69,69,'Viettel Post','TRACKSF982918',NULL,1,48.53,NULL,'2025-10-20 06:49:07','2025-10-20 06:49:07'),(70,70,'Giao Hàng Tiết Kiệm','TRACKEN949721',NULL,1,36.62,NULL,'2025-10-20 06:49:07','2025-10-20 06:49:07'),(71,71,'Viettel Post','TRACKDD813946',NULL,2,38.93,NULL,'2025-10-20 06:49:07','2025-10-20 06:49:07'),(72,72,'VNPost','TRACKIE397069',NULL,4,13.29,NULL,'2025-10-20 06:49:07','2025-10-20 06:49:07'),(73,73,'Viettel Post','TRACKZI434317',NULL,2,31.04,NULL,'2025-10-20 06:49:07','2025-10-20 06:49:07'),(74,74,'VNPost','TRACKXQ692292',NULL,1,45.39,NULL,'2025-10-20 06:49:07','2025-10-20 06:49:07'),(75,75,'Giao Hàng Nhanh','TRACKZC305772',NULL,4,31.41,NULL,'2025-10-20 06:49:07','2025-10-20 06:49:07'),(76,76,'Giao Hàng Nhanh','TRACKOV719013',NULL,5,44.81,NULL,'2025-10-20 06:49:08','2025-10-20 06:49:08'),(77,77,'Giao Hàng Nhanh','TRACKOA192782',NULL,2,32.64,NULL,'2025-10-20 06:49:08','2025-10-20 06:49:08'),(78,78,'Giao Hàng Tiết Kiệm','TRACKCN519682',NULL,2,40.08,NULL,'2025-10-20 06:49:08','2025-10-20 06:49:08'),(79,79,'VNPost','TRACKPZ369158',NULL,2,6.13,NULL,'2025-10-20 06:49:08','2025-10-20 06:49:08'),(80,80,'Viettel Post','TRACKSD654783',NULL,4,40.51,NULL,'2025-10-20 06:49:08','2025-10-20 06:49:08'),(81,81,'VNPost','TRACKXC517471',NULL,1,34.40,NULL,'2025-10-20 06:49:08','2025-10-20 06:49:08'),(82,82,'Viettel Post','TRACKWV601769',NULL,5,28.17,NULL,'2025-10-20 06:49:08','2025-10-20 06:49:08'),(83,83,'Giao Hàng Tiết Kiệm','TRACKKZ022636',NULL,2,18.55,NULL,'2025-10-20 06:49:08','2025-10-20 06:49:08'),(84,84,'VNPost','TRACKZN104463',NULL,4,32.24,NULL,'2025-10-20 06:49:08','2025-10-20 06:49:08'),(85,85,'VNPost','TRACKDC502851',NULL,4,40.02,NULL,'2025-10-20 06:49:08','2025-10-20 06:49:08'),(86,86,'VNPost','TRACKQM702266',NULL,5,6.20,NULL,'2025-10-20 06:49:08','2025-10-20 06:49:08'),(87,87,'Viettel Post','TRACKJM718564',NULL,4,10.15,NULL,'2025-10-20 06:49:08','2025-10-20 06:49:08'),(88,88,'Giao Hàng Nhanh','TRACKYJ838080',NULL,5,24.09,NULL,'2025-10-20 06:49:08','2025-10-20 06:49:08'),(89,89,'Giao Hàng Nhanh','TRACKBU734586',NULL,5,34.53,NULL,'2025-10-20 06:49:08','2025-10-20 06:49:08'),(90,90,'Giao Hàng Tiết Kiệm','TRACKSD260827',NULL,4,29.36,NULL,'2025-10-20 06:49:08','2025-10-20 06:49:08'),(91,91,'Giao Hàng Nhanh','TRACKUY901903',NULL,2,44.52,NULL,'2025-10-20 06:49:08','2025-10-20 06:49:08'),(92,92,'VNPost','TRACKRB049265',NULL,5,41.67,NULL,'2025-10-20 06:49:08','2025-10-20 06:49:08'),(93,93,'Giao Hàng Tiết Kiệm','TRACKFI804876',NULL,5,39.15,NULL,'2025-10-20 06:49:08','2025-10-20 06:49:08'),(94,94,'Giao Hàng Tiết Kiệm','TRACKBA970023',NULL,2,46.12,NULL,'2025-10-20 06:49:08','2025-10-20 06:49:08'),(95,95,'Viettel Post','TRACKXO124631',NULL,5,33.23,NULL,'2025-10-20 06:49:08','2025-10-20 06:49:08'),(96,96,'Viettel Post','TRACKCK127746',NULL,3,32.47,NULL,'2025-10-20 06:49:08','2025-10-20 06:49:08'),(97,97,'Viettel Post','TRACKLH711731',NULL,4,12.54,NULL,'2025-10-20 06:49:08','2025-10-20 06:49:08'),(98,98,'VNPost','TRACKMB532274',NULL,5,10.00,NULL,'2025-10-20 06:49:08','2025-10-20 06:49:08'),(99,99,'Giao Hàng Tiết Kiệm','TRACKUI075551',NULL,4,30.69,NULL,'2025-10-20 06:49:08','2025-10-20 06:49:08'),(100,100,'Giao Hàng Nhanh','TRACKWM172584',NULL,3,18.51,NULL,'2025-10-20 06:49:08','2025-10-20 06:49:08'),(101,101,'Giao Hàng Nhanh','TRACKIB282484',NULL,3,44.16,NULL,'2025-10-20 06:49:08','2025-10-20 06:49:08'),(102,102,'VNPost','TRACKIC485319',NULL,3,13.66,NULL,'2025-10-20 06:49:08','2025-10-20 06:49:08'),(103,103,'Giao Hàng Nhanh','TRACKFX473226',NULL,4,19.07,NULL,'2025-10-20 06:49:08','2025-10-20 06:49:08'),(104,104,'Giao Hàng Tiết Kiệm','TRACKNQ226343',NULL,4,29.95,NULL,'2025-10-20 06:49:08','2025-10-20 06:49:08'),(105,105,'VNPost','TRACKKG426286',NULL,4,39.92,NULL,'2025-10-20 06:49:08','2025-10-20 06:49:08'),(106,106,'VNPost','TRACKSB493950',NULL,1,17.37,NULL,'2025-10-20 06:49:08','2025-10-20 06:49:08'),(107,107,'Giao Hàng Nhanh','TRACKKB142253',NULL,2,47.89,NULL,'2025-10-20 06:49:08','2025-10-20 06:49:08'),(108,108,'VNPost','TRACKPW491388',NULL,2,48.36,NULL,'2025-10-20 06:49:08','2025-10-20 06:49:08'),(109,109,'Giao Hàng Nhanh','TRACKUU228258',NULL,5,30.72,NULL,'2025-10-20 06:49:08','2025-10-20 06:49:08'),(110,110,'VNPost','TRACKDH792684',NULL,2,48.51,NULL,'2025-10-20 06:49:08','2025-10-20 06:49:08'),(111,111,'Viettel Post','TRACKLC216880',NULL,5,20.06,NULL,'2025-10-20 06:49:08','2025-10-20 06:49:08'),(112,112,'Giao Hàng Nhanh','TRACKRH148842',NULL,1,36.48,NULL,'2025-10-20 06:49:08','2025-10-20 06:49:08'),(113,113,'Viettel Post','TRACKNW221227',NULL,4,48.87,NULL,'2025-10-20 06:49:08','2025-10-20 06:49:08'),(114,114,'Viettel Post','TRACKTV087639',NULL,1,37.72,NULL,'2025-10-20 06:49:08','2025-10-20 06:49:08'),(115,115,'Viettel Post','TRACKTZ683801',NULL,2,33.95,NULL,'2025-10-20 06:49:08','2025-10-20 06:49:08'),(116,116,'VNPost','TRACKRC182960',NULL,2,20.60,NULL,'2025-10-20 06:49:08','2025-10-20 06:49:08'),(117,117,'VNPost','TRACKEC527010',NULL,4,38.60,NULL,'2025-10-20 06:49:08','2025-10-20 06:49:08'),(118,118,'Viettel Post','TRACKHQ889016',NULL,4,32.18,NULL,'2025-10-20 06:49:08','2025-10-20 06:49:08'),(119,119,'VNPost','TRACKKX370442',NULL,3,5.57,NULL,'2025-10-20 06:49:08','2025-10-20 06:49:08'),(120,120,'VNPost','TRACKCU346754',NULL,3,20.18,NULL,'2025-10-20 06:49:08','2025-10-20 06:49:08'),(121,121,'Giao Hàng Tiết Kiệm','TRACKYS553542',NULL,5,30.12,NULL,'2025-10-20 06:49:08','2025-10-20 06:49:08'),(122,122,'VNPost','TRACKXL238646',NULL,2,46.47,NULL,'2025-10-20 06:49:08','2025-10-20 06:49:08'),(123,123,'Giao Hàng Tiết Kiệm','TRACKDF529319',NULL,1,49.94,NULL,'2025-10-20 06:49:08','2025-10-20 06:49:08'),(124,124,'Viettel Post','TRACKUD107117',NULL,4,17.78,NULL,'2025-10-20 06:49:08','2025-10-20 06:49:08'),(125,125,'Giao Hàng Nhanh','TRACKLB120805',NULL,1,17.73,NULL,'2025-10-20 06:49:08','2025-10-20 06:49:08'),(126,126,'Giao Hàng Tiết Kiệm','TRACKLV468269',NULL,5,25.28,NULL,'2025-10-20 06:49:08','2025-10-20 06:49:08'),(127,127,'Viettel Post','TRACKRF051766',NULL,2,7.93,NULL,'2025-10-20 06:49:08','2025-10-20 06:49:08'),(128,128,'Giao Hàng Tiết Kiệm','TRACKAR836376',NULL,1,22.35,NULL,'2025-10-20 06:49:08','2025-10-20 06:49:08'),(129,129,'Giao Hàng Tiết Kiệm','TRACKTZ055721',NULL,3,6.44,NULL,'2025-10-20 06:49:08','2025-10-20 06:49:08'),(130,130,'VNPost','TRACKZA442202',NULL,4,13.21,NULL,'2025-10-20 06:49:08','2025-10-20 06:49:08'),(131,131,'VNPost','TRACKPR125874',NULL,4,47.66,NULL,'2025-10-20 06:49:08','2025-10-20 06:49:08'),(132,132,'Viettel Post','TRACKQZ739144',NULL,4,15.64,NULL,'2025-10-20 06:49:08','2025-10-20 06:49:08'),(133,133,'Giao Hàng Tiết Kiệm','TRACKNU216466',NULL,1,17.92,NULL,'2025-10-20 06:49:08','2025-10-20 06:49:08'),(134,134,'Viettel Post','TRACKKT792973',NULL,1,11.79,NULL,'2025-10-20 06:49:08','2025-10-20 06:49:08'),(135,135,'Giao Hàng Tiết Kiệm','TRACKCI801562',NULL,1,49.04,NULL,'2025-10-20 06:49:08','2025-10-20 06:49:08'),(136,136,'Giao Hàng Nhanh','TRACKFB109994',NULL,3,33.48,NULL,'2025-10-20 06:49:08','2025-10-20 06:49:08'),(137,137,'Giao Hàng Tiết Kiệm','TRACKYO996396',NULL,2,14.44,NULL,'2025-10-20 06:49:08','2025-10-20 06:49:08'),(138,138,'Giao Hàng Tiết Kiệm','TRACKVS397361',NULL,5,35.95,NULL,'2025-10-20 06:49:08','2025-10-20 06:49:08'),(139,139,'VNPost','TRACKEA525324',NULL,4,22.65,NULL,'2025-10-20 06:49:08','2025-10-20 06:49:08'),(140,140,'Giao Hàng Nhanh','TRACKKO119061',NULL,4,40.12,NULL,'2025-10-20 06:49:08','2025-10-20 06:49:08'),(141,141,'Giao Hàng Tiết Kiệm','TRACKVT173841',NULL,5,6.02,NULL,'2025-10-20 06:49:08','2025-10-20 06:49:08'),(142,142,'Giao Hàng Nhanh','TRACKVY528754',NULL,1,43.22,NULL,'2025-10-20 06:49:08','2025-10-20 06:49:08'),(143,143,'Giao Hàng Tiết Kiệm','TRACKHR624287',NULL,3,27.29,NULL,'2025-10-20 06:49:08','2025-10-20 06:49:08'),(144,144,'VNPost','TRACKRT846572',NULL,5,39.97,NULL,'2025-10-20 06:49:08','2025-10-20 06:49:08'),(145,145,'Viettel Post','TRACKKL117802',NULL,5,12.92,NULL,'2025-10-20 06:49:08','2025-10-20 06:49:08'),(146,146,'Giao Hàng Tiết Kiệm','TRACKCF451587',NULL,1,29.34,NULL,'2025-10-20 06:49:08','2025-10-20 06:49:08'),(147,147,'Viettel Post','TRACKCO393104',NULL,5,39.61,NULL,'2025-10-20 06:49:08','2025-10-20 06:49:08'),(148,148,'Viettel Post','TRACKBV940547',NULL,5,14.90,NULL,'2025-10-20 06:49:08','2025-10-20 06:49:08'),(149,149,'Giao Hàng Nhanh','TRACKSM944469',NULL,5,49.89,NULL,'2025-10-20 06:49:08','2025-10-20 06:49:08'),(150,150,'Giao Hàng Tiết Kiệm','TRACKUG465334',NULL,2,43.31,NULL,'2025-10-20 06:49:08','2025-10-20 06:49:08'),(151,151,'Giao Hàng Nhanh','TRACKKV146618',NULL,2,22.06,NULL,'2025-10-20 06:49:08','2025-10-20 06:49:08'),(152,152,'Giao Hàng Tiết Kiệm','TRACKNI726500',NULL,2,27.24,NULL,'2025-10-20 06:49:08','2025-10-20 06:49:08'),(153,153,'Giao Hàng Nhanh','TRACKYP760920',NULL,4,13.28,NULL,'2025-10-20 06:49:08','2025-10-20 06:49:08'),(154,154,'VNPost','TRACKCR467326',NULL,5,15.07,NULL,'2025-10-20 06:49:08','2025-10-20 06:49:08'),(155,155,'Giao Hàng Tiết Kiệm','TRACKSU329606',NULL,1,25.97,NULL,'2025-10-20 06:49:08','2025-10-20 06:49:08'),(156,156,'VNPost','TRACKGB341690',NULL,3,31.96,NULL,'2025-10-20 06:49:08','2025-10-20 06:49:08'),(157,157,'Giao Hàng Tiết Kiệm','TRACKIZ696160',NULL,5,27.57,NULL,'2025-10-20 06:49:08','2025-10-20 06:49:08'),(158,158,'Giao Hàng Tiết Kiệm','TRACKAH085027',NULL,4,40.90,NULL,'2025-10-20 06:49:08','2025-10-20 06:49:08'),(159,159,'Giao Hàng Nhanh','TRACKQF802623',NULL,5,14.37,NULL,'2025-10-20 06:49:08','2025-10-20 06:49:08'),(160,160,'Giao Hàng Tiết Kiệm','TRACKZL829941',NULL,3,10.81,NULL,'2025-10-20 06:49:08','2025-10-20 06:49:08'),(161,161,'VNPost','TRACKSB004273',NULL,1,15.54,NULL,'2025-10-20 06:49:08','2025-10-20 06:49:08'),(162,162,'VNPost','TRACKIS523313',NULL,1,45.28,NULL,'2025-10-20 06:49:08','2025-10-20 06:49:08'),(163,163,'Viettel Post','TRACKNC704775',NULL,2,8.65,NULL,'2025-10-20 06:49:08','2025-10-20 06:49:08'),(164,164,'Giao Hàng Nhanh','TRACKDH990392',NULL,1,16.05,NULL,'2025-10-20 06:49:08','2025-10-20 06:49:08'),(165,165,'Giao Hàng Nhanh','TRACKNE488570',NULL,1,42.10,NULL,'2025-10-20 06:49:08','2025-10-20 06:49:08'),(166,166,'VNPost','TRACKMD947569',NULL,3,13.13,NULL,'2025-10-20 06:49:08','2025-10-20 06:49:08'),(167,167,'Giao Hàng Nhanh','TRACKHH740488',NULL,4,39.75,NULL,'2025-10-20 06:49:08','2025-10-20 06:49:08'),(168,168,'Viettel Post','TRACKHS956590',NULL,5,5.37,NULL,'2025-10-20 06:49:08','2025-10-20 06:49:08'),(169,169,'Giao Hàng Nhanh','TRACKEL745862',NULL,5,16.49,NULL,'2025-10-20 06:49:08','2025-10-20 06:49:08'),(170,170,'Giao Hàng Nhanh','TRACKEZ891098',NULL,3,22.50,NULL,'2025-10-20 06:49:08','2025-10-20 06:49:08'),(171,171,'Viettel Post','TRACKNL288139',NULL,4,37.29,NULL,'2025-10-20 06:49:08','2025-10-20 06:49:08'),(172,172,'Viettel Post','TRACKHM457423',NULL,4,17.76,NULL,'2025-10-20 06:49:08','2025-10-20 06:49:08'),(173,173,'Giao Hàng Tiết Kiệm','TRACKMD208326',NULL,5,24.27,NULL,'2025-10-20 06:49:08','2025-10-20 06:49:08'),(174,174,'VNPost','TRACKBW256090',NULL,5,6.01,NULL,'2025-10-20 06:49:08','2025-10-20 06:49:08'),(175,175,'Giao Hàng Tiết Kiệm','TRACKAZ034803',NULL,2,47.06,NULL,'2025-10-20 06:49:08','2025-10-20 06:49:08'),(176,176,'VNPost','TRACKUE293086',NULL,4,6.56,NULL,'2025-10-20 06:49:08','2025-10-20 06:49:08'),(177,177,'Viettel Post','TRACKQL346734',NULL,1,6.24,NULL,'2025-10-20 06:49:08','2025-10-20 06:49:08'),(178,178,'Giao Hàng Nhanh','TRACKXT836817',NULL,5,7.16,NULL,'2025-10-20 06:49:08','2025-10-20 06:49:08'),(179,179,'Giao Hàng Tiết Kiệm','TRACKGB718359',NULL,1,14.85,NULL,'2025-10-20 06:49:08','2025-10-20 06:49:08'),(180,180,'Viettel Post','TRACKOA537804',NULL,1,29.40,NULL,'2025-10-20 06:49:08','2025-10-20 06:49:08'),(181,181,'Giao Hàng Tiết Kiệm','TRACKWA852987',NULL,1,9.47,NULL,'2025-10-20 06:49:08','2025-10-20 06:49:08'),(182,182,'Viettel Post','TRACKCX020871',NULL,3,47.74,NULL,'2025-10-20 06:49:08','2025-10-20 06:49:08'),(183,183,'Viettel Post','TRACKVF251241',NULL,1,10.09,NULL,'2025-10-20 06:49:08','2025-10-20 06:49:08'),(184,184,'Viettel Post','TRACKAZ168994',NULL,5,33.15,NULL,'2025-10-20 06:49:08','2025-10-20 06:49:08'),(185,185,'Viettel Post','TRACKEK546594',NULL,4,7.08,NULL,'2025-10-20 06:49:08','2025-10-20 06:49:08'),(186,186,'Viettel Post','TRACKIN868240',NULL,1,42.31,NULL,'2025-10-20 06:49:08','2025-10-20 06:49:08'),(187,187,'Viettel Post','TRACKYO247041',NULL,4,8.35,NULL,'2025-10-20 06:49:08','2025-10-20 06:49:08'),(188,188,'Giao Hàng Tiết Kiệm','TRACKBD168476',NULL,4,45.86,NULL,'2025-10-20 06:49:08','2025-10-20 06:49:08'),(189,189,'VNPost','TRACKYK186169',NULL,5,40.94,NULL,'2025-10-20 06:49:08','2025-10-20 06:49:08'),(190,190,'Giao Hàng Tiết Kiệm','TRACKJF237793',NULL,3,27.82,NULL,'2025-10-20 06:49:08','2025-10-20 06:49:08'),(191,191,'Giao Hàng Tiết Kiệm','TRACKYP614453',NULL,5,37.74,NULL,'2025-10-20 06:49:08','2025-10-20 06:49:08'),(192,192,'Giao Hàng Nhanh','TRACKDQ826969',NULL,2,25.05,NULL,'2025-10-20 06:49:08','2025-10-20 06:49:08'),(193,193,'Viettel Post','TRACKFO841272',NULL,5,27.50,NULL,'2025-10-20 06:49:08','2025-10-20 06:49:08'),(194,194,'Giao Hàng Nhanh','TRACKZA713918',NULL,3,34.94,NULL,'2025-10-20 06:49:08','2025-10-20 06:49:08'),(195,195,'Viettel Post','TRACKZH574129',NULL,2,14.50,NULL,'2025-10-20 06:49:08','2025-10-20 06:49:08'),(196,196,'VNPost','TRACKSX951920',NULL,3,47.25,NULL,'2025-10-20 06:49:08','2025-10-20 06:49:08'),(197,197,'Giao Hàng Nhanh','TRACKCP504944',NULL,4,26.44,NULL,'2025-10-20 06:49:08','2025-10-20 06:49:08'),(198,198,'Giao Hàng Tiết Kiệm','TRACKNO117536',NULL,3,16.30,NULL,'2025-10-20 06:49:08','2025-10-20 06:49:08'),(199,199,'Viettel Post','TRACKDD215204',NULL,5,18.44,NULL,'2025-10-20 06:49:08','2025-10-20 06:49:08'),(200,200,'Viettel Post','TRACKPH060061',NULL,3,8.49,NULL,'2025-10-20 06:49:08','2025-10-20 06:49:08'),(201,201,'Giao Hàng Nhanh','TRACKVC568367',NULL,5,12.88,NULL,'2025-10-20 06:49:08','2025-10-20 06:49:08'),(202,202,'Giao Hàng Nhanh','TRACKLV401067',NULL,1,12.24,NULL,'2025-10-20 06:49:08','2025-10-20 06:49:08'),(203,203,'Giao Hàng Nhanh','TRACKYL903040',NULL,3,14.38,NULL,'2025-10-20 06:49:08','2025-10-20 06:49:08'),(204,204,'Giao Hàng Tiết Kiệm','TRACKWC297142',NULL,4,43.86,NULL,'2025-10-20 06:49:08','2025-10-20 06:49:08'),(205,205,'VNPost','TRACKOS091505',NULL,5,23.97,NULL,'2025-10-20 06:49:08','2025-10-20 06:49:08'),(206,206,'Giao Hàng Nhanh','TRACKMZ266781',NULL,3,6.62,NULL,'2025-10-20 06:49:08','2025-10-20 06:49:08'),(207,207,'Giao Hàng Tiết Kiệm','TRACKFB343110',NULL,2,13.71,NULL,'2025-10-20 06:49:08','2025-10-20 06:49:08'),(208,208,'Giao Hàng Tiết Kiệm','TRACKDJ431711',NULL,5,32.28,NULL,'2025-10-20 06:49:08','2025-10-20 06:49:08'),(209,209,'Giao Hàng Nhanh','TRACKGL984307',NULL,2,23.47,NULL,'2025-10-20 06:49:08','2025-10-20 06:49:08'),(210,210,'Giao Hàng Nhanh','TRACKCY375655',NULL,3,17.64,NULL,'2025-10-20 06:49:08','2025-10-20 06:49:08'),(211,211,'VNPost','TRACKBN009993',NULL,4,36.69,NULL,'2025-10-20 06:49:08','2025-10-20 06:49:08'),(212,212,'Giao Hàng Nhanh','TRACKUR908010',NULL,4,49.01,NULL,'2025-10-20 06:49:08','2025-10-20 06:49:08'),(213,213,'Giao Hàng Tiết Kiệm','TRACKYY814893',NULL,5,18.23,NULL,'2025-10-20 06:49:08','2025-10-20 06:49:08'),(214,214,'Viettel Post','TRACKIN851042',NULL,4,24.89,NULL,'2025-10-20 06:49:08','2025-10-20 06:49:08'),(215,215,'Giao Hàng Tiết Kiệm','TRACKWT338923',NULL,3,16.89,NULL,'2025-10-20 06:49:08','2025-10-20 06:49:08'),(216,216,'VNPost','TRACKHB599123',NULL,3,32.90,NULL,'2025-10-20 06:49:08','2025-10-20 06:49:08'),(217,217,'Giao Hàng Tiết Kiệm','TRACKWX886096',NULL,3,25.56,NULL,'2025-10-20 06:49:08','2025-10-20 06:49:08'),(218,218,'Viettel Post','TRACKSV308670',NULL,5,11.29,NULL,'2025-10-20 06:49:08','2025-10-20 06:49:08'),(219,219,'Viettel Post','TRACKEM875379',NULL,2,29.83,NULL,'2025-10-20 06:49:08','2025-10-20 06:49:08'),(220,220,'Giao Hàng Tiết Kiệm','TRACKYW095336',NULL,2,34.98,NULL,'2025-10-20 06:49:08','2025-10-20 06:49:08'),(221,221,'Giao Hàng Tiết Kiệm','TRACKYB478952',NULL,4,44.22,NULL,'2025-10-20 06:49:08','2025-10-20 06:49:08'),(222,222,'VNPost','TRACKEM516169',NULL,2,18.51,NULL,'2025-10-20 06:49:08','2025-10-20 06:49:08'),(223,223,'Viettel Post','TRACKNL147142',NULL,4,44.47,NULL,'2025-10-20 06:49:08','2025-10-20 06:49:08'),(224,224,'VNPost','TRACKAP982118',NULL,4,26.94,NULL,'2025-10-20 06:49:08','2025-10-20 06:49:08'),(225,225,'Giao Hàng Tiết Kiệm','TRACKRW143453',NULL,1,42.89,NULL,'2025-10-20 06:49:08','2025-10-20 06:49:08'),(226,226,'Viettel Post','TRACKNR156739',NULL,2,12.83,NULL,'2025-10-20 06:49:08','2025-10-20 06:49:08'),(227,227,'Viettel Post','TRACKDW424823',NULL,3,8.13,NULL,'2025-10-20 06:49:08','2025-10-20 06:49:08'),(228,228,'VNPost','TRACKTA867609',NULL,5,19.70,NULL,'2025-10-20 06:49:08','2025-10-20 06:49:08'),(229,229,'VNPost','TRACKJW741811',NULL,5,32.80,NULL,'2025-10-20 06:49:08','2025-10-20 06:49:08'),(230,230,'Giao Hàng Tiết Kiệm','TRACKOC278769',NULL,4,19.24,NULL,'2025-10-20 06:49:08','2025-10-20 06:49:08'),(231,231,'VNPost','TRACKGM428591',NULL,3,38.74,NULL,'2025-10-20 06:49:08','2025-10-20 06:49:08'),(232,232,'Giao Hàng Nhanh','TRACKNJ712981',NULL,2,5.47,NULL,'2025-10-20 06:49:08','2025-10-20 06:49:08'),(233,233,'VNPost','TRACKXL512400',NULL,2,42.65,NULL,'2025-10-20 06:49:08','2025-10-20 06:49:08'),(234,234,'Viettel Post','TRACKZV549559',NULL,1,25.85,NULL,'2025-10-20 06:49:08','2025-10-20 06:49:08'),(235,235,'Giao Hàng Tiết Kiệm','TRACKWR710087',NULL,4,10.97,NULL,'2025-10-20 06:49:08','2025-10-20 06:49:08'),(236,236,'Giao Hàng Tiết Kiệm','TRACKTG436693',NULL,5,48.75,NULL,'2025-10-20 06:49:08','2025-10-20 06:49:08'),(237,237,'Giao Hàng Tiết Kiệm','TRACKOA754880',NULL,2,5.45,NULL,'2025-10-20 06:49:08','2025-10-20 06:49:08'),(238,238,'Viettel Post','TRACKNV497207',NULL,5,39.71,NULL,'2025-10-20 06:49:08','2025-10-20 06:49:08'),(239,239,'Giao Hàng Tiết Kiệm','TRACKRM668160',NULL,1,14.80,NULL,'2025-10-20 06:49:08','2025-10-20 06:49:08'),(240,240,'Giao Hàng Tiết Kiệm','TRACKMH238617',NULL,5,22.55,NULL,'2025-10-20 06:49:08','2025-10-20 06:49:08'),(241,241,'VNPost','TRACKMJ691653',NULL,3,23.11,NULL,'2025-10-20 06:49:08','2025-10-20 06:49:08'),(242,242,'VNPost','TRACKAZ794971',NULL,1,45.54,NULL,'2025-10-20 06:49:08','2025-10-20 06:49:08'),(243,243,'Giao Hàng Nhanh','TRACKMZ070302',NULL,1,12.01,NULL,'2025-10-20 06:49:08','2025-10-20 06:49:08'),(244,244,'Giao Hàng Nhanh','TRACKOQ788199',NULL,5,13.59,NULL,'2025-10-20 06:49:08','2025-10-20 06:49:08'),(245,245,'Giao Hàng Nhanh','TRACKOD685765',NULL,2,17.74,NULL,'2025-10-20 06:49:08','2025-10-20 06:49:08'),(246,246,'Viettel Post','TRACKOO272133',NULL,2,41.82,NULL,'2025-10-20 06:49:08','2025-10-20 06:49:08'),(247,247,'Viettel Post','TRACKRZ927820',NULL,4,17.05,NULL,'2025-10-20 06:49:08','2025-10-20 06:49:08'),(248,248,'Giao Hàng Nhanh','TRACKPL521420',NULL,4,6.13,NULL,'2025-10-20 06:49:08','2025-10-20 06:49:08'),(249,249,'Viettel Post','TRACKFX317802',NULL,3,13.69,NULL,'2025-10-20 06:49:08','2025-10-20 06:49:08'),(250,250,'Giao Hàng Nhanh','TRACKVM372947',NULL,4,38.79,NULL,'2025-10-20 06:49:08','2025-10-20 06:49:08'),(251,251,'Viettel Post','TRACKUS117597',NULL,5,36.76,NULL,'2025-10-20 06:49:08','2025-10-20 06:49:08'),(252,252,'VNPost','TRACKLJ080941',NULL,3,40.24,NULL,'2025-10-20 06:49:08','2025-10-20 06:49:08'),(253,253,'Giao Hàng Nhanh','TRACKXJ733677',NULL,2,15.53,NULL,'2025-10-20 06:49:08','2025-10-20 06:49:08'),(254,254,'Viettel Post','TRACKTL142409',NULL,3,34.65,NULL,'2025-10-20 06:49:08','2025-10-20 06:49:08'),(255,255,'Giao Hàng Nhanh','TRACKZG967458',NULL,1,32.10,NULL,'2025-10-20 06:49:08','2025-10-20 06:49:08'),(256,256,'Viettel Post','TRACKQC445549',NULL,5,27.12,NULL,'2025-10-20 06:49:08','2025-10-20 06:49:08'),(257,257,'VNPost','TRACKEW571692',NULL,1,24.20,NULL,'2025-10-20 06:49:08','2025-10-20 06:49:08'),(258,258,'VNPost','TRACKEF899943',NULL,5,35.58,NULL,'2025-10-20 06:49:08','2025-10-20 06:49:08'),(259,259,'Giao Hàng Tiết Kiệm','TRACKXL975956',NULL,2,41.33,NULL,'2025-10-20 06:49:08','2025-10-20 06:49:08'),(260,260,'Viettel Post','TRACKGV185046',NULL,2,39.50,NULL,'2025-10-20 06:49:08','2025-10-20 06:49:08'),(261,261,'Giao Hàng Nhanh','TRACKBY222222',NULL,4,12.53,NULL,'2025-10-20 06:49:08','2025-10-20 06:49:08'),(262,262,'Giao Hàng Nhanh','TRACKIH585021',NULL,1,39.53,NULL,'2025-10-20 06:49:08','2025-10-20 06:49:08'),(263,263,'VNPost','TRACKYD026462',NULL,3,12.15,NULL,'2025-10-20 06:49:08','2025-10-20 06:49:08'),(264,264,'VNPost','TRACKGM874278',NULL,4,41.39,NULL,'2025-10-20 06:49:08','2025-10-20 06:49:08'),(265,265,'VNPost','TRACKWH447089',NULL,1,43.54,NULL,'2025-10-20 06:49:08','2025-10-20 06:49:08'),(266,266,'Viettel Post','TRACKPG348807',NULL,2,35.88,NULL,'2025-10-20 06:49:08','2025-10-20 06:49:08'),(267,267,'Viettel Post','TRACKIC732657',NULL,1,31.56,NULL,'2025-10-20 06:49:08','2025-10-20 06:49:08'),(268,268,'Giao Hàng Nhanh','TRACKVA506896',NULL,5,46.81,NULL,'2025-10-20 06:49:08','2025-10-20 06:49:08'),(269,269,'Giao Hàng Nhanh','TRACKJJ296987',NULL,5,21.17,NULL,'2025-10-20 06:49:08','2025-10-20 06:49:08'),(270,270,'Viettel Post','TRACKWZ325839',NULL,4,23.94,NULL,'2025-10-20 06:49:08','2025-10-20 06:49:08'),(271,271,'VNPost','TRACKNA872718',NULL,1,41.77,NULL,'2025-10-20 06:49:08','2025-10-20 06:49:08'),(272,272,'Giao Hàng Tiết Kiệm','TRACKWM249330',NULL,3,22.22,NULL,'2025-10-20 06:49:08','2025-10-20 06:49:08'),(273,273,'Giao Hàng Tiết Kiệm','TRACKYZ731207',NULL,4,32.45,NULL,'2025-10-20 06:49:08','2025-10-20 06:49:08'),(274,274,'Giao Hàng Nhanh','TRACKUE242835',NULL,5,8.01,NULL,'2025-10-20 06:49:08','2025-10-20 06:49:08'),(275,275,'Giao Hàng Tiết Kiệm','TRACKIM753870',NULL,2,16.80,NULL,'2025-10-20 06:49:08','2025-10-20 06:49:08'),(276,276,'VNPost','TRACKFX779460',NULL,5,18.35,NULL,'2025-10-20 06:49:08','2025-10-20 06:49:08'),(277,277,'Giao Hàng Tiết Kiệm','TRACKPQ961248',NULL,2,30.05,NULL,'2025-10-20 06:49:08','2025-10-20 06:49:08'),(278,278,'Giao Hàng Nhanh','TRACKKM640774',NULL,1,9.96,NULL,'2025-10-20 06:49:08','2025-10-20 06:49:08'),(279,279,'Giao Hàng Nhanh','TRACKAV720980',NULL,1,31.05,NULL,'2025-10-20 06:49:08','2025-10-20 06:49:08'),(280,280,'Giao Hàng Nhanh','TRACKAO526597',NULL,4,29.72,NULL,'2025-10-20 06:49:08','2025-10-20 06:49:08'),(281,281,'Giao Hàng Nhanh','TRACKLX043399',NULL,3,29.39,NULL,'2025-10-20 06:49:08','2025-10-20 06:49:08'),(282,282,'Giao Hàng Nhanh','TRACKGW432954',NULL,5,6.18,NULL,'2025-10-20 06:49:08','2025-10-20 06:49:08'),(283,283,'Giao Hàng Nhanh','TRACKPN496053',NULL,5,9.35,NULL,'2025-10-20 06:49:08','2025-10-20 06:49:08'),(284,284,'VNPost','TRACKJW438947',NULL,5,49.72,NULL,'2025-10-20 06:49:08','2025-10-20 06:49:08'),(285,285,'Giao Hàng Nhanh','TRACKYM042595',NULL,4,22.01,NULL,'2025-10-20 06:49:08','2025-10-20 06:49:08'),(286,286,'Viettel Post','TRACKNX989996',NULL,4,15.14,NULL,'2025-10-20 06:49:08','2025-10-20 06:49:08'),(287,287,'VNPost','TRACKFY975803',NULL,1,44.69,NULL,'2025-10-20 06:49:08','2025-10-20 06:49:08'),(288,288,'Giao Hàng Tiết Kiệm','TRACKTT530619',NULL,4,22.99,NULL,'2025-10-20 06:49:08','2025-10-20 06:49:08'),(289,289,'VNPost','TRACKBP002231',NULL,3,27.77,NULL,'2025-10-20 06:49:08','2025-10-20 06:49:08'),(290,290,'Giao Hàng Tiết Kiệm','TRACKER712580',NULL,2,38.56,NULL,'2025-10-20 06:49:08','2025-10-20 06:49:08'),(291,291,'Giao Hàng Tiết Kiệm','TRACKNN842938',NULL,2,16.50,NULL,'2025-10-20 06:49:08','2025-10-20 06:49:08'),(292,292,'Giao Hàng Tiết Kiệm','TRACKIJ745792',NULL,4,23.11,NULL,'2025-10-20 06:49:08','2025-10-20 06:49:08'),(293,293,'VNPost','TRACKXS956032',NULL,5,26.58,NULL,'2025-10-20 06:49:08','2025-10-20 06:49:08'),(294,294,'Giao Hàng Nhanh','TRACKZB212888',NULL,2,41.19,NULL,'2025-10-20 06:49:08','2025-10-20 06:49:08'),(295,295,'Giao Hàng Tiết Kiệm','TRACKYP597088',NULL,4,14.12,NULL,'2025-10-20 06:49:08','2025-10-20 06:49:08'),(296,296,'Viettel Post','TRACKRN628931',NULL,5,15.76,NULL,'2025-10-20 06:49:08','2025-10-20 06:49:08'),(297,297,'Giao Hàng Nhanh','TRACKJR997316',NULL,4,26.48,NULL,'2025-10-20 06:49:08','2025-10-20 06:49:08'),(298,298,'Viettel Post','TRACKJH117014',NULL,4,14.43,NULL,'2025-10-20 06:49:08','2025-10-20 06:49:08'),(299,299,'VNPost','TRACKXK285022',NULL,3,38.58,NULL,'2025-10-20 06:49:08','2025-10-20 06:49:08'),(300,300,'Giao Hàng Nhanh','TRACKMR346688',NULL,1,8.60,NULL,'2025-10-20 06:49:08','2025-10-20 06:49:08'),(301,301,'Giao Hàng Tiết Kiệm','TRACKOC068615',NULL,1,38.04,NULL,'2025-10-20 06:49:08','2025-10-20 06:49:08'),(302,302,'Giao Hàng Tiết Kiệm','TRACKFP375344',NULL,4,44.19,NULL,'2025-10-20 06:49:08','2025-10-20 06:49:08'),(303,303,'Viettel Post','TRACKEV212685',NULL,4,16.55,NULL,'2025-10-20 06:49:08','2025-10-20 06:49:08'),(304,304,'Viettel Post','TRACKXO368269',NULL,5,23.91,NULL,'2025-10-20 06:49:08','2025-10-20 06:49:08'),(305,305,'VNPost','TRACKZW474481',NULL,5,14.69,NULL,'2025-10-20 06:49:08','2025-10-20 06:49:08'),(306,306,'Giao Hàng Tiết Kiệm','TRACKBF410397',NULL,3,11.12,NULL,'2025-10-20 06:49:08','2025-10-20 06:49:08'),(307,307,'VNPost','TRACKCB733789',NULL,2,6.19,NULL,'2025-10-20 06:49:08','2025-10-20 06:49:08'),(308,308,'Viettel Post','TRACKHS114120',NULL,1,37.61,NULL,'2025-10-20 06:49:08','2025-10-20 06:49:08'),(309,309,'Viettel Post','TRACKRD971910',NULL,1,39.61,NULL,'2025-10-20 06:49:08','2025-10-20 06:49:08'),(310,310,'Giao Hàng Tiết Kiệm','TRACKCB371138',NULL,4,7.87,NULL,'2025-10-20 06:49:08','2025-10-20 06:49:08'),(311,311,'Viettel Post','TRACKNJ051873',NULL,2,33.91,NULL,'2025-10-20 06:49:08','2025-10-20 06:49:08'),(312,312,'Giao Hàng Tiết Kiệm','TRACKLH355405',NULL,4,29.37,NULL,'2025-10-20 06:49:08','2025-10-20 06:49:08'),(313,313,'Giao Hàng Nhanh','TRACKOP209756',NULL,4,31.34,NULL,'2025-10-20 06:49:08','2025-10-20 06:49:08'),(314,314,'Viettel Post','TRACKID479109',NULL,2,17.18,NULL,'2025-10-20 06:49:08','2025-10-20 06:49:08'),(315,315,'Viettel Post','TRACKYQ423462',NULL,1,44.68,NULL,'2025-10-20 06:49:08','2025-10-20 06:49:08'),(316,316,'Viettel Post','TRACKJB642389',NULL,2,42.30,NULL,'2025-10-20 06:49:08','2025-10-20 06:49:08'),(317,317,'Giao Hàng Nhanh','TRACKZX209329',NULL,2,29.52,NULL,'2025-10-20 06:49:08','2025-10-20 06:49:08'),(318,318,'Giao Hàng Nhanh','TRACKRE531368',NULL,3,29.45,NULL,'2025-10-20 06:49:08','2025-10-20 06:49:08');
/*!40000 ALTER TABLE `shipping_details` ENABLE KEYS */;
UNLOCK TABLES;

--
-- Table structure for table `shops`
--

DROP TABLE IF EXISTS `shops`;
/*!40101 SET @saved_cs_client     = @@character_set_client */;
/*!50503 SET character_set_client = utf8mb4 */;
CREATE TABLE `shops` (
  `id` bigint(20) unsigned NOT NULL AUTO_INCREMENT,
  `owner_id` bigint(20) unsigned NOT NULL,
  `name` varchar(255) NOT NULL,
  `slug` varchar(255) NOT NULL,
  `description` text DEFAULT NULL,
  `logo` varchar(500) DEFAULT NULL,
  `banner` varchar(500) DEFAULT NULL,
  `phone` varchar(20) DEFAULT NULL,
  `email` varchar(150) DEFAULT NULL,
  `website` varchar(300) DEFAULT NULL,
  `business_type` varchar(100) DEFAULT NULL,
  `tax_id` varchar(50) DEFAULT NULL,
  `business_license` varchar(100) DEFAULT NULL,
  `address` text DEFAULT NULL,
  `city` varchar(100) DEFAULT NULL,
  `state` varchar(100) DEFAULT NULL,
  `postal_code` varchar(20) DEFAULT NULL,
  `country` varchar(100) DEFAULT NULL,
  `status` enum('pending','active','suspended','inactive') NOT NULL DEFAULT 'pending',
  `is_verified` tinyint(1) NOT NULL DEFAULT 0,
  `commission_rate` decimal(5,2) NOT NULL DEFAULT 10.00,
  `shipping_policies` longtext CHARACTER SET utf8mb4 COLLATE utf8mb4_bin DEFAULT NULL CHECK (json_valid(`shipping_policies`)),
  `return_policy` longtext CHARACTER SET utf8mb4 COLLATE utf8mb4_bin DEFAULT NULL CHECK (json_valid(`return_policy`)),
  `social_media` longtext CHARACTER SET utf8mb4 COLLATE utf8mb4_bin DEFAULT NULL CHECK (json_valid(`social_media`)),
  `rating` decimal(3,2) NOT NULL DEFAULT 0.00,
  `total_reviews` int(10) unsigned NOT NULL DEFAULT 0,
  `total_sales` int(10) unsigned NOT NULL DEFAULT 0,
  `total_revenue` decimal(15,2) NOT NULL DEFAULT 0.00,
  `meta_title` varchar(200) DEFAULT NULL,
  `meta_description` text DEFAULT NULL,
  `keywords` longtext CHARACTER SET utf8mb4 COLLATE utf8mb4_bin DEFAULT NULL CHECK (json_valid(`keywords`)),
  `verified_at` timestamp NULL DEFAULT NULL,
  `last_active_at` timestamp NULL DEFAULT NULL,
  `created_at` timestamp NULL DEFAULT NULL,
  `updated_at` timestamp NULL DEFAULT NULL,
  PRIMARY KEY (`id`),
  UNIQUE KEY `shops_slug_unique` (`slug`),
  KEY `shops_status_is_verified_index` (`status`,`is_verified`),
  KEY `shops_owner_id_status_index` (`owner_id`,`status`),
  KEY `shops_rating_index` (`rating`),
  KEY `shops_city_state_country_index` (`city`,`state`,`country`),
  CONSTRAINT `shops_owner_id_foreign` FOREIGN KEY (`owner_id`) REFERENCES `users` (`id`) ON DELETE CASCADE
) ENGINE=InnoDB DEFAULT CHARSET=utf8mb4 COLLATE=utf8mb4_unicode_ci;
/*!40101 SET character_set_client = @saved_cs_client */;

--
-- Dumping data for table `shops`
--

LOCK TABLES `shops` WRITE;
/*!40000 ALTER TABLE `shops` DISABLE KEYS */;
/*!40000 ALTER TABLE `shops` ENABLE KEYS */;
UNLOCK TABLES;

--
-- Table structure for table `transactions`
--

DROP TABLE IF EXISTS `transactions`;
/*!40101 SET @saved_cs_client     = @@character_set_client */;
/*!50503 SET character_set_client = utf8mb4 */;
CREATE TABLE `transactions` (
  `id` bigint(20) unsigned NOT NULL AUTO_INCREMENT,
  `order_id` bigint(20) unsigned NOT NULL,
  `type` enum('payment','refund') NOT NULL,
  `amount` decimal(18,2) NOT NULL,
  `currency` varchar(3) NOT NULL,
  `gateway` varchar(255) NOT NULL,
  `gateway_transaction_id` varchar(255) DEFAULT NULL,
  `status` varchar(255) NOT NULL DEFAULT 'completed',
  `created_at` timestamp NULL DEFAULT NULL,
  `updated_at` timestamp NULL DEFAULT NULL,
  PRIMARY KEY (`id`),
  KEY `transactions_order_id_foreign` (`order_id`),
  CONSTRAINT `transactions_order_id_foreign` FOREIGN KEY (`order_id`) REFERENCES `orders` (`order_id`)
) ENGINE=InnoDB DEFAULT CHARSET=utf8mb4 COLLATE=utf8mb4_unicode_ci;
/*!40101 SET character_set_client = @saved_cs_client */;

--
-- Dumping data for table `transactions`
--

LOCK TABLES `transactions` WRITE;
/*!40000 ALTER TABLE `transactions` DISABLE KEYS */;
/*!40000 ALTER TABLE `transactions` ENABLE KEYS */;
UNLOCK TABLES;

--
-- Table structure for table `user_addresses`
--

DROP TABLE IF EXISTS `user_addresses`;
/*!40101 SET @saved_cs_client     = @@character_set_client */;
/*!50503 SET character_set_client = utf8mb4 */;
CREATE TABLE `user_addresses` (
  `id` bigint(20) unsigned NOT NULL AUTO_INCREMENT,
  `user_id` bigint(20) unsigned NOT NULL,
  `full_name` varchar(255) NOT NULL,
  `phone_number` varchar(20) NOT NULL,
  `street_address` varchar(255) NOT NULL,
  `is_default` tinyint(1) NOT NULL DEFAULT 0,
  `created_at` timestamp NULL DEFAULT NULL,
  `updated_at` timestamp NULL DEFAULT NULL,
  `deleted_at` timestamp NULL DEFAULT NULL,
  `country_id` bigint(20) unsigned DEFAULT NULL,
  `province_id` bigint(20) unsigned DEFAULT NULL,
  `district_id` bigint(20) unsigned DEFAULT NULL,
  `ward_id` bigint(20) unsigned DEFAULT NULL,
  `latitude` decimal(10,8) DEFAULT NULL,
  `longitude` decimal(11,8) DEFAULT NULL,
  PRIMARY KEY (`id`),
  KEY `user_addresses_user_id_foreign` (`user_id`),
  KEY `user_addresses_country_id_foreign` (`country_id`),
  KEY `user_addresses_province_id_foreign` (`province_id`),
  KEY `user_addresses_district_id_foreign` (`district_id`),
  KEY `user_addresses_ward_id_foreign` (`ward_id`),
  CONSTRAINT `user_addresses_country_id_foreign` FOREIGN KEY (`country_id`) REFERENCES `countries` (`id`),
  CONSTRAINT `user_addresses_district_id_foreign` FOREIGN KEY (`district_id`) REFERENCES `administrative_divisions` (`id`),
  CONSTRAINT `user_addresses_province_id_foreign` FOREIGN KEY (`province_id`) REFERENCES `administrative_divisions` (`id`),
  CONSTRAINT `user_addresses_user_id_foreign` FOREIGN KEY (`user_id`) REFERENCES `users` (`id`) ON DELETE CASCADE,
  CONSTRAINT `user_addresses_ward_id_foreign` FOREIGN KEY (`ward_id`) REFERENCES `administrative_divisions` (`id`)
) ENGINE=InnoDB AUTO_INCREMENT=101 DEFAULT CHARSET=utf8mb4 COLLATE=utf8mb4_unicode_ci;
/*!40101 SET character_set_client = @saved_cs_client */;

--
-- Dumping data for table `user_addresses`
--

LOCK TABLES `user_addresses` WRITE;
/*!40000 ALTER TABLE `user_addresses` DISABLE KEYS */;
INSERT INTO `user_addresses` VALUES (1,22,'Tô Hành','+84-600953000','150 Nguyễn Trãi',1,'2025-10-20 06:49:05','2025-10-20 06:49:05',NULL,NULL,NULL,NULL,NULL,10.51929000,106.52698200),(2,23,'Đinh Du','+84-348704635','10 Trần Hưng Đạo',0,'2025-10-20 06:49:05','2025-10-20 06:49:05',NULL,NULL,NULL,NULL,NULL,10.58216800,106.84328600),(3,24,'Đỗ Giao','+84-884911402','124 Cách Mạng Tháng 8',0,'2025-10-20 06:49:05','2025-10-20 06:49:05',NULL,NULL,NULL,NULL,NULL,10.72399500,106.85072800),(4,25,'Chị. Thạch Du','+84-237368427','10 Trần Hưng Đạo',1,'2025-10-20 06:49:05','2025-10-20 06:49:05',NULL,NULL,NULL,NULL,NULL,10.88789100,106.52729800),(5,26,'Đỗ Triều Thơ','+84-547173793','150 Nguyễn Trãi',1,'2025-10-20 06:49:05','2025-10-20 06:49:05',NULL,NULL,NULL,NULL,NULL,10.53166500,106.93661900),(6,27,'Hán Đăng','+84-932685468','150 Nguyễn Trãi',0,'2025-10-20 06:49:05','2025-10-20 06:49:05',NULL,NULL,NULL,NULL,NULL,10.52582400,106.56382300),(7,28,'Em. Ca Kiệt','+84-666666711','50 Lý Thường Kiệt',0,'2025-10-20 06:49:05','2025-10-20 06:49:05',NULL,NULL,NULL,NULL,NULL,10.58139400,106.78109600),(8,29,'Bà. Hy Giang','+84-991989072','50 Lý Thường Kiệt',1,'2025-10-20 06:49:05','2025-10-20 06:49:05',NULL,NULL,NULL,NULL,NULL,10.62899700,106.75312400),(9,30,'Bàng Thy Hợp','+84-525835761','150 Nguyễn Trãi',1,'2025-10-20 06:49:05','2025-10-20 06:49:05',NULL,NULL,NULL,NULL,NULL,10.50937400,106.55651100),(10,31,'Chú. Huỳnh Nhiên','+84-289855303','75 Hai Bà Trưng',0,'2025-10-20 06:49:05','2025-10-20 06:49:05',NULL,NULL,NULL,NULL,NULL,10.85492300,106.69032400),(11,32,'Chị. Ty Đông Thi','+84-712306297','10 Trần Hưng Đạo',0,'2025-10-20 06:49:05','2025-10-20 06:49:05',NULL,NULL,NULL,NULL,NULL,10.51698300,106.98271600),(12,33,'Bì Ca','+84-419076549','124 Cách Mạng Tháng 8',1,'2025-10-20 06:49:05','2025-10-20 06:49:05',NULL,NULL,NULL,NULL,NULL,10.71934300,106.73554900),(13,34,'Bảo Phương Long','+84-376422059','300 Lê Lợi',1,'2025-10-20 06:49:05','2025-10-20 06:49:05',NULL,NULL,NULL,NULL,NULL,10.72876400,106.51524100),(14,35,'Em. Khâu Phong','+84-007198988','124 Cách Mạng Tháng 8',0,'2025-10-20 06:49:05','2025-10-20 06:49:05',NULL,NULL,NULL,NULL,NULL,10.86382400,106.64330000),(15,36,'Lã Chí Chấn','+84-953734230','500 Điện Biên Phủ',0,'2025-10-20 06:49:05','2025-10-20 06:49:05',NULL,NULL,NULL,NULL,NULL,10.56667800,106.87960700),(16,37,'Cô. Bế Khánh Khai','+84-597700744','150 Nguyễn Trãi',0,'2025-10-20 06:49:05','2025-10-20 06:49:05',NULL,NULL,NULL,NULL,NULL,10.79027500,106.65264700),(17,38,'Bác. Bế Vĩnh','+84-120248960','221 Nguyễn Văn Cừ',0,'2025-10-20 06:49:05','2025-10-20 06:49:05',NULL,NULL,NULL,NULL,NULL,10.53092600,106.78681000),(18,39,'Anh. Đoàn Liên Cường','+84-560367674','150 Nguyễn Trãi',0,'2025-10-20 06:49:06','2025-10-20 06:49:06',NULL,NULL,NULL,NULL,NULL,10.68857700,106.62754800),(19,40,'Bà. Nhậm Linh','+84-996987900','200 Phan Đình Phùng',1,'2025-10-20 06:49:06','2025-10-20 06:49:06',NULL,NULL,NULL,NULL,NULL,10.58399000,106.50776600),(20,41,'Hàn Giao','+84-341906241','200 Phan Đình Phùng',0,'2025-10-20 06:49:06','2025-10-20 06:49:06',NULL,NULL,NULL,NULL,NULL,10.70217700,106.60014200),(21,42,'Bì Khải Hiển','+84-841398972','221 Nguyễn Văn Cừ',1,'2025-10-20 06:49:06','2025-10-20 06:49:06',NULL,NULL,NULL,NULL,NULL,10.52800500,106.96617300),(22,43,'Tiếp Kiên Đình','+84-941227897','300 Lê Lợi',1,'2025-10-20 06:49:06','2025-10-20 06:49:06',NULL,NULL,NULL,NULL,NULL,10.88299700,106.64915000),(23,44,'Thiều Xuyến','+84-351917495','75 Hai Bà Trưng',1,'2025-10-20 06:49:06','2025-10-20 06:49:06',NULL,NULL,NULL,NULL,NULL,10.81167300,106.94739600),(24,45,'Chiêm Duyên Quỳnh','+84-750591240','400 Trần Phú',1,'2025-10-20 06:49:06','2025-10-20 06:49:06',NULL,NULL,NULL,NULL,NULL,10.72708700,106.54593600),(25,46,'Chú. Đổng Thiên','+84-949527082','10 Trần Hưng Đạo',0,'2025-10-20 06:49:06','2025-10-20 06:49:06',NULL,NULL,NULL,NULL,NULL,10.84482600,106.78088200),(26,47,'Bác. Hà Lương Bắc','+84-755955079','10 Trần Hưng Đạo',1,'2025-10-20 06:49:06','2025-10-20 06:49:06',NULL,NULL,NULL,NULL,NULL,10.50379200,106.98435500),(27,48,'Ông. Ma Minh Sâm','+84-769283187','500 Điện Biên Phủ',0,'2025-10-20 06:49:06','2025-10-20 06:49:06',NULL,NULL,NULL,NULL,NULL,10.55838500,106.89232100),(28,49,'Tống Nữ','+84-744927715','221 Nguyễn Văn Cừ',0,'2025-10-20 06:49:06','2025-10-20 06:49:06',NULL,NULL,NULL,NULL,NULL,10.56265200,106.75561300),(29,50,'Ngụy Vượng','+84-172352789','200 Phan Đình Phùng',1,'2025-10-20 06:49:06','2025-10-20 06:49:06',NULL,NULL,NULL,NULL,NULL,10.97431900,106.96578700),(30,51,'Cụ. Phạm Quế','+84-719774845','50 Lý Thường Kiệt',0,'2025-10-20 06:49:06','2025-10-20 06:49:06',NULL,NULL,NULL,NULL,NULL,10.52884700,106.85390800),(31,52,'Vương Tú','+84-169815347','500 Điện Biên Phủ',0,'2025-10-20 06:49:06','2025-10-20 06:49:06',NULL,NULL,NULL,NULL,NULL,10.70540500,106.94195600),(32,53,'Chung Trang','+84-661922451','50 Lý Thường Kiệt',1,'2025-10-20 06:49:06','2025-10-20 06:49:06',NULL,NULL,NULL,NULL,NULL,10.91219100,106.55322400),(33,54,'Em. Chung Phong Thùy','+84-370973524','124 Cách Mạng Tháng 8',0,'2025-10-20 06:49:06','2025-10-20 06:49:06',NULL,NULL,NULL,NULL,NULL,10.88342500,106.75865300),(34,55,'Nhậm Diệu Thảo','+84-731835510','400 Trần Phú',0,'2025-10-20 06:49:06','2025-10-20 06:49:06',NULL,NULL,NULL,NULL,NULL,10.61523600,106.67763400),(35,56,'Hồng Đại Lâm','+84-617873606','400 Trần Phú',0,'2025-10-20 06:49:06','2025-10-20 06:49:06',NULL,NULL,NULL,NULL,NULL,10.92911200,106.67112900),(36,57,'Bà. Đan Kiều','+84-608421012','500 Điện Biên Phủ',0,'2025-10-20 06:49:06','2025-10-20 06:49:06',NULL,NULL,NULL,NULL,NULL,10.62794100,106.88612100),(37,58,'Bác. Phí Bạch','+84-977159479','200 Phan Đình Phùng',0,'2025-10-20 06:49:06','2025-10-20 06:49:06',NULL,NULL,NULL,NULL,NULL,10.99430300,106.64077800),(38,59,'Đào Liên Vĩnh','+84-498159610','300 Lê Lợi',0,'2025-10-20 06:49:06','2025-10-20 06:49:06',NULL,NULL,NULL,NULL,NULL,10.79177900,106.69874400),(39,60,'Thập Cảnh','+84-031268269','124 Cách Mạng Tháng 8',0,'2025-10-20 06:49:06','2025-10-20 06:49:06',NULL,NULL,NULL,NULL,NULL,10.69570000,106.54862100),(40,61,'Chú. Cổ Huân Triết','+84-831073126','10 Trần Hưng Đạo',0,'2025-10-20 06:49:06','2025-10-20 06:49:06',NULL,NULL,NULL,NULL,NULL,10.54855300,106.81735300),(41,62,'Anh. Vi Lễ','+84-378656500','221 Nguyễn Văn Cừ',0,'2025-10-20 06:49:06','2025-10-20 06:49:06',NULL,NULL,NULL,NULL,NULL,10.76164800,106.95131700),(42,63,'Phạm Lộc Nhàn','+84-640286454','500 Điện Biên Phủ',0,'2025-10-20 06:49:06','2025-10-20 06:49:06',NULL,NULL,NULL,NULL,NULL,10.65777900,106.76114600),(43,64,'Hùng Thạch','+84-256185295','500 Điện Biên Phủ',0,'2025-10-20 06:49:06','2025-10-20 06:49:06',NULL,NULL,NULL,NULL,NULL,10.82154100,106.77433200),(44,65,'Hạ Lam','+84-283694520','75 Hai Bà Trưng',1,'2025-10-20 06:49:06','2025-10-20 06:49:06',NULL,NULL,NULL,NULL,NULL,10.83369900,106.98508600),(45,66,'Cụ. Hoàng Diệp','+84-658682668','500 Điện Biên Phủ',1,'2025-10-20 06:49:06','2025-10-20 06:49:06',NULL,NULL,NULL,NULL,NULL,10.55080800,106.98431500),(46,67,'Kha Vàng Trúc','+84-002612145','150 Nguyễn Trãi',1,'2025-10-20 06:49:06','2025-10-20 06:49:06',NULL,NULL,NULL,NULL,NULL,10.85425200,106.58288600),(47,68,'Từ Cẩm Hiếu','+84-538906523','124 Cách Mạng Tháng 8',1,'2025-10-20 06:49:06','2025-10-20 06:49:06',NULL,NULL,NULL,NULL,NULL,10.74130200,106.71421300),(48,69,'Bác. Sử Đăng Cường','+84-474704086','221 Nguyễn Văn Cừ',1,'2025-10-20 06:49:06','2025-10-20 06:49:06',NULL,NULL,NULL,NULL,NULL,10.76971500,106.56724700),(49,70,'Cụ. Bình Diệu','+84-992882203','10 Trần Hưng Đạo',1,'2025-10-20 06:49:06','2025-10-20 06:49:06',NULL,NULL,NULL,NULL,NULL,10.60694000,106.76284100),(50,71,'Bà. Văn Mẫn','+84-053383218','124 Cách Mạng Tháng 8',0,'2025-10-20 06:49:06','2025-10-20 06:49:06',NULL,NULL,NULL,NULL,NULL,10.53089600,106.76775200),(51,72,'Chú. Chương Nghị Tuệ','+84-428870340','300 Lê Lợi',1,'2025-10-20 06:49:06','2025-10-20 06:49:06',NULL,NULL,NULL,NULL,NULL,10.83271900,106.71153400),(52,73,'Cụ. Trà Thúy','+84-697807613','50 Lý Thường Kiệt',0,'2025-10-20 06:49:06','2025-10-20 06:49:06',NULL,NULL,NULL,NULL,NULL,10.93348000,106.60433800),(53,74,'Bác. Cổ Đức Nghị','+84-059652425','124 Cách Mạng Tháng 8',1,'2025-10-20 06:49:06','2025-10-20 06:49:06',NULL,NULL,NULL,NULL,NULL,10.97579600,106.52295300),(54,75,'Cấn Vy','+84-695787264','200 Phan Đình Phùng',0,'2025-10-20 06:49:06','2025-10-20 06:49:06',NULL,NULL,NULL,NULL,NULL,10.72984900,106.96452800),(55,76,'Anh. Tống Hiểu Thời','+84-417116640','400 Trần Phú',1,'2025-10-20 06:49:06','2025-10-20 06:49:06',NULL,NULL,NULL,NULL,NULL,10.84538800,106.81658200),(56,77,'Lã Nhân','+84-269348525','300 Lê Lợi',0,'2025-10-20 06:49:06','2025-10-20 06:49:06',NULL,NULL,NULL,NULL,NULL,10.73447200,106.65770400),(57,78,'Khổng Đinh Bình','+84-929764939','75 Hai Bà Trưng',1,'2025-10-20 06:49:06','2025-10-20 06:49:06',NULL,NULL,NULL,NULL,NULL,10.92320800,106.77147500),(58,79,'Em. Đinh Thạch Băng','+84-342744918','124 Cách Mạng Tháng 8',0,'2025-10-20 06:49:06','2025-10-20 06:49:06',NULL,NULL,NULL,NULL,NULL,10.54177900,106.97926200),(59,80,'Cù Tùng Linh','+84-975445282','124 Cách Mạng Tháng 8',0,'2025-10-20 06:49:07','2025-10-20 06:49:07',NULL,NULL,NULL,NULL,NULL,10.65307900,106.58661400),(60,81,'Giáp Tài','+84-707337049','50 Lý Thường Kiệt',0,'2025-10-20 06:49:07','2025-10-20 06:49:07',NULL,NULL,NULL,NULL,NULL,10.96982000,106.82548700),(61,82,'La Độ','+84-634218084','150 Nguyễn Trãi',0,'2025-10-20 06:49:07','2025-10-20 06:49:07',NULL,NULL,NULL,NULL,NULL,10.94987900,106.87028500),(62,83,'Hoàng Cảnh Học','+84-395787922','300 Lê Lợi',0,'2025-10-20 06:49:07','2025-10-20 06:49:07',NULL,NULL,NULL,NULL,NULL,10.98200600,106.77722500),(63,84,'Bà. Chử Ngôn','+84-647730942','500 Điện Biên Phủ',0,'2025-10-20 06:49:07','2025-10-20 06:49:07',NULL,NULL,NULL,NULL,NULL,10.54205900,106.58981200),(64,85,'Đôn Trân Kiều','+84-972672800','75 Hai Bà Trưng',1,'2025-10-20 06:49:07','2025-10-20 06:49:07',NULL,NULL,NULL,NULL,NULL,10.99529400,106.61523700),(65,86,'Cụ. Ma Lợi','+84-959308517','124 Cách Mạng Tháng 8',0,'2025-10-20 06:49:07','2025-10-20 06:49:07',NULL,NULL,NULL,NULL,NULL,10.74262800,106.95887000),(66,87,'Cụ. Bảo Hào Thời','+84-455306442','75 Hai Bà Trưng',1,'2025-10-20 06:49:07','2025-10-20 06:49:07',NULL,NULL,NULL,NULL,NULL,10.60520200,106.98235200),(67,88,'Chị. Sơn Huệ Hoa','+84-687870856','150 Nguyễn Trãi',0,'2025-10-20 06:49:07','2025-10-20 06:49:07',NULL,NULL,NULL,NULL,NULL,10.74974500,106.98817000),(68,89,'Cụ. Ty Trân','+84-039790292','75 Hai Bà Trưng',0,'2025-10-20 06:49:07','2025-10-20 06:49:07',NULL,NULL,NULL,NULL,NULL,10.71717200,106.90895700),(69,90,'Mạch Hùng','+84-224367851','10 Trần Hưng Đạo',1,'2025-10-20 06:49:07','2025-10-20 06:49:07',NULL,NULL,NULL,NULL,NULL,10.65789800,106.90489200),(70,91,'Cụ. Cự Nhã','+84-807008750','150 Nguyễn Trãi',0,'2025-10-20 06:49:07','2025-10-20 06:49:07',NULL,NULL,NULL,NULL,NULL,10.53532600,106.66838700),(71,92,'Hứa Mộc Khuê','+84-427149578','50 Lý Thường Kiệt',1,'2025-10-20 06:49:07','2025-10-20 06:49:07',NULL,NULL,NULL,NULL,NULL,10.67377400,106.65514200),(72,93,'Trang An','+84-960257406','75 Hai Bà Trưng',1,'2025-10-20 06:49:07','2025-10-20 06:49:07',NULL,NULL,NULL,NULL,NULL,10.65411100,106.68617200),(73,94,'Vương Thịnh','+84-839986191','75 Hai Bà Trưng',1,'2025-10-20 06:49:07','2025-10-20 06:49:07',NULL,NULL,NULL,NULL,NULL,10.55419200,106.75460100),(74,95,'Vũ Sơn','+84-499207926','150 Nguyễn Trãi',1,'2025-10-20 06:49:07','2025-10-20 06:49:07',NULL,NULL,NULL,NULL,NULL,10.53344600,106.96359400),(75,96,'Bì Thạch','+84-878747017','124 Cách Mạng Tháng 8',0,'2025-10-20 06:49:07','2025-10-20 06:49:07',NULL,NULL,NULL,NULL,NULL,10.55208900,106.84661600),(76,97,'Khưu Trác','+84-833622115','150 Nguyễn Trãi',0,'2025-10-20 06:49:07','2025-10-20 06:49:07',NULL,NULL,NULL,NULL,NULL,10.84499000,106.73651300),(77,98,'Mộc Nhu','+84-464352835','50 Lý Thường Kiệt',0,'2025-10-20 06:49:07','2025-10-20 06:49:07',NULL,NULL,NULL,NULL,NULL,10.99434200,106.79995600),(78,99,'Anh. Tòng Cảnh Viên','+84-568382916','200 Phan Đình Phùng',1,'2025-10-20 06:49:07','2025-10-20 06:49:07',NULL,NULL,NULL,NULL,NULL,10.98682000,106.72302700),(79,100,'Từ Dũng','+84-345965668','10 Trần Hưng Đạo',0,'2025-10-20 06:49:07','2025-10-20 06:49:07',NULL,NULL,NULL,NULL,NULL,10.78648300,106.94220000),(80,101,'Cụ. Chử Hoài Viên','+84-779344057','150 Nguyễn Trãi',1,'2025-10-20 06:49:07','2025-10-20 06:49:07',NULL,NULL,NULL,NULL,NULL,10.64672300,106.80001600),(81,102,'Cụ. Trác Phước Đàn','+84-520857599','221 Nguyễn Văn Cừ',0,'2025-10-20 06:49:07','2025-10-20 06:49:07',NULL,NULL,NULL,NULL,NULL,10.64480600,106.76630800),(82,103,'Cụ. Kha Bích','+84-730995248','300 Lê Lợi',0,'2025-10-20 06:49:07','2025-10-20 06:49:07',NULL,NULL,NULL,NULL,NULL,10.57384600,106.53547800),(83,104,'Lục Tú','+84-702996794','500 Điện Biên Phủ',0,'2025-10-20 06:49:07','2025-10-20 06:49:07',NULL,NULL,NULL,NULL,NULL,10.81659100,106.50506400),(84,105,'Em. Kim Kiện','+84-304040928','50 Lý Thường Kiệt',0,'2025-10-20 06:49:07','2025-10-20 06:49:07',NULL,NULL,NULL,NULL,NULL,10.99203000,106.63361700),(85,106,'Khuất Mạnh','+84-785903065','150 Nguyễn Trãi',1,'2025-10-20 06:49:07','2025-10-20 06:49:07',NULL,NULL,NULL,NULL,NULL,10.81881000,106.94100800),(86,107,'Ông. Thập Hữu Trung','+84-047361122','300 Lê Lợi',0,'2025-10-20 06:49:07','2025-10-20 06:49:07',NULL,NULL,NULL,NULL,NULL,10.83121500,106.94558300),(87,108,'Ca Thanh','+84-844010901','75 Hai Bà Trưng',1,'2025-10-20 06:49:07','2025-10-20 06:49:07',NULL,NULL,NULL,NULL,NULL,10.83112200,106.50556600),(88,109,'Giang Thúy','+84-594307993','150 Nguyễn Trãi',1,'2025-10-20 06:49:07','2025-10-20 06:49:07',NULL,NULL,NULL,NULL,NULL,10.90237300,106.75134800),(89,110,'Ông. Trà Chánh Nhuận','+84-559733566','500 Điện Biên Phủ',0,'2025-10-20 06:49:07','2025-10-20 06:49:07',NULL,NULL,NULL,NULL,NULL,10.74395900,106.72777200),(90,111,'Bác. Khâu Lộ','+84-622916141','124 Cách Mạng Tháng 8',0,'2025-10-20 06:49:07','2025-10-20 06:49:07',NULL,NULL,NULL,NULL,NULL,10.83833800,106.62995700),(91,112,'Chị. Doãn Đài My','+84-224912218','50 Lý Thường Kiệt',1,'2025-10-20 06:49:07','2025-10-20 06:49:07',NULL,NULL,NULL,NULL,NULL,10.88652100,106.74386500),(92,113,'Chú. Âu Khương Thể','+84-690836552','10 Trần Hưng Đạo',1,'2025-10-20 06:49:07','2025-10-20 06:49:07',NULL,NULL,NULL,NULL,NULL,10.57727500,106.68285200),(93,114,'Tạ Cát Chấn','+84-258683636','50 Lý Thường Kiệt',0,'2025-10-20 06:49:07','2025-10-20 06:49:07',NULL,NULL,NULL,NULL,NULL,10.96974700,106.73189900),(94,115,'Trà Hoa Phi','+84-684975735','200 Phan Đình Phùng',0,'2025-10-20 06:49:07','2025-10-20 06:49:07',NULL,NULL,NULL,NULL,NULL,10.70161800,106.85588100),(95,116,'Mai Thảo','+84-523999594','400 Trần Phú',0,'2025-10-20 06:49:07','2025-10-20 06:49:07',NULL,NULL,NULL,NULL,NULL,10.63499900,106.55749100),(96,117,'Cô. Ty Vân','+84-372006613','500 Điện Biên Phủ',0,'2025-10-20 06:49:07','2025-10-20 06:49:07',NULL,NULL,NULL,NULL,NULL,10.90874500,106.99095400),(97,118,'Bà. Lục Duyên','+84-513953517','221 Nguyễn Văn Cừ',0,'2025-10-20 06:49:07','2025-10-20 06:49:07',NULL,NULL,NULL,NULL,NULL,10.58545300,106.59308400),(98,119,'Nhậm Cát Thanh','+84-363066188','300 Lê Lợi',0,'2025-10-20 06:49:07','2025-10-20 06:49:07',NULL,NULL,NULL,NULL,NULL,10.50374100,106.68279200),(99,120,'Chú. Kim Lạc Kim','+84-393125863','500 Điện Biên Phủ',1,'2025-10-20 06:49:07','2025-10-20 06:49:07',NULL,NULL,NULL,NULL,NULL,10.93317400,106.51138000),(100,121,'Bà. Mạch Khuê Phi','+84-153172812','221 Nguyễn Văn Cừ',0,'2025-10-20 06:49:07','2025-10-20 06:49:07',NULL,NULL,NULL,NULL,NULL,10.70741500,106.79624600);
/*!40000 ALTER TABLE `user_addresses` ENABLE KEYS */;
UNLOCK TABLES;

--
-- Table structure for table `user_events`
--

DROP TABLE IF EXISTS `user_events`;
/*!40101 SET @saved_cs_client     = @@character_set_client */;
/*!50503 SET character_set_client = utf8mb4 */;
CREATE TABLE `user_events` (
  `id` bigint(20) unsigned NOT NULL AUTO_INCREMENT,
  `user_id` bigint(20) unsigned DEFAULT NULL,
  `session_id` varchar(255) NOT NULL,
  `event_type` enum('page_view','product_view','add_to_cart','remove_from_cart','checkout_start','checkout_complete','purchase','login','register','logout','search','filter','wishlist_add') NOT NULL,
  `event_category` varchar(255) NOT NULL DEFAULT 'general',
  `event_data` longtext CHARACTER SET utf8mb4 COLLATE utf8mb4_bin DEFAULT NULL CHECK (json_valid(`event_data`)),
  `ip_address` varchar(45) DEFAULT NULL,
  `user_agent` text DEFAULT NULL,
  `referrer` varchar(255) DEFAULT NULL,
  `url` varchar(255) DEFAULT NULL,
  `created_at` timestamp NOT NULL DEFAULT current_timestamp(),
  PRIMARY KEY (`id`),
  KEY `user_events_user_id_created_at_index` (`user_id`,`created_at`),
  KEY `user_events_event_type_created_at_index` (`event_type`,`created_at`),
  KEY `user_events_event_category_created_at_index` (`event_category`,`created_at`),
  KEY `user_events_session_id_index` (`session_id`),
  KEY `user_events_created_at_index` (`created_at`),
  CONSTRAINT `user_events_user_id_foreign` FOREIGN KEY (`user_id`) REFERENCES `users` (`id`) ON DELETE SET NULL
) ENGINE=InnoDB DEFAULT CHARSET=utf8mb4 COLLATE=utf8mb4_unicode_ci;
/*!40101 SET character_set_client = @saved_cs_client */;

--
-- Dumping data for table `user_events`
--

LOCK TABLES `user_events` WRITE;
/*!40000 ALTER TABLE `user_events` DISABLE KEYS */;
/*!40000 ALTER TABLE `user_events` ENABLE KEYS */;
UNLOCK TABLES;

--
-- Table structure for table `user_preferences`
--

DROP TABLE IF EXISTS `user_preferences`;
/*!40101 SET @saved_cs_client     = @@character_set_client */;
/*!50503 SET character_set_client = utf8mb4 */;
CREATE TABLE `user_preferences` (
  `user_preference_id` bigint(20) unsigned NOT NULL AUTO_INCREMENT,
  `user_id` bigint(20) unsigned NOT NULL,
  `preferred_category_id` bigint(20) unsigned DEFAULT NULL,
  `preferred_brand_id` bigint(20) unsigned DEFAULT NULL,
  `min_price_range` decimal(18,2) DEFAULT NULL,
  `max_price_range` decimal(18,2) DEFAULT NULL,
  `created_at` timestamp NULL DEFAULT NULL,
  `updated_at` timestamp NULL DEFAULT NULL,
  PRIMARY KEY (`user_preference_id`),
  UNIQUE KEY `user_preferences_user_id_unique` (`user_id`),
  KEY `user_preferences_preferred_category_id_foreign` (`preferred_category_id`),
  KEY `user_preferences_preferred_brand_id_foreign` (`preferred_brand_id`),
  CONSTRAINT `user_preferences_preferred_brand_id_foreign` FOREIGN KEY (`preferred_brand_id`) REFERENCES `brands` (`brand_id`) ON DELETE SET NULL,
  CONSTRAINT `user_preferences_preferred_category_id_foreign` FOREIGN KEY (`preferred_category_id`) REFERENCES `categories` (`category_id`) ON DELETE SET NULL,
  CONSTRAINT `user_preferences_user_id_foreign` FOREIGN KEY (`user_id`) REFERENCES `users` (`id`) ON DELETE CASCADE
) ENGINE=InnoDB AUTO_INCREMENT=101 DEFAULT CHARSET=utf8mb4 COLLATE=utf8mb4_unicode_ci;
/*!40101 SET character_set_client = @saved_cs_client */;

--
-- Dumping data for table `user_preferences`
--

LOCK TABLES `user_preferences` WRITE;
/*!40000 ALTER TABLE `user_preferences` DISABLE KEYS */;
INSERT INTO `user_preferences` VALUES (1,22,15,NULL,NULL,NULL,'2025-10-20 06:49:10','2025-10-20 06:49:10'),(2,23,18,NULL,NULL,NULL,'2025-10-20 06:49:10','2025-10-20 06:49:10'),(3,24,24,NULL,NULL,NULL,'2025-10-20 06:49:10','2025-10-20 06:49:10'),(4,25,9,NULL,NULL,NULL,'2025-10-20 06:49:10','2025-10-20 06:49:10'),(5,26,26,NULL,NULL,NULL,'2025-10-20 06:49:10','2025-10-20 06:49:10'),(6,27,27,NULL,NULL,NULL,'2025-10-20 06:49:10','2025-10-20 06:49:10'),(7,28,27,NULL,NULL,NULL,'2025-10-20 06:49:10','2025-10-20 06:49:10'),(8,29,17,NULL,NULL,NULL,'2025-10-20 06:49:10','2025-10-20 06:49:10'),(9,30,9,NULL,NULL,NULL,'2025-10-20 06:49:10','2025-10-20 06:49:10'),(10,31,2,NULL,NULL,NULL,'2025-10-20 06:49:11','2025-10-20 06:49:11'),(11,32,11,NULL,NULL,NULL,'2025-10-20 06:49:11','2025-10-20 06:49:11'),(12,33,1,NULL,NULL,NULL,'2025-10-20 06:49:11','2025-10-20 06:49:11'),(13,34,23,NULL,NULL,NULL,'2025-10-20 06:49:11','2025-10-20 06:49:11'),(14,35,25,NULL,NULL,NULL,'2025-10-20 06:49:11','2025-10-20 06:49:11'),(15,36,24,NULL,NULL,NULL,'2025-10-20 06:49:11','2025-10-20 06:49:11'),(16,37,27,NULL,NULL,NULL,'2025-10-20 06:49:11','2025-10-20 06:49:11'),(17,38,25,NULL,NULL,NULL,'2025-10-20 06:49:11','2025-10-20 06:49:11'),(18,39,6,NULL,NULL,NULL,'2025-10-20 06:49:11','2025-10-20 06:49:11'),(19,40,10,NULL,NULL,NULL,'2025-10-20 06:49:11','2025-10-20 06:49:11'),(20,41,14,NULL,NULL,NULL,'2025-10-20 06:49:11','2025-10-20 06:49:11'),(21,42,24,NULL,NULL,NULL,'2025-10-20 06:49:12','2025-10-20 06:49:12'),(22,43,6,NULL,NULL,NULL,'2025-10-20 06:49:12','2025-10-20 06:49:12'),(23,44,19,NULL,NULL,NULL,'2025-10-20 06:49:12','2025-10-20 06:49:12'),(24,45,18,NULL,NULL,NULL,'2025-10-20 06:49:12','2025-10-20 06:49:12'),(25,46,8,NULL,NULL,NULL,'2025-10-20 06:49:12','2025-10-20 06:49:12'),(26,47,12,NULL,NULL,NULL,'2025-10-20 06:49:12','2025-10-20 06:49:12'),(27,48,16,NULL,NULL,NULL,'2025-10-20 06:49:12','2025-10-20 06:49:12'),(28,49,11,NULL,NULL,NULL,'2025-10-20 06:49:12','2025-10-20 06:49:12'),(29,50,16,NULL,NULL,NULL,'2025-10-20 06:49:12','2025-10-20 06:49:12'),(30,51,12,NULL,NULL,NULL,'2025-10-20 06:49:12','2025-10-20 06:49:12'),(31,52,16,NULL,NULL,NULL,'2025-10-20 06:49:13','2025-10-20 06:49:13'),(32,53,9,NULL,NULL,NULL,'2025-10-20 06:49:13','2025-10-20 06:49:13'),(33,54,21,NULL,NULL,NULL,'2025-10-20 06:49:13','2025-10-20 06:49:13'),(34,55,2,NULL,NULL,NULL,'2025-10-20 06:49:13','2025-10-20 06:49:13'),(35,56,14,NULL,NULL,NULL,'2025-10-20 06:49:13','2025-10-20 06:49:13'),(36,57,15,NULL,NULL,NULL,'2025-10-20 06:49:13','2025-10-20 06:49:13'),(37,58,27,NULL,NULL,NULL,'2025-10-20 06:49:13','2025-10-20 06:49:13'),(38,59,23,NULL,NULL,NULL,'2025-10-20 06:49:13','2025-10-20 06:49:13'),(39,60,23,NULL,NULL,NULL,'2025-10-20 06:49:13','2025-10-20 06:49:13'),(40,61,15,NULL,NULL,NULL,'2025-10-20 06:49:13','2025-10-20 06:49:13'),(41,62,23,NULL,NULL,NULL,'2025-10-20 06:49:14','2025-10-20 06:49:14'),(42,63,18,NULL,NULL,NULL,'2025-10-20 06:49:14','2025-10-20 06:49:14'),(43,64,5,NULL,NULL,NULL,'2025-10-20 06:49:14','2025-10-20 06:49:14'),(44,65,16,NULL,NULL,NULL,'2025-10-20 06:49:14','2025-10-20 06:49:14'),(45,66,12,NULL,NULL,NULL,'2025-10-20 06:49:14','2025-10-20 06:49:14'),(46,67,6,NULL,NULL,NULL,'2025-10-20 06:49:14','2025-10-20 06:49:14'),(47,68,21,NULL,NULL,NULL,'2025-10-20 06:49:14','2025-10-20 06:49:14'),(48,69,3,NULL,NULL,NULL,'2025-10-20 06:49:14','2025-10-20 06:49:14'),(49,70,7,NULL,NULL,NULL,'2025-10-20 06:49:14','2025-10-20 06:49:14'),(50,71,24,NULL,NULL,NULL,'2025-10-20 06:49:14','2025-10-20 06:49:14'),(51,72,3,NULL,NULL,NULL,'2025-10-20 06:49:15','2025-10-20 06:49:15'),(52,73,8,NULL,NULL,NULL,'2025-10-20 06:49:15','2025-10-20 06:49:15'),(53,74,22,NULL,NULL,NULL,'2025-10-20 06:49:15','2025-10-20 06:49:15'),(54,75,25,NULL,NULL,NULL,'2025-10-20 06:49:15','2025-10-20 06:49:15'),(55,76,14,NULL,NULL,NULL,'2025-10-20 06:49:15','2025-10-20 06:49:15'),(56,77,5,NULL,NULL,NULL,'2025-10-20 06:49:15','2025-10-20 06:49:15'),(57,78,10,NULL,NULL,NULL,'2025-10-20 06:49:15','2025-10-20 06:49:15'),(58,79,22,NULL,NULL,NULL,'2025-10-20 06:49:15','2025-10-20 06:49:15'),(59,80,4,NULL,NULL,NULL,'2025-10-20 06:49:16','2025-10-20 06:49:16'),(60,81,22,NULL,NULL,NULL,'2025-10-20 06:49:16','2025-10-20 06:49:16'),(61,82,19,NULL,NULL,NULL,'2025-10-20 06:49:16','2025-10-20 06:49:16'),(62,83,2,NULL,NULL,NULL,'2025-10-20 06:49:16','2025-10-20 06:49:16'),(63,84,10,NULL,NULL,NULL,'2025-10-20 06:49:16','2025-10-20 06:49:16'),(64,85,22,NULL,NULL,NULL,'2025-10-20 06:49:16','2025-10-20 06:49:16'),(65,86,13,NULL,NULL,NULL,'2025-10-20 06:49:16','2025-10-20 06:49:16'),(66,87,9,NULL,NULL,NULL,'2025-10-20 06:49:16','2025-10-20 06:49:16'),(67,88,20,NULL,NULL,NULL,'2025-10-20 06:49:17','2025-10-20 06:49:17'),(68,89,20,NULL,NULL,NULL,'2025-10-20 06:49:17','2025-10-20 06:49:17'),(69,90,13,NULL,NULL,NULL,'2025-10-20 06:49:17','2025-10-20 06:49:17'),(70,91,6,NULL,NULL,NULL,'2025-10-20 06:49:17','2025-10-20 06:49:17'),(71,92,6,NULL,NULL,NULL,'2025-10-20 06:49:18','2025-10-20 06:49:18'),(72,93,9,NULL,NULL,NULL,'2025-10-20 06:49:18','2025-10-20 06:49:18'),(73,94,22,NULL,NULL,NULL,'2025-10-20 06:49:19','2025-10-20 06:49:19'),(74,95,1,NULL,NULL,NULL,'2025-10-20 06:49:19','2025-10-20 06:49:19'),(75,96,15,NULL,NULL,NULL,'2025-10-20 06:49:20','2025-10-20 06:49:20'),(76,97,19,NULL,NULL,NULL,'2025-10-20 06:49:21','2025-10-20 06:49:21'),(77,98,9,NULL,NULL,NULL,'2025-10-20 06:49:22','2025-10-20 06:49:22'),(78,99,26,NULL,NULL,NULL,'2025-10-20 06:49:22','2025-10-20 06:49:22'),(79,100,27,NULL,NULL,NULL,'2025-10-20 06:49:23','2025-10-20 06:49:23'),(80,101,15,NULL,NULL,NULL,'2025-10-20 06:49:24','2025-10-20 06:49:24'),(81,102,2,NULL,NULL,NULL,'2025-10-20 06:49:24','2025-10-20 06:49:24'),(82,103,17,NULL,NULL,NULL,'2025-10-20 06:49:25','2025-10-20 06:49:25'),(83,104,19,NULL,NULL,NULL,'2025-10-20 06:49:26','2025-10-20 06:49:26'),(84,105,5,NULL,NULL,NULL,'2025-10-20 06:49:26','2025-10-20 06:49:26'),(85,106,8,NULL,NULL,NULL,'2025-10-20 06:49:26','2025-10-20 06:49:26'),(86,107,24,NULL,NULL,NULL,'2025-10-20 06:49:26','2025-10-20 06:49:26'),(87,108,24,NULL,NULL,NULL,'2025-10-20 06:49:26','2025-10-20 06:49:26'),(88,109,10,NULL,NULL,NULL,'2025-10-20 06:49:27','2025-10-20 06:49:27'),(89,110,1,NULL,NULL,NULL,'2025-10-20 06:49:27','2025-10-20 06:49:27'),(90,111,17,NULL,NULL,NULL,'2025-10-20 06:49:27','2025-10-20 06:49:27'),(91,112,3,NULL,NULL,NULL,'2025-10-20 06:49:27','2025-10-20 06:49:27'),(92,113,3,NULL,NULL,NULL,'2025-10-20 06:49:27','2025-10-20 06:49:27'),(93,114,4,NULL,NULL,NULL,'2025-10-20 06:49:27','2025-10-20 06:49:27'),(94,115,10,NULL,NULL,NULL,'2025-10-20 06:49:27','2025-10-20 06:49:27'),(95,116,16,NULL,NULL,NULL,'2025-10-20 06:49:27','2025-10-20 06:49:27'),(96,117,23,NULL,NULL,NULL,'2025-10-20 06:49:27','2025-10-20 06:49:27'),(97,118,27,NULL,NULL,NULL,'2025-10-20 06:49:28','2025-10-20 06:49:28'),(98,119,27,NULL,NULL,NULL,'2025-10-20 06:49:28','2025-10-20 06:49:28'),(99,120,9,NULL,NULL,NULL,'2025-10-20 06:49:28','2025-10-20 06:49:28'),(100,121,4,NULL,NULL,NULL,'2025-10-20 06:49:28','2025-10-20 06:49:28');
/*!40000 ALTER TABLE `user_preferences` ENABLE KEYS */;
UNLOCK TABLES;

--
-- Table structure for table `users`
--

DROP TABLE IF EXISTS `users`;
/*!40101 SET @saved_cs_client     = @@character_set_client */;
/*!50503 SET character_set_client = utf8mb4 */;
CREATE TABLE `users` (
  `id` bigint(20) unsigned NOT NULL AUTO_INCREMENT,
  `username` varchar(255) NOT NULL,
  `email` varchar(255) NOT NULL,
  `email_verified_at` timestamp NULL DEFAULT NULL,
  `password` varchar(255) NOT NULL,
  `provider` varchar(255) DEFAULT NULL,
  `provider_id` varchar(255) DEFAULT NULL,
  `avatar` varchar(255) DEFAULT NULL,
  `remember_token` varchar(100) DEFAULT NULL,
  `created_at` timestamp NULL DEFAULT NULL,
  `updated_at` timestamp NULL DEFAULT NULL,
  `first_name` varchar(255) DEFAULT NULL,
  `last_name` varchar(255) DEFAULT NULL,
  `phone_number` varchar(20) DEFAULT NULL,
  `is_active` tinyint(1) NOT NULL DEFAULT 1,
  `deleted_at` timestamp NULL DEFAULT NULL,
  `default_address_id` bigint(20) unsigned DEFAULT NULL,
  PRIMARY KEY (`id`),
  UNIQUE KEY `users_email_unique` (`email`),
  UNIQUE KEY `users_username_unique` (`username`),
  UNIQUE KEY `users_phone_number_unique` (`phone_number`),
  KEY `users_default_address_id_foreign` (`default_address_id`),
  CONSTRAINT `users_default_address_id_foreign` FOREIGN KEY (`default_address_id`) REFERENCES `user_addresses` (`id`) ON DELETE SET NULL
) ENGINE=InnoDB AUTO_INCREMENT=132 DEFAULT CHARSET=utf8mb4 COLLATE=utf8mb4_unicode_ci;
/*!40101 SET character_set_client = @saved_cs_client */;

--
-- Dumping data for table `users`
--

LOCK TABLES `users` WRITE;
/*!40000 ALTER TABLE `users` DISABLE KEYS */;
INSERT INTO `users` VALUES (1,'superadmin','admin@shopnest.com','2025-10-20 06:49:02','$2y$12$vjMkdQMnpVqOG3m481wykOhABwWB3jk6XnHdZatfJR..q0SZxQSJG',NULL,NULL,NULL,'fyufNOrm5J','2025-10-20 06:49:02','2025-10-20 06:49:02','Super','Admin','(079) 130 8313',1,NULL,NULL),(2,'snong','ly68@example.org','2025-10-20 06:49:02','$2y$12$RINrkriGu9vU7kxFAf1r/ummqHeDTuDGd6FyHxFkuwb2UO1KOXk0q',NULL,NULL,NULL,'jkwYJ5b151','2025-10-20 06:49:02','2025-10-20 06:49:02','Nghĩa','Trang','(060) 002 3566',1,NULL,NULL),(3,'kien69','lac.cuong@example.com','2025-10-20 06:49:02','$2y$12$RINrkriGu9vU7kxFAf1r/ummqHeDTuDGd6FyHxFkuwb2UO1KOXk0q',NULL,NULL,NULL,'rpLjRSkfkX','2025-10-20 06:49:02','2025-10-20 06:49:02','Yến','Sử','(0121) 074 4547',1,NULL,NULL),(4,'kvu','phng65@example.net','2025-10-20 06:49:02','$2y$12$RINrkriGu9vU7kxFAf1r/ummqHeDTuDGd6FyHxFkuwb2UO1KOXk0q',NULL,NULL,NULL,'UhgJ54KfPb','2025-10-20 06:49:02','2025-10-20 06:49:02','Thùy','Đường','+84-167-674-1163',1,NULL,NULL),(5,'jkha','hp28@example.net','2025-10-20 06:49:02','$2y$12$RINrkriGu9vU7kxFAf1r/ummqHeDTuDGd6FyHxFkuwb2UO1KOXk0q',NULL,NULL,NULL,'3spY6O3MYs','2025-10-20 06:49:02','2025-10-20 06:49:02','Thuận','Tào','+84-97-806-9169',1,NULL,NULL),(6,'han.tong','cuong.khau@example.net','2025-10-20 06:49:02','$2y$12$RINrkriGu9vU7kxFAf1r/ummqHeDTuDGd6FyHxFkuwb2UO1KOXk0q',NULL,NULL,NULL,'cdHf8HbK5k','2025-10-20 06:49:02','2025-10-20 06:49:02','Khiếu','Khương','(0129) 557 0268',1,NULL,NULL),(7,'anh62','thoai.thieu@example.net','2025-10-20 06:49:02','$2y$12$RINrkriGu9vU7kxFAf1r/ummqHeDTuDGd6FyHxFkuwb2UO1KOXk0q',NULL,NULL,NULL,'vpN35rhPXD','2025-10-20 06:49:02','2025-10-20 06:49:02','Chương','Tông','025 034 9648',1,NULL,NULL),(8,'khng.chi','thai.diep@example.com','2025-10-20 06:49:02','$2y$12$RINrkriGu9vU7kxFAf1r/ummqHeDTuDGd6FyHxFkuwb2UO1KOXk0q',NULL,NULL,NULL,'a6tckjhNuE','2025-10-20 06:49:02','2025-10-20 06:49:02','Đàn','Quách','058 845 8028',1,NULL,NULL),(9,'au.nhan','zhunh@example.net','2025-10-20 06:49:02','$2y$12$RINrkriGu9vU7kxFAf1r/ummqHeDTuDGd6FyHxFkuwb2UO1KOXk0q',NULL,NULL,NULL,'AhJH9j7WRv','2025-10-20 06:49:02','2025-10-20 06:49:02','Nhật','Nghiêm','029 473 1429',1,NULL,NULL),(10,'chieu.thach','dieu.luu@example.org','2025-10-20 06:49:02','$2y$12$RINrkriGu9vU7kxFAf1r/ummqHeDTuDGd6FyHxFkuwb2UO1KOXk0q',NULL,NULL,NULL,'E7kyzh6ttI','2025-10-20 06:49:02','2025-10-20 06:49:02','Đan','Hà','(094)177-3274',1,NULL,NULL),(11,'jngan','ai43@example.org','2025-10-20 06:49:02','$2y$12$RINrkriGu9vU7kxFAf1r/ummqHeDTuDGd6FyHxFkuwb2UO1KOXk0q',NULL,NULL,NULL,'HoGwrLIra0','2025-10-20 06:49:02','2025-10-20 06:49:02','Từ','Tôn','(0121)050-3161',1,NULL,NULL),(12,'hu34','thao.liu@example.com','2025-10-20 06:49:02','$2y$12$RINrkriGu9vU7kxFAf1r/ummqHeDTuDGd6FyHxFkuwb2UO1KOXk0q',NULL,NULL,NULL,'5uBu8tt3Qw','2025-10-20 06:49:02','2025-10-20 06:49:02','Đại','Chương','(84)(37)305-0380',1,NULL,NULL),(13,'kngan','minh.anh@example.com','2025-10-20 06:49:02','$2y$12$RINrkriGu9vU7kxFAf1r/ummqHeDTuDGd6FyHxFkuwb2UO1KOXk0q',NULL,NULL,NULL,'87ZdsM5sBq','2025-10-20 06:49:02','2025-10-20 06:49:02','Thái','Chung','0120 481 7992',1,NULL,NULL),(14,'binh.hau','van.mau@example.org','2025-10-20 06:49:02','$2y$12$RINrkriGu9vU7kxFAf1r/ummqHeDTuDGd6FyHxFkuwb2UO1KOXk0q',NULL,NULL,NULL,'VSbMi5PJsK','2025-10-20 06:49:02','2025-10-20 06:49:02','Nhi','Thịnh','0219 917 4089',1,NULL,NULL),(15,'tram.gia','ecu@example.com','2025-10-20 06:49:02','$2y$12$RINrkriGu9vU7kxFAf1r/ummqHeDTuDGd6FyHxFkuwb2UO1KOXk0q',NULL,NULL,NULL,'D1jrn5ODLL','2025-10-20 06:49:02','2025-10-20 06:49:02','Giang','Trang','(064)912-2982',1,NULL,NULL),(16,'giang.lai','toan.doan@example.org','2025-10-20 06:49:02','$2y$12$RINrkriGu9vU7kxFAf1r/ummqHeDTuDGd6FyHxFkuwb2UO1KOXk0q',NULL,NULL,NULL,'2SynebszAO','2025-10-20 06:49:02','2025-10-20 06:49:02','Việt','Bành','(063)753-2588',1,NULL,NULL),(17,'rlo','quan20@example.com','2025-10-20 06:49:02','$2y$12$RINrkriGu9vU7kxFAf1r/ummqHeDTuDGd6FyHxFkuwb2UO1KOXk0q',NULL,NULL,NULL,'217C23Bc6m','2025-10-20 06:49:02','2025-10-20 06:49:02','Cần','Đàm','061-376-3073',1,NULL,NULL),(18,'minh81','vinh.diem@example.com','2025-10-20 06:49:02','$2y$12$RINrkriGu9vU7kxFAf1r/ummqHeDTuDGd6FyHxFkuwb2UO1KOXk0q',NULL,NULL,NULL,'W2fAu6six7','2025-10-20 06:49:02','2025-10-20 06:49:02','Khuyên','Phương','098 143 9285',1,NULL,NULL),(19,'chn99','kien.dai@example.org','2025-10-20 06:49:02','$2y$12$RINrkriGu9vU7kxFAf1r/ummqHeDTuDGd6FyHxFkuwb2UO1KOXk0q',NULL,NULL,NULL,'DakspCfiph','2025-10-20 06:49:02','2025-10-20 06:49:02','Bạch','Kim','(84)(25)952-2815',1,NULL,NULL),(20,'trung81','itang@example.net','2025-10-20 06:49:02','$2y$12$RINrkriGu9vU7kxFAf1r/ummqHeDTuDGd6FyHxFkuwb2UO1KOXk0q',NULL,NULL,NULL,'OZaqSw9BCk','2025-10-20 06:49:02','2025-10-20 06:49:02','Xuân','Trang','(0280)601-9395',1,NULL,NULL),(21,'rong','ha.vien@example.org','2025-10-20 06:49:02','$2y$12$RINrkriGu9vU7kxFAf1r/ummqHeDTuDGd6FyHxFkuwb2UO1KOXk0q',NULL,NULL,NULL,'mdsR2SkNdE','2025-10-20 06:49:02','2025-10-20 06:49:02','Trí','Đái','063-137-6830',1,NULL,NULL),(22,'tca','thanh42@example.net','2025-10-20 06:49:02','$2y$12$RINrkriGu9vU7kxFAf1r/ummqHeDTuDGd6FyHxFkuwb2UO1KOXk0q',NULL,NULL,NULL,'Kfqmj6R97t','2025-10-20 06:49:02','2025-10-20 06:49:02','Ninh','Phùng','(060) 371 2792',1,NULL,NULL),(23,'suong','khuong36@example.com','2025-10-20 06:49:02','$2y$12$RINrkriGu9vU7kxFAf1r/ummqHeDTuDGd6FyHxFkuwb2UO1KOXk0q',NULL,NULL,NULL,'j9itzbtDuq','2025-10-20 06:49:02','2025-10-20 06:49:02','Uyển','Thái','+84-60-839-9470',1,NULL,NULL),(24,'hp53','ltruong@example.com','2025-10-20 06:49:02','$2y$12$RINrkriGu9vU7kxFAf1r/ummqHeDTuDGd6FyHxFkuwb2UO1KOXk0q',NULL,NULL,NULL,'oNhatXcc5M','2025-10-20 06:49:02','2025-10-20 06:49:02','Lộc','Tăng','(099)526-4135',1,NULL,NULL),(25,'dc71','rong@example.com','2025-10-20 06:49:02','$2y$12$RINrkriGu9vU7kxFAf1r/ummqHeDTuDGd6FyHxFkuwb2UO1KOXk0q',NULL,NULL,NULL,'iU3RQEqt3k','2025-10-20 06:49:02','2025-10-20 06:49:02','Dương','Cái','(025) 978 3386',1,NULL,NULL),(26,'thuong80','hoan70@example.com','2025-10-20 06:49:02','$2y$12$RINrkriGu9vU7kxFAf1r/ummqHeDTuDGd6FyHxFkuwb2UO1KOXk0q',NULL,NULL,NULL,'t5gKN3Umg0','2025-10-20 06:49:02','2025-10-20 06:49:02','Diệp','Chế','+84-70-138-7199',1,NULL,NULL),(27,'xc','thunh@example.com','2025-10-20 06:49:02','$2y$12$RINrkriGu9vU7kxFAf1r/ummqHeDTuDGd6FyHxFkuwb2UO1KOXk0q',NULL,NULL,NULL,'5efwQXxNvR','2025-10-20 06:49:02','2025-10-20 06:49:02','Trung','Bùi','(0125)702-8822',1,NULL,NULL),(28,'an.l','dan03@example.net','2025-10-20 06:49:02','$2y$12$RINrkriGu9vU7kxFAf1r/ummqHeDTuDGd6FyHxFkuwb2UO1KOXk0q',NULL,NULL,NULL,'uOmoO1zWDL','2025-10-20 06:49:02','2025-10-20 06:49:02','Thảo','Diêm','(84)(61)456-0250',1,NULL,NULL),(29,'lan36','quyen03@example.com','2025-10-20 06:49:02','$2y$12$RINrkriGu9vU7kxFAf1r/ummqHeDTuDGd6FyHxFkuwb2UO1KOXk0q',NULL,NULL,NULL,'1S1mrkhnTc','2025-10-20 06:49:02','2025-10-20 06:49:02','Vỹ','Triệu','0711 147 5356',1,NULL,NULL),(30,'pham.linh','hoan21@example.org','2025-10-20 06:49:02','$2y$12$RINrkriGu9vU7kxFAf1r/ummqHeDTuDGd6FyHxFkuwb2UO1KOXk0q',NULL,NULL,NULL,'5zfxQvQjL7','2025-10-20 06:49:02','2025-10-20 06:49:02','Nhiên','Diệp','+84-22-863-0219',1,NULL,NULL),(31,'phat17','que06@example.net','2025-10-20 06:49:02','$2y$12$RINrkriGu9vU7kxFAf1r/ummqHeDTuDGd6FyHxFkuwb2UO1KOXk0q',NULL,NULL,NULL,'HjDvxYDdrQ','2025-10-20 06:49:02','2025-10-20 06:49:02','Trác','Ong','+84-163-081-0789',1,NULL,NULL),(32,'kha.cn','bach.van@example.com','2025-10-20 06:49:02','$2y$12$RINrkriGu9vU7kxFAf1r/ummqHeDTuDGd6FyHxFkuwb2UO1KOXk0q',NULL,NULL,NULL,'uuxlvuxvuF','2025-10-20 06:49:02','2025-10-20 06:49:02','Chung','Bạch','0164 928 2723',1,NULL,NULL),(33,'nga14','luong.ha@example.org','2025-10-20 06:49:02','$2y$12$RINrkriGu9vU7kxFAf1r/ummqHeDTuDGd6FyHxFkuwb2UO1KOXk0q',NULL,NULL,NULL,'7av9HlSmbw','2025-10-20 06:49:02','2025-10-20 06:49:02','Chính','Ân','(0500)559-1762',1,NULL,NULL),(34,'buong','cu.phu@example.net','2025-10-20 06:49:02','$2y$12$RINrkriGu9vU7kxFAf1r/ummqHeDTuDGd6FyHxFkuwb2UO1KOXk0q',NULL,NULL,NULL,'OYlFaCAbMj','2025-10-20 06:49:02','2025-10-20 06:49:02','Từ','Lê','84-219-166-4545',1,NULL,NULL),(35,'hai44','quan49@example.net','2025-10-20 06:49:02','$2y$12$RINrkriGu9vU7kxFAf1r/ummqHeDTuDGd6FyHxFkuwb2UO1KOXk0q',NULL,NULL,NULL,'0uUe9aIo6r','2025-10-20 06:49:02','2025-10-20 06:49:02','Hoàn','Thi','+84-75-146-4704',1,NULL,NULL),(36,'nkim','lam25@example.net','2025-10-20 06:49:02','$2y$12$RINrkriGu9vU7kxFAf1r/ummqHeDTuDGd6FyHxFkuwb2UO1KOXk0q',NULL,NULL,NULL,'wR8mFQAQuZ','2025-10-20 06:49:02','2025-10-20 06:49:02','Hà','Đặng','027 057 7276',1,NULL,NULL),(37,'xuan71','bac48@example.net','2025-10-20 06:49:02','$2y$12$RINrkriGu9vU7kxFAf1r/ummqHeDTuDGd6FyHxFkuwb2UO1KOXk0q',NULL,NULL,NULL,'sTt12g8Hy1','2025-10-20 06:49:02','2025-10-20 06:49:02','Hậu','Đỗ','+84-20-402-8347',1,NULL,NULL),(38,'trc11','lkhut@example.org','2025-10-20 06:49:02','$2y$12$RINrkriGu9vU7kxFAf1r/ummqHeDTuDGd6FyHxFkuwb2UO1KOXk0q',NULL,NULL,NULL,'7gkHWNXxgV','2025-10-20 06:49:02','2025-10-20 06:49:02','Đào','Hạ','0162 002 3195',1,NULL,NULL),(39,'tin.trinh','pho@example.org','2025-10-20 06:49:02','$2y$12$RINrkriGu9vU7kxFAf1r/ummqHeDTuDGd6FyHxFkuwb2UO1KOXk0q',NULL,NULL,NULL,'wT2fXRcK4F','2025-10-20 06:49:02','2025-10-20 06:49:02','Phúc','An','0211 192 5617',1,NULL,NULL),(40,'dieu43','sba@example.com','2025-10-20 06:49:02','$2y$12$RINrkriGu9vU7kxFAf1r/ummqHeDTuDGd6FyHxFkuwb2UO1KOXk0q',NULL,NULL,NULL,'2QR0hbh5UD','2025-10-20 06:49:02','2025-10-20 06:49:02','Chương','Phạm','0162-087-2879',1,NULL,NULL),(41,'thi07','udon@example.org','2025-10-20 06:49:02','$2y$12$RINrkriGu9vU7kxFAf1r/ummqHeDTuDGd6FyHxFkuwb2UO1KOXk0q',NULL,NULL,NULL,'vbTX3PmVP3','2025-10-20 06:49:02','2025-10-20 06:49:02','Ca','Trang','(0210) 373 7562',1,NULL,NULL),(42,'sma','sa43@example.net','2025-10-20 06:49:02','$2y$12$RINrkriGu9vU7kxFAf1r/ummqHeDTuDGd6FyHxFkuwb2UO1KOXk0q',NULL,NULL,NULL,'jcJXylR3h7','2025-10-20 06:49:02','2025-10-20 06:49:02','Linh','Tôn','(84)(219)488-1798',1,NULL,NULL),(43,'kien.ninh','jta@example.com','2025-10-20 06:49:02','$2y$12$RINrkriGu9vU7kxFAf1r/ummqHeDTuDGd6FyHxFkuwb2UO1KOXk0q',NULL,NULL,NULL,'9LZOVdt4Oj','2025-10-20 06:49:02','2025-10-20 06:49:02','Hảo','Trương','0166-999-0623',1,NULL,NULL),(44,'dai.nghi','c.m@example.net','2025-10-20 06:49:02','$2y$12$RINrkriGu9vU7kxFAf1r/ummqHeDTuDGd6FyHxFkuwb2UO1KOXk0q',NULL,NULL,NULL,'ofQcXnCHgl','2025-10-20 06:49:02','2025-10-20 06:49:02','Dụng','Bùi','068 203 4797',1,NULL,NULL),(45,'hai.du','be.trc@example.com','2025-10-20 06:49:02','$2y$12$RINrkriGu9vU7kxFAf1r/ummqHeDTuDGd6FyHxFkuwb2UO1KOXk0q',NULL,NULL,NULL,'fZWfmcpDCT','2025-10-20 06:49:02','2025-10-20 06:49:02','Tuyết','Khuất','(097) 783 1119',1,NULL,NULL),(46,'khue19','nca@example.net','2025-10-20 06:49:02','$2y$12$RINrkriGu9vU7kxFAf1r/ummqHeDTuDGd6FyHxFkuwb2UO1KOXk0q',NULL,NULL,NULL,'DD1sO8D9v9','2025-10-20 06:49:02','2025-10-20 06:49:02','Quyên','Giáp','(077) 284 1896',1,NULL,NULL),(47,'tue.tong','tcn@example.org','2025-10-20 06:49:02','$2y$12$RINrkriGu9vU7kxFAf1r/ummqHeDTuDGd6FyHxFkuwb2UO1KOXk0q',NULL,NULL,NULL,'AGq7xmgV6A','2025-10-20 06:49:02','2025-10-20 06:49:02','Ngân','Phương','(0121)186-5813',1,NULL,NULL),(48,'tien.ma','hoan.mang@example.org','2025-10-20 06:49:02','$2y$12$RINrkriGu9vU7kxFAf1r/ummqHeDTuDGd6FyHxFkuwb2UO1KOXk0q',NULL,NULL,NULL,'f6NhCUEe0v','2025-10-20 06:49:02','2025-10-20 06:49:02','Dụng','Nhâm','+84-350-799-5850',1,NULL,NULL),(49,'danh.kim','an30@example.org','2025-10-20 06:49:02','$2y$12$RINrkriGu9vU7kxFAf1r/ummqHeDTuDGd6FyHxFkuwb2UO1KOXk0q',NULL,NULL,NULL,'lrz2JomdCB','2025-10-20 06:49:02','2025-10-20 06:49:02','Nhân','Giang','+84-67-078-5767',1,NULL,NULL),(50,'luong.linh','pda@example.org','2025-10-20 06:49:02','$2y$12$RINrkriGu9vU7kxFAf1r/ummqHeDTuDGd6FyHxFkuwb2UO1KOXk0q',NULL,NULL,NULL,'1bi6XekNtM','2025-10-20 06:49:02','2025-10-20 06:49:02','Lý','Bồ','+84-68-383-0455',1,NULL,NULL),(51,'ylac','h83@example.org','2025-10-20 06:49:02','$2y$12$RINrkriGu9vU7kxFAf1r/ummqHeDTuDGd6FyHxFkuwb2UO1KOXk0q',NULL,NULL,NULL,'lEVSROKAZt','2025-10-20 06:49:02','2025-10-20 06:49:02','Ý','Danh','+84-510-038-4344',1,NULL,NULL),(52,'nguyen36','li.dan@example.net','2025-10-20 06:49:02','$2y$12$RINrkriGu9vU7kxFAf1r/ummqHeDTuDGd6FyHxFkuwb2UO1KOXk0q',NULL,NULL,NULL,'XUuVYsygAW','2025-10-20 06:49:02','2025-10-20 06:49:02','Tâm','Âu','(052) 463 7440',1,NULL,NULL),(53,'lc.dieu','binh.thi@example.net','2025-10-20 06:49:02','$2y$12$RINrkriGu9vU7kxFAf1r/ummqHeDTuDGd6FyHxFkuwb2UO1KOXk0q',NULL,NULL,NULL,'Q0W6aGZkBz','2025-10-20 06:49:02','2025-10-20 06:49:02','Bảo','Ngụy','(072)858-4311',1,NULL,NULL),(54,'tu.luu','nhi.han@example.net','2025-10-20 06:49:02','$2y$12$RINrkriGu9vU7kxFAf1r/ummqHeDTuDGd6FyHxFkuwb2UO1KOXk0q',NULL,NULL,NULL,'qM1MHK4q3J','2025-10-20 06:49:02','2025-10-20 06:49:02','Ánh','Giả','(074)734-7179',1,NULL,NULL),(55,'uma','khai.phung@example.net','2025-10-20 06:49:02','$2y$12$RINrkriGu9vU7kxFAf1r/ummqHeDTuDGd6FyHxFkuwb2UO1KOXk0q',NULL,NULL,NULL,'jMFcvRT6QS','2025-10-20 06:49:02','2025-10-20 06:49:02','Ngọc','Lò','(092)000-3674',1,NULL,NULL),(56,'ly33','edng@example.net','2025-10-20 06:49:02','$2y$12$RINrkriGu9vU7kxFAf1r/ummqHeDTuDGd6FyHxFkuwb2UO1KOXk0q',NULL,NULL,NULL,'qnN6bzrMfW','2025-10-20 06:49:02','2025-10-20 06:49:02','Chưởng','Văn','(0166) 848 7171',1,NULL,NULL),(57,'nam11','wong@example.com','2025-10-20 06:49:02','$2y$12$RINrkriGu9vU7kxFAf1r/ummqHeDTuDGd6FyHxFkuwb2UO1KOXk0q',NULL,NULL,NULL,'hN1YM8TgQr','2025-10-20 06:49:02','2025-10-20 06:49:02','Chinh','Nhiệm','022 610 4792',1,NULL,NULL),(58,'btrang','l.nga@example.com','2025-10-20 06:49:02','$2y$12$RINrkriGu9vU7kxFAf1r/ummqHeDTuDGd6FyHxFkuwb2UO1KOXk0q',NULL,NULL,NULL,'EZnEsYXMc7','2025-10-20 06:49:02','2025-10-20 06:49:02','Chung','Đới','072 881 9152',1,NULL,NULL),(59,'da.hoa','th44@example.net','2025-10-20 06:49:02','$2y$12$RINrkriGu9vU7kxFAf1r/ummqHeDTuDGd6FyHxFkuwb2UO1KOXk0q',NULL,NULL,NULL,'IaIhc7XTST','2025-10-20 06:49:02','2025-10-20 06:49:02','Phụng','Thạch','0188 286 3881',1,NULL,NULL),(60,'hoai.tang','tiep.mi@example.org','2025-10-20 06:49:02','$2y$12$RINrkriGu9vU7kxFAf1r/ummqHeDTuDGd6FyHxFkuwb2UO1KOXk0q',NULL,NULL,NULL,'5bHOXQYBdx','2025-10-20 06:49:02','2025-10-20 06:49:02','Vân','Triệu','0122 286 8502',1,NULL,NULL),(61,'khoa.cuong','lan@example.net','2025-10-20 06:49:02','$2y$12$RINrkriGu9vU7kxFAf1r/ummqHeDTuDGd6FyHxFkuwb2UO1KOXk0q',NULL,NULL,NULL,'IlXtNrDWFd','2025-10-20 06:49:02','2025-10-20 06:49:02','Nhật','Dư','053 968 3760',1,NULL,NULL),(62,'nhung39','yen.doan@example.org','2025-10-20 06:49:02','$2y$12$RINrkriGu9vU7kxFAf1r/ummqHeDTuDGd6FyHxFkuwb2UO1KOXk0q',NULL,NULL,NULL,'KLJCZGK9pQ','2025-10-20 06:49:02','2025-10-20 06:49:02','Công','Tôn','(84)(99)950-3786',1,NULL,NULL),(63,'hoan89','nghiem.bui@example.org','2025-10-20 06:49:02','$2y$12$RINrkriGu9vU7kxFAf1r/ummqHeDTuDGd6FyHxFkuwb2UO1KOXk0q',NULL,NULL,NULL,'g2PEmyi7Qa','2025-10-20 06:49:02','2025-10-20 06:49:02','Phúc','Ma','(84)(91)335-5241',1,NULL,NULL),(64,'huyen77','dung62@example.com','2025-10-20 06:49:02','$2y$12$RINrkriGu9vU7kxFAf1r/ummqHeDTuDGd6FyHxFkuwb2UO1KOXk0q',NULL,NULL,NULL,'HPEdWxGxFY','2025-10-20 06:49:02','2025-10-20 06:49:02','Lợi','Ông','+84-75-967-0620',1,NULL,NULL),(65,'fkhut','dng.nguyet@example.org','2025-10-20 06:49:02','$2y$12$RINrkriGu9vU7kxFAf1r/ummqHeDTuDGd6FyHxFkuwb2UO1KOXk0q',NULL,NULL,NULL,'gqdwPZSpa5','2025-10-20 06:49:02','2025-10-20 06:49:02','Nhi','Biện','+84-25-944-4268',1,NULL,NULL),(66,'bnghi','nguyn.xuan@example.org','2025-10-20 06:49:02','$2y$12$RINrkriGu9vU7kxFAf1r/ummqHeDTuDGd6FyHxFkuwb2UO1KOXk0q',NULL,NULL,NULL,'HQg64XZhUm','2025-10-20 06:49:02','2025-10-20 06:49:02','Thạch','Cung','(074)559-4101',1,NULL,NULL),(67,'ninh.nhi','yvien@example.org','2025-10-20 06:49:02','$2y$12$RINrkriGu9vU7kxFAf1r/ummqHeDTuDGd6FyHxFkuwb2UO1KOXk0q',NULL,NULL,NULL,'PgWjBpQeRs','2025-10-20 06:49:02','2025-10-20 06:49:02','Hoài','Hoàng','0120-306-8523',1,NULL,NULL),(68,'du.vu','cdung@example.com','2025-10-20 06:49:02','$2y$12$RINrkriGu9vU7kxFAf1r/ummqHeDTuDGd6FyHxFkuwb2UO1KOXk0q',NULL,NULL,NULL,'p9hNH0f3GT','2025-10-20 06:49:02','2025-10-20 06:49:02','Siêu','Lưu','054-239-8284',1,NULL,NULL),(69,'ca.binh','mha@example.com','2025-10-20 06:49:02','$2y$12$RINrkriGu9vU7kxFAf1r/ummqHeDTuDGd6FyHxFkuwb2UO1KOXk0q',NULL,NULL,NULL,'xWvoD0CtAK','2025-10-20 06:49:02','2025-10-20 06:49:02','Lợi','Bành','022 994 4677',1,NULL,NULL),(70,'pdng','xuan06@example.com','2025-10-20 06:49:02','$2y$12$RINrkriGu9vU7kxFAf1r/ummqHeDTuDGd6FyHxFkuwb2UO1KOXk0q',NULL,NULL,NULL,'RM9aX41oeK','2025-10-20 06:49:02','2025-10-20 06:49:02','Ngân','Đặng','+84-511-599-1685',1,NULL,NULL),(71,'tthi','ytng@example.com','2025-10-20 06:49:02','$2y$12$RINrkriGu9vU7kxFAf1r/ummqHeDTuDGd6FyHxFkuwb2UO1KOXk0q',NULL,NULL,NULL,'iKvkrfCAps','2025-10-20 06:49:02','2025-10-20 06:49:02','An','Cù','0510-699-8329',1,NULL,NULL),(72,'dong.phuong','ldau@example.net','2025-10-20 06:49:02','$2y$12$RINrkriGu9vU7kxFAf1r/ummqHeDTuDGd6FyHxFkuwb2UO1KOXk0q',NULL,NULL,NULL,'TGOPXK1aF8','2025-10-20 06:49:02','2025-10-20 06:49:02','Nhã','Đồng','(84)(125)305-1921',1,NULL,NULL),(73,'hunh.quyet','sinh.danh@example.com','2025-10-20 06:49:02','$2y$12$RINrkriGu9vU7kxFAf1r/ummqHeDTuDGd6FyHxFkuwb2UO1KOXk0q',NULL,NULL,NULL,'OZs8b8mV0W','2025-10-20 06:49:02','2025-10-20 06:49:02','Trầm','Chiêm','(0164) 735 5635',1,NULL,NULL),(74,'phi.tuyen','binh.pho@example.com','2025-10-20 06:49:02','$2y$12$RINrkriGu9vU7kxFAf1r/ummqHeDTuDGd6FyHxFkuwb2UO1KOXk0q',NULL,NULL,NULL,'OcnLclFgU5','2025-10-20 06:49:02','2025-10-20 06:49:02','Đoan','Đoàn','84-211-819-7515',1,NULL,NULL),(75,'canh.du','hien20@example.net','2025-10-20 06:49:02','$2y$12$RINrkriGu9vU7kxFAf1r/ummqHeDTuDGd6FyHxFkuwb2UO1KOXk0q',NULL,NULL,NULL,'jrx3KIxRk1','2025-10-20 06:49:02','2025-10-20 06:49:02','Lợi','Tiêu','070 865 1036',1,NULL,NULL),(76,'n32','khuc.anh@example.org','2025-10-20 06:49:02','$2y$12$RINrkriGu9vU7kxFAf1r/ummqHeDTuDGd6FyHxFkuwb2UO1KOXk0q',NULL,NULL,NULL,'5Raa00847Z','2025-10-20 06:49:02','2025-10-20 06:49:02','Giáp','Diêm','(84)(96)407-2523',1,NULL,NULL),(77,'nghiem05','li.mau@example.com','2025-10-20 06:49:02','$2y$12$RINrkriGu9vU7kxFAf1r/ummqHeDTuDGd6FyHxFkuwb2UO1KOXk0q',NULL,NULL,NULL,'qbzaD7efqm','2025-10-20 06:49:02','2025-10-20 06:49:02','Trác','Cấn','84-710-484-0701',1,NULL,NULL),(78,'nhu88','nhan19@example.org','2025-10-20 06:49:02','$2y$12$RINrkriGu9vU7kxFAf1r/ummqHeDTuDGd6FyHxFkuwb2UO1KOXk0q',NULL,NULL,NULL,'EoEJbAlecP','2025-10-20 06:49:02','2025-10-20 06:49:02','Ngân','Mạc','(0120)942-5089',1,NULL,NULL),(79,'giang55','xtrac@example.org','2025-10-20 06:49:02','$2y$12$RINrkriGu9vU7kxFAf1r/ummqHeDTuDGd6FyHxFkuwb2UO1KOXk0q',NULL,NULL,NULL,'Gwmc8ljInz','2025-10-20 06:49:02','2025-10-20 06:49:02','Khanh','Tiếp','+84-55-831-2602',1,NULL,NULL),(80,'ninh.ly','mau.kieu@example.net','2025-10-20 06:49:02','$2y$12$RINrkriGu9vU7kxFAf1r/ummqHeDTuDGd6FyHxFkuwb2UO1KOXk0q',NULL,NULL,NULL,'gGRkn51ozy','2025-10-20 06:49:02','2025-10-20 06:49:02','Nhiên','Điền','84-58-153-7673',1,NULL,NULL),(81,'kl','xta@example.com','2025-10-20 06:49:02','$2y$12$RINrkriGu9vU7kxFAf1r/ummqHeDTuDGd6FyHxFkuwb2UO1KOXk0q',NULL,NULL,NULL,'asMSYxlSXW','2025-10-20 06:49:02','2025-10-20 06:49:02','Hằng','Ngụy','(0167)554-7984',1,NULL,NULL),(82,'thach.trinh','phuc54@example.net','2025-10-20 06:49:02','$2y$12$RINrkriGu9vU7kxFAf1r/ummqHeDTuDGd6FyHxFkuwb2UO1KOXk0q',NULL,NULL,NULL,'Lv7M30hE2J','2025-10-20 06:49:02','2025-10-20 06:49:02','Đan','Cầm','(056)270-8290',1,NULL,NULL),(83,'thi75','giao.vu@example.net','2025-10-20 06:49:02','$2y$12$RINrkriGu9vU7kxFAf1r/ummqHeDTuDGd6FyHxFkuwb2UO1KOXk0q',NULL,NULL,NULL,'XNlFT9yE2y','2025-10-20 06:49:02','2025-10-20 06:49:02','Pháp','Lý','+84-36-947-9801',1,NULL,NULL),(84,'thanh31','dao.khuc@example.com','2025-10-20 06:49:02','$2y$12$RINrkriGu9vU7kxFAf1r/ummqHeDTuDGd6FyHxFkuwb2UO1KOXk0q',NULL,NULL,NULL,'FTpzInyJfM','2025-10-20 06:49:02','2025-10-20 06:49:02','Ái','Nhậm','84-280-805-1815',1,NULL,NULL),(85,'hoa.dao','dbao@example.net','2025-10-20 06:49:02','$2y$12$RINrkriGu9vU7kxFAf1r/ummqHeDTuDGd6FyHxFkuwb2UO1KOXk0q',NULL,NULL,NULL,'fspValbQCI','2025-10-20 06:49:02','2025-10-20 06:49:02','Dân','Lại','(84)(36)562-9859',1,NULL,NULL),(86,'luan.khu','bu.phat@example.com','2025-10-20 06:49:02','$2y$12$RINrkriGu9vU7kxFAf1r/ummqHeDTuDGd6FyHxFkuwb2UO1KOXk0q',NULL,NULL,NULL,'wIijsREmQK','2025-10-20 06:49:02','2025-10-20 06:49:02','Thiên','Đôn','(0162)080-2874',1,NULL,NULL),(87,'thuy83','hang.tue@example.com','2025-10-20 06:49:02','$2y$12$RINrkriGu9vU7kxFAf1r/ummqHeDTuDGd6FyHxFkuwb2UO1KOXk0q',NULL,NULL,NULL,'Udv1a8VCRS','2025-10-20 06:49:02','2025-10-20 06:49:02','Dụng','Đỗ','84-95-071-9837',1,NULL,NULL),(88,'yen83','bo.y@example.net','2025-10-20 06:49:02','$2y$12$RINrkriGu9vU7kxFAf1r/ummqHeDTuDGd6FyHxFkuwb2UO1KOXk0q',NULL,NULL,NULL,'xQULLrWg2r','2025-10-20 06:49:02','2025-10-20 06:49:02','Ca','Cầm','84-58-388-7298',1,NULL,NULL),(89,'nhuan.nh','dnh@example.net','2025-10-20 06:49:02','$2y$12$RINrkriGu9vU7kxFAf1r/ummqHeDTuDGd6FyHxFkuwb2UO1KOXk0q',NULL,NULL,NULL,'QiE6KOgJDj','2025-10-20 06:49:02','2025-10-20 06:49:02','Huấn','Huỳnh','029 663 6869',1,NULL,NULL),(90,'hoan.van','pha@example.org','2025-10-20 06:49:02','$2y$12$RINrkriGu9vU7kxFAf1r/ummqHeDTuDGd6FyHxFkuwb2UO1KOXk0q',NULL,NULL,NULL,'oDC4eu342k','2025-10-20 06:49:02','2025-10-20 06:49:02','Thùy','Thạch','(84)(55)706-8035',1,NULL,NULL),(91,'trinh95','trac.dau@example.org','2025-10-20 06:49:02','$2y$12$RINrkriGu9vU7kxFAf1r/ummqHeDTuDGd6FyHxFkuwb2UO1KOXk0q',NULL,NULL,NULL,'D5vzXADVNx','2025-10-20 06:49:02','2025-10-20 06:49:02','Mỹ','Đồng','072 826 1013',1,NULL,NULL),(92,'doan.khang','thai87@example.net','2025-10-20 06:49:02','$2y$12$RINrkriGu9vU7kxFAf1r/ummqHeDTuDGd6FyHxFkuwb2UO1KOXk0q',NULL,NULL,NULL,'Y0uFvDJPju','2025-10-20 06:49:02','2025-10-20 06:49:02','Hiếu','Chu','(0124) 113 5562',1,NULL,NULL),(93,'nhien56','vu.cuong@example.com','2025-10-20 06:49:02','$2y$12$RINrkriGu9vU7kxFAf1r/ummqHeDTuDGd6FyHxFkuwb2UO1KOXk0q',NULL,NULL,NULL,'WkMV1YJyD5','2025-10-20 06:49:02','2025-10-20 06:49:02','Huyền','Hình','+84-75-064-6665',1,NULL,NULL),(94,'leu.thuan','nam58@example.org','2025-10-20 06:49:02','$2y$12$RINrkriGu9vU7kxFAf1r/ummqHeDTuDGd6FyHxFkuwb2UO1KOXk0q',NULL,NULL,NULL,'w7gp92eR0h','2025-10-20 06:49:02','2025-10-20 06:49:02','Nhã','Lại','(0231)326-4163',1,NULL,NULL),(95,'zla','tuyen15@example.net','2025-10-20 06:49:02','$2y$12$RINrkriGu9vU7kxFAf1r/ummqHeDTuDGd6FyHxFkuwb2UO1KOXk0q',NULL,NULL,NULL,'UE4vrWet1N','2025-10-20 06:49:02','2025-10-20 06:49:02','Bạch','Văn','(039) 910 6085',1,NULL,NULL),(96,'quan57','jhan@example.com','2025-10-20 06:49:02','$2y$12$RINrkriGu9vU7kxFAf1r/ummqHeDTuDGd6FyHxFkuwb2UO1KOXk0q',NULL,NULL,NULL,'knPWeRwgkq','2025-10-20 06:49:02','2025-10-20 06:49:02','Như','Từ','+84-54-261-7677',1,NULL,NULL),(97,'pho.quc','toan71@example.com','2025-10-20 06:49:02','$2y$12$RINrkriGu9vU7kxFAf1r/ummqHeDTuDGd6FyHxFkuwb2UO1KOXk0q',NULL,NULL,NULL,'0Y94EPvxfr','2025-10-20 06:49:02','2025-10-20 06:49:02','Công','Tào','84-25-135-6293',1,NULL,NULL),(98,'bach.ong','bac.hau@example.net','2025-10-20 06:49:02','$2y$12$RINrkriGu9vU7kxFAf1r/ummqHeDTuDGd6FyHxFkuwb2UO1KOXk0q',NULL,NULL,NULL,'iIeyl2jGpw','2025-10-20 06:49:02','2025-10-20 06:49:02','Án','Lý','84-281-794-7567',1,NULL,NULL),(99,'banh.hieu','thach87@example.com','2025-10-20 06:49:02','$2y$12$RINrkriGu9vU7kxFAf1r/ummqHeDTuDGd6FyHxFkuwb2UO1KOXk0q',NULL,NULL,NULL,'KNM56OsYKu','2025-10-20 06:49:02','2025-10-20 06:49:02','Điền','Điền','(0510) 234 1026',1,NULL,NULL),(100,'ha.que','bich.khuc@example.net','2025-10-20 06:49:02','$2y$12$RINrkriGu9vU7kxFAf1r/ummqHeDTuDGd6FyHxFkuwb2UO1KOXk0q',NULL,NULL,NULL,'BQwk18iUZV','2025-10-20 06:49:02','2025-10-20 06:49:02','Hòa','Cù','0210-525-4202',1,NULL,NULL),(101,'eong','acao@example.com','2025-10-20 06:49:02','$2y$12$RINrkriGu9vU7kxFAf1r/ummqHeDTuDGd6FyHxFkuwb2UO1KOXk0q',NULL,NULL,NULL,'aU3WzAlRO6','2025-10-20 06:49:02','2025-10-20 06:49:02','Nhàn','Ân','(0124) 818 7338',1,NULL,NULL),(102,'dang13','hang.h@example.net','2025-10-20 06:49:02','$2y$12$RINrkriGu9vU7kxFAf1r/ummqHeDTuDGd6FyHxFkuwb2UO1KOXk0q',NULL,NULL,NULL,'ZPrgPWdJM2','2025-10-20 06:49:02','2025-10-20 06:49:02','Hạnh','Cát','(84)(126)422-0460',1,NULL,NULL),(103,'can45','scai@example.org','2025-10-20 06:49:02','$2y$12$RINrkriGu9vU7kxFAf1r/ummqHeDTuDGd6FyHxFkuwb2UO1KOXk0q',NULL,NULL,NULL,'4ihiEjHWP3','2025-10-20 06:49:02','2025-10-20 06:49:02','Cẩn','Trưng','0210-672-7468',1,NULL,NULL),(104,'s.bang','bly@example.org','2025-10-20 06:49:02','$2y$12$RINrkriGu9vU7kxFAf1r/ummqHeDTuDGd6FyHxFkuwb2UO1KOXk0q',NULL,NULL,NULL,'nJaJKYqDn3','2025-10-20 06:49:02','2025-10-20 06:49:02','Hợp','Nhậm','(0281)036-6423',1,NULL,NULL),(105,'quyen31','bbanh@example.com','2025-10-20 06:49:02','$2y$12$RINrkriGu9vU7kxFAf1r/ummqHeDTuDGd6FyHxFkuwb2UO1KOXk0q',NULL,NULL,NULL,'nRJVOOQ5AE','2025-10-20 06:49:02','2025-10-20 06:49:02','Quỳnh','Lý','094 979 0785',1,NULL,NULL),(106,'thai.qunh','ta.tu@example.net','2025-10-20 06:49:02','$2y$12$RINrkriGu9vU7kxFAf1r/ummqHeDTuDGd6FyHxFkuwb2UO1KOXk0q',NULL,NULL,NULL,'LwfjyCvXT8','2025-10-20 06:49:02','2025-10-20 06:49:02','Huấn','Trang','0781-219-1023',1,NULL,NULL),(107,'han40','rpham@example.com','2025-10-20 06:49:02','$2y$12$RINrkriGu9vU7kxFAf1r/ummqHeDTuDGd6FyHxFkuwb2UO1KOXk0q',NULL,NULL,NULL,'xmworUSoFL','2025-10-20 06:49:02','2025-10-20 06:49:02','Xuyến','Chiêm','(099)627-3815',1,NULL,NULL),(108,'hu.doan','son.phuc@example.net','2025-10-20 06:49:02','$2y$12$RINrkriGu9vU7kxFAf1r/ummqHeDTuDGd6FyHxFkuwb2UO1KOXk0q',NULL,NULL,NULL,'fLO7Z67AKq','2025-10-20 06:49:02','2025-10-20 06:49:02','Giác','Hồng','(0241) 259 5655',1,NULL,NULL),(109,'kxa','luu.quy@example.com','2025-10-20 06:49:02','$2y$12$RINrkriGu9vU7kxFAf1r/ummqHeDTuDGd6FyHxFkuwb2UO1KOXk0q',NULL,NULL,NULL,'JOgEXMoRci','2025-10-20 06:49:02','2025-10-20 06:49:02','Nương','Ngô','84-162-070-0501',1,NULL,NULL),(110,'ngy.loc','trung.ung@example.com','2025-10-20 06:49:02','$2y$12$RINrkriGu9vU7kxFAf1r/ummqHeDTuDGd6FyHxFkuwb2UO1KOXk0q',NULL,NULL,NULL,'goin0iC0He','2025-10-20 06:49:02','2025-10-20 06:49:02','Nhàn','Thào','+84-166-706-0376',1,NULL,NULL),(111,'thao.tang','hoai.au@example.com','2025-10-20 06:49:02','$2y$12$RINrkriGu9vU7kxFAf1r/ummqHeDTuDGd6FyHxFkuwb2UO1KOXk0q',NULL,NULL,NULL,'l7NkADWwSO','2025-10-20 06:49:02','2025-10-20 06:49:02','Hải','Cát','84-53-905-3424',1,NULL,NULL),(112,'s.hang','tle@example.org','2025-10-20 06:49:02','$2y$12$RINrkriGu9vU7kxFAf1r/ummqHeDTuDGd6FyHxFkuwb2UO1KOXk0q',NULL,NULL,NULL,'MgaGKm5UZv','2025-10-20 06:49:02','2025-10-20 06:49:02','Ý','Tống','0162-944-2653',1,NULL,NULL),(113,'chuong.minh','trung.hinh@example.com','2025-10-20 06:49:02','$2y$12$RINrkriGu9vU7kxFAf1r/ummqHeDTuDGd6FyHxFkuwb2UO1KOXk0q',NULL,NULL,NULL,'LqA5PsjI8t','2025-10-20 06:49:02','2025-10-20 06:49:02','Vương','Vi','84-162-964-1693',1,NULL,NULL),(114,'binh59','phuc.du@example.net','2025-10-20 06:49:02','$2y$12$RINrkriGu9vU7kxFAf1r/ummqHeDTuDGd6FyHxFkuwb2UO1KOXk0q',NULL,NULL,NULL,'SW8krX1DR8','2025-10-20 06:49:02','2025-10-20 06:49:02','Hoàng','Phương','075-843-0280',1,NULL,NULL),(115,'chu.mai','l.giang@example.net','2025-10-20 06:49:02','$2y$12$RINrkriGu9vU7kxFAf1r/ummqHeDTuDGd6FyHxFkuwb2UO1KOXk0q',NULL,NULL,NULL,'EORjjh7j8T','2025-10-20 06:49:02','2025-10-20 06:49:02','Trường','Ngụy','(070)885-4425',1,NULL,NULL),(116,'thi.nham','hdanh@example.com','2025-10-20 06:49:02','$2y$12$RINrkriGu9vU7kxFAf1r/ummqHeDTuDGd6FyHxFkuwb2UO1KOXk0q',NULL,NULL,NULL,'UiqN1VC1ry','2025-10-20 06:49:02','2025-10-20 06:49:02','Lâm','Chử','84-500-610-5816',1,NULL,NULL),(117,'kieu.kim','ha.chiu@example.org','2025-10-20 06:49:02','$2y$12$RINrkriGu9vU7kxFAf1r/ummqHeDTuDGd6FyHxFkuwb2UO1KOXk0q',NULL,NULL,NULL,'VgsnE28A7L','2025-10-20 06:49:02','2025-10-20 06:49:02','Phúc','Chu','+84-56-360-4740',1,NULL,NULL),(118,'chau92','khanh.vi@example.net','2025-10-20 06:49:02','$2y$12$RINrkriGu9vU7kxFAf1r/ummqHeDTuDGd6FyHxFkuwb2UO1KOXk0q',NULL,NULL,NULL,'g6Aee0kgQF','2025-10-20 06:49:02','2025-10-20 06:49:02','Tân','Ân','053-401-3687',1,NULL,NULL),(119,'iong','agiao@example.org','2025-10-20 06:49:02','$2y$12$RINrkriGu9vU7kxFAf1r/ummqHeDTuDGd6FyHxFkuwb2UO1KOXk0q',NULL,NULL,NULL,'gtBrd6CoNf','2025-10-20 06:49:02','2025-10-20 06:49:02','Ngân','Trình','(073) 231 8857',1,NULL,NULL),(120,'chuong.dao','kha.hoai@example.com','2025-10-20 06:49:02','$2y$12$RINrkriGu9vU7kxFAf1r/ummqHeDTuDGd6FyHxFkuwb2UO1KOXk0q',NULL,NULL,NULL,'c58SawQqnQ','2025-10-20 06:49:02','2025-10-20 06:49:02','Thường','Ngô','(84)(60)011-7615',1,NULL,NULL),(121,'quyet.nong','xmach@example.net','2025-10-20 06:49:02','$2y$12$RINrkriGu9vU7kxFAf1r/ummqHeDTuDGd6FyHxFkuwb2UO1KOXk0q',NULL,NULL,NULL,'6NxotYycbi','2025-10-20 06:49:02','2025-10-20 06:49:02','Ân','Thôi','+84-54-696-8071',1,NULL,NULL),(122,'hchu','an58@example.net','2025-10-20 06:49:03','$2y$12$RINrkriGu9vU7kxFAf1r/ummqHeDTuDGd6FyHxFkuwb2UO1KOXk0q',NULL,NULL,NULL,'wI4w4IX93A','2025-10-20 06:49:03','2025-10-20 06:49:03','Quyền','Hồng','097 778 5441',1,NULL,NULL),(123,'bao.vu','dao.vu@example.net','2025-10-20 06:49:03','$2y$12$RINrkriGu9vU7kxFAf1r/ummqHeDTuDGd6FyHxFkuwb2UO1KOXk0q',NULL,NULL,NULL,'zfJMlGpp74','2025-10-20 06:49:03','2025-10-20 06:49:03','Nhật','Quản','(0162) 543 7611',1,NULL,NULL),(124,'truc.dao','thi.tu@example.org','2025-10-20 06:49:03','$2y$12$RINrkriGu9vU7kxFAf1r/ummqHeDTuDGd6FyHxFkuwb2UO1KOXk0q',NULL,NULL,NULL,'v68ceFcw2r','2025-10-20 06:49:03','2025-10-20 06:49:03','Tuyền','Bùi','(84)(240)351-4821',1,NULL,NULL),(125,'suong02','dau.bao@example.com','2025-10-20 06:49:03','$2y$12$RINrkriGu9vU7kxFAf1r/ummqHeDTuDGd6FyHxFkuwb2UO1KOXk0q',NULL,NULL,NULL,'DTbASF972f','2025-10-20 06:49:03','2025-10-20 06:49:03','Châu','Khoa','(84)(122)947-3177',1,NULL,NULL),(126,'othap','d.dai@example.com','2025-10-20 06:49:03','$2y$12$RINrkriGu9vU7kxFAf1r/ummqHeDTuDGd6FyHxFkuwb2UO1KOXk0q',NULL,NULL,NULL,'U0mQfLwqlT','2025-10-20 06:49:03','2025-10-20 06:49:03','Du','Lại','0211-057-9488',1,NULL,NULL),(127,'omau','nhat11@example.com','2025-10-20 06:49:03','$2y$12$RINrkriGu9vU7kxFAf1r/ummqHeDTuDGd6FyHxFkuwb2UO1KOXk0q',NULL,NULL,NULL,'ErsIe4c9zN','2025-10-20 06:49:03','2025-10-20 06:49:03','Nhiên','Ngân','+84-121-291-7221',1,NULL,NULL),(128,'phuc56','oma@example.com','2025-10-20 06:49:03','$2y$12$RINrkriGu9vU7kxFAf1r/ummqHeDTuDGd6FyHxFkuwb2UO1KOXk0q',NULL,NULL,NULL,'irfjiUzLfK','2025-10-20 06:49:03','2025-10-20 06:49:03','Thêu','Bùi','(037) 093 7563',1,NULL,NULL),(129,'thu85','to.huyen@example.org','2025-10-20 06:49:03','$2y$12$RINrkriGu9vU7kxFAf1r/ummqHeDTuDGd6FyHxFkuwb2UO1KOXk0q',NULL,NULL,NULL,'q77V83Yua2','2025-10-20 06:49:03','2025-10-20 06:49:03','Thi','Phùng','(070)872-0763',1,NULL,NULL),(130,'san.lu','cam.diep@example.com','2025-10-20 06:49:03','$2y$12$RINrkriGu9vU7kxFAf1r/ummqHeDTuDGd6FyHxFkuwb2UO1KOXk0q',NULL,NULL,NULL,'vgBhwL60EP','2025-10-20 06:49:03','2025-10-20 06:49:03','Hiên','Hán','+84-79-037-9172',1,NULL,NULL),(131,'vinh.kim','hien.yen@example.org','2025-10-20 06:49:03','$2y$12$RINrkriGu9vU7kxFAf1r/ummqHeDTuDGd6FyHxFkuwb2UO1KOXk0q',NULL,NULL,NULL,'HZdtzaqeaf','2025-10-20 06:49:03','2025-10-20 06:49:03','Lâm','Ninh','84-62-486-4284',0,NULL,NULL);
/*!40000 ALTER TABLE `users` ENABLE KEYS */;
UNLOCK TABLES;

--
-- Table structure for table `wishlist_items`
--

DROP TABLE IF EXISTS `wishlist_items`;
/*!40101 SET @saved_cs_client     = @@character_set_client */;
/*!50503 SET character_set_client = utf8mb4 */;
CREATE TABLE `wishlist_items` (
  `id` bigint(20) unsigned NOT NULL AUTO_INCREMENT,
  `wishlist_id` bigint(20) unsigned NOT NULL,
  `product_id` bigint(20) unsigned NOT NULL,
  `product_variant` longtext CHARACTER SET utf8mb4 COLLATE utf8mb4_bin DEFAULT NULL CHECK (json_valid(`product_variant`)),
  `price_when_added` decimal(10,2) DEFAULT NULL,
  `note` text DEFAULT NULL,
  `priority` int(10) unsigned NOT NULL DEFAULT 0,
  `notify_price_drop` tinyint(1) NOT NULL DEFAULT 0,
  `notify_back_in_stock` tinyint(1) NOT NULL DEFAULT 0,
  `notified_at` timestamp NULL DEFAULT NULL,
  `created_at` timestamp NULL DEFAULT NULL,
  `updated_at` timestamp NULL DEFAULT NULL,
  PRIMARY KEY (`id`),
  UNIQUE KEY `wishlist_items_wishlist_id_product_id_unique` (`wishlist_id`,`product_id`),
  KEY `wishlist_items_wishlist_id_priority_index` (`wishlist_id`,`priority`),
  KEY `wishlist_items_product_id_created_at_index` (`product_id`,`created_at`),
  KEY `wishlist_items_notify_price_drop_notify_back_in_stock_index` (`notify_price_drop`,`notify_back_in_stock`),
  CONSTRAINT `wishlist_items_product_id_foreign` FOREIGN KEY (`product_id`) REFERENCES `products` (`product_id`) ON DELETE CASCADE,
  CONSTRAINT `wishlist_items_wishlist_id_foreign` FOREIGN KEY (`wishlist_id`) REFERENCES `wishlists` (`id`) ON DELETE CASCADE
) ENGINE=InnoDB DEFAULT CHARSET=utf8mb4 COLLATE=utf8mb4_unicode_ci;
/*!40101 SET character_set_client = @saved_cs_client */;

--
-- Dumping data for table `wishlist_items`
--

LOCK TABLES `wishlist_items` WRITE;
/*!40000 ALTER TABLE `wishlist_items` DISABLE KEYS */;
/*!40000 ALTER TABLE `wishlist_items` ENABLE KEYS */;
UNLOCK TABLES;

--
-- Table structure for table `wishlists`
--

DROP TABLE IF EXISTS `wishlists`;
/*!40101 SET @saved_cs_client     = @@character_set_client */;
/*!50503 SET character_set_client = utf8mb4 */;
CREATE TABLE `wishlists` (
  `id` bigint(20) unsigned NOT NULL AUTO_INCREMENT,
  `user_id` bigint(20) unsigned NOT NULL,
  `name` varchar(100) NOT NULL DEFAULT 'My Wishlist',
  `description` text DEFAULT NULL,
  `privacy` enum('private','public','shared') NOT NULL DEFAULT 'private',
  `is_default` tinyint(1) NOT NULL DEFAULT 0,
  `items_count` int(10) unsigned NOT NULL DEFAULT 0,
  `created_at` timestamp NULL DEFAULT NULL,
  `updated_at` timestamp NULL DEFAULT NULL,
  PRIMARY KEY (`id`),
  KEY `wishlists_user_id_is_default_index` (`user_id`,`is_default`),
  KEY `wishlists_privacy_created_at_index` (`privacy`,`created_at`),
  CONSTRAINT `wishlists_user_id_foreign` FOREIGN KEY (`user_id`) REFERENCES `users` (`id`) ON DELETE CASCADE
) ENGINE=InnoDB DEFAULT CHARSET=utf8mb4 COLLATE=utf8mb4_unicode_ci;
/*!40101 SET character_set_client = @saved_cs_client */;

--
-- Dumping data for table `wishlists`
--

LOCK TABLES `wishlists` WRITE;
/*!40000 ALTER TABLE `wishlists` DISABLE KEYS */;
/*!40000 ALTER TABLE `wishlists` ENABLE KEYS */;
UNLOCK TABLES;

--
-- Dumping events for database 'shop_nest_db'
--

--
-- Dumping routines for database 'shop_nest_db'
--
/*!40103 SET TIME_ZONE=@OLD_TIME_ZONE */;

/*!40101 SET SQL_MODE=@OLD_SQL_MODE */;
/*!40014 SET FOREIGN_KEY_CHECKS=@OLD_FOREIGN_KEY_CHECKS */;
/*!40014 SET UNIQUE_CHECKS=@OLD_UNIQUE_CHECKS */;
/*!40101 SET CHARACTER_SET_CLIENT=@OLD_CHARACTER_SET_CLIENT */;
/*!40101 SET CHARACTER_SET_RESULTS=@OLD_CHARACTER_SET_RESULTS */;
/*!40101 SET COLLATION_CONNECTION=@OLD_COLLATION_CONNECTION */;
/*!40111 SET SQL_NOTES=@OLD_SQL_NOTES */;

-- Dump completed on 2025-10-20 20:53:37
