CREATE DATABASE  IF NOT EXISTS `shop_nest_db` /*!40100 DEFAULT CHARACTER SET utf8mb4 COLLATE utf8mb4_general_ci */;
USE `shop_nest_db`;
-- MySQL dump 10.13  Distrib 8.0.41, for Win64 (x86_64)
--
-- Host: localhost    Database: shop_nest_db
-- ------------------------------------------------------
-- Server version	5.5.5-10.4.32-MariaDB

/*!40101 SET @OLD_CHARACTER_SET_CLIENT=@@CHARACTER_SET_CLIENT */;
/*!40101 SET @OLD_CHARACTER_SET_RESULTS=@@CHARACTER_SET_RESULTS */;
/*!40101 SET @OLD_COLLATION_CONNECTION=@@COLLATION_CONNECTION */;
/*!50503 SET NAMES utf8 */;
/*!40103 SET @OLD_TIME_ZONE=@@TIME_ZONE */;
/*!40103 SET TIME_ZONE='+00:00' */;
/*!40014 SET @OLD_UNIQUE_CHECKS=@@UNIQUE_CHECKS, UNIQUE_CHECKS=0 */;
/*!40014 SET @OLD_FOREIGN_KEY_CHECKS=@@FOREIGN_KEY_CHECKS, FOREIGN_KEY_CHECKS=0 */;
/*!40101 SET @OLD_SQL_MODE=@@SQL_MODE, SQL_MODE='NO_AUTO_VALUE_ON_ZERO' */;
/*!40111 SET @OLD_SQL_NOTES=@@SQL_NOTES, SQL_NOTES=0 */;

--
-- Table structure for table `administrative_divisions`
--

DROP TABLE IF EXISTS `administrative_divisions`;
/*!40101 SET @saved_cs_client     = @@character_set_client */;
/*!50503 SET character_set_client = utf8mb4 */;
CREATE TABLE `administrative_divisions` (
  `id` bigint(20) unsigned NOT NULL AUTO_INCREMENT,
  `country_id` bigint(20) unsigned NOT NULL,
  `parent_id` bigint(20) unsigned DEFAULT NULL,
  `name` longtext CHARACTER SET utf8mb4 COLLATE utf8mb4_bin NOT NULL CHECK (json_valid(`name`)),
  `level` int(11) NOT NULL,
  `code` varchar(255) DEFAULT NULL,
  `created_at` timestamp NULL DEFAULT NULL,
  `updated_at` timestamp NULL DEFAULT NULL,
  PRIMARY KEY (`id`),
  KEY `administrative_divisions_country_id_foreign` (`country_id`),
  KEY `administrative_divisions_parent_id_foreign` (`parent_id`),
  CONSTRAINT `administrative_divisions_country_id_foreign` FOREIGN KEY (`country_id`) REFERENCES `countries` (`id`),
  CONSTRAINT `administrative_divisions_parent_id_foreign` FOREIGN KEY (`parent_id`) REFERENCES `administrative_divisions` (`id`)
) ENGINE=InnoDB DEFAULT CHARSET=utf8mb4 COLLATE=utf8mb4_unicode_ci;
/*!40101 SET character_set_client = @saved_cs_client */;

--
-- Dumping data for table `administrative_divisions`
--

LOCK TABLES `administrative_divisions` WRITE;
/*!40000 ALTER TABLE `administrative_divisions` DISABLE KEYS */;
/*!40000 ALTER TABLE `administrative_divisions` ENABLE KEYS */;
UNLOCK TABLES;

--
-- Table structure for table `analytics_reports`
--

DROP TABLE IF EXISTS `analytics_reports`;
/*!40101 SET @saved_cs_client     = @@character_set_client */;
/*!50503 SET character_set_client = utf8mb4 */;
CREATE TABLE `analytics_reports` (
  `id` bigint(20) unsigned NOT NULL AUTO_INCREMENT,
  `title` varchar(255) NOT NULL,
  `type` enum('revenue','orders','products','users','custom') NOT NULL,
  `period_type` enum('daily','weekly','monthly','yearly','custom') NOT NULL,
  `start_date` date NOT NULL,
  `end_date` date NOT NULL,
  `parameters` longtext CHARACTER SET utf8mb4 COLLATE utf8mb4_bin DEFAULT NULL CHECK (json_valid(`parameters`)),
  `result_data` longtext CHARACTER SET utf8mb4 COLLATE utf8mb4_bin DEFAULT NULL CHECK (json_valid(`result_data`)),
  `file_path` varchar(255) DEFAULT NULL,
  `status` enum('pending','completed','failed') NOT NULL DEFAULT 'pending',
  `created_by` bigint(20) unsigned NOT NULL,
  `created_at` timestamp NULL DEFAULT NULL,
  `updated_at` timestamp NULL DEFAULT NULL,
  PRIMARY KEY (`id`),
  KEY `analytics_reports_type_created_at_index` (`type`,`created_at`),
  KEY `analytics_reports_status_created_at_index` (`status`,`created_at`),
  KEY `analytics_reports_created_by_index` (`created_by`),
  CONSTRAINT `analytics_reports_created_by_foreign` FOREIGN KEY (`created_by`) REFERENCES `users` (`id`) ON DELETE CASCADE
) ENGINE=InnoDB DEFAULT CHARSET=utf8mb4 COLLATE=utf8mb4_unicode_ci;
/*!40101 SET character_set_client = @saved_cs_client */;

--
-- Dumping data for table `analytics_reports`
--

LOCK TABLES `analytics_reports` WRITE;
/*!40000 ALTER TABLE `analytics_reports` DISABLE KEYS */;
/*!40000 ALTER TABLE `analytics_reports` ENABLE KEYS */;
UNLOCK TABLES;

--
-- Table structure for table `attribute_value_product_variant`
--

DROP TABLE IF EXISTS `attribute_value_product_variant`;
/*!40101 SET @saved_cs_client     = @@character_set_client */;
/*!50503 SET character_set_client = utf8mb4 */;
CREATE TABLE `attribute_value_product_variant` (
  `product_variant_id` bigint(20) unsigned NOT NULL,
  `attribute_value_id` bigint(20) unsigned NOT NULL,
  PRIMARY KEY (`product_variant_id`,`attribute_value_id`),
  KEY `attribute_value_product_variant_attribute_value_id_foreign` (`attribute_value_id`),
  CONSTRAINT `attribute_value_product_variant_attribute_value_id_foreign` FOREIGN KEY (`attribute_value_id`) REFERENCES `attribute_values` (`attribute_value_id`) ON DELETE CASCADE,
  CONSTRAINT `attribute_value_product_variant_product_variant_id_foreign` FOREIGN KEY (`product_variant_id`) REFERENCES `product_variants` (`variant_id`) ON DELETE CASCADE
) ENGINE=InnoDB DEFAULT CHARSET=utf8mb4 COLLATE=utf8mb4_unicode_ci;
/*!40101 SET character_set_client = @saved_cs_client */;

--
-- Dumping data for table `attribute_value_product_variant`
--

LOCK TABLES `attribute_value_product_variant` WRITE;
/*!40000 ALTER TABLE `attribute_value_product_variant` DISABLE KEYS */;
INSERT INTO `attribute_value_product_variant` VALUES (1,8),(2,11),(3,12),(4,4),(5,1),(6,5),(7,6),(7,13),(8,4),(8,13),(9,2),(9,13),(10,4),(11,5),(12,9),(13,13),(14,8),(15,9),(16,12),(17,9),(18,12),(19,12),(20,9),(21,1),(22,5),(23,5),(24,3),(25,6),(26,12),(27,9),(28,8),(29,12),(30,11),(31,13),(32,9),(33,11),(34,8),(35,13),(36,1),(37,4),(38,3),(39,1),(40,3),(40,13),(41,1),(41,13),(42,3),(42,9),(43,3),(43,13),(44,2),(44,9),(45,2),(45,13),(46,7),(46,9),(47,7),(47,13),(48,5),(49,3),(50,2),(51,6),(51,13),(52,8),(53,10),(54,7),(55,3),(56,5),(57,4),(58,1),(59,10),(60,2),(60,9),(61,6),(61,9),(62,5),(62,9),(63,13),(64,12),(65,2),(66,7),(67,3),(68,1),(69,5),(70,12),(71,13),(72,8),(73,4),(74,6),(75,1),(76,1),(77,3),(78,6),(79,13),(80,11),(81,8),(82,9),(83,12),(84,10),(85,8),(86,2),(86,10),(87,2),(87,11),(88,5),(88,10),(89,5),(90,6),(91,1),(92,7),(93,2),(94,12),(95,10),(96,9),(97,13),(98,2),(99,1),(100,6),(101,6),(101,12),(102,6),(102,8),(103,6),(103,11),(104,3),(104,12),(105,3),(105,8),(106,3),(106,11),(107,1),(107,12),(108,1),(108,8),(109,1),(109,11),(110,1),(111,5),(112,2),(113,1),(114,6),(115,5),(116,4),(116,11),(117,5),(117,11),(118,4),(118,8),(119,1),(119,8),(120,7),(121,13),(122,12),(123,11),(124,9),(125,12),(126,13),(127,5),(128,3),(129,4),(130,8),(131,9),(132,10),(133,8),(134,12),(135,11),(136,13),(137,3),(138,6),(138,8),(139,6),(139,9),(140,6),(140,10),(141,7),(142,5),(143,4),(144,8),(145,6),(146,5),(147,3),(147,13),(148,3),(148,8),(149,7),(149,9),(150,7),(150,11),(151,2),(152,1),(153,5),(154,9),(155,3),(156,1),(157,8),(158,8),(159,13);
/*!40000 ALTER TABLE `attribute_value_product_variant` ENABLE KEYS */;
UNLOCK TABLES;

--
-- Table structure for table `attribute_values`
--

DROP TABLE IF EXISTS `attribute_values`;
/*!40101 SET @saved_cs_client     = @@character_set_client */;
/*!50503 SET character_set_client = utf8mb4 */;
CREATE TABLE `attribute_values` (
  `attribute_value_id` bigint(20) unsigned NOT NULL AUTO_INCREMENT,
  `attribute_id` bigint(20) unsigned NOT NULL,
  `value` varchar(255) NOT NULL COMMENT 'e.g., Red, Large, 256GB',
  PRIMARY KEY (`attribute_value_id`),
  KEY `attribute_values_attribute_id_foreign` (`attribute_id`),
  CONSTRAINT `attribute_values_attribute_id_foreign` FOREIGN KEY (`attribute_id`) REFERENCES `attributes` (`attribute_id`) ON DELETE CASCADE
) ENGINE=InnoDB AUTO_INCREMENT=24 DEFAULT CHARSET=utf8mb4 COLLATE=utf8mb4_unicode_ci;
/*!40101 SET character_set_client = @saved_cs_client */;

--
-- Dumping data for table `attribute_values`
--

LOCK TABLES `attribute_values` WRITE;
/*!40000 ALTER TABLE `attribute_values` DISABLE KEYS */;
INSERT INTO `attribute_values` VALUES (1,1,'Đỏ'),(2,1,'Xanh dương'),(3,1,'Vàng'),(4,1,'Trắng'),(5,1,'Đen'),(6,1,'Hồng'),(7,1,'Xám'),(8,2,'S'),(9,2,'M'),(10,2,'L'),(11,2,'XL'),(12,2,'XXL'),(13,2,'Free size'),(14,3,'64GB'),(15,3,'128GB'),(16,3,'256GB'),(17,3,'512GB'),(18,3,'1TB'),(19,4,'Cotton'),(20,4,'Vải lụa'),(21,4,'Nhựa'),(22,4,'Kim loại'),(23,4,'Da');
/*!40000 ALTER TABLE `attribute_values` ENABLE KEYS */;
UNLOCK TABLES;

--
-- Table structure for table `attributes`
--

DROP TABLE IF EXISTS `attributes`;
/*!40101 SET @saved_cs_client     = @@character_set_client */;
/*!50503 SET character_set_client = utf8mb4 */;
CREATE TABLE `attributes` (
  `attribute_id` bigint(20) unsigned NOT NULL AUTO_INCREMENT,
  `name` varchar(255) NOT NULL COMMENT 'e.g., Color, Size, Storage',
  PRIMARY KEY (`attribute_id`),
  UNIQUE KEY `attributes_name_unique` (`name`)
) ENGINE=InnoDB AUTO_INCREMENT=5 DEFAULT CHARSET=utf8mb4 COLLATE=utf8mb4_unicode_ci;
/*!40101 SET character_set_client = @saved_cs_client */;

--
-- Dumping data for table `attributes`
--

LOCK TABLES `attributes` WRITE;
/*!40000 ALTER TABLE `attributes` DISABLE KEYS */;
INSERT INTO `attributes` VALUES (4,'Chất liệu'),(3,'Dung lượng'),(2,'Kích thước'),(1,'Màu sắc');
/*!40000 ALTER TABLE `attributes` ENABLE KEYS */;
UNLOCK TABLES;

--
-- Table structure for table `brands`
--

DROP TABLE IF EXISTS `brands`;
/*!40101 SET @saved_cs_client     = @@character_set_client */;
/*!50503 SET character_set_client = utf8mb4 */;
CREATE TABLE `brands` (
  `brand_id` bigint(20) unsigned NOT NULL AUTO_INCREMENT,
  `name` varchar(100) NOT NULL,
  `description` text DEFAULT NULL,
  `logo_url` varchar(255) DEFAULT NULL,
  `is_active` tinyint(1) NOT NULL DEFAULT 1,
  `created_at` timestamp NULL DEFAULT NULL,
  `updated_at` timestamp NULL DEFAULT NULL,
  `deleted_at` timestamp NULL DEFAULT NULL,
  PRIMARY KEY (`brand_id`)
) ENGINE=InnoDB AUTO_INCREMENT=24 DEFAULT CHARSET=utf8mb4 COLLATE=utf8mb4_unicode_ci;
/*!40101 SET character_set_client = @saved_cs_client */;

--
-- Dumping data for table `brands`
--

LOCK TABLES `brands` WRITE;
/*!40000 ALTER TABLE `brands` DISABLE KEYS */;
INSERT INTO `brands` VALUES (1,'Apple','Omnis perferendis dolorem voluptatem amet officia qui deleniti.',NULL,1,'2025-10-08 10:08:38','2025-10-08 10:08:38',NULL),(2,'Samsung','Dolorem est et omnis quia vitae consequatur.',NULL,1,'2025-10-08 10:08:38','2025-10-08 10:08:38',NULL),(3,'Xiaomi','Veritatis nihil qui voluptatem et molestiae ut.',NULL,1,'2025-10-08 10:08:38','2025-10-08 10:08:38',NULL),(4,'Sony','Nulla praesentium at blanditiis dolor.',NULL,1,'2025-10-08 10:08:38','2025-10-08 10:08:38',NULL),(5,'LG','Sapiente rerum dolores non.',NULL,1,'2025-10-08 10:08:38','2025-10-08 10:08:38',NULL),(6,'Nike','Ipsa quibusdam itaque ut modi nisi quod optio.',NULL,1,'2025-10-08 10:08:38','2025-10-08 10:08:38',NULL),(7,'Adidas','Eligendi error nobis repellat aut nihil.',NULL,1,'2025-10-08 10:08:38','2025-10-08 10:08:38',NULL),(8,'Puma','Dolorem laborum commodi aut praesentium.',NULL,1,'2025-10-08 10:08:38','2025-10-08 10:08:38',NULL),(9,'Uniqlo','Maxime quam atque ut id.',NULL,1,'2025-10-08 10:08:38','2025-10-08 10:08:38',NULL),(10,'H&M','Quam porro voluptatum sed quos dolor.',NULL,1,'2025-10-08 10:08:38','2025-10-08 10:08:38',NULL),(11,'Zara','Labore odio neque et provident aut fugit quod.',NULL,1,'2025-10-08 10:08:38','2025-10-08 10:08:38',NULL),(12,'Dell','Hic ex animi autem expedita mollitia optio.',NULL,1,'2025-10-08 10:08:38','2025-10-08 10:08:38',NULL),(13,'HP','Laboriosam recusandae veritatis est tempore in.',NULL,1,'2025-10-08 10:08:38','2025-10-08 10:08:38',NULL),(14,'Asus','Qui et ipsum quam saepe ullam sit.',NULL,1,'2025-10-08 10:08:38','2025-10-08 10:08:38',NULL),(15,'Lenovo','Culpa velit excepturi debitis expedita repellat officia quisquam.',NULL,1,'2025-10-08 10:08:38','2025-10-08 10:08:38',NULL),(16,'Canon','Repudiandae eligendi ducimus assumenda est.',NULL,1,'2025-10-08 10:08:38','2025-10-08 10:08:38',NULL),(17,'Nikon','Officiis illo quia enim ullam sunt.',NULL,1,'2025-10-08 10:08:38','2025-10-08 10:08:38',NULL),(18,'Casio','Quam sunt atque quod numquam repudiandae ducimus sed beatae.',NULL,1,'2025-10-08 10:08:38','2025-10-08 10:08:38',NULL),(19,'Logitech','Dolore asperiores nulla sunt repudiandae reiciendis et.',NULL,1,'2025-10-08 10:08:38','2025-10-08 10:08:38',NULL),(20,'Anker','Fugiat est fuga aperiam a est.',NULL,1,'2025-10-08 10:08:38','2025-10-08 10:08:38',NULL),(21,'Simple','Blanditiis sunt aut autem qui quo nobis.',NULL,1,'2025-10-08 10:08:38','2025-10-08 10:08:38',NULL),(22,'La Roche-Posay','Perspiciatis earum exercitationem qui voluptatem.',NULL,1,'2025-10-08 10:08:38','2025-10-08 10:08:38',NULL),(23,'Nhã Nam','Iure culpa ex culpa quia maiores.',NULL,1,'2025-10-08 10:08:38','2025-10-08 10:08:38',NULL);
/*!40000 ALTER TABLE `brands` ENABLE KEYS */;
UNLOCK TABLES;

--
-- Table structure for table `cache`
--

DROP TABLE IF EXISTS `cache`;
/*!40101 SET @saved_cs_client     = @@character_set_client */;
/*!50503 SET character_set_client = utf8mb4 */;
CREATE TABLE `cache` (
  `key` varchar(255) NOT NULL,
  `value` mediumtext NOT NULL,
  `expiration` int(11) NOT NULL,
  PRIMARY KEY (`key`)
) ENGINE=InnoDB DEFAULT CHARSET=utf8mb4 COLLATE=utf8mb4_unicode_ci;
/*!40101 SET character_set_client = @saved_cs_client */;

--
-- Dumping data for table `cache`
--

LOCK TABLES `cache` WRITE;
/*!40000 ALTER TABLE `cache` DISABLE KEYS */;
/*!40000 ALTER TABLE `cache` ENABLE KEYS */;
UNLOCK TABLES;

--
-- Table structure for table `cache_locks`
--

DROP TABLE IF EXISTS `cache_locks`;
/*!40101 SET @saved_cs_client     = @@character_set_client */;
/*!50503 SET character_set_client = utf8mb4 */;
CREATE TABLE `cache_locks` (
  `key` varchar(255) NOT NULL,
  `owner` varchar(255) NOT NULL,
  `expiration` int(11) NOT NULL,
  PRIMARY KEY (`key`)
) ENGINE=InnoDB DEFAULT CHARSET=utf8mb4 COLLATE=utf8mb4_unicode_ci;
/*!40101 SET character_set_client = @saved_cs_client */;

--
-- Dumping data for table `cache_locks`
--

LOCK TABLES `cache_locks` WRITE;
/*!40000 ALTER TABLE `cache_locks` DISABLE KEYS */;
/*!40000 ALTER TABLE `cache_locks` ENABLE KEYS */;
UNLOCK TABLES;

--
-- Table structure for table `cart_items`
--

DROP TABLE IF EXISTS `cart_items`;
/*!40101 SET @saved_cs_client     = @@character_set_client */;
/*!50503 SET character_set_client = utf8mb4 */;
CREATE TABLE `cart_items` (
  `cart_item_id` bigint(20) unsigned NOT NULL AUTO_INCREMENT,
  `user_id` bigint(20) unsigned NOT NULL,
  `variant_id` bigint(20) unsigned NOT NULL,
  `quantity` int(11) NOT NULL,
  `created_at` timestamp NULL DEFAULT NULL,
  `updated_at` timestamp NULL DEFAULT NULL,
  PRIMARY KEY (`cart_item_id`),
  UNIQUE KEY `cart_items_user_id_variant_id_unique` (`user_id`,`variant_id`),
  KEY `cart_items_variant_id_foreign` (`variant_id`),
  CONSTRAINT `cart_items_user_id_foreign` FOREIGN KEY (`user_id`) REFERENCES `users` (`id`) ON DELETE CASCADE,
  CONSTRAINT `cart_items_variant_id_foreign` FOREIGN KEY (`variant_id`) REFERENCES `product_variants` (`variant_id`) ON DELETE CASCADE
) ENGINE=InnoDB AUTO_INCREMENT=50 DEFAULT CHARSET=utf8mb4 COLLATE=utf8mb4_unicode_ci;
/*!40101 SET character_set_client = @saved_cs_client */;

--
-- Dumping data for table `cart_items`
--

LOCK TABLES `cart_items` WRITE;
/*!40000 ALTER TABLE `cart_items` DISABLE KEYS */;
INSERT INTO `cart_items` VALUES (1,24,42,2,'2025-10-08 10:08:40','2025-10-08 10:08:40'),(2,24,67,2,'2025-10-08 10:08:40','2025-10-08 10:08:40'),(3,24,108,1,'2025-10-08 10:08:40','2025-10-08 10:08:40'),(4,24,127,2,'2025-10-08 10:08:40','2025-10-08 10:08:40'),(5,29,38,1,'2025-10-08 10:08:40','2025-10-08 10:08:40'),(6,29,58,2,'2025-10-08 10:08:40','2025-10-08 10:08:40'),(7,32,4,1,'2025-10-08 10:08:40','2025-10-08 10:08:40'),(8,32,10,1,'2025-10-08 10:08:40','2025-10-08 10:08:40'),(9,32,31,2,'2025-10-08 10:08:40','2025-10-08 10:08:40'),(10,32,58,2,'2025-10-08 10:08:40','2025-10-08 10:08:40'),(11,32,75,2,'2025-10-08 10:08:40','2025-10-08 10:08:40'),(12,37,17,2,'2025-10-08 10:08:40','2025-10-08 10:08:40'),(13,37,40,2,'2025-10-08 10:08:40','2025-10-08 10:08:40'),(14,37,90,2,'2025-10-08 10:08:40','2025-10-08 10:08:40'),(15,37,107,1,'2025-10-08 10:08:40','2025-10-08 10:08:40'),(16,38,38,1,'2025-10-08 10:08:40','2025-10-08 10:08:40'),(17,38,50,1,'2025-10-08 10:08:40','2025-10-08 10:08:40'),(18,38,80,1,'2025-10-08 10:08:40','2025-10-08 10:08:40'),(19,38,87,2,'2025-10-08 10:08:40','2025-10-08 10:08:40'),(20,38,109,1,'2025-10-08 10:08:40','2025-10-08 10:08:40'),(21,40,21,1,'2025-10-08 10:08:40','2025-10-08 10:08:40'),(22,42,74,2,'2025-10-08 10:08:40','2025-10-08 10:08:40'),(23,42,81,2,'2025-10-08 10:08:40','2025-10-08 10:08:40'),(24,42,85,2,'2025-10-08 10:08:40','2025-10-08 10:08:40'),(25,42,150,2,'2025-10-08 10:08:40','2025-10-08 10:08:40'),(26,47,32,1,'2025-10-08 10:08:40','2025-10-08 10:08:40'),(27,47,107,2,'2025-10-08 10:08:40','2025-10-08 10:08:40'),(28,47,121,1,'2025-10-08 10:08:40','2025-10-08 10:08:40'),(29,47,158,2,'2025-10-08 10:08:40','2025-10-08 10:08:40'),(30,47,159,1,'2025-10-08 10:08:40','2025-10-08 10:08:40'),(31,49,156,1,'2025-10-08 10:08:40','2025-10-08 10:08:40'),(32,50,73,2,'2025-10-08 10:08:40','2025-10-08 10:08:40'),(33,50,76,1,'2025-10-08 10:08:40','2025-10-08 10:08:40'),(34,50,143,1,'2025-10-08 10:08:40','2025-10-08 10:08:40'),(35,51,4,2,'2025-10-08 10:08:40','2025-10-08 10:08:40'),(36,51,49,2,'2025-10-08 10:08:40','2025-10-08 10:08:40'),(37,51,81,2,'2025-10-08 10:08:40','2025-10-08 10:08:40'),(38,51,83,1,'2025-10-08 10:08:40','2025-10-08 10:08:40'),(39,51,122,1,'2025-10-08 10:08:40','2025-10-08 10:08:40'),(40,81,120,2,'2025-10-08 10:08:40','2025-10-08 10:08:40'),(41,86,132,2,'2025-10-08 10:08:40','2025-10-08 10:08:40'),(42,86,156,2,'2025-10-08 10:08:40','2025-10-08 10:08:40'),(43,96,21,2,'2025-10-08 10:08:40','2025-10-08 10:08:40'),(44,96,94,1,'2025-10-08 10:08:40','2025-10-08 10:08:40'),(45,96,103,2,'2025-10-08 10:08:40','2025-10-08 10:08:40'),(46,96,120,1,'2025-10-08 10:08:40','2025-10-08 10:08:40'),(47,96,139,2,'2025-10-08 10:08:40','2025-10-08 10:08:40'),(48,114,5,1,'2025-10-08 10:08:40','2025-10-08 10:08:40'),(49,114,16,1,'2025-10-08 10:08:40','2025-10-08 10:08:40');
/*!40000 ALTER TABLE `cart_items` ENABLE KEYS */;
UNLOCK TABLES;

--
-- Table structure for table `categories`
--

DROP TABLE IF EXISTS `categories`;
/*!40101 SET @saved_cs_client     = @@character_set_client */;
/*!50503 SET character_set_client = utf8mb4 */;
CREATE TABLE `categories` (
  `category_id` bigint(20) unsigned NOT NULL AUTO_INCREMENT,
  `name` longtext CHARACTER SET utf8mb4 COLLATE utf8mb4_bin NOT NULL CHECK (json_valid(`name`)),
  `description` longtext CHARACTER SET utf8mb4 COLLATE utf8mb4_bin DEFAULT NULL CHECK (json_valid(`description`)),
  `image_url` varchar(255) DEFAULT NULL,
  `parent_category_id` bigint(20) unsigned DEFAULT NULL,
  `is_active` tinyint(1) NOT NULL DEFAULT 1,
  `created_at` timestamp NULL DEFAULT NULL,
  `updated_at` timestamp NULL DEFAULT NULL,
  `deleted_at` timestamp NULL DEFAULT NULL,
  PRIMARY KEY (`category_id`),
  KEY `categories_parent_category_id_foreign` (`parent_category_id`),
  CONSTRAINT `categories_parent_category_id_foreign` FOREIGN KEY (`parent_category_id`) REFERENCES `categories` (`category_id`) ON DELETE SET NULL
) ENGINE=InnoDB AUTO_INCREMENT=28 DEFAULT CHARSET=utf8mb4 COLLATE=utf8mb4_unicode_ci;
/*!40101 SET character_set_client = @saved_cs_client */;

--
-- Dumping data for table `categories`
--

LOCK TABLES `categories` WRITE;
/*!40000 ALTER TABLE `categories` DISABLE KEYS */;
INSERT INTO `categories` VALUES (1,'{\"en\":\"Fashion\",\"vi\":\"Th\\u1eddi trang\"}','{\"en\":\"Products in Fashion category\",\"vi\":\"C\\u00e1c s\\u1ea3n ph\\u1ea9m thu\\u1ed9c danh m\\u1ee5c Th\\u1eddi trang\"}','https://via.placeholder.com/600x400.png/00aa88?text=Category',NULL,1,'2025-10-08 10:08:38','2025-10-08 10:08:38',NULL),(2,'{\"en\":\"Men\'s Clothing\",\"vi\":\"\\u00c1o Nam\"}','{\"en\":\"Products in Men\'s Clothing category\",\"vi\":\"C\\u00e1c s\\u1ea3n ph\\u1ea9m thu\\u1ed9c danh m\\u1ee5c \\u00c1o Nam\"}','https://via.placeholder.com/600x400.png/00aa88?text=Category',1,1,'2025-10-08 10:08:38','2025-10-08 10:08:38',NULL),(3,'{\"en\":\"Men\'s Pants\",\"vi\":\"Qu\\u1ea7n Nam\"}','{\"en\":\"Products in Men\'s Pants category\",\"vi\":\"C\\u00e1c s\\u1ea3n ph\\u1ea9m thu\\u1ed9c danh m\\u1ee5c Qu\\u1ea7n Nam\"}','https://via.placeholder.com/600x400.png/00aa88?text=Category',1,1,'2025-10-08 10:08:38','2025-10-08 10:08:38',NULL),(4,'{\"en\":\"Women\'s Clothing\",\"vi\":\"\\u00c1o N\\u1eef\"}','{\"en\":\"Products in Women\'s Clothing category\",\"vi\":\"C\\u00e1c s\\u1ea3n ph\\u1ea9m thu\\u1ed9c danh m\\u1ee5c \\u00c1o N\\u1eef\"}','https://via.placeholder.com/600x400.png/00aa88?text=Category',1,1,'2025-10-08 10:08:38','2025-10-08 10:08:38',NULL),(5,'{\"en\":\"Women\'s Dresses\",\"vi\":\"V\\u00e1y N\\u1eef\"}','{\"en\":\"Products in Women\'s Dresses category\",\"vi\":\"C\\u00e1c s\\u1ea3n ph\\u1ea9m thu\\u1ed9c danh m\\u1ee5c V\\u00e1y N\\u1eef\"}','https://via.placeholder.com/600x400.png/00aa88?text=Category',1,1,'2025-10-08 10:08:38','2025-10-08 10:08:38',NULL),(6,'{\"en\":\"Accessories\",\"vi\":\"Ph\\u1ee5 ki\\u1ec7n\"}','{\"en\":\"Products in Accessories category\",\"vi\":\"C\\u00e1c s\\u1ea3n ph\\u1ea9m thu\\u1ed9c danh m\\u1ee5c Ph\\u1ee5 ki\\u1ec7n\"}','https://via.placeholder.com/600x400.png/00aa88?text=Category',1,1,'2025-10-08 10:08:38','2025-10-08 10:08:38',NULL),(7,'{\"en\":\"Electronics\",\"vi\":\"\\u0110i\\u1ec7n t\\u1eed\"}','{\"en\":\"Products in Electronics category\",\"vi\":\"C\\u00e1c s\\u1ea3n ph\\u1ea9m thu\\u1ed9c danh m\\u1ee5c \\u0110i\\u1ec7n t\\u1eed\"}','https://via.placeholder.com/600x400.png/00aa88?text=Category',NULL,1,'2025-10-08 10:08:38','2025-10-08 10:08:38',NULL),(8,'{\"en\":\"Mobile Phones\",\"vi\":\"\\u0110i\\u1ec7n tho\\u1ea1i\"}','{\"en\":\"Products in Mobile Phones category\",\"vi\":\"C\\u00e1c s\\u1ea3n ph\\u1ea9m thu\\u1ed9c danh m\\u1ee5c \\u0110i\\u1ec7n tho\\u1ea1i\"}','https://via.placeholder.com/600x400.png/00aa88?text=Category',7,1,'2025-10-08 10:08:38','2025-10-08 10:08:38',NULL),(9,'{\"en\":\"Tablets\",\"vi\":\"M\\u00e1y t\\u00ednh b\\u1ea3ng\"}','{\"en\":\"Products in Tablets category\",\"vi\":\"C\\u00e1c s\\u1ea3n ph\\u1ea9m thu\\u1ed9c danh m\\u1ee5c M\\u00e1y t\\u00ednh b\\u1ea3ng\"}','https://via.placeholder.com/600x400.png/00aa88?text=Category',7,1,'2025-10-08 10:08:38','2025-10-08 10:08:38',NULL),(10,'{\"en\":\"Laptops\",\"vi\":\"Laptop\"}','{\"en\":\"Products in Laptops category\",\"vi\":\"C\\u00e1c s\\u1ea3n ph\\u1ea9m thu\\u1ed9c danh m\\u1ee5c Laptop\"}','https://via.placeholder.com/600x400.png/00aa88?text=Category',7,1,'2025-10-08 10:08:38','2025-10-08 10:08:38',NULL),(11,'{\"en\":\"Headphones\",\"vi\":\"Tai nghe\"}','{\"en\":\"Products in Headphones category\",\"vi\":\"C\\u00e1c s\\u1ea3n ph\\u1ea9m thu\\u1ed9c danh m\\u1ee5c Tai nghe\"}','https://via.placeholder.com/600x400.png/00aa88?text=Category',7,1,'2025-10-08 10:08:38','2025-10-08 10:08:38',NULL),(12,'{\"en\":\"Speakers\",\"vi\":\"Loa\"}','{\"en\":\"Products in Speakers category\",\"vi\":\"C\\u00e1c s\\u1ea3n ph\\u1ea9m thu\\u1ed9c danh m\\u1ee5c Loa\"}','https://via.placeholder.com/600x400.png/00aa88?text=Category',7,1,'2025-10-08 10:08:38','2025-10-08 10:08:38',NULL),(13,'{\"en\":\"Home & Living\",\"vi\":\"Nh\\u00e0 c\\u1eeda & \\u0110\\u1eddi s\\u1ed1ng\"}','{\"en\":\"Products in Home & Living category\",\"vi\":\"C\\u00e1c s\\u1ea3n ph\\u1ea9m thu\\u1ed9c danh m\\u1ee5c Nh\\u00e0 c\\u1eeda & \\u0110\\u1eddi s\\u1ed1ng\"}','https://via.placeholder.com/600x400.png/00aa88?text=Category',NULL,1,'2025-10-08 10:08:38','2025-10-08 10:08:38',NULL),(14,'{\"en\":\"Kitchen Appliances\",\"vi\":\"\\u0110\\u1ed3 d\\u00f9ng nh\\u00e0 b\\u1ebfp\"}','{\"en\":\"Products in Kitchen Appliances category\",\"vi\":\"C\\u00e1c s\\u1ea3n ph\\u1ea9m thu\\u1ed9c danh m\\u1ee5c \\u0110\\u1ed3 d\\u00f9ng nh\\u00e0 b\\u1ebfp\"}','https://via.placeholder.com/600x400.png/00aa88?text=Category',13,1,'2025-10-08 10:08:38','2025-10-08 10:08:38',NULL),(15,'{\"en\":\"Home Decor\",\"vi\":\"Trang tr\\u00ed nh\\u00e0 c\\u1eeda\"}','{\"en\":\"Products in Home Decor category\",\"vi\":\"C\\u00e1c s\\u1ea3n ph\\u1ea9m thu\\u1ed9c danh m\\u1ee5c Trang tr\\u00ed nh\\u00e0 c\\u1eeda\"}','https://via.placeholder.com/600x400.png/00aa88?text=Category',13,1,'2025-10-08 10:08:38','2025-10-08 10:08:38',NULL),(16,'{\"en\":\"Furniture\",\"vi\":\"N\\u1ed9i th\\u1ea5t\"}','{\"en\":\"Products in Furniture category\",\"vi\":\"C\\u00e1c s\\u1ea3n ph\\u1ea9m thu\\u1ed9c danh m\\u1ee5c N\\u1ed9i th\\u1ea5t\"}','https://via.placeholder.com/600x400.png/00aa88?text=Category',13,1,'2025-10-08 10:08:38','2025-10-08 10:08:38',NULL),(17,'{\"en\":\"Plants\",\"vi\":\"C\\u00e2y c\\u1ea3nh\"}','{\"en\":\"Products in Plants category\",\"vi\":\"C\\u00e1c s\\u1ea3n ph\\u1ea9m thu\\u1ed9c danh m\\u1ee5c C\\u00e2y c\\u1ea3nh\"}','https://via.placeholder.com/600x400.png/00aa88?text=Category',13,1,'2025-10-08 10:08:38','2025-10-08 10:08:38',NULL),(18,'{\"en\":\"Health & Beauty\",\"vi\":\"S\\u1ee9c kh\\u1ecfe & S\\u1eafc \\u0111\\u1eb9p\"}','{\"en\":\"Products in Health & Beauty category\",\"vi\":\"C\\u00e1c s\\u1ea3n ph\\u1ea9m thu\\u1ed9c danh m\\u1ee5c S\\u1ee9c kh\\u1ecfe & S\\u1eafc \\u0111\\u1eb9p\"}','https://via.placeholder.com/600x400.png/00aa88?text=Category',NULL,1,'2025-10-08 10:08:38','2025-10-08 10:08:38',NULL),(19,'{\"en\":\"Skincare\",\"vi\":\"Ch\\u0103m s\\u00f3c da\"}','{\"en\":\"Products in Skincare category\",\"vi\":\"C\\u00e1c s\\u1ea3n ph\\u1ea9m thu\\u1ed9c danh m\\u1ee5c Ch\\u0103m s\\u00f3c da\"}','https://via.placeholder.com/600x400.png/00aa88?text=Category',18,1,'2025-10-08 10:08:38','2025-10-08 10:08:38',NULL),(20,'{\"en\":\"Makeup\",\"vi\":\"Trang \\u0111i\\u1ec3m\"}','{\"en\":\"Products in Makeup category\",\"vi\":\"C\\u00e1c s\\u1ea3n ph\\u1ea9m thu\\u1ed9c danh m\\u1ee5c Trang \\u0111i\\u1ec3m\"}','https://via.placeholder.com/600x400.png/00aa88?text=Category',18,1,'2025-10-08 10:08:38','2025-10-08 10:08:38',NULL),(21,'{\"en\":\"Perfume\",\"vi\":\"N\\u01b0\\u1edbc hoa\"}','{\"en\":\"Products in Perfume category\",\"vi\":\"C\\u00e1c s\\u1ea3n ph\\u1ea9m thu\\u1ed9c danh m\\u1ee5c N\\u01b0\\u1edbc hoa\"}','https://via.placeholder.com/600x400.png/00aa88?text=Category',18,1,'2025-10-08 10:08:38','2025-10-08 10:08:38',NULL),(22,'{\"en\":\"Supplements\",\"vi\":\"Th\\u1ef1c ph\\u1ea9m ch\\u1ee9c n\\u0103ng\"}','{\"en\":\"Products in Supplements category\",\"vi\":\"C\\u00e1c s\\u1ea3n ph\\u1ea9m thu\\u1ed9c danh m\\u1ee5c Th\\u1ef1c ph\\u1ea9m ch\\u1ee9c n\\u0103ng\"}','https://via.placeholder.com/600x400.png/00aa88?text=Category',18,1,'2025-10-08 10:08:38','2025-10-08 10:08:38',NULL),(23,'{\"en\":\"Books & Stationery\",\"vi\":\"S\\u00e1ch & V\\u0103n ph\\u00f2ng ph\\u1ea9m\"}','{\"en\":\"Products in Books & Stationery category\",\"vi\":\"C\\u00e1c s\\u1ea3n ph\\u1ea9m thu\\u1ed9c danh m\\u1ee5c S\\u00e1ch & V\\u0103n ph\\u00f2ng ph\\u1ea9m\"}','https://via.placeholder.com/600x400.png/00aa88?text=Category',NULL,1,'2025-10-08 10:08:38','2025-10-08 10:08:38',NULL),(24,'{\"en\":\"Literature\",\"vi\":\"S\\u00e1ch v\\u0103n h\\u1ecdc\"}','{\"en\":\"Products in Literature category\",\"vi\":\"C\\u00e1c s\\u1ea3n ph\\u1ea9m thu\\u1ed9c danh m\\u1ee5c S\\u00e1ch v\\u0103n h\\u1ecdc\"}','https://via.placeholder.com/600x400.png/00aa88?text=Category',23,1,'2025-10-08 10:08:38','2025-10-08 10:08:38',NULL),(25,'{\"en\":\"Economics\",\"vi\":\"S\\u00e1ch kinh t\\u1ebf\"}','{\"en\":\"Products in Economics category\",\"vi\":\"C\\u00e1c s\\u1ea3n ph\\u1ea9m thu\\u1ed9c danh m\\u1ee5c S\\u00e1ch kinh t\\u1ebf\"}','https://via.placeholder.com/600x400.png/00aa88?text=Category',23,1,'2025-10-08 10:08:38','2025-10-08 10:08:38',NULL),(26,'{\"en\":\"Notebooks\",\"vi\":\"S\\u1ed5 tay\"}','{\"en\":\"Products in Notebooks category\",\"vi\":\"C\\u00e1c s\\u1ea3n ph\\u1ea9m thu\\u1ed9c danh m\\u1ee5c S\\u1ed5 tay\"}','https://via.placeholder.com/600x400.png/00aa88?text=Category',23,1,'2025-10-08 10:08:38','2025-10-08 10:08:38',NULL),(27,'{\"en\":\"Pens\",\"vi\":\"B\\u00fat vi\\u1ebft\"}','{\"en\":\"Products in Pens category\",\"vi\":\"C\\u00e1c s\\u1ea3n ph\\u1ea9m thu\\u1ed9c danh m\\u1ee5c B\\u00fat vi\\u1ebft\"}','https://via.placeholder.com/600x400.png/00aa88?text=Category',23,1,'2025-10-08 10:08:38','2025-10-08 10:08:38',NULL);
/*!40000 ALTER TABLE `categories` ENABLE KEYS */;
UNLOCK TABLES;

--
-- Table structure for table `chat_messages`
--

DROP TABLE IF EXISTS `chat_messages`;
/*!40101 SET @saved_cs_client     = @@character_set_client */;
/*!50503 SET character_set_client = utf8mb4 */;
CREATE TABLE `chat_messages` (
  `chat_message_id` bigint(20) unsigned NOT NULL AUTO_INCREMENT,
  `chat_room_id` bigint(20) unsigned NOT NULL,
  `sender_id` bigint(20) unsigned NOT NULL,
  `content` text NOT NULL,
  `content_type` tinyint(4) NOT NULL DEFAULT 1 COMMENT '1: Text, 2: Image, 3: File',
  `attachment_url` varchar(500) DEFAULT NULL,
  `is_edited` tinyint(1) NOT NULL DEFAULT 0,
  `edited_at` timestamp NULL DEFAULT NULL,
  `created_at` timestamp NULL DEFAULT NULL,
  `updated_at` timestamp NULL DEFAULT NULL,
  PRIMARY KEY (`chat_message_id`),
  KEY `chat_messages_chat_room_id_foreign` (`chat_room_id`),
  KEY `chat_messages_sender_id_foreign` (`sender_id`),
  CONSTRAINT `chat_messages_chat_room_id_foreign` FOREIGN KEY (`chat_room_id`) REFERENCES `chat_rooms` (`chat_room_id`) ON DELETE CASCADE,
  CONSTRAINT `chat_messages_sender_id_foreign` FOREIGN KEY (`sender_id`) REFERENCES `users` (`id`)
) ENGINE=InnoDB AUTO_INCREMENT=101 DEFAULT CHARSET=utf8mb4 COLLATE=utf8mb4_unicode_ci;
/*!40101 SET character_set_client = @saved_cs_client */;

--
-- Dumping data for table `chat_messages`
--

LOCK TABLES `chat_messages` WRITE;
/*!40000 ALTER TABLE `chat_messages` DISABLE KEYS */;
INSERT INTO `chat_messages` VALUES (1,1,76,'Chào shop, cho mình hỏi sản phẩm này còn hàng không?',1,NULL,0,NULL,'2025-10-08 10:08:44','2025-10-08 10:08:44'),(2,1,11,'Chào bạn, sản phẩm này bên mình vẫn còn hàng ạ. Bạn đặt hàng nhé.',1,NULL,0,NULL,'2025-10-08 10:08:44','2025-10-08 10:08:44'),(3,2,27,'Chào shop, cho mình hỏi sản phẩm này còn hàng không?',1,NULL,0,NULL,'2025-10-08 10:08:44','2025-10-08 10:08:44'),(4,2,15,'Chào bạn, sản phẩm này bên mình vẫn còn hàng ạ. Bạn đặt hàng nhé.',1,NULL,0,NULL,'2025-10-08 10:08:44','2025-10-08 10:08:44'),(5,3,108,'Chào shop, cho mình hỏi sản phẩm này còn hàng không?',1,NULL,0,NULL,'2025-10-08 10:08:44','2025-10-08 10:08:44'),(6,3,15,'Chào bạn, sản phẩm này bên mình vẫn còn hàng ạ. Bạn đặt hàng nhé.',1,NULL,0,NULL,'2025-10-08 10:08:44','2025-10-08 10:08:44'),(7,4,60,'Chào shop, cho mình hỏi sản phẩm này còn hàng không?',1,NULL,0,NULL,'2025-10-08 10:08:44','2025-10-08 10:08:44'),(8,4,14,'Chào bạn, sản phẩm này bên mình vẫn còn hàng ạ. Bạn đặt hàng nhé.',1,NULL,0,NULL,'2025-10-08 10:08:44','2025-10-08 10:08:44'),(9,5,56,'Chào shop, cho mình hỏi sản phẩm này còn hàng không?',1,NULL,0,NULL,'2025-10-08 10:08:44','2025-10-08 10:08:44'),(10,5,2,'Chào bạn, sản phẩm này bên mình vẫn còn hàng ạ. Bạn đặt hàng nhé.',1,NULL,0,NULL,'2025-10-08 10:08:44','2025-10-08 10:08:44'),(11,6,95,'Chào shop, cho mình hỏi sản phẩm này còn hàng không?',1,NULL,0,NULL,'2025-10-08 10:08:44','2025-10-08 10:08:44'),(12,6,6,'Chào bạn, sản phẩm này bên mình vẫn còn hàng ạ. Bạn đặt hàng nhé.',1,NULL,0,NULL,'2025-10-08 10:08:44','2025-10-08 10:08:44'),(13,7,94,'Chào shop, cho mình hỏi sản phẩm này còn hàng không?',1,NULL,0,NULL,'2025-10-08 10:08:44','2025-10-08 10:08:44'),(14,7,10,'Chào bạn, sản phẩm này bên mình vẫn còn hàng ạ. Bạn đặt hàng nhé.',1,NULL,0,NULL,'2025-10-08 10:08:44','2025-10-08 10:08:44'),(15,8,112,'Chào shop, cho mình hỏi sản phẩm này còn hàng không?',1,NULL,0,NULL,'2025-10-08 10:08:44','2025-10-08 10:08:44'),(16,8,12,'Chào bạn, sản phẩm này bên mình vẫn còn hàng ạ. Bạn đặt hàng nhé.',1,NULL,0,NULL,'2025-10-08 10:08:44','2025-10-08 10:08:44'),(17,9,104,'Chào shop, cho mình hỏi sản phẩm này còn hàng không?',1,NULL,0,NULL,'2025-10-08 10:08:44','2025-10-08 10:08:44'),(18,9,5,'Chào bạn, sản phẩm này bên mình vẫn còn hàng ạ. Bạn đặt hàng nhé.',1,NULL,0,NULL,'2025-10-08 10:08:44','2025-10-08 10:08:44'),(19,10,112,'Chào shop, cho mình hỏi sản phẩm này còn hàng không?',1,NULL,0,NULL,'2025-10-08 10:08:44','2025-10-08 10:08:44'),(20,10,7,'Chào bạn, sản phẩm này bên mình vẫn còn hàng ạ. Bạn đặt hàng nhé.',1,NULL,0,NULL,'2025-10-08 10:08:44','2025-10-08 10:08:44'),(21,11,103,'Chào shop, cho mình hỏi sản phẩm này còn hàng không?',1,NULL,0,NULL,'2025-10-08 10:08:44','2025-10-08 10:08:44'),(22,11,15,'Chào bạn, sản phẩm này bên mình vẫn còn hàng ạ. Bạn đặt hàng nhé.',1,NULL,0,NULL,'2025-10-08 10:08:44','2025-10-08 10:08:44'),(23,12,91,'Chào shop, cho mình hỏi sản phẩm này còn hàng không?',1,NULL,0,NULL,'2025-10-08 10:08:44','2025-10-08 10:08:44'),(24,12,12,'Chào bạn, sản phẩm này bên mình vẫn còn hàng ạ. Bạn đặt hàng nhé.',1,NULL,0,NULL,'2025-10-08 10:08:44','2025-10-08 10:08:44'),(25,13,112,'Chào shop, cho mình hỏi sản phẩm này còn hàng không?',1,NULL,0,NULL,'2025-10-08 10:08:44','2025-10-08 10:08:44'),(26,13,8,'Chào bạn, sản phẩm này bên mình vẫn còn hàng ạ. Bạn đặt hàng nhé.',1,NULL,0,NULL,'2025-10-08 10:08:44','2025-10-08 10:08:44'),(27,14,52,'Chào shop, cho mình hỏi sản phẩm này còn hàng không?',1,NULL,0,NULL,'2025-10-08 10:08:44','2025-10-08 10:08:44'),(28,14,13,'Chào bạn, sản phẩm này bên mình vẫn còn hàng ạ. Bạn đặt hàng nhé.',1,NULL,0,NULL,'2025-10-08 10:08:44','2025-10-08 10:08:44'),(29,15,110,'Chào shop, cho mình hỏi sản phẩm này còn hàng không?',1,NULL,0,NULL,'2025-10-08 10:08:44','2025-10-08 10:08:44'),(30,15,9,'Chào bạn, sản phẩm này bên mình vẫn còn hàng ạ. Bạn đặt hàng nhé.',1,NULL,0,NULL,'2025-10-08 10:08:44','2025-10-08 10:08:44'),(31,16,104,'Chào shop, cho mình hỏi sản phẩm này còn hàng không?',1,NULL,0,NULL,'2025-10-08 10:08:44','2025-10-08 10:08:44'),(32,16,12,'Chào bạn, sản phẩm này bên mình vẫn còn hàng ạ. Bạn đặt hàng nhé.',1,NULL,0,NULL,'2025-10-08 10:08:44','2025-10-08 10:08:44'),(33,17,47,'Chào shop, cho mình hỏi sản phẩm này còn hàng không?',1,NULL,0,NULL,'2025-10-08 10:08:44','2025-10-08 10:08:44'),(34,17,18,'Chào bạn, sản phẩm này bên mình vẫn còn hàng ạ. Bạn đặt hàng nhé.',1,NULL,0,NULL,'2025-10-08 10:08:44','2025-10-08 10:08:44'),(35,18,43,'Chào shop, cho mình hỏi sản phẩm này còn hàng không?',1,NULL,0,NULL,'2025-10-08 10:08:44','2025-10-08 10:08:44'),(36,18,19,'Chào bạn, sản phẩm này bên mình vẫn còn hàng ạ. Bạn đặt hàng nhé.',1,NULL,0,NULL,'2025-10-08 10:08:44','2025-10-08 10:08:44'),(37,19,90,'Chào shop, cho mình hỏi sản phẩm này còn hàng không?',1,NULL,0,NULL,'2025-10-08 10:08:44','2025-10-08 10:08:44'),(38,19,3,'Chào bạn, sản phẩm này bên mình vẫn còn hàng ạ. Bạn đặt hàng nhé.',1,NULL,0,NULL,'2025-10-08 10:08:44','2025-10-08 10:08:44'),(39,20,68,'Chào shop, cho mình hỏi sản phẩm này còn hàng không?',1,NULL,0,NULL,'2025-10-08 10:08:44','2025-10-08 10:08:44'),(40,20,6,'Chào bạn, sản phẩm này bên mình vẫn còn hàng ạ. Bạn đặt hàng nhé.',1,NULL,0,NULL,'2025-10-08 10:08:44','2025-10-08 10:08:44'),(41,21,36,'Chào shop, cho mình hỏi sản phẩm này còn hàng không?',1,NULL,0,NULL,'2025-10-08 10:08:44','2025-10-08 10:08:44'),(42,21,11,'Chào bạn, sản phẩm này bên mình vẫn còn hàng ạ. Bạn đặt hàng nhé.',1,NULL,0,NULL,'2025-10-08 10:08:44','2025-10-08 10:08:44'),(43,22,42,'Chào shop, cho mình hỏi sản phẩm này còn hàng không?',1,NULL,0,NULL,'2025-10-08 10:08:44','2025-10-08 10:08:44'),(44,22,10,'Chào bạn, sản phẩm này bên mình vẫn còn hàng ạ. Bạn đặt hàng nhé.',1,NULL,0,NULL,'2025-10-08 10:08:44','2025-10-08 10:08:44'),(45,23,118,'Chào shop, cho mình hỏi sản phẩm này còn hàng không?',1,NULL,0,NULL,'2025-10-08 10:08:44','2025-10-08 10:08:44'),(46,23,18,'Chào bạn, sản phẩm này bên mình vẫn còn hàng ạ. Bạn đặt hàng nhé.',1,NULL,0,NULL,'2025-10-08 10:08:44','2025-10-08 10:08:44'),(47,24,93,'Chào shop, cho mình hỏi sản phẩm này còn hàng không?',1,NULL,0,NULL,'2025-10-08 10:08:44','2025-10-08 10:08:44'),(48,24,4,'Chào bạn, sản phẩm này bên mình vẫn còn hàng ạ. Bạn đặt hàng nhé.',1,NULL,0,NULL,'2025-10-08 10:08:44','2025-10-08 10:08:44'),(49,25,90,'Chào shop, cho mình hỏi sản phẩm này còn hàng không?',1,NULL,0,NULL,'2025-10-08 10:08:44','2025-10-08 10:08:44'),(50,25,15,'Chào bạn, sản phẩm này bên mình vẫn còn hàng ạ. Bạn đặt hàng nhé.',1,NULL,0,NULL,'2025-10-08 10:08:44','2025-10-08 10:08:44'),(51,26,51,'Chào shop, cho mình hỏi sản phẩm này còn hàng không?',1,NULL,0,NULL,'2025-10-08 10:08:44','2025-10-08 10:08:44'),(52,26,13,'Chào bạn, sản phẩm này bên mình vẫn còn hàng ạ. Bạn đặt hàng nhé.',1,NULL,0,NULL,'2025-10-08 10:08:44','2025-10-08 10:08:44'),(53,27,99,'Chào shop, cho mình hỏi sản phẩm này còn hàng không?',1,NULL,0,NULL,'2025-10-08 10:08:44','2025-10-08 10:08:44'),(54,27,16,'Chào bạn, sản phẩm này bên mình vẫn còn hàng ạ. Bạn đặt hàng nhé.',1,NULL,0,NULL,'2025-10-08 10:08:44','2025-10-08 10:08:44'),(55,28,76,'Chào shop, cho mình hỏi sản phẩm này còn hàng không?',1,NULL,0,NULL,'2025-10-08 10:08:44','2025-10-08 10:08:44'),(56,28,21,'Chào bạn, sản phẩm này bên mình vẫn còn hàng ạ. Bạn đặt hàng nhé.',1,NULL,0,NULL,'2025-10-08 10:08:44','2025-10-08 10:08:44'),(57,29,85,'Chào shop, cho mình hỏi sản phẩm này còn hàng không?',1,NULL,0,NULL,'2025-10-08 10:08:44','2025-10-08 10:08:44'),(58,29,2,'Chào bạn, sản phẩm này bên mình vẫn còn hàng ạ. Bạn đặt hàng nhé.',1,NULL,0,NULL,'2025-10-08 10:08:44','2025-10-08 10:08:44'),(59,30,91,'Chào shop, cho mình hỏi sản phẩm này còn hàng không?',1,NULL,0,NULL,'2025-10-08 10:08:44','2025-10-08 10:08:44'),(60,30,12,'Chào bạn, sản phẩm này bên mình vẫn còn hàng ạ. Bạn đặt hàng nhé.',1,NULL,0,NULL,'2025-10-08 10:08:44','2025-10-08 10:08:44'),(61,31,119,'Chào shop, cho mình hỏi sản phẩm này còn hàng không?',1,NULL,0,NULL,'2025-10-08 10:08:44','2025-10-08 10:08:44'),(62,31,3,'Chào bạn, sản phẩm này bên mình vẫn còn hàng ạ. Bạn đặt hàng nhé.',1,NULL,0,NULL,'2025-10-08 10:08:44','2025-10-08 10:08:44'),(63,32,83,'Chào shop, cho mình hỏi sản phẩm này còn hàng không?',1,NULL,0,NULL,'2025-10-08 10:08:44','2025-10-08 10:08:44'),(64,32,9,'Chào bạn, sản phẩm này bên mình vẫn còn hàng ạ. Bạn đặt hàng nhé.',1,NULL,0,NULL,'2025-10-08 10:08:44','2025-10-08 10:08:44'),(65,33,78,'Chào shop, cho mình hỏi sản phẩm này còn hàng không?',1,NULL,0,NULL,'2025-10-08 10:08:44','2025-10-08 10:08:44'),(66,33,6,'Chào bạn, sản phẩm này bên mình vẫn còn hàng ạ. Bạn đặt hàng nhé.',1,NULL,0,NULL,'2025-10-08 10:08:44','2025-10-08 10:08:44'),(67,34,66,'Chào shop, cho mình hỏi sản phẩm này còn hàng không?',1,NULL,0,NULL,'2025-10-08 10:08:44','2025-10-08 10:08:44'),(68,34,9,'Chào bạn, sản phẩm này bên mình vẫn còn hàng ạ. Bạn đặt hàng nhé.',1,NULL,0,NULL,'2025-10-08 10:08:44','2025-10-08 10:08:44'),(69,35,114,'Chào shop, cho mình hỏi sản phẩm này còn hàng không?',1,NULL,0,NULL,'2025-10-08 10:08:44','2025-10-08 10:08:44'),(70,35,20,'Chào bạn, sản phẩm này bên mình vẫn còn hàng ạ. Bạn đặt hàng nhé.',1,NULL,0,NULL,'2025-10-08 10:08:44','2025-10-08 10:08:44'),(71,36,85,'Chào shop, cho mình hỏi sản phẩm này còn hàng không?',1,NULL,0,NULL,'2025-10-08 10:08:44','2025-10-08 10:08:44'),(72,36,3,'Chào bạn, sản phẩm này bên mình vẫn còn hàng ạ. Bạn đặt hàng nhé.',1,NULL,0,NULL,'2025-10-08 10:08:44','2025-10-08 10:08:44'),(73,37,98,'Chào shop, cho mình hỏi sản phẩm này còn hàng không?',1,NULL,0,NULL,'2025-10-08 10:08:44','2025-10-08 10:08:44'),(74,37,13,'Chào bạn, sản phẩm này bên mình vẫn còn hàng ạ. Bạn đặt hàng nhé.',1,NULL,0,NULL,'2025-10-08 10:08:44','2025-10-08 10:08:44'),(75,38,52,'Chào shop, cho mình hỏi sản phẩm này còn hàng không?',1,NULL,0,NULL,'2025-10-08 10:08:44','2025-10-08 10:08:44'),(76,38,17,'Chào bạn, sản phẩm này bên mình vẫn còn hàng ạ. Bạn đặt hàng nhé.',1,NULL,0,NULL,'2025-10-08 10:08:44','2025-10-08 10:08:44'),(77,39,115,'Chào shop, cho mình hỏi sản phẩm này còn hàng không?',1,NULL,0,NULL,'2025-10-08 10:08:44','2025-10-08 10:08:44'),(78,39,8,'Chào bạn, sản phẩm này bên mình vẫn còn hàng ạ. Bạn đặt hàng nhé.',1,NULL,0,NULL,'2025-10-08 10:08:44','2025-10-08 10:08:44'),(79,40,29,'Chào shop, cho mình hỏi sản phẩm này còn hàng không?',1,NULL,0,NULL,'2025-10-08 10:08:44','2025-10-08 10:08:44'),(80,40,4,'Chào bạn, sản phẩm này bên mình vẫn còn hàng ạ. Bạn đặt hàng nhé.',1,NULL,0,NULL,'2025-10-08 10:08:44','2025-10-08 10:08:44'),(81,41,65,'Chào shop, cho mình hỏi sản phẩm này còn hàng không?',1,NULL,0,NULL,'2025-10-08 10:08:44','2025-10-08 10:08:44'),(82,41,11,'Chào bạn, sản phẩm này bên mình vẫn còn hàng ạ. Bạn đặt hàng nhé.',1,NULL,0,NULL,'2025-10-08 10:08:44','2025-10-08 10:08:44'),(83,42,29,'Chào shop, cho mình hỏi sản phẩm này còn hàng không?',1,NULL,0,NULL,'2025-10-08 10:08:44','2025-10-08 10:08:44'),(84,42,20,'Chào bạn, sản phẩm này bên mình vẫn còn hàng ạ. Bạn đặt hàng nhé.',1,NULL,0,NULL,'2025-10-08 10:08:44','2025-10-08 10:08:44'),(85,43,59,'Chào shop, cho mình hỏi sản phẩm này còn hàng không?',1,NULL,0,NULL,'2025-10-08 10:08:44','2025-10-08 10:08:44'),(86,43,7,'Chào bạn, sản phẩm này bên mình vẫn còn hàng ạ. Bạn đặt hàng nhé.',1,NULL,0,NULL,'2025-10-08 10:08:44','2025-10-08 10:08:44'),(87,44,41,'Chào shop, cho mình hỏi sản phẩm này còn hàng không?',1,NULL,0,NULL,'2025-10-08 10:08:44','2025-10-08 10:08:44'),(88,44,15,'Chào bạn, sản phẩm này bên mình vẫn còn hàng ạ. Bạn đặt hàng nhé.',1,NULL,0,NULL,'2025-10-08 10:08:44','2025-10-08 10:08:44'),(89,45,64,'Chào shop, cho mình hỏi sản phẩm này còn hàng không?',1,NULL,0,NULL,'2025-10-08 10:08:44','2025-10-08 10:08:44'),(90,45,15,'Chào bạn, sản phẩm này bên mình vẫn còn hàng ạ. Bạn đặt hàng nhé.',1,NULL,0,NULL,'2025-10-08 10:08:44','2025-10-08 10:08:44'),(91,46,30,'Chào shop, cho mình hỏi sản phẩm này còn hàng không?',1,NULL,0,NULL,'2025-10-08 10:08:44','2025-10-08 10:08:44'),(92,46,3,'Chào bạn, sản phẩm này bên mình vẫn còn hàng ạ. Bạn đặt hàng nhé.',1,NULL,0,NULL,'2025-10-08 10:08:44','2025-10-08 10:08:44'),(93,47,103,'Chào shop, cho mình hỏi sản phẩm này còn hàng không?',1,NULL,0,NULL,'2025-10-08 10:08:44','2025-10-08 10:08:44'),(94,47,5,'Chào bạn, sản phẩm này bên mình vẫn còn hàng ạ. Bạn đặt hàng nhé.',1,NULL,0,NULL,'2025-10-08 10:08:44','2025-10-08 10:08:44'),(95,48,36,'Chào shop, cho mình hỏi sản phẩm này còn hàng không?',1,NULL,0,NULL,'2025-10-08 10:08:44','2025-10-08 10:08:44'),(96,48,8,'Chào bạn, sản phẩm này bên mình vẫn còn hàng ạ. Bạn đặt hàng nhé.',1,NULL,0,NULL,'2025-10-08 10:08:44','2025-10-08 10:08:44'),(97,49,41,'Chào shop, cho mình hỏi sản phẩm này còn hàng không?',1,NULL,0,NULL,'2025-10-08 10:08:44','2025-10-08 10:08:44'),(98,49,11,'Chào bạn, sản phẩm này bên mình vẫn còn hàng ạ. Bạn đặt hàng nhé.',1,NULL,0,NULL,'2025-10-08 10:08:44','2025-10-08 10:08:44'),(99,50,103,'Chào shop, cho mình hỏi sản phẩm này còn hàng không?',1,NULL,0,NULL,'2025-10-08 10:08:44','2025-10-08 10:08:44'),(100,50,7,'Chào bạn, sản phẩm này bên mình vẫn còn hàng ạ. Bạn đặt hàng nhé.',1,NULL,0,NULL,'2025-10-08 10:08:44','2025-10-08 10:08:44');
/*!40000 ALTER TABLE `chat_messages` ENABLE KEYS */;
UNLOCK TABLES;

--
-- Table structure for table `chat_participants`
--

DROP TABLE IF EXISTS `chat_participants`;
/*!40101 SET @saved_cs_client     = @@character_set_client */;
/*!50503 SET character_set_client = utf8mb4 */;
CREATE TABLE `chat_participants` (
  `chat_participant_id` bigint(20) unsigned NOT NULL AUTO_INCREMENT,
  `chat_room_id` bigint(20) unsigned NOT NULL,
  `user_id` bigint(20) unsigned NOT NULL,
  `joined_at` timestamp NOT NULL DEFAULT current_timestamp() ON UPDATE current_timestamp(),
  `left_at` timestamp NULL DEFAULT NULL,
  PRIMARY KEY (`chat_participant_id`),
  UNIQUE KEY `chat_participants_chat_room_id_user_id_unique` (`chat_room_id`,`user_id`),
  KEY `chat_participants_user_id_foreign` (`user_id`),
  CONSTRAINT `chat_participants_chat_room_id_foreign` FOREIGN KEY (`chat_room_id`) REFERENCES `chat_rooms` (`chat_room_id`) ON DELETE CASCADE,
  CONSTRAINT `chat_participants_user_id_foreign` FOREIGN KEY (`user_id`) REFERENCES `users` (`id`) ON DELETE CASCADE
) ENGINE=InnoDB AUTO_INCREMENT=101 DEFAULT CHARSET=utf8mb4 COLLATE=utf8mb4_unicode_ci;
/*!40101 SET character_set_client = @saved_cs_client */;

--
-- Dumping data for table `chat_participants`
--

LOCK TABLES `chat_participants` WRITE;
/*!40000 ALTER TABLE `chat_participants` DISABLE KEYS */;
INSERT INTO `chat_participants` VALUES (1,1,76,'2025-10-08 17:08:44',NULL),(2,1,11,'2025-10-08 17:08:44',NULL),(3,2,27,'2025-10-08 17:08:44',NULL),(4,2,15,'2025-10-08 17:08:44',NULL),(5,3,108,'2025-10-08 17:08:44',NULL),(6,3,15,'2025-10-08 17:08:44',NULL),(7,4,60,'2025-10-08 17:08:44',NULL),(8,4,14,'2025-10-08 17:08:44',NULL),(9,5,56,'2025-10-08 17:08:44',NULL),(10,5,2,'2025-10-08 17:08:44',NULL),(11,6,95,'2025-10-08 17:08:44',NULL),(12,6,6,'2025-10-08 17:08:44',NULL),(13,7,94,'2025-10-08 17:08:44',NULL),(14,7,10,'2025-10-08 17:08:44',NULL),(15,8,112,'2025-10-08 17:08:44',NULL),(16,8,12,'2025-10-08 17:08:44',NULL),(17,9,104,'2025-10-08 17:08:44',NULL),(18,9,5,'2025-10-08 17:08:44',NULL),(19,10,112,'2025-10-08 17:08:44',NULL),(20,10,7,'2025-10-08 17:08:44',NULL),(21,11,103,'2025-10-08 17:08:44',NULL),(22,11,15,'2025-10-08 17:08:44',NULL),(23,12,91,'2025-10-08 17:08:44',NULL),(24,12,12,'2025-10-08 17:08:44',NULL),(25,13,112,'2025-10-08 17:08:44',NULL),(26,13,8,'2025-10-08 17:08:44',NULL),(27,14,52,'2025-10-08 17:08:44',NULL),(28,14,13,'2025-10-08 17:08:44',NULL),(29,15,110,'2025-10-08 17:08:44',NULL),(30,15,9,'2025-10-08 17:08:44',NULL),(31,16,104,'2025-10-08 17:08:44',NULL),(32,16,12,'2025-10-08 17:08:44',NULL),(33,17,47,'2025-10-08 17:08:44',NULL),(34,17,18,'2025-10-08 17:08:44',NULL),(35,18,43,'2025-10-08 17:08:44',NULL),(36,18,19,'2025-10-08 17:08:44',NULL),(37,19,90,'2025-10-08 17:08:44',NULL),(38,19,3,'2025-10-08 17:08:44',NULL),(39,20,68,'2025-10-08 17:08:44',NULL),(40,20,6,'2025-10-08 17:08:44',NULL),(41,21,36,'2025-10-08 17:08:44',NULL),(42,21,11,'2025-10-08 17:08:44',NULL),(43,22,42,'2025-10-08 17:08:44',NULL),(44,22,10,'2025-10-08 17:08:44',NULL),(45,23,118,'2025-10-08 17:08:44',NULL),(46,23,18,'2025-10-08 17:08:44',NULL),(47,24,93,'2025-10-08 17:08:44',NULL),(48,24,4,'2025-10-08 17:08:44',NULL),(49,25,90,'2025-10-08 17:08:44',NULL),(50,25,15,'2025-10-08 17:08:44',NULL),(51,26,51,'2025-10-08 17:08:44',NULL),(52,26,13,'2025-10-08 17:08:44',NULL),(53,27,99,'2025-10-08 17:08:44',NULL),(54,27,16,'2025-10-08 17:08:44',NULL),(55,28,76,'2025-10-08 17:08:44',NULL),(56,28,21,'2025-10-08 17:08:44',NULL),(57,29,85,'2025-10-08 17:08:44',NULL),(58,29,2,'2025-10-08 17:08:44',NULL),(59,30,91,'2025-10-08 17:08:44',NULL),(60,30,12,'2025-10-08 17:08:44',NULL),(61,31,119,'2025-10-08 17:08:44',NULL),(62,31,3,'2025-10-08 17:08:44',NULL),(63,32,83,'2025-10-08 17:08:44',NULL),(64,32,9,'2025-10-08 17:08:44',NULL),(65,33,78,'2025-10-08 17:08:44',NULL),(66,33,6,'2025-10-08 17:08:44',NULL),(67,34,66,'2025-10-08 17:08:44',NULL),(68,34,9,'2025-10-08 17:08:44',NULL),(69,35,114,'2025-10-08 17:08:44',NULL),(70,35,20,'2025-10-08 17:08:44',NULL),(71,36,85,'2025-10-08 17:08:44',NULL),(72,36,3,'2025-10-08 17:08:44',NULL),(73,37,98,'2025-10-08 17:08:44',NULL),(74,37,13,'2025-10-08 17:08:44',NULL),(75,38,52,'2025-10-08 17:08:44',NULL),(76,38,17,'2025-10-08 17:08:44',NULL),(77,39,115,'2025-10-08 17:08:44',NULL),(78,39,8,'2025-10-08 17:08:44',NULL),(79,40,29,'2025-10-08 17:08:44',NULL),(80,40,4,'2025-10-08 17:08:44',NULL),(81,41,65,'2025-10-08 17:08:44',NULL),(82,41,11,'2025-10-08 17:08:44',NULL),(83,42,29,'2025-10-08 17:08:44',NULL),(84,42,20,'2025-10-08 17:08:44',NULL),(85,43,59,'2025-10-08 17:08:44',NULL),(86,43,7,'2025-10-08 17:08:44',NULL),(87,44,41,'2025-10-08 17:08:44',NULL),(88,44,15,'2025-10-08 17:08:44',NULL),(89,45,64,'2025-10-08 17:08:44',NULL),(90,45,15,'2025-10-08 17:08:44',NULL),(91,46,30,'2025-10-08 17:08:44',NULL),(92,46,3,'2025-10-08 17:08:44',NULL),(93,47,103,'2025-10-08 17:08:44',NULL),(94,47,5,'2025-10-08 17:08:44',NULL),(95,48,36,'2025-10-08 17:08:44',NULL),(96,48,8,'2025-10-08 17:08:44',NULL),(97,49,41,'2025-10-08 17:08:44',NULL),(98,49,11,'2025-10-08 17:08:44',NULL),(99,50,103,'2025-10-08 17:08:44',NULL),(100,50,7,'2025-10-08 17:08:44',NULL);
/*!40000 ALTER TABLE `chat_participants` ENABLE KEYS */;
UNLOCK TABLES;

--
-- Table structure for table `chat_rooms`
--

DROP TABLE IF EXISTS `chat_rooms`;
/*!40101 SET @saved_cs_client     = @@character_set_client */;
/*!50503 SET character_set_client = utf8mb4 */;
CREATE TABLE `chat_rooms` (
  `chat_room_id` bigint(20) unsigned NOT NULL AUTO_INCREMENT,
  `room_name` varchar(100) NOT NULL,
  `type` tinyint(4) NOT NULL COMMENT '1: User-to-User, 2: User-to-Seller',
  `is_active` tinyint(1) NOT NULL DEFAULT 1,
  `created_at` timestamp NULL DEFAULT NULL,
  `updated_at` timestamp NULL DEFAULT NULL,
  PRIMARY KEY (`chat_room_id`)
) ENGINE=InnoDB AUTO_INCREMENT=51 DEFAULT CHARSET=utf8mb4 COLLATE=utf8mb4_unicode_ci;
/*!40101 SET character_set_client = @saved_cs_client */;

--
-- Dumping data for table `chat_rooms`
--

LOCK TABLES `chat_rooms` WRITE;
/*!40000 ALTER TABLE `chat_rooms` DISABLE KEYS */;
INSERT INTO `chat_rooms` VALUES (1,'Chat between rreichert and sophia.crona',2,1,'2025-10-08 10:08:44','2025-10-08 10:08:44'),(2,'Chat between name.hoeger and bkreiger',2,1,'2025-10-08 10:08:44','2025-10-08 10:08:44'),(3,'Chat between roberto.barton and bkreiger',2,1,'2025-10-08 10:08:44','2025-10-08 10:08:44'),(4,'Chat between dfisher and ana.carter',2,1,'2025-10-08 10:08:44','2025-10-08 10:08:44'),(5,'Chat between scottie.rogahn and boyle.carolyne',2,1,'2025-10-08 10:08:44','2025-10-08 10:08:44'),(6,'Chat between considine.daisy and allan.quigley',2,1,'2025-10-08 10:08:44','2025-10-08 10:08:44'),(7,'Chat between ztremblay and casimer.botsford',2,1,'2025-10-08 10:08:44','2025-10-08 10:08:44'),(8,'Chat between whuel and dschoen',2,1,'2025-10-08 10:08:44','2025-10-08 10:08:44'),(9,'Chat between ifeeney and william.schiller',2,1,'2025-10-08 10:08:44','2025-10-08 10:08:44'),(10,'Chat between whuel and dickens.louie',2,1,'2025-10-08 10:08:44','2025-10-08 10:08:44'),(11,'Chat between juliet87 and bkreiger',2,1,'2025-10-08 10:08:44','2025-10-08 10:08:44'),(12,'Chat between goyette.neva and dschoen',2,1,'2025-10-08 10:08:44','2025-10-08 10:08:44'),(13,'Chat between whuel and dooley.alfred',2,1,'2025-10-08 10:08:44','2025-10-08 10:08:44'),(14,'Chat between judge.bartoletti and imurazik',2,1,'2025-10-08 10:08:44','2025-10-08 10:08:44'),(15,'Chat between molly.stokes and lourdes.bailey',2,1,'2025-10-08 10:08:44','2025-10-08 10:08:44'),(16,'Chat between ifeeney and dschoen',2,1,'2025-10-08 10:08:44','2025-10-08 10:08:44'),(17,'Chat between rosenbaum.aliyah and oschroeder',2,1,'2025-10-08 10:08:44','2025-10-08 10:08:44'),(18,'Chat between boyle.dasia and dell42',2,1,'2025-10-08 10:08:44','2025-10-08 10:08:44'),(19,'Chat between cgoldner and hilpert.kiana',2,1,'2025-10-08 10:08:44','2025-10-08 10:08:44'),(20,'Chat between rosalinda67 and allan.quigley',2,1,'2025-10-08 10:08:44','2025-10-08 10:08:44'),(21,'Chat between thiel.marcella and sophia.crona',2,1,'2025-10-08 10:08:44','2025-10-08 10:08:44'),(22,'Chat between ima07 and casimer.botsford',2,1,'2025-10-08 10:08:44','2025-10-08 10:08:44'),(23,'Chat between louie58 and oschroeder',2,1,'2025-10-08 10:08:44','2025-10-08 10:08:44'),(24,'Chat between schmidt.kyler and oledner',2,1,'2025-10-08 10:08:44','2025-10-08 10:08:44'),(25,'Chat between cgoldner and bkreiger',2,1,'2025-10-08 10:08:44','2025-10-08 10:08:44'),(26,'Chat between lonny.altenwerth and imurazik',2,1,'2025-10-08 10:08:44','2025-10-08 10:08:44'),(27,'Chat between jaiden53 and eryn.feil',2,1,'2025-10-08 10:08:44','2025-10-08 10:08:44'),(28,'Chat between rreichert and gabrielle03',2,1,'2025-10-08 10:08:44','2025-10-08 10:08:44'),(29,'Chat between nader.curtis and boyle.carolyne',2,1,'2025-10-08 10:08:44','2025-10-08 10:08:44'),(30,'Chat between goyette.neva and dschoen',2,1,'2025-10-08 10:08:44','2025-10-08 10:08:44'),(31,'Chat between audrey.cummings and hilpert.kiana',2,1,'2025-10-08 10:08:44','2025-10-08 10:08:44'),(32,'Chat between mraz.daphnee and lourdes.bailey',2,1,'2025-10-08 10:08:44','2025-10-08 10:08:44'),(33,'Chat between iauer and allan.quigley',2,1,'2025-10-08 10:08:44','2025-10-08 10:08:44'),(34,'Chat between haley.ivah and lourdes.bailey',2,1,'2025-10-08 10:08:44','2025-10-08 10:08:44'),(35,'Chat between beahan.don and herzog.roger',2,1,'2025-10-08 10:08:44','2025-10-08 10:08:44'),(36,'Chat between nader.curtis and hilpert.kiana',2,1,'2025-10-08 10:08:44','2025-10-08 10:08:44'),(37,'Chat between margarete.hartmann and imurazik',2,1,'2025-10-08 10:08:44','2025-10-08 10:08:44'),(38,'Chat between judge.bartoletti and gleason.sammie',2,1,'2025-10-08 10:08:44','2025-10-08 10:08:44'),(39,'Chat between mkohler and dooley.alfred',2,1,'2025-10-08 10:08:44','2025-10-08 10:08:44'),(40,'Chat between emma.funk and oledner',2,1,'2025-10-08 10:08:44','2025-10-08 10:08:44'),(41,'Chat between huel.jovany and sophia.crona',2,1,'2025-10-08 10:08:44','2025-10-08 10:08:44'),(42,'Chat between emma.funk and herzog.roger',2,1,'2025-10-08 10:08:44','2025-10-08 10:08:44'),(43,'Chat between pink.braun and dickens.louie',2,1,'2025-10-08 10:08:44','2025-10-08 10:08:44'),(44,'Chat between ismael56 and bkreiger',2,1,'2025-10-08 10:08:44','2025-10-08 10:08:44'),(45,'Chat between dtreutel and bkreiger',2,1,'2025-10-08 10:08:44','2025-10-08 10:08:44'),(46,'Chat between tabernathy and hilpert.kiana',2,1,'2025-10-08 10:08:44','2025-10-08 10:08:44'),(47,'Chat between juliet87 and william.schiller',2,1,'2025-10-08 10:08:44','2025-10-08 10:08:44'),(48,'Chat between thiel.marcella and dooley.alfred',2,1,'2025-10-08 10:08:44','2025-10-08 10:08:44'),(49,'Chat between ismael56 and sophia.crona',2,1,'2025-10-08 10:08:44','2025-10-08 10:08:44'),(50,'Chat between juliet87 and dickens.louie',2,1,'2025-10-08 10:08:44','2025-10-08 10:08:44');
/*!40000 ALTER TABLE `chat_rooms` ENABLE KEYS */;
UNLOCK TABLES;

--
-- Table structure for table `countries`
--

DROP TABLE IF EXISTS `countries`;
/*!40101 SET @saved_cs_client     = @@character_set_client */;
/*!50503 SET character_set_client = utf8mb4 */;
CREATE TABLE `countries` (
  `id` bigint(20) unsigned NOT NULL AUTO_INCREMENT,
  `name` longtext CHARACTER SET utf8mb4 COLLATE utf8mb4_bin NOT NULL CHECK (json_valid(`name`)),
  `iso_code_2` varchar(2) NOT NULL,
  `created_at` timestamp NULL DEFAULT NULL,
  `updated_at` timestamp NULL DEFAULT NULL,
  PRIMARY KEY (`id`),
  UNIQUE KEY `countries_iso_code_2_unique` (`iso_code_2`)
) ENGINE=InnoDB DEFAULT CHARSET=utf8mb4 COLLATE=utf8mb4_unicode_ci;
/*!40101 SET character_set_client = @saved_cs_client */;

--
-- Dumping data for table `countries`
--

LOCK TABLES `countries` WRITE;
/*!40000 ALTER TABLE `countries` DISABLE KEYS */;
/*!40000 ALTER TABLE `countries` ENABLE KEYS */;
UNLOCK TABLES;

--
-- Table structure for table `dispute_messages`
--

DROP TABLE IF EXISTS `dispute_messages`;
/*!40101 SET @saved_cs_client     = @@character_set_client */;
/*!50503 SET character_set_client = utf8mb4 */;
CREATE TABLE `dispute_messages` (
  `dispute_message_id` bigint(20) unsigned NOT NULL AUTO_INCREMENT,
  `dispute_id` bigint(20) unsigned NOT NULL,
  `sender_id` bigint(20) unsigned NOT NULL,
  `content` text NOT NULL,
  `attachment_url` varchar(500) DEFAULT NULL,
  `is_admin_message` tinyint(1) NOT NULL DEFAULT 0,
  `created_at` timestamp NULL DEFAULT NULL,
  `updated_at` timestamp NULL DEFAULT NULL,
  PRIMARY KEY (`dispute_message_id`),
  KEY `dispute_messages_dispute_id_foreign` (`dispute_id`),
  KEY `dispute_messages_sender_id_foreign` (`sender_id`),
  CONSTRAINT `dispute_messages_dispute_id_foreign` FOREIGN KEY (`dispute_id`) REFERENCES `disputes` (`dispute_id`) ON DELETE CASCADE,
  CONSTRAINT `dispute_messages_sender_id_foreign` FOREIGN KEY (`sender_id`) REFERENCES `users` (`id`)
) ENGINE=InnoDB AUTO_INCREMENT=31 DEFAULT CHARSET=utf8mb4 COLLATE=utf8mb4_unicode_ci;
/*!40101 SET character_set_client = @saved_cs_client */;

--
-- Dumping data for table `dispute_messages`
--

LOCK TABLES `dispute_messages` WRITE;
/*!40000 ALTER TABLE `dispute_messages` DISABLE KEYS */;
INSERT INTO `dispute_messages` VALUES (1,1,23,'Tôi muốn khiếu nại về chất lượng sản phẩm trong đơn hàng này.',NULL,0,'2025-10-08 10:08:44','2025-10-08 10:08:44'),(2,2,23,'Tôi muốn khiếu nại về chất lượng sản phẩm trong đơn hàng này.',NULL,0,'2025-10-08 10:08:44','2025-10-08 10:08:44'),(3,3,29,'Tôi muốn khiếu nại về chất lượng sản phẩm trong đơn hàng này.',NULL,0,'2025-10-08 10:08:44','2025-10-08 10:08:44'),(4,4,31,'Tôi muốn khiếu nại về chất lượng sản phẩm trong đơn hàng này.',NULL,0,'2025-10-08 10:08:44','2025-10-08 10:08:44'),(5,5,33,'Tôi muốn khiếu nại về chất lượng sản phẩm trong đơn hàng này.',NULL,0,'2025-10-08 10:08:44','2025-10-08 10:08:44'),(6,6,33,'Tôi muốn khiếu nại về chất lượng sản phẩm trong đơn hàng này.',NULL,0,'2025-10-08 10:08:44','2025-10-08 10:08:44'),(7,7,36,'Tôi muốn khiếu nại về chất lượng sản phẩm trong đơn hàng này.',NULL,0,'2025-10-08 10:08:44','2025-10-08 10:08:44'),(8,8,39,'Tôi muốn khiếu nại về chất lượng sản phẩm trong đơn hàng này.',NULL,0,'2025-10-08 10:08:44','2025-10-08 10:08:44'),(9,9,41,'Tôi muốn khiếu nại về chất lượng sản phẩm trong đơn hàng này.',NULL,0,'2025-10-08 10:08:44','2025-10-08 10:08:44'),(10,10,45,'Tôi muốn khiếu nại về chất lượng sản phẩm trong đơn hàng này.',NULL,0,'2025-10-08 10:08:44','2025-10-08 10:08:44'),(11,11,46,'Tôi muốn khiếu nại về chất lượng sản phẩm trong đơn hàng này.',NULL,0,'2025-10-08 10:08:44','2025-10-08 10:08:44'),(12,12,53,'Tôi muốn khiếu nại về chất lượng sản phẩm trong đơn hàng này.',NULL,0,'2025-10-08 10:08:44','2025-10-08 10:08:44'),(13,13,57,'Tôi muốn khiếu nại về chất lượng sản phẩm trong đơn hàng này.',NULL,0,'2025-10-08 10:08:44','2025-10-08 10:08:44'),(14,14,62,'Tôi muốn khiếu nại về chất lượng sản phẩm trong đơn hàng này.',NULL,0,'2025-10-08 10:08:44','2025-10-08 10:08:44'),(15,15,70,'Tôi muốn khiếu nại về chất lượng sản phẩm trong đơn hàng này.',NULL,0,'2025-10-08 10:08:44','2025-10-08 10:08:44'),(16,16,73,'Tôi muốn khiếu nại về chất lượng sản phẩm trong đơn hàng này.',NULL,0,'2025-10-08 10:08:44','2025-10-08 10:08:44'),(17,17,76,'Tôi muốn khiếu nại về chất lượng sản phẩm trong đơn hàng này.',NULL,0,'2025-10-08 10:08:44','2025-10-08 10:08:44'),(18,18,81,'Tôi muốn khiếu nại về chất lượng sản phẩm trong đơn hàng này.',NULL,0,'2025-10-08 10:08:44','2025-10-08 10:08:44'),(19,19,81,'Tôi muốn khiếu nại về chất lượng sản phẩm trong đơn hàng này.',NULL,0,'2025-10-08 10:08:44','2025-10-08 10:08:44'),(20,20,85,'Tôi muốn khiếu nại về chất lượng sản phẩm trong đơn hàng này.',NULL,0,'2025-10-08 10:08:44','2025-10-08 10:08:44'),(21,21,86,'Tôi muốn khiếu nại về chất lượng sản phẩm trong đơn hàng này.',NULL,0,'2025-10-08 10:08:44','2025-10-08 10:08:44'),(22,22,92,'Tôi muốn khiếu nại về chất lượng sản phẩm trong đơn hàng này.',NULL,0,'2025-10-08 10:08:44','2025-10-08 10:08:44'),(23,23,93,'Tôi muốn khiếu nại về chất lượng sản phẩm trong đơn hàng này.',NULL,0,'2025-10-08 10:08:44','2025-10-08 10:08:44'),(24,24,95,'Tôi muốn khiếu nại về chất lượng sản phẩm trong đơn hàng này.',NULL,0,'2025-10-08 10:08:44','2025-10-08 10:08:44'),(25,25,97,'Tôi muốn khiếu nại về chất lượng sản phẩm trong đơn hàng này.',NULL,0,'2025-10-08 10:08:44','2025-10-08 10:08:44'),(26,26,104,'Tôi muốn khiếu nại về chất lượng sản phẩm trong đơn hàng này.',NULL,0,'2025-10-08 10:08:44','2025-10-08 10:08:44'),(27,27,104,'Tôi muốn khiếu nại về chất lượng sản phẩm trong đơn hàng này.',NULL,0,'2025-10-08 10:08:44','2025-10-08 10:08:44'),(28,28,105,'Tôi muốn khiếu nại về chất lượng sản phẩm trong đơn hàng này.',NULL,0,'2025-10-08 10:08:44','2025-10-08 10:08:44'),(29,29,109,'Tôi muốn khiếu nại về chất lượng sản phẩm trong đơn hàng này.',NULL,0,'2025-10-08 10:08:44','2025-10-08 10:08:44'),(30,30,113,'Tôi muốn khiếu nại về chất lượng sản phẩm trong đơn hàng này.',NULL,0,'2025-10-08 10:08:44','2025-10-08 10:08:44');
/*!40000 ALTER TABLE `dispute_messages` ENABLE KEYS */;
UNLOCK TABLES;

--
-- Table structure for table `disputes`
--

DROP TABLE IF EXISTS `disputes`;
/*!40101 SET @saved_cs_client     = @@character_set_client */;
/*!50503 SET character_set_client = utf8mb4 */;
CREATE TABLE `disputes` (
  `dispute_id` bigint(20) unsigned NOT NULL AUTO_INCREMENT,
  `order_id` bigint(20) unsigned NOT NULL,
  `customer_id` bigint(20) unsigned NOT NULL,
  `seller_id` bigint(20) unsigned NOT NULL,
  `subject` varchar(200) NOT NULL,
  `description` text NOT NULL,
  `status` tinyint(4) NOT NULL COMMENT '1: Open, 2: Under Review, 3: Resolved, 4: Closed',
  `type` tinyint(4) NOT NULL COMMENT '1: Item not received, 2: Item not as described, 3: Other',
  `assigned_admin_id` bigint(20) unsigned DEFAULT NULL,
  `resolution` text DEFAULT NULL,
  `resolved_at` timestamp NULL DEFAULT NULL,
  `created_at` timestamp NULL DEFAULT NULL,
  `updated_at` timestamp NULL DEFAULT NULL,
  PRIMARY KEY (`dispute_id`),
  KEY `disputes_order_id_foreign` (`order_id`),
  KEY `disputes_customer_id_foreign` (`customer_id`),
  KEY `disputes_seller_id_foreign` (`seller_id`),
  KEY `disputes_assigned_admin_id_foreign` (`assigned_admin_id`),
  CONSTRAINT `disputes_assigned_admin_id_foreign` FOREIGN KEY (`assigned_admin_id`) REFERENCES `users` (`id`) ON DELETE SET NULL,
  CONSTRAINT `disputes_customer_id_foreign` FOREIGN KEY (`customer_id`) REFERENCES `users` (`id`),
  CONSTRAINT `disputes_order_id_foreign` FOREIGN KEY (`order_id`) REFERENCES `orders` (`order_id`),
  CONSTRAINT `disputes_seller_id_foreign` FOREIGN KEY (`seller_id`) REFERENCES `users` (`id`)
) ENGINE=InnoDB AUTO_INCREMENT=31 DEFAULT CHARSET=utf8mb4 COLLATE=utf8mb4_unicode_ci;
/*!40101 SET character_set_client = @saved_cs_client */;

--
-- Dumping data for table `disputes`
--

LOCK TABLES `disputes` WRITE;
/*!40000 ALTER TABLE `disputes` DISABLE KEYS */;
INSERT INTO `disputes` VALUES (1,6,23,9,'Khiếu nại về đơn hàng ORD-17088817','Perferendis expedita odit et architecto aspernatur. Ea rem autem ipsam nisi.',2,1,1,NULL,NULL,'2025-10-08 10:08:44','2025-10-08 10:08:44'),(2,8,23,15,'Khiếu nại về đơn hàng ORD-87602774','Vel velit molestiae sed. Ad rerum nesciunt qui velit voluptatum beatae sunt omnis. Nam aspernatur sunt voluptatem eius.',3,1,1,NULL,NULL,'2025-10-08 10:08:44','2025-10-08 10:08:44'),(3,24,29,11,'Khiếu nại về đơn hàng ORD-74303860','Quia vitae quod sit unde blanditiis voluptate et aut. Culpa odio soluta consequatur ex dolor amet ut. Aspernatur accusamus soluta nostrum nam est natus aut. Voluptatibus rerum doloribus rerum dignissimos autem.',1,1,1,NULL,NULL,'2025-10-08 10:08:44','2025-10-08 10:08:44'),(4,30,31,8,'Khiếu nại về đơn hàng ORD-45740424','Non molestiae et dolorum voluptatem pariatur. Et quia praesentium commodi sit rerum mollitia. Non repellendus numquam dolorum quia enim aut ea. Ipsum eum cupiditate molestias.',2,2,1,NULL,NULL,'2025-10-08 10:08:44','2025-10-08 10:08:44'),(5,34,33,9,'Khiếu nại về đơn hàng ORD-75810314','Dolore autem animi velit sit pariatur asperiores. Rerum ipsum sed expedita veniam minima veniam. Nostrum eaque ullam facilis.',3,2,1,NULL,NULL,'2025-10-08 10:08:44','2025-10-08 10:08:44'),(6,35,33,12,'Khiếu nại về đơn hàng ORD-77564091','Et in assumenda voluptas in id natus sit sit. Sequi dolor et nulla deleniti est tempora nihil. Omnis provident perferendis eum et.',3,1,1,NULL,NULL,'2025-10-08 10:08:44','2025-10-08 10:08:44'),(7,41,36,12,'Khiếu nại về đơn hàng ORD-78213845','Necessitatibus totam aspernatur deserunt aspernatur debitis eius iure. Optio aut vitae culpa et quis architecto quia adipisci. Consequatur magni commodi dolorem sunt soluta non rem.',2,1,1,NULL,NULL,'2025-10-08 10:08:44','2025-10-08 10:08:44'),(8,47,39,17,'Khiếu nại về đơn hàng ORD-65415155','Dignissimos et vero quibusdam voluptas. Facilis necessitatibus iure dolorem. Neque natus molestiae libero aut maiores consequuntur consequatur.',4,1,1,NULL,NULL,'2025-10-08 10:08:44','2025-10-08 10:08:44'),(9,53,41,10,'Khiếu nại về đơn hàng ORD-51354434','Fuga itaque officia assumenda dolorem. Porro cum voluptates aut quasi rerum voluptate. Aut consequatur veritatis impedit illo dolorem. Illo omnis quo vitae aliquam aut aut.',3,2,1,NULL,NULL,'2025-10-08 10:08:44','2025-10-08 10:08:44'),(10,70,45,2,'Khiếu nại về đơn hàng ORD-86956726','Aut enim mollitia autem incidunt culpa autem quos. Optio quam culpa eius sunt animi ut aut. Repellat dicta commodi ut.',2,2,1,NULL,NULL,'2025-10-08 10:08:44','2025-10-08 10:08:44'),(11,73,46,9,'Khiếu nại về đơn hàng ORD-33572528','Est facilis error et incidunt. Unde ea neque recusandae corporis recusandae.',3,2,1,NULL,NULL,'2025-10-08 10:08:44','2025-10-08 10:08:44'),(12,88,53,11,'Khiếu nại về đơn hàng ORD-95732374','Assumenda consequuntur veniam omnis non. Explicabo quibusdam qui qui corrupti dolorem voluptas blanditiis. Occaecati veritatis ducimus quis aut necessitatibus et dolores. Ab id enim ut quaerat fugit est.',4,3,1,NULL,NULL,'2025-10-08 10:08:44','2025-10-08 10:08:44'),(13,100,57,17,'Khiếu nại về đơn hàng ORD-24665502','Voluptatem rem eius molestiae harum quas. Consequatur aut quaerat error vel. Aut ea qui ut dignissimos.',4,3,1,NULL,NULL,'2025-10-08 10:08:44','2025-10-08 10:08:44'),(14,120,62,8,'Khiếu nại về đơn hàng ORD-96290903','Voluptatem deserunt officia nostrum ut dolorem est aspernatur. Qui ea saepe eveniet tempora assumenda ut. Eius ea necessitatibus voluptatem similique placeat sapiente.',1,2,1,NULL,NULL,'2025-10-08 10:08:44','2025-10-08 10:08:44'),(15,148,70,10,'Khiếu nại về đơn hàng ORD-89926359','Neque a aut nisi ut. Quibusdam placeat laudantium cumque corrupti modi eligendi aliquid. Perspiciatis aut voluptas saepe qui nesciunt. Consequatur ab est necessitatibus laborum assumenda.',1,1,1,NULL,NULL,'2025-10-08 10:08:44','2025-10-08 10:08:44'),(16,155,73,9,'Khiếu nại về đơn hàng ORD-22858070','Et quam voluptatem voluptatibus tempora in architecto mollitia. Exercitationem rerum architecto et ratione ipsa aliquid. Repellat dolores praesentium ab sint sunt.',4,3,1,NULL,NULL,'2025-10-08 10:08:44','2025-10-08 10:08:44'),(17,162,76,11,'Khiếu nại về đơn hàng ORD-610273','Quo facilis cum praesentium error quisquam nisi voluptate. Tempora qui deleniti sunt perspiciatis. Officiis in facere omnis consequatur.',4,3,1,NULL,NULL,'2025-10-08 10:08:44','2025-10-08 10:08:44'),(18,175,81,8,'Khiếu nại về đơn hàng ORD-25416905','Velit fugiat aspernatur quod laborum. Vitae aut sit ratione voluptas delectus. Illum in incidunt nihil tempora. Laborum culpa laborum ad facilis.',3,3,1,NULL,NULL,'2025-10-08 10:08:44','2025-10-08 10:08:44'),(19,178,81,10,'Khiếu nại về đơn hàng ORD-63154460','Aut non quis ex ut deserunt blanditiis culpa dolores. Aut accusamus est ea quia rerum omnis ut. Ut totam laudantium amet aut est quibusdam. Est enim temporibus autem facilis et.',3,2,1,NULL,NULL,'2025-10-08 10:08:44','2025-10-08 10:08:44'),(20,192,85,10,'Khiếu nại về đơn hàng ORD-78066020','Ex ipsa qui occaecati. Nostrum ducimus hic nihil dolor. Quisquam ex tenetur ut velit. Ut non vel totam aut quia placeat accusantium.',3,2,1,NULL,NULL,'2025-10-08 10:08:44','2025-10-08 10:08:44'),(21,195,86,6,'Khiếu nại về đơn hàng ORD-69790164','Delectus ducimus harum expedita et consequatur id. Eum sit nisi rerum saepe aliquam earum nesciunt. Maiores ut et ad quis maxime impedit repellendus.',3,1,1,NULL,NULL,'2025-10-08 10:08:44','2025-10-08 10:08:44'),(22,216,92,3,'Khiếu nại về đơn hàng ORD-75218409','Nostrum dolores nostrum mollitia corporis. Eum ut earum delectus qui. Praesentium sunt quia voluptatem velit ut sint. Ullam rerum distinctio vel asperiores.',3,3,1,NULL,NULL,'2025-10-08 10:08:44','2025-10-08 10:08:44'),(23,219,93,10,'Khiếu nại về đơn hàng ORD-41946585','Rerum maxime quia repellendus animi nihil et rerum. Ullam adipisci voluptates veniam in est. Quia aut eius quos temporibus magni vero. Natus voluptatem nostrum eos aperiam sed eligendi quia quis. Distinctio dignissimos aut sint eligendi.',4,1,1,NULL,NULL,'2025-10-08 10:08:44','2025-10-08 10:08:44'),(24,226,95,6,'Khiếu nại về đơn hàng ORD-12408450','Sunt officiis qui hic ea omnis a qui. Unde eum voluptatem eos qui. Reprehenderit quasi occaecati et qui rerum nisi. Tempore expedita molestiae in nisi.',2,3,1,NULL,NULL,'2025-10-08 10:08:44','2025-10-08 10:08:44'),(25,230,97,2,'Khiếu nại về đơn hàng ORD-88230564','Qui rerum aut ut unde expedita et optio. Et itaque aut fugiat velit. Voluptatibus quidem est aut et labore amet.',3,1,1,NULL,NULL,'2025-10-08 10:08:44','2025-10-08 10:08:44'),(26,253,104,17,'Khiếu nại về đơn hàng ORD-24914733','Voluptas dolor placeat ut dolorem fuga. Reprehenderit accusamus sequi consequatur aspernatur. Quia doloribus qui sed adipisci. Facilis rem ducimus sint molestiae natus ex perspiciatis. Accusamus ipsa enim voluptatem sit.',3,2,1,NULL,NULL,'2025-10-08 10:08:44','2025-10-08 10:08:44'),(27,254,104,2,'Khiếu nại về đơn hàng ORD-75897367','Consectetur blanditiis non reprehenderit molestias consectetur sunt. Non nesciunt quidem ea eos repudiandae iste voluptate. Ipsa doloremque a fugiat autem rerum enim aut. Qui veniam dolorum iste culpa.',1,1,1,NULL,NULL,'2025-10-08 10:08:44','2025-10-08 10:08:44'),(28,258,105,19,'Khiếu nại về đơn hàng ORD-48108339','Doloremque laudantium ipsam vitae ab. Voluptatem neque sed dolorem a aut ut nesciunt. Voluptatum voluptatem ipsum nihil et sunt.',1,2,1,NULL,NULL,'2025-10-08 10:08:44','2025-10-08 10:08:44'),(29,270,109,15,'Khiếu nại về đơn hàng ORD-20866877','Libero reprehenderit recusandae sed id sapiente repudiandae. Sunt nemo assumenda sunt sapiente et. Dolorem vitae tempora quidem inventore vel consequatur quasi.',1,2,1,NULL,NULL,'2025-10-08 10:08:44','2025-10-08 10:08:44'),(30,282,113,16,'Khiếu nại về đơn hàng ORD-14448588','Molestias necessitatibus ab quia quo ut. Eos molestiae quae dolorum voluptatem perferendis vero accusamus. Maiores exercitationem natus maiores recusandae iure. Rerum enim sunt est ipsum omnis inventore.',3,3,1,NULL,NULL,'2025-10-08 10:08:44','2025-10-08 10:08:44');
/*!40000 ALTER TABLE `disputes` ENABLE KEYS */;
UNLOCK TABLES;

--
-- Table structure for table `failed_jobs`
--

DROP TABLE IF EXISTS `failed_jobs`;
/*!40101 SET @saved_cs_client     = @@character_set_client */;
/*!50503 SET character_set_client = utf8mb4 */;
CREATE TABLE `failed_jobs` (
  `id` bigint(20) unsigned NOT NULL AUTO_INCREMENT,
  `uuid` varchar(255) NOT NULL,
  `connection` text NOT NULL,
  `queue` text NOT NULL,
  `payload` longtext NOT NULL,
  `exception` longtext NOT NULL,
  `failed_at` timestamp NOT NULL DEFAULT current_timestamp(),
  PRIMARY KEY (`id`),
  UNIQUE KEY `failed_jobs_uuid_unique` (`uuid`)
) ENGINE=InnoDB DEFAULT CHARSET=utf8mb4 COLLATE=utf8mb4_unicode_ci;
/*!40101 SET character_set_client = @saved_cs_client */;

--
-- Dumping data for table `failed_jobs`
--

LOCK TABLES `failed_jobs` WRITE;
/*!40000 ALTER TABLE `failed_jobs` DISABLE KEYS */;
/*!40000 ALTER TABLE `failed_jobs` ENABLE KEYS */;
UNLOCK TABLES;

--
-- Table structure for table `hubs`
--

DROP TABLE IF EXISTS `hubs`;
/*!40101 SET @saved_cs_client     = @@character_set_client */;
/*!50503 SET character_set_client = utf8mb4 */;
CREATE TABLE `hubs` (
  `id` bigint(20) unsigned NOT NULL AUTO_INCREMENT,
  `name` varchar(255) NOT NULL,
  `address` text NOT NULL,
  `ward_id` bigint(20) unsigned DEFAULT NULL,
  `latitude` decimal(10,8) DEFAULT NULL,
  `longitude` decimal(11,8) DEFAULT NULL,
  `created_at` timestamp NULL DEFAULT NULL,
  `updated_at` timestamp NULL DEFAULT NULL,
  PRIMARY KEY (`id`),
  KEY `hubs_ward_id_foreign` (`ward_id`),
  CONSTRAINT `hubs_ward_id_foreign` FOREIGN KEY (`ward_id`) REFERENCES `administrative_divisions` (`id`)
) ENGINE=InnoDB DEFAULT CHARSET=utf8mb4 COLLATE=utf8mb4_unicode_ci;
/*!40101 SET character_set_client = @saved_cs_client */;

--
-- Dumping data for table `hubs`
--

LOCK TABLES `hubs` WRITE;
/*!40000 ALTER TABLE `hubs` DISABLE KEYS */;
/*!40000 ALTER TABLE `hubs` ENABLE KEYS */;
UNLOCK TABLES;

--
-- Table structure for table `job_batches`
--

DROP TABLE IF EXISTS `job_batches`;
/*!40101 SET @saved_cs_client     = @@character_set_client */;
/*!50503 SET character_set_client = utf8mb4 */;
CREATE TABLE `job_batches` (
  `id` varchar(255) NOT NULL,
  `name` varchar(255) NOT NULL,
  `total_jobs` int(11) NOT NULL,
  `pending_jobs` int(11) NOT NULL,
  `failed_jobs` int(11) NOT NULL,
  `failed_job_ids` longtext NOT NULL,
  `options` mediumtext DEFAULT NULL,
  `cancelled_at` int(11) DEFAULT NULL,
  `created_at` int(11) NOT NULL,
  `finished_at` int(11) DEFAULT NULL,
  PRIMARY KEY (`id`)
) ENGINE=InnoDB DEFAULT CHARSET=utf8mb4 COLLATE=utf8mb4_unicode_ci;
/*!40101 SET character_set_client = @saved_cs_client */;

--
-- Dumping data for table `job_batches`
--

LOCK TABLES `job_batches` WRITE;
/*!40000 ALTER TABLE `job_batches` DISABLE KEYS */;
/*!40000 ALTER TABLE `job_batches` ENABLE KEYS */;
UNLOCK TABLES;

--
-- Table structure for table `jobs`
--

DROP TABLE IF EXISTS `jobs`;
/*!40101 SET @saved_cs_client     = @@character_set_client */;
/*!50503 SET character_set_client = utf8mb4 */;
CREATE TABLE `jobs` (
  `id` bigint(20) unsigned NOT NULL AUTO_INCREMENT,
  `queue` varchar(255) NOT NULL,
  `payload` longtext NOT NULL,
  `attempts` tinyint(3) unsigned NOT NULL,
  `reserved_at` int(10) unsigned DEFAULT NULL,
  `available_at` int(10) unsigned NOT NULL,
  `created_at` int(10) unsigned NOT NULL,
  PRIMARY KEY (`id`),
  KEY `jobs_queue_index` (`queue`)
) ENGINE=InnoDB DEFAULT CHARSET=utf8mb4 COLLATE=utf8mb4_unicode_ci;
/*!40101 SET character_set_client = @saved_cs_client */;

--
-- Dumping data for table `jobs`
--

LOCK TABLES `jobs` WRITE;
/*!40000 ALTER TABLE `jobs` DISABLE KEYS */;
/*!40000 ALTER TABLE `jobs` ENABLE KEYS */;
UNLOCK TABLES;

--
-- Table structure for table `migrations`
--

DROP TABLE IF EXISTS `migrations`;
/*!40101 SET @saved_cs_client     = @@character_set_client */;
/*!50503 SET character_set_client = utf8mb4 */;
CREATE TABLE `migrations` (
  `id` int(10) unsigned NOT NULL AUTO_INCREMENT,
  `migration` varchar(255) NOT NULL,
  `batch` int(11) NOT NULL,
  PRIMARY KEY (`id`)
) ENGINE=InnoDB AUTO_INCREMENT=27 DEFAULT CHARSET=utf8mb4 COLLATE=utf8mb4_unicode_ci;
/*!40101 SET character_set_client = @saved_cs_client */;

--
-- Dumping data for table `migrations`
--

LOCK TABLES `migrations` WRITE;
/*!40000 ALTER TABLE `migrations` DISABLE KEYS */;
INSERT INTO `migrations` VALUES (1,'0001_01_01_000000_create_users_table',1),(2,'0001_01_01_000001_create_cache_table',1),(3,'0001_01_01_000002_create_jobs_table',1),(4,'2025_09_05_000003_create_base_user_and_rbac_tables',1),(5,'2025_09_05_113804_product_catalog_tables',1),(6,'2025_09_05_113854_create_product_variants_and_attributes_tables',1),(7,'2025_09_05_113915_create_order_and_cart_tables',1),(8,'2025_09_05_114543_create_promotions_tables',1),(9,'2025_09_05_114604_create_interaction_tables',1),(10,'2025_09_05_114644_create_chat_and_dispute_tables',1),(11,'2025_09_05_114705_create_operational_tables',1),(12,'2025_09_05_114733_create_user_activity_tables',1),(13,'2025_09_25_093540_create_returns_tables',1),(14,'2025_09_27_112651_add_currency_columns_to_orders_table',1),(15,'2025_09_28_093601_create_administrative_division_tables',1),(16,'2025_09_28_093638_refactor_user_addresses_table',1),(17,'2025_09_28_094552_create_shipper_and_logistics_tables',1),(18,'2025_09_28_095217_create_transactions_table',1),(19,'2025_09_30_050817_update_products_table_for_multilingual',1),(20,'2025_09_30_050852_update_categories_table_for_multilingual',1),(21,'2025_10_01_140841_make_first_last_name_nullable',1),(22,'2025_10_02_083017_add_provider_columns_to_users_table',1),(23,'2025_10_05_094941_create_analytics_reports_table',1),(24,'2025_10_05_094953_create_user_events_table',1),(25,'2025_10_05_162424_update_brands_description_to_text',1),(26,'2025_10_08_164546_update_orders_status_to_enum',1);
/*!40000 ALTER TABLE `migrations` ENABLE KEYS */;
UNLOCK TABLES;

--
-- Table structure for table `notifications`
--

DROP TABLE IF EXISTS `notifications`;
/*!40101 SET @saved_cs_client     = @@character_set_client */;
/*!50503 SET character_set_client = utf8mb4 */;
CREATE TABLE `notifications` (
  `notification_id` bigint(20) unsigned NOT NULL AUTO_INCREMENT,
  `user_id` bigint(20) unsigned NOT NULL,
  `title` varchar(200) NOT NULL,
  `content` text NOT NULL,
  `type` tinyint(4) NOT NULL COMMENT 'e.g., OrderUpdate, Promotion, System',
  `is_read` tinyint(1) NOT NULL DEFAULT 0,
  `notifiable_type` varchar(255) NOT NULL,
  `notifiable_id` bigint(20) unsigned NOT NULL,
  `action_url` varchar(500) DEFAULT NULL,
  `read_at` timestamp NULL DEFAULT NULL,
  `created_at` timestamp NULL DEFAULT NULL,
  `updated_at` timestamp NULL DEFAULT NULL,
  PRIMARY KEY (`notification_id`),
  KEY `notifications_user_id_foreign` (`user_id`),
  KEY `notifications_notifiable_type_notifiable_id_index` (`notifiable_type`,`notifiable_id`),
  CONSTRAINT `notifications_user_id_foreign` FOREIGN KEY (`user_id`) REFERENCES `users` (`id`) ON DELETE CASCADE
) ENGINE=InnoDB DEFAULT CHARSET=utf8mb4 COLLATE=utf8mb4_unicode_ci;
/*!40101 SET character_set_client = @saved_cs_client */;

--
-- Dumping data for table `notifications`
--

LOCK TABLES `notifications` WRITE;
/*!40000 ALTER TABLE `notifications` DISABLE KEYS */;
/*!40000 ALTER TABLE `notifications` ENABLE KEYS */;
UNLOCK TABLES;

--
-- Table structure for table `order_items`
--

DROP TABLE IF EXISTS `order_items`;
/*!40101 SET @saved_cs_client     = @@character_set_client */;
/*!50503 SET character_set_client = utf8mb4 */;
CREATE TABLE `order_items` (
  `order_item_id` bigint(20) unsigned NOT NULL AUTO_INCREMENT,
  `order_id` bigint(20) unsigned NOT NULL,
  `variant_id` bigint(20) unsigned NOT NULL,
  `quantity` int(11) NOT NULL,
  `unit_price` decimal(18,2) NOT NULL,
  `total_price` decimal(18,2) NOT NULL,
  `created_at` timestamp NULL DEFAULT NULL,
  `updated_at` timestamp NULL DEFAULT NULL,
  PRIMARY KEY (`order_item_id`),
  KEY `order_items_order_id_foreign` (`order_id`),
  KEY `order_items_variant_id_foreign` (`variant_id`),
  CONSTRAINT `order_items_order_id_foreign` FOREIGN KEY (`order_id`) REFERENCES `orders` (`order_id`) ON DELETE CASCADE,
  CONSTRAINT `order_items_variant_id_foreign` FOREIGN KEY (`variant_id`) REFERENCES `product_variants` (`variant_id`) ON DELETE CASCADE
) ENGINE=InnoDB AUTO_INCREMENT=684 DEFAULT CHARSET=utf8mb4 COLLATE=utf8mb4_unicode_ci;
/*!40101 SET character_set_client = @saved_cs_client */;

--
-- Dumping data for table `order_items`
--

LOCK TABLES `order_items` WRITE;
/*!40000 ALTER TABLE `order_items` DISABLE KEYS */;
INSERT INTO `order_items` VALUES (1,1,64,3,16518765.00,49556295.00,NULL,NULL),(2,1,42,1,27413056.00,27413056.00,NULL,NULL),(3,2,139,2,25819589.00,51639178.00,NULL,NULL),(4,2,92,2,25061802.00,50123604.00,NULL,NULL),(5,2,145,2,42633142.00,85266284.00,NULL,NULL),(6,3,28,3,34737116.00,104211348.00,NULL,NULL),(7,4,153,3,36043373.00,108130119.00,NULL,NULL),(8,4,29,1,7065434.00,7065434.00,NULL,NULL),(9,5,31,1,42442561.00,42442561.00,NULL,NULL),(10,5,121,3,14422061.00,43266183.00,NULL,NULL),(11,5,127,2,27541904.00,55083808.00,NULL,NULL),(12,6,117,1,18904215.00,18904215.00,NULL,NULL),(13,7,149,2,14219737.00,28439474.00,NULL,NULL),(14,8,18,1,33814365.00,33814365.00,NULL,NULL),(15,9,114,1,2842835.00,2842835.00,NULL,NULL),(16,9,1,1,4443169.00,4443169.00,NULL,NULL),(17,10,2,1,23836477.00,23836477.00,NULL,NULL),(18,10,19,2,16885729.00,33771458.00,NULL,NULL),(19,10,35,3,43533575.00,130600725.00,NULL,NULL),(20,11,153,1,36043373.00,36043373.00,NULL,NULL),(21,12,143,1,37263299.00,37263299.00,NULL,NULL),(22,12,77,1,3722384.00,3722384.00,NULL,NULL),(23,13,86,1,44225007.00,44225007.00,NULL,NULL),(24,13,46,3,22907138.00,68721414.00,NULL,NULL),(25,13,132,2,45295092.00,90590184.00,NULL,NULL),(26,14,73,1,39390524.00,39390524.00,NULL,NULL),(27,14,16,1,24995596.00,24995596.00,NULL,NULL),(28,15,97,1,14367812.00,14367812.00,NULL,NULL),(29,15,130,1,45949067.00,45949067.00,NULL,NULL),(30,15,88,3,44540874.00,133622622.00,NULL,NULL),(31,16,131,3,4478923.00,13436769.00,NULL,NULL),(32,17,121,2,14422061.00,28844122.00,NULL,NULL),(33,17,103,3,3175224.00,9525672.00,NULL,NULL),(34,18,127,3,27541904.00,82625712.00,NULL,NULL),(35,18,124,1,29213175.00,29213175.00,NULL,NULL),(36,18,42,1,27413056.00,27413056.00,NULL,NULL),(37,19,105,3,6925187.00,20775561.00,NULL,NULL),(38,20,4,2,11313905.00,22627810.00,NULL,NULL),(39,20,88,3,44540874.00,133622622.00,NULL,NULL),(40,21,42,2,27413056.00,54826112.00,NULL,NULL),(41,21,37,3,31639148.00,94917444.00,NULL,NULL),(42,22,12,2,48388914.00,96777828.00,NULL,NULL),(43,22,136,2,40148485.00,80296970.00,NULL,NULL),(44,22,62,1,45764227.00,45764227.00,NULL,NULL),(45,23,64,1,16518765.00,16518765.00,NULL,NULL),(46,24,4,2,11313905.00,22627810.00,NULL,NULL),(47,24,40,2,9731366.00,19462732.00,NULL,NULL),(48,25,69,2,46814344.00,93628688.00,NULL,NULL),(49,25,106,3,1121449.00,3364347.00,NULL,NULL),(50,25,20,2,37656105.00,75312210.00,NULL,NULL),(51,26,87,3,49561177.00,148683531.00,NULL,NULL),(52,26,101,1,9428914.00,9428914.00,NULL,NULL),(53,27,15,2,49944314.00,99888628.00,NULL,NULL),(54,27,2,2,23836477.00,47672954.00,NULL,NULL),(55,28,17,1,4429063.00,4429063.00,NULL,NULL),(56,28,152,1,40249850.00,40249850.00,NULL,NULL),(57,29,64,2,16518765.00,33037530.00,NULL,NULL),(58,29,16,2,24995596.00,49991192.00,NULL,NULL),(59,30,77,2,3722384.00,7444768.00,NULL,NULL),(60,31,98,3,29984017.00,89952051.00,NULL,NULL),(61,32,80,1,745134.00,745134.00,NULL,NULL),(62,32,148,2,44925447.00,89850894.00,NULL,NULL),(63,33,50,3,11138191.00,33414573.00,NULL,NULL),(64,33,85,1,1204672.00,1204672.00,NULL,NULL),(65,33,97,3,14367812.00,43103436.00,NULL,NULL),(66,34,83,2,24008477.00,48016954.00,NULL,NULL),(67,34,143,2,37263299.00,74526598.00,NULL,NULL),(68,34,71,2,9568880.00,19137760.00,NULL,NULL),(69,35,24,2,18964109.00,37928218.00,NULL,NULL),(70,35,117,3,18904215.00,56712645.00,NULL,NULL),(71,36,157,2,41624354.00,83248708.00,NULL,NULL),(72,37,17,1,4429063.00,4429063.00,NULL,NULL),(73,38,93,2,22460595.00,44921190.00,NULL,NULL),(74,38,42,1,27413056.00,27413056.00,NULL,NULL),(75,38,140,3,43072965.00,129218895.00,NULL,NULL),(76,39,21,1,14274985.00,14274985.00,NULL,NULL),(77,39,87,1,49561177.00,49561177.00,NULL,NULL),(78,39,78,2,39187087.00,78374174.00,NULL,NULL),(79,40,88,1,44540874.00,44540874.00,NULL,NULL),(80,40,82,1,28140503.00,28140503.00,NULL,NULL),(81,41,10,2,29524938.00,59049876.00,NULL,NULL),(82,41,92,2,25061802.00,50123604.00,NULL,NULL),(83,41,111,1,7440416.00,7440416.00,NULL,NULL),(84,42,52,2,1334360.00,2668720.00,NULL,NULL),(85,42,2,1,23836477.00,23836477.00,NULL,NULL),(86,42,15,1,49944314.00,49944314.00,NULL,NULL),(87,43,122,2,39948889.00,79897778.00,NULL,NULL),(88,43,51,3,36221619.00,108664857.00,NULL,NULL),(89,43,66,1,3436462.00,3436462.00,NULL,NULL),(90,43,157,1,41624354.00,41624354.00,NULL,NULL),(91,44,85,1,1204672.00,1204672.00,NULL,NULL),(92,44,104,3,12600088.00,37800264.00,NULL,NULL),(93,45,29,2,7065434.00,14130868.00,NULL,NULL),(94,45,152,1,40249850.00,40249850.00,NULL,NULL),(95,46,108,2,3752667.00,7505334.00,NULL,NULL),(96,47,89,3,11146231.00,33438693.00,NULL,NULL),(97,47,109,2,28931318.00,57862636.00,NULL,NULL),(98,47,56,2,28806778.00,57613556.00,NULL,NULL),(99,48,144,1,47143996.00,47143996.00,NULL,NULL),(100,48,9,1,7365454.00,7365454.00,NULL,NULL),(101,49,44,1,16165825.00,16165825.00,NULL,NULL),(102,49,62,2,45764227.00,91528454.00,NULL,NULL),(103,50,106,2,1121449.00,2242898.00,NULL,NULL),(104,50,144,2,47143996.00,94287992.00,NULL,NULL),(105,50,58,1,11012947.00,11012947.00,NULL,NULL),(106,51,124,2,29213175.00,58426350.00,NULL,NULL),(107,51,10,2,29524938.00,59049876.00,NULL,NULL),(108,52,58,1,11012947.00,11012947.00,NULL,NULL),(109,52,17,3,4429063.00,13287189.00,NULL,NULL),(110,53,108,1,3752667.00,3752667.00,NULL,NULL),(111,53,63,1,24428452.00,24428452.00,NULL,NULL),(112,54,129,3,38682382.00,116047146.00,NULL,NULL),(113,54,14,1,26385485.00,26385485.00,NULL,NULL),(114,55,141,1,8716103.00,8716103.00,NULL,NULL),(115,56,125,3,37628282.00,112884846.00,NULL,NULL),(116,56,151,3,16107825.00,48323475.00,NULL,NULL),(117,57,83,1,24008477.00,24008477.00,NULL,NULL),(118,57,119,3,43507770.00,130523310.00,NULL,NULL),(119,57,11,1,27477402.00,27477402.00,NULL,NULL),(120,58,84,3,30375061.00,91125183.00,NULL,NULL),(121,58,45,2,41517466.00,83034932.00,NULL,NULL),(122,59,19,3,16885729.00,50657187.00,NULL,NULL),(123,59,81,1,35600383.00,35600383.00,NULL,NULL),(124,60,90,3,4128272.00,12384816.00,NULL,NULL),(125,60,45,3,41517466.00,124552398.00,NULL,NULL),(126,61,15,2,49944314.00,99888628.00,NULL,NULL),(127,62,56,1,28806778.00,28806778.00,NULL,NULL),(128,62,93,2,22460595.00,44921190.00,NULL,NULL),(129,62,148,2,44925447.00,89850894.00,NULL,NULL),(130,63,124,2,29213175.00,58426350.00,NULL,NULL),(131,63,74,1,34371173.00,34371173.00,NULL,NULL),(132,63,67,2,11302246.00,22604492.00,NULL,NULL),(133,64,59,2,25069393.00,50138786.00,NULL,NULL),(134,64,128,1,27181230.00,27181230.00,NULL,NULL),(135,65,108,1,3752667.00,3752667.00,NULL,NULL),(136,65,113,3,23457344.00,70372032.00,NULL,NULL),(137,66,91,3,21406222.00,64218666.00,NULL,NULL),(138,67,139,3,25819589.00,77458767.00,NULL,NULL),(139,67,16,3,24995596.00,74986788.00,NULL,NULL),(140,67,152,3,40249850.00,120749550.00,NULL,NULL),(141,68,101,2,9428914.00,18857828.00,NULL,NULL),(142,68,94,2,19227473.00,38454946.00,NULL,NULL),(143,69,115,3,40183425.00,120550275.00,NULL,NULL),(144,69,24,2,18964109.00,37928218.00,NULL,NULL),(145,69,63,2,24428452.00,48856904.00,NULL,NULL),(146,70,140,3,43072965.00,129218895.00,NULL,NULL),(147,70,108,2,3752667.00,7505334.00,NULL,NULL),(148,71,1,2,4443169.00,8886338.00,NULL,NULL),(149,71,151,3,16107825.00,48323475.00,NULL,NULL),(150,71,24,2,18964109.00,37928218.00,NULL,NULL),(151,72,131,3,4478923.00,13436769.00,NULL,NULL),(152,72,47,1,8062664.00,8062664.00,NULL,NULL),(153,72,139,2,25819589.00,51639178.00,NULL,NULL),(154,73,120,3,15427118.00,46281354.00,NULL,NULL),(155,73,145,1,42633142.00,42633142.00,NULL,NULL),(156,73,41,2,49861516.00,99723032.00,NULL,NULL),(157,74,142,1,3413919.00,3413919.00,NULL,NULL),(158,74,156,3,47796580.00,143389740.00,NULL,NULL),(159,74,24,3,18964109.00,56892327.00,NULL,NULL),(160,75,65,2,47506337.00,95012674.00,NULL,NULL),(161,75,35,3,43533575.00,130600725.00,NULL,NULL),(162,75,151,2,16107825.00,32215650.00,NULL,NULL),(163,76,61,1,28734594.00,28734594.00,NULL,NULL),(164,77,25,1,48289214.00,48289214.00,NULL,NULL),(165,78,52,1,1334360.00,1334360.00,NULL,NULL),(166,78,145,1,42633142.00,42633142.00,NULL,NULL),(167,78,140,1,43072965.00,43072965.00,NULL,NULL),(168,79,86,1,44225007.00,44225007.00,NULL,NULL),(169,79,68,2,31870369.00,63740738.00,NULL,NULL),(170,80,13,1,6906551.00,6906551.00,NULL,NULL),(171,80,151,3,16107825.00,48323475.00,NULL,NULL),(172,80,154,2,19312307.00,38624614.00,NULL,NULL),(173,81,22,3,36177440.00,108532320.00,NULL,NULL),(174,81,12,2,48388914.00,96777828.00,NULL,NULL),(175,82,155,2,16031701.00,32063402.00,NULL,NULL),(176,82,153,2,36043373.00,72086746.00,NULL,NULL),(177,83,100,3,16958830.00,50876490.00,NULL,NULL),(178,83,97,3,14367812.00,43103436.00,NULL,NULL),(179,84,59,2,25069393.00,50138786.00,NULL,NULL),(180,84,110,1,16078984.00,16078984.00,NULL,NULL),(181,85,67,1,11302246.00,11302246.00,NULL,NULL),(182,85,115,3,40183425.00,120550275.00,NULL,NULL),(183,85,39,2,2491778.00,4983556.00,NULL,NULL),(184,85,15,1,49944314.00,49944314.00,NULL,NULL),(185,86,116,3,41377005.00,124131015.00,NULL,NULL),(186,86,29,1,7065434.00,7065434.00,NULL,NULL),(187,86,99,1,25686699.00,25686699.00,NULL,NULL),(188,86,71,2,9568880.00,19137760.00,NULL,NULL),(189,87,44,1,16165825.00,16165825.00,NULL,NULL),(190,87,13,3,6906551.00,20719653.00,NULL,NULL),(191,88,122,3,39948889.00,119846667.00,NULL,NULL),(192,88,158,3,3180674.00,9542022.00,NULL,NULL),(193,89,18,1,33814365.00,33814365.00,NULL,NULL),(194,89,98,2,29984017.00,59968034.00,NULL,NULL),(195,89,51,3,36221619.00,108664857.00,NULL,NULL),(196,90,86,2,44225007.00,88450014.00,NULL,NULL),(197,91,8,1,32429889.00,32429889.00,NULL,NULL),(198,91,60,3,46715226.00,140145678.00,NULL,NULL),(199,91,61,2,28734594.00,57469188.00,NULL,NULL),(200,92,61,2,28734594.00,57469188.00,NULL,NULL),(201,92,72,3,896960.00,2690880.00,NULL,NULL),(202,92,86,3,44225007.00,132675021.00,NULL,NULL),(203,92,16,1,24995596.00,24995596.00,NULL,NULL),(204,93,37,2,31639148.00,63278296.00,NULL,NULL),(205,94,153,3,36043373.00,108130119.00,NULL,NULL),(206,94,109,3,28931318.00,86793954.00,NULL,NULL),(207,95,110,2,16078984.00,32157968.00,NULL,NULL),(208,95,47,1,8062664.00,8062664.00,NULL,NULL),(209,96,110,3,16078984.00,48236952.00,NULL,NULL),(210,96,129,1,38682382.00,38682382.00,NULL,NULL),(211,97,3,3,42551453.00,127654359.00,NULL,NULL),(212,98,113,2,23457344.00,46914688.00,NULL,NULL),(213,98,123,2,26610414.00,53220828.00,NULL,NULL),(214,98,68,2,31870369.00,63740738.00,NULL,NULL),(215,99,92,1,25061802.00,25061802.00,NULL,NULL),(216,99,139,2,25819589.00,51639178.00,NULL,NULL),(217,99,65,3,47506337.00,142519011.00,NULL,NULL),(218,99,7,3,47175952.00,141527856.00,NULL,NULL),(219,100,13,2,6906551.00,13813102.00,NULL,NULL),(220,100,60,2,46715226.00,93430452.00,NULL,NULL),(221,101,16,2,24995596.00,49991192.00,NULL,NULL),(222,101,105,2,6925187.00,13850374.00,NULL,NULL),(223,102,102,1,49173306.00,49173306.00,NULL,NULL),(224,102,48,3,42080667.00,126242001.00,NULL,NULL),(225,103,129,2,38682382.00,77364764.00,NULL,NULL),(226,103,107,1,43030995.00,43030995.00,NULL,NULL),(227,104,24,3,18964109.00,56892327.00,NULL,NULL),(228,104,114,3,2842835.00,8528505.00,NULL,NULL),(229,104,57,1,30062118.00,30062118.00,NULL,NULL),(230,105,146,3,2615573.00,7846719.00,NULL,NULL),(231,105,84,3,30375061.00,91125183.00,NULL,NULL),(232,105,53,2,21198590.00,42397180.00,NULL,NULL),(233,106,142,2,3413919.00,6827838.00,NULL,NULL),(234,106,35,3,43533575.00,130600725.00,NULL,NULL),(235,106,104,3,12600088.00,37800264.00,NULL,NULL),(236,107,120,3,15427118.00,46281354.00,NULL,NULL),(237,107,146,2,2615573.00,5231146.00,NULL,NULL),(238,108,120,2,15427118.00,30854236.00,NULL,NULL),(239,108,64,3,16518765.00,49556295.00,NULL,NULL),(240,109,112,3,9352996.00,28058988.00,NULL,NULL),(241,110,92,3,25061802.00,75185406.00,NULL,NULL),(242,110,143,2,37263299.00,74526598.00,NULL,NULL),(243,110,80,2,745134.00,1490268.00,NULL,NULL),(244,111,55,2,12658389.00,25316778.00,NULL,NULL),(245,111,67,3,11302246.00,33906738.00,NULL,NULL),(246,112,154,1,19312307.00,19312307.00,NULL,NULL),(247,112,149,2,14219737.00,28439474.00,NULL,NULL),(248,112,95,2,4120718.00,8241436.00,NULL,NULL),(249,113,140,2,43072965.00,86145930.00,NULL,NULL),(250,113,54,3,34336242.00,103008726.00,NULL,NULL),(251,114,83,2,24008477.00,48016954.00,NULL,NULL),(252,114,115,2,40183425.00,80366850.00,NULL,NULL),(253,115,127,1,27541904.00,27541904.00,NULL,NULL),(254,115,143,1,37263299.00,37263299.00,NULL,NULL),(255,115,36,3,43028336.00,129085008.00,NULL,NULL),(256,115,57,2,30062118.00,60124236.00,NULL,NULL),(257,116,155,1,16031701.00,16031701.00,NULL,NULL),(258,116,30,1,27014339.00,27014339.00,NULL,NULL),(259,117,145,2,42633142.00,85266284.00,NULL,NULL),(260,118,22,3,36177440.00,108532320.00,NULL,NULL),(261,118,50,3,11138191.00,33414573.00,NULL,NULL),(262,118,96,2,30930819.00,61861638.00,NULL,NULL),(263,119,33,1,31921038.00,31921038.00,NULL,NULL),(264,119,43,1,47071570.00,47071570.00,NULL,NULL),(265,120,54,1,34336242.00,34336242.00,NULL,NULL),(266,121,81,2,35600383.00,71200766.00,NULL,NULL),(267,121,111,1,7440416.00,7440416.00,NULL,NULL),(268,121,103,3,3175224.00,9525672.00,NULL,NULL),(269,121,119,3,43507770.00,130523310.00,NULL,NULL),(270,122,119,1,43507770.00,43507770.00,NULL,NULL),(271,122,31,1,42442561.00,42442561.00,NULL,NULL),(272,123,60,2,46715226.00,93430452.00,NULL,NULL),(273,123,9,3,7365454.00,22096362.00,NULL,NULL),(274,124,28,3,34737116.00,104211348.00,NULL,NULL),(275,125,152,3,40249850.00,120749550.00,NULL,NULL),(276,125,152,1,40249850.00,40249850.00,NULL,NULL),(277,125,17,1,4429063.00,4429063.00,NULL,NULL),(278,126,22,3,36177440.00,108532320.00,NULL,NULL),(279,126,141,1,8716103.00,8716103.00,NULL,NULL),(280,126,83,1,24008477.00,24008477.00,NULL,NULL),(281,127,130,2,45949067.00,91898134.00,NULL,NULL),(282,127,59,2,25069393.00,50138786.00,NULL,NULL),(283,127,129,3,38682382.00,116047146.00,NULL,NULL),(284,128,70,1,40979595.00,40979595.00,NULL,NULL),(285,128,105,1,6925187.00,6925187.00,NULL,NULL),(286,128,44,2,16165825.00,32331650.00,NULL,NULL),(287,129,28,3,34737116.00,104211348.00,NULL,NULL),(288,129,43,2,47071570.00,94143140.00,NULL,NULL),(289,129,126,1,46798632.00,46798632.00,NULL,NULL),(290,130,55,1,12658389.00,12658389.00,NULL,NULL),(291,130,37,2,31639148.00,63278296.00,NULL,NULL),(292,130,26,1,3519210.00,3519210.00,NULL,NULL),(293,131,72,2,896960.00,1793920.00,NULL,NULL),(294,131,145,2,42633142.00,85266284.00,NULL,NULL),(295,131,102,3,49173306.00,147519918.00,NULL,NULL),(296,131,28,3,34737116.00,104211348.00,NULL,NULL),(297,132,53,2,21198590.00,42397180.00,NULL,NULL),(298,133,35,1,43533575.00,43533575.00,NULL,NULL),(299,134,78,3,39187087.00,117561261.00,NULL,NULL),(300,134,83,1,24008477.00,24008477.00,NULL,NULL),(301,135,140,2,43072965.00,86145930.00,NULL,NULL),(302,135,82,1,28140503.00,28140503.00,NULL,NULL),(303,135,117,1,18904215.00,18904215.00,NULL,NULL),(304,136,39,1,2491778.00,2491778.00,NULL,NULL),(305,136,99,1,25686699.00,25686699.00,NULL,NULL),(306,136,44,2,16165825.00,32331650.00,NULL,NULL),(307,136,45,2,41517466.00,83034932.00,NULL,NULL),(308,137,137,3,36098909.00,108296727.00,NULL,NULL),(309,137,52,3,1334360.00,4003080.00,NULL,NULL),(310,137,68,3,31870369.00,95611107.00,NULL,NULL),(311,138,95,3,4120718.00,12362154.00,NULL,NULL),(312,139,16,3,24995596.00,74986788.00,NULL,NULL),(313,139,89,3,11146231.00,33438693.00,NULL,NULL),(314,140,108,3,3752667.00,11258001.00,NULL,NULL),(315,140,107,2,43030995.00,86061990.00,NULL,NULL),(316,140,12,1,48388914.00,48388914.00,NULL,NULL),(317,141,134,2,30601288.00,61202576.00,NULL,NULL),(318,141,129,1,38682382.00,38682382.00,NULL,NULL),(319,141,144,3,47143996.00,141431988.00,NULL,NULL),(320,142,40,2,9731366.00,19462732.00,NULL,NULL),(321,142,151,2,16107825.00,32215650.00,NULL,NULL),(322,142,43,1,47071570.00,47071570.00,NULL,NULL),(323,143,127,1,27541904.00,27541904.00,NULL,NULL),(324,143,95,3,4120718.00,12362154.00,NULL,NULL),(325,144,58,3,11012947.00,33038841.00,NULL,NULL),(326,144,48,3,42080667.00,126242001.00,NULL,NULL),(327,145,50,1,11138191.00,11138191.00,NULL,NULL),(328,145,58,2,11012947.00,22025894.00,NULL,NULL),(329,145,20,1,37656105.00,37656105.00,NULL,NULL),(330,146,75,2,31847371.00,63694742.00,NULL,NULL),(331,146,134,1,30601288.00,30601288.00,NULL,NULL),(332,147,159,2,30087298.00,60174596.00,NULL,NULL),(333,147,121,1,14422061.00,14422061.00,NULL,NULL),(334,148,125,1,37628282.00,37628282.00,NULL,NULL),(335,148,78,3,39187087.00,117561261.00,NULL,NULL),(336,148,113,2,23457344.00,46914688.00,NULL,NULL),(337,149,130,2,45949067.00,91898134.00,NULL,NULL),(338,150,74,1,34371173.00,34371173.00,NULL,NULL),(339,150,35,2,43533575.00,87067150.00,NULL,NULL),(340,151,62,2,45764227.00,91528454.00,NULL,NULL),(341,151,95,1,4120718.00,4120718.00,NULL,NULL),(342,152,111,3,7440416.00,22321248.00,NULL,NULL),(343,152,31,1,42442561.00,42442561.00,NULL,NULL),(344,152,9,2,7365454.00,14730908.00,NULL,NULL),(345,153,58,2,11012947.00,22025894.00,NULL,NULL),(346,153,62,2,45764227.00,91528454.00,NULL,NULL),(347,153,68,1,31870369.00,31870369.00,NULL,NULL),(348,154,90,3,4128272.00,12384816.00,NULL,NULL),(349,155,84,3,30375061.00,91125183.00,NULL,NULL),(350,155,40,2,9731366.00,19462732.00,NULL,NULL),(351,155,94,3,19227473.00,57682419.00,NULL,NULL),(352,156,20,2,37656105.00,75312210.00,NULL,NULL),(353,156,127,3,27541904.00,82625712.00,NULL,NULL),(354,156,53,2,21198590.00,42397180.00,NULL,NULL),(355,156,48,2,42080667.00,84161334.00,NULL,NULL),(356,157,89,3,11146231.00,33438693.00,NULL,NULL),(357,157,117,1,18904215.00,18904215.00,NULL,NULL),(358,157,42,2,27413056.00,54826112.00,NULL,NULL),(359,158,104,2,12600088.00,25200176.00,NULL,NULL),(360,158,47,3,8062664.00,24187992.00,NULL,NULL),(361,158,99,3,25686699.00,77060097.00,NULL,NULL),(362,159,40,1,9731366.00,9731366.00,NULL,NULL),(363,159,6,2,30719648.00,61439296.00,NULL,NULL),(364,159,155,3,16031701.00,48095103.00,NULL,NULL),(365,160,82,2,28140503.00,56281006.00,NULL,NULL),(366,160,52,3,1334360.00,4003080.00,NULL,NULL),(367,160,90,1,4128272.00,4128272.00,NULL,NULL),(368,160,80,3,745134.00,2235402.00,NULL,NULL),(369,161,32,1,40041337.00,40041337.00,NULL,NULL),(370,161,96,2,30930819.00,61861638.00,NULL,NULL),(371,162,123,3,26610414.00,79831242.00,NULL,NULL),(372,162,106,2,1121449.00,2242898.00,NULL,NULL),(373,162,42,2,27413056.00,54826112.00,NULL,NULL),(374,163,36,1,43028336.00,43028336.00,NULL,NULL),(375,163,10,2,29524938.00,59049876.00,NULL,NULL),(376,163,152,1,40249850.00,40249850.00,NULL,NULL),(377,164,37,2,31639148.00,63278296.00,NULL,NULL),(378,164,139,3,25819589.00,77458767.00,NULL,NULL),(379,164,102,2,49173306.00,98346612.00,NULL,NULL),(380,165,52,2,1334360.00,2668720.00,NULL,NULL),(381,165,28,2,34737116.00,69474232.00,NULL,NULL),(382,165,10,2,29524938.00,59049876.00,NULL,NULL),(383,166,143,2,37263299.00,74526598.00,NULL,NULL),(384,167,48,1,42080667.00,42080667.00,NULL,NULL),(385,168,89,3,11146231.00,33438693.00,NULL,NULL),(386,169,28,1,34737116.00,34737116.00,NULL,NULL),(387,170,44,1,16165825.00,16165825.00,NULL,NULL),(388,170,19,3,16885729.00,50657187.00,NULL,NULL),(389,170,74,2,34371173.00,68742346.00,NULL,NULL),(390,170,129,1,38682382.00,38682382.00,NULL,NULL),(391,171,130,1,45949067.00,45949067.00,NULL,NULL),(392,171,119,3,43507770.00,130523310.00,NULL,NULL),(393,171,66,2,3436462.00,6872924.00,NULL,NULL),(394,172,82,3,28140503.00,84421509.00,NULL,NULL),(395,173,140,2,43072965.00,86145930.00,NULL,NULL),(396,173,114,3,2842835.00,8528505.00,NULL,NULL),(397,174,47,3,8062664.00,24187992.00,NULL,NULL),(398,174,10,1,29524938.00,29524938.00,NULL,NULL),(399,175,34,1,17769571.00,17769571.00,NULL,NULL),(400,175,93,1,22460595.00,22460595.00,NULL,NULL),(401,175,106,3,1121449.00,3364347.00,NULL,NULL),(402,176,91,1,21406222.00,21406222.00,NULL,NULL),(403,176,23,2,45921747.00,91843494.00,NULL,NULL),(404,177,35,2,43533575.00,87067150.00,NULL,NULL),(405,177,32,2,40041337.00,80082674.00,NULL,NULL),(406,178,126,3,46798632.00,140395896.00,NULL,NULL),(407,178,28,1,34737116.00,34737116.00,NULL,NULL),(408,178,76,3,7644213.00,22932639.00,NULL,NULL),(409,179,120,3,15427118.00,46281354.00,NULL,NULL),(410,179,108,2,3752667.00,7505334.00,NULL,NULL),(411,180,103,3,3175224.00,9525672.00,NULL,NULL),(412,181,7,1,47175952.00,47175952.00,NULL,NULL),(413,181,133,1,8057965.00,8057965.00,NULL,NULL),(414,182,30,1,27014339.00,27014339.00,NULL,NULL),(415,183,40,3,9731366.00,29194098.00,NULL,NULL),(416,184,141,1,8716103.00,8716103.00,NULL,NULL),(417,184,83,2,24008477.00,48016954.00,NULL,NULL),(418,185,63,3,24428452.00,73285356.00,NULL,NULL),(419,185,7,3,47175952.00,141527856.00,NULL,NULL),(420,185,55,3,12658389.00,37975167.00,NULL,NULL),(421,186,109,2,28931318.00,57862636.00,NULL,NULL),(422,186,73,3,39390524.00,118171572.00,NULL,NULL),(423,186,36,1,43028336.00,43028336.00,NULL,NULL),(424,186,70,3,40979595.00,122938785.00,NULL,NULL),(425,187,143,1,37263299.00,37263299.00,NULL,NULL),(426,188,57,2,30062118.00,60124236.00,NULL,NULL),(427,188,96,1,30930819.00,30930819.00,NULL,NULL),(428,188,118,3,23747893.00,71243679.00,NULL,NULL),(429,188,60,3,46715226.00,140145678.00,NULL,NULL),(430,189,42,1,27413056.00,27413056.00,NULL,NULL),(431,189,58,2,11012947.00,22025894.00,NULL,NULL),(432,190,113,1,23457344.00,23457344.00,NULL,NULL),(433,190,19,1,16885729.00,16885729.00,NULL,NULL),(434,190,54,1,34336242.00,34336242.00,NULL,NULL),(435,191,38,2,24011586.00,48023172.00,NULL,NULL),(436,191,39,2,2491778.00,4983556.00,NULL,NULL),(437,192,109,3,28931318.00,86793954.00,NULL,NULL),(438,192,28,3,34737116.00,104211348.00,NULL,NULL),(439,192,104,2,12600088.00,25200176.00,NULL,NULL),(440,193,5,3,38305612.00,114916836.00,NULL,NULL),(441,194,4,2,11313905.00,22627810.00,NULL,NULL),(442,194,28,3,34737116.00,104211348.00,NULL,NULL),(443,195,119,2,43507770.00,87015540.00,NULL,NULL),(444,195,76,1,7644213.00,7644213.00,NULL,NULL),(445,196,56,1,28806778.00,28806778.00,NULL,NULL),(446,196,125,3,37628282.00,112884846.00,NULL,NULL),(447,197,128,2,27181230.00,54362460.00,NULL,NULL),(448,198,153,2,36043373.00,72086746.00,NULL,NULL),(449,198,91,3,21406222.00,64218666.00,NULL,NULL),(450,199,156,3,47796580.00,143389740.00,NULL,NULL),(451,199,23,1,45921747.00,45921747.00,NULL,NULL),(452,200,27,2,42059155.00,84118310.00,NULL,NULL),(453,200,129,3,38682382.00,116047146.00,NULL,NULL),(454,201,12,3,48388914.00,145166742.00,NULL,NULL),(455,202,13,2,6906551.00,13813102.00,NULL,NULL),(456,202,45,2,41517466.00,83034932.00,NULL,NULL),(457,203,116,3,41377005.00,124131015.00,NULL,NULL),(458,203,82,3,28140503.00,84421509.00,NULL,NULL),(459,204,44,2,16165825.00,32331650.00,NULL,NULL),(460,204,4,3,11313905.00,33941715.00,NULL,NULL),(461,204,159,1,30087298.00,30087298.00,NULL,NULL),(462,205,102,1,49173306.00,49173306.00,NULL,NULL),(463,205,150,3,38097521.00,114292563.00,NULL,NULL),(464,205,104,1,12600088.00,12600088.00,NULL,NULL),(465,206,50,1,11138191.00,11138191.00,NULL,NULL),(466,206,28,3,34737116.00,104211348.00,NULL,NULL),(467,207,114,1,2842835.00,2842835.00,NULL,NULL),(468,207,80,2,745134.00,1490268.00,NULL,NULL),(469,208,126,3,46798632.00,140395896.00,NULL,NULL),(470,208,79,1,5193751.00,5193751.00,NULL,NULL),(471,209,93,1,22460595.00,22460595.00,NULL,NULL),(472,209,69,1,46814344.00,46814344.00,NULL,NULL),(473,209,69,1,46814344.00,46814344.00,NULL,NULL),(474,210,150,2,38097521.00,76195042.00,NULL,NULL),(475,210,36,2,43028336.00,86056672.00,NULL,NULL),(476,210,74,3,34371173.00,103113519.00,NULL,NULL),(477,211,10,3,29524938.00,88574814.00,NULL,NULL),(478,211,84,3,30375061.00,91125183.00,NULL,NULL),(479,211,14,3,26385485.00,79156455.00,NULL,NULL),(480,212,43,1,47071570.00,47071570.00,NULL,NULL),(481,212,57,3,30062118.00,90186354.00,NULL,NULL),(482,213,51,2,36221619.00,72443238.00,NULL,NULL),(483,213,114,2,2842835.00,5685670.00,NULL,NULL),(484,213,59,3,25069393.00,75208179.00,NULL,NULL),(485,214,59,3,25069393.00,75208179.00,NULL,NULL),(486,214,2,2,23836477.00,47672954.00,NULL,NULL),(487,214,114,1,2842835.00,2842835.00,NULL,NULL),(488,215,2,3,23836477.00,71509431.00,NULL,NULL),(489,216,8,3,32429889.00,97289667.00,NULL,NULL),(490,216,32,1,40041337.00,40041337.00,NULL,NULL),(491,217,146,3,2615573.00,7846719.00,NULL,NULL),(492,217,27,3,42059155.00,126177465.00,NULL,NULL),(493,218,151,2,16107825.00,32215650.00,NULL,NULL),(494,218,26,2,3519210.00,7038420.00,NULL,NULL),(495,219,102,1,49173306.00,49173306.00,NULL,NULL),(496,220,94,1,19227473.00,19227473.00,NULL,NULL),(497,220,49,2,12235518.00,24471036.00,NULL,NULL),(498,220,128,2,27181230.00,54362460.00,NULL,NULL),(499,221,112,3,9352996.00,28058988.00,NULL,NULL),(500,221,9,3,7365454.00,22096362.00,NULL,NULL),(501,221,39,2,2491778.00,4983556.00,NULL,NULL),(502,222,130,1,45949067.00,45949067.00,NULL,NULL),(503,223,94,2,19227473.00,38454946.00,NULL,NULL),(504,224,119,1,43507770.00,43507770.00,NULL,NULL),(505,224,78,3,39187087.00,117561261.00,NULL,NULL),(506,225,130,2,45949067.00,91898134.00,NULL,NULL),(507,225,4,2,11313905.00,22627810.00,NULL,NULL),(508,225,132,2,45295092.00,90590184.00,NULL,NULL),(509,226,3,2,42551453.00,85102906.00,NULL,NULL),(510,227,134,2,30601288.00,61202576.00,NULL,NULL),(511,227,11,2,27477402.00,54954804.00,NULL,NULL),(512,227,142,3,3413919.00,10241757.00,NULL,NULL),(513,228,106,1,1121449.00,1121449.00,NULL,NULL),(514,228,8,3,32429889.00,97289667.00,NULL,NULL),(515,228,113,2,23457344.00,46914688.00,NULL,NULL),(516,228,91,1,21406222.00,21406222.00,NULL,NULL),(517,229,86,2,44225007.00,88450014.00,NULL,NULL),(518,229,81,3,35600383.00,106801149.00,NULL,NULL),(519,229,93,1,22460595.00,22460595.00,NULL,NULL),(520,230,67,2,11302246.00,22604492.00,NULL,NULL),(521,230,135,3,30324623.00,90973869.00,NULL,NULL),(522,230,147,1,30762485.00,30762485.00,NULL,NULL),(523,231,38,2,24011586.00,48023172.00,NULL,NULL),(524,231,110,2,16078984.00,32157968.00,NULL,NULL),(525,231,158,3,3180674.00,9542022.00,NULL,NULL),(526,232,127,1,27541904.00,27541904.00,NULL,NULL),(527,232,91,3,21406222.00,64218666.00,NULL,NULL),(528,233,21,3,14274985.00,42824955.00,NULL,NULL),(529,233,27,2,42059155.00,84118310.00,NULL,NULL),(530,234,99,3,25686699.00,77060097.00,NULL,NULL),(531,235,22,3,36177440.00,108532320.00,NULL,NULL),(532,236,48,2,42080667.00,84161334.00,NULL,NULL),(533,237,111,1,7440416.00,7440416.00,NULL,NULL),(534,238,24,1,18964109.00,18964109.00,NULL,NULL),(535,238,144,2,47143996.00,94287992.00,NULL,NULL),(536,238,60,2,46715226.00,93430452.00,NULL,NULL),(537,239,83,2,24008477.00,48016954.00,NULL,NULL),(538,239,19,1,16885729.00,16885729.00,NULL,NULL),(539,239,122,2,39948889.00,79897778.00,NULL,NULL),(540,239,23,1,45921747.00,45921747.00,NULL,NULL),(541,240,78,3,39187087.00,117561261.00,NULL,NULL),(542,240,55,1,12658389.00,12658389.00,NULL,NULL),(543,241,59,3,25069393.00,75208179.00,NULL,NULL),(544,241,31,2,42442561.00,84885122.00,NULL,NULL),(545,242,116,3,41377005.00,124131015.00,NULL,NULL),(546,242,87,2,49561177.00,99122354.00,NULL,NULL),(547,243,88,3,44540874.00,133622622.00,NULL,NULL),(548,243,46,2,22907138.00,45814276.00,NULL,NULL),(549,243,123,1,26610414.00,26610414.00,NULL,NULL),(550,244,77,1,3722384.00,3722384.00,NULL,NULL),(551,244,76,3,7644213.00,22932639.00,NULL,NULL),(552,245,140,2,43072965.00,86145930.00,NULL,NULL),(553,245,84,1,30375061.00,30375061.00,NULL,NULL),(554,245,107,3,43030995.00,129092985.00,NULL,NULL),(555,246,7,1,47175952.00,47175952.00,NULL,NULL),(556,246,19,2,16885729.00,33771458.00,NULL,NULL),(557,247,47,1,8062664.00,8062664.00,NULL,NULL),(558,247,56,2,28806778.00,57613556.00,NULL,NULL),(559,247,94,2,19227473.00,38454946.00,NULL,NULL),(560,248,121,3,14422061.00,43266183.00,NULL,NULL),(561,249,54,3,34336242.00,103008726.00,NULL,NULL),(562,249,52,3,1334360.00,4003080.00,NULL,NULL),(563,249,7,3,47175952.00,141527856.00,NULL,NULL),(564,249,56,3,28806778.00,86420334.00,NULL,NULL),(565,250,158,3,3180674.00,9542022.00,NULL,NULL),(566,250,138,3,27216335.00,81649005.00,NULL,NULL),(567,251,77,2,3722384.00,7444768.00,NULL,NULL),(568,251,153,2,36043373.00,72086746.00,NULL,NULL),(569,252,151,1,16107825.00,16107825.00,NULL,NULL),(570,252,102,2,49173306.00,98346612.00,NULL,NULL),(571,253,90,3,4128272.00,12384816.00,NULL,NULL),(572,254,57,2,30062118.00,60124236.00,NULL,NULL),(573,255,88,2,44540874.00,89081748.00,NULL,NULL),(574,255,40,2,9731366.00,19462732.00,NULL,NULL),(575,255,19,3,16885729.00,50657187.00,NULL,NULL),(576,255,96,1,30930819.00,30930819.00,NULL,NULL),(577,256,5,3,38305612.00,114916836.00,NULL,NULL),(578,257,96,2,30930819.00,61861638.00,NULL,NULL),(579,257,19,1,16885729.00,16885729.00,NULL,NULL),(580,258,81,1,35600383.00,35600383.00,NULL,NULL),(581,258,29,1,7065434.00,7065434.00,NULL,NULL),(582,258,86,1,44225007.00,44225007.00,NULL,NULL),(583,259,22,1,36177440.00,36177440.00,NULL,NULL),(584,259,34,2,17769571.00,35539142.00,NULL,NULL),(585,259,131,1,4478923.00,4478923.00,NULL,NULL),(586,260,138,3,27216335.00,81649005.00,NULL,NULL),(587,260,132,1,45295092.00,45295092.00,NULL,NULL),(588,260,22,2,36177440.00,72354880.00,NULL,NULL),(589,261,115,1,40183425.00,40183425.00,NULL,NULL),(590,261,22,3,36177440.00,108532320.00,NULL,NULL),(591,261,27,3,42059155.00,126177465.00,NULL,NULL),(592,262,1,2,4443169.00,8886338.00,NULL,NULL),(593,263,136,3,40148485.00,120445455.00,NULL,NULL),(594,263,121,1,14422061.00,14422061.00,NULL,NULL),(595,263,44,3,16165825.00,48497475.00,NULL,NULL),(596,263,14,2,26385485.00,52770970.00,NULL,NULL),(597,264,95,2,4120718.00,8241436.00,NULL,NULL),(598,264,42,3,27413056.00,82239168.00,NULL,NULL),(599,265,43,3,47071570.00,141214710.00,NULL,NULL),(600,265,93,3,22460595.00,67381785.00,NULL,NULL),(601,265,19,1,16885729.00,16885729.00,NULL,NULL),(602,265,48,3,42080667.00,126242001.00,NULL,NULL),(603,266,118,1,23747893.00,23747893.00,NULL,NULL),(604,266,58,2,11012947.00,22025894.00,NULL,NULL),(605,267,89,3,11146231.00,33438693.00,NULL,NULL),(606,267,84,1,30375061.00,30375061.00,NULL,NULL),(607,268,9,3,7365454.00,22096362.00,NULL,NULL),(608,268,142,2,3413919.00,6827838.00,NULL,NULL),(609,268,113,3,23457344.00,70372032.00,NULL,NULL),(610,269,37,2,31639148.00,63278296.00,NULL,NULL),(611,270,135,3,30324623.00,90973869.00,NULL,NULL),(612,270,131,3,4478923.00,13436769.00,NULL,NULL),(613,270,38,3,24011586.00,72034758.00,NULL,NULL),(614,271,110,2,16078984.00,32157968.00,NULL,NULL),(615,271,156,2,47796580.00,95593160.00,NULL,NULL),(616,271,41,2,49861516.00,99723032.00,NULL,NULL),(617,272,12,3,48388914.00,145166742.00,NULL,NULL),(618,272,109,3,28931318.00,86793954.00,NULL,NULL),(619,272,73,1,39390524.00,39390524.00,NULL,NULL),(620,272,147,2,30762485.00,61524970.00,NULL,NULL),(621,273,15,3,49944314.00,149832942.00,NULL,NULL),(622,273,114,3,2842835.00,8528505.00,NULL,NULL),(623,274,60,2,46715226.00,93430452.00,NULL,NULL),(624,274,60,1,46715226.00,46715226.00,NULL,NULL),(625,274,66,3,3436462.00,10309386.00,NULL,NULL),(626,274,120,3,15427118.00,46281354.00,NULL,NULL),(627,275,85,3,1204672.00,3614016.00,NULL,NULL),(628,275,130,2,45949067.00,91898134.00,NULL,NULL),(629,276,41,3,49861516.00,149584548.00,NULL,NULL),(630,276,112,3,9352996.00,28058988.00,NULL,NULL),(631,276,146,3,2615573.00,7846719.00,NULL,NULL),(632,277,21,1,14274985.00,14274985.00,NULL,NULL),(633,277,137,3,36098909.00,108296727.00,NULL,NULL),(634,277,56,2,28806778.00,57613556.00,NULL,NULL),(635,278,125,3,37628282.00,112884846.00,NULL,NULL),(636,278,156,2,47796580.00,95593160.00,NULL,NULL),(637,278,98,2,29984017.00,59968034.00,NULL,NULL),(638,279,19,3,16885729.00,50657187.00,NULL,NULL),(639,279,85,1,1204672.00,1204672.00,NULL,NULL),(640,280,146,1,2615573.00,2615573.00,NULL,NULL),(641,280,64,1,16518765.00,16518765.00,NULL,NULL),(642,281,96,3,30930819.00,92792457.00,NULL,NULL),(643,281,127,2,27541904.00,55083808.00,NULL,NULL),(644,282,73,3,39390524.00,118171572.00,NULL,NULL),(645,282,20,1,37656105.00,37656105.00,NULL,NULL),(646,283,134,3,30601288.00,91803864.00,NULL,NULL),(647,283,86,1,44225007.00,44225007.00,NULL,NULL),(648,284,53,1,21198590.00,21198590.00,NULL,NULL),(649,284,110,2,16078984.00,32157968.00,NULL,NULL),(650,285,63,3,24428452.00,73285356.00,NULL,NULL),(651,286,145,2,42633142.00,85266284.00,NULL,NULL),(652,286,48,3,42080667.00,126242001.00,NULL,NULL),(653,287,82,3,28140503.00,84421509.00,NULL,NULL),(654,288,63,1,24428452.00,24428452.00,NULL,NULL),(655,288,110,2,16078984.00,32157968.00,NULL,NULL),(656,288,2,3,23836477.00,71509431.00,NULL,NULL),(657,289,42,1,27413056.00,27413056.00,NULL,NULL),(658,290,116,1,41377005.00,41377005.00,NULL,NULL),(659,290,69,3,46814344.00,140443032.00,NULL,NULL),(660,290,120,2,15427118.00,30854236.00,NULL,NULL),(661,291,148,2,44925447.00,89850894.00,NULL,NULL),(662,292,111,3,7440416.00,22321248.00,NULL,NULL),(663,292,82,3,28140503.00,84421509.00,NULL,NULL),(664,293,57,2,30062118.00,60124236.00,NULL,NULL),(665,293,64,1,16518765.00,16518765.00,NULL,NULL),(666,294,22,1,36177440.00,36177440.00,NULL,NULL),(667,294,49,3,12235518.00,36706554.00,NULL,NULL),(668,294,103,3,3175224.00,9525672.00,NULL,NULL),(669,295,120,2,15427118.00,30854236.00,NULL,NULL),(670,295,97,2,14367812.00,28735624.00,NULL,NULL),(671,295,14,2,26385485.00,52770970.00,NULL,NULL),(672,296,47,2,8062664.00,16125328.00,NULL,NULL),(673,296,132,3,45295092.00,135885276.00,NULL,NULL),(674,296,136,1,40148485.00,40148485.00,NULL,NULL),(675,296,132,3,45295092.00,135885276.00,NULL,NULL),(676,297,122,2,39948889.00,79897778.00,NULL,NULL),(677,297,106,1,1121449.00,1121449.00,NULL,NULL),(678,298,114,3,2842835.00,8528505.00,NULL,NULL),(679,298,88,1,44540874.00,44540874.00,NULL,NULL),(680,299,31,3,42442561.00,127327683.00,NULL,NULL),(681,300,67,3,11302246.00,33906738.00,NULL,NULL),(682,301,1,2,4443169.00,8886338.00,NULL,NULL),(683,301,7,1,47175952.00,47175952.00,NULL,NULL);
/*!40000 ALTER TABLE `order_items` ENABLE KEYS */;
UNLOCK TABLES;

--
-- Table structure for table `order_promotion`
--

DROP TABLE IF EXISTS `order_promotion`;
/*!40101 SET @saved_cs_client     = @@character_set_client */;
/*!50503 SET character_set_client = utf8mb4 */;
CREATE TABLE `order_promotion` (
  `order_id` bigint(20) unsigned NOT NULL,
  `promotion_id` bigint(20) unsigned NOT NULL,
  `discount_applied` decimal(18,2) NOT NULL,
  PRIMARY KEY (`order_id`,`promotion_id`),
  KEY `order_promotion_promotion_id_foreign` (`promotion_id`),
  CONSTRAINT `order_promotion_order_id_foreign` FOREIGN KEY (`order_id`) REFERENCES `orders` (`order_id`) ON DELETE CASCADE,
  CONSTRAINT `order_promotion_promotion_id_foreign` FOREIGN KEY (`promotion_id`) REFERENCES `promotions` (`promotion_id`) ON DELETE CASCADE
) ENGINE=InnoDB DEFAULT CHARSET=utf8mb4 COLLATE=utf8mb4_unicode_ci;
/*!40101 SET character_set_client = @saved_cs_client */;

--
-- Dumping data for table `order_promotion`
--

LOCK TABLES `order_promotion` WRITE;
/*!40000 ALTER TABLE `order_promotion` DISABLE KEYS */;
INSERT INTO `order_promotion` VALUES (1,4,107257.00),(21,2,45.65),(32,10,153210.00),(58,2,59.13),(61,2,82.77),(69,10,153210.00),(83,13,153.85),(84,13,605.59),(108,13,567.93),(118,13,196.80),(132,13,292.05),(156,4,107257.00),(174,10,153210.00),(200,4,107257.00),(201,10,153210.00),(202,13,307.26),(223,2,39.32),(228,4,107257.00),(254,2,70.99),(271,2,43.18),(284,13,554.34);
/*!40000 ALTER TABLE `order_promotion` ENABLE KEYS */;
UNLOCK TABLES;

--
-- Table structure for table `orders`
--

DROP TABLE IF EXISTS `orders`;
/*!40101 SET @saved_cs_client     = @@character_set_client */;
/*!50503 SET character_set_client = utf8mb4 */;
CREATE TABLE `orders` (
  `order_id` bigint(20) unsigned NOT NULL AUTO_INCREMENT,
  `customer_id` bigint(20) unsigned NOT NULL,
  `order_number` varchar(50) NOT NULL,
  `sub_total` decimal(18,2) NOT NULL,
  `shipping_fee` decimal(18,2) NOT NULL DEFAULT 0.00,
  `discount_amount` decimal(18,2) NOT NULL DEFAULT 0.00,
  `total_amount` decimal(18,2) NOT NULL,
  `status` enum('pending_confirmation','processing','pending_assignment','assigned_to_shipper','delivering','delivered','completed','cancelled','returned') NOT NULL DEFAULT 'pending_confirmation' COMMENT 'Order status using ENUM values',
  `currency` varchar(3) NOT NULL DEFAULT 'VND' COMMENT 'Mã tiền tệ của đơn hàng (VND, USD, etc.)',
  `exchange_rate` decimal(12,6) NOT NULL DEFAULT 1.000000 COMMENT 'Tỉ giá so với đơn vị tiền tệ cơ sở tại thời điểm đặt hàng',
  `total_amount_base` decimal(18,2) DEFAULT NULL COMMENT 'Tổng giá trị đơn hàng đã quy đổi về đơn vị tiền tệ cơ sở (e.g., USD)',
  `payment_method` tinyint(4) NOT NULL COMMENT 'e.g., 1:COD, 2:Bank Transfer, 3:Online Gateway',
  `payment_status` tinyint(4) NOT NULL COMMENT 'e.g., 0:Unpaid, 1:Paid, 2:Failed',
  `payment_transaction_id` varchar(500) DEFAULT NULL,
  `shipping_address_id` bigint(20) unsigned DEFAULT NULL,
  `notes` text DEFAULT NULL,
  `shipped_at` timestamp NULL DEFAULT NULL,
  `delivered_at` timestamp NULL DEFAULT NULL,
  `created_at` timestamp NULL DEFAULT NULL,
  `updated_at` timestamp NULL DEFAULT NULL,
  `deleted_at` timestamp NULL DEFAULT NULL,
  `shipper_id` bigint(20) unsigned DEFAULT NULL,
  PRIMARY KEY (`order_id`),
  UNIQUE KEY `orders_order_number_unique` (`order_number`),
  KEY `orders_customer_id_foreign` (`customer_id`),
  KEY `orders_shipping_address_id_foreign` (`shipping_address_id`),
  KEY `orders_shipper_id_foreign` (`shipper_id`),
  CONSTRAINT `orders_customer_id_foreign` FOREIGN KEY (`customer_id`) REFERENCES `users` (`id`),
  CONSTRAINT `orders_shipper_id_foreign` FOREIGN KEY (`shipper_id`) REFERENCES `users` (`id`),
  CONSTRAINT `orders_shipping_address_id_foreign` FOREIGN KEY (`shipping_address_id`) REFERENCES `user_addresses` (`id`) ON DELETE SET NULL
) ENGINE=InnoDB AUTO_INCREMENT=302 DEFAULT CHARSET=utf8mb4 COLLATE=utf8mb4_unicode_ci;
/*!40101 SET character_set_client = @saved_cs_client */;

--
-- Dumping data for table `orders`
--

LOCK TABLES `orders` WRITE;
/*!40000 ALTER TABLE `orders` DISABLE KEYS */;
INSERT INTO `orders` VALUES (1,22,'ORD-47514974',719.22,33.53,107257.00,-106504.25,'processing','USD',1.000000,752.75,3,2,NULL,1,'Aut aspernatur ullam iusto sed doloribus officia aspernatur voluptas.',NULL,NULL,'2025-10-08 10:08:40','2025-10-08 10:08:43',NULL,NULL),(2,22,'ORD-47797656',1965.78,6.31,0.00,1972.09,'delivered','USD',1.000000,1972.09,3,2,NULL,1,'Magni dolores quo vel ab vel esse neque omnis.',NULL,NULL,'2025-10-08 10:08:40','2025-10-08 10:08:40',NULL,NULL),(3,22,'ORD-1795505',1184.07,12.27,0.00,1196.34,'delivering','USD',1.000000,1196.34,2,1,NULL,1,'Aut in sequi exercitationem ullam et.',NULL,NULL,'2025-10-08 10:08:40','2025-10-08 10:08:40',NULL,NULL),(4,22,'ORD-59314626',312.75,33.21,0.00,345.96,'cancelled','USD',1.000000,345.96,2,2,NULL,1,'Eum voluptatibus tempore quis ut.',NULL,NULL,'2025-10-08 10:08:40','2025-10-08 10:08:40',NULL,NULL),(5,22,'ORD-28197830',420.44,8.46,0.00,428.90,'pending_confirmation','USD',1.000000,428.90,3,2,NULL,1,'Nisi accusamus voluptas qui non ab repudiandae eum.',NULL,NULL,'2025-10-08 10:08:40','2025-10-08 10:08:40',NULL,NULL),(6,23,'ORD-17088817',1536.95,21.10,0.00,1558.05,'pending_assignment','USD',1.000000,1558.05,3,2,NULL,2,'Distinctio veritatis culpa qui esse temporibus odio officia rerum.',NULL,NULL,'2025-10-08 10:08:40','2025-10-08 10:08:40',NULL,NULL),(7,23,'ORD-72881015',965.14,19.11,0.00,984.25,'completed','USD',1.000000,984.25,3,2,NULL,2,'Quidem tempore velit rerum aut blanditiis.',NULL,NULL,'2025-10-08 10:08:40','2025-10-08 10:08:40',NULL,NULL),(8,23,'ORD-87602774',976.69,21.54,0.00,998.23,'pending_assignment','USD',1.000000,998.23,1,1,NULL,2,'Est amet omnis ut minus et ipsa dolores.',NULL,NULL,'2025-10-08 10:08:40','2025-10-08 10:08:40',NULL,NULL),(9,23,'ORD-26429770',1095.09,39.08,0.00,1134.17,'pending_assignment','USD',1.000000,1134.17,1,2,NULL,2,'Sed eos aut porro autem corporis tempore.',NULL,NULL,'2025-10-08 10:08:40','2025-10-08 10:08:40',NULL,NULL),(10,23,'ORD-15298909',992.41,46.06,0.00,1038.47,'delivering','USD',1.000000,1038.47,2,2,NULL,2,'Et aut commodi neque.',NULL,NULL,'2025-10-08 10:08:40','2025-10-08 10:08:40',NULL,NULL),(11,24,'ORD-23340539',1950.53,13.50,0.00,1964.03,'delivered','USD',1.000000,1964.03,2,2,NULL,3,'Qui ad aliquid dolor animi numquam nisi debitis reiciendis.',NULL,NULL,'2025-10-08 10:08:40','2025-10-08 10:08:40',NULL,NULL),(12,25,'ORD-63163645',787.54,26.01,0.00,813.55,'returned','USD',1.000000,813.55,3,2,NULL,4,'Facere repudiandae reiciendis maiores suscipit voluptatibus.',NULL,NULL,'2025-10-08 10:08:40','2025-10-08 10:08:40',NULL,NULL),(13,25,'ORD-20935264',939.98,21.08,0.00,961.06,'delivering','USD',1.000000,961.06,2,2,NULL,4,'Quos ea quia totam id voluptate sed eos eos.',NULL,NULL,'2025-10-08 10:08:40','2025-10-08 10:08:40',NULL,NULL),(14,25,'ORD-37045767',671.25,35.61,0.00,706.86,'completed','USD',1.000000,706.86,1,1,NULL,4,'Dolore similique dolores enim consequatur nihil.',NULL,NULL,'2025-10-08 10:08:40','2025-10-08 10:08:40',NULL,NULL),(15,25,'ORD-92882828',426.32,43.81,0.00,470.13,'delivered','USD',1.000000,470.13,1,1,NULL,4,'Omnis quae perferendis voluptatem illum voluptas.',NULL,NULL,'2025-10-08 10:08:40','2025-10-08 10:08:40',NULL,NULL),(16,26,'ORD-82842033',1346.99,48.88,0.00,1395.87,'delivering','USD',1.000000,1395.87,1,2,NULL,5,'Voluptates error nisi officia et.',NULL,NULL,'2025-10-08 10:08:40','2025-10-08 10:08:40',NULL,NULL),(17,26,'ORD-18031472',1921.49,28.17,0.00,1949.66,'completed','USD',1.000000,1949.66,3,1,NULL,5,'Modi consequatur perferendis praesentium possimus at minus.',NULL,NULL,'2025-10-08 10:08:40','2025-10-08 10:08:40',NULL,NULL),(18,26,'ORD-81299266',1494.80,49.84,0.00,1544.64,'cancelled','USD',1.000000,1544.64,3,2,NULL,5,'Dolores sed ut molestiae est officiis ad.',NULL,NULL,'2025-10-08 10:08:40','2025-10-08 10:08:40',NULL,NULL),(19,27,'ORD-33508961',1693.44,10.71,0.00,1704.15,'pending_assignment','USD',1.000000,1704.15,1,1,NULL,6,'Aspernatur facere est quae quasi.',NULL,NULL,'2025-10-08 10:08:40','2025-10-08 10:08:40',NULL,NULL),(20,27,'ORD-31196035',733.85,10.02,0.00,743.87,'processing','USD',1.000000,743.87,3,2,NULL,6,'Exercitationem vel atque distinctio autem quia vero.',NULL,NULL,'2025-10-08 10:08:40','2025-10-08 10:08:40',NULL,NULL),(21,27,'ORD-58253428',913.09,32.86,45.65,900.30,'processing','USD',1.000000,945.95,3,1,NULL,6,'Ut ratione amet natus dolor iste deleniti sapiente.',NULL,NULL,'2025-10-08 10:08:40','2025-10-08 10:08:43',NULL,NULL),(22,28,'ORD-67712783',445.35,44.89,0.00,490.24,'delivering','USD',1.000000,490.24,3,1,NULL,7,'Est consectetur aut ratione dolores nisi.',NULL,NULL,'2025-10-08 10:08:40','2025-10-08 10:08:40',NULL,NULL),(23,28,'ORD-58552034',1300.62,9.41,0.00,1310.03,'pending_confirmation','USD',1.000000,1310.03,2,2,NULL,7,'Sunt beatae fuga distinctio dolores sed.',NULL,NULL,'2025-10-08 10:08:40','2025-10-08 10:08:40',NULL,NULL),(24,29,'ORD-74303860',1690.44,14.55,0.00,1704.99,'pending_assignment','USD',1.000000,1704.99,2,2,NULL,8,'Qui possimus consectetur ex accusantium.',NULL,NULL,'2025-10-08 10:08:40','2025-10-08 10:08:40',NULL,NULL),(25,30,'ORD-3453548',382.50,26.78,0.00,409.28,'returned','USD',1.000000,409.28,3,2,NULL,9,'Sit nam voluptatem ipsa labore soluta.',NULL,NULL,'2025-10-08 10:08:40','2025-10-08 10:08:40',NULL,NULL),(26,30,'ORD-80836276',728.83,12.92,0.00,741.75,'delivering','USD',1.000000,741.75,3,2,NULL,9,'Qui similique minus aliquam.',NULL,NULL,'2025-10-08 10:08:40','2025-10-08 10:08:40',NULL,NULL),(27,30,'ORD-39052701',1084.57,46.40,0.00,1130.97,'returned','USD',1.000000,1130.97,1,1,NULL,9,'Doloribus aut et dolorem ab.',NULL,NULL,'2025-10-08 10:08:40','2025-10-08 10:08:40',NULL,NULL),(28,30,'ORD-37836625',824.51,49.25,0.00,873.76,'processing','USD',1.000000,873.76,3,2,NULL,9,'Praesentium aliquam inventore alias rem quas consequatur.',NULL,NULL,'2025-10-08 10:08:40','2025-10-08 10:08:40',NULL,NULL),(29,31,'ORD-49506527',1293.63,11.52,0.00,1305.15,'delivering','USD',1.000000,1305.15,2,1,NULL,10,'Voluptas molestias amet officia.',NULL,NULL,'2025-10-08 10:08:40','2025-10-08 10:08:40',NULL,NULL),(30,31,'ORD-45740424',467.68,32.79,0.00,500.47,'pending_assignment','USD',1.000000,500.47,3,2,NULL,10,'Qui doloribus accusamus quo eos delectus laboriosam.',NULL,NULL,'2025-10-08 10:08:40','2025-10-08 10:08:40',NULL,NULL),(31,31,'ORD-10333805',162.00,11.72,0.00,173.72,'delivered','USD',1.000000,173.72,1,2,NULL,10,'Et sit fugit qui deleniti sed.',NULL,NULL,'2025-10-08 10:08:40','2025-10-08 10:08:40',NULL,NULL),(32,32,'ORD-33341902',648.48,45.68,153210.00,-152515.84,'assigned_to_shipper','USD',1.000000,694.16,1,2,NULL,11,'Et illo non officiis eligendi necessitatibus.',NULL,NULL,'2025-10-08 10:08:40','2025-10-08 10:08:43',NULL,NULL),(33,33,'ORD-16555329',1719.83,38.67,0.00,1758.50,'delivered','USD',1.000000,1758.50,3,2,NULL,12,'Est et earum velit neque nihil repudiandae.',NULL,NULL,'2025-10-08 10:08:40','2025-10-08 10:08:40',NULL,NULL),(34,33,'ORD-75810314',912.86,12.37,0.00,925.23,'pending_assignment','USD',1.000000,925.23,3,1,NULL,12,'Explicabo impedit voluptatem cumque aut et aperiam harum.',NULL,NULL,'2025-10-08 10:08:40','2025-10-08 10:08:40',NULL,NULL),(35,33,'ORD-77564091',1845.79,47.33,0.00,1893.12,'assigned_to_shipper','USD',1.000000,1893.12,1,2,NULL,12,'Facere aut et dicta sit.',NULL,NULL,'2025-10-08 10:08:40','2025-10-08 10:08:40',NULL,NULL),(36,33,'ORD-17666870',665.27,20.32,0.00,685.59,'delivering','USD',1.000000,685.59,1,2,NULL,12,'Qui repellat sit hic non unde.',NULL,NULL,'2025-10-08 10:08:40','2025-10-08 10:08:40',NULL,NULL),(37,34,'ORD-72756613',1885.48,49.86,0.00,1935.34,'processing','USD',1.000000,1935.34,3,1,NULL,13,'Quos eaque corrupti repudiandae harum porro qui est.',NULL,NULL,'2025-10-08 10:08:40','2025-10-08 10:08:40',NULL,NULL),(38,35,'ORD-2623228',737.02,7.24,0.00,744.26,'completed','USD',1.000000,744.26,2,1,NULL,14,'Aut et consequatur est quam quam porro minima.',NULL,NULL,'2025-10-08 10:08:41','2025-10-08 10:08:41',NULL,NULL),(39,35,'ORD-28422061',646.67,48.50,0.00,695.17,'cancelled','USD',1.000000,695.17,1,1,NULL,14,'Unde reiciendis est sequi non laboriosam.',NULL,NULL,'2025-10-08 10:08:41','2025-10-08 10:08:41',NULL,NULL),(40,35,'ORD-8185477',1646.27,28.45,0.00,1674.72,'pending_assignment','USD',1.000000,1674.72,1,1,NULL,14,'Quaerat et voluptates nam sapiente deleniti.',NULL,NULL,'2025-10-08 10:08:41','2025-10-08 10:08:41',NULL,NULL),(41,36,'ORD-78213845',300.62,18.19,0.00,318.81,'processing','USD',1.000000,318.81,2,2,NULL,15,'Aut iusto cum et ipsam temporibus beatae dolorum.',NULL,NULL,'2025-10-08 10:08:41','2025-10-08 10:08:41',NULL,NULL),(42,36,'ORD-40133320',1319.89,22.00,0.00,1341.89,'pending_confirmation','USD',1.000000,1341.89,1,2,NULL,15,'Non repellendus voluptatum numquam delectus in aut alias.',NULL,NULL,'2025-10-08 10:08:41','2025-10-08 10:08:41',NULL,NULL),(43,37,'ORD-59850993',902.76,15.08,0.00,917.84,'completed','USD',1.000000,917.84,1,2,NULL,16,'Nihil tempore aut reprehenderit et sequi et quasi.',NULL,NULL,'2025-10-08 10:08:41','2025-10-08 10:08:41',NULL,NULL),(44,37,'ORD-79536395',575.38,25.67,0.00,601.05,'assigned_to_shipper','USD',1.000000,601.05,1,2,NULL,16,'Maiores ad molestiae qui.',NULL,NULL,'2025-10-08 10:08:41','2025-10-08 10:08:41',NULL,NULL),(45,38,'ORD-8793728',1824.92,29.66,0.00,1854.58,'pending_assignment','USD',1.000000,1854.58,3,2,NULL,17,'Necessitatibus tempora non earum.',NULL,NULL,'2025-10-08 10:08:41','2025-10-08 10:08:41',NULL,NULL),(46,38,'ORD-59322440',1239.73,41.25,0.00,1280.98,'assigned_to_shipper','USD',1.000000,1280.98,3,1,NULL,17,'Tenetur vel eius mollitia repellendus non facere.',NULL,NULL,'2025-10-08 10:08:41','2025-10-08 10:08:41',NULL,NULL),(47,39,'ORD-65415155',355.26,14.62,0.00,369.88,'pending_assignment','USD',1.000000,369.88,3,1,NULL,18,'Omnis et saepe aperiam animi.',NULL,NULL,'2025-10-08 10:08:41','2025-10-08 10:08:41',NULL,NULL),(48,40,'ORD-81586982',798.54,41.23,0.00,839.77,'delivered','USD',1.000000,839.77,1,2,NULL,19,'Ad et tenetur qui vero.',NULL,NULL,'2025-10-08 10:08:41','2025-10-08 10:08:41',NULL,NULL),(49,40,'ORD-37357365',1854.98,31.83,0.00,1886.81,'completed','USD',1.000000,1886.81,1,2,NULL,19,'Voluptatibus nobis odio quia vitae ipsum sit.',NULL,NULL,'2025-10-08 10:08:41','2025-10-08 10:08:41',NULL,NULL),(50,40,'ORD-31522402',718.00,30.83,0.00,748.83,'delivering','USD',1.000000,748.83,2,2,NULL,19,'Nostrum ea et et voluptates maxime deserunt.',NULL,NULL,'2025-10-08 10:08:41','2025-10-08 10:08:41',NULL,NULL),(51,40,'ORD-34809919',1740.07,24.70,0.00,1764.77,'returned','USD',1.000000,1764.77,2,1,NULL,19,'Expedita beatae porro sit sed suscipit dolor quidem.',NULL,NULL,'2025-10-08 10:08:41','2025-10-08 10:08:41',NULL,NULL),(52,41,'ORD-83145778',1498.17,9.98,0.00,1508.15,'pending_assignment','USD',1.000000,1508.15,2,2,NULL,20,'Sit explicabo occaecati cum ducimus provident quia.',NULL,NULL,'2025-10-08 10:08:41','2025-10-08 10:08:41',NULL,NULL),(53,41,'ORD-51354434',1349.42,8.86,0.00,1358.28,'processing','USD',1.000000,1358.28,1,1,NULL,20,'Cumque ipsam nulla quae magni in esse.',NULL,NULL,'2025-10-08 10:08:41','2025-10-08 10:08:41',NULL,NULL),(54,41,'ORD-83060200',1837.88,13.97,0.00,1851.85,'returned','USD',1.000000,1851.85,2,1,NULL,20,'Ut voluptate debitis rerum eos.',NULL,NULL,'2025-10-08 10:08:41','2025-10-08 10:08:41',NULL,NULL),(55,41,'ORD-60754591',1835.42,49.33,0.00,1884.75,'delivering','USD',1.000000,1884.75,2,1,NULL,20,'Sunt ut est voluptatibus et hic.',NULL,NULL,'2025-10-08 10:08:41','2025-10-08 10:08:41',NULL,NULL),(56,41,'ORD-83198715',359.08,46.31,0.00,405.39,'returned','USD',1.000000,405.39,1,1,NULL,20,'Aut nostrum sunt corrupti voluptas nulla ullam molestiae.',NULL,NULL,'2025-10-08 10:08:41','2025-10-08 10:08:41',NULL,NULL),(57,42,'ORD-12213331',1730.93,8.27,0.00,1739.20,'cancelled','USD',1.000000,1739.20,2,2,NULL,21,'Dolor quae distinctio et pariatur qui veniam.',NULL,NULL,'2025-10-08 10:08:41','2025-10-08 10:08:41',NULL,NULL),(58,42,'ORD-34779011',1182.57,8.75,59.13,1132.19,'assigned_to_shipper','USD',1.000000,1191.32,1,2,NULL,21,'Debitis porro beatae officiis quibusdam.',NULL,NULL,'2025-10-08 10:08:41','2025-10-08 10:08:43',NULL,NULL),(59,42,'ORD-52946994',399.88,24.50,0.00,424.38,'completed','USD',1.000000,424.38,1,1,NULL,21,'Porro consequatur aspernatur nam.',NULL,NULL,'2025-10-08 10:08:41','2025-10-08 10:08:41',NULL,NULL),(60,43,'ORD-10364949',141.19,37.96,0.00,179.15,'assigned_to_shipper','USD',1.000000,179.15,2,2,NULL,22,'Vel consequatur ut iste aut.',NULL,NULL,'2025-10-08 10:08:41','2025-10-08 10:08:41',NULL,NULL),(61,43,'ORD-57671515',1655.38,16.85,82.77,1589.46,'pending_confirmation','USD',1.000000,1672.23,1,1,NULL,22,'Pariatur mollitia et necessitatibus.',NULL,NULL,'2025-10-08 10:08:41','2025-10-08 10:08:43',NULL,NULL),(62,43,'ORD-10904201',441.32,13.36,0.00,454.68,'delivering','USD',1.000000,454.68,2,2,NULL,22,'Aspernatur facere dolores id sunt et quibusdam qui quo.',NULL,NULL,'2025-10-08 10:08:41','2025-10-08 10:08:41',NULL,NULL),(63,43,'ORD-58136848',1987.84,32.64,0.00,2020.48,'pending_assignment','USD',1.000000,2020.48,1,1,NULL,22,'Pariatur amet ipsa expedita consequatur.',NULL,NULL,'2025-10-08 10:08:41','2025-10-08 10:08:41',NULL,NULL),(64,43,'ORD-61616439',1413.79,31.99,0.00,1445.78,'cancelled','USD',1.000000,1445.78,2,1,NULL,22,'Dolorem numquam modi numquam.',NULL,NULL,'2025-10-08 10:08:41','2025-10-08 10:08:41',NULL,NULL),(65,44,'ORD-4552732',1490.62,40.50,0.00,1531.12,'cancelled','USD',1.000000,1531.12,3,1,NULL,23,'Architecto delectus dicta laudantium.',NULL,NULL,'2025-10-08 10:08:41','2025-10-08 10:08:41',NULL,NULL),(66,44,'ORD-91651030',250.29,5.95,0.00,256.24,'pending_assignment','USD',1.000000,256.24,1,1,NULL,23,'Autem aut labore nemo cupiditate laudantium id ea.',NULL,NULL,'2025-10-08 10:08:41','2025-10-08 10:08:41',NULL,NULL),(67,44,'ORD-32561898',509.23,26.19,0.00,535.42,'processing','USD',1.000000,535.42,3,2,NULL,23,'Non quia dolores aliquid ut.',NULL,NULL,'2025-10-08 10:08:41','2025-10-08 10:08:41',NULL,NULL),(68,44,'ORD-81045889',534.31,34.59,0.00,568.90,'pending_confirmation','USD',1.000000,568.90,1,2,NULL,23,'Impedit qui qui ipsam dicta aut rem voluptatem officia.',NULL,NULL,'2025-10-08 10:08:41','2025-10-08 10:08:41',NULL,NULL),(69,45,'ORD-89488868',470.31,29.07,153210.00,-152710.62,'pending_assignment','USD',1.000000,499.38,2,1,NULL,24,'Explicabo quas blanditiis deserunt libero accusantium consequatur voluptatem.',NULL,NULL,'2025-10-08 10:08:41','2025-10-08 10:08:43',NULL,NULL),(70,45,'ORD-86956726',347.54,31.72,0.00,379.26,'pending_assignment','USD',1.000000,379.26,3,1,NULL,24,'Qui consectetur est rem id.',NULL,NULL,'2025-10-08 10:08:41','2025-10-08 10:08:41',NULL,NULL),(71,45,'ORD-94824507',921.50,32.38,0.00,953.88,'delivered','USD',1.000000,953.88,1,1,NULL,24,'Qui hic dolorem aperiam consequatur.',NULL,NULL,'2025-10-08 10:08:41','2025-10-08 10:08:41',NULL,NULL),(72,46,'ORD-68290875',960.55,40.84,0.00,1001.39,'pending_confirmation','USD',1.000000,1001.39,2,2,NULL,25,'Laborum quos ea est et eum tempore.',NULL,NULL,'2025-10-08 10:08:41','2025-10-08 10:08:41',NULL,NULL),(73,46,'ORD-33572528',951.57,47.51,0.00,999.08,'pending_assignment','USD',1.000000,999.08,2,1,NULL,25,'Et dolorem sint consequatur sed repellat et.',NULL,NULL,'2025-10-08 10:08:41','2025-10-08 10:08:41',NULL,NULL),(74,47,'ORD-72703944',825.88,17.84,0.00,843.72,'delivered','USD',1.000000,843.72,3,1,NULL,26,'Eum ad est quidem quis.',NULL,NULL,'2025-10-08 10:08:41','2025-10-08 10:08:41',NULL,NULL),(75,48,'ORD-39735875',931.78,41.40,0.00,973.18,'cancelled','USD',1.000000,973.18,2,1,NULL,27,'Omnis optio aspernatur odit dicta quod.',NULL,NULL,'2025-10-08 10:08:41','2025-10-08 10:08:41',NULL,NULL),(76,49,'ORD-13443409',1378.05,10.60,0.00,1388.65,'returned','USD',1.000000,1388.65,3,2,NULL,28,'Consequatur minus consectetur reprehenderit quaerat.',NULL,NULL,'2025-10-08 10:08:41','2025-10-08 10:08:41',NULL,NULL),(77,49,'ORD-47383684',199.67,49.25,0.00,248.92,'delivered','USD',1.000000,248.92,3,1,NULL,28,'Et molestiae excepturi sunt earum culpa minima.',NULL,NULL,'2025-10-08 10:08:41','2025-10-08 10:08:41',NULL,NULL),(78,49,'ORD-94435364',130.02,19.50,0.00,149.52,'pending_confirmation','USD',1.000000,149.52,3,1,NULL,28,'Ipsum dolor praesentium dolorum expedita fugit quo delectus porro.',NULL,NULL,'2025-10-08 10:08:41','2025-10-08 10:08:41',NULL,NULL),(79,50,'ORD-64822869',996.52,37.73,0.00,1034.25,'assigned_to_shipper','USD',1.000000,1034.25,2,2,NULL,29,'Quae ut nam atque occaecati recusandae sit reprehenderit sit.',NULL,NULL,'2025-10-08 10:08:41','2025-10-08 10:08:41',NULL,NULL),(80,50,'ORD-53213961',614.85,7.07,0.00,621.92,'delivering','USD',1.000000,621.92,1,1,NULL,29,'Mollitia tempore veritatis at hic.',NULL,NULL,'2025-10-08 10:08:41','2025-10-08 10:08:41',NULL,NULL),(81,51,'ORD-7144785',225.70,33.07,0.00,258.77,'assigned_to_shipper','USD',1.000000,258.77,1,1,NULL,30,'Recusandae nihil quis ab nihil.',NULL,NULL,'2025-10-08 10:08:41','2025-10-08 10:08:41',NULL,NULL),(82,52,'ORD-5621454',1964.50,48.67,0.00,2013.17,'delivered','USD',1.000000,2013.17,1,1,NULL,31,'Non a distinctio ea blanditiis earum dolorem voluptatem.',NULL,NULL,'2025-10-08 10:08:41','2025-10-08 10:08:41',NULL,NULL),(83,52,'ORD-72770',320.53,42.99,153.85,209.67,'cancelled','USD',1.000000,363.52,2,2,NULL,31,'Libero nobis architecto ut consectetur asperiores facere ea.',NULL,NULL,'2025-10-08 10:08:41','2025-10-08 10:08:43',NULL,NULL),(84,52,'ORD-45239656',1261.65,33.02,605.59,689.08,'pending_assignment','USD',1.000000,1294.67,1,2,NULL,31,'Veniam ab nihil eius commodi animi.',NULL,NULL,'2025-10-08 10:08:41','2025-10-08 10:08:43',NULL,NULL),(85,52,'ORD-41484380',726.72,16.48,0.00,743.20,'returned','USD',1.000000,743.20,3,1,NULL,31,'Consequatur et numquam eaque velit sapiente quasi.',NULL,NULL,'2025-10-08 10:08:41','2025-10-08 10:08:41',NULL,NULL),(86,53,'ORD-91101086',882.46,19.94,0.00,902.40,'delivering','USD',1.000000,902.40,1,1,NULL,32,'Aut facere vel voluptatibus beatae fugiat odio.',NULL,NULL,'2025-10-08 10:08:41','2025-10-08 10:08:41',NULL,NULL),(87,53,'ORD-24847694',995.20,12.04,0.00,1007.24,'completed','USD',1.000000,1007.24,3,2,NULL,32,'Ipsam praesentium incidunt ipsum natus a molestias et.',NULL,NULL,'2025-10-08 10:08:41','2025-10-08 10:08:41',NULL,NULL),(88,53,'ORD-95732374',354.83,46.09,0.00,400.92,'assigned_to_shipper','USD',1.000000,400.92,3,2,NULL,32,'Ut aut est consectetur voluptate et quod nam.',NULL,NULL,'2025-10-08 10:08:41','2025-10-08 10:08:41',NULL,NULL),(89,53,'ORD-51812186',1635.37,46.69,0.00,1682.06,'returned','USD',1.000000,1682.06,1,1,NULL,32,'Pariatur numquam sit nihil et officia debitis aut sit.',NULL,NULL,'2025-10-08 10:08:41','2025-10-08 10:08:41',NULL,NULL),(90,54,'ORD-92625339',1047.89,42.52,0.00,1090.41,'delivering','USD',1.000000,1090.41,2,2,NULL,33,'Ea delectus voluptatum atque eum consectetur maxime.',NULL,NULL,'2025-10-08 10:08:41','2025-10-08 10:08:41',NULL,NULL),(91,54,'ORD-44680692',1289.63,13.52,0.00,1303.15,'cancelled','USD',1.000000,1303.15,3,2,NULL,33,'Repellat illo aut minima aut est iure.',NULL,NULL,'2025-10-08 10:08:41','2025-10-08 10:08:41',NULL,NULL),(92,54,'ORD-71094892',1229.48,27.38,0.00,1256.86,'delivering','USD',1.000000,1256.86,1,1,NULL,33,'Voluptatem non aut autem aspernatur molestiae quod.',NULL,NULL,'2025-10-08 10:08:41','2025-10-08 10:08:41',NULL,NULL),(93,54,'ORD-32908812',1542.42,38.72,0.00,1581.14,'assigned_to_shipper','USD',1.000000,1581.14,3,1,NULL,33,'Architecto qui aut et et quis blanditiis.',NULL,NULL,'2025-10-08 10:08:41','2025-10-08 10:08:41',NULL,NULL),(94,55,'ORD-19803516',1120.53,21.51,0.00,1142.04,'returned','USD',1.000000,1142.04,1,1,NULL,34,'Sed iure nobis qui odio dolores ut.',NULL,NULL,'2025-10-08 10:08:41','2025-10-08 10:08:41',NULL,NULL),(95,55,'ORD-77380608',782.37,15.85,0.00,798.22,'pending_assignment','USD',1.000000,798.22,3,2,NULL,34,'Ipsa qui corporis perspiciatis quidem et quibusdam occaecati.',NULL,NULL,'2025-10-08 10:08:41','2025-10-08 10:08:41',NULL,NULL),(96,55,'ORD-11584635',255.39,22.19,0.00,277.58,'processing','USD',1.000000,277.58,3,1,NULL,34,'Expedita ab voluptatem quis voluptates quia modi dolore.',NULL,NULL,'2025-10-08 10:08:41','2025-10-08 10:08:41',NULL,NULL),(97,56,'ORD-13508153',1153.96,48.81,0.00,1202.77,'pending_assignment','USD',1.000000,1202.77,1,2,NULL,35,'Velit omnis placeat sed consequatur earum.',NULL,NULL,'2025-10-08 10:08:41','2025-10-08 10:08:41',NULL,NULL),(98,56,'ORD-46101659',1345.51,29.43,0.00,1374.94,'pending_assignment','USD',1.000000,1374.94,1,2,NULL,35,'Rerum dolorum aspernatur natus soluta repellat.',NULL,NULL,'2025-10-08 10:08:41','2025-10-08 10:08:41',NULL,NULL),(99,56,'ORD-16897584',1188.63,27.05,0.00,1215.68,'returned','USD',1.000000,1215.68,1,2,NULL,35,'Illo maiores et consequuntur iste.',NULL,NULL,'2025-10-08 10:08:41','2025-10-08 10:08:41',NULL,NULL),(100,57,'ORD-24665502',516.22,10.44,0.00,526.66,'pending_assignment','USD',1.000000,526.66,1,1,NULL,36,'Voluptas illum cum voluptas ut et vel et.',NULL,NULL,'2025-10-08 10:08:41','2025-10-08 10:08:41',NULL,NULL),(101,57,'ORD-26126877',299.82,48.04,0.00,347.86,'pending_assignment','USD',1.000000,347.86,3,1,NULL,36,'Velit beatae omnis at omnis.',NULL,NULL,'2025-10-08 10:08:41','2025-10-08 10:08:41',NULL,NULL),(102,57,'ORD-87585172',592.90,11.24,0.00,604.14,'returned','USD',1.000000,604.14,2,1,NULL,36,'Natus qui sunt omnis cumque atque rerum rem sed.',NULL,NULL,'2025-10-08 10:08:41','2025-10-08 10:08:41',NULL,NULL),(103,57,'ORD-15779646',1171.63,39.88,0.00,1211.51,'delivered','USD',1.000000,1211.51,3,2,NULL,36,'Sit voluptates perspiciatis exercitationem id temporibus laboriosam voluptatem.',NULL,NULL,'2025-10-08 10:08:41','2025-10-08 10:08:41',NULL,NULL),(104,58,'ORD-19656759',414.19,15.90,0.00,430.09,'pending_confirmation','USD',1.000000,430.09,3,2,NULL,37,'Sint doloribus dicta suscipit deleniti iste.',NULL,NULL,'2025-10-08 10:08:41','2025-10-08 10:08:41',NULL,NULL),(105,58,'ORD-9128502',1531.48,21.99,0.00,1553.47,'returned','USD',1.000000,1553.47,1,2,NULL,37,'Itaque ipsum omnis inventore error voluptas qui.',NULL,NULL,'2025-10-08 10:08:41','2025-10-08 10:08:41',NULL,NULL),(106,58,'ORD-18495974',1818.98,48.74,0.00,1867.72,'assigned_to_shipper','USD',1.000000,1867.72,1,1,NULL,37,'Ea asperiores qui est.',NULL,NULL,'2025-10-08 10:08:41','2025-10-08 10:08:41',NULL,NULL),(107,58,'ORD-78781799',1159.10,42.47,0.00,1201.57,'assigned_to_shipper','USD',1.000000,1201.57,2,2,NULL,37,'Eum nihil sit quo illum.',NULL,NULL,'2025-10-08 10:08:41','2025-10-08 10:08:41',NULL,NULL),(108,58,'ORD-44470033',1183.18,11.30,567.93,626.55,'delivering','USD',1.000000,1194.48,3,2,NULL,37,'Aspernatur praesentium qui et voluptatem voluptates laudantium asperiores.',NULL,NULL,'2025-10-08 10:08:41','2025-10-08 10:08:43',NULL,NULL),(109,59,'ORD-49541311',1664.90,20.16,0.00,1685.06,'processing','USD',1.000000,1685.06,3,1,NULL,38,'Ullam autem eius est laboriosam aliquam blanditiis culpa qui.',NULL,NULL,'2025-10-08 10:08:41','2025-10-08 10:08:41',NULL,NULL),(110,59,'ORD-37707189',1663.13,31.86,0.00,1694.99,'pending_confirmation','USD',1.000000,1694.99,3,2,NULL,38,'Incidunt molestiae quisquam voluptatum sunt est.',NULL,NULL,'2025-10-08 10:08:41','2025-10-08 10:08:41',NULL,NULL),(111,59,'ORD-24627731',1685.16,41.13,0.00,1726.29,'delivering','USD',1.000000,1726.29,1,1,NULL,38,'Ex aut eveniet non placeat ut recusandae.',NULL,NULL,'2025-10-08 10:08:41','2025-10-08 10:08:41',NULL,NULL),(112,60,'ORD-41769814',894.60,27.68,0.00,922.28,'processing','USD',1.000000,922.28,1,2,NULL,39,'Modi quia qui quo et similique.',NULL,NULL,'2025-10-08 10:08:41','2025-10-08 10:08:41',NULL,NULL),(113,60,'ORD-90319659',1372.44,10.37,0.00,1382.81,'returned','USD',1.000000,1382.81,2,1,NULL,39,'Rerum sed sint neque aut pariatur nisi.',NULL,NULL,'2025-10-08 10:08:41','2025-10-08 10:08:41',NULL,NULL),(114,60,'ORD-57454454',1841.81,12.23,0.00,1854.04,'delivering','USD',1.000000,1854.04,2,1,NULL,39,'Quis dolores est fugiat in modi illo.',NULL,NULL,'2025-10-08 10:08:41','2025-10-08 10:08:41',NULL,NULL),(115,61,'ORD-6341922',1274.00,48.07,0.00,1322.07,'delivering','USD',1.000000,1322.07,1,2,NULL,40,'Et ullam consequatur perspiciatis pariatur.',NULL,NULL,'2025-10-08 10:08:41','2025-10-08 10:08:41',NULL,NULL),(116,61,'ORD-44425297',1410.30,36.14,0.00,1446.44,'pending_assignment','USD',1.000000,1446.44,3,2,NULL,40,'Accusamus delectus velit vitae rem voluptatem ut quibusdam.',NULL,NULL,'2025-10-08 10:08:41','2025-10-08 10:08:41',NULL,NULL),(117,62,'ORD-61108439',1326.01,45.66,0.00,1371.67,'pending_assignment','USD',1.000000,1371.67,3,2,NULL,41,'Mollitia et voluptatem temporibus deleniti culpa esse voluptatem.',NULL,NULL,'2025-10-08 10:08:41','2025-10-08 10:08:41',NULL,NULL),(118,62,'ORD-2823488',410.01,23.63,196.80,236.84,'cancelled','USD',1.000000,433.64,2,2,NULL,41,'Ex ut illum maiores nihil in odio qui.',NULL,NULL,'2025-10-08 10:08:41','2025-10-08 10:08:43',NULL,NULL),(119,62,'ORD-47885238',853.73,48.56,0.00,902.29,'assigned_to_shipper','USD',1.000000,902.29,2,2,NULL,41,'Temporibus ut velit enim vero sit iusto ut.',NULL,NULL,'2025-10-08 10:08:41','2025-10-08 10:08:41',NULL,NULL),(120,62,'ORD-96290903',77.61,25.11,0.00,102.72,'assigned_to_shipper','USD',1.000000,102.72,1,2,NULL,41,'Pariatur ipsa voluptas non fugiat.',NULL,NULL,'2025-10-08 10:08:41','2025-10-08 10:08:41',NULL,NULL),(121,62,'ORD-88145844',1088.77,15.70,0.00,1104.47,'cancelled','USD',1.000000,1104.47,3,2,NULL,41,'Velit pariatur maxime voluptate.',NULL,NULL,'2025-10-08 10:08:41','2025-10-08 10:08:41',NULL,NULL),(122,63,'ORD-36205125',1383.52,25.22,0.00,1408.74,'pending_confirmation','USD',1.000000,1408.74,2,1,NULL,42,'Atque consectetur dolores illo nihil laudantium ex.',NULL,NULL,'2025-10-08 10:08:41','2025-10-08 10:08:41',NULL,NULL),(123,63,'ORD-13085610',272.33,11.18,0.00,283.51,'pending_assignment','USD',1.000000,283.51,2,2,NULL,42,'Itaque ea dolores praesentium esse alias voluptatem eligendi.',NULL,NULL,'2025-10-08 10:08:41','2025-10-08 10:08:41',NULL,NULL),(124,64,'ORD-30445166',1290.15,22.82,0.00,1312.97,'delivering','USD',1.000000,1312.97,1,1,NULL,43,'Asperiores optio qui cum commodi quos eum.',NULL,NULL,'2025-10-08 10:08:41','2025-10-08 10:08:41',NULL,NULL),(125,64,'ORD-21182889',643.54,46.88,0.00,690.42,'delivered','USD',1.000000,690.42,2,2,NULL,43,'Nemo est nobis est laudantium et.',NULL,NULL,'2025-10-08 10:08:41','2025-10-08 10:08:41',NULL,NULL),(126,64,'ORD-27652653',250.46,13.53,0.00,263.99,'delivering','USD',1.000000,263.99,1,2,NULL,43,'Hic dolore in ad est adipisci.',NULL,NULL,'2025-10-08 10:08:41','2025-10-08 10:08:41',NULL,NULL),(127,65,'ORD-86014264',1764.43,48.35,0.00,1812.78,'processing','USD',1.000000,1812.78,1,1,NULL,44,'Recusandae aut non modi natus quas dolor.',NULL,NULL,'2025-10-08 10:08:41','2025-10-08 10:08:41',NULL,NULL),(128,65,'ORD-35076395',1233.11,29.45,0.00,1262.56,'delivered','USD',1.000000,1262.56,1,1,NULL,44,'Aut quia error repellendus veniam voluptates ut.',NULL,NULL,'2025-10-08 10:08:41','2025-10-08 10:08:41',NULL,NULL),(129,65,'ORD-17864082',1054.54,40.64,0.00,1095.18,'assigned_to_shipper','USD',1.000000,1095.18,3,1,NULL,44,'A numquam dolores est maiores officia magni.',NULL,NULL,'2025-10-08 10:08:41','2025-10-08 10:08:41',NULL,NULL),(130,66,'ORD-99142237',1343.30,16.61,0.00,1359.91,'completed','USD',1.000000,1359.91,2,2,NULL,45,'Nesciunt amet sed porro dolorem nulla similique qui.',NULL,NULL,'2025-10-08 10:08:41','2025-10-08 10:08:41',NULL,NULL),(131,66,'ORD-77892213',568.18,13.22,0.00,581.40,'pending_confirmation','USD',1.000000,581.40,3,2,NULL,45,'Quo voluptas voluptatem quam eum ut.',NULL,NULL,'2025-10-08 10:08:41','2025-10-08 10:08:41',NULL,NULL),(132,66,'ORD-1080466',608.43,48.53,292.05,364.91,'pending_assignment','USD',1.000000,656.96,3,1,NULL,45,'Unde minus quo ut omnis quibusdam dolore possimus.',NULL,NULL,'2025-10-08 10:08:41','2025-10-08 10:08:43',NULL,NULL),(133,66,'ORD-55354749',386.98,28.60,0.00,415.58,'processing','USD',1.000000,415.58,2,2,NULL,45,'Tempore officiis libero labore qui totam.',NULL,NULL,'2025-10-08 10:08:41','2025-10-08 10:08:41',NULL,NULL),(134,66,'ORD-8456998',1924.84,14.62,0.00,1939.46,'delivered','USD',1.000000,1939.46,2,2,NULL,45,'Voluptatem accusamus placeat facilis quos corrupti dolores molestiae.',NULL,NULL,'2025-10-08 10:08:41','2025-10-08 10:08:41',NULL,NULL),(135,67,'ORD-25299830',76.47,43.61,0.00,120.08,'pending_assignment','USD',1.000000,120.08,1,2,NULL,46,'Quasi nemo in nobis repellendus.',NULL,NULL,'2025-10-08 10:08:41','2025-10-08 10:08:41',NULL,NULL),(136,67,'ORD-76908100',1518.58,37.12,0.00,1555.70,'delivering','USD',1.000000,1555.70,3,2,NULL,46,'Vero aut illum asperiores dolores explicabo.',NULL,NULL,'2025-10-08 10:08:41','2025-10-08 10:08:41',NULL,NULL),(137,68,'ORD-64788360',710.75,48.49,0.00,759.24,'delivering','USD',1.000000,759.24,1,1,NULL,47,'Similique velit et sit nisi repellat nesciunt sunt aut.',NULL,NULL,'2025-10-08 10:08:41','2025-10-08 10:08:41',NULL,NULL),(138,68,'ORD-341706',723.27,47.93,0.00,771.20,'delivered','USD',1.000000,771.20,2,1,NULL,47,'Adipisci quaerat et est mollitia omnis ratione.',NULL,NULL,'2025-10-08 10:08:41','2025-10-08 10:08:41',NULL,NULL),(139,68,'ORD-43734806',954.25,43.46,0.00,997.71,'cancelled','USD',1.000000,997.71,1,1,NULL,47,'Id enim dignissimos sint.',NULL,NULL,'2025-10-08 10:08:41','2025-10-08 10:08:41',NULL,NULL),(140,68,'ORD-69155088',1713.14,16.51,0.00,1729.65,'pending_confirmation','USD',1.000000,1729.65,1,2,NULL,47,'Et architecto aut sit.',NULL,NULL,'2025-10-08 10:08:41','2025-10-08 10:08:41',NULL,NULL),(141,68,'ORD-54050122',1003.07,41.50,0.00,1044.57,'completed','USD',1.000000,1044.57,1,1,NULL,47,'Cumque nobis fuga enim ratione a.',NULL,NULL,'2025-10-08 10:08:41','2025-10-08 10:08:41',NULL,NULL),(142,69,'ORD-91602280',879.39,11.13,0.00,890.52,'delivered','USD',1.000000,890.52,3,1,NULL,48,'Ut beatae ipsum tempore velit accusantium et.',NULL,NULL,'2025-10-08 10:08:41','2025-10-08 10:08:41',NULL,NULL),(143,69,'ORD-36226408',1662.44,31.23,0.00,1693.67,'cancelled','USD',1.000000,1693.67,2,2,NULL,48,'Itaque et laborum ut sequi nesciunt.',NULL,NULL,'2025-10-08 10:08:41','2025-10-08 10:08:41',NULL,NULL),(144,69,'ORD-64987424',1853.39,43.65,0.00,1897.04,'returned','USD',1.000000,1897.04,2,2,NULL,48,'Asperiores in ea culpa illo officiis.',NULL,NULL,'2025-10-08 10:08:41','2025-10-08 10:08:41',NULL,NULL),(145,69,'ORD-65360506',1625.67,22.70,0.00,1648.37,'assigned_to_shipper','USD',1.000000,1648.37,2,1,NULL,48,'Tempore et recusandae quam molestias est suscipit totam.',NULL,NULL,'2025-10-08 10:08:41','2025-10-08 10:08:41',NULL,NULL),(146,69,'ORD-41901771',1052.55,19.97,0.00,1072.52,'pending_confirmation','USD',1.000000,1072.52,2,1,NULL,48,'Adipisci voluptates earum vitae voluptatum officia autem praesentium eos.',NULL,NULL,'2025-10-08 10:08:41','2025-10-08 10:08:41',NULL,NULL),(147,70,'ORD-40821446',1073.87,17.78,0.00,1091.65,'completed','USD',1.000000,1091.65,3,2,NULL,49,'Delectus et eveniet iste voluptates.',NULL,NULL,'2025-10-08 10:08:41','2025-10-08 10:08:41',NULL,NULL),(148,70,'ORD-89926359',62.48,16.98,0.00,79.46,'assigned_to_shipper','USD',1.000000,79.46,1,2,NULL,49,'Et et ea et doloremque fugit.',NULL,NULL,'2025-10-08 10:08:41','2025-10-08 10:08:41',NULL,NULL),(149,70,'ORD-95089447',1674.61,10.09,0.00,1684.70,'delivered','USD',1.000000,1684.70,2,2,NULL,49,'Inventore quidem quidem quo et similique est.',NULL,NULL,'2025-10-08 10:08:41','2025-10-08 10:08:41',NULL,NULL),(150,70,'ORD-37816035',1703.19,18.48,0.00,1721.67,'processing','USD',1.000000,1721.67,1,2,NULL,49,'Nihil unde dignissimos qui molestiae quibusdam.',NULL,NULL,'2025-10-08 10:08:41','2025-10-08 10:08:41',NULL,NULL),(151,71,'ORD-6036067',390.58,49.23,0.00,439.81,'pending_assignment','USD',1.000000,439.81,3,2,NULL,50,'Aut fugit voluptas ipsum dolorum perferendis et quis fugit.',NULL,NULL,'2025-10-08 10:08:41','2025-10-08 10:08:41',NULL,NULL),(152,72,'ORD-57682984',900.92,29.46,0.00,930.38,'delivered','USD',1.000000,930.38,3,1,NULL,51,'Ullam voluptatem fugit molestias illo quo dolores.',NULL,NULL,'2025-10-08 10:08:41','2025-10-08 10:08:41',NULL,NULL),(153,73,'ORD-79526147',240.22,38.12,0.00,278.34,'processing','USD',1.000000,278.34,3,2,NULL,52,'Perferendis dolorem dolor rerum rem.',NULL,NULL,'2025-10-08 10:08:41','2025-10-08 10:08:41',NULL,NULL),(154,73,'ORD-6891357',248.75,13.40,0.00,262.15,'processing','USD',1.000000,262.15,3,2,NULL,52,'Qui qui et est.',NULL,NULL,'2025-10-08 10:08:41','2025-10-08 10:08:41',NULL,NULL),(155,73,'ORD-22858070',1428.35,36.80,0.00,1465.15,'assigned_to_shipper','USD',1.000000,1465.15,1,2,NULL,52,'Maxime cum quia minima asperiores perferendis molestiae minima soluta.',NULL,NULL,'2025-10-08 10:08:41','2025-10-08 10:08:41',NULL,NULL),(156,74,'ORD-3313928',1301.50,14.23,107257.00,-105941.27,'returned','USD',1.000000,1315.73,3,2,NULL,53,'Laboriosam voluptatem dolores sit labore tempore.',NULL,NULL,'2025-10-08 10:08:41','2025-10-08 10:08:43',NULL,NULL),(157,74,'ORD-98300369',1390.68,16.45,0.00,1407.13,'processing','USD',1.000000,1407.13,3,2,NULL,53,'Aut deleniti omnis eos delectus aliquam enim amet.',NULL,NULL,'2025-10-08 10:08:41','2025-10-08 10:08:41',NULL,NULL),(158,75,'ORD-5319388',1467.13,16.61,0.00,1483.74,'cancelled','USD',1.000000,1483.74,2,1,NULL,54,'Accusantium non voluptatum assumenda et in eos.',NULL,NULL,'2025-10-08 10:08:41','2025-10-08 10:08:41',NULL,NULL),(159,76,'ORD-87596835',1119.27,7.95,0.00,1127.22,'completed','USD',1.000000,1127.22,1,2,NULL,55,'Eius reiciendis qui et voluptatem at.',NULL,NULL,'2025-10-08 10:08:41','2025-10-08 10:08:41',NULL,NULL),(160,76,'ORD-76843817',1241.45,38.73,0.00,1280.18,'completed','USD',1.000000,1280.18,3,1,NULL,55,'Iste minima expedita nulla minus in.',NULL,NULL,'2025-10-08 10:08:41','2025-10-08 10:08:41',NULL,NULL),(161,76,'ORD-92077414',1207.71,11.30,0.00,1219.01,'returned','USD',1.000000,1219.01,3,1,NULL,55,'Placeat fugit sequi atque qui est ut.',NULL,NULL,'2025-10-08 10:08:41','2025-10-08 10:08:41',NULL,NULL),(162,76,'ORD-610273',830.93,40.78,0.00,871.71,'pending_assignment','USD',1.000000,871.71,1,2,NULL,55,'Labore repellendus vel cumque vel nobis illum.',NULL,NULL,'2025-10-08 10:08:41','2025-10-08 10:08:41',NULL,NULL),(163,77,'ORD-88528343',1307.66,24.16,0.00,1331.82,'returned','USD',1.000000,1331.82,1,2,NULL,56,'Dolores rerum totam illo optio quo facilis quia quo.',NULL,NULL,'2025-10-08 10:08:41','2025-10-08 10:08:41',NULL,NULL),(164,77,'ORD-89945708',202.00,33.89,0.00,235.89,'delivering','USD',1.000000,235.89,3,1,NULL,56,'Ab ipsam possimus et sequi et mollitia corrupti.',NULL,NULL,'2025-10-08 10:08:41','2025-10-08 10:08:41',NULL,NULL),(165,77,'ORD-42483175',1315.12,27.24,0.00,1342.36,'delivering','USD',1.000000,1342.36,1,1,NULL,56,'Ex repudiandae porro earum amet maiores.',NULL,NULL,'2025-10-08 10:08:41','2025-10-08 10:08:41',NULL,NULL),(166,77,'ORD-91717379',356.18,6.44,0.00,362.62,'cancelled','USD',1.000000,362.62,3,1,NULL,56,'Blanditiis dignissimos consectetur sit tempora aliquid veritatis maxime tempore.',NULL,NULL,'2025-10-08 10:08:41','2025-10-08 10:08:41',NULL,NULL),(167,77,'ORD-66337043',856.75,27.46,0.00,884.21,'cancelled','USD',1.000000,884.21,2,2,NULL,56,'Est est quidem aperiam autem dolores omnis.',NULL,NULL,'2025-10-08 10:08:41','2025-10-08 10:08:41',NULL,NULL),(168,78,'ORD-20523602',188.11,36.50,0.00,224.61,'pending_assignment','USD',1.000000,224.61,1,2,NULL,57,'Voluptatem et nulla cum.',NULL,NULL,'2025-10-08 10:08:41','2025-10-08 10:08:41',NULL,NULL),(169,79,'ORD-52093368',950.53,40.61,0.00,991.14,'pending_assignment','USD',1.000000,991.14,3,1,NULL,58,'Ea ab voluptatum eos cumque.',NULL,NULL,'2025-10-08 10:08:41','2025-10-08 10:08:41',NULL,NULL),(170,79,'ORD-54287579',1663.56,15.71,0.00,1679.27,'processing','USD',1.000000,1679.27,2,2,NULL,58,'Non pariatur cumque sed sequi molestiae.',NULL,NULL,'2025-10-08 10:08:41','2025-10-08 10:08:41',NULL,NULL),(171,80,'ORD-77184838',1530.41,45.22,0.00,1575.63,'delivered','USD',1.000000,1575.63,3,2,NULL,59,'Nostrum voluptatem et iure deserunt rem cumque consectetur.',NULL,NULL,'2025-10-08 10:08:41','2025-10-08 10:08:41',NULL,NULL),(172,80,'ORD-64238624',1517.95,14.23,0.00,1532.18,'pending_assignment','USD',1.000000,1532.18,2,1,NULL,59,'Et nemo quas dolorem aperiam.',NULL,NULL,'2025-10-08 10:08:41','2025-10-08 10:08:41',NULL,NULL),(173,80,'ORD-78912964',318.48,42.28,0.00,360.76,'assigned_to_shipper','USD',1.000000,360.76,2,2,NULL,59,'Suscipit rerum alias rerum itaque id qui.',NULL,NULL,'2025-10-08 10:08:41','2025-10-08 10:08:41',NULL,NULL),(174,80,'ORD-13933977',131.30,9.79,153210.00,-153068.91,'pending_assignment','USD',1.000000,141.09,1,2,NULL,59,'Odio voluptatum aut harum quia.',NULL,NULL,'2025-10-08 10:08:41','2025-10-08 10:08:43',NULL,NULL),(175,81,'ORD-25416905',831.23,42.75,0.00,873.98,'processing','USD',1.000000,873.98,1,2,NULL,60,'Culpa atque incidunt aut sint alias.',NULL,NULL,'2025-10-08 10:08:41','2025-10-08 10:08:41',NULL,NULL),(176,81,'ORD-66841041',236.20,27.01,0.00,263.21,'returned','USD',1.000000,263.21,2,1,NULL,60,'Minus aspernatur cumque eligendi pariatur eum eius.',NULL,NULL,'2025-10-08 10:08:41','2025-10-08 10:08:41',NULL,NULL),(177,81,'ORD-48340614',457.36,43.89,0.00,501.25,'processing','USD',1.000000,501.25,3,1,NULL,60,'Exercitationem iusto veritatis est qui.',NULL,NULL,'2025-10-08 10:08:41','2025-10-08 10:08:41',NULL,NULL),(178,81,'ORD-63154460',745.08,25.51,0.00,770.59,'processing','USD',1.000000,770.59,2,2,NULL,60,'Sit modi commodi odio temporibus.',NULL,NULL,'2025-10-08 10:08:41','2025-10-08 10:08:41',NULL,NULL),(179,81,'ORD-90573676',1486.50,22.12,0.00,1508.62,'delivered','USD',1.000000,1508.62,2,2,NULL,60,'Temporibus amet sit aut.',NULL,NULL,'2025-10-08 10:08:41','2025-10-08 10:08:41',NULL,NULL),(180,82,'ORD-56870394',1114.81,15.88,0.00,1130.69,'cancelled','USD',1.000000,1130.69,1,2,NULL,61,'Sed ut quia aliquid eos ut autem dolor.',NULL,NULL,'2025-10-08 10:08:41','2025-10-08 10:08:41',NULL,NULL),(181,82,'ORD-28830811',86.48,24.79,0.00,111.27,'delivering','USD',1.000000,111.27,3,2,NULL,61,'Nisi inventore voluptas aut provident dolorem incidunt.',NULL,NULL,'2025-10-08 10:08:41','2025-10-08 10:08:41',NULL,NULL),(182,82,'ORD-61460036',281.90,22.87,0.00,304.77,'pending_confirmation','USD',1.000000,304.77,2,1,NULL,61,'Quasi quia reprehenderit ut aspernatur voluptates nemo voluptas.',NULL,NULL,'2025-10-08 10:08:41','2025-10-08 10:08:41',NULL,NULL),(183,82,'ORD-65794108',841.60,33.03,0.00,874.63,'completed','USD',1.000000,874.63,2,1,NULL,61,'Dicta qui sit saepe excepturi ut quos odit.',NULL,NULL,'2025-10-08 10:08:41','2025-10-08 10:08:41',NULL,NULL),(184,83,'ORD-28983871',404.30,43.62,0.00,447.92,'delivering','USD',1.000000,447.92,3,1,NULL,62,'Ex cum eos fugit deserunt aut dolores sunt et.',NULL,NULL,'2025-10-08 10:08:41','2025-10-08 10:08:41',NULL,NULL),(185,83,'ORD-40414187',293.48,24.72,0.00,318.20,'pending_confirmation','USD',1.000000,318.20,1,2,NULL,62,'Quia doloremque animi sunt aut ut est.',NULL,NULL,'2025-10-08 10:08:41','2025-10-08 10:08:41',NULL,NULL),(186,83,'ORD-92405983',1021.42,16.19,0.00,1037.61,'pending_assignment','USD',1.000000,1037.61,1,2,NULL,62,'Eaque perspiciatis provident quasi fugiat odio.',NULL,NULL,'2025-10-08 10:08:41','2025-10-08 10:08:41',NULL,NULL),(187,83,'ORD-7183066',1034.48,36.28,0.00,1070.76,'delivered','USD',1.000000,1070.76,3,1,NULL,62,'Aliquam laboriosam eligendi eaque maxime placeat.',NULL,NULL,'2025-10-08 10:08:41','2025-10-08 10:08:41',NULL,NULL),(188,83,'ORD-90445385',1562.91,41.03,0.00,1603.94,'pending_assignment','USD',1.000000,1603.94,2,2,NULL,62,'Ut voluptatem esse soluta.',NULL,NULL,'2025-10-08 10:08:41','2025-10-08 10:08:41',NULL,NULL),(189,84,'ORD-99732297',1123.69,45.14,0.00,1168.83,'returned','USD',1.000000,1168.83,1,2,NULL,63,'Mollitia ut voluptate minima nemo.',NULL,NULL,'2025-10-08 10:08:42','2025-10-08 10:08:42',NULL,NULL),(190,85,'ORD-44871662',231.42,8.04,0.00,239.46,'pending_confirmation','USD',1.000000,239.46,3,1,NULL,64,'Ab ducimus reprehenderit nemo illum.',NULL,NULL,'2025-10-08 10:08:42','2025-10-08 10:08:42',NULL,NULL),(191,85,'ORD-90397457',1718.04,26.51,0.00,1744.55,'pending_assignment','USD',1.000000,1744.55,3,1,NULL,64,'Et sint qui et dolor necessitatibus autem rerum.',NULL,NULL,'2025-10-08 10:08:42','2025-10-08 10:08:42',NULL,NULL),(192,85,'ORD-78066020',1067.46,44.76,0.00,1112.22,'assigned_to_shipper','USD',1.000000,1112.22,1,1,NULL,64,'Non officiis voluptatem sunt inventore.',NULL,NULL,'2025-10-08 10:08:42','2025-10-08 10:08:42',NULL,NULL),(193,86,'ORD-74252795',87.98,17.45,0.00,105.43,'returned','USD',1.000000,105.43,2,2,NULL,65,'Qui quae delectus animi.',NULL,NULL,'2025-10-08 10:08:42','2025-10-08 10:08:42',NULL,NULL),(194,86,'ORD-57179040',1526.08,8.29,0.00,1534.37,'assigned_to_shipper','USD',1.000000,1534.37,1,2,NULL,65,'Eligendi dolorem ratione at molestiae dolorem id aperiam.',NULL,NULL,'2025-10-08 10:08:42','2025-10-08 10:08:42',NULL,NULL),(195,86,'ORD-69790164',1062.85,28.27,0.00,1091.12,'pending_assignment','USD',1.000000,1091.12,1,2,NULL,65,'Officiis nisi reiciendis delectus et et labore iste.',NULL,NULL,'2025-10-08 10:08:42','2025-10-08 10:08:42',NULL,NULL),(196,86,'ORD-71672367',836.11,42.78,0.00,878.89,'assigned_to_shipper','USD',1.000000,878.89,3,1,NULL,65,'Reprehenderit eligendi nihil est quis eveniet.',NULL,NULL,'2025-10-08 10:08:42','2025-10-08 10:08:42',NULL,NULL),(197,87,'ORD-33551390',1792.66,15.76,0.00,1808.42,'delivering','USD',1.000000,1808.42,2,1,NULL,66,'Facilis dolores et magnam eos et quo.',NULL,NULL,'2025-10-08 10:08:42','2025-10-08 10:08:42',NULL,NULL),(198,87,'ORD-56091669',446.58,9.39,0.00,455.97,'processing','USD',1.000000,455.97,2,1,NULL,66,'Laboriosam qui vitae odit sit illo quo sequi.',NULL,NULL,'2025-10-08 10:08:42','2025-10-08 10:08:42',NULL,NULL),(199,87,'ORD-95863793',1235.30,11.03,0.00,1246.33,'returned','USD',1.000000,1246.33,3,2,NULL,66,'Molestias tempora quibusdam cumque dolore blanditiis.',NULL,NULL,'2025-10-08 10:08:42','2025-10-08 10:08:42',NULL,NULL),(200,87,'ORD-83872549',499.27,23.93,107257.00,-106733.80,'pending_assignment','USD',1.000000,523.20,1,2,NULL,66,'Quia repellat itaque dolor saepe.',NULL,NULL,'2025-10-08 10:08:42','2025-10-08 10:08:43',NULL,NULL),(201,88,'ORD-16707231',446.92,17.46,153210.00,-152745.62,'assigned_to_shipper','USD',1.000000,464.38,3,1,NULL,67,'Temporibus qui aut dolore fugiat qui non.',NULL,NULL,'2025-10-08 10:08:42','2025-10-08 10:08:43',NULL,NULL),(202,88,'ORD-6884707',640.12,20.59,307.26,353.45,'completed','USD',1.000000,660.71,3,2,NULL,67,'Dolores necessitatibus quas id.',NULL,NULL,'2025-10-08 10:08:42','2025-10-08 10:08:43',NULL,NULL),(203,88,'ORD-35891071',958.22,36.65,0.00,994.87,'completed','USD',1.000000,994.87,1,1,NULL,67,'Tempora consequatur enim consequatur voluptatem tempore quo quis.',NULL,NULL,'2025-10-08 10:08:42','2025-10-08 10:08:42',NULL,NULL),(204,88,'ORD-12757959',786.97,15.88,0.00,802.85,'delivered','USD',1.000000,802.85,2,2,NULL,67,'Illo ut eligendi labore quisquam.',NULL,NULL,'2025-10-08 10:08:42','2025-10-08 10:08:42',NULL,NULL),(205,88,'ORD-65276844',1873.15,41.31,0.00,1914.46,'delivered','USD',1.000000,1914.46,1,1,NULL,67,'Numquam quia dolores iste aut quae et.',NULL,NULL,'2025-10-08 10:08:42','2025-10-08 10:08:42',NULL,NULL),(206,89,'ORD-56284186',602.86,14.79,0.00,617.65,'returned','USD',1.000000,617.65,1,2,NULL,68,'Ipsum a reiciendis libero aut dolorem id.',NULL,NULL,'2025-10-08 10:08:42','2025-10-08 10:08:42',NULL,NULL),(207,89,'ORD-49959673',501.29,47.03,0.00,548.32,'cancelled','USD',1.000000,548.32,2,1,NULL,68,'Vitae perferendis animi ratione nemo in molestias sapiente.',NULL,NULL,'2025-10-08 10:08:42','2025-10-08 10:08:42',NULL,NULL),(208,89,'ORD-9432601',53.98,16.72,0.00,70.70,'delivering','USD',1.000000,70.70,1,1,NULL,68,'Quas animi rerum sequi eligendi.',NULL,NULL,'2025-10-08 10:08:42','2025-10-08 10:08:42',NULL,NULL),(209,89,'ORD-90422385',605.81,14.48,0.00,620.29,'cancelled','USD',1.000000,620.29,3,2,NULL,68,'Itaque distinctio aut sed architecto facere cupiditate.',NULL,NULL,'2025-10-08 10:08:42','2025-10-08 10:08:42',NULL,NULL),(210,89,'ORD-37379644',130.81,11.29,0.00,142.10,'returned','USD',1.000000,142.10,2,2,NULL,68,'Est eveniet minus dolor incidunt.',NULL,NULL,'2025-10-08 10:08:42','2025-10-08 10:08:42',NULL,NULL),(211,90,'ORD-24677505',774.64,46.35,0.00,820.99,'cancelled','USD',1.000000,820.99,3,1,NULL,69,'Soluta libero odio facilis.',NULL,NULL,'2025-10-08 10:08:42','2025-10-08 10:08:42',NULL,NULL),(212,90,'ORD-28555737',1055.84,31.01,0.00,1086.85,'delivering','USD',1.000000,1086.85,3,2,NULL,69,'Voluptates natus hic vero architecto quisquam odio.',NULL,NULL,'2025-10-08 10:08:42','2025-10-08 10:08:42',NULL,NULL),(213,90,'ORD-44284958',57.61,7.34,0.00,64.95,'pending_assignment','USD',1.000000,64.95,3,2,NULL,69,'Id maxime delectus et consequatur.',NULL,NULL,'2025-10-08 10:08:42','2025-10-08 10:08:42',NULL,NULL),(214,91,'ORD-3373957',749.17,38.04,0.00,787.21,'assigned_to_shipper','USD',1.000000,787.21,2,1,NULL,70,'Rerum voluptatem et totam maxime perspiciatis delectus.',NULL,NULL,'2025-10-08 10:08:42','2025-10-08 10:08:42',NULL,NULL),(215,91,'ORD-59275960',692.16,25.26,0.00,717.42,'delivered','USD',1.000000,717.42,2,2,NULL,70,'Illum enim tempora saepe ullam.',NULL,NULL,'2025-10-08 10:08:42','2025-10-08 10:08:42',NULL,NULL),(216,92,'ORD-75218409',1484.19,19.02,0.00,1503.21,'pending_assignment','USD',1.000000,1503.21,1,1,NULL,71,'Ipsum alias odio sapiente vitae.',NULL,NULL,'2025-10-08 10:08:42','2025-10-08 10:08:42',NULL,NULL),(217,93,'ORD-19809224',328.88,47.30,0.00,376.18,'delivering','USD',1.000000,376.18,3,1,NULL,72,'Voluptas error numquam aperiam sunt quas consequatur cum.',NULL,NULL,'2025-10-08 10:08:42','2025-10-08 10:08:42',NULL,NULL),(218,93,'ORD-34771',344.08,49.24,0.00,393.32,'assigned_to_shipper','USD',1.000000,393.32,2,1,NULL,72,'Beatae officia nisi quibusdam consequatur ab.',NULL,NULL,'2025-10-08 10:08:42','2025-10-08 10:08:42',NULL,NULL),(219,93,'ORD-41946585',277.72,19.46,0.00,297.18,'pending_assignment','USD',1.000000,297.18,1,1,NULL,72,'Fugit ut possimus ut maiores.',NULL,NULL,'2025-10-08 10:08:42','2025-10-08 10:08:42',NULL,NULL),(220,94,'ORD-40841747',1154.42,29.56,0.00,1183.98,'completed','USD',1.000000,1183.98,2,2,NULL,73,'Vitae maiores soluta unde odio qui ipsum qui facilis.',NULL,NULL,'2025-10-08 10:08:42','2025-10-08 10:08:42',NULL,NULL),(221,94,'ORD-33700960',1666.99,31.78,0.00,1698.77,'cancelled','USD',1.000000,1698.77,3,1,NULL,73,'Quisquam minima non quia sunt.',NULL,NULL,'2025-10-08 10:08:42','2025-10-08 10:08:42',NULL,NULL),(222,94,'ORD-89793921',1548.24,27.39,0.00,1575.63,'returned','USD',1.000000,1575.63,2,2,NULL,73,'Qui laborum voluptates perspiciatis dolorem autem molestiae pariatur.',NULL,NULL,'2025-10-08 10:08:42','2025-10-08 10:08:42',NULL,NULL),(223,94,'ORD-55304730',786.35,39.47,39.32,786.50,'delivered','USD',1.000000,825.82,1,2,NULL,73,'Mollitia ipsam ab sed animi in.',NULL,NULL,'2025-10-08 10:08:42','2025-10-08 10:08:43',NULL,NULL),(224,94,'ORD-89902646',1998.73,40.51,0.00,2039.24,'pending_assignment','USD',1.000000,2039.24,3,1,NULL,73,'Aut odio consequatur suscipit nam eos atque excepturi ipsam.',NULL,NULL,'2025-10-08 10:08:42','2025-10-08 10:08:42',NULL,NULL),(225,95,'ORD-92596977',681.30,31.81,0.00,713.11,'completed','USD',1.000000,713.11,1,1,NULL,74,'Mollitia corporis dolorum libero.',NULL,NULL,'2025-10-08 10:08:42','2025-10-08 10:08:42',NULL,NULL),(226,95,'ORD-12408450',870.85,38.05,0.00,908.90,'pending_assignment','USD',1.000000,908.90,3,1,NULL,74,'Vel omnis quia non cumque vitae aut.',NULL,NULL,'2025-10-08 10:08:42','2025-10-08 10:08:42',NULL,NULL),(227,96,'ORD-9343772',1003.40,45.06,0.00,1048.46,'delivering','USD',1.000000,1048.46,3,2,NULL,75,'Non laudantium cumque iste.',NULL,NULL,'2025-10-08 10:08:42','2025-10-08 10:08:42',NULL,NULL),(228,96,'ORD-67885510',403.55,16.30,107257.00,-106837.15,'delivered','USD',1.000000,419.85,3,2,NULL,75,'Ut aperiam laboriosam qui repellendus dolorem dolore.',NULL,NULL,'2025-10-08 10:08:42','2025-10-08 10:08:43',NULL,NULL),(229,96,'ORD-73217961',1569.78,38.17,0.00,1607.95,'processing','USD',1.000000,1607.95,3,1,NULL,75,'Autem voluptatibus eveniet incidunt sequi.',NULL,NULL,'2025-10-08 10:08:42','2025-10-08 10:08:42',NULL,NULL),(230,97,'ORD-88230564',1347.34,26.90,0.00,1374.24,'pending_assignment','USD',1.000000,1374.24,3,2,NULL,76,'Accusamus quis hic quo eos magnam quaerat rerum quas.',NULL,NULL,'2025-10-08 10:08:42','2025-10-08 10:08:42',NULL,NULL),(231,97,'ORD-49518737',833.11,7.26,0.00,840.37,'completed','USD',1.000000,840.37,2,2,NULL,76,'Cum quod totam distinctio in.',NULL,NULL,'2025-10-08 10:08:42','2025-10-08 10:08:42',NULL,NULL),(232,97,'ORD-52035463',78.16,21.77,0.00,99.93,'assigned_to_shipper','USD',1.000000,99.93,1,2,NULL,76,'Eaque pariatur in doloribus inventore quos voluptatem vel dicta.',NULL,NULL,'2025-10-08 10:08:42','2025-10-08 10:08:42',NULL,NULL),(233,97,'ORD-18863568',805.80,15.27,0.00,821.07,'assigned_to_shipper','USD',1.000000,821.07,2,2,NULL,76,'Sit velit praesentium voluptatum error.',NULL,NULL,'2025-10-08 10:08:42','2025-10-08 10:08:42',NULL,NULL),(234,97,'ORD-37558352',1011.57,7.23,0.00,1018.80,'completed','USD',1.000000,1018.80,3,1,NULL,76,'Velit quibusdam qui ex molestiae suscipit.',NULL,NULL,'2025-10-08 10:08:42','2025-10-08 10:08:42',NULL,NULL),(235,98,'ORD-64735573',1319.53,9.75,0.00,1329.28,'completed','USD',1.000000,1329.28,2,2,NULL,77,'Est fugit nihil delectus at nisi eligendi.',NULL,NULL,'2025-10-08 10:08:42','2025-10-08 10:08:42',NULL,NULL),(236,98,'ORD-76061251',1034.00,38.14,0.00,1072.14,'delivered','USD',1.000000,1072.14,2,1,NULL,77,'Perferendis suscipit qui sit architecto ad architecto.',NULL,NULL,'2025-10-08 10:08:42','2025-10-08 10:08:42',NULL,NULL),(237,99,'ORD-31916138',1065.99,20.73,0.00,1086.72,'pending_assignment','USD',1.000000,1086.72,2,2,NULL,78,'Voluptas minus ducimus optio qui aut.',NULL,NULL,'2025-10-08 10:08:42','2025-10-08 10:08:42',NULL,NULL),(238,100,'ORD-41233616',1688.11,36.07,0.00,1724.18,'pending_confirmation','USD',1.000000,1724.18,2,1,NULL,79,'Unde voluptatum a voluptas dignissimos.',NULL,NULL,'2025-10-08 10:08:42','2025-10-08 10:08:42',NULL,NULL),(239,100,'ORD-26051150',1776.22,48.46,0.00,1824.68,'cancelled','USD',1.000000,1824.68,1,2,NULL,79,'Porro odio dignissimos architecto et culpa cupiditate et.',NULL,NULL,'2025-10-08 10:08:42','2025-10-08 10:08:42',NULL,NULL),(240,100,'ORD-39382422',1924.34,12.54,0.00,1936.88,'delivered','USD',1.000000,1936.88,3,2,NULL,79,'Praesentium dolorum possimus a soluta reprehenderit.',NULL,NULL,'2025-10-08 10:08:42','2025-10-08 10:08:42',NULL,NULL),(241,100,'ORD-30736717',165.47,45.39,0.00,210.86,'pending_confirmation','USD',1.000000,210.86,2,2,NULL,79,'Quod excepturi voluptatem est expedita ut quam quod.',NULL,NULL,'2025-10-08 10:08:42','2025-10-08 10:08:42',NULL,NULL),(242,101,'ORD-86584424',338.04,24.25,0.00,362.29,'completed','USD',1.000000,362.29,1,2,NULL,80,'Et qui est velit et est eum ut.',NULL,NULL,'2025-10-08 10:08:42','2025-10-08 10:08:42',NULL,NULL),(243,101,'ORD-20639874',607.48,8.30,0.00,615.78,'assigned_to_shipper','USD',1.000000,615.78,2,1,NULL,80,'Voluptas consequatur officiis illum et repellat.',NULL,NULL,'2025-10-08 10:08:42','2025-10-08 10:08:42',NULL,NULL),(244,101,'ORD-89698574',1866.88,27.03,0.00,1893.91,'cancelled','USD',1.000000,1893.91,2,2,NULL,80,'Esse quia autem quisquam voluptatum.',NULL,NULL,'2025-10-08 10:08:42','2025-10-08 10:08:42',NULL,NULL),(245,101,'ORD-81602214',1758.88,19.23,0.00,1778.11,'completed','USD',1.000000,1778.11,2,2,NULL,80,'Incidunt tenetur aut quidem vel sed quas.',NULL,NULL,'2025-10-08 10:08:42','2025-10-08 10:08:42',NULL,NULL),(246,102,'ORD-61409477',1004.02,48.13,0.00,1052.15,'pending_assignment','USD',1.000000,1052.15,2,1,NULL,81,'Corrupti non quia reprehenderit sunt nihil.',NULL,NULL,'2025-10-08 10:08:42','2025-10-08 10:08:42',NULL,NULL),(247,102,'ORD-2960582',1762.08,29.64,0.00,1791.72,'assigned_to_shipper','USD',1.000000,1791.72,1,2,NULL,81,'Doloremque aut quam velit mollitia omnis non doloremque.',NULL,NULL,'2025-10-08 10:08:42','2025-10-08 10:08:42',NULL,NULL),(248,102,'ORD-76548022',1317.91,17.62,0.00,1335.53,'pending_confirmation','USD',1.000000,1335.53,1,1,NULL,81,'Veniam consequatur dolores dolore vel rerum.',NULL,NULL,'2025-10-08 10:08:42','2025-10-08 10:08:42',NULL,NULL),(249,103,'ORD-18902293',422.92,24.00,0.00,446.92,'processing','USD',1.000000,446.92,2,1,NULL,82,'Ipsam vel corporis natus.',NULL,NULL,'2025-10-08 10:08:42','2025-10-08 10:08:42',NULL,NULL),(250,103,'ORD-6949894',856.67,9.08,0.00,865.75,'delivered','USD',1.000000,865.75,1,2,NULL,82,'Iusto soluta amet voluptatem dolor.',NULL,NULL,'2025-10-08 10:08:42','2025-10-08 10:08:42',NULL,NULL),(251,103,'ORD-36469708',1657.33,22.94,0.00,1680.27,'processing','USD',1.000000,1680.27,3,2,NULL,82,'Omnis sint optio qui aliquid eligendi.',NULL,NULL,'2025-10-08 10:08:42','2025-10-08 10:08:42',NULL,NULL),(252,104,'ORD-81506139',1353.58,35.16,0.00,1388.74,'pending_assignment','USD',1.000000,1388.74,3,1,NULL,83,'Consequatur reprehenderit perspiciatis ullam quidem reprehenderit facere exercitationem.',NULL,NULL,'2025-10-08 10:08:42','2025-10-08 10:08:42',NULL,NULL),(253,104,'ORD-24914733',1384.51,23.95,0.00,1408.46,'pending_assignment','USD',1.000000,1408.46,1,1,NULL,83,'Quasi quis ex omnis nihil eos provident.',NULL,NULL,'2025-10-08 10:08:42','2025-10-08 10:08:42',NULL,NULL),(254,104,'ORD-75897367',1419.82,12.24,70.99,1361.07,'assigned_to_shipper','USD',1.000000,1432.06,1,1,NULL,83,'Ipsam et tempora ut fuga impedit quia.',NULL,NULL,'2025-10-08 10:08:42','2025-10-08 10:08:43',NULL,NULL),(255,105,'ORD-45253754',395.36,25.53,0.00,420.89,'delivering','USD',1.000000,420.89,3,2,NULL,84,'Et quis cumque ducimus voluptates.',NULL,NULL,'2025-10-08 10:08:42','2025-10-08 10:08:42',NULL,NULL),(256,105,'ORD-42383491',457.03,7.87,0.00,464.90,'processing','USD',1.000000,464.90,3,2,NULL,84,'Voluptas consequatur possimus numquam.',NULL,NULL,'2025-10-08 10:08:42','2025-10-08 10:08:42',NULL,NULL),(257,105,'ORD-92946029',1089.33,10.45,0.00,1099.78,'assigned_to_shipper','USD',1.000000,1099.78,3,1,NULL,84,'Est deserunt suscipit nemo architecto.',NULL,NULL,'2025-10-08 10:08:42','2025-10-08 10:08:42',NULL,NULL),(258,105,'ORD-48108339',1571.46,27.11,0.00,1598.57,'pending_assignment','USD',1.000000,1598.57,1,2,NULL,84,'Modi enim atque qui eos.',NULL,NULL,'2025-10-08 10:08:42','2025-10-08 10:08:42',NULL,NULL),(259,105,'ORD-23701713',757.19,43.25,0.00,800.44,'returned','USD',1.000000,800.44,3,1,NULL,84,'Excepturi velit et voluptatem non necessitatibus quis.',NULL,NULL,'2025-10-08 10:08:42','2025-10-08 10:08:42',NULL,NULL),(260,106,'ORD-27985232',1586.38,9.89,0.00,1596.27,'returned','USD',1.000000,1596.27,1,1,NULL,85,'Voluptatibus ut unde rem a aut porro.',NULL,NULL,'2025-10-08 10:08:42','2025-10-08 10:08:42',NULL,NULL),(261,106,'ORD-54985475',611.00,9.08,0.00,620.08,'pending_confirmation','USD',1.000000,620.08,1,1,NULL,85,'Voluptatem laboriosam sunt assumenda beatae optio sed sed.',NULL,NULL,'2025-10-08 10:08:42','2025-10-08 10:08:42',NULL,NULL),(262,106,'ORD-98845300',526.12,25.38,0.00,551.50,'returned','USD',1.000000,551.50,3,1,NULL,85,'Nam ad praesentium maiores.',NULL,NULL,'2025-10-08 10:08:42','2025-10-08 10:08:42',NULL,NULL),(263,106,'ORD-62031280',1440.89,16.20,0.00,1457.09,'cancelled','USD',1.000000,1457.09,3,2,NULL,85,'Vitae neque laudantium officia nihil nihil cupiditate odio.',NULL,NULL,'2025-10-08 10:08:42','2025-10-08 10:08:42',NULL,NULL),(264,107,'ORD-86530637',567.71,28.71,0.00,596.42,'completed','USD',1.000000,596.42,1,2,NULL,86,'Ut fugit nihil repellendus pariatur quasi.',NULL,NULL,'2025-10-08 10:08:42','2025-10-08 10:08:42',NULL,NULL),(265,107,'ORD-18390056',492.29,23.30,0.00,515.59,'returned','USD',1.000000,515.59,2,1,NULL,86,'Minus blanditiis aut est.',NULL,NULL,'2025-10-08 10:08:42','2025-10-08 10:08:42',NULL,NULL),(266,108,'ORD-39963910',1047.44,30.26,0.00,1077.70,'delivering','USD',1.000000,1077.70,3,1,NULL,87,'Dolore et eos deserunt sit aut reprehenderit laboriosam.',NULL,NULL,'2025-10-08 10:08:42','2025-10-08 10:08:42',NULL,NULL),(267,109,'ORD-2907960',1736.30,35.17,0.00,1771.47,'returned','USD',1.000000,1771.47,2,1,NULL,88,'Voluptas laboriosam neque quo.',NULL,NULL,'2025-10-08 10:08:42','2025-10-08 10:08:42',NULL,NULL),(268,109,'ORD-81251144',1026.88,31.50,0.00,1058.38,'delivering','USD',1.000000,1058.38,1,2,NULL,88,'Aut est aut voluptatum aut.',NULL,NULL,'2025-10-08 10:08:42','2025-10-08 10:08:42',NULL,NULL),(269,109,'ORD-62194226',654.87,29.46,0.00,684.33,'delivered','USD',1.000000,684.33,2,2,NULL,88,'Necessitatibus aperiam est temporibus natus vitae.',NULL,NULL,'2025-10-08 10:08:42','2025-10-08 10:08:42',NULL,NULL),(270,109,'ORD-20866877',724.39,31.72,0.00,756.11,'processing','USD',1.000000,756.11,2,1,NULL,88,'Ducimus vel voluptates quasi eveniet qui voluptas.',NULL,NULL,'2025-10-08 10:08:42','2025-10-08 10:08:42',NULL,NULL),(271,109,'ORD-91479051',863.69,13.34,43.18,833.85,'delivered','USD',1.000000,877.03,3,2,NULL,88,'Facere facilis eum quaerat voluptas aspernatur eos.',NULL,NULL,'2025-10-08 10:08:42','2025-10-08 10:08:43',NULL,NULL),(272,110,'ORD-55298768',70.96,33.29,0.00,104.25,'assigned_to_shipper','USD',1.000000,104.25,3,1,NULL,89,'Unde sequi eos autem ut ut.',NULL,NULL,'2025-10-08 10:08:42','2025-10-08 10:08:42',NULL,NULL),(273,111,'ORD-85341113',473.47,8.40,0.00,481.87,'cancelled','USD',1.000000,481.87,2,1,NULL,90,'Natus ut nesciunt reiciendis cum ut.',NULL,NULL,'2025-10-08 10:08:42','2025-10-08 10:08:42',NULL,NULL),(274,111,'ORD-91627532',1595.48,42.07,0.00,1637.55,'delivered','USD',1.000000,1637.55,3,2,NULL,90,'Sapiente ut atque perferendis est quasi dolor totam.',NULL,NULL,'2025-10-08 10:08:42','2025-10-08 10:08:42',NULL,NULL),(275,111,'ORD-23573826',1655.23,42.91,0.00,1698.14,'completed','USD',1.000000,1698.14,2,1,NULL,90,'Autem illum provident quisquam aut.',NULL,NULL,'2025-10-08 10:08:42','2025-10-08 10:08:42',NULL,NULL),(276,112,'ORD-18256979',872.09,44.61,0.00,916.70,'returned','USD',1.000000,916.70,3,1,NULL,91,'Vel ut officia itaque repellat occaecati est sapiente.',NULL,NULL,'2025-10-08 10:08:42','2025-10-08 10:08:42',NULL,NULL),(277,112,'ORD-98371363',1551.21,35.53,0.00,1586.74,'processing','USD',1.000000,1586.74,2,1,NULL,91,'Magni vel quidem aperiam saepe.',NULL,NULL,'2025-10-08 10:08:42','2025-10-08 10:08:42',NULL,NULL),(278,112,'ORD-75109402',1277.23,24.67,0.00,1301.90,'delivered','USD',1.000000,1301.90,3,2,NULL,91,'Rerum exercitationem sequi provident optio enim consectetur.',NULL,NULL,'2025-10-08 10:08:42','2025-10-08 10:08:42',NULL,NULL),(279,112,'ORD-21822134',411.56,20.78,0.00,432.34,'returned','USD',1.000000,432.34,3,2,NULL,91,'Autem magnam eum doloribus dolores.',NULL,NULL,'2025-10-08 10:08:42','2025-10-08 10:08:42',NULL,NULL),(280,113,'ORD-35754707',1247.49,34.61,0.00,1282.10,'returned','USD',1.000000,1282.10,3,2,NULL,92,'Nobis culpa est omnis amet.',NULL,NULL,'2025-10-08 10:08:42','2025-10-08 10:08:42',NULL,NULL),(281,113,'ORD-71343337',776.08,37.49,0.00,813.57,'delivering','USD',1.000000,813.57,3,2,NULL,92,'Natus natus magni doloribus.',NULL,NULL,'2025-10-08 10:08:42','2025-10-08 10:08:42',NULL,NULL),(282,113,'ORD-14448588',1471.49,39.19,0.00,1510.68,'processing','USD',1.000000,1510.68,1,2,NULL,92,'Officia iure accusamus pariatur voluptas repudiandae aut quam nesciunt.',NULL,NULL,'2025-10-08 10:08:42','2025-10-08 10:08:42',NULL,NULL),(283,113,'ORD-12420836',1619.55,49.11,0.00,1668.66,'returned','USD',1.000000,1668.66,2,1,NULL,92,'Culpa atque quo omnis ea nulla commodi.',NULL,NULL,'2025-10-08 10:08:42','2025-10-08 10:08:42',NULL,NULL),(284,114,'ORD-72874258',1154.88,34.91,554.34,635.45,'completed','USD',1.000000,1189.79,2,2,NULL,93,'Eveniet eius doloremque omnis et laudantium quo non.',NULL,NULL,'2025-10-08 10:08:42','2025-10-08 10:08:43',NULL,NULL),(285,114,'ORD-76044568',1491.98,19.32,0.00,1511.30,'returned','USD',1.000000,1511.30,3,1,NULL,93,'Sit numquam id alias quae et.',NULL,NULL,'2025-10-08 10:08:42','2025-10-08 10:08:42',NULL,NULL),(286,114,'ORD-75320941',1515.55,13.81,0.00,1529.36,'returned','USD',1.000000,1529.36,1,2,NULL,93,'Rerum et asperiores autem est ut laborum saepe ipsum.',NULL,NULL,'2025-10-08 10:08:42','2025-10-08 10:08:42',NULL,NULL),(287,115,'ORD-19174693',206.07,21.39,0.00,227.46,'processing','USD',1.000000,227.46,1,2,NULL,94,'Autem optio ipsa ut rerum eaque.',NULL,NULL,'2025-10-08 10:08:42','2025-10-08 10:08:42',NULL,NULL),(288,115,'ORD-81425297',1106.14,41.87,0.00,1148.01,'pending_confirmation','USD',1.000000,1148.01,1,2,NULL,94,'Dignissimos debitis culpa debitis.',NULL,NULL,'2025-10-08 10:08:42','2025-10-08 10:08:42',NULL,NULL),(289,115,'ORD-29536773',1378.04,31.17,0.00,1409.21,'completed','USD',1.000000,1409.21,3,1,NULL,94,'Magni aut quia quia vel dolor et.',NULL,NULL,'2025-10-08 10:08:42','2025-10-08 10:08:42',NULL,NULL),(290,116,'ORD-61627392',1160.03,10.93,0.00,1170.96,'assigned_to_shipper','USD',1.000000,1170.96,2,1,NULL,95,'Dolores est non assumenda et non quis.',NULL,NULL,'2025-10-08 10:08:42','2025-10-08 10:08:42',NULL,NULL),(291,117,'ORD-34689897',1872.53,33.75,0.00,1906.28,'returned','USD',1.000000,1906.28,1,2,NULL,96,'Voluptatem expedita hic quaerat recusandae deserunt sunt.',NULL,NULL,'2025-10-08 10:08:42','2025-10-08 10:08:42',NULL,NULL),(292,117,'ORD-96450361',1379.00,38.12,0.00,1417.12,'assigned_to_shipper','USD',1.000000,1417.12,2,2,NULL,96,'Ducimus qui fuga quis alias autem.',NULL,NULL,'2025-10-08 10:08:42','2025-10-08 10:08:42',NULL,NULL),(293,118,'ORD-38628467',1281.73,44.77,0.00,1326.50,'pending_confirmation','USD',1.000000,1326.50,3,2,NULL,97,'Placeat molestias eos tenetur dolor odit eum aut.',NULL,NULL,'2025-10-08 10:08:42','2025-10-08 10:08:42',NULL,NULL),(294,118,'ORD-75539858',947.63,30.54,0.00,978.17,'pending_confirmation','USD',1.000000,978.17,3,1,NULL,97,'Magni ea sed voluptatem voluptas porro perferendis odit incidunt.',NULL,NULL,'2025-10-08 10:08:42','2025-10-08 10:08:42',NULL,NULL),(295,118,'ORD-73558031',1995.69,12.24,0.00,2007.93,'returned','USD',1.000000,2007.93,1,1,NULL,97,'Sit consequatur quis totam soluta.',NULL,NULL,'2025-10-08 10:08:42','2025-10-08 10:08:42',NULL,NULL),(296,119,'ORD-44085184',410.52,40.14,0.00,450.66,'assigned_to_shipper','USD',1.000000,450.66,2,1,NULL,98,'Sapiente provident qui quos odit repellendus.',NULL,NULL,'2025-10-08 10:08:42','2025-10-08 10:08:42',NULL,NULL),(297,119,'ORD-76342815',411.72,35.31,0.00,447.03,'assigned_to_shipper','USD',1.000000,447.03,1,1,NULL,98,'Aut placeat nihil eveniet consequatur.',NULL,NULL,'2025-10-08 10:08:42','2025-10-08 10:08:42',NULL,NULL),(298,120,'ORD-33812764',1991.19,5.69,0.00,1996.88,'delivered','USD',1.000000,1996.88,2,2,NULL,99,'Aspernatur consequatur soluta sed eum vel illum ullam.',NULL,NULL,'2025-10-08 10:08:42','2025-10-08 10:08:42',NULL,NULL),(299,120,'ORD-70713289',1733.84,41.73,0.00,1775.57,'pending_assignment','USD',1.000000,1775.57,1,1,NULL,99,'Dolorem excepturi animi sunt.',NULL,NULL,'2025-10-08 10:08:42','2025-10-08 10:08:42',NULL,NULL),(300,121,'ORD-42170116',572.97,14.85,0.00,587.82,'returned','USD',1.000000,587.82,3,1,NULL,100,'Dolorum magnam quibusdam eaque vitae accusantium et omnis.',NULL,NULL,'2025-10-08 10:08:42','2025-10-08 10:08:42',NULL,NULL),(301,121,'ORD-5128755',1206.47,43.58,0.00,1250.05,'completed','USD',1.000000,1250.05,1,2,NULL,100,'Et provident officia animi blanditiis ea.',NULL,NULL,'2025-10-08 10:08:42','2025-10-08 10:08:42',NULL,NULL);
/*!40000 ALTER TABLE `orders` ENABLE KEYS */;
UNLOCK TABLES;

--
-- Table structure for table `password_reset_tokens`
--

DROP TABLE IF EXISTS `password_reset_tokens`;
/*!40101 SET @saved_cs_client     = @@character_set_client */;
/*!50503 SET character_set_client = utf8mb4 */;
CREATE TABLE `password_reset_tokens` (
  `email` varchar(255) NOT NULL,
  `token` varchar(255) NOT NULL,
  `created_at` timestamp NULL DEFAULT NULL,
  PRIMARY KEY (`email`)
) ENGINE=InnoDB DEFAULT CHARSET=utf8mb4 COLLATE=utf8mb4_unicode_ci;
/*!40101 SET character_set_client = @saved_cs_client */;

--
-- Dumping data for table `password_reset_tokens`
--

LOCK TABLES `password_reset_tokens` WRITE;
/*!40000 ALTER TABLE `password_reset_tokens` DISABLE KEYS */;
/*!40000 ALTER TABLE `password_reset_tokens` ENABLE KEYS */;
UNLOCK TABLES;

--
-- Table structure for table `permission_role`
--

DROP TABLE IF EXISTS `permission_role`;
/*!40101 SET @saved_cs_client     = @@character_set_client */;
/*!50503 SET character_set_client = utf8mb4 */;
CREATE TABLE `permission_role` (
  `permission_id` bigint(20) unsigned NOT NULL,
  `role_id` bigint(20) unsigned NOT NULL,
  PRIMARY KEY (`permission_id`,`role_id`),
  KEY `permission_role_role_id_foreign` (`role_id`),
  CONSTRAINT `permission_role_permission_id_foreign` FOREIGN KEY (`permission_id`) REFERENCES `permissions` (`id`) ON DELETE CASCADE,
  CONSTRAINT `permission_role_role_id_foreign` FOREIGN KEY (`role_id`) REFERENCES `roles` (`id`) ON DELETE CASCADE
) ENGINE=InnoDB DEFAULT CHARSET=utf8mb4 COLLATE=utf8mb4_unicode_ci;
/*!40101 SET character_set_client = @saved_cs_client */;

--
-- Dumping data for table `permission_role`
--

LOCK TABLES `permission_role` WRITE;
/*!40000 ALTER TABLE `permission_role` DISABLE KEYS */;
INSERT INTO `permission_role` VALUES (1,1),(2,1),(3,1),(4,1),(5,1),(6,1),(6,2),(7,1),(7,2),(8,1),(8,2),(9,1),(9,2),(10,1),(10,2),(11,1),(11,2),(12,1),(12,2),(13,1),(13,2),(14,1),(15,1),(16,1),(16,2),(17,1),(18,1),(19,1);
/*!40000 ALTER TABLE `permission_role` ENABLE KEYS */;
UNLOCK TABLES;

--
-- Table structure for table `permissions`
--

DROP TABLE IF EXISTS `permissions`;
/*!40101 SET @saved_cs_client     = @@character_set_client */;
/*!50503 SET character_set_client = utf8mb4 */;
CREATE TABLE `permissions` (
  `id` bigint(20) unsigned NOT NULL AUTO_INCREMENT,
  `name` varchar(255) NOT NULL,
  `description` varchar(255) DEFAULT NULL,
  `created_at` timestamp NULL DEFAULT NULL,
  `updated_at` timestamp NULL DEFAULT NULL,
  PRIMARY KEY (`id`),
  UNIQUE KEY `permissions_name_unique` (`name`)
) ENGINE=InnoDB AUTO_INCREMENT=20 DEFAULT CHARSET=utf8mb4 COLLATE=utf8mb4_unicode_ci;
/*!40101 SET character_set_client = @saved_cs_client */;

--
-- Dumping data for table `permissions`
--

LOCK TABLES `permissions` WRITE;
/*!40000 ALTER TABLE `permissions` DISABLE KEYS */;
INSERT INTO `permissions` VALUES (1,'manage_users',NULL,'2025-10-08 10:08:37','2025-10-08 10:08:37'),(2,'view_users',NULL,'2025-10-08 10:08:37','2025-10-08 10:08:37'),(3,'create_users',NULL,'2025-10-08 10:08:37','2025-10-08 10:08:37'),(4,'edit_users',NULL,'2025-10-08 10:08:37','2025-10-08 10:08:37'),(5,'delete_users',NULL,'2025-10-08 10:08:37','2025-10-08 10:08:37'),(6,'manage_products',NULL,'2025-10-08 10:08:37','2025-10-08 10:08:37'),(7,'view_products',NULL,'2025-10-08 10:08:37','2025-10-08 10:08:37'),(8,'create_products',NULL,'2025-10-08 10:08:37','2025-10-08 10:08:37'),(9,'edit_products',NULL,'2025-10-08 10:08:37','2025-10-08 10:08:37'),(10,'delete_products',NULL,'2025-10-08 10:08:37','2025-10-08 10:08:37'),(11,'manage_orders',NULL,'2025-10-08 10:08:37','2025-10-08 10:08:37'),(12,'view_orders',NULL,'2025-10-08 10:08:37','2025-10-08 10:08:37'),(13,'edit_orders',NULL,'2025-10-08 10:08:37','2025-10-08 10:08:37'),(14,'manage_categories',NULL,'2025-10-08 10:08:37','2025-10-08 10:08:37'),(15,'manage_brands',NULL,'2025-10-08 10:08:37','2025-10-08 10:08:37'),(16,'view_dashboard',NULL,'2025-10-08 10:08:37','2025-10-08 10:08:37'),(17,'manage_settings',NULL,'2025-10-08 10:08:37','2025-10-08 10:08:37'),(18,'manage_promotions',NULL,'2025-10-08 10:08:37','2025-10-08 10:08:37'),(19,'manage_disputes',NULL,'2025-10-08 10:08:37','2025-10-08 10:08:37');
/*!40000 ALTER TABLE `permissions` ENABLE KEYS */;
UNLOCK TABLES;

--
-- Table structure for table `product_images`
--

DROP TABLE IF EXISTS `product_images`;
/*!40101 SET @saved_cs_client     = @@character_set_client */;
/*!50503 SET character_set_client = utf8mb4 */;
CREATE TABLE `product_images` (
  `image_id` bigint(20) unsigned NOT NULL AUTO_INCREMENT,
  `product_id` bigint(20) unsigned NOT NULL,
  `image_url` varchar(500) NOT NULL,
  `alt_text` varchar(200) DEFAULT NULL,
  `is_primary` tinyint(1) NOT NULL DEFAULT 0,
  `display_order` int(11) NOT NULL DEFAULT 0,
  `created_at` timestamp NULL DEFAULT NULL,
  `updated_at` timestamp NULL DEFAULT NULL,
  PRIMARY KEY (`image_id`),
  KEY `product_images_product_id_foreign` (`product_id`),
  CONSTRAINT `product_images_product_id_foreign` FOREIGN KEY (`product_id`) REFERENCES `products` (`product_id`) ON DELETE CASCADE
) ENGINE=InnoDB AUTO_INCREMENT=397 DEFAULT CHARSET=utf8mb4 COLLATE=utf8mb4_unicode_ci;
/*!40101 SET character_set_client = @saved_cs_client */;

--
-- Dumping data for table `product_images`
--

LOCK TABLES `product_images` WRITE;
/*!40000 ALTER TABLE `product_images` DISABLE KEYS */;
INSERT INTO `product_images` VALUES (1,1,'https://picsum.photos/seed/35aa01a9-0774-3891-9afe-d3e79e7157b0/800/800','Quis autem ut.',1,3,'2025-10-08 10:08:39','2025-10-08 10:08:39'),(2,1,'https://picsum.photos/seed/96c6e576-9076-33c8-8a19-c6572438153a/800/800','Excepturi dolorem ut.',0,4,'2025-10-08 10:08:39','2025-10-08 10:08:39'),(3,1,'https://picsum.photos/seed/eaf26870-8e5c-3114-8560-09db42dd45f2/800/800','Libero quasi aperiam iure.',0,9,'2025-10-08 10:08:39','2025-10-08 10:08:39'),(4,2,'https://picsum.photos/seed/dcd5e408-96e8-341b-838f-1abb91ebcc6e/800/800','Molestiae neque omnis.',1,3,'2025-10-08 10:08:39','2025-10-08 10:08:39'),(5,2,'https://picsum.photos/seed/09fabdc9-0206-384f-a52b-7914462a3efd/800/800','Maiores pariatur libero fugit.',0,5,'2025-10-08 10:08:39','2025-10-08 10:08:39'),(6,2,'https://picsum.photos/seed/516e653e-6eb8-30cf-a130-9d42941d363a/800/800','Distinctio a maiores enim.',0,7,'2025-10-08 10:08:39','2025-10-08 10:08:39'),(7,2,'https://picsum.photos/seed/1fe1a44c-b151-328b-b581-7a82b24392ca/800/800','Iure totam sit.',0,4,'2025-10-08 10:08:39','2025-10-08 10:08:39'),(8,3,'https://picsum.photos/seed/392aa95d-8605-330a-8c0d-8a385a72e423/800/800','Incidunt est temporibus.',1,3,'2025-10-08 10:08:39','2025-10-08 10:08:39'),(9,3,'https://picsum.photos/seed/c30cfa41-93af-325e-9cc1-a4192997ffc5/800/800','Distinctio sit nihil accusamus qui.',0,6,'2025-10-08 10:08:39','2025-10-08 10:08:39'),(10,3,'https://picsum.photos/seed/1d53609a-d979-3ef0-b6cc-ea735c4a7f28/800/800','Dolor aliquam quia.',0,6,'2025-10-08 10:08:39','2025-10-08 10:08:39'),(11,3,'https://picsum.photos/seed/579365f3-b908-369f-9973-1e8c445e5d86/800/800','Earum dolor laborum.',0,6,'2025-10-08 10:08:39','2025-10-08 10:08:39'),(12,4,'https://picsum.photos/seed/cfa2a035-2d1d-38e3-9e4a-4c10db2aa1cf/800/800','Neque aut voluptatum architecto.',1,9,'2025-10-08 10:08:39','2025-10-08 10:08:39'),(13,4,'https://picsum.photos/seed/80de64d4-423c-3271-a53b-f9fa476b924c/800/800','Sunt libero et.',0,7,'2025-10-08 10:08:39','2025-10-08 10:08:39'),(14,4,'https://picsum.photos/seed/58b9b9ac-9514-3962-a8f2-7d64f0a4e46d/800/800','Aut et animi quidem.',0,8,'2025-10-08 10:08:39','2025-10-08 10:08:39'),(15,4,'https://picsum.photos/seed/298b5461-04cd-3f21-b4e0-182a936c4139/800/800','Itaque voluptatem vel.',0,2,'2025-10-08 10:08:39','2025-10-08 10:08:39'),(16,5,'https://picsum.photos/seed/b87db726-19a7-397e-ad8d-697a36d7b565/800/800','Nihil aliquam explicabo.',1,3,'2025-10-08 10:08:39','2025-10-08 10:08:39'),(17,5,'https://picsum.photos/seed/15bfac38-3343-3dcd-af90-07d9332394c1/800/800','Non quam tenetur nulla.',0,10,'2025-10-08 10:08:39','2025-10-08 10:08:39'),(18,5,'https://picsum.photos/seed/b4099320-7b74-3b65-b8fb-844135d1f2e2/800/800','Illum ut numquam recusandae.',0,8,'2025-10-08 10:08:39','2025-10-08 10:08:39'),(19,5,'https://picsum.photos/seed/52949c86-6631-3651-b78c-286d9a5f06be/800/800','Consequatur ut consequatur.',0,10,'2025-10-08 10:08:39','2025-10-08 10:08:39'),(20,6,'https://picsum.photos/seed/4f713caa-2ba2-3f7d-a082-6fe84ec91e7f/800/800','Id et dolores.',1,9,'2025-10-08 10:08:39','2025-10-08 10:08:39'),(21,6,'https://picsum.photos/seed/a31e64ac-c8d5-36f1-9cc3-2181a2ada655/800/800','Hic debitis ab ipsa.',0,7,'2025-10-08 10:08:39','2025-10-08 10:08:39'),(22,6,'https://picsum.photos/seed/c55acd94-6505-3f16-9cd0-b1d849c743b4/800/800','Nisi ad ullam ut.',0,6,'2025-10-08 10:08:39','2025-10-08 10:08:39'),(23,7,'https://picsum.photos/seed/6ab36ddc-efe9-3975-a8e5-5cde7c38feaa/800/800','Dolor dicta dolores sint.',1,6,'2025-10-08 10:08:39','2025-10-08 10:08:39'),(24,7,'https://picsum.photos/seed/38b9bbb0-7227-3420-b528-50c8faa9c7d3/800/800','Voluptas perspiciatis laudantium.',0,5,'2025-10-08 10:08:39','2025-10-08 10:08:39'),(25,7,'https://picsum.photos/seed/cc2c610b-c7da-3ff5-8260-214771a8c6e1/800/800','Qui earum est neque.',0,9,'2025-10-08 10:08:39','2025-10-08 10:08:39'),(26,7,'https://picsum.photos/seed/6cc4a985-e538-3e82-be5d-8e4caf69637e/800/800','Tempora est ea optio.',0,6,'2025-10-08 10:08:39','2025-10-08 10:08:39'),(27,7,'https://picsum.photos/seed/9c87ae21-e09f-3633-b7e9-64df9ba68829/800/800','Illo voluptatem placeat.',0,3,'2025-10-08 10:08:39','2025-10-08 10:08:39'),(28,8,'https://picsum.photos/seed/700f0eae-bf0a-3561-ae8d-bed9df033d20/800/800','Autem et ut et cumque.',1,10,'2025-10-08 10:08:39','2025-10-08 10:08:39'),(29,8,'https://picsum.photos/seed/9d7ae51b-0539-3185-8d0f-b9b7dcbf4e7d/800/800','Delectus et molestiae.',0,7,'2025-10-08 10:08:39','2025-10-08 10:08:39'),(30,8,'https://picsum.photos/seed/474199ce-a85a-309f-9b48-390da3797d06/800/800','Praesentium non quae consequuntur.',0,2,'2025-10-08 10:08:39','2025-10-08 10:08:39'),(31,8,'https://picsum.photos/seed/23e84fa7-daa3-3b59-8024-9b57d2d36a4d/800/800','Qui itaque provident.',0,6,'2025-10-08 10:08:39','2025-10-08 10:08:39'),(32,9,'https://picsum.photos/seed/c3354434-02c6-303d-8062-43938eb2c6f3/800/800','Ut a maxime quas.',1,4,'2025-10-08 10:08:39','2025-10-08 10:08:39'),(33,9,'https://picsum.photos/seed/b41c8f33-9761-3626-b19c-923fe34a96c3/800/800','Qui esse qui.',0,10,'2025-10-08 10:08:39','2025-10-08 10:08:39'),(34,9,'https://picsum.photos/seed/1c797833-a142-338c-8430-2ac4ff2b1b9a/800/800','Quibusdam perferendis earum at.',0,5,'2025-10-08 10:08:39','2025-10-08 10:08:39'),(35,9,'https://picsum.photos/seed/9502126b-9e10-38c0-baaa-fab921ffac88/800/800','Fuga qui odio est.',0,6,'2025-10-08 10:08:39','2025-10-08 10:08:39'),(36,10,'https://picsum.photos/seed/59fce504-d131-3bb8-85cd-be52d8c129a3/800/800','Voluptatibus cupiditate sunt asperiores.',1,7,'2025-10-08 10:08:39','2025-10-08 10:08:39'),(37,10,'https://picsum.photos/seed/5febd693-80cf-3553-b996-0c10657254be/800/800','Facere facere quae eius.',0,7,'2025-10-08 10:08:39','2025-10-08 10:08:39'),(38,10,'https://picsum.photos/seed/58e8f333-9e71-3ba9-a233-a398e26971e7/800/800','Aliquam enim ut.',0,1,'2025-10-08 10:08:39','2025-10-08 10:08:39'),(39,10,'https://picsum.photos/seed/141146e0-afb6-3648-b0d6-14f56003fbed/800/800','Sed pariatur accusamus architecto.',0,6,'2025-10-08 10:08:39','2025-10-08 10:08:39'),(40,11,'https://picsum.photos/seed/5834d343-8ede-3f2e-a540-0cbaf211cf8e/800/800','Voluptatibus labore et.',1,7,'2025-10-08 10:08:39','2025-10-08 10:08:39'),(41,11,'https://picsum.photos/seed/04fd5222-74af-30f6-aff9-7b5cf879cd93/800/800','Dolor aut quas.',0,9,'2025-10-08 10:08:39','2025-10-08 10:08:39'),(42,11,'https://picsum.photos/seed/5f125da0-46cf-3df7-a2a3-be535eb3734a/800/800','Totam qui quod aut.',0,5,'2025-10-08 10:08:39','2025-10-08 10:08:39'),(43,11,'https://picsum.photos/seed/6c2e05ce-15dd-3dea-8a59-9698011ac3e8/800/800','Debitis quia quasi.',0,8,'2025-10-08 10:08:39','2025-10-08 10:08:39'),(44,12,'https://picsum.photos/seed/e4dc6b0b-e943-3894-8889-7d44c1d1ec58/800/800','Asperiores deserunt amet.',1,7,'2025-10-08 10:08:39','2025-10-08 10:08:39'),(45,12,'https://picsum.photos/seed/1d45160b-3649-38b1-a3f6-849f0d33ec51/800/800','Quia quia odit.',0,3,'2025-10-08 10:08:39','2025-10-08 10:08:39'),(46,12,'https://picsum.photos/seed/04b0d017-f1c9-33ff-b2a4-09cebe9dfc29/800/800','Aut et minus vitae.',0,4,'2025-10-08 10:08:39','2025-10-08 10:08:39'),(47,12,'https://picsum.photos/seed/ac8f928a-e4dc-346c-9a11-ec571df2ade5/800/800','Ut in ut.',0,4,'2025-10-08 10:08:39','2025-10-08 10:08:39'),(48,13,'https://picsum.photos/seed/a286b47f-a5de-3b07-a754-c23529b7fd67/800/800','Est corporis eum.',1,5,'2025-10-08 10:08:39','2025-10-08 10:08:39'),(49,13,'https://picsum.photos/seed/27e51165-9900-333e-a2a8-307b6ee18eea/800/800','Perferendis adipisci voluptatem dolor.',0,2,'2025-10-08 10:08:39','2025-10-08 10:08:39'),(50,13,'https://picsum.photos/seed/f6f19828-281b-379b-90b5-cd01228d9e85/800/800','Rerum enim quo fugit.',0,4,'2025-10-08 10:08:39','2025-10-08 10:08:39'),(51,13,'https://picsum.photos/seed/40490e67-56c0-3a8b-acf0-48c18957a78f/800/800','Sunt aut distinctio.',0,5,'2025-10-08 10:08:39','2025-10-08 10:08:39'),(52,13,'https://picsum.photos/seed/363984a9-7758-36e5-8ece-78e8d9f05709/800/800','Beatae saepe maxime.',0,7,'2025-10-08 10:08:39','2025-10-08 10:08:39'),(53,14,'https://picsum.photos/seed/bab16d55-49c9-32dd-bf6d-09eaf6a7700f/800/800','Magni voluptas sit.',1,4,'2025-10-08 10:08:39','2025-10-08 10:08:39'),(54,14,'https://picsum.photos/seed/bf42a573-01bb-30c6-a028-628b221e376f/800/800','Et vitae non quidem.',0,9,'2025-10-08 10:08:39','2025-10-08 10:08:39'),(55,14,'https://picsum.photos/seed/0b7a3e1d-39f3-3b6a-89a0-c304ee91538a/800/800','Omnis et.',0,8,'2025-10-08 10:08:39','2025-10-08 10:08:39'),(56,14,'https://picsum.photos/seed/0fd83a95-0ff8-3461-a38d-94070e847732/800/800','Consequatur nam laboriosam nemo.',0,8,'2025-10-08 10:08:39','2025-10-08 10:08:39'),(57,14,'https://picsum.photos/seed/b5ab8fc0-3eed-3c9c-93c7-8131e72f18a4/800/800','Ipsum velit id.',0,10,'2025-10-08 10:08:39','2025-10-08 10:08:39'),(58,15,'https://picsum.photos/seed/f8ea1f17-2ba6-3422-b8ef-3d0c0579f024/800/800','Minus aperiam non.',1,10,'2025-10-08 10:08:39','2025-10-08 10:08:39'),(59,15,'https://picsum.photos/seed/48bb601f-317c-3de3-9bb2-eec1c611752f/800/800','Dolore dolores molestiae doloribus voluptatem.',0,5,'2025-10-08 10:08:39','2025-10-08 10:08:39'),(60,15,'https://picsum.photos/seed/6fac84c7-45bf-3a3d-8a15-e02377a72dfa/800/800','Voluptatem a corrupti.',0,8,'2025-10-08 10:08:39','2025-10-08 10:08:39'),(61,15,'https://picsum.photos/seed/f58ce397-6566-3590-a8a3-72b52fc7bffa/800/800','Dignissimos cupiditate in sunt.',0,3,'2025-10-08 10:08:39','2025-10-08 10:08:39'),(62,16,'https://picsum.photos/seed/2e421c83-4350-3c32-afdc-ceb328056007/800/800','Dolore voluptate aut.',1,10,'2025-10-08 10:08:39','2025-10-08 10:08:39'),(63,16,'https://picsum.photos/seed/7a134219-7394-3b1e-80dc-5d86f524110c/800/800','At ipsa numquam rerum.',0,10,'2025-10-08 10:08:39','2025-10-08 10:08:39'),(64,16,'https://picsum.photos/seed/68bfb1fb-e953-3edb-ab10-a1252c80a9fa/800/800','Sit quod sint illo.',0,10,'2025-10-08 10:08:39','2025-10-08 10:08:39'),(65,17,'https://picsum.photos/seed/9d5f89ec-97c6-3e9c-aa5e-949e302c2dbe/800/800','Ex sit similique.',1,2,'2025-10-08 10:08:39','2025-10-08 10:08:39'),(66,17,'https://picsum.photos/seed/8cf59078-ff54-3b76-9306-371ca84a3973/800/800','Dolore cumque quaerat.',0,5,'2025-10-08 10:08:39','2025-10-08 10:08:39'),(67,17,'https://picsum.photos/seed/05f31b9c-4211-3292-9571-4ddb2442aa61/800/800','Velit eum nulla ut.',0,3,'2025-10-08 10:08:39','2025-10-08 10:08:39'),(68,17,'https://picsum.photos/seed/f324a4a1-5a47-39fd-b580-b52646cc732a/800/800','Impedit rem necessitatibus molestiae.',0,9,'2025-10-08 10:08:39','2025-10-08 10:08:39'),(69,17,'https://picsum.photos/seed/41e38ac8-ecf5-3863-91d1-7b76623fd03a/800/800','Placeat itaque et temporibus aut.',0,2,'2025-10-08 10:08:39','2025-10-08 10:08:39'),(70,18,'https://picsum.photos/seed/ea890f38-e9ab-3c50-b5b3-27ebaf086742/800/800','Molestiae voluptas qui.',1,5,'2025-10-08 10:08:39','2025-10-08 10:08:39'),(71,18,'https://picsum.photos/seed/a94ff64d-2413-3e73-9b44-d883768589a6/800/800','A quo ullam incidunt.',0,10,'2025-10-08 10:08:39','2025-10-08 10:08:39'),(72,18,'https://picsum.photos/seed/61c65ea6-2348-3cb7-b14b-12c478da2831/800/800','Exercitationem aut.',0,3,'2025-10-08 10:08:39','2025-10-08 10:08:39'),(73,18,'https://picsum.photos/seed/786fcc1c-3fbb-39c2-89f2-918a113303df/800/800','Beatae non ullam veritatis.',0,10,'2025-10-08 10:08:39','2025-10-08 10:08:39'),(74,19,'https://picsum.photos/seed/1c0279ca-b88a-3a09-9ef2-543695972b0d/800/800','Tempora qui ratione.',1,9,'2025-10-08 10:08:39','2025-10-08 10:08:39'),(75,19,'https://picsum.photos/seed/b351bf42-304f-3793-8ba8-5dc843c4524f/800/800','Expedita rerum in.',0,5,'2025-10-08 10:08:39','2025-10-08 10:08:39'),(76,19,'https://picsum.photos/seed/872810d1-9ddd-32b3-a5f7-35e04122a363/800/800','Itaque eos sunt.',0,4,'2025-10-08 10:08:39','2025-10-08 10:08:39'),(77,19,'https://picsum.photos/seed/663b55f3-d6ba-3d19-a34e-ecf248c6a3ed/800/800','Sed possimus et.',0,5,'2025-10-08 10:08:39','2025-10-08 10:08:39'),(78,19,'https://picsum.photos/seed/f9bbe89b-9fec-3e90-af20-755a5c05d082/800/800','Recusandae eos facilis officia.',0,2,'2025-10-08 10:08:39','2025-10-08 10:08:39'),(79,20,'https://picsum.photos/seed/0b1d9d9f-0f9f-3c67-ae5f-de0d4b971bf0/800/800','Dolorum ex dicta ut.',1,2,'2025-10-08 10:08:39','2025-10-08 10:08:39'),(80,20,'https://picsum.photos/seed/ae3f634d-2d25-3bed-b3d3-520da3ee41bc/800/800','Corrupti ut quis.',0,3,'2025-10-08 10:08:39','2025-10-08 10:08:39'),(81,20,'https://picsum.photos/seed/c520b056-d875-392e-b2b8-2f0160c55576/800/800','Repellendus asperiores doloremque.',0,3,'2025-10-08 10:08:39','2025-10-08 10:08:39'),(82,20,'https://picsum.photos/seed/433bd06d-932e-3567-9318-8f78e461bcd0/800/800','Dolores et eos officiis.',0,7,'2025-10-08 10:08:39','2025-10-08 10:08:39'),(83,21,'https://picsum.photos/seed/88496b4c-d82f-3713-a27f-999435be4b85/800/800','Ut unde quos dignissimos.',1,9,'2025-10-08 10:08:39','2025-10-08 10:08:39'),(84,21,'https://picsum.photos/seed/99404938-5a99-31ab-80f5-570bfcfdba25/800/800','Occaecati sint et sapiente.',0,10,'2025-10-08 10:08:39','2025-10-08 10:08:39'),(85,21,'https://picsum.photos/seed/d7e99a4b-923b-3031-b2de-d983a9ba4b08/800/800','Id illo sint ipsa eligendi.',0,7,'2025-10-08 10:08:39','2025-10-08 10:08:39'),(86,21,'https://picsum.photos/seed/cb7f40ce-c185-3b0f-87e1-21c7c7e981cd/800/800','Veniam dolore eius quis.',0,1,'2025-10-08 10:08:39','2025-10-08 10:08:39'),(87,22,'https://picsum.photos/seed/44356b08-f9de-3c92-8b75-ef926a7b95d4/800/800','Nihil inventore minus.',1,3,'2025-10-08 10:08:39','2025-10-08 10:08:39'),(88,22,'https://picsum.photos/seed/2b59e0f1-f79f-3d64-a79a-ead5941fa78e/800/800','Est nulla qui atque.',0,6,'2025-10-08 10:08:39','2025-10-08 10:08:39'),(89,22,'https://picsum.photos/seed/858c616d-8157-3769-b682-c6c234257c7e/800/800','A molestiae quis.',0,5,'2025-10-08 10:08:39','2025-10-08 10:08:39'),(90,23,'https://picsum.photos/seed/8bb506fa-47d8-313a-9e01-cd1bf4d967b8/800/800','Aut fuga reprehenderit nesciunt.',1,5,'2025-10-08 10:08:39','2025-10-08 10:08:39'),(91,23,'https://picsum.photos/seed/c566d5c5-495c-3248-9b02-ca95a529949c/800/800','Sint exercitationem similique et.',0,2,'2025-10-08 10:08:39','2025-10-08 10:08:39'),(92,23,'https://picsum.photos/seed/2f409c3d-84ee-37ce-89bf-90a2c9221cf4/800/800','Quis ut consequatur voluptas.',0,4,'2025-10-08 10:08:39','2025-10-08 10:08:39'),(93,23,'https://picsum.photos/seed/a7528914-aec1-36ae-b066-9cfd535f2578/800/800','Sit quam beatae neque.',0,9,'2025-10-08 10:08:39','2025-10-08 10:08:39'),(94,23,'https://picsum.photos/seed/631f3d2b-6171-370c-8f4f-9b637822df41/800/800','In sed recusandae ea vel.',0,10,'2025-10-08 10:08:39','2025-10-08 10:08:39'),(95,24,'https://picsum.photos/seed/edfa0bb5-cd30-3738-a50a-b46b711e70ff/800/800','Est nesciunt ipsa officia.',1,6,'2025-10-08 10:08:39','2025-10-08 10:08:39'),(96,24,'https://picsum.photos/seed/45d37754-2ae3-3639-9c98-ec4852f2f9c1/800/800','Quos delectus autem.',0,5,'2025-10-08 10:08:39','2025-10-08 10:08:39'),(97,24,'https://picsum.photos/seed/fa93267a-4d11-39c4-b26a-faaa2c3e0233/800/800','Libero eos quod.',0,1,'2025-10-08 10:08:39','2025-10-08 10:08:39'),(98,24,'https://picsum.photos/seed/13ed597b-758d-388d-a974-7e071553ef1a/800/800','Sed esse.',0,7,'2025-10-08 10:08:39','2025-10-08 10:08:39'),(99,24,'https://picsum.photos/seed/c3dfe69a-adae-3513-9903-b991dafe355f/800/800','Dolorem et doloremque tenetur.',0,3,'2025-10-08 10:08:39','2025-10-08 10:08:39'),(100,25,'https://picsum.photos/seed/d6e3f5c5-48bc-34ea-8ade-d892ce62fd1b/800/800','Est fugiat incidunt.',1,6,'2025-10-08 10:08:39','2025-10-08 10:08:39'),(101,25,'https://picsum.photos/seed/d924f18b-a6d8-311e-8177-ce74748cbac4/800/800','Quae facilis atque.',0,4,'2025-10-08 10:08:39','2025-10-08 10:08:39'),(102,25,'https://picsum.photos/seed/06080992-d7e1-3faf-9865-ed55be75a550/800/800','Dignissimos facere.',0,2,'2025-10-08 10:08:39','2025-10-08 10:08:39'),(103,25,'https://picsum.photos/seed/ee0ddad2-284c-384c-99b3-82342bf6fc97/800/800','Non nostrum voluptas.',0,4,'2025-10-08 10:08:39','2025-10-08 10:08:39'),(104,26,'https://picsum.photos/seed/96af4126-3725-35fd-8eb8-5f0339a3ece0/800/800','Id accusamus soluta.',1,3,'2025-10-08 10:08:39','2025-10-08 10:08:39'),(105,26,'https://picsum.photos/seed/67de9cbf-b873-316b-b6c1-af3f7085d07b/800/800','Quia est.',0,5,'2025-10-08 10:08:39','2025-10-08 10:08:39'),(106,26,'https://picsum.photos/seed/e92cdd7e-4203-3516-b05b-a889733ec0e8/800/800','Quidem corporis non est.',0,3,'2025-10-08 10:08:39','2025-10-08 10:08:39'),(107,26,'https://picsum.photos/seed/d5f062fa-8b76-38d0-b1dc-c4f2cdab31ac/800/800','Et est repellat amet occaecati.',0,6,'2025-10-08 10:08:39','2025-10-08 10:08:39'),(108,27,'https://picsum.photos/seed/8dd9a750-a126-346c-951a-d9b79ec11011/800/800','Veritatis amet ducimus.',1,1,'2025-10-08 10:08:39','2025-10-08 10:08:39'),(109,27,'https://picsum.photos/seed/a12a03fe-c946-36c0-9800-eb84e383d8c4/800/800','Corrupti ut non quia.',0,7,'2025-10-08 10:08:39','2025-10-08 10:08:39'),(110,27,'https://picsum.photos/seed/0120d621-01df-3504-abab-3ded8e5ae97e/800/800','Non dolorem voluptates.',0,1,'2025-10-08 10:08:39','2025-10-08 10:08:39'),(111,27,'https://picsum.photos/seed/f5a3c7fd-932d-3e75-a6ea-90eeef241eb8/800/800','Totam atque corrupti.',0,6,'2025-10-08 10:08:39','2025-10-08 10:08:39'),(112,28,'https://picsum.photos/seed/40a28773-74d2-3c39-a6f9-49de8057750d/800/800','Accusamus molestiae officia.',1,7,'2025-10-08 10:08:39','2025-10-08 10:08:39'),(113,28,'https://picsum.photos/seed/8d8690ca-a029-3363-a393-682b2c25efee/800/800','Alias corrupti vero.',0,3,'2025-10-08 10:08:39','2025-10-08 10:08:39'),(114,28,'https://picsum.photos/seed/da78ab33-9d12-3aa5-8782-02d4ed9f3c9a/800/800','Minus error veritatis.',0,8,'2025-10-08 10:08:39','2025-10-08 10:08:39'),(115,28,'https://picsum.photos/seed/000b55f0-c6cd-3223-9fc9-b554adbeb519/800/800','Assumenda quidem quaerat necessitatibus.',0,2,'2025-10-08 10:08:39','2025-10-08 10:08:39'),(116,29,'https://picsum.photos/seed/cec42ec3-4dd1-3aaa-9810-c4fab212adc6/800/800','Et sint magni id ab.',1,6,'2025-10-08 10:08:39','2025-10-08 10:08:39'),(117,29,'https://picsum.photos/seed/e2ed1bef-0ff4-3eac-9e02-4dbe283ecf61/800/800','Laudantium totam totam non.',0,6,'2025-10-08 10:08:39','2025-10-08 10:08:39'),(118,29,'https://picsum.photos/seed/eca294b2-d395-3fe0-b2b6-269cbad2c1db/800/800','Voluptatem dolores recusandae et.',0,7,'2025-10-08 10:08:39','2025-10-08 10:08:39'),(119,29,'https://picsum.photos/seed/3e9fb14a-bd6d-3d61-8d42-0d599ad3d65e/800/800','Nam fugiat dignissimos quo.',0,1,'2025-10-08 10:08:39','2025-10-08 10:08:39'),(120,30,'https://picsum.photos/seed/77d55a28-16d5-3fab-a25d-b91ea966ee3d/800/800','Sed rem corporis.',1,10,'2025-10-08 10:08:39','2025-10-08 10:08:39'),(121,30,'https://picsum.photos/seed/189801b0-97a7-3b5f-a804-213297ccb0b7/800/800','Occaecati magnam soluta qui.',0,7,'2025-10-08 10:08:39','2025-10-08 10:08:39'),(122,30,'https://picsum.photos/seed/cb6f857b-0e8a-3eac-8c80-4de0b23732f4/800/800','Accusantium fugit magnam fuga.',0,5,'2025-10-08 10:08:39','2025-10-08 10:08:39'),(123,31,'https://picsum.photos/seed/a9d5cac6-b3c2-3d27-a45f-558ea631869f/800/800','Repellendus expedita quos debitis.',1,3,'2025-10-08 10:08:39','2025-10-08 10:08:39'),(124,31,'https://picsum.photos/seed/02c83957-9348-3d67-83ec-91719ab30971/800/800','Perspiciatis fugiat est ex.',0,10,'2025-10-08 10:08:39','2025-10-08 10:08:39'),(125,31,'https://picsum.photos/seed/a08e8199-6f91-3361-8e8e-10543c2be05d/800/800','Maiores repellendus consequuntur est.',0,8,'2025-10-08 10:08:39','2025-10-08 10:08:39'),(126,32,'https://picsum.photos/seed/8e81dbc0-933d-3842-8215-29674b10a7fe/800/800','Dolores est distinctio consequatur.',1,9,'2025-10-08 10:08:39','2025-10-08 10:08:39'),(127,32,'https://picsum.photos/seed/e67a2571-2d82-398e-84e4-a9be108ce8a1/800/800','Aperiam commodi recusandae quas.',0,4,'2025-10-08 10:08:39','2025-10-08 10:08:39'),(128,32,'https://picsum.photos/seed/aa8d94a5-b628-33ad-8494-80bb0aa8211b/800/800','Repellendus voluptatum ut odit.',0,9,'2025-10-08 10:08:39','2025-10-08 10:08:39'),(129,32,'https://picsum.photos/seed/b10d2660-9789-3988-a073-dd4fbe84a8dd/800/800','Delectus sapiente soluta rerum dolores.',0,9,'2025-10-08 10:08:39','2025-10-08 10:08:39'),(130,32,'https://picsum.photos/seed/55ffdf83-7da8-3243-8231-9ed9d867a24b/800/800','Nobis id enim voluptas.',0,2,'2025-10-08 10:08:39','2025-10-08 10:08:39'),(131,33,'https://picsum.photos/seed/cf449350-2589-3b3a-88c3-87ed99b2b1da/800/800','Nihil eos qui dolore.',1,1,'2025-10-08 10:08:39','2025-10-08 10:08:39'),(132,33,'https://picsum.photos/seed/6a9b6316-3a03-3fc2-abf6-130fb6ad1042/800/800','Aut aspernatur expedita molestias.',0,1,'2025-10-08 10:08:39','2025-10-08 10:08:39'),(133,33,'https://picsum.photos/seed/dfd258a7-5f71-3e4f-9a01-d63e8277fce3/800/800','Ipsam ullam suscipit doloribus.',0,2,'2025-10-08 10:08:39','2025-10-08 10:08:39'),(134,34,'https://picsum.photos/seed/ef858e14-31a7-30bd-8076-75667ad89d87/800/800','Reiciendis numquam debitis.',1,8,'2025-10-08 10:08:39','2025-10-08 10:08:39'),(135,34,'https://picsum.photos/seed/b95f140d-b37f-3162-9044-c5d01d39f737/800/800','Sit et vitae autem.',0,2,'2025-10-08 10:08:39','2025-10-08 10:08:39'),(136,34,'https://picsum.photos/seed/aaf3adfd-c7bb-35a8-87f7-ba995586c1d4/800/800','Aspernatur aut numquam molestiae.',0,9,'2025-10-08 10:08:39','2025-10-08 10:08:39'),(137,34,'https://picsum.photos/seed/6afc3a93-5a9a-3f3f-9d6d-973ed6428d6c/800/800','Facere optio repellat.',0,4,'2025-10-08 10:08:39','2025-10-08 10:08:39'),(138,35,'https://picsum.photos/seed/0440e959-0725-3c2a-8c11-943eb520b757/800/800','Doloribus atque.',1,1,'2025-10-08 10:08:39','2025-10-08 10:08:39'),(139,35,'https://picsum.photos/seed/c70e475e-3155-33ae-a7db-9a2ae18ebb94/800/800','Incidunt recusandae ducimus.',0,7,'2025-10-08 10:08:39','2025-10-08 10:08:39'),(140,35,'https://picsum.photos/seed/c04111f9-b651-3b10-bfad-892bb70e96c1/800/800','Repudiandae possimus ad aut rem.',0,6,'2025-10-08 10:08:39','2025-10-08 10:08:39'),(141,36,'https://picsum.photos/seed/1b4d1807-8fe8-39c9-91cc-7b8b210f1434/800/800','Ut accusantium porro.',1,8,'2025-10-08 10:08:39','2025-10-08 10:08:39'),(142,36,'https://picsum.photos/seed/55d67210-0738-30b1-ac6c-a869289cffce/800/800','Cumque harum quaerat rem.',0,6,'2025-10-08 10:08:39','2025-10-08 10:08:39'),(143,36,'https://picsum.photos/seed/deb8ff0f-720a-3518-a872-5d2d812c08a7/800/800','Et aut et.',0,1,'2025-10-08 10:08:39','2025-10-08 10:08:39'),(144,36,'https://picsum.photos/seed/328e2b8c-7ff8-3bf0-8d17-d98ad34cd188/800/800','Vero unde earum.',0,6,'2025-10-08 10:08:39','2025-10-08 10:08:39'),(145,37,'https://picsum.photos/seed/24ee89e0-eff2-381b-a11d-78c788f7d240/800/800','Dolorem dolorem vel.',1,2,'2025-10-08 10:08:39','2025-10-08 10:08:39'),(146,37,'https://picsum.photos/seed/a5952b12-cd14-3623-ae90-bf9d3a5a50ec/800/800','Ipsa voluptatum commodi asperiores.',0,10,'2025-10-08 10:08:39','2025-10-08 10:08:39'),(147,37,'https://picsum.photos/seed/cd4dd43f-9276-3d64-9de4-3583528cb451/800/800','Totam quasi beatae illum nam.',0,1,'2025-10-08 10:08:39','2025-10-08 10:08:39'),(148,37,'https://picsum.photos/seed/b423bf94-0fdd-3768-ace0-4b827b1fc832/800/800','Deleniti sint eum et.',0,9,'2025-10-08 10:08:39','2025-10-08 10:08:39'),(149,37,'https://picsum.photos/seed/3f29899e-d417-3744-b1f3-7a59a8118012/800/800','Aut quis molestias.',0,10,'2025-10-08 10:08:39','2025-10-08 10:08:39'),(150,38,'https://picsum.photos/seed/72d1aa33-5ff8-3416-9c43-cdb97803f3b6/800/800','Voluptatem aut.',1,6,'2025-10-08 10:08:39','2025-10-08 10:08:39'),(151,38,'https://picsum.photos/seed/a9ace8d2-e828-3f14-9dd0-c2e17d70ef7f/800/800','Et eius quam molestiae.',0,9,'2025-10-08 10:08:39','2025-10-08 10:08:39'),(152,38,'https://picsum.photos/seed/f7c4437d-beec-328e-a3f7-4c5363127f32/800/800','Eos perspiciatis ut.',0,3,'2025-10-08 10:08:39','2025-10-08 10:08:39'),(153,39,'https://picsum.photos/seed/fcb07494-20ff-3037-8bb0-e7ae01d3aa2d/800/800','Asperiores ab perspiciatis.',1,1,'2025-10-08 10:08:39','2025-10-08 10:08:39'),(154,39,'https://picsum.photos/seed/a4668942-2d00-3d4f-957c-d8c9ca7b6de4/800/800','Natus temporibus laudantium.',0,8,'2025-10-08 10:08:39','2025-10-08 10:08:39'),(155,39,'https://picsum.photos/seed/239e9963-11e8-3c19-ba72-388428b0a112/800/800','Provident cupiditate.',0,7,'2025-10-08 10:08:39','2025-10-08 10:08:39'),(156,39,'https://picsum.photos/seed/0f65d8ea-d30b-334b-80f2-c4ddabf5a4a9/800/800','Nostrum et provident.',0,8,'2025-10-08 10:08:39','2025-10-08 10:08:39'),(157,39,'https://picsum.photos/seed/2667fd14-7dc7-3bea-bc52-edb92ec0e28f/800/800','Ex exercitationem sit.',0,1,'2025-10-08 10:08:39','2025-10-08 10:08:39'),(158,40,'https://picsum.photos/seed/5e42eac9-8574-3730-ad1a-7213e2352151/800/800','Rerum alias dolor aut.',1,4,'2025-10-08 10:08:39','2025-10-08 10:08:39'),(159,40,'https://picsum.photos/seed/c30ef56f-b570-3dec-a28b-aca07066d651/800/800','A sapiente cum minus.',0,2,'2025-10-08 10:08:39','2025-10-08 10:08:39'),(160,40,'https://picsum.photos/seed/54a11d6f-ce26-3139-8dba-f4e2e8e11e10/800/800','Corrupti dolores doloremque.',0,5,'2025-10-08 10:08:39','2025-10-08 10:08:39'),(161,40,'https://picsum.photos/seed/1ee31246-5a13-3979-a57b-c3fdbed884fe/800/800','Nam repudiandae odit.',0,4,'2025-10-08 10:08:39','2025-10-08 10:08:39'),(162,41,'https://picsum.photos/seed/a300949b-389b-3c31-aa8e-af3b90dbf486/800/800','Totam porro adipisci ut.',1,3,'2025-10-08 10:08:39','2025-10-08 10:08:39'),(163,41,'https://picsum.photos/seed/1cdf0fb2-36a4-3ad2-9203-832241e66f1c/800/800','Doloribus assumenda possimus ipsum.',0,5,'2025-10-08 10:08:39','2025-10-08 10:08:39'),(164,41,'https://picsum.photos/seed/428483a0-b69d-3ab9-b67a-e59bc649087e/800/800','Inventore unde corrupti ad.',0,6,'2025-10-08 10:08:39','2025-10-08 10:08:39'),(165,41,'https://picsum.photos/seed/3696f743-d686-3871-9050-4f922a0cf5ac/800/800','Sed nam facilis itaque.',0,9,'2025-10-08 10:08:39','2025-10-08 10:08:39'),(166,42,'https://picsum.photos/seed/78ff08e8-f8a8-38c2-b170-730329d41ec7/800/800','A dicta qui.',1,1,'2025-10-08 10:08:39','2025-10-08 10:08:39'),(167,42,'https://picsum.photos/seed/fcfd5f30-d1a7-3f00-9027-3a6702665e2d/800/800','Perspiciatis consectetur exercitationem temporibus.',0,10,'2025-10-08 10:08:39','2025-10-08 10:08:39'),(168,42,'https://picsum.photos/seed/c0f6414a-1c22-3a18-8df3-a6aa51b05ac2/800/800','Voluptatibus sunt qui perferendis eveniet.',0,4,'2025-10-08 10:08:39','2025-10-08 10:08:39'),(169,42,'https://picsum.photos/seed/93b8bda7-a175-36f0-b819-c26f9f0e4d7e/800/800','Deleniti quo quasi possimus.',0,9,'2025-10-08 10:08:39','2025-10-08 10:08:39'),(170,43,'https://picsum.photos/seed/02417045-300b-393c-8df3-77c6ba2b1b18/800/800','Eaque officiis vel.',1,5,'2025-10-08 10:08:39','2025-10-08 10:08:39'),(171,43,'https://picsum.photos/seed/d5968f00-0c61-3f46-b8b3-80cdd256b38d/800/800','Vero et quam repellendus.',0,9,'2025-10-08 10:08:39','2025-10-08 10:08:39'),(172,43,'https://picsum.photos/seed/66eacf33-08a9-361f-af97-01cd3f18a321/800/800','Omnis debitis voluptatem.',0,6,'2025-10-08 10:08:39','2025-10-08 10:08:39'),(173,43,'https://picsum.photos/seed/cfa6ba26-4994-3953-bf8c-7dc934b5f86a/800/800','Rem exercitationem quia.',0,8,'2025-10-08 10:08:39','2025-10-08 10:08:39'),(174,43,'https://picsum.photos/seed/ac4ad40a-ce27-35de-b2ca-054acf3bc5f8/800/800','Ea dolore esse.',0,2,'2025-10-08 10:08:39','2025-10-08 10:08:39'),(175,44,'https://picsum.photos/seed/7224a2bf-246b-37ee-a36b-a098bbf96aeb/800/800','Fuga officiis aspernatur.',1,6,'2025-10-08 10:08:39','2025-10-08 10:08:39'),(176,44,'https://picsum.photos/seed/50e5523f-2ce0-32b1-9df8-39f34d0ff5df/800/800','Autem voluptas possimus ea ipsa.',0,9,'2025-10-08 10:08:39','2025-10-08 10:08:39'),(177,44,'https://picsum.photos/seed/1d01fde2-3fdd-36e5-afcb-46619623a917/800/800','Officia iure dolorum minus.',0,4,'2025-10-08 10:08:39','2025-10-08 10:08:39'),(178,44,'https://picsum.photos/seed/8581c267-4183-38de-b7ea-682a29e3dd1b/800/800','Explicabo magni officia illum.',0,8,'2025-10-08 10:08:39','2025-10-08 10:08:39'),(179,44,'https://picsum.photos/seed/957e256e-f3fa-3713-a5ea-3d18a5fb032a/800/800','Excepturi veritatis cumque.',0,9,'2025-10-08 10:08:39','2025-10-08 10:08:39'),(180,45,'https://picsum.photos/seed/5b9687f3-d66a-39a9-a5ab-c822ed466ec9/800/800','Ipsum sequi incidunt reiciendis placeat.',1,2,'2025-10-08 10:08:39','2025-10-08 10:08:39'),(181,45,'https://picsum.photos/seed/af7b1667-5d97-371e-842f-63358540356b/800/800','Voluptas beatae accusantium sed.',0,4,'2025-10-08 10:08:39','2025-10-08 10:08:39'),(182,45,'https://picsum.photos/seed/d3ce443c-3ac9-3f03-89dd-9ecdc838c55e/800/800','Odio ut minus fugit.',0,9,'2025-10-08 10:08:39','2025-10-08 10:08:39'),(183,45,'https://picsum.photos/seed/75c27b22-f522-33b4-b66a-e770f30dbc2c/800/800','Et dolorem dolor saepe.',0,5,'2025-10-08 10:08:39','2025-10-08 10:08:39'),(184,46,'https://picsum.photos/seed/631fe1e7-57c4-3152-931e-71e326db53cd/800/800','Nihil atque nihil.',1,2,'2025-10-08 10:08:39','2025-10-08 10:08:39'),(185,46,'https://picsum.photos/seed/c3f23bc8-0e6f-31bc-a9ec-64c68bcf169d/800/800','Impedit qui temporibus.',0,2,'2025-10-08 10:08:39','2025-10-08 10:08:39'),(186,46,'https://picsum.photos/seed/c2bd97db-d070-3b52-8ad4-44bd622294b4/800/800','Ea in animi.',0,4,'2025-10-08 10:08:39','2025-10-08 10:08:39'),(187,46,'https://picsum.photos/seed/4234f744-c7aa-3323-b8c7-2fecce1220f5/800/800','Sed voluptas voluptate non.',0,1,'2025-10-08 10:08:39','2025-10-08 10:08:39'),(188,47,'https://picsum.photos/seed/85855141-bae3-3856-a8f6-412cccc597e5/800/800','Odit accusantium cupiditate explicabo.',1,4,'2025-10-08 10:08:39','2025-10-08 10:08:39'),(189,47,'https://picsum.photos/seed/f7f2e262-fcfb-3278-aefd-176ebd58d5fd/800/800','Sapiente similique.',0,1,'2025-10-08 10:08:39','2025-10-08 10:08:39'),(190,47,'https://picsum.photos/seed/5cbe2c5e-486d-334c-89a6-8a7e8e40cdfb/800/800','Earum exercitationem.',0,5,'2025-10-08 10:08:39','2025-10-08 10:08:39'),(191,47,'https://picsum.photos/seed/cc483bef-9c3a-35fa-ba1e-a95aa33e1ba6/800/800','Rerum molestiae.',0,5,'2025-10-08 10:08:39','2025-10-08 10:08:39'),(192,48,'https://picsum.photos/seed/e20d2caa-ac96-3738-a217-739e5b8e4c56/800/800','Possimus quia omnis veniam.',1,8,'2025-10-08 10:08:39','2025-10-08 10:08:39'),(193,48,'https://picsum.photos/seed/d5805d96-8960-3a2d-bf4e-80d74a1bc194/800/800','Tenetur quo voluptas.',0,2,'2025-10-08 10:08:39','2025-10-08 10:08:39'),(194,48,'https://picsum.photos/seed/cb00a4c2-97b3-3e2d-a3c1-0e266402a73a/800/800','Error accusantium molestiae eligendi.',0,3,'2025-10-08 10:08:39','2025-10-08 10:08:39'),(195,49,'https://picsum.photos/seed/6b87c479-4657-301b-bb87-e0985fc73eca/800/800','Dolor accusantium natus et.',1,9,'2025-10-08 10:08:39','2025-10-08 10:08:39'),(196,49,'https://picsum.photos/seed/1267069c-fefd-3299-95e9-3b19bf88a6b9/800/800','Quod unde rerum.',0,2,'2025-10-08 10:08:39','2025-10-08 10:08:39'),(197,49,'https://picsum.photos/seed/af0b6b36-73bb-3edd-85c8-ad0b9baf3094/800/800','Ab qui vitae et et.',0,4,'2025-10-08 10:08:39','2025-10-08 10:08:39'),(198,49,'https://picsum.photos/seed/ab2c579d-f1f3-36e2-8a2c-fd19150deae6/800/800','Vel voluptatibus praesentium rerum.',0,7,'2025-10-08 10:08:39','2025-10-08 10:08:39'),(199,49,'https://picsum.photos/seed/6710147e-d87b-3072-b665-e4216b75d002/800/800','Temporibus voluptatem ab est.',0,10,'2025-10-08 10:08:39','2025-10-08 10:08:39'),(200,50,'https://picsum.photos/seed/0111f3fc-614a-3e43-920e-b0a72ae12d99/800/800','Eum delectus aut libero.',1,2,'2025-10-08 10:08:39','2025-10-08 10:08:39'),(201,50,'https://picsum.photos/seed/e3e0bbe1-9814-3271-a804-c5f0fe137851/800/800','Laborum voluptatem repudiandae vel.',0,3,'2025-10-08 10:08:39','2025-10-08 10:08:39'),(202,50,'https://picsum.photos/seed/fcf0b9f0-ecbf-34c0-afe8-a0fe4d1d0074/800/800','Eveniet quam amet placeat aut.',0,5,'2025-10-08 10:08:39','2025-10-08 10:08:39'),(203,50,'https://picsum.photos/seed/002e7248-61df-370c-b7ba-ac43ec59dae2/800/800','Dolores odio sed.',0,3,'2025-10-08 10:08:39','2025-10-08 10:08:39'),(204,51,'https://picsum.photos/seed/031ef79f-3d8b-3a09-aa1a-32e9eb8cd2d7/800/800','Repellat sequi numquam alias.',1,5,'2025-10-08 10:08:39','2025-10-08 10:08:39'),(205,51,'https://picsum.photos/seed/122b2392-69ba-3496-812e-07c9cf2e9b32/800/800','Facere quas nihil veniam.',0,1,'2025-10-08 10:08:39','2025-10-08 10:08:39'),(206,51,'https://picsum.photos/seed/c60bc2c5-baa4-3686-95b5-7bb751a3d1bb/800/800','Dolor excepturi rerum sit.',0,2,'2025-10-08 10:08:39','2025-10-08 10:08:39'),(207,51,'https://picsum.photos/seed/a8577ae8-4708-3add-b3a9-1fd6c8130cb7/800/800','Ut atque iste.',0,3,'2025-10-08 10:08:39','2025-10-08 10:08:39'),(208,52,'https://picsum.photos/seed/452a824c-a6e5-33b7-a4e2-160129252892/800/800','Assumenda quod atque quam.',1,9,'2025-10-08 10:08:39','2025-10-08 10:08:39'),(209,52,'https://picsum.photos/seed/56dd7628-b398-3077-98f1-5f5f6c0aa3ea/800/800','Ut iste aperiam vero.',0,1,'2025-10-08 10:08:39','2025-10-08 10:08:39'),(210,52,'https://picsum.photos/seed/588fc0f7-b478-362b-8d85-14f7e3890138/800/800','Dolorum officiis.',0,5,'2025-10-08 10:08:39','2025-10-08 10:08:39'),(211,52,'https://picsum.photos/seed/e17b0f32-4098-3882-b151-7e3f5f9bfec4/800/800','Ut reprehenderit sit velit ut.',0,6,'2025-10-08 10:08:39','2025-10-08 10:08:39'),(212,52,'https://picsum.photos/seed/8bf295ba-7bf8-3b1b-8245-778f4f44c3a1/800/800','Unde eaque repellat eaque.',0,1,'2025-10-08 10:08:39','2025-10-08 10:08:39'),(213,53,'https://picsum.photos/seed/fd86e11d-7d07-3116-9f22-148c4d70fc3c/800/800','Officia ea aperiam.',1,6,'2025-10-08 10:08:39','2025-10-08 10:08:39'),(214,53,'https://picsum.photos/seed/f5a04ab3-fdcc-3b5b-9b6b-a3498cc894b7/800/800','Corrupti veniam iure.',0,5,'2025-10-08 10:08:39','2025-10-08 10:08:39'),(215,53,'https://picsum.photos/seed/5dd3db39-30a4-3e0c-9268-944d4845d48c/800/800','Rerum tempora sit.',0,8,'2025-10-08 10:08:39','2025-10-08 10:08:39'),(216,54,'https://picsum.photos/seed/d8a2930a-43de-37e6-bde0-d88443843222/800/800','Molestiae id reprehenderit mollitia.',1,3,'2025-10-08 10:08:39','2025-10-08 10:08:39'),(217,54,'https://picsum.photos/seed/388995d0-2b43-321a-a30f-bc8bf83ed29b/800/800','Sed rerum quis harum.',0,5,'2025-10-08 10:08:39','2025-10-08 10:08:39'),(218,54,'https://picsum.photos/seed/237a222f-4e2e-33ba-9ed3-0d8cd05e2a58/800/800','Id dicta ipsa aut.',0,5,'2025-10-08 10:08:39','2025-10-08 10:08:39'),(219,55,'https://picsum.photos/seed/134b6589-ccd6-3f41-9780-b8989a336b7a/800/800','Sunt maxime.',1,8,'2025-10-08 10:08:39','2025-10-08 10:08:39'),(220,55,'https://picsum.photos/seed/57a70f1d-0082-3dbc-888a-58c22ba29dc8/800/800','Inventore quas labore quis.',0,9,'2025-10-08 10:08:39','2025-10-08 10:08:39'),(221,55,'https://picsum.photos/seed/2e3ec2dc-1d33-358b-ba2f-392bca0b1974/800/800','Doloribus est non aliquam.',0,2,'2025-10-08 10:08:39','2025-10-08 10:08:39'),(222,56,'https://picsum.photos/seed/51fe9ea8-e6b1-3535-8871-1202e885f8a9/800/800','Delectus qui eveniet.',1,6,'2025-10-08 10:08:39','2025-10-08 10:08:40'),(223,56,'https://picsum.photos/seed/0a96284b-d165-33d7-89cc-729af60a0c15/800/800','Id voluptate quia.',0,9,'2025-10-08 10:08:39','2025-10-08 10:08:39'),(224,56,'https://picsum.photos/seed/e58712d7-cef7-31b1-ba8a-10285fdfb041/800/800','Impedit ducimus commodi.',0,6,'2025-10-08 10:08:40','2025-10-08 10:08:40'),(225,57,'https://picsum.photos/seed/3cef9596-e8c0-3608-a1c2-5afa7f8ea75d/800/800','Voluptas debitis odio.',1,5,'2025-10-08 10:08:40','2025-10-08 10:08:40'),(226,57,'https://picsum.photos/seed/f98ea9a7-0380-36b0-a260-45e8762ed55c/800/800','Culpa facilis molestias ab incidunt.',0,2,'2025-10-08 10:08:40','2025-10-08 10:08:40'),(227,57,'https://picsum.photos/seed/9ff1f15b-541f-3672-aeeb-a54ad9438fb3/800/800','Illo eum sit voluptatum unde.',0,5,'2025-10-08 10:08:40','2025-10-08 10:08:40'),(228,57,'https://picsum.photos/seed/8a9118cd-f0d6-32f5-86da-6cf6a598982a/800/800','Modi beatae repellendus.',0,5,'2025-10-08 10:08:40','2025-10-08 10:08:40'),(229,57,'https://picsum.photos/seed/6066fff9-89c8-3bf4-bf94-ff3a7834c2a3/800/800','Iste illum in.',0,1,'2025-10-08 10:08:40','2025-10-08 10:08:40'),(230,58,'https://picsum.photos/seed/c0ffffe7-ef0a-31c2-8e31-9ece9e25a561/800/800','Voluptatum provident et magnam.',1,1,'2025-10-08 10:08:40','2025-10-08 10:08:40'),(231,58,'https://picsum.photos/seed/89578084-c982-3c6f-ac51-978f2f341503/800/800','Non voluptas et.',0,9,'2025-10-08 10:08:40','2025-10-08 10:08:40'),(232,58,'https://picsum.photos/seed/1de85e5a-3c0b-3623-9fc7-00ff3f1a35a6/800/800','Laborum et amet.',0,2,'2025-10-08 10:08:40','2025-10-08 10:08:40'),(233,58,'https://picsum.photos/seed/df3cd263-918f-3d3e-9034-3f7d29bae010/800/800','Et sit aperiam laboriosam.',0,2,'2025-10-08 10:08:40','2025-10-08 10:08:40'),(234,59,'https://picsum.photos/seed/c593db1c-d82f-3b59-8f21-8bcc4a3292e0/800/800','Voluptatibus qui veniam omnis eaque.',1,7,'2025-10-08 10:08:40','2025-10-08 10:08:40'),(235,59,'https://picsum.photos/seed/4daa3ccc-8cf7-37b9-acb7-0389eb052b14/800/800','Sed repellendus illum.',0,8,'2025-10-08 10:08:40','2025-10-08 10:08:40'),(236,59,'https://picsum.photos/seed/f6fad148-9438-3b63-9a95-45847e58e1b1/800/800','Quia doloremque blanditiis.',0,8,'2025-10-08 10:08:40','2025-10-08 10:08:40'),(237,60,'https://picsum.photos/seed/4fca5191-7aaf-3145-805f-5c8ca0bcf91c/800/800','Dicta voluptatem similique fuga.',1,8,'2025-10-08 10:08:40','2025-10-08 10:08:40'),(238,60,'https://picsum.photos/seed/ec5dca04-4635-30e0-9cd4-dfe8c1392010/800/800','Quis et et.',0,1,'2025-10-08 10:08:40','2025-10-08 10:08:40'),(239,60,'https://picsum.photos/seed/59fe4077-80d7-3640-ae43-35bf8724d633/800/800','Itaque iusto ut.',0,7,'2025-10-08 10:08:40','2025-10-08 10:08:40'),(240,60,'https://picsum.photos/seed/9d05a5da-62b0-3ff4-97f2-eb085c650b46/800/800','Hic corrupti totam.',0,4,'2025-10-08 10:08:40','2025-10-08 10:08:40'),(241,60,'https://picsum.photos/seed/e69a0242-4cd5-3cb1-9883-4aa568e9e6aa/800/800','Sit aperiam cum neque.',0,5,'2025-10-08 10:08:40','2025-10-08 10:08:40'),(242,61,'https://picsum.photos/seed/235d616c-5c9c-34a1-955f-cada31641b12/800/800','Tempora temporibus cupiditate hic.',1,7,'2025-10-08 10:08:40','2025-10-08 10:08:40'),(243,61,'https://picsum.photos/seed/19c2092f-a9d1-336d-824b-1ecfbf65c53b/800/800','Deleniti eos ut.',0,3,'2025-10-08 10:08:40','2025-10-08 10:08:40'),(244,61,'https://picsum.photos/seed/6da8f69e-7415-3841-baf2-e565db3f1a81/800/800','Eaque possimus officia ex voluptatem.',0,7,'2025-10-08 10:08:40','2025-10-08 10:08:40'),(245,61,'https://picsum.photos/seed/73888ea9-81e3-371d-99e2-df85c4c09773/800/800','Repellendus maiores.',0,2,'2025-10-08 10:08:40','2025-10-08 10:08:40'),(246,61,'https://picsum.photos/seed/e5d0da0d-9faa-3c44-a7d9-ff43926483e8/800/800','Omnis aut expedita dolores.',0,8,'2025-10-08 10:08:40','2025-10-08 10:08:40'),(247,62,'https://picsum.photos/seed/91dad70c-9f4f-3ebf-872c-df80e3a24fde/800/800','Illum quae quasi.',1,6,'2025-10-08 10:08:40','2025-10-08 10:08:40'),(248,62,'https://picsum.photos/seed/ce80b692-3364-3ae6-bf09-2fff3f402958/800/800','Non vel sunt.',0,8,'2025-10-08 10:08:40','2025-10-08 10:08:40'),(249,62,'https://picsum.photos/seed/057089c7-4048-3002-8cb3-2a68295f25d4/800/800','Dicta delectus veniam.',0,2,'2025-10-08 10:08:40','2025-10-08 10:08:40'),(250,62,'https://picsum.photos/seed/e2a295ad-b323-3390-85df-e37c63afebfc/800/800','Dignissimos architecto consequatur.',0,3,'2025-10-08 10:08:40','2025-10-08 10:08:40'),(251,63,'https://picsum.photos/seed/ab7ff562-a9db-395d-b5b7-e190dd54c3f4/800/800','At accusantium adipisci ea rerum.',1,7,'2025-10-08 10:08:40','2025-10-08 10:08:40'),(252,63,'https://picsum.photos/seed/f5e78676-b929-3251-a147-08dd6e9cdb36/800/800','Exercitationem hic sit.',0,9,'2025-10-08 10:08:40','2025-10-08 10:08:40'),(253,63,'https://picsum.photos/seed/22bcec0a-9e72-3d5e-8b3d-4c463b359495/800/800','Enim similique minus.',0,5,'2025-10-08 10:08:40','2025-10-08 10:08:40'),(254,63,'https://picsum.photos/seed/f32c2a46-1b41-3683-8ede-838fd89def3b/800/800','Totam labore totam inventore.',0,6,'2025-10-08 10:08:40','2025-10-08 10:08:40'),(255,63,'https://picsum.photos/seed/ed2098f3-014b-3c1f-a24c-2e96b62a66b1/800/800','Reprehenderit hic libero.',0,10,'2025-10-08 10:08:40','2025-10-08 10:08:40'),(256,64,'https://picsum.photos/seed/1d8c2152-4f4c-3df0-8616-b76a88980d28/800/800','Doloribus porro repellendus.',1,7,'2025-10-08 10:08:40','2025-10-08 10:08:40'),(257,64,'https://picsum.photos/seed/40f18b8c-3fc8-35b6-b2d9-051769ff117e/800/800','Id est dolorem.',0,1,'2025-10-08 10:08:40','2025-10-08 10:08:40'),(258,64,'https://picsum.photos/seed/09f0c590-5c52-3b21-a71d-556dd1cf7bd0/800/800','Voluptatem quae culpa ab.',0,10,'2025-10-08 10:08:40','2025-10-08 10:08:40'),(259,65,'https://picsum.photos/seed/249c31f2-b413-3cf8-9814-8c1d16f47295/800/800','Et sequi voluptatem.',1,4,'2025-10-08 10:08:40','2025-10-08 10:08:40'),(260,65,'https://picsum.photos/seed/ac14725e-5c8c-31c2-9ba8-335c6d1d765e/800/800','Sed minima deleniti.',0,2,'2025-10-08 10:08:40','2025-10-08 10:08:40'),(261,65,'https://picsum.photos/seed/230b478d-b365-321b-91a4-3bf0a17fd8bf/800/800','Voluptate labore debitis atque.',0,3,'2025-10-08 10:08:40','2025-10-08 10:08:40'),(262,66,'https://picsum.photos/seed/acc37b99-0c22-3630-bb11-1202f3906767/800/800','Voluptatem assumenda assumenda quam.',1,6,'2025-10-08 10:08:40','2025-10-08 10:08:40'),(263,66,'https://picsum.photos/seed/eed55245-cb8e-39ac-948f-bf57171f7238/800/800','Qui quae.',0,10,'2025-10-08 10:08:40','2025-10-08 10:08:40'),(264,66,'https://picsum.photos/seed/88a30d94-795c-3fbe-a00e-121ef18750ad/800/800','Omnis suscipit quidem.',0,8,'2025-10-08 10:08:40','2025-10-08 10:08:40'),(265,66,'https://picsum.photos/seed/d2d976d4-05d8-30f1-88a8-ed03d641700a/800/800','Amet blanditiis omnis ipsum.',0,9,'2025-10-08 10:08:40','2025-10-08 10:08:40'),(266,66,'https://picsum.photos/seed/c4fccccd-23e2-3335-9fc4-d7cdbfa7b30a/800/800','Deserunt necessitatibus eum voluptas saepe.',0,10,'2025-10-08 10:08:40','2025-10-08 10:08:40'),(267,67,'https://picsum.photos/seed/bb15b8ff-4ed8-37de-8da3-1824f54d871b/800/800','Sit in assumenda architecto.',1,8,'2025-10-08 10:08:40','2025-10-08 10:08:40'),(268,67,'https://picsum.photos/seed/e2aec498-b176-345d-98fb-377f025b9a65/800/800','Non veniam explicabo.',0,4,'2025-10-08 10:08:40','2025-10-08 10:08:40'),(269,67,'https://picsum.photos/seed/bbc009f6-bbb8-35ed-80fd-d2e06c4cfce2/800/800','Nihil inventore et.',0,5,'2025-10-08 10:08:40','2025-10-08 10:08:40'),(270,68,'https://picsum.photos/seed/8243197a-97b4-3b81-88d3-f5515be63a6b/800/800','Tempore facilis et similique.',1,3,'2025-10-08 10:08:40','2025-10-08 10:08:40'),(271,68,'https://picsum.photos/seed/7841cc23-fec5-3a8a-a33d-a85fea15842f/800/800','Aut dolorem non autem.',0,10,'2025-10-08 10:08:40','2025-10-08 10:08:40'),(272,68,'https://picsum.photos/seed/3ad5276d-ec42-38ac-855b-d85e74c7fa06/800/800','Aliquid non culpa.',0,1,'2025-10-08 10:08:40','2025-10-08 10:08:40'),(273,68,'https://picsum.photos/seed/bdbb95d3-fab8-3b08-9688-b3daf7db3a4d/800/800','In est harum dolores.',0,10,'2025-10-08 10:08:40','2025-10-08 10:08:40'),(274,69,'https://picsum.photos/seed/b92313b3-e0b7-3bac-8c0c-651c449b5e34/800/800','Quia laborum eius.',1,5,'2025-10-08 10:08:40','2025-10-08 10:08:40'),(275,69,'https://picsum.photos/seed/23b940fd-53ba-3c8b-ba13-ace75053254d/800/800','Occaecati dolorem minus doloremque.',0,7,'2025-10-08 10:08:40','2025-10-08 10:08:40'),(276,69,'https://picsum.photos/seed/1d9de054-16d7-3b69-8557-92825f32d0ca/800/800','Cum sed optio omnis.',0,3,'2025-10-08 10:08:40','2025-10-08 10:08:40'),(277,69,'https://picsum.photos/seed/de361b44-4cc0-3e16-8623-a612b8ad60a5/800/800','Sunt occaecati in.',0,9,'2025-10-08 10:08:40','2025-10-08 10:08:40'),(278,69,'https://picsum.photos/seed/7a75aae3-e2a0-3a93-8409-d0225ef87f3d/800/800','Eveniet autem aspernatur id.',0,7,'2025-10-08 10:08:40','2025-10-08 10:08:40'),(279,70,'https://picsum.photos/seed/cd5a0f88-3b48-32bc-83ee-6a8e3767a056/800/800','Labore qui itaque.',1,2,'2025-10-08 10:08:40','2025-10-08 10:08:40'),(280,70,'https://picsum.photos/seed/66cd2b0f-27ae-3d95-ab95-dc7bb680720c/800/800','Quisquam magni deserunt voluptatem.',0,6,'2025-10-08 10:08:40','2025-10-08 10:08:40'),(281,70,'https://picsum.photos/seed/40deae17-ac95-3439-95a3-f5b48c93dfc5/800/800','Odit aspernatur.',0,7,'2025-10-08 10:08:40','2025-10-08 10:08:40'),(282,71,'https://picsum.photos/seed/a630b7d9-439b-3a78-96e1-87bcf3caf582/800/800','Omnis placeat aut quo ea.',1,5,'2025-10-08 10:08:40','2025-10-08 10:08:40'),(283,71,'https://picsum.photos/seed/4b29531e-31da-37f3-bdf3-4e29f377ff64/800/800','Omnis possimus quas aut.',0,2,'2025-10-08 10:08:40','2025-10-08 10:08:40'),(284,71,'https://picsum.photos/seed/6c2e3d28-3850-3f3f-b2a7-e1c7ec367a27/800/800','Ducimus sint rerum et.',0,3,'2025-10-08 10:08:40','2025-10-08 10:08:40'),(285,71,'https://picsum.photos/seed/f8bfbbee-f4b6-308a-86a2-392567b3eec7/800/800','Quis molestiae mollitia.',0,5,'2025-10-08 10:08:40','2025-10-08 10:08:40'),(286,72,'https://picsum.photos/seed/3506a524-1bbf-3589-90b2-7f102dea107b/800/800','Optio voluptatem numquam.',1,3,'2025-10-08 10:08:40','2025-10-08 10:08:40'),(287,72,'https://picsum.photos/seed/1ef3a413-f528-3116-92d2-47da298bceec/800/800','Ipsum deleniti sed eligendi.',0,8,'2025-10-08 10:08:40','2025-10-08 10:08:40'),(288,72,'https://picsum.photos/seed/4ef78cbb-a0af-346d-92ea-2bfc6ccb0060/800/800','Sed est deserunt.',0,5,'2025-10-08 10:08:40','2025-10-08 10:08:40'),(289,72,'https://picsum.photos/seed/bb630c3a-23f5-3267-b665-07a14b410935/800/800','Molestiae est quidem et.',0,8,'2025-10-08 10:08:40','2025-10-08 10:08:40'),(290,72,'https://picsum.photos/seed/1946efad-ddd0-374f-805d-3871eb831ec7/800/800','Dicta ipsum consectetur.',0,10,'2025-10-08 10:08:40','2025-10-08 10:08:40'),(291,73,'https://picsum.photos/seed/8b4435ce-8d09-3f76-94af-32a16b8f5603/800/800','Et sint repellendus unde.',1,2,'2025-10-08 10:08:40','2025-10-08 10:08:40'),(292,73,'https://picsum.photos/seed/820a7cc0-3839-3af4-88af-8bde0a495a4e/800/800','Est est dolor officia.',0,2,'2025-10-08 10:08:40','2025-10-08 10:08:40'),(293,73,'https://picsum.photos/seed/35a07b30-7b84-36b6-9812-fb8d2be708b5/800/800','Labore ut dolores non.',0,5,'2025-10-08 10:08:40','2025-10-08 10:08:40'),(294,73,'https://picsum.photos/seed/9ce49642-df10-3875-a74f-f8684cf03324/800/800','Perspiciatis quo est.',0,1,'2025-10-08 10:08:40','2025-10-08 10:08:40'),(295,74,'https://picsum.photos/seed/9077a038-ced4-39ef-91b8-a0006da461fb/800/800','Quod modi possimus.',1,9,'2025-10-08 10:08:40','2025-10-08 10:08:40'),(296,74,'https://picsum.photos/seed/b28663cb-26a4-3369-8b06-a8932158df1a/800/800','Ut molestiae in.',0,8,'2025-10-08 10:08:40','2025-10-08 10:08:40'),(297,74,'https://picsum.photos/seed/21ddd41f-66b0-3d45-8a16-a413648502e6/800/800','Ut culpa iusto aut.',0,3,'2025-10-08 10:08:40','2025-10-08 10:08:40'),(298,74,'https://picsum.photos/seed/5ccbee6c-17f1-386a-b31e-1b7422b76847/800/800','Quia nobis fugit qui.',0,6,'2025-10-08 10:08:40','2025-10-08 10:08:40'),(299,75,'https://picsum.photos/seed/73855232-a8f3-3468-8f45-615d7f6dcccd/800/800','Ullam et.',1,6,'2025-10-08 10:08:40','2025-10-08 10:08:40'),(300,75,'https://picsum.photos/seed/28e71bea-497f-36a4-bc88-0a22098ae534/800/800','Impedit non eius minus.',0,8,'2025-10-08 10:08:40','2025-10-08 10:08:40'),(301,75,'https://picsum.photos/seed/4488e608-fc50-3ce2-af03-06670967950a/800/800','Cumque esse eveniet pariatur.',0,10,'2025-10-08 10:08:40','2025-10-08 10:08:40'),(302,76,'https://picsum.photos/seed/086289e7-4551-38f9-b2d8-bede3b38f27f/800/800','Sunt adipisci delectus in.',1,1,'2025-10-08 10:08:40','2025-10-08 10:08:40'),(303,76,'https://picsum.photos/seed/52a3512e-45b1-3320-b352-3acedbc306c9/800/800','Optio eveniet similique.',0,10,'2025-10-08 10:08:40','2025-10-08 10:08:40'),(304,76,'https://picsum.photos/seed/d2cc14a6-11fb-3bc8-9dd8-37b69889e098/800/800','Fugit ut laudantium.',0,5,'2025-10-08 10:08:40','2025-10-08 10:08:40'),(305,77,'https://picsum.photos/seed/67870193-db11-330d-b789-97be8bac3d99/800/800','Tempora nihil deleniti adipisci aliquid.',1,4,'2025-10-08 10:08:40','2025-10-08 10:08:40'),(306,77,'https://picsum.photos/seed/87772a89-d14f-3b6f-a393-f50d039be5b6/800/800','Voluptatem corrupti consequatur.',0,2,'2025-10-08 10:08:40','2025-10-08 10:08:40'),(307,77,'https://picsum.photos/seed/7eb33f06-148e-3258-9d90-5927ff640c99/800/800','Excepturi iste occaecati.',0,3,'2025-10-08 10:08:40','2025-10-08 10:08:40'),(308,77,'https://picsum.photos/seed/fd64ff68-7837-3c75-b220-8cc98021ac5a/800/800','Rerum ab in.',0,10,'2025-10-08 10:08:40','2025-10-08 10:08:40'),(309,78,'https://picsum.photos/seed/a4838d77-7690-3b9c-ad31-796441bd515b/800/800','Pariatur quo incidunt occaecati.',1,1,'2025-10-08 10:08:40','2025-10-08 10:08:40'),(310,78,'https://picsum.photos/seed/5d9601d8-4453-383a-94bf-692587b43c65/800/800','Expedita praesentium.',0,9,'2025-10-08 10:08:40','2025-10-08 10:08:40'),(311,78,'https://picsum.photos/seed/920c0135-f7dd-3ca9-98ab-9713d8280771/800/800','Quia rerum corporis architecto.',0,6,'2025-10-08 10:08:40','2025-10-08 10:08:40'),(312,78,'https://picsum.photos/seed/7707524d-562b-39ce-b5c5-fba9b8c564e4/800/800','Voluptatibus ut similique ut.',0,1,'2025-10-08 10:08:40','2025-10-08 10:08:40'),(313,78,'https://picsum.photos/seed/ad7c3dc3-bca4-38b1-a803-caf74f07ce4c/800/800','Et officia quidem sint.',0,3,'2025-10-08 10:08:40','2025-10-08 10:08:40'),(314,79,'https://picsum.photos/seed/d1807e13-b8df-3072-96f8-977c0fc5012c/800/800','Omnis numquam perferendis.',1,2,'2025-10-08 10:08:40','2025-10-08 10:08:40'),(315,79,'https://picsum.photos/seed/628bf034-a761-3b97-ab9c-d1d602dbcdab/800/800','Temporibus totam laudantium delectus.',0,5,'2025-10-08 10:08:40','2025-10-08 10:08:40'),(316,79,'https://picsum.photos/seed/90e778fd-a5f1-3357-bb27-f91002fb4d0b/800/800','Voluptates et quam.',0,4,'2025-10-08 10:08:40','2025-10-08 10:08:40'),(317,79,'https://picsum.photos/seed/0810980c-a2dd-301c-93e5-a346f13142a5/800/800','Non dolores voluptate.',0,3,'2025-10-08 10:08:40','2025-10-08 10:08:40'),(318,79,'https://picsum.photos/seed/cd1e523f-d254-3d84-961d-8a7da8e226e5/800/800','Possimus nam tempore doloribus.',0,8,'2025-10-08 10:08:40','2025-10-08 10:08:40'),(319,80,'https://picsum.photos/seed/ac1ad9d2-5a5f-3811-8f9f-837408f64342/800/800','Voluptatum adipisci aut neque.',1,3,'2025-10-08 10:08:40','2025-10-08 10:08:40'),(320,80,'https://picsum.photos/seed/2b9efdd3-a8f3-3688-8fe7-cc36a34901b2/800/800','Et officiis sed est.',0,6,'2025-10-08 10:08:40','2025-10-08 10:08:40'),(321,80,'https://picsum.photos/seed/77bf1edf-8f4b-3ce5-abaf-eb25c031df1c/800/800','Reiciendis dolores cum.',0,1,'2025-10-08 10:08:40','2025-10-08 10:08:40'),(322,81,'https://picsum.photos/seed/752b2c67-3ced-320c-b20b-b18923a1fcdf/800/800','Vel earum officia.',1,4,'2025-10-08 10:08:40','2025-10-08 10:08:40'),(323,81,'https://picsum.photos/seed/f24ae126-9374-38c8-92e8-5547c52a3984/800/800','Porro vero harum.',0,10,'2025-10-08 10:08:40','2025-10-08 10:08:40'),(324,81,'https://picsum.photos/seed/05665b52-7d22-388c-b9b7-5af89ee15a34/800/800','Magni omnis dolorum.',0,5,'2025-10-08 10:08:40','2025-10-08 10:08:40'),(325,81,'https://picsum.photos/seed/ade201e9-cddb-33a9-ae8a-56d18cf0e0d3/800/800','Doloribus corrupti id.',0,4,'2025-10-08 10:08:40','2025-10-08 10:08:40'),(326,81,'https://picsum.photos/seed/ff98a478-98f7-3b80-9032-59e6a2664070/800/800','Saepe ratione.',0,3,'2025-10-08 10:08:40','2025-10-08 10:08:40'),(327,82,'https://picsum.photos/seed/92d6a789-dd54-3ae3-90fa-d86d5478ce65/800/800','A delectus ducimus ipsa.',1,6,'2025-10-08 10:08:40','2025-10-08 10:08:40'),(328,82,'https://picsum.photos/seed/f71db4f9-a75f-3593-b65e-6389b0b31953/800/800','Est saepe et.',0,5,'2025-10-08 10:08:40','2025-10-08 10:08:40'),(329,82,'https://picsum.photos/seed/a3064aaf-6442-3a96-bbcd-074054e2acc4/800/800','Sint ea laudantium sapiente.',0,6,'2025-10-08 10:08:40','2025-10-08 10:08:40'),(330,83,'https://picsum.photos/seed/c4fadaed-64de-39cc-a131-c771a4c17f17/800/800','Sed eos nemo et.',1,10,'2025-10-08 10:08:40','2025-10-08 10:08:40'),(331,83,'https://picsum.photos/seed/85d25da7-83a5-3d79-aaa5-b1fe9f0eb8da/800/800','Architecto nulla accusantium expedita aliquam.',0,6,'2025-10-08 10:08:40','2025-10-08 10:08:40'),(332,83,'https://picsum.photos/seed/126e9b22-2cc3-3e2f-bf33-ad3b775319d1/800/800','Veniam culpa nemo.',0,4,'2025-10-08 10:08:40','2025-10-08 10:08:40'),(333,83,'https://picsum.photos/seed/c73c1241-aa9f-3911-bda5-4710e9178c81/800/800','Excepturi sunt.',0,1,'2025-10-08 10:08:40','2025-10-08 10:08:40'),(334,84,'https://picsum.photos/seed/55745d6d-ee6e-3ed7-a0b6-813569b0440f/800/800','Officia eius harum.',1,9,'2025-10-08 10:08:40','2025-10-08 10:08:40'),(335,84,'https://picsum.photos/seed/17db33d7-fca8-3784-bd07-c2086ef4c784/800/800','Similique assumenda perspiciatis.',0,9,'2025-10-08 10:08:40','2025-10-08 10:08:40'),(336,84,'https://picsum.photos/seed/aa695a68-dae0-3347-845c-29561a467aa9/800/800','Blanditiis ullam illo rerum.',0,6,'2025-10-08 10:08:40','2025-10-08 10:08:40'),(337,84,'https://picsum.photos/seed/a2a1af59-225d-3ef4-980c-569be5063a09/800/800','Asperiores consequatur iste neque.',0,5,'2025-10-08 10:08:40','2025-10-08 10:08:40'),(338,85,'https://picsum.photos/seed/3b9d1bba-1a0e-39b9-b832-d2d42e5a6159/800/800','Sunt eaque.',1,6,'2025-10-08 10:08:40','2025-10-08 10:08:40'),(339,85,'https://picsum.photos/seed/4c6597ef-43fc-3ccd-838b-3ac7fd3b9f51/800/800','Vel reiciendis et voluptatem suscipit.',0,8,'2025-10-08 10:08:40','2025-10-08 10:08:40'),(340,85,'https://picsum.photos/seed/79406d48-a777-3cc0-bc11-7d39b8e84d13/800/800','Velit iste perspiciatis quas.',0,10,'2025-10-08 10:08:40','2025-10-08 10:08:40'),(341,85,'https://picsum.photos/seed/baa4d573-872e-3144-bda7-7e3dc9fcb6ef/800/800','Maxime nemo voluptatem consequuntur.',0,3,'2025-10-08 10:08:40','2025-10-08 10:08:40'),(342,86,'https://picsum.photos/seed/8e29b1f8-090f-3e00-910f-57b98bbb17da/800/800','Velit laudantium aut ipsam.',1,9,'2025-10-08 10:08:40','2025-10-08 10:08:40'),(343,86,'https://picsum.photos/seed/c45cef14-2f16-344f-b723-92f837878f2a/800/800','Voluptatem iste deleniti rerum.',0,4,'2025-10-08 10:08:40','2025-10-08 10:08:40'),(344,86,'https://picsum.photos/seed/5fa0d777-5604-3fcc-991b-b4dcefa994cf/800/800','Eos cumque recusandae.',0,2,'2025-10-08 10:08:40','2025-10-08 10:08:40'),(345,86,'https://picsum.photos/seed/8220325f-86dc-3376-ae78-3acb5614638a/800/800','Soluta omnis et.',0,6,'2025-10-08 10:08:40','2025-10-08 10:08:40'),(346,86,'https://picsum.photos/seed/db0c4f73-b071-3aad-b2da-0c943a527b21/800/800','Quos molestiae alias aut dolore.',0,8,'2025-10-08 10:08:40','2025-10-08 10:08:40'),(347,87,'https://picsum.photos/seed/015af195-fe78-3570-bc8b-e8a3f73fecf7/800/800','Doloribus nostrum quisquam esse.',1,2,'2025-10-08 10:08:40','2025-10-08 10:08:40'),(348,87,'https://picsum.photos/seed/c7d2baf4-b937-3cd5-8ca6-fe14696cb96d/800/800','Quam ut sapiente sit.',0,10,'2025-10-08 10:08:40','2025-10-08 10:08:40'),(349,87,'https://picsum.photos/seed/b578ae3a-4051-3c99-9755-1ee3367c2c1f/800/800','Dolore numquam omnis commodi voluptate.',0,10,'2025-10-08 10:08:40','2025-10-08 10:08:40'),(350,88,'https://picsum.photos/seed/40426478-6484-3b17-9310-51145aaf977f/800/800','Ut molestias.',1,4,'2025-10-08 10:08:40','2025-10-08 10:08:40'),(351,88,'https://picsum.photos/seed/d8cc58a0-4896-37a3-a490-adcad3473077/800/800','Minus et corporis et nisi.',0,2,'2025-10-08 10:08:40','2025-10-08 10:08:40'),(352,88,'https://picsum.photos/seed/c30c64a7-7d77-39ea-8460-9b32469ef6de/800/800','Velit non nihil omnis.',0,4,'2025-10-08 10:08:40','2025-10-08 10:08:40'),(353,89,'https://picsum.photos/seed/3c7f1641-63e3-3f42-be1a-93e65f79c280/800/800','Mollitia quos quas.',1,4,'2025-10-08 10:08:40','2025-10-08 10:08:40'),(354,89,'https://picsum.photos/seed/af6340db-b3f0-3ea5-b9ab-3a29b90a1930/800/800','Inventore dolorum veritatis sit.',0,2,'2025-10-08 10:08:40','2025-10-08 10:08:40'),(355,89,'https://picsum.photos/seed/513c95c0-63e2-3725-ab99-e193690d4c68/800/800','Ducimus voluptate.',0,6,'2025-10-08 10:08:40','2025-10-08 10:08:40'),(356,89,'https://picsum.photos/seed/f2026095-a47c-3b41-826c-4521f477a9c1/800/800','Autem provident possimus et.',0,1,'2025-10-08 10:08:40','2025-10-08 10:08:40'),(357,90,'https://picsum.photos/seed/7fc4cf68-8b41-36fc-8c16-7aedc72aa526/800/800','Et qui.',1,2,'2025-10-08 10:08:40','2025-10-08 10:08:40'),(358,90,'https://picsum.photos/seed/c40e29bf-ddc5-3428-9df9-232167b77eeb/800/800','Aspernatur assumenda et dolores.',0,2,'2025-10-08 10:08:40','2025-10-08 10:08:40'),(359,90,'https://picsum.photos/seed/587d5774-7d30-38fa-be15-08d14c9b4160/800/800','Distinctio dolorum maxime voluptatem.',0,2,'2025-10-08 10:08:40','2025-10-08 10:08:40'),(360,91,'https://picsum.photos/seed/6702e0d7-627c-3eb0-8fec-3a728a6927f1/800/800','Tempore voluptatem ipsam dolor.',1,7,'2025-10-08 10:08:40','2025-10-08 10:08:40'),(361,91,'https://picsum.photos/seed/d71738df-8ca4-342e-a614-c1881c96615e/800/800','Quas animi possimus laudantium.',0,7,'2025-10-08 10:08:40','2025-10-08 10:08:40'),(362,91,'https://picsum.photos/seed/a93e8d91-f99b-3280-ab20-24f7e4b09585/800/800','Omnis ex ut non.',0,1,'2025-10-08 10:08:40','2025-10-08 10:08:40'),(363,92,'https://picsum.photos/seed/a6c1e355-9bf9-3772-97b0-b21b6b5b9e09/800/800','Voluptatem necessitatibus expedita.',1,8,'2025-10-08 10:08:40','2025-10-08 10:08:40'),(364,92,'https://picsum.photos/seed/da208d8b-8e8d-3505-bf32-ee0024b56341/800/800','Beatae qui dolores.',0,4,'2025-10-08 10:08:40','2025-10-08 10:08:40'),(365,92,'https://picsum.photos/seed/bfe04505-815b-3087-8615-d4684a379786/800/800','Occaecati ut rem.',0,1,'2025-10-08 10:08:40','2025-10-08 10:08:40'),(366,92,'https://picsum.photos/seed/99ba326c-6617-3847-ad21-6f20a81bc85e/800/800','Repudiandae rerum ut.',0,4,'2025-10-08 10:08:40','2025-10-08 10:08:40'),(367,93,'https://picsum.photos/seed/b9cf85b5-f9e2-3534-825b-6c33dd96ff81/800/800','Maxime labore labore temporibus.',1,10,'2025-10-08 10:08:40','2025-10-08 10:08:40'),(368,93,'https://picsum.photos/seed/6cff8ecc-b58e-3c29-9c06-d3345f1d6778/800/800','Ab illum qui.',0,8,'2025-10-08 10:08:40','2025-10-08 10:08:40'),(369,93,'https://picsum.photos/seed/20dd23b0-605a-3112-bfa2-ac266baf1589/800/800','A et autem saepe.',0,3,'2025-10-08 10:08:40','2025-10-08 10:08:40'),(370,93,'https://picsum.photos/seed/2076acb4-9bfb-3406-abf1-c1357eaccf47/800/800','Eligendi quaerat ducimus.',0,8,'2025-10-08 10:08:40','2025-10-08 10:08:40'),(371,94,'https://picsum.photos/seed/076a2f65-36be-32f0-8969-e3e3034886db/800/800','Non voluptate ab id.',1,10,'2025-10-08 10:08:40','2025-10-08 10:08:40'),(372,94,'https://picsum.photos/seed/e99c6e8d-0dd3-3a9e-a0fe-e26297086be5/800/800','Reiciendis quis.',0,10,'2025-10-08 10:08:40','2025-10-08 10:08:40'),(373,94,'https://picsum.photos/seed/c8b318ee-feea-3ce6-b963-6dca3b861778/800/800','Magnam rerum debitis quis.',0,5,'2025-10-08 10:08:40','2025-10-08 10:08:40'),(374,95,'https://picsum.photos/seed/02e80f73-4d69-3fd0-8f1b-7f937446c798/800/800','Magnam est qui.',1,2,'2025-10-08 10:08:40','2025-10-08 10:08:40'),(375,95,'https://picsum.photos/seed/dbd39f52-3d3a-3991-9025-24bc87ac8ac9/800/800','Quibusdam beatae ut.',0,5,'2025-10-08 10:08:40','2025-10-08 10:08:40'),(376,95,'https://picsum.photos/seed/32359d12-7d3b-3165-b537-ee414443fc21/800/800','Non odio quibusdam.',0,10,'2025-10-08 10:08:40','2025-10-08 10:08:40'),(377,95,'https://picsum.photos/seed/91168864-7040-3211-ad4e-986696bd44ad/800/800','Nihil odit est quam consequatur.',0,1,'2025-10-08 10:08:40','2025-10-08 10:08:40'),(378,96,'https://picsum.photos/seed/b6e05333-3d63-38e3-af69-a176cbad9808/800/800','Aut harum qui.',1,1,'2025-10-08 10:08:40','2025-10-08 10:08:40'),(379,96,'https://picsum.photos/seed/38a3da41-75cf-3f6d-9587-d86bce31ddce/800/800','Dolorem et unde.',0,3,'2025-10-08 10:08:40','2025-10-08 10:08:40'),(380,96,'https://picsum.photos/seed/c3a1df00-2535-3d05-80f5-0177e9453ba4/800/800','Possimus totam ea vel.',0,2,'2025-10-08 10:08:40','2025-10-08 10:08:40'),(381,96,'https://picsum.photos/seed/e969a818-5e22-3264-9029-4d3e0bc07147/800/800','Repellat doloremque ipsa.',0,9,'2025-10-08 10:08:40','2025-10-08 10:08:40'),(382,97,'https://picsum.photos/seed/775a7cd2-f92b-3053-9b7e-db932997e0ef/800/800','Voluptas consectetur earum sunt.',1,5,'2025-10-08 10:08:40','2025-10-08 10:08:40'),(383,97,'https://picsum.photos/seed/fb33abbd-9df3-3249-95dd-f03e27f3d18c/800/800','Odio distinctio possimus rerum.',0,10,'2025-10-08 10:08:40','2025-10-08 10:08:40'),(384,97,'https://picsum.photos/seed/b4e89304-8d5d-340e-b353-88ee4600cbaa/800/800','Quia cupiditate voluptatem.',0,6,'2025-10-08 10:08:40','2025-10-08 10:08:40'),(385,98,'https://picsum.photos/seed/de6ecfa0-5e78-3c6d-b029-2d4a966e19e3/800/800','Qui aut iusto rerum.',1,1,'2025-10-08 10:08:40','2025-10-08 10:08:40'),(386,98,'https://picsum.photos/seed/2175393c-c462-3685-8384-76b80d2d6350/800/800','Id iure quos autem.',0,1,'2025-10-08 10:08:40','2025-10-08 10:08:40'),(387,98,'https://picsum.photos/seed/ef9fc665-0067-35e9-b441-d077b2ec5496/800/800','Eos tempora voluptas eos.',0,9,'2025-10-08 10:08:40','2025-10-08 10:08:40'),(388,98,'https://picsum.photos/seed/3bcd03fe-7beb-3cae-b46d-4a4c2b02ee72/800/800','Dolores corrupti et.',0,3,'2025-10-08 10:08:40','2025-10-08 10:08:40'),(389,99,'https://picsum.photos/seed/0b08d1cd-f3b1-326d-8fac-05517436e2f7/800/800','Numquam minus dolorem.',1,2,'2025-10-08 10:08:40','2025-10-08 10:08:40'),(390,99,'https://picsum.photos/seed/7ea3c99c-4dca-3bbc-8434-2e57be6f33ae/800/800','Iste minus commodi maiores.',0,7,'2025-10-08 10:08:40','2025-10-08 10:08:40'),(391,99,'https://picsum.photos/seed/fe92dd0e-2edc-3408-b5e8-7f6e9b8f6744/800/800','In iure qui nisi.',0,7,'2025-10-08 10:08:40','2025-10-08 10:08:40'),(392,99,'https://picsum.photos/seed/03446290-70b3-369c-822d-2a29cf0ddf9c/800/800','Eveniet aliquid dolorem.',0,3,'2025-10-08 10:08:40','2025-10-08 10:08:40'),(393,99,'https://picsum.photos/seed/bceaafd7-3648-3b33-9121-1ce76b29e082/800/800','Hic tempora rerum magnam.',0,5,'2025-10-08 10:08:40','2025-10-08 10:08:40'),(394,100,'https://picsum.photos/seed/539d3919-cbd4-3a69-90d9-c3a9d6d5ff8b/800/800','Optio voluptatum libero.',1,6,'2025-10-08 10:08:40','2025-10-08 10:08:40'),(395,100,'https://picsum.photos/seed/14233511-c720-38d9-bff5-14801827c4f7/800/800','Temporibus sint cumque sit.',0,5,'2025-10-08 10:08:40','2025-10-08 10:08:40'),(396,100,'https://picsum.photos/seed/7e50d050-3c99-3451-a419-fcd613130103/800/800','Ducimus rem quia.',0,4,'2025-10-08 10:08:40','2025-10-08 10:08:40');
/*!40000 ALTER TABLE `product_images` ENABLE KEYS */;
UNLOCK TABLES;

--
-- Table structure for table `product_variants`
--

DROP TABLE IF EXISTS `product_variants`;
/*!40101 SET @saved_cs_client     = @@character_set_client */;
/*!50503 SET character_set_client = utf8mb4 */;
CREATE TABLE `product_variants` (
  `variant_id` bigint(20) unsigned NOT NULL AUTO_INCREMENT,
  `product_id` bigint(20) unsigned NOT NULL,
  `sku` varchar(100) NOT NULL,
  `price` decimal(18,2) NOT NULL,
  `discount_price` decimal(18,2) DEFAULT NULL,
  `stock_quantity` int(11) NOT NULL DEFAULT 0,
  `image_id` bigint(20) unsigned DEFAULT NULL,
  `created_at` timestamp NULL DEFAULT NULL,
  `updated_at` timestamp NULL DEFAULT NULL,
  `deleted_at` timestamp NULL DEFAULT NULL,
  PRIMARY KEY (`variant_id`),
  UNIQUE KEY `product_variants_sku_unique` (`sku`),
  KEY `product_variants_product_id_foreign` (`product_id`),
  KEY `product_variants_image_id_foreign` (`image_id`),
  CONSTRAINT `product_variants_image_id_foreign` FOREIGN KEY (`image_id`) REFERENCES `product_images` (`image_id`) ON DELETE SET NULL,
  CONSTRAINT `product_variants_product_id_foreign` FOREIGN KEY (`product_id`) REFERENCES `products` (`product_id`) ON DELETE CASCADE
) ENGINE=InnoDB AUTO_INCREMENT=160 DEFAULT CHARSET=utf8mb4 COLLATE=utf8mb4_unicode_ci;
/*!40101 SET character_set_client = @saved_cs_client */;

--
-- Dumping data for table `product_variants`
--

LOCK TABLES `product_variants` WRITE;
/*!40000 ALTER TABLE `product_variants` DISABLE KEYS */;
INSERT INTO `product_variants` VALUES (1,1,'SKU-42956le',4443169.00,4381737.00,62,NULL,'2025-10-08 10:08:39','2025-10-08 10:08:39',NULL),(2,1,'SKU-03621db',23836477.00,23761315.00,33,NULL,'2025-10-08 10:08:39','2025-10-08 10:08:39',NULL),(3,1,'SKU-37945qb',42551453.00,42488614.00,6,NULL,'2025-10-08 10:08:39','2025-10-08 10:08:39',NULL),(4,3,'SKU-83241cs',11313905.00,11236431.00,9,NULL,'2025-10-08 10:08:39','2025-10-08 10:08:39',NULL),(5,3,'SKU-90827na',38305612.00,38276175.00,26,NULL,'2025-10-08 10:08:39','2025-10-08 10:08:39',NULL),(6,3,'SKU-19611yn',30719648.00,30702076.00,91,NULL,'2025-10-08 10:08:39','2025-10-08 10:08:39',NULL),(7,4,'SKU-42754fg',47175952.00,47090055.00,93,NULL,'2025-10-08 10:08:39','2025-10-08 10:08:39',NULL),(8,4,'SKU-90880yo',32429889.00,32330233.00,84,NULL,'2025-10-08 10:08:39','2025-10-08 10:08:39',NULL),(9,4,'SKU-29769rf',7365454.00,7313035.00,76,NULL,'2025-10-08 10:08:39','2025-10-08 10:08:39',NULL),(10,5,'SKU-34502er',29524938.00,29499107.00,84,NULL,'2025-10-08 10:08:39','2025-10-08 10:08:39',NULL),(11,5,'SKU-05287mz',27477402.00,27449510.00,50,NULL,'2025-10-08 10:08:39','2025-10-08 10:08:39',NULL),(12,6,'SKU-77639ef',48388914.00,48359316.00,59,NULL,'2025-10-08 10:08:39','2025-10-08 10:08:39',NULL),(13,6,'SKU-99519ro',6906551.00,6841405.00,93,NULL,'2025-10-08 10:08:39','2025-10-08 10:08:39',NULL),(14,7,'SKU-78538cq',26385485.00,26290634.00,49,NULL,'2025-10-08 10:08:39','2025-10-08 10:08:39',NULL),(15,7,'SKU-69934ni',49944314.00,49905304.00,77,NULL,'2025-10-08 10:08:39','2025-10-08 10:08:39',NULL),(16,7,'SKU-88478hr',24995596.00,24977346.00,7,NULL,'2025-10-08 10:08:39','2025-10-08 10:08:39',NULL),(17,8,'SKU-81002jy',4429063.00,4383469.00,34,NULL,'2025-10-08 10:08:39','2025-10-08 10:08:39',NULL),(18,8,'SKU-60983zf',33814365.00,33774014.00,6,NULL,'2025-10-08 10:08:39','2025-10-08 10:08:39',NULL),(19,9,'SKU-46954bi',16885729.00,16786800.00,18,NULL,'2025-10-08 10:08:39','2025-10-08 10:08:39',NULL),(20,9,'SKU-25629im',37656105.00,37566890.00,40,NULL,'2025-10-08 10:08:39','2025-10-08 10:08:39',NULL),(21,10,'SKU-80933qw',14274985.00,14261150.00,79,NULL,'2025-10-08 10:08:39','2025-10-08 10:08:39',NULL),(22,10,'SKU-85627ho',36177440.00,36166533.00,15,NULL,'2025-10-08 10:08:39','2025-10-08 10:08:39',NULL),(23,11,'SKU-21566tw',45921747.00,45839854.00,80,NULL,'2025-10-08 10:08:39','2025-10-08 10:08:39',NULL),(24,11,'SKU-22536lc',18964109.00,18952266.00,71,NULL,'2025-10-08 10:08:39','2025-10-08 10:08:39',NULL),(25,11,'SKU-14163qk',48289214.00,48224826.00,30,NULL,'2025-10-08 10:08:39','2025-10-08 10:08:39',NULL),(26,12,'SKU-04465ct',3519210.00,3481945.00,17,NULL,'2025-10-08 10:08:39','2025-10-08 10:08:39',NULL),(27,12,'SKU-01838yc',42059155.00,42037510.00,27,NULL,'2025-10-08 10:08:39','2025-10-08 10:08:39',NULL),(28,12,'SKU-15208ht',34737116.00,34685739.00,41,NULL,'2025-10-08 10:08:39','2025-10-08 10:08:39',NULL),(29,14,'SKU-66249ux',7065434.00,6986948.00,75,NULL,'2025-10-08 10:08:39','2025-10-08 10:08:39',NULL),(30,14,'SKU-28010vb',27014339.00,26933967.00,83,NULL,'2025-10-08 10:08:39','2025-10-08 10:08:39',NULL),(31,15,'SKU-74807su',42442561.00,42424795.00,9,NULL,'2025-10-08 10:08:39','2025-10-08 10:08:39',NULL),(32,15,'SKU-29226ad',40041337.00,39993502.00,36,NULL,'2025-10-08 10:08:39','2025-10-08 10:08:39',NULL),(33,16,'SKU-28069fp',31921038.00,31882884.00,90,NULL,'2025-10-08 10:08:39','2025-10-08 10:08:39',NULL),(34,19,'SKU-42126xf',17769571.00,17691099.00,63,NULL,'2025-10-08 10:08:39','2025-10-08 10:08:39',NULL),(35,19,'SKU-19356id',43533575.00,43487916.00,48,NULL,'2025-10-08 10:08:39','2025-10-08 10:08:39',NULL),(36,21,'SKU-91617ur',43028336.00,42947508.00,72,NULL,'2025-10-08 10:08:39','2025-10-08 10:08:39',NULL),(37,22,'SKU-50642gm',31639148.00,31622827.00,53,NULL,'2025-10-08 10:08:39','2025-10-08 10:08:39',NULL),(38,22,'SKU-85596my',24011586.00,23963889.00,40,NULL,'2025-10-08 10:08:39','2025-10-08 10:08:39',NULL),(39,22,'SKU-93735jk',2491778.00,2416638.00,10,NULL,'2025-10-08 10:08:39','2025-10-08 10:08:39',NULL),(40,23,'SKU-40078jd',9731366.00,9645736.00,47,NULL,'2025-10-08 10:08:39','2025-10-08 10:08:39',NULL),(41,23,'SKU-00692rv',49861516.00,49799028.00,37,NULL,'2025-10-08 10:08:39','2025-10-08 10:08:39',NULL),(42,24,'SKU-52032gc',27413056.00,27393149.00,90,NULL,'2025-10-08 10:08:39','2025-10-08 10:08:39',NULL),(43,24,'SKU-79610zh',47071570.00,47060309.00,2,NULL,'2025-10-08 10:08:39','2025-10-08 10:08:39',NULL),(44,24,'SKU-44543bw',16165825.00,16102911.00,42,NULL,'2025-10-08 10:08:39','2025-10-08 10:08:39',NULL),(45,24,'SKU-12259wr',41517466.00,41451511.00,93,NULL,'2025-10-08 10:08:39','2025-10-08 10:08:39',NULL),(46,24,'SKU-17379fo',22907138.00,22894926.00,61,NULL,'2025-10-08 10:08:39','2025-10-08 10:08:39',NULL),(47,24,'SKU-66595jk',8062664.00,7970269.00,31,NULL,'2025-10-08 10:08:39','2025-10-08 10:08:39',NULL),(48,25,'SKU-04906wz',42080667.00,42028414.00,5,NULL,'2025-10-08 10:08:39','2025-10-08 10:08:39',NULL),(49,25,'SKU-05422hr',12235518.00,12137527.00,34,NULL,'2025-10-08 10:08:39','2025-10-08 10:08:39',NULL),(50,25,'SKU-01711ho',11138191.00,11063603.00,1,NULL,'2025-10-08 10:08:39','2025-10-08 10:08:39',NULL),(51,26,'SKU-51557ie',36221619.00,36206542.00,20,NULL,'2025-10-08 10:08:39','2025-10-08 10:08:39',NULL),(52,27,'SKU-65871yg',1334360.00,1283999.00,56,NULL,'2025-10-08 10:08:39','2025-10-08 10:08:39',NULL),(53,27,'SKU-41575vs',21198590.00,21158399.00,52,NULL,'2025-10-08 10:08:39','2025-10-08 10:08:39',NULL),(54,28,'SKU-86531vs',34336242.00,34263341.00,74,NULL,'2025-10-08 10:08:39','2025-10-08 10:08:39',NULL),(55,28,'SKU-79386iw',12658389.00,12610451.00,96,NULL,'2025-10-08 10:08:39','2025-10-08 10:08:39',NULL),(56,28,'SKU-89748hf',28806778.00,28722493.00,49,NULL,'2025-10-08 10:08:39','2025-10-08 10:08:39',NULL),(57,29,'SKU-86005qc',30062118.00,30010440.00,19,NULL,'2025-10-08 10:08:39','2025-10-08 10:08:39',NULL),(58,29,'SKU-02429ts',11012947.00,10945866.00,3,NULL,'2025-10-08 10:08:39','2025-10-08 10:08:39',NULL),(59,30,'SKU-77292os',25069393.00,25010343.00,22,NULL,'2025-10-08 10:08:39','2025-10-08 10:08:39',NULL),(60,33,'SKU-43813do',46715226.00,46668186.00,33,NULL,'2025-10-08 10:08:39','2025-10-08 10:08:39',NULL),(61,33,'SKU-66200sn',28734594.00,28717160.00,5,NULL,'2025-10-08 10:08:39','2025-10-08 10:08:39',NULL),(62,33,'SKU-25307vd',45764227.00,45696190.00,41,NULL,'2025-10-08 10:08:39','2025-10-08 10:08:39',NULL),(63,35,'SKU-10123np',24428452.00,24398422.00,53,NULL,'2025-10-08 10:08:39','2025-10-08 10:08:39',NULL),(64,35,'SKU-97650ss',16518765.00,16472096.00,18,NULL,'2025-10-08 10:08:39','2025-10-08 10:08:39',NULL),(65,37,'SKU-22932dh',47506337.00,47438289.00,52,NULL,'2025-10-08 10:08:39','2025-10-08 10:08:39',NULL),(66,37,'SKU-98887ux',3436462.00,3339674.00,93,NULL,'2025-10-08 10:08:39','2025-10-08 10:08:39',NULL),(67,37,'SKU-26756ns',11302246.00,11217699.00,68,NULL,'2025-10-08 10:08:39','2025-10-08 10:08:39',NULL),(68,38,'SKU-21714he',31870369.00,31832173.00,75,NULL,'2025-10-08 10:08:39','2025-10-08 10:08:39',NULL),(69,38,'SKU-65546hh',46814344.00,46769675.00,97,NULL,'2025-10-08 10:08:39','2025-10-08 10:08:39',NULL),(70,40,'SKU-94640jl',40979595.00,40933345.00,73,NULL,'2025-10-08 10:08:39','2025-10-08 10:08:39',NULL),(71,40,'SKU-26923ig',9568880.00,9535254.00,82,NULL,'2025-10-08 10:08:39','2025-10-08 10:08:39',NULL),(72,40,'SKU-56608dt',896960.00,814104.00,68,NULL,'2025-10-08 10:08:39','2025-10-08 10:08:39',NULL),(73,41,'SKU-14295ir',39390524.00,39313286.00,18,NULL,'2025-10-08 10:08:39','2025-10-08 10:08:39',NULL),(74,41,'SKU-89826ln',34371173.00,34352464.00,48,NULL,'2025-10-08 10:08:39','2025-10-08 10:08:39',NULL),(75,41,'SKU-05529dp',31847371.00,31748211.00,79,NULL,'2025-10-08 10:08:39','2025-10-08 10:08:39',NULL),(76,42,'SKU-82539bi',7644213.00,7571224.00,38,NULL,'2025-10-08 10:08:39','2025-10-08 10:08:39',NULL),(77,42,'SKU-94170fj',3722384.00,3629445.00,82,NULL,'2025-10-08 10:08:39','2025-10-08 10:08:39',NULL),(78,42,'SKU-57636ju',39187087.00,39120673.00,46,NULL,'2025-10-08 10:08:39','2025-10-08 10:08:39',NULL),(79,43,'SKU-55099in',5193751.00,5183554.00,10,NULL,'2025-10-08 10:08:39','2025-10-08 10:08:39',NULL),(80,43,'SKU-92629lm',745134.00,714367.00,10,NULL,'2025-10-08 10:08:39','2025-10-08 10:08:39',NULL),(81,43,'SKU-78637tj',35600383.00,35580394.00,54,NULL,'2025-10-08 10:08:39','2025-10-08 10:08:39',NULL),(82,44,'SKU-30495uq',28140503.00,28107843.00,32,NULL,'2025-10-08 10:08:39','2025-10-08 10:08:39',NULL),(83,44,'SKU-20882wg',24008477.00,23941626.00,66,NULL,'2025-10-08 10:08:39','2025-10-08 10:08:39',NULL),(84,44,'SKU-22657sc',30375061.00,30315349.00,28,NULL,'2025-10-08 10:08:39','2025-10-08 10:08:39',NULL),(85,45,'SKU-05841di',1204672.00,1109450.00,66,NULL,'2025-10-08 10:08:39','2025-10-08 10:08:39',NULL),(86,46,'SKU-63369ln',44225007.00,44155698.00,7,NULL,'2025-10-08 10:08:39','2025-10-08 10:08:39',NULL),(87,46,'SKU-96726mu',49561177.00,49492027.00,88,NULL,'2025-10-08 10:08:39','2025-10-08 10:08:39',NULL),(88,49,'SKU-41946hx',44540874.00,44496544.00,92,NULL,'2025-10-08 10:08:39','2025-10-08 10:08:39',NULL),(89,50,'SKU-51915sf',11146231.00,11052828.00,28,NULL,'2025-10-08 10:08:39','2025-10-08 10:08:39',NULL),(90,50,'SKU-03509ic',4128272.00,4081066.00,78,NULL,'2025-10-08 10:08:39','2025-10-08 10:08:39',NULL),(91,50,'SKU-22735np',21406222.00,21383120.00,96,NULL,'2025-10-08 10:08:39','2025-10-08 10:08:39',NULL),(92,51,'SKU-38966nl',25061802.00,24962118.00,78,NULL,'2025-10-08 10:08:39','2025-10-08 10:08:39',NULL),(93,52,'SKU-44030sj',22460595.00,22382915.00,0,NULL,'2025-10-08 10:08:39','2025-10-08 10:08:39',NULL),(94,53,'SKU-56066qr',19227473.00,19186151.00,58,NULL,'2025-10-08 10:08:39','2025-10-08 10:08:39',NULL),(95,54,'SKU-93810lg',4120718.00,4094216.00,19,NULL,'2025-10-08 10:08:39','2025-10-08 10:08:39',NULL),(96,54,'SKU-20406ug',30930819.00,30898078.00,4,NULL,'2025-10-08 10:08:39','2025-10-08 10:08:39',NULL),(97,54,'SKU-97322fl',14367812.00,14320211.00,2,NULL,'2025-10-08 10:08:39','2025-10-08 10:08:39',NULL),(98,56,'SKU-15029pm',29984017.00,29910182.00,58,NULL,'2025-10-08 10:08:40','2025-10-08 10:08:40',NULL),(99,58,'SKU-53134zl',25686699.00,25621154.00,54,NULL,'2025-10-08 10:08:40','2025-10-08 10:08:40',NULL),(100,58,'SKU-14729qv',16958830.00,16900850.00,6,NULL,'2025-10-08 10:08:40','2025-10-08 10:08:40',NULL),(101,59,'SKU-18260zp',9428914.00,9358397.00,76,NULL,'2025-10-08 10:08:40','2025-10-08 10:08:40',NULL),(102,59,'SKU-63660bu',49173306.00,49113221.00,54,NULL,'2025-10-08 10:08:40','2025-10-08 10:08:40',NULL),(103,59,'SKU-95511dz',3175224.00,3154522.00,36,NULL,'2025-10-08 10:08:40','2025-10-08 10:08:40',NULL),(104,59,'SKU-45556be',12600088.00,12521841.00,31,NULL,'2025-10-08 10:08:40','2025-10-08 10:08:40',NULL),(105,59,'SKU-22642vv',6925187.00,6888949.00,66,NULL,'2025-10-08 10:08:40','2025-10-08 10:08:40',NULL),(106,59,'SKU-06259sl',1121449.00,1042821.00,95,NULL,'2025-10-08 10:08:40','2025-10-08 10:08:40',NULL),(107,59,'SKU-71136ya',43030995.00,42980494.00,83,NULL,'2025-10-08 10:08:40','2025-10-08 10:08:40',NULL),(108,59,'SKU-21117dx',3752667.00,3658958.00,72,NULL,'2025-10-08 10:08:40','2025-10-08 10:08:40',NULL),(109,59,'SKU-26022hl',28931318.00,28836927.00,97,NULL,'2025-10-08 10:08:40','2025-10-08 10:08:40',NULL),(110,60,'SKU-87645od',16078984.00,16060152.00,51,NULL,'2025-10-08 10:08:40','2025-10-08 10:08:40',NULL),(111,60,'SKU-14568vo',7440416.00,7365293.00,58,NULL,'2025-10-08 10:08:40','2025-10-08 10:08:40',NULL),(112,63,'SKU-93807bh',9352996.00,9270141.00,3,NULL,'2025-10-08 10:08:40','2025-10-08 10:08:40',NULL),(113,64,'SKU-62520ze',23457344.00,23423576.00,8,NULL,'2025-10-08 10:08:40','2025-10-08 10:08:40',NULL),(114,65,'SKU-26239jz',2842835.00,2746852.00,36,NULL,'2025-10-08 10:08:40','2025-10-08 10:08:40',NULL),(115,65,'SKU-29602uv',40183425.00,40093364.00,11,NULL,'2025-10-08 10:08:40','2025-10-08 10:08:40',NULL),(116,67,'SKU-19147ma',41377005.00,41352861.00,71,NULL,'2025-10-08 10:08:40','2025-10-08 10:08:40',NULL),(117,67,'SKU-49086rz',18904215.00,18815725.00,17,NULL,'2025-10-08 10:08:40','2025-10-08 10:08:40',NULL),(118,68,'SKU-37333dh',23747893.00,23717540.00,32,NULL,'2025-10-08 10:08:40','2025-10-08 10:08:40',NULL),(119,68,'SKU-32966ot',43507770.00,43474338.00,68,NULL,'2025-10-08 10:08:40','2025-10-08 10:08:40',NULL),(120,71,'SKU-75459vt',15427118.00,15397159.00,74,NULL,'2025-10-08 10:08:40','2025-10-08 10:08:40',NULL),(121,72,'SKU-68901xz',14422061.00,14407503.00,23,NULL,'2025-10-08 10:08:40','2025-10-08 10:08:40',NULL),(122,72,'SKU-87528qz',39948889.00,39858028.00,8,NULL,'2025-10-08 10:08:40','2025-10-08 10:08:40',NULL),(123,72,'SKU-02019jv',26610414.00,26583566.00,4,NULL,'2025-10-08 10:08:40','2025-10-08 10:08:40',NULL),(124,73,'SKU-90645pl',29213175.00,29123319.00,45,NULL,'2025-10-08 10:08:40','2025-10-08 10:08:40',NULL),(125,73,'SKU-41258yr',37628282.00,37560987.00,32,NULL,'2025-10-08 10:08:40','2025-10-08 10:08:40',NULL),(126,73,'SKU-96772lj',46798632.00,46763177.00,60,NULL,'2025-10-08 10:08:40','2025-10-08 10:08:40',NULL),(127,74,'SKU-21582so',27541904.00,27473209.00,14,NULL,'2025-10-08 10:08:40','2025-10-08 10:08:40',NULL),(128,74,'SKU-09078gg',27181230.00,27166620.00,44,NULL,'2025-10-08 10:08:40','2025-10-08 10:08:40',NULL),(129,74,'SKU-64455by',38682382.00,38645534.00,83,NULL,'2025-10-08 10:08:40','2025-10-08 10:08:40',NULL),(130,75,'SKU-94004ur',45949067.00,45916748.00,95,NULL,'2025-10-08 10:08:40','2025-10-08 10:08:40',NULL),(131,75,'SKU-97151qf',4478923.00,4421759.00,33,NULL,'2025-10-08 10:08:40','2025-10-08 10:08:40',NULL),(132,76,'SKU-76670jp',45295092.00,45254395.00,21,NULL,'2025-10-08 10:08:40','2025-10-08 10:08:40',NULL),(133,77,'SKU-46913qb',8057965.00,7982130.00,64,NULL,'2025-10-08 10:08:40','2025-10-08 10:08:40',NULL),(134,77,'SKU-76695uw',30601288.00,30529519.00,56,NULL,'2025-10-08 10:08:40','2025-10-08 10:08:40',NULL),(135,78,'SKU-84226ip',30324623.00,30224960.00,23,NULL,'2025-10-08 10:08:40','2025-10-08 10:08:40',NULL),(136,78,'SKU-51136du',40148485.00,40054175.00,42,NULL,'2025-10-08 10:08:40','2025-10-08 10:08:40',NULL),(137,79,'SKU-75454kp',36098909.00,36085385.00,52,NULL,'2025-10-08 10:08:40','2025-10-08 10:08:40',NULL),(138,80,'SKU-30704ka',27216335.00,27135416.00,66,NULL,'2025-10-08 10:08:40','2025-10-08 10:08:40',NULL),(139,80,'SKU-53440eg',25819589.00,25728536.00,83,NULL,'2025-10-08 10:08:40','2025-10-08 10:08:40',NULL),(140,80,'SKU-41768ff',43072965.00,43025110.00,44,NULL,'2025-10-08 10:08:40','2025-10-08 10:08:40',NULL),(141,84,'SKU-57472ux',8716103.00,8665282.00,91,NULL,'2025-10-08 10:08:40','2025-10-08 10:08:40',NULL),(142,84,'SKU-97753ur',3413919.00,3323153.00,55,NULL,'2025-10-08 10:08:40','2025-10-08 10:08:40',NULL),(143,85,'SKU-49236yv',37263299.00,37205727.00,31,NULL,'2025-10-08 10:08:40','2025-10-08 10:08:40',NULL),(144,86,'SKU-88374tu',47143996.00,47090611.00,87,NULL,'2025-10-08 10:08:40','2025-10-08 10:08:40',NULL),(145,87,'SKU-53429ab',42633142.00,42566761.00,84,NULL,'2025-10-08 10:08:40','2025-10-08 10:08:40',NULL),(146,88,'SKU-99991fp',2615573.00,2517421.00,86,NULL,'2025-10-08 10:08:40','2025-10-08 10:08:40',NULL),(147,90,'SKU-71364qu',30762485.00,30710415.00,47,NULL,'2025-10-08 10:08:40','2025-10-08 10:08:40',NULL),(148,90,'SKU-88458dq',44925447.00,44844253.00,16,NULL,'2025-10-08 10:08:40','2025-10-08 10:08:40',NULL),(149,92,'SKU-98022ra',14219737.00,14193750.00,89,NULL,'2025-10-08 10:08:40','2025-10-08 10:08:40',NULL),(150,92,'SKU-65900et',38097521.00,38064399.00,16,NULL,'2025-10-08 10:08:40','2025-10-08 10:08:40',NULL),(151,93,'SKU-50554tk',16107825.00,16049012.00,14,NULL,'2025-10-08 10:08:40','2025-10-08 10:08:40',NULL),(152,93,'SKU-78614fg',40249850.00,40150482.00,21,NULL,'2025-10-08 10:08:40','2025-10-08 10:08:40',NULL),(153,93,'SKU-82168he',36043373.00,36007780.00,54,NULL,'2025-10-08 10:08:40','2025-10-08 10:08:40',NULL),(154,94,'SKU-88879ek',19312307.00,19248913.00,75,NULL,'2025-10-08 10:08:40','2025-10-08 10:08:40',NULL),(155,96,'SKU-95050xt',16031701.00,15956419.00,28,NULL,'2025-10-08 10:08:40','2025-10-08 10:08:40',NULL),(156,96,'SKU-72976wd',47796580.00,47703209.00,26,NULL,'2025-10-08 10:08:40','2025-10-08 10:08:40',NULL),(157,98,'SKU-80086iy',41624354.00,41535669.00,54,NULL,'2025-10-08 10:08:40','2025-10-08 10:08:40',NULL),(158,99,'SKU-91651da',3180674.00,3138086.00,12,NULL,'2025-10-08 10:08:40','2025-10-08 10:08:40',NULL),(159,99,'SKU-94045bv',30087298.00,30017249.00,53,NULL,'2025-10-08 10:08:40','2025-10-08 10:08:40',NULL);
/*!40000 ALTER TABLE `product_variants` ENABLE KEYS */;
UNLOCK TABLES;

--
-- Table structure for table `product_views`
--

DROP TABLE IF EXISTS `product_views`;
/*!40101 SET @saved_cs_client     = @@character_set_client */;
/*!50503 SET character_set_client = utf8mb4 */;
CREATE TABLE `product_views` (
  `product_view_id` bigint(20) unsigned NOT NULL AUTO_INCREMENT,
  `user_id` bigint(20) unsigned NOT NULL,
  `product_id` bigint(20) unsigned NOT NULL,
  `view_count` int(11) NOT NULL DEFAULT 1,
  `last_viewed` timestamp NOT NULL DEFAULT current_timestamp() ON UPDATE current_timestamp(),
  PRIMARY KEY (`product_view_id`),
  UNIQUE KEY `product_views_user_id_product_id_unique` (`user_id`,`product_id`),
  KEY `product_views_product_id_foreign` (`product_id`),
  CONSTRAINT `product_views_product_id_foreign` FOREIGN KEY (`product_id`) REFERENCES `products` (`product_id`) ON DELETE CASCADE,
  CONSTRAINT `product_views_user_id_foreign` FOREIGN KEY (`user_id`) REFERENCES `users` (`id`) ON DELETE CASCADE
) ENGINE=InnoDB AUTO_INCREMENT=3608 DEFAULT CHARSET=utf8mb4 COLLATE=utf8mb4_unicode_ci;
/*!40101 SET character_set_client = @saved_cs_client */;

--
-- Dumping data for table `product_views`
--

LOCK TABLES `product_views` WRITE;
/*!40000 ALTER TABLE `product_views` DISABLE KEYS */;
INSERT INTO `product_views` VALUES (1,22,1,2,'2025-10-08 10:08:44'),(2,22,3,2,'2025-10-08 10:08:44'),(3,22,5,2,'2025-10-08 10:08:44'),(4,22,8,2,'2025-10-08 10:08:44'),(5,22,11,2,'2025-10-08 10:08:44'),(6,22,16,2,'2025-10-08 10:08:44'),(7,22,17,2,'2025-10-08 10:08:44'),(8,22,18,2,'2025-10-08 10:08:44'),(9,22,25,2,'2025-10-08 10:08:44'),(10,22,27,2,'2025-10-08 10:08:44'),(11,22,29,2,'2025-10-08 10:08:44'),(12,22,31,2,'2025-10-08 10:08:44'),(13,22,32,2,'2025-10-08 10:08:44'),(14,22,35,2,'2025-10-08 10:08:44'),(15,22,36,2,'2025-10-08 10:08:44'),(16,22,37,2,'2025-10-08 10:08:44'),(17,22,40,2,'2025-10-08 10:08:44'),(18,22,42,2,'2025-10-08 10:08:44'),(19,22,43,2,'2025-10-08 10:08:44'),(20,22,44,2,'2025-10-08 10:08:44'),(21,22,50,2,'2025-10-08 10:08:44'),(22,22,51,2,'2025-10-08 10:08:44'),(23,22,52,2,'2025-10-08 10:08:44'),(24,22,53,2,'2025-10-08 10:08:44'),(25,22,54,2,'2025-10-08 10:08:44'),(26,22,56,2,'2025-10-08 10:08:44'),(27,22,57,2,'2025-10-08 10:08:44'),(28,22,58,2,'2025-10-08 10:08:44'),(29,22,59,2,'2025-10-08 10:08:44'),(30,22,60,2,'2025-10-08 10:08:44'),(31,22,62,2,'2025-10-08 10:08:44'),(32,22,64,2,'2025-10-08 10:08:44'),(33,22,65,2,'2025-10-08 10:08:44'),(34,22,67,2,'2025-10-08 10:08:44'),(35,22,68,2,'2025-10-08 10:08:44'),(36,22,70,2,'2025-10-08 10:08:44'),(37,22,73,2,'2025-10-08 10:08:44'),(38,22,74,2,'2025-10-08 10:08:44'),(39,22,76,2,'2025-10-08 10:08:44'),(40,22,77,2,'2025-10-08 10:08:44'),(41,22,79,2,'2025-10-08 10:08:44'),(42,22,80,2,'2025-10-08 10:08:44'),(43,22,83,2,'2025-10-08 10:08:44'),(44,22,86,2,'2025-10-08 10:08:44'),(45,22,87,2,'2025-10-08 10:08:44'),(46,22,88,2,'2025-10-08 10:08:44'),(47,22,90,2,'2025-10-08 10:08:44'),(48,22,95,2,'2025-10-08 10:08:44'),(49,22,100,2,'2025-10-08 10:08:44'),(50,23,3,2,'2025-10-08 10:08:44'),(51,23,5,2,'2025-10-08 10:08:44'),(52,23,7,2,'2025-10-08 10:08:44'),(53,23,10,2,'2025-10-08 10:08:44'),(54,23,15,2,'2025-10-08 10:08:44'),(55,23,20,2,'2025-10-08 10:08:44'),(56,23,22,2,'2025-10-08 10:08:44'),(57,23,23,2,'2025-10-08 10:08:44'),(58,23,25,2,'2025-10-08 10:08:44'),(59,23,26,2,'2025-10-08 10:08:44'),(60,23,29,2,'2025-10-08 10:08:44'),(61,23,30,2,'2025-10-08 10:08:45'),(62,23,31,2,'2025-10-08 10:08:45'),(63,23,38,2,'2025-10-08 10:08:45'),(64,23,44,2,'2025-10-08 10:08:45'),(65,23,45,2,'2025-10-08 10:08:45'),(66,23,47,2,'2025-10-08 10:08:45'),(67,23,50,2,'2025-10-08 10:08:45'),(68,23,53,2,'2025-10-08 10:08:45'),(69,23,54,2,'2025-10-08 10:08:45'),(70,23,56,2,'2025-10-08 10:08:45'),(71,23,63,2,'2025-10-08 10:08:45'),(72,23,65,2,'2025-10-08 10:08:45'),(73,23,67,2,'2025-10-08 10:08:45'),(74,23,69,2,'2025-10-08 10:08:45'),(75,23,76,2,'2025-10-08 10:08:45'),(76,23,79,2,'2025-10-08 10:08:45'),(77,23,84,2,'2025-10-08 10:08:45'),(78,23,88,2,'2025-10-08 10:08:45'),(79,23,89,2,'2025-10-08 10:08:45'),(80,23,90,2,'2025-10-08 10:08:45'),(81,23,95,2,'2025-10-08 10:08:45'),(82,23,96,2,'2025-10-08 10:08:45'),(83,24,4,2,'2025-10-08 10:08:45'),(84,24,5,2,'2025-10-08 10:08:45'),(85,24,6,2,'2025-10-08 10:08:45'),(86,24,8,2,'2025-10-08 10:08:45'),(87,24,9,2,'2025-10-08 10:08:45'),(88,24,10,2,'2025-10-08 10:08:45'),(89,24,12,2,'2025-10-08 10:08:45'),(90,24,14,2,'2025-10-08 10:08:45'),(91,24,15,2,'2025-10-08 10:08:45'),(92,24,18,2,'2025-10-08 10:08:45'),(93,24,19,2,'2025-10-08 10:08:45'),(94,24,21,2,'2025-10-08 10:08:45'),(95,24,24,2,'2025-10-08 10:08:45'),(96,24,25,2,'2025-10-08 10:08:45'),(97,24,26,2,'2025-10-08 10:08:45'),(98,24,28,2,'2025-10-08 10:08:45'),(99,24,29,2,'2025-10-08 10:08:45'),(100,24,32,2,'2025-10-08 10:08:45'),(101,24,34,2,'2025-10-08 10:08:45'),(102,24,35,2,'2025-10-08 10:08:45'),(103,24,36,2,'2025-10-08 10:08:45'),(104,24,37,2,'2025-10-08 10:08:45'),(105,24,38,2,'2025-10-08 10:08:45'),(106,24,39,2,'2025-10-08 10:08:45'),(107,24,40,2,'2025-10-08 10:08:45'),(108,24,42,2,'2025-10-08 10:08:45'),(109,24,44,2,'2025-10-08 10:08:45'),(110,24,45,2,'2025-10-08 10:08:45'),(111,24,48,2,'2025-10-08 10:08:45'),(112,24,53,2,'2025-10-08 10:08:45'),(113,24,54,2,'2025-10-08 10:08:45'),(114,24,55,2,'2025-10-08 10:08:45'),(115,24,56,2,'2025-10-08 10:08:45'),(116,24,57,2,'2025-10-08 10:08:45'),(117,24,58,2,'2025-10-08 10:08:45'),(118,24,59,2,'2025-10-08 10:08:45'),(119,24,60,2,'2025-10-08 10:08:45'),(120,24,67,2,'2025-10-08 10:08:45'),(121,24,69,2,'2025-10-08 10:08:45'),(122,24,70,2,'2025-10-08 10:08:45'),(123,24,74,2,'2025-10-08 10:08:45'),(124,24,77,2,'2025-10-08 10:08:45'),(125,24,85,2,'2025-10-08 10:08:45'),(126,24,86,2,'2025-10-08 10:08:45'),(127,24,91,2,'2025-10-08 10:08:45'),(128,24,95,2,'2025-10-08 10:08:45'),(129,24,96,2,'2025-10-08 10:08:45'),(130,24,97,2,'2025-10-08 10:08:45'),(131,25,4,2,'2025-10-08 10:08:45'),(132,25,6,2,'2025-10-08 10:08:45'),(133,25,7,2,'2025-10-08 10:08:45'),(134,25,8,2,'2025-10-08 10:08:45'),(135,25,9,2,'2025-10-08 10:08:45'),(136,25,11,2,'2025-10-08 10:08:45'),(137,25,13,2,'2025-10-08 10:08:45'),(138,25,20,2,'2025-10-08 10:08:45'),(139,25,22,2,'2025-10-08 10:08:45'),(140,25,25,2,'2025-10-08 10:08:45'),(141,25,26,2,'2025-10-08 10:08:45'),(142,25,27,2,'2025-10-08 10:08:45'),(143,25,29,2,'2025-10-08 10:08:45'),(144,25,30,2,'2025-10-08 10:08:45'),(145,25,32,2,'2025-10-08 10:08:45'),(146,25,33,2,'2025-10-08 10:08:45'),(147,25,35,2,'2025-10-08 10:08:45'),(148,25,37,2,'2025-10-08 10:08:45'),(149,25,39,2,'2025-10-08 10:08:45'),(150,25,41,2,'2025-10-08 10:08:45'),(151,25,43,2,'2025-10-08 10:08:45'),(152,25,45,2,'2025-10-08 10:08:45'),(153,25,50,2,'2025-10-08 10:08:45'),(154,25,51,2,'2025-10-08 10:08:45'),(155,25,52,2,'2025-10-08 10:08:45'),(156,25,54,2,'2025-10-08 10:08:45'),(157,25,61,2,'2025-10-08 10:08:45'),(158,25,62,2,'2025-10-08 10:08:45'),(159,25,64,2,'2025-10-08 10:08:45'),(160,25,66,2,'2025-10-08 10:08:45'),(161,25,71,2,'2025-10-08 10:08:45'),(162,25,72,2,'2025-10-08 10:08:45'),(163,25,75,2,'2025-10-08 10:08:45'),(164,25,79,2,'2025-10-08 10:08:45'),(165,25,81,2,'2025-10-08 10:08:45'),(166,25,82,2,'2025-10-08 10:08:45'),(167,25,87,2,'2025-10-08 10:08:45'),(168,25,90,2,'2025-10-08 10:08:45'),(169,25,91,2,'2025-10-08 10:08:45'),(170,25,92,2,'2025-10-08 10:08:45'),(171,25,94,2,'2025-10-08 10:08:45'),(172,25,97,2,'2025-10-08 10:08:45'),(173,25,98,2,'2025-10-08 10:08:45'),(174,25,100,2,'2025-10-08 10:08:45'),(175,26,3,2,'2025-10-08 10:08:45'),(176,26,4,2,'2025-10-08 10:08:45'),(177,26,17,2,'2025-10-08 10:08:45'),(178,26,19,2,'2025-10-08 10:08:45'),(179,26,24,2,'2025-10-08 10:08:45'),(180,26,29,2,'2025-10-08 10:08:45'),(181,26,30,2,'2025-10-08 10:08:45'),(182,26,32,2,'2025-10-08 10:08:45'),(183,26,33,2,'2025-10-08 10:08:45'),(184,26,34,2,'2025-10-08 10:08:45'),(185,26,43,2,'2025-10-08 10:08:45'),(186,26,48,2,'2025-10-08 10:08:45'),(187,26,49,2,'2025-10-08 10:08:45'),(188,26,53,2,'2025-10-08 10:08:45'),(189,26,57,2,'2025-10-08 10:08:45'),(190,26,59,2,'2025-10-08 10:08:45'),(191,26,64,2,'2025-10-08 10:08:45'),(192,26,66,2,'2025-10-08 10:08:45'),(193,26,67,2,'2025-10-08 10:08:45'),(194,26,69,2,'2025-10-08 10:08:45'),(195,26,72,2,'2025-10-08 10:08:45'),(196,26,73,2,'2025-10-08 10:08:45'),(197,26,74,2,'2025-10-08 10:08:45'),(198,26,77,2,'2025-10-08 10:08:45'),(199,26,78,2,'2025-10-08 10:08:45'),(200,26,79,2,'2025-10-08 10:08:45'),(201,26,82,2,'2025-10-08 10:08:45'),(202,26,87,2,'2025-10-08 10:08:45'),(203,26,88,2,'2025-10-08 10:08:45'),(204,26,94,2,'2025-10-08 10:08:45'),(205,26,96,2,'2025-10-08 10:08:45'),(206,27,4,2,'2025-10-08 10:08:45'),(207,27,6,2,'2025-10-08 10:08:45'),(208,27,11,2,'2025-10-08 10:08:45'),(209,27,13,2,'2025-10-08 10:08:45'),(210,27,15,2,'2025-10-08 10:08:45'),(211,27,21,2,'2025-10-08 10:08:45'),(212,27,25,2,'2025-10-08 10:08:45'),(213,27,28,2,'2025-10-08 10:08:45'),(214,27,42,2,'2025-10-08 10:08:45'),(215,27,47,2,'2025-10-08 10:08:45'),(216,27,49,2,'2025-10-08 10:08:45'),(217,27,56,2,'2025-10-08 10:08:45'),(218,27,61,2,'2025-10-08 10:08:45'),(219,27,65,2,'2025-10-08 10:08:45'),(220,27,71,2,'2025-10-08 10:08:45'),(221,27,85,2,'2025-10-08 10:08:45'),(222,27,86,2,'2025-10-08 10:08:45'),(223,27,88,2,'2025-10-08 10:08:45'),(224,27,93,2,'2025-10-08 10:08:45'),(225,27,97,2,'2025-10-08 10:08:45'),(226,28,7,2,'2025-10-08 10:08:45'),(227,28,8,2,'2025-10-08 10:08:45'),(228,28,9,2,'2025-10-08 10:08:45'),(229,28,10,2,'2025-10-08 10:08:45'),(230,28,11,2,'2025-10-08 10:08:45'),(231,28,12,2,'2025-10-08 10:08:45'),(232,28,13,2,'2025-10-08 10:08:45'),(233,28,24,2,'2025-10-08 10:08:45'),(234,28,27,2,'2025-10-08 10:08:45'),(235,28,28,2,'2025-10-08 10:08:45'),(236,28,29,2,'2025-10-08 10:08:45'),(237,28,30,2,'2025-10-08 10:08:45'),(238,28,36,2,'2025-10-08 10:08:45'),(239,28,40,2,'2025-10-08 10:08:45'),(240,28,42,2,'2025-10-08 10:08:45'),(241,28,43,2,'2025-10-08 10:08:45'),(242,28,44,2,'2025-10-08 10:08:45'),(243,28,46,2,'2025-10-08 10:08:45'),(244,28,47,2,'2025-10-08 10:08:45'),(245,28,52,2,'2025-10-08 10:08:45'),(246,28,55,2,'2025-10-08 10:08:45'),(247,28,56,2,'2025-10-08 10:08:45'),(248,28,77,2,'2025-10-08 10:08:45'),(249,28,82,2,'2025-10-08 10:08:45'),(250,28,85,2,'2025-10-08 10:08:45'),(251,28,86,2,'2025-10-08 10:08:45'),(252,28,87,2,'2025-10-08 10:08:45'),(253,28,92,2,'2025-10-08 10:08:45'),(254,29,3,2,'2025-10-08 10:08:45'),(255,29,5,2,'2025-10-08 10:08:45'),(256,29,7,2,'2025-10-08 10:08:45'),(257,29,9,2,'2025-10-08 10:08:45'),(258,29,10,2,'2025-10-08 10:08:45'),(259,29,14,2,'2025-10-08 10:08:45'),(260,29,18,2,'2025-10-08 10:08:45'),(261,29,19,2,'2025-10-08 10:08:45'),(262,29,27,2,'2025-10-08 10:08:45'),(263,29,28,2,'2025-10-08 10:08:45'),(264,29,29,2,'2025-10-08 10:08:45'),(265,29,31,2,'2025-10-08 10:08:45'),(266,29,41,2,'2025-10-08 10:08:45'),(267,29,42,2,'2025-10-08 10:08:45'),(268,29,47,2,'2025-10-08 10:08:45'),(269,29,49,2,'2025-10-08 10:08:45'),(270,29,50,2,'2025-10-08 10:08:45'),(271,29,52,2,'2025-10-08 10:08:45'),(272,29,65,2,'2025-10-08 10:08:45'),(273,29,70,2,'2025-10-08 10:08:45'),(274,29,75,2,'2025-10-08 10:08:45'),(275,29,79,2,'2025-10-08 10:08:45'),(276,29,84,2,'2025-10-08 10:08:45'),(277,29,85,2,'2025-10-08 10:08:45'),(278,29,88,2,'2025-10-08 10:08:45'),(279,29,90,2,'2025-10-08 10:08:45'),(280,29,91,2,'2025-10-08 10:08:45'),(281,29,93,2,'2025-10-08 10:08:45'),(282,29,94,2,'2025-10-08 10:08:45'),(283,29,99,2,'2025-10-08 10:08:45'),(284,29,100,2,'2025-10-08 10:08:45'),(285,30,4,2,'2025-10-08 10:08:45'),(286,30,5,2,'2025-10-08 10:08:45'),(287,30,7,2,'2025-10-08 10:08:45'),(288,30,8,2,'2025-10-08 10:08:45'),(289,30,9,2,'2025-10-08 10:08:45'),(290,30,13,2,'2025-10-08 10:08:45'),(291,30,15,2,'2025-10-08 10:08:45'),(292,30,20,2,'2025-10-08 10:08:45'),(293,30,22,2,'2025-10-08 10:08:45'),(294,30,24,2,'2025-10-08 10:08:45'),(295,30,28,2,'2025-10-08 10:08:45'),(296,30,29,2,'2025-10-08 10:08:45'),(297,30,31,2,'2025-10-08 10:08:45'),(298,30,32,2,'2025-10-08 10:08:45'),(299,30,34,2,'2025-10-08 10:08:45'),(300,30,35,2,'2025-10-08 10:08:45'),(301,30,36,2,'2025-10-08 10:08:45'),(302,30,41,2,'2025-10-08 10:08:45'),(303,30,46,2,'2025-10-08 10:08:45'),(304,30,52,2,'2025-10-08 10:08:45'),(305,30,53,2,'2025-10-08 10:08:45'),(306,30,58,2,'2025-10-08 10:08:45'),(307,30,60,2,'2025-10-08 10:08:45'),(308,30,61,2,'2025-10-08 10:08:45'),(309,30,62,2,'2025-10-08 10:08:45'),(310,30,63,2,'2025-10-08 10:08:45'),(311,30,64,2,'2025-10-08 10:08:45'),(312,30,67,2,'2025-10-08 10:08:45'),(313,30,70,2,'2025-10-08 10:08:45'),(314,30,71,2,'2025-10-08 10:08:45'),(315,30,74,2,'2025-10-08 10:08:45'),(316,30,76,2,'2025-10-08 10:08:45'),(317,30,79,2,'2025-10-08 10:08:45'),(318,30,80,2,'2025-10-08 10:08:45'),(319,30,81,2,'2025-10-08 10:08:45'),(320,30,83,2,'2025-10-08 10:08:45'),(321,30,86,2,'2025-10-08 10:08:45'),(322,30,87,2,'2025-10-08 10:08:45'),(323,30,89,2,'2025-10-08 10:08:45'),(324,30,90,2,'2025-10-08 10:08:45'),(325,30,92,2,'2025-10-08 10:08:45'),(326,30,95,2,'2025-10-08 10:08:45'),(327,30,97,2,'2025-10-08 10:08:45'),(328,30,99,2,'2025-10-08 10:08:45'),(329,30,100,2,'2025-10-08 10:08:45'),(330,31,3,2,'2025-10-08 10:08:45'),(331,31,5,2,'2025-10-08 10:08:45'),(332,31,7,2,'2025-10-08 10:08:45'),(333,31,13,2,'2025-10-08 10:08:45'),(334,31,16,2,'2025-10-08 10:08:45'),(335,31,17,2,'2025-10-08 10:08:45'),(336,31,18,2,'2025-10-08 10:08:45'),(337,31,20,2,'2025-10-08 10:08:45'),(338,31,28,2,'2025-10-08 10:08:45'),(339,31,29,2,'2025-10-08 10:08:45'),(340,31,31,2,'2025-10-08 10:08:45'),(341,31,32,2,'2025-10-08 10:08:45'),(342,31,38,2,'2025-10-08 10:08:45'),(343,31,39,2,'2025-10-08 10:08:45'),(344,31,40,2,'2025-10-08 10:08:45'),(345,31,42,2,'2025-10-08 10:08:45'),(346,31,49,2,'2025-10-08 10:08:45'),(347,31,52,2,'2025-10-08 10:08:45'),(348,31,53,2,'2025-10-08 10:08:45'),(349,31,55,2,'2025-10-08 10:08:45'),(350,31,57,2,'2025-10-08 10:08:45'),(351,31,59,2,'2025-10-08 10:08:45'),(352,31,60,2,'2025-10-08 10:08:45'),(353,31,74,2,'2025-10-08 10:08:45'),(354,31,75,2,'2025-10-08 10:08:45'),(355,31,76,2,'2025-10-08 10:08:45'),(356,31,86,2,'2025-10-08 10:08:45'),(357,31,90,2,'2025-10-08 10:08:45'),(358,31,91,2,'2025-10-08 10:08:45'),(359,31,95,2,'2025-10-08 10:08:45'),(360,31,97,2,'2025-10-08 10:08:45'),(361,31,98,2,'2025-10-08 10:08:45'),(362,31,100,2,'2025-10-08 10:08:45'),(363,32,1,2,'2025-10-08 10:08:45'),(364,32,3,2,'2025-10-08 10:08:45'),(365,32,7,2,'2025-10-08 10:08:45'),(366,32,8,2,'2025-10-08 10:08:45'),(367,32,12,2,'2025-10-08 10:08:45'),(368,32,16,2,'2025-10-08 10:08:45'),(369,32,17,2,'2025-10-08 10:08:45'),(370,32,23,2,'2025-10-08 10:08:45'),(371,32,26,2,'2025-10-08 10:08:45'),(372,32,30,2,'2025-10-08 10:08:45'),(373,32,35,2,'2025-10-08 10:08:45'),(374,32,39,2,'2025-10-08 10:08:45'),(375,32,49,2,'2025-10-08 10:08:45'),(376,32,50,2,'2025-10-08 10:08:45'),(377,32,51,2,'2025-10-08 10:08:45'),(378,32,52,2,'2025-10-08 10:08:45'),(379,32,53,2,'2025-10-08 10:08:45'),(380,32,56,2,'2025-10-08 10:08:45'),(381,32,59,2,'2025-10-08 10:08:45'),(382,32,60,2,'2025-10-08 10:08:45'),(383,32,62,2,'2025-10-08 10:08:45'),(384,32,63,2,'2025-10-08 10:08:45'),(385,32,67,2,'2025-10-08 10:08:45'),(386,32,69,2,'2025-10-08 10:08:45'),(387,32,72,2,'2025-10-08 10:08:45'),(388,32,76,2,'2025-10-08 10:08:45'),(389,32,77,2,'2025-10-08 10:08:45'),(390,32,84,2,'2025-10-08 10:08:45'),(391,32,85,2,'2025-10-08 10:08:45'),(392,32,90,2,'2025-10-08 10:08:45'),(393,32,91,2,'2025-10-08 10:08:45'),(394,32,93,2,'2025-10-08 10:08:45'),(395,33,4,2,'2025-10-08 10:08:46'),(396,33,7,2,'2025-10-08 10:08:46'),(397,33,8,2,'2025-10-08 10:08:46'),(398,33,9,2,'2025-10-08 10:08:46'),(399,33,10,2,'2025-10-08 10:08:46'),(400,33,13,2,'2025-10-08 10:08:46'),(401,33,17,2,'2025-10-08 10:08:46'),(402,33,19,2,'2025-10-08 10:08:46'),(403,33,21,2,'2025-10-08 10:08:46'),(404,33,22,2,'2025-10-08 10:08:46'),(405,33,25,2,'2025-10-08 10:08:46'),(406,33,27,2,'2025-10-08 10:08:46'),(407,33,29,2,'2025-10-08 10:08:46'),(408,33,30,2,'2025-10-08 10:08:46'),(409,33,33,2,'2025-10-08 10:08:46'),(410,33,36,2,'2025-10-08 10:08:46'),(411,33,38,2,'2025-10-08 10:08:46'),(412,33,40,2,'2025-10-08 10:08:46'),(413,33,41,2,'2025-10-08 10:08:46'),(414,33,42,2,'2025-10-08 10:08:46'),(415,33,44,2,'2025-10-08 10:08:46'),(416,33,46,2,'2025-10-08 10:08:46'),(417,33,52,2,'2025-10-08 10:08:46'),(418,33,58,2,'2025-10-08 10:08:46'),(419,33,59,2,'2025-10-08 10:08:46'),(420,33,60,2,'2025-10-08 10:08:46'),(421,33,61,2,'2025-10-08 10:08:46'),(422,33,69,2,'2025-10-08 10:08:46'),(423,33,70,2,'2025-10-08 10:08:46'),(424,33,73,2,'2025-10-08 10:08:46'),(425,33,74,2,'2025-10-08 10:08:46'),(426,33,75,2,'2025-10-08 10:08:46'),(427,33,76,2,'2025-10-08 10:08:46'),(428,33,78,2,'2025-10-08 10:08:46'),(429,33,79,2,'2025-10-08 10:08:46'),(430,33,86,2,'2025-10-08 10:08:46'),(431,33,88,2,'2025-10-08 10:08:46'),(432,33,89,2,'2025-10-08 10:08:46'),(433,33,90,2,'2025-10-08 10:08:46'),(434,33,92,2,'2025-10-08 10:08:46'),(435,33,99,2,'2025-10-08 10:08:46'),(436,33,100,2,'2025-10-08 10:08:46'),(437,34,2,2,'2025-10-08 10:08:46'),(438,34,3,2,'2025-10-08 10:08:46'),(439,34,8,2,'2025-10-08 10:08:46'),(440,34,9,2,'2025-10-08 10:08:46'),(441,34,11,2,'2025-10-08 10:08:46'),(442,34,12,2,'2025-10-08 10:08:46'),(443,34,28,2,'2025-10-08 10:08:46'),(444,34,32,2,'2025-10-08 10:08:46'),(445,34,34,2,'2025-10-08 10:08:46'),(446,34,37,2,'2025-10-08 10:08:46'),(447,34,38,2,'2025-10-08 10:08:46'),(448,34,40,2,'2025-10-08 10:08:46'),(449,34,47,2,'2025-10-08 10:08:46'),(450,34,54,2,'2025-10-08 10:08:46'),(451,34,61,2,'2025-10-08 10:08:46'),(452,34,72,2,'2025-10-08 10:08:46'),(453,34,73,2,'2025-10-08 10:08:46'),(454,34,74,2,'2025-10-08 10:08:46'),(455,34,77,2,'2025-10-08 10:08:46'),(456,34,78,2,'2025-10-08 10:08:46'),(457,34,79,2,'2025-10-08 10:08:46'),(458,34,80,2,'2025-10-08 10:08:46'),(459,34,82,2,'2025-10-08 10:08:46'),(460,34,86,2,'2025-10-08 10:08:46'),(461,34,87,2,'2025-10-08 10:08:46'),(462,34,88,2,'2025-10-08 10:08:46'),(463,34,92,2,'2025-10-08 10:08:46'),(464,34,97,2,'2025-10-08 10:08:46'),(465,34,100,2,'2025-10-08 10:08:46'),(466,35,1,2,'2025-10-08 10:08:46'),(467,35,3,2,'2025-10-08 10:08:46'),(468,35,4,2,'2025-10-08 10:08:46'),(469,35,8,2,'2025-10-08 10:08:46'),(470,35,9,2,'2025-10-08 10:08:46'),(471,35,11,2,'2025-10-08 10:08:46'),(472,35,15,2,'2025-10-08 10:08:46'),(473,35,17,2,'2025-10-08 10:08:46'),(474,35,18,2,'2025-10-08 10:08:46'),(475,35,20,2,'2025-10-08 10:08:46'),(476,35,22,2,'2025-10-08 10:08:46'),(477,35,23,2,'2025-10-08 10:08:46'),(478,35,24,2,'2025-10-08 10:08:46'),(479,35,28,2,'2025-10-08 10:08:46'),(480,35,29,2,'2025-10-08 10:08:46'),(481,35,33,2,'2025-10-08 10:08:46'),(482,35,37,2,'2025-10-08 10:08:46'),(483,35,41,2,'2025-10-08 10:08:46'),(484,35,43,2,'2025-10-08 10:08:46'),(485,35,45,2,'2025-10-08 10:08:46'),(486,35,49,2,'2025-10-08 10:08:46'),(487,35,50,2,'2025-10-08 10:08:46'),(488,35,54,2,'2025-10-08 10:08:46'),(489,35,70,2,'2025-10-08 10:08:46'),(490,35,71,2,'2025-10-08 10:08:46'),(491,35,72,2,'2025-10-08 10:08:46'),(492,35,76,2,'2025-10-08 10:08:46'),(493,35,80,2,'2025-10-08 10:08:46'),(494,35,81,2,'2025-10-08 10:08:46'),(495,35,82,2,'2025-10-08 10:08:46'),(496,35,83,2,'2025-10-08 10:08:46'),(497,35,84,2,'2025-10-08 10:08:46'),(498,35,86,2,'2025-10-08 10:08:46'),(499,35,87,2,'2025-10-08 10:08:46'),(500,35,89,2,'2025-10-08 10:08:46'),(501,35,90,2,'2025-10-08 10:08:46'),(502,35,99,2,'2025-10-08 10:08:46'),(503,36,4,2,'2025-10-08 10:08:46'),(504,36,9,2,'2025-10-08 10:08:46'),(505,36,10,2,'2025-10-08 10:08:46'),(506,36,12,2,'2025-10-08 10:08:46'),(507,36,13,2,'2025-10-08 10:08:46'),(508,36,15,2,'2025-10-08 10:08:46'),(509,36,16,2,'2025-10-08 10:08:46'),(510,36,17,2,'2025-10-08 10:08:46'),(511,36,18,2,'2025-10-08 10:08:46'),(512,36,20,2,'2025-10-08 10:08:46'),(513,36,22,2,'2025-10-08 10:08:46'),(514,36,23,2,'2025-10-08 10:08:46'),(515,36,29,2,'2025-10-08 10:08:46'),(516,36,30,2,'2025-10-08 10:08:46'),(517,36,32,2,'2025-10-08 10:08:46'),(518,36,38,2,'2025-10-08 10:08:46'),(519,36,39,2,'2025-10-08 10:08:46'),(520,36,43,2,'2025-10-08 10:08:46'),(521,36,48,2,'2025-10-08 10:08:46'),(522,36,49,2,'2025-10-08 10:08:46'),(523,36,51,2,'2025-10-08 10:08:46'),(524,36,55,2,'2025-10-08 10:08:46'),(525,36,57,2,'2025-10-08 10:08:46'),(526,36,59,2,'2025-10-08 10:08:46'),(527,36,61,2,'2025-10-08 10:08:46'),(528,36,65,2,'2025-10-08 10:08:46'),(529,36,68,2,'2025-10-08 10:08:46'),(530,36,69,2,'2025-10-08 10:08:46'),(531,36,73,2,'2025-10-08 10:08:46'),(532,36,74,2,'2025-10-08 10:08:46'),(533,36,76,2,'2025-10-08 10:08:46'),(534,36,78,2,'2025-10-08 10:08:46'),(535,36,80,2,'2025-10-08 10:08:46'),(536,36,81,2,'2025-10-08 10:08:46'),(537,36,84,2,'2025-10-08 10:08:46'),(538,36,86,2,'2025-10-08 10:08:46'),(539,36,87,2,'2025-10-08 10:08:46'),(540,36,91,2,'2025-10-08 10:08:46'),(541,36,93,2,'2025-10-08 10:08:46'),(542,36,99,2,'2025-10-08 10:08:46'),(543,36,100,2,'2025-10-08 10:08:46'),(544,37,1,2,'2025-10-08 10:08:46'),(545,37,4,2,'2025-10-08 10:08:46'),(546,37,6,2,'2025-10-08 10:08:46'),(547,37,7,2,'2025-10-08 10:08:46'),(548,37,8,2,'2025-10-08 10:08:46'),(549,37,11,2,'2025-10-08 10:08:46'),(550,37,13,2,'2025-10-08 10:08:46'),(551,37,17,2,'2025-10-08 10:08:46'),(552,37,18,2,'2025-10-08 10:08:46'),(553,37,20,2,'2025-10-08 10:08:46'),(554,37,24,2,'2025-10-08 10:08:46'),(555,37,25,2,'2025-10-08 10:08:46'),(556,37,26,2,'2025-10-08 10:08:46'),(557,37,28,2,'2025-10-08 10:08:46'),(558,37,30,2,'2025-10-08 10:08:46'),(559,37,38,2,'2025-10-08 10:08:46'),(560,37,39,2,'2025-10-08 10:08:46'),(561,37,41,2,'2025-10-08 10:08:46'),(562,37,43,2,'2025-10-08 10:08:46'),(563,37,45,2,'2025-10-08 10:08:46'),(564,37,50,2,'2025-10-08 10:08:46'),(565,37,52,2,'2025-10-08 10:08:46'),(566,37,53,2,'2025-10-08 10:08:46'),(567,37,59,2,'2025-10-08 10:08:46'),(568,37,61,2,'2025-10-08 10:08:46'),(569,37,63,2,'2025-10-08 10:08:46'),(570,37,68,2,'2025-10-08 10:08:46'),(571,37,72,2,'2025-10-08 10:08:46'),(572,37,74,2,'2025-10-08 10:08:46'),(573,37,77,2,'2025-10-08 10:08:46'),(574,37,79,2,'2025-10-08 10:08:46'),(575,37,82,2,'2025-10-08 10:08:46'),(576,37,84,2,'2025-10-08 10:08:46'),(577,37,85,2,'2025-10-08 10:08:46'),(578,37,87,2,'2025-10-08 10:08:46'),(579,37,88,2,'2025-10-08 10:08:46'),(580,37,100,2,'2025-10-08 10:08:46'),(581,38,1,2,'2025-10-08 10:08:46'),(582,38,4,2,'2025-10-08 10:08:46'),(583,38,9,2,'2025-10-08 10:08:46'),(584,38,12,2,'2025-10-08 10:08:46'),(585,38,13,2,'2025-10-08 10:08:46'),(586,38,15,2,'2025-10-08 10:08:46'),(587,38,16,2,'2025-10-08 10:08:46'),(588,38,17,2,'2025-10-08 10:08:46'),(589,38,25,2,'2025-10-08 10:08:46'),(590,38,34,2,'2025-10-08 10:08:46'),(591,38,35,2,'2025-10-08 10:08:46'),(592,38,37,2,'2025-10-08 10:08:46'),(593,38,38,2,'2025-10-08 10:08:46'),(594,38,44,2,'2025-10-08 10:08:46'),(595,38,45,2,'2025-10-08 10:08:46'),(596,38,47,2,'2025-10-08 10:08:46'),(597,38,50,2,'2025-10-08 10:08:46'),(598,38,51,2,'2025-10-08 10:08:46'),(599,38,52,2,'2025-10-08 10:08:46'),(600,38,53,2,'2025-10-08 10:08:46'),(601,38,59,2,'2025-10-08 10:08:46'),(602,38,63,2,'2025-10-08 10:08:46'),(603,38,64,2,'2025-10-08 10:08:46'),(604,38,82,2,'2025-10-08 10:08:46'),(605,38,83,2,'2025-10-08 10:08:46'),(606,38,84,2,'2025-10-08 10:08:46'),(607,38,91,2,'2025-10-08 10:08:46'),(608,38,93,2,'2025-10-08 10:08:46'),(609,38,94,2,'2025-10-08 10:08:46'),(610,38,95,2,'2025-10-08 10:08:46'),(611,38,96,2,'2025-10-08 10:08:46'),(612,39,1,2,'2025-10-08 10:08:46'),(613,39,2,2,'2025-10-08 10:08:46'),(614,39,13,2,'2025-10-08 10:08:46'),(615,39,14,2,'2025-10-08 10:08:46'),(616,39,15,2,'2025-10-08 10:08:46'),(617,39,17,2,'2025-10-08 10:08:46'),(618,39,19,2,'2025-10-08 10:08:46'),(619,39,23,2,'2025-10-08 10:08:46'),(620,39,24,2,'2025-10-08 10:08:46'),(621,39,25,2,'2025-10-08 10:08:46'),(622,39,30,2,'2025-10-08 10:08:46'),(623,39,33,2,'2025-10-08 10:08:46'),(624,39,37,2,'2025-10-08 10:08:46'),(625,39,39,2,'2025-10-08 10:08:46'),(626,39,41,2,'2025-10-08 10:08:46'),(627,39,47,2,'2025-10-08 10:08:46'),(628,39,49,2,'2025-10-08 10:08:46'),(629,39,51,2,'2025-10-08 10:08:46'),(630,39,52,2,'2025-10-08 10:08:46'),(631,39,55,2,'2025-10-08 10:08:46'),(632,39,57,2,'2025-10-08 10:08:46'),(633,39,59,2,'2025-10-08 10:08:46'),(634,39,66,2,'2025-10-08 10:08:46'),(635,39,75,2,'2025-10-08 10:08:46'),(636,39,79,2,'2025-10-08 10:08:46'),(637,39,84,2,'2025-10-08 10:08:46'),(638,39,86,2,'2025-10-08 10:08:46'),(639,39,94,2,'2025-10-08 10:08:46'),(640,39,95,2,'2025-10-08 10:08:46'),(641,39,98,2,'2025-10-08 10:08:46'),(642,39,99,2,'2025-10-08 10:08:46'),(643,40,1,2,'2025-10-08 10:08:46'),(644,40,2,2,'2025-10-08 10:08:46'),(645,40,3,2,'2025-10-08 10:08:46'),(646,40,4,2,'2025-10-08 10:08:46'),(647,40,7,2,'2025-10-08 10:08:46'),(648,40,9,2,'2025-10-08 10:08:46'),(649,40,15,2,'2025-10-08 10:08:46'),(650,40,20,2,'2025-10-08 10:08:46'),(651,40,26,2,'2025-10-08 10:08:46'),(652,40,30,2,'2025-10-08 10:08:46'),(653,40,31,2,'2025-10-08 10:08:46'),(654,40,34,2,'2025-10-08 10:08:46'),(655,40,35,2,'2025-10-08 10:08:46'),(656,40,36,2,'2025-10-08 10:08:46'),(657,40,38,2,'2025-10-08 10:08:46'),(658,40,40,2,'2025-10-08 10:08:46'),(659,40,41,2,'2025-10-08 10:08:46'),(660,40,43,2,'2025-10-08 10:08:46'),(661,40,46,2,'2025-10-08 10:08:46'),(662,40,48,2,'2025-10-08 10:08:46'),(663,40,51,2,'2025-10-08 10:08:46'),(664,40,52,2,'2025-10-08 10:08:46'),(665,40,53,2,'2025-10-08 10:08:46'),(666,40,56,2,'2025-10-08 10:08:46'),(667,40,57,2,'2025-10-08 10:08:46'),(668,40,59,2,'2025-10-08 10:08:46'),(669,40,62,2,'2025-10-08 10:08:46'),(670,40,68,2,'2025-10-08 10:08:46'),(671,40,73,2,'2025-10-08 10:08:46'),(672,40,78,2,'2025-10-08 10:08:46'),(673,40,83,2,'2025-10-08 10:08:46'),(674,40,84,2,'2025-10-08 10:08:46'),(675,40,87,2,'2025-10-08 10:08:46'),(676,40,91,2,'2025-10-08 10:08:46'),(677,40,95,2,'2025-10-08 10:08:46'),(678,40,96,2,'2025-10-08 10:08:46'),(679,40,97,2,'2025-10-08 10:08:46'),(680,41,2,2,'2025-10-08 10:08:46'),(681,41,4,2,'2025-10-08 10:08:46'),(682,41,5,2,'2025-10-08 10:08:46'),(683,41,6,2,'2025-10-08 10:08:46'),(684,41,7,2,'2025-10-08 10:08:46'),(685,41,9,2,'2025-10-08 10:08:46'),(686,41,16,2,'2025-10-08 10:08:46'),(687,41,20,2,'2025-10-08 10:08:46'),(688,41,22,2,'2025-10-08 10:08:46'),(689,41,27,2,'2025-10-08 10:08:46'),(690,41,28,2,'2025-10-08 10:08:46'),(691,41,29,2,'2025-10-08 10:08:46'),(692,41,32,2,'2025-10-08 10:08:46'),(693,41,34,2,'2025-10-08 10:08:46'),(694,41,35,2,'2025-10-08 10:08:46'),(695,41,36,2,'2025-10-08 10:08:46'),(696,41,37,2,'2025-10-08 10:08:46'),(697,41,38,2,'2025-10-08 10:08:46'),(698,41,39,2,'2025-10-08 10:08:46'),(699,41,40,2,'2025-10-08 10:08:46'),(700,41,42,2,'2025-10-08 10:08:46'),(701,41,44,2,'2025-10-08 10:08:46'),(702,41,47,2,'2025-10-08 10:08:46'),(703,41,48,2,'2025-10-08 10:08:46'),(704,41,49,2,'2025-10-08 10:08:46'),(705,41,51,2,'2025-10-08 10:08:46'),(706,41,60,2,'2025-10-08 10:08:46'),(707,41,63,2,'2025-10-08 10:08:46'),(708,41,64,2,'2025-10-08 10:08:46'),(709,41,65,2,'2025-10-08 10:08:46'),(710,41,68,2,'2025-10-08 10:08:46'),(711,41,70,2,'2025-10-08 10:08:46'),(712,41,72,2,'2025-10-08 10:08:46'),(713,41,79,2,'2025-10-08 10:08:46'),(714,41,85,2,'2025-10-08 10:08:46'),(715,41,86,2,'2025-10-08 10:08:46'),(716,41,87,2,'2025-10-08 10:08:46'),(717,41,89,2,'2025-10-08 10:08:46'),(718,41,90,2,'2025-10-08 10:08:46'),(719,41,91,2,'2025-10-08 10:08:46'),(720,41,92,2,'2025-10-08 10:08:46'),(721,41,96,2,'2025-10-08 10:08:46'),(722,41,99,2,'2025-10-08 10:08:46'),(723,42,2,2,'2025-10-08 10:08:46'),(724,42,4,2,'2025-10-08 10:08:46'),(725,42,5,2,'2025-10-08 10:08:46'),(726,42,7,2,'2025-10-08 10:08:46'),(727,42,8,2,'2025-10-08 10:08:46'),(728,42,10,2,'2025-10-08 10:08:46'),(729,42,11,2,'2025-10-08 10:08:46'),(730,42,12,2,'2025-10-08 10:08:46'),(731,42,13,2,'2025-10-08 10:08:46'),(732,42,14,2,'2025-10-08 10:08:46'),(733,42,16,2,'2025-10-08 10:08:46'),(734,42,18,2,'2025-10-08 10:08:46'),(735,42,19,2,'2025-10-08 10:08:46'),(736,42,23,2,'2025-10-08 10:08:46'),(737,42,25,2,'2025-10-08 10:08:46'),(738,42,29,2,'2025-10-08 10:08:46'),(739,42,30,2,'2025-10-08 10:08:46'),(740,42,31,2,'2025-10-08 10:08:46'),(741,42,34,2,'2025-10-08 10:08:46'),(742,42,35,2,'2025-10-08 10:08:46'),(743,42,37,2,'2025-10-08 10:08:46'),(744,42,39,2,'2025-10-08 10:08:46'),(745,42,40,2,'2025-10-08 10:08:46'),(746,42,42,2,'2025-10-08 10:08:46'),(747,42,43,2,'2025-10-08 10:08:47'),(748,42,44,2,'2025-10-08 10:08:47'),(749,42,46,2,'2025-10-08 10:08:47'),(750,42,48,2,'2025-10-08 10:08:47'),(751,42,52,2,'2025-10-08 10:08:47'),(752,42,57,2,'2025-10-08 10:08:47'),(753,42,63,2,'2025-10-08 10:08:47'),(754,42,64,2,'2025-10-08 10:08:47'),(755,42,65,2,'2025-10-08 10:08:47'),(756,42,67,2,'2025-10-08 10:08:47'),(757,42,72,2,'2025-10-08 10:08:47'),(758,42,73,2,'2025-10-08 10:08:47'),(759,42,74,2,'2025-10-08 10:08:47'),(760,42,75,2,'2025-10-08 10:08:47'),(761,42,76,2,'2025-10-08 10:08:47'),(762,42,79,2,'2025-10-08 10:08:47'),(763,42,89,2,'2025-10-08 10:08:47'),(764,42,91,2,'2025-10-08 10:08:47'),(765,42,100,2,'2025-10-08 10:08:47'),(766,43,2,2,'2025-10-08 10:08:47'),(767,43,3,2,'2025-10-08 10:08:47'),(768,43,4,2,'2025-10-08 10:08:47'),(769,43,7,2,'2025-10-08 10:08:47'),(770,43,8,2,'2025-10-08 10:08:47'),(771,43,10,2,'2025-10-08 10:08:47'),(772,43,11,2,'2025-10-08 10:08:47'),(773,43,21,2,'2025-10-08 10:08:47'),(774,43,24,2,'2025-10-08 10:08:47'),(775,43,25,2,'2025-10-08 10:08:47'),(776,43,28,2,'2025-10-08 10:08:47'),(777,43,29,2,'2025-10-08 10:08:47'),(778,43,30,2,'2025-10-08 10:08:47'),(779,43,34,2,'2025-10-08 10:08:47'),(780,43,36,2,'2025-10-08 10:08:47'),(781,43,39,2,'2025-10-08 10:08:47'),(782,43,43,2,'2025-10-08 10:08:47'),(783,43,44,2,'2025-10-08 10:08:47'),(784,43,49,2,'2025-10-08 10:08:47'),(785,43,51,2,'2025-10-08 10:08:47'),(786,43,54,2,'2025-10-08 10:08:47'),(787,43,66,2,'2025-10-08 10:08:47'),(788,43,69,2,'2025-10-08 10:08:47'),(789,43,71,2,'2025-10-08 10:08:47'),(790,43,73,2,'2025-10-08 10:08:47'),(791,43,75,2,'2025-10-08 10:08:47'),(792,43,76,2,'2025-10-08 10:08:47'),(793,43,81,2,'2025-10-08 10:08:47'),(794,43,84,2,'2025-10-08 10:08:47'),(795,43,85,2,'2025-10-08 10:08:47'),(796,43,87,2,'2025-10-08 10:08:47'),(797,43,88,2,'2025-10-08 10:08:47'),(798,43,89,2,'2025-10-08 10:08:47'),(799,43,95,2,'2025-10-08 10:08:47'),(800,43,98,2,'2025-10-08 10:08:47'),(801,43,99,2,'2025-10-08 10:08:47'),(802,44,1,2,'2025-10-08 10:08:47'),(803,44,2,2,'2025-10-08 10:08:47'),(804,44,5,2,'2025-10-08 10:08:47'),(805,44,6,2,'2025-10-08 10:08:47'),(806,44,8,2,'2025-10-08 10:08:47'),(807,44,12,2,'2025-10-08 10:08:47'),(808,44,13,2,'2025-10-08 10:08:47'),(809,44,15,2,'2025-10-08 10:08:47'),(810,44,17,2,'2025-10-08 10:08:47'),(811,44,18,2,'2025-10-08 10:08:47'),(812,44,29,2,'2025-10-08 10:08:47'),(813,44,33,2,'2025-10-08 10:08:47'),(814,44,34,2,'2025-10-08 10:08:47'),(815,44,35,2,'2025-10-08 10:08:47'),(816,44,41,2,'2025-10-08 10:08:47'),(817,44,42,2,'2025-10-08 10:08:47'),(818,44,45,2,'2025-10-08 10:08:47'),(819,44,47,2,'2025-10-08 10:08:47'),(820,44,48,2,'2025-10-08 10:08:47'),(821,44,58,2,'2025-10-08 10:08:47'),(822,44,64,2,'2025-10-08 10:08:47'),(823,44,66,2,'2025-10-08 10:08:47'),(824,44,67,2,'2025-10-08 10:08:47'),(825,44,68,2,'2025-10-08 10:08:47'),(826,44,69,2,'2025-10-08 10:08:47'),(827,44,70,2,'2025-10-08 10:08:47'),(828,44,73,2,'2025-10-08 10:08:47'),(829,44,79,2,'2025-10-08 10:08:47'),(830,44,81,2,'2025-10-08 10:08:47'),(831,44,83,2,'2025-10-08 10:08:47'),(832,44,84,2,'2025-10-08 10:08:47'),(833,44,87,2,'2025-10-08 10:08:47'),(834,44,90,2,'2025-10-08 10:08:47'),(835,44,96,2,'2025-10-08 10:08:47'),(836,44,97,2,'2025-10-08 10:08:47'),(837,45,4,2,'2025-10-08 10:08:47'),(838,45,6,2,'2025-10-08 10:08:47'),(839,45,9,2,'2025-10-08 10:08:47'),(840,45,10,2,'2025-10-08 10:08:47'),(841,45,11,2,'2025-10-08 10:08:47'),(842,45,12,2,'2025-10-08 10:08:47'),(843,45,13,2,'2025-10-08 10:08:47'),(844,45,15,2,'2025-10-08 10:08:47'),(845,45,18,2,'2025-10-08 10:08:47'),(846,45,19,2,'2025-10-08 10:08:47'),(847,45,20,2,'2025-10-08 10:08:47'),(848,45,29,2,'2025-10-08 10:08:47'),(849,45,31,2,'2025-10-08 10:08:47'),(850,45,34,2,'2025-10-08 10:08:47'),(851,45,35,2,'2025-10-08 10:08:47'),(852,45,37,2,'2025-10-08 10:08:47'),(853,45,41,2,'2025-10-08 10:08:47'),(854,45,42,2,'2025-10-08 10:08:47'),(855,45,43,2,'2025-10-08 10:08:47'),(856,45,47,2,'2025-10-08 10:08:47'),(857,45,49,2,'2025-10-08 10:08:47'),(858,45,56,2,'2025-10-08 10:08:47'),(859,45,57,2,'2025-10-08 10:08:47'),(860,45,58,2,'2025-10-08 10:08:47'),(861,45,61,2,'2025-10-08 10:08:47'),(862,45,63,2,'2025-10-08 10:08:47'),(863,45,64,2,'2025-10-08 10:08:47'),(864,45,65,2,'2025-10-08 10:08:47'),(865,45,68,2,'2025-10-08 10:08:47'),(866,45,70,2,'2025-10-08 10:08:47'),(867,45,72,2,'2025-10-08 10:08:47'),(868,45,73,2,'2025-10-08 10:08:47'),(869,45,74,2,'2025-10-08 10:08:47'),(870,45,77,2,'2025-10-08 10:08:47'),(871,45,78,2,'2025-10-08 10:08:47'),(872,45,82,2,'2025-10-08 10:08:47'),(873,45,83,2,'2025-10-08 10:08:47'),(874,45,87,2,'2025-10-08 10:08:47'),(875,45,90,2,'2025-10-08 10:08:47'),(876,45,91,2,'2025-10-08 10:08:47'),(877,45,96,2,'2025-10-08 10:08:47'),(878,45,97,2,'2025-10-08 10:08:47'),(879,45,99,2,'2025-10-08 10:08:47'),(880,46,1,2,'2025-10-08 10:08:47'),(881,46,5,2,'2025-10-08 10:08:47'),(882,46,9,2,'2025-10-08 10:08:47'),(883,46,10,2,'2025-10-08 10:08:47'),(884,46,13,2,'2025-10-08 10:08:47'),(885,46,14,2,'2025-10-08 10:08:47'),(886,46,20,2,'2025-10-08 10:08:47'),(887,46,21,2,'2025-10-08 10:08:47'),(888,46,23,2,'2025-10-08 10:08:47'),(889,46,24,2,'2025-10-08 10:08:47'),(890,46,25,2,'2025-10-08 10:08:47'),(891,46,27,2,'2025-10-08 10:08:47'),(892,46,28,2,'2025-10-08 10:08:47'),(893,46,31,2,'2025-10-08 10:08:47'),(894,46,34,2,'2025-10-08 10:08:47'),(895,46,35,2,'2025-10-08 10:08:47'),(896,46,40,2,'2025-10-08 10:08:47'),(897,46,41,2,'2025-10-08 10:08:47'),(898,46,43,2,'2025-10-08 10:08:47'),(899,46,45,2,'2025-10-08 10:08:47'),(900,46,46,2,'2025-10-08 10:08:47'),(901,46,47,2,'2025-10-08 10:08:47'),(902,46,48,2,'2025-10-08 10:08:47'),(903,46,49,2,'2025-10-08 10:08:47'),(904,46,51,2,'2025-10-08 10:08:47'),(905,46,52,2,'2025-10-08 10:08:47'),(906,46,53,2,'2025-10-08 10:08:47'),(907,46,57,2,'2025-10-08 10:08:47'),(908,46,58,2,'2025-10-08 10:08:47'),(909,46,59,2,'2025-10-08 10:08:47'),(910,46,61,2,'2025-10-08 10:08:47'),(911,46,63,2,'2025-10-08 10:08:47'),(912,46,64,2,'2025-10-08 10:08:47'),(913,46,65,2,'2025-10-08 10:08:47'),(914,46,68,2,'2025-10-08 10:08:47'),(915,46,79,2,'2025-10-08 10:08:47'),(916,46,80,2,'2025-10-08 10:08:47'),(917,46,81,2,'2025-10-08 10:08:47'),(918,46,83,2,'2025-10-08 10:08:47'),(919,46,86,2,'2025-10-08 10:08:47'),(920,46,87,2,'2025-10-08 10:08:47'),(921,46,89,2,'2025-10-08 10:08:47'),(922,46,94,2,'2025-10-08 10:08:47'),(923,46,97,2,'2025-10-08 10:08:47'),(924,46,99,2,'2025-10-08 10:08:47'),(925,46,100,2,'2025-10-08 10:08:47'),(926,47,2,2,'2025-10-08 10:08:47'),(927,47,3,2,'2025-10-08 10:08:47'),(928,47,6,2,'2025-10-08 10:08:47'),(929,47,13,2,'2025-10-08 10:08:47'),(930,47,14,2,'2025-10-08 10:08:47'),(931,47,16,2,'2025-10-08 10:08:47'),(932,47,17,2,'2025-10-08 10:08:47'),(933,47,20,2,'2025-10-08 10:08:47'),(934,47,27,2,'2025-10-08 10:08:47'),(935,47,30,2,'2025-10-08 10:08:47'),(936,47,36,2,'2025-10-08 10:08:47'),(937,47,43,2,'2025-10-08 10:08:47'),(938,47,49,2,'2025-10-08 10:08:47'),(939,47,50,2,'2025-10-08 10:08:47'),(940,47,56,2,'2025-10-08 10:08:47'),(941,47,68,2,'2025-10-08 10:08:47'),(942,47,69,2,'2025-10-08 10:08:47'),(943,47,75,2,'2025-10-08 10:08:47'),(944,47,76,2,'2025-10-08 10:08:47'),(945,47,78,2,'2025-10-08 10:08:47'),(946,47,82,2,'2025-10-08 10:08:47'),(947,47,83,2,'2025-10-08 10:08:47'),(948,47,86,2,'2025-10-08 10:08:47'),(949,47,87,2,'2025-10-08 10:08:47'),(950,47,89,2,'2025-10-08 10:08:47'),(951,47,90,2,'2025-10-08 10:08:47'),(952,47,91,2,'2025-10-08 10:08:47'),(953,47,98,2,'2025-10-08 10:08:47'),(954,47,99,2,'2025-10-08 10:08:47'),(955,47,100,2,'2025-10-08 10:08:47'),(956,48,4,2,'2025-10-08 10:08:47'),(957,48,6,2,'2025-10-08 10:08:47'),(958,48,7,2,'2025-10-08 10:08:47'),(959,48,8,2,'2025-10-08 10:08:47'),(960,48,10,2,'2025-10-08 10:08:47'),(961,48,12,2,'2025-10-08 10:08:47'),(962,48,14,2,'2025-10-08 10:08:47'),(963,48,15,2,'2025-10-08 10:08:47'),(964,48,16,2,'2025-10-08 10:08:47'),(965,48,18,2,'2025-10-08 10:08:47'),(966,48,20,2,'2025-10-08 10:08:47'),(967,48,21,2,'2025-10-08 10:08:47'),(968,48,23,2,'2025-10-08 10:08:47'),(969,48,26,2,'2025-10-08 10:08:47'),(970,48,29,2,'2025-10-08 10:08:47'),(971,48,33,2,'2025-10-08 10:08:47'),(972,48,39,2,'2025-10-08 10:08:47'),(973,48,43,2,'2025-10-08 10:08:47'),(974,48,44,2,'2025-10-08 10:08:47'),(975,48,46,2,'2025-10-08 10:08:47'),(976,48,47,2,'2025-10-08 10:08:47'),(977,48,48,2,'2025-10-08 10:08:47'),(978,48,50,2,'2025-10-08 10:08:47'),(979,48,51,2,'2025-10-08 10:08:47'),(980,48,53,2,'2025-10-08 10:08:47'),(981,48,56,2,'2025-10-08 10:08:47'),(982,48,57,2,'2025-10-08 10:08:47'),(983,48,58,2,'2025-10-08 10:08:47'),(984,48,62,2,'2025-10-08 10:08:47'),(985,48,63,2,'2025-10-08 10:08:47'),(986,48,64,2,'2025-10-08 10:08:47'),(987,48,65,2,'2025-10-08 10:08:47'),(988,48,72,2,'2025-10-08 10:08:47'),(989,48,73,2,'2025-10-08 10:08:47'),(990,48,76,2,'2025-10-08 10:08:47'),(991,48,79,2,'2025-10-08 10:08:47'),(992,48,82,2,'2025-10-08 10:08:47'),(993,48,83,2,'2025-10-08 10:08:47'),(994,48,84,2,'2025-10-08 10:08:47'),(995,48,85,2,'2025-10-08 10:08:47'),(996,48,86,2,'2025-10-08 10:08:47'),(997,48,87,2,'2025-10-08 10:08:47'),(998,48,88,2,'2025-10-08 10:08:47'),(999,48,93,2,'2025-10-08 10:08:47'),(1000,48,95,2,'2025-10-08 10:08:47'),(1001,48,96,2,'2025-10-08 10:08:47'),(1002,48,97,2,'2025-10-08 10:08:47'),(1003,48,100,2,'2025-10-08 10:08:47'),(1004,49,9,2,'2025-10-08 10:08:47'),(1005,49,14,2,'2025-10-08 10:08:47'),(1006,49,15,2,'2025-10-08 10:08:47'),(1007,49,21,2,'2025-10-08 10:08:47'),(1008,49,25,2,'2025-10-08 10:08:47'),(1009,49,35,2,'2025-10-08 10:08:47'),(1010,49,42,2,'2025-10-08 10:08:47'),(1011,49,49,2,'2025-10-08 10:08:47'),(1012,49,52,2,'2025-10-08 10:08:47'),(1013,49,60,2,'2025-10-08 10:08:47'),(1014,49,66,2,'2025-10-08 10:08:47'),(1015,49,67,2,'2025-10-08 10:08:47'),(1016,49,76,2,'2025-10-08 10:08:47'),(1017,49,80,2,'2025-10-08 10:08:47'),(1018,49,81,2,'2025-10-08 10:08:47'),(1019,49,84,2,'2025-10-08 10:08:47'),(1020,49,91,2,'2025-10-08 10:08:47'),(1021,49,92,2,'2025-10-08 10:08:47'),(1022,49,94,2,'2025-10-08 10:08:47'),(1023,49,95,2,'2025-10-08 10:08:47'),(1024,50,2,2,'2025-10-08 10:08:47'),(1025,50,3,2,'2025-10-08 10:08:47'),(1026,50,6,2,'2025-10-08 10:08:47'),(1027,50,8,2,'2025-10-08 10:08:47'),(1028,50,9,2,'2025-10-08 10:08:47'),(1029,50,10,2,'2025-10-08 10:08:47'),(1030,50,12,2,'2025-10-08 10:08:47'),(1031,50,16,2,'2025-10-08 10:08:47'),(1032,50,17,2,'2025-10-08 10:08:47'),(1033,50,18,2,'2025-10-08 10:08:47'),(1034,50,22,2,'2025-10-08 10:08:47'),(1035,50,23,2,'2025-10-08 10:08:47'),(1036,50,27,2,'2025-10-08 10:08:47'),(1037,50,30,2,'2025-10-08 10:08:47'),(1038,50,33,2,'2025-10-08 10:08:47'),(1039,50,37,2,'2025-10-08 10:08:47'),(1040,50,39,2,'2025-10-08 10:08:47'),(1041,50,41,2,'2025-10-08 10:08:47'),(1042,50,45,2,'2025-10-08 10:08:47'),(1043,50,46,2,'2025-10-08 10:08:47'),(1044,50,47,2,'2025-10-08 10:08:47'),(1045,50,48,2,'2025-10-08 10:08:47'),(1046,50,49,2,'2025-10-08 10:08:47'),(1047,50,50,2,'2025-10-08 10:08:47'),(1048,50,54,2,'2025-10-08 10:08:47'),(1049,50,57,2,'2025-10-08 10:08:47'),(1050,50,62,2,'2025-10-08 10:08:47'),(1051,50,64,2,'2025-10-08 10:08:47'),(1052,50,65,2,'2025-10-08 10:08:47'),(1053,50,67,2,'2025-10-08 10:08:47'),(1054,50,70,2,'2025-10-08 10:08:47'),(1055,50,71,2,'2025-10-08 10:08:47'),(1056,50,76,2,'2025-10-08 10:08:47'),(1057,50,78,2,'2025-10-08 10:08:47'),(1058,50,79,2,'2025-10-08 10:08:47'),(1059,50,83,2,'2025-10-08 10:08:47'),(1060,50,84,2,'2025-10-08 10:08:47'),(1061,50,90,2,'2025-10-08 10:08:47'),(1062,50,91,2,'2025-10-08 10:08:47'),(1063,50,93,2,'2025-10-08 10:08:47'),(1064,50,94,2,'2025-10-08 10:08:47'),(1065,50,95,2,'2025-10-08 10:08:47'),(1066,50,97,2,'2025-10-08 10:08:47'),(1067,50,98,2,'2025-10-08 10:08:47'),(1068,51,3,2,'2025-10-08 10:08:47'),(1069,51,4,2,'2025-10-08 10:08:47'),(1070,51,5,2,'2025-10-08 10:08:47'),(1071,51,7,2,'2025-10-08 10:08:47'),(1072,51,9,2,'2025-10-08 10:08:47'),(1073,51,14,2,'2025-10-08 10:08:47'),(1074,51,16,2,'2025-10-08 10:08:47'),(1075,51,17,2,'2025-10-08 10:08:47'),(1076,51,19,2,'2025-10-08 10:08:47'),(1077,51,20,2,'2025-10-08 10:08:47'),(1078,51,22,2,'2025-10-08 10:08:47'),(1079,51,25,2,'2025-10-08 10:08:47'),(1080,51,27,2,'2025-10-08 10:08:47'),(1081,51,28,2,'2025-10-08 10:08:47'),(1082,51,32,2,'2025-10-08 10:08:47'),(1083,51,33,2,'2025-10-08 10:08:47'),(1084,51,36,2,'2025-10-08 10:08:47'),(1085,51,40,2,'2025-10-08 10:08:47'),(1086,51,41,2,'2025-10-08 10:08:47'),(1087,51,43,2,'2025-10-08 10:08:47'),(1088,51,44,2,'2025-10-08 10:08:47'),(1089,51,45,2,'2025-10-08 10:08:47'),(1090,51,46,2,'2025-10-08 10:08:47'),(1091,51,47,2,'2025-10-08 10:08:47'),(1092,51,48,2,'2025-10-08 10:08:47'),(1093,51,50,2,'2025-10-08 10:08:47'),(1094,51,52,2,'2025-10-08 10:08:47'),(1095,51,53,2,'2025-10-08 10:08:47'),(1096,51,58,2,'2025-10-08 10:08:47'),(1097,51,67,2,'2025-10-08 10:08:47'),(1098,51,68,2,'2025-10-08 10:08:47'),(1099,51,70,2,'2025-10-08 10:08:47'),(1100,51,71,2,'2025-10-08 10:08:47'),(1101,51,76,2,'2025-10-08 10:08:47'),(1102,51,77,2,'2025-10-08 10:08:47'),(1103,51,81,2,'2025-10-08 10:08:47'),(1104,51,84,2,'2025-10-08 10:08:48'),(1105,51,86,2,'2025-10-08 10:08:48'),(1106,51,89,2,'2025-10-08 10:08:48'),(1107,51,91,2,'2025-10-08 10:08:48'),(1108,51,93,2,'2025-10-08 10:08:48'),(1109,51,96,2,'2025-10-08 10:08:48'),(1110,51,99,2,'2025-10-08 10:08:48'),(1111,51,100,2,'2025-10-08 10:08:48'),(1112,52,3,2,'2025-10-08 10:08:48'),(1113,52,6,2,'2025-10-08 10:08:48'),(1114,52,18,2,'2025-10-08 10:08:48'),(1115,52,19,2,'2025-10-08 10:08:48'),(1116,52,21,2,'2025-10-08 10:08:48'),(1117,52,22,2,'2025-10-08 10:08:48'),(1118,52,23,2,'2025-10-08 10:08:48'),(1119,52,26,2,'2025-10-08 10:08:48'),(1120,52,28,2,'2025-10-08 10:08:48'),(1121,52,33,2,'2025-10-08 10:08:48'),(1122,52,35,2,'2025-10-08 10:08:48'),(1123,52,38,2,'2025-10-08 10:08:48'),(1124,52,40,2,'2025-10-08 10:08:48'),(1125,52,44,2,'2025-10-08 10:08:48'),(1126,52,46,2,'2025-10-08 10:08:48'),(1127,52,47,2,'2025-10-08 10:08:48'),(1128,52,49,2,'2025-10-08 10:08:48'),(1129,52,51,2,'2025-10-08 10:08:48'),(1130,52,52,2,'2025-10-08 10:08:48'),(1131,52,53,2,'2025-10-08 10:08:48'),(1132,52,57,2,'2025-10-08 10:08:48'),(1133,52,58,2,'2025-10-08 10:08:48'),(1134,52,59,2,'2025-10-08 10:08:48'),(1135,52,65,2,'2025-10-08 10:08:48'),(1136,52,68,2,'2025-10-08 10:08:48'),(1137,52,70,2,'2025-10-08 10:08:48'),(1138,52,74,2,'2025-10-08 10:08:48'),(1139,52,76,2,'2025-10-08 10:08:48'),(1140,52,78,2,'2025-10-08 10:08:48'),(1141,52,81,2,'2025-10-08 10:08:48'),(1142,52,83,2,'2025-10-08 10:08:48'),(1143,52,89,2,'2025-10-08 10:08:48'),(1144,52,91,2,'2025-10-08 10:08:48'),(1145,52,92,2,'2025-10-08 10:08:48'),(1146,52,93,2,'2025-10-08 10:08:48'),(1147,52,95,2,'2025-10-08 10:08:48'),(1148,52,97,2,'2025-10-08 10:08:48'),(1149,52,98,2,'2025-10-08 10:08:48'),(1150,52,100,2,'2025-10-08 10:08:48'),(1151,53,2,2,'2025-10-08 10:08:48'),(1152,53,7,2,'2025-10-08 10:08:48'),(1153,53,9,2,'2025-10-08 10:08:48'),(1154,53,16,2,'2025-10-08 10:08:48'),(1155,53,20,2,'2025-10-08 10:08:48'),(1156,53,26,2,'2025-10-08 10:08:48'),(1157,53,27,2,'2025-10-08 10:08:48'),(1158,53,38,2,'2025-10-08 10:08:48'),(1159,53,46,2,'2025-10-08 10:08:48'),(1160,53,50,2,'2025-10-08 10:08:48'),(1161,53,57,2,'2025-10-08 10:08:48'),(1162,53,58,2,'2025-10-08 10:08:48'),(1163,53,61,2,'2025-10-08 10:08:48'),(1164,53,70,2,'2025-10-08 10:08:48'),(1165,53,75,2,'2025-10-08 10:08:48'),(1166,53,76,2,'2025-10-08 10:08:48'),(1167,53,81,2,'2025-10-08 10:08:48'),(1168,53,83,2,'2025-10-08 10:08:48'),(1169,53,84,2,'2025-10-08 10:08:48'),(1170,53,91,2,'2025-10-08 10:08:48'),(1171,53,96,2,'2025-10-08 10:08:48'),(1172,53,98,2,'2025-10-08 10:08:48'),(1173,53,99,2,'2025-10-08 10:08:48'),(1174,53,100,2,'2025-10-08 10:08:48'),(1175,54,3,2,'2025-10-08 10:08:48'),(1176,54,5,2,'2025-10-08 10:08:48'),(1177,54,7,2,'2025-10-08 10:08:48'),(1178,54,9,2,'2025-10-08 10:08:48'),(1179,54,13,2,'2025-10-08 10:08:48'),(1180,54,15,2,'2025-10-08 10:08:48'),(1181,54,16,2,'2025-10-08 10:08:48'),(1182,54,18,2,'2025-10-08 10:08:48'),(1183,54,19,2,'2025-10-08 10:08:48'),(1184,54,22,2,'2025-10-08 10:08:48'),(1185,54,23,2,'2025-10-08 10:08:48'),(1186,54,24,2,'2025-10-08 10:08:48'),(1187,54,28,2,'2025-10-08 10:08:48'),(1188,54,33,2,'2025-10-08 10:08:48'),(1189,54,35,2,'2025-10-08 10:08:48'),(1190,54,36,2,'2025-10-08 10:08:48'),(1191,54,44,2,'2025-10-08 10:08:48'),(1192,54,45,2,'2025-10-08 10:08:48'),(1193,54,48,2,'2025-10-08 10:08:48'),(1194,54,49,2,'2025-10-08 10:08:48'),(1195,54,50,2,'2025-10-08 10:08:48'),(1196,54,51,2,'2025-10-08 10:08:48'),(1197,54,53,2,'2025-10-08 10:08:48'),(1198,54,54,2,'2025-10-08 10:08:48'),(1199,54,59,2,'2025-10-08 10:08:48'),(1200,54,60,2,'2025-10-08 10:08:48'),(1201,54,61,2,'2025-10-08 10:08:48'),(1202,54,65,2,'2025-10-08 10:08:48'),(1203,54,67,2,'2025-10-08 10:08:48'),(1204,54,70,2,'2025-10-08 10:08:48'),(1205,54,71,2,'2025-10-08 10:08:48'),(1206,54,75,2,'2025-10-08 10:08:48'),(1207,54,76,2,'2025-10-08 10:08:48'),(1208,54,77,2,'2025-10-08 10:08:48'),(1209,54,78,2,'2025-10-08 10:08:48'),(1210,54,82,2,'2025-10-08 10:08:48'),(1211,54,83,2,'2025-10-08 10:08:48'),(1212,54,84,2,'2025-10-08 10:08:48'),(1213,54,85,2,'2025-10-08 10:08:48'),(1214,54,88,2,'2025-10-08 10:08:48'),(1215,54,93,2,'2025-10-08 10:08:48'),(1216,54,97,2,'2025-10-08 10:08:48'),(1217,54,98,2,'2025-10-08 10:08:48'),(1218,54,100,2,'2025-10-08 10:08:48'),(1219,55,1,2,'2025-10-08 10:08:48'),(1220,55,2,2,'2025-10-08 10:08:48'),(1221,55,3,2,'2025-10-08 10:08:48'),(1222,55,8,2,'2025-10-08 10:08:48'),(1223,55,12,2,'2025-10-08 10:08:48'),(1224,55,15,2,'2025-10-08 10:08:48'),(1225,55,19,2,'2025-10-08 10:08:48'),(1226,55,29,2,'2025-10-08 10:08:48'),(1227,55,36,2,'2025-10-08 10:08:48'),(1228,55,38,2,'2025-10-08 10:08:48'),(1229,55,39,2,'2025-10-08 10:08:48'),(1230,55,40,2,'2025-10-08 10:08:48'),(1231,55,43,2,'2025-10-08 10:08:48'),(1232,55,45,2,'2025-10-08 10:08:48'),(1233,55,50,2,'2025-10-08 10:08:48'),(1234,55,53,2,'2025-10-08 10:08:48'),(1235,55,56,2,'2025-10-08 10:08:48'),(1236,55,61,2,'2025-10-08 10:08:48'),(1237,55,62,2,'2025-10-08 10:08:48'),(1238,55,71,2,'2025-10-08 10:08:48'),(1239,55,78,2,'2025-10-08 10:08:48'),(1240,55,80,2,'2025-10-08 10:08:48'),(1241,55,81,2,'2025-10-08 10:08:48'),(1242,55,82,2,'2025-10-08 10:08:48'),(1243,55,83,2,'2025-10-08 10:08:48'),(1244,55,89,2,'2025-10-08 10:08:48'),(1245,55,91,2,'2025-10-08 10:08:48'),(1246,55,92,2,'2025-10-08 10:08:48'),(1247,55,97,2,'2025-10-08 10:08:48'),(1248,55,100,2,'2025-10-08 10:08:48'),(1249,56,5,2,'2025-10-08 10:08:48'),(1250,56,7,2,'2025-10-08 10:08:48'),(1251,56,8,2,'2025-10-08 10:08:48'),(1252,56,10,2,'2025-10-08 10:08:48'),(1253,56,15,2,'2025-10-08 10:08:48'),(1254,56,17,2,'2025-10-08 10:08:48'),(1255,56,19,2,'2025-10-08 10:08:48'),(1256,56,23,2,'2025-10-08 10:08:48'),(1257,56,28,2,'2025-10-08 10:08:48'),(1258,56,30,2,'2025-10-08 10:08:48'),(1259,56,32,2,'2025-10-08 10:08:48'),(1260,56,34,2,'2025-10-08 10:08:48'),(1261,56,35,2,'2025-10-08 10:08:48'),(1262,56,43,2,'2025-10-08 10:08:48'),(1263,56,45,2,'2025-10-08 10:08:48'),(1264,56,46,2,'2025-10-08 10:08:48'),(1265,56,50,2,'2025-10-08 10:08:48'),(1266,56,56,2,'2025-10-08 10:08:48'),(1267,56,60,2,'2025-10-08 10:08:48'),(1268,56,61,2,'2025-10-08 10:08:48'),(1269,56,62,2,'2025-10-08 10:08:48'),(1270,56,64,2,'2025-10-08 10:08:48'),(1271,56,79,2,'2025-10-08 10:08:48'),(1272,56,80,2,'2025-10-08 10:08:48'),(1273,56,83,2,'2025-10-08 10:08:48'),(1274,56,86,2,'2025-10-08 10:08:48'),(1275,56,89,2,'2025-10-08 10:08:48'),(1276,56,92,2,'2025-10-08 10:08:48'),(1277,56,93,2,'2025-10-08 10:08:48'),(1278,56,94,2,'2025-10-08 10:08:48'),(1279,56,97,2,'2025-10-08 10:08:48'),(1280,56,99,2,'2025-10-08 10:08:48'),(1281,56,100,2,'2025-10-08 10:08:48'),(1282,57,3,2,'2025-10-08 10:08:48'),(1283,57,9,2,'2025-10-08 10:08:48'),(1284,57,10,2,'2025-10-08 10:08:48'),(1285,57,13,2,'2025-10-08 10:08:48'),(1286,57,20,2,'2025-10-08 10:08:48'),(1287,57,24,2,'2025-10-08 10:08:48'),(1288,57,26,2,'2025-10-08 10:08:48'),(1289,57,28,2,'2025-10-08 10:08:48'),(1290,57,30,2,'2025-10-08 10:08:48'),(1291,57,33,2,'2025-10-08 10:08:48'),(1292,57,34,2,'2025-10-08 10:08:48'),(1293,57,38,2,'2025-10-08 10:08:48'),(1294,57,48,2,'2025-10-08 10:08:48'),(1295,57,50,2,'2025-10-08 10:08:48'),(1296,57,54,2,'2025-10-08 10:08:48'),(1297,57,60,2,'2025-10-08 10:08:48'),(1298,57,65,2,'2025-10-08 10:08:48'),(1299,57,72,2,'2025-10-08 10:08:48'),(1300,57,81,2,'2025-10-08 10:08:48'),(1301,57,82,2,'2025-10-08 10:08:48'),(1302,57,93,2,'2025-10-08 10:08:48'),(1303,57,95,2,'2025-10-08 10:08:48'),(1304,57,96,2,'2025-10-08 10:08:48'),(1305,57,100,2,'2025-10-08 10:08:48'),(1306,58,1,2,'2025-10-08 10:08:48'),(1307,58,2,2,'2025-10-08 10:08:48'),(1308,58,5,2,'2025-10-08 10:08:48'),(1309,58,6,2,'2025-10-08 10:08:48'),(1310,58,7,2,'2025-10-08 10:08:48'),(1311,58,9,2,'2025-10-08 10:08:48'),(1312,58,14,2,'2025-10-08 10:08:48'),(1313,58,15,2,'2025-10-08 10:08:48'),(1314,58,17,2,'2025-10-08 10:08:48'),(1315,58,21,2,'2025-10-08 10:08:48'),(1316,58,24,2,'2025-10-08 10:08:48'),(1317,58,27,2,'2025-10-08 10:08:48'),(1318,58,29,2,'2025-10-08 10:08:48'),(1319,58,30,2,'2025-10-08 10:08:48'),(1320,58,31,2,'2025-10-08 10:08:48'),(1321,58,32,2,'2025-10-08 10:08:48'),(1322,58,33,2,'2025-10-08 10:08:48'),(1323,58,34,2,'2025-10-08 10:08:48'),(1324,58,35,2,'2025-10-08 10:08:48'),(1325,58,40,2,'2025-10-08 10:08:48'),(1326,58,41,2,'2025-10-08 10:08:48'),(1327,58,47,2,'2025-10-08 10:08:48'),(1328,58,50,2,'2025-10-08 10:08:48'),(1329,58,51,2,'2025-10-08 10:08:48'),(1330,58,52,2,'2025-10-08 10:08:48'),(1331,58,54,2,'2025-10-08 10:08:48'),(1332,58,58,2,'2025-10-08 10:08:48'),(1333,58,60,2,'2025-10-08 10:08:48'),(1334,58,61,2,'2025-10-08 10:08:48'),(1335,58,62,2,'2025-10-08 10:08:48'),(1336,58,63,2,'2025-10-08 10:08:48'),(1337,58,66,2,'2025-10-08 10:08:48'),(1338,58,68,2,'2025-10-08 10:08:48'),(1339,58,69,2,'2025-10-08 10:08:48'),(1340,58,72,2,'2025-10-08 10:08:48'),(1341,58,73,2,'2025-10-08 10:08:48'),(1342,58,79,2,'2025-10-08 10:08:48'),(1343,58,81,2,'2025-10-08 10:08:48'),(1344,58,82,2,'2025-10-08 10:08:48'),(1345,58,83,2,'2025-10-08 10:08:48'),(1346,58,85,2,'2025-10-08 10:08:48'),(1347,58,91,2,'2025-10-08 10:08:48'),(1348,58,93,2,'2025-10-08 10:08:48'),(1349,58,94,2,'2025-10-08 10:08:48'),(1350,58,95,2,'2025-10-08 10:08:48'),(1351,58,96,2,'2025-10-08 10:08:48'),(1352,58,97,2,'2025-10-08 10:08:48'),(1353,58,99,2,'2025-10-08 10:08:48'),(1354,58,100,2,'2025-10-08 10:08:48'),(1355,59,3,2,'2025-10-08 10:08:48'),(1356,59,4,2,'2025-10-08 10:08:48'),(1357,59,5,2,'2025-10-08 10:08:48'),(1358,59,7,2,'2025-10-08 10:08:48'),(1359,59,10,2,'2025-10-08 10:08:48'),(1360,59,14,2,'2025-10-08 10:08:48'),(1361,59,16,2,'2025-10-08 10:08:48'),(1362,59,20,2,'2025-10-08 10:08:48'),(1363,59,21,2,'2025-10-08 10:08:48'),(1364,59,23,2,'2025-10-08 10:08:48'),(1365,59,31,2,'2025-10-08 10:08:48'),(1366,59,32,2,'2025-10-08 10:08:48'),(1367,59,33,2,'2025-10-08 10:08:48'),(1368,59,34,2,'2025-10-08 10:08:48'),(1369,59,37,2,'2025-10-08 10:08:48'),(1370,59,39,2,'2025-10-08 10:08:48'),(1371,59,41,2,'2025-10-08 10:08:48'),(1372,59,43,2,'2025-10-08 10:08:48'),(1373,59,45,2,'2025-10-08 10:08:48'),(1374,59,49,2,'2025-10-08 10:08:48'),(1375,59,53,2,'2025-10-08 10:08:48'),(1376,59,54,2,'2025-10-08 10:08:48'),(1377,59,55,2,'2025-10-08 10:08:48'),(1378,59,56,2,'2025-10-08 10:08:48'),(1379,59,58,2,'2025-10-08 10:08:48'),(1380,59,60,2,'2025-10-08 10:08:48'),(1381,59,63,2,'2025-10-08 10:08:48'),(1382,59,66,2,'2025-10-08 10:08:48'),(1383,59,67,2,'2025-10-08 10:08:48'),(1384,59,70,2,'2025-10-08 10:08:48'),(1385,59,78,2,'2025-10-08 10:08:48'),(1386,59,79,2,'2025-10-08 10:08:48'),(1387,59,82,2,'2025-10-08 10:08:48'),(1388,59,84,2,'2025-10-08 10:08:48'),(1389,59,86,2,'2025-10-08 10:08:48'),(1390,59,88,2,'2025-10-08 10:08:48'),(1391,59,90,2,'2025-10-08 10:08:48'),(1392,59,91,2,'2025-10-08 10:08:48'),(1393,59,93,2,'2025-10-08 10:08:48'),(1394,59,95,2,'2025-10-08 10:08:48'),(1395,59,97,2,'2025-10-08 10:08:48'),(1396,59,99,2,'2025-10-08 10:08:48'),(1397,59,100,2,'2025-10-08 10:08:48'),(1398,60,4,2,'2025-10-08 10:08:48'),(1399,60,5,2,'2025-10-08 10:08:48'),(1400,60,6,2,'2025-10-08 10:08:48'),(1401,60,8,2,'2025-10-08 10:08:48'),(1402,60,10,2,'2025-10-08 10:08:48'),(1403,60,11,2,'2025-10-08 10:08:48'),(1404,60,13,2,'2025-10-08 10:08:48'),(1405,60,17,2,'2025-10-08 10:08:48'),(1406,60,20,2,'2025-10-08 10:08:48'),(1407,60,22,2,'2025-10-08 10:08:48'),(1408,60,26,2,'2025-10-08 10:08:48'),(1409,60,27,2,'2025-10-08 10:08:48'),(1410,60,32,2,'2025-10-08 10:08:48'),(1411,60,33,2,'2025-10-08 10:08:48'),(1412,60,36,2,'2025-10-08 10:08:48'),(1413,60,39,2,'2025-10-08 10:08:48'),(1414,60,40,2,'2025-10-08 10:08:48'),(1415,60,47,2,'2025-10-08 10:08:48'),(1416,60,48,2,'2025-10-08 10:08:48'),(1417,60,49,2,'2025-10-08 10:08:48'),(1418,60,50,2,'2025-10-08 10:08:48'),(1419,60,51,2,'2025-10-08 10:08:48'),(1420,60,52,2,'2025-10-08 10:08:48'),(1421,60,56,2,'2025-10-08 10:08:48'),(1422,60,63,2,'2025-10-08 10:08:48'),(1423,60,66,2,'2025-10-08 10:08:48'),(1424,60,70,2,'2025-10-08 10:08:48'),(1425,60,75,2,'2025-10-08 10:08:48'),(1426,60,76,2,'2025-10-08 10:08:48'),(1427,60,77,2,'2025-10-08 10:08:48'),(1428,60,80,2,'2025-10-08 10:08:48'),(1429,60,84,2,'2025-10-08 10:08:48'),(1430,60,87,2,'2025-10-08 10:08:48'),(1431,60,89,2,'2025-10-08 10:08:48'),(1432,60,90,2,'2025-10-08 10:08:48'),(1433,60,98,2,'2025-10-08 10:08:48'),(1434,60,99,2,'2025-10-08 10:08:48'),(1435,61,11,2,'2025-10-08 10:08:48'),(1436,61,13,2,'2025-10-08 10:08:48'),(1437,61,17,2,'2025-10-08 10:08:48'),(1438,61,18,2,'2025-10-08 10:08:48'),(1439,61,19,2,'2025-10-08 10:08:48'),(1440,61,20,2,'2025-10-08 10:08:48'),(1441,61,21,2,'2025-10-08 10:08:48'),(1442,61,23,2,'2025-10-08 10:08:48'),(1443,61,24,2,'2025-10-08 10:08:48'),(1444,61,25,2,'2025-10-08 10:08:48'),(1445,61,28,2,'2025-10-08 10:08:48'),(1446,61,32,2,'2025-10-08 10:08:48'),(1447,61,34,2,'2025-10-08 10:08:48'),(1448,61,35,2,'2025-10-08 10:08:48'),(1449,61,38,2,'2025-10-08 10:08:48'),(1450,61,40,2,'2025-10-08 10:08:48'),(1451,61,41,2,'2025-10-08 10:08:48'),(1452,61,42,2,'2025-10-08 10:08:48'),(1453,61,43,2,'2025-10-08 10:08:48'),(1454,61,50,2,'2025-10-08 10:08:49'),(1455,61,52,2,'2025-10-08 10:08:49'),(1456,61,56,2,'2025-10-08 10:08:49'),(1457,61,58,2,'2025-10-08 10:08:49'),(1458,61,59,2,'2025-10-08 10:08:49'),(1459,61,62,2,'2025-10-08 10:08:49'),(1460,61,65,2,'2025-10-08 10:08:49'),(1461,61,68,2,'2025-10-08 10:08:49'),(1462,61,73,2,'2025-10-08 10:08:49'),(1463,61,78,2,'2025-10-08 10:08:49'),(1464,61,82,2,'2025-10-08 10:08:49'),(1465,61,83,2,'2025-10-08 10:08:49'),(1466,61,86,2,'2025-10-08 10:08:49'),(1467,61,87,2,'2025-10-08 10:08:49'),(1468,61,99,2,'2025-10-08 10:08:49'),(1469,61,100,2,'2025-10-08 10:08:49'),(1470,62,1,2,'2025-10-08 10:08:49'),(1471,62,2,2,'2025-10-08 10:08:49'),(1472,62,4,2,'2025-10-08 10:08:49'),(1473,62,7,2,'2025-10-08 10:08:49'),(1474,62,11,2,'2025-10-08 10:08:49'),(1475,62,16,2,'2025-10-08 10:08:49'),(1476,62,17,2,'2025-10-08 10:08:49'),(1477,62,19,2,'2025-10-08 10:08:49'),(1478,62,20,2,'2025-10-08 10:08:49'),(1479,62,21,2,'2025-10-08 10:08:49'),(1480,62,32,2,'2025-10-08 10:08:49'),(1481,62,33,2,'2025-10-08 10:08:49'),(1482,62,42,2,'2025-10-08 10:08:49'),(1483,62,43,2,'2025-10-08 10:08:49'),(1484,62,47,2,'2025-10-08 10:08:49'),(1485,62,52,2,'2025-10-08 10:08:49'),(1486,62,53,2,'2025-10-08 10:08:49'),(1487,62,54,2,'2025-10-08 10:08:49'),(1488,62,55,2,'2025-10-08 10:08:49'),(1489,62,56,2,'2025-10-08 10:08:49'),(1490,62,57,2,'2025-10-08 10:08:49'),(1491,62,62,2,'2025-10-08 10:08:49'),(1492,62,63,2,'2025-10-08 10:08:49'),(1493,62,65,2,'2025-10-08 10:08:49'),(1494,62,66,2,'2025-10-08 10:08:49'),(1495,62,67,2,'2025-10-08 10:08:49'),(1496,62,68,2,'2025-10-08 10:08:49'),(1497,62,69,2,'2025-10-08 10:08:49'),(1498,62,70,2,'2025-10-08 10:08:49'),(1499,62,71,2,'2025-10-08 10:08:49'),(1500,62,73,2,'2025-10-08 10:08:49'),(1501,62,75,2,'2025-10-08 10:08:49'),(1502,62,78,2,'2025-10-08 10:08:49'),(1503,62,80,2,'2025-10-08 10:08:49'),(1504,62,82,2,'2025-10-08 10:08:49'),(1505,62,87,2,'2025-10-08 10:08:49'),(1506,62,88,2,'2025-10-08 10:08:49'),(1507,62,89,2,'2025-10-08 10:08:49'),(1508,62,90,2,'2025-10-08 10:08:49'),(1509,62,91,2,'2025-10-08 10:08:49'),(1510,62,94,2,'2025-10-08 10:08:49'),(1511,62,97,2,'2025-10-08 10:08:49'),(1512,62,99,2,'2025-10-08 10:08:49'),(1513,62,100,2,'2025-10-08 10:08:49'),(1514,63,2,2,'2025-10-08 10:08:49'),(1515,63,4,2,'2025-10-08 10:08:49'),(1516,63,6,2,'2025-10-08 10:08:49'),(1517,63,7,2,'2025-10-08 10:08:49'),(1518,63,10,2,'2025-10-08 10:08:49'),(1519,63,12,2,'2025-10-08 10:08:49'),(1520,63,13,2,'2025-10-08 10:08:49'),(1521,63,38,2,'2025-10-08 10:08:49'),(1522,63,44,2,'2025-10-08 10:08:49'),(1523,63,45,2,'2025-10-08 10:08:49'),(1524,63,51,2,'2025-10-08 10:08:49'),(1525,63,52,2,'2025-10-08 10:08:49'),(1526,63,56,2,'2025-10-08 10:08:49'),(1527,63,58,2,'2025-10-08 10:08:49'),(1528,63,60,2,'2025-10-08 10:08:49'),(1529,63,63,2,'2025-10-08 10:08:49'),(1530,63,64,2,'2025-10-08 10:08:49'),(1531,63,72,2,'2025-10-08 10:08:49'),(1532,63,73,2,'2025-10-08 10:08:49'),(1533,63,75,2,'2025-10-08 10:08:49'),(1534,63,78,2,'2025-10-08 10:08:49'),(1535,63,81,2,'2025-10-08 10:08:49'),(1536,63,82,2,'2025-10-08 10:08:49'),(1537,63,86,2,'2025-10-08 10:08:49'),(1538,63,89,2,'2025-10-08 10:08:49'),(1539,63,93,2,'2025-10-08 10:08:49'),(1540,63,96,2,'2025-10-08 10:08:49'),(1541,63,99,2,'2025-10-08 10:08:49'),(1542,64,1,2,'2025-10-08 10:08:49'),(1543,64,9,2,'2025-10-08 10:08:49'),(1544,64,12,2,'2025-10-08 10:08:49'),(1545,64,17,2,'2025-10-08 10:08:49'),(1546,64,18,2,'2025-10-08 10:08:49'),(1547,64,25,2,'2025-10-08 10:08:49'),(1548,64,27,2,'2025-10-08 10:08:49'),(1549,64,28,2,'2025-10-08 10:08:49'),(1550,64,31,2,'2025-10-08 10:08:49'),(1551,64,33,2,'2025-10-08 10:08:49'),(1552,64,37,2,'2025-10-08 10:08:49'),(1553,64,39,2,'2025-10-08 10:08:49'),(1554,64,41,2,'2025-10-08 10:08:49'),(1555,64,42,2,'2025-10-08 10:08:49'),(1556,64,43,2,'2025-10-08 10:08:49'),(1557,64,44,2,'2025-10-08 10:08:49'),(1558,64,47,2,'2025-10-08 10:08:49'),(1559,64,48,2,'2025-10-08 10:08:49'),(1560,64,51,2,'2025-10-08 10:08:49'),(1561,64,52,2,'2025-10-08 10:08:49'),(1562,64,54,2,'2025-10-08 10:08:49'),(1563,64,56,2,'2025-10-08 10:08:49'),(1564,64,57,2,'2025-10-08 10:08:49'),(1565,64,58,2,'2025-10-08 10:08:49'),(1566,64,63,2,'2025-10-08 10:08:49'),(1567,64,65,2,'2025-10-08 10:08:49'),(1568,64,67,2,'2025-10-08 10:08:49'),(1569,64,74,2,'2025-10-08 10:08:49'),(1570,64,78,2,'2025-10-08 10:08:49'),(1571,64,81,2,'2025-10-08 10:08:49'),(1572,64,83,2,'2025-10-08 10:08:49'),(1573,64,84,2,'2025-10-08 10:08:49'),(1574,64,86,2,'2025-10-08 10:08:49'),(1575,64,94,2,'2025-10-08 10:08:49'),(1576,64,95,2,'2025-10-08 10:08:49'),(1577,64,97,2,'2025-10-08 10:08:49'),(1578,64,98,2,'2025-10-08 10:08:49'),(1579,64,100,2,'2025-10-08 10:08:49'),(1580,65,3,2,'2025-10-08 10:08:49'),(1581,65,6,2,'2025-10-08 10:08:49'),(1582,65,7,2,'2025-10-08 10:08:49'),(1583,65,9,2,'2025-10-08 10:08:49'),(1584,65,10,2,'2025-10-08 10:08:49'),(1585,65,13,2,'2025-10-08 10:08:49'),(1586,65,15,2,'2025-10-08 10:08:49'),(1587,65,16,2,'2025-10-08 10:08:49'),(1588,65,18,2,'2025-10-08 10:08:49'),(1589,65,20,2,'2025-10-08 10:08:49'),(1590,65,25,2,'2025-10-08 10:08:49'),(1591,65,28,2,'2025-10-08 10:08:49'),(1592,65,29,2,'2025-10-08 10:08:49'),(1593,65,30,2,'2025-10-08 10:08:49'),(1594,65,31,2,'2025-10-08 10:08:49'),(1595,65,33,2,'2025-10-08 10:08:49'),(1596,65,34,2,'2025-10-08 10:08:49'),(1597,65,39,2,'2025-10-08 10:08:49'),(1598,65,43,2,'2025-10-08 10:08:49'),(1599,65,44,2,'2025-10-08 10:08:49'),(1600,65,45,2,'2025-10-08 10:08:49'),(1601,65,46,2,'2025-10-08 10:08:49'),(1602,65,50,2,'2025-10-08 10:08:49'),(1603,65,51,2,'2025-10-08 10:08:49'),(1604,65,57,2,'2025-10-08 10:08:49'),(1605,65,59,2,'2025-10-08 10:08:49'),(1606,65,61,2,'2025-10-08 10:08:49'),(1607,65,62,2,'2025-10-08 10:08:49'),(1608,65,63,2,'2025-10-08 10:08:49'),(1609,65,67,2,'2025-10-08 10:08:49'),(1610,65,69,2,'2025-10-08 10:08:49'),(1611,65,70,2,'2025-10-08 10:08:49'),(1612,65,71,2,'2025-10-08 10:08:49'),(1613,65,74,2,'2025-10-08 10:08:49'),(1614,65,76,2,'2025-10-08 10:08:49'),(1615,65,79,2,'2025-10-08 10:08:49'),(1616,65,80,2,'2025-10-08 10:08:49'),(1617,65,81,2,'2025-10-08 10:08:49'),(1618,65,83,2,'2025-10-08 10:08:49'),(1619,65,85,2,'2025-10-08 10:08:49'),(1620,65,88,2,'2025-10-08 10:08:49'),(1621,65,90,2,'2025-10-08 10:08:49'),(1622,65,92,2,'2025-10-08 10:08:49'),(1623,65,94,2,'2025-10-08 10:08:49'),(1624,65,95,2,'2025-10-08 10:08:49'),(1625,65,97,2,'2025-10-08 10:08:49'),(1626,65,99,2,'2025-10-08 10:08:49'),(1627,66,6,2,'2025-10-08 10:08:49'),(1628,66,7,2,'2025-10-08 10:08:49'),(1629,66,9,2,'2025-10-08 10:08:49'),(1630,66,14,2,'2025-10-08 10:08:49'),(1631,66,15,2,'2025-10-08 10:08:49'),(1632,66,17,2,'2025-10-08 10:08:49'),(1633,66,19,2,'2025-10-08 10:08:49'),(1634,66,22,2,'2025-10-08 10:08:49'),(1635,66,27,2,'2025-10-08 10:08:49'),(1636,66,32,2,'2025-10-08 10:08:49'),(1637,66,33,2,'2025-10-08 10:08:49'),(1638,66,38,2,'2025-10-08 10:08:49'),(1639,66,39,2,'2025-10-08 10:08:49'),(1640,66,47,2,'2025-10-08 10:08:49'),(1641,66,48,2,'2025-10-08 10:08:49'),(1642,66,50,2,'2025-10-08 10:08:49'),(1643,66,51,2,'2025-10-08 10:08:49'),(1644,66,53,2,'2025-10-08 10:08:49'),(1645,66,57,2,'2025-10-08 10:08:49'),(1646,66,58,2,'2025-10-08 10:08:49'),(1647,66,60,2,'2025-10-08 10:08:49'),(1648,66,61,2,'2025-10-08 10:08:49'),(1649,66,62,2,'2025-10-08 10:08:49'),(1650,66,68,2,'2025-10-08 10:08:49'),(1651,66,71,2,'2025-10-08 10:08:49'),(1652,66,73,2,'2025-10-08 10:08:49'),(1653,66,77,2,'2025-10-08 10:08:49'),(1654,66,78,2,'2025-10-08 10:08:49'),(1655,66,79,2,'2025-10-08 10:08:49'),(1656,66,85,2,'2025-10-08 10:08:49'),(1657,66,86,2,'2025-10-08 10:08:49'),(1658,66,87,2,'2025-10-08 10:08:49'),(1659,66,89,2,'2025-10-08 10:08:49'),(1660,66,93,2,'2025-10-08 10:08:49'),(1661,66,97,2,'2025-10-08 10:08:49'),(1662,66,99,2,'2025-10-08 10:08:49'),(1663,67,2,2,'2025-10-08 10:08:49'),(1664,67,3,2,'2025-10-08 10:08:49'),(1665,67,7,2,'2025-10-08 10:08:49'),(1666,67,15,2,'2025-10-08 10:08:49'),(1667,67,19,2,'2025-10-08 10:08:49'),(1668,67,33,2,'2025-10-08 10:08:49'),(1669,67,34,2,'2025-10-08 10:08:49'),(1670,67,42,2,'2025-10-08 10:08:49'),(1671,67,48,2,'2025-10-08 10:08:49'),(1672,67,52,2,'2025-10-08 10:08:49'),(1673,67,53,2,'2025-10-08 10:08:49'),(1674,67,55,2,'2025-10-08 10:08:49'),(1675,67,62,2,'2025-10-08 10:08:49'),(1676,67,68,2,'2025-10-08 10:08:49'),(1677,67,73,2,'2025-10-08 10:08:49'),(1678,67,80,2,'2025-10-08 10:08:49'),(1679,67,81,2,'2025-10-08 10:08:49'),(1680,67,83,2,'2025-10-08 10:08:49'),(1681,67,84,2,'2025-10-08 10:08:49'),(1682,67,88,2,'2025-10-08 10:08:49'),(1683,67,89,2,'2025-10-08 10:08:49'),(1684,67,90,2,'2025-10-08 10:08:49'),(1685,67,91,2,'2025-10-08 10:08:49'),(1686,67,96,2,'2025-10-08 10:08:49'),(1687,68,1,2,'2025-10-08 10:08:49'),(1688,68,2,2,'2025-10-08 10:08:49'),(1689,68,3,2,'2025-10-08 10:08:49'),(1690,68,7,2,'2025-10-08 10:08:49'),(1691,68,8,2,'2025-10-08 10:08:49'),(1692,68,9,2,'2025-10-08 10:08:49'),(1693,68,10,2,'2025-10-08 10:08:49'),(1694,68,11,2,'2025-10-08 10:08:49'),(1695,68,14,2,'2025-10-08 10:08:49'),(1696,68,17,2,'2025-10-08 10:08:49'),(1697,68,18,2,'2025-10-08 10:08:49'),(1698,68,19,2,'2025-10-08 10:08:49'),(1699,68,21,2,'2025-10-08 10:08:49'),(1700,68,24,2,'2025-10-08 10:08:49'),(1701,68,30,2,'2025-10-08 10:08:49'),(1702,68,33,2,'2025-10-08 10:08:49'),(1703,68,35,2,'2025-10-08 10:08:49'),(1704,68,36,2,'2025-10-08 10:08:49'),(1705,68,38,2,'2025-10-08 10:08:49'),(1706,68,43,2,'2025-10-08 10:08:49'),(1707,68,44,2,'2025-10-08 10:08:49'),(1708,68,45,2,'2025-10-08 10:08:49'),(1709,68,46,2,'2025-10-08 10:08:49'),(1710,68,47,2,'2025-10-08 10:08:49'),(1711,68,48,2,'2025-10-08 10:08:49'),(1712,68,49,2,'2025-10-08 10:08:49'),(1713,68,51,2,'2025-10-08 10:08:49'),(1714,68,53,2,'2025-10-08 10:08:49'),(1715,68,55,2,'2025-10-08 10:08:49'),(1716,68,59,2,'2025-10-08 10:08:49'),(1717,68,62,2,'2025-10-08 10:08:49'),(1718,68,64,2,'2025-10-08 10:08:49'),(1719,68,66,2,'2025-10-08 10:08:49'),(1720,68,67,2,'2025-10-08 10:08:49'),(1721,68,70,2,'2025-10-08 10:08:49'),(1722,68,71,2,'2025-10-08 10:08:49'),(1723,68,72,2,'2025-10-08 10:08:49'),(1724,68,73,2,'2025-10-08 10:08:49'),(1725,68,74,2,'2025-10-08 10:08:49'),(1726,68,77,2,'2025-10-08 10:08:49'),(1727,68,79,2,'2025-10-08 10:08:49'),(1728,68,80,2,'2025-10-08 10:08:49'),(1729,68,81,2,'2025-10-08 10:08:49'),(1730,68,82,2,'2025-10-08 10:08:49'),(1731,68,92,2,'2025-10-08 10:08:49'),(1732,68,94,2,'2025-10-08 10:08:49'),(1733,68,95,2,'2025-10-08 10:08:49'),(1734,68,100,2,'2025-10-08 10:08:49'),(1735,69,1,2,'2025-10-08 10:08:49'),(1736,69,3,2,'2025-10-08 10:08:49'),(1737,69,4,2,'2025-10-08 10:08:49'),(1738,69,8,2,'2025-10-08 10:08:49'),(1739,69,11,2,'2025-10-08 10:08:49'),(1740,69,12,2,'2025-10-08 10:08:49'),(1741,69,15,2,'2025-10-08 10:08:49'),(1742,69,16,2,'2025-10-08 10:08:49'),(1743,69,18,2,'2025-10-08 10:08:49'),(1744,69,19,2,'2025-10-08 10:08:49'),(1745,69,21,2,'2025-10-08 10:08:49'),(1746,69,25,2,'2025-10-08 10:08:49'),(1747,69,26,2,'2025-10-08 10:08:49'),(1748,69,28,2,'2025-10-08 10:08:49'),(1749,69,38,2,'2025-10-08 10:08:49'),(1750,69,39,2,'2025-10-08 10:08:49'),(1751,69,44,2,'2025-10-08 10:08:49'),(1752,69,48,2,'2025-10-08 10:08:49'),(1753,69,49,2,'2025-10-08 10:08:49'),(1754,69,51,2,'2025-10-08 10:08:49'),(1755,69,52,2,'2025-10-08 10:08:49'),(1756,69,58,2,'2025-10-08 10:08:49'),(1757,69,59,2,'2025-10-08 10:08:49'),(1758,69,60,2,'2025-10-08 10:08:49'),(1759,69,63,2,'2025-10-08 10:08:49'),(1760,69,69,2,'2025-10-08 10:08:49'),(1761,69,70,2,'2025-10-08 10:08:49'),(1762,69,73,2,'2025-10-08 10:08:49'),(1763,69,74,2,'2025-10-08 10:08:49'),(1764,69,76,2,'2025-10-08 10:08:49'),(1765,69,78,2,'2025-10-08 10:08:49'),(1766,69,81,2,'2025-10-08 10:08:49'),(1767,69,82,2,'2025-10-08 10:08:49'),(1768,69,86,2,'2025-10-08 10:08:49'),(1769,69,88,2,'2025-10-08 10:08:49'),(1770,69,89,2,'2025-10-08 10:08:49'),(1771,69,92,2,'2025-10-08 10:08:49'),(1772,69,94,2,'2025-10-08 10:08:49'),(1773,69,99,2,'2025-10-08 10:08:49'),(1774,69,100,2,'2025-10-08 10:08:49'),(1775,70,3,2,'2025-10-08 10:08:49'),(1776,70,4,2,'2025-10-08 10:08:49'),(1777,70,16,2,'2025-10-08 10:08:49'),(1778,70,20,2,'2025-10-08 10:08:49'),(1779,70,26,2,'2025-10-08 10:08:49'),(1780,70,27,2,'2025-10-08 10:08:49'),(1781,70,30,2,'2025-10-08 10:08:49'),(1782,70,34,2,'2025-10-08 10:08:49'),(1783,70,39,2,'2025-10-08 10:08:49'),(1784,70,45,2,'2025-10-08 10:08:49'),(1785,70,46,2,'2025-10-08 10:08:49'),(1786,70,54,2,'2025-10-08 10:08:49'),(1787,70,55,2,'2025-10-08 10:08:49'),(1788,70,65,2,'2025-10-08 10:08:49'),(1789,70,69,2,'2025-10-08 10:08:49'),(1790,70,70,2,'2025-10-08 10:08:49'),(1791,70,71,2,'2025-10-08 10:08:49'),(1792,70,74,2,'2025-10-08 10:08:49'),(1793,70,76,2,'2025-10-08 10:08:49'),(1794,70,77,2,'2025-10-08 10:08:49'),(1795,70,79,2,'2025-10-08 10:08:49'),(1796,70,81,2,'2025-10-08 10:08:49'),(1797,70,82,2,'2025-10-08 10:08:49'),(1798,70,83,2,'2025-10-08 10:08:49'),(1799,70,85,2,'2025-10-08 10:08:49'),(1800,70,88,2,'2025-10-08 10:08:49'),(1801,70,96,2,'2025-10-08 10:08:49'),(1802,71,4,2,'2025-10-08 10:08:50'),(1803,71,11,2,'2025-10-08 10:08:50'),(1804,71,12,2,'2025-10-08 10:08:50'),(1805,71,18,2,'2025-10-08 10:08:50'),(1806,71,23,2,'2025-10-08 10:08:50'),(1807,71,31,2,'2025-10-08 10:08:50'),(1808,71,32,2,'2025-10-08 10:08:50'),(1809,71,33,2,'2025-10-08 10:08:50'),(1810,71,43,2,'2025-10-08 10:08:50'),(1811,71,49,2,'2025-10-08 10:08:50'),(1812,71,51,2,'2025-10-08 10:08:50'),(1813,71,52,2,'2025-10-08 10:08:50'),(1814,71,60,2,'2025-10-08 10:08:50'),(1815,71,63,2,'2025-10-08 10:08:50'),(1816,71,64,2,'2025-10-08 10:08:50'),(1817,71,71,2,'2025-10-08 10:08:50'),(1818,71,74,2,'2025-10-08 10:08:50'),(1819,71,75,2,'2025-10-08 10:08:50'),(1820,71,77,2,'2025-10-08 10:08:50'),(1821,71,81,2,'2025-10-08 10:08:50'),(1822,71,82,2,'2025-10-08 10:08:50'),(1823,71,83,2,'2025-10-08 10:08:50'),(1824,71,85,2,'2025-10-08 10:08:50'),(1825,71,88,2,'2025-10-08 10:08:50'),(1826,71,89,2,'2025-10-08 10:08:50'),(1827,71,95,2,'2025-10-08 10:08:50'),(1828,71,99,2,'2025-10-08 10:08:50'),(1829,72,4,2,'2025-10-08 10:08:50'),(1830,72,20,2,'2025-10-08 10:08:50'),(1831,72,23,2,'2025-10-08 10:08:50'),(1832,72,24,2,'2025-10-08 10:08:50'),(1833,72,26,2,'2025-10-08 10:08:50'),(1834,72,27,2,'2025-10-08 10:08:50'),(1835,72,28,2,'2025-10-08 10:08:50'),(1836,72,31,2,'2025-10-08 10:08:50'),(1837,72,34,2,'2025-10-08 10:08:50'),(1838,72,35,2,'2025-10-08 10:08:50'),(1839,72,38,2,'2025-10-08 10:08:50'),(1840,72,40,2,'2025-10-08 10:08:50'),(1841,72,41,2,'2025-10-08 10:08:50'),(1842,72,43,2,'2025-10-08 10:08:50'),(1843,72,44,2,'2025-10-08 10:08:50'),(1844,72,45,2,'2025-10-08 10:08:50'),(1845,72,48,2,'2025-10-08 10:08:50'),(1846,72,49,2,'2025-10-08 10:08:50'),(1847,72,53,2,'2025-10-08 10:08:50'),(1848,72,55,2,'2025-10-08 10:08:50'),(1849,72,56,2,'2025-10-08 10:08:50'),(1850,72,63,2,'2025-10-08 10:08:50'),(1851,72,67,2,'2025-10-08 10:08:50'),(1852,72,68,2,'2025-10-08 10:08:50'),(1853,72,79,2,'2025-10-08 10:08:50'),(1854,72,80,2,'2025-10-08 10:08:50'),(1855,72,83,2,'2025-10-08 10:08:50'),(1856,72,84,2,'2025-10-08 10:08:50'),(1857,72,87,2,'2025-10-08 10:08:50'),(1858,72,88,2,'2025-10-08 10:08:50'),(1859,72,90,2,'2025-10-08 10:08:50'),(1860,72,92,2,'2025-10-08 10:08:50'),(1861,72,93,2,'2025-10-08 10:08:50'),(1862,72,97,2,'2025-10-08 10:08:50'),(1863,72,98,2,'2025-10-08 10:08:50'),(1864,73,4,2,'2025-10-08 10:08:50'),(1865,73,5,2,'2025-10-08 10:08:50'),(1866,73,6,2,'2025-10-08 10:08:50'),(1867,73,7,2,'2025-10-08 10:08:50'),(1868,73,11,2,'2025-10-08 10:08:50'),(1869,73,16,2,'2025-10-08 10:08:50'),(1870,73,21,2,'2025-10-08 10:08:50'),(1871,73,22,2,'2025-10-08 10:08:50'),(1872,73,25,2,'2025-10-08 10:08:50'),(1873,73,28,2,'2025-10-08 10:08:50'),(1874,73,29,2,'2025-10-08 10:08:50'),(1875,73,30,2,'2025-10-08 10:08:50'),(1876,73,33,2,'2025-10-08 10:08:50'),(1877,73,35,2,'2025-10-08 10:08:50'),(1878,73,37,2,'2025-10-08 10:08:50'),(1879,73,41,2,'2025-10-08 10:08:50'),(1880,73,43,2,'2025-10-08 10:08:50'),(1881,73,44,2,'2025-10-08 10:08:50'),(1882,73,48,2,'2025-10-08 10:08:50'),(1883,73,49,2,'2025-10-08 10:08:50'),(1884,73,53,2,'2025-10-08 10:08:50'),(1885,73,56,2,'2025-10-08 10:08:50'),(1886,73,57,2,'2025-10-08 10:08:50'),(1887,73,60,2,'2025-10-08 10:08:50'),(1888,73,66,2,'2025-10-08 10:08:50'),(1889,73,67,2,'2025-10-08 10:08:50'),(1890,73,68,2,'2025-10-08 10:08:50'),(1891,73,72,2,'2025-10-08 10:08:50'),(1892,73,75,2,'2025-10-08 10:08:50'),(1893,73,77,2,'2025-10-08 10:08:50'),(1894,73,86,2,'2025-10-08 10:08:50'),(1895,73,87,2,'2025-10-08 10:08:50'),(1896,73,88,2,'2025-10-08 10:08:50'),(1897,73,89,2,'2025-10-08 10:08:50'),(1898,73,92,2,'2025-10-08 10:08:50'),(1899,73,93,2,'2025-10-08 10:08:50'),(1900,73,95,2,'2025-10-08 10:08:50'),(1901,73,96,2,'2025-10-08 10:08:50'),(1902,73,97,2,'2025-10-08 10:08:50'),(1903,73,100,2,'2025-10-08 10:08:50'),(1904,74,1,2,'2025-10-08 10:08:50'),(1905,74,4,2,'2025-10-08 10:08:50'),(1906,74,5,2,'2025-10-08 10:08:50'),(1907,74,6,2,'2025-10-08 10:08:50'),(1908,74,7,2,'2025-10-08 10:08:50'),(1909,74,8,2,'2025-10-08 10:08:50'),(1910,74,12,2,'2025-10-08 10:08:50'),(1911,74,17,2,'2025-10-08 10:08:50'),(1912,74,19,2,'2025-10-08 10:08:50'),(1913,74,20,2,'2025-10-08 10:08:50'),(1914,74,24,2,'2025-10-08 10:08:50'),(1915,74,27,2,'2025-10-08 10:08:50'),(1916,74,30,2,'2025-10-08 10:08:50'),(1917,74,31,2,'2025-10-08 10:08:50'),(1918,74,32,2,'2025-10-08 10:08:50'),(1919,74,33,2,'2025-10-08 10:08:50'),(1920,74,36,2,'2025-10-08 10:08:50'),(1921,74,37,2,'2025-10-08 10:08:50'),(1922,74,38,2,'2025-10-08 10:08:50'),(1923,74,40,2,'2025-10-08 10:08:50'),(1924,74,41,2,'2025-10-08 10:08:50'),(1925,74,44,2,'2025-10-08 10:08:50'),(1926,74,45,2,'2025-10-08 10:08:50'),(1927,74,49,2,'2025-10-08 10:08:50'),(1928,74,58,2,'2025-10-08 10:08:50'),(1929,74,60,2,'2025-10-08 10:08:50'),(1930,74,64,2,'2025-10-08 10:08:50'),(1931,74,65,2,'2025-10-08 10:08:50'),(1932,74,66,2,'2025-10-08 10:08:50'),(1933,74,68,2,'2025-10-08 10:08:50'),(1934,74,69,2,'2025-10-08 10:08:50'),(1935,74,72,2,'2025-10-08 10:08:50'),(1936,74,74,2,'2025-10-08 10:08:50'),(1937,74,78,2,'2025-10-08 10:08:50'),(1938,74,81,2,'2025-10-08 10:08:50'),(1939,74,82,2,'2025-10-08 10:08:50'),(1940,74,86,2,'2025-10-08 10:08:50'),(1941,74,92,2,'2025-10-08 10:08:50'),(1942,74,94,2,'2025-10-08 10:08:50'),(1943,74,96,2,'2025-10-08 10:08:50'),(1944,74,97,2,'2025-10-08 10:08:50'),(1945,75,5,2,'2025-10-08 10:08:50'),(1946,75,6,2,'2025-10-08 10:08:50'),(1947,75,7,2,'2025-10-08 10:08:50'),(1948,75,13,2,'2025-10-08 10:08:50'),(1949,75,14,2,'2025-10-08 10:08:50'),(1950,75,15,2,'2025-10-08 10:08:50'),(1951,75,16,2,'2025-10-08 10:08:50'),(1952,75,18,2,'2025-10-08 10:08:50'),(1953,75,25,2,'2025-10-08 10:08:50'),(1954,75,26,2,'2025-10-08 10:08:50'),(1955,75,28,2,'2025-10-08 10:08:50'),(1956,75,41,2,'2025-10-08 10:08:50'),(1957,75,46,2,'2025-10-08 10:08:50'),(1958,75,52,2,'2025-10-08 10:08:50'),(1959,75,55,2,'2025-10-08 10:08:50'),(1960,75,56,2,'2025-10-08 10:08:50'),(1961,75,65,2,'2025-10-08 10:08:50'),(1962,75,67,2,'2025-10-08 10:08:50'),(1963,75,71,2,'2025-10-08 10:08:50'),(1964,75,78,2,'2025-10-08 10:08:50'),(1965,75,91,2,'2025-10-08 10:08:50'),(1966,75,97,2,'2025-10-08 10:08:50'),(1967,75,99,2,'2025-10-08 10:08:50'),(1968,76,1,2,'2025-10-08 10:08:50'),(1969,76,3,2,'2025-10-08 10:08:50'),(1970,76,4,2,'2025-10-08 10:08:50'),(1971,76,5,2,'2025-10-08 10:08:50'),(1972,76,6,2,'2025-10-08 10:08:50'),(1973,76,7,2,'2025-10-08 10:08:50'),(1974,76,8,2,'2025-10-08 10:08:50'),(1975,76,10,2,'2025-10-08 10:08:50'),(1976,76,12,2,'2025-10-08 10:08:50'),(1977,76,13,2,'2025-10-08 10:08:50'),(1978,76,14,2,'2025-10-08 10:08:50'),(1979,76,16,2,'2025-10-08 10:08:50'),(1980,76,24,2,'2025-10-08 10:08:50'),(1981,76,26,2,'2025-10-08 10:08:50'),(1982,76,28,2,'2025-10-08 10:08:50'),(1983,76,29,2,'2025-10-08 10:08:50'),(1984,76,30,2,'2025-10-08 10:08:50'),(1985,76,35,2,'2025-10-08 10:08:50'),(1986,76,39,2,'2025-10-08 10:08:50'),(1987,76,43,2,'2025-10-08 10:08:50'),(1988,76,49,2,'2025-10-08 10:08:50'),(1989,76,52,2,'2025-10-08 10:08:50'),(1990,76,55,2,'2025-10-08 10:08:50'),(1991,76,56,2,'2025-10-08 10:08:50'),(1992,76,58,2,'2025-10-08 10:08:50'),(1993,76,60,2,'2025-10-08 10:08:50'),(1994,76,61,2,'2025-10-08 10:08:50'),(1995,76,67,2,'2025-10-08 10:08:50'),(1996,76,68,2,'2025-10-08 10:08:50'),(1997,76,69,2,'2025-10-08 10:08:50'),(1998,76,70,2,'2025-10-08 10:08:50'),(1999,76,75,2,'2025-10-08 10:08:50'),(2000,76,77,2,'2025-10-08 10:08:50'),(2001,76,78,2,'2025-10-08 10:08:50'),(2002,76,86,2,'2025-10-08 10:08:50'),(2003,76,87,2,'2025-10-08 10:08:50'),(2004,76,90,2,'2025-10-08 10:08:50'),(2005,76,94,2,'2025-10-08 10:08:50'),(2006,76,96,2,'2025-10-08 10:08:50'),(2007,76,97,2,'2025-10-08 10:08:50'),(2008,76,99,2,'2025-10-08 10:08:50'),(2009,76,100,2,'2025-10-08 10:08:50'),(2010,77,4,2,'2025-10-08 10:08:50'),(2011,77,8,2,'2025-10-08 10:08:50'),(2012,77,10,2,'2025-10-08 10:08:50'),(2013,77,11,2,'2025-10-08 10:08:50'),(2014,77,23,2,'2025-10-08 10:08:50'),(2015,77,25,2,'2025-10-08 10:08:50'),(2016,77,29,2,'2025-10-08 10:08:50'),(2017,77,31,2,'2025-10-08 10:08:50'),(2018,77,39,2,'2025-10-08 10:08:50'),(2019,77,42,2,'2025-10-08 10:08:50'),(2020,77,44,2,'2025-10-08 10:08:50'),(2021,77,47,2,'2025-10-08 10:08:50'),(2022,77,51,2,'2025-10-08 10:08:50'),(2023,77,54,2,'2025-10-08 10:08:50'),(2024,77,55,2,'2025-10-08 10:08:50'),(2025,77,58,2,'2025-10-08 10:08:50'),(2026,77,61,2,'2025-10-08 10:08:50'),(2027,77,72,2,'2025-10-08 10:08:50'),(2028,77,77,2,'2025-10-08 10:08:50'),(2029,77,81,2,'2025-10-08 10:08:50'),(2030,77,82,2,'2025-10-08 10:08:50'),(2031,77,85,2,'2025-10-08 10:08:50'),(2032,77,86,2,'2025-10-08 10:08:50'),(2033,77,87,2,'2025-10-08 10:08:50'),(2034,77,88,2,'2025-10-08 10:08:50'),(2035,77,91,2,'2025-10-08 10:08:50'),(2036,77,94,2,'2025-10-08 10:08:50'),(2037,77,98,2,'2025-10-08 10:08:50'),(2038,78,4,2,'2025-10-08 10:08:50'),(2039,78,5,2,'2025-10-08 10:08:50'),(2040,78,9,2,'2025-10-08 10:08:50'),(2041,78,13,2,'2025-10-08 10:08:50'),(2042,78,22,2,'2025-10-08 10:08:50'),(2043,78,26,2,'2025-10-08 10:08:50'),(2044,78,29,2,'2025-10-08 10:08:50'),(2045,78,31,2,'2025-10-08 10:08:50'),(2046,78,33,2,'2025-10-08 10:08:50'),(2047,78,34,2,'2025-10-08 10:08:50'),(2048,78,40,2,'2025-10-08 10:08:50'),(2049,78,41,2,'2025-10-08 10:08:50'),(2050,78,43,2,'2025-10-08 10:08:50'),(2051,78,44,2,'2025-10-08 10:08:50'),(2052,78,45,2,'2025-10-08 10:08:50'),(2053,78,46,2,'2025-10-08 10:08:50'),(2054,78,47,2,'2025-10-08 10:08:50'),(2055,78,50,2,'2025-10-08 10:08:50'),(2056,78,52,2,'2025-10-08 10:08:50'),(2057,78,53,2,'2025-10-08 10:08:50'),(2058,78,54,2,'2025-10-08 10:08:50'),(2059,78,55,2,'2025-10-08 10:08:50'),(2060,78,57,2,'2025-10-08 10:08:50'),(2061,78,59,2,'2025-10-08 10:08:50'),(2062,78,62,2,'2025-10-08 10:08:50'),(2063,78,63,2,'2025-10-08 10:08:50'),(2064,78,67,2,'2025-10-08 10:08:50'),(2065,78,68,2,'2025-10-08 10:08:50'),(2066,78,69,2,'2025-10-08 10:08:50'),(2067,78,72,2,'2025-10-08 10:08:50'),(2068,78,74,2,'2025-10-08 10:08:50'),(2069,78,76,2,'2025-10-08 10:08:50'),(2070,78,77,2,'2025-10-08 10:08:50'),(2071,78,78,2,'2025-10-08 10:08:50'),(2072,78,85,2,'2025-10-08 10:08:50'),(2073,78,91,2,'2025-10-08 10:08:50'),(2074,78,94,2,'2025-10-08 10:08:50'),(2075,78,95,2,'2025-10-08 10:08:50'),(2076,78,96,2,'2025-10-08 10:08:50'),(2077,78,100,2,'2025-10-08 10:08:50'),(2078,79,3,2,'2025-10-08 10:08:50'),(2079,79,6,2,'2025-10-08 10:08:50'),(2080,79,9,2,'2025-10-08 10:08:50'),(2081,79,13,2,'2025-10-08 10:08:50'),(2082,79,18,2,'2025-10-08 10:08:50'),(2083,79,22,2,'2025-10-08 10:08:50'),(2084,79,24,2,'2025-10-08 10:08:50'),(2085,79,25,2,'2025-10-08 10:08:50'),(2086,79,26,2,'2025-10-08 10:08:50'),(2087,79,33,2,'2025-10-08 10:08:50'),(2088,79,34,2,'2025-10-08 10:08:50'),(2089,79,35,2,'2025-10-08 10:08:50'),(2090,79,36,2,'2025-10-08 10:08:50'),(2091,79,37,2,'2025-10-08 10:08:50'),(2092,79,45,2,'2025-10-08 10:08:50'),(2093,79,46,2,'2025-10-08 10:08:50'),(2094,79,49,2,'2025-10-08 10:08:50'),(2095,79,50,2,'2025-10-08 10:08:50'),(2096,79,51,2,'2025-10-08 10:08:50'),(2097,79,52,2,'2025-10-08 10:08:50'),(2098,79,54,2,'2025-10-08 10:08:50'),(2099,79,56,2,'2025-10-08 10:08:50'),(2100,79,57,2,'2025-10-08 10:08:50'),(2101,79,62,2,'2025-10-08 10:08:50'),(2102,79,63,2,'2025-10-08 10:08:50'),(2103,79,66,2,'2025-10-08 10:08:50'),(2104,79,68,2,'2025-10-08 10:08:50'),(2105,79,70,2,'2025-10-08 10:08:50'),(2106,79,71,2,'2025-10-08 10:08:50'),(2107,79,73,2,'2025-10-08 10:08:50'),(2108,79,79,2,'2025-10-08 10:08:50'),(2109,79,80,2,'2025-10-08 10:08:50'),(2110,79,81,2,'2025-10-08 10:08:50'),(2111,79,86,2,'2025-10-08 10:08:50'),(2112,79,91,2,'2025-10-08 10:08:50'),(2113,79,100,2,'2025-10-08 10:08:50'),(2114,80,1,2,'2025-10-08 10:08:50'),(2115,80,3,2,'2025-10-08 10:08:50'),(2116,80,6,2,'2025-10-08 10:08:50'),(2117,80,7,2,'2025-10-08 10:08:50'),(2118,80,12,2,'2025-10-08 10:08:50'),(2119,80,13,2,'2025-10-08 10:08:50'),(2120,80,15,2,'2025-10-08 10:08:50'),(2121,80,20,2,'2025-10-08 10:08:50'),(2122,80,24,2,'2025-10-08 10:08:50'),(2123,80,25,2,'2025-10-08 10:08:50'),(2124,80,27,2,'2025-10-08 10:08:50'),(2125,80,36,2,'2025-10-08 10:08:50'),(2126,80,40,2,'2025-10-08 10:08:50'),(2127,80,48,2,'2025-10-08 10:08:50'),(2128,80,50,2,'2025-10-08 10:08:50'),(2129,80,51,2,'2025-10-08 10:08:50'),(2130,80,52,2,'2025-10-08 10:08:50'),(2131,80,56,2,'2025-10-08 10:08:50'),(2132,80,57,2,'2025-10-08 10:08:50'),(2133,80,58,2,'2025-10-08 10:08:50'),(2134,80,60,2,'2025-10-08 10:08:50'),(2135,80,61,2,'2025-10-08 10:08:50'),(2136,80,68,2,'2025-10-08 10:08:50'),(2137,80,70,2,'2025-10-08 10:08:50'),(2138,80,71,2,'2025-10-08 10:08:50'),(2139,80,72,2,'2025-10-08 10:08:50'),(2140,80,73,2,'2025-10-08 10:08:50'),(2141,80,75,2,'2025-10-08 10:08:50'),(2142,80,77,2,'2025-10-08 10:08:50'),(2143,80,79,2,'2025-10-08 10:08:50'),(2144,80,81,2,'2025-10-08 10:08:50'),(2145,80,82,2,'2025-10-08 10:08:50'),(2146,80,83,2,'2025-10-08 10:08:51'),(2147,80,86,2,'2025-10-08 10:08:51'),(2148,80,89,2,'2025-10-08 10:08:51'),(2149,80,90,2,'2025-10-08 10:08:51'),(2150,80,92,2,'2025-10-08 10:08:51'),(2151,80,93,2,'2025-10-08 10:08:51'),(2152,80,95,2,'2025-10-08 10:08:51'),(2153,80,99,2,'2025-10-08 10:08:51'),(2154,81,3,2,'2025-10-08 10:08:51'),(2155,81,5,2,'2025-10-08 10:08:51'),(2156,81,11,2,'2025-10-08 10:08:51'),(2157,81,13,2,'2025-10-08 10:08:51'),(2158,81,14,2,'2025-10-08 10:08:51'),(2159,81,18,2,'2025-10-08 10:08:51'),(2160,81,19,2,'2025-10-08 10:08:51'),(2161,81,24,2,'2025-10-08 10:08:51'),(2162,81,26,2,'2025-10-08 10:08:51'),(2163,81,30,2,'2025-10-08 10:08:51'),(2164,81,32,2,'2025-10-08 10:08:51'),(2165,81,33,2,'2025-10-08 10:08:51'),(2166,81,38,2,'2025-10-08 10:08:51'),(2167,81,39,2,'2025-10-08 10:08:51'),(2168,81,42,2,'2025-10-08 10:08:51'),(2169,81,47,2,'2025-10-08 10:08:51'),(2170,81,54,2,'2025-10-08 10:08:51'),(2171,81,55,2,'2025-10-08 10:08:51'),(2172,81,56,2,'2025-10-08 10:08:51'),(2173,81,57,2,'2025-10-08 10:08:51'),(2174,81,58,2,'2025-10-08 10:08:51'),(2175,81,59,2,'2025-10-08 10:08:51'),(2176,81,63,2,'2025-10-08 10:08:51'),(2177,81,68,2,'2025-10-08 10:08:51'),(2178,81,69,2,'2025-10-08 10:08:51'),(2179,81,72,2,'2025-10-08 10:08:51'),(2180,81,74,2,'2025-10-08 10:08:51'),(2181,81,76,2,'2025-10-08 10:08:51'),(2182,81,88,2,'2025-10-08 10:08:51'),(2183,81,90,2,'2025-10-08 10:08:51'),(2184,81,93,2,'2025-10-08 10:08:51'),(2185,81,94,2,'2025-10-08 10:08:51'),(2186,81,95,2,'2025-10-08 10:08:51'),(2187,81,98,2,'2025-10-08 10:08:51'),(2188,81,99,2,'2025-10-08 10:08:51'),(2189,81,100,2,'2025-10-08 10:08:51'),(2190,82,2,2,'2025-10-08 10:08:51'),(2191,82,3,2,'2025-10-08 10:08:51'),(2192,82,5,2,'2025-10-08 10:08:51'),(2193,82,9,2,'2025-10-08 10:08:51'),(2194,82,10,2,'2025-10-08 10:08:51'),(2195,82,20,2,'2025-10-08 10:08:51'),(2196,82,28,2,'2025-10-08 10:08:51'),(2197,82,29,2,'2025-10-08 10:08:51'),(2198,82,30,2,'2025-10-08 10:08:51'),(2199,82,37,2,'2025-10-08 10:08:51'),(2200,82,47,2,'2025-10-08 10:08:51'),(2201,82,48,2,'2025-10-08 10:08:51'),(2202,82,50,2,'2025-10-08 10:08:51'),(2203,82,65,2,'2025-10-08 10:08:51'),(2204,82,67,2,'2025-10-08 10:08:51'),(2205,82,74,2,'2025-10-08 10:08:51'),(2206,82,75,2,'2025-10-08 10:08:51'),(2207,82,78,2,'2025-10-08 10:08:51'),(2208,82,81,2,'2025-10-08 10:08:51'),(2209,82,82,2,'2025-10-08 10:08:51'),(2210,82,84,2,'2025-10-08 10:08:51'),(2211,82,86,2,'2025-10-08 10:08:51'),(2212,82,92,2,'2025-10-08 10:08:51'),(2213,83,3,2,'2025-10-08 10:08:51'),(2214,83,8,2,'2025-10-08 10:08:51'),(2215,83,9,2,'2025-10-08 10:08:51'),(2216,83,10,2,'2025-10-08 10:08:51'),(2217,83,13,2,'2025-10-08 10:08:51'),(2218,83,16,2,'2025-10-08 10:08:51'),(2219,83,18,2,'2025-10-08 10:08:51'),(2220,83,21,2,'2025-10-08 10:08:51'),(2221,83,24,2,'2025-10-08 10:08:51'),(2222,83,26,2,'2025-10-08 10:08:51'),(2223,83,27,2,'2025-10-08 10:08:51'),(2224,83,28,2,'2025-10-08 10:08:51'),(2225,83,32,2,'2025-10-08 10:08:51'),(2226,83,34,2,'2025-10-08 10:08:51'),(2227,83,37,2,'2025-10-08 10:08:51'),(2228,83,40,2,'2025-10-08 10:08:51'),(2229,83,45,2,'2025-10-08 10:08:51'),(2230,83,47,2,'2025-10-08 10:08:51'),(2231,83,49,2,'2025-10-08 10:08:51'),(2232,83,50,2,'2025-10-08 10:08:51'),(2233,83,51,2,'2025-10-08 10:08:51'),(2234,83,54,2,'2025-10-08 10:08:51'),(2235,83,55,2,'2025-10-08 10:08:51'),(2236,83,57,2,'2025-10-08 10:08:51'),(2237,83,58,2,'2025-10-08 10:08:51'),(2238,83,59,2,'2025-10-08 10:08:51'),(2239,83,65,2,'2025-10-08 10:08:51'),(2240,83,66,2,'2025-10-08 10:08:51'),(2241,83,71,2,'2025-10-08 10:08:51'),(2242,83,72,2,'2025-10-08 10:08:51'),(2243,83,73,2,'2025-10-08 10:08:51'),(2244,83,75,2,'2025-10-08 10:08:51'),(2245,83,76,2,'2025-10-08 10:08:51'),(2246,83,80,2,'2025-10-08 10:08:51'),(2247,83,82,2,'2025-10-08 10:08:51'),(2248,83,84,2,'2025-10-08 10:08:51'),(2249,83,87,2,'2025-10-08 10:08:51'),(2250,83,90,2,'2025-10-08 10:08:51'),(2251,83,94,2,'2025-10-08 10:08:51'),(2252,83,98,2,'2025-10-08 10:08:51'),(2253,83,100,2,'2025-10-08 10:08:51'),(2254,84,1,2,'2025-10-08 10:08:51'),(2255,84,9,2,'2025-10-08 10:08:51'),(2256,84,11,2,'2025-10-08 10:08:51'),(2257,84,12,2,'2025-10-08 10:08:51'),(2258,84,13,2,'2025-10-08 10:08:51'),(2259,84,14,2,'2025-10-08 10:08:51'),(2260,84,15,2,'2025-10-08 10:08:51'),(2261,84,20,2,'2025-10-08 10:08:51'),(2262,84,21,2,'2025-10-08 10:08:51'),(2263,84,23,2,'2025-10-08 10:08:51'),(2264,84,29,2,'2025-10-08 10:08:51'),(2265,84,31,2,'2025-10-08 10:08:51'),(2266,84,32,2,'2025-10-08 10:08:51'),(2267,84,33,2,'2025-10-08 10:08:51'),(2268,84,34,2,'2025-10-08 10:08:51'),(2269,84,36,2,'2025-10-08 10:08:51'),(2270,84,38,2,'2025-10-08 10:08:51'),(2271,84,42,2,'2025-10-08 10:08:51'),(2272,84,43,2,'2025-10-08 10:08:51'),(2273,84,46,2,'2025-10-08 10:08:51'),(2274,84,50,2,'2025-10-08 10:08:51'),(2275,84,52,2,'2025-10-08 10:08:51'),(2276,84,55,2,'2025-10-08 10:08:51'),(2277,84,57,2,'2025-10-08 10:08:51'),(2278,84,59,2,'2025-10-08 10:08:51'),(2279,84,60,2,'2025-10-08 10:08:51'),(2280,84,61,2,'2025-10-08 10:08:51'),(2281,84,67,2,'2025-10-08 10:08:51'),(2282,84,69,2,'2025-10-08 10:08:51'),(2283,84,71,2,'2025-10-08 10:08:51'),(2284,84,73,2,'2025-10-08 10:08:51'),(2285,84,80,2,'2025-10-08 10:08:51'),(2286,84,86,2,'2025-10-08 10:08:51'),(2287,84,89,2,'2025-10-08 10:08:51'),(2288,84,90,2,'2025-10-08 10:08:51'),(2289,84,91,2,'2025-10-08 10:08:51'),(2290,84,92,2,'2025-10-08 10:08:51'),(2291,84,93,2,'2025-10-08 10:08:51'),(2292,84,95,2,'2025-10-08 10:08:51'),(2293,84,100,2,'2025-10-08 10:08:51'),(2294,85,1,2,'2025-10-08 10:08:51'),(2295,85,6,2,'2025-10-08 10:08:51'),(2296,85,11,2,'2025-10-08 10:08:51'),(2297,85,12,2,'2025-10-08 10:08:51'),(2298,85,13,2,'2025-10-08 10:08:51'),(2299,85,14,2,'2025-10-08 10:08:51'),(2300,85,18,2,'2025-10-08 10:08:51'),(2301,85,22,2,'2025-10-08 10:08:51'),(2302,85,24,2,'2025-10-08 10:08:51'),(2303,85,25,2,'2025-10-08 10:08:51'),(2304,85,27,2,'2025-10-08 10:08:51'),(2305,85,28,2,'2025-10-08 10:08:51'),(2306,85,31,2,'2025-10-08 10:08:51'),(2307,85,33,2,'2025-10-08 10:08:51'),(2308,85,34,2,'2025-10-08 10:08:51'),(2309,85,35,2,'2025-10-08 10:08:51'),(2310,85,37,2,'2025-10-08 10:08:51'),(2311,85,38,2,'2025-10-08 10:08:51'),(2312,85,39,2,'2025-10-08 10:08:51'),(2313,85,43,2,'2025-10-08 10:08:51'),(2314,85,46,2,'2025-10-08 10:08:51'),(2315,85,47,2,'2025-10-08 10:08:51'),(2316,85,48,2,'2025-10-08 10:08:51'),(2317,85,49,2,'2025-10-08 10:08:51'),(2318,85,57,2,'2025-10-08 10:08:51'),(2319,85,59,2,'2025-10-08 10:08:51'),(2320,85,63,2,'2025-10-08 10:08:51'),(2321,85,65,2,'2025-10-08 10:08:51'),(2322,85,67,2,'2025-10-08 10:08:51'),(2323,85,68,2,'2025-10-08 10:08:51'),(2324,85,73,2,'2025-10-08 10:08:51'),(2325,85,75,2,'2025-10-08 10:08:51'),(2326,85,76,2,'2025-10-08 10:08:51'),(2327,85,77,2,'2025-10-08 10:08:51'),(2328,85,79,2,'2025-10-08 10:08:51'),(2329,85,81,2,'2025-10-08 10:08:51'),(2330,85,87,2,'2025-10-08 10:08:51'),(2331,85,92,2,'2025-10-08 10:08:51'),(2332,85,93,2,'2025-10-08 10:08:51'),(2333,85,95,2,'2025-10-08 10:08:51'),(2334,85,96,2,'2025-10-08 10:08:51'),(2335,85,98,2,'2025-10-08 10:08:51'),(2336,85,99,2,'2025-10-08 10:08:51'),(2337,86,1,2,'2025-10-08 10:08:51'),(2338,86,2,2,'2025-10-08 10:08:51'),(2339,86,4,2,'2025-10-08 10:08:51'),(2340,86,6,2,'2025-10-08 10:08:51'),(2341,86,10,2,'2025-10-08 10:08:51'),(2342,86,13,2,'2025-10-08 10:08:51'),(2343,86,15,2,'2025-10-08 10:08:51'),(2344,86,16,2,'2025-10-08 10:08:51'),(2345,86,17,2,'2025-10-08 10:08:51'),(2346,86,21,2,'2025-10-08 10:08:51'),(2347,86,24,2,'2025-10-08 10:08:51'),(2348,86,26,2,'2025-10-08 10:08:51'),(2349,86,27,2,'2025-10-08 10:08:51'),(2350,86,28,2,'2025-10-08 10:08:51'),(2351,86,29,2,'2025-10-08 10:08:51'),(2352,86,30,2,'2025-10-08 10:08:51'),(2353,86,32,2,'2025-10-08 10:08:51'),(2354,86,33,2,'2025-10-08 10:08:51'),(2355,86,34,2,'2025-10-08 10:08:51'),(2356,86,36,2,'2025-10-08 10:08:51'),(2357,86,37,2,'2025-10-08 10:08:51'),(2358,86,38,2,'2025-10-08 10:08:51'),(2359,86,42,2,'2025-10-08 10:08:51'),(2360,86,45,2,'2025-10-08 10:08:51'),(2361,86,47,2,'2025-10-08 10:08:51'),(2362,86,48,2,'2025-10-08 10:08:51'),(2363,86,50,2,'2025-10-08 10:08:51'),(2364,86,51,2,'2025-10-08 10:08:51'),(2365,86,61,2,'2025-10-08 10:08:51'),(2366,86,62,2,'2025-10-08 10:08:51'),(2367,86,63,2,'2025-10-08 10:08:51'),(2368,86,65,2,'2025-10-08 10:08:51'),(2369,86,68,2,'2025-10-08 10:08:51'),(2370,86,70,2,'2025-10-08 10:08:51'),(2371,86,72,2,'2025-10-08 10:08:51'),(2372,86,73,2,'2025-10-08 10:08:51'),(2373,86,74,2,'2025-10-08 10:08:51'),(2374,86,77,2,'2025-10-08 10:08:51'),(2375,86,81,2,'2025-10-08 10:08:51'),(2376,86,82,2,'2025-10-08 10:08:51'),(2377,86,84,2,'2025-10-08 10:08:51'),(2378,86,87,2,'2025-10-08 10:08:51'),(2379,86,89,2,'2025-10-08 10:08:51'),(2380,86,90,2,'2025-10-08 10:08:51'),(2381,86,91,2,'2025-10-08 10:08:51'),(2382,86,94,2,'2025-10-08 10:08:51'),(2383,86,96,2,'2025-10-08 10:08:51'),(2384,86,97,2,'2025-10-08 10:08:51'),(2385,86,99,2,'2025-10-08 10:08:51'),(2386,87,1,2,'2025-10-08 10:08:51'),(2387,87,2,2,'2025-10-08 10:08:51'),(2388,87,6,2,'2025-10-08 10:08:51'),(2389,87,7,2,'2025-10-08 10:08:51'),(2390,87,10,2,'2025-10-08 10:08:51'),(2391,87,12,2,'2025-10-08 10:08:51'),(2392,87,14,2,'2025-10-08 10:08:51'),(2393,87,15,2,'2025-10-08 10:08:51'),(2394,87,16,2,'2025-10-08 10:08:51'),(2395,87,19,2,'2025-10-08 10:08:51'),(2396,87,20,2,'2025-10-08 10:08:51'),(2397,87,23,2,'2025-10-08 10:08:51'),(2398,87,29,2,'2025-10-08 10:08:51'),(2399,87,30,2,'2025-10-08 10:08:51'),(2400,87,34,2,'2025-10-08 10:08:51'),(2401,87,35,2,'2025-10-08 10:08:51'),(2402,87,42,2,'2025-10-08 10:08:51'),(2403,87,43,2,'2025-10-08 10:08:51'),(2404,87,48,2,'2025-10-08 10:08:51'),(2405,87,49,2,'2025-10-08 10:08:51'),(2406,87,51,2,'2025-10-08 10:08:51'),(2407,87,52,2,'2025-10-08 10:08:51'),(2408,87,55,2,'2025-10-08 10:08:51'),(2409,87,56,2,'2025-10-08 10:08:51'),(2410,87,59,2,'2025-10-08 10:08:51'),(2411,87,65,2,'2025-10-08 10:08:51'),(2412,87,66,2,'2025-10-08 10:08:51'),(2413,87,67,2,'2025-10-08 10:08:51'),(2414,87,71,2,'2025-10-08 10:08:51'),(2415,87,73,2,'2025-10-08 10:08:51'),(2416,87,75,2,'2025-10-08 10:08:51'),(2417,87,77,2,'2025-10-08 10:08:51'),(2418,87,78,2,'2025-10-08 10:08:51'),(2419,87,79,2,'2025-10-08 10:08:51'),(2420,87,84,2,'2025-10-08 10:08:51'),(2421,87,85,2,'2025-10-08 10:08:51'),(2422,87,88,2,'2025-10-08 10:08:51'),(2423,87,90,2,'2025-10-08 10:08:51'),(2424,87,93,2,'2025-10-08 10:08:51'),(2425,88,2,2,'2025-10-08 10:08:51'),(2426,88,4,2,'2025-10-08 10:08:51'),(2427,88,11,2,'2025-10-08 10:08:51'),(2428,88,14,2,'2025-10-08 10:08:51'),(2429,88,15,2,'2025-10-08 10:08:51'),(2430,88,27,2,'2025-10-08 10:08:51'),(2431,88,31,2,'2025-10-08 10:08:51'),(2432,88,36,2,'2025-10-08 10:08:51'),(2433,88,37,2,'2025-10-08 10:08:51'),(2434,88,44,2,'2025-10-08 10:08:51'),(2435,88,45,2,'2025-10-08 10:08:51'),(2436,88,46,2,'2025-10-08 10:08:51'),(2437,88,49,2,'2025-10-08 10:08:51'),(2438,88,51,2,'2025-10-08 10:08:51'),(2439,88,52,2,'2025-10-08 10:08:51'),(2440,88,72,2,'2025-10-08 10:08:51'),(2441,88,73,2,'2025-10-08 10:08:51'),(2442,88,83,2,'2025-10-08 10:08:51'),(2443,88,92,2,'2025-10-08 10:08:51'),(2444,88,97,2,'2025-10-08 10:08:51'),(2445,88,98,2,'2025-10-08 10:08:51'),(2446,88,100,2,'2025-10-08 10:08:51'),(2447,89,2,2,'2025-10-08 10:08:51'),(2448,89,3,2,'2025-10-08 10:08:51'),(2449,89,4,2,'2025-10-08 10:08:51'),(2450,89,5,2,'2025-10-08 10:08:51'),(2451,89,9,2,'2025-10-08 10:08:51'),(2452,89,16,2,'2025-10-08 10:08:51'),(2453,89,19,2,'2025-10-08 10:08:51'),(2454,89,20,2,'2025-10-08 10:08:51'),(2455,89,21,2,'2025-10-08 10:08:51'),(2456,89,29,2,'2025-10-08 10:08:51'),(2457,89,31,2,'2025-10-08 10:08:51'),(2458,89,33,2,'2025-10-08 10:08:51'),(2459,89,34,2,'2025-10-08 10:08:51'),(2460,89,40,2,'2025-10-08 10:08:51'),(2461,89,43,2,'2025-10-08 10:08:51'),(2462,89,46,2,'2025-10-08 10:08:51'),(2463,89,47,2,'2025-10-08 10:08:51'),(2464,89,49,2,'2025-10-08 10:08:51'),(2465,89,50,2,'2025-10-08 10:08:51'),(2466,89,53,2,'2025-10-08 10:08:51'),(2467,89,55,2,'2025-10-08 10:08:51'),(2468,89,57,2,'2025-10-08 10:08:51'),(2469,89,58,2,'2025-10-08 10:08:51'),(2470,89,59,2,'2025-10-08 10:08:51'),(2471,89,61,2,'2025-10-08 10:08:51'),(2472,89,63,2,'2025-10-08 10:08:51'),(2473,89,64,2,'2025-10-08 10:08:51'),(2474,89,65,2,'2025-10-08 10:08:51'),(2475,89,66,2,'2025-10-08 10:08:51'),(2476,89,74,2,'2025-10-08 10:08:51'),(2477,89,75,2,'2025-10-08 10:08:51'),(2478,89,80,2,'2025-10-08 10:08:51'),(2479,89,85,2,'2025-10-08 10:08:51'),(2480,89,87,2,'2025-10-08 10:08:51'),(2481,89,89,2,'2025-10-08 10:08:51'),(2482,89,94,2,'2025-10-08 10:08:51'),(2483,89,95,2,'2025-10-08 10:08:51'),(2484,89,98,2,'2025-10-08 10:08:51'),(2485,89,99,2,'2025-10-08 10:08:51'),(2486,90,2,2,'2025-10-08 10:08:51'),(2487,90,4,2,'2025-10-08 10:08:51'),(2488,90,5,2,'2025-10-08 10:08:51'),(2489,90,6,2,'2025-10-08 10:08:51'),(2490,90,7,2,'2025-10-08 10:08:51'),(2491,90,10,2,'2025-10-08 10:08:51'),(2492,90,16,2,'2025-10-08 10:08:51'),(2493,90,17,2,'2025-10-08 10:08:51'),(2494,90,20,2,'2025-10-08 10:08:52'),(2495,90,26,2,'2025-10-08 10:08:52'),(2496,90,27,2,'2025-10-08 10:08:52'),(2497,90,28,2,'2025-10-08 10:08:52'),(2498,90,29,2,'2025-10-08 10:08:52'),(2499,90,30,2,'2025-10-08 10:08:52'),(2500,90,33,2,'2025-10-08 10:08:52'),(2501,90,37,2,'2025-10-08 10:08:52'),(2502,90,38,2,'2025-10-08 10:08:52'),(2503,90,40,2,'2025-10-08 10:08:52'),(2504,90,47,2,'2025-10-08 10:08:52'),(2505,90,49,2,'2025-10-08 10:08:52'),(2506,90,52,2,'2025-10-08 10:08:52'),(2507,90,55,2,'2025-10-08 10:08:52'),(2508,90,57,2,'2025-10-08 10:08:52'),(2509,90,58,2,'2025-10-08 10:08:52'),(2510,90,60,2,'2025-10-08 10:08:52'),(2511,90,62,2,'2025-10-08 10:08:52'),(2512,90,65,2,'2025-10-08 10:08:52'),(2513,90,69,2,'2025-10-08 10:08:52'),(2514,90,74,2,'2025-10-08 10:08:52'),(2515,90,75,2,'2025-10-08 10:08:52'),(2516,90,76,2,'2025-10-08 10:08:52'),(2517,90,78,2,'2025-10-08 10:08:52'),(2518,90,86,2,'2025-10-08 10:08:52'),(2519,90,87,2,'2025-10-08 10:08:52'),(2520,90,88,2,'2025-10-08 10:08:52'),(2521,90,91,2,'2025-10-08 10:08:52'),(2522,90,93,2,'2025-10-08 10:08:52'),(2523,90,96,2,'2025-10-08 10:08:52'),(2524,90,99,2,'2025-10-08 10:08:52'),(2525,91,1,2,'2025-10-08 10:08:52'),(2526,91,2,2,'2025-10-08 10:08:52'),(2527,91,3,2,'2025-10-08 10:08:52'),(2528,91,4,2,'2025-10-08 10:08:52'),(2529,91,8,2,'2025-10-08 10:08:52'),(2530,91,9,2,'2025-10-08 10:08:52'),(2531,91,13,2,'2025-10-08 10:08:52'),(2532,91,15,2,'2025-10-08 10:08:52'),(2533,91,21,2,'2025-10-08 10:08:52'),(2534,91,22,2,'2025-10-08 10:08:52'),(2535,91,28,2,'2025-10-08 10:08:52'),(2536,91,32,2,'2025-10-08 10:08:52'),(2537,91,35,2,'2025-10-08 10:08:52'),(2538,91,38,2,'2025-10-08 10:08:52'),(2539,91,41,2,'2025-10-08 10:08:52'),(2540,91,42,2,'2025-10-08 10:08:52'),(2541,91,44,2,'2025-10-08 10:08:52'),(2542,91,45,2,'2025-10-08 10:08:52'),(2543,91,46,2,'2025-10-08 10:08:52'),(2544,91,47,2,'2025-10-08 10:08:52'),(2545,91,49,2,'2025-10-08 10:08:52'),(2546,91,50,2,'2025-10-08 10:08:52'),(2547,91,53,2,'2025-10-08 10:08:52'),(2548,91,54,2,'2025-10-08 10:08:52'),(2549,91,55,2,'2025-10-08 10:08:52'),(2550,91,56,2,'2025-10-08 10:08:52'),(2551,91,58,2,'2025-10-08 10:08:52'),(2552,91,59,2,'2025-10-08 10:08:52'),(2553,91,60,2,'2025-10-08 10:08:52'),(2554,91,61,2,'2025-10-08 10:08:52'),(2555,91,66,2,'2025-10-08 10:08:52'),(2556,91,68,2,'2025-10-08 10:08:52'),(2557,91,70,2,'2025-10-08 10:08:52'),(2558,91,71,2,'2025-10-08 10:08:52'),(2559,91,74,2,'2025-10-08 10:08:52'),(2560,91,76,2,'2025-10-08 10:08:52'),(2561,91,78,2,'2025-10-08 10:08:52'),(2562,91,80,2,'2025-10-08 10:08:52'),(2563,91,81,2,'2025-10-08 10:08:52'),(2564,91,88,2,'2025-10-08 10:08:52'),(2565,91,89,2,'2025-10-08 10:08:52'),(2566,91,90,2,'2025-10-08 10:08:52'),(2567,91,91,2,'2025-10-08 10:08:52'),(2568,91,93,2,'2025-10-08 10:08:52'),(2569,91,94,2,'2025-10-08 10:08:52'),(2570,91,95,2,'2025-10-08 10:08:52'),(2571,91,96,2,'2025-10-08 10:08:52'),(2572,91,98,2,'2025-10-08 10:08:52'),(2573,91,99,2,'2025-10-08 10:08:52'),(2574,91,100,2,'2025-10-08 10:08:52'),(2575,92,4,2,'2025-10-08 10:08:52'),(2576,92,5,2,'2025-10-08 10:08:52'),(2577,92,6,2,'2025-10-08 10:08:52'),(2578,92,7,2,'2025-10-08 10:08:52'),(2579,92,9,2,'2025-10-08 10:08:52'),(2580,92,10,2,'2025-10-08 10:08:52'),(2581,92,13,2,'2025-10-08 10:08:52'),(2582,92,14,2,'2025-10-08 10:08:52'),(2583,92,16,2,'2025-10-08 10:08:52'),(2584,92,18,2,'2025-10-08 10:08:52'),(2585,92,19,2,'2025-10-08 10:08:52'),(2586,92,22,2,'2025-10-08 10:08:52'),(2587,92,24,2,'2025-10-08 10:08:52'),(2588,92,25,2,'2025-10-08 10:08:52'),(2589,92,26,2,'2025-10-08 10:08:52'),(2590,92,29,2,'2025-10-08 10:08:52'),(2591,92,36,2,'2025-10-08 10:08:52'),(2592,92,40,2,'2025-10-08 10:08:52'),(2593,92,44,2,'2025-10-08 10:08:52'),(2594,92,45,2,'2025-10-08 10:08:52'),(2595,92,46,2,'2025-10-08 10:08:52'),(2596,92,50,2,'2025-10-08 10:08:52'),(2597,92,51,2,'2025-10-08 10:08:52'),(2598,92,53,2,'2025-10-08 10:08:52'),(2599,92,55,2,'2025-10-08 10:08:52'),(2600,92,59,2,'2025-10-08 10:08:52'),(2601,92,60,2,'2025-10-08 10:08:52'),(2602,92,61,2,'2025-10-08 10:08:52'),(2603,92,63,2,'2025-10-08 10:08:52'),(2604,92,64,2,'2025-10-08 10:08:52'),(2605,92,67,2,'2025-10-08 10:08:52'),(2606,92,74,2,'2025-10-08 10:08:52'),(2607,92,76,2,'2025-10-08 10:08:52'),(2608,92,82,2,'2025-10-08 10:08:52'),(2609,92,83,2,'2025-10-08 10:08:52'),(2610,92,85,2,'2025-10-08 10:08:52'),(2611,92,86,2,'2025-10-08 10:08:52'),(2612,92,87,2,'2025-10-08 10:08:52'),(2613,92,88,2,'2025-10-08 10:08:52'),(2614,92,92,2,'2025-10-08 10:08:52'),(2615,92,94,2,'2025-10-08 10:08:52'),(2616,92,100,2,'2025-10-08 10:08:52'),(2617,93,2,2,'2025-10-08 10:08:52'),(2618,93,3,2,'2025-10-08 10:08:52'),(2619,93,4,2,'2025-10-08 10:08:52'),(2620,93,6,2,'2025-10-08 10:08:52'),(2621,93,7,2,'2025-10-08 10:08:52'),(2622,93,14,2,'2025-10-08 10:08:52'),(2623,93,15,2,'2025-10-08 10:08:52'),(2624,93,19,2,'2025-10-08 10:08:52'),(2625,93,22,2,'2025-10-08 10:08:52'),(2626,93,25,2,'2025-10-08 10:08:52'),(2627,93,26,2,'2025-10-08 10:08:52'),(2628,93,27,2,'2025-10-08 10:08:52'),(2629,93,29,2,'2025-10-08 10:08:52'),(2630,93,34,2,'2025-10-08 10:08:52'),(2631,93,37,2,'2025-10-08 10:08:52'),(2632,93,38,2,'2025-10-08 10:08:52'),(2633,93,49,2,'2025-10-08 10:08:52'),(2634,93,50,2,'2025-10-08 10:08:52'),(2635,93,51,2,'2025-10-08 10:08:52'),(2636,93,53,2,'2025-10-08 10:08:52'),(2637,93,54,2,'2025-10-08 10:08:52'),(2638,93,55,2,'2025-10-08 10:08:52'),(2639,93,60,2,'2025-10-08 10:08:52'),(2640,93,62,2,'2025-10-08 10:08:52'),(2641,93,64,2,'2025-10-08 10:08:52'),(2642,93,66,2,'2025-10-08 10:08:52'),(2643,93,67,2,'2025-10-08 10:08:52'),(2644,93,69,2,'2025-10-08 10:08:52'),(2645,93,70,2,'2025-10-08 10:08:52'),(2646,93,72,2,'2025-10-08 10:08:52'),(2647,93,74,2,'2025-10-08 10:08:52'),(2648,93,75,2,'2025-10-08 10:08:52'),(2649,93,76,2,'2025-10-08 10:08:52'),(2650,93,78,2,'2025-10-08 10:08:52'),(2651,93,79,2,'2025-10-08 10:08:52'),(2652,93,82,2,'2025-10-08 10:08:52'),(2653,93,83,2,'2025-10-08 10:08:52'),(2654,93,84,2,'2025-10-08 10:08:52'),(2655,93,89,2,'2025-10-08 10:08:52'),(2656,93,90,2,'2025-10-08 10:08:52'),(2657,93,94,2,'2025-10-08 10:08:52'),(2658,93,98,2,'2025-10-08 10:08:52'),(2659,94,1,2,'2025-10-08 10:08:52'),(2660,94,15,2,'2025-10-08 10:08:52'),(2661,94,17,2,'2025-10-08 10:08:52'),(2662,94,22,2,'2025-10-08 10:08:52'),(2663,94,40,2,'2025-10-08 10:08:52'),(2664,94,42,2,'2025-10-08 10:08:52'),(2665,94,43,2,'2025-10-08 10:08:52'),(2666,94,47,2,'2025-10-08 10:08:52'),(2667,94,49,2,'2025-10-08 10:08:52'),(2668,94,51,2,'2025-10-08 10:08:52'),(2669,94,52,2,'2025-10-08 10:08:52'),(2670,94,55,2,'2025-10-08 10:08:52'),(2671,94,56,2,'2025-10-08 10:08:52'),(2672,94,57,2,'2025-10-08 10:08:52'),(2673,94,62,2,'2025-10-08 10:08:52'),(2674,94,68,2,'2025-10-08 10:08:52'),(2675,94,69,2,'2025-10-08 10:08:52'),(2676,94,71,2,'2025-10-08 10:08:52'),(2677,94,72,2,'2025-10-08 10:08:52'),(2678,94,73,2,'2025-10-08 10:08:52'),(2679,94,76,2,'2025-10-08 10:08:52'),(2680,94,80,2,'2025-10-08 10:08:52'),(2681,94,88,2,'2025-10-08 10:08:52'),(2682,94,89,2,'2025-10-08 10:08:52'),(2683,94,95,2,'2025-10-08 10:08:52'),(2684,94,97,2,'2025-10-08 10:08:52'),(2685,94,99,2,'2025-10-08 10:08:52'),(2686,95,2,2,'2025-10-08 10:08:52'),(2687,95,5,2,'2025-10-08 10:08:52'),(2688,95,6,2,'2025-10-08 10:08:52'),(2689,95,9,2,'2025-10-08 10:08:52'),(2690,95,11,2,'2025-10-08 10:08:52'),(2691,95,12,2,'2025-10-08 10:08:52'),(2692,95,15,2,'2025-10-08 10:08:52'),(2693,95,17,2,'2025-10-08 10:08:52'),(2694,95,20,2,'2025-10-08 10:08:52'),(2695,95,21,2,'2025-10-08 10:08:52'),(2696,95,25,2,'2025-10-08 10:08:52'),(2697,95,27,2,'2025-10-08 10:08:52'),(2698,95,29,2,'2025-10-08 10:08:52'),(2699,95,31,2,'2025-10-08 10:08:52'),(2700,95,33,2,'2025-10-08 10:08:52'),(2701,95,35,2,'2025-10-08 10:08:52'),(2702,95,42,2,'2025-10-08 10:08:52'),(2703,95,43,2,'2025-10-08 10:08:52'),(2704,95,45,2,'2025-10-08 10:08:52'),(2705,95,49,2,'2025-10-08 10:08:52'),(2706,95,53,2,'2025-10-08 10:08:52'),(2707,95,55,2,'2025-10-08 10:08:52'),(2708,95,56,2,'2025-10-08 10:08:52'),(2709,95,57,2,'2025-10-08 10:08:52'),(2710,95,58,2,'2025-10-08 10:08:52'),(2711,95,59,2,'2025-10-08 10:08:52'),(2712,95,60,2,'2025-10-08 10:08:52'),(2713,95,61,2,'2025-10-08 10:08:52'),(2714,95,62,2,'2025-10-08 10:08:52'),(2715,95,63,2,'2025-10-08 10:08:52'),(2716,95,69,2,'2025-10-08 10:08:52'),(2717,95,73,2,'2025-10-08 10:08:52'),(2718,95,74,2,'2025-10-08 10:08:52'),(2719,95,77,2,'2025-10-08 10:08:52'),(2720,95,78,2,'2025-10-08 10:08:52'),(2721,95,79,2,'2025-10-08 10:08:52'),(2722,95,81,2,'2025-10-08 10:08:52'),(2723,95,82,2,'2025-10-08 10:08:52'),(2724,95,83,2,'2025-10-08 10:08:52'),(2725,95,84,2,'2025-10-08 10:08:52'),(2726,95,85,2,'2025-10-08 10:08:52'),(2727,95,89,2,'2025-10-08 10:08:52'),(2728,95,91,2,'2025-10-08 10:08:52'),(2729,95,93,2,'2025-10-08 10:08:52'),(2730,95,95,2,'2025-10-08 10:08:52'),(2731,95,96,2,'2025-10-08 10:08:52'),(2732,95,97,2,'2025-10-08 10:08:52'),(2733,95,98,2,'2025-10-08 10:08:52'),(2734,96,4,2,'2025-10-08 10:08:52'),(2735,96,9,2,'2025-10-08 10:08:52'),(2736,96,14,2,'2025-10-08 10:08:52'),(2737,96,17,2,'2025-10-08 10:08:52'),(2738,96,23,2,'2025-10-08 10:08:52'),(2739,96,24,2,'2025-10-08 10:08:52'),(2740,96,30,2,'2025-10-08 10:08:52'),(2741,96,34,2,'2025-10-08 10:08:52'),(2742,96,37,2,'2025-10-08 10:08:52'),(2743,96,39,2,'2025-10-08 10:08:52'),(2744,96,40,2,'2025-10-08 10:08:52'),(2745,96,41,2,'2025-10-08 10:08:52'),(2746,96,44,2,'2025-10-08 10:08:52'),(2747,96,49,2,'2025-10-08 10:08:52'),(2748,96,53,2,'2025-10-08 10:08:52'),(2749,96,55,2,'2025-10-08 10:08:52'),(2750,96,58,2,'2025-10-08 10:08:52'),(2751,96,62,2,'2025-10-08 10:08:52'),(2752,96,67,2,'2025-10-08 10:08:52'),(2753,96,74,2,'2025-10-08 10:08:52'),(2754,96,78,2,'2025-10-08 10:08:52'),(2755,96,79,2,'2025-10-08 10:08:52'),(2756,96,83,2,'2025-10-08 10:08:52'),(2757,96,86,2,'2025-10-08 10:08:52'),(2758,96,89,2,'2025-10-08 10:08:52'),(2759,96,96,2,'2025-10-08 10:08:52'),(2760,96,98,2,'2025-10-08 10:08:52'),(2761,96,100,2,'2025-10-08 10:08:52'),(2762,97,8,2,'2025-10-08 10:08:52'),(2763,97,11,2,'2025-10-08 10:08:52'),(2764,97,13,2,'2025-10-08 10:08:52'),(2765,97,16,2,'2025-10-08 10:08:52'),(2766,97,36,2,'2025-10-08 10:08:52'),(2767,97,39,2,'2025-10-08 10:08:52'),(2768,97,42,2,'2025-10-08 10:08:52'),(2769,97,44,2,'2025-10-08 10:08:52'),(2770,97,50,2,'2025-10-08 10:08:52'),(2771,97,53,2,'2025-10-08 10:08:52'),(2772,97,57,2,'2025-10-08 10:08:52'),(2773,97,61,2,'2025-10-08 10:08:52'),(2774,97,62,2,'2025-10-08 10:08:52'),(2775,97,65,2,'2025-10-08 10:08:52'),(2776,97,72,2,'2025-10-08 10:08:52'),(2777,97,80,2,'2025-10-08 10:08:52'),(2778,97,82,2,'2025-10-08 10:08:52'),(2779,97,89,2,'2025-10-08 10:08:52'),(2780,97,95,2,'2025-10-08 10:08:52'),(2781,97,96,2,'2025-10-08 10:08:52'),(2782,97,97,2,'2025-10-08 10:08:52'),(2783,97,98,2,'2025-10-08 10:08:52'),(2784,98,5,2,'2025-10-08 10:08:52'),(2785,98,11,2,'2025-10-08 10:08:52'),(2786,98,14,2,'2025-10-08 10:08:52'),(2787,98,15,2,'2025-10-08 10:08:52'),(2788,98,23,2,'2025-10-08 10:08:52'),(2789,98,31,2,'2025-10-08 10:08:52'),(2790,98,33,2,'2025-10-08 10:08:52'),(2791,98,35,2,'2025-10-08 10:08:52'),(2792,98,36,2,'2025-10-08 10:08:52'),(2793,98,38,2,'2025-10-08 10:08:52'),(2794,98,39,2,'2025-10-08 10:08:52'),(2795,98,45,2,'2025-10-08 10:08:52'),(2796,98,46,2,'2025-10-08 10:08:52'),(2797,98,56,2,'2025-10-08 10:08:52'),(2798,98,57,2,'2025-10-08 10:08:52'),(2799,98,61,2,'2025-10-08 10:08:52'),(2800,98,65,2,'2025-10-08 10:08:52'),(2801,98,67,2,'2025-10-08 10:08:52'),(2802,98,73,2,'2025-10-08 10:08:52'),(2803,98,74,2,'2025-10-08 10:08:52'),(2804,98,78,2,'2025-10-08 10:08:52'),(2805,98,87,2,'2025-10-08 10:08:52'),(2806,98,94,2,'2025-10-08 10:08:52'),(2807,99,7,2,'2025-10-08 10:08:52'),(2808,99,8,2,'2025-10-08 10:08:52'),(2809,99,14,2,'2025-10-08 10:08:52'),(2810,99,16,2,'2025-10-08 10:08:52'),(2811,99,23,2,'2025-10-08 10:08:52'),(2812,99,26,2,'2025-10-08 10:08:52'),(2813,99,31,2,'2025-10-08 10:08:52'),(2814,99,33,2,'2025-10-08 10:08:52'),(2815,99,34,2,'2025-10-08 10:08:52'),(2816,99,35,2,'2025-10-08 10:08:52'),(2817,99,38,2,'2025-10-08 10:08:52'),(2818,99,43,2,'2025-10-08 10:08:52'),(2819,99,44,2,'2025-10-08 10:08:52'),(2820,99,48,2,'2025-10-08 10:08:52'),(2821,99,52,2,'2025-10-08 10:08:52'),(2822,99,59,2,'2025-10-08 10:08:52'),(2823,99,61,2,'2025-10-08 10:08:52'),(2824,99,62,2,'2025-10-08 10:08:52'),(2825,99,63,2,'2025-10-08 10:08:52'),(2826,99,68,2,'2025-10-08 10:08:52'),(2827,99,70,2,'2025-10-08 10:08:52'),(2828,99,72,2,'2025-10-08 10:08:52'),(2829,99,79,2,'2025-10-08 10:08:52'),(2830,99,80,2,'2025-10-08 10:08:52'),(2831,99,82,2,'2025-10-08 10:08:52'),(2832,99,85,2,'2025-10-08 10:08:52'),(2833,99,86,2,'2025-10-08 10:08:52'),(2834,99,87,2,'2025-10-08 10:08:52'),(2835,99,89,2,'2025-10-08 10:08:52'),(2836,99,95,2,'2025-10-08 10:08:52'),(2837,99,96,2,'2025-10-08 10:08:52'),(2838,99,99,2,'2025-10-08 10:08:52'),(2839,100,2,2,'2025-10-08 10:08:52'),(2840,100,3,2,'2025-10-08 10:08:52'),(2841,100,9,2,'2025-10-08 10:08:52'),(2842,100,13,2,'2025-10-08 10:08:52'),(2843,100,14,2,'2025-10-08 10:08:52'),(2844,100,15,2,'2025-10-08 10:08:52'),(2845,100,16,2,'2025-10-08 10:08:52'),(2846,100,17,2,'2025-10-08 10:08:52'),(2847,100,21,2,'2025-10-08 10:08:52'),(2848,100,22,2,'2025-10-08 10:08:52'),(2849,100,26,2,'2025-10-08 10:08:52'),(2850,100,29,2,'2025-10-08 10:08:52'),(2851,100,31,2,'2025-10-08 10:08:52'),(2852,100,34,2,'2025-10-08 10:08:52'),(2853,100,37,2,'2025-10-08 10:08:52'),(2854,100,41,2,'2025-10-08 10:08:52'),(2855,100,43,2,'2025-10-08 10:08:53'),(2856,100,48,2,'2025-10-08 10:08:53'),(2857,100,49,2,'2025-10-08 10:08:53'),(2858,100,51,2,'2025-10-08 10:08:53'),(2859,100,64,2,'2025-10-08 10:08:53'),(2860,100,65,2,'2025-10-08 10:08:53'),(2861,100,66,2,'2025-10-08 10:08:53'),(2862,100,67,2,'2025-10-08 10:08:53'),(2863,100,68,2,'2025-10-08 10:08:53'),(2864,100,69,2,'2025-10-08 10:08:53'),(2865,100,72,2,'2025-10-08 10:08:53'),(2866,100,77,2,'2025-10-08 10:08:53'),(2867,100,78,2,'2025-10-08 10:08:53'),(2868,100,85,2,'2025-10-08 10:08:53'),(2869,100,91,2,'2025-10-08 10:08:53'),(2870,100,96,2,'2025-10-08 10:08:53'),(2871,100,98,2,'2025-10-08 10:08:53'),(2872,101,10,2,'2025-10-08 10:08:53'),(2873,101,15,2,'2025-10-08 10:08:53'),(2874,101,17,2,'2025-10-08 10:08:53'),(2875,101,19,2,'2025-10-08 10:08:53'),(2876,101,21,2,'2025-10-08 10:08:53'),(2877,101,22,2,'2025-10-08 10:08:53'),(2878,101,28,2,'2025-10-08 10:08:53'),(2879,101,29,2,'2025-10-08 10:08:53'),(2880,101,31,2,'2025-10-08 10:08:53'),(2881,101,32,2,'2025-10-08 10:08:53'),(2882,101,33,2,'2025-10-08 10:08:53'),(2883,101,36,2,'2025-10-08 10:08:53'),(2884,101,41,2,'2025-10-08 10:08:53'),(2885,101,44,2,'2025-10-08 10:08:53'),(2886,101,49,2,'2025-10-08 10:08:53'),(2887,101,50,2,'2025-10-08 10:08:53'),(2888,101,55,2,'2025-10-08 10:08:53'),(2889,101,56,2,'2025-10-08 10:08:53'),(2890,101,60,2,'2025-10-08 10:08:53'),(2891,101,62,2,'2025-10-08 10:08:53'),(2892,101,64,2,'2025-10-08 10:08:53'),(2893,101,67,2,'2025-10-08 10:08:53'),(2894,101,74,2,'2025-10-08 10:08:53'),(2895,101,75,2,'2025-10-08 10:08:53'),(2896,101,76,2,'2025-10-08 10:08:53'),(2897,101,79,2,'2025-10-08 10:08:53'),(2898,101,80,2,'2025-10-08 10:08:53'),(2899,101,84,2,'2025-10-08 10:08:53'),(2900,101,85,2,'2025-10-08 10:08:53'),(2901,101,88,2,'2025-10-08 10:08:53'),(2902,101,96,2,'2025-10-08 10:08:53'),(2903,101,99,2,'2025-10-08 10:08:53'),(2904,102,12,2,'2025-10-08 10:08:53'),(2905,102,23,2,'2025-10-08 10:08:53'),(2906,102,30,2,'2025-10-08 10:08:53'),(2907,102,33,2,'2025-10-08 10:08:53'),(2908,102,34,2,'2025-10-08 10:08:53'),(2909,102,39,2,'2025-10-08 10:08:53'),(2910,102,41,2,'2025-10-08 10:08:53'),(2911,102,44,2,'2025-10-08 10:08:53'),(2912,102,55,2,'2025-10-08 10:08:53'),(2913,102,57,2,'2025-10-08 10:08:53'),(2914,102,63,2,'2025-10-08 10:08:53'),(2915,102,65,2,'2025-10-08 10:08:53'),(2916,102,69,2,'2025-10-08 10:08:53'),(2917,102,72,2,'2025-10-08 10:08:53'),(2918,102,78,2,'2025-10-08 10:08:53'),(2919,102,82,2,'2025-10-08 10:08:53'),(2920,102,89,2,'2025-10-08 10:08:53'),(2921,102,91,2,'2025-10-08 10:08:53'),(2922,102,98,2,'2025-10-08 10:08:53'),(2923,102,100,2,'2025-10-08 10:08:53'),(2924,103,2,2,'2025-10-08 10:08:53'),(2925,103,4,2,'2025-10-08 10:08:53'),(2926,103,5,2,'2025-10-08 10:08:53'),(2927,103,7,2,'2025-10-08 10:08:53'),(2928,103,12,2,'2025-10-08 10:08:53'),(2929,103,13,2,'2025-10-08 10:08:53'),(2930,103,14,2,'2025-10-08 10:08:53'),(2931,103,21,2,'2025-10-08 10:08:53'),(2932,103,22,2,'2025-10-08 10:08:53'),(2933,103,24,2,'2025-10-08 10:08:53'),(2934,103,26,2,'2025-10-08 10:08:53'),(2935,103,30,2,'2025-10-08 10:08:53'),(2936,103,31,2,'2025-10-08 10:08:53'),(2937,103,32,2,'2025-10-08 10:08:53'),(2938,103,34,2,'2025-10-08 10:08:53'),(2939,103,35,2,'2025-10-08 10:08:53'),(2940,103,36,2,'2025-10-08 10:08:53'),(2941,103,37,2,'2025-10-08 10:08:53'),(2942,103,40,2,'2025-10-08 10:08:53'),(2943,103,41,2,'2025-10-08 10:08:53'),(2944,103,42,2,'2025-10-08 10:08:53'),(2945,103,45,2,'2025-10-08 10:08:53'),(2946,103,46,2,'2025-10-08 10:08:53'),(2947,103,49,2,'2025-10-08 10:08:53'),(2948,103,50,2,'2025-10-08 10:08:53'),(2949,103,52,2,'2025-10-08 10:08:53'),(2950,103,53,2,'2025-10-08 10:08:53'),(2951,103,59,2,'2025-10-08 10:08:53'),(2952,103,62,2,'2025-10-08 10:08:53'),(2953,103,63,2,'2025-10-08 10:08:53'),(2954,103,68,2,'2025-10-08 10:08:53'),(2955,103,69,2,'2025-10-08 10:08:53'),(2956,103,70,2,'2025-10-08 10:08:53'),(2957,103,73,2,'2025-10-08 10:08:53'),(2958,103,74,2,'2025-10-08 10:08:53'),(2959,103,76,2,'2025-10-08 10:08:53'),(2960,103,80,2,'2025-10-08 10:08:53'),(2961,103,81,2,'2025-10-08 10:08:53'),(2962,103,83,2,'2025-10-08 10:08:53'),(2963,103,85,2,'2025-10-08 10:08:53'),(2964,103,87,2,'2025-10-08 10:08:53'),(2965,103,92,2,'2025-10-08 10:08:53'),(2966,103,93,2,'2025-10-08 10:08:53'),(2967,103,95,2,'2025-10-08 10:08:53'),(2968,103,96,2,'2025-10-08 10:08:53'),(2969,104,2,2,'2025-10-08 10:08:53'),(2970,104,3,2,'2025-10-08 10:08:53'),(2971,104,4,2,'2025-10-08 10:08:53'),(2972,104,5,2,'2025-10-08 10:08:53'),(2973,104,9,2,'2025-10-08 10:08:53'),(2974,104,11,2,'2025-10-08 10:08:53'),(2975,104,22,2,'2025-10-08 10:08:53'),(2976,104,24,2,'2025-10-08 10:08:53'),(2977,104,25,2,'2025-10-08 10:08:53'),(2978,104,26,2,'2025-10-08 10:08:53'),(2979,104,29,2,'2025-10-08 10:08:53'),(2980,104,30,2,'2025-10-08 10:08:53'),(2981,104,31,2,'2025-10-08 10:08:53'),(2982,104,32,2,'2025-10-08 10:08:53'),(2983,104,33,2,'2025-10-08 10:08:53'),(2984,104,40,2,'2025-10-08 10:08:53'),(2985,104,43,2,'2025-10-08 10:08:53'),(2986,104,46,2,'2025-10-08 10:08:53'),(2987,104,47,2,'2025-10-08 10:08:53'),(2988,104,48,2,'2025-10-08 10:08:53'),(2989,104,49,2,'2025-10-08 10:08:53'),(2990,104,50,2,'2025-10-08 10:08:53'),(2991,104,54,2,'2025-10-08 10:08:53'),(2992,104,55,2,'2025-10-08 10:08:53'),(2993,104,56,2,'2025-10-08 10:08:53'),(2994,104,58,2,'2025-10-08 10:08:53'),(2995,104,59,2,'2025-10-08 10:08:53'),(2996,104,61,2,'2025-10-08 10:08:53'),(2997,104,63,2,'2025-10-08 10:08:53'),(2998,104,66,2,'2025-10-08 10:08:53'),(2999,104,67,2,'2025-10-08 10:08:53'),(3000,104,71,2,'2025-10-08 10:08:53'),(3001,104,79,2,'2025-10-08 10:08:53'),(3002,104,81,2,'2025-10-08 10:08:53'),(3003,104,83,2,'2025-10-08 10:08:53'),(3004,104,84,2,'2025-10-08 10:08:53'),(3005,104,85,2,'2025-10-08 10:08:53'),(3006,104,86,2,'2025-10-08 10:08:53'),(3007,104,89,2,'2025-10-08 10:08:53'),(3008,104,94,2,'2025-10-08 10:08:53'),(3009,104,95,2,'2025-10-08 10:08:53'),(3010,105,2,2,'2025-10-08 10:08:53'),(3011,105,4,2,'2025-10-08 10:08:53'),(3012,105,8,2,'2025-10-08 10:08:53'),(3013,105,11,2,'2025-10-08 10:08:53'),(3014,105,13,2,'2025-10-08 10:08:53'),(3015,105,18,2,'2025-10-08 10:08:53'),(3016,105,28,2,'2025-10-08 10:08:53'),(3017,105,29,2,'2025-10-08 10:08:53'),(3018,105,31,2,'2025-10-08 10:08:53'),(3019,105,32,2,'2025-10-08 10:08:53'),(3020,105,36,2,'2025-10-08 10:08:53'),(3021,105,42,2,'2025-10-08 10:08:53'),(3022,105,44,2,'2025-10-08 10:08:53'),(3023,105,46,2,'2025-10-08 10:08:53'),(3024,105,47,2,'2025-10-08 10:08:53'),(3025,105,51,2,'2025-10-08 10:08:53'),(3026,105,57,2,'2025-10-08 10:08:53'),(3027,105,60,2,'2025-10-08 10:08:53'),(3028,105,62,2,'2025-10-08 10:08:53'),(3029,105,63,2,'2025-10-08 10:08:53'),(3030,105,64,2,'2025-10-08 10:08:53'),(3031,105,65,2,'2025-10-08 10:08:53'),(3032,105,69,2,'2025-10-08 10:08:53'),(3033,105,74,2,'2025-10-08 10:08:53'),(3034,105,78,2,'2025-10-08 10:08:53'),(3035,105,80,2,'2025-10-08 10:08:53'),(3036,105,81,2,'2025-10-08 10:08:53'),(3037,105,82,2,'2025-10-08 10:08:53'),(3038,105,84,2,'2025-10-08 10:08:53'),(3039,105,86,2,'2025-10-08 10:08:53'),(3040,105,88,2,'2025-10-08 10:08:53'),(3041,105,95,2,'2025-10-08 10:08:53'),(3042,105,99,2,'2025-10-08 10:08:53'),(3043,105,100,2,'2025-10-08 10:08:53'),(3044,106,5,2,'2025-10-08 10:08:53'),(3045,106,8,2,'2025-10-08 10:08:53'),(3046,106,12,2,'2025-10-08 10:08:53'),(3047,106,14,2,'2025-10-08 10:08:53'),(3048,106,16,2,'2025-10-08 10:08:53'),(3049,106,17,2,'2025-10-08 10:08:53'),(3050,106,19,2,'2025-10-08 10:08:53'),(3051,106,25,2,'2025-10-08 10:08:53'),(3052,106,26,2,'2025-10-08 10:08:53'),(3053,106,28,2,'2025-10-08 10:08:53'),(3054,106,31,2,'2025-10-08 10:08:53'),(3055,106,32,2,'2025-10-08 10:08:53'),(3056,106,42,2,'2025-10-08 10:08:53'),(3057,106,45,2,'2025-10-08 10:08:53'),(3058,106,46,2,'2025-10-08 10:08:53'),(3059,106,48,2,'2025-10-08 10:08:53'),(3060,106,49,2,'2025-10-08 10:08:53'),(3061,106,52,2,'2025-10-08 10:08:53'),(3062,106,54,2,'2025-10-08 10:08:53'),(3063,106,57,2,'2025-10-08 10:08:53'),(3064,106,58,2,'2025-10-08 10:08:53'),(3065,106,59,2,'2025-10-08 10:08:53'),(3066,106,60,2,'2025-10-08 10:08:53'),(3067,106,61,2,'2025-10-08 10:08:53'),(3068,106,63,2,'2025-10-08 10:08:53'),(3069,106,65,2,'2025-10-08 10:08:53'),(3070,106,66,2,'2025-10-08 10:08:53'),(3071,106,67,2,'2025-10-08 10:08:53'),(3072,106,69,2,'2025-10-08 10:08:53'),(3073,106,70,2,'2025-10-08 10:08:53'),(3074,106,71,2,'2025-10-08 10:08:53'),(3075,106,73,2,'2025-10-08 10:08:53'),(3076,106,74,2,'2025-10-08 10:08:53'),(3077,106,75,2,'2025-10-08 10:08:53'),(3078,106,77,2,'2025-10-08 10:08:53'),(3079,106,78,2,'2025-10-08 10:08:53'),(3080,106,86,2,'2025-10-08 10:08:53'),(3081,106,87,2,'2025-10-08 10:08:53'),(3082,106,88,2,'2025-10-08 10:08:53'),(3083,106,89,2,'2025-10-08 10:08:53'),(3084,106,90,2,'2025-10-08 10:08:53'),(3085,106,91,2,'2025-10-08 10:08:53'),(3086,106,94,2,'2025-10-08 10:08:53'),(3087,106,96,2,'2025-10-08 10:08:53'),(3088,107,1,2,'2025-10-08 10:08:53'),(3089,107,6,2,'2025-10-08 10:08:53'),(3090,107,9,2,'2025-10-08 10:08:53'),(3091,107,10,2,'2025-10-08 10:08:53'),(3092,107,11,2,'2025-10-08 10:08:53'),(3093,107,12,2,'2025-10-08 10:08:53'),(3094,107,13,2,'2025-10-08 10:08:53'),(3095,107,14,2,'2025-10-08 10:08:53'),(3096,107,17,2,'2025-10-08 10:08:53'),(3097,107,20,2,'2025-10-08 10:08:53'),(3098,107,22,2,'2025-10-08 10:08:53'),(3099,107,27,2,'2025-10-08 10:08:53'),(3100,107,28,2,'2025-10-08 10:08:53'),(3101,107,31,2,'2025-10-08 10:08:53'),(3102,107,33,2,'2025-10-08 10:08:53'),(3103,107,34,2,'2025-10-08 10:08:53'),(3104,107,35,2,'2025-10-08 10:08:53'),(3105,107,36,2,'2025-10-08 10:08:53'),(3106,107,37,2,'2025-10-08 10:08:53'),(3107,107,42,2,'2025-10-08 10:08:53'),(3108,107,45,2,'2025-10-08 10:08:53'),(3109,107,48,2,'2025-10-08 10:08:53'),(3110,107,53,2,'2025-10-08 10:08:53'),(3111,107,54,2,'2025-10-08 10:08:53'),(3112,107,55,2,'2025-10-08 10:08:53'),(3113,107,58,2,'2025-10-08 10:08:53'),(3114,107,59,2,'2025-10-08 10:08:53'),(3115,107,61,2,'2025-10-08 10:08:53'),(3116,107,63,2,'2025-10-08 10:08:53'),(3117,107,66,2,'2025-10-08 10:08:53'),(3118,107,67,2,'2025-10-08 10:08:53'),(3119,107,68,2,'2025-10-08 10:08:53'),(3120,107,70,2,'2025-10-08 10:08:53'),(3121,107,76,2,'2025-10-08 10:08:53'),(3122,107,78,2,'2025-10-08 10:08:53'),(3123,107,79,2,'2025-10-08 10:08:53'),(3124,107,80,2,'2025-10-08 10:08:53'),(3125,107,81,2,'2025-10-08 10:08:53'),(3126,107,82,2,'2025-10-08 10:08:53'),(3127,107,83,2,'2025-10-08 10:08:53'),(3128,107,88,2,'2025-10-08 10:08:53'),(3129,107,90,2,'2025-10-08 10:08:53'),(3130,107,92,2,'2025-10-08 10:08:53'),(3131,107,93,2,'2025-10-08 10:08:53'),(3132,107,97,2,'2025-10-08 10:08:53'),(3133,107,99,2,'2025-10-08 10:08:53'),(3134,108,1,2,'2025-10-08 10:08:53'),(3135,108,2,2,'2025-10-08 10:08:53'),(3136,108,3,2,'2025-10-08 10:08:53'),(3137,108,5,2,'2025-10-08 10:08:53'),(3138,108,6,2,'2025-10-08 10:08:53'),(3139,108,7,2,'2025-10-08 10:08:53'),(3140,108,8,2,'2025-10-08 10:08:53'),(3141,108,15,2,'2025-10-08 10:08:53'),(3142,108,16,2,'2025-10-08 10:08:53'),(3143,108,17,2,'2025-10-08 10:08:53'),(3144,108,22,2,'2025-10-08 10:08:53'),(3145,108,27,2,'2025-10-08 10:08:53'),(3146,108,31,2,'2025-10-08 10:08:53'),(3147,108,34,2,'2025-10-08 10:08:53'),(3148,108,35,2,'2025-10-08 10:08:53'),(3149,108,36,2,'2025-10-08 10:08:53'),(3150,108,41,2,'2025-10-08 10:08:53'),(3151,108,44,2,'2025-10-08 10:08:53'),(3152,108,45,2,'2025-10-08 10:08:53'),(3153,108,46,2,'2025-10-08 10:08:53'),(3154,108,47,2,'2025-10-08 10:08:53'),(3155,108,49,2,'2025-10-08 10:08:53'),(3156,108,53,2,'2025-10-08 10:08:53'),(3157,108,56,2,'2025-10-08 10:08:53'),(3158,108,58,2,'2025-10-08 10:08:53'),(3159,108,60,2,'2025-10-08 10:08:53'),(3160,108,61,2,'2025-10-08 10:08:53'),(3161,108,62,2,'2025-10-08 10:08:53'),(3162,108,64,2,'2025-10-08 10:08:53'),(3163,108,69,2,'2025-10-08 10:08:53'),(3164,108,74,2,'2025-10-08 10:08:53'),(3165,108,76,2,'2025-10-08 10:08:53'),(3166,108,77,2,'2025-10-08 10:08:53'),(3167,108,80,2,'2025-10-08 10:08:53'),(3168,108,83,2,'2025-10-08 10:08:53'),(3169,108,84,2,'2025-10-08 10:08:53'),(3170,108,85,2,'2025-10-08 10:08:53'),(3171,108,86,2,'2025-10-08 10:08:53'),(3172,108,87,2,'2025-10-08 10:08:53'),(3173,108,89,2,'2025-10-08 10:08:53'),(3174,108,90,2,'2025-10-08 10:08:53'),(3175,108,92,2,'2025-10-08 10:08:53'),(3176,108,99,2,'2025-10-08 10:08:53'),(3177,109,3,2,'2025-10-08 10:08:53'),(3178,109,4,2,'2025-10-08 10:08:53'),(3179,109,5,2,'2025-10-08 10:08:53'),(3180,109,11,2,'2025-10-08 10:08:53'),(3181,109,13,2,'2025-10-08 10:08:53'),(3182,109,14,2,'2025-10-08 10:08:53'),(3183,109,16,2,'2025-10-08 10:08:53'),(3184,109,19,2,'2025-10-08 10:08:53'),(3185,109,21,2,'2025-10-08 10:08:53'),(3186,109,24,2,'2025-10-08 10:08:53'),(3187,109,26,2,'2025-10-08 10:08:53'),(3188,109,28,2,'2025-10-08 10:08:53'),(3189,109,29,2,'2025-10-08 10:08:53'),(3190,109,30,2,'2025-10-08 10:08:53'),(3191,109,31,2,'2025-10-08 10:08:53'),(3192,109,36,2,'2025-10-08 10:08:53'),(3193,109,38,2,'2025-10-08 10:08:53'),(3194,109,39,2,'2025-10-08 10:08:53'),(3195,109,41,2,'2025-10-08 10:08:53'),(3196,109,42,2,'2025-10-08 10:08:53'),(3197,109,43,2,'2025-10-08 10:08:53'),(3198,109,45,2,'2025-10-08 10:08:53'),(3199,109,46,2,'2025-10-08 10:08:53'),(3200,109,47,2,'2025-10-08 10:08:53'),(3201,109,48,2,'2025-10-08 10:08:53'),(3202,109,50,2,'2025-10-08 10:08:53'),(3203,109,53,2,'2025-10-08 10:08:53'),(3204,109,55,2,'2025-10-08 10:08:53'),(3205,109,57,2,'2025-10-08 10:08:53'),(3206,109,61,2,'2025-10-08 10:08:53'),(3207,109,64,2,'2025-10-08 10:08:53'),(3208,109,65,2,'2025-10-08 10:08:53'),(3209,109,66,2,'2025-10-08 10:08:53'),(3210,109,68,2,'2025-10-08 10:08:53'),(3211,109,70,2,'2025-10-08 10:08:53'),(3212,109,71,2,'2025-10-08 10:08:54'),(3213,109,73,2,'2025-10-08 10:08:54'),(3214,109,78,2,'2025-10-08 10:08:54'),(3215,109,79,2,'2025-10-08 10:08:54'),(3216,109,83,2,'2025-10-08 10:08:54'),(3217,109,84,2,'2025-10-08 10:08:54'),(3218,109,87,2,'2025-10-08 10:08:54'),(3219,109,90,2,'2025-10-08 10:08:54'),(3220,109,91,2,'2025-10-08 10:08:54'),(3221,109,92,2,'2025-10-08 10:08:54'),(3222,109,93,2,'2025-10-08 10:08:54'),(3223,109,97,2,'2025-10-08 10:08:54'),(3224,110,7,2,'2025-10-08 10:08:54'),(3225,110,9,2,'2025-10-08 10:08:54'),(3226,110,10,2,'2025-10-08 10:08:54'),(3227,110,11,2,'2025-10-08 10:08:54'),(3228,110,12,2,'2025-10-08 10:08:54'),(3229,110,23,2,'2025-10-08 10:08:54'),(3230,110,25,2,'2025-10-08 10:08:54'),(3231,110,28,2,'2025-10-08 10:08:54'),(3232,110,30,2,'2025-10-08 10:08:54'),(3233,110,31,2,'2025-10-08 10:08:54'),(3234,110,37,2,'2025-10-08 10:08:54'),(3235,110,42,2,'2025-10-08 10:08:54'),(3236,110,45,2,'2025-10-08 10:08:54'),(3237,110,46,2,'2025-10-08 10:08:54'),(3238,110,47,2,'2025-10-08 10:08:54'),(3239,110,48,2,'2025-10-08 10:08:54'),(3240,110,53,2,'2025-10-08 10:08:54'),(3241,110,55,2,'2025-10-08 10:08:54'),(3242,110,58,2,'2025-10-08 10:08:54'),(3243,110,59,2,'2025-10-08 10:08:54'),(3244,110,61,2,'2025-10-08 10:08:54'),(3245,110,69,2,'2025-10-08 10:08:54'),(3246,110,75,2,'2025-10-08 10:08:54'),(3247,110,83,2,'2025-10-08 10:08:54'),(3248,110,88,2,'2025-10-08 10:08:54'),(3249,110,89,2,'2025-10-08 10:08:54'),(3250,110,91,2,'2025-10-08 10:08:54'),(3251,110,93,2,'2025-10-08 10:08:54'),(3252,111,3,2,'2025-10-08 10:08:54'),(3253,111,7,2,'2025-10-08 10:08:54'),(3254,111,15,2,'2025-10-08 10:08:54'),(3255,111,19,2,'2025-10-08 10:08:54'),(3256,111,20,2,'2025-10-08 10:08:54'),(3257,111,23,2,'2025-10-08 10:08:54'),(3258,111,25,2,'2025-10-08 10:08:54'),(3259,111,26,2,'2025-10-08 10:08:54'),(3260,111,27,2,'2025-10-08 10:08:54'),(3261,111,33,2,'2025-10-08 10:08:54'),(3262,111,34,2,'2025-10-08 10:08:54'),(3263,111,37,2,'2025-10-08 10:08:54'),(3264,111,39,2,'2025-10-08 10:08:54'),(3265,111,42,2,'2025-10-08 10:08:54'),(3266,111,45,2,'2025-10-08 10:08:54'),(3267,111,46,2,'2025-10-08 10:08:54'),(3268,111,51,2,'2025-10-08 10:08:54'),(3269,111,52,2,'2025-10-08 10:08:54'),(3270,111,53,2,'2025-10-08 10:08:54'),(3271,111,54,2,'2025-10-08 10:08:54'),(3272,111,56,2,'2025-10-08 10:08:54'),(3273,111,60,2,'2025-10-08 10:08:54'),(3274,111,70,2,'2025-10-08 10:08:54'),(3275,111,74,2,'2025-10-08 10:08:54'),(3276,111,76,2,'2025-10-08 10:08:54'),(3277,111,90,2,'2025-10-08 10:08:54'),(3278,111,92,2,'2025-10-08 10:08:54'),(3279,111,95,2,'2025-10-08 10:08:54'),(3280,111,98,2,'2025-10-08 10:08:54'),(3281,112,3,2,'2025-10-08 10:08:54'),(3282,112,9,2,'2025-10-08 10:08:54'),(3283,112,10,2,'2025-10-08 10:08:54'),(3284,112,15,2,'2025-10-08 10:08:54'),(3285,112,19,2,'2025-10-08 10:08:54'),(3286,112,30,2,'2025-10-08 10:08:54'),(3287,112,36,2,'2025-10-08 10:08:54'),(3288,112,39,2,'2025-10-08 10:08:54'),(3289,112,44,2,'2025-10-08 10:08:54'),(3290,112,46,2,'2025-10-08 10:08:54'),(3291,112,47,2,'2025-10-08 10:08:54'),(3292,112,51,2,'2025-10-08 10:08:54'),(3293,112,57,2,'2025-10-08 10:08:54'),(3294,112,62,2,'2025-10-08 10:08:54'),(3295,112,63,2,'2025-10-08 10:08:54'),(3296,112,69,2,'2025-10-08 10:08:54'),(3297,112,84,2,'2025-10-08 10:08:54'),(3298,112,87,2,'2025-10-08 10:08:54'),(3299,112,89,2,'2025-10-08 10:08:54'),(3300,112,96,2,'2025-10-08 10:08:54'),(3301,113,3,2,'2025-10-08 10:08:54'),(3302,113,6,2,'2025-10-08 10:08:54'),(3303,113,9,2,'2025-10-08 10:08:54'),(3304,113,10,2,'2025-10-08 10:08:54'),(3305,113,11,2,'2025-10-08 10:08:54'),(3306,113,15,2,'2025-10-08 10:08:54'),(3307,113,16,2,'2025-10-08 10:08:54'),(3308,113,20,2,'2025-10-08 10:08:54'),(3309,113,22,2,'2025-10-08 10:08:54'),(3310,113,25,2,'2025-10-08 10:08:54'),(3311,113,27,2,'2025-10-08 10:08:54'),(3312,113,28,2,'2025-10-08 10:08:54'),(3313,113,29,2,'2025-10-08 10:08:54'),(3314,113,31,2,'2025-10-08 10:08:54'),(3315,113,35,2,'2025-10-08 10:08:54'),(3316,113,36,2,'2025-10-08 10:08:54'),(3317,113,39,2,'2025-10-08 10:08:54'),(3318,113,43,2,'2025-10-08 10:08:54'),(3319,113,45,2,'2025-10-08 10:08:54'),(3320,113,50,2,'2025-10-08 10:08:54'),(3321,113,52,2,'2025-10-08 10:08:54'),(3322,113,56,2,'2025-10-08 10:08:54'),(3323,113,57,2,'2025-10-08 10:08:54'),(3324,113,61,2,'2025-10-08 10:08:54'),(3325,113,62,2,'2025-10-08 10:08:54'),(3326,113,66,2,'2025-10-08 10:08:54'),(3327,113,70,2,'2025-10-08 10:08:54'),(3328,113,75,2,'2025-10-08 10:08:54'),(3329,113,77,2,'2025-10-08 10:08:54'),(3330,113,81,2,'2025-10-08 10:08:54'),(3331,113,82,2,'2025-10-08 10:08:54'),(3332,113,86,2,'2025-10-08 10:08:54'),(3333,113,88,2,'2025-10-08 10:08:54'),(3334,113,89,2,'2025-10-08 10:08:54'),(3335,113,90,2,'2025-10-08 10:08:54'),(3336,113,91,2,'2025-10-08 10:08:54'),(3337,113,94,2,'2025-10-08 10:08:54'),(3338,113,97,2,'2025-10-08 10:08:54'),(3339,113,100,2,'2025-10-08 10:08:54'),(3340,114,2,2,'2025-10-08 10:08:54'),(3341,114,6,2,'2025-10-08 10:08:54'),(3342,114,11,2,'2025-10-08 10:08:54'),(3343,114,12,2,'2025-10-08 10:08:54'),(3344,114,13,2,'2025-10-08 10:08:54'),(3345,114,14,2,'2025-10-08 10:08:54'),(3346,114,16,2,'2025-10-08 10:08:54'),(3347,114,19,2,'2025-10-08 10:08:54'),(3348,114,22,2,'2025-10-08 10:08:54'),(3349,114,30,2,'2025-10-08 10:08:54'),(3350,114,35,2,'2025-10-08 10:08:54'),(3351,114,37,2,'2025-10-08 10:08:54'),(3352,114,38,2,'2025-10-08 10:08:54'),(3353,114,39,2,'2025-10-08 10:08:54'),(3354,114,43,2,'2025-10-08 10:08:54'),(3355,114,47,2,'2025-10-08 10:08:54'),(3356,114,48,2,'2025-10-08 10:08:54'),(3357,114,55,2,'2025-10-08 10:08:54'),(3358,114,56,2,'2025-10-08 10:08:54'),(3359,114,57,2,'2025-10-08 10:08:54'),(3360,114,62,2,'2025-10-08 10:08:54'),(3361,114,64,2,'2025-10-08 10:08:54'),(3362,114,65,2,'2025-10-08 10:08:54'),(3363,114,66,2,'2025-10-08 10:08:54'),(3364,114,67,2,'2025-10-08 10:08:54'),(3365,114,68,2,'2025-10-08 10:08:54'),(3366,114,69,2,'2025-10-08 10:08:54'),(3367,114,70,2,'2025-10-08 10:08:54'),(3368,114,74,2,'2025-10-08 10:08:54'),(3369,114,76,2,'2025-10-08 10:08:54'),(3370,114,77,2,'2025-10-08 10:08:54'),(3371,114,78,2,'2025-10-08 10:08:54'),(3372,114,80,2,'2025-10-08 10:08:54'),(3373,114,83,2,'2025-10-08 10:08:54'),(3374,114,85,2,'2025-10-08 10:08:54'),(3375,114,88,2,'2025-10-08 10:08:54'),(3376,114,89,2,'2025-10-08 10:08:54'),(3377,114,92,2,'2025-10-08 10:08:54'),(3378,114,94,2,'2025-10-08 10:08:54'),(3379,114,99,2,'2025-10-08 10:08:54'),(3380,115,2,2,'2025-10-08 10:08:54'),(3381,115,4,2,'2025-10-08 10:08:54'),(3382,115,5,2,'2025-10-08 10:08:54'),(3383,115,10,2,'2025-10-08 10:08:54'),(3384,115,16,2,'2025-10-08 10:08:54'),(3385,115,18,2,'2025-10-08 10:08:54'),(3386,115,20,2,'2025-10-08 10:08:54'),(3387,115,22,2,'2025-10-08 10:08:54'),(3388,115,24,2,'2025-10-08 10:08:54'),(3389,115,27,2,'2025-10-08 10:08:54'),(3390,115,32,2,'2025-10-08 10:08:54'),(3391,115,33,2,'2025-10-08 10:08:54'),(3392,115,34,2,'2025-10-08 10:08:54'),(3393,115,35,2,'2025-10-08 10:08:54'),(3394,115,40,2,'2025-10-08 10:08:54'),(3395,115,41,2,'2025-10-08 10:08:54'),(3396,115,45,2,'2025-10-08 10:08:54'),(3397,115,47,2,'2025-10-08 10:08:54'),(3398,115,48,2,'2025-10-08 10:08:54'),(3399,115,49,2,'2025-10-08 10:08:54'),(3400,115,50,2,'2025-10-08 10:08:54'),(3401,115,60,2,'2025-10-08 10:08:54'),(3402,115,62,2,'2025-10-08 10:08:54'),(3403,115,67,2,'2025-10-08 10:08:54'),(3404,115,72,2,'2025-10-08 10:08:54'),(3405,115,78,2,'2025-10-08 10:08:54'),(3406,115,80,2,'2025-10-08 10:08:54'),(3407,115,82,2,'2025-10-08 10:08:54'),(3408,115,84,2,'2025-10-08 10:08:54'),(3409,115,85,2,'2025-10-08 10:08:54'),(3410,115,86,2,'2025-10-08 10:08:54'),(3411,115,88,2,'2025-10-08 10:08:54'),(3412,115,93,2,'2025-10-08 10:08:54'),(3413,115,94,2,'2025-10-08 10:08:54'),(3414,115,97,2,'2025-10-08 10:08:54'),(3415,116,2,2,'2025-10-08 10:08:54'),(3416,116,10,2,'2025-10-08 10:08:54'),(3417,116,12,2,'2025-10-08 10:08:54'),(3418,116,13,2,'2025-10-08 10:08:54'),(3419,116,15,2,'2025-10-08 10:08:54'),(3420,116,17,2,'2025-10-08 10:08:54'),(3421,116,19,2,'2025-10-08 10:08:54'),(3422,116,25,2,'2025-10-08 10:08:54'),(3423,116,29,2,'2025-10-08 10:08:54'),(3424,116,30,2,'2025-10-08 10:08:54'),(3425,116,32,2,'2025-10-08 10:08:54'),(3426,116,37,2,'2025-10-08 10:08:54'),(3427,116,40,2,'2025-10-08 10:08:54'),(3428,116,42,2,'2025-10-08 10:08:54'),(3429,116,43,2,'2025-10-08 10:08:54'),(3430,116,44,2,'2025-10-08 10:08:54'),(3431,116,47,2,'2025-10-08 10:08:54'),(3432,116,48,2,'2025-10-08 10:08:54'),(3433,116,52,2,'2025-10-08 10:08:54'),(3434,116,57,2,'2025-10-08 10:08:54'),(3435,116,59,2,'2025-10-08 10:08:54'),(3436,116,60,2,'2025-10-08 10:08:54'),(3437,116,62,2,'2025-10-08 10:08:54'),(3438,116,64,2,'2025-10-08 10:08:54'),(3439,116,65,2,'2025-10-08 10:08:54'),(3440,116,66,2,'2025-10-08 10:08:54'),(3441,116,71,2,'2025-10-08 10:08:54'),(3442,116,74,2,'2025-10-08 10:08:54'),(3443,116,81,2,'2025-10-08 10:08:54'),(3444,116,85,2,'2025-10-08 10:08:54'),(3445,116,89,2,'2025-10-08 10:08:54'),(3446,116,90,2,'2025-10-08 10:08:54'),(3447,116,94,2,'2025-10-08 10:08:54'),(3448,116,99,2,'2025-10-08 10:08:54'),(3449,116,100,2,'2025-10-08 10:08:54'),(3450,117,4,2,'2025-10-08 10:08:54'),(3451,117,7,2,'2025-10-08 10:08:54'),(3452,117,8,2,'2025-10-08 10:08:54'),(3453,117,12,2,'2025-10-08 10:08:54'),(3454,117,16,2,'2025-10-08 10:08:54'),(3455,117,18,2,'2025-10-08 10:08:54'),(3456,117,19,2,'2025-10-08 10:08:54'),(3457,117,33,2,'2025-10-08 10:08:54'),(3458,117,39,2,'2025-10-08 10:08:54'),(3459,117,41,2,'2025-10-08 10:08:54'),(3460,117,42,2,'2025-10-08 10:08:54'),(3461,117,43,2,'2025-10-08 10:08:54'),(3462,117,45,2,'2025-10-08 10:08:54'),(3463,117,49,2,'2025-10-08 10:08:54'),(3464,117,52,2,'2025-10-08 10:08:54'),(3465,117,54,2,'2025-10-08 10:08:54'),(3466,117,74,2,'2025-10-08 10:08:54'),(3467,117,79,2,'2025-10-08 10:08:54'),(3468,117,82,2,'2025-10-08 10:08:54'),(3469,117,83,2,'2025-10-08 10:08:54'),(3470,117,88,2,'2025-10-08 10:08:54'),(3471,117,100,2,'2025-10-08 10:08:54'),(3472,118,2,2,'2025-10-08 10:08:54'),(3473,118,6,2,'2025-10-08 10:08:54'),(3474,118,7,2,'2025-10-08 10:08:54'),(3475,118,10,2,'2025-10-08 10:08:54'),(3476,118,14,2,'2025-10-08 10:08:54'),(3477,118,16,2,'2025-10-08 10:08:54'),(3478,118,20,2,'2025-10-08 10:08:54'),(3479,118,21,2,'2025-10-08 10:08:54'),(3480,118,23,2,'2025-10-08 10:08:54'),(3481,118,24,2,'2025-10-08 10:08:54'),(3482,118,26,2,'2025-10-08 10:08:54'),(3483,118,27,2,'2025-10-08 10:08:54'),(3484,118,30,2,'2025-10-08 10:08:54'),(3485,118,33,2,'2025-10-08 10:08:54'),(3486,118,35,2,'2025-10-08 10:08:54'),(3487,118,38,2,'2025-10-08 10:08:54'),(3488,118,39,2,'2025-10-08 10:08:54'),(3489,118,45,2,'2025-10-08 10:08:54'),(3490,118,47,2,'2025-10-08 10:08:54'),(3491,118,48,2,'2025-10-08 10:08:54'),(3492,118,49,2,'2025-10-08 10:08:54'),(3493,118,52,2,'2025-10-08 10:08:54'),(3494,118,53,2,'2025-10-08 10:08:54'),(3495,118,56,2,'2025-10-08 10:08:54'),(3496,118,57,2,'2025-10-08 10:08:54'),(3497,118,60,2,'2025-10-08 10:08:54'),(3498,118,61,2,'2025-10-08 10:08:54'),(3499,118,63,2,'2025-10-08 10:08:54'),(3500,118,70,2,'2025-10-08 10:08:54'),(3501,118,74,2,'2025-10-08 10:08:54'),(3502,118,75,2,'2025-10-08 10:08:54'),(3503,118,76,2,'2025-10-08 10:08:54'),(3504,118,79,2,'2025-10-08 10:08:54'),(3505,118,80,2,'2025-10-08 10:08:54'),(3506,118,81,2,'2025-10-08 10:08:54'),(3507,118,82,2,'2025-10-08 10:08:54'),(3508,118,84,2,'2025-10-08 10:08:54'),(3509,118,86,2,'2025-10-08 10:08:54'),(3510,118,90,2,'2025-10-08 10:08:54'),(3511,118,92,2,'2025-10-08 10:08:54'),(3512,118,94,2,'2025-10-08 10:08:54'),(3513,118,95,2,'2025-10-08 10:08:54'),(3514,118,96,2,'2025-10-08 10:08:54'),(3515,118,97,2,'2025-10-08 10:08:54'),(3516,118,98,2,'2025-10-08 10:08:54'),(3517,119,1,2,'2025-10-08 10:08:54'),(3518,119,4,2,'2025-10-08 10:08:54'),(3519,119,5,2,'2025-10-08 10:08:54'),(3520,119,6,2,'2025-10-08 10:08:54'),(3521,119,8,2,'2025-10-08 10:08:54'),(3522,119,11,2,'2025-10-08 10:08:54'),(3523,119,12,2,'2025-10-08 10:08:54'),(3524,119,14,2,'2025-10-08 10:08:54'),(3525,119,15,2,'2025-10-08 10:08:54'),(3526,119,16,2,'2025-10-08 10:08:54'),(3527,119,17,2,'2025-10-08 10:08:54'),(3528,119,18,2,'2025-10-08 10:08:54'),(3529,119,27,2,'2025-10-08 10:08:54'),(3530,119,29,2,'2025-10-08 10:08:54'),(3531,119,32,2,'2025-10-08 10:08:54'),(3532,119,34,2,'2025-10-08 10:08:54'),(3533,119,35,2,'2025-10-08 10:08:54'),(3534,119,39,2,'2025-10-08 10:08:54'),(3535,119,40,2,'2025-10-08 10:08:54'),(3536,119,41,2,'2025-10-08 10:08:54'),(3537,119,46,2,'2025-10-08 10:08:54'),(3538,119,47,2,'2025-10-08 10:08:54'),(3539,119,48,2,'2025-10-08 10:08:54'),(3540,119,50,2,'2025-10-08 10:08:54'),(3541,119,54,2,'2025-10-08 10:08:54'),(3542,119,59,2,'2025-10-08 10:08:54'),(3543,119,61,2,'2025-10-08 10:08:54'),(3544,119,62,2,'2025-10-08 10:08:54'),(3545,119,63,2,'2025-10-08 10:08:54'),(3546,119,64,2,'2025-10-08 10:08:54'),(3547,119,65,2,'2025-10-08 10:08:54'),(3548,119,70,2,'2025-10-08 10:08:54'),(3549,119,75,2,'2025-10-08 10:08:54'),(3550,119,84,2,'2025-10-08 10:08:54'),(3551,119,92,2,'2025-10-08 10:08:54'),(3552,119,93,2,'2025-10-08 10:08:54'),(3553,119,94,2,'2025-10-08 10:08:54'),(3554,119,97,2,'2025-10-08 10:08:54'),(3555,119,99,2,'2025-10-08 10:08:54'),(3556,120,4,2,'2025-10-08 10:08:55'),(3557,120,5,2,'2025-10-08 10:08:55'),(3558,120,6,2,'2025-10-08 10:08:55'),(3559,120,9,2,'2025-10-08 10:08:55'),(3560,120,11,2,'2025-10-08 10:08:55'),(3561,120,20,2,'2025-10-08 10:08:55'),(3562,120,22,2,'2025-10-08 10:08:55'),(3563,120,24,2,'2025-10-08 10:08:55'),(3564,120,25,2,'2025-10-08 10:08:55'),(3565,120,30,2,'2025-10-08 10:08:55'),(3566,120,31,2,'2025-10-08 10:08:55'),(3567,120,40,2,'2025-10-08 10:08:55'),(3568,120,42,2,'2025-10-08 10:08:55'),(3569,120,49,2,'2025-10-08 10:08:55'),(3570,120,55,2,'2025-10-08 10:08:55'),(3571,120,57,2,'2025-10-08 10:08:55'),(3572,120,60,2,'2025-10-08 10:08:55'),(3573,120,61,2,'2025-10-08 10:08:55'),(3574,120,70,2,'2025-10-08 10:08:55'),(3575,120,80,2,'2025-10-08 10:08:55'),(3576,120,100,2,'2025-10-08 10:08:55'),(3577,121,4,2,'2025-10-08 10:08:55'),(3578,121,5,2,'2025-10-08 10:08:55'),(3579,121,6,2,'2025-10-08 10:08:55'),(3580,121,8,2,'2025-10-08 10:08:55'),(3581,121,10,2,'2025-10-08 10:08:55'),(3582,121,13,2,'2025-10-08 10:08:55'),(3583,121,15,2,'2025-10-08 10:08:55'),(3584,121,17,2,'2025-10-08 10:08:55'),(3585,121,18,2,'2025-10-08 10:08:55'),(3586,121,24,2,'2025-10-08 10:08:55'),(3587,121,26,2,'2025-10-08 10:08:55'),(3588,121,29,2,'2025-10-08 10:08:55'),(3589,121,32,2,'2025-10-08 10:08:55'),(3590,121,39,2,'2025-10-08 10:08:55'),(3591,121,40,2,'2025-10-08 10:08:55'),(3592,121,41,2,'2025-10-08 10:08:55'),(3593,121,42,2,'2025-10-08 10:08:55'),(3594,121,48,2,'2025-10-08 10:08:55'),(3595,121,52,2,'2025-10-08 10:08:55'),(3596,121,64,2,'2025-10-08 10:08:55'),(3597,121,67,2,'2025-10-08 10:08:55'),(3598,121,68,2,'2025-10-08 10:08:55'),(3599,121,69,2,'2025-10-08 10:08:55'),(3600,121,73,2,'2025-10-08 10:08:55'),(3601,121,77,2,'2025-10-08 10:08:55'),(3602,121,78,2,'2025-10-08 10:08:55'),(3603,121,80,2,'2025-10-08 10:08:55'),(3604,121,90,2,'2025-10-08 10:08:55'),(3605,121,95,2,'2025-10-08 10:08:55'),(3606,121,98,2,'2025-10-08 10:08:55'),(3607,121,99,2,'2025-10-08 10:08:55');
/*!40000 ALTER TABLE `product_views` ENABLE KEYS */;
UNLOCK TABLES;

--
-- Table structure for table `products`
--

DROP TABLE IF EXISTS `products`;
/*!40101 SET @saved_cs_client     = @@character_set_client */;
/*!50503 SET character_set_client = utf8mb4 */;
CREATE TABLE `products` (
  `product_id` bigint(20) unsigned NOT NULL AUTO_INCREMENT,
  `name` longtext CHARACTER SET utf8mb4 COLLATE utf8mb4_bin NOT NULL CHECK (json_valid(`name`)),
  `description` longtext CHARACTER SET utf8mb4 COLLATE utf8mb4_bin DEFAULT NULL CHECK (json_valid(`description`)),
  `category_id` bigint(20) unsigned NOT NULL,
  `brand_id` bigint(20) unsigned DEFAULT NULL,
  `seller_id` bigint(20) unsigned NOT NULL,
  `status` tinyint(4) NOT NULL DEFAULT 1 COMMENT '1: Draft, 2: Pending Approval, 3: Published, 4: Hidden',
  `is_active` tinyint(1) NOT NULL DEFAULT 1,
  `created_at` timestamp NULL DEFAULT NULL,
  `updated_at` timestamp NULL DEFAULT NULL,
  `deleted_at` timestamp NULL DEFAULT NULL,
  PRIMARY KEY (`product_id`),
  KEY `products_category_id_foreign` (`category_id`),
  KEY `products_brand_id_foreign` (`brand_id`),
  KEY `products_seller_id_foreign` (`seller_id`),
  CONSTRAINT `products_brand_id_foreign` FOREIGN KEY (`brand_id`) REFERENCES `brands` (`brand_id`) ON DELETE SET NULL,
  CONSTRAINT `products_category_id_foreign` FOREIGN KEY (`category_id`) REFERENCES `categories` (`category_id`),
  CONSTRAINT `products_seller_id_foreign` FOREIGN KEY (`seller_id`) REFERENCES `users` (`id`) ON DELETE CASCADE
) ENGINE=InnoDB AUTO_INCREMENT=101 DEFAULT CHARSET=utf8mb4 COLLATE=utf8mb4_unicode_ci;
/*!40101 SET character_set_client = @saved_cs_client */;

--
-- Dumping data for table `products`
--

LOCK TABLES `products` WRITE;
/*!40000 ALTER TABLE `products` DISABLE KEYS */;
INSERT INTO `products` VALUES (1,'{\"en\":\"iste aut\",\"vi\":\"Qu\\u1ea7n jeans hi\\u1ec7n \\u0111\\u1ea1i\"}','{\"en\":\"Quia officiis et a ut fugit. Consectetur omnis unde debitis numquam. Itaque vel natus deleniti autem voluptate.\",\"vi\":\"S\\u1ea3n ph\\u1ea9m ch\\u1ea5t l\\u01b0\\u1ee3ng cao, \\u0111\\u01b0\\u1ee3c thi\\u1ebft k\\u1ebf v\\u1edbi phong c\\u00e1ch hi\\u1ec7n \\u0111\\u1ea1i v\\u00e0 ti\\u1ec7n d\\u1ee5ng.\"}',15,14,6,1,1,'2025-10-08 10:08:38','2025-10-08 10:08:38',NULL),(2,'{\"en\":\"repellendus fuga\",\"vi\":\"\\u00c1o len th\\u1eddi trang\"}','{\"en\":\"Consequuntur voluptatem eveniet debitis officiis a eos. Dolorem deleniti dolor qui iure eos culpa dolor.\",\"vi\":\"Ph\\u00f9 h\\u1ee3p cho m\\u1ecdi l\\u1ee9a tu\\u1ed5i, mang l\\u1ea1i s\\u1ef1 tho\\u1ea3i m\\u00e1i v\\u00e0 phong c\\u00e1ch.\"}',20,7,17,3,1,'2025-10-08 10:08:38','2025-10-08 10:08:38',NULL),(3,'{\"en\":\"repudiandae rerum\",\"vi\":\"V\\u00ed da cao c\\u1ea5p\"}','{\"en\":\"Ipsum ratione velit ut iusto molestiae velit natus. Perspiciatis fugiat at enim voluptates nemo. Modi quidem laudantium incidunt dolor quam ut. Et delectus qui eligendi nulla.\",\"vi\":\"\\u0110\\u01b0\\u1ee3c l\\u00e0m t\\u1eeb ch\\u1ea5t li\\u1ec7u cao c\\u1ea5p, \\u0111\\u1ea3m b\\u1ea3o \\u0111\\u1ed9 b\\u1ec1n v\\u00e0 t\\u00ednh th\\u1ea9m m\\u1ef9.\"}',10,22,11,3,1,'2025-10-08 10:08:38','2025-10-08 10:08:38',NULL),(4,'{\"en\":\"explicabo maiores\",\"vi\":\"Gi\\u00e0y boot th\\u1eddi trang\"}','{\"en\":\"Vero et neque omnis vitae. Rem eos sit aut porro mollitia. Maiores dolor hic eum sunt illum aut. Explicabo et iste iure sit aut exercitationem esse rerum.\",\"vi\":\"S\\u1ea3n ph\\u1ea9m \\u0111\\u01b0\\u1ee3c ki\\u1ec3m tra ch\\u1ea5t l\\u01b0\\u1ee3ng nghi\\u00eam ng\\u1eb7t tr\\u01b0\\u1edbc khi \\u0111\\u1ebfn tay kh\\u00e1ch h\\u00e0ng.\"}',19,14,3,3,1,'2025-10-08 10:08:38','2025-10-08 10:08:38',NULL),(5,'{\"en\":\"qui voluptas\",\"vi\":\"Gi\\u00e0y th\\u1ec3 thao hi\\u1ec7n \\u0111\\u1ea1i\"}','{\"en\":\"Alias itaque accusantium enim. Autem quo perspiciatis in. Ut vel ducimus sit velit consectetur reiciendis. Omnis et et qui explicabo explicabo. Enim molestias aut explicabo sunt aut non.\",\"vi\":\"S\\u1ea3n ph\\u1ea9m ch\\u1ea5t l\\u01b0\\u1ee3ng cao, \\u0111\\u01b0\\u1ee3c thi\\u1ebft k\\u1ebf v\\u1edbi phong c\\u00e1ch hi\\u1ec7n \\u0111\\u1ea1i v\\u00e0 ti\\u1ec7n d\\u1ee5ng.\"}',6,5,12,1,1,'2025-10-08 10:08:38','2025-10-08 10:08:38',NULL),(6,'{\"en\":\"sit cum\",\"vi\":\"\\u0110i\\u1ec7n tho\\u1ea1i cao c\\u1ea5p\"}','{\"en\":\"Error voluptatibus eaque unde repellendus reprehenderit nihil voluptates voluptas. Aperiam quod ipsam minima suscipit quasi quod. Quae nesciunt cumque ratione ducimus.\",\"vi\":\"S\\u1ea3n ph\\u1ea9m \\u0111\\u01b0\\u1ee3c ki\\u1ec3m tra ch\\u1ea5t l\\u01b0\\u1ee3ng nghi\\u00eam ng\\u1eb7t tr\\u01b0\\u1edbc khi \\u0111\\u1ebfn tay kh\\u00e1ch h\\u00e0ng.\"}',21,8,17,2,1,'2025-10-08 10:08:38','2025-10-08 10:08:38',NULL),(7,'{\"en\":\"magnam est\",\"vi\":\"\\u00c1o len hi\\u1ec7n \\u0111\\u1ea1i\"}','{\"en\":\"Voluptatem quo accusamus numquam in alias non quia. Et accusamus suscipit qui voluptas quae. Voluptatum dolorum totam in aliquam. Accusantium asperiores ea itaque aut.\",\"vi\":\"Thi\\u1ebft k\\u1ebf \\u0111\\u1ed9c \\u0111\\u00e1o, m\\u00e0u s\\u1eafc \\u0111a d\\u1ea1ng, ph\\u00f9 h\\u1ee3p v\\u1edbi xu h\\u01b0\\u1edbng th\\u1eddi trang.\"}',5,22,2,2,1,'2025-10-08 10:08:38','2025-10-08 10:08:38',NULL),(8,'{\"en\":\"voluptatibus iusto\",\"vi\":\"K\\u00ednh m\\u00e1t sang tr\\u1ecdng\"}','{\"en\":\"Et et enim ut sit eos aspernatur. Id quaerat qui possimus vel sequi. Et sunt velit quia autem.\",\"vi\":\"Thi\\u1ebft k\\u1ebf \\u0111\\u1ed9c \\u0111\\u00e1o, m\\u00e0u s\\u1eafc \\u0111a d\\u1ea1ng, ph\\u00f9 h\\u1ee3p v\\u1edbi xu h\\u01b0\\u1edbng th\\u1eddi trang.\"}',11,18,15,3,1,'2025-10-08 10:08:38','2025-10-08 10:08:38',NULL),(9,'{\"en\":\"minus odio\",\"vi\":\"\\u00c1o kho\\u00e1c sang tr\\u1ecdng\"}','{\"en\":\"Reiciendis error assumenda voluptatem. Doloribus quis voluptates dolorem dolor animi. Repellat quis dolorem sapiente.\",\"vi\":\"S\\u1ea3n ph\\u1ea9m ch\\u1ea5t l\\u01b0\\u1ee3ng cao, \\u0111\\u01b0\\u1ee3c thi\\u1ebft k\\u1ebf v\\u1edbi phong c\\u00e1ch hi\\u1ec7n \\u0111\\u1ea1i v\\u00e0 ti\\u1ec7n d\\u1ee5ng.\"}',12,23,13,1,1,'2025-10-08 10:08:38','2025-10-08 10:08:38',NULL),(10,'{\"en\":\"modi est\",\"vi\":\"Gi\\u00e0y th\\u1ec3 thao cao c\\u1ea5p\"}','{\"en\":\"Aperiam deleniti in hic repudiandae in est eos. Dolor voluptas alias nisi mollitia. Nihil non est est quod.\",\"vi\":\"Ph\\u00f9 h\\u1ee3p cho m\\u1ecdi l\\u1ee9a tu\\u1ed5i, mang l\\u1ea1i s\\u1ef1 tho\\u1ea3i m\\u00e1i v\\u00e0 phong c\\u00e1ch.\"}',15,16,20,2,1,'2025-10-08 10:08:38','2025-10-08 10:08:38',NULL),(11,'{\"en\":\"sed in\",\"vi\":\"\\u00c1o len cao c\\u1ea5p\"}','{\"en\":\"Voluptatem dolorum et sit. Necessitatibus corporis ad ea ut. Ex ea et architecto pariatur ab.\",\"vi\":\"Thi\\u1ebft k\\u1ebf \\u0111\\u1ed9c \\u0111\\u00e1o, m\\u00e0u s\\u1eafc \\u0111a d\\u1ea1ng, ph\\u00f9 h\\u1ee3p v\\u1edbi xu h\\u01b0\\u1edbng th\\u1eddi trang.\"}',4,16,12,3,1,'2025-10-08 10:08:38','2025-10-08 10:08:38',NULL),(12,'{\"en\":\"voluptas ipsum\",\"vi\":\"T\\u00fai x\\u00e1ch ch\\u1ea5t l\\u01b0\\u1ee3ng\"}','{\"en\":\"Doloribus quos repellendus nostrum dolorum aut. Ea animi quo ea expedita labore molestiae. Commodi illum molestiae aperiam repellat rerum molestias reprehenderit. Voluptatem enim sint rem itaque facere est. Ducimus tenetur cumque ut maiores est quae.\",\"vi\":\"S\\u1ea3n ph\\u1ea9m ch\\u1ea5t l\\u01b0\\u1ee3ng cao, \\u0111\\u01b0\\u1ee3c thi\\u1ebft k\\u1ebf v\\u1edbi phong c\\u00e1ch hi\\u1ec7n \\u0111\\u1ea1i v\\u00e0 ti\\u1ec7n d\\u1ee5ng.\"}',25,15,14,1,1,'2025-10-08 10:08:38','2025-10-08 10:08:38',NULL),(13,'{\"en\":\"consequatur nam\",\"vi\":\"Tai nghe th\\u1eddi trang\"}','{\"en\":\"Temporibus nihil odio et consectetur. Nobis quo reprehenderit ab id exercitationem sit. Beatae harum repellendus qui perspiciatis nobis voluptas. Impedit odit omnis ut earum eligendi aspernatur sed.\",\"vi\":\"S\\u1ea3n ph\\u1ea9m \\u0111\\u01b0\\u1ee3c ki\\u1ec3m tra ch\\u1ea5t l\\u01b0\\u1ee3ng nghi\\u00eam ng\\u1eb7t tr\\u01b0\\u1edbc khi \\u0111\\u1ebfn tay kh\\u00e1ch h\\u00e0ng.\"}',26,2,14,3,1,'2025-10-08 10:08:38','2025-10-08 10:08:38',NULL),(14,'{\"en\":\"quis et\",\"vi\":\"\\u0110\\u1ed3ng h\\u1ed3 cao c\\u1ea5p\"}','{\"en\":\"Delectus sint magni quas recusandae non aliquid. Cum corrupti est quibusdam. Omnis ea sed qui dolores reprehenderit.\",\"vi\":\"\\u0110\\u01b0\\u1ee3c l\\u00e0m t\\u1eeb ch\\u1ea5t li\\u1ec7u cao c\\u1ea5p, \\u0111\\u1ea3m b\\u1ea3o \\u0111\\u1ed9 b\\u1ec1n v\\u00e0 t\\u00ednh th\\u1ea9m m\\u1ef9.\"}',4,12,7,3,1,'2025-10-08 10:08:38','2025-10-08 10:08:38',NULL),(15,'{\"en\":\"sit laudantium\",\"vi\":\"Gi\\u00e0y th\\u1ec3 thao ch\\u1ea5t l\\u01b0\\u1ee3ng\"}','{\"en\":\"Tenetur quo repudiandae voluptatum ad nulla quisquam. Animi voluptatum rerum consequatur similique qui est. Rerum velit quos aut debitis modi vero sit. Voluptates ut delectus non et.\",\"vi\":\"\\u0110\\u01b0\\u1ee3c l\\u00e0m t\\u1eeb ch\\u1ea5t li\\u1ec7u cao c\\u1ea5p, \\u0111\\u1ea3m b\\u1ea3o \\u0111\\u1ed9 b\\u1ec1n v\\u00e0 t\\u00ednh th\\u1ea9m m\\u1ef9.\"}',3,9,3,2,1,'2025-10-08 10:08:38','2025-10-08 10:08:38',NULL),(16,'{\"en\":\"sit atque\",\"vi\":\"Gi\\u00e0y th\\u1ec3 thao ch\\u1ea5t l\\u01b0\\u1ee3ng\"}','{\"en\":\"Ut commodi id aliquam omnis non. Laudantium qui enim et.\",\"vi\":\"Ph\\u00f9 h\\u1ee3p cho m\\u1ecdi l\\u1ee9a tu\\u1ed5i, mang l\\u1ea1i s\\u1ef1 tho\\u1ea3i m\\u00e1i v\\u00e0 phong c\\u00e1ch.\"}',15,16,10,3,1,'2025-10-08 10:08:38','2025-10-08 10:08:38',NULL),(17,'{\"en\":\"qui dolor\",\"vi\":\"Balo th\\u1eddi trang\"}','{\"en\":\"Tempore velit enim ut sed. Est maiores est adipisci sint. Debitis corporis provident et consequatur recusandae. Architecto et debitis ab aut perferendis iusto.\",\"vi\":\"S\\u1ea3n ph\\u1ea9m ch\\u1ea5t l\\u01b0\\u1ee3ng cao, \\u0111\\u01b0\\u1ee3c thi\\u1ebft k\\u1ebf v\\u1edbi phong c\\u00e1ch hi\\u1ec7n \\u0111\\u1ea1i v\\u00e0 ti\\u1ec7n d\\u1ee5ng.\"}',10,8,7,1,1,'2025-10-08 10:08:38','2025-10-08 10:08:38',NULL),(18,'{\"en\":\"explicabo ratione\",\"vi\":\"\\u0110\\u1ed3ng h\\u1ed3 ti\\u1ec7n d\\u1ee5ng\"}','{\"en\":\"Eligendi doloremque totam sint in. Voluptatum impedit et aut minima repellat ut. Et ducimus fugiat aut aut. Rerum delectus libero nesciunt excepturi.\",\"vi\":\"Ph\\u00f9 h\\u1ee3p cho m\\u1ecdi l\\u1ee9a tu\\u1ed5i, mang l\\u1ea1i s\\u1ef1 tho\\u1ea3i m\\u00e1i v\\u00e0 phong c\\u00e1ch.\"}',24,19,17,2,1,'2025-10-08 10:08:38','2025-10-08 10:08:38',NULL),(19,'{\"en\":\"nobis voluptas\",\"vi\":\"M\\u00e1y t\\u00ednh hi\\u1ec7n \\u0111\\u1ea1i\"}','{\"en\":\"Quia sequi aut cumque. In itaque temporibus qui sunt quaerat facilis. Id aut esse nobis ullam nihil.\",\"vi\":\"Thi\\u1ebft k\\u1ebf \\u0111\\u1ed9c \\u0111\\u00e1o, m\\u00e0u s\\u1eafc \\u0111a d\\u1ea1ng, ph\\u00f9 h\\u1ee3p v\\u1edbi xu h\\u01b0\\u1edbng th\\u1eddi trang.\"}',21,3,8,1,1,'2025-10-08 10:08:38','2025-10-08 10:08:38',NULL),(20,'{\"en\":\"id minima\",\"vi\":\"Qu\\u1ea7n jeans hi\\u1ec7n \\u0111\\u1ea1i\"}','{\"en\":\"Et ut numquam fugit atque quas eveniet dolorum maxime. Natus eum illum corporis earum quia est hic. Ea sed cumque magni quo non ratione et ut.\",\"vi\":\"S\\u1ea3n ph\\u1ea9m \\u0111\\u01b0\\u1ee3c ki\\u1ec3m tra ch\\u1ea5t l\\u01b0\\u1ee3ng nghi\\u00eam ng\\u1eb7t tr\\u01b0\\u1edbc khi \\u0111\\u1ebfn tay kh\\u00e1ch h\\u00e0ng.\"}',19,15,9,2,1,'2025-10-08 10:08:38','2025-10-08 10:08:38',NULL),(21,'{\"en\":\"consectetur laborum\",\"vi\":\"\\u00c1o kho\\u00e1c ti\\u1ec7n d\\u1ee5ng\"}','{\"en\":\"Et numquam quia consequatur ab. Earum repellat est est rerum maxime nesciunt. Omnis in veniam suscipit odit corrupti. Ut voluptates magnam in natus odit qui dicta. Voluptatem voluptas necessitatibus voluptas sunt harum recusandae.\",\"vi\":\"\\u0110\\u01b0\\u1ee3c l\\u00e0m t\\u1eeb ch\\u1ea5t li\\u1ec7u cao c\\u1ea5p, \\u0111\\u1ea3m b\\u1ea3o \\u0111\\u1ed9 b\\u1ec1n v\\u00e0 t\\u00ednh th\\u1ea9m m\\u1ef9.\"}',4,7,8,2,1,'2025-10-08 10:08:38','2025-10-08 10:08:38',NULL),(22,'{\"en\":\"voluptas quibusdam\",\"vi\":\"\\u0110i\\u1ec7n tho\\u1ea1i hi\\u1ec7n \\u0111\\u1ea1i\"}','{\"en\":\"Velit inventore hic maiores quo. Iusto nobis consequatur aspernatur atque iure fugit voluptas. Repellat sunt facilis labore magni.\",\"vi\":\"Ph\\u00f9 h\\u1ee3p cho m\\u1ecdi l\\u1ee9a tu\\u1ed5i, mang l\\u1ea1i s\\u1ef1 tho\\u1ea3i m\\u00e1i v\\u00e0 phong c\\u00e1ch.\"}',2,9,15,1,1,'2025-10-08 10:08:38','2025-10-08 10:08:38',NULL),(23,'{\"en\":\"provident vero\",\"vi\":\"\\u0110\\u1ed3ng h\\u1ed3 hi\\u1ec7n \\u0111\\u1ea1i\"}','{\"en\":\"Minus quis modi ut culpa voluptatem iste. Assumenda omnis qui maiores ut ut totam. Excepturi consequuntur qui facilis architecto minima quo sint.\",\"vi\":\"S\\u1ea3n ph\\u1ea9m ch\\u1ea5t l\\u01b0\\u1ee3ng cao, \\u0111\\u01b0\\u1ee3c thi\\u1ebft k\\u1ebf v\\u1edbi phong c\\u00e1ch hi\\u1ec7n \\u0111\\u1ea1i v\\u00e0 ti\\u1ec7n d\\u1ee5ng.\"}',4,4,6,2,1,'2025-10-08 10:08:38','2025-10-08 10:08:38',NULL),(24,'{\"en\":\"natus iste\",\"vi\":\"V\\u00ed da ti\\u1ec7n d\\u1ee5ng\"}','{\"en\":\"Fugiat dolor molestiae similique nam veritatis. Voluptatem in libero qui est. Soluta soluta aut cupiditate architecto. Est quod ut perspiciatis et ullam repellat voluptas.\",\"vi\":\"S\\u1ea3n ph\\u1ea9m \\u0111\\u01b0\\u1ee3c ki\\u1ec3m tra ch\\u1ea5t l\\u01b0\\u1ee3ng nghi\\u00eam ng\\u1eb7t tr\\u01b0\\u1edbc khi \\u0111\\u1ebfn tay kh\\u00e1ch h\\u00e0ng.\"}',11,22,13,2,1,'2025-10-08 10:08:38','2025-10-08 10:08:38',NULL),(25,'{\"en\":\"dolore consequuntur\",\"vi\":\"Gi\\u00e0y th\\u1ec3 thao ch\\u1ea5t l\\u01b0\\u1ee3ng\"}','{\"en\":\"Qui accusantium veritatis ratione amet. Suscipit rerum voluptatem sit doloribus consequatur est soluta magni. Qui id ea quia nisi aut possimus incidunt accusamus. Doloremque aliquam reprehenderit magnam ut odio voluptas mollitia.\",\"vi\":\"Thi\\u1ebft k\\u1ebf \\u0111\\u1ed9c \\u0111\\u00e1o, m\\u00e0u s\\u1eafc \\u0111a d\\u1ea1ng, ph\\u00f9 h\\u1ee3p v\\u1edbi xu h\\u01b0\\u1edbng th\\u1eddi trang.\"}',8,10,15,1,1,'2025-10-08 10:08:38','2025-10-08 10:08:38',NULL),(26,'{\"en\":\"illo alias\",\"vi\":\"\\u0110\\u1ed3ng h\\u1ed3 sang tr\\u1ecdng\"}','{\"en\":\"Quae consequatur facere eum fuga magnam. Libero qui enim sint et minima. Nihil est perferendis nihil ut deserunt quas quae consectetur. Omnis enim qui iste eum explicabo minus. Et porro nostrum est.\",\"vi\":\"S\\u1ea3n ph\\u1ea9m ch\\u1ea5t l\\u01b0\\u1ee3ng cao, \\u0111\\u01b0\\u1ee3c thi\\u1ebft k\\u1ebf v\\u1edbi phong c\\u00e1ch hi\\u1ec7n \\u0111\\u1ea1i v\\u00e0 ti\\u1ec7n d\\u1ee5ng.\"}',4,19,3,2,1,'2025-10-08 10:08:38','2025-10-08 10:08:38',NULL),(27,'{\"en\":\"soluta similique\",\"vi\":\"T\\u00fai x\\u00e1ch ch\\u1ea5t l\\u01b0\\u1ee3ng\"}','{\"en\":\"Quibusdam eum ipsum necessitatibus nesciunt. Eveniet optio unde porro nihil nemo aut maiores. Totam fugit modi architecto repellat eos fugit. Hic tenetur a ducimus tempore ut qui porro ut.\",\"vi\":\"Ph\\u00f9 h\\u1ee3p cho m\\u1ecdi l\\u1ee9a tu\\u1ed5i, mang l\\u1ea1i s\\u1ef1 tho\\u1ea3i m\\u00e1i v\\u00e0 phong c\\u00e1ch.\"}',10,2,6,1,1,'2025-10-08 10:08:38','2025-10-08 10:08:38',NULL),(28,'{\"en\":\"totam reprehenderit\",\"vi\":\"Qu\\u1ea7n jeans hi\\u1ec7n \\u0111\\u1ea1i\"}','{\"en\":\"Quasi non aut voluptate sit provident recusandae eum. Voluptates labore fugiat suscipit hic veritatis modi. Fuga velit sit quo amet ab iste. Perspiciatis et quis quia distinctio delectus.\",\"vi\":\"Thi\\u1ebft k\\u1ebf \\u0111\\u1ed9c \\u0111\\u00e1o, m\\u00e0u s\\u1eafc \\u0111a d\\u1ea1ng, ph\\u00f9 h\\u1ee3p v\\u1edbi xu h\\u01b0\\u1edbng th\\u1eddi trang.\"}',24,14,8,3,1,'2025-10-08 10:08:38','2025-10-08 10:08:38',NULL),(29,'{\"en\":\"ipsam voluptates\",\"vi\":\"\\u0110i\\u1ec7n tho\\u1ea1i hi\\u1ec7n \\u0111\\u1ea1i\"}','{\"en\":\"Pariatur nostrum eum in et eos. Sapiente modi in neque placeat ex possimus optio nostrum. Qui dolor veritatis asperiores natus facilis a omnis. Possimus est fuga quia accusamus impedit est amet.\",\"vi\":\"Ph\\u00f9 h\\u1ee3p cho m\\u1ecdi l\\u1ee9a tu\\u1ed5i, mang l\\u1ea1i s\\u1ef1 tho\\u1ea3i m\\u00e1i v\\u00e0 phong c\\u00e1ch.\"}',21,12,2,2,1,'2025-10-08 10:08:38','2025-10-08 10:08:38',NULL),(30,'{\"en\":\"suscipit fugiat\",\"vi\":\"\\u0110\\u1ed3ng h\\u1ed3 sang tr\\u1ecdng\"}','{\"en\":\"Quis vel veritatis ad omnis. Libero dolorem eligendi et ipsum voluptatem consectetur. Nesciunt ea rem optio quis.\",\"vi\":\"S\\u1ea3n ph\\u1ea9m \\u0111\\u01b0\\u1ee3c ki\\u1ec3m tra ch\\u1ea5t l\\u01b0\\u1ee3ng nghi\\u00eam ng\\u1eb7t tr\\u01b0\\u1edbc khi \\u0111\\u1ebfn tay kh\\u00e1ch h\\u00e0ng.\"}',14,3,3,2,1,'2025-10-08 10:08:38','2025-10-08 10:08:38',NULL),(31,'{\"en\":\"in non\",\"vi\":\"\\u0110i\\u1ec7n tho\\u1ea1i cao c\\u1ea5p\"}','{\"en\":\"Vitae expedita magnam incidunt dolor enim. Voluptas nesciunt eos sint cupiditate veritatis. Sunt porro saepe aut quis eos iste officiis. Veniam rerum maxime culpa enim.\",\"vi\":\"Ph\\u00f9 h\\u1ee3p cho m\\u1ecdi l\\u1ee9a tu\\u1ed5i, mang l\\u1ea1i s\\u1ef1 tho\\u1ea3i m\\u00e1i v\\u00e0 phong c\\u00e1ch.\"}',25,6,16,1,1,'2025-10-08 10:08:38','2025-10-08 10:08:38',NULL),(32,'{\"en\":\"facilis voluptatem\",\"vi\":\"Gi\\u00e0y boot cao c\\u1ea5p\"}','{\"en\":\"Enim voluptatem est dolores ratione quod vero sint. Quasi quis vel impedit veritatis beatae eum accusantium. Deleniti quaerat soluta nihil sapiente explicabo culpa qui ut. Occaecati sed expedita voluptatem animi.\",\"vi\":\"Ph\\u00f9 h\\u1ee3p cho m\\u1ecdi l\\u1ee9a tu\\u1ed5i, mang l\\u1ea1i s\\u1ef1 tho\\u1ea3i m\\u00e1i v\\u00e0 phong c\\u00e1ch.\"}',2,13,17,2,1,'2025-10-08 10:08:38','2025-10-08 10:08:38',NULL),(33,'{\"en\":\"aspernatur et\",\"vi\":\"Balo ti\\u1ec7n d\\u1ee5ng\"}','{\"en\":\"Qui sequi nostrum vero autem. Placeat nesciunt voluptas a ducimus eos tenetur nihil. Et ut qui aut sequi. Fugit molestiae aut quasi maiores.\",\"vi\":\"Thi\\u1ebft k\\u1ebf \\u0111\\u1ed9c \\u0111\\u00e1o, m\\u00e0u s\\u1eafc \\u0111a d\\u1ea1ng, ph\\u00f9 h\\u1ee3p v\\u1edbi xu h\\u01b0\\u1edbng th\\u1eddi trang.\"}',5,23,2,2,1,'2025-10-08 10:08:38','2025-10-08 10:08:38',NULL),(34,'{\"en\":\"fugiat ratione\",\"vi\":\"\\u00c1o len ch\\u1ea5t l\\u01b0\\u1ee3ng\"}','{\"en\":\"Soluta eligendi velit cumque inventore et exercitationem similique. Repellat est commodi placeat velit enim doloremque quasi molestiae. Neque adipisci velit recusandae reiciendis.\",\"vi\":\"Thi\\u1ebft k\\u1ebf \\u0111\\u1ed9c \\u0111\\u00e1o, m\\u00e0u s\\u1eafc \\u0111a d\\u1ea1ng, ph\\u00f9 h\\u1ee3p v\\u1edbi xu h\\u01b0\\u1edbng th\\u1eddi trang.\"}',3,22,20,2,1,'2025-10-08 10:08:38','2025-10-08 10:08:38',NULL),(35,'{\"en\":\"voluptatem nisi\",\"vi\":\"Balo ch\\u1ea5t l\\u01b0\\u1ee3ng\"}','{\"en\":\"Facere necessitatibus vitae dolores voluptas eos id aut. Molestiae voluptatem cupiditate rem ut minus at provident.\",\"vi\":\"Ph\\u00f9 h\\u1ee3p cho m\\u1ecdi l\\u1ee9a tu\\u1ed5i, mang l\\u1ea1i s\\u1ef1 tho\\u1ea3i m\\u00e1i v\\u00e0 phong c\\u00e1ch.\"}',15,20,2,3,1,'2025-10-08 10:08:38','2025-10-08 10:08:38',NULL),(36,'{\"en\":\"repellendus consequatur\",\"vi\":\"\\u00c1o len ti\\u1ec7n d\\u1ee5ng\"}','{\"en\":\"Rerum similique possimus nam nulla est et error. Asperiores a accusantium voluptatem nesciunt vel tempore numquam. Perspiciatis fuga cumque sunt reiciendis quia natus at odio.\",\"vi\":\"Ph\\u00f9 h\\u1ee3p cho m\\u1ecdi l\\u1ee9a tu\\u1ed5i, mang l\\u1ea1i s\\u1ef1 tho\\u1ea3i m\\u00e1i v\\u00e0 phong c\\u00e1ch.\"}',17,6,8,3,1,'2025-10-08 10:08:38','2025-10-08 10:08:38',NULL),(37,'{\"en\":\"sit impedit\",\"vi\":\"M\\u00e1y t\\u00ednh cao c\\u1ea5p\"}','{\"en\":\"Voluptatem rerum dolor itaque. Rerum ut saepe minima fugit optio deleniti. Rem architecto et ut qui quia ullam quia. Libero dolorem corrupti eaque nam aliquam. Quia architecto labore optio.\",\"vi\":\"Thi\\u1ebft k\\u1ebf \\u0111\\u1ed9c \\u0111\\u00e1o, m\\u00e0u s\\u1eafc \\u0111a d\\u1ea1ng, ph\\u00f9 h\\u1ee3p v\\u1edbi xu h\\u01b0\\u1edbng th\\u1eddi trang.\"}',15,22,2,2,1,'2025-10-08 10:08:38','2025-10-08 10:08:38',NULL),(38,'{\"en\":\"aliquid odit\",\"vi\":\"V\\u00ed da sang tr\\u1ecdng\"}','{\"en\":\"Aperiam dolorem iure velit odit perferendis expedita culpa. Perspiciatis repellat voluptatem harum. Distinctio veniam corporis saepe eveniet voluptas et. Voluptatem vel placeat corrupti et libero eos aut.\",\"vi\":\"\\u0110\\u01b0\\u1ee3c l\\u00e0m t\\u1eeb ch\\u1ea5t li\\u1ec7u cao c\\u1ea5p, \\u0111\\u1ea3m b\\u1ea3o \\u0111\\u1ed9 b\\u1ec1n v\\u00e0 t\\u00ednh th\\u1ea9m m\\u1ef9.\"}',25,9,4,1,1,'2025-10-08 10:08:38','2025-10-08 10:08:38',NULL),(39,'{\"en\":\"iusto beatae\",\"vi\":\"Balo ch\\u1ea5t l\\u01b0\\u1ee3ng\"}','{\"en\":\"Modi et similique nihil veniam soluta minus recusandae assumenda. Eveniet quis est quo dolorem omnis doloremque ipsum. Aperiam omnis dolor cupiditate aut. Quia quaerat quos minima.\",\"vi\":\"Ph\\u00f9 h\\u1ee3p cho m\\u1ecdi l\\u1ee9a tu\\u1ed5i, mang l\\u1ea1i s\\u1ef1 tho\\u1ea3i m\\u00e1i v\\u00e0 phong c\\u00e1ch.\"}',2,2,4,3,1,'2025-10-08 10:08:38','2025-10-08 10:08:38',NULL),(40,'{\"en\":\"iusto nemo\",\"vi\":\"Gi\\u00e0y th\\u1ec3 thao ch\\u1ea5t l\\u01b0\\u1ee3ng\"}','{\"en\":\"Error sed sed vitae asperiores est voluptas. Porro et voluptates nostrum id sed ipsum quaerat. Quis quia ipsum aut expedita voluptas facilis. Dolor dolorem debitis perferendis officia. Provident debitis voluptatem animi nobis omnis nihil sunt iure.\",\"vi\":\"S\\u1ea3n ph\\u1ea9m ch\\u1ea5t l\\u01b0\\u1ee3ng cao, \\u0111\\u01b0\\u1ee3c thi\\u1ebft k\\u1ebf v\\u1edbi phong c\\u00e1ch hi\\u1ec7n \\u0111\\u1ea1i v\\u00e0 ti\\u1ec7n d\\u1ee5ng.\"}',10,4,17,1,1,'2025-10-08 10:08:38','2025-10-08 10:08:38',NULL),(41,'{\"en\":\"assumenda nemo\",\"vi\":\"V\\u00ed da ti\\u1ec7n d\\u1ee5ng\"}','{\"en\":\"Iste aut distinctio iusto dolor officia. Vel quasi dolorem natus deleniti molestiae animi velit est. Vero voluptatem molestiae labore vitae cum. Ut tempora ipsa molestiae porro est pariatur.\",\"vi\":\"Ph\\u00f9 h\\u1ee3p cho m\\u1ecdi l\\u1ee9a tu\\u1ed5i, mang l\\u1ea1i s\\u1ef1 tho\\u1ea3i m\\u00e1i v\\u00e0 phong c\\u00e1ch.\"}',9,3,16,1,1,'2025-10-08 10:08:38','2025-10-08 10:08:38',NULL),(42,'{\"en\":\"modi accusamus\",\"vi\":\"Balo sang tr\\u1ecdng\"}','{\"en\":\"Nesciunt tempore veniam nihil. Architecto quo autem soluta facilis iure.\",\"vi\":\"Thi\\u1ebft k\\u1ebf \\u0111\\u1ed9c \\u0111\\u00e1o, m\\u00e0u s\\u1eafc \\u0111a d\\u1ea1ng, ph\\u00f9 h\\u1ee3p v\\u1edbi xu h\\u01b0\\u1edbng th\\u1eddi trang.\"}',2,23,8,1,1,'2025-10-08 10:08:38','2025-10-08 10:08:38',NULL),(43,'{\"en\":\"doloremque molestiae\",\"vi\":\"K\\u00ednh m\\u00e1t hi\\u1ec7n \\u0111\\u1ea1i\"}','{\"en\":\"Et natus eius aut quia facere nulla sequi. Quibusdam voluptatem molestiae ducimus nesciunt. Aliquid et quo maiores a veniam repudiandae libero. Qui accusantium iure velit architecto.\",\"vi\":\"\\u0110\\u01b0\\u1ee3c l\\u00e0m t\\u1eeb ch\\u1ea5t li\\u1ec7u cao c\\u1ea5p, \\u0111\\u1ea3m b\\u1ea3o \\u0111\\u1ed9 b\\u1ec1n v\\u00e0 t\\u00ednh th\\u1ea9m m\\u1ef9.\"}',19,18,19,2,1,'2025-10-08 10:08:38','2025-10-08 10:08:38',NULL),(44,'{\"en\":\"eligendi eaque\",\"vi\":\"Tai nghe hi\\u1ec7n \\u0111\\u1ea1i\"}','{\"en\":\"Cumque aperiam quod id minus occaecati. Natus nihil voluptatem excepturi. In ratione iure qui illum nostrum perspiciatis. Ea quod sequi illo tempora accusamus perspiciatis.\",\"vi\":\"Thi\\u1ebft k\\u1ebf \\u0111\\u1ed9c \\u0111\\u00e1o, m\\u00e0u s\\u1eafc \\u0111a d\\u1ea1ng, ph\\u00f9 h\\u1ee3p v\\u1edbi xu h\\u01b0\\u1edbng th\\u1eddi trang.\"}',26,8,9,2,1,'2025-10-08 10:08:38','2025-10-08 10:08:38',NULL),(45,'{\"en\":\"sed ipsa\",\"vi\":\"Balo ti\\u1ec7n d\\u1ee5ng\"}','{\"en\":\"Animi qui dolore vel ut atque. Eum aliquid ex quis. Quis dolorem aut vero quos culpa sit. Tenetur nisi ipsa dicta cumque.\",\"vi\":\"S\\u1ea3n ph\\u1ea9m \\u0111\\u01b0\\u1ee3c ki\\u1ec3m tra ch\\u1ea5t l\\u01b0\\u1ee3ng nghi\\u00eam ng\\u1eb7t tr\\u01b0\\u1edbc khi \\u0111\\u1ebfn tay kh\\u00e1ch h\\u00e0ng.\"}',21,20,13,3,1,'2025-10-08 10:08:38','2025-10-08 10:08:38',NULL),(46,'{\"en\":\"quisquam unde\",\"vi\":\"\\u00c1o len th\\u1eddi trang\"}','{\"en\":\"Sit cumque doloribus architecto et dolor omnis corrupti. Laboriosam et voluptatem atque perspiciatis quia. Aut dolore dolorum placeat soluta molestias rem. Id non fugiat est ratione iste tenetur.\",\"vi\":\"S\\u1ea3n ph\\u1ea9m \\u0111\\u01b0\\u1ee3c ki\\u1ec3m tra ch\\u1ea5t l\\u01b0\\u1ee3ng nghi\\u00eam ng\\u1eb7t tr\\u01b0\\u1edbc khi \\u0111\\u1ebfn tay kh\\u00e1ch h\\u00e0ng.\"}',3,11,10,2,1,'2025-10-08 10:08:38','2025-10-08 10:08:38',NULL),(47,'{\"en\":\"dolorum molestiae\",\"vi\":\"\\u00c1o len sang tr\\u1ecdng\"}','{\"en\":\"Iusto commodi quae a non enim minima. Est nisi incidunt ea eos totam quis quod neque. Autem eos placeat quasi eum.\",\"vi\":\"Thi\\u1ebft k\\u1ebf \\u0111\\u1ed9c \\u0111\\u00e1o, m\\u00e0u s\\u1eafc \\u0111a d\\u1ea1ng, ph\\u00f9 h\\u1ee3p v\\u1edbi xu h\\u01b0\\u1edbng th\\u1eddi trang.\"}',17,14,21,1,1,'2025-10-08 10:08:38','2025-10-08 10:08:38',NULL),(48,'{\"en\":\"et facere\",\"vi\":\"Gi\\u00e0y boot hi\\u1ec7n \\u0111\\u1ea1i\"}','{\"en\":\"Officiis aperiam rerum voluptatem ex. Omnis ipsam quia neque assumenda rerum. Odit odit qui omnis. Perferendis praesentium consequuntur est autem aut et beatae.\",\"vi\":\"Thi\\u1ebft k\\u1ebf \\u0111\\u1ed9c \\u0111\\u00e1o, m\\u00e0u s\\u1eafc \\u0111a d\\u1ea1ng, ph\\u00f9 h\\u1ee3p v\\u1edbi xu h\\u01b0\\u1edbng th\\u1eddi trang.\"}',8,11,13,1,1,'2025-10-08 10:08:38','2025-10-08 10:08:38',NULL),(49,'{\"en\":\"aperiam sed\",\"vi\":\"Gi\\u00e0y boot th\\u1eddi trang\"}','{\"en\":\"Fuga libero aliquam itaque sed atque quisquam ipsam fugit. Alias et consequatur sit minima quisquam. Accusantium rerum et explicabo laudantium. Nihil vel sed culpa ad animi quas quos.\",\"vi\":\"Ph\\u00f9 h\\u1ee3p cho m\\u1ecdi l\\u1ee9a tu\\u1ed5i, mang l\\u1ea1i s\\u1ef1 tho\\u1ea3i m\\u00e1i v\\u00e0 phong c\\u00e1ch.\"}',3,3,21,3,1,'2025-10-08 10:08:38','2025-10-08 10:08:38',NULL),(50,'{\"en\":\"dolore ex\",\"vi\":\"\\u00c1o s\\u01a1 mi ti\\u1ec7n d\\u1ee5ng\"}','{\"en\":\"Rerum dolores praesentium tempora numquam velit. Iste reiciendis quam et aut labore. Nobis cumque sed eligendi odio et error. Et ea dicta maiores. Quos rem iure sed enim temporibus impedit possimus.\",\"vi\":\"Thi\\u1ebft k\\u1ebf \\u0111\\u1ed9c \\u0111\\u00e1o, m\\u00e0u s\\u1eafc \\u0111a d\\u1ea1ng, ph\\u00f9 h\\u1ee3p v\\u1edbi xu h\\u01b0\\u1edbng th\\u1eddi trang.\"}',5,23,17,2,1,'2025-10-08 10:08:38','2025-10-08 10:08:38',NULL),(51,'{\"en\":\"ut perspiciatis\",\"vi\":\"M\\u00e1y t\\u00ednh hi\\u1ec7n \\u0111\\u1ea1i\"}','{\"en\":\"Fugiat qui qui ipsam. Ab tenetur dolores et sequi ea enim. Pariatur et iste nulla aliquam fugit quidem commodi omnis. Doloremque sed quidem magni sint aliquid quae. Ut ut accusamus tempora.\",\"vi\":\"Thi\\u1ebft k\\u1ebf \\u0111\\u1ed9c \\u0111\\u00e1o, m\\u00e0u s\\u1eafc \\u0111a d\\u1ea1ng, ph\\u00f9 h\\u1ee3p v\\u1edbi xu h\\u01b0\\u1edbng th\\u1eddi trang.\"}',9,20,19,3,1,'2025-10-08 10:08:38','2025-10-08 10:08:38',NULL),(52,'{\"en\":\"vero est\",\"vi\":\"Gi\\u00e0y boot cao c\\u1ea5p\"}','{\"en\":\"Dolores voluptatum qui assumenda iure doloribus et. Error voluptatem voluptatum at praesentium. Totam fugiat et aut ut consectetur. Tempora dolorem eum aut ullam incidunt et qui.\",\"vi\":\"Thi\\u1ebft k\\u1ebf \\u0111\\u1ed9c \\u0111\\u00e1o, m\\u00e0u s\\u1eafc \\u0111a d\\u1ea1ng, ph\\u00f9 h\\u1ee3p v\\u1edbi xu h\\u01b0\\u1edbng th\\u1eddi trang.\"}',27,17,19,1,1,'2025-10-08 10:08:38','2025-10-08 10:08:38',NULL),(53,'{\"en\":\"est nam\",\"vi\":\"\\u00c1o len sang tr\\u1ecdng\"}','{\"en\":\"Quae sunt aut qui necessitatibus impedit facere voluptatem. Delectus dignissimos impedit minima dolorem ut deleniti corporis. Ut alias error aperiam placeat qui.\",\"vi\":\"Ph\\u00f9 h\\u1ee3p cho m\\u1ecdi l\\u1ee9a tu\\u1ed5i, mang l\\u1ea1i s\\u1ef1 tho\\u1ea3i m\\u00e1i v\\u00e0 phong c\\u00e1ch.\"}',5,10,12,3,1,'2025-10-08 10:08:39','2025-10-08 10:08:39',NULL),(54,'{\"en\":\"et et\",\"vi\":\"\\u0110i\\u1ec7n tho\\u1ea1i cao c\\u1ea5p\"}','{\"en\":\"Ratione ut quo vel et. Unde ipsa enim debitis facilis consequatur. Voluptate est nihil incidunt autem aut.\",\"vi\":\"Ph\\u00f9 h\\u1ee3p cho m\\u1ecdi l\\u1ee9a tu\\u1ed5i, mang l\\u1ea1i s\\u1ef1 tho\\u1ea3i m\\u00e1i v\\u00e0 phong c\\u00e1ch.\"}',12,22,2,2,1,'2025-10-08 10:08:39','2025-10-08 10:08:39',NULL),(55,'{\"en\":\"asperiores harum\",\"vi\":\"\\u0110i\\u1ec7n tho\\u1ea1i hi\\u1ec7n \\u0111\\u1ea1i\"}','{\"en\":\"Explicabo at ab quas molestiae. Sint quo non sed ea dolor necessitatibus. Enim et est mollitia ipsa ut dicta omnis.\",\"vi\":\"S\\u1ea3n ph\\u1ea9m \\u0111\\u01b0\\u1ee3c ki\\u1ec3m tra ch\\u1ea5t l\\u01b0\\u1ee3ng nghi\\u00eam ng\\u1eb7t tr\\u01b0\\u1edbc khi \\u0111\\u1ebfn tay kh\\u00e1ch h\\u00e0ng.\"}',22,16,7,2,1,'2025-10-08 10:08:39','2025-10-08 10:08:39',NULL),(56,'{\"en\":\"sequi deserunt\",\"vi\":\"\\u00c1o s\\u01a1 mi ch\\u1ea5t l\\u01b0\\u1ee3ng\"}','{\"en\":\"Quis non accusamus illo asperiores eius ea. Doloremque cumque accusantium laborum alias rem voluptatum voluptate. Consequatur in nobis et. Optio adipisci eos enim nostrum natus. Mollitia consequatur velit quidem quo repellat quod ratione.\",\"vi\":\"\\u0110\\u01b0\\u1ee3c l\\u00e0m t\\u1eeb ch\\u1ea5t li\\u1ec7u cao c\\u1ea5p, \\u0111\\u1ea3m b\\u1ea3o \\u0111\\u1ed9 b\\u1ec1n v\\u00e0 t\\u00ednh th\\u1ea9m m\\u1ef9.\"}',8,18,19,3,1,'2025-10-08 10:08:39','2025-10-08 10:08:39',NULL),(57,'{\"en\":\"sed velit\",\"vi\":\"Gi\\u00e0y boot hi\\u1ec7n \\u0111\\u1ea1i\"}','{\"en\":\"Molestias qui reprehenderit autem veniam consequuntur. Quis architecto et ea dolore mollitia odio similique. Perspiciatis reiciendis suscipit dolore cumque nostrum quia quis aspernatur. Sit quis voluptas ad at accusantium.\",\"vi\":\"\\u0110\\u01b0\\u1ee3c l\\u00e0m t\\u1eeb ch\\u1ea5t li\\u1ec7u cao c\\u1ea5p, \\u0111\\u1ea3m b\\u1ea3o \\u0111\\u1ed9 b\\u1ec1n v\\u00e0 t\\u00ednh th\\u1ea9m m\\u1ef9.\"}',20,18,13,2,1,'2025-10-08 10:08:39','2025-10-08 10:08:39',NULL),(58,'{\"en\":\"inventore eos\",\"vi\":\"\\u00c1o len sang tr\\u1ecdng\"}','{\"en\":\"Itaque alias culpa aut error ut iste accusamus. Sed voluptatibus non nihil ut maiores vel ipsam explicabo. Ipsam quasi error impedit ea alias consequatur veritatis maiores. Perferendis ad eum aut in ex.\",\"vi\":\"Ph\\u00f9 h\\u1ee3p cho m\\u1ecdi l\\u1ee9a tu\\u1ed5i, mang l\\u1ea1i s\\u1ef1 tho\\u1ea3i m\\u00e1i v\\u00e0 phong c\\u00e1ch.\"}',4,5,5,3,1,'2025-10-08 10:08:39','2025-10-08 10:08:39',NULL),(59,'{\"en\":\"molestias dolorem\",\"vi\":\"\\u00c1o len ti\\u1ec7n d\\u1ee5ng\"}','{\"en\":\"Ratione dolor deleniti minus sunt. Alias ratione consectetur explicabo voluptatum. Dolores atque ratione et enim inventore quaerat commodi. Aut mollitia enim provident rem voluptatem.\",\"vi\":\"\\u0110\\u01b0\\u1ee3c l\\u00e0m t\\u1eeb ch\\u1ea5t li\\u1ec7u cao c\\u1ea5p, \\u0111\\u1ea3m b\\u1ea3o \\u0111\\u1ed9 b\\u1ec1n v\\u00e0 t\\u00ednh th\\u1ea9m m\\u1ef9.\"}',25,22,10,3,1,'2025-10-08 10:08:39','2025-10-08 10:08:39',NULL),(60,'{\"en\":\"autem quibusdam\",\"vi\":\"M\\u00e1y t\\u00ednh cao c\\u1ea5p\"}','{\"en\":\"Consequuntur labore quo quod exercitationem quos. Perferendis incidunt blanditiis ipsa commodi qui. Ut quibusdam ex nulla laudantium accusamus optio. Fuga at facere suscipit consequatur explicabo similique.\",\"vi\":\"\\u0110\\u01b0\\u1ee3c l\\u00e0m t\\u1eeb ch\\u1ea5t li\\u1ec7u cao c\\u1ea5p, \\u0111\\u1ea3m b\\u1ea3o \\u0111\\u1ed9 b\\u1ec1n v\\u00e0 t\\u00ednh th\\u1ea9m m\\u1ef9.\"}',4,1,11,1,1,'2025-10-08 10:08:39','2025-10-08 10:08:39',NULL),(61,'{\"en\":\"ratione dolorum\",\"vi\":\"K\\u00ednh m\\u00e1t sang tr\\u1ecdng\"}','{\"en\":\"Omnis vel voluptate et eos. Iusto ullam voluptatibus nihil distinctio. Aliquid harum molestiae doloremque occaecati dolore. Doloribus et tenetur praesentium in dolorem culpa.\",\"vi\":\"Ph\\u00f9 h\\u1ee3p cho m\\u1ecdi l\\u1ee9a tu\\u1ed5i, mang l\\u1ea1i s\\u1ef1 tho\\u1ea3i m\\u00e1i v\\u00e0 phong c\\u00e1ch.\"}',6,2,12,2,1,'2025-10-08 10:08:39','2025-10-08 10:08:39',NULL),(62,'{\"en\":\"eveniet ut\",\"vi\":\"V\\u00ed da cao c\\u1ea5p\"}','{\"en\":\"Eveniet eveniet et aliquid pariatur in autem. Magni adipisci omnis facilis assumenda quae corrupti et omnis. Atque eum temporibus soluta qui quo. Ut ut voluptas tempore veritatis quos voluptatem.\",\"vi\":\"Ph\\u00f9 h\\u1ee3p cho m\\u1ecdi l\\u1ee9a tu\\u1ed5i, mang l\\u1ea1i s\\u1ef1 tho\\u1ea3i m\\u00e1i v\\u00e0 phong c\\u00e1ch.\"}',27,7,4,2,1,'2025-10-08 10:08:39','2025-10-08 10:08:39',NULL),(63,'{\"en\":\"temporibus enim\",\"vi\":\"T\\u00fai x\\u00e1ch ti\\u1ec7n d\\u1ee5ng\"}','{\"en\":\"Enim sed adipisci nostrum aut nemo ea. Delectus pariatur accusamus rerum repellendus ut dolorem. Quisquam id recusandae quod odio est quae. Consectetur autem nemo sed voluptate sequi beatae voluptatem et.\",\"vi\":\"Ph\\u00f9 h\\u1ee3p cho m\\u1ecdi l\\u1ee9a tu\\u1ed5i, mang l\\u1ea1i s\\u1ef1 tho\\u1ea3i m\\u00e1i v\\u00e0 phong c\\u00e1ch.\"}',12,8,11,2,1,'2025-10-08 10:08:39','2025-10-08 10:08:39',NULL),(64,'{\"en\":\"incidunt debitis\",\"vi\":\"K\\u00ednh m\\u00e1t sang tr\\u1ecdng\"}','{\"en\":\"Velit facere natus vero. Atque consequuntur ipsam quam sed aut accusamus ut aliquam. A est illum quis velit maiores nisi. Et distinctio eum esse mollitia voluptas qui reprehenderit.\",\"vi\":\"\\u0110\\u01b0\\u1ee3c l\\u00e0m t\\u1eeb ch\\u1ea5t li\\u1ec7u cao c\\u1ea5p, \\u0111\\u1ea3m b\\u1ea3o \\u0111\\u1ed9 b\\u1ec1n v\\u00e0 t\\u00ednh th\\u1ea9m m\\u1ef9.\"}',21,23,21,1,1,'2025-10-08 10:08:39','2025-10-08 10:08:39',NULL),(65,'{\"en\":\"provident dolorem\",\"vi\":\"Gi\\u00e0y boot ch\\u1ea5t l\\u01b0\\u1ee3ng\"}','{\"en\":\"Vel et aliquid cupiditate. Sint asperiores at ad explicabo. Ratione exercitationem eum aspernatur.\",\"vi\":\"\\u0110\\u01b0\\u1ee3c l\\u00e0m t\\u1eeb ch\\u1ea5t li\\u1ec7u cao c\\u1ea5p, \\u0111\\u1ea3m b\\u1ea3o \\u0111\\u1ed9 b\\u1ec1n v\\u00e0 t\\u00ednh th\\u1ea9m m\\u1ef9.\"}',25,21,13,2,1,'2025-10-08 10:08:39','2025-10-08 10:08:39',NULL),(66,'{\"en\":\"laboriosam numquam\",\"vi\":\"Tai nghe ch\\u1ea5t l\\u01b0\\u1ee3ng\"}','{\"en\":\"Quae autem voluptates consequatur libero est rerum. Quo qui neque facilis voluptatem pariatur nostrum. Unde ut ex qui mollitia in vero quaerat. Sed voluptatem dolore voluptatem.\",\"vi\":\"\\u0110\\u01b0\\u1ee3c l\\u00e0m t\\u1eeb ch\\u1ea5t li\\u1ec7u cao c\\u1ea5p, \\u0111\\u1ea3m b\\u1ea3o \\u0111\\u1ed9 b\\u1ec1n v\\u00e0 t\\u00ednh th\\u1ea9m m\\u1ef9.\"}',4,5,8,1,1,'2025-10-08 10:08:39','2025-10-08 10:08:39',NULL),(67,'{\"en\":\"amet voluptate\",\"vi\":\"Gi\\u00e0y boot ch\\u1ea5t l\\u01b0\\u1ee3ng\"}','{\"en\":\"Officia hic libero amet expedita earum sit. Qui dolorem qui nesciunt velit et. Repellendus qui voluptatum et ea et. Quis vitae et provident corporis.\",\"vi\":\"Ph\\u00f9 h\\u1ee3p cho m\\u1ecdi l\\u1ee9a tu\\u1ed5i, mang l\\u1ea1i s\\u1ef1 tho\\u1ea3i m\\u00e1i v\\u00e0 phong c\\u00e1ch.\"}',25,5,9,2,1,'2025-10-08 10:08:39','2025-10-08 10:08:39',NULL),(68,'{\"en\":\"temporibus nam\",\"vi\":\"Tai nghe hi\\u1ec7n \\u0111\\u1ea1i\"}','{\"en\":\"Fuga nihil assumenda nihil porro similique exercitationem. Adipisci nihil eos est dolores quisquam neque velit vel.\",\"vi\":\"\\u0110\\u01b0\\u1ee3c l\\u00e0m t\\u1eeb ch\\u1ea5t li\\u1ec7u cao c\\u1ea5p, \\u0111\\u1ea3m b\\u1ea3o \\u0111\\u1ed9 b\\u1ec1n v\\u00e0 t\\u00ednh th\\u1ea9m m\\u1ef9.\"}',27,7,6,1,1,'2025-10-08 10:08:39','2025-10-08 10:08:39',NULL),(69,'{\"en\":\"doloremque maxime\",\"vi\":\"Qu\\u1ea7n jeans hi\\u1ec7n \\u0111\\u1ea1i\"}','{\"en\":\"Et assumenda velit magnam. Atque asperiores et culpa suscipit ut quis voluptates. Adipisci voluptas suscipit velit omnis neque voluptatem numquam. Ex voluptas quia et.\",\"vi\":\"S\\u1ea3n ph\\u1ea9m \\u0111\\u01b0\\u1ee3c ki\\u1ec3m tra ch\\u1ea5t l\\u01b0\\u1ee3ng nghi\\u00eam ng\\u1eb7t tr\\u01b0\\u1edbc khi \\u0111\\u1ebfn tay kh\\u00e1ch h\\u00e0ng.\"}',9,21,13,2,1,'2025-10-08 10:08:39','2025-10-08 10:08:39',NULL),(70,'{\"en\":\"veniam est\",\"vi\":\"M\\u00e1y t\\u00ednh hi\\u1ec7n \\u0111\\u1ea1i\"}','{\"en\":\"Delectus dolorem ut aut et. In harum nisi doloribus.\",\"vi\":\"S\\u1ea3n ph\\u1ea9m \\u0111\\u01b0\\u1ee3c ki\\u1ec3m tra ch\\u1ea5t l\\u01b0\\u1ee3ng nghi\\u00eam ng\\u1eb7t tr\\u01b0\\u1edbc khi \\u0111\\u1ebfn tay kh\\u00e1ch h\\u00e0ng.\"}',11,7,2,2,1,'2025-10-08 10:08:39','2025-10-08 10:08:39',NULL),(71,'{\"en\":\"harum doloribus\",\"vi\":\"V\\u00ed da ch\\u1ea5t l\\u01b0\\u1ee3ng\"}','{\"en\":\"Et id eligendi nesciunt tenetur ut eum. Omnis voluptatibus iure ut qui dicta est. Omnis sunt suscipit numquam nesciunt.\",\"vi\":\"Thi\\u1ebft k\\u1ebf \\u0111\\u1ed9c \\u0111\\u00e1o, m\\u00e0u s\\u1eafc \\u0111a d\\u1ea1ng, ph\\u00f9 h\\u1ee3p v\\u1edbi xu h\\u01b0\\u1edbng th\\u1eddi trang.\"}',20,18,9,3,1,'2025-10-08 10:08:39','2025-10-08 10:08:39',NULL),(72,'{\"en\":\"eum quisquam\",\"vi\":\"Balo hi\\u1ec7n \\u0111\\u1ea1i\"}','{\"en\":\"Delectus est ipsa eligendi quaerat. Nam veniam laborum temporibus vero. Omnis incidunt commodi qui. Similique facere praesentium vitae dolore eaque enim aspernatur.\",\"vi\":\"S\\u1ea3n ph\\u1ea9m \\u0111\\u01b0\\u1ee3c ki\\u1ec3m tra ch\\u1ea5t l\\u01b0\\u1ee3ng nghi\\u00eam ng\\u1eb7t tr\\u01b0\\u1edbc khi \\u0111\\u1ebfn tay kh\\u00e1ch h\\u00e0ng.\"}',24,18,11,2,1,'2025-10-08 10:08:39','2025-10-08 10:08:39',NULL),(73,'{\"en\":\"et hic\",\"vi\":\"\\u00c1o s\\u01a1 mi th\\u1eddi trang\"}','{\"en\":\"Tempora sed voluptatem enim laboriosam et. Quis vero sint eaque laudantium dolorem amet. Autem laborum atque ut laboriosam natus. Cupiditate quis sit eius praesentium cum.\",\"vi\":\"S\\u1ea3n ph\\u1ea9m \\u0111\\u01b0\\u1ee3c ki\\u1ec3m tra ch\\u1ea5t l\\u01b0\\u1ee3ng nghi\\u00eam ng\\u1eb7t tr\\u01b0\\u1edbc khi \\u0111\\u1ebfn tay kh\\u00e1ch h\\u00e0ng.\"}',16,2,10,1,1,'2025-10-08 10:08:39','2025-10-08 10:08:39',NULL),(74,'{\"en\":\"dolorum voluptas\",\"vi\":\"\\u00c1o s\\u01a1 mi ch\\u1ea5t l\\u01b0\\u1ee3ng\"}','{\"en\":\"Laborum sed veritatis sed distinctio assumenda odio quas. Excepturi fuga ad exercitationem perferendis et est. Pariatur cupiditate qui vero voluptates.\",\"vi\":\"S\\u1ea3n ph\\u1ea9m ch\\u1ea5t l\\u01b0\\u1ee3ng cao, \\u0111\\u01b0\\u1ee3c thi\\u1ebft k\\u1ebf v\\u1edbi phong c\\u00e1ch hi\\u1ec7n \\u0111\\u1ea1i v\\u00e0 ti\\u1ec7n d\\u1ee5ng.\"}',27,13,5,2,1,'2025-10-08 10:08:39','2025-10-08 10:08:39',NULL),(75,'{\"en\":\"quia dolore\",\"vi\":\"K\\u00ednh m\\u00e1t ti\\u1ec7n d\\u1ee5ng\"}','{\"en\":\"Odio aspernatur unde voluptatibus voluptates sed cumque modi. Dolorum voluptatum ut assumenda similique reiciendis enim est quo. Aspernatur assumenda libero veniam autem fugiat vitae.\",\"vi\":\"Ph\\u00f9 h\\u1ee3p cho m\\u1ecdi l\\u1ee9a tu\\u1ed5i, mang l\\u1ea1i s\\u1ef1 tho\\u1ea3i m\\u00e1i v\\u00e0 phong c\\u00e1ch.\"}',5,19,4,1,1,'2025-10-08 10:08:39','2025-10-08 10:08:39',NULL),(76,'{\"en\":\"eligendi soluta\",\"vi\":\"\\u00c1o len cao c\\u1ea5p\"}','{\"en\":\"Eaque nisi quibusdam fuga sapiente aut laboriosam similique. Labore sunt nihil ratione corrupti. Ut rerum sed et voluptates nihil soluta. Beatae assumenda atque et provident sed.\",\"vi\":\"S\\u1ea3n ph\\u1ea9m ch\\u1ea5t l\\u01b0\\u1ee3ng cao, \\u0111\\u01b0\\u1ee3c thi\\u1ebft k\\u1ebf v\\u1edbi phong c\\u00e1ch hi\\u1ec7n \\u0111\\u1ea1i v\\u00e0 ti\\u1ec7n d\\u1ee5ng.\"}',11,2,13,2,1,'2025-10-08 10:08:39','2025-10-08 10:08:39',NULL),(77,'{\"en\":\"quod impedit\",\"vi\":\"V\\u00e1y \\u0111\\u1ea7m th\\u1eddi trang\"}','{\"en\":\"Qui sit et expedita dignissimos soluta. Qui pariatur vitae expedita distinctio voluptatem sit. Qui assumenda omnis totam recusandae.\",\"vi\":\"Ph\\u00f9 h\\u1ee3p cho m\\u1ecdi l\\u1ee9a tu\\u1ed5i, mang l\\u1ea1i s\\u1ef1 tho\\u1ea3i m\\u00e1i v\\u00e0 phong c\\u00e1ch.\"}',24,20,14,1,1,'2025-10-08 10:08:39','2025-10-08 10:08:39',NULL),(78,'{\"en\":\"autem quo\",\"vi\":\"\\u00c1o len ch\\u1ea5t l\\u01b0\\u1ee3ng\"}','{\"en\":\"Quos in occaecati reiciendis ab autem. Et ab vel quaerat ut nam. Expedita voluptatem assumenda minima alias. Est aliquam et nihil voluptas occaecati.\",\"vi\":\"S\\u1ea3n ph\\u1ea9m \\u0111\\u01b0\\u1ee3c ki\\u1ec3m tra ch\\u1ea5t l\\u01b0\\u1ee3ng nghi\\u00eam ng\\u1eb7t tr\\u01b0\\u1edbc khi \\u0111\\u1ebfn tay kh\\u00e1ch h\\u00e0ng.\"}',17,8,15,3,1,'2025-10-08 10:08:39','2025-10-08 10:08:39',NULL),(79,'{\"en\":\"natus quae\",\"vi\":\"\\u00c1o kho\\u00e1c ch\\u1ea5t l\\u01b0\\u1ee3ng\"}','{\"en\":\"Dolor quod error consequatur non optio voluptatem. Exercitationem amet sit neque distinctio autem vel. Voluptas possimus temporibus perspiciatis eum voluptatem. Possimus dolor placeat sit eos consequuntur nisi.\",\"vi\":\"Ph\\u00f9 h\\u1ee3p cho m\\u1ecdi l\\u1ee9a tu\\u1ed5i, mang l\\u1ea1i s\\u1ef1 tho\\u1ea3i m\\u00e1i v\\u00e0 phong c\\u00e1ch.\"}',17,17,20,3,1,'2025-10-08 10:08:39','2025-10-08 10:08:39',NULL),(80,'{\"en\":\"corrupti quasi\",\"vi\":\"Gi\\u00e0y boot th\\u1eddi trang\"}','{\"en\":\"Et nisi accusamus necessitatibus provident occaecati. Rem numquam eaque eius aut. Omnis aliquam quo illum.\",\"vi\":\"Ph\\u00f9 h\\u1ee3p cho m\\u1ecdi l\\u1ee9a tu\\u1ed5i, mang l\\u1ea1i s\\u1ef1 tho\\u1ea3i m\\u00e1i v\\u00e0 phong c\\u00e1ch.\"}',14,20,2,3,1,'2025-10-08 10:08:39','2025-10-08 10:08:39',NULL),(81,'{\"en\":\"expedita qui\",\"vi\":\"V\\u00e1y \\u0111\\u1ea7m ti\\u1ec7n d\\u1ee5ng\"}','{\"en\":\"Sunt vel vitae voluptatem fugiat est autem repellat. Facere quam impedit veritatis repudiandae deleniti.\",\"vi\":\"Ph\\u00f9 h\\u1ee3p cho m\\u1ecdi l\\u1ee9a tu\\u1ed5i, mang l\\u1ea1i s\\u1ef1 tho\\u1ea3i m\\u00e1i v\\u00e0 phong c\\u00e1ch.\"}',3,18,13,2,1,'2025-10-08 10:08:39','2025-10-08 10:08:39',NULL),(82,'{\"en\":\"nemo quos\",\"vi\":\"M\\u00e1y t\\u00ednh hi\\u1ec7n \\u0111\\u1ea1i\"}','{\"en\":\"Maiores error placeat illum sunt quibusdam impedit quia. Sint eos vel dolor aut aut.\",\"vi\":\"\\u0110\\u01b0\\u1ee3c l\\u00e0m t\\u1eeb ch\\u1ea5t li\\u1ec7u cao c\\u1ea5p, \\u0111\\u1ea3m b\\u1ea3o \\u0111\\u1ed9 b\\u1ec1n v\\u00e0 t\\u00ednh th\\u1ea9m m\\u1ef9.\"}',21,12,21,1,1,'2025-10-08 10:08:39','2025-10-08 10:08:39',NULL),(83,'{\"en\":\"et natus\",\"vi\":\"Tai nghe cao c\\u1ea5p\"}','{\"en\":\"Rem cupiditate nihil sed voluptatibus quam est itaque. Veritatis vero atque commodi. Aperiam aut animi nostrum dolor optio.\",\"vi\":\"Ph\\u00f9 h\\u1ee3p cho m\\u1ecdi l\\u1ee9a tu\\u1ed5i, mang l\\u1ea1i s\\u1ef1 tho\\u1ea3i m\\u00e1i v\\u00e0 phong c\\u00e1ch.\"}',25,16,14,3,1,'2025-10-08 10:08:39','2025-10-08 10:08:39',NULL),(84,'{\"en\":\"quis eligendi\",\"vi\":\"Tai nghe ch\\u1ea5t l\\u01b0\\u1ee3ng\"}','{\"en\":\"Quae magni est dolore voluptatem in odio quo. Ipsam in laborum fugiat sunt.\",\"vi\":\"Ph\\u00f9 h\\u1ee3p cho m\\u1ecdi l\\u1ee9a tu\\u1ed5i, mang l\\u1ea1i s\\u1ef1 tho\\u1ea3i m\\u00e1i v\\u00e0 phong c\\u00e1ch.\"}',16,6,9,2,1,'2025-10-08 10:08:39','2025-10-08 10:08:39',NULL),(85,'{\"en\":\"est dolorum\",\"vi\":\"Qu\\u1ea7n jeans th\\u1eddi trang\"}','{\"en\":\"Et quos aut facilis. Deserunt rem itaque reprehenderit eaque et sed. Dicta voluptas dolorum dolorem nostrum vitae nihil eligendi. Ut sint corrupti libero voluptatem.\",\"vi\":\"S\\u1ea3n ph\\u1ea9m \\u0111\\u01b0\\u1ee3c ki\\u1ec3m tra ch\\u1ea5t l\\u01b0\\u1ee3ng nghi\\u00eam ng\\u1eb7t tr\\u01b0\\u1edbc khi \\u0111\\u1ebfn tay kh\\u00e1ch h\\u00e0ng.\"}',2,11,2,1,1,'2025-10-08 10:08:39','2025-10-08 10:08:39',NULL),(86,'{\"en\":\"sed autem\",\"vi\":\"\\u0110\\u1ed3ng h\\u1ed3 hi\\u1ec7n \\u0111\\u1ea1i\"}','{\"en\":\"Voluptatibus rerum maxime quo dicta aut aut alias. Aut earum facere debitis. Occaecati qui ad alias perferendis ratione quia. Quam fugiat perspiciatis fugit aperiam repudiandae.\",\"vi\":\"\\u0110\\u01b0\\u1ee3c l\\u00e0m t\\u1eeb ch\\u1ea5t li\\u1ec7u cao c\\u1ea5p, \\u0111\\u1ea3m b\\u1ea3o \\u0111\\u1ed9 b\\u1ec1n v\\u00e0 t\\u00ednh th\\u1ea9m m\\u1ef9.\"}',26,8,20,1,1,'2025-10-08 10:08:39','2025-10-08 10:08:39',NULL),(87,'{\"en\":\"dolore similique\",\"vi\":\"Gi\\u00e0y th\\u1ec3 thao ch\\u1ea5t l\\u01b0\\u1ee3ng\"}','{\"en\":\"Hic consectetur dolore magnam minima corrupti rem officiis neque. Ut soluta omnis aliquam hic quia. Architecto officia nesciunt voluptatibus blanditiis nihil.\",\"vi\":\"\\u0110\\u01b0\\u1ee3c l\\u00e0m t\\u1eeb ch\\u1ea5t li\\u1ec7u cao c\\u1ea5p, \\u0111\\u1ea3m b\\u1ea3o \\u0111\\u1ed9 b\\u1ec1n v\\u00e0 t\\u00ednh th\\u1ea9m m\\u1ef9.\"}',20,16,2,3,1,'2025-10-08 10:08:39','2025-10-08 10:08:39',NULL),(88,'{\"en\":\"harum rerum\",\"vi\":\"\\u00c1o s\\u01a1 mi th\\u1eddi trang\"}','{\"en\":\"Officia voluptatem impedit consectetur provident eius odio odit impedit. Nisi odit quae doloribus aut et. Quia magnam qui nihil exercitationem.\",\"vi\":\"Thi\\u1ebft k\\u1ebf \\u0111\\u1ed9c \\u0111\\u00e1o, m\\u00e0u s\\u1eafc \\u0111a d\\u1ea1ng, ph\\u00f9 h\\u1ee3p v\\u1edbi xu h\\u01b0\\u1edbng th\\u1eddi trang.\"}',12,9,7,2,1,'2025-10-08 10:08:39','2025-10-08 10:08:39',NULL),(89,'{\"en\":\"beatae velit\",\"vi\":\"Balo sang tr\\u1ecdng\"}','{\"en\":\"Molestiae laudantium non explicabo quidem non commodi eos est. Quod sit sit aliquam. At aperiam sint omnis cupiditate adipisci nihil.\",\"vi\":\"Ph\\u00f9 h\\u1ee3p cho m\\u1ecdi l\\u1ee9a tu\\u1ed5i, mang l\\u1ea1i s\\u1ef1 tho\\u1ea3i m\\u00e1i v\\u00e0 phong c\\u00e1ch.\"}',21,12,21,2,1,'2025-10-08 10:08:39','2025-10-08 10:08:39',NULL),(90,'{\"en\":\"nobis iure\",\"vi\":\"\\u00c1o kho\\u00e1c cao c\\u1ea5p\"}','{\"en\":\"Laudantium nemo ut qui voluptatem aut aut. Facilis aliquam est quod. Est sit voluptatem nemo repudiandae nihil fuga ipsam fugiat. Veniam dicta et voluptatem. Adipisci numquam quam sed ullam beatae.\",\"vi\":\"Thi\\u1ebft k\\u1ebf \\u0111\\u1ed9c \\u0111\\u00e1o, m\\u00e0u s\\u1eafc \\u0111a d\\u1ea1ng, ph\\u00f9 h\\u1ee3p v\\u1edbi xu h\\u01b0\\u1edbng th\\u1eddi trang.\"}',21,7,15,2,1,'2025-10-08 10:08:39','2025-10-08 10:08:39',NULL),(91,'{\"en\":\"vero blanditiis\",\"vi\":\"\\u00c1o s\\u01a1 mi cao c\\u1ea5p\"}','{\"en\":\"Soluta neque autem nemo ipsam facilis. Enim perspiciatis quibusdam qui mollitia inventore beatae. Ut in facilis consequatur eum maxime eligendi magnam. Delectus est expedita mollitia quos necessitatibus at.\",\"vi\":\"Ph\\u00f9 h\\u1ee3p cho m\\u1ecdi l\\u1ee9a tu\\u1ed5i, mang l\\u1ea1i s\\u1ef1 tho\\u1ea3i m\\u00e1i v\\u00e0 phong c\\u00e1ch.\"}',16,23,4,1,1,'2025-10-08 10:08:39','2025-10-08 10:08:39',NULL),(92,'{\"en\":\"neque molestiae\",\"vi\":\"K\\u00ednh m\\u00e1t ti\\u1ec7n d\\u1ee5ng\"}','{\"en\":\"Dolores nostrum ad voluptas temporibus id et quisquam non. Non ipsum est eum dignissimos beatae maiores. Et eaque suscipit nihil ab. Quis eligendi velit at.\",\"vi\":\"S\\u1ea3n ph\\u1ea9m \\u0111\\u01b0\\u1ee3c ki\\u1ec3m tra ch\\u1ea5t l\\u01b0\\u1ee3ng nghi\\u00eam ng\\u1eb7t tr\\u01b0\\u1edbc khi \\u0111\\u1ebfn tay kh\\u00e1ch h\\u00e0ng.\"}',25,13,15,2,1,'2025-10-08 10:08:39','2025-10-08 10:08:39',NULL),(93,'{\"en\":\"id architecto\",\"vi\":\"\\u00c1o kho\\u00e1c cao c\\u1ea5p\"}','{\"en\":\"Sit vitae et sed consequuntur quis aut. Laborum magni voluptas pariatur totam aut ut. Et est voluptas quis rerum accusamus quod eveniet. Inventore sed et ut eaque blanditiis odio dolores.\",\"vi\":\"Thi\\u1ebft k\\u1ebf \\u0111\\u1ed9c \\u0111\\u00e1o, m\\u00e0u s\\u1eafc \\u0111a d\\u1ea1ng, ph\\u00f9 h\\u1ee3p v\\u1edbi xu h\\u01b0\\u1edbng th\\u1eddi trang.\"}',9,14,13,1,1,'2025-10-08 10:08:39','2025-10-08 10:08:39',NULL),(94,'{\"en\":\"temporibus dolor\",\"vi\":\"V\\u00ed da hi\\u1ec7n \\u0111\\u1ea1i\"}','{\"en\":\"Quam dolorum magni porro commodi a eaque. Aliquid ut fugit facilis magni. Illum rerum perspiciatis et. Eos ullam cum tempore alias cum suscipit sapiente. Repudiandae quo occaecati necessitatibus velit placeat voluptas.\",\"vi\":\"\\u0110\\u01b0\\u1ee3c l\\u00e0m t\\u1eeb ch\\u1ea5t li\\u1ec7u cao c\\u1ea5p, \\u0111\\u1ea3m b\\u1ea3o \\u0111\\u1ed9 b\\u1ec1n v\\u00e0 t\\u00ednh th\\u1ea9m m\\u1ef9.\"}',12,21,5,1,1,'2025-10-08 10:08:39','2025-10-08 10:08:39',NULL),(95,'{\"en\":\"consequatur eos\",\"vi\":\"K\\u00ednh m\\u00e1t ti\\u1ec7n d\\u1ee5ng\"}','{\"en\":\"Sunt iste quia velit numquam sunt. Perferendis ab corrupti velit est dolores non molestias. Est ipsam nisi laudantium ea nihil rerum aut. Laudantium beatae non modi qui quam reiciendis labore ipsa. Dolores vel libero ducimus autem.\",\"vi\":\"Ph\\u00f9 h\\u1ee3p cho m\\u1ecdi l\\u1ee9a tu\\u1ed5i, mang l\\u1ea1i s\\u1ef1 tho\\u1ea3i m\\u00e1i v\\u00e0 phong c\\u00e1ch.\"}',21,17,4,3,1,'2025-10-08 10:08:39','2025-10-08 10:08:39',NULL),(96,'{\"en\":\"cum sunt\",\"vi\":\"V\\u00ed da ch\\u1ea5t l\\u01b0\\u1ee3ng\"}','{\"en\":\"Possimus architecto vel rerum laboriosam. Et omnis est voluptatibus occaecati aliquam unde non provident. Nihil illo sed sunt dignissimos omnis. Quasi dolorum tempore eos qui ad ut laborum.\",\"vi\":\"S\\u1ea3n ph\\u1ea9m \\u0111\\u01b0\\u1ee3c ki\\u1ec3m tra ch\\u1ea5t l\\u01b0\\u1ee3ng nghi\\u00eam ng\\u1eb7t tr\\u01b0\\u1edbc khi \\u0111\\u1ebfn tay kh\\u00e1ch h\\u00e0ng.\"}',25,10,6,3,1,'2025-10-08 10:08:39','2025-10-08 10:08:39',NULL),(97,'{\"en\":\"architecto dolor\",\"vi\":\"\\u00c1o s\\u01a1 mi cao c\\u1ea5p\"}','{\"en\":\"Libero earum omnis eum voluptatum et officiis voluptatem. Accusamus blanditiis voluptatibus aliquid aut id quia. Autem qui placeat dolores.\",\"vi\":\"Thi\\u1ebft k\\u1ebf \\u0111\\u1ed9c \\u0111\\u00e1o, m\\u00e0u s\\u1eafc \\u0111a d\\u1ea1ng, ph\\u00f9 h\\u1ee3p v\\u1edbi xu h\\u01b0\\u1edbng th\\u1eddi trang.\"}',17,14,15,1,1,'2025-10-08 10:08:39','2025-10-08 10:08:39',NULL),(98,'{\"en\":\"quisquam facilis\",\"vi\":\"Gi\\u00e0y th\\u1ec3 thao ch\\u1ea5t l\\u01b0\\u1ee3ng\"}','{\"en\":\"Ratione cum et natus necessitatibus perferendis et nisi qui. Est et voluptatem voluptas iusto sit quaerat vel id. Veniam dicta et voluptates modi quasi.\",\"vi\":\"Ph\\u00f9 h\\u1ee3p cho m\\u1ecdi l\\u1ee9a tu\\u1ed5i, mang l\\u1ea1i s\\u1ef1 tho\\u1ea3i m\\u00e1i v\\u00e0 phong c\\u00e1ch.\"}',5,19,6,3,1,'2025-10-08 10:08:39','2025-10-08 10:08:39',NULL),(99,'{\"en\":\"quam dolorem\",\"vi\":\"M\\u00e1y t\\u00ednh sang tr\\u1ecdng\"}','{\"en\":\"Velit incidunt dolorem nostrum laboriosam voluptatem voluptas. Aut necessitatibus omnis dolore non molestiae mollitia officiis vel. Eius sed dolorem voluptas occaecati.\",\"vi\":\"Thi\\u1ebft k\\u1ebf \\u0111\\u1ed9c \\u0111\\u00e1o, m\\u00e0u s\\u1eafc \\u0111a d\\u1ea1ng, ph\\u00f9 h\\u1ee3p v\\u1edbi xu h\\u01b0\\u1edbng th\\u1eddi trang.\"}',17,23,3,2,1,'2025-10-08 10:08:39','2025-10-08 10:08:39',NULL),(100,'{\"en\":\"omnis assumenda\",\"vi\":\"\\u0110i\\u1ec7n tho\\u1ea1i hi\\u1ec7n \\u0111\\u1ea1i\"}','{\"en\":\"Magnam sapiente optio soluta est. Sapiente animi non inventore autem. Debitis recusandae ut omnis earum recusandae hic odit sed.\",\"vi\":\"Ph\\u00f9 h\\u1ee3p cho m\\u1ecdi l\\u1ee9a tu\\u1ed5i, mang l\\u1ea1i s\\u1ef1 tho\\u1ea3i m\\u00e1i v\\u00e0 phong c\\u00e1ch.\"}',14,1,8,3,1,'2025-10-08 10:08:39','2025-10-08 10:08:39',NULL);
/*!40000 ALTER TABLE `products` ENABLE KEYS */;
UNLOCK TABLES;

--
-- Table structure for table `promotion_codes`
--

DROP TABLE IF EXISTS `promotion_codes`;
/*!40101 SET @saved_cs_client     = @@character_set_client */;
/*!50503 SET character_set_client = utf8mb4 */;
CREATE TABLE `promotion_codes` (
  `promotion_code_id` bigint(20) unsigned NOT NULL AUTO_INCREMENT,
  `promotion_id` bigint(20) unsigned NOT NULL,
  `code` varchar(50) NOT NULL,
  `usage_limit` int(11) DEFAULT NULL,
  `used_count` int(11) NOT NULL DEFAULT 0,
  `is_active` tinyint(1) NOT NULL DEFAULT 1,
  `created_at` timestamp NULL DEFAULT NULL,
  `updated_at` timestamp NULL DEFAULT NULL,
  PRIMARY KEY (`promotion_code_id`),
  UNIQUE KEY `promotion_codes_code_unique` (`code`),
  KEY `promotion_codes_promotion_id_foreign` (`promotion_id`),
  CONSTRAINT `promotion_codes_promotion_id_foreign` FOREIGN KEY (`promotion_id`) REFERENCES `promotions` (`promotion_id`) ON DELETE CASCADE
) ENGINE=InnoDB AUTO_INCREMENT=51 DEFAULT CHARSET=utf8mb4 COLLATE=utf8mb4_unicode_ci;
/*!40101 SET character_set_client = @saved_cs_client */;

--
-- Dumping data for table `promotion_codes`
--

LOCK TABLES `promotion_codes` WRITE;
/*!40000 ALTER TABLE `promotion_codes` DISABLE KEYS */;
INSERT INTO `promotion_codes` VALUES (1,11,'MIPWONLZ',3,0,1,'2025-10-08 10:08:43','2025-10-08 10:08:43'),(2,11,'KBF9BK8S',1,0,1,'2025-10-08 10:08:43','2025-10-08 10:08:43'),(3,11,'MQSPCUJL',4,0,1,'2025-10-08 10:08:43','2025-10-08 10:08:43'),(4,11,'Z4LIAOJA',2,0,1,'2025-10-08 10:08:43','2025-10-08 10:08:43'),(5,11,'SHUUYQMJ',5,0,1,'2025-10-08 10:08:43','2025-10-08 10:08:43'),(6,11,'PM6OPWGQ',1,0,1,'2025-10-08 10:08:43','2025-10-08 10:08:43'),(7,11,'QG7JMD8S',4,0,1,'2025-10-08 10:08:43','2025-10-08 10:08:43'),(8,11,'HMROQ1FK',3,0,1,'2025-10-08 10:08:43','2025-10-08 10:08:43'),(9,11,'MUMOB5IL',1,0,1,'2025-10-08 10:08:43','2025-10-08 10:08:43'),(10,11,'Z0US5WCZ',3,0,1,'2025-10-08 10:08:43','2025-10-08 10:08:43'),(11,12,'IJLLMVQ0',5,0,1,'2025-10-08 10:08:43','2025-10-08 10:08:43'),(12,12,'URERYGKX',4,0,1,'2025-10-08 10:08:43','2025-10-08 10:08:43'),(13,12,'YQIYOKNR',5,0,1,'2025-10-08 10:08:43','2025-10-08 10:08:43'),(14,12,'KCSD7XD2',1,0,1,'2025-10-08 10:08:43','2025-10-08 10:08:43'),(15,12,'UD7AESZ2',3,0,1,'2025-10-08 10:08:43','2025-10-08 10:08:43'),(16,12,'KJI0ZBWA',4,0,1,'2025-10-08 10:08:43','2025-10-08 10:08:43'),(17,12,'R7UMGTVD',2,0,1,'2025-10-08 10:08:43','2025-10-08 10:08:43'),(18,12,'YJAL7UOY',1,0,1,'2025-10-08 10:08:43','2025-10-08 10:08:43'),(19,12,'GXK8IAS8',3,0,1,'2025-10-08 10:08:43','2025-10-08 10:08:43'),(20,12,'RJAVUBVC',5,0,1,'2025-10-08 10:08:43','2025-10-08 10:08:43'),(21,13,'7RTONTO9',5,0,1,'2025-10-08 10:08:43','2025-10-08 10:08:43'),(22,13,'NXNNF6LU',4,0,1,'2025-10-08 10:08:43','2025-10-08 10:08:43'),(23,13,'NIXSPEVO',1,0,1,'2025-10-08 10:08:43','2025-10-08 10:08:43'),(24,13,'KITP1T30',2,0,1,'2025-10-08 10:08:43','2025-10-08 10:08:43'),(25,13,'EVKJICCH',3,0,1,'2025-10-08 10:08:43','2025-10-08 10:08:43'),(26,13,'BHMVFZEU',1,0,1,'2025-10-08 10:08:43','2025-10-08 10:08:43'),(27,13,'LF8YYRT0',4,0,1,'2025-10-08 10:08:43','2025-10-08 10:08:43'),(28,13,'UC0HUNQ8',1,0,1,'2025-10-08 10:08:43','2025-10-08 10:08:43'),(29,13,'662XN07W',1,0,1,'2025-10-08 10:08:43','2025-10-08 10:08:43'),(30,13,'VIRMXV0L',2,0,1,'2025-10-08 10:08:43','2025-10-08 10:08:43'),(31,14,'Z8XPKG62',3,0,1,'2025-10-08 10:08:43','2025-10-08 10:08:43'),(32,14,'QNAOESFE',5,0,1,'2025-10-08 10:08:43','2025-10-08 10:08:43'),(33,14,'RGYKKHAX',5,0,1,'2025-10-08 10:08:43','2025-10-08 10:08:43'),(34,14,'NRKP12RR',5,0,1,'2025-10-08 10:08:43','2025-10-08 10:08:43'),(35,14,'CL0JXPLZ',2,0,1,'2025-10-08 10:08:43','2025-10-08 10:08:43'),(36,14,'OHO0DL39',2,0,1,'2025-10-08 10:08:43','2025-10-08 10:08:43'),(37,14,'U1KI4DBV',1,0,1,'2025-10-08 10:08:43','2025-10-08 10:08:43'),(38,14,'GYDMLD3V',3,0,1,'2025-10-08 10:08:43','2025-10-08 10:08:43'),(39,14,'9O584EXO',1,0,1,'2025-10-08 10:08:43','2025-10-08 10:08:43'),(40,14,'GWOUUC9Y',1,0,1,'2025-10-08 10:08:43','2025-10-08 10:08:43'),(41,15,'YVABMV6D',3,0,1,'2025-10-08 10:08:43','2025-10-08 10:08:43'),(42,15,'4SUMBARY',4,0,1,'2025-10-08 10:08:43','2025-10-08 10:08:43'),(43,15,'TOF50WK5',1,0,1,'2025-10-08 10:08:43','2025-10-08 10:08:43'),(44,15,'HTAJPJV5',5,0,1,'2025-10-08 10:08:43','2025-10-08 10:08:43'),(45,15,'9HY1RK3D',1,0,1,'2025-10-08 10:08:43','2025-10-08 10:08:43'),(46,15,'GXVRWHCG',3,0,1,'2025-10-08 10:08:43','2025-10-08 10:08:43'),(47,15,'WG5ZCXBH',2,0,1,'2025-10-08 10:08:43','2025-10-08 10:08:43'),(48,15,'ATBDYFDL',4,0,1,'2025-10-08 10:08:43','2025-10-08 10:08:43'),(49,15,'OYKBOV77',3,0,1,'2025-10-08 10:08:43','2025-10-08 10:08:43'),(50,15,'VE41BRAX',1,0,1,'2025-10-08 10:08:43','2025-10-08 10:08:43');
/*!40000 ALTER TABLE `promotion_codes` ENABLE KEYS */;
UNLOCK TABLES;

--
-- Table structure for table `promotions`
--

DROP TABLE IF EXISTS `promotions`;
/*!40101 SET @saved_cs_client     = @@character_set_client */;
/*!50503 SET character_set_client = utf8mb4 */;
CREATE TABLE `promotions` (
  `promotion_id` bigint(20) unsigned NOT NULL AUTO_INCREMENT,
  `name` varchar(200) NOT NULL,
  `description` text DEFAULT NULL,
  `type` tinyint(4) NOT NULL COMMENT '1: Percentage, 2: Fixed Amount',
  `value` decimal(18,2) NOT NULL,
  `min_order_amount` decimal(18,2) DEFAULT NULL,
  `max_discount_amount` decimal(18,2) DEFAULT NULL,
  `start_date` timestamp NOT NULL DEFAULT current_timestamp(),
  `end_date` timestamp NOT NULL DEFAULT current_timestamp(),
  `usage_limit` int(11) DEFAULT NULL,
  `used_count` int(11) NOT NULL DEFAULT 0,
  `is_active` tinyint(1) NOT NULL DEFAULT 1,
  `created_at` timestamp NULL DEFAULT NULL,
  `updated_at` timestamp NULL DEFAULT NULL,
  `deleted_at` timestamp NULL DEFAULT NULL,
  PRIMARY KEY (`promotion_id`)
) ENGINE=InnoDB AUTO_INCREMENT=16 DEFAULT CHARSET=utf8mb4 COLLATE=utf8mb4_unicode_ci;
/*!40101 SET character_set_client = @saved_cs_client */;

--
-- Dumping data for table `promotions`
--

LOCK TABLES `promotions` WRITE;
/*!40000 ALTER TABLE `promotions` DISABLE KEYS */;
INSERT INTO `promotions` VALUES (1,'Khuyến mãi rerum asperiores voluptatem','Esse ut culpa ut aliquid commodi sint.',2,179458.00,200000.00,179458.00,'2025-10-06 10:08:43','2025-10-24 10:08:43',100,0,1,'2025-10-08 10:08:43','2025-10-08 10:08:43',NULL),(2,'Khuyến mãi temporibus voluptas cupiditate','Delectus odio saepe voluptate sit animi labore.',1,5.00,NULL,40488.00,'2025-10-06 10:08:43','2025-11-20 10:08:43',NULL,0,1,'2025-10-08 10:08:43','2025-10-08 10:08:43',NULL),(3,'Khuyến mãi aliquam ut impedit','Omnis consectetur est vero hic veritatis aut.',2,193759.00,50000.00,193759.00,'2025-09-28 10:08:43','2025-10-25 10:08:43',200,0,1,'2025-10-08 10:08:43','2025-10-08 10:08:43',NULL),(4,'Khuyến mãi quia suscipit quos','Et aut perspiciatis facilis est voluptatem optio.',2,107257.00,NULL,107257.00,'2025-10-03 10:08:43','2025-11-06 10:08:43',100,0,1,'2025-10-08 10:08:43','2025-10-08 10:08:43',NULL),(5,'Khuyến mãi illum delectus labore','Suscipit ut quidem voluptas.',1,6.00,200000.00,54257.00,'2025-10-06 10:08:43','2025-11-03 10:08:43',100,0,1,'2025-10-08 10:08:43','2025-10-08 10:08:43',NULL),(6,'Khuyến mãi explicabo nisi et','Laborum dolorem quis numquam possimus sed ipsa voluptatem.',2,61628.00,200000.00,61628.00,'2025-09-28 10:08:43','2025-11-11 10:08:43',100,0,1,'2025-10-08 10:08:43','2025-10-08 10:08:43',NULL),(7,'Khuyến mãi aut voluptatem dolorum','Illo et ut excepturi eius.',1,5.00,200000.00,99218.00,'2025-10-02 10:08:43','2025-11-22 10:08:43',NULL,0,1,'2025-10-08 10:08:43','2025-10-08 10:08:43',NULL),(8,'Khuyến mãi impedit sed et','Deserunt voluptatibus nihil inventore cumque.',1,41.00,100000.00,91215.00,'2025-10-01 10:08:43','2025-11-14 10:08:43',NULL,0,1,'2025-10-08 10:08:43','2025-10-08 10:08:43',NULL),(9,'Khuyến mãi autem aliquam ut','Sed aspernatur aut dolore vero sint ut esse.',2,127020.00,50000.00,127020.00,'2025-09-29 10:08:43','2025-11-29 10:08:43',200,0,1,'2025-10-08 10:08:43','2025-10-08 10:08:43',NULL),(10,'Khuyến mãi sit provident nostrum','Ipsum debitis et consequatur non eius.',2,153210.00,NULL,153210.00,'2025-10-05 10:08:43','2025-11-22 10:08:43',NULL,0,1,'2025-10-08 10:08:43','2025-10-08 10:08:43',NULL),(11,'Khuyến mãi odit consequatur voluptas','Possimus quod voluptatum dolores voluptatem.',2,53044.00,100000.00,53044.00,'2025-09-30 10:08:43','2025-11-02 10:08:43',NULL,0,1,'2025-10-08 10:08:43','2025-10-08 10:08:43',NULL),(12,'Khuyến mãi vitae nobis expedita','Et odio quo aut eos.',1,5.00,200000.00,33120.00,'2025-10-06 10:08:43','2025-11-01 10:08:43',200,0,1,'2025-10-08 10:08:43','2025-10-08 10:08:43',NULL),(13,'Khuyến mãi autem sunt accusantium','In laborum recusandae doloremque et molestias qui est qui.',1,48.00,NULL,44512.00,'2025-10-02 10:08:43','2025-12-05 10:08:43',500,0,1,'2025-10-08 10:08:43','2025-10-08 10:08:43',NULL),(14,'Khuyến mãi saepe modi aut','Sed soluta ea aut impedit quas rerum.',1,21.00,200000.00,88513.00,'2025-09-30 10:08:43','2025-11-16 10:08:43',100,0,1,'2025-10-08 10:08:43','2025-10-08 10:08:43',NULL),(15,'Khuyến mãi id est fugit','Perferendis quia est id ipsum asperiores iste.',2,106115.00,100000.00,106115.00,'2025-09-30 10:08:43','2025-11-08 10:08:43',100,0,1,'2025-10-08 10:08:43','2025-10-08 10:08:43',NULL);
/*!40000 ALTER TABLE `promotions` ENABLE KEYS */;
UNLOCK TABLES;

--
-- Table structure for table `return_items`
--

DROP TABLE IF EXISTS `return_items`;
/*!40101 SET @saved_cs_client     = @@character_set_client */;
/*!50503 SET character_set_client = utf8mb4 */;
CREATE TABLE `return_items` (
  `return_item_id` bigint(20) unsigned NOT NULL AUTO_INCREMENT,
  `return_id` bigint(20) unsigned NOT NULL,
  `variant_id` bigint(20) unsigned NOT NULL,
  `quantity` int(11) NOT NULL,
  `unit_price` decimal(15,2) NOT NULL,
  `total_price` decimal(15,2) NOT NULL,
  `reason` varchar(255) DEFAULT NULL,
  PRIMARY KEY (`return_item_id`),
  KEY `return_items_return_id_foreign` (`return_id`),
  KEY `return_items_variant_id_foreign` (`variant_id`),
  CONSTRAINT `return_items_return_id_foreign` FOREIGN KEY (`return_id`) REFERENCES `returns` (`return_id`) ON DELETE CASCADE,
  CONSTRAINT `return_items_variant_id_foreign` FOREIGN KEY (`variant_id`) REFERENCES `product_variants` (`variant_id`) ON DELETE CASCADE
) ENGINE=InnoDB DEFAULT CHARSET=utf8mb4 COLLATE=utf8mb4_unicode_ci;
/*!40101 SET character_set_client = @saved_cs_client */;

--
-- Dumping data for table `return_items`
--

LOCK TABLES `return_items` WRITE;
/*!40000 ALTER TABLE `return_items` DISABLE KEYS */;
/*!40000 ALTER TABLE `return_items` ENABLE KEYS */;
UNLOCK TABLES;

--
-- Table structure for table `returns`
--

DROP TABLE IF EXISTS `returns`;
/*!40101 SET @saved_cs_client     = @@character_set_client */;
/*!50503 SET character_set_client = utf8mb4 */;
CREATE TABLE `returns` (
  `return_id` bigint(20) unsigned NOT NULL AUTO_INCREMENT,
  `order_id` bigint(20) unsigned NOT NULL,
  `customer_id` bigint(20) unsigned NOT NULL,
  `return_number` varchar(255) NOT NULL,
  `reason` tinyint(3) unsigned NOT NULL COMMENT 'Lý do trả hàng, ví dụ: 1: Sản phẩm lỗi, 2: Sai sản phẩm...',
  `description` text DEFAULT NULL,
  `status` tinyint(3) unsigned NOT NULL DEFAULT 1 COMMENT '1: Pending, 2: Approved, 3: Rejected, 4: Refunded, 5: Exchanged',
  `refund_amount` decimal(15,2) DEFAULT NULL,
  `type` tinyint(3) unsigned NOT NULL COMMENT '1: Refund, 2: Exchange',
  `admin_note` text DEFAULT NULL,
  `processed_at` timestamp NULL DEFAULT NULL,
  `refunded_at` timestamp NULL DEFAULT NULL,
  `created_at` timestamp NULL DEFAULT NULL,
  `updated_at` timestamp NULL DEFAULT NULL,
  `deleted_at` timestamp NULL DEFAULT NULL,
  PRIMARY KEY (`return_id`),
  UNIQUE KEY `returns_return_number_unique` (`return_number`),
  KEY `returns_order_id_foreign` (`order_id`),
  KEY `returns_customer_id_foreign` (`customer_id`),
  CONSTRAINT `returns_customer_id_foreign` FOREIGN KEY (`customer_id`) REFERENCES `users` (`id`) ON DELETE CASCADE,
  CONSTRAINT `returns_order_id_foreign` FOREIGN KEY (`order_id`) REFERENCES `orders` (`order_id`) ON DELETE CASCADE
) ENGINE=InnoDB AUTO_INCREMENT=51 DEFAULT CHARSET=utf8mb4 COLLATE=utf8mb4_unicode_ci;
/*!40101 SET character_set_client = @saved_cs_client */;

--
-- Dumping data for table `returns`
--

LOCK TABLES `returns` WRITE;
/*!40000 ALTER TABLE `returns` DISABLE KEYS */;
INSERT INTO `returns` VALUES (1,188,83,'RTN-2948776',4,'Consequatur et laboriosam nihil sit eum. Voluptas cum odio ea saepe quod neque. In assumenda provident repellat est ad ratione maiores. Et aut temporibus aut provident ut perspiciatis voluptatem.',3,71243679.00,2,NULL,'2025-10-08 10:08:43',NULL,'2025-10-08 10:08:43','2025-10-08 10:08:43',NULL),(2,191,85,'RTN-90537933',3,'Error vel illum autem at id. Voluptates et perspiciatis atque cupiditate. Sed quibusdam quos asperiores commodi consequuntur. Sed sit molestiae cupiditate eum.',4,4983556.00,1,NULL,'2025-10-08 10:08:43',NULL,'2025-10-08 10:08:43','2025-10-08 10:08:43',NULL),(3,213,90,'RTN-21350171',2,'Labore est excepturi nulla tenetur voluptas ad aperiam numquam. Similique aut accusantium eius aut commodi et saepe. Eum mollitia autem impedit non exercitationem. Qui consequuntur laboriosam laudantium voluptatibus error repudiandae dolore.',4,72443238.00,2,NULL,'2025-10-08 10:08:43',NULL,'2025-10-08 10:08:43','2025-10-08 10:08:43',NULL),(4,19,27,'RTN-75396054',5,'Modi officiis vel non. Temporibus in dolore laborum labore molestiae. Atque ex dolor ad sit nostrum est.',2,20775561.00,2,NULL,'2025-10-08 10:08:43',NULL,'2025-10-08 10:08:43','2025-10-08 10:08:43',NULL),(5,174,80,'RTN-90491670',4,'Commodi aliquam architecto et aut. Aut veniam non accusantium perspiciatis. Est error ut enim commodi culpa.',3,24187992.00,1,NULL,'2025-10-08 10:08:43',NULL,'2025-10-08 10:08:43','2025-10-08 10:08:43',NULL),(6,168,78,'RTN-87028799',3,'Debitis voluptatem qui laboriosam esse hic provident rem. Adipisci quaerat voluptatem ipsa repellat eos nisi veritatis. Rem ullam aut non et nostrum neque. Id velit assumenda itaque id fugiat sint.',2,33438693.00,1,NULL,'2025-10-08 10:08:43',NULL,'2025-10-08 10:08:43','2025-10-08 10:08:43',NULL),(7,299,120,'RTN-47813380',3,'Dolorem a sed quas rerum perferendis quis. Ipsum excepturi ullam in rem ea rerum nisi. A voluptate aperiam quam.',2,127327683.00,2,NULL,'2025-10-08 10:08:43',NULL,'2025-10-08 10:08:43','2025-10-08 10:08:43',NULL),(8,230,97,'RTN-72524732',1,'Eveniet quia et est. Perspiciatis qui quia enim numquam quibusdam asperiores at omnis. Qui repellat provident et illo voluptatem eum aut.',2,22604492.00,2,NULL,'2025-10-08 10:08:43',NULL,'2025-10-08 10:08:43','2025-10-08 10:08:43',NULL),(9,132,66,'RTN-53452771',2,'Soluta fuga ipsa quaerat dolores. Illo eligendi ut qui numquam aut. Qui in dolores in dolores adipisci. Quis aut quidem quas tenetur ut aperiam voluptatem.',5,42397180.00,1,NULL,'2025-10-08 10:08:43',NULL,'2025-10-08 10:08:43','2025-10-08 10:08:43',NULL),(10,191,85,'RTN-14476108',5,'Ducimus necessitatibus et beatae aut. Quisquam id laboriosam reprehenderit aliquid. Deleniti voluptas quas architecto quos. Explicabo culpa beatae non est rerum ducimus.',2,4983556.00,1,NULL,'2025-10-08 10:08:43',NULL,'2025-10-08 10:08:43','2025-10-08 10:08:43',NULL),(11,45,38,'RTN-99509310',2,'Porro labore dolorem suscipit consectetur. Ut assumenda et cupiditate dolores quo amet iste. Illo occaecati rem dolor voluptatem quae aliquam iure. Amet qui odio ut unde voluptatibus aliquam temporibus quo.',4,14130868.00,2,NULL,'2025-10-08 10:08:43',NULL,'2025-10-08 10:08:43','2025-10-08 10:08:43',NULL),(12,174,80,'RTN-21444556',3,'Quibusdam adipisci animi sint fugiat occaecati incidunt. Aliquid est consequuntur sunt ullam culpa modi nostrum. Quaerat omnis impedit ipsum ut perferendis animi.',2,29524938.00,2,NULL,'2025-10-08 10:08:43',NULL,'2025-10-08 10:08:43','2025-10-08 10:08:43',NULL),(13,63,43,'RTN-99784049',2,'Rerum illum dolore amet soluta fugit porro. Ab non accusantium mollitia ex. Quibusdam consequatur non id et. Qui eum asperiores dignissimos consectetur dignissimos at rem.',2,34371173.00,2,NULL,'2025-10-08 10:08:43',NULL,'2025-10-08 10:08:43','2025-10-08 10:08:43',NULL),(14,186,83,'RTN-77492879',2,'Impedit non velit cum adipisci ex officia. Et nam excepturi magni soluta tempora. Numquam et aut adipisci tenetur quia ex ea tempora.',4,118171572.00,2,NULL,'2025-10-08 10:08:43',NULL,'2025-10-08 10:08:43','2025-10-08 10:08:43',NULL),(15,258,105,'RTN-40553412',3,'Ut dolore itaque doloribus et debitis aliquid. Laborum molestiae et officia ex magni. A blanditiis vero dolorum quia laboriosam unde ut.',5,44225007.00,1,NULL,'2025-10-08 10:08:43',NULL,'2025-10-08 10:08:43','2025-10-08 10:08:43',NULL),(16,216,92,'RTN-3738145',5,'Dolores dicta sed saepe possimus esse. Vel similique quam molestiae voluptatem. Repudiandae odit odit aperiam neque.',5,97289667.00,2,NULL,'2025-10-08 10:08:43',NULL,'2025-10-08 10:08:43','2025-10-08 10:08:43',NULL),(17,73,46,'RTN-84231611',5,'Sed consectetur placeat omnis neque sint vel cumque. Hic modi quibusdam totam ducimus. Eveniet occaecati esse ipsa quis. Molestias molestias ad iure aperiam sit.',5,42633142.00,1,NULL,'2025-10-08 10:08:43',NULL,'2025-10-08 10:08:43','2025-10-08 10:08:43',NULL),(18,95,55,'RTN-61648830',1,'Qui placeat rerum nihil consequatur modi ut voluptas. Laudantium dignissimos et soluta dignissimos corrupti. Reprehenderit ut aperiam facere saepe. Fugit harum deleniti blanditiis quo nulla.',2,32157968.00,2,NULL,'2025-10-08 10:08:43',NULL,'2025-10-08 10:08:43','2025-10-08 10:08:43',NULL),(19,186,83,'RTN-94449528',4,'Sit eveniet molestias commodi odit accusantium voluptatem nesciunt. Iusto modi et dolorum cumque.',5,43028336.00,2,NULL,'2025-10-08 10:08:43',NULL,'2025-10-08 10:08:43','2025-10-08 10:08:43',NULL),(20,9,23,'RTN-18840421',5,'Id et blanditiis illum praesentium aliquid. Laborum alias ipsum in sit. Dolor et qui temporibus. Ea unde possimus voluptate nobis.',1,2842835.00,1,NULL,'2025-10-08 10:08:43',NULL,'2025-10-08 10:08:43','2025-10-08 10:08:43',NULL),(21,100,57,'RTN-91873028',2,'Laudantium hic sed quia enim. Nisi tempore qui voluptas consectetur ab distinctio. Ad quod perferendis et. Iusto iusto possimus dolor et ad.',1,93430452.00,1,NULL,'2025-10-08 10:08:43',NULL,'2025-10-08 10:08:43','2025-10-08 10:08:43',NULL),(22,73,46,'RTN-98140640',4,'Incidunt minima consequatur aut possimus voluptate qui esse. Maxime omnis consequuntur mollitia et eligendi.',3,99723032.00,1,NULL,'2025-10-08 10:08:43',NULL,'2025-10-08 10:08:43','2025-10-08 10:08:43',NULL),(23,224,94,'RTN-52232156',3,'Qui sed atque voluptas maxime illo ut. Ipsam optio non dolor saepe quod vel. Neque suscipit atque ea libero quas enim. Unde eligendi eligendi placeat illum.',5,43507770.00,1,NULL,'2025-10-08 10:08:43',NULL,'2025-10-08 10:08:43','2025-10-08 10:08:43',NULL),(24,151,71,'RTN-77744207',1,'Perspiciatis hic incidunt ea inventore blanditiis. Consequatur non sit aut laborum. Fugit ducimus non et veniam qui eius.',1,4120718.00,1,NULL,'2025-10-08 10:08:43',NULL,'2025-10-08 10:08:43','2025-10-08 10:08:43',NULL),(25,162,76,'RTN-60594178',2,'Nulla quo iusto aut iusto veniam maiores doloremque. Ipsum voluptate voluptates ut non autem.',3,2242898.00,2,NULL,'2025-10-08 10:08:43',NULL,'2025-10-08 10:08:43','2025-10-08 10:08:43',NULL),(26,246,102,'RTN-85715314',3,'Sit quaerat quas illum error id vitae esse. Eum et aperiam enim quia autem qui. Dolorem odio aperiam eos adipisci dolores assumenda. Cupiditate et voluptatem repellendus voluptate.',4,47175952.00,2,NULL,'2025-10-08 10:08:43',NULL,'2025-10-08 10:08:43','2025-10-08 10:08:43',NULL),(27,117,62,'RTN-83112072',3,'Iure exercitationem sint et dolores doloribus natus dignissimos. Enim dolorum provident neque iste qui. Illo quas repellat voluptate similique. Animi tempore iure ullam atque exercitationem rerum. Adipisci ea eum sunt necessitatibus sint assumenda.',4,85266284.00,2,NULL,'2025-10-08 10:08:43',NULL,'2025-10-08 10:08:43','2025-10-08 10:08:43',NULL),(28,40,35,'RTN-17383932',1,'Quia earum nihil molestiae ea. Quibusdam dicta est omnis qui optio architecto deserunt. Velit quaerat sequi perferendis inventore sed nemo consectetur. Repellendus expedita et error quas. Possimus quia sunt aut inventore ullam animi nam eum.',3,28140503.00,1,NULL,'2025-10-08 10:08:43',NULL,'2025-10-08 10:08:43','2025-10-08 10:08:43',NULL),(29,63,43,'RTN-95606467',1,'Aut nihil nihil animi tempora expedita voluptates. Aut eius est accusantium qui nostrum voluptate. Vel totam et omnis molestiae qui.',2,58426350.00,2,NULL,'2025-10-08 10:08:43',NULL,'2025-10-08 10:08:43','2025-10-08 10:08:43',NULL),(30,226,95,'RTN-72392505',3,'Tempore delectus omnis quae explicabo earum laborum voluptas sequi. Alias et ratione voluptatum aspernatur corrupti sint aut. Sed optio necessitatibus vel atque et quas modi. Magnam et et delectus est nihil asperiores.',1,85102906.00,2,NULL,'2025-10-08 10:08:43',NULL,'2025-10-08 10:08:43','2025-10-08 10:08:43',NULL),(31,116,61,'RTN-61122575',4,'Libero iure quisquam dignissimos magni in. Quia possimus labore iste est. Ad distinctio suscipit sequi maiores quod. At rerum dolorem velit odio dolorum.',1,27014339.00,2,NULL,'2025-10-08 10:08:43',NULL,'2025-10-08 10:08:43','2025-10-08 10:08:43',NULL),(32,6,23,'RTN-89010627',4,'Consequuntur sunt dolorem est et. Sapiente consectetur ut doloribus.',2,18904215.00,2,NULL,'2025-10-08 10:08:43',NULL,'2025-10-08 10:08:43','2025-10-08 10:08:43',NULL),(33,34,33,'RTN-85355745',3,'Magnam qui aspernatur esse eos. Atque nesciunt aut perferendis dolore in quis veniam. Ut aut nemo consequatur enim aliquid. Numquam velit qui rerum quos.',3,19137760.00,1,NULL,'2025-10-08 10:08:43',NULL,'2025-10-08 10:08:43','2025-10-08 10:08:43',NULL),(34,151,71,'RTN-27178171',5,'Aut quia blanditiis est deserunt tenetur qui placeat eius. Soluta qui est odio cumque omnis. Saepe distinctio enim corporis deserunt corporis ad sed deleniti.',2,91528454.00,1,NULL,'2025-10-08 10:08:43',NULL,'2025-10-08 10:08:43','2025-10-08 10:08:43',NULL),(35,97,56,'RTN-13700700',2,'Alias et voluptatem eum velit harum voluptatem hic nostrum. Error ullam sint nulla officia quod totam. Nobis nulla ex necessitatibus tenetur rerum.',1,127654359.00,2,NULL,'2025-10-08 10:08:43',NULL,'2025-10-08 10:08:43','2025-10-08 10:08:43',NULL),(36,6,23,'RTN-3121990',4,'Exercitationem numquam iure molestiae sit modi. Ullam assumenda aut optio exercitationem sit pariatur facere. Fugit explicabo quo facilis sit recusandae eos.',3,18904215.00,2,NULL,'2025-10-08 10:08:43',NULL,'2025-10-08 10:08:43','2025-10-08 10:08:43',NULL),(37,45,38,'RTN-17797540',3,'Odit modi modi molestiae nam rerum ea molestias. Non aperiam ea dicta. Aut amet necessitatibus molestias qui quia. Error et mollitia placeat possimus a. Commodi voluptate corporis sequi cum cum.',1,14130868.00,2,NULL,'2025-10-08 10:08:43',NULL,'2025-10-08 10:08:43','2025-10-08 10:08:43',NULL),(38,47,39,'RTN-21061048',4,'Occaecati quod eum expedita nulla. Minus labore ipsum nam pariatur. Molestias earum amet placeat blanditiis rerum debitis beatae. Omnis assumenda enim soluta et deserunt cumque repellat.',2,57862636.00,1,NULL,'2025-10-08 10:08:43',NULL,'2025-10-08 10:08:43','2025-10-08 10:08:43',NULL),(39,100,57,'RTN-6563109',4,'Vel omnis doloribus quaerat tenetur exercitationem architecto amet est. Cumque nisi beatae consequatur enim. Commodi rerum consequatur itaque autem eos voluptas. Velit dolorem non dolor perspiciatis et ducimus voluptates.',1,93430452.00,2,NULL,'2025-10-08 10:08:43',NULL,'2025-10-08 10:08:43','2025-10-08 10:08:43',NULL),(40,253,104,'RTN-79994621',2,'Consequatur soluta nemo quo ut blanditiis exercitationem dolorem. Explicabo ducimus unde neque numquam et eaque. Nulla repellendus illum explicabo rerum delectus.',3,12384816.00,2,NULL,'2025-10-08 10:08:43',NULL,'2025-10-08 10:08:43','2025-10-08 10:08:43',NULL),(41,135,67,'RTN-37608317',4,'Excepturi mollitia eaque molestiae non laboriosam totam tempora. Officia unde nihil autem aut alias. Natus et dolores architecto pariatur. Error rerum sequi velit sapiente nemo quam sapiente cupiditate.',5,18904215.00,1,NULL,'2025-10-08 10:08:43',NULL,'2025-10-08 10:08:43','2025-10-08 10:08:43',NULL),(42,151,71,'RTN-7846558',1,'Facere qui repellat commodi architecto. Labore laboriosam non autem odit molestiae velit. Odio sed similique vitae atque. Aperiam laudantium eum et perferendis.',2,4120718.00,1,NULL,'2025-10-08 10:08:43',NULL,'2025-10-08 10:08:43','2025-10-08 10:08:43',NULL),(43,30,31,'RTN-53043899',1,'Placeat nam ipsum deleniti qui in et. Ut voluptatibus et at animi omnis. Qui velit tempore quisquam natus nobis odio.',5,7444768.00,1,NULL,'2025-10-08 10:08:43',NULL,'2025-10-08 10:08:43','2025-10-08 10:08:43',NULL),(44,123,63,'RTN-52706967',2,'Similique velit nam delectus sapiente accusamus odio quos dolor. Libero molestiae dolores quisquam vel placeat. Esse et dicta est eum quasi et veniam consequatur. Et laudantium totam dicta.',1,22096362.00,2,NULL,'2025-10-08 10:08:43',NULL,'2025-10-08 10:08:43','2025-10-08 10:08:43',NULL),(45,66,44,'RTN-13934601',5,'Et porro voluptatem minima sit minus sint omnis. Commodi laboriosam consequuntur facilis asperiores nobis. Occaecati culpa perferendis delectus voluptatem.',1,64218666.00,1,NULL,'2025-10-08 10:08:43',NULL,'2025-10-08 10:08:43','2025-10-08 10:08:43',NULL),(46,200,87,'RTN-19130323',4,'Sed odio sed enim doloribus natus voluptatum ab et. Laboriosam tempore officiis illo eos quasi. Neque cupiditate facilis voluptas. Voluptates recusandae veritatis aliquid qui quaerat aut nihil. Tenetur officia itaque eveniet soluta.',2,116047146.00,1,NULL,'2025-10-08 10:08:43',NULL,'2025-10-08 10:08:43','2025-10-08 10:08:43',NULL),(47,84,52,'RTN-53938523',2,'Aut laborum consequatur non nisi. Cumque dicta impedit assumenda dolorem. Quisquam ut id excepturi mollitia corporis distinctio. Aliquid consectetur et et.',5,50138786.00,2,NULL,'2025-10-08 10:08:43',NULL,'2025-10-08 10:08:43','2025-10-08 10:08:43',NULL),(48,40,35,'RTN-1487484',4,'Amet eligendi sed veritatis earum eos recusandae voluptates. Odio maiores eveniet eveniet sit non quam omnis. Eos dolores sed placeat.',3,44540874.00,1,NULL,'2025-10-08 10:08:43',NULL,'2025-10-08 10:08:43','2025-10-08 10:08:43',NULL),(49,230,97,'RTN-57835391',4,'Animi non ratione ex rerum debitis. Pariatur unde dignissimos pariatur reprehenderit voluptatem animi vel. Velit quasi debitis expedita sint. Velit numquam ut iste amet rerum quibusdam doloribus. Nulla voluptates sint harum culpa deserunt nulla ad voluptate.',1,22604492.00,2,NULL,'2025-10-08 10:08:43',NULL,'2025-10-08 10:08:43','2025-10-08 10:08:43',NULL),(50,195,86,'RTN-15265452',2,'Omnis aut omnis fugiat pariatur vel non eum. Ratione quam cum quam esse ipsum est ducimus ut. Aut similique aut porro fuga numquam et animi. Saepe iusto consequatur a quasi.',4,87015540.00,1,NULL,'2025-10-08 10:08:43',NULL,'2025-10-08 10:08:43','2025-10-08 10:08:43',NULL);
/*!40000 ALTER TABLE `returns` ENABLE KEYS */;
UNLOCK TABLES;

--
-- Table structure for table `reviews`
--

DROP TABLE IF EXISTS `reviews`;
/*!40101 SET @saved_cs_client     = @@character_set_client */;
/*!50503 SET character_set_client = utf8mb4 */;
CREATE TABLE `reviews` (
  `review_id` bigint(20) unsigned NOT NULL AUTO_INCREMENT,
  `product_id` bigint(20) unsigned NOT NULL,
  `user_id` bigint(20) unsigned NOT NULL,
  `rating` tinyint(3) unsigned NOT NULL,
  `comment` text DEFAULT NULL,
  `is_approved` tinyint(1) NOT NULL DEFAULT 0,
  `created_at` timestamp NULL DEFAULT NULL,
  `updated_at` timestamp NULL DEFAULT NULL,
  `deleted_at` timestamp NULL DEFAULT NULL,
  PRIMARY KEY (`review_id`),
  UNIQUE KEY `reviews_product_id_user_id_unique` (`product_id`,`user_id`),
  KEY `reviews_user_id_foreign` (`user_id`),
  CONSTRAINT `reviews_product_id_foreign` FOREIGN KEY (`product_id`) REFERENCES `products` (`product_id`) ON DELETE CASCADE,
  CONSTRAINT `reviews_user_id_foreign` FOREIGN KEY (`user_id`) REFERENCES `users` (`id`) ON DELETE CASCADE
) ENGINE=InnoDB AUTO_INCREMENT=262 DEFAULT CHARSET=utf8mb4 COLLATE=utf8mb4_unicode_ci;
/*!40101 SET character_set_client = @saved_cs_client */;

--
-- Dumping data for table `reviews`
--

LOCK TABLES `reviews` WRITE;
/*!40000 ALTER TABLE `reviews` DISABLE KEYS */;
INSERT INTO `reviews` VALUES (1,2,23,3,'Autem quae culpa non autem doloribus. Eaque necessitatibus modi perferendis perferendis.',1,'2025-10-08 10:08:43','2025-10-08 10:08:43',NULL),(2,2,35,2,'Possimus ratione qui fugit aliquid distinctio consequuntur. Eos inventore voluptas et. Atque mollitia repellat voluptatum autem.',1,'2025-10-08 10:08:43','2025-10-08 10:08:43',NULL),(3,2,39,4,'Consequuntur similique saepe quidem aut. Odit ducimus mollitia quasi qui pariatur repellat. Aut cumque nesciunt repudiandae commodi sit corrupti.',1,'2025-10-08 10:08:43','2025-10-08 10:08:43',NULL),(4,2,56,2,'Iusto error quo cum. Accusamus debitis quia voluptatem nihil blanditiis.',1,'2025-10-08 10:08:43','2025-10-08 10:08:43',NULL),(5,2,61,2,'Cumque omnis modi ipsum laborum qui eveniet. A illo fugit deserunt quia laborum tenetur fuga tempore. Expedita reprehenderit deserunt sed saepe officia distinctio eos dolore. Quasi qui dolorum quo labore.',1,'2025-10-08 10:08:43','2025-10-08 10:08:43',NULL),(6,2,89,2,'Atque numquam ab blanditiis libero est nemo. Illum itaque dolorem debitis sapiente qui quibusdam. Voluptatum ab ipsam placeat veniam et quam. Voluptatem aut ut aperiam sapiente aut.',1,'2025-10-08 10:08:43','2025-10-08 10:08:43',NULL),(7,3,37,1,'Quis minima excepturi quas illo tenetur illo doloribus. Tenetur quia voluptatem odio. Accusantium molestiae dolor reprehenderit incidunt illo. Optio est qui et vero consequatur.',1,'2025-10-08 10:08:43','2025-10-08 10:08:43',NULL),(8,3,118,5,'Quidem provident aperiam assumenda et. Voluptatum possimus perspiciatis autem iusto culpa. Et fuga quae labore.',1,'2025-10-08 10:08:43','2025-10-08 10:08:43',NULL),(9,8,51,2,'Animi qui enim placeat et. Consequatur eos praesentium sit numquam iure. Rem et temporibus rerum.',1,'2025-10-08 10:08:43','2025-10-08 10:08:43',NULL),(10,8,80,4,'Possimus odit inventore ut. Est odit occaecati eligendi similique in rerum qui consequuntur. Consequatur et consectetur consequatur pariatur accusamus. Iste qui dolorem quasi rerum.',1,'2025-10-08 10:08:43','2025-10-08 10:08:43',NULL),(11,8,87,3,'Corrupti quaerat ut aliquid omnis voluptatem vitae. Natus suscipit fugit qui delectus velit. Fuga consequatur est non fuga ut sunt id.',1,'2025-10-08 10:08:43','2025-10-08 10:08:43',NULL),(12,8,90,5,'Quae et sed harum magnam provident sint ea. Et eligendi atque natus rerum natus. Facilis enim doloribus exercitationem.',1,'2025-10-08 10:08:43','2025-10-08 10:08:43',NULL),(13,8,120,2,'Aliquid excepturi ea corrupti et. Necessitatibus est non est quia architecto. Aspernatur temporibus illum nobis tempora aut ad. Laborum quaerat et dolores occaecati fuga repudiandae dolorem.',1,'2025-10-08 10:08:43','2025-10-08 10:08:43',NULL),(14,13,36,4,'Iste corrupti fuga vel aut omnis velit explicabo. Quaerat sed reiciendis eaque numquam occaecati consequatur. Culpa sed inventore consequatur. Vel assumenda et saepe. Aut distinctio eos ut molestias aperiam nesciunt dicta.',1,'2025-10-08 10:08:43','2025-10-08 10:08:43',NULL),(15,13,38,3,'Quos dicta repellendus est nam non blanditiis. Possimus laboriosam qui facere aut reiciendis. Eligendi doloremque cupiditate in ipsum.',1,'2025-10-08 10:08:43','2025-10-08 10:08:43',NULL),(16,13,61,2,'Vel qui accusantium quas esse similique. Voluptatibus quaerat vero dolorum labore voluptatem. Qui fugit labore voluptatum. Labore eligendi veniam harum. Neque odio velit quasi voluptatum aut.',1,'2025-10-08 10:08:43','2025-10-08 10:08:43',NULL),(17,13,98,4,'Reiciendis aperiam sed excepturi qui ut voluptatibus non. Dolores non unde vitae iste alias enim vero qui. Dolorem mollitia non doloremque sint. Sed aut qui ea eum esse explicabo.',1,'2025-10-08 10:08:43','2025-10-08 10:08:43',NULL),(18,16,36,4,'Itaque inventore assumenda totam repellat nihil voluptatum nisi non. Deserunt suscipit animi maxime est. Soluta doloribus voluptates magnam hic tempore ducimus voluptas. Est ipsum est laboriosam nobis assumenda quia recusandae. Et eaque voluptatem quisquam voluptatem minus molestias error.',1,'2025-10-08 10:08:43','2025-10-08 10:08:43',NULL),(19,16,48,2,'Voluptatibus voluptates qui rerum explicabo quisquam libero. Dignissimos temporibus consectetur aperiam sit quas. Quis deserunt dolorem dignissimos nulla quod nemo. Temporibus sit distinctio libero molestias.',1,'2025-10-08 10:08:43','2025-10-08 10:08:43',NULL),(20,16,53,4,'Laudantium quasi tempore expedita rem quod numquam. Animi laboriosam totam excepturi perferendis. Ut at magni iste blanditiis. Cumque illum culpa beatae ea quos explicabo. Minus laudantium aperiam magnam quis.',1,'2025-10-08 10:08:43','2025-10-08 10:08:43',NULL),(21,16,61,1,'Ut et dolores voluptate officia. Iste eum est ut consequuntur. Quam repellendus odio debitis exercitationem.',1,'2025-10-08 10:08:43','2025-10-08 10:08:43',NULL),(22,17,26,2,'Repudiandae sint officiis facere error. Eum eos rem enim earum modi rem architecto aut. Consequatur consequatur perspiciatis veritatis facere dolore provident modi. Est necessitatibus provident eos quo iure. Vitae deleniti fugiat tenetur eveniet.',1,'2025-10-08 10:08:43','2025-10-08 10:08:43',NULL),(23,17,37,2,'Omnis facilis voluptates dolorem. Qui velit at ut voluptas quia id aliquam. Quia aut molestiae fugiat eum enim eos.',1,'2025-10-08 10:08:43','2025-10-08 10:08:43',NULL),(24,17,51,3,'Quo corrupti voluptatibus sed expedita sed est. Quae porro impedit expedita necessitatibus qui. Sapiente ut assumenda id quibusdam quasi sunt.',1,'2025-10-08 10:08:43','2025-10-08 10:08:43',NULL),(25,17,59,1,'Modi earum ipsam aliquam. Mollitia quam officiis vel ut reprehenderit. Et sed porro fugit non numquam corrupti. Exercitationem perspiciatis voluptatem aut vel quia incidunt.',1,'2025-10-08 10:08:43','2025-10-08 10:08:43',NULL),(26,17,66,2,'Aut sit voluptas odit ullam nemo quidem fugit. Tempore qui quia sed et et. In deserunt necessitatibus architecto sed veritatis est doloribus et. Repellendus voluptatem ea at.',1,'2025-10-08 10:08:43','2025-10-08 10:08:43',NULL),(27,17,71,2,'Repellendus laudantium ut unde unde. Et minima delectus numquam. Ut repudiandae rerum eveniet dolorem.',1,'2025-10-08 10:08:43','2025-10-08 10:08:43',NULL),(28,17,92,4,'Non corporis odio labore dolor. Molestiae doloribus repellendus et distinctio aliquam.',1,'2025-10-08 10:08:43','2025-10-08 10:08:43',NULL),(29,17,93,4,'Nesciunt maxime repellat veniam odit voluptates deleniti et. Id fugit est qui sed debitis aut et. Sed magnam quia autem assumenda deleniti repudiandae sed.',1,'2025-10-08 10:08:43','2025-10-08 10:08:43',NULL),(30,17,119,5,'Iusto odit sapiente aut suscipit voluptas est aut minus. Temporibus sint eius ut non. Voluptas esse et dolorem consectetur corporis aperiam voluptates.',1,'2025-10-08 10:08:43','2025-10-08 10:08:43',NULL),(31,17,120,4,'Ut a illo veritatis adipisci. Provident quibusdam et illum earum fugiat et. Perferendis sit alias inventore ipsam. Consequatur est molestiae ut itaque aut est natus dignissimos.',1,'2025-10-08 10:08:43','2025-10-08 10:08:43',NULL),(32,20,34,1,'Vitae voluptatem maxime officiis consequatur. Et totam dolorum minus neque deserunt quia. Distinctio qui placeat voluptates voluptas vero sapiente aut ut. Et odio et vel quaerat.',1,'2025-10-08 10:08:43','2025-10-08 10:08:43',NULL),(33,20,37,4,'Sunt veritatis ut dolores sit vel id quia. Dolorum iusto quia laboriosam aperiam praesentium recusandae.',1,'2025-10-08 10:08:43','2025-10-08 10:08:43',NULL),(34,20,43,5,'Aut totam sit a aliquid. Odio sequi alias blanditiis ullam. Sed odit qui sint qui adipisci. Sapiente voluptatum ea quia aut recusandae enim. Molestias eum illum non voluptatem doloremque et.',1,'2025-10-08 10:08:43','2025-10-08 10:08:43',NULL),(35,20,56,1,'Ut dicta consequuntur nobis aut. Et alias nesciunt eveniet et quod. Et et impedit tenetur nisi neque deserunt.',1,'2025-10-08 10:08:43','2025-10-08 10:08:43',NULL),(36,20,58,1,'Ipsum qui totam consequatur magni. Aspernatur commodi quo error. Non non rerum ipsam aut.',1,'2025-10-08 10:08:43','2025-10-08 10:08:43',NULL),(37,20,69,1,'Sint error dolore quisquam quia et reprehenderit architecto. Rerum quia rerum dolor molestiae unde. Libero unde ut voluptas rerum dolor iusto et.',1,'2025-10-08 10:08:43','2025-10-08 10:08:43',NULL),(38,23,29,2,'Quas reiciendis atque exercitationem labore. Aut in quia totam officiis aliquam autem dolores cum. Voluptas in libero autem nisi quia dignissimos.',1,'2025-10-08 10:08:43','2025-10-08 10:08:43',NULL),(39,23,49,2,'Id temporibus exercitationem corrupti fuga necessitatibus nobis. Cumque qui quia iusto eum enim nemo. Et sunt possimus ut.',1,'2025-10-08 10:08:43','2025-10-08 10:08:43',NULL),(40,23,50,1,'Voluptas ipsam pariatur quo consectetur in a dolor. Dolores voluptas quia repellendus illum fugiat. Voluptatibus est voluptas ut aspernatur sit ullam enim. Quis animi aut dolorum error quaerat nam qui.',1,'2025-10-08 10:08:43','2025-10-08 10:08:43',NULL),(41,23,51,4,'Error voluptatem labore sequi quis illum unde. Nostrum labore exercitationem magnam ipsa. Dolorum molestiae itaque quia quis dicta sit dolores.',1,'2025-10-08 10:08:43','2025-10-08 10:08:43',NULL),(42,23,67,4,'Tempore suscipit est consequatur aut enim dignissimos dignissimos. Et rerum maxime occaecati dignissimos officia dignissimos facere quibusdam. Odit sunt amet est iusto. Sit magni dolorem voluptatem vel amet optio. Sunt expedita quia aperiam debitis vero numquam.',1,'2025-10-08 10:08:43','2025-10-08 10:08:43',NULL),(43,23,71,4,'Magni dolores et nulla reiciendis est. Nihil quidem rerum magnam iste. Porro illo deserunt dolores est. Et facilis sed placeat rem iste.',1,'2025-10-08 10:08:43','2025-10-08 10:08:43',NULL),(44,23,93,3,'Temporibus beatae non voluptatem velit. Maxime ea eius necessitatibus iusto libero rerum. Expedita quasi in et et et facilis ut.',1,'2025-10-08 10:08:43','2025-10-08 10:08:43',NULL),(45,23,98,2,'Unde maxime excepturi ut autem. Rem ab voluptatem perspiciatis sequi eius. Quod omnis consequatur saepe quia. Consequuntur modi qui inventore.',1,'2025-10-08 10:08:43','2025-10-08 10:08:43',NULL),(46,23,112,1,'Occaecati accusantium incidunt velit saepe modi qui ex. Eveniet hic veritatis consequuntur. Illo rerum sit consectetur qui officia architecto.',1,'2025-10-08 10:08:43','2025-10-08 10:08:43',NULL),(47,23,120,1,'Modi assumenda tempora blanditiis consequatur magni perferendis ducimus. Eligendi et id suscipit vel occaecati porro. Consequatur debitis doloribus et voluptatem nam vero.',1,'2025-10-08 10:08:43','2025-10-08 10:08:43',NULL),(48,27,39,3,'Dolore tempora at mollitia et in. Omnis nihil quia facilis et modi aliquid illum. Quam et assumenda voluptas.',1,'2025-10-08 10:08:43','2025-10-08 10:08:43',NULL),(49,27,46,3,'Quo quia vel nemo non sint voluptas. Et in quo incidunt dolor. Corporis doloremque laboriosam hic voluptas vel est odio.',1,'2025-10-08 10:08:43','2025-10-08 10:08:43',NULL),(50,27,54,2,'Eaque veniam eius sed officia. Similique explicabo voluptas suscipit veritatis iste et. Tenetur optio odio ut ipsam. Commodi laudantium nihil vel est harum explicabo ut repudiandae.',1,'2025-10-08 10:08:43','2025-10-08 10:08:43',NULL),(51,27,71,1,'Sunt reprehenderit sunt recusandae corporis et cumque accusamus. Labore ea quod eum rerum rerum voluptate. Qui similique voluptatibus id amet voluptatem et.',1,'2025-10-08 10:08:43','2025-10-08 10:08:43',NULL),(52,27,92,3,'Repellat neque ipsum et tempora et repellendus. Nulla aliquid assumenda ipsum deserunt incidunt ipsam. Consequatur omnis cupiditate repellat ipsam. Quis sunt enim facere quibusdam consequatur ut temporibus. Aut ipsa eaque quia asperiores qui labore.',1,'2025-10-08 10:08:43','2025-10-08 10:08:43',NULL),(53,27,111,1,'Reprehenderit quia quas eos voluptas eveniet reprehenderit libero. Voluptatem magnam corrupti velit in. Minima autem reiciendis et beatae.',1,'2025-10-08 10:08:43','2025-10-08 10:08:43',NULL),(54,28,41,2,'Nihil eligendi recusandae ea est nostrum. Quae maiores officia sint sit culpa. Omnis quas dolorem voluptate excepturi commodi eum error.',1,'2025-10-08 10:08:43','2025-10-08 10:08:43',NULL),(55,28,71,5,'Cupiditate ipsa animi iusto voluptatem aut nemo perferendis. Praesentium sunt est accusamus qui itaque commodi qui. Fugiat harum nihil omnis iure. Aut fuga animi ea qui.',1,'2025-10-08 10:08:43','2025-10-08 10:08:43',NULL),(56,28,73,2,'Voluptatibus veniam aut id voluptates nostrum cupiditate. Aut quasi excepturi quaerat molestias libero. Distinctio optio mollitia quae magnam dolor distinctio.',1,'2025-10-08 10:08:43','2025-10-08 10:08:43',NULL),(57,28,105,3,'Unde est soluta non et. A tenetur atque maiores voluptates. Quibusdam necessitatibus explicabo in non. Praesentium eos officia ab est nemo.',1,'2025-10-08 10:08:43','2025-10-08 10:08:43',NULL),(58,29,38,3,'Voluptatem dicta minus debitis culpa dicta omnis nam. Molestias corrupti est explicabo molestiae sed architecto ut. Eum voluptatibus nam dicta ex non quos est. Porro incidunt repudiandae eligendi hic cum temporibus occaecati.',1,'2025-10-08 10:08:43','2025-10-08 10:08:43',NULL),(59,29,57,5,'Aspernatur at impedit magnam voluptate vel. Harum numquam sint iusto distinctio saepe nam et. Commodi molestiae mollitia praesentium eligendi. Odio beatae ut labore rerum.',1,'2025-10-08 10:08:43','2025-10-08 10:08:43',NULL),(60,29,58,4,'Laudantium placeat omnis consequatur ut voluptatem dolor tenetur aut. Explicabo doloremque dolores distinctio autem. Placeat dignissimos doloribus odio dolores repellendus sit.',1,'2025-10-08 10:08:43','2025-10-08 10:08:43',NULL),(61,29,63,5,'Tempore sit odit sunt libero temporibus quidem. Nobis totam repudiandae esse voluptas. Asperiores aliquam modi quo blanditiis quia. Quod aperiam molestiae enim laboriosam architecto.',1,'2025-10-08 10:08:43','2025-10-08 10:08:43',NULL),(62,29,65,5,'Officiis dolores voluptatum ut aut et error. Error voluptatem non eum officia facilis alias. Laudantium velit debitis non ipsum odio perspiciatis. Adipisci necessitatibus cum deleniti. Exercitationem saepe excepturi libero quaerat.',1,'2025-10-08 10:08:43','2025-10-08 10:08:43',NULL),(63,29,82,1,'Quasi aut necessitatibus earum perferendis. Voluptate repellat earum repellat nulla tenetur. Nisi maiores praesentium in alias veniam.',1,'2025-10-08 10:08:43','2025-10-08 10:08:43',NULL),(64,29,89,1,'Distinctio necessitatibus est occaecati. Sint quae expedita magnam incidunt cum at aut. Blanditiis ad voluptate dolorem eum a nesciunt qui voluptas.',1,'2025-10-08 10:08:43','2025-10-08 10:08:43',NULL),(65,29,96,2,'Enim illo qui voluptates qui repudiandae. Perspiciatis quam pariatur ipsam maiores. Porro natus non facere voluptate qui praesentium. Qui et nisi ipsum ipsam laborum voluptatem ullam.',1,'2025-10-08 10:08:43','2025-10-08 10:08:43',NULL),(66,29,101,4,'Aut dolor ea sed nemo. Tempore incidunt et ut eius velit saepe quia rerum. Tempora animi maiores sit velit culpa aut unde. Dolorum sequi consequatur sint laudantium.',1,'2025-10-08 10:08:43','2025-10-08 10:08:43',NULL),(67,29,109,2,'Sit eveniet earum dolore. Culpa molestiae delectus quia tempora voluptatem et rerum minus. Totam hic nihil eveniet cupiditate a nulla est.',1,'2025-10-08 10:08:43','2025-10-08 10:08:43',NULL),(68,31,28,2,'Saepe odio unde dolor laudantium blanditiis aut. Dicta sit deleniti possimus eos repudiandae perspiciatis dolor. Expedita adipisci incidunt est reprehenderit et. Atque id incidunt maxime mollitia deserunt. Veniam ut neque aut laudantium.',1,'2025-10-08 10:08:43','2025-10-08 10:08:43',NULL),(69,31,45,1,'Deleniti ipsam aspernatur occaecati ut labore esse qui. Sed omnis ullam est repudiandae. Velit quas quisquam et ut sed nisi eveniet.',1,'2025-10-08 10:08:43','2025-10-08 10:08:43',NULL),(70,31,76,2,'Aliquid tempora aspernatur impedit fuga. Beatae rerum dolor est qui necessitatibus. Quia ea tenetur laborum et sunt iure asperiores. Eius dolor qui et possimus sed.',1,'2025-10-08 10:08:43','2025-10-08 10:08:43',NULL),(71,31,78,1,'Expedita doloribus sit id qui quia incidunt. Omnis sed autem dolorem tempora blanditiis. Ullam occaecati quisquam qui qui molestiae commodi. Excepturi esse magnam illo placeat.',1,'2025-10-08 10:08:43','2025-10-08 10:08:43',NULL),(72,31,87,1,'Mollitia quis nostrum quam. Nemo et earum vel sequi et cum. Nisi omnis dicta error cumque. Repellendus nisi molestiae magnam.',1,'2025-10-08 10:08:43','2025-10-08 10:08:43',NULL),(73,31,96,1,'Temporibus quis enim explicabo mollitia quae. Neque non dolor fuga voluptatem iure voluptas necessitatibus et. Provident fuga est qui autem fuga quaerat quisquam.',1,'2025-10-08 10:08:43','2025-10-08 10:08:43',NULL),(74,31,98,4,'Quia eaque explicabo praesentium quidem. Fuga recusandae ut excepturi placeat provident dolor inventore ad. Et quia nostrum accusantium officiis veniam. Voluptates iste et consequatur non architecto.',1,'2025-10-08 10:08:43','2025-10-08 10:08:43',NULL),(75,31,104,1,'Eligendi qui tempora qui numquam in corporis omnis. Sit magnam earum dignissimos placeat. Vero ea inventore earum est unde. Et deserunt vero qui accusamus qui id rerum. Temporibus tenetur eaque quia accusantium.',1,'2025-10-08 10:08:43','2025-10-08 10:08:43',NULL),(76,31,106,1,'Illo ex et repellat eaque et voluptatem. Assumenda et sed vitae quaerat praesentium. Voluptatem non saepe voluptatem iure. Consequatur suscipit cumque vel aut illo iusto.',1,'2025-10-08 10:08:43','2025-10-08 10:08:43',NULL),(77,33,51,5,'Est voluptatem quisquam quidem sit quam voluptate quia. Laborum numquam necessitatibus maiores ducimus.',1,'2025-10-08 10:08:43','2025-10-08 10:08:43',NULL),(78,33,103,1,'Consequuntur ipsam nihil cupiditate sunt. Dolorem voluptate sint recusandae. Magni consequatur quo ut nam. Ipsa voluptas ut iure ut alias eaque. Qui enim officia modi illo ut repudiandae.',1,'2025-10-08 10:08:43','2025-10-08 10:08:43',NULL),(79,33,115,4,'Saepe laboriosam deserunt est earum libero. A eos officia voluptates ipsum at. Eos quia quia et non odit recusandae iusto. Doloribus aut qui quibusdam et.',1,'2025-10-08 10:08:43','2025-10-08 10:08:43',NULL),(80,35,37,4,'Tenetur ipsam quos eum rerum sint ut eaque et. Dicta saepe molestiae reprehenderit dolor alias accusamus. Nisi qui aut quos eaque natus tempore impedit.',1,'2025-10-08 10:08:43','2025-10-08 10:08:43',NULL),(81,35,59,4,'Ut commodi optio sit odio. Aut sed dolores dolor ea explicabo provident. Aliquid natus in esse voluptate vel.',1,'2025-10-08 10:08:43','2025-10-08 10:08:43',NULL),(82,35,67,2,'Eveniet voluptate debitis distinctio at sunt dolor. Incidunt eos inventore possimus facere asperiores similique et libero. Aut libero reprehenderit soluta soluta. Ex veritatis hic et qui perspiciatis.',1,'2025-10-08 10:08:43','2025-10-08 10:08:43',NULL),(83,35,76,2,'Ipsam ratione odit reprehenderit illo ipsa saepe est. Consequatur aperiam corporis at magnam iste. Deleniti harum fugiat architecto in voluptatem dolorum neque. Autem facilis vel cupiditate facere est. Et debitis minima vel eos delectus magni.',1,'2025-10-08 10:08:43','2025-10-08 10:08:43',NULL),(84,35,82,3,'Non fugit animi possimus rem atque natus dolor. In recusandae fuga neque a quis. Eius repudiandae velit voluptatem nulla et excepturi impedit et. Voluptas voluptates aut repellat sint dolores.',1,'2025-10-08 10:08:43','2025-10-08 10:08:43',NULL),(85,35,113,2,'Eius sit minus iure. Eum aut temporibus rem quaerat itaque commodi impedit. Voluptatem aliquid et sunt dolore repellendus.',1,'2025-10-08 10:08:43','2025-10-08 10:08:43',NULL),(86,35,116,5,'Id dolores perferendis dolores ipsam ex. Placeat officia accusamus et at quaerat est. Mollitia excepturi nulla sed necessitatibus.',1,'2025-10-08 10:08:43','2025-10-08 10:08:43',NULL),(87,36,31,3,'Sunt fugiat animi quia temporibus earum quis placeat. Laudantium quibusdam facere aut cumque. Doloribus culpa accusamus sint quia. Accusantium enim et corrupti maiores perspiciatis ad.',1,'2025-10-08 10:08:43','2025-10-08 10:08:43',NULL),(88,36,38,1,'Eum at sequi ipsa minima. Est commodi eius similique rerum deleniti. Rerum debitis soluta cumque. Dolore iusto nulla autem vero deleniti. Quibusdam itaque quos ut et enim molestias voluptatem.',1,'2025-10-08 10:08:43','2025-10-08 10:08:43',NULL),(89,36,60,5,'Qui omnis qui hic quas. Deleniti magnam maxime veritatis ex. Aut autem doloremque eos nulla. Voluptas ipsam sunt vero recusandae et. Exercitationem provident magnam officiis quas earum sunt eaque.',1,'2025-10-08 10:08:43','2025-10-08 10:08:43',NULL),(90,36,110,2,'Magni ut quam illo repellendus eos et. Quia iusto explicabo est ea. Quo aut nisi quod doloribus ut nesciunt. Totam quidem deleniti fuga totam consequatur.',1,'2025-10-08 10:08:43','2025-10-08 10:08:43',NULL),(91,37,27,5,'Molestiae aut quo debitis a et eum eveniet. Exercitationem ut mollitia iste id.',1,'2025-10-08 10:08:43','2025-10-08 10:08:43',NULL),(92,37,33,3,'Voluptatem beatae atque nesciunt tenetur. In dignissimos ea amet itaque magni error. Pariatur laborum consequuntur enim. Temporibus expedita et corrupti quod.',1,'2025-10-08 10:08:43','2025-10-08 10:08:43',NULL),(93,37,36,4,'A dolor magni recusandae corrupti. Qui pariatur beatae quia dolore consequuntur nulla. Harum consequatur dolorum ipsa corporis.',1,'2025-10-08 10:08:43','2025-10-08 10:08:43',NULL),(94,37,42,1,'Iste odio minima iure maxime commodi harum nisi. Eos accusantium maiores natus ut. Et recusandae est quaerat possimus sint.',1,'2025-10-08 10:08:43','2025-10-08 10:08:43',NULL),(95,37,45,4,'Magnam est qui et in omnis beatae. Modi quasi odio ad inventore consequuntur. Voluptas voluptas dolorem minima in illum. Magnam eius voluptates explicabo dignissimos sunt et totam.',1,'2025-10-08 10:08:43','2025-10-08 10:08:43',NULL),(96,37,55,2,'Consectetur nihil laboriosam perspiciatis deleniti. Sapiente commodi dolor vitae iusto. Molestiae consectetur eius doloremque cupiditate eos qui quas.',1,'2025-10-08 10:08:43','2025-10-08 10:08:43',NULL),(97,37,67,3,'Voluptatem doloribus ut et et accusamus provident in. Nihil nihil impedit temporibus quisquam et. Nihil ut dolores rem qui quisquam.',1,'2025-10-08 10:08:43','2025-10-08 10:08:43',NULL),(98,37,71,3,'Exercitationem qui consectetur officiis fuga qui a. Beatae explicabo laudantium labore quibusdam harum sunt doloremque vitae. Nihil eaque incidunt ut a voluptas alias necessitatibus. Rerum commodi molestiae maiores voluptate asperiores fugit aut.',1,'2025-10-08 10:08:43','2025-10-08 10:08:43',NULL),(99,37,110,1,'Ab harum dignissimos consequatur eos dolor. Minus perspiciatis sunt reiciendis laboriosam rerum ut temporibus. Qui quos nam vitae. Et cupiditate excepturi qui expedita officia quam quae aut.',1,'2025-10-08 10:08:43','2025-10-08 10:08:43',NULL),(100,40,41,2,'Cum error sint blanditiis dolor tempora rerum in. Velit aliquam porro voluptatem velit totam aut. Veritatis in ipsa natus praesentium. Repellendus voluptate aut est soluta. Officiis sunt rerum sunt dolores molestiae magni.',1,'2025-10-08 10:08:43','2025-10-08 10:08:43',NULL),(101,40,58,5,'Ipsam enim praesentium est iste id aspernatur. Magnam nisi porro quia sunt distinctio facilis iusto.',1,'2025-10-08 10:08:43','2025-10-08 10:08:43',NULL),(102,40,83,5,'Debitis reprehenderit unde tenetur cum. Fugit eaque voluptatem nam sit eveniet doloremque. Quia quas delectus sit similique dolor nulla odio. Est consectetur numquam veniam qui.',1,'2025-10-08 10:08:43','2025-10-08 10:08:43',NULL),(103,40,120,3,'Distinctio aut voluptatem vel nihil aperiam. Qui quasi consequatur aut ut quos consequuntur eaque. Consequatur eos laboriosam sed possimus.',1,'2025-10-08 10:08:43','2025-10-08 10:08:43',NULL),(104,41,31,5,'Maxime officia earum maiores officia quae velit. Quidem aspernatur aperiam omnis. Error aliquid perspiciatis ex tempore cum. Fuga voluptatem voluptatem eos. Sunt assumenda asperiores distinctio quidem.',1,'2025-10-08 10:08:43','2025-10-08 10:08:43',NULL),(105,41,32,4,'Quia iure ipsa et. Atque porro amet quaerat et sapiente molestiae. Id officiis et cumque praesentium.',1,'2025-10-08 10:08:43','2025-10-08 10:08:43',NULL),(106,41,36,1,'Earum quos cupiditate fugit quos quae tempora perferendis corrupti. Fugit consectetur corporis quo voluptas. Illum nostrum quia optio necessitatibus id explicabo quod. Voluptatem assumenda provident ratione.',1,'2025-10-08 10:08:43','2025-10-08 10:08:43',NULL),(107,41,43,2,'Adipisci velit similique quisquam nobis quae repudiandae est. Consequuntur suscipit cumque quaerat non temporibus magnam. Facilis hic minima tenetur culpa dolor quam vel provident.',1,'2025-10-08 10:08:43','2025-10-08 10:08:43',NULL),(108,41,71,3,'Sint ullam ab natus laborum reiciendis. Odit aliquam neque pariatur. Est eum commodi distinctio corrupti rem cumque ea. Cumque rem est ut reiciendis consequatur recusandae alias repellendus. Sint accusantium omnis debitis ut.',1,'2025-10-08 10:08:43','2025-10-08 10:08:43',NULL),(109,41,83,3,'Libero aliquam sint harum ut pariatur praesentium accusamus. Qui architecto magnam eos fuga modi. In non incidunt praesentium sit. A et unde est quibusdam deserunt consequuntur quisquam.',1,'2025-10-08 10:08:43','2025-10-08 10:08:43',NULL),(110,41,109,1,'Impedit labore similique saepe similique sed esse et. Dolorem quia aliquid rem perspiciatis accusamus doloribus in. Ipsa corporis quo hic optio. Et soluta similique eum accusantium accusamus quo.',1,'2025-10-08 10:08:43','2025-10-08 10:08:43',NULL),(111,41,110,3,'Deserunt non porro inventore accusamus. Est nemo et modi aut quia animi veritatis.',1,'2025-10-08 10:08:43','2025-10-08 10:08:43',NULL),(112,41,114,5,'Aut minima corporis totam ut ullam recusandae aut. Quia rerum aspernatur officia dolor amet fugit sed. Error qui velit itaque magnam. Ut id vero labore eius architecto quia voluptatem autem.',1,'2025-10-08 10:08:43','2025-10-08 10:08:43',NULL),(113,41,118,1,'Est modi pariatur ut voluptatem vel vitae labore. Ab blanditiis aut accusamus numquam consectetur possimus.',1,'2025-10-08 10:08:43','2025-10-08 10:08:43',NULL),(114,43,24,2,'Quis iste unde tempore quod. Quaerat magni saepe et atque doloremque est. Delectus et alias consectetur adipisci. Cupiditate dignissimos omnis quia facere ut earum.',1,'2025-10-08 10:08:43','2025-10-08 10:08:43',NULL),(115,43,25,4,'Eum dolorum repudiandae dicta consequuntur et. Ut magnam non esse optio debitis odio. Blanditiis explicabo enim tempore voluptatem doloribus doloribus cum.',1,'2025-10-08 10:08:43','2025-10-08 10:08:43',NULL),(116,43,30,4,'Qui ratione qui quas iste quaerat numquam. Dolorum provident tempora aut aut omnis neque. Alias aut et blanditiis rerum explicabo.',1,'2025-10-08 10:08:43','2025-10-08 10:08:43',NULL),(117,43,37,4,'Occaecati est perferendis omnis et sequi. Corrupti voluptate eveniet ullam qui earum. Hic a perferendis pariatur iusto temporibus dolores iste. Facere reprehenderit quia et laboriosam.',1,'2025-10-08 10:08:43','2025-10-08 10:08:43',NULL),(118,43,38,3,'Beatae et aut corrupti enim. Molestiae omnis ipsa inventore nihil repellendus unde officia. Voluptatem dolor maxime cum voluptatem quis dolores et. Itaque amet quis voluptas ad aut.',1,'2025-10-08 10:08:43','2025-10-08 10:08:43',NULL),(119,43,55,5,'Temporibus ea illum asperiores animi unde eos. Eum rem aspernatur et. Incidunt et et consequatur sapiente et. Laudantium non blanditiis accusantium soluta repellendus.',1,'2025-10-08 10:08:43','2025-10-08 10:08:43',NULL),(120,43,87,4,'Quas quo eaque consequuntur repellendus et repellat. Aut est ea rem. Omnis omnis maiores voluptatibus eum voluptates sint sed.',1,'2025-10-08 10:08:43','2025-10-08 10:08:43',NULL),(121,46,37,1,'Dolorum minus unde ab et perspiciatis. Eius qui natus tenetur quisquam velit quo corporis nulla. Est exercitationem hic qui itaque quae tempore nobis. Voluptatum veniam aliquid odio nam ipsa corporis.',1,'2025-10-08 10:08:43','2025-10-08 10:08:43',NULL),(122,46,75,2,'Consequatur eius sit laboriosam. Ipsa ut aut distinctio laboriosam sapiente. Exercitationem eum consequatur aut nesciunt.',1,'2025-10-08 10:08:43','2025-10-08 10:08:43',NULL),(123,46,77,5,'Ut ut repudiandae voluptate veritatis. Quas non qui saepe blanditiis. Consequatur ullam necessitatibus voluptatem ut.',1,'2025-10-08 10:08:43','2025-10-08 10:08:43',NULL),(124,46,79,4,'Quia dignissimos nesciunt dolor atque. Omnis inventore non eveniet quia. Molestiae quia aliquid consequatur explicabo nihil. Cumque fugiat veniam quasi occaecati et molestiae non.',1,'2025-10-08 10:08:43','2025-10-08 10:08:43',NULL),(125,46,83,5,'Et culpa distinctio inventore esse. Quod qui sed minima sed delectus exercitationem voluptas. Ut est reprehenderit aut reprehenderit nobis optio. Et quas amet sed similique repellat molestias vel.',1,'2025-10-08 10:08:43','2025-10-08 10:08:43',NULL),(126,46,87,2,'Iusto quia totam nobis aut incidunt. Assumenda sit quibusdam est corrupti. Iure et beatae sit nam. Et autem ad qui soluta ut.',1,'2025-10-08 10:08:43','2025-10-08 10:08:43',NULL),(127,46,88,5,'Quia occaecati temporibus sunt dolorem libero. Ut eaque quidem aliquid. Voluptatem libero soluta suscipit cumque.',1,'2025-10-08 10:08:43','2025-10-08 10:08:43',NULL),(128,46,93,5,'Aspernatur excepturi vel voluptatum id id facilis provident. Aperiam vel laboriosam eum ut. Aperiam vel repellat beatae ut vitae. Deserunt et autem provident rerum.',1,'2025-10-08 10:08:43','2025-10-08 10:08:43',NULL),(129,46,106,5,'Molestiae et aperiam ab rerum rerum a dolores. Omnis nisi quis numquam exercitationem rerum nihil iure suscipit. Distinctio est necessitatibus ut est consequatur perspiciatis doloribus. Ut facilis delectus placeat sunt adipisci rerum.',1,'2025-10-08 10:08:43','2025-10-08 10:08:43',NULL),(130,46,119,4,'In iste quae non sit corporis eos. Explicabo voluptatem temporibus iusto consequatur. Aliquam libero consequatur ipsum cupiditate beatae est. Repellendus accusantium neque dolorum quia distinctio et.',1,'2025-10-08 10:08:43','2025-10-08 10:08:43',NULL),(131,47,33,5,'Odit aspernatur facere quasi dolores. Quis laborum et consequatur nostrum autem commodi. Expedita qui fugit quidem.',1,'2025-10-08 10:08:43','2025-10-08 10:08:43',NULL),(132,47,49,1,'Earum tempora in cum ea excepturi rerum. Maiores laborum distinctio et iure qui laborum. Dolores voluptas voluptatibus exercitationem ut. Quia enim dolorem et. Repellat aliquid sint aut consectetur rerum.',1,'2025-10-08 10:08:43','2025-10-08 10:08:43',NULL),(133,47,55,2,'Tempora corrupti voluptatibus enim voluptatibus iure fugit. Eum et est excepturi optio quia. Sint praesentium nihil quam ut.',1,'2025-10-08 10:08:43','2025-10-08 10:08:43',NULL),(134,47,82,3,'Nulla minima et debitis aspernatur ad praesentium. Repellendus quisquam cum voluptatem. Temporibus totam blanditiis quibusdam. Aut consequatur aut maiores possimus sed veniam et. Consequuntur explicabo quia quia reprehenderit dolores.',1,'2025-10-08 10:08:43','2025-10-08 10:08:43',NULL),(135,47,102,4,'Porro dolorem earum quia sit harum. Placeat nulla sit repellat aut tenetur nemo est veritatis. Officia sequi alias iusto officiis eligendi itaque quas.',1,'2025-10-08 10:08:43','2025-10-08 10:08:43',NULL),(136,49,33,2,'Id nam hic incidunt voluptate libero. Ad explicabo odit architecto. Et occaecati doloremque reprehenderit dolorum.',1,'2025-10-08 10:08:43','2025-10-08 10:08:43',NULL),(137,49,51,1,'Ut quas expedita quaerat et soluta. Vel et similique quo atque eveniet temporibus. Iste quod nulla quaerat assumenda.',1,'2025-10-08 10:08:43','2025-10-08 10:08:43',NULL),(138,49,62,2,'In id impedit amet iste. Explicabo et sed necessitatibus alias numquam aut non. Qui qui ducimus quo atque. Accusamus aut rerum maiores.',1,'2025-10-08 10:08:43','2025-10-08 10:08:43',NULL),(139,49,64,4,'Minus voluptatem et voluptates doloremque ut praesentium deserunt. Id est alias aut et qui fugiat. Rerum eum omnis nostrum hic nostrum velit. Enim sapiente eius molestiae rerum.',1,'2025-10-08 10:08:43','2025-10-08 10:08:43',NULL),(140,49,103,5,'Doloremque ut impedit sint ducimus odio quis ipsum. Est itaque veritatis qui dolore modi. Impedit laborum sit aspernatur debitis fugit debitis. Sunt error eos ipsum suscipit minima nobis libero.',1,'2025-10-08 10:08:43','2025-10-08 10:08:43',NULL),(141,50,83,1,'Velit ut est rerum qui earum error quia quis. Labore iusto dolore fugiat id. Eveniet similique et tenetur eum molestias.',1,'2025-10-08 10:08:43','2025-10-08 10:08:43',NULL),(142,50,97,1,'Quas commodi ducimus qui earum incidunt quaerat tenetur. Tempore adipisci ipsum dolores placeat et excepturi voluptatibus. Ipsum velit itaque quos sunt sint dolor.',1,'2025-10-08 10:08:43','2025-10-08 10:08:43',NULL),(143,50,105,5,'Libero sapiente omnis perspiciatis. Accusamus rerum dolorem debitis natus assumenda veritatis. Consequatur quae quis iusto cupiditate ullam.',1,'2025-10-08 10:08:43','2025-10-08 10:08:43',NULL),(144,54,35,2,'Quisquam quas quae dolorem velit voluptatem quis doloribus. Quasi recusandae et officia praesentium adipisci sed. Delectus maiores asperiores mollitia harum at. Dolorum quaerat placeat optio et doloremque.',1,'2025-10-08 10:08:43','2025-10-08 10:08:43',NULL),(145,54,37,5,'Rerum reiciendis est dolorem accusamus et. Eum ea a aut a. Quo ipsam repellat molestiae illo dolores sed. Quasi et sapiente quae quasi.',1,'2025-10-08 10:08:43','2025-10-08 10:08:43',NULL),(146,54,52,1,'Quo quibusdam accusantium sequi repellendus labore exercitationem fugiat. Nesciunt distinctio unde nostrum voluptatibus commodi. Dolore tempora pariatur iusto distinctio. Quibusdam voluptate neque optio minus voluptas.',1,'2025-10-08 10:08:43','2025-10-08 10:08:43',NULL),(147,54,53,2,'Numquam recusandae non asperiores qui. Distinctio est ducimus dolorem laborum quidem tempora nobis consequatur. Voluptas placeat est non perferendis hic numquam.',1,'2025-10-08 10:08:43','2025-10-08 10:08:43',NULL),(148,54,59,3,'Sed dolores architecto eos sint. Deserunt dolorum ipsum ea aliquid provident. Ratione molestiae nam distinctio perspiciatis. Aut nesciunt sit temporibus.',1,'2025-10-08 10:08:43','2025-10-08 10:08:43',NULL),(149,54,62,4,'Vel autem animi id quisquam repudiandae est. Quis doloribus ab molestias omnis.',1,'2025-10-08 10:08:43','2025-10-08 10:08:43',NULL),(150,54,92,5,'Qui occaecati excepturi placeat eaque. Eveniet cum repellat voluptates perspiciatis laboriosam. Quisquam voluptas dolor sed laboriosam dolores omnis quo.',1,'2025-10-08 10:08:43','2025-10-08 10:08:43',NULL),(151,54,94,3,'Debitis ipsa voluptatem blanditiis provident ad. Odit aut vel et earum sit aut. Autem est enim est qui ea veritatis voluptatem. Qui eveniet velit sunt rerum dignissimos dolor magnam.',1,'2025-10-08 10:08:43','2025-10-08 10:08:43',NULL),(152,54,110,4,'Repudiandae sint suscipit nemo quis quos architecto mollitia. Repellat atque debitis voluptates harum nisi consectetur.',1,'2025-10-08 10:08:43','2025-10-08 10:08:43',NULL),(153,57,33,5,'Saepe voluptatem perspiciatis quidem doloribus quo. Aut dolorem quo ratione non laboriosam mollitia. Aliquid facilis magni alias tempore consequatur modi.',1,'2025-10-08 10:08:43','2025-10-08 10:08:43',NULL),(154,57,50,1,'Est odio in sit eveniet. Rerum voluptas consectetur doloribus quo voluptas molestiae enim ex. Voluptates dignissimos maiores mollitia quis omnis beatae sint. Iste in blanditiis quia ullam qui quia ut.',1,'2025-10-08 10:08:43','2025-10-08 10:08:43',NULL),(155,57,103,2,'Asperiores eius quia sit ut. Ut laboriosam rerum et nostrum alias aut ut incidunt. Voluptatem tenetur similique sapiente ut. Occaecati cupiditate beatae et fugiat. Et nisi non omnis quia.',1,'2025-10-08 10:08:43','2025-10-08 10:08:43',NULL),(156,57,119,5,'Ipsam ullam vero et nisi error repellendus. Tempora voluptatem aut distinctio dignissimos delectus totam nihil est. Quod quis totam deserunt et nulla voluptatibus est iste.',1,'2025-10-08 10:08:43','2025-10-08 10:08:43',NULL),(157,59,51,3,'Minima qui qui esse dignissimos ea perspiciatis. Sed blanditiis dolorem dolore. Delectus velit quae ea saepe maxime qui voluptatem.',1,'2025-10-08 10:08:43','2025-10-08 10:08:43',NULL),(158,59,64,3,'Ut natus minus consectetur aut molestias quidem. Eveniet optio vel ducimus non.',1,'2025-10-08 10:08:43','2025-10-08 10:08:43',NULL),(159,59,96,4,'Iure ipsum eum amet neque rerum at cupiditate. Dolore ea eligendi explicabo similique eligendi fuga tenetur. Possimus quasi nihil libero a error ex. Vel consequuntur omnis eaque eum suscipit omnis neque perspiciatis.',1,'2025-10-08 10:08:44','2025-10-08 10:08:44',NULL),(160,60,37,1,'Alias non enim ut et architecto unde et. Doloremque aut quis possimus vel velit nemo temporibus. Deserunt qui fugit nemo qui explicabo autem quo doloribus.',1,'2025-10-08 10:08:44','2025-10-08 10:08:44',NULL),(161,60,43,3,'Ratione nobis at nihil atque rem. Voluptas quo atque accusamus magnam ea culpa. Ut velit dolores quaerat voluptatem ullam ut vel hic. Ipsam neque dolores corporis nesciunt beatae placeat id.',1,'2025-10-08 10:08:44','2025-10-08 10:08:44',NULL),(162,60,51,5,'Illo impedit quis vitae omnis accusantium qui. Tenetur aut rerum deserunt incidunt.',1,'2025-10-08 10:08:44','2025-10-08 10:08:44',NULL),(163,60,58,3,'Quaerat sint sapiente omnis repudiandae dolor. Alias reprehenderit qui voluptatem qui. Minus dolores praesentium rerum nihil aut.',1,'2025-10-08 10:08:44','2025-10-08 10:08:44',NULL),(164,60,62,4,'Repellat vel est aperiam incidunt aut qui omnis. Numquam officiis exercitationem ut rem excepturi et. Unde sit a sunt reprehenderit neque et quo.',1,'2025-10-08 10:08:44','2025-10-08 10:08:44',NULL),(165,60,80,3,'Nemo possimus et laboriosam dolorem qui. Et sed fuga repellendus ut. Dolorem in quaerat quae non. Facere animi sit expedita consequuntur ullam quibusdam quae.',1,'2025-10-08 10:08:44','2025-10-08 10:08:44',NULL),(166,60,97,3,'Et facere voluptas temporibus aut. Vel facilis aperiam iusto itaque nobis. Tempore temporibus sequi dolorum dicta.',1,'2025-10-08 10:08:44','2025-10-08 10:08:44',NULL),(167,60,109,5,'Non non qui qui. Repellat in delectus rerum necessitatibus vero enim. Quibusdam exercitationem commodi nihil veniam quis eveniet eum.',1,'2025-10-08 10:08:44','2025-10-08 10:08:44',NULL),(168,60,116,5,'Unde deserunt eveniet veniam quasi sit sed. Non et eligendi sit harum ut. Inventore voluptatem quibusdam accusamus asperiores et natus.',1,'2025-10-08 10:08:44','2025-10-08 10:08:44',NULL),(169,61,49,1,'Id modi quam eveniet voluptas. Eum nihil sit quia quis voluptatem beatae. Et animi dolores quos ut dolor. Dolores asperiores voluptatem vel rerum et qui ab.',1,'2025-10-08 10:08:44','2025-10-08 10:08:44',NULL),(170,61,63,4,'Occaecati accusantium excepturi sapiente molestias sit nostrum. Esse et quam ut sapiente voluptatem. Quasi quia enim possimus ab possimus aut est. Animi praesentium alias dolores et magni.',1,'2025-10-08 10:08:44','2025-10-08 10:08:44',NULL),(171,61,73,4,'Dignissimos minus molestias aut molestiae dignissimos ipsa. Est exercitationem vero repellendus dolore quia nihil saepe. Recusandae ut ad ex distinctio numquam et ratione et. Eligendi sit autem rerum quidem.',1,'2025-10-08 10:08:44','2025-10-08 10:08:44',NULL),(172,61,85,1,'Cumque est officia quo nihil deleniti quibusdam cupiditate. Omnis doloribus quis modi. Labore sed qui sit porro error maiores. Ipsam est laboriosam modi voluptates rerum consequatur.',1,'2025-10-08 10:08:44','2025-10-08 10:08:44',NULL),(173,61,106,3,'Repellendus delectus numquam minima autem corporis quo. Quisquam minima labore qui quas dolor consequuntur eos reprehenderit. Ullam ipsam illum dolorum atque vero id nulla.',1,'2025-10-08 10:08:44','2025-10-08 10:08:44',NULL),(174,61,107,4,'Incidunt rem voluptatibus consequatur quo. Et omnis omnis fuga repellat pariatur quae. Eligendi provident quia tenetur est sit. Impedit ipsa quis sunt molestiae.',1,'2025-10-08 10:08:44','2025-10-08 10:08:44',NULL),(175,61,108,5,'Eveniet nihil autem doloremque occaecati. Perspiciatis quo et harum commodi quia sed autem. Consequatur est vero culpa. Iste officiis voluptatibus voluptas autem illum voluptatem fuga.',1,'2025-10-08 10:08:44','2025-10-08 10:08:44',NULL),(176,61,116,4,'Optio corporis eveniet veritatis. Fugiat ullam eum incidunt ipsa.',1,'2025-10-08 10:08:44','2025-10-08 10:08:44',NULL),(177,61,120,4,'Aut sapiente qui iusto occaecati est sint. Aliquid eius optio aut laboriosam dolore quae.',1,'2025-10-08 10:08:44','2025-10-08 10:08:44',NULL),(178,62,54,3,'Dolore minima sed non nostrum eaque velit. Ab laboriosam ut laboriosam molestias beatae ea dicta. Porro et consequuntur sunt in expedita illo aut est. Non vel non vitae voluptatem.',1,'2025-10-08 10:08:44','2025-10-08 10:08:44',NULL),(179,62,56,2,'A temporibus repellendus ullam mollitia. Rerum molestiae et nihil eos consectetur earum. Consequuntur vitae earum animi dolorem sit. Ut est quod et similique iste.',1,'2025-10-08 10:08:44','2025-10-08 10:08:44',NULL),(180,62,70,1,'Voluptatibus et quia est perspiciatis perspiciatis nesciunt. Non voluptas et minima rerum quibusdam inventore corporis. Exercitationem et qui id corporis corrupti saepe. Tempora id et est deserunt quidem rerum quae. Quo dicta unde ipsa dolores ut omnis.',1,'2025-10-08 10:08:44','2025-10-08 10:08:44',NULL),(181,62,76,4,'Dolores quo nostrum sapiente temporibus et. Odit dolor nobis non et assumenda eum commodi. Tempora ipsam veniam rerum voluptate. Voluptas et sint rerum ducimus inventore commodi nemo.',1,'2025-10-08 10:08:44','2025-10-08 10:08:44',NULL),(182,62,93,3,'Aut quis consequatur nihil occaecati saepe. Praesentium nobis itaque beatae consequatur asperiores. Exercitationem qui ut nemo ut quo.',1,'2025-10-08 10:08:44','2025-10-08 10:08:44',NULL),(183,64,23,1,'Veritatis voluptates ea expedita est dolor officiis consequatur. Autem qui a non dolor. Aut aut quaerat veritatis.',1,'2025-10-08 10:08:44','2025-10-08 10:08:44',NULL),(184,64,35,5,'Sed atque consequatur ut id. Est est exercitationem dolor totam enim exercitationem. Quia nulla optio totam. Deleniti nihil quasi itaque nihil esse molestias. Est esse fugiat et non.',1,'2025-10-08 10:08:44','2025-10-08 10:08:44',NULL),(185,64,44,1,'Quos enim quia rerum eos saepe et labore. Officia tempora reiciendis vel dolorem a tempora esse. Ullam vero blanditiis veniam corrupti qui voluptas ut.',1,'2025-10-08 10:08:44','2025-10-08 10:08:44',NULL),(186,64,55,1,'Eos accusantium architecto ut et provident aut. In quaerat culpa nulla facere doloribus. Necessitatibus vitae non labore atque. Aut unde velit repudiandae corporis voluptas voluptas qui quibusdam.',1,'2025-10-08 10:08:44','2025-10-08 10:08:44',NULL),(187,64,65,3,'Veritatis voluptates voluptas praesentium nam. Nulla sed sit id saepe. Nihil vel incidunt aut. Eaque qui qui accusantium occaecati.',1,'2025-10-08 10:08:44','2025-10-08 10:08:44',NULL),(188,64,72,5,'At ipsum ad qui nam quia repellendus. Voluptatem nobis aliquam est laboriosam velit qui. Nostrum dolor sed recusandae illo recusandae aspernatur voluptas. Eum laudantium voluptatum pariatur quas rerum saepe magnam.',1,'2025-10-08 10:08:44','2025-10-08 10:08:44',NULL),(189,66,70,5,'Officia molestiae nisi et iste cupiditate. Enim nam ut minima consectetur molestiae. Excepturi maxime dolores voluptates quibusdam mollitia.',1,'2025-10-08 10:08:44','2025-10-08 10:08:44',NULL),(190,66,84,2,'Nesciunt suscipit porro porro provident velit animi. Ea ab iusto iusto architecto deserunt dolor voluptatum. Labore ut asperiores eaque quia veniam et quaerat. Ducimus dolorem dolorum qui doloribus nesciunt.',1,'2025-10-08 10:08:44','2025-10-08 10:08:44',NULL),(191,66,86,5,'Est qui sit necessitatibus aut unde. Sit dolor voluptate quidem eius a beatae consequatur. Asperiores unde doloribus possimus nam voluptatibus laudantium.',1,'2025-10-08 10:08:44','2025-10-08 10:08:44',NULL),(192,66,104,5,'Tenetur neque praesentium quia illum cum. Sapiente voluptas vel amet molestiae iusto. Voluptatem voluptates commodi beatae recusandae. Omnis cum voluptate alias.',1,'2025-10-08 10:08:44','2025-10-08 10:08:44',NULL),(193,66,115,4,'Est voluptas assumenda quidem sunt expedita esse at saepe. Ipsam totam nulla autem repudiandae recusandae et delectus iusto. Id non exercitationem eaque et dolorem magni.',1,'2025-10-08 10:08:44','2025-10-08 10:08:44',NULL),(194,70,39,1,'Mollitia veniam autem hic provident. Debitis qui distinctio nisi. Reiciendis voluptatem dolorum quis autem totam. Quaerat iure dignissimos reprehenderit quia voluptatem repudiandae.',1,'2025-10-08 10:08:44','2025-10-08 10:08:44',NULL),(195,70,72,5,'Iusto qui quia maiores maiores deleniti ut. Tempore voluptatum tempora temporibus praesentium reiciendis. Aut et reprehenderit fugit sapiente. Non suscipit exercitationem id eos optio.',1,'2025-10-08 10:08:44','2025-10-08 10:08:44',NULL),(196,70,84,3,'Ad eligendi quia aut consequatur. Aut natus ad architecto. Dicta tempore velit nemo et repellendus.',1,'2025-10-08 10:08:44','2025-10-08 10:08:44',NULL),(197,73,59,4,'Dolores dolore veniam ut expedita. Voluptas molestiae atque harum asperiores. Quia ipsa occaecati consequuntur dolor est.',1,'2025-10-08 10:08:44','2025-10-08 10:08:44',NULL),(198,73,67,4,'Et eveniet sit architecto natus unde molestiae veniam nulla. Repudiandae voluptas culpa vel quo ut quo labore. Et harum ab non consequatur asperiores alias fuga.',1,'2025-10-08 10:08:44','2025-10-08 10:08:44',NULL),(199,73,68,3,'Ipsum numquam est laborum molestiae. Qui enim iure error. Labore ea vel cupiditate harum ipsum expedita natus.',1,'2025-10-08 10:08:44','2025-10-08 10:08:44',NULL),(200,73,69,2,'Beatae omnis incidunt deserunt voluptas porro labore minus. Dolorem reiciendis porro et rerum. Officiis aut aliquid id eos eum est tenetur.',1,'2025-10-08 10:08:44','2025-10-08 10:08:44',NULL),(201,73,77,5,'Facilis eius enim officiis. Corrupti est nihil voluptas ut praesentium culpa blanditiis velit. Ea aliquid molestiae deserunt impedit laborum autem id sequi.',1,'2025-10-08 10:08:44','2025-10-08 10:08:44',NULL),(202,73,94,1,'Non et aperiam quos est doloribus ut provident quam. Et quia a vel voluptate culpa distinctio molestias quis. Atque omnis voluptatem blanditiis ratione cupiditate a quia consequatur.',1,'2025-10-08 10:08:44','2025-10-08 10:08:44',NULL),(203,73,108,3,'Laborum nihil iste aut ea. Exercitationem quis veniam aut tempore ut quaerat expedita. Dolorem praesentium iusto voluptatem architecto iure.',1,'2025-10-08 10:08:44','2025-10-08 10:08:44',NULL),(204,75,81,2,'Non quia in quibusdam nisi aut voluptatem est. Perferendis voluptatum enim aspernatur voluptatum in ut. Numquam optio ex consequatur. Earum voluptatem voluptate quae cupiditate ut sed nihil. Dicta quas totam sit possimus voluptatem repellendus consequuntur.',1,'2025-10-08 10:08:44','2025-10-08 10:08:44',NULL),(205,76,37,2,'Id perferendis minus repudiandae aut amet quibusdam. Reiciendis praesentium harum cupiditate beatae ut totam ad amet. Aut earum suscipit soluta doloribus.',1,'2025-10-08 10:08:44','2025-10-08 10:08:44',NULL),(206,76,59,3,'Odio ut sunt molestiae quis dolorum autem voluptate. Qui possimus recusandae voluptate eum. Laborum impedit tempora explicabo recusandae. Eaque vel sed minima est possimus.',1,'2025-10-08 10:08:44','2025-10-08 10:08:44',NULL),(207,76,73,5,'Et reiciendis voluptas sed quis sequi laborum. Quia libero ad cupiditate est. Eveniet unde quia assumenda. Et quo voluptatem molestiae minus voluptatem similique.',1,'2025-10-08 10:08:44','2025-10-08 10:08:44',NULL),(208,76,84,1,'Nulla perferendis qui sequi eaque. Sit facilis sit consequuntur aut mollitia tempore est. Possimus eos deserunt exercitationem dolor aliquam eveniet. Modi temporibus et adipisci deleniti ratione corporis.',1,'2025-10-08 10:08:44','2025-10-08 10:08:44',NULL),(209,76,95,5,'Sit qui ut a pariatur. Quo est officia adipisci omnis soluta exercitationem. Et mollitia ad voluptates voluptatum ipsa eaque beatae illum. Distinctio quaerat nesciunt et qui cupiditate quo porro reprehenderit.',1,'2025-10-08 10:08:44','2025-10-08 10:08:44',NULL),(210,76,98,4,'Qui molestias veritatis quo eos. Explicabo perspiciatis maxime voluptate est minima soluta laudantium.',1,'2025-10-08 10:08:44','2025-10-08 10:08:44',NULL),(211,76,102,3,'Accusantium aut qui cumque vero consequuntur. Beatae officia aperiam porro cupiditate ullam quia iusto quos. Nesciunt harum voluptatum itaque distinctio.',1,'2025-10-08 10:08:44','2025-10-08 10:08:44',NULL),(212,76,116,2,'Nostrum eos assumenda nihil soluta eos est. Earum excepturi labore laborum et repellendus.',1,'2025-10-08 10:08:44','2025-10-08 10:08:44',NULL),(213,81,24,2,'Non laboriosam odio dolor itaque. Optio nesciunt saepe accusantium et dolore ut ratione. Suscipit quos soluta voluptas ad sequi dolore sunt dolorum.',1,'2025-10-08 10:08:44','2025-10-08 10:08:44',NULL),(214,81,25,2,'Eos dolorum illo earum. Eius qui ipsam aut voluptatem vel. At illum porro dolorum dolor non nemo omnis.',1,'2025-10-08 10:08:44','2025-10-08 10:08:44',NULL),(215,81,37,5,'Aut exercitationem non qui nesciunt omnis. Quia vel qui tenetur corporis. Ea repellendus exercitationem et. Cupiditate beatae aut distinctio.',1,'2025-10-08 10:08:44','2025-10-08 10:08:44',NULL),(216,81,39,1,'Ea est esse voluptates. Sed rerum aspernatur nostrum sint expedita eos ea. Tempore in mollitia dolorem qui occaecati.',1,'2025-10-08 10:08:44','2025-10-08 10:08:44',NULL),(217,81,72,5,'Aut tenetur eius aperiam est doloremque voluptas illum. Sit officia magnam et sunt quasi. Dicta ab autem ut perspiciatis molestiae qui sit.',1,'2025-10-08 10:08:44','2025-10-08 10:08:44',NULL),(218,81,85,1,'Ut est illo omnis ipsam nostrum eum molestias. Dolore error doloribus quam eveniet. Repellat omnis ut debitis laborum illum placeat eligendi.',1,'2025-10-08 10:08:44','2025-10-08 10:08:44',NULL),(219,81,105,5,'Necessitatibus atque tempore dicta est cumque. Possimus eos ea minus ut. Nihil exercitationem sed minus fugit vitae. Nihil praesentium sequi voluptas recusandae. Harum sint debitis qui.',1,'2025-10-08 10:08:44','2025-10-08 10:08:44',NULL),(220,81,115,4,'In pariatur eaque cumque. Est nisi quis qui dignissimos laboriosam. Impedit consequatur iste quae asperiores magni dolores iure repudiandae. Ad nam eveniet quas voluptatibus.',1,'2025-10-08 10:08:44','2025-10-08 10:08:44',NULL),(221,82,59,2,'Et illo molestiae asperiores accusantium accusamus quo. Molestias sit qui fugit ex aut. Necessitatibus et et quod nihil ea doloremque doloribus. Laudantium temporibus animi consectetur qui.',1,'2025-10-08 10:08:44','2025-10-08 10:08:44',NULL),(222,85,29,2,'Aliquid assumenda ea molestias recusandae velit. Laborum voluptatem quisquam voluptates ducimus est minima. Pariatur aperiam totam sequi non.',1,'2025-10-08 10:08:44','2025-10-08 10:08:44',NULL),(223,85,38,2,'Omnis et est consequatur sapiente est hic. Ut reprehenderit earum ratione reiciendis ullam quae minima. Quibusdam doloribus earum voluptatem odit esse blanditiis et. Quibusdam autem incidunt quos numquam.',1,'2025-10-08 10:08:44','2025-10-08 10:08:44',NULL),(224,88,75,4,'Earum eius quo occaecati saepe est vitae nobis. Ducimus excepturi qui qui maiores eos facere repellat voluptatem. Est sapiente non expedita iste.',1,'2025-10-08 10:08:44','2025-10-08 10:08:44',NULL),(225,88,115,2,'Non reprehenderit maxime nam accusamus debitis. Consequatur provident saepe ut. Repellat autem aliquam eveniet beatae maxime enim quam id. Et provident est qui occaecati.',1,'2025-10-08 10:08:44','2025-10-08 10:08:44',NULL),(226,91,33,5,'Itaque dolor aut ipsa et aut voluptas dolorum. Tenetur qui nemo sed quia voluptatem. Sit voluptas et amet dolor.',1,'2025-10-08 10:08:44','2025-10-08 10:08:44',NULL),(227,91,72,1,'Ipsa aliquid magni quia dolores magnam aut consectetur et. Natus ad perferendis ea error sapiente ut pariatur. Ut consequuntur ut molestiae asperiores quis.',1,'2025-10-08 10:08:44','2025-10-08 10:08:44',NULL),(228,93,51,4,'Enim optio esse repudiandae fugit ab quia. Reprehenderit aut quae ea rerum. Ut in inventore aut velit. Libero blanditiis et veritatis omnis id iusto maxime.',1,'2025-10-08 10:08:44','2025-10-08 10:08:44',NULL),(229,94,28,3,'Provident nostrum reprehenderit pariatur eaque. Nihil reiciendis qui sint eveniet ut. Non assumenda laboriosam et. Nihil harum ea voluptate eos tempore sint.',1,'2025-10-08 10:08:44','2025-10-08 10:08:44',NULL),(230,94,35,2,'Tempora quo quia itaque tenetur libero voluptatem quibusdam. Est perferendis dolorem sit voluptates aut eaque voluptatem.',1,'2025-10-08 10:08:44','2025-10-08 10:08:44',NULL),(231,94,45,5,'Sed id veritatis iure perferendis ea nobis ex. Amet hic itaque fugiat eos ipsa sequi. Sunt doloribus beatae et.',1,'2025-10-08 10:08:44','2025-10-08 10:08:44',NULL),(232,94,47,5,'Cumque earum tenetur corporis quod. Iure laborum velit ea aut. Asperiores placeat soluta consequatur cum hic magnam quis. Eum voluptates et nulla eos quia.',1,'2025-10-08 10:08:44','2025-10-08 10:08:44',NULL),(233,94,70,2,'Voluptatem est qui quam dolores dolore impedit delectus molestiae. Qui ipsum eos consequatur at nam repudiandae rerum. In optio ut dolores animi debitis quas. Cupiditate qui delectus doloremque.',1,'2025-10-08 10:08:44','2025-10-08 10:08:44',NULL),(234,94,73,4,'Id ea sed tempore excepturi expedita ut. Sit ad explicabo et natus rerum sit et. Officiis accusamus eius aut voluptatibus. Laborum voluptatem quia voluptas occaecati voluptatem. Et aliquam quos optio maxime sit.',1,'2025-10-08 10:08:44','2025-10-08 10:08:44',NULL),(235,94,93,3,'Consequatur ullam culpa inventore perferendis. Asperiores accusamus voluptatem eligendi eligendi sit consequuntur. Non consequuntur est quod temporibus quasi iure.',1,'2025-10-08 10:08:44','2025-10-08 10:08:44',NULL),(236,94,94,5,'Eius eligendi consequatur laboriosam assumenda aperiam rem. Non rerum dignissimos qui cum excepturi sunt tempore est. Doloremque non velit illum odio necessitatibus. Ab illo eos nulla est eligendi illum quaerat ut.',1,'2025-10-08 10:08:44','2025-10-08 10:08:44',NULL),(237,95,34,1,'Tenetur rem itaque non quia earum. Sunt saepe cumque quaerat consequatur doloremque neque. Sunt ut asperiores laudantium fugiat animi.',1,'2025-10-08 10:08:44','2025-10-08 10:08:44',NULL),(238,95,35,5,'Laudantium autem nobis repellendus quo consequatur. Ducimus voluptas velit atque possimus voluptas. Omnis nobis nam nisi voluptas qui doloribus at.',1,'2025-10-08 10:08:44','2025-10-08 10:08:44',NULL),(239,95,46,5,'Consequatur ea illum impedit magni. Et consequuntur eveniet aspernatur minima. Quos fuga quo eaque explicabo qui qui et.',1,'2025-10-08 10:08:44','2025-10-08 10:08:44',NULL),(240,95,48,1,'Ea aut qui enim amet. Harum rerum fugit quasi consequatur quam. Quasi nesciunt sit eaque assumenda ea.',1,'2025-10-08 10:08:44','2025-10-08 10:08:44',NULL),(241,95,75,5,'Ullam et illum hic saepe rerum quia harum facilis. Eum magni sed illum ea. Ex modi eaque nulla pariatur rerum accusantium.',1,'2025-10-08 10:08:44','2025-10-08 10:08:44',NULL),(242,95,98,2,'In voluptas ducimus ut enim aperiam ea eius. Earum quam rerum voluptas. Aperiam et porro possimus ut praesentium. Quia autem quae praesentium consequuntur magni repellat aut laudantium.',1,'2025-10-08 10:08:44','2025-10-08 10:08:44',NULL),(243,95,102,4,'Eligendi praesentium similique enim. Officia ab nihil distinctio laudantium laudantium. Quo blanditiis qui repudiandae molestiae reiciendis corporis.',1,'2025-10-08 10:08:44','2025-10-08 10:08:44',NULL),(244,95,112,2,'Quis ea sapiente voluptates nam itaque qui. Sint ut harum dolorem illo non vero. Debitis voluptatem sed ut magni et.',1,'2025-10-08 10:08:44','2025-10-08 10:08:44',NULL),(245,95,119,1,'Rerum magni sunt maxime architecto ratione itaque est. Et eum quis deserunt beatae sequi veniam. Quidem vel sequi repellendus quam. Dolores et officiis ipsum voluptas.',1,'2025-10-08 10:08:44','2025-10-08 10:08:44',NULL),(246,97,23,4,'Perferendis deleniti et temporibus libero commodi. Qui sit quas sapiente omnis fuga necessitatibus hic architecto. Reprehenderit tenetur cum laborum repudiandae unde nihil autem. Aspernatur dicta aliquam quo quae.',1,'2025-10-08 10:08:44','2025-10-08 10:08:44',NULL),(247,97,40,5,'Debitis sit repellat consequatur id dolor qui. Ex inventore deserunt asperiores voluptatibus unde. Iure pariatur ratione nemo voluptas fugit. Voluptatem ut quia nulla qui repudiandae aliquam odit.',1,'2025-10-08 10:08:44','2025-10-08 10:08:44',NULL),(248,97,46,5,'Ipsam commodi eaque qui doloribus ea velit cum ut. Exercitationem consequuntur eum ut adipisci ut perspiciatis. Quos cumque et fuga quia qui distinctio aut provident. Tempore aliquam nobis ut fuga.',1,'2025-10-08 10:08:44','2025-10-08 10:08:44',NULL),(249,97,63,5,'Consequuntur nihil odio dolores autem molestiae dolores. Labore rerum hic consectetur et dolor. Laudantium est possimus repudiandae impedit accusamus. Ratione rem cum voluptas voluptatem ratione id dolorem.',1,'2025-10-08 10:08:44','2025-10-08 10:08:44',NULL),(250,97,70,5,'Et et voluptatibus deleniti blanditiis. Aut nam rerum eaque fugiat voluptatem nobis voluptatem. Ea recusandae in amet aut dolores. Mollitia eligendi quidem ea quia.',1,'2025-10-08 10:08:44','2025-10-08 10:08:44',NULL),(251,97,72,3,'Est officia vitae cumque architecto. Quo modi quia deleniti sapiente esse maiores exercitationem. Voluptatem tenetur voluptatibus necessitatibus voluptatem.',1,'2025-10-08 10:08:44','2025-10-08 10:08:44',NULL),(252,97,82,4,'Eveniet architecto repellendus tempora amet omnis. Culpa qui nobis facere alias magni perspiciatis commodi enim. Corrupti porro dignissimos velit voluptatum. Quo sed voluptatem aut perferendis ullam beatae rerum.',1,'2025-10-08 10:08:44','2025-10-08 10:08:44',NULL),(253,97,108,3,'Hic nulla et maxime quia rerum eveniet. Omnis iusto corrupti sit.',1,'2025-10-08 10:08:44','2025-10-08 10:08:44',NULL),(254,99,45,5,'Velit quos dignissimos enim dolor accusantium possimus. Quos non eius in ut sed fugiat. In et error repellat ut quisquam illum.',1,'2025-10-08 10:08:44','2025-10-08 10:08:44',NULL),(255,99,57,1,'Quisquam mollitia et animi doloribus. Quia eos veniam ut aut. Explicabo quia qui explicabo nostrum totam. Ut illum illo sed fuga.',1,'2025-10-08 10:08:44','2025-10-08 10:08:44',NULL),(256,99,58,3,'Quia quod omnis voluptatibus esse adipisci doloremque. Omnis dolorum laborum quia qui quo ducimus dolore. Tempora vitae atque eaque aliquid. Aliquid mollitia deserunt consequatur maxime ducimus laudantium ullam. Labore dolores sit quia odio.',1,'2025-10-08 10:08:44','2025-10-08 10:08:44',NULL),(257,99,80,5,'Officiis ab dolor tenetur rerum. Explicabo laudantium veniam voluptatem quis ipsam est. Magni sunt quia aut.',1,'2025-10-08 10:08:44','2025-10-08 10:08:44',NULL),(258,99,88,2,'Et vel veritatis ea voluptatum molestiae quidem. Eligendi vero deserunt tempore. Laudantium nisi possimus iusto amet. Tenetur dolorem ut voluptatem laudantium.',1,'2025-10-08 10:08:44','2025-10-08 10:08:44',NULL),(259,99,92,4,'Beatae beatae natus minima. Saepe harum voluptas aut incidunt id possimus ut debitis. Est sequi adipisci eaque cupiditate. Repudiandae nam minus nostrum laboriosam quas atque.',1,'2025-10-08 10:08:44','2025-10-08 10:08:44',NULL),(260,99,106,2,'Non ut est sit eum maiores. Corporis hic dolorem ut dolor. Non cum ut animi saepe. Dolores ipsum quae aspernatur est.',1,'2025-10-08 10:08:44','2025-10-08 10:08:44',NULL),(261,99,120,3,'Rerum necessitatibus consequatur et quia. Error aperiam ut vel ipsum error. Ipsum aut quia vel et odit.',1,'2025-10-08 10:08:44','2025-10-08 10:08:44',NULL);
/*!40000 ALTER TABLE `reviews` ENABLE KEYS */;
UNLOCK TABLES;

--
-- Table structure for table `role_user`
--

DROP TABLE IF EXISTS `role_user`;
/*!40101 SET @saved_cs_client     = @@character_set_client */;
/*!50503 SET character_set_client = utf8mb4 */;
CREATE TABLE `role_user` (
  `user_id` bigint(20) unsigned NOT NULL,
  `role_id` bigint(20) unsigned NOT NULL,
  PRIMARY KEY (`user_id`,`role_id`),
  KEY `role_user_role_id_foreign` (`role_id`),
  CONSTRAINT `role_user_role_id_foreign` FOREIGN KEY (`role_id`) REFERENCES `roles` (`id`) ON DELETE CASCADE,
  CONSTRAINT `role_user_user_id_foreign` FOREIGN KEY (`user_id`) REFERENCES `users` (`id`) ON DELETE CASCADE
) ENGINE=InnoDB DEFAULT CHARSET=utf8mb4 COLLATE=utf8mb4_unicode_ci;
/*!40101 SET character_set_client = @saved_cs_client */;

--
-- Dumping data for table `role_user`
--

LOCK TABLES `role_user` WRITE;
/*!40000 ALTER TABLE `role_user` DISABLE KEYS */;
INSERT INTO `role_user` VALUES (1,1),(2,2),(3,2),(4,2),(5,2),(6,2),(7,2),(8,2),(9,2),(10,2),(11,2),(12,2),(13,2),(14,2),(15,2),(16,2),(17,2),(18,2),(19,2),(20,2),(21,2),(22,3),(23,3),(24,3),(25,3),(26,3),(27,3),(28,3),(29,3),(30,3),(31,3),(32,3),(33,3),(34,3),(35,3),(36,3),(37,3),(38,3),(39,3),(40,3),(41,3),(42,3),(43,3),(44,3),(45,3),(46,3),(47,3),(48,3),(49,3),(50,3),(51,3),(52,3),(53,3),(54,3),(55,3),(56,3),(57,3),(58,3),(59,3),(60,3),(61,3),(62,3),(63,3),(64,3),(65,3),(66,3),(67,3),(68,3),(69,3),(70,3),(71,3),(72,3),(73,3),(74,3),(75,3),(76,3),(77,3),(78,3),(79,3),(80,3),(81,3),(82,3),(83,3),(84,3),(85,3),(86,3),(87,3),(88,3),(89,3),(90,3),(91,3),(92,3),(93,3),(94,3),(95,3),(96,3),(97,3),(98,3),(99,3),(100,3),(101,3),(102,3),(103,3),(104,3),(105,3),(106,3),(107,3),(108,3),(109,3),(110,3),(111,3),(112,3),(113,3),(114,3),(115,3),(116,3),(117,3),(118,3),(119,3),(120,3),(121,3),(122,4),(123,4),(124,4),(125,4),(126,4),(127,4),(128,4),(129,4),(130,4),(131,4);
/*!40000 ALTER TABLE `role_user` ENABLE KEYS */;
UNLOCK TABLES;

--
-- Table structure for table `roles`
--

DROP TABLE IF EXISTS `roles`;
/*!40101 SET @saved_cs_client     = @@character_set_client */;
/*!50503 SET character_set_client = utf8mb4 */;
CREATE TABLE `roles` (
  `id` bigint(20) unsigned NOT NULL AUTO_INCREMENT,
  `name` longtext CHARACTER SET utf8mb4 COLLATE utf8mb4_bin NOT NULL CHECK (json_valid(`name`)),
  `description` longtext CHARACTER SET utf8mb4 COLLATE utf8mb4_bin DEFAULT NULL CHECK (json_valid(`description`)),
  `created_at` timestamp NULL DEFAULT NULL,
  `updated_at` timestamp NULL DEFAULT NULL,
  PRIMARY KEY (`id`)
) ENGINE=InnoDB AUTO_INCREMENT=5 DEFAULT CHARSET=utf8mb4 COLLATE=utf8mb4_unicode_ci;
/*!40101 SET character_set_client = @saved_cs_client */;

--
-- Dumping data for table `roles`
--

LOCK TABLES `roles` WRITE;
/*!40000 ALTER TABLE `roles` DISABLE KEYS */;
INSERT INTO `roles` VALUES (1,'{\"en\":\"Admin\",\"vi\":\"Quản trị viên\"}','{\"en\":\"Administrator with full access\",\"vi\":\"Quản trị viên có toàn quyền truy cập\"}','2025-10-08 10:08:37','2025-10-08 10:08:37'),(2,'{\"en\":\"Seller\",\"vi\":\"Người bán hàng\"}','{\"en\":\"User who can sell products\",\"vi\":\"Người dùng có thể bán sản phẩm\"}','2025-10-08 10:08:37','2025-10-08 10:08:37'),(3,'{\"en\":\"Customer\",\"vi\":\"Khách hàng\"}','{\"en\":\"User who can buy products\",\"vi\":\"Người dùng có thể mua sản phẩm\"}','2025-10-08 10:08:37','2025-10-08 10:08:37'),(4,'{\"en\":\"Shipper\",\"vi\":\"Người giao hàng\"}','{\"en\":\"User who delivers orders\",\"vi\":\"Người dùng thực hiện giao đơn hàng\"}','2025-10-08 10:08:37','2025-10-08 10:08:37');
/*!40000 ALTER TABLE `roles` ENABLE KEYS */;
UNLOCK TABLES;

--
-- Table structure for table `search_histories`
--

DROP TABLE IF EXISTS `search_histories`;
/*!40101 SET @saved_cs_client     = @@character_set_client */;
/*!50503 SET character_set_client = utf8mb4 */;
CREATE TABLE `search_histories` (
  `search_history_id` bigint(20) unsigned NOT NULL AUTO_INCREMENT,
  `user_id` bigint(20) unsigned NOT NULL,
  `search_term` varchar(200) NOT NULL,
  `search_count` int(11) NOT NULL DEFAULT 1,
  `last_searched` timestamp NOT NULL DEFAULT current_timestamp() ON UPDATE current_timestamp(),
  PRIMARY KEY (`search_history_id`),
  UNIQUE KEY `search_histories_user_id_search_term_unique` (`user_id`,`search_term`),
  CONSTRAINT `search_histories_user_id_foreign` FOREIGN KEY (`user_id`) REFERENCES `users` (`id`) ON DELETE CASCADE
) ENGINE=InnoDB AUTO_INCREMENT=412 DEFAULT CHARSET=utf8mb4 COLLATE=utf8mb4_unicode_ci;
/*!40101 SET character_set_client = @saved_cs_client */;

--
-- Dumping data for table `search_histories`
--

LOCK TABLES `search_histories` WRITE;
/*!40000 ALTER TABLE `search_histories` DISABLE KEYS */;
INSERT INTO `search_histories` VALUES (1,22,'áo thun nam',4,'2025-10-08 10:08:44'),(2,22,'kem chống nắng la roche posay',3,'2025-10-08 10:08:44'),(3,22,'iphone 15 pro max',3,'2025-10-08 10:08:44'),(4,22,'giày nike air force 1',2,'2025-10-08 10:08:44'),(5,23,'sách đắc nhân tâm',2,'2025-10-08 10:08:45'),(6,23,'áo thun nam',3,'2025-10-08 10:08:45'),(7,23,'iphone 15 pro max',2,'2025-10-08 10:08:45'),(8,23,'giày nike air force 1',3,'2025-10-08 10:08:45'),(9,23,'kem chống nắng la roche posay',2,'2025-10-08 10:08:45'),(10,24,'giày nike air force 1',4,'2025-10-08 10:08:45'),(11,24,'iphone 15 pro max',2,'2025-10-08 10:08:45'),(12,24,'sách đắc nhân tâm',4,'2025-10-08 10:08:45'),(13,24,'áo thun nam',4,'2025-10-08 10:08:45'),(14,25,'sách đắc nhân tâm',3,'2025-10-08 10:08:45'),(15,25,'giày nike air force 1',5,'2025-10-08 10:08:45'),(16,25,'kem chống nắng la roche posay',3,'2025-10-08 10:08:45'),(17,25,'áo thun nam',2,'2025-10-08 10:08:45'),(18,26,'sách đắc nhân tâm',3,'2025-10-08 10:08:45'),(19,26,'kem chống nắng la roche posay',4,'2025-10-08 10:08:45'),(20,26,'iphone 15 pro max',4,'2025-10-08 10:08:45'),(21,26,'giày nike air force 1',2,'2025-10-08 10:08:45'),(22,27,'áo thun nam',3,'2025-10-08 10:08:45'),(23,27,'giày nike air force 1',3,'2025-10-08 10:08:45'),(24,27,'iphone 15 pro max',4,'2025-10-08 10:08:45'),(25,27,'kem chống nắng la roche posay',2,'2025-10-08 10:08:45'),(26,28,'giày nike air force 1',4,'2025-10-08 10:08:45'),(27,28,'iphone 15 pro max',2,'2025-10-08 10:08:45'),(28,28,'sách đắc nhân tâm',3,'2025-10-08 10:08:45'),(29,28,'áo thun nam',2,'2025-10-08 10:08:45'),(30,29,'áo thun nam',3,'2025-10-08 10:08:45'),(31,29,'giày nike air force 1',4,'2025-10-08 10:08:45'),(32,29,'kem chống nắng la roche posay',3,'2025-10-08 10:08:45'),(33,29,'sách đắc nhân tâm',2,'2025-10-08 10:08:45'),(34,30,'áo thun nam',6,'2025-10-08 10:08:45'),(35,30,'sách đắc nhân tâm',4,'2025-10-08 10:08:45'),(36,30,'giày nike air force 1',4,'2025-10-08 10:08:45'),(37,30,'iphone 15 pro max',3,'2025-10-08 10:08:45'),(38,31,'iphone 15 pro max',3,'2025-10-08 10:08:45'),(39,31,'kem chống nắng la roche posay',2,'2025-10-08 10:08:45'),(40,31,'sách đắc nhân tâm',3,'2025-10-08 10:08:45'),(41,31,'áo thun nam',3,'2025-10-08 10:08:45'),(42,32,'kem chống nắng la roche posay',7,'2025-10-08 10:08:45'),(43,32,'iphone 15 pro max',2,'2025-10-08 10:08:45'),(44,32,'sách đắc nhân tâm',4,'2025-10-08 10:08:45'),(45,32,'giày nike air force 1',2,'2025-10-08 10:08:45'),(46,33,'giày nike air force 1',4,'2025-10-08 10:08:46'),(47,33,'iphone 15 pro max',2,'2025-10-08 10:08:46'),(48,33,'sách đắc nhân tâm',3,'2025-10-08 10:08:46'),(49,34,'kem chống nắng la roche posay',2,'2025-10-08 10:08:46'),(50,34,'sách đắc nhân tâm',4,'2025-10-08 10:08:46'),(51,34,'giày nike air force 1',3,'2025-10-08 10:08:46'),(52,34,'áo thun nam',2,'2025-10-08 10:08:46'),(53,35,'sách đắc nhân tâm',5,'2025-10-08 10:08:46'),(54,35,'áo thun nam',3,'2025-10-08 10:08:46'),(55,35,'iphone 15 pro max',4,'2025-10-08 10:08:46'),(56,36,'giày nike air force 1',4,'2025-10-08 10:08:46'),(57,36,'áo thun nam',4,'2025-10-08 10:08:46'),(58,36,'iphone 15 pro max',4,'2025-10-08 10:08:46'),(59,36,'sách đắc nhân tâm',3,'2025-10-08 10:08:46'),(60,37,'áo thun nam',4,'2025-10-08 10:08:46'),(61,37,'giày nike air force 1',2,'2025-10-08 10:08:46'),(62,37,'kem chống nắng la roche posay',3,'2025-10-08 10:08:46'),(63,38,'sách đắc nhân tâm',3,'2025-10-08 10:08:46'),(64,38,'áo thun nam',3,'2025-10-08 10:08:46'),(65,38,'iphone 15 pro max',4,'2025-10-08 10:08:46'),(66,39,'áo thun nam',2,'2025-10-08 10:08:46'),(67,39,'giày nike air force 1',4,'2025-10-08 10:08:46'),(68,39,'kem chống nắng la roche posay',3,'2025-10-08 10:08:46'),(69,39,'iphone 15 pro max',3,'2025-10-08 10:08:46'),(70,39,'sách đắc nhân tâm',2,'2025-10-08 10:08:46'),(71,40,'giày nike air force 1',3,'2025-10-08 10:08:46'),(72,40,'sách đắc nhân tâm',2,'2025-10-08 10:08:46'),(73,40,'iphone 15 pro max',5,'2025-10-08 10:08:46'),(74,41,'áo thun nam',5,'2025-10-08 10:08:46'),(75,41,'sách đắc nhân tâm',3,'2025-10-08 10:08:46'),(76,41,'giày nike air force 1',3,'2025-10-08 10:08:46'),(77,42,'giày nike air force 1',5,'2025-10-08 10:08:47'),(78,42,'iphone 15 pro max',3,'2025-10-08 10:08:47'),(79,42,'áo thun nam',4,'2025-10-08 10:08:47'),(80,42,'sách đắc nhân tâm',3,'2025-10-08 10:08:47'),(81,42,'kem chống nắng la roche posay',2,'2025-10-08 10:08:47'),(82,43,'áo thun nam',5,'2025-10-08 10:08:47'),(83,43,'giày nike air force 1',4,'2025-10-08 10:08:47'),(84,43,'iphone 15 pro max',3,'2025-10-08 10:08:47'),(85,43,'kem chống nắng la roche posay',2,'2025-10-08 10:08:47'),(86,43,'sách đắc nhân tâm',2,'2025-10-08 10:08:47'),(87,44,'kem chống nắng la roche posay',2,'2025-10-08 10:08:47'),(88,44,'sách đắc nhân tâm',3,'2025-10-08 10:08:47'),(89,44,'giày nike air force 1',2,'2025-10-08 10:08:47'),(90,44,'áo thun nam',3,'2025-10-08 10:08:47'),(91,44,'iphone 15 pro max',2,'2025-10-08 10:08:47'),(92,45,'kem chống nắng la roche posay',4,'2025-10-08 10:08:47'),(93,45,'giày nike air force 1',3,'2025-10-08 10:08:47'),(94,45,'sách đắc nhân tâm',3,'2025-10-08 10:08:47'),(95,45,'áo thun nam',2,'2025-10-08 10:08:47'),(96,46,'sách đắc nhân tâm',2,'2025-10-08 10:08:47'),(97,46,'áo thun nam',2,'2025-10-08 10:08:47'),(98,46,'giày nike air force 1',3,'2025-10-08 10:08:47'),(99,46,'kem chống nắng la roche posay',4,'2025-10-08 10:08:47'),(100,46,'iphone 15 pro max',3,'2025-10-08 10:08:47'),(101,47,'áo thun nam',2,'2025-10-08 10:08:47'),(102,47,'sách đắc nhân tâm',2,'2025-10-08 10:08:47'),(103,47,'kem chống nắng la roche posay',3,'2025-10-08 10:08:47'),(104,47,'giày nike air force 1',2,'2025-10-08 10:08:47'),(105,48,'giày nike air force 1',2,'2025-10-08 10:08:47'),(106,48,'áo thun nam',2,'2025-10-08 10:08:47'),(107,48,'iphone 15 pro max',2,'2025-10-08 10:08:47'),(108,48,'kem chống nắng la roche posay',2,'2025-10-08 10:08:47'),(109,48,'sách đắc nhân tâm',2,'2025-10-08 10:08:47'),(110,49,'sách đắc nhân tâm',4,'2025-10-08 10:08:47'),(111,49,'áo thun nam',4,'2025-10-08 10:08:47'),(112,49,'kem chống nắng la roche posay',3,'2025-10-08 10:08:47'),(113,49,'iphone 15 pro max',2,'2025-10-08 10:08:47'),(114,49,'giày nike air force 1',2,'2025-10-08 10:08:47'),(115,50,'kem chống nắng la roche posay',2,'2025-10-08 10:08:47'),(116,50,'áo thun nam',2,'2025-10-08 10:08:47'),(117,50,'giày nike air force 1',3,'2025-10-08 10:08:47'),(118,50,'sách đắc nhân tâm',5,'2025-10-08 10:08:47'),(119,50,'iphone 15 pro max',4,'2025-10-08 10:08:47'),(120,51,'áo thun nam',3,'2025-10-08 10:08:48'),(121,51,'iphone 15 pro max',4,'2025-10-08 10:08:48'),(122,51,'sách đắc nhân tâm',4,'2025-10-08 10:08:48'),(123,51,'giày nike air force 1',3,'2025-10-08 10:08:48'),(124,52,'giày nike air force 1',2,'2025-10-08 10:08:48'),(125,52,'sách đắc nhân tâm',5,'2025-10-08 10:08:48'),(126,52,'iphone 15 pro max',2,'2025-10-08 10:08:48'),(127,52,'kem chống nắng la roche posay',3,'2025-10-08 10:08:48'),(128,52,'áo thun nam',2,'2025-10-08 10:08:48'),(129,53,'iphone 15 pro max',4,'2025-10-08 10:08:48'),(130,53,'kem chống nắng la roche posay',4,'2025-10-08 10:08:48'),(131,53,'sách đắc nhân tâm',2,'2025-10-08 10:08:48'),(132,53,'áo thun nam',3,'2025-10-08 10:08:48'),(133,54,'iphone 15 pro max',4,'2025-10-08 10:08:48'),(134,54,'áo thun nam',2,'2025-10-08 10:08:48'),(135,54,'sách đắc nhân tâm',3,'2025-10-08 10:08:48'),(136,54,'kem chống nắng la roche posay',3,'2025-10-08 10:08:48'),(137,55,'áo thun nam',6,'2025-10-08 10:08:48'),(138,55,'sách đắc nhân tâm',5,'2025-10-08 10:08:48'),(139,55,'kem chống nắng la roche posay',2,'2025-10-08 10:08:48'),(140,56,'kem chống nắng la roche posay',2,'2025-10-08 10:08:48'),(141,56,'giày nike air force 1',3,'2025-10-08 10:08:48'),(142,56,'iphone 15 pro max',2,'2025-10-08 10:08:48'),(143,56,'áo thun nam',5,'2025-10-08 10:08:48'),(144,57,'iphone 15 pro max',4,'2025-10-08 10:08:48'),(145,57,'sách đắc nhân tâm',3,'2025-10-08 10:08:48'),(146,57,'giày nike air force 1',2,'2025-10-08 10:08:48'),(147,57,'kem chống nắng la roche posay',2,'2025-10-08 10:08:48'),(148,57,'áo thun nam',2,'2025-10-08 10:08:48'),(149,58,'giày nike air force 1',4,'2025-10-08 10:08:48'),(150,58,'sách đắc nhân tâm',2,'2025-10-08 10:08:48'),(151,58,'iphone 15 pro max',2,'2025-10-08 10:08:48'),(152,58,'áo thun nam',2,'2025-10-08 10:08:48'),(153,59,'kem chống nắng la roche posay',3,'2025-10-08 10:08:48'),(154,59,'iphone 15 pro max',3,'2025-10-08 10:08:48'),(155,59,'áo thun nam',2,'2025-10-08 10:08:48'),(156,59,'sách đắc nhân tâm',2,'2025-10-08 10:08:48'),(157,59,'giày nike air force 1',2,'2025-10-08 10:08:48'),(158,60,'áo thun nam',3,'2025-10-08 10:08:48'),(159,60,'giày nike air force 1',5,'2025-10-08 10:08:48'),(160,60,'kem chống nắng la roche posay',2,'2025-10-08 10:08:48'),(161,60,'iphone 15 pro max',2,'2025-10-08 10:08:48'),(162,61,'kem chống nắng la roche posay',3,'2025-10-08 10:08:49'),(163,61,'giày nike air force 1',3,'2025-10-08 10:08:49'),(164,61,'iphone 15 pro max',4,'2025-10-08 10:08:49'),(165,61,'sách đắc nhân tâm',2,'2025-10-08 10:08:49'),(166,62,'sách đắc nhân tâm',2,'2025-10-08 10:08:49'),(167,62,'áo thun nam',2,'2025-10-08 10:08:49'),(168,62,'iphone 15 pro max',4,'2025-10-08 10:08:49'),(169,62,'giày nike air force 1',2,'2025-10-08 10:08:49'),(170,63,'sách đắc nhân tâm',2,'2025-10-08 10:08:49'),(171,63,'iphone 15 pro max',4,'2025-10-08 10:08:49'),(172,63,'giày nike air force 1',2,'2025-10-08 10:08:49'),(173,63,'kem chống nắng la roche posay',2,'2025-10-08 10:08:49'),(174,64,'sách đắc nhân tâm',2,'2025-10-08 10:08:49'),(175,64,'giày nike air force 1',4,'2025-10-08 10:08:49'),(176,64,'kem chống nắng la roche posay',2,'2025-10-08 10:08:49'),(177,64,'iphone 15 pro max',3,'2025-10-08 10:08:49'),(178,65,'iphone 15 pro max',5,'2025-10-08 10:08:49'),(179,65,'kem chống nắng la roche posay',3,'2025-10-08 10:08:49'),(180,65,'áo thun nam',2,'2025-10-08 10:08:49'),(181,66,'iphone 15 pro max',4,'2025-10-08 10:08:49'),(182,66,'kem chống nắng la roche posay',3,'2025-10-08 10:08:49'),(183,66,'sách đắc nhân tâm',3,'2025-10-08 10:08:49'),(184,66,'áo thun nam',2,'2025-10-08 10:08:49'),(185,67,'kem chống nắng la roche posay',3,'2025-10-08 10:08:49'),(186,67,'giày nike air force 1',4,'2025-10-08 10:08:49'),(187,67,'áo thun nam',2,'2025-10-08 10:08:49'),(188,68,'sách đắc nhân tâm',4,'2025-10-08 10:08:49'),(189,68,'giày nike air force 1',3,'2025-10-08 10:08:49'),(190,68,'áo thun nam',2,'2025-10-08 10:08:49'),(191,68,'iphone 15 pro max',2,'2025-10-08 10:08:49'),(192,69,'kem chống nắng la roche posay',3,'2025-10-08 10:08:49'),(193,69,'iphone 15 pro max',3,'2025-10-08 10:08:49'),(194,69,'sách đắc nhân tâm',2,'2025-10-08 10:08:49'),(195,69,'giày nike air force 1',2,'2025-10-08 10:08:49'),(196,69,'áo thun nam',2,'2025-10-08 10:08:49'),(197,70,'kem chống nắng la roche posay',3,'2025-10-08 10:08:49'),(198,70,'iphone 15 pro max',8,'2025-10-08 10:08:50'),(199,70,'sách đắc nhân tâm',3,'2025-10-08 10:08:50'),(200,70,'áo thun nam',2,'2025-10-08 10:08:50'),(201,71,'iphone 15 pro max',4,'2025-10-08 10:08:50'),(202,71,'áo thun nam',4,'2025-10-08 10:08:50'),(203,71,'giày nike air force 1',3,'2025-10-08 10:08:50'),(204,71,'kem chống nắng la roche posay',2,'2025-10-08 10:08:50'),(205,72,'sách đắc nhân tâm',2,'2025-10-08 10:08:50'),(206,72,'áo thun nam',2,'2025-10-08 10:08:50'),(207,72,'iphone 15 pro max',3,'2025-10-08 10:08:50'),(208,72,'giày nike air force 1',2,'2025-10-08 10:08:50'),(209,73,'sách đắc nhân tâm',4,'2025-10-08 10:08:50'),(210,73,'áo thun nam',3,'2025-10-08 10:08:50'),(211,73,'giày nike air force 1',2,'2025-10-08 10:08:50'),(212,73,'kem chống nắng la roche posay',4,'2025-10-08 10:08:50'),(213,74,'iphone 15 pro max',4,'2025-10-08 10:08:50'),(214,74,'sách đắc nhân tâm',4,'2025-10-08 10:08:50'),(215,74,'kem chống nắng la roche posay',2,'2025-10-08 10:08:50'),(216,74,'giày nike air force 1',2,'2025-10-08 10:08:50'),(217,75,'iphone 15 pro max',3,'2025-10-08 10:08:50'),(218,75,'giày nike air force 1',3,'2025-10-08 10:08:50'),(219,75,'sách đắc nhân tâm',2,'2025-10-08 10:08:50'),(220,75,'áo thun nam',5,'2025-10-08 10:08:50'),(221,75,'kem chống nắng la roche posay',2,'2025-10-08 10:08:50'),(222,76,'kem chống nắng la roche posay',3,'2025-10-08 10:08:50'),(223,76,'giày nike air force 1',3,'2025-10-08 10:08:50'),(224,76,'iphone 15 pro max',6,'2025-10-08 10:08:50'),(225,76,'áo thun nam',2,'2025-10-08 10:08:50'),(226,76,'sách đắc nhân tâm',2,'2025-10-08 10:08:50'),(227,77,'kem chống nắng la roche posay',3,'2025-10-08 10:08:50'),(228,77,'iphone 15 pro max',3,'2025-10-08 10:08:50'),(229,77,'sách đắc nhân tâm',3,'2025-10-08 10:08:50'),(230,78,'kem chống nắng la roche posay',3,'2025-10-08 10:08:50'),(231,78,'iphone 15 pro max',4,'2025-10-08 10:08:50'),(232,78,'giày nike air force 1',4,'2025-10-08 10:08:50'),(233,78,'áo thun nam',2,'2025-10-08 10:08:50'),(234,79,'iphone 15 pro max',5,'2025-10-08 10:08:50'),(235,79,'kem chống nắng la roche posay',3,'2025-10-08 10:08:50'),(236,79,'giày nike air force 1',3,'2025-10-08 10:08:50'),(237,79,'sách đắc nhân tâm',3,'2025-10-08 10:08:50'),(238,80,'sách đắc nhân tâm',3,'2025-10-08 10:08:51'),(239,80,'giày nike air force 1',3,'2025-10-08 10:08:51'),(240,80,'áo thun nam',4,'2025-10-08 10:08:51'),(241,80,'kem chống nắng la roche posay',2,'2025-10-08 10:08:51'),(242,80,'iphone 15 pro max',2,'2025-10-08 10:08:51'),(243,81,'kem chống nắng la roche posay',2,'2025-10-08 10:08:51'),(244,81,'iphone 15 pro max',4,'2025-10-08 10:08:51'),(245,81,'sách đắc nhân tâm',3,'2025-10-08 10:08:51'),(246,81,'giày nike air force 1',3,'2025-10-08 10:08:51'),(247,81,'áo thun nam',2,'2025-10-08 10:08:51'),(248,82,'iphone 15 pro max',4,'2025-10-08 10:08:51'),(249,82,'áo thun nam',3,'2025-10-08 10:08:51'),(250,82,'sách đắc nhân tâm',3,'2025-10-08 10:08:51'),(251,82,'kem chống nắng la roche posay',2,'2025-10-08 10:08:51'),(252,83,'sách đắc nhân tâm',2,'2025-10-08 10:08:51'),(253,83,'iphone 15 pro max',5,'2025-10-08 10:08:51'),(254,83,'giày nike air force 1',3,'2025-10-08 10:08:51'),(255,83,'kem chống nắng la roche posay',2,'2025-10-08 10:08:51'),(256,84,'sách đắc nhân tâm',4,'2025-10-08 10:08:51'),(257,84,'kem chống nắng la roche posay',3,'2025-10-08 10:08:51'),(258,84,'áo thun nam',2,'2025-10-08 10:08:51'),(259,84,'giày nike air force 1',2,'2025-10-08 10:08:51'),(260,85,'iphone 15 pro max',3,'2025-10-08 10:08:51'),(261,85,'sách đắc nhân tâm',4,'2025-10-08 10:08:51'),(262,85,'giày nike air force 1',2,'2025-10-08 10:08:51'),(263,85,'áo thun nam',2,'2025-10-08 10:08:51'),(264,86,'áo thun nam',6,'2025-10-08 10:08:51'),(265,86,'sách đắc nhân tâm',2,'2025-10-08 10:08:51'),(266,86,'giày nike air force 1',3,'2025-10-08 10:08:51'),(267,86,'kem chống nắng la roche posay',2,'2025-10-08 10:08:51'),(268,86,'iphone 15 pro max',2,'2025-10-08 10:08:51'),(269,87,'kem chống nắng la roche posay',2,'2025-10-08 10:08:51'),(270,87,'sách đắc nhân tâm',2,'2025-10-08 10:08:51'),(271,87,'iphone 15 pro max',3,'2025-10-08 10:08:51'),(272,87,'giày nike air force 1',3,'2025-10-08 10:08:51'),(273,88,'sách đắc nhân tâm',3,'2025-10-08 10:08:51'),(274,88,'giày nike air force 1',4,'2025-10-08 10:08:51'),(275,88,'áo thun nam',3,'2025-10-08 10:08:51'),(276,88,'kem chống nắng la roche posay',2,'2025-10-08 10:08:51'),(277,88,'iphone 15 pro max',2,'2025-10-08 10:08:51'),(278,89,'kem chống nắng la roche posay',4,'2025-10-08 10:08:51'),(279,89,'giày nike air force 1',2,'2025-10-08 10:08:51'),(280,89,'iphone 15 pro max',3,'2025-10-08 10:08:51'),(281,89,'sách đắc nhân tâm',2,'2025-10-08 10:08:51'),(282,90,'giày nike air force 1',3,'2025-10-08 10:08:52'),(283,90,'iphone 15 pro max',4,'2025-10-08 10:08:52'),(284,90,'kem chống nắng la roche posay',3,'2025-10-08 10:08:52'),(285,90,'sách đắc nhân tâm',3,'2025-10-08 10:08:52'),(286,90,'áo thun nam',2,'2025-10-08 10:08:52'),(287,91,'giày nike air force 1',3,'2025-10-08 10:08:52'),(288,91,'kem chống nắng la roche posay',4,'2025-10-08 10:08:52'),(289,91,'sách đắc nhân tâm',2,'2025-10-08 10:08:52'),(290,92,'kem chống nắng la roche posay',2,'2025-10-08 10:08:52'),(291,92,'sách đắc nhân tâm',3,'2025-10-08 10:08:52'),(292,92,'iphone 15 pro max',3,'2025-10-08 10:08:52'),(293,92,'áo thun nam',3,'2025-10-08 10:08:52'),(294,92,'giày nike air force 1',2,'2025-10-08 10:08:52'),(295,93,'iphone 15 pro max',3,'2025-10-08 10:08:52'),(296,93,'giày nike air force 1',5,'2025-10-08 10:08:52'),(297,93,'áo thun nam',2,'2025-10-08 10:08:52'),(298,93,'kem chống nắng la roche posay',3,'2025-10-08 10:08:52'),(299,94,'kem chống nắng la roche posay',4,'2025-10-08 10:08:52'),(300,94,'sách đắc nhân tâm',3,'2025-10-08 10:08:52'),(301,94,'áo thun nam',2,'2025-10-08 10:08:52'),(302,94,'giày nike air force 1',2,'2025-10-08 10:08:52'),(303,94,'iphone 15 pro max',2,'2025-10-08 10:08:52'),(304,95,'iphone 15 pro max',3,'2025-10-08 10:08:52'),(305,95,'kem chống nắng la roche posay',5,'2025-10-08 10:08:52'),(306,95,'sách đắc nhân tâm',2,'2025-10-08 10:08:52'),(307,96,'iphone 15 pro max',4,'2025-10-08 10:08:52'),(308,96,'sách đắc nhân tâm',3,'2025-10-08 10:08:52'),(309,96,'kem chống nắng la roche posay',3,'2025-10-08 10:08:52'),(310,96,'áo thun nam',2,'2025-10-08 10:08:52'),(311,97,'iphone 15 pro max',4,'2025-10-08 10:08:52'),(312,97,'sách đắc nhân tâm',3,'2025-10-08 10:08:52'),(313,97,'giày nike air force 1',2,'2025-10-08 10:08:52'),(314,98,'sách đắc nhân tâm',3,'2025-10-08 10:08:52'),(315,98,'iphone 15 pro max',3,'2025-10-08 10:08:52'),(316,98,'giày nike air force 1',2,'2025-10-08 10:08:52'),(317,98,'kem chống nắng la roche posay',2,'2025-10-08 10:08:52'),(318,99,'sách đắc nhân tâm',3,'2025-10-08 10:08:52'),(319,99,'iphone 15 pro max',2,'2025-10-08 10:08:52'),(320,99,'giày nike air force 1',2,'2025-10-08 10:08:52'),(321,99,'kem chống nắng la roche posay',2,'2025-10-08 10:08:52'),(322,100,'sách đắc nhân tâm',3,'2025-10-08 10:08:53'),(323,100,'giày nike air force 1',3,'2025-10-08 10:08:53'),(324,100,'iphone 15 pro max',2,'2025-10-08 10:08:53'),(325,100,'kem chống nắng la roche posay',2,'2025-10-08 10:08:53'),(326,101,'iphone 15 pro max',5,'2025-10-08 10:08:53'),(327,101,'áo thun nam',3,'2025-10-08 10:08:53'),(328,101,'sách đắc nhân tâm',3,'2025-10-08 10:08:53'),(329,101,'kem chống nắng la roche posay',2,'2025-10-08 10:08:53'),(330,102,'giày nike air force 1',6,'2025-10-08 10:08:53'),(331,102,'iphone 15 pro max',3,'2025-10-08 10:08:53'),(332,102,'sách đắc nhân tâm',2,'2025-10-08 10:08:53'),(333,102,'áo thun nam',2,'2025-10-08 10:08:53'),(334,103,'giày nike air force 1',4,'2025-10-08 10:08:53'),(335,103,'kem chống nắng la roche posay',3,'2025-10-08 10:08:53'),(336,103,'áo thun nam',2,'2025-10-08 10:08:53'),(337,103,'iphone 15 pro max',3,'2025-10-08 10:08:53'),(338,104,'iphone 15 pro max',3,'2025-10-08 10:08:53'),(339,104,'áo thun nam',3,'2025-10-08 10:08:53'),(340,104,'sách đắc nhân tâm',3,'2025-10-08 10:08:53'),(341,105,'sách đắc nhân tâm',4,'2025-10-08 10:08:53'),(342,105,'kem chống nắng la roche posay',2,'2025-10-08 10:08:53'),(343,105,'iphone 15 pro max',3,'2025-10-08 10:08:53'),(344,105,'áo thun nam',2,'2025-10-08 10:08:53'),(345,105,'giày nike air force 1',3,'2025-10-08 10:08:53'),(346,106,'giày nike air force 1',2,'2025-10-08 10:08:53'),(347,106,'iphone 15 pro max',5,'2025-10-08 10:08:53'),(348,106,'kem chống nắng la roche posay',2,'2025-10-08 10:08:53'),(349,106,'sách đắc nhân tâm',2,'2025-10-08 10:08:53'),(350,107,'áo thun nam',3,'2025-10-08 10:08:53'),(351,107,'giày nike air force 1',3,'2025-10-08 10:08:53'),(352,107,'sách đắc nhân tâm',2,'2025-10-08 10:08:53'),(353,107,'kem chống nắng la roche posay',2,'2025-10-08 10:08:53'),(354,108,'giày nike air force 1',3,'2025-10-08 10:08:53'),(355,108,'iphone 15 pro max',4,'2025-10-08 10:08:53'),(356,108,'sách đắc nhân tâm',2,'2025-10-08 10:08:53'),(357,108,'áo thun nam',2,'2025-10-08 10:08:53'),(358,109,'giày nike air force 1',2,'2025-10-08 10:08:54'),(359,109,'sách đắc nhân tâm',2,'2025-10-08 10:08:54'),(360,109,'iphone 15 pro max',2,'2025-10-08 10:08:54'),(361,109,'áo thun nam',3,'2025-10-08 10:08:54'),(362,109,'kem chống nắng la roche posay',2,'2025-10-08 10:08:54'),(363,110,'sách đắc nhân tâm',4,'2025-10-08 10:08:54'),(364,110,'kem chống nắng la roche posay',3,'2025-10-08 10:08:54'),(365,110,'áo thun nam',2,'2025-10-08 10:08:54'),(366,110,'iphone 15 pro max',2,'2025-10-08 10:08:54'),(367,110,'giày nike air force 1',2,'2025-10-08 10:08:54'),(368,111,'iphone 15 pro max',3,'2025-10-08 10:08:54'),(369,111,'giày nike air force 1',4,'2025-10-08 10:08:54'),(370,112,'giày nike air force 1',3,'2025-10-08 10:08:54'),(371,112,'iphone 15 pro max',3,'2025-10-08 10:08:54'),(372,112,'sách đắc nhân tâm',4,'2025-10-08 10:08:54'),(373,112,'áo thun nam',3,'2025-10-08 10:08:54'),(374,113,'giày nike air force 1',2,'2025-10-08 10:08:54'),(375,113,'kem chống nắng la roche posay',2,'2025-10-08 10:08:54'),(376,113,'áo thun nam',4,'2025-10-08 10:08:54'),(377,113,'iphone 15 pro max',3,'2025-10-08 10:08:54'),(378,114,'kem chống nắng la roche posay',3,'2025-10-08 10:08:54'),(379,114,'giày nike air force 1',3,'2025-10-08 10:08:54'),(380,114,'iphone 15 pro max',2,'2025-10-08 10:08:54'),(381,114,'áo thun nam',5,'2025-10-08 10:08:54'),(382,115,'giày nike air force 1',3,'2025-10-08 10:08:54'),(383,115,'iphone 15 pro max',5,'2025-10-08 10:08:54'),(384,115,'áo thun nam',2,'2025-10-08 10:08:54'),(385,115,'kem chống nắng la roche posay',2,'2025-10-08 10:08:54'),(386,115,'sách đắc nhân tâm',2,'2025-10-08 10:08:54'),(387,116,'iphone 15 pro max',5,'2025-10-08 10:08:54'),(388,116,'sách đắc nhân tâm',4,'2025-10-08 10:08:54'),(389,116,'kem chống nắng la roche posay',2,'2025-10-08 10:08:54'),(390,116,'áo thun nam',2,'2025-10-08 10:08:54'),(391,116,'giày nike air force 1',4,'2025-10-08 10:08:54'),(392,117,'sách đắc nhân tâm',3,'2025-10-08 10:08:54'),(393,117,'giày nike air force 1',2,'2025-10-08 10:08:54'),(394,117,'iphone 15 pro max',3,'2025-10-08 10:08:54'),(395,117,'áo thun nam',3,'2025-10-08 10:08:54'),(396,118,'iphone 15 pro max',3,'2025-10-08 10:08:54'),(397,118,'kem chống nắng la roche posay',4,'2025-10-08 10:08:54'),(398,118,'giày nike air force 1',3,'2025-10-08 10:08:54'),(399,118,'áo thun nam',2,'2025-10-08 10:08:54'),(400,119,'kem chống nắng la roche posay',5,'2025-10-08 10:08:55'),(401,119,'iphone 15 pro max',5,'2025-10-08 10:08:55'),(402,119,'áo thun nam',2,'2025-10-08 10:08:55'),(403,119,'giày nike air force 1',2,'2025-10-08 10:08:55'),(404,119,'sách đắc nhân tâm',3,'2025-10-08 10:08:55'),(405,120,'kem chống nắng la roche posay',3,'2025-10-08 10:08:55'),(406,120,'áo thun nam',4,'2025-10-08 10:08:55'),(407,120,'giày nike air force 1',2,'2025-10-08 10:08:55'),(408,121,'sách đắc nhân tâm',3,'2025-10-08 10:08:55'),(409,121,'kem chống nắng la roche posay',2,'2025-10-08 10:08:55'),(410,121,'áo thun nam',2,'2025-10-08 10:08:55'),(411,121,'iphone 15 pro max',2,'2025-10-08 10:08:55');
/*!40000 ALTER TABLE `search_histories` ENABLE KEYS */;
UNLOCK TABLES;

--
-- Table structure for table `sessions`
--

DROP TABLE IF EXISTS `sessions`;
/*!40101 SET @saved_cs_client     = @@character_set_client */;
/*!50503 SET character_set_client = utf8mb4 */;
CREATE TABLE `sessions` (
  `id` varchar(255) NOT NULL,
  `user_id` bigint(20) unsigned DEFAULT NULL,
  `ip_address` varchar(45) DEFAULT NULL,
  `user_agent` text DEFAULT NULL,
  `payload` longtext NOT NULL,
  `last_activity` int(11) NOT NULL,
  PRIMARY KEY (`id`),
  KEY `sessions_user_id_index` (`user_id`),
  KEY `sessions_last_activity_index` (`last_activity`)
) ENGINE=InnoDB DEFAULT CHARSET=utf8mb4 COLLATE=utf8mb4_unicode_ci;
/*!40101 SET character_set_client = @saved_cs_client */;

--
-- Dumping data for table `sessions`
--

LOCK TABLES `sessions` WRITE;
/*!40000 ALTER TABLE `sessions` DISABLE KEYS */;
/*!40000 ALTER TABLE `sessions` ENABLE KEYS */;
UNLOCK TABLES;

--
-- Table structure for table `shipment_journeys`
--

DROP TABLE IF EXISTS `shipment_journeys`;
/*!40101 SET @saved_cs_client     = @@character_set_client */;
/*!50503 SET character_set_client = utf8mb4 */;
CREATE TABLE `shipment_journeys` (
  `id` bigint(20) unsigned NOT NULL AUTO_INCREMENT,
  `order_id` bigint(20) unsigned NOT NULL,
  `leg_type` enum('first_mile','middle_mile','last_mile') NOT NULL,
  `shipper_id` bigint(20) unsigned DEFAULT NULL,
  `start_hub_id` bigint(20) unsigned DEFAULT NULL,
  `end_hub_id` bigint(20) unsigned DEFAULT NULL,
  `status` varchar(255) NOT NULL,
  `created_at` timestamp NULL DEFAULT NULL,
  `updated_at` timestamp NULL DEFAULT NULL,
  PRIMARY KEY (`id`),
  KEY `shipment_journeys_order_id_foreign` (`order_id`),
  KEY `shipment_journeys_shipper_id_foreign` (`shipper_id`),
  KEY `shipment_journeys_start_hub_id_foreign` (`start_hub_id`),
  KEY `shipment_journeys_end_hub_id_foreign` (`end_hub_id`),
  CONSTRAINT `shipment_journeys_end_hub_id_foreign` FOREIGN KEY (`end_hub_id`) REFERENCES `hubs` (`id`),
  CONSTRAINT `shipment_journeys_order_id_foreign` FOREIGN KEY (`order_id`) REFERENCES `orders` (`order_id`),
  CONSTRAINT `shipment_journeys_shipper_id_foreign` FOREIGN KEY (`shipper_id`) REFERENCES `users` (`id`),
  CONSTRAINT `shipment_journeys_start_hub_id_foreign` FOREIGN KEY (`start_hub_id`) REFERENCES `hubs` (`id`)
) ENGINE=InnoDB DEFAULT CHARSET=utf8mb4 COLLATE=utf8mb4_unicode_ci;
/*!40101 SET character_set_client = @saved_cs_client */;

--
-- Dumping data for table `shipment_journeys`
--

LOCK TABLES `shipment_journeys` WRITE;
/*!40000 ALTER TABLE `shipment_journeys` DISABLE KEYS */;
/*!40000 ALTER TABLE `shipment_journeys` ENABLE KEYS */;
UNLOCK TABLES;

--
-- Table structure for table `shipper_profiles`
--

DROP TABLE IF EXISTS `shipper_profiles`;
/*!40101 SET @saved_cs_client     = @@character_set_client */;
/*!50503 SET character_set_client = utf8mb4 */;
CREATE TABLE `shipper_profiles` (
  `user_id` bigint(20) unsigned NOT NULL,
  `id_card_number` varchar(255) NOT NULL,
  `id_card_front_url` varchar(255) NOT NULL,
  `id_card_back_url` varchar(255) NOT NULL,
  `driver_license_number` varchar(255) NOT NULL,
  `driver_license_front_url` varchar(255) NOT NULL,
  `vehicle_type` varchar(255) NOT NULL,
  `license_plate` varchar(255) NOT NULL,
  `status` enum('pending','approved','rejected','suspended') NOT NULL DEFAULT 'pending',
  `created_at` timestamp NULL DEFAULT NULL,
  `updated_at` timestamp NULL DEFAULT NULL,
  PRIMARY KEY (`user_id`),
  CONSTRAINT `shipper_profiles_user_id_foreign` FOREIGN KEY (`user_id`) REFERENCES `users` (`id`)
) ENGINE=InnoDB DEFAULT CHARSET=utf8mb4 COLLATE=utf8mb4_unicode_ci;
/*!40101 SET character_set_client = @saved_cs_client */;

--
-- Dumping data for table `shipper_profiles`
--

LOCK TABLES `shipper_profiles` WRITE;
/*!40000 ALTER TABLE `shipper_profiles` DISABLE KEYS */;
INSERT INTO `shipper_profiles` VALUES (122,'43225157991','https://via.placeholder.com/600x400.png/009944?text=id-front','https://via.placeholder.com/600x400.png/009944?text=id-back','50-40642056','https://via.placeholder.com/600x400.png/0077bb?text=license','Car','31w-7358','pending','2025-10-08 10:08:38','2025-10-08 10:08:38'),(123,'57864928592','https://via.placeholder.com/600x400.png/009944?text=id-front','https://via.placeholder.com/600x400.png/009944?text=id-back','32-54699531','https://via.placeholder.com/600x400.png/0077bb?text=license','Van','21l-4205','pending','2025-10-08 10:08:38','2025-10-08 10:08:38'),(124,'72036739231','https://via.placeholder.com/600x400.png/009944?text=id-front','https://via.placeholder.com/600x400.png/009944?text=id-back','73-76084648','https://via.placeholder.com/600x400.png/0077bb?text=license','Bicycle','94j-7940','pending','2025-10-08 10:08:38','2025-10-08 10:08:38'),(125,'52684965400','https://via.placeholder.com/600x400.png/009944?text=id-front','https://via.placeholder.com/600x400.png/009944?text=id-back','40-67629150','https://via.placeholder.com/600x400.png/0077bb?text=license','Motorbike','33b-4642','pending','2025-10-08 10:08:38','2025-10-08 10:08:38'),(126,'26673563612','https://via.placeholder.com/600x400.png/009944?text=id-front','https://via.placeholder.com/600x400.png/009944?text=id-back','58-75866234','https://via.placeholder.com/600x400.png/0077bb?text=license','Bicycle','46t-4991','approved','2025-10-08 10:08:38','2025-10-08 10:08:38'),(127,'73040347212','https://via.placeholder.com/600x400.png/009944?text=id-front','https://via.placeholder.com/600x400.png/009944?text=id-back','53-02567400','https://via.placeholder.com/600x400.png/0077bb?text=license','Car','17o-4458','approved','2025-10-08 10:08:38','2025-10-08 10:08:38'),(128,'99792873973','https://via.placeholder.com/600x400.png/009944?text=id-front','https://via.placeholder.com/600x400.png/009944?text=id-back','87-25838157','https://via.placeholder.com/600x400.png/0077bb?text=license','Bicycle','12c-6390','approved','2025-10-08 10:08:38','2025-10-08 10:08:38'),(129,'07523738597','https://via.placeholder.com/600x400.png/009944?text=id-front','https://via.placeholder.com/600x400.png/009944?text=id-back','55-47352378','https://via.placeholder.com/600x400.png/0077bb?text=license','Van','63s-4590','approved','2025-10-08 10:08:38','2025-10-08 10:08:38'),(130,'85109663253','https://via.placeholder.com/600x400.png/009944?text=id-front','https://via.placeholder.com/600x400.png/009944?text=id-back','44-15151795','https://via.placeholder.com/600x400.png/0077bb?text=license','Motorbike','78s-8943','rejected','2025-10-08 10:08:38','2025-10-08 10:08:38'),(131,'38955585715','https://via.placeholder.com/600x400.png/009944?text=id-front','https://via.placeholder.com/600x400.png/009944?text=id-back','11-80489570','https://via.placeholder.com/600x400.png/0077bb?text=license','Motorbike','06w-2132','suspended','2025-10-08 10:08:38','2025-10-08 10:08:38');
/*!40000 ALTER TABLE `shipper_profiles` ENABLE KEYS */;
UNLOCK TABLES;

--
-- Table structure for table `shipping_details`
--

DROP TABLE IF EXISTS `shipping_details`;
/*!40101 SET @saved_cs_client     = @@character_set_client */;
/*!50503 SET character_set_client = utf8mb4 */;
CREATE TABLE `shipping_details` (
  `shipping_detail_id` bigint(20) unsigned NOT NULL AUTO_INCREMENT,
  `order_id` bigint(20) unsigned NOT NULL,
  `shipping_provider` varchar(100) NOT NULL,
  `tracking_number` varchar(100) DEFAULT NULL,
  `external_order_id` varchar(100) DEFAULT NULL,
  `status` tinyint(4) NOT NULL,
  `shipping_fee` decimal(18,2) NOT NULL,
  `status_history` text DEFAULT NULL COMMENT 'JSON history from provider',
  `created_at` timestamp NULL DEFAULT NULL,
  `updated_at` timestamp NULL DEFAULT NULL,
  PRIMARY KEY (`shipping_detail_id`),
  UNIQUE KEY `shipping_details_order_id_unique` (`order_id`),
  KEY `shipping_details_tracking_number_index` (`tracking_number`),
  CONSTRAINT `shipping_details_order_id_foreign` FOREIGN KEY (`order_id`) REFERENCES `orders` (`order_id`) ON DELETE CASCADE
) ENGINE=InnoDB AUTO_INCREMENT=302 DEFAULT CHARSET=utf8mb4 COLLATE=utf8mb4_unicode_ci;
/*!40101 SET character_set_client = @saved_cs_client */;

--
-- Dumping data for table `shipping_details`
--

LOCK TABLES `shipping_details` WRITE;
/*!40000 ALTER TABLE `shipping_details` DISABLE KEYS */;
INSERT INTO `shipping_details` VALUES (1,1,'Giao Hàng Nhanh','TRACKUQ798863',NULL,1,33.53,NULL,'2025-10-08 10:08:42','2025-10-08 10:08:42'),(2,2,'VNPost','TRACKXC705868',NULL,4,6.31,NULL,'2025-10-08 10:08:42','2025-10-08 10:08:42'),(3,3,'VNPost','TRACKJP973824',NULL,3,12.27,NULL,'2025-10-08 10:08:42','2025-10-08 10:08:42'),(4,4,'Giao Hàng Nhanh','TRACKXJ119312',NULL,5,33.21,NULL,'2025-10-08 10:08:42','2025-10-08 10:08:42'),(5,5,'Giao Hàng Nhanh','TRACKCJ937909',NULL,1,8.46,NULL,'2025-10-08 10:08:42','2025-10-08 10:08:42'),(6,6,'Giao Hàng Tiết Kiệm','TRACKMC400344',NULL,2,21.10,NULL,'2025-10-08 10:08:42','2025-10-08 10:08:42'),(7,7,'Viettel Post','TRACKRZ434202',NULL,4,19.11,NULL,'2025-10-08 10:08:42','2025-10-08 10:08:42'),(8,8,'VNPost','TRACKOR009920',NULL,2,21.54,NULL,'2025-10-08 10:08:42','2025-10-08 10:08:42'),(9,9,'Viettel Post','TRACKEC928751',NULL,2,39.08,NULL,'2025-10-08 10:08:42','2025-10-08 10:08:42'),(10,10,'Viettel Post','TRACKBY082674',NULL,3,46.06,NULL,'2025-10-08 10:08:42','2025-10-08 10:08:42'),(11,11,'Giao Hàng Tiết Kiệm','TRACKJO423589',NULL,4,13.50,NULL,'2025-10-08 10:08:42','2025-10-08 10:08:42'),(12,12,'Giao Hàng Nhanh','TRACKQJ736974',NULL,5,26.01,NULL,'2025-10-08 10:08:42','2025-10-08 10:08:42'),(13,13,'VNPost','TRACKPF395548',NULL,3,21.08,NULL,'2025-10-08 10:08:42','2025-10-08 10:08:42'),(14,14,'Giao Hàng Tiết Kiệm','TRACKXW369144',NULL,4,35.61,NULL,'2025-10-08 10:08:42','2025-10-08 10:08:42'),(15,15,'Giao Hàng Tiết Kiệm','TRACKXW737335',NULL,4,43.81,NULL,'2025-10-08 10:08:42','2025-10-08 10:08:42'),(16,16,'Viettel Post','TRACKBM657643',NULL,3,48.88,NULL,'2025-10-08 10:08:42','2025-10-08 10:08:42'),(17,17,'Viettel Post','TRACKDW413550',NULL,4,28.17,NULL,'2025-10-08 10:08:42','2025-10-08 10:08:42'),(18,18,'Giao Hàng Nhanh','TRACKKN214089',NULL,5,49.84,NULL,'2025-10-08 10:08:42','2025-10-08 10:08:42'),(19,19,'Giao Hàng Tiết Kiệm','TRACKFX612534',NULL,2,10.71,NULL,'2025-10-08 10:08:42','2025-10-08 10:08:42'),(20,20,'Giao Hàng Nhanh','TRACKFD307184',NULL,1,10.02,NULL,'2025-10-08 10:08:42','2025-10-08 10:08:42'),(21,21,'Giao Hàng Nhanh','TRACKYT181211',NULL,1,32.86,NULL,'2025-10-08 10:08:42','2025-10-08 10:08:42'),(22,22,'Viettel Post','TRACKJU110077',NULL,3,44.89,NULL,'2025-10-08 10:08:42','2025-10-08 10:08:42'),(23,23,'Viettel Post','TRACKAD971586',NULL,1,9.41,NULL,'2025-10-08 10:08:42','2025-10-08 10:08:42'),(24,24,'VNPost','TRACKHY659903',NULL,2,14.55,NULL,'2025-10-08 10:08:42','2025-10-08 10:08:42'),(25,25,'VNPost','TRACKQT799622',NULL,5,26.78,NULL,'2025-10-08 10:08:42','2025-10-08 10:08:42'),(26,26,'Giao Hàng Nhanh','TRACKEV475493',NULL,3,12.92,NULL,'2025-10-08 10:08:42','2025-10-08 10:08:42'),(27,27,'Giao Hàng Tiết Kiệm','TRACKLV623518',NULL,5,46.40,NULL,'2025-10-08 10:08:42','2025-10-08 10:08:42'),(28,28,'Giao Hàng Nhanh','TRACKRO479915',NULL,1,49.25,NULL,'2025-10-08 10:08:42','2025-10-08 10:08:42'),(29,29,'Giao Hàng Nhanh','TRACKFO714395',NULL,3,11.52,NULL,'2025-10-08 10:08:42','2025-10-08 10:08:42'),(30,30,'Viettel Post','TRACKNG948539',NULL,2,32.79,NULL,'2025-10-08 10:08:42','2025-10-08 10:08:42'),(31,31,'Viettel Post','TRACKVH639609',NULL,4,11.72,NULL,'2025-10-08 10:08:42','2025-10-08 10:08:42'),(32,32,'VNPost','TRACKGM814067',NULL,2,45.68,NULL,'2025-10-08 10:08:42','2025-10-08 10:08:42'),(33,33,'Giao Hàng Nhanh','TRACKXM285508',NULL,4,38.67,NULL,'2025-10-08 10:08:42','2025-10-08 10:08:42'),(34,34,'VNPost','TRACKRS017864',NULL,2,12.37,NULL,'2025-10-08 10:08:42','2025-10-08 10:08:42'),(35,35,'VNPost','TRACKZF454868',NULL,2,47.33,NULL,'2025-10-08 10:08:42','2025-10-08 10:08:42'),(36,36,'VNPost','TRACKHV785207',NULL,3,20.32,NULL,'2025-10-08 10:08:42','2025-10-08 10:08:42'),(37,37,'VNPost','TRACKMN230674',NULL,1,49.86,NULL,'2025-10-08 10:08:42','2025-10-08 10:08:42'),(38,38,'Giao Hàng Tiết Kiệm','TRACKEJ550871',NULL,4,7.24,NULL,'2025-10-08 10:08:42','2025-10-08 10:08:42'),(39,39,'VNPost','TRACKWB736512',NULL,5,48.50,NULL,'2025-10-08 10:08:42','2025-10-08 10:08:42'),(40,40,'VNPost','TRACKDU485821',NULL,2,28.45,NULL,'2025-10-08 10:08:42','2025-10-08 10:08:42'),(41,41,'Giao Hàng Nhanh','TRACKZG050830',NULL,1,18.19,NULL,'2025-10-08 10:08:42','2025-10-08 10:08:42'),(42,42,'Giao Hàng Nhanh','TRACKYU900093',NULL,1,22.00,NULL,'2025-10-08 10:08:42','2025-10-08 10:08:42'),(43,43,'Viettel Post','TRACKML605172',NULL,4,15.08,NULL,'2025-10-08 10:08:42','2025-10-08 10:08:42'),(44,44,'VNPost','TRACKXO870901',NULL,2,25.67,NULL,'2025-10-08 10:08:42','2025-10-08 10:08:42'),(45,45,'Viettel Post','TRACKBP289851',NULL,2,29.66,NULL,'2025-10-08 10:08:42','2025-10-08 10:08:42'),(46,46,'Giao Hàng Nhanh','TRACKDI138728',NULL,2,41.25,NULL,'2025-10-08 10:08:42','2025-10-08 10:08:42'),(47,47,'Viettel Post','TRACKVP107946',NULL,2,14.62,NULL,'2025-10-08 10:08:42','2025-10-08 10:08:42'),(48,48,'VNPost','TRACKAB026533',NULL,4,41.23,NULL,'2025-10-08 10:08:42','2025-10-08 10:08:42'),(49,49,'Viettel Post','TRACKXC088953',NULL,4,31.83,NULL,'2025-10-08 10:08:42','2025-10-08 10:08:42'),(50,50,'Giao Hàng Nhanh','TRACKVB312944',NULL,3,30.83,NULL,'2025-10-08 10:08:42','2025-10-08 10:08:42'),(51,51,'Giao Hàng Tiết Kiệm','TRACKSV820410',NULL,5,24.70,NULL,'2025-10-08 10:08:42','2025-10-08 10:08:42'),(52,52,'Giao Hàng Nhanh','TRACKIC455613',NULL,2,9.98,NULL,'2025-10-08 10:08:42','2025-10-08 10:08:42'),(53,53,'Viettel Post','TRACKZB871372',NULL,1,8.86,NULL,'2025-10-08 10:08:42','2025-10-08 10:08:42'),(54,54,'Giao Hàng Nhanh','TRACKZM853964',NULL,5,13.97,NULL,'2025-10-08 10:08:42','2025-10-08 10:08:42'),(55,55,'Viettel Post','TRACKYV482310',NULL,3,49.33,NULL,'2025-10-08 10:08:42','2025-10-08 10:08:42'),(56,56,'VNPost','TRACKVY395433',NULL,5,46.31,NULL,'2025-10-08 10:08:42','2025-10-08 10:08:42'),(57,57,'Viettel Post','TRACKWE297010',NULL,5,8.27,NULL,'2025-10-08 10:08:42','2025-10-08 10:08:42'),(58,58,'Giao Hàng Nhanh','TRACKUF181335',NULL,2,8.75,NULL,'2025-10-08 10:08:42','2025-10-08 10:08:42'),(59,59,'Giao Hàng Tiết Kiệm','TRACKWT190705',NULL,4,24.50,NULL,'2025-10-08 10:08:42','2025-10-08 10:08:42'),(60,60,'Giao Hàng Nhanh','TRACKAI244735',NULL,2,37.96,NULL,'2025-10-08 10:08:42','2025-10-08 10:08:42'),(61,61,'Giao Hàng Nhanh','TRACKUI810080',NULL,1,16.85,NULL,'2025-10-08 10:08:42','2025-10-08 10:08:42'),(62,62,'Giao Hàng Nhanh','TRACKXT144645',NULL,3,13.36,NULL,'2025-10-08 10:08:42','2025-10-08 10:08:42'),(63,63,'Viettel Post','TRACKOI875832',NULL,2,32.64,NULL,'2025-10-08 10:08:42','2025-10-08 10:08:42'),(64,64,'Giao Hàng Tiết Kiệm','TRACKVX499189',NULL,5,31.99,NULL,'2025-10-08 10:08:42','2025-10-08 10:08:42'),(65,65,'Giao Hàng Nhanh','TRACKOE112496',NULL,5,40.50,NULL,'2025-10-08 10:08:42','2025-10-08 10:08:42'),(66,66,'VNPost','TRACKJB782597',NULL,2,5.95,NULL,'2025-10-08 10:08:42','2025-10-08 10:08:42'),(67,67,'VNPost','TRACKGR640449',NULL,1,26.19,NULL,'2025-10-08 10:08:42','2025-10-08 10:08:42'),(68,68,'VNPost','TRACKQK498098',NULL,1,34.59,NULL,'2025-10-08 10:08:42','2025-10-08 10:08:42'),(69,69,'Viettel Post','TRACKLE800370',NULL,2,29.07,NULL,'2025-10-08 10:08:42','2025-10-08 10:08:42'),(70,70,'Giao Hàng Nhanh','TRACKWE593344',NULL,2,31.72,NULL,'2025-10-08 10:08:42','2025-10-08 10:08:42'),(71,71,'Giao Hàng Tiết Kiệm','TRACKOM428083',NULL,4,32.38,NULL,'2025-10-08 10:08:42','2025-10-08 10:08:42'),(72,72,'Giao Hàng Tiết Kiệm','TRACKUV433541',NULL,1,40.84,NULL,'2025-10-08 10:08:42','2025-10-08 10:08:42'),(73,73,'VNPost','TRACKLU690696',NULL,2,47.51,NULL,'2025-10-08 10:08:42','2025-10-08 10:08:42'),(74,74,'Giao Hàng Nhanh','TRACKYA241384',NULL,4,17.84,NULL,'2025-10-08 10:08:42','2025-10-08 10:08:42'),(75,75,'Giao Hàng Nhanh','TRACKME558089',NULL,5,41.40,NULL,'2025-10-08 10:08:42','2025-10-08 10:08:42'),(76,76,'Giao Hàng Tiết Kiệm','TRACKZL845491',NULL,5,10.60,NULL,'2025-10-08 10:08:42','2025-10-08 10:08:42'),(77,77,'Giao Hàng Tiết Kiệm','TRACKJY865422',NULL,4,49.25,NULL,'2025-10-08 10:08:42','2025-10-08 10:08:42'),(78,78,'Viettel Post','TRACKLQ589355',NULL,1,19.50,NULL,'2025-10-08 10:08:42','2025-10-08 10:08:42'),(79,79,'Giao Hàng Tiết Kiệm','TRACKHN517904',NULL,2,37.73,NULL,'2025-10-08 10:08:42','2025-10-08 10:08:42'),(80,80,'VNPost','TRACKUZ501305',NULL,3,7.07,NULL,'2025-10-08 10:08:42','2025-10-08 10:08:42'),(81,81,'Giao Hàng Nhanh','TRACKLW932166',NULL,2,33.07,NULL,'2025-10-08 10:08:42','2025-10-08 10:08:42'),(82,82,'VNPost','TRACKLH128186',NULL,4,48.67,NULL,'2025-10-08 10:08:42','2025-10-08 10:08:42'),(83,83,'VNPost','TRACKMF345550',NULL,5,42.99,NULL,'2025-10-08 10:08:42','2025-10-08 10:08:42'),(84,84,'VNPost','TRACKEV222761',NULL,2,33.02,NULL,'2025-10-08 10:08:42','2025-10-08 10:08:42'),(85,85,'Giao Hàng Tiết Kiệm','TRACKVX736063',NULL,5,16.48,NULL,'2025-10-08 10:08:42','2025-10-08 10:08:42'),(86,86,'Giao Hàng Nhanh','TRACKNB675155',NULL,3,19.94,NULL,'2025-10-08 10:08:42','2025-10-08 10:08:42'),(87,87,'VNPost','TRACKSQ277586',NULL,4,12.04,NULL,'2025-10-08 10:08:42','2025-10-08 10:08:42'),(88,88,'Viettel Post','TRACKCJ486518',NULL,2,46.09,NULL,'2025-10-08 10:08:42','2025-10-08 10:08:42'),(89,89,'Viettel Post','TRACKTB499968',NULL,5,46.69,NULL,'2025-10-08 10:08:42','2025-10-08 10:08:42'),(90,90,'VNPost','TRACKAJ616579',NULL,3,42.52,NULL,'2025-10-08 10:08:42','2025-10-08 10:08:42'),(91,91,'Giao Hàng Nhanh','TRACKJO600359',NULL,5,13.52,NULL,'2025-10-08 10:08:42','2025-10-08 10:08:42'),(92,92,'Giao Hàng Tiết Kiệm','TRACKRB397296',NULL,3,27.38,NULL,'2025-10-08 10:08:42','2025-10-08 10:08:42'),(93,93,'Viettel Post','TRACKXX166494',NULL,2,38.72,NULL,'2025-10-08 10:08:42','2025-10-08 10:08:42'),(94,94,'Giao Hàng Tiết Kiệm','TRACKGN827966',NULL,5,21.51,NULL,'2025-10-08 10:08:42','2025-10-08 10:08:42'),(95,95,'Giao Hàng Tiết Kiệm','TRACKNU226036',NULL,2,15.85,NULL,'2025-10-08 10:08:42','2025-10-08 10:08:42'),(96,96,'Viettel Post','TRACKTS900237',NULL,1,22.19,NULL,'2025-10-08 10:08:42','2025-10-08 10:08:42'),(97,97,'Giao Hàng Tiết Kiệm','TRACKEP187194',NULL,2,48.81,NULL,'2025-10-08 10:08:42','2025-10-08 10:08:42'),(98,98,'VNPost','TRACKZN305221',NULL,2,29.43,NULL,'2025-10-08 10:08:42','2025-10-08 10:08:42'),(99,99,'Giao Hàng Nhanh','TRACKRI272442',NULL,5,27.05,NULL,'2025-10-08 10:08:42','2025-10-08 10:08:42'),(100,100,'Giao Hàng Nhanh','TRACKAS432676',NULL,2,10.44,NULL,'2025-10-08 10:08:42','2025-10-08 10:08:42'),(101,101,'Giao Hàng Nhanh','TRACKJZ943167',NULL,2,48.04,NULL,'2025-10-08 10:08:42','2025-10-08 10:08:42'),(102,102,'VNPost','TRACKVI231389',NULL,5,11.24,NULL,'2025-10-08 10:08:42','2025-10-08 10:08:42'),(103,103,'Giao Hàng Tiết Kiệm','TRACKCP235092',NULL,4,39.88,NULL,'2025-10-08 10:08:42','2025-10-08 10:08:42'),(104,104,'Viettel Post','TRACKZK498232',NULL,1,15.90,NULL,'2025-10-08 10:08:42','2025-10-08 10:08:42'),(105,105,'VNPost','TRACKWE016367',NULL,5,21.99,NULL,'2025-10-08 10:08:42','2025-10-08 10:08:42'),(106,106,'Giao Hàng Tiết Kiệm','TRACKSI217840',NULL,2,48.74,NULL,'2025-10-08 10:08:42','2025-10-08 10:08:42'),(107,107,'Giao Hàng Tiết Kiệm','TRACKOE001221',NULL,2,42.47,NULL,'2025-10-08 10:08:42','2025-10-08 10:08:42'),(108,108,'Giao Hàng Nhanh','TRACKNB149828',NULL,3,11.30,NULL,'2025-10-08 10:08:42','2025-10-08 10:08:42'),(109,109,'Giao Hàng Nhanh','TRACKWV422909',NULL,1,20.16,NULL,'2025-10-08 10:08:42','2025-10-08 10:08:42'),(110,110,'VNPost','TRACKCS000372',NULL,1,31.86,NULL,'2025-10-08 10:08:42','2025-10-08 10:08:42'),(111,111,'Giao Hàng Nhanh','TRACKZU447813',NULL,3,41.13,NULL,'2025-10-08 10:08:43','2025-10-08 10:08:43'),(112,112,'Giao Hàng Tiết Kiệm','TRACKJT766518',NULL,1,27.68,NULL,'2025-10-08 10:08:43','2025-10-08 10:08:43'),(113,113,'Giao Hàng Nhanh','TRACKJI694658',NULL,5,10.37,NULL,'2025-10-08 10:08:43','2025-10-08 10:08:43'),(114,114,'Giao Hàng Nhanh','TRACKRG258680',NULL,3,12.23,NULL,'2025-10-08 10:08:43','2025-10-08 10:08:43'),(115,115,'VNPost','TRACKZM719061',NULL,3,48.07,NULL,'2025-10-08 10:08:43','2025-10-08 10:08:43'),(116,116,'VNPost','TRACKCQ842731',NULL,2,36.14,NULL,'2025-10-08 10:08:43','2025-10-08 10:08:43'),(117,117,'Giao Hàng Nhanh','TRACKWR448698',NULL,2,45.66,NULL,'2025-10-08 10:08:43','2025-10-08 10:08:43'),(118,118,'Giao Hàng Nhanh','TRACKMQ554827',NULL,5,23.63,NULL,'2025-10-08 10:08:43','2025-10-08 10:08:43'),(119,119,'Giao Hàng Tiết Kiệm','TRACKQT754786',NULL,2,48.56,NULL,'2025-10-08 10:08:43','2025-10-08 10:08:43'),(120,120,'Viettel Post','TRACKGT303902',NULL,2,25.11,NULL,'2025-10-08 10:08:43','2025-10-08 10:08:43'),(121,121,'Giao Hàng Nhanh','TRACKFD387268',NULL,5,15.70,NULL,'2025-10-08 10:08:43','2025-10-08 10:08:43'),(122,122,'Giao Hàng Nhanh','TRACKBR728237',NULL,1,25.22,NULL,'2025-10-08 10:08:43','2025-10-08 10:08:43'),(123,123,'Giao Hàng Nhanh','TRACKYW261369',NULL,2,11.18,NULL,'2025-10-08 10:08:43','2025-10-08 10:08:43'),(124,124,'VNPost','TRACKFJ375120',NULL,3,22.82,NULL,'2025-10-08 10:08:43','2025-10-08 10:08:43'),(125,125,'Giao Hàng Tiết Kiệm','TRACKEK971207',NULL,4,46.88,NULL,'2025-10-08 10:08:43','2025-10-08 10:08:43'),(126,126,'Viettel Post','TRACKDJ386830',NULL,3,13.53,NULL,'2025-10-08 10:08:43','2025-10-08 10:08:43'),(127,127,'Giao Hàng Tiết Kiệm','TRACKDK699118',NULL,1,48.35,NULL,'2025-10-08 10:08:43','2025-10-08 10:08:43'),(128,128,'Viettel Post','TRACKCX913677',NULL,4,29.45,NULL,'2025-10-08 10:08:43','2025-10-08 10:08:43'),(129,129,'VNPost','TRACKST538422',NULL,2,40.64,NULL,'2025-10-08 10:08:43','2025-10-08 10:08:43'),(130,130,'Viettel Post','TRACKKH435427',NULL,4,16.61,NULL,'2025-10-08 10:08:43','2025-10-08 10:08:43'),(131,131,'Viettel Post','TRACKVD476099',NULL,1,13.22,NULL,'2025-10-08 10:08:43','2025-10-08 10:08:43'),(132,132,'Giao Hàng Nhanh','TRACKCW174709',NULL,2,48.53,NULL,'2025-10-08 10:08:43','2025-10-08 10:08:43'),(133,133,'Giao Hàng Nhanh','TRACKIP437411',NULL,1,28.60,NULL,'2025-10-08 10:08:43','2025-10-08 10:08:43'),(134,134,'VNPost','TRACKKI424469',NULL,4,14.62,NULL,'2025-10-08 10:08:43','2025-10-08 10:08:43'),(135,135,'Giao Hàng Tiết Kiệm','TRACKHF981641',NULL,2,43.61,NULL,'2025-10-08 10:08:43','2025-10-08 10:08:43'),(136,136,'Giao Hàng Nhanh','TRACKOG144606',NULL,3,37.12,NULL,'2025-10-08 10:08:43','2025-10-08 10:08:43'),(137,137,'Viettel Post','TRACKXQ407025',NULL,3,48.49,NULL,'2025-10-08 10:08:43','2025-10-08 10:08:43'),(138,138,'VNPost','TRACKUI873618',NULL,4,47.93,NULL,'2025-10-08 10:08:43','2025-10-08 10:08:43'),(139,139,'Giao Hàng Nhanh','TRACKLE115422',NULL,5,43.46,NULL,'2025-10-08 10:08:43','2025-10-08 10:08:43'),(140,140,'Giao Hàng Tiết Kiệm','TRACKHJ925907',NULL,1,16.51,NULL,'2025-10-08 10:08:43','2025-10-08 10:08:43'),(141,141,'Giao Hàng Nhanh','TRACKNL675239',NULL,4,41.50,NULL,'2025-10-08 10:08:43','2025-10-08 10:08:43'),(142,142,'VNPost','TRACKEP714319',NULL,4,11.13,NULL,'2025-10-08 10:08:43','2025-10-08 10:08:43'),(143,143,'Giao Hàng Nhanh','TRACKSG576704',NULL,5,31.23,NULL,'2025-10-08 10:08:43','2025-10-08 10:08:43'),(144,144,'Giao Hàng Tiết Kiệm','TRACKFK235027',NULL,5,43.65,NULL,'2025-10-08 10:08:43','2025-10-08 10:08:43'),(145,145,'Giao Hàng Nhanh','TRACKHC016012',NULL,2,22.70,NULL,'2025-10-08 10:08:43','2025-10-08 10:08:43'),(146,146,'Viettel Post','TRACKSW460663',NULL,1,19.97,NULL,'2025-10-08 10:08:43','2025-10-08 10:08:43'),(147,147,'Giao Hàng Tiết Kiệm','TRACKEY756599',NULL,4,17.78,NULL,'2025-10-08 10:08:43','2025-10-08 10:08:43'),(148,148,'VNPost','TRACKTI496338',NULL,2,16.98,NULL,'2025-10-08 10:08:43','2025-10-08 10:08:43'),(149,149,'Giao Hàng Nhanh','TRACKDA858403',NULL,4,10.09,NULL,'2025-10-08 10:08:43','2025-10-08 10:08:43'),(150,150,'Giao Hàng Tiết Kiệm','TRACKRX608389',NULL,1,18.48,NULL,'2025-10-08 10:08:43','2025-10-08 10:08:43'),(151,151,'VNPost','TRACKEU912195',NULL,2,49.23,NULL,'2025-10-08 10:08:43','2025-10-08 10:08:43'),(152,152,'Viettel Post','TRACKHE409954',NULL,4,29.46,NULL,'2025-10-08 10:08:43','2025-10-08 10:08:43'),(153,153,'Viettel Post','TRACKQV113809',NULL,1,38.12,NULL,'2025-10-08 10:08:43','2025-10-08 10:08:43'),(154,154,'Viettel Post','TRACKAP311875',NULL,1,13.40,NULL,'2025-10-08 10:08:43','2025-10-08 10:08:43'),(155,155,'VNPost','TRACKTL732996',NULL,2,36.80,NULL,'2025-10-08 10:08:43','2025-10-08 10:08:43'),(156,156,'VNPost','TRACKGB815707',NULL,5,14.23,NULL,'2025-10-08 10:08:43','2025-10-08 10:08:43'),(157,157,'Giao Hàng Nhanh','TRACKRW501489',NULL,1,16.45,NULL,'2025-10-08 10:08:43','2025-10-08 10:08:43'),(158,158,'Giao Hàng Nhanh','TRACKVW480594',NULL,5,16.61,NULL,'2025-10-08 10:08:43','2025-10-08 10:08:43'),(159,159,'VNPost','TRACKUL776330',NULL,4,7.95,NULL,'2025-10-08 10:08:43','2025-10-08 10:08:43'),(160,160,'VNPost','TRACKAF294589',NULL,4,38.73,NULL,'2025-10-08 10:08:43','2025-10-08 10:08:43'),(161,161,'Giao Hàng Tiết Kiệm','TRACKVB831887',NULL,5,11.30,NULL,'2025-10-08 10:08:43','2025-10-08 10:08:43'),(162,162,'Giao Hàng Tiết Kiệm','TRACKCO082649',NULL,2,40.78,NULL,'2025-10-08 10:08:43','2025-10-08 10:08:43'),(163,163,'Giao Hàng Tiết Kiệm','TRACKQX328504',NULL,5,24.16,NULL,'2025-10-08 10:08:43','2025-10-08 10:08:43'),(164,164,'Giao Hàng Tiết Kiệm','TRACKPR725690',NULL,3,33.89,NULL,'2025-10-08 10:08:43','2025-10-08 10:08:43'),(165,165,'VNPost','TRACKUL654241',NULL,3,27.24,NULL,'2025-10-08 10:08:43','2025-10-08 10:08:43'),(166,166,'VNPost','TRACKFY647243',NULL,5,6.44,NULL,'2025-10-08 10:08:43','2025-10-08 10:08:43'),(167,167,'Viettel Post','TRACKRL869173',NULL,5,27.46,NULL,'2025-10-08 10:08:43','2025-10-08 10:08:43'),(168,168,'Viettel Post','TRACKIJ937940',NULL,2,36.50,NULL,'2025-10-08 10:08:43','2025-10-08 10:08:43'),(169,169,'Giao Hàng Tiết Kiệm','TRACKHV720148',NULL,2,40.61,NULL,'2025-10-08 10:08:43','2025-10-08 10:08:43'),(170,170,'Giao Hàng Tiết Kiệm','TRACKEW258605',NULL,1,15.71,NULL,'2025-10-08 10:08:43','2025-10-08 10:08:43'),(171,171,'VNPost','TRACKQB482055',NULL,4,45.22,NULL,'2025-10-08 10:08:43','2025-10-08 10:08:43'),(172,172,'Viettel Post','TRACKAO860756',NULL,2,14.23,NULL,'2025-10-08 10:08:43','2025-10-08 10:08:43'),(173,173,'Viettel Post','TRACKPO546714',NULL,2,42.28,NULL,'2025-10-08 10:08:43','2025-10-08 10:08:43'),(174,174,'Viettel Post','TRACKED037392',NULL,2,9.79,NULL,'2025-10-08 10:08:43','2025-10-08 10:08:43'),(175,175,'Giao Hàng Tiết Kiệm','TRACKCJ313319',NULL,1,42.75,NULL,'2025-10-08 10:08:43','2025-10-08 10:08:43'),(176,176,'Viettel Post','TRACKPG612289',NULL,5,27.01,NULL,'2025-10-08 10:08:43','2025-10-08 10:08:43'),(177,177,'VNPost','TRACKME337414',NULL,1,43.89,NULL,'2025-10-08 10:08:43','2025-10-08 10:08:43'),(178,178,'Giao Hàng Nhanh','TRACKZC987057',NULL,1,25.51,NULL,'2025-10-08 10:08:43','2025-10-08 10:08:43'),(179,179,'Viettel Post','TRACKAR859840',NULL,4,22.12,NULL,'2025-10-08 10:08:43','2025-10-08 10:08:43'),(180,180,'Viettel Post','TRACKMH870903',NULL,5,15.88,NULL,'2025-10-08 10:08:43','2025-10-08 10:08:43'),(181,181,'Giao Hàng Tiết Kiệm','TRACKLX828816',NULL,3,24.79,NULL,'2025-10-08 10:08:43','2025-10-08 10:08:43'),(182,182,'VNPost','TRACKGI350131',NULL,1,22.87,NULL,'2025-10-08 10:08:43','2025-10-08 10:08:43'),(183,183,'Giao Hàng Nhanh','TRACKPK283642',NULL,4,33.03,NULL,'2025-10-08 10:08:43','2025-10-08 10:08:43'),(184,184,'VNPost','TRACKHK942624',NULL,3,43.62,NULL,'2025-10-08 10:08:43','2025-10-08 10:08:43'),(185,185,'VNPost','TRACKZU505017',NULL,1,24.72,NULL,'2025-10-08 10:08:43','2025-10-08 10:08:43'),(186,186,'Giao Hàng Nhanh','TRACKNA887758',NULL,2,16.19,NULL,'2025-10-08 10:08:43','2025-10-08 10:08:43'),(187,187,'Giao Hàng Tiết Kiệm','TRACKKI680417',NULL,4,36.28,NULL,'2025-10-08 10:08:43','2025-10-08 10:08:43'),(188,188,'VNPost','TRACKAG809477',NULL,2,41.03,NULL,'2025-10-08 10:08:43','2025-10-08 10:08:43'),(189,189,'VNPost','TRACKDX464184',NULL,5,45.14,NULL,'2025-10-08 10:08:43','2025-10-08 10:08:43'),(190,190,'Viettel Post','TRACKFJ775102',NULL,1,8.04,NULL,'2025-10-08 10:08:43','2025-10-08 10:08:43'),(191,191,'Giao Hàng Nhanh','TRACKQT727708',NULL,2,26.51,NULL,'2025-10-08 10:08:43','2025-10-08 10:08:43'),(192,192,'VNPost','TRACKRP695177',NULL,2,44.76,NULL,'2025-10-08 10:08:43','2025-10-08 10:08:43'),(193,193,'Viettel Post','TRACKBP085244',NULL,5,17.45,NULL,'2025-10-08 10:08:43','2025-10-08 10:08:43'),(194,194,'VNPost','TRACKWZ364087',NULL,2,8.29,NULL,'2025-10-08 10:08:43','2025-10-08 10:08:43'),(195,195,'VNPost','TRACKPE725139',NULL,2,28.27,NULL,'2025-10-08 10:08:43','2025-10-08 10:08:43'),(196,196,'VNPost','TRACKQE343874',NULL,2,42.78,NULL,'2025-10-08 10:08:43','2025-10-08 10:08:43'),(197,197,'VNPost','TRACKZB845351',NULL,3,15.76,NULL,'2025-10-08 10:08:43','2025-10-08 10:08:43'),(198,198,'Giao Hàng Nhanh','TRACKXP385171',NULL,1,9.39,NULL,'2025-10-08 10:08:43','2025-10-08 10:08:43'),(199,199,'Giao Hàng Tiết Kiệm','TRACKTS863257',NULL,5,11.03,NULL,'2025-10-08 10:08:43','2025-10-08 10:08:43'),(200,200,'VNPost','TRACKBZ032567',NULL,2,23.93,NULL,'2025-10-08 10:08:43','2025-10-08 10:08:43'),(201,201,'Viettel Post','TRACKIN458388',NULL,2,17.46,NULL,'2025-10-08 10:08:43','2025-10-08 10:08:43'),(202,202,'Viettel Post','TRACKDP402468',NULL,4,20.59,NULL,'2025-10-08 10:08:43','2025-10-08 10:08:43'),(203,203,'Giao Hàng Tiết Kiệm','TRACKJS461688',NULL,4,36.65,NULL,'2025-10-08 10:08:43','2025-10-08 10:08:43'),(204,204,'Giao Hàng Tiết Kiệm','TRACKUX629237',NULL,4,15.88,NULL,'2025-10-08 10:08:43','2025-10-08 10:08:43'),(205,205,'VNPost','TRACKZF798343',NULL,4,41.31,NULL,'2025-10-08 10:08:43','2025-10-08 10:08:43'),(206,206,'VNPost','TRACKFO380438',NULL,5,14.79,NULL,'2025-10-08 10:08:43','2025-10-08 10:08:43'),(207,207,'Viettel Post','TRACKKH539331',NULL,5,47.03,NULL,'2025-10-08 10:08:43','2025-10-08 10:08:43'),(208,208,'Giao Hàng Tiết Kiệm','TRACKDG385062',NULL,3,16.72,NULL,'2025-10-08 10:08:43','2025-10-08 10:08:43'),(209,209,'Giao Hàng Tiết Kiệm','TRACKMY798219',NULL,5,14.48,NULL,'2025-10-08 10:08:43','2025-10-08 10:08:43'),(210,210,'VNPost','TRACKBT455611',NULL,5,11.29,NULL,'2025-10-08 10:08:43','2025-10-08 10:08:43'),(211,211,'Giao Hàng Tiết Kiệm','TRACKBT393510',NULL,5,46.35,NULL,'2025-10-08 10:08:43','2025-10-08 10:08:43'),(212,212,'VNPost','TRACKSU803531',NULL,3,31.01,NULL,'2025-10-08 10:08:43','2025-10-08 10:08:43'),(213,213,'Giao Hàng Nhanh','TRACKMS398848',NULL,2,7.34,NULL,'2025-10-08 10:08:43','2025-10-08 10:08:43'),(214,214,'Giao Hàng Tiết Kiệm','TRACKTO547281',NULL,2,38.04,NULL,'2025-10-08 10:08:43','2025-10-08 10:08:43'),(215,215,'VNPost','TRACKGX562805',NULL,4,25.26,NULL,'2025-10-08 10:08:43','2025-10-08 10:08:43'),(216,216,'VNPost','TRACKIE513935',NULL,2,19.02,NULL,'2025-10-08 10:08:43','2025-10-08 10:08:43'),(217,217,'Giao Hàng Nhanh','TRACKGS200334',NULL,3,47.30,NULL,'2025-10-08 10:08:43','2025-10-08 10:08:43'),(218,218,'Giao Hàng Nhanh','TRACKUE760977',NULL,2,49.24,NULL,'2025-10-08 10:08:43','2025-10-08 10:08:43'),(219,219,'Viettel Post','TRACKOT720261',NULL,2,19.46,NULL,'2025-10-08 10:08:43','2025-10-08 10:08:43'),(220,220,'Giao Hàng Nhanh','TRACKAJ230377',NULL,4,29.56,NULL,'2025-10-08 10:08:43','2025-10-08 10:08:43'),(221,221,'Giao Hàng Tiết Kiệm','TRACKTA674380',NULL,5,31.78,NULL,'2025-10-08 10:08:43','2025-10-08 10:08:43'),(222,222,'Viettel Post','TRACKNV490164',NULL,5,27.39,NULL,'2025-10-08 10:08:43','2025-10-08 10:08:43'),(223,223,'Giao Hàng Tiết Kiệm','TRACKLX885375',NULL,4,39.47,NULL,'2025-10-08 10:08:43','2025-10-08 10:08:43'),(224,224,'VNPost','TRACKGD154122',NULL,2,40.51,NULL,'2025-10-08 10:08:43','2025-10-08 10:08:43'),(225,225,'Giao Hàng Tiết Kiệm','TRACKHG560858',NULL,4,31.81,NULL,'2025-10-08 10:08:43','2025-10-08 10:08:43'),(226,226,'Giao Hàng Tiết Kiệm','TRACKVN667025',NULL,2,38.05,NULL,'2025-10-08 10:08:43','2025-10-08 10:08:43'),(227,227,'Giao Hàng Tiết Kiệm','TRACKDV251082',NULL,3,45.06,NULL,'2025-10-08 10:08:43','2025-10-08 10:08:43'),(228,228,'Giao Hàng Tiết Kiệm','TRACKSI570661',NULL,4,16.30,NULL,'2025-10-08 10:08:43','2025-10-08 10:08:43'),(229,229,'VNPost','TRACKCN243314',NULL,1,38.17,NULL,'2025-10-08 10:08:43','2025-10-08 10:08:43'),(230,230,'Giao Hàng Tiết Kiệm','TRACKYG200237',NULL,2,26.90,NULL,'2025-10-08 10:08:43','2025-10-08 10:08:43'),(231,231,'Viettel Post','TRACKRN649898',NULL,4,7.26,NULL,'2025-10-08 10:08:43','2025-10-08 10:08:43'),(232,232,'Viettel Post','TRACKOU784902',NULL,2,21.77,NULL,'2025-10-08 10:08:43','2025-10-08 10:08:43'),(233,233,'Viettel Post','TRACKVV517908',NULL,2,15.27,NULL,'2025-10-08 10:08:43','2025-10-08 10:08:43'),(234,234,'VNPost','TRACKLD372081',NULL,4,7.23,NULL,'2025-10-08 10:08:43','2025-10-08 10:08:43'),(235,235,'Viettel Post','TRACKCM769106',NULL,4,9.75,NULL,'2025-10-08 10:08:43','2025-10-08 10:08:43'),(236,236,'Viettel Post','TRACKJE827147',NULL,4,38.14,NULL,'2025-10-08 10:08:43','2025-10-08 10:08:43'),(237,237,'VNPost','TRACKXQ425576',NULL,2,20.73,NULL,'2025-10-08 10:08:43','2025-10-08 10:08:43'),(238,238,'Viettel Post','TRACKWM340025',NULL,1,36.07,NULL,'2025-10-08 10:08:43','2025-10-08 10:08:43'),(239,239,'Giao Hàng Nhanh','TRACKAF749826',NULL,5,48.46,NULL,'2025-10-08 10:08:43','2025-10-08 10:08:43'),(240,240,'VNPost','TRACKEM366714',NULL,4,12.54,NULL,'2025-10-08 10:08:43','2025-10-08 10:08:43'),(241,241,'Giao Hàng Nhanh','TRACKGK512595',NULL,1,45.39,NULL,'2025-10-08 10:08:43','2025-10-08 10:08:43'),(242,242,'Giao Hàng Nhanh','TRACKVH641163',NULL,4,24.25,NULL,'2025-10-08 10:08:43','2025-10-08 10:08:43'),(243,243,'Viettel Post','TRACKXO363019',NULL,2,8.30,NULL,'2025-10-08 10:08:43','2025-10-08 10:08:43'),(244,244,'Viettel Post','TRACKLF008804',NULL,5,27.03,NULL,'2025-10-08 10:08:43','2025-10-08 10:08:43'),(245,245,'VNPost','TRACKYT820732',NULL,4,19.23,NULL,'2025-10-08 10:08:43','2025-10-08 10:08:43'),(246,246,'Giao Hàng Tiết Kiệm','TRACKYI739308',NULL,2,48.13,NULL,'2025-10-08 10:08:43','2025-10-08 10:08:43'),(247,247,'VNPost','TRACKYC146584',NULL,2,29.64,NULL,'2025-10-08 10:08:43','2025-10-08 10:08:43'),(248,248,'Giao Hàng Nhanh','TRACKKW475998',NULL,1,17.62,NULL,'2025-10-08 10:08:43','2025-10-08 10:08:43'),(249,249,'Viettel Post','TRACKGO430630',NULL,1,24.00,NULL,'2025-10-08 10:08:43','2025-10-08 10:08:43'),(250,250,'Giao Hàng Nhanh','TRACKIX793563',NULL,4,9.08,NULL,'2025-10-08 10:08:43','2025-10-08 10:08:43'),(251,251,'Giao Hàng Tiết Kiệm','TRACKSD114447',NULL,1,22.94,NULL,'2025-10-08 10:08:43','2025-10-08 10:08:43'),(252,252,'Giao Hàng Nhanh','TRACKXM462729',NULL,2,35.16,NULL,'2025-10-08 10:08:43','2025-10-08 10:08:43'),(253,253,'Giao Hàng Tiết Kiệm','TRACKFJ973884',NULL,2,23.95,NULL,'2025-10-08 10:08:43','2025-10-08 10:08:43'),(254,254,'Giao Hàng Nhanh','TRACKET638880',NULL,2,12.24,NULL,'2025-10-08 10:08:43','2025-10-08 10:08:43'),(255,255,'Giao Hàng Nhanh','TRACKAI021205',NULL,3,25.53,NULL,'2025-10-08 10:08:43','2025-10-08 10:08:43'),(256,256,'Viettel Post','TRACKJP725212',NULL,1,7.87,NULL,'2025-10-08 10:08:43','2025-10-08 10:08:43'),(257,257,'Giao Hàng Tiết Kiệm','TRACKVV915237',NULL,2,10.45,NULL,'2025-10-08 10:08:43','2025-10-08 10:08:43'),(258,258,'Giao Hàng Tiết Kiệm','TRACKVZ358861',NULL,2,27.11,NULL,'2025-10-08 10:08:43','2025-10-08 10:08:43'),(259,259,'Giao Hàng Nhanh','TRACKXJ984598',NULL,5,43.25,NULL,'2025-10-08 10:08:43','2025-10-08 10:08:43'),(260,260,'Viettel Post','TRACKHW053787',NULL,5,9.89,NULL,'2025-10-08 10:08:43','2025-10-08 10:08:43'),(261,261,'Viettel Post','TRACKKV495194',NULL,1,9.08,NULL,'2025-10-08 10:08:43','2025-10-08 10:08:43'),(262,262,'Viettel Post','TRACKBG718911',NULL,5,25.38,NULL,'2025-10-08 10:08:43','2025-10-08 10:08:43'),(263,263,'Giao Hàng Tiết Kiệm','TRACKKN035224',NULL,5,16.20,NULL,'2025-10-08 10:08:43','2025-10-08 10:08:43'),(264,264,'Giao Hàng Nhanh','TRACKQF274289',NULL,4,28.71,NULL,'2025-10-08 10:08:43','2025-10-08 10:08:43'),(265,265,'Giao Hàng Nhanh','TRACKBL980159',NULL,5,23.30,NULL,'2025-10-08 10:08:43','2025-10-08 10:08:43'),(266,266,'VNPost','TRACKCN066239',NULL,3,30.26,NULL,'2025-10-08 10:08:43','2025-10-08 10:08:43'),(267,267,'Giao Hàng Tiết Kiệm','TRACKKJ100991',NULL,5,35.17,NULL,'2025-10-08 10:08:43','2025-10-08 10:08:43'),(268,268,'Viettel Post','TRACKSB910395',NULL,3,31.50,NULL,'2025-10-08 10:08:43','2025-10-08 10:08:43'),(269,269,'VNPost','TRACKFG833915',NULL,4,29.46,NULL,'2025-10-08 10:08:43','2025-10-08 10:08:43'),(270,270,'VNPost','TRACKCN139239',NULL,1,31.72,NULL,'2025-10-08 10:08:43','2025-10-08 10:08:43'),(271,271,'Giao Hàng Tiết Kiệm','TRACKYP583138',NULL,4,13.34,NULL,'2025-10-08 10:08:43','2025-10-08 10:08:43'),(272,272,'Giao Hàng Nhanh','TRACKTS766023',NULL,2,33.29,NULL,'2025-10-08 10:08:43','2025-10-08 10:08:43'),(273,273,'Giao Hàng Tiết Kiệm','TRACKSN987495',NULL,5,8.40,NULL,'2025-10-08 10:08:43','2025-10-08 10:08:43'),(274,274,'VNPost','TRACKSZ922168',NULL,4,42.07,NULL,'2025-10-08 10:08:43','2025-10-08 10:08:43'),(275,275,'Giao Hàng Tiết Kiệm','TRACKVR994665',NULL,4,42.91,NULL,'2025-10-08 10:08:43','2025-10-08 10:08:43'),(276,276,'Giao Hàng Nhanh','TRACKOZ252584',NULL,5,44.61,NULL,'2025-10-08 10:08:43','2025-10-08 10:08:43'),(277,277,'Giao Hàng Nhanh','TRACKPJ044553',NULL,1,35.53,NULL,'2025-10-08 10:08:43','2025-10-08 10:08:43'),(278,278,'Viettel Post','TRACKPR841163',NULL,4,24.67,NULL,'2025-10-08 10:08:43','2025-10-08 10:08:43'),(279,279,'Giao Hàng Nhanh','TRACKFE879121',NULL,5,20.78,NULL,'2025-10-08 10:08:43','2025-10-08 10:08:43'),(280,280,'Viettel Post','TRACKFF998273',NULL,5,34.61,NULL,'2025-10-08 10:08:43','2025-10-08 10:08:43'),(281,281,'Giao Hàng Tiết Kiệm','TRACKVW974037',NULL,3,37.49,NULL,'2025-10-08 10:08:43','2025-10-08 10:08:43'),(282,282,'Viettel Post','TRACKQO309584',NULL,1,39.19,NULL,'2025-10-08 10:08:43','2025-10-08 10:08:43'),(283,283,'VNPost','TRACKTQ794297',NULL,5,49.11,NULL,'2025-10-08 10:08:43','2025-10-08 10:08:43'),(284,284,'Giao Hàng Nhanh','TRACKZY058447',NULL,4,34.91,NULL,'2025-10-08 10:08:43','2025-10-08 10:08:43'),(285,285,'Giao Hàng Tiết Kiệm','TRACKER785811',NULL,5,19.32,NULL,'2025-10-08 10:08:43','2025-10-08 10:08:43'),(286,286,'Giao Hàng Nhanh','TRACKHN213215',NULL,5,13.81,NULL,'2025-10-08 10:08:43','2025-10-08 10:08:43'),(287,287,'Giao Hàng Nhanh','TRACKFD226297',NULL,1,21.39,NULL,'2025-10-08 10:08:43','2025-10-08 10:08:43'),(288,288,'Viettel Post','TRACKMT298715',NULL,1,41.87,NULL,'2025-10-08 10:08:43','2025-10-08 10:08:43'),(289,289,'Giao Hàng Nhanh','TRACKPK569934',NULL,4,31.17,NULL,'2025-10-08 10:08:43','2025-10-08 10:08:43'),(290,290,'Giao Hàng Nhanh','TRACKSK406615',NULL,2,10.93,NULL,'2025-10-08 10:08:43','2025-10-08 10:08:43'),(291,291,'Giao Hàng Nhanh','TRACKIU135616',NULL,5,33.75,NULL,'2025-10-08 10:08:43','2025-10-08 10:08:43'),(292,292,'Giao Hàng Nhanh','TRACKDZ507504',NULL,2,38.12,NULL,'2025-10-08 10:08:43','2025-10-08 10:08:43'),(293,293,'VNPost','TRACKHB961342',NULL,1,44.77,NULL,'2025-10-08 10:08:43','2025-10-08 10:08:43'),(294,294,'Giao Hàng Nhanh','TRACKTW743977',NULL,1,30.54,NULL,'2025-10-08 10:08:43','2025-10-08 10:08:43'),(295,295,'Viettel Post','TRACKIM386866',NULL,5,12.24,NULL,'2025-10-08 10:08:43','2025-10-08 10:08:43'),(296,296,'VNPost','TRACKKD617530',NULL,2,40.14,NULL,'2025-10-08 10:08:43','2025-10-08 10:08:43'),(297,297,'Giao Hàng Nhanh','TRACKTE672211',NULL,2,35.31,NULL,'2025-10-08 10:08:43','2025-10-08 10:08:43'),(298,298,'Giao Hàng Tiết Kiệm','TRACKFM252982',NULL,4,5.69,NULL,'2025-10-08 10:08:43','2025-10-08 10:08:43'),(299,299,'Viettel Post','TRACKWV716875',NULL,2,41.73,NULL,'2025-10-08 10:08:43','2025-10-08 10:08:43'),(300,300,'Giao Hàng Nhanh','TRACKDP678641',NULL,5,14.85,NULL,'2025-10-08 10:08:43','2025-10-08 10:08:43'),(301,301,'Giao Hàng Nhanh','TRACKSP949102',NULL,4,43.58,NULL,'2025-10-08 10:08:43','2025-10-08 10:08:43');
/*!40000 ALTER TABLE `shipping_details` ENABLE KEYS */;
UNLOCK TABLES;

--
-- Table structure for table `transactions`
--

DROP TABLE IF EXISTS `transactions`;
/*!40101 SET @saved_cs_client     = @@character_set_client */;
/*!50503 SET character_set_client = utf8mb4 */;
CREATE TABLE `transactions` (
  `id` bigint(20) unsigned NOT NULL AUTO_INCREMENT,
  `order_id` bigint(20) unsigned NOT NULL,
  `type` enum('payment','refund') NOT NULL,
  `amount` decimal(18,2) NOT NULL,
  `currency` varchar(3) NOT NULL,
  `gateway` varchar(255) NOT NULL,
  `gateway_transaction_id` varchar(255) DEFAULT NULL,
  `status` varchar(255) NOT NULL DEFAULT 'completed',
  `created_at` timestamp NULL DEFAULT NULL,
  `updated_at` timestamp NULL DEFAULT NULL,
  PRIMARY KEY (`id`),
  KEY `transactions_order_id_foreign` (`order_id`),
  CONSTRAINT `transactions_order_id_foreign` FOREIGN KEY (`order_id`) REFERENCES `orders` (`order_id`)
) ENGINE=InnoDB DEFAULT CHARSET=utf8mb4 COLLATE=utf8mb4_unicode_ci;
/*!40101 SET character_set_client = @saved_cs_client */;

--
-- Dumping data for table `transactions`
--

LOCK TABLES `transactions` WRITE;
/*!40000 ALTER TABLE `transactions` DISABLE KEYS */;
/*!40000 ALTER TABLE `transactions` ENABLE KEYS */;
UNLOCK TABLES;

--
-- Table structure for table `user_addresses`
--

DROP TABLE IF EXISTS `user_addresses`;
/*!40101 SET @saved_cs_client     = @@character_set_client */;
/*!50503 SET character_set_client = utf8mb4 */;
CREATE TABLE `user_addresses` (
  `id` bigint(20) unsigned NOT NULL AUTO_INCREMENT,
  `user_id` bigint(20) unsigned NOT NULL,
  `full_name` varchar(255) NOT NULL,
  `phone_number` varchar(20) NOT NULL,
  `street_address` varchar(255) NOT NULL,
  `is_default` tinyint(1) NOT NULL DEFAULT 0,
  `created_at` timestamp NULL DEFAULT NULL,
  `updated_at` timestamp NULL DEFAULT NULL,
  `deleted_at` timestamp NULL DEFAULT NULL,
  `country_id` bigint(20) unsigned DEFAULT NULL,
  `province_id` bigint(20) unsigned DEFAULT NULL,
  `district_id` bigint(20) unsigned DEFAULT NULL,
  `ward_id` bigint(20) unsigned DEFAULT NULL,
  `latitude` decimal(10,8) DEFAULT NULL,
  `longitude` decimal(11,8) DEFAULT NULL,
  PRIMARY KEY (`id`),
  KEY `user_addresses_user_id_foreign` (`user_id`),
  KEY `user_addresses_country_id_foreign` (`country_id`),
  KEY `user_addresses_province_id_foreign` (`province_id`),
  KEY `user_addresses_district_id_foreign` (`district_id`),
  KEY `user_addresses_ward_id_foreign` (`ward_id`),
  CONSTRAINT `user_addresses_country_id_foreign` FOREIGN KEY (`country_id`) REFERENCES `countries` (`id`),
  CONSTRAINT `user_addresses_district_id_foreign` FOREIGN KEY (`district_id`) REFERENCES `administrative_divisions` (`id`),
  CONSTRAINT `user_addresses_province_id_foreign` FOREIGN KEY (`province_id`) REFERENCES `administrative_divisions` (`id`),
  CONSTRAINT `user_addresses_user_id_foreign` FOREIGN KEY (`user_id`) REFERENCES `users` (`id`) ON DELETE CASCADE,
  CONSTRAINT `user_addresses_ward_id_foreign` FOREIGN KEY (`ward_id`) REFERENCES `administrative_divisions` (`id`)
) ENGINE=InnoDB AUTO_INCREMENT=101 DEFAULT CHARSET=utf8mb4 COLLATE=utf8mb4_unicode_ci;
/*!40101 SET character_set_client = @saved_cs_client */;

--
-- Dumping data for table `user_addresses`
--

LOCK TABLES `user_addresses` WRITE;
/*!40000 ALTER TABLE `user_addresses` DISABLE KEYS */;
INSERT INTO `user_addresses` VALUES (1,22,'Fletcher Waters','+84-546818041','500 Điện Biên Phủ',0,'2025-10-08 10:08:40','2025-10-08 10:08:40',NULL,NULL,NULL,NULL,NULL,10.80533000,106.71829200),(2,23,'Oswald Bergnaum','+84-983367934','10 Trần Hưng Đạo',1,'2025-10-08 10:08:40','2025-10-08 10:08:40',NULL,NULL,NULL,NULL,NULL,10.86392700,106.69389600),(3,24,'Spencer Trantow MD','+84-463436539','75 Hai Bà Trưng',1,'2025-10-08 10:08:40','2025-10-08 10:08:40',NULL,NULL,NULL,NULL,NULL,10.65045500,106.65500400),(4,25,'Keith O\'Kon','+84-405962707','150 Nguyễn Trãi',0,'2025-10-08 10:08:40','2025-10-08 10:08:40',NULL,NULL,NULL,NULL,NULL,10.65726900,106.54948800),(5,26,'Rod Kiehn','+84-066440765','10 Trần Hưng Đạo',1,'2025-10-08 10:08:40','2025-10-08 10:08:40',NULL,NULL,NULL,NULL,NULL,10.69383200,106.59012400),(6,27,'Lindsay Kunde','+84-627062087','300 Lê Lợi',0,'2025-10-08 10:08:40','2025-10-08 10:08:40',NULL,NULL,NULL,NULL,NULL,10.94103300,106.87811200),(7,28,'Dr. Darrin McClure IV','+84-052626639','221 Nguyễn Văn Cừ',1,'2025-10-08 10:08:40','2025-10-08 10:08:40',NULL,NULL,NULL,NULL,NULL,10.97614800,106.77081500),(8,29,'Benedict King','+84-003655607','500 Điện Biên Phủ',0,'2025-10-08 10:08:40','2025-10-08 10:08:40',NULL,NULL,NULL,NULL,NULL,10.98675700,106.63596000),(9,30,'Mariah Hartmann','+84-089329544','124 Cách Mạng Tháng 8',1,'2025-10-08 10:08:40','2025-10-08 10:08:40',NULL,NULL,NULL,NULL,NULL,10.77604900,106.50847800),(10,31,'Hester Kulas','+84-098228833','200 Phan Đình Phùng',1,'2025-10-08 10:08:40','2025-10-08 10:08:40',NULL,NULL,NULL,NULL,NULL,10.99577000,106.97088700),(11,32,'Lula Heaney','+84-574554384','50 Lý Thường Kiệt',0,'2025-10-08 10:08:40','2025-10-08 10:08:40',NULL,NULL,NULL,NULL,NULL,10.93474400,106.63549900),(12,33,'Damion Vandervort PhD','+84-851322380','200 Phan Đình Phùng',0,'2025-10-08 10:08:40','2025-10-08 10:08:40',NULL,NULL,NULL,NULL,NULL,10.71857500,106.98778300),(13,34,'Prof. Darrin Tremblay','+84-355259402','150 Nguyễn Trãi',1,'2025-10-08 10:08:40','2025-10-08 10:08:40',NULL,NULL,NULL,NULL,NULL,10.85452600,106.88483500),(14,35,'Ashton Dickens','+84-912372289','200 Phan Đình Phùng',0,'2025-10-08 10:08:40','2025-10-08 10:08:40',NULL,NULL,NULL,NULL,NULL,10.75750100,106.87651500),(15,36,'Kurt Mitchell','+84-349778713','300 Lê Lợi',0,'2025-10-08 10:08:41','2025-10-08 10:08:41',NULL,NULL,NULL,NULL,NULL,10.52179500,106.88912800),(16,37,'Dr. Alysha Legros','+84-736777466','124 Cách Mạng Tháng 8',0,'2025-10-08 10:08:41','2025-10-08 10:08:41',NULL,NULL,NULL,NULL,NULL,10.61425300,106.93140500),(17,38,'Dr. Haleigh Fisher V','+84-389057180','75 Hai Bà Trưng',0,'2025-10-08 10:08:41','2025-10-08 10:08:41',NULL,NULL,NULL,NULL,NULL,10.87267100,106.74382800),(18,39,'Aimee Keebler','+84-660732507','75 Hai Bà Trưng',1,'2025-10-08 10:08:41','2025-10-08 10:08:41',NULL,NULL,NULL,NULL,NULL,10.94218900,106.92559000),(19,40,'Carmel Jast','+84-108343918','400 Trần Phú',1,'2025-10-08 10:08:41','2025-10-08 10:08:41',NULL,NULL,NULL,NULL,NULL,10.57523100,106.54504600),(20,41,'Hudson Raynor','+84-093700576','300 Lê Lợi',1,'2025-10-08 10:08:41','2025-10-08 10:08:41',NULL,NULL,NULL,NULL,NULL,10.96889300,106.51192400),(21,42,'Amir Lesch','+84-976457088','400 Trần Phú',0,'2025-10-08 10:08:41','2025-10-08 10:08:41',NULL,NULL,NULL,NULL,NULL,10.76336600,106.62635400),(22,43,'Ms. Cleta Kautzer PhD','+84-947232364','10 Trần Hưng Đạo',0,'2025-10-08 10:08:41','2025-10-08 10:08:41',NULL,NULL,NULL,NULL,NULL,10.79232200,106.62574800),(23,44,'Heloise Bashirian','+84-114909469','500 Điện Biên Phủ',0,'2025-10-08 10:08:41','2025-10-08 10:08:41',NULL,NULL,NULL,NULL,NULL,10.70442300,106.58182200),(24,45,'Arvel Mertz','+84-098732459','75 Hai Bà Trưng',1,'2025-10-08 10:08:41','2025-10-08 10:08:41',NULL,NULL,NULL,NULL,NULL,10.57686100,106.91607900),(25,46,'Prof. Damien Schulist','+84-495232286','400 Trần Phú',1,'2025-10-08 10:08:41','2025-10-08 10:08:41',NULL,NULL,NULL,NULL,NULL,10.50378800,106.99897000),(26,47,'Albert Marks DVM','+84-102776469','221 Nguyễn Văn Cừ',1,'2025-10-08 10:08:41','2025-10-08 10:08:41',NULL,NULL,NULL,NULL,NULL,10.59874100,106.99320600),(27,48,'Loma Hagenes','+84-597084072','500 Điện Biên Phủ',1,'2025-10-08 10:08:41','2025-10-08 10:08:41',NULL,NULL,NULL,NULL,NULL,10.93500100,106.65324500),(28,49,'Mr. Moshe Langworth','+84-811434344','500 Điện Biên Phủ',1,'2025-10-08 10:08:41','2025-10-08 10:08:41',NULL,NULL,NULL,NULL,NULL,10.61125300,106.70360400),(29,50,'Ms. Mollie Douglas V','+84-334464309','500 Điện Biên Phủ',1,'2025-10-08 10:08:41','2025-10-08 10:08:41',NULL,NULL,NULL,NULL,NULL,10.86780100,106.99128100),(30,51,'Prof. Jennings Walsh V','+84-056020783','150 Nguyễn Trãi',1,'2025-10-08 10:08:41','2025-10-08 10:08:41',NULL,NULL,NULL,NULL,NULL,10.72735300,106.87109300),(31,52,'Cody Bergnaum','+84-520950414','200 Phan Đình Phùng',0,'2025-10-08 10:08:41','2025-10-08 10:08:41',NULL,NULL,NULL,NULL,NULL,10.88105600,106.91983200),(32,53,'Lizeth Hayes','+84-911960965','75 Hai Bà Trưng',0,'2025-10-08 10:08:41','2025-10-08 10:08:41',NULL,NULL,NULL,NULL,NULL,10.65735400,106.82806000),(33,54,'Miss Hilma Yost','+84-428872988','124 Cách Mạng Tháng 8',0,'2025-10-08 10:08:41','2025-10-08 10:08:41',NULL,NULL,NULL,NULL,NULL,10.83302000,106.90141600),(34,55,'Mr. Kurtis Spinka','+84-172441187','300 Lê Lợi',1,'2025-10-08 10:08:41','2025-10-08 10:08:41',NULL,NULL,NULL,NULL,NULL,10.64732300,106.71169700),(35,56,'Octavia Zulauf','+84-103402212','221 Nguyễn Văn Cừ',0,'2025-10-08 10:08:41','2025-10-08 10:08:41',NULL,NULL,NULL,NULL,NULL,10.91483100,106.95142000),(36,57,'Augustus Pagac','+84-958800027','124 Cách Mạng Tháng 8',0,'2025-10-08 10:08:41','2025-10-08 10:08:41',NULL,NULL,NULL,NULL,NULL,10.92980800,106.88308500),(37,58,'Prof. Clemens Reinger MD','+84-892921791','50 Lý Thường Kiệt',0,'2025-10-08 10:08:41','2025-10-08 10:08:41',NULL,NULL,NULL,NULL,NULL,10.83634400,106.86296000),(38,59,'Dr. Lennie Parker V','+84-011823886','400 Trần Phú',1,'2025-10-08 10:08:41','2025-10-08 10:08:41',NULL,NULL,NULL,NULL,NULL,10.87724300,106.79355100),(39,60,'Carlie Smith','+84-437285293','50 Lý Thường Kiệt',0,'2025-10-08 10:08:41','2025-10-08 10:08:41',NULL,NULL,NULL,NULL,NULL,10.94752000,106.83494400),(40,61,'Faye Littel','+84-859664508','221 Nguyễn Văn Cừ',1,'2025-10-08 10:08:41','2025-10-08 10:08:41',NULL,NULL,NULL,NULL,NULL,10.97046000,106.65273700),(41,62,'Destinee Koelpin','+84-008651214','75 Hai Bà Trưng',0,'2025-10-08 10:08:41','2025-10-08 10:08:41',NULL,NULL,NULL,NULL,NULL,10.75006600,106.85972100),(42,63,'Lexi Stracke II','+84-994989825','75 Hai Bà Trưng',0,'2025-10-08 10:08:41','2025-10-08 10:08:41',NULL,NULL,NULL,NULL,NULL,10.83646100,106.65320700),(43,64,'Leopold Morar','+84-152428571','300 Lê Lợi',0,'2025-10-08 10:08:41','2025-10-08 10:08:41',NULL,NULL,NULL,NULL,NULL,10.81087400,106.64256200),(44,65,'Sabina Crist','+84-499746188','221 Nguyễn Văn Cừ',0,'2025-10-08 10:08:41','2025-10-08 10:08:41',NULL,NULL,NULL,NULL,NULL,10.70124800,106.62225100),(45,66,'Prof. Pedro Grady','+84-388280981','221 Nguyễn Văn Cừ',1,'2025-10-08 10:08:41','2025-10-08 10:08:41',NULL,NULL,NULL,NULL,NULL,10.91915400,106.91935400),(46,67,'Otha Schaden','+84-806473371','221 Nguyễn Văn Cừ',1,'2025-10-08 10:08:41','2025-10-08 10:08:41',NULL,NULL,NULL,NULL,NULL,10.91055600,106.54293400),(47,68,'Troy Schumm','+84-757359156','150 Nguyễn Trãi',0,'2025-10-08 10:08:41','2025-10-08 10:08:41',NULL,NULL,NULL,NULL,NULL,10.90124200,106.85871900),(48,69,'Danika Goodwin','+84-905081455','50 Lý Thường Kiệt',1,'2025-10-08 10:08:41','2025-10-08 10:08:41',NULL,NULL,NULL,NULL,NULL,10.59928600,106.54181300),(49,70,'Solon Greenfelder','+84-428246585','124 Cách Mạng Tháng 8',0,'2025-10-08 10:08:41','2025-10-08 10:08:41',NULL,NULL,NULL,NULL,NULL,10.94058900,106.51429500),(50,71,'Karine Runte','+84-230053284','221 Nguyễn Văn Cừ',0,'2025-10-08 10:08:41','2025-10-08 10:08:41',NULL,NULL,NULL,NULL,NULL,10.74939300,106.65625600),(51,72,'Darrin Cartwright','+84-635719082','400 Trần Phú',0,'2025-10-08 10:08:41','2025-10-08 10:08:41',NULL,NULL,NULL,NULL,NULL,10.93971400,106.64489500),(52,73,'Nellie Greenfelder','+84-418461776','500 Điện Biên Phủ',0,'2025-10-08 10:08:41','2025-10-08 10:08:41',NULL,NULL,NULL,NULL,NULL,10.94313800,106.84500600),(53,74,'Dawn West','+84-946369131','150 Nguyễn Trãi',0,'2025-10-08 10:08:41','2025-10-08 10:08:41',NULL,NULL,NULL,NULL,NULL,10.86752600,106.91203100),(54,75,'Burnice Larson','+84-605751771','75 Hai Bà Trưng',0,'2025-10-08 10:08:41','2025-10-08 10:08:41',NULL,NULL,NULL,NULL,NULL,10.70656800,106.67507300),(55,76,'Prof. Jamel Swaniawski Jr.','+84-143340474','150 Nguyễn Trãi',0,'2025-10-08 10:08:41','2025-10-08 10:08:41',NULL,NULL,NULL,NULL,NULL,10.93039300,106.87612700),(56,77,'Orval Klocko','+84-437532291','400 Trần Phú',1,'2025-10-08 10:08:41','2025-10-08 10:08:41',NULL,NULL,NULL,NULL,NULL,10.56141000,106.74273000),(57,78,'Ms. Mathilde Hoeger IV','+84-308655263','300 Lê Lợi',0,'2025-10-08 10:08:41','2025-10-08 10:08:41',NULL,NULL,NULL,NULL,NULL,10.82333400,106.55186200),(58,79,'Dr. Lenore Schamberger Sr.','+84-443520986','124 Cách Mạng Tháng 8',0,'2025-10-08 10:08:41','2025-10-08 10:08:41',NULL,NULL,NULL,NULL,NULL,10.95254300,106.72293000),(59,80,'Morgan Hartmann','+84-883425573','10 Trần Hưng Đạo',0,'2025-10-08 10:08:41','2025-10-08 10:08:41',NULL,NULL,NULL,NULL,NULL,10.71615100,106.74637400),(60,81,'Brett Schulist PhD','+84-986260376','300 Lê Lợi',0,'2025-10-08 10:08:41','2025-10-08 10:08:41',NULL,NULL,NULL,NULL,NULL,10.96249300,106.68182500),(61,82,'Garnett Lehner','+84-212573380','50 Lý Thường Kiệt',0,'2025-10-08 10:08:41','2025-10-08 10:08:41',NULL,NULL,NULL,NULL,NULL,10.52495300,106.53008900),(62,83,'Ariane McGlynn DDS','+84-524062946','200 Phan Đình Phùng',0,'2025-10-08 10:08:41','2025-10-08 10:08:41',NULL,NULL,NULL,NULL,NULL,10.73433700,106.70118600),(63,84,'Kendra Schaefer','+84-322565474','150 Nguyễn Trãi',1,'2025-10-08 10:08:42','2025-10-08 10:08:42',NULL,NULL,NULL,NULL,NULL,10.80576400,106.89053300),(64,85,'Amira Bergstrom','+84-539834612','200 Phan Đình Phùng',0,'2025-10-08 10:08:42','2025-10-08 10:08:42',NULL,NULL,NULL,NULL,NULL,10.83691400,106.82058600),(65,86,'Mr. Moshe Langosh','+84-054792459','400 Trần Phú',0,'2025-10-08 10:08:42','2025-10-08 10:08:42',NULL,NULL,NULL,NULL,NULL,10.71153000,106.78210500),(66,87,'Jaden Ward','+84-910363652','150 Nguyễn Trãi',1,'2025-10-08 10:08:42','2025-10-08 10:08:42',NULL,NULL,NULL,NULL,NULL,10.57789800,106.94195800),(67,88,'Ms. Hilma Bogan I','+84-721299137','124 Cách Mạng Tháng 8',0,'2025-10-08 10:08:42','2025-10-08 10:08:42',NULL,NULL,NULL,NULL,NULL,10.56361100,106.89257500),(68,89,'Meggie Greenfelder','+84-145059562','75 Hai Bà Trưng',0,'2025-10-08 10:08:42','2025-10-08 10:08:42',NULL,NULL,NULL,NULL,NULL,10.56122100,106.88852300),(69,90,'Jose Hickle','+84-941525632','10 Trần Hưng Đạo',0,'2025-10-08 10:08:42','2025-10-08 10:08:42',NULL,NULL,NULL,NULL,NULL,10.88562600,106.81280500),(70,91,'Frankie Konopelski','+84-313793931','500 Điện Biên Phủ',1,'2025-10-08 10:08:42','2025-10-08 10:08:42',NULL,NULL,NULL,NULL,NULL,10.63399800,106.80018900),(71,92,'Isabel Kihn DDS','+84-704322563','500 Điện Biên Phủ',0,'2025-10-08 10:08:42','2025-10-08 10:08:42',NULL,NULL,NULL,NULL,NULL,10.86820800,106.59532300),(72,93,'Mr. Abel Jacobi','+84-801110349','221 Nguyễn Văn Cừ',0,'2025-10-08 10:08:42','2025-10-08 10:08:42',NULL,NULL,NULL,NULL,NULL,10.72164800,106.76909200),(73,94,'Emmanuelle Hand','+84-532532569','400 Trần Phú',0,'2025-10-08 10:08:42','2025-10-08 10:08:42',NULL,NULL,NULL,NULL,NULL,10.98618200,106.56459600),(74,95,'Marisa Gutkowski Sr.','+84-967390361','50 Lý Thường Kiệt',0,'2025-10-08 10:08:42','2025-10-08 10:08:42',NULL,NULL,NULL,NULL,NULL,10.83382200,106.94618400),(75,96,'Rebecca Bartoletti','+84-904278306','10 Trần Hưng Đạo',0,'2025-10-08 10:08:42','2025-10-08 10:08:42',NULL,NULL,NULL,NULL,NULL,10.96947100,106.59800300),(76,97,'Cheyenne Stroman','+84-088524009','500 Điện Biên Phủ',0,'2025-10-08 10:08:42','2025-10-08 10:08:42',NULL,NULL,NULL,NULL,NULL,10.68289200,106.72239800),(77,98,'Rosemary Leffler','+84-465189205','400 Trần Phú',1,'2025-10-08 10:08:42','2025-10-08 10:08:42',NULL,NULL,NULL,NULL,NULL,10.69155000,106.98316600),(78,99,'Dr. Gavin Rice II','+84-401847386','50 Lý Thường Kiệt',0,'2025-10-08 10:08:42','2025-10-08 10:08:42',NULL,NULL,NULL,NULL,NULL,10.83200800,106.53332300),(79,100,'Mr. Ewell Homenick','+84-697915941','10 Trần Hưng Đạo',1,'2025-10-08 10:08:42','2025-10-08 10:08:42',NULL,NULL,NULL,NULL,NULL,10.52301100,106.94834700),(80,101,'Prof. Shyann Hayes','+84-653156356','10 Trần Hưng Đạo',0,'2025-10-08 10:08:42','2025-10-08 10:08:42',NULL,NULL,NULL,NULL,NULL,10.83433600,106.90750500),(81,102,'Berneice Kirlin','+84-831701993','300 Lê Lợi',0,'2025-10-08 10:08:42','2025-10-08 10:08:42',NULL,NULL,NULL,NULL,NULL,10.71654700,106.54316700),(82,103,'Jadyn O\'Conner','+84-360211745','10 Trần Hưng Đạo',1,'2025-10-08 10:08:42','2025-10-08 10:08:42',NULL,NULL,NULL,NULL,NULL,10.52255700,106.62460700),(83,104,'Mrs. Kristy Koepp','+84-751056981','150 Nguyễn Trãi',0,'2025-10-08 10:08:42','2025-10-08 10:08:42',NULL,NULL,NULL,NULL,NULL,10.82032700,106.70832500),(84,105,'Alicia Bosco','+84-208984283','200 Phan Đình Phùng',0,'2025-10-08 10:08:42','2025-10-08 10:08:42',NULL,NULL,NULL,NULL,NULL,10.60183200,106.93670600),(85,106,'Mr. Vincent Daniel IV','+84-525216883','124 Cách Mạng Tháng 8',0,'2025-10-08 10:08:42','2025-10-08 10:08:42',NULL,NULL,NULL,NULL,NULL,10.69412000,106.68107900),(86,107,'Dr. Wendy McKenzie II','+84-262195737','200 Phan Đình Phùng',0,'2025-10-08 10:08:42','2025-10-08 10:08:42',NULL,NULL,NULL,NULL,NULL,10.81854400,106.80046500),(87,108,'Bette Breitenberg','+84-682390336','124 Cách Mạng Tháng 8',0,'2025-10-08 10:08:42','2025-10-08 10:08:42',NULL,NULL,NULL,NULL,NULL,10.88907800,106.88246600),(88,109,'Elisabeth Daugherty','+84-592103760','300 Lê Lợi',1,'2025-10-08 10:08:42','2025-10-08 10:08:42',NULL,NULL,NULL,NULL,NULL,10.78010500,106.73774900),(89,110,'Dr. Meghan Wilkinson','+84-246472485','124 Cách Mạng Tháng 8',0,'2025-10-08 10:08:42','2025-10-08 10:08:42',NULL,NULL,NULL,NULL,NULL,10.99104800,106.50979700),(90,111,'Adrienne Kertzmann','+84-152445989','300 Lê Lợi',1,'2025-10-08 10:08:42','2025-10-08 10:08:42',NULL,NULL,NULL,NULL,NULL,10.57934900,106.81310500),(91,112,'Dr. Kyra Volkman','+84-103319497','221 Nguyễn Văn Cừ',0,'2025-10-08 10:08:42','2025-10-08 10:08:42',NULL,NULL,NULL,NULL,NULL,10.63587200,106.78951600),(92,113,'Prof. Moses Wisozk V','+84-523072763','10 Trần Hưng Đạo',0,'2025-10-08 10:08:42','2025-10-08 10:08:42',NULL,NULL,NULL,NULL,NULL,10.77628000,106.89660900),(93,114,'Glenna Wilderman','+84-547250337','221 Nguyễn Văn Cừ',1,'2025-10-08 10:08:42','2025-10-08 10:08:42',NULL,NULL,NULL,NULL,NULL,10.76023300,106.70254200),(94,115,'Norma Jacobs','+84-136180549','150 Nguyễn Trãi',1,'2025-10-08 10:08:42','2025-10-08 10:08:42',NULL,NULL,NULL,NULL,NULL,10.60296700,106.55035300),(95,116,'Katherine Howell','+84-864185021','200 Phan Đình Phùng',0,'2025-10-08 10:08:42','2025-10-08 10:08:42',NULL,NULL,NULL,NULL,NULL,10.76571000,106.84917400),(96,117,'Lacey Waters III','+84-318310713','50 Lý Thường Kiệt',0,'2025-10-08 10:08:42','2025-10-08 10:08:42',NULL,NULL,NULL,NULL,NULL,10.83570000,106.98206300),(97,118,'Drew Satterfield','+84-634522492','50 Lý Thường Kiệt',1,'2025-10-08 10:08:42','2025-10-08 10:08:42',NULL,NULL,NULL,NULL,NULL,10.96827400,106.58462800),(98,119,'Fausto Howell MD','+84-727329338','500 Điện Biên Phủ',0,'2025-10-08 10:08:42','2025-10-08 10:08:42',NULL,NULL,NULL,NULL,NULL,10.52312100,106.55722500),(99,120,'Evan Green','+84-024176932','75 Hai Bà Trưng',1,'2025-10-08 10:08:42','2025-10-08 10:08:42',NULL,NULL,NULL,NULL,NULL,10.67312000,106.98929100),(100,121,'Joany McLaughlin','+84-307216443','221 Nguyễn Văn Cừ',1,'2025-10-08 10:08:42','2025-10-08 10:08:42',NULL,NULL,NULL,NULL,NULL,10.93744900,106.92273500);
/*!40000 ALTER TABLE `user_addresses` ENABLE KEYS */;
UNLOCK TABLES;

--
-- Table structure for table `user_events`
--

DROP TABLE IF EXISTS `user_events`;
/*!40101 SET @saved_cs_client     = @@character_set_client */;
/*!50503 SET character_set_client = utf8mb4 */;
CREATE TABLE `user_events` (
  `id` bigint(20) unsigned NOT NULL AUTO_INCREMENT,
  `user_id` bigint(20) unsigned DEFAULT NULL,
  `session_id` varchar(255) NOT NULL,
  `event_type` enum('page_view','product_view','add_to_cart','remove_from_cart','checkout_start','checkout_complete','purchase','login','register','logout','search','filter','wishlist_add') NOT NULL,
  `event_category` varchar(255) NOT NULL DEFAULT 'general',
  `event_data` longtext CHARACTER SET utf8mb4 COLLATE utf8mb4_bin DEFAULT NULL CHECK (json_valid(`event_data`)),
  `ip_address` varchar(45) DEFAULT NULL,
  `user_agent` text DEFAULT NULL,
  `referrer` varchar(255) DEFAULT NULL,
  `url` varchar(255) DEFAULT NULL,
  `created_at` timestamp NOT NULL DEFAULT current_timestamp(),
  PRIMARY KEY (`id`),
  KEY `user_events_user_id_created_at_index` (`user_id`,`created_at`),
  KEY `user_events_event_type_created_at_index` (`event_type`,`created_at`),
  KEY `user_events_event_category_created_at_index` (`event_category`,`created_at`),
  KEY `user_events_session_id_index` (`session_id`),
  KEY `user_events_created_at_index` (`created_at`),
  CONSTRAINT `user_events_user_id_foreign` FOREIGN KEY (`user_id`) REFERENCES `users` (`id`) ON DELETE SET NULL
) ENGINE=InnoDB DEFAULT CHARSET=utf8mb4 COLLATE=utf8mb4_unicode_ci;
/*!40101 SET character_set_client = @saved_cs_client */;

--
-- Dumping data for table `user_events`
--

LOCK TABLES `user_events` WRITE;
/*!40000 ALTER TABLE `user_events` DISABLE KEYS */;
/*!40000 ALTER TABLE `user_events` ENABLE KEYS */;
UNLOCK TABLES;

--
-- Table structure for table `user_preferences`
--

DROP TABLE IF EXISTS `user_preferences`;
/*!40101 SET @saved_cs_client     = @@character_set_client */;
/*!50503 SET character_set_client = utf8mb4 */;
CREATE TABLE `user_preferences` (
  `user_preference_id` bigint(20) unsigned NOT NULL AUTO_INCREMENT,
  `user_id` bigint(20) unsigned NOT NULL,
  `preferred_category_id` bigint(20) unsigned DEFAULT NULL,
  `preferred_brand_id` bigint(20) unsigned DEFAULT NULL,
  `min_price_range` decimal(18,2) DEFAULT NULL,
  `max_price_range` decimal(18,2) DEFAULT NULL,
  `created_at` timestamp NULL DEFAULT NULL,
  `updated_at` timestamp NULL DEFAULT NULL,
  PRIMARY KEY (`user_preference_id`),
  UNIQUE KEY `user_preferences_user_id_unique` (`user_id`),
  KEY `user_preferences_preferred_category_id_foreign` (`preferred_category_id`),
  KEY `user_preferences_preferred_brand_id_foreign` (`preferred_brand_id`),
  CONSTRAINT `user_preferences_preferred_brand_id_foreign` FOREIGN KEY (`preferred_brand_id`) REFERENCES `brands` (`brand_id`) ON DELETE SET NULL,
  CONSTRAINT `user_preferences_preferred_category_id_foreign` FOREIGN KEY (`preferred_category_id`) REFERENCES `categories` (`category_id`) ON DELETE SET NULL,
  CONSTRAINT `user_preferences_user_id_foreign` FOREIGN KEY (`user_id`) REFERENCES `users` (`id`) ON DELETE CASCADE
) ENGINE=InnoDB AUTO_INCREMENT=101 DEFAULT CHARSET=utf8mb4 COLLATE=utf8mb4_unicode_ci;
/*!40101 SET character_set_client = @saved_cs_client */;

--
-- Dumping data for table `user_preferences`
--

LOCK TABLES `user_preferences` WRITE;
/*!40000 ALTER TABLE `user_preferences` DISABLE KEYS */;
INSERT INTO `user_preferences` VALUES (1,22,22,NULL,NULL,NULL,'2025-10-08 10:08:44','2025-10-08 10:08:44'),(2,23,25,NULL,NULL,NULL,'2025-10-08 10:08:45','2025-10-08 10:08:45'),(3,24,14,NULL,NULL,NULL,'2025-10-08 10:08:45','2025-10-08 10:08:45'),(4,25,16,NULL,NULL,NULL,'2025-10-08 10:08:45','2025-10-08 10:08:45'),(5,26,26,NULL,NULL,NULL,'2025-10-08 10:08:45','2025-10-08 10:08:45'),(6,27,20,NULL,NULL,NULL,'2025-10-08 10:08:45','2025-10-08 10:08:45'),(7,28,25,NULL,NULL,NULL,'2025-10-08 10:08:45','2025-10-08 10:08:45'),(8,29,3,NULL,NULL,NULL,'2025-10-08 10:08:45','2025-10-08 10:08:45'),(9,30,21,NULL,NULL,NULL,'2025-10-08 10:08:45','2025-10-08 10:08:45'),(10,31,26,NULL,NULL,NULL,'2025-10-08 10:08:45','2025-10-08 10:08:45'),(11,32,24,NULL,NULL,NULL,'2025-10-08 10:08:46','2025-10-08 10:08:46'),(12,33,10,NULL,NULL,NULL,'2025-10-08 10:08:46','2025-10-08 10:08:46'),(13,34,25,NULL,NULL,NULL,'2025-10-08 10:08:46','2025-10-08 10:08:46'),(14,35,10,NULL,NULL,NULL,'2025-10-08 10:08:46','2025-10-08 10:08:46'),(15,36,2,NULL,NULL,NULL,'2025-10-08 10:08:46','2025-10-08 10:08:46'),(16,37,10,NULL,NULL,NULL,'2025-10-08 10:08:46','2025-10-08 10:08:46'),(17,38,13,NULL,NULL,NULL,'2025-10-08 10:08:46','2025-10-08 10:08:46'),(18,39,20,NULL,NULL,NULL,'2025-10-08 10:08:46','2025-10-08 10:08:46'),(19,40,20,NULL,NULL,NULL,'2025-10-08 10:08:46','2025-10-08 10:08:46'),(20,41,19,NULL,NULL,NULL,'2025-10-08 10:08:46','2025-10-08 10:08:46'),(21,42,20,NULL,NULL,NULL,'2025-10-08 10:08:47','2025-10-08 10:08:47'),(22,43,20,NULL,NULL,NULL,'2025-10-08 10:08:47','2025-10-08 10:08:47'),(23,44,19,NULL,NULL,NULL,'2025-10-08 10:08:47','2025-10-08 10:08:47'),(24,45,10,NULL,NULL,NULL,'2025-10-08 10:08:47','2025-10-08 10:08:47'),(25,46,27,NULL,NULL,NULL,'2025-10-08 10:08:47','2025-10-08 10:08:47'),(26,47,3,NULL,NULL,NULL,'2025-10-08 10:08:47','2025-10-08 10:08:47'),(27,48,6,NULL,NULL,NULL,'2025-10-08 10:08:47','2025-10-08 10:08:47'),(28,49,20,NULL,NULL,NULL,'2025-10-08 10:08:47','2025-10-08 10:08:47'),(29,50,5,NULL,NULL,NULL,'2025-10-08 10:08:47','2025-10-08 10:08:47'),(30,51,27,NULL,NULL,NULL,'2025-10-08 10:08:48','2025-10-08 10:08:48'),(31,52,25,NULL,NULL,NULL,'2025-10-08 10:08:48','2025-10-08 10:08:48'),(32,53,23,NULL,NULL,NULL,'2025-10-08 10:08:48','2025-10-08 10:08:48'),(33,54,5,NULL,NULL,NULL,'2025-10-08 10:08:48','2025-10-08 10:08:48'),(34,55,25,NULL,NULL,NULL,'2025-10-08 10:08:48','2025-10-08 10:08:48'),(35,56,3,NULL,NULL,NULL,'2025-10-08 10:08:48','2025-10-08 10:08:48'),(36,57,20,NULL,NULL,NULL,'2025-10-08 10:08:48','2025-10-08 10:08:48'),(37,58,21,NULL,NULL,NULL,'2025-10-08 10:08:48','2025-10-08 10:08:48'),(38,59,11,NULL,NULL,NULL,'2025-10-08 10:08:48','2025-10-08 10:08:48'),(39,60,10,NULL,NULL,NULL,'2025-10-08 10:08:48','2025-10-08 10:08:48'),(40,61,7,NULL,NULL,NULL,'2025-10-08 10:08:49','2025-10-08 10:08:49'),(41,62,3,NULL,NULL,NULL,'2025-10-08 10:08:49','2025-10-08 10:08:49'),(42,63,16,NULL,NULL,NULL,'2025-10-08 10:08:49','2025-10-08 10:08:49'),(43,64,21,NULL,NULL,NULL,'2025-10-08 10:08:49','2025-10-08 10:08:49'),(44,65,24,NULL,NULL,NULL,'2025-10-08 10:08:49','2025-10-08 10:08:49'),(45,66,26,NULL,NULL,NULL,'2025-10-08 10:08:49','2025-10-08 10:08:49'),(46,67,4,NULL,NULL,NULL,'2025-10-08 10:08:49','2025-10-08 10:08:49'),(47,68,17,NULL,NULL,NULL,'2025-10-08 10:08:49','2025-10-08 10:08:49'),(48,69,19,NULL,NULL,NULL,'2025-10-08 10:08:49','2025-10-08 10:08:49'),(49,70,5,NULL,NULL,NULL,'2025-10-08 10:08:50','2025-10-08 10:08:50'),(50,71,18,NULL,NULL,NULL,'2025-10-08 10:08:50','2025-10-08 10:08:50'),(51,72,15,NULL,NULL,NULL,'2025-10-08 10:08:50','2025-10-08 10:08:50'),(52,73,2,NULL,NULL,NULL,'2025-10-08 10:08:50','2025-10-08 10:08:50'),(53,74,19,NULL,NULL,NULL,'2025-10-08 10:08:50','2025-10-08 10:08:50'),(54,75,1,NULL,NULL,NULL,'2025-10-08 10:08:50','2025-10-08 10:08:50'),(55,76,25,NULL,NULL,NULL,'2025-10-08 10:08:50','2025-10-08 10:08:50'),(56,77,9,NULL,NULL,NULL,'2025-10-08 10:08:50','2025-10-08 10:08:50'),(57,78,27,NULL,NULL,NULL,'2025-10-08 10:08:50','2025-10-08 10:08:50'),(58,79,15,NULL,NULL,NULL,'2025-10-08 10:08:50','2025-10-08 10:08:50'),(59,80,3,NULL,NULL,NULL,'2025-10-08 10:08:51','2025-10-08 10:08:51'),(60,81,14,NULL,NULL,NULL,'2025-10-08 10:08:51','2025-10-08 10:08:51'),(61,82,2,NULL,NULL,NULL,'2025-10-08 10:08:51','2025-10-08 10:08:51'),(62,83,5,NULL,NULL,NULL,'2025-10-08 10:08:51','2025-10-08 10:08:51'),(63,84,18,NULL,NULL,NULL,'2025-10-08 10:08:51','2025-10-08 10:08:51'),(64,85,10,NULL,NULL,NULL,'2025-10-08 10:08:51','2025-10-08 10:08:51'),(65,86,9,NULL,NULL,NULL,'2025-10-08 10:08:51','2025-10-08 10:08:51'),(66,87,11,NULL,NULL,NULL,'2025-10-08 10:08:51','2025-10-08 10:08:51'),(67,88,11,NULL,NULL,NULL,'2025-10-08 10:08:51','2025-10-08 10:08:51'),(68,89,15,NULL,NULL,NULL,'2025-10-08 10:08:51','2025-10-08 10:08:51'),(69,90,12,NULL,NULL,NULL,'2025-10-08 10:08:52','2025-10-08 10:08:52'),(70,91,14,NULL,NULL,NULL,'2025-10-08 10:08:52','2025-10-08 10:08:52'),(71,92,8,NULL,NULL,NULL,'2025-10-08 10:08:52','2025-10-08 10:08:52'),(72,93,27,NULL,NULL,NULL,'2025-10-08 10:08:52','2025-10-08 10:08:52'),(73,94,19,NULL,NULL,NULL,'2025-10-08 10:08:52','2025-10-08 10:08:52'),(74,95,16,NULL,NULL,NULL,'2025-10-08 10:08:52','2025-10-08 10:08:52'),(75,96,18,NULL,NULL,NULL,'2025-10-08 10:08:52','2025-10-08 10:08:52'),(76,97,18,NULL,NULL,NULL,'2025-10-08 10:08:52','2025-10-08 10:08:52'),(77,98,24,NULL,NULL,NULL,'2025-10-08 10:08:52','2025-10-08 10:08:52'),(78,99,26,NULL,NULL,NULL,'2025-10-08 10:08:52','2025-10-08 10:08:52'),(79,100,15,NULL,NULL,NULL,'2025-10-08 10:08:53','2025-10-08 10:08:53'),(80,101,2,NULL,NULL,NULL,'2025-10-08 10:08:53','2025-10-08 10:08:53'),(81,102,9,NULL,NULL,NULL,'2025-10-08 10:08:53','2025-10-08 10:08:53'),(82,103,20,NULL,NULL,NULL,'2025-10-08 10:08:53','2025-10-08 10:08:53'),(83,104,3,NULL,NULL,NULL,'2025-10-08 10:08:53','2025-10-08 10:08:53'),(84,105,17,NULL,NULL,NULL,'2025-10-08 10:08:53','2025-10-08 10:08:53'),(85,106,14,NULL,NULL,NULL,'2025-10-08 10:08:53','2025-10-08 10:08:53'),(86,107,22,NULL,NULL,NULL,'2025-10-08 10:08:53','2025-10-08 10:08:53'),(87,108,20,NULL,NULL,NULL,'2025-10-08 10:08:53','2025-10-08 10:08:53'),(88,109,25,NULL,NULL,NULL,'2025-10-08 10:08:54','2025-10-08 10:08:54'),(89,110,3,NULL,NULL,NULL,'2025-10-08 10:08:54','2025-10-08 10:08:54'),(90,111,16,NULL,NULL,NULL,'2025-10-08 10:08:54','2025-10-08 10:08:54'),(91,112,21,NULL,NULL,NULL,'2025-10-08 10:08:54','2025-10-08 10:08:54'),(92,113,24,NULL,NULL,NULL,'2025-10-08 10:08:54','2025-10-08 10:08:54'),(93,114,21,NULL,NULL,NULL,'2025-10-08 10:08:54','2025-10-08 10:08:54'),(94,115,4,NULL,NULL,NULL,'2025-10-08 10:08:54','2025-10-08 10:08:54'),(95,116,18,NULL,NULL,NULL,'2025-10-08 10:08:54','2025-10-08 10:08:54'),(96,117,11,NULL,NULL,NULL,'2025-10-08 10:08:54','2025-10-08 10:08:54'),(97,118,22,NULL,NULL,NULL,'2025-10-08 10:08:54','2025-10-08 10:08:54'),(98,119,16,NULL,NULL,NULL,'2025-10-08 10:08:55','2025-10-08 10:08:55'),(99,120,4,NULL,NULL,NULL,'2025-10-08 10:08:55','2025-10-08 10:08:55'),(100,121,8,NULL,NULL,NULL,'2025-10-08 10:08:55','2025-10-08 10:08:55');
/*!40000 ALTER TABLE `user_preferences` ENABLE KEYS */;
UNLOCK TABLES;

--
-- Table structure for table `users`
--

DROP TABLE IF EXISTS `users`;
/*!40101 SET @saved_cs_client     = @@character_set_client */;
/*!50503 SET character_set_client = utf8mb4 */;
CREATE TABLE `users` (
  `id` bigint(20) unsigned NOT NULL AUTO_INCREMENT,
  `username` varchar(255) NOT NULL,
  `email` varchar(255) NOT NULL,
  `email_verified_at` timestamp NULL DEFAULT NULL,
  `password` varchar(255) NOT NULL,
  `provider` varchar(255) DEFAULT NULL,
  `provider_id` varchar(255) DEFAULT NULL,
  `avatar` varchar(255) DEFAULT NULL,
  `remember_token` varchar(100) DEFAULT NULL,
  `created_at` timestamp NULL DEFAULT NULL,
  `updated_at` timestamp NULL DEFAULT NULL,
  `first_name` varchar(255) DEFAULT NULL,
  `last_name` varchar(255) DEFAULT NULL,
  `phone_number` varchar(20) DEFAULT NULL,
  `is_active` tinyint(1) NOT NULL DEFAULT 1,
  `deleted_at` timestamp NULL DEFAULT NULL,
  `default_address_id` bigint(20) unsigned DEFAULT NULL,
  PRIMARY KEY (`id`),
  UNIQUE KEY `users_email_unique` (`email`),
  UNIQUE KEY `users_username_unique` (`username`),
  UNIQUE KEY `users_phone_number_unique` (`phone_number`),
  KEY `users_default_address_id_foreign` (`default_address_id`),
  CONSTRAINT `users_default_address_id_foreign` FOREIGN KEY (`default_address_id`) REFERENCES `user_addresses` (`id`) ON DELETE SET NULL
) ENGINE=InnoDB AUTO_INCREMENT=132 DEFAULT CHARSET=utf8mb4 COLLATE=utf8mb4_unicode_ci;
/*!40101 SET character_set_client = @saved_cs_client */;

--
-- Dumping data for table `users`
--

LOCK TABLES `users` WRITE;
/*!40000 ALTER TABLE `users` DISABLE KEYS */;
INSERT INTO `users` VALUES (1,'superadmin','admin@shopnest.com','2025-10-08 10:08:38','$2y$12$PFkEDyZG5gbZVf/MGfJ2gO/ZZ5iblVkt4KPG.Ujc.6qcLuYS0skVO',NULL,NULL,NULL,'7i08HehyVc','2025-10-08 10:08:38','2025-10-08 10:08:38','Super','Admin','979-273-0373',1,NULL,NULL),(2,'boyle.carolyne','levi18@example.org','2025-10-08 10:08:38','$2y$12$zubOSUTWAzTEwshgoHZCROync1XQhMixtzCnhD8Cj0VCieSaBPZZ2',NULL,NULL,NULL,'29WN8O6TeA','2025-10-08 10:08:38','2025-10-08 10:08:38','Darren','Thiel','318.423.6747',1,NULL,NULL),(3,'hilpert.kiana','kub.ayla@example.net','2025-10-08 10:08:38','$2y$12$zubOSUTWAzTEwshgoHZCROync1XQhMixtzCnhD8Cj0VCieSaBPZZ2',NULL,NULL,NULL,'9fEQeuj9ok','2025-10-08 10:08:38','2025-10-08 10:08:38','Annamae','Volkman','1-650-859-6236',1,NULL,NULL),(4,'oledner','leola99@example.org','2025-10-08 10:08:38','$2y$12$zubOSUTWAzTEwshgoHZCROync1XQhMixtzCnhD8Cj0VCieSaBPZZ2',NULL,NULL,NULL,'5nYiA4LM3t','2025-10-08 10:08:38','2025-10-08 10:08:38','Josiane','O\'Connell','+1-234-893-9811',1,NULL,NULL),(5,'william.schiller','sgislason@example.com','2025-10-08 10:08:38','$2y$12$zubOSUTWAzTEwshgoHZCROync1XQhMixtzCnhD8Cj0VCieSaBPZZ2',NULL,NULL,NULL,'Wzmk1Nz0Jh','2025-10-08 10:08:38','2025-10-08 10:08:38','Ebba','Bednar','(917) 596-0512',1,NULL,NULL),(6,'allan.quigley','murphy.gregoria@example.net','2025-10-08 10:08:38','$2y$12$zubOSUTWAzTEwshgoHZCROync1XQhMixtzCnhD8Cj0VCieSaBPZZ2',NULL,NULL,NULL,'ulVFukJeY6','2025-10-08 10:08:38','2025-10-08 10:08:38','Isidro','Rippin','785.259.0419',1,NULL,NULL),(7,'dickens.louie','abshire.margaret@example.org','2025-10-08 10:08:38','$2y$12$zubOSUTWAzTEwshgoHZCROync1XQhMixtzCnhD8Cj0VCieSaBPZZ2',NULL,NULL,NULL,'Tkq7iBM4CB','2025-10-08 10:08:38','2025-10-08 10:08:38','River','Roob','865-515-0086',1,NULL,NULL),(8,'dooley.alfred','gaston.johns@example.com','2025-10-08 10:08:38','$2y$12$zubOSUTWAzTEwshgoHZCROync1XQhMixtzCnhD8Cj0VCieSaBPZZ2',NULL,NULL,NULL,'sCkEYncL9g','2025-10-08 10:08:38','2025-10-08 10:08:38','Jeanette','Ryan','908.580.7320',1,NULL,NULL),(9,'lourdes.bailey','dokeefe@example.com','2025-10-08 10:08:38','$2y$12$zubOSUTWAzTEwshgoHZCROync1XQhMixtzCnhD8Cj0VCieSaBPZZ2',NULL,NULL,NULL,'qATJ3YKKwe','2025-10-08 10:08:38','2025-10-08 10:08:38','Lukas','Tillman','727.464.8095',1,NULL,NULL),(10,'casimer.botsford','llegros@example.org','2025-10-08 10:08:38','$2y$12$zubOSUTWAzTEwshgoHZCROync1XQhMixtzCnhD8Cj0VCieSaBPZZ2',NULL,NULL,NULL,'z8pr1DEucN','2025-10-08 10:08:38','2025-10-08 10:08:38','Vallie','Roob','765.215.9580',1,NULL,NULL),(11,'sophia.crona','jazmin23@example.org','2025-10-08 10:08:38','$2y$12$zubOSUTWAzTEwshgoHZCROync1XQhMixtzCnhD8Cj0VCieSaBPZZ2',NULL,NULL,NULL,'xw8DyT4XiS','2025-10-08 10:08:38','2025-10-08 10:08:38','Gus','Crooks','(678) 462-8514',1,NULL,NULL),(12,'dschoen','kip.rodriguez@example.com','2025-10-08 10:08:38','$2y$12$zubOSUTWAzTEwshgoHZCROync1XQhMixtzCnhD8Cj0VCieSaBPZZ2',NULL,NULL,NULL,'W6hLa91T4N','2025-10-08 10:08:38','2025-10-08 10:08:38','Anika','Weber','1-620-755-2056',1,NULL,NULL),(13,'imurazik','ztillman@example.com','2025-10-08 10:08:38','$2y$12$zubOSUTWAzTEwshgoHZCROync1XQhMixtzCnhD8Cj0VCieSaBPZZ2',NULL,NULL,NULL,'l8ylUowRVO','2025-10-08 10:08:38','2025-10-08 10:08:38','Estevan','Weissnat','985-256-0707',1,NULL,NULL),(14,'ana.carter','bud.kshlerin@example.net','2025-10-08 10:08:38','$2y$12$zubOSUTWAzTEwshgoHZCROync1XQhMixtzCnhD8Cj0VCieSaBPZZ2',NULL,NULL,NULL,'yU4WYBjhsO','2025-10-08 10:08:38','2025-10-08 10:08:38','Joe','Crooks','(425) 473-8706',1,NULL,NULL),(15,'bkreiger','demetris.kemmer@example.com','2025-10-08 10:08:38','$2y$12$zubOSUTWAzTEwshgoHZCROync1XQhMixtzCnhD8Cj0VCieSaBPZZ2',NULL,NULL,NULL,'fHFZcbe1bb','2025-10-08 10:08:38','2025-10-08 10:08:38','Gerald','Ankunding','628-773-8960',1,NULL,NULL),(16,'eryn.feil','ubaldo.turner@example.com','2025-10-08 10:08:38','$2y$12$zubOSUTWAzTEwshgoHZCROync1XQhMixtzCnhD8Cj0VCieSaBPZZ2',NULL,NULL,NULL,'b7yVv1PtL1','2025-10-08 10:08:38','2025-10-08 10:08:38','Maximo','Parisian','+1 (878) 713-2684',1,NULL,NULL),(17,'gleason.sammie','lzemlak@example.org','2025-10-08 10:08:38','$2y$12$zubOSUTWAzTEwshgoHZCROync1XQhMixtzCnhD8Cj0VCieSaBPZZ2',NULL,NULL,NULL,'fGBG5NGyLN','2025-10-08 10:08:38','2025-10-08 10:08:38','Chaz','Oberbrunner','+17746565660',1,NULL,NULL),(18,'oschroeder','nathanael11@example.com','2025-10-08 10:08:38','$2y$12$zubOSUTWAzTEwshgoHZCROync1XQhMixtzCnhD8Cj0VCieSaBPZZ2',NULL,NULL,NULL,'sJ7aFYEaXo','2025-10-08 10:08:38','2025-10-08 10:08:38','Ally','Prohaska','(248) 656-6997',1,NULL,NULL),(19,'dell42','susie.ratke@example.org','2025-10-08 10:08:38','$2y$12$zubOSUTWAzTEwshgoHZCROync1XQhMixtzCnhD8Cj0VCieSaBPZZ2',NULL,NULL,NULL,'34IM0WFJdf','2025-10-08 10:08:38','2025-10-08 10:08:38','Asha','Ritchie','+1-682-578-0207',1,NULL,NULL),(20,'herzog.roger','egreenfelder@example.org','2025-10-08 10:08:38','$2y$12$zubOSUTWAzTEwshgoHZCROync1XQhMixtzCnhD8Cj0VCieSaBPZZ2',NULL,NULL,NULL,'ikDp9acjEo','2025-10-08 10:08:38','2025-10-08 10:08:38','Kylie','Rutherford','1-713-944-5157',1,NULL,NULL),(21,'gabrielle03','roman.cole@example.org','2025-10-08 10:08:38','$2y$12$zubOSUTWAzTEwshgoHZCROync1XQhMixtzCnhD8Cj0VCieSaBPZZ2',NULL,NULL,NULL,'PrDU0av2n3','2025-10-08 10:08:38','2025-10-08 10:08:38','Layla','Herzog','1-479-212-9533',1,NULL,NULL),(22,'braun.norma','rbergstrom@example.com','2025-10-08 10:08:38','$2y$12$zubOSUTWAzTEwshgoHZCROync1XQhMixtzCnhD8Cj0VCieSaBPZZ2',NULL,NULL,NULL,'c6VXCfC6E5','2025-10-08 10:08:38','2025-10-08 10:08:38','Sigmund','Lowe','+1 (919) 316-6213',1,NULL,NULL),(23,'boyer.jack','lueilwitz.charles@example.net','2025-10-08 10:08:38','$2y$12$zubOSUTWAzTEwshgoHZCROync1XQhMixtzCnhD8Cj0VCieSaBPZZ2',NULL,NULL,NULL,'Y8MmQn6mZH','2025-10-08 10:08:38','2025-10-08 10:08:38','Hector','Kerluke','+13602819031',1,NULL,NULL),(24,'ubode','arthur.schaden@example.com','2025-10-08 10:08:38','$2y$12$zubOSUTWAzTEwshgoHZCROync1XQhMixtzCnhD8Cj0VCieSaBPZZ2',NULL,NULL,NULL,'RHUmfcLrB2','2025-10-08 10:08:38','2025-10-08 10:08:38','Delphine','Wehner','+1-321-239-7618',1,NULL,NULL),(25,'dorian79','jeanie19@example.org','2025-10-08 10:08:38','$2y$12$zubOSUTWAzTEwshgoHZCROync1XQhMixtzCnhD8Cj0VCieSaBPZZ2',NULL,NULL,NULL,'FCiJ9uB19B','2025-10-08 10:08:38','2025-10-08 10:08:38','Jakob','Mante','(224) 612-3106',1,NULL,NULL),(26,'hkling','qbosco@example.com','2025-10-08 10:08:38','$2y$12$zubOSUTWAzTEwshgoHZCROync1XQhMixtzCnhD8Cj0VCieSaBPZZ2',NULL,NULL,NULL,'Y9EBij5ADD','2025-10-08 10:08:38','2025-10-08 10:08:38','Carlos','Wolff','351-633-3268',1,NULL,NULL),(27,'name.hoeger','grohan@example.org','2025-10-08 10:08:38','$2y$12$zubOSUTWAzTEwshgoHZCROync1XQhMixtzCnhD8Cj0VCieSaBPZZ2',NULL,NULL,NULL,'lhu7TEpSgQ','2025-10-08 10:08:38','2025-10-08 10:08:38','Demarcus','Waelchi','(281) 431-2504',1,NULL,NULL),(28,'aschaefer','jacobson.robbie@example.net','2025-10-08 10:08:38','$2y$12$zubOSUTWAzTEwshgoHZCROync1XQhMixtzCnhD8Cj0VCieSaBPZZ2',NULL,NULL,NULL,'bfLUv6WGdx','2025-10-08 10:08:38','2025-10-08 10:08:38','Alexandra','Prosacco','260.324.7311',1,NULL,NULL),(29,'emma.funk','fannie72@example.org','2025-10-08 10:08:38','$2y$12$zubOSUTWAzTEwshgoHZCROync1XQhMixtzCnhD8Cj0VCieSaBPZZ2',NULL,NULL,NULL,'457P3NJ62U','2025-10-08 10:08:38','2025-10-08 10:08:38','Derek','Stark','785.582.7809',1,NULL,NULL),(30,'tabernathy','salvador.eichmann@example.org','2025-10-08 10:08:38','$2y$12$zubOSUTWAzTEwshgoHZCROync1XQhMixtzCnhD8Cj0VCieSaBPZZ2',NULL,NULL,NULL,'Edb59JG4vX','2025-10-08 10:08:38','2025-10-08 10:08:38','Jammie','Klein','+1-503-518-3672',1,NULL,NULL),(31,'harvey.jamarcus','brant.goyette@example.com','2025-10-08 10:08:38','$2y$12$zubOSUTWAzTEwshgoHZCROync1XQhMixtzCnhD8Cj0VCieSaBPZZ2',NULL,NULL,NULL,'FQQ9E8zAr9','2025-10-08 10:08:38','2025-10-08 10:08:38','Cesar','Jacobi','(520) 552-4167',1,NULL,NULL),(32,'adriana.treutel','brice78@example.net','2025-10-08 10:08:38','$2y$12$zubOSUTWAzTEwshgoHZCROync1XQhMixtzCnhD8Cj0VCieSaBPZZ2',NULL,NULL,NULL,'Nzdtyndkr0','2025-10-08 10:08:38','2025-10-08 10:08:38','Easton','Pfeffer','1-986-669-5173',1,NULL,NULL),(33,'ebert.karlee','xhomenick@example.com','2025-10-08 10:08:38','$2y$12$zubOSUTWAzTEwshgoHZCROync1XQhMixtzCnhD8Cj0VCieSaBPZZ2',NULL,NULL,NULL,'Y6Tvhhf0Dx','2025-10-08 10:08:38','2025-10-08 10:08:38','Roscoe','Reilly','743-683-8163',1,NULL,NULL),(34,'delpha57','mona.parisian@example.org','2025-10-08 10:08:38','$2y$12$zubOSUTWAzTEwshgoHZCROync1XQhMixtzCnhD8Cj0VCieSaBPZZ2',NULL,NULL,NULL,'btNXiK2vN7','2025-10-08 10:08:38','2025-10-08 10:08:38','Bryon','Connelly','+1-530-277-1764',1,NULL,NULL),(35,'llewellyn68','kira07@example.com','2025-10-08 10:08:38','$2y$12$zubOSUTWAzTEwshgoHZCROync1XQhMixtzCnhD8Cj0VCieSaBPZZ2',NULL,NULL,NULL,'fLdfDBZ5Yu','2025-10-08 10:08:38','2025-10-08 10:08:38','Lawrence','Ziemann','689.519.0302',1,NULL,NULL),(36,'thiel.marcella','patrick.heidenreich@example.net','2025-10-08 10:08:38','$2y$12$zubOSUTWAzTEwshgoHZCROync1XQhMixtzCnhD8Cj0VCieSaBPZZ2',NULL,NULL,NULL,'w2jiBvNmsg','2025-10-08 10:08:38','2025-10-08 10:08:38','Carmelo','Thiel','1-248-765-6536',1,NULL,NULL),(37,'hirthe.brady','marlin84@example.net','2025-10-08 10:08:38','$2y$12$zubOSUTWAzTEwshgoHZCROync1XQhMixtzCnhD8Cj0VCieSaBPZZ2',NULL,NULL,NULL,'C9mPQkgPTm','2025-10-08 10:08:38','2025-10-08 10:08:38','Eulah','Gutkowski','430-447-3849',1,NULL,NULL),(38,'hgraham','bdickens@example.org','2025-10-08 10:08:38','$2y$12$zubOSUTWAzTEwshgoHZCROync1XQhMixtzCnhD8Cj0VCieSaBPZZ2',NULL,NULL,NULL,'q0A3D8y5ZN','2025-10-08 10:08:38','2025-10-08 10:08:38','Walker','Smitham','1-769-424-4868',1,NULL,NULL),(39,'barton.elyse','lockman.veda@example.org','2025-10-08 10:08:38','$2y$12$zubOSUTWAzTEwshgoHZCROync1XQhMixtzCnhD8Cj0VCieSaBPZZ2',NULL,NULL,NULL,'Z4ayVFps2O','2025-10-08 10:08:38','2025-10-08 10:08:38','Clara','Beer','1-857-800-1491',1,NULL,NULL),(40,'nick.mayert','ecummerata@example.org','2025-10-08 10:08:38','$2y$12$zubOSUTWAzTEwshgoHZCROync1XQhMixtzCnhD8Cj0VCieSaBPZZ2',NULL,NULL,NULL,'t2rctuhdmi','2025-10-08 10:08:38','2025-10-08 10:08:38','Phyllis','Blanda','1-775-819-7698',1,NULL,NULL),(41,'ismael56','jamison58@example.org','2025-10-08 10:08:38','$2y$12$zubOSUTWAzTEwshgoHZCROync1XQhMixtzCnhD8Cj0VCieSaBPZZ2',NULL,NULL,NULL,'Q8f24qwAaZ','2025-10-08 10:08:38','2025-10-08 10:08:38','Alexzander','Lang','(657) 384-3406',1,NULL,NULL),(42,'ima07','sylvan80@example.org','2025-10-08 10:08:38','$2y$12$zubOSUTWAzTEwshgoHZCROync1XQhMixtzCnhD8Cj0VCieSaBPZZ2',NULL,NULL,NULL,'iShmDmYuop','2025-10-08 10:08:38','2025-10-08 10:08:38','Nelle','Armstrong','(458) 509-2104',1,NULL,NULL),(43,'boyle.dasia','xander45@example.net','2025-10-08 10:08:38','$2y$12$zubOSUTWAzTEwshgoHZCROync1XQhMixtzCnhD8Cj0VCieSaBPZZ2',NULL,NULL,NULL,'xDVhziIzYK','2025-10-08 10:08:38','2025-10-08 10:08:38','Alda','Littel','+1-410-300-9460',1,NULL,NULL),(44,'acrist','pwill@example.org','2025-10-08 10:08:38','$2y$12$zubOSUTWAzTEwshgoHZCROync1XQhMixtzCnhD8Cj0VCieSaBPZZ2',NULL,NULL,NULL,'HNZlkxVWHP','2025-10-08 10:08:38','2025-10-08 10:08:38','Vella','Block','1-719-457-4618',1,NULL,NULL),(45,'harley89','ncummerata@example.com','2025-10-08 10:08:38','$2y$12$zubOSUTWAzTEwshgoHZCROync1XQhMixtzCnhD8Cj0VCieSaBPZZ2',NULL,NULL,NULL,'DtoOI9CoGX','2025-10-08 10:08:38','2025-10-08 10:08:38','Savion','Hamill','603.633.5424',1,NULL,NULL),(46,'derdman','xlubowitz@example.com','2025-10-08 10:08:38','$2y$12$zubOSUTWAzTEwshgoHZCROync1XQhMixtzCnhD8Cj0VCieSaBPZZ2',NULL,NULL,NULL,'OfEotHfKDe','2025-10-08 10:08:38','2025-10-08 10:08:38','Kelton','Schaefer','+1-531-474-6675',1,NULL,NULL),(47,'rosenbaum.aliyah','dmorissette@example.com','2025-10-08 10:08:38','$2y$12$zubOSUTWAzTEwshgoHZCROync1XQhMixtzCnhD8Cj0VCieSaBPZZ2',NULL,NULL,NULL,'jsc918x3Io','2025-10-08 10:08:38','2025-10-08 10:08:38','Jalyn','Bogisich','612.417.1191',1,NULL,NULL),(48,'jimmie.hand','smccullough@example.com','2025-10-08 10:08:38','$2y$12$zubOSUTWAzTEwshgoHZCROync1XQhMixtzCnhD8Cj0VCieSaBPZZ2',NULL,NULL,NULL,'EE8QGYgyd4','2025-10-08 10:08:38','2025-10-08 10:08:38','Christine','Dibbert','458.493.4826',1,NULL,NULL),(49,'dmedhurst','lowell01@example.com','2025-10-08 10:08:38','$2y$12$zubOSUTWAzTEwshgoHZCROync1XQhMixtzCnhD8Cj0VCieSaBPZZ2',NULL,NULL,NULL,'jwXqOchLaG','2025-10-08 10:08:38','2025-10-08 10:08:38','Lurline','Romaguera','(208) 364-6412',1,NULL,NULL),(50,'consuelo.durgan','miller.magdalen@example.net','2025-10-08 10:08:38','$2y$12$zubOSUTWAzTEwshgoHZCROync1XQhMixtzCnhD8Cj0VCieSaBPZZ2',NULL,NULL,NULL,'67NKvQFqth','2025-10-08 10:08:38','2025-10-08 10:08:38','Bennett','Predovic','+14256891885',1,NULL,NULL),(51,'lonny.altenwerth','angela.medhurst@example.com','2025-10-08 10:08:38','$2y$12$zubOSUTWAzTEwshgoHZCROync1XQhMixtzCnhD8Cj0VCieSaBPZZ2',NULL,NULL,NULL,'v8UEI2J3VS','2025-10-08 10:08:38','2025-10-08 10:08:38','Maryam','Stehr','947.866.1257',1,NULL,NULL),(52,'judge.bartoletti','israel18@example.net','2025-10-08 10:08:38','$2y$12$zubOSUTWAzTEwshgoHZCROync1XQhMixtzCnhD8Cj0VCieSaBPZZ2',NULL,NULL,NULL,'e5oZlHThSY','2025-10-08 10:08:38','2025-10-08 10:08:38','Dallin','Cartwright','+1 (440) 375-7806',1,NULL,NULL),(53,'pfeffer.sabina','crooks.alfredo@example.net','2025-10-08 10:08:38','$2y$12$zubOSUTWAzTEwshgoHZCROync1XQhMixtzCnhD8Cj0VCieSaBPZZ2',NULL,NULL,NULL,'5qE13UV82S','2025-10-08 10:08:38','2025-10-08 10:08:38','Consuelo','Mraz','442-257-1777',1,NULL,NULL),(54,'cartwright.king','edison.goldner@example.org','2025-10-08 10:08:38','$2y$12$zubOSUTWAzTEwshgoHZCROync1XQhMixtzCnhD8Cj0VCieSaBPZZ2',NULL,NULL,NULL,'JPpbCwI9Kj','2025-10-08 10:08:38','2025-10-08 10:08:38','Brisa','Predovic','+1.575.366.8418',1,NULL,NULL),(55,'rutherford.colton','torp.jaleel@example.org','2025-10-08 10:08:38','$2y$12$zubOSUTWAzTEwshgoHZCROync1XQhMixtzCnhD8Cj0VCieSaBPZZ2',NULL,NULL,NULL,'DAF2IInJRZ','2025-10-08 10:08:38','2025-10-08 10:08:38','Amy','Kunde','+1-281-245-9923',1,NULL,NULL),(56,'scottie.rogahn','ressie25@example.org','2025-10-08 10:08:38','$2y$12$zubOSUTWAzTEwshgoHZCROync1XQhMixtzCnhD8Cj0VCieSaBPZZ2',NULL,NULL,NULL,'mnjNiwwWxT','2025-10-08 10:08:38','2025-10-08 10:08:38','Carleton','Bernier','1-530-563-6465',1,NULL,NULL),(57,'qdicki','kieran46@example.org','2025-10-08 10:08:38','$2y$12$zubOSUTWAzTEwshgoHZCROync1XQhMixtzCnhD8Cj0VCieSaBPZZ2',NULL,NULL,NULL,'t4qiTOXy4r','2025-10-08 10:08:38','2025-10-08 10:08:38','Joanie','Johnston','779-407-6509',1,NULL,NULL),(58,'kilback.brannon','madelynn.durgan@example.net','2025-10-08 10:08:38','$2y$12$zubOSUTWAzTEwshgoHZCROync1XQhMixtzCnhD8Cj0VCieSaBPZZ2',NULL,NULL,NULL,'3Gx3m9UiAz','2025-10-08 10:08:38','2025-10-08 10:08:38','Carleton','Beer','551.883.0705',1,NULL,NULL),(59,'pink.braun','corine63@example.com','2025-10-08 10:08:38','$2y$12$zubOSUTWAzTEwshgoHZCROync1XQhMixtzCnhD8Cj0VCieSaBPZZ2',NULL,NULL,NULL,'5mITwg6jRp','2025-10-08 10:08:38','2025-10-08 10:08:38','Dane','Abernathy','+1-802-577-8861',1,NULL,NULL),(60,'dfisher','connelly.hudson@example.com','2025-10-08 10:08:38','$2y$12$zubOSUTWAzTEwshgoHZCROync1XQhMixtzCnhD8Cj0VCieSaBPZZ2',NULL,NULL,NULL,'HAGXIQ0AIK','2025-10-08 10:08:38','2025-10-08 10:08:38','Kip','Bergnaum','435-561-0326',1,NULL,NULL),(61,'osinski.dereck','clemmie.kunde@example.net','2025-10-08 10:08:38','$2y$12$zubOSUTWAzTEwshgoHZCROync1XQhMixtzCnhD8Cj0VCieSaBPZZ2',NULL,NULL,NULL,'e6ZKcB2wEd','2025-10-08 10:08:38','2025-10-08 10:08:38','Lewis','Jacobi','1-309-646-5565',1,NULL,NULL),(62,'meagan.gibson','chyna.wiza@example.net','2025-10-08 10:08:38','$2y$12$zubOSUTWAzTEwshgoHZCROync1XQhMixtzCnhD8Cj0VCieSaBPZZ2',NULL,NULL,NULL,'LzZ9VK8YFV','2025-10-08 10:08:38','2025-10-08 10:08:38','Jaqueline','Murray','442-626-1645',1,NULL,NULL),(63,'mdickinson','xprohaska@example.net','2025-10-08 10:08:38','$2y$12$zubOSUTWAzTEwshgoHZCROync1XQhMixtzCnhD8Cj0VCieSaBPZZ2',NULL,NULL,NULL,'snFGSu0OLc','2025-10-08 10:08:38','2025-10-08 10:08:38','Jena','Wiza','+1 (908) 653-4558',1,NULL,NULL),(64,'dtreutel','sflatley@example.net','2025-10-08 10:08:38','$2y$12$zubOSUTWAzTEwshgoHZCROync1XQhMixtzCnhD8Cj0VCieSaBPZZ2',NULL,NULL,NULL,'VXIJlfbEKN','2025-10-08 10:08:38','2025-10-08 10:08:38','Elmo','Moen','+1 (352) 936-1956',1,NULL,NULL),(65,'huel.jovany','roberts.gillian@example.net','2025-10-08 10:08:38','$2y$12$zubOSUTWAzTEwshgoHZCROync1XQhMixtzCnhD8Cj0VCieSaBPZZ2',NULL,NULL,NULL,'RsJAw4lb5r','2025-10-08 10:08:38','2025-10-08 10:08:38','Raleigh','Kihn','+1.252.542.9916',1,NULL,NULL),(66,'haley.ivah','thompson.vesta@example.com','2025-10-08 10:08:38','$2y$12$zubOSUTWAzTEwshgoHZCROync1XQhMixtzCnhD8Cj0VCieSaBPZZ2',NULL,NULL,NULL,'0LKZxYmHBa','2025-10-08 10:08:38','2025-10-08 10:08:38','Keeley','Mann','385.791.6097',1,NULL,NULL),(67,'kaley08','abbott.pearl@example.com','2025-10-08 10:08:38','$2y$12$zubOSUTWAzTEwshgoHZCROync1XQhMixtzCnhD8Cj0VCieSaBPZZ2',NULL,NULL,NULL,'CxhnatBlX6','2025-10-08 10:08:38','2025-10-08 10:08:38','Zackery','Kiehn','+1.757.796.7707',1,NULL,NULL),(68,'rosalinda67','leonardo00@example.org','2025-10-08 10:08:38','$2y$12$zubOSUTWAzTEwshgoHZCROync1XQhMixtzCnhD8Cj0VCieSaBPZZ2',NULL,NULL,NULL,'Oq9iaK37kM','2025-10-08 10:08:38','2025-10-08 10:08:38','Isabel','Runte','(646) 423-8857',1,NULL,NULL),(69,'walter.kaylie','rstark@example.org','2025-10-08 10:08:38','$2y$12$zubOSUTWAzTEwshgoHZCROync1XQhMixtzCnhD8Cj0VCieSaBPZZ2',NULL,NULL,NULL,'78kVj0frm5','2025-10-08 10:08:38','2025-10-08 10:08:38','Nat','Koch','978-632-6777',1,NULL,NULL),(70,'bennett.christiansen','bednar.reina@example.org','2025-10-08 10:08:38','$2y$12$zubOSUTWAzTEwshgoHZCROync1XQhMixtzCnhD8Cj0VCieSaBPZZ2',NULL,NULL,NULL,'0NjgH8dO67','2025-10-08 10:08:38','2025-10-08 10:08:38','Rachel','Emmerich','+1.267.380.2837',1,NULL,NULL),(71,'rossie11','zhaley@example.com','2025-10-08 10:08:38','$2y$12$zubOSUTWAzTEwshgoHZCROync1XQhMixtzCnhD8Cj0VCieSaBPZZ2',NULL,NULL,NULL,'sZ5BMUXcre','2025-10-08 10:08:38','2025-10-08 10:08:38','Gerda','Volkman','+19382015468',1,NULL,NULL),(72,'kulas.brendan','frankie50@example.org','2025-10-08 10:08:38','$2y$12$zubOSUTWAzTEwshgoHZCROync1XQhMixtzCnhD8Cj0VCieSaBPZZ2',NULL,NULL,NULL,'GPXHURFBD4','2025-10-08 10:08:38','2025-10-08 10:08:38','Buddy','Waters','+1 (941) 977-8829',1,NULL,NULL),(73,'taylor71','edison15@example.net','2025-10-08 10:08:38','$2y$12$zubOSUTWAzTEwshgoHZCROync1XQhMixtzCnhD8Cj0VCieSaBPZZ2',NULL,NULL,NULL,'WBCnlqepPH','2025-10-08 10:08:38','2025-10-08 10:08:38','Meagan','Sporer','763.360.4285',1,NULL,NULL),(74,'kozey.tara','pasquale.lehner@example.net','2025-10-08 10:08:38','$2y$12$zubOSUTWAzTEwshgoHZCROync1XQhMixtzCnhD8Cj0VCieSaBPZZ2',NULL,NULL,NULL,'vIVMfM27sO','2025-10-08 10:08:38','2025-10-08 10:08:38','Bernadine','Rau','904-370-7558',1,NULL,NULL),(75,'neoma.jast','boehm.ralph@example.com','2025-10-08 10:08:38','$2y$12$zubOSUTWAzTEwshgoHZCROync1XQhMixtzCnhD8Cj0VCieSaBPZZ2',NULL,NULL,NULL,'sJx5XvDWnI','2025-10-08 10:08:38','2025-10-08 10:08:38','Gisselle','Aufderhar','(678) 683-2891',1,NULL,NULL),(76,'rreichert','lhickle@example.com','2025-10-08 10:08:38','$2y$12$zubOSUTWAzTEwshgoHZCROync1XQhMixtzCnhD8Cj0VCieSaBPZZ2',NULL,NULL,NULL,'5GP6C60z0R','2025-10-08 10:08:38','2025-10-08 10:08:38','Enos','Bergstrom','1-820-547-8524',1,NULL,NULL),(77,'qlemke','alexis.koepp@example.net','2025-10-08 10:08:38','$2y$12$zubOSUTWAzTEwshgoHZCROync1XQhMixtzCnhD8Cj0VCieSaBPZZ2',NULL,NULL,NULL,'KyX5dI0rQT','2025-10-08 10:08:38','2025-10-08 10:08:38','Hardy','Kunde','567.736.7868',1,NULL,NULL),(78,'iauer','hbeer@example.net','2025-10-08 10:08:38','$2y$12$zubOSUTWAzTEwshgoHZCROync1XQhMixtzCnhD8Cj0VCieSaBPZZ2',NULL,NULL,NULL,'4VQnsAACX1','2025-10-08 10:08:38','2025-10-08 10:08:38','Ben','Crist','+13024415941',1,NULL,NULL),(79,'conroy.brando','amiya02@example.org','2025-10-08 10:08:38','$2y$12$zubOSUTWAzTEwshgoHZCROync1XQhMixtzCnhD8Cj0VCieSaBPZZ2',NULL,NULL,NULL,'B399Nc5RRc','2025-10-08 10:08:38','2025-10-08 10:08:38','Yasmine','Herman','+13856171201',1,NULL,NULL),(80,'lfay','rkonopelski@example.net','2025-10-08 10:08:38','$2y$12$zubOSUTWAzTEwshgoHZCROync1XQhMixtzCnhD8Cj0VCieSaBPZZ2',NULL,NULL,NULL,'jaIifsQ8VV','2025-10-08 10:08:38','2025-10-08 10:08:38','Jaquan','Schoen','1-786-715-2897',1,NULL,NULL),(81,'reynold84','inader@example.org','2025-10-08 10:08:38','$2y$12$zubOSUTWAzTEwshgoHZCROync1XQhMixtzCnhD8Cj0VCieSaBPZZ2',NULL,NULL,NULL,'R3mOt1BpcH','2025-10-08 10:08:38','2025-10-08 10:08:38','Gladys','Simonis','(669) 502-5191',1,NULL,NULL),(82,'dejon.borer','gregory.hane@example.com','2025-10-08 10:08:38','$2y$12$zubOSUTWAzTEwshgoHZCROync1XQhMixtzCnhD8Cj0VCieSaBPZZ2',NULL,NULL,NULL,'oYNscPQOur','2025-10-08 10:08:38','2025-10-08 10:08:38','Estell','Spencer','1-806-627-2352',1,NULL,NULL),(83,'mraz.daphnee','aubree.bogisich@example.net','2025-10-08 10:08:38','$2y$12$zubOSUTWAzTEwshgoHZCROync1XQhMixtzCnhD8Cj0VCieSaBPZZ2',NULL,NULL,NULL,'BFjgwHlyke','2025-10-08 10:08:38','2025-10-08 10:08:38','Lauren','Heaney','1-317-847-3618',1,NULL,NULL),(84,'emmett92','fcormier@example.net','2025-10-08 10:08:38','$2y$12$zubOSUTWAzTEwshgoHZCROync1XQhMixtzCnhD8Cj0VCieSaBPZZ2',NULL,NULL,NULL,'nGlZpOyWEB','2025-10-08 10:08:38','2025-10-08 10:08:38','Hilton','Barton','951-949-4627',1,NULL,NULL),(85,'nader.curtis','shammes@example.net','2025-10-08 10:08:38','$2y$12$zubOSUTWAzTEwshgoHZCROync1XQhMixtzCnhD8Cj0VCieSaBPZZ2',NULL,NULL,NULL,'1bBHUVpTkd','2025-10-08 10:08:38','2025-10-08 10:08:38','Chanelle','Lemke','940-253-5960',1,NULL,NULL),(86,'hmcdermott','parisian.garrett@example.com','2025-10-08 10:08:38','$2y$12$zubOSUTWAzTEwshgoHZCROync1XQhMixtzCnhD8Cj0VCieSaBPZZ2',NULL,NULL,NULL,'wmVaBesndR','2025-10-08 10:08:38','2025-10-08 10:08:38','Krystina','Larson','+1.689.548.9995',1,NULL,NULL),(87,'bradford44','kyla.effertz@example.org','2025-10-08 10:08:38','$2y$12$zubOSUTWAzTEwshgoHZCROync1XQhMixtzCnhD8Cj0VCieSaBPZZ2',NULL,NULL,NULL,'BJojN7sdQP','2025-10-08 10:08:38','2025-10-08 10:08:38','Eddie','Wintheiser','1-848-288-4557',1,NULL,NULL),(88,'stella.marks','hope.prosacco@example.net','2025-10-08 10:08:38','$2y$12$zubOSUTWAzTEwshgoHZCROync1XQhMixtzCnhD8Cj0VCieSaBPZZ2',NULL,NULL,NULL,'Rg6wOFc0jF','2025-10-08 10:08:38','2025-10-08 10:08:38','Lourdes','Raynor','+1.562.463.1609',1,NULL,NULL),(89,'kelli13','mitchel.leannon@example.com','2025-10-08 10:08:38','$2y$12$zubOSUTWAzTEwshgoHZCROync1XQhMixtzCnhD8Cj0VCieSaBPZZ2',NULL,NULL,NULL,'9Cr6nyxznd','2025-10-08 10:08:38','2025-10-08 10:08:38','Brain','Yost','(919) 303-1046',1,NULL,NULL),(90,'cgoldner','eugene.kutch@example.com','2025-10-08 10:08:38','$2y$12$zubOSUTWAzTEwshgoHZCROync1XQhMixtzCnhD8Cj0VCieSaBPZZ2',NULL,NULL,NULL,'Yld5LZkGSB','2025-10-08 10:08:38','2025-10-08 10:08:38','Russel','Kerluke','228-302-1642',1,NULL,NULL),(91,'goyette.neva','karlie34@example.org','2025-10-08 10:08:38','$2y$12$zubOSUTWAzTEwshgoHZCROync1XQhMixtzCnhD8Cj0VCieSaBPZZ2',NULL,NULL,NULL,'WNoy2qGz27','2025-10-08 10:08:38','2025-10-08 10:08:38','Flavie','Koch','+1 (404) 469-0682',1,NULL,NULL),(92,'pkris','williamson.fermin@example.com','2025-10-08 10:08:38','$2y$12$zubOSUTWAzTEwshgoHZCROync1XQhMixtzCnhD8Cj0VCieSaBPZZ2',NULL,NULL,NULL,'zanhiJO9zj','2025-10-08 10:08:38','2025-10-08 10:08:38','Carmela','Skiles','+1 (858) 833-8416',1,NULL,NULL),(93,'schmidt.kyler','westley.reynolds@example.com','2025-10-08 10:08:38','$2y$12$zubOSUTWAzTEwshgoHZCROync1XQhMixtzCnhD8Cj0VCieSaBPZZ2',NULL,NULL,NULL,'0oZ7xShLSD','2025-10-08 10:08:38','2025-10-08 10:08:38','Christophe','Schneider','(678) 869-0474',1,NULL,NULL),(94,'ztremblay','nelda.ullrich@example.net','2025-10-08 10:08:38','$2y$12$zubOSUTWAzTEwshgoHZCROync1XQhMixtzCnhD8Cj0VCieSaBPZZ2',NULL,NULL,NULL,'thLT6QxTYx','2025-10-08 10:08:38','2025-10-08 10:08:38','Rahsaan','Rempel','(716) 541-6629',1,NULL,NULL),(95,'considine.daisy','leanna33@example.net','2025-10-08 10:08:38','$2y$12$zubOSUTWAzTEwshgoHZCROync1XQhMixtzCnhD8Cj0VCieSaBPZZ2',NULL,NULL,NULL,'1u3F814ixu','2025-10-08 10:08:38','2025-10-08 10:08:38','Lyric','Johns','650-341-5814',1,NULL,NULL),(96,'fabian63','koch.ruben@example.com','2025-10-08 10:08:38','$2y$12$zubOSUTWAzTEwshgoHZCROync1XQhMixtzCnhD8Cj0VCieSaBPZZ2',NULL,NULL,NULL,'WBFB2DR7El','2025-10-08 10:08:38','2025-10-08 10:08:38','Katlyn','Grant','+13139963203',1,NULL,NULL),(97,'robert95','jaycee.mcclure@example.net','2025-10-08 10:08:38','$2y$12$zubOSUTWAzTEwshgoHZCROync1XQhMixtzCnhD8Cj0VCieSaBPZZ2',NULL,NULL,NULL,'3kghyEYo4s','2025-10-08 10:08:38','2025-10-08 10:08:38','Chyna','Price','+17752691669',1,NULL,NULL),(98,'margarete.hartmann','clifford98@example.com','2025-10-08 10:08:38','$2y$12$zubOSUTWAzTEwshgoHZCROync1XQhMixtzCnhD8Cj0VCieSaBPZZ2',NULL,NULL,NULL,'rFpBjwoN1j','2025-10-08 10:08:38','2025-10-08 10:08:38','River','Bradtke','+1-341-715-5471',1,NULL,NULL),(99,'jaiden53','corkery.sven@example.com','2025-10-08 10:08:38','$2y$12$zubOSUTWAzTEwshgoHZCROync1XQhMixtzCnhD8Cj0VCieSaBPZZ2',NULL,NULL,NULL,'260tRWYUSG','2025-10-08 10:08:38','2025-10-08 10:08:38','Brenden','Kihn','+18649930499',1,NULL,NULL),(100,'ejohnson','mante.kaia@example.org','2025-10-08 10:08:38','$2y$12$zubOSUTWAzTEwshgoHZCROync1XQhMixtzCnhD8Cj0VCieSaBPZZ2',NULL,NULL,NULL,'aTooiigKN9','2025-10-08 10:08:38','2025-10-08 10:08:38','Nestor','Rolfson','(361) 804-5533',1,NULL,NULL),(101,'ladarius.brown','madalyn20@example.net','2025-10-08 10:08:38','$2y$12$zubOSUTWAzTEwshgoHZCROync1XQhMixtzCnhD8Cj0VCieSaBPZZ2',NULL,NULL,NULL,'kkNEyBLMMt','2025-10-08 10:08:38','2025-10-08 10:08:38','Fermin','Ferry','804.473.5473',1,NULL,NULL),(102,'bashirian.frederic','eloise.johnston@example.org','2025-10-08 10:08:38','$2y$12$zubOSUTWAzTEwshgoHZCROync1XQhMixtzCnhD8Cj0VCieSaBPZZ2',NULL,NULL,NULL,'3CKwqRK3fS','2025-10-08 10:08:38','2025-10-08 10:08:38','Aleen','Anderson','1-628-945-2013',1,NULL,NULL),(103,'juliet87','elna.runolfsdottir@example.com','2025-10-08 10:08:38','$2y$12$zubOSUTWAzTEwshgoHZCROync1XQhMixtzCnhD8Cj0VCieSaBPZZ2',NULL,NULL,NULL,'jnnbFiRHws','2025-10-08 10:08:38','2025-10-08 10:08:38','Precious','Kunde','747.294.7243',1,NULL,NULL),(104,'ifeeney','padberg.santos@example.com','2025-10-08 10:08:38','$2y$12$zubOSUTWAzTEwshgoHZCROync1XQhMixtzCnhD8Cj0VCieSaBPZZ2',NULL,NULL,NULL,'2EL7Dcpk81','2025-10-08 10:08:38','2025-10-08 10:08:38','Marvin','Maggio','+1-651-673-3092',1,NULL,NULL),(105,'pbrakus','esteban10@example.net','2025-10-08 10:08:38','$2y$12$zubOSUTWAzTEwshgoHZCROync1XQhMixtzCnhD8Cj0VCieSaBPZZ2',NULL,NULL,NULL,'ndpumZdghO','2025-10-08 10:08:38','2025-10-08 10:08:38','Alize','Runte','(352) 267-4186',1,NULL,NULL),(106,'junior49','zrau@example.com','2025-10-08 10:08:38','$2y$12$zubOSUTWAzTEwshgoHZCROync1XQhMixtzCnhD8Cj0VCieSaBPZZ2',NULL,NULL,NULL,'ONb4rKLI4c','2025-10-08 10:08:38','2025-10-08 10:08:38','Domenick','Towne','1-386-287-6862',1,NULL,NULL),(107,'oral98','malika73@example.org','2025-10-08 10:08:38','$2y$12$zubOSUTWAzTEwshgoHZCROync1XQhMixtzCnhD8Cj0VCieSaBPZZ2',NULL,NULL,NULL,'LJ2ZoST9ka','2025-10-08 10:08:38','2025-10-08 10:08:38','Selena','Eichmann','+17405190800',1,NULL,NULL),(108,'roberto.barton','bernita17@example.net','2025-10-08 10:08:38','$2y$12$zubOSUTWAzTEwshgoHZCROync1XQhMixtzCnhD8Cj0VCieSaBPZZ2',NULL,NULL,NULL,'LVg5cM1Xyp','2025-10-08 10:08:38','2025-10-08 10:08:38','Lavinia','Goldner','989-830-0306',1,NULL,NULL),(109,'gkohler','chodkiewicz@example.org','2025-10-08 10:08:38','$2y$12$zubOSUTWAzTEwshgoHZCROync1XQhMixtzCnhD8Cj0VCieSaBPZZ2',NULL,NULL,NULL,'KyqxQbjKbP','2025-10-08 10:08:38','2025-10-08 10:08:38','Omari','D\'Amore','+1 (502) 308-6547',1,NULL,NULL),(110,'molly.stokes','svolkman@example.com','2025-10-08 10:08:38','$2y$12$zubOSUTWAzTEwshgoHZCROync1XQhMixtzCnhD8Cj0VCieSaBPZZ2',NULL,NULL,NULL,'UrfHYc4XZB','2025-10-08 10:08:38','2025-10-08 10:08:38','Oda','Douglas','470-735-5897',1,NULL,NULL),(111,'jayce.ward','pmclaughlin@example.com','2025-10-08 10:08:38','$2y$12$zubOSUTWAzTEwshgoHZCROync1XQhMixtzCnhD8Cj0VCieSaBPZZ2',NULL,NULL,NULL,'xoEs8PCWrS','2025-10-08 10:08:38','2025-10-08 10:08:38','Bud','Jacobs','(601) 429-1269',1,NULL,NULL),(112,'whuel','terence35@example.org','2025-10-08 10:08:38','$2y$12$zubOSUTWAzTEwshgoHZCROync1XQhMixtzCnhD8Cj0VCieSaBPZZ2',NULL,NULL,NULL,'aqOCtYQkq5','2025-10-08 10:08:38','2025-10-08 10:08:38','Norval','Corkery','743.321.4464',1,NULL,NULL),(113,'constantin25','qabernathy@example.com','2025-10-08 10:08:38','$2y$12$zubOSUTWAzTEwshgoHZCROync1XQhMixtzCnhD8Cj0VCieSaBPZZ2',NULL,NULL,NULL,'E4MPkN5dMo','2025-10-08 10:08:38','2025-10-08 10:08:38','Manley','Block','940.924.7991',1,NULL,NULL),(114,'beahan.don','hattie04@example.net','2025-10-08 10:08:38','$2y$12$zubOSUTWAzTEwshgoHZCROync1XQhMixtzCnhD8Cj0VCieSaBPZZ2',NULL,NULL,NULL,'oOR3wKCHvz','2025-10-08 10:08:38','2025-10-08 10:08:38','Isabelle','Hartmann','+1-380-476-5566',1,NULL,NULL),(115,'mkohler','mayert.ivory@example.net','2025-10-08 10:08:38','$2y$12$zubOSUTWAzTEwshgoHZCROync1XQhMixtzCnhD8Cj0VCieSaBPZZ2',NULL,NULL,NULL,'NJuNfoH74P','2025-10-08 10:08:38','2025-10-08 10:08:38','Alvena','Predovic','(928) 671-9132',1,NULL,NULL),(116,'cummings.urban','jones.vilma@example.net','2025-10-08 10:08:38','$2y$12$zubOSUTWAzTEwshgoHZCROync1XQhMixtzCnhD8Cj0VCieSaBPZZ2',NULL,NULL,NULL,'wottA56mjv','2025-10-08 10:08:38','2025-10-08 10:08:38','Cary','Zieme','+1 (346) 283-3063',1,NULL,NULL),(117,'christian82','kbartell@example.com','2025-10-08 10:08:38','$2y$12$zubOSUTWAzTEwshgoHZCROync1XQhMixtzCnhD8Cj0VCieSaBPZZ2',NULL,NULL,NULL,'g7RI7blu7O','2025-10-08 10:08:38','2025-10-08 10:08:38','Velva','Christiansen','478.271.1629',1,NULL,NULL),(118,'louie58','mittie.paucek@example.net','2025-10-08 10:08:38','$2y$12$zubOSUTWAzTEwshgoHZCROync1XQhMixtzCnhD8Cj0VCieSaBPZZ2',NULL,NULL,NULL,'cNOKtFAFJM','2025-10-08 10:08:38','2025-10-08 10:08:38','Jeff','Leffler','+1.706.658.2236',1,NULL,NULL),(119,'audrey.cummings','erdman.tanya@example.com','2025-10-08 10:08:38','$2y$12$zubOSUTWAzTEwshgoHZCROync1XQhMixtzCnhD8Cj0VCieSaBPZZ2',NULL,NULL,NULL,'3RCgi3MLtK','2025-10-08 10:08:38','2025-10-08 10:08:38','Edgar','Gaylord','(409) 665-2357',1,NULL,NULL),(120,'patsy73','autumn11@example.com','2025-10-08 10:08:38','$2y$12$zubOSUTWAzTEwshgoHZCROync1XQhMixtzCnhD8Cj0VCieSaBPZZ2',NULL,NULL,NULL,'2NBUXC07Xi','2025-10-08 10:08:38','2025-10-08 10:08:38','Ben','Thompson','726.956.9920',1,NULL,NULL),(121,'bauch.queenie','zieme.stefanie@example.net','2025-10-08 10:08:38','$2y$12$zubOSUTWAzTEwshgoHZCROync1XQhMixtzCnhD8Cj0VCieSaBPZZ2',NULL,NULL,NULL,'nMx4K5zoML','2025-10-08 10:08:38','2025-10-08 10:08:38','Nikko','Yundt','+1.818.852.3475',1,NULL,NULL),(122,'nicolette.ward','rosalia.little@example.com','2025-10-08 10:08:38','$2y$12$zubOSUTWAzTEwshgoHZCROync1XQhMixtzCnhD8Cj0VCieSaBPZZ2',NULL,NULL,NULL,'vYzTCu3S3U','2025-10-08 10:08:38','2025-10-08 10:08:38','Gabriel','Lynch','+1.239.651.7539',1,NULL,NULL),(123,'cheathcote','gsipes@example.net','2025-10-08 10:08:38','$2y$12$zubOSUTWAzTEwshgoHZCROync1XQhMixtzCnhD8Cj0VCieSaBPZZ2',NULL,NULL,NULL,'uwX6EPCq00','2025-10-08 10:08:38','2025-10-08 10:08:38','Wilma','Powlowski','(442) 277-8678',1,NULL,NULL),(124,'lind.brice','rfeest@example.net','2025-10-08 10:08:38','$2y$12$zubOSUTWAzTEwshgoHZCROync1XQhMixtzCnhD8Cj0VCieSaBPZZ2',NULL,NULL,NULL,'GwFF3F6oSa','2025-10-08 10:08:38','2025-10-08 10:08:38','Amir','Zemlak','+1.774.519.8100',1,NULL,NULL),(125,'beahan.christ','yschmidt@example.net','2025-10-08 10:08:38','$2y$12$zubOSUTWAzTEwshgoHZCROync1XQhMixtzCnhD8Cj0VCieSaBPZZ2',NULL,NULL,NULL,'HMdK6z0gk2','2025-10-08 10:08:38','2025-10-08 10:08:38','Kobe','Oberbrunner','+1-620-635-8104',1,NULL,NULL),(126,'wgreenfelder','rene.keebler@example.com','2025-10-08 10:08:38','$2y$12$zubOSUTWAzTEwshgoHZCROync1XQhMixtzCnhD8Cj0VCieSaBPZZ2',NULL,NULL,NULL,'BWEBuEO1As','2025-10-08 10:08:38','2025-10-08 10:08:38','Harrison','Ullrich','+1.743.966.8688',1,NULL,NULL),(127,'harry29','nfunk@example.com','2025-10-08 10:08:38','$2y$12$zubOSUTWAzTEwshgoHZCROync1XQhMixtzCnhD8Cj0VCieSaBPZZ2',NULL,NULL,NULL,'bYVbDaEH1F','2025-10-08 10:08:38','2025-10-08 10:08:38','Lula','Weber','+1.484.442.7164',1,NULL,NULL),(128,'erica43','zhoppe@example.org','2025-10-08 10:08:38','$2y$12$zubOSUTWAzTEwshgoHZCROync1XQhMixtzCnhD8Cj0VCieSaBPZZ2',NULL,NULL,NULL,'4ga76Ja52s','2025-10-08 10:08:38','2025-10-08 10:08:38','Davin','Dicki','(502) 262-3151',1,NULL,NULL),(129,'gratke','fpredovic@example.com','2025-10-08 10:08:38','$2y$12$zubOSUTWAzTEwshgoHZCROync1XQhMixtzCnhD8Cj0VCieSaBPZZ2',NULL,NULL,NULL,'11JtyNmUaA','2025-10-08 10:08:38','2025-10-08 10:08:38','Queenie','Hills','+18707849838',1,NULL,NULL),(130,'boyle.hollis','jerde.vernice@example.com','2025-10-08 10:08:38','$2y$12$zubOSUTWAzTEwshgoHZCROync1XQhMixtzCnhD8Cj0VCieSaBPZZ2',NULL,NULL,NULL,'gPw89Z4Lym','2025-10-08 10:08:38','2025-10-08 10:08:38','Aisha','Turner','(720) 342-4450',1,NULL,NULL),(131,'keebler.jane','jwitting@example.net','2025-10-08 10:08:38','$2y$12$zubOSUTWAzTEwshgoHZCROync1XQhMixtzCnhD8Cj0VCieSaBPZZ2',NULL,NULL,NULL,'zGDKIZvVQt','2025-10-08 10:08:38','2025-10-08 10:08:38','Una','Kub','319-832-4727',0,NULL,NULL);
/*!40000 ALTER TABLE `users` ENABLE KEYS */;
UNLOCK TABLES;

--
-- Dumping events for database 'shop_nest_db'
--

--
-- Dumping routines for database 'shop_nest_db'
--
/*!40103 SET TIME_ZONE=@OLD_TIME_ZONE */;

/*!40101 SET SQL_MODE=@OLD_SQL_MODE */;
/*!40014 SET FOREIGN_KEY_CHECKS=@OLD_FOREIGN_KEY_CHECKS */;
/*!40014 SET UNIQUE_CHECKS=@OLD_UNIQUE_CHECKS */;
/*!40101 SET CHARACTER_SET_CLIENT=@OLD_CHARACTER_SET_CLIENT */;
/*!40101 SET CHARACTER_SET_RESULTS=@OLD_CHARACTER_SET_RESULTS */;
/*!40101 SET COLLATION_CONNECTION=@OLD_COLLATION_CONNECTION */;
/*!40111 SET SQL_NOTES=@OLD_SQL_NOTES */;

-- Dump completed on 2025-10-09  0:45:36
