CREATE DATABASE  IF NOT EXISTS `shop_nest_db` /*!40100 DEFAULT CHARACTER SET utf8mb4 COLLATE utf8mb4_general_ci */;
USE `shop_nest_db`;
-- MySQL dump 10.13  Distrib 8.0.41, for Win64 (x86_64)
--
-- Host: localhost    Database: shop_nest_db
-- ------------------------------------------------------
-- Server version	5.5.5-10.4.32-MariaDB

/*!40101 SET @OLD_CHARACTER_SET_CLIENT=@@CHARACTER_SET_CLIENT */;
/*!40101 SET @OLD_CHARACTER_SET_RESULTS=@@CHARACTER_SET_RESULTS */;
/*!40101 SET @OLD_COLLATION_CONNECTION=@@COLLATION_CONNECTION */;
/*!50503 SET NAMES utf8 */;
/*!40103 SET @OLD_TIME_ZONE=@@TIME_ZONE */;
/*!40103 SET TIME_ZONE='+00:00' */;
/*!40014 SET @OLD_UNIQUE_CHECKS=@@UNIQUE_CHECKS, UNIQUE_CHECKS=0 */;
/*!40014 SET @OLD_FOREIGN_KEY_CHECKS=@@FOREIGN_KEY_CHECKS, FOREIGN_KEY_CHECKS=0 */;
/*!40101 SET @OLD_SQL_MODE=@@SQL_MODE, SQL_MODE='NO_AUTO_VALUE_ON_ZERO' */;
/*!40111 SET @OLD_SQL_NOTES=@@SQL_NOTES, SQL_NOTES=0 */;

--
-- Table structure for table `administrative_divisions`
--

DROP TABLE IF EXISTS `administrative_divisions`;
/*!40101 SET @saved_cs_client     = @@character_set_client */;
/*!50503 SET character_set_client = utf8mb4 */;
CREATE TABLE `administrative_divisions` (
  `id` bigint(20) unsigned NOT NULL AUTO_INCREMENT,
  `country_id` bigint(20) unsigned NOT NULL,
  `parent_id` bigint(20) unsigned DEFAULT NULL,
  `name` longtext CHARACTER SET utf8mb4 COLLATE utf8mb4_bin NOT NULL CHECK (json_valid(`name`)),
  `level` int(11) NOT NULL,
  `code` varchar(255) DEFAULT NULL,
  `created_at` timestamp NULL DEFAULT NULL,
  `updated_at` timestamp NULL DEFAULT NULL,
  PRIMARY KEY (`id`),
  KEY `administrative_divisions_country_id_foreign` (`country_id`),
  KEY `administrative_divisions_parent_id_foreign` (`parent_id`),
  CONSTRAINT `administrative_divisions_country_id_foreign` FOREIGN KEY (`country_id`) REFERENCES `countries` (`id`),
  CONSTRAINT `administrative_divisions_parent_id_foreign` FOREIGN KEY (`parent_id`) REFERENCES `administrative_divisions` (`id`)
) ENGINE=InnoDB DEFAULT CHARSET=utf8mb4 COLLATE=utf8mb4_unicode_ci;
/*!40101 SET character_set_client = @saved_cs_client */;

--
-- Dumping data for table `administrative_divisions`
--

LOCK TABLES `administrative_divisions` WRITE;
/*!40000 ALTER TABLE `administrative_divisions` DISABLE KEYS */;
/*!40000 ALTER TABLE `administrative_divisions` ENABLE KEYS */;
UNLOCK TABLES;

--
-- Table structure for table `analytics_reports`
--

DROP TABLE IF EXISTS `analytics_reports`;
/*!40101 SET @saved_cs_client     = @@character_set_client */;
/*!50503 SET character_set_client = utf8mb4 */;
CREATE TABLE `analytics_reports` (
  `id` bigint(20) unsigned NOT NULL AUTO_INCREMENT,
  `title` varchar(255) NOT NULL,
  `type` enum('revenue','orders','products','users','custom') NOT NULL,
  `period_type` enum('daily','weekly','monthly','yearly','custom') NOT NULL,
  `start_date` date NOT NULL,
  `end_date` date NOT NULL,
  `parameters` longtext CHARACTER SET utf8mb4 COLLATE utf8mb4_bin DEFAULT NULL CHECK (json_valid(`parameters`)),
  `result_data` longtext CHARACTER SET utf8mb4 COLLATE utf8mb4_bin DEFAULT NULL CHECK (json_valid(`result_data`)),
  `file_path` varchar(255) DEFAULT NULL,
  `status` enum('pending','completed','failed') NOT NULL DEFAULT 'pending',
  `created_by` bigint(20) unsigned NOT NULL,
  `created_at` timestamp NULL DEFAULT NULL,
  `updated_at` timestamp NULL DEFAULT NULL,
  PRIMARY KEY (`id`),
  KEY `analytics_reports_type_created_at_index` (`type`,`created_at`),
  KEY `analytics_reports_status_created_at_index` (`status`,`created_at`),
  KEY `analytics_reports_created_by_index` (`created_by`),
  CONSTRAINT `analytics_reports_created_by_foreign` FOREIGN KEY (`created_by`) REFERENCES `users` (`id`) ON DELETE CASCADE
) ENGINE=InnoDB DEFAULT CHARSET=utf8mb4 COLLATE=utf8mb4_unicode_ci;
/*!40101 SET character_set_client = @saved_cs_client */;

--
-- Dumping data for table `analytics_reports`
--

LOCK TABLES `analytics_reports` WRITE;
/*!40000 ALTER TABLE `analytics_reports` DISABLE KEYS */;
/*!40000 ALTER TABLE `analytics_reports` ENABLE KEYS */;
UNLOCK TABLES;

--
-- Table structure for table `attribute_value_product_variant`
--

DROP TABLE IF EXISTS `attribute_value_product_variant`;
/*!40101 SET @saved_cs_client     = @@character_set_client */;
/*!50503 SET character_set_client = utf8mb4 */;
CREATE TABLE `attribute_value_product_variant` (
  `product_variant_id` bigint(20) unsigned NOT NULL,
  `attribute_value_id` bigint(20) unsigned NOT NULL,
  PRIMARY KEY (`product_variant_id`,`attribute_value_id`),
  KEY `attribute_value_product_variant_attribute_value_id_foreign` (`attribute_value_id`),
  CONSTRAINT `attribute_value_product_variant_attribute_value_id_foreign` FOREIGN KEY (`attribute_value_id`) REFERENCES `attribute_values` (`attribute_value_id`) ON DELETE CASCADE,
  CONSTRAINT `attribute_value_product_variant_product_variant_id_foreign` FOREIGN KEY (`product_variant_id`) REFERENCES `product_variants` (`variant_id`) ON DELETE CASCADE
) ENGINE=InnoDB DEFAULT CHARSET=utf8mb4 COLLATE=utf8mb4_unicode_ci;
/*!40101 SET character_set_client = @saved_cs_client */;

--
-- Dumping data for table `attribute_value_product_variant`
--

LOCK TABLES `attribute_value_product_variant` WRITE;
/*!40000 ALTER TABLE `attribute_value_product_variant` DISABLE KEYS */;
INSERT INTO `attribute_value_product_variant` VALUES (1,5),(2,2),(3,7),(4,6),(5,9),(6,13),(7,11),(8,5),(9,2),(10,10),(11,9),(12,11),(13,8),(14,10),(15,9),(16,11),(17,9),(18,12),(19,11),(20,13),(21,9),(22,12),(23,8),(24,9),(25,10),(26,12),(27,8),(28,4),(29,3),(30,3),(31,5),(32,9),(33,12),(34,10),(35,6),(36,3),(37,3),(38,4),(39,10),(40,9),(41,7),(42,3),(43,5),(44,3),(45,7),(46,1),(47,5),(47,10),(48,5),(48,9),(49,6),(49,10),(50,6),(50,9),(51,3),(52,3),(53,1),(54,5),(55,12),(56,11),(57,4),(58,3),(59,5),(60,2),(61,9),(62,8),(63,8),(64,10),(65,9),(66,6),(67,10),(68,9),(69,8),(70,6),(70,13),(71,6),(71,11),(72,6),(72,10),(73,5),(73,13),(74,5),(74,11),(75,5),(75,10),(76,11),(77,13),(78,10),(79,8),(80,12),(81,9),(82,7),(82,12),(83,4),(83,12),(84,1),(85,6),(86,3),(87,2),(88,2),(89,8),(90,12),(91,9),(92,8),(93,3),(94,5),(95,4),(96,8),(97,11),(98,8),(99,13),(100,3),(100,11),(101,3),(101,13),(102,2),(102,11),(103,2),(103,13),(104,5),(104,11),(105,5),(105,13),(106,6),(107,5),(108,11),(109,9),(110,10),(111,7),(112,2),(113,11),(114,12),(115,9),(116,13),(117,12),(118,7),(119,3),(120,5),(121,6),(122,8),(123,13),(124,12),(125,11),(126,10),(127,12),(128,13),(129,9),(130,13),(131,11),(132,6),(133,1),(134,2),(135,4),(136,11),(137,12),(138,9),(139,5),(140,13),(141,10),(142,11),(143,7),(144,4),(145,12),(146,11);
/*!40000 ALTER TABLE `attribute_value_product_variant` ENABLE KEYS */;
UNLOCK TABLES;

--
-- Table structure for table `attribute_values`
--

DROP TABLE IF EXISTS `attribute_values`;
/*!40101 SET @saved_cs_client     = @@character_set_client */;
/*!50503 SET character_set_client = utf8mb4 */;
CREATE TABLE `attribute_values` (
  `attribute_value_id` bigint(20) unsigned NOT NULL AUTO_INCREMENT,
  `attribute_id` bigint(20) unsigned NOT NULL,
  `value` varchar(255) NOT NULL COMMENT 'e.g., Red, Large, 256GB',
  PRIMARY KEY (`attribute_value_id`),
  KEY `attribute_values_attribute_id_foreign` (`attribute_id`),
  CONSTRAINT `attribute_values_attribute_id_foreign` FOREIGN KEY (`attribute_id`) REFERENCES `attributes` (`attribute_id`) ON DELETE CASCADE
) ENGINE=InnoDB AUTO_INCREMENT=24 DEFAULT CHARSET=utf8mb4 COLLATE=utf8mb4_unicode_ci;
/*!40101 SET character_set_client = @saved_cs_client */;

--
-- Dumping data for table `attribute_values`
--

LOCK TABLES `attribute_values` WRITE;
/*!40000 ALTER TABLE `attribute_values` DISABLE KEYS */;
INSERT INTO `attribute_values` VALUES (1,1,'Đỏ'),(2,1,'Xanh dương'),(3,1,'Vàng'),(4,1,'Trắng'),(5,1,'Đen'),(6,1,'Hồng'),(7,1,'Xám'),(8,2,'S'),(9,2,'M'),(10,2,'L'),(11,2,'XL'),(12,2,'XXL'),(13,2,'Free size'),(14,3,'64GB'),(15,3,'128GB'),(16,3,'256GB'),(17,3,'512GB'),(18,3,'1TB'),(19,4,'Cotton'),(20,4,'Vải lụa'),(21,4,'Nhựa'),(22,4,'Kim loại'),(23,4,'Da');
/*!40000 ALTER TABLE `attribute_values` ENABLE KEYS */;
UNLOCK TABLES;

--
-- Table structure for table `attributes`
--

DROP TABLE IF EXISTS `attributes`;
/*!40101 SET @saved_cs_client     = @@character_set_client */;
/*!50503 SET character_set_client = utf8mb4 */;
CREATE TABLE `attributes` (
  `attribute_id` bigint(20) unsigned NOT NULL AUTO_INCREMENT,
  `name` varchar(255) NOT NULL COMMENT 'e.g., Color, Size, Storage',
  PRIMARY KEY (`attribute_id`),
  UNIQUE KEY `attributes_name_unique` (`name`)
) ENGINE=InnoDB AUTO_INCREMENT=5 DEFAULT CHARSET=utf8mb4 COLLATE=utf8mb4_unicode_ci;
/*!40101 SET character_set_client = @saved_cs_client */;

--
-- Dumping data for table `attributes`
--

LOCK TABLES `attributes` WRITE;
/*!40000 ALTER TABLE `attributes` DISABLE KEYS */;
INSERT INTO `attributes` VALUES (4,'Chất liệu'),(3,'Dung lượng'),(2,'Kích thước'),(1,'Màu sắc');
/*!40000 ALTER TABLE `attributes` ENABLE KEYS */;
UNLOCK TABLES;

--
-- Table structure for table `brands`
--

DROP TABLE IF EXISTS `brands`;
/*!40101 SET @saved_cs_client     = @@character_set_client */;
/*!50503 SET character_set_client = utf8mb4 */;
CREATE TABLE `brands` (
  `brand_id` bigint(20) unsigned NOT NULL AUTO_INCREMENT,
  `name` varchar(100) NOT NULL,
  `description` text DEFAULT NULL,
  `logo_url` varchar(255) DEFAULT NULL,
  `is_active` tinyint(1) NOT NULL DEFAULT 1,
  `created_at` timestamp NULL DEFAULT NULL,
  `updated_at` timestamp NULL DEFAULT NULL,
  `deleted_at` timestamp NULL DEFAULT NULL,
  PRIMARY KEY (`brand_id`)
) ENGINE=InnoDB AUTO_INCREMENT=24 DEFAULT CHARSET=utf8mb4 COLLATE=utf8mb4_unicode_ci;
/*!40101 SET character_set_client = @saved_cs_client */;

--
-- Dumping data for table `brands`
--

LOCK TABLES `brands` WRITE;
/*!40000 ALTER TABLE `brands` DISABLE KEYS */;
INSERT INTO `brands` VALUES (1,'{\"vi\":\"Apple\"}','Odit et rerum minima ut eos.',NULL,1,'2025-10-26 10:32:27','2025-10-26 10:32:27',NULL),(2,'{\"vi\":\"Samsung\"}','Illum aut eos ipsam in consequuntur aut.',NULL,1,'2025-10-26 10:32:27','2025-10-26 10:32:27',NULL),(3,'{\"vi\":\"Xiaomi\"}','Laborum omnis labore neque.',NULL,1,'2025-10-26 10:32:27','2025-10-26 10:32:27',NULL),(4,'{\"vi\":\"Sony\"}','Quasi similique dignissimos illo.',NULL,1,'2025-10-26 10:32:27','2025-10-26 10:32:27',NULL),(5,'{\"vi\":\"LG\"}','In veritatis quasi deleniti.',NULL,1,'2025-10-26 10:32:27','2025-10-26 10:32:27',NULL),(6,'{\"vi\":\"Nike\"}','Harum mollitia vel consequuntur hic voluptatem velit minima.',NULL,1,'2025-10-26 10:32:27','2025-10-26 10:32:27',NULL),(7,'{\"vi\":\"Adidas\"}','At unde quaerat voluptates voluptatem saepe.',NULL,1,'2025-10-26 10:32:27','2025-10-26 10:32:27',NULL),(8,'{\"vi\":\"Puma\"}','Quis blanditiis officia odit fugit.',NULL,1,'2025-10-26 10:32:27','2025-10-26 10:32:27',NULL),(9,'{\"vi\":\"Uniqlo\"}','Architecto dicta aliquid dignissimos non est sit.',NULL,1,'2025-10-26 10:32:27','2025-10-26 10:32:27',NULL),(10,'{\"vi\":\"H&M\"}','Dicta at recusandae commodi sed aperiam.',NULL,1,'2025-10-26 10:32:27','2025-10-26 10:32:27',NULL),(11,'{\"vi\":\"Zara\"}','Eum eum quasi a ipsam.',NULL,1,'2025-10-26 10:32:27','2025-10-26 10:32:27',NULL),(12,'{\"vi\":\"Dell\"}','Et ex hic minima veniam.',NULL,1,'2025-10-26 10:32:27','2025-10-26 10:32:27',NULL),(13,'{\"vi\":\"HP\"}','Deserunt iusto officia quia cupiditate culpa molestiae.',NULL,1,'2025-10-26 10:32:27','2025-10-26 10:32:27',NULL),(14,'{\"vi\":\"Asus\"}','Qui qui deleniti aperiam omnis odio qui esse.',NULL,1,'2025-10-26 10:32:27','2025-10-26 10:32:27',NULL),(15,'{\"vi\":\"Lenovo\"}','Velit hic autem ipsum necessitatibus veniam.',NULL,1,'2025-10-26 10:32:27','2025-10-26 10:32:27',NULL),(16,'{\"vi\":\"Canon\"}','Cumque eum qui occaecati officia recusandae.',NULL,1,'2025-10-26 10:32:27','2025-10-26 10:32:27',NULL),(17,'{\"vi\":\"Nikon\"}','Quos qui itaque aut ducimus repellat ipsam minima.',NULL,1,'2025-10-26 10:32:27','2025-10-26 10:32:27',NULL),(18,'{\"vi\":\"Casio\"}','Distinctio voluptates minima ratione et impedit deleniti.',NULL,1,'2025-10-26 10:32:27','2025-10-26 10:32:27',NULL),(19,'{\"vi\":\"Logitech\"}','Tempore similique alias et optio.',NULL,1,'2025-10-26 10:32:27','2025-10-26 10:32:27',NULL),(20,'{\"vi\":\"Anker\"}','Maxime beatae est eos quos.',NULL,1,'2025-10-26 10:32:27','2025-10-26 10:32:27',NULL),(21,'{\"vi\":\"Simple\"}','Sed quisquam dignissimos reiciendis ex.',NULL,1,'2025-10-26 10:32:27','2025-10-26 10:32:27',NULL),(22,'{\"vi\":\"La Roche-Posay\"}','Quisquam ratione omnis sint aut expedita hic.',NULL,1,'2025-10-26 10:32:27','2025-10-26 10:32:27',NULL),(23,'{\"vi\":\"Nhã Nam\"}','Illum sapiente et repellat.',NULL,1,'2025-10-26 10:32:27','2025-10-26 10:32:27',NULL);
/*!40000 ALTER TABLE `brands` ENABLE KEYS */;
UNLOCK TABLES;

--
-- Table structure for table `cache`
--

DROP TABLE IF EXISTS `cache`;
/*!40101 SET @saved_cs_client     = @@character_set_client */;
/*!50503 SET character_set_client = utf8mb4 */;
CREATE TABLE `cache` (
  `key` varchar(255) NOT NULL,
  `value` mediumtext NOT NULL,
  `expiration` int(11) NOT NULL,
  PRIMARY KEY (`key`)
) ENGINE=InnoDB DEFAULT CHARSET=utf8mb4 COLLATE=utf8mb4_unicode_ci;
/*!40101 SET character_set_client = @saved_cs_client */;

--
-- Dumping data for table `cache`
--

LOCK TABLES `cache` WRITE;
/*!40000 ALTER TABLE `cache` DISABLE KEYS */;
/*!40000 ALTER TABLE `cache` ENABLE KEYS */;
UNLOCK TABLES;

--
-- Table structure for table `cache_locks`
--

DROP TABLE IF EXISTS `cache_locks`;
/*!40101 SET @saved_cs_client     = @@character_set_client */;
/*!50503 SET character_set_client = utf8mb4 */;
CREATE TABLE `cache_locks` (
  `key` varchar(255) NOT NULL,
  `owner` varchar(255) NOT NULL,
  `expiration` int(11) NOT NULL,
  PRIMARY KEY (`key`)
) ENGINE=InnoDB DEFAULT CHARSET=utf8mb4 COLLATE=utf8mb4_unicode_ci;
/*!40101 SET character_set_client = @saved_cs_client */;

--
-- Dumping data for table `cache_locks`
--

LOCK TABLES `cache_locks` WRITE;
/*!40000 ALTER TABLE `cache_locks` DISABLE KEYS */;
/*!40000 ALTER TABLE `cache_locks` ENABLE KEYS */;
UNLOCK TABLES;

--
-- Table structure for table `cart_items`
--

DROP TABLE IF EXISTS `cart_items`;
/*!40101 SET @saved_cs_client     = @@character_set_client */;
/*!50503 SET character_set_client = utf8mb4 */;
CREATE TABLE `cart_items` (
  `cart_item_id` bigint(20) unsigned NOT NULL AUTO_INCREMENT,
  `user_id` bigint(20) unsigned NOT NULL,
  `variant_id` bigint(20) unsigned NOT NULL,
  `quantity` int(11) NOT NULL,
  `created_at` timestamp NULL DEFAULT NULL,
  `updated_at` timestamp NULL DEFAULT NULL,
  PRIMARY KEY (`cart_item_id`),
  UNIQUE KEY `cart_items_user_id_variant_id_unique` (`user_id`,`variant_id`),
  KEY `cart_items_variant_id_foreign` (`variant_id`),
  CONSTRAINT `cart_items_user_id_foreign` FOREIGN KEY (`user_id`) REFERENCES `users` (`id`) ON DELETE CASCADE,
  CONSTRAINT `cart_items_variant_id_foreign` FOREIGN KEY (`variant_id`) REFERENCES `product_variants` (`variant_id`) ON DELETE CASCADE
) ENGINE=InnoDB AUTO_INCREMENT=44 DEFAULT CHARSET=utf8mb4 COLLATE=utf8mb4_unicode_ci;
/*!40101 SET character_set_client = @saved_cs_client */;

--
-- Dumping data for table `cart_items`
--

LOCK TABLES `cart_items` WRITE;
/*!40000 ALTER TABLE `cart_items` DISABLE KEYS */;
INSERT INTO `cart_items` VALUES (1,33,17,1,'2025-10-26 10:32:29','2025-10-26 10:32:29'),(2,33,49,2,'2025-10-26 10:32:29','2025-10-26 10:32:29'),(3,33,135,2,'2025-10-26 10:32:29','2025-10-26 10:32:29'),(4,48,86,2,'2025-10-26 10:32:29','2025-10-26 10:32:29'),(5,48,93,2,'2025-10-26 10:32:29','2025-10-26 10:32:29'),(6,48,106,2,'2025-10-26 10:32:29','2025-10-26 10:32:29'),(7,48,111,2,'2025-10-26 10:32:29','2025-10-26 10:32:29'),(8,48,131,1,'2025-10-26 10:32:29','2025-10-26 10:32:29'),(9,51,14,1,'2025-10-26 10:32:29','2025-10-26 10:32:29'),(10,51,108,1,'2025-10-26 10:32:29','2025-10-26 10:32:29'),(11,51,127,2,'2025-10-26 10:32:29','2025-10-26 10:32:29'),(12,51,130,2,'2025-10-26 10:32:29','2025-10-26 10:32:29'),(13,71,144,1,'2025-10-26 10:32:29','2025-10-26 10:32:29'),(14,71,146,2,'2025-10-26 10:32:29','2025-10-26 10:32:29'),(15,80,22,2,'2025-10-26 10:32:29','2025-10-26 10:32:29'),(16,80,53,2,'2025-10-26 10:32:29','2025-10-26 10:32:29'),(17,96,11,1,'2025-10-26 10:32:29','2025-10-26 10:32:29'),(18,96,28,1,'2025-10-26 10:32:29','2025-10-26 10:32:29'),(19,96,102,2,'2025-10-26 10:32:29','2025-10-26 10:32:29'),(20,98,28,1,'2025-10-26 10:32:29','2025-10-26 10:32:29'),(21,98,52,1,'2025-10-26 10:32:29','2025-10-26 10:32:29'),(22,98,94,1,'2025-10-26 10:32:29','2025-10-26 10:32:29'),(23,100,143,1,'2025-10-26 10:32:29','2025-10-26 10:32:29'),(24,104,22,1,'2025-10-26 10:32:29','2025-10-26 10:32:29'),(25,104,139,1,'2025-10-26 10:32:29','2025-10-26 10:32:29'),(26,108,5,2,'2025-10-26 10:32:29','2025-10-26 10:32:29'),(27,108,19,1,'2025-10-26 10:32:29','2025-10-26 10:32:29'),(28,108,91,1,'2025-10-26 10:32:29','2025-10-26 10:32:29'),(29,108,117,2,'2025-10-26 10:32:29','2025-10-26 10:32:29'),(30,111,28,2,'2025-10-26 10:32:29','2025-10-26 10:32:29'),(31,111,61,2,'2025-10-26 10:32:29','2025-10-26 10:32:29'),(32,111,146,2,'2025-10-26 10:32:29','2025-10-26 10:32:29'),(33,113,102,2,'2025-10-26 10:32:29','2025-10-26 10:32:29'),(34,114,26,1,'2025-10-26 10:32:29','2025-10-26 10:32:29'),(35,114,47,1,'2025-10-26 10:32:29','2025-10-26 10:32:29'),(36,116,9,1,'2025-10-26 10:32:29','2025-10-26 10:32:29'),(37,116,16,2,'2025-10-26 10:32:29','2025-10-26 10:32:29'),(38,116,20,2,'2025-10-26 10:32:29','2025-10-26 10:32:29'),(39,116,47,2,'2025-10-26 10:32:29','2025-10-26 10:32:29'),(40,116,54,1,'2025-10-26 10:32:29','2025-10-26 10:32:29'),(41,121,21,2,'2025-10-26 10:32:29','2025-10-26 10:32:29'),(42,121,70,2,'2025-10-26 10:32:29','2025-10-26 10:32:29'),(43,121,103,1,'2025-10-26 10:32:29','2025-10-26 10:32:29');
/*!40000 ALTER TABLE `cart_items` ENABLE KEYS */;
UNLOCK TABLES;

--
-- Table structure for table `categories`
--

DROP TABLE IF EXISTS `categories`;
/*!40101 SET @saved_cs_client     = @@character_set_client */;
/*!50503 SET character_set_client = utf8mb4 */;
CREATE TABLE `categories` (
  `category_id` bigint(20) unsigned NOT NULL AUTO_INCREMENT,
  `name` longtext CHARACTER SET utf8mb4 COLLATE utf8mb4_bin NOT NULL CHECK (json_valid(`name`)),
  `description` longtext CHARACTER SET utf8mb4 COLLATE utf8mb4_bin DEFAULT NULL CHECK (json_valid(`description`)),
  `image_url` varchar(255) DEFAULT NULL,
  `parent_category_id` bigint(20) unsigned DEFAULT NULL,
  `is_active` tinyint(1) NOT NULL DEFAULT 1,
  `created_at` timestamp NULL DEFAULT NULL,
  `updated_at` timestamp NULL DEFAULT NULL,
  `deleted_at` timestamp NULL DEFAULT NULL,
  PRIMARY KEY (`category_id`),
  KEY `categories_parent_category_id_foreign` (`parent_category_id`),
  CONSTRAINT `categories_parent_category_id_foreign` FOREIGN KEY (`parent_category_id`) REFERENCES `categories` (`category_id`) ON DELETE SET NULL
) ENGINE=InnoDB AUTO_INCREMENT=28 DEFAULT CHARSET=utf8mb4 COLLATE=utf8mb4_unicode_ci;
/*!40101 SET character_set_client = @saved_cs_client */;

--
-- Dumping data for table `categories`
--

LOCK TABLES `categories` WRITE;
/*!40000 ALTER TABLE `categories` DISABLE KEYS */;
INSERT INTO `categories` VALUES (1,'{\"en\":\"Fashion\",\"vi\":\"Thời trang\"}','{\"en\":\"Products in Fashion category\",\"vi\":\"C\\u00e1c s\\u1ea3n ph\\u1ea9m thu\\u1ed9c danh m\\u1ee5c Th\\u1eddi trang\"}','https://via.placeholder.com/600x400.png/00aa88?text=Category',NULL,1,'2025-10-26 10:32:27','2025-10-26 10:32:27',NULL),(2,'{\"en\":\"Men\'s Clothing\",\"vi\":\"Áo Nam\"}','{\"en\":\"Products in Men\'s Clothing category\",\"vi\":\"C\\u00e1c s\\u1ea3n ph\\u1ea9m thu\\u1ed9c danh m\\u1ee5c \\u00c1o Nam\"}','https://via.placeholder.com/600x400.png/00aa88?text=Category',1,1,'2025-10-26 10:32:27','2025-10-26 10:32:27',NULL),(3,'{\"en\":\"Men\'s Pants\",\"vi\":\"Quần Nam\"}','{\"en\":\"Products in Men\'s Pants category\",\"vi\":\"C\\u00e1c s\\u1ea3n ph\\u1ea9m thu\\u1ed9c danh m\\u1ee5c Qu\\u1ea7n Nam\"}','https://via.placeholder.com/600x400.png/00aa88?text=Category',1,1,'2025-10-26 10:32:27','2025-10-26 10:32:27',NULL),(4,'{\"en\":\"Women\'s Clothing\",\"vi\":\"Áo Nữ\"}','{\"en\":\"Products in Women\'s Clothing category\",\"vi\":\"C\\u00e1c s\\u1ea3n ph\\u1ea9m thu\\u1ed9c danh m\\u1ee5c \\u00c1o N\\u1eef\"}','https://via.placeholder.com/600x400.png/00aa88?text=Category',1,1,'2025-10-26 10:32:27','2025-10-26 10:32:27',NULL),(5,'{\"en\":\"Women\'s Dresses\",\"vi\":\"Váy Nữ\"}','{\"en\":\"Products in Women\'s Dresses category\",\"vi\":\"C\\u00e1c s\\u1ea3n ph\\u1ea9m thu\\u1ed9c danh m\\u1ee5c V\\u00e1y N\\u1eef\"}','https://via.placeholder.com/600x400.png/00aa88?text=Category',1,1,'2025-10-26 10:32:27','2025-10-26 10:32:27',NULL),(6,'{\"en\":\"Accessories\",\"vi\":\"Phụ kiện\"}','{\"en\":\"Products in Accessories category\",\"vi\":\"C\\u00e1c s\\u1ea3n ph\\u1ea9m thu\\u1ed9c danh m\\u1ee5c Ph\\u1ee5 ki\\u1ec7n\"}','https://via.placeholder.com/600x400.png/00aa88?text=Category',1,1,'2025-10-26 10:32:27','2025-10-26 10:32:27',NULL),(7,'{\"en\":\"Electronics\",\"vi\":\"Điện tử\"}','{\"en\":\"Products in Electronics category\",\"vi\":\"C\\u00e1c s\\u1ea3n ph\\u1ea9m thu\\u1ed9c danh m\\u1ee5c \\u0110i\\u1ec7n t\\u1eed\"}','https://via.placeholder.com/600x400.png/00aa88?text=Category',NULL,1,'2025-10-26 10:32:27','2025-10-26 10:32:27',NULL),(8,'{\"en\":\"Mobile Phones\",\"vi\":\"Điện thoại\"}','{\"en\":\"Products in Mobile Phones category\",\"vi\":\"C\\u00e1c s\\u1ea3n ph\\u1ea9m thu\\u1ed9c danh m\\u1ee5c \\u0110i\\u1ec7n tho\\u1ea1i\"}','https://via.placeholder.com/600x400.png/00aa88?text=Category',7,1,'2025-10-26 10:32:27','2025-10-26 10:32:27',NULL),(9,'{\"en\":\"Tablets\",\"vi\":\"Máy tính bảng\"}','{\"en\":\"Products in Tablets category\",\"vi\":\"C\\u00e1c s\\u1ea3n ph\\u1ea9m thu\\u1ed9c danh m\\u1ee5c M\\u00e1y t\\u00ednh b\\u1ea3ng\"}','https://via.placeholder.com/600x400.png/00aa88?text=Category',7,1,'2025-10-26 10:32:27','2025-10-26 10:32:27',NULL),(10,'{\"en\":\"Laptops\",\"vi\":\"Laptop\"}','{\"en\":\"Products in Laptops category\",\"vi\":\"C\\u00e1c s\\u1ea3n ph\\u1ea9m thu\\u1ed9c danh m\\u1ee5c Laptop\"}','https://via.placeholder.com/600x400.png/00aa88?text=Category',7,1,'2025-10-26 10:32:27','2025-10-26 10:32:27',NULL),(11,'{\"en\":\"Headphones\",\"vi\":\"Tai nghe\"}','{\"en\":\"Products in Headphones category\",\"vi\":\"C\\u00e1c s\\u1ea3n ph\\u1ea9m thu\\u1ed9c danh m\\u1ee5c Tai nghe\"}','https://via.placeholder.com/600x400.png/00aa88?text=Category',7,1,'2025-10-26 10:32:27','2025-10-26 10:32:27',NULL),(12,'{\"en\":\"Speakers\",\"vi\":\"Loa\"}','{\"en\":\"Products in Speakers category\",\"vi\":\"C\\u00e1c s\\u1ea3n ph\\u1ea9m thu\\u1ed9c danh m\\u1ee5c Loa\"}','https://via.placeholder.com/600x400.png/00aa88?text=Category',7,1,'2025-10-26 10:32:27','2025-10-26 10:32:27',NULL),(13,'{\"en\":\"Home & Living\",\"vi\":\"Nhà cửa & Đời sống\"}','{\"en\":\"Products in Home & Living category\",\"vi\":\"C\\u00e1c s\\u1ea3n ph\\u1ea9m thu\\u1ed9c danh m\\u1ee5c Nh\\u00e0 c\\u1eeda & \\u0110\\u1eddi s\\u1ed1ng\"}','https://via.placeholder.com/600x400.png/00aa88?text=Category',NULL,1,'2025-10-26 10:32:27','2025-10-26 10:32:27',NULL),(14,'{\"en\":\"Kitchen Appliances\",\"vi\":\"Đồ dùng nhà bếp\"}','{\"en\":\"Products in Kitchen Appliances category\",\"vi\":\"C\\u00e1c s\\u1ea3n ph\\u1ea9m thu\\u1ed9c danh m\\u1ee5c \\u0110\\u1ed3 d\\u00f9ng nh\\u00e0 b\\u1ebfp\"}','https://via.placeholder.com/600x400.png/00aa88?text=Category',13,1,'2025-10-26 10:32:27','2025-10-26 10:32:27',NULL),(15,'{\"en\":\"Home Decor\",\"vi\":\"Trang trí nhà cửa\"}','{\"en\":\"Products in Home Decor category\",\"vi\":\"C\\u00e1c s\\u1ea3n ph\\u1ea9m thu\\u1ed9c danh m\\u1ee5c Trang tr\\u00ed nh\\u00e0 c\\u1eeda\"}','https://via.placeholder.com/600x400.png/00aa88?text=Category',13,1,'2025-10-26 10:32:27','2025-10-26 10:32:27',NULL),(16,'{\"en\":\"Furniture\",\"vi\":\"Nội thất\"}','{\"en\":\"Products in Furniture category\",\"vi\":\"C\\u00e1c s\\u1ea3n ph\\u1ea9m thu\\u1ed9c danh m\\u1ee5c N\\u1ed9i th\\u1ea5t\"}','https://via.placeholder.com/600x400.png/00aa88?text=Category',13,1,'2025-10-26 10:32:27','2025-10-26 10:32:27',NULL),(17,'{\"en\":\"Plants\",\"vi\":\"Cây cảnh\"}','{\"en\":\"Products in Plants category\",\"vi\":\"C\\u00e1c s\\u1ea3n ph\\u1ea9m thu\\u1ed9c danh m\\u1ee5c C\\u00e2y c\\u1ea3nh\"}','https://via.placeholder.com/600x400.png/00aa88?text=Category',13,1,'2025-10-26 10:32:27','2025-10-26 10:32:27',NULL),(18,'{\"en\":\"Health & Beauty\",\"vi\":\"Sức khỏe & Sắc đẹp\"}','{\"en\":\"Products in Health & Beauty category\",\"vi\":\"C\\u00e1c s\\u1ea3n ph\\u1ea9m thu\\u1ed9c danh m\\u1ee5c S\\u1ee9c kh\\u1ecfe & S\\u1eafc \\u0111\\u1eb9p\"}','https://via.placeholder.com/600x400.png/00aa88?text=Category',NULL,1,'2025-10-26 10:32:27','2025-10-26 10:32:27',NULL),(19,'{\"en\":\"Skincare\",\"vi\":\"Chăm sóc da\"}','{\"en\":\"Products in Skincare category\",\"vi\":\"C\\u00e1c s\\u1ea3n ph\\u1ea9m thu\\u1ed9c danh m\\u1ee5c Ch\\u0103m s\\u00f3c da\"}','https://via.placeholder.com/600x400.png/00aa88?text=Category',18,1,'2025-10-26 10:32:27','2025-10-26 10:32:27',NULL),(20,'{\"en\":\"Makeup\",\"vi\":\"Trang điểm\"}','{\"en\":\"Products in Makeup category\",\"vi\":\"C\\u00e1c s\\u1ea3n ph\\u1ea9m thu\\u1ed9c danh m\\u1ee5c Trang \\u0111i\\u1ec3m\"}','https://via.placeholder.com/600x400.png/00aa88?text=Category',18,1,'2025-10-26 10:32:27','2025-10-26 10:32:27',NULL),(21,'{\"en\":\"Perfume\",\"vi\":\"Nước hoa\"}','{\"en\":\"Products in Perfume category\",\"vi\":\"C\\u00e1c s\\u1ea3n ph\\u1ea9m thu\\u1ed9c danh m\\u1ee5c N\\u01b0\\u1edbc hoa\"}','https://via.placeholder.com/600x400.png/00aa88?text=Category',18,1,'2025-10-26 10:32:27','2025-10-26 10:32:27',NULL),(22,'{\"en\":\"Supplements\",\"vi\":\"Thực phẩm chức năng\"}','{\"en\":\"Products in Supplements category\",\"vi\":\"C\\u00e1c s\\u1ea3n ph\\u1ea9m thu\\u1ed9c danh m\\u1ee5c Th\\u1ef1c ph\\u1ea9m ch\\u1ee9c n\\u0103ng\"}','https://via.placeholder.com/600x400.png/00aa88?text=Category',18,1,'2025-10-26 10:32:27','2025-10-26 10:32:27',NULL),(23,'{\"en\":\"Books & Stationery\",\"vi\":\"Sách & Văn phòng phẩm\"}','{\"en\":\"Products in Books & Stationery category\",\"vi\":\"C\\u00e1c s\\u1ea3n ph\\u1ea9m thu\\u1ed9c danh m\\u1ee5c S\\u00e1ch & V\\u0103n ph\\u00f2ng ph\\u1ea9m\"}','https://via.placeholder.com/600x400.png/00aa88?text=Category',NULL,1,'2025-10-26 10:32:27','2025-10-26 10:32:27',NULL),(24,'{\"en\":\"Literature\",\"vi\":\"Sách văn học\"}','{\"en\":\"Products in Literature category\",\"vi\":\"C\\u00e1c s\\u1ea3n ph\\u1ea9m thu\\u1ed9c danh m\\u1ee5c S\\u00e1ch v\\u0103n h\\u1ecdc\"}','https://via.placeholder.com/600x400.png/00aa88?text=Category',23,1,'2025-10-26 10:32:27','2025-10-26 10:32:27',NULL),(25,'{\"en\":\"Economics\",\"vi\":\"Sách kinh tế\"}','{\"en\":\"Products in Economics category\",\"vi\":\"C\\u00e1c s\\u1ea3n ph\\u1ea9m thu\\u1ed9c danh m\\u1ee5c S\\u00e1ch kinh t\\u1ebf\"}','https://via.placeholder.com/600x400.png/00aa88?text=Category',23,1,'2025-10-26 10:32:27','2025-10-26 10:32:27',NULL),(26,'{\"en\":\"Notebooks\",\"vi\":\"Sổ tay\"}','{\"en\":\"Products in Notebooks category\",\"vi\":\"C\\u00e1c s\\u1ea3n ph\\u1ea9m thu\\u1ed9c danh m\\u1ee5c S\\u1ed5 tay\"}','https://via.placeholder.com/600x400.png/00aa88?text=Category',23,1,'2025-10-26 10:32:27','2025-10-26 10:32:27',NULL),(27,'{\"en\":\"Pens\",\"vi\":\"Bút viết\"}','{\"en\":\"Products in Pens category\",\"vi\":\"C\\u00e1c s\\u1ea3n ph\\u1ea9m thu\\u1ed9c danh m\\u1ee5c B\\u00fat vi\\u1ebft\"}','https://via.placeholder.com/600x400.png/00aa88?text=Category',23,1,'2025-10-26 10:32:27','2025-10-26 10:32:27',NULL);
/*!40000 ALTER TABLE `categories` ENABLE KEYS */;
UNLOCK TABLES;

--
-- Table structure for table `chat_messages`
--

DROP TABLE IF EXISTS `chat_messages`;
/*!40101 SET @saved_cs_client     = @@character_set_client */;
/*!50503 SET character_set_client = utf8mb4 */;
CREATE TABLE `chat_messages` (
  `chat_message_id` bigint(20) unsigned NOT NULL AUTO_INCREMENT,
  `chat_room_id` bigint(20) unsigned NOT NULL,
  `sender_id` bigint(20) unsigned NOT NULL,
  `role_context` varchar(50) DEFAULT NULL,
  `assistant_api` varchar(50) DEFAULT NULL,
  `content` text NOT NULL,
  `assistant_content` text DEFAULT NULL,
  `context_snapshot` longtext CHARACTER SET utf8mb4 COLLATE utf8mb4_bin DEFAULT NULL CHECK (json_valid(`context_snapshot`)),
  `assistant_metadata` longtext CHARACTER SET utf8mb4 COLLATE utf8mb4_bin DEFAULT NULL CHECK (json_valid(`assistant_metadata`)),
  `response_latency_ms` int(10) unsigned DEFAULT NULL,
  `content_type` tinyint(4) NOT NULL DEFAULT 1 COMMENT '1: Text, 2: Image, 3: File',
  `attachment_url` varchar(500) DEFAULT NULL,
  `is_edited` tinyint(1) NOT NULL DEFAULT 0,
  `edited_at` timestamp NULL DEFAULT NULL,
  `created_at` timestamp NULL DEFAULT NULL,
  `updated_at` timestamp NULL DEFAULT NULL,
  PRIMARY KEY (`chat_message_id`),
  KEY `chat_messages_chat_room_id_foreign` (`chat_room_id`),
  KEY `chat_messages_sender_id_foreign` (`sender_id`),
  CONSTRAINT `chat_messages_chat_room_id_foreign` FOREIGN KEY (`chat_room_id`) REFERENCES `chat_rooms` (`chat_room_id`) ON DELETE CASCADE,
  CONSTRAINT `chat_messages_sender_id_foreign` FOREIGN KEY (`sender_id`) REFERENCES `users` (`id`)
) ENGINE=InnoDB AUTO_INCREMENT=122 DEFAULT CHARSET=utf8mb4 COLLATE=utf8mb4_unicode_ci;
/*!40101 SET character_set_client = @saved_cs_client */;

--
-- Dumping data for table `chat_messages`
--

LOCK TABLES `chat_messages` WRITE;
/*!40000 ALTER TABLE `chat_messages` DISABLE KEYS */;
INSERT INTO `chat_messages` VALUES (1,1,77,NULL,NULL,'Chào shop, cho mình hỏi sản phẩm này còn hàng không?',NULL,NULL,NULL,NULL,1,NULL,0,NULL,'2025-10-26 10:32:32','2025-10-26 10:32:32'),(2,1,15,NULL,NULL,'Chào bạn, sản phẩm này bên mình vẫn còn hàng ạ. Bạn đặt hàng nhé.',NULL,NULL,NULL,NULL,1,NULL,0,NULL,'2025-10-26 10:32:32','2025-10-26 10:32:32'),(3,2,91,NULL,NULL,'Chào shop, cho mình hỏi sản phẩm này còn hàng không?',NULL,NULL,NULL,NULL,1,NULL,0,NULL,'2025-10-26 10:32:32','2025-10-26 10:32:32'),(4,2,9,NULL,NULL,'Chào bạn, sản phẩm này bên mình vẫn còn hàng ạ. Bạn đặt hàng nhé.',NULL,NULL,NULL,NULL,1,NULL,0,NULL,'2025-10-26 10:32:32','2025-10-26 10:32:32'),(5,3,63,NULL,NULL,'Chào shop, cho mình hỏi sản phẩm này còn hàng không?',NULL,NULL,NULL,NULL,1,NULL,0,NULL,'2025-10-26 10:32:32','2025-10-26 10:32:32'),(6,3,5,NULL,NULL,'Chào bạn, sản phẩm này bên mình vẫn còn hàng ạ. Bạn đặt hàng nhé.',NULL,NULL,NULL,NULL,1,NULL,0,NULL,'2025-10-26 10:32:32','2025-10-26 10:32:32'),(7,4,28,NULL,NULL,'Chào shop, cho mình hỏi sản phẩm này còn hàng không?',NULL,NULL,NULL,NULL,1,NULL,0,NULL,'2025-10-26 10:32:32','2025-10-26 10:32:32'),(8,4,3,NULL,NULL,'Chào bạn, sản phẩm này bên mình vẫn còn hàng ạ. Bạn đặt hàng nhé.',NULL,NULL,NULL,NULL,1,NULL,0,NULL,'2025-10-26 10:32:32','2025-10-26 10:32:32'),(9,5,49,NULL,NULL,'Chào shop, cho mình hỏi sản phẩm này còn hàng không?',NULL,NULL,NULL,NULL,1,NULL,0,NULL,'2025-10-26 10:32:32','2025-10-26 10:32:32'),(10,5,12,NULL,NULL,'Chào bạn, sản phẩm này bên mình vẫn còn hàng ạ. Bạn đặt hàng nhé.',NULL,NULL,NULL,NULL,1,NULL,0,NULL,'2025-10-26 10:32:32','2025-10-26 10:32:32'),(11,6,51,NULL,NULL,'Chào shop, cho mình hỏi sản phẩm này còn hàng không?',NULL,NULL,NULL,NULL,1,NULL,0,NULL,'2025-10-26 10:32:32','2025-10-26 10:32:32'),(12,6,17,NULL,NULL,'Chào bạn, sản phẩm này bên mình vẫn còn hàng ạ. Bạn đặt hàng nhé.',NULL,NULL,NULL,NULL,1,NULL,0,NULL,'2025-10-26 10:32:32','2025-10-26 10:32:32'),(13,7,85,NULL,NULL,'Chào shop, cho mình hỏi sản phẩm này còn hàng không?',NULL,NULL,NULL,NULL,1,NULL,0,NULL,'2025-10-26 10:32:32','2025-10-26 10:32:32'),(14,7,13,NULL,NULL,'Chào bạn, sản phẩm này bên mình vẫn còn hàng ạ. Bạn đặt hàng nhé.',NULL,NULL,NULL,NULL,1,NULL,0,NULL,'2025-10-26 10:32:32','2025-10-26 10:32:32'),(15,8,121,NULL,NULL,'Chào shop, cho mình hỏi sản phẩm này còn hàng không?',NULL,NULL,NULL,NULL,1,NULL,0,NULL,'2025-10-26 10:32:32','2025-10-26 10:32:32'),(16,8,20,NULL,NULL,'Chào bạn, sản phẩm này bên mình vẫn còn hàng ạ. Bạn đặt hàng nhé.',NULL,NULL,NULL,NULL,1,NULL,0,NULL,'2025-10-26 10:32:32','2025-10-26 10:32:32'),(17,9,81,NULL,NULL,'Chào shop, cho mình hỏi sản phẩm này còn hàng không?',NULL,NULL,NULL,NULL,1,NULL,0,NULL,'2025-10-26 10:32:32','2025-10-26 10:32:32'),(18,9,18,NULL,NULL,'Chào bạn, sản phẩm này bên mình vẫn còn hàng ạ. Bạn đặt hàng nhé.',NULL,NULL,NULL,NULL,1,NULL,0,NULL,'2025-10-26 10:32:32','2025-10-26 10:32:32'),(19,10,92,NULL,NULL,'Chào shop, cho mình hỏi sản phẩm này còn hàng không?',NULL,NULL,NULL,NULL,1,NULL,0,NULL,'2025-10-26 10:32:32','2025-10-26 10:32:32'),(20,10,19,NULL,NULL,'Chào bạn, sản phẩm này bên mình vẫn còn hàng ạ. Bạn đặt hàng nhé.',NULL,NULL,NULL,NULL,1,NULL,0,NULL,'2025-10-26 10:32:32','2025-10-26 10:32:32'),(21,11,55,NULL,NULL,'Chào shop, cho mình hỏi sản phẩm này còn hàng không?',NULL,NULL,NULL,NULL,1,NULL,0,NULL,'2025-10-26 10:32:32','2025-10-26 10:32:32'),(22,11,2,NULL,NULL,'Chào bạn, sản phẩm này bên mình vẫn còn hàng ạ. Bạn đặt hàng nhé.',NULL,NULL,NULL,NULL,1,NULL,0,NULL,'2025-10-26 10:32:32','2025-10-26 10:32:32'),(23,12,119,NULL,NULL,'Chào shop, cho mình hỏi sản phẩm này còn hàng không?',NULL,NULL,NULL,NULL,1,NULL,0,NULL,'2025-10-26 10:32:32','2025-10-26 10:32:32'),(24,12,14,NULL,NULL,'Chào bạn, sản phẩm này bên mình vẫn còn hàng ạ. Bạn đặt hàng nhé.',NULL,NULL,NULL,NULL,1,NULL,0,NULL,'2025-10-26 10:32:32','2025-10-26 10:32:32'),(25,13,82,NULL,NULL,'Chào shop, cho mình hỏi sản phẩm này còn hàng không?',NULL,NULL,NULL,NULL,1,NULL,0,NULL,'2025-10-26 10:32:32','2025-10-26 10:32:32'),(26,13,20,NULL,NULL,'Chào bạn, sản phẩm này bên mình vẫn còn hàng ạ. Bạn đặt hàng nhé.',NULL,NULL,NULL,NULL,1,NULL,0,NULL,'2025-10-26 10:32:32','2025-10-26 10:32:32'),(27,14,45,NULL,NULL,'Chào shop, cho mình hỏi sản phẩm này còn hàng không?',NULL,NULL,NULL,NULL,1,NULL,0,NULL,'2025-10-26 10:32:32','2025-10-26 10:32:32'),(28,14,5,NULL,NULL,'Chào bạn, sản phẩm này bên mình vẫn còn hàng ạ. Bạn đặt hàng nhé.',NULL,NULL,NULL,NULL,1,NULL,0,NULL,'2025-10-26 10:32:32','2025-10-26 10:32:32'),(29,15,101,NULL,NULL,'Chào shop, cho mình hỏi sản phẩm này còn hàng không?',NULL,NULL,NULL,NULL,1,NULL,0,NULL,'2025-10-26 10:32:32','2025-10-26 10:32:32'),(30,15,8,NULL,NULL,'Chào bạn, sản phẩm này bên mình vẫn còn hàng ạ. Bạn đặt hàng nhé.',NULL,NULL,NULL,NULL,1,NULL,0,NULL,'2025-10-26 10:32:32','2025-10-26 10:32:32'),(31,16,27,NULL,NULL,'Chào shop, cho mình hỏi sản phẩm này còn hàng không?',NULL,NULL,NULL,NULL,1,NULL,0,NULL,'2025-10-26 10:32:32','2025-10-26 10:32:32'),(32,16,16,NULL,NULL,'Chào bạn, sản phẩm này bên mình vẫn còn hàng ạ. Bạn đặt hàng nhé.',NULL,NULL,NULL,NULL,1,NULL,0,NULL,'2025-10-26 10:32:32','2025-10-26 10:32:32'),(33,17,117,NULL,NULL,'Chào shop, cho mình hỏi sản phẩm này còn hàng không?',NULL,NULL,NULL,NULL,1,NULL,0,NULL,'2025-10-26 10:32:32','2025-10-26 10:32:32'),(34,17,18,NULL,NULL,'Chào bạn, sản phẩm này bên mình vẫn còn hàng ạ. Bạn đặt hàng nhé.',NULL,NULL,NULL,NULL,1,NULL,0,NULL,'2025-10-26 10:32:32','2025-10-26 10:32:32'),(35,18,25,NULL,NULL,'Chào shop, cho mình hỏi sản phẩm này còn hàng không?',NULL,NULL,NULL,NULL,1,NULL,0,NULL,'2025-10-26 10:32:32','2025-10-26 10:32:32'),(36,18,17,NULL,NULL,'Chào bạn, sản phẩm này bên mình vẫn còn hàng ạ. Bạn đặt hàng nhé.',NULL,NULL,NULL,NULL,1,NULL,0,NULL,'2025-10-26 10:32:32','2025-10-26 10:32:32'),(37,19,31,NULL,NULL,'Chào shop, cho mình hỏi sản phẩm này còn hàng không?',NULL,NULL,NULL,NULL,1,NULL,0,NULL,'2025-10-26 10:32:32','2025-10-26 10:32:32'),(38,19,6,NULL,NULL,'Chào bạn, sản phẩm này bên mình vẫn còn hàng ạ. Bạn đặt hàng nhé.',NULL,NULL,NULL,NULL,1,NULL,0,NULL,'2025-10-26 10:32:32','2025-10-26 10:32:32'),(39,20,117,NULL,NULL,'Chào shop, cho mình hỏi sản phẩm này còn hàng không?',NULL,NULL,NULL,NULL,1,NULL,0,NULL,'2025-10-26 10:32:32','2025-10-26 10:32:32'),(40,20,7,NULL,NULL,'Chào bạn, sản phẩm này bên mình vẫn còn hàng ạ. Bạn đặt hàng nhé.',NULL,NULL,NULL,NULL,1,NULL,0,NULL,'2025-10-26 10:32:32','2025-10-26 10:32:32'),(41,21,63,NULL,NULL,'Chào shop, cho mình hỏi sản phẩm này còn hàng không?',NULL,NULL,NULL,NULL,1,NULL,0,NULL,'2025-10-26 10:32:32','2025-10-26 10:32:32'),(42,21,19,NULL,NULL,'Chào bạn, sản phẩm này bên mình vẫn còn hàng ạ. Bạn đặt hàng nhé.',NULL,NULL,NULL,NULL,1,NULL,0,NULL,'2025-10-26 10:32:32','2025-10-26 10:32:32'),(43,22,46,NULL,NULL,'Chào shop, cho mình hỏi sản phẩm này còn hàng không?',NULL,NULL,NULL,NULL,1,NULL,0,NULL,'2025-10-26 10:32:32','2025-10-26 10:32:32'),(44,22,15,NULL,NULL,'Chào bạn, sản phẩm này bên mình vẫn còn hàng ạ. Bạn đặt hàng nhé.',NULL,NULL,NULL,NULL,1,NULL,0,NULL,'2025-10-26 10:32:32','2025-10-26 10:32:32'),(45,23,40,NULL,NULL,'Chào shop, cho mình hỏi sản phẩm này còn hàng không?',NULL,NULL,NULL,NULL,1,NULL,0,NULL,'2025-10-26 10:32:32','2025-10-26 10:32:32'),(46,23,2,NULL,NULL,'Chào bạn, sản phẩm này bên mình vẫn còn hàng ạ. Bạn đặt hàng nhé.',NULL,NULL,NULL,NULL,1,NULL,0,NULL,'2025-10-26 10:32:32','2025-10-26 10:32:32'),(47,24,46,NULL,NULL,'Chào shop, cho mình hỏi sản phẩm này còn hàng không?',NULL,NULL,NULL,NULL,1,NULL,0,NULL,'2025-10-26 10:32:32','2025-10-26 10:32:32'),(48,24,12,NULL,NULL,'Chào bạn, sản phẩm này bên mình vẫn còn hàng ạ. Bạn đặt hàng nhé.',NULL,NULL,NULL,NULL,1,NULL,0,NULL,'2025-10-26 10:32:32','2025-10-26 10:32:32'),(49,25,89,NULL,NULL,'Chào shop, cho mình hỏi sản phẩm này còn hàng không?',NULL,NULL,NULL,NULL,1,NULL,0,NULL,'2025-10-26 10:32:32','2025-10-26 10:32:32'),(50,25,15,NULL,NULL,'Chào bạn, sản phẩm này bên mình vẫn còn hàng ạ. Bạn đặt hàng nhé.',NULL,NULL,NULL,NULL,1,NULL,0,NULL,'2025-10-26 10:32:32','2025-10-26 10:32:32'),(51,26,98,NULL,NULL,'Chào shop, cho mình hỏi sản phẩm này còn hàng không?',NULL,NULL,NULL,NULL,1,NULL,0,NULL,'2025-10-26 10:32:32','2025-10-26 10:32:32'),(52,26,14,NULL,NULL,'Chào bạn, sản phẩm này bên mình vẫn còn hàng ạ. Bạn đặt hàng nhé.',NULL,NULL,NULL,NULL,1,NULL,0,NULL,'2025-10-26 10:32:32','2025-10-26 10:32:32'),(53,27,91,NULL,NULL,'Chào shop, cho mình hỏi sản phẩm này còn hàng không?',NULL,NULL,NULL,NULL,1,NULL,0,NULL,'2025-10-26 10:32:32','2025-10-26 10:32:32'),(54,27,15,NULL,NULL,'Chào bạn, sản phẩm này bên mình vẫn còn hàng ạ. Bạn đặt hàng nhé.',NULL,NULL,NULL,NULL,1,NULL,0,NULL,'2025-10-26 10:32:32','2025-10-26 10:32:32'),(55,28,82,NULL,NULL,'Chào shop, cho mình hỏi sản phẩm này còn hàng không?',NULL,NULL,NULL,NULL,1,NULL,0,NULL,'2025-10-26 10:32:32','2025-10-26 10:32:32'),(56,28,19,NULL,NULL,'Chào bạn, sản phẩm này bên mình vẫn còn hàng ạ. Bạn đặt hàng nhé.',NULL,NULL,NULL,NULL,1,NULL,0,NULL,'2025-10-26 10:32:32','2025-10-26 10:32:32'),(57,29,62,NULL,NULL,'Chào shop, cho mình hỏi sản phẩm này còn hàng không?',NULL,NULL,NULL,NULL,1,NULL,0,NULL,'2025-10-26 10:32:32','2025-10-26 10:32:32'),(58,29,18,NULL,NULL,'Chào bạn, sản phẩm này bên mình vẫn còn hàng ạ. Bạn đặt hàng nhé.',NULL,NULL,NULL,NULL,1,NULL,0,NULL,'2025-10-26 10:32:32','2025-10-26 10:32:32'),(59,30,79,NULL,NULL,'Chào shop, cho mình hỏi sản phẩm này còn hàng không?',NULL,NULL,NULL,NULL,1,NULL,0,NULL,'2025-10-26 10:32:32','2025-10-26 10:32:32'),(60,30,11,NULL,NULL,'Chào bạn, sản phẩm này bên mình vẫn còn hàng ạ. Bạn đặt hàng nhé.',NULL,NULL,NULL,NULL,1,NULL,0,NULL,'2025-10-26 10:32:32','2025-10-26 10:32:32'),(61,31,81,NULL,NULL,'Chào shop, cho mình hỏi sản phẩm này còn hàng không?',NULL,NULL,NULL,NULL,1,NULL,0,NULL,'2025-10-26 10:32:32','2025-10-26 10:32:32'),(62,31,12,NULL,NULL,'Chào bạn, sản phẩm này bên mình vẫn còn hàng ạ. Bạn đặt hàng nhé.',NULL,NULL,NULL,NULL,1,NULL,0,NULL,'2025-10-26 10:32:32','2025-10-26 10:32:32'),(63,32,83,NULL,NULL,'Chào shop, cho mình hỏi sản phẩm này còn hàng không?',NULL,NULL,NULL,NULL,1,NULL,0,NULL,'2025-10-26 10:32:32','2025-10-26 10:32:32'),(64,32,12,NULL,NULL,'Chào bạn, sản phẩm này bên mình vẫn còn hàng ạ. Bạn đặt hàng nhé.',NULL,NULL,NULL,NULL,1,NULL,0,NULL,'2025-10-26 10:32:32','2025-10-26 10:32:32'),(65,33,72,NULL,NULL,'Chào shop, cho mình hỏi sản phẩm này còn hàng không?',NULL,NULL,NULL,NULL,1,NULL,0,NULL,'2025-10-26 10:32:32','2025-10-26 10:32:32'),(66,33,16,NULL,NULL,'Chào bạn, sản phẩm này bên mình vẫn còn hàng ạ. Bạn đặt hàng nhé.',NULL,NULL,NULL,NULL,1,NULL,0,NULL,'2025-10-26 10:32:32','2025-10-26 10:32:32'),(67,34,113,NULL,NULL,'Chào shop, cho mình hỏi sản phẩm này còn hàng không?',NULL,NULL,NULL,NULL,1,NULL,0,NULL,'2025-10-26 10:32:32','2025-10-26 10:32:32'),(68,34,13,NULL,NULL,'Chào bạn, sản phẩm này bên mình vẫn còn hàng ạ. Bạn đặt hàng nhé.',NULL,NULL,NULL,NULL,1,NULL,0,NULL,'2025-10-26 10:32:32','2025-10-26 10:32:32'),(69,35,51,NULL,NULL,'Chào shop, cho mình hỏi sản phẩm này còn hàng không?',NULL,NULL,NULL,NULL,1,NULL,0,NULL,'2025-10-26 10:32:32','2025-10-26 10:32:32'),(70,35,12,NULL,NULL,'Chào bạn, sản phẩm này bên mình vẫn còn hàng ạ. Bạn đặt hàng nhé.',NULL,NULL,NULL,NULL,1,NULL,0,NULL,'2025-10-26 10:32:32','2025-10-26 10:32:32'),(71,36,106,NULL,NULL,'Chào shop, cho mình hỏi sản phẩm này còn hàng không?',NULL,NULL,NULL,NULL,1,NULL,0,NULL,'2025-10-26 10:32:32','2025-10-26 10:32:32'),(72,36,5,NULL,NULL,'Chào bạn, sản phẩm này bên mình vẫn còn hàng ạ. Bạn đặt hàng nhé.',NULL,NULL,NULL,NULL,1,NULL,0,NULL,'2025-10-26 10:32:32','2025-10-26 10:32:32'),(73,37,96,NULL,NULL,'Chào shop, cho mình hỏi sản phẩm này còn hàng không?',NULL,NULL,NULL,NULL,1,NULL,0,NULL,'2025-10-26 10:32:32','2025-10-26 10:32:32'),(74,37,18,NULL,NULL,'Chào bạn, sản phẩm này bên mình vẫn còn hàng ạ. Bạn đặt hàng nhé.',NULL,NULL,NULL,NULL,1,NULL,0,NULL,'2025-10-26 10:32:32','2025-10-26 10:32:32'),(75,38,70,NULL,NULL,'Chào shop, cho mình hỏi sản phẩm này còn hàng không?',NULL,NULL,NULL,NULL,1,NULL,0,NULL,'2025-10-26 10:32:32','2025-10-26 10:32:32'),(76,38,8,NULL,NULL,'Chào bạn, sản phẩm này bên mình vẫn còn hàng ạ. Bạn đặt hàng nhé.',NULL,NULL,NULL,NULL,1,NULL,0,NULL,'2025-10-26 10:32:32','2025-10-26 10:32:32'),(77,39,65,NULL,NULL,'Chào shop, cho mình hỏi sản phẩm này còn hàng không?',NULL,NULL,NULL,NULL,1,NULL,0,NULL,'2025-10-26 10:32:32','2025-10-26 10:32:32'),(78,39,20,NULL,NULL,'Chào bạn, sản phẩm này bên mình vẫn còn hàng ạ. Bạn đặt hàng nhé.',NULL,NULL,NULL,NULL,1,NULL,0,NULL,'2025-10-26 10:32:32','2025-10-26 10:32:32'),(79,40,70,NULL,NULL,'Chào shop, cho mình hỏi sản phẩm này còn hàng không?',NULL,NULL,NULL,NULL,1,NULL,0,NULL,'2025-10-26 10:32:32','2025-10-26 10:32:32'),(80,40,18,NULL,NULL,'Chào bạn, sản phẩm này bên mình vẫn còn hàng ạ. Bạn đặt hàng nhé.',NULL,NULL,NULL,NULL,1,NULL,0,NULL,'2025-10-26 10:32:32','2025-10-26 10:32:32'),(81,41,78,NULL,NULL,'Chào shop, cho mình hỏi sản phẩm này còn hàng không?',NULL,NULL,NULL,NULL,1,NULL,0,NULL,'2025-10-26 10:32:32','2025-10-26 10:32:32'),(82,41,8,NULL,NULL,'Chào bạn, sản phẩm này bên mình vẫn còn hàng ạ. Bạn đặt hàng nhé.',NULL,NULL,NULL,NULL,1,NULL,0,NULL,'2025-10-26 10:32:32','2025-10-26 10:32:32'),(83,42,82,NULL,NULL,'Chào shop, cho mình hỏi sản phẩm này còn hàng không?',NULL,NULL,NULL,NULL,1,NULL,0,NULL,'2025-10-26 10:32:32','2025-10-26 10:32:32'),(84,42,11,NULL,NULL,'Chào bạn, sản phẩm này bên mình vẫn còn hàng ạ. Bạn đặt hàng nhé.',NULL,NULL,NULL,NULL,1,NULL,0,NULL,'2025-10-26 10:32:32','2025-10-26 10:32:32'),(85,43,55,NULL,NULL,'Chào shop, cho mình hỏi sản phẩm này còn hàng không?',NULL,NULL,NULL,NULL,1,NULL,0,NULL,'2025-10-26 10:32:32','2025-10-26 10:32:32'),(86,43,7,NULL,NULL,'Chào bạn, sản phẩm này bên mình vẫn còn hàng ạ. Bạn đặt hàng nhé.',NULL,NULL,NULL,NULL,1,NULL,0,NULL,'2025-10-26 10:32:32','2025-10-26 10:32:32'),(87,44,54,NULL,NULL,'Chào shop, cho mình hỏi sản phẩm này còn hàng không?',NULL,NULL,NULL,NULL,1,NULL,0,NULL,'2025-10-26 10:32:32','2025-10-26 10:32:32'),(88,44,14,NULL,NULL,'Chào bạn, sản phẩm này bên mình vẫn còn hàng ạ. Bạn đặt hàng nhé.',NULL,NULL,NULL,NULL,1,NULL,0,NULL,'2025-10-26 10:32:32','2025-10-26 10:32:32'),(89,45,118,NULL,NULL,'Chào shop, cho mình hỏi sản phẩm này còn hàng không?',NULL,NULL,NULL,NULL,1,NULL,0,NULL,'2025-10-26 10:32:32','2025-10-26 10:32:32'),(90,45,11,NULL,NULL,'Chào bạn, sản phẩm này bên mình vẫn còn hàng ạ. Bạn đặt hàng nhé.',NULL,NULL,NULL,NULL,1,NULL,0,NULL,'2025-10-26 10:32:32','2025-10-26 10:32:32'),(91,46,76,NULL,NULL,'Chào shop, cho mình hỏi sản phẩm này còn hàng không?',NULL,NULL,NULL,NULL,1,NULL,0,NULL,'2025-10-26 10:32:32','2025-10-26 10:32:32'),(92,46,6,NULL,NULL,'Chào bạn, sản phẩm này bên mình vẫn còn hàng ạ. Bạn đặt hàng nhé.',NULL,NULL,NULL,NULL,1,NULL,0,NULL,'2025-10-26 10:32:32','2025-10-26 10:32:32'),(93,47,94,NULL,NULL,'Chào shop, cho mình hỏi sản phẩm này còn hàng không?',NULL,NULL,NULL,NULL,1,NULL,0,NULL,'2025-10-26 10:32:32','2025-10-26 10:32:32'),(94,47,14,NULL,NULL,'Chào bạn, sản phẩm này bên mình vẫn còn hàng ạ. Bạn đặt hàng nhé.',NULL,NULL,NULL,NULL,1,NULL,0,NULL,'2025-10-26 10:32:32','2025-10-26 10:32:32'),(95,48,46,NULL,NULL,'Chào shop, cho mình hỏi sản phẩm này còn hàng không?',NULL,NULL,NULL,NULL,1,NULL,0,NULL,'2025-10-26 10:32:32','2025-10-26 10:32:32'),(96,48,15,NULL,NULL,'Chào bạn, sản phẩm này bên mình vẫn còn hàng ạ. Bạn đặt hàng nhé.',NULL,NULL,NULL,NULL,1,NULL,0,NULL,'2025-10-26 10:32:32','2025-10-26 10:32:32'),(97,49,93,NULL,NULL,'Chào shop, cho mình hỏi sản phẩm này còn hàng không?',NULL,NULL,NULL,NULL,1,NULL,0,NULL,'2025-10-26 10:32:32','2025-10-26 10:32:32'),(98,49,2,NULL,NULL,'Chào bạn, sản phẩm này bên mình vẫn còn hàng ạ. Bạn đặt hàng nhé.',NULL,NULL,NULL,NULL,1,NULL,0,NULL,'2025-10-26 10:32:32','2025-10-26 10:32:32'),(99,50,41,NULL,NULL,'Chào shop, cho mình hỏi sản phẩm này còn hàng không?',NULL,NULL,NULL,NULL,1,NULL,0,NULL,'2025-10-26 10:32:32','2025-10-26 10:32:32'),(100,50,13,NULL,NULL,'Chào bạn, sản phẩm này bên mình vẫn còn hàng ạ. Bạn đặt hàng nhé.',NULL,NULL,NULL,NULL,1,NULL,0,NULL,'2025-10-26 10:32:32','2025-10-26 10:32:32'),(101,51,1,'admin','fallback','Hi','Xin lỗi, hệ thống AI đang tạm ngưng phản hồi ngay lúc này.\r\n\r\n- Mở Dashboard > Analytics để xem các chỉ số cập nhật gần nhất.\r\n- Kiểm tra báo cáo tồn kho thấp trong mục Inventory để xử lý kịp thời.\r\n- Nếu cần hỗ trợ khẩn, hãy liên hệ đội vận hành qua Slack #support.\r\n\r\nVui lòng thử lại sau vài phút. Cảm ơn bạn đã kiên nhẫn.\r\nNội dung bạn vừa hỏi: \"Hi\"','{\"summary\":{\"total_orders\":\"309\",\"orders_last_30_days\":\"309\",\"revenue_last_30_days\":\"-369374.98\",\"pending_orders\":\"176\"},\"low_stock_alerts\":[{\"sku\":\"SKU-48993uu\",\"stock\":\"1\",\"product\":\"M\\u00e1y t\\u00ednh cao c\\u1ea5p\",\"category\":\"S\\u1ed5 tay\"},{\"sku\":\"SKU-37568nl\",\"stock\":\"1\",\"product\":\"\\u00c1o s\\u01a1 mi cao c\\u1ea5p\",\"category\":\"V\\u00e1y N\\u1eef\"},{\"sku\":\"SKU-51353rl\",\"stock\":\"1\",\"product\":\"Tai nghe ch\\u1ea5t l\\u01b0\\u1ee3ng\",\"category\":\"M\\u00e1y t\\u00ednh b\\u1ea3ng\"},{\"sku\":\"SKU-82884bj\",\"stock\":\"1\",\"product\":\"Tai nghe ti\\u1ec7n d\\u1ee5ng\",\"category\":\"Tai nghe\"},{\"sku\":\"SKU-94751dm\",\"stock\":\"2\",\"product\":\"\\u00c1o len ti\\u1ec7n d\\u1ee5ng\",\"category\":\"S\\u1ed5 tay\"}],\"top_categories\":[{\"category\":\"Trang \\u0111i\\u1ec3m\",\"total_products\":\"9\"},{\"category\":\"N\\u01b0\\u1edbc hoa\",\"total_products\":\"7\"},{\"category\":\"Laptop\",\"total_products\":\"7\"},{\"category\":\"Qu\\u1ea7n Nam\",\"total_products\":\"7\"},{\"category\":\"M\\u00e1y t\\u00ednh b\\u1ea3ng\",\"total_products\":\"6\"}],\"inventory_movements_7_days\":{\"stock_in\":\"0\",\"stock_out\":\"0\"},\"recent_reports\":[]}','{\"usage\":{\"fallback\":true,\"failures\":{\"openai\":\"cURL error 60: SSL certificate problem: unable to get local issuer certificate (see https:\\/\\/curl.haxx.se\\/libcurl\\/c\\/libcurl-errors.html) for https:\\/\\/api.openai.com\\/v1\\/chat\\/completions\",\"groq\":\"cURL error 60: SSL certificate problem: unable to get local issuer certificate (see https:\\/\\/curl.haxx.se\\/libcurl\\/c\\/libcurl-errors.html) for https:\\/\\/api.groq.com\\/openai\\/v1\\/chat\\/completions\"}},\"latency_ms\":0,\"model\":null}',0,1,NULL,0,NULL,'2025-10-26 13:20:59','2025-10-26 13:20:59'),(102,51,1,'admin','fallback','Xem đơn hàng gần đây','Xin lỗi, hệ thống AI đang tạm ngưng phản hồi ngay lúc này.\r\n\r\n- Mở Dashboard > Analytics để xem các chỉ số cập nhật gần nhất.\r\n- Kiểm tra báo cáo tồn kho thấp trong mục Inventory để xử lý kịp thời.\r\n- Nếu cần hỗ trợ khẩn, hãy liên hệ đội vận hành qua Slack #support.\r\n\r\nVui lòng thử lại sau vài phút. Cảm ơn bạn đã kiên nhẫn.\r\nNội dung bạn vừa hỏi: \"Xem đơn hàng gần đây\"','{\"summary\":{\"total_orders\":\"309\",\"orders_last_30_days\":\"309\",\"revenue_last_30_days\":\"-369374.98\",\"pending_orders\":\"176\"},\"low_stock_alerts\":[{\"sku\":\"SKU-48993uu\",\"stock\":\"1\",\"product\":\"M\\u00e1y t\\u00ednh cao c\\u1ea5p\",\"category\":\"S\\u1ed5 tay\"},{\"sku\":\"SKU-37568nl\",\"stock\":\"1\",\"product\":\"\\u00c1o s\\u01a1 mi cao c\\u1ea5p\",\"category\":\"V\\u00e1y N\\u1eef\"},{\"sku\":\"SKU-51353rl\",\"stock\":\"1\",\"product\":\"Tai nghe ch\\u1ea5t l\\u01b0\\u1ee3ng\",\"category\":\"M\\u00e1y t\\u00ednh b\\u1ea3ng\"},{\"sku\":\"SKU-82884bj\",\"stock\":\"1\",\"product\":\"Tai nghe ti\\u1ec7n d\\u1ee5ng\",\"category\":\"Tai nghe\"},{\"sku\":\"SKU-94751dm\",\"stock\":\"2\",\"product\":\"\\u00c1o len ti\\u1ec7n d\\u1ee5ng\",\"category\":\"S\\u1ed5 tay\"}],\"top_categories\":[{\"category\":\"Trang \\u0111i\\u1ec3m\",\"total_products\":\"9\"},{\"category\":\"N\\u01b0\\u1edbc hoa\",\"total_products\":\"7\"},{\"category\":\"Laptop\",\"total_products\":\"7\"},{\"category\":\"Qu\\u1ea7n Nam\",\"total_products\":\"7\"},{\"category\":\"M\\u00e1y t\\u00ednh b\\u1ea3ng\",\"total_products\":\"6\"}],\"inventory_movements_7_days\":{\"stock_in\":\"0\",\"stock_out\":\"0\"},\"recent_reports\":[]}','{\"usage\":{\"fallback\":true,\"failures\":{\"openai\":\"cURL error 60: SSL certificate problem: unable to get local issuer certificate (see https:\\/\\/curl.haxx.se\\/libcurl\\/c\\/libcurl-errors.html) for https:\\/\\/api.openai.com\\/v1\\/chat\\/completions\",\"groq\":\"cURL error 60: SSL certificate problem: unable to get local issuer certificate (see https:\\/\\/curl.haxx.se\\/libcurl\\/c\\/libcurl-errors.html) for https:\\/\\/api.groq.com\\/openai\\/v1\\/chat\\/completions\"}},\"latency_ms\":0,\"model\":null}',0,1,NULL,0,NULL,'2025-10-26 13:21:42','2025-10-26 13:21:42'),(103,51,1,'admin','fallback','hi','Xin lỗi, hệ thống AI đang tạm ngưng phản hồi ngay lúc này.\r\n\r\n- Mở Dashboard > Analytics để xem các chỉ số cập nhật gần nhất.\r\n- Kiểm tra báo cáo tồn kho thấp trong mục Inventory để xử lý kịp thời.\r\n- Nếu cần hỗ trợ khẩn, hãy liên hệ đội vận hành qua Slack #support.\r\n\r\nVui lòng thử lại sau vài phút. Cảm ơn bạn đã kiên nhẫn.\r\nNội dung bạn vừa hỏi: \"hi\"','{\"summary\":{\"total_orders\":\"309\",\"orders_last_30_days\":\"309\",\"revenue_last_30_days\":\"-369374.98\",\"pending_orders\":\"176\"},\"low_stock_alerts\":[{\"sku\":\"SKU-48993uu\",\"stock\":\"1\",\"product\":\"M\\u00e1y t\\u00ednh cao c\\u1ea5p\",\"category\":\"S\\u1ed5 tay\"},{\"sku\":\"SKU-37568nl\",\"stock\":\"1\",\"product\":\"\\u00c1o s\\u01a1 mi cao c\\u1ea5p\",\"category\":\"V\\u00e1y N\\u1eef\"},{\"sku\":\"SKU-51353rl\",\"stock\":\"1\",\"product\":\"Tai nghe ch\\u1ea5t l\\u01b0\\u1ee3ng\",\"category\":\"M\\u00e1y t\\u00ednh b\\u1ea3ng\"},{\"sku\":\"SKU-82884bj\",\"stock\":\"1\",\"product\":\"Tai nghe ti\\u1ec7n d\\u1ee5ng\",\"category\":\"Tai nghe\"},{\"sku\":\"SKU-94751dm\",\"stock\":\"2\",\"product\":\"\\u00c1o len ti\\u1ec7n d\\u1ee5ng\",\"category\":\"S\\u1ed5 tay\"}],\"top_categories\":[{\"category\":\"Trang \\u0111i\\u1ec3m\",\"total_products\":\"9\"},{\"category\":\"N\\u01b0\\u1edbc hoa\",\"total_products\":\"7\"},{\"category\":\"Laptop\",\"total_products\":\"7\"},{\"category\":\"Qu\\u1ea7n Nam\",\"total_products\":\"7\"},{\"category\":\"M\\u00e1y t\\u00ednh b\\u1ea3ng\",\"total_products\":\"6\"}],\"inventory_movements_7_days\":{\"stock_in\":\"0\",\"stock_out\":\"0\"},\"recent_reports\":[]}','{\"usage\":{\"fallback\":true,\"failures\":{\"openai\":\"OPENAI API key ho\\u1eb7c endpoint ch\\u01b0a \\u0111\\u01b0\\u1ee3c c\\u1ea5u h\\u00ecnh.\",\"groq\":\"GROQ API key ho\\u1eb7c endpoint ch\\u01b0a \\u0111\\u01b0\\u1ee3c c\\u1ea5u h\\u00ecnh.\"}},\"latency_ms\":0,\"model\":null}',0,1,NULL,0,NULL,'2025-10-26 13:29:17','2025-10-26 13:29:17'),(104,51,1,'admin','groq','Gợi ý sản phẩm cho tôi','Dựa trên dữ liệu được cung cấp, tôi sẽ phân tích và đề xuất bước hành động cụ thể:\n\n**Tình hình hiện tại:**\n\n- Tổng số đơn hàng: 309\n- Đơn hàng trong 30 ngày qua: 309\n- Doanh thu trong 30 ngày qua: -369374.98 (tương đương khoảng 8,5 tỷ VND, nhưng có thể do vấn đề báo cáo hoặc tính toán sai)\n- Số lượng đơn hàng đang chờ xử lý: 176\n- Cảnh báo tồn kho thấp: 5 sản phẩm\n- Các danh mục hàng hóa phổ biến nhất: Trang điểm, Nước hoa, Laptop, Quần Nam, Máy tính bảng\n\n**Ước tính ưu tiên:**\n\n1. **Tổng hợp và kiểm tra dữ liệu doanh thu**: Xác định nguyên nhân dẫn đến doanh thu âm 8,5 tỷ VND để có thể điều chỉnh và cải thiện hiệu suất kinh doanh.\n2. **Cải thiện hệ thống cảnh báo tồn kho**: Tích hợp hệ thống cảnh báo tồn kho tự động để có thể nhận được cảnh báo sớm khi tồn kho thấp, tránh tình trạng hết hàng hoặc chậm giao hàng.\n3. **Đầu tư vào marketing cho các danh mục hàng hóa phổ biến**: Focusing vào các danh mục hàng hóa phổ biến nhất như Trang điểm, Nước hoa, Laptop, Quần Nam, Máy tính bảng để tăng doanh thu và tăng cường sự cạnh tranh trên thị trường.\n4. **Phát triển chiến lược quản lý tồn kho**: Phát triển chiến lược quản lý tồn kho hiệu quả để giảm thiểu tình trạng hết hàng hoặc tồn kho thấp và tăng cường hiệu suất kinh doanh.\n\n**Bước tiếp theo:**\n\n1. Tổng hợp và kiểm tra dữ liệu doanh thu để xác định nguyên nhân dẫn đến doanh thu âm 8,5 tỷ VND.\n2. Tích hợp hệ thống cảnh báo tồn kho tự động và cải thiện hệ thống cảnh báo tồn kho hiện tại.\n3. Phát triển chiến lược marketing cho các danh mục hàng hóa phổ biến nhất.\n4. Phát triển chiến lược quản lý tồn kho hiệu quả.','{\"summary\":{\"total_orders\":\"309\",\"orders_last_30_days\":\"309\",\"revenue_last_30_days\":\"-369374.98\",\"pending_orders\":\"176\"},\"low_stock_alerts\":[{\"sku\":\"SKU-48993uu\",\"stock\":\"1\",\"product\":\"M\\u00e1y t\\u00ednh cao c\\u1ea5p\",\"category\":\"S\\u1ed5 tay\"},{\"sku\":\"SKU-37568nl\",\"stock\":\"1\",\"product\":\"\\u00c1o s\\u01a1 mi cao c\\u1ea5p\",\"category\":\"V\\u00e1y N\\u1eef\"},{\"sku\":\"SKU-51353rl\",\"stock\":\"1\",\"product\":\"Tai nghe ch\\u1ea5t l\\u01b0\\u1ee3ng\",\"category\":\"M\\u00e1y t\\u00ednh b\\u1ea3ng\"},{\"sku\":\"SKU-82884bj\",\"stock\":\"1\",\"product\":\"Tai nghe ti\\u1ec7n d\\u1ee5ng\",\"category\":\"Tai nghe\"},{\"sku\":\"SKU-94751dm\",\"stock\":\"2\",\"product\":\"\\u00c1o len ti\\u1ec7n d\\u1ee5ng\",\"category\":\"S\\u1ed5 tay\"}],\"top_categories\":[{\"category\":\"Trang \\u0111i\\u1ec3m\",\"total_products\":\"9\"},{\"category\":\"N\\u01b0\\u1edbc hoa\",\"total_products\":\"7\"},{\"category\":\"Laptop\",\"total_products\":\"7\"},{\"category\":\"Qu\\u1ea7n Nam\",\"total_products\":\"7\"},{\"category\":\"M\\u00e1y t\\u00ednh b\\u1ea3ng\",\"total_products\":\"6\"}],\"inventory_movements_7_days\":{\"stock_in\":\"0\",\"stock_out\":\"0\"},\"recent_reports\":[]}','{\"usage\":{\"queue_time\":0.052248861,\"prompt_tokens\":401,\"prompt_time\":0.021978649,\"completion_tokens\":438,\"completion_time\":0.663342413,\"total_tokens\":839,\"total_time\":0.685321062},\"latency_ms\":1064,\"model\":\"llama-3.1-8b-instant\"}',1064,1,NULL,0,NULL,'2025-10-26 13:30:09','2025-10-26 13:30:09'),(105,51,1,'admin','groq','Tình trạng giỏ hàng','**Analysis**\n\nTừ dữ liệu được cung cấp, chúng ta có thể thấy:\n\n* Tổng số đơn hàng: 309\n* Số đơn hàng trong 30 ngày qua: 309\n* Doanh thu trong 30 ngày qua: -369374.98 (đường này có thể cho thấy doanh thu chưa được cập nhật hoặc có vấn đề)\n* Số đơn hàng chờ xử lý: 176\n* Cảnh báo hàng hóa thấp: 5 SKU với số lượng tồn kho còn 1\n* Top 5 danh mục hàng hóa: Trang điểm, nước hoa, laptop, quần nam, máy tính bảng\n\n**Ưu tiên bước hành động**\n\n1. **Cập nhật doanh thu**: Kiểm tra và cập nhật doanh thu của Shop Nest để đảm bảo tính chính xác.\n2. **Xử lý đơn hàng chờ**: Tìm hiểu nguyên nhân và giải quyết đơn hàng chờ xử lý để tránh ảnh hưởng đến trải nghiệm người dùng.\n3. **Cập nhật tồn kho**: Kiểm tra và cập nhật tồn kho của hàng hóa để tránh cảnh báo hàng hóa thấp không cần thiết.\n\n**Bước tiếp theo**\n\n1. **Cập nhật dữ liệu doanh thu**: Liên hệ với bộ phận tài chính để cập nhật doanh thu của Shop Nest.\n2. **Tìm hiểu nguyên nhân đơn hàng chờ**: Liên hệ với bộ phận vận hành để tìm hiểu nguyên nhân và giải quyết đơn hàng chờ xử lý.\n3. **Kiểm tra và cập nhật tồn kho**: Liên hệ với bộ phận quản lý hàng hóa để kiểm tra và cập nhật tồn kho của hàng hóa.','{\"summary\":{\"total_orders\":\"309\",\"orders_last_30_days\":\"309\",\"revenue_last_30_days\":\"-369374.98\",\"pending_orders\":\"176\"},\"low_stock_alerts\":[{\"sku\":\"SKU-48993uu\",\"stock\":\"1\",\"product\":\"M\\u00e1y t\\u00ednh cao c\\u1ea5p\",\"category\":\"S\\u1ed5 tay\"},{\"sku\":\"SKU-37568nl\",\"stock\":\"1\",\"product\":\"\\u00c1o s\\u01a1 mi cao c\\u1ea5p\",\"category\":\"V\\u00e1y N\\u1eef\"},{\"sku\":\"SKU-51353rl\",\"stock\":\"1\",\"product\":\"Tai nghe ch\\u1ea5t l\\u01b0\\u1ee3ng\",\"category\":\"M\\u00e1y t\\u00ednh b\\u1ea3ng\"},{\"sku\":\"SKU-82884bj\",\"stock\":\"1\",\"product\":\"Tai nghe ti\\u1ec7n d\\u1ee5ng\",\"category\":\"Tai nghe\"},{\"sku\":\"SKU-94751dm\",\"stock\":\"2\",\"product\":\"\\u00c1o len ti\\u1ec7n d\\u1ee5ng\",\"category\":\"S\\u1ed5 tay\"}],\"top_categories\":[{\"category\":\"Trang \\u0111i\\u1ec3m\",\"total_products\":\"9\"},{\"category\":\"N\\u01b0\\u1edbc hoa\",\"total_products\":\"7\"},{\"category\":\"Laptop\",\"total_products\":\"7\"},{\"category\":\"Qu\\u1ea7n Nam\",\"total_products\":\"7\"},{\"category\":\"M\\u00e1y t\\u00ednh b\\u1ea3ng\",\"total_products\":\"6\"}],\"inventory_movements_7_days\":{\"stock_in\":\"0\",\"stock_out\":\"0\"},\"recent_reports\":[]}','{\"usage\":{\"queue_time\":0.05268931,\"prompt_tokens\":400,\"prompt_time\":0.02194072,\"completion_tokens\":323,\"completion_time\":0.514233438,\"total_tokens\":723,\"total_time\":0.536174158},\"latency_ms\":774,\"model\":\"llama-3.1-8b-instant\"}',774,1,NULL,0,NULL,'2025-10-26 13:30:17','2025-10-26 13:30:17'),(106,51,1,'admin','groq','Tình trạng giỏ hàng','Căn cứ vào dữ liệu liên quan, tôi có thể rút ra một số điểm quan trọng:\n\n1. Tổng số đơn hàng trong 30 ngày qua là 309 đơn, nhưng doanh thu trong cùng khoảng thời gian là âm (-$369,374.98).\n2. Có 176 đơn hàng đang chờ xử lý.\n3. Có 5 sản phẩm có số lượng tồn kho thấp (1 đơn vị hoặc ít hơn).\n4. Các danh mục tiêu biểu nhất là Trang điểm, Quần Nam, Nước hoa, Laptop và Máy tính bảng.\n\nĐể cải thiện tình hình, tôi đề xuất ưu tiên các bước hành động sau:\n\n**Bước 1:** Kiểm tra và xử lý nhanh chóng các đơn hàng đang chờ (176 đơn) để giảm thiểu thời gian chờ đợi và cải thiện trải nghiệm người dùng.\n\n**Bước 2:** Xác định nguyên nhân dẫn đến doanh thu âm trong 30 ngày qua và thực hiện các biện pháp để cải thiện. Có thể liên quan đến chất lượng sản phẩm, giá cả, hoặc chiến lược marketing.\n\n**Bước 3:** Thực hiện kiểm kê tồn kho để xác định và bổ sung số lượng tồn kho cho các sản phẩm có số lượng thấp (5 sản phẩm). Điều này sẽ giúp tránh tình trạng hết hàng và cải thiện khả năng đáp ứng nhu cầu khách hàng.\n\n**Bước 4:** Xem xét các danh mục tiêu biểu nhất (Trang điểm, Quần Nam, Nước hoa, Laptop và Máy tính bảng) và thực hiện các chiến lược marketing phù hợp để tăng cường doanh số bán hàng cho các sản phẩm trong các danh mục này.\n\n**Bước 5:** Theo dõi và phân tích dữ liệu liên quan đến doanh thu, đơn hàng và tồn kho trong thời gian tới để xác định các điểm mạnh và điểm yếu và thực hiện các biện pháp để cải thiện.','{\"summary\":{\"total_orders\":\"309\",\"orders_last_30_days\":\"309\",\"revenue_last_30_days\":\"-369374.98\",\"pending_orders\":\"176\"},\"low_stock_alerts\":[{\"sku\":\"SKU-48993uu\",\"stock\":\"1\",\"product\":\"M\\u00e1y t\\u00ednh cao c\\u1ea5p\",\"category\":\"S\\u1ed5 tay\"},{\"sku\":\"SKU-37568nl\",\"stock\":\"1\",\"product\":\"\\u00c1o s\\u01a1 mi cao c\\u1ea5p\",\"category\":\"V\\u00e1y N\\u1eef\"},{\"sku\":\"SKU-51353rl\",\"stock\":\"1\",\"product\":\"Tai nghe ch\\u1ea5t l\\u01b0\\u1ee3ng\",\"category\":\"M\\u00e1y t\\u00ednh b\\u1ea3ng\"},{\"sku\":\"SKU-82884bj\",\"stock\":\"1\",\"product\":\"Tai nghe ti\\u1ec7n d\\u1ee5ng\",\"category\":\"Tai nghe\"},{\"sku\":\"SKU-94751dm\",\"stock\":\"2\",\"product\":\"\\u00c1o len ti\\u1ec7n d\\u1ee5ng\",\"category\":\"S\\u1ed5 tay\"}],\"top_categories\":[{\"category\":\"Trang \\u0111i\\u1ec3m\",\"total_products\":\"9\"},{\"category\":\"Qu\\u1ea7n Nam\",\"total_products\":\"7\"},{\"category\":\"N\\u01b0\\u1edbc hoa\",\"total_products\":\"7\"},{\"category\":\"Laptop\",\"total_products\":\"7\"},{\"category\":\"M\\u00e1y t\\u00ednh b\\u1ea3ng\",\"total_products\":\"6\"}],\"inventory_movements_7_days\":{\"stock_in\":\"0\",\"stock_out\":\"0\"},\"recent_reports\":[]}','{\"usage\":{\"queue_time\":0.047906359,\"prompt_tokens\":400,\"prompt_time\":0.022282151,\"completion_tokens\":375,\"completion_time\":0.571877703,\"total_tokens\":775,\"total_time\":0.594159854},\"latency_ms\":1156,\"model\":\"llama-3.1-8b-instant\"}',1156,1,NULL,0,NULL,'2025-10-26 13:47:19','2025-10-26 13:47:19'),(107,51,1,'admin','groq','Sản phẩm được yêu thích','**Áp dụng phân tích dữ liệu**\n\nDựa trên thông tin người dùng và dữ liệu liên quan, tôi có thể nhận thấy:\n\n* Tổng số đơn hàng trong 30 ngày qua là 309 đơn hàng.\n* Tổng doanh thu trong 30 ngày qua là -369374.98, có thể hiểu là có nhiều đơn hàng hủy hoặc hoàn trả hơn so với doanh thu thu được.\n* Có 176 đơn hàng đang chờ xử lý.\n* Có nhiều sản phẩm đang ở mức tồn kho thấp (low stock), bao gồm Máy tính cao cấp, Áo sơ mi cao cấp, Tai nghe chất lượng, Tai nghe tiện dụng và Áo len tiện dụng.\n* Top 5 danh mục sản phẩm được yêu thích là Trang điểm, Quần Nam, Nước hoa, Laptop và Máy tính bảng.\n\n**Ưu tiên bước hành động**\n\nĐể xử lý tình hình, tôi ưu tiên thực hiện các bước sau:\n\n1. **Xử lý đơn hàng đang chờ**: Đảm bảo rằng các đơn hàng đang chờ được xử lý nhanh chóng để tránh ảnh hưởng đến trải nghiệm người dùng.\n2. **Tăng cường tồn kho**: Cập nhật tồn kho cho các sản phẩm đang ở mức thấp và cân nhắc nhập thêm hàng hóa để đáp ứng nhu cầu người dùng.\n3. **Nghiên cứu nguyên nhân doanh thu giảm**: Xác định nguyên nhân dẫn đến doanh thu giảm và đề xuất các giải pháp để cải thiện tình hình.\n\n**Đề xuất cụ thể**\n\n* Tạo báo cáo hàng ngày về tình hình đơn hàng đang chờ và tồn kho để theo dõi và điều chỉnh kịp thời.\n* Tổ chức cuộc họp với team bán hàng và vận hành để thảo luận về nguyên nhân doanh thu giảm và đề xuất các giải pháp.\n* Cân nhắc sử dụng công cụ quản lý tồn kho và đơn hàng để cải thiện hiệu suất và giảm thiểu sai sót.','{\"summary\":{\"total_orders\":\"309\",\"orders_last_30_days\":\"309\",\"revenue_last_30_days\":\"-369374.98\",\"pending_orders\":\"176\"},\"low_stock_alerts\":[{\"sku\":\"SKU-48993uu\",\"stock\":\"1\",\"product\":\"M\\u00e1y t\\u00ednh cao c\\u1ea5p\",\"category\":\"S\\u1ed5 tay\"},{\"sku\":\"SKU-37568nl\",\"stock\":\"1\",\"product\":\"\\u00c1o s\\u01a1 mi cao c\\u1ea5p\",\"category\":\"V\\u00e1y N\\u1eef\"},{\"sku\":\"SKU-51353rl\",\"stock\":\"1\",\"product\":\"Tai nghe ch\\u1ea5t l\\u01b0\\u1ee3ng\",\"category\":\"M\\u00e1y t\\u00ednh b\\u1ea3ng\"},{\"sku\":\"SKU-82884bj\",\"stock\":\"1\",\"product\":\"Tai nghe ti\\u1ec7n d\\u1ee5ng\",\"category\":\"Tai nghe\"},{\"sku\":\"SKU-94751dm\",\"stock\":\"2\",\"product\":\"\\u00c1o len ti\\u1ec7n d\\u1ee5ng\",\"category\":\"S\\u1ed5 tay\"}],\"top_categories\":[{\"category\":\"Trang \\u0111i\\u1ec3m\",\"total_products\":\"9\"},{\"category\":\"Qu\\u1ea7n Nam\",\"total_products\":\"7\"},{\"category\":\"N\\u01b0\\u1edbc hoa\",\"total_products\":\"7\"},{\"category\":\"Laptop\",\"total_products\":\"7\"},{\"category\":\"M\\u00e1y t\\u00ednh b\\u1ea3ng\",\"total_products\":\"6\"}],\"inventory_movements_7_days\":{\"stock_in\":\"0\",\"stock_out\":\"0\"},\"recent_reports\":[]}','{\"usage\":{\"queue_time\":0.048397003,\"prompt_tokens\":399,\"prompt_time\":0.025020077,\"completion_tokens\":384,\"completion_time\":0.640561198,\"total_tokens\":783,\"total_time\":0.665581275},\"latency_ms\":874,\"model\":\"llama-3.1-8b-instant\"}',874,1,NULL,0,NULL,'2025-10-26 13:47:37','2025-10-26 13:47:37'),(108,51,1,'admin','groq','Tình trạng giỏ hàng','Dựa trên dữ liệu cung cấp, tôi nhận thấy một số vấn đề cần được ưu tiên:\n\n1. **Cảnh báo về hàng hóa sắp hết tồn**: Có 4 sản phẩm có số lượng tồn kho thấp (< 2), bao gồm Máy tính cao cấp, Áo sơ mi cao cấp, Tai nghe chất lượng, và Tai nghe tiện dụng. Cần xem xét các bước để tăng cường cung cấp sản phẩm này hoặc cảnh báo cho người dùng.\n\n2. **Doanh thu trong 30 ngày qua**: Doanh thu trong 30 ngày qua là -369374.98, có thể là do các vấn đề về hàng hóa hoặc các yếu tố khác. Cần phân tích thêm để hiểu nguyên nhân.\n\n3. **Số lượng đơn hàng trong 30 ngày qua**: Tổng số đơn hàng trong 30 ngày qua là 309, nhưng có 176 đơn hàng đang chờ xử lý. Cần xem xét các bước để xử lý đơn hàng nhanh chóng và tăng tốc độ giao hàng.\n\n**Bước hành động và đề xuất:**\n\n1. **Tăng cường cung cấp sản phẩm sắp hết tồn**:\n - Xem xét tăng cường cung cấp sản phẩm Máy tính cao cấp, Áo sơ mi cao cấp, Tai nghe chất lượng, và Tai nghe tiện dụng.\n - Cảnh báo cho người dùng về sự sắp hết tồn của sản phẩm này.\n\n2. **Phân tích nguyên nhân doanh thu trong 30 ngày qua**:\n - Xác định nguyên nhân của doanh thu âm tính trong 30 ngày qua.\n - Xác định các bước để giải quyết vấn đề này.\n\n3. **Xử lý đơn hàng nhanh chóng**:\n - Xem xét các bước để tăng tốc độ giao hàng.\n - Xác định các nguyên nhân gây chậm trễ trong quá trình giao hàng.\n\n**Bước tiếp theo:**\n\n- Lập kế hoạch tăng cường cung cấp sản phẩm sắp hết tồn và cảnh báo cho người dùng.\n- Tổ chức phân tích nguyên nhân doanh thu âm tính và đề xuất giải pháp.\n- Xác định các bước để tăng tốc độ giao hàng và xử lý đơn hàng nhanh chóng.','{\"summary\":{\"total_orders\":\"309\",\"orders_last_30_days\":\"309\",\"revenue_last_30_days\":\"-369374.98\",\"pending_orders\":\"176\"},\"low_stock_alerts\":[{\"sku\":\"SKU-48993uu\",\"stock\":\"1\",\"product\":\"M\\u00e1y t\\u00ednh cao c\\u1ea5p\",\"category\":\"S\\u1ed5 tay\"},{\"sku\":\"SKU-37568nl\",\"stock\":\"1\",\"product\":\"\\u00c1o s\\u01a1 mi cao c\\u1ea5p\",\"category\":\"V\\u00e1y N\\u1eef\"},{\"sku\":\"SKU-51353rl\",\"stock\":\"1\",\"product\":\"Tai nghe ch\\u1ea5t l\\u01b0\\u1ee3ng\",\"category\":\"M\\u00e1y t\\u00ednh b\\u1ea3ng\"},{\"sku\":\"SKU-82884bj\",\"stock\":\"1\",\"product\":\"Tai nghe ti\\u1ec7n d\\u1ee5ng\",\"category\":\"Tai nghe\"},{\"sku\":\"SKU-94751dm\",\"stock\":\"2\",\"product\":\"\\u00c1o len ti\\u1ec7n d\\u1ee5ng\",\"category\":\"S\\u1ed5 tay\"}],\"top_categories\":[{\"category\":\"Trang \\u0111i\\u1ec3m\",\"total_products\":\"9\"},{\"category\":\"Qu\\u1ea7n Nam\",\"total_products\":\"7\"},{\"category\":\"N\\u01b0\\u1edbc hoa\",\"total_products\":\"7\"},{\"category\":\"Laptop\",\"total_products\":\"7\"},{\"category\":\"M\\u00e1y t\\u00ednh b\\u1ea3ng\",\"total_products\":\"6\"}],\"inventory_movements_7_days\":{\"stock_in\":\"0\",\"stock_out\":\"0\"},\"recent_reports\":[]}','{\"usage\":{\"queue_time\":0.05193561,\"prompt_tokens\":400,\"prompt_time\":0.02322433,\"completion_tokens\":428,\"completion_time\":0.683591549,\"total_tokens\":828,\"total_time\":0.706815879},\"latency_ms\":925,\"model\":\"llama-3.1-8b-instant\"}',925,1,NULL,0,NULL,'2025-10-26 13:47:44','2025-10-26 13:47:44'),(109,51,1,'admin','groq','bạn tên gì?','Cảm ơn bạn đã cung cấp dữ liệu liên quan đến nền tảng thương mại điện tử Shop Nest. Dưới đây là phân tích và đề xuất bước tiếp theo:\n\n**Phân tích**\n\n- Người dùng đang yêu cầu thông tin về tên của mình.\n- Thông tin người dùng cho thấy người dùng có vai trò là Admin và tên là \"Super Admin\".\n- Dữ liệu liên quan cho thấy:\n + Tổng đơn hàng là 309, đơn hàng trong 30 ngày qua cũng là 309.\n + Doanh thu trong 30 ngày qua âm (-369374.98), có thể do các vấn đề về vận chuyển, thanh toán hoặc hàng hóa.\n + Có 176 đơn hàng đang chờ xử lý.\n + Có 5 mặt hàng đang cận hàng, bao gồm Máy tính cao cấp, Áo sơ mi cao cấp, Tai nghe chất lượng, Tai nghe tiện dụng và Áo len tiện dụng.\n + Top 5 danh mục hàng hóa có số lượng sản phẩm nhiều nhất là Trang điểm, Quần Nam, Nước hoa, Laptop và Máy tính bảng.\n + Không có chuyển động hàng hóa trong 7 ngày qua.\n\n**Ưu tiên bước hành động**\n\n1. **Xử lý đơn hàng chờ**: Cần ưu tiên xử lý 176 đơn hàng đang chờ xử lý để đảm bảo trải nghiệm tốt cho khách hàng.\n2. **Xác định nguyên nhân âm doanh thu**: Cần tìm hiểu nguyên nhân dẫn đến âm doanh thu trong 30 ngày qua để có thể điều chỉnh và cải thiện.\n3. **Cập nhật thông tin hàng hóa**: Cần cập nhật thông tin hàng hóa cận hàng để có thể dự đoán và ngăn chặn việc bán hàng bị chậm trễ.\n4. **Tối ưu hóa danh mục hàng hóa**: Cần xem xét danh mục hàng hóa có số lượng sản phẩm nhiều nhất để có thể tối ưu hóa và tăng cường quảng cáo.\n\n**Đề xuất bước tiếp theo**\n\n- Cần tạo một báo cáo hàng tháng để theo dõi doanh thu và số lượng đơn hàng.\n- Cần xây dựng một hệ thống cảnh báo để ngăn chặn việc hàng hóa cận hàng.\n- Cần tổ chức một buổi họp với đội ngũ kinh doanh để thảo luận về chiến lược kinh doanh và tối ưu hóa danh mục hàng hóa.','{\"summary\":{\"total_orders\":\"309\",\"orders_last_30_days\":\"309\",\"revenue_last_30_days\":\"-369374.98\",\"pending_orders\":\"176\"},\"low_stock_alerts\":[{\"sku\":\"SKU-48993uu\",\"stock\":\"1\",\"product\":\"M\\u00e1y t\\u00ednh cao c\\u1ea5p\",\"category\":\"S\\u1ed5 tay\"},{\"sku\":\"SKU-37568nl\",\"stock\":\"1\",\"product\":\"\\u00c1o s\\u01a1 mi cao c\\u1ea5p\",\"category\":\"V\\u00e1y N\\u1eef\"},{\"sku\":\"SKU-51353rl\",\"stock\":\"1\",\"product\":\"Tai nghe ch\\u1ea5t l\\u01b0\\u1ee3ng\",\"category\":\"M\\u00e1y t\\u00ednh b\\u1ea3ng\"},{\"sku\":\"SKU-82884bj\",\"stock\":\"1\",\"product\":\"Tai nghe ti\\u1ec7n d\\u1ee5ng\",\"category\":\"Tai nghe\"},{\"sku\":\"SKU-94751dm\",\"stock\":\"2\",\"product\":\"\\u00c1o len ti\\u1ec7n d\\u1ee5ng\",\"category\":\"S\\u1ed5 tay\"}],\"top_categories\":[{\"category\":\"Trang \\u0111i\\u1ec3m\",\"total_products\":\"9\"},{\"category\":\"Qu\\u1ea7n Nam\",\"total_products\":\"7\"},{\"category\":\"N\\u01b0\\u1edbc hoa\",\"total_products\":\"7\"},{\"category\":\"Laptop\",\"total_products\":\"7\"},{\"category\":\"M\\u00e1y t\\u00ednh b\\u1ea3ng\",\"total_products\":\"6\"}],\"inventory_movements_7_days\":{\"stock_in\":\"0\",\"stock_out\":\"0\"},\"recent_reports\":[]}','{\"usage\":{\"queue_time\":0.048650705,\"prompt_tokens\":397,\"prompt_time\":0.023560815,\"completion_tokens\":459,\"completion_time\":1.020828671,\"total_tokens\":856,\"total_time\":1.044389486},\"latency_ms\":1270,\"model\":\"llama-3.1-8b-instant\"}',1270,1,NULL,0,NULL,'2025-10-26 13:47:54','2025-10-26 13:47:54'),(110,51,1,'admin','groq','Sản phẩm được yêu thích','Dựa trên dữ liệu cung cấp, có một số điểm cần lưu ý và hành động:\n\n1. **Sản phẩm được yêu thích**: Tuy nhiên, không có thông tin chi tiết về sản phẩm được yêu thích. Điều này cần được bổ sung để có thể phân tích và hành động.\n\n2. **Tình trạng hàng tồn kho thấp**: Có 4 sản phẩm có tình trạng hàng tồn kho thấp (chỉ còn 1 đơn vị). Điều này cần được ưu tiên và hành động để tránh tình trạng hết hàng.\n\n**Bước hành động ưu tiên:**\n\n1. **Kiểm tra và cập nhật hàng tồn kho**: Đảm bảo rằng các sản phẩm có tình trạng hàng tồn kho thấp được cập nhật chính xác và có đủ hàng tồn kho để tránh tình trạng hết hàng.\n\n2. **Tìm kiếm giải pháp cho hàng tồn kho thấp**: Tìm kiếm các giải pháp để tăng hàng tồn kho cho các sản phẩm có tình trạng hàng tồn kho thấp, chẳng hạn như đặt hàng từ nhà cung cấp hoặc nhập hàng tồn kho từ kho khác.\n\n3. **Đánh giá và phân tích sản phẩm được yêu thích**: Khi có thông tin chi tiết về sản phẩm được yêu thích, hãy đánh giá và phân tích để hiểu được lý do tại sao sản phẩm đó được yêu thích và có thể tìm kiếm các giải pháp để tăng cường sản phẩm này.\n\n**Bước tiếp theo:**\n\n1. **Kết hợp dữ liệu từ các nguồn khác**: Kết hợp dữ liệu từ các nguồn khác, chẳng hạn như hệ thống quản lý hàng tồn kho, hệ thống quản lý đơn hàng, để có được thông tin chi tiết và chính xác hơn về tình trạng hàng tồn kho và các sản phẩm được yêu thích.\n\n2. **Tạo báo cáo và phân tích dữ liệu**: Tạo báo cáo và phân tích dữ liệu để hiểu được xu hướng và các điểm yếu trong hệ thống quản lý hàng tồn kho và các sản phẩm được yêu thích.\n\n3. **Thảo luận và triển khai giải pháp**: Thảo luận và triển khai các giải pháp được đề xuất để tăng cường hệ thống quản lý hàng tồn kho và các sản phẩm được yêu thích.','{\"summary\":{\"total_orders\":\"309\",\"orders_last_30_days\":\"309\",\"revenue_last_30_days\":\"-369374.98\",\"pending_orders\":\"176\"},\"low_stock_alerts\":[{\"sku\":\"SKU-48993uu\",\"stock\":\"1\",\"product\":\"M\\u00e1y t\\u00ednh cao c\\u1ea5p\",\"category\":\"S\\u1ed5 tay\"},{\"sku\":\"SKU-37568nl\",\"stock\":\"1\",\"product\":\"\\u00c1o s\\u01a1 mi cao c\\u1ea5p\",\"category\":\"V\\u00e1y N\\u1eef\"},{\"sku\":\"SKU-51353rl\",\"stock\":\"1\",\"product\":\"Tai nghe ch\\u1ea5t l\\u01b0\\u1ee3ng\",\"category\":\"M\\u00e1y t\\u00ednh b\\u1ea3ng\"},{\"sku\":\"SKU-82884bj\",\"stock\":\"1\",\"product\":\"Tai nghe ti\\u1ec7n d\\u1ee5ng\",\"category\":\"Tai nghe\"},{\"sku\":\"SKU-94751dm\",\"stock\":\"2\",\"product\":\"\\u00c1o len ti\\u1ec7n d\\u1ee5ng\",\"category\":\"S\\u1ed5 tay\"}],\"top_categories\":[{\"category\":\"Trang \\u0111i\\u1ec3m\",\"total_products\":\"9\"},{\"category\":\"Qu\\u1ea7n Nam\",\"total_products\":\"7\"},{\"category\":\"N\\u01b0\\u1edbc hoa\",\"total_products\":\"7\"},{\"category\":\"Laptop\",\"total_products\":\"7\"},{\"category\":\"S\\u1ed5 tay\",\"total_products\":\"6\"}],\"inventory_movements_7_days\":{\"stock_in\":\"0\",\"stock_out\":\"0\"},\"recent_reports\":[]}','{\"usage\":{\"queue_time\":0.051254642,\"prompt_tokens\":398,\"prompt_time\":0.021802797,\"completion_tokens\":439,\"completion_time\":0.640913072,\"total_tokens\":837,\"total_time\":0.662715869},\"latency_ms\":1304,\"model\":\"llama-3.1-8b-instant\"}',1304,1,NULL,0,NULL,'2025-10-26 14:09:53','2025-10-26 14:09:53'),(111,51,1,'admin','groq','Sản phẩm được yêu thích','Cảm ơn bạn đã cung cấp dữ liệu. Dựa trên thông tin người dùng và dữ liệu liên quan, tôi sẽ phân tích và đề xuất bước tiếp theo như sau:\n\n**Phân tích:**\n\n1. **Sản phẩm được yêu thích**: Thông tin này cho thấy có một số sản phẩm đang được người dùng ưa chuộng.\n2. **Tình trạng hàng tồn kho**: Có 5 sản phẩm có số lượng tồn kho chỉ còn 1 hoặc 2, điều này có thể gây ra tình trạng khan hiếm sản phẩm.\n3. **Dữ liệu bán hàng**: Tổng doanh thu trong 30 ngày qua là -369374.98, điều này có thể cho thấy có sự giảm doanh thu hoặc có vấn đề với hệ thống thanh toán.\n\n**Ưu tiên hành động:**\n\n1. **Cập nhật hàng tồn kho**: Xác định và cập nhật số lượng tồn kho cho các sản phẩm đang khan hiếm để tránh tình trạng không cung cấp sản phẩm cho người dùng.\n2. **Đánh giá tình trạng bán hàng**: Kiểm tra lại hệ thống thanh toán và xác định nguyên nhân dẫn đến giảm doanh thu.\n3. **Tối ưu hóa danh mục sản phẩm**: Xác định danh mục sản phẩm đang được yêu thích và tối ưu hóa chúng để tăng doanh thu.\n\n**Bước tiếp theo:**\n\n1. **Xác định danh mục sản phẩm được yêu thích**: Sử dụng dữ liệu top_categories để xác định danh mục sản phẩm đang được yêu thích.\n2. **Cập nhật hàng tồn kho**: Sử dụng dữ liệu low_stock_alerts để cập nhật số lượng tồn kho cho các sản phẩm đang khan hiếm.\n3. **Đánh giá tình trạng bán hàng**: Sử dụng dữ liệu summary để đánh giá tình trạng bán hàng và xác định nguyên nhân dẫn đến giảm doanh thu.\n\nHy vọng thông tin trên sẽ giúp bạn đưa ra quyết định chính xác và hiệu quả!','{\"summary\":{\"total_orders\":\"309\",\"orders_last_30_days\":\"309\",\"revenue_last_30_days\":\"-369374.98\",\"pending_orders\":\"176\"},\"low_stock_alerts\":[{\"sku\":\"SKU-48993uu\",\"stock\":\"1\",\"product\":\"M\\u00e1y t\\u00ednh cao c\\u1ea5p\",\"category\":\"S\\u1ed5 tay\"},{\"sku\":\"SKU-37568nl\",\"stock\":\"1\",\"product\":\"\\u00c1o s\\u01a1 mi cao c\\u1ea5p\",\"category\":\"V\\u00e1y N\\u1eef\"},{\"sku\":\"SKU-51353rl\",\"stock\":\"1\",\"product\":\"Tai nghe ch\\u1ea5t l\\u01b0\\u1ee3ng\",\"category\":\"M\\u00e1y t\\u00ednh b\\u1ea3ng\"},{\"sku\":\"SKU-82884bj\",\"stock\":\"1\",\"product\":\"Tai nghe ti\\u1ec7n d\\u1ee5ng\",\"category\":\"Tai nghe\"},{\"sku\":\"SKU-94751dm\",\"stock\":\"2\",\"product\":\"\\u00c1o len ti\\u1ec7n d\\u1ee5ng\",\"category\":\"S\\u1ed5 tay\"}],\"top_categories\":[{\"category\":\"Trang \\u0111i\\u1ec3m\",\"total_products\":\"9\"},{\"category\":\"Qu\\u1ea7n Nam\",\"total_products\":\"7\"},{\"category\":\"N\\u01b0\\u1edbc hoa\",\"total_products\":\"7\"},{\"category\":\"Laptop\",\"total_products\":\"7\"},{\"category\":\"S\\u1ed5 tay\",\"total_products\":\"6\"}],\"inventory_movements_7_days\":{\"stock_in\":\"0\",\"stock_out\":\"0\"},\"recent_reports\":[]}','{\"usage\":{\"queue_time\":0.049979867,\"prompt_tokens\":398,\"prompt_time\":0.021989603,\"completion_tokens\":401,\"completion_time\":0.597058864,\"total_tokens\":799,\"total_time\":0.619048467},\"latency_ms\":921,\"model\":\"llama-3.1-8b-instant\"}',921,1,NULL,0,NULL,'2025-10-26 14:23:31','2025-10-26 14:23:31'),(112,51,1,'admin','groq','Gợi ý sản phẩm cho tôi','**Giải thích**\n\nNgười dùng \"Super Admin\" gửi tin nhắn yêu cầu gợi ý sản phẩm cho họ. Để thực hiện yêu cầu này, chúng ta cần phân tích dữ liệu liên quan đến người dùng và nền tảng thương mại điện tử Shop Nest.\n\n**Dữ liệu quan trọng**\n\n- Tổng đơn hàng (total_orders): 309\n- Đơn hàng trong 30 ngày qua (orders_last_30_days): 309\n- Doanh thu trong 30 ngày qua (revenue_last_30_days): -369374.98 (có thể do giảm giá, giảm doanh số hoặc các yếu tố khác)\n- Số lượng đơn hàng chờ xử lý (pending_orders): 176\n- Low stock alerts: 4 sản phẩm có tồn kho thấp\n- Top categories: 5 danh mục hàng hóa phổ biến nhất\n\n**Phân tích và ưu tiên**\n\n- **Bước 1:** Xử lý số lượng đơn hàng chờ xử lý (pending_orders) để tránh ảnh hưởng đến trải nghiệm người dùng và doanh thu.\n- **Bước 2:** Kiểm tra và giải quyết nguyên nhân giảm doanh thu (revenue_last_30_days) để tránh ảnh hưởng đến nền tảng thương mại điện tử.\n- **Bước 3:** Thực hiện gợi ý sản phẩm cho người dùng dựa trên dữ liệu top categories và low stock alerts.\n\n**Bước tiếp theo**\n\n1. Xử lý số lượng đơn hàng chờ xử lý (pending_orders): Liên hệ với đội ngũ hỗ trợ để giải quyết đơn hàng chờ xử lý và đảm bảo rằng mọi thứ đang được xử lý một cách hiệu quả.\n2. Kiểm tra và giải quyết nguyên nhân giảm doanh thu (revenue_last_30_days): Thực hiện phân tích sâu về dữ liệu doanh thu và giảm giá, giảm doanh số để tìm ra nguyên nhân và đề xuất giải pháp.\n3. Thực hiện gợi ý sản phẩm cho người dùng: Sử dụng dữ liệu top categories và low stock alerts để gợi ý sản phẩm phù hợp cho người dùng \"Super Admin\".','{\"summary\":{\"total_orders\":\"309\",\"orders_last_30_days\":\"309\",\"revenue_last_30_days\":\"-369374.98\",\"pending_orders\":\"176\"},\"low_stock_alerts\":[{\"sku\":\"SKU-48993uu\",\"stock\":\"1\",\"product\":\"M\\u00e1y t\\u00ednh cao c\\u1ea5p\",\"category\":\"S\\u1ed5 tay\"},{\"sku\":\"SKU-37568nl\",\"stock\":\"1\",\"product\":\"\\u00c1o s\\u01a1 mi cao c\\u1ea5p\",\"category\":\"V\\u00e1y N\\u1eef\"},{\"sku\":\"SKU-51353rl\",\"stock\":\"1\",\"product\":\"Tai nghe ch\\u1ea5t l\\u01b0\\u1ee3ng\",\"category\":\"M\\u00e1y t\\u00ednh b\\u1ea3ng\"},{\"sku\":\"SKU-82884bj\",\"stock\":\"1\",\"product\":\"Tai nghe ti\\u1ec7n d\\u1ee5ng\",\"category\":\"Tai nghe\"},{\"sku\":\"SKU-94751dm\",\"stock\":\"2\",\"product\":\"\\u00c1o len ti\\u1ec7n d\\u1ee5ng\",\"category\":\"S\\u1ed5 tay\"}],\"top_categories\":[{\"category\":\"Trang \\u0111i\\u1ec3m\",\"total_products\":\"9\"},{\"category\":\"Qu\\u1ea7n Nam\",\"total_products\":\"7\"},{\"category\":\"N\\u01b0\\u1edbc hoa\",\"total_products\":\"7\"},{\"category\":\"Laptop\",\"total_products\":\"7\"},{\"category\":\"S\\u1ed5 tay\",\"total_products\":\"6\"}],\"inventory_movements_7_days\":{\"stock_in\":\"0\",\"stock_out\":\"0\"},\"recent_reports\":[]}','{\"usage\":{\"queue_time\":0.052996541,\"prompt_tokens\":400,\"prompt_time\":0.021878429,\"completion_tokens\":415,\"completion_time\":0.639972344,\"total_tokens\":815,\"total_time\":0.661850773},\"latency_ms\":956,\"model\":\"llama-3.1-8b-instant\"}',956,1,NULL,0,NULL,'2025-10-26 14:30:01','2025-10-26 14:30:01'),(113,51,1,'admin','groq','Xem đơn hàng gần đây','**Phân tích dữ liệu:**\n\n- Tính đến thời điểm hiện tại, có 309 đơn hàng đã được xử lý trong vòng 30 ngày qua.\n- Tổng doanh thu trong vòng 30 ngày qua là -369374.98, có thể là do có nhiều đơn hàng bị hủy bỏ hoặc trả lại.\n- Có 176 đơn hàng đang chờ xử lý.\n\n**Low Stock Alerts:**\n\n- Có 5 sản phẩm đang có số lượng tồn kho thấp, bao gồm:\n + Máy tính cao cấp\n + Áo sơ mi cao cấp\n + Tai nghe chất lượng\n + Tai nghe tiện dụng\n + Áo len tiện dụng\n\n**Top Categories:**\n\n- 5 phân khúc sản phẩm có số lượng sản phẩm cao nhất là:\n + Trang điểm\n + Quần Nam\n + Nước hoa\n + Laptop\n + Sổ tay\n\n**Bước hành động ưu tiên:**\n\n1. **Tìm hiểu nguyên nhân doanh thu giảm:**\n + Kiểm tra lại các đơn hàng đã được xử lý để xác định nguyên nhân doanh thu giảm.\n + Xem xét việc áp dụng chính sách hoàn tiền hoặc giảm giá cho các sản phẩm đã bán.\n\n2. **Cập nhật tồn kho và đặt hàng thêm sản phẩm:**\n + Cập nhật số lượng tồn kho của các sản phẩm đang có số lượng thấp.\n + Đặt hàng thêm sản phẩm để đảm bảo đủ số lượng.\n\n3. **Xử lý đơn hàng đang chờ:**\n + Xử lý các đơn hàng đang chờ để giảm tải khối lượng công việc.\n\n**Bước hành động tiếp theo:**\n\n- Đặt lịch hẹn họp với bộ phận bán hàng và kiểm soát hàng tồn kho để thảo luận về việc cập nhật tồn kho và đặt hàng thêm sản phẩm.\n- Xây dựng kế hoạch xử lý đơn hàng đang chờ trong vòng 1 tuần.\n- Xem xét việc áp dụng chính sách hoàn tiền hoặc giảm giá cho các sản phẩm đã bán.','{\"summary\":{\"total_orders\":\"309\",\"orders_last_30_days\":\"309\",\"revenue_last_30_days\":\"-369374.98\",\"pending_orders\":\"176\"},\"low_stock_alerts\":[{\"sku\":\"SKU-48993uu\",\"stock\":\"1\",\"product\":\"M\\u00e1y t\\u00ednh cao c\\u1ea5p\",\"category\":\"S\\u1ed5 tay\"},{\"sku\":\"SKU-37568nl\",\"stock\":\"1\",\"product\":\"\\u00c1o s\\u01a1 mi cao c\\u1ea5p\",\"category\":\"V\\u00e1y N\\u1eef\"},{\"sku\":\"SKU-51353rl\",\"stock\":\"1\",\"product\":\"Tai nghe ch\\u1ea5t l\\u01b0\\u1ee3ng\",\"category\":\"M\\u00e1y t\\u00ednh b\\u1ea3ng\"},{\"sku\":\"SKU-82884bj\",\"stock\":\"1\",\"product\":\"Tai nghe ti\\u1ec7n d\\u1ee5ng\",\"category\":\"Tai nghe\"},{\"sku\":\"SKU-94751dm\",\"stock\":\"2\",\"product\":\"\\u00c1o len ti\\u1ec7n d\\u1ee5ng\",\"category\":\"S\\u1ed5 tay\"}],\"top_categories\":[{\"category\":\"Trang \\u0111i\\u1ec3m\",\"total_products\":\"9\"},{\"category\":\"Qu\\u1ea7n Nam\",\"total_products\":\"7\"},{\"category\":\"N\\u01b0\\u1edbc hoa\",\"total_products\":\"7\"},{\"category\":\"Laptop\",\"total_products\":\"7\"},{\"category\":\"S\\u1ed5 tay\",\"total_products\":\"6\"}],\"inventory_movements_7_days\":{\"stock_in\":\"0\",\"stock_out\":\"0\"},\"recent_reports\":[]}','{\"usage\":{\"queue_time\":0.052231881,\"prompt_tokens\":398,\"prompt_time\":0.021915519,\"completion_tokens\":394,\"completion_time\":0.58285212,\"total_tokens\":792,\"total_time\":0.604767639},\"latency_ms\":836,\"model\":\"llama-3.1-8b-instant\"}',836,1,NULL,0,NULL,'2025-10-26 14:30:08','2025-10-26 14:30:08'),(114,51,1,'admin','groq','Tình trạng giỏ hàng','**Báo cáo tổng quan**\n\nTừ dữ liệu cung cấp, chúng ta có thể thấy:\n\n* Tổng số đơn hàng: 309\n* Số đơn hàng trong 30 ngày gần nhất: 309\n* Doanh thu trong 30 ngày gần nhất: -369374.98 (có thể là lỗi dữ liệu hoặc số tiền âm, cần kiểm tra lại)\n* Số đơn hàng đang chờ xử lý: 176\n* Số lượng sản phẩm có sẵn thấp:\n + Máy tính cao cấp: 1\n + Áo sơ mi cao cấp: 1\n + Tai nghe chất lượng: 1\n + Tai nghe tiện dụng: 1\n + Áo len tiện dụng: 2\n* Các phân khúc sản phẩm phổ biến nhất:\n + Trang điểm: 9 sản phẩm\n + Laptop: 7 sản phẩm\n + Quần Nam: 7 sản phẩm\n + Nước hoa: 7 sản phẩm\n + Máy tính bảng: 6 sản phẩm\n* Số lượng sản phẩm nhập và xuất trong 7 ngày gần nhất: 0\n\n**Bước hành động ưu tiên**\n\n1. **Kiểm tra lại dữ liệu doanh thu**: Cần xác minh lại số tiền âm trong 30 ngày gần nhất để tránh ảnh hưởng đến quyết định kinh doanh.\n2. **Cập nhật mức tồn kho sản phẩm thấp**: Cần cập nhật mức tồn kho sản phẩm thấp để tránh tình trạng hết hàng và ảnh hưởng đến doanh số.\n3. **Đề xuất sản phẩm mới**: Cần đề xuất sản phẩm mới cho các phân khúc sản phẩm phổ biến nhất để tăng doanh số.\n4. **Kiểm tra lại báo cáo tồn kho**: Cần kiểm tra lại báo cáo tồn kho để đảm bảo số liệu chính xác và cập nhật.\n\n**Bước tiếp theo**\n\n1. Tổ chức nhóm vận hành để kiểm tra lại dữ liệu doanh thu và cập nhật mức tồn kho sản phẩm thấp.\n2. Tìm kiếm sản phẩm mới cho các phân khúc phổ biến nhất và đề xuất cho ban quản lý.\n3. Cập nhật báo cáo tồn kho và đảm bảo số liệu chính xác.','{\"summary\":{\"total_orders\":\"309\",\"orders_last_30_days\":\"309\",\"revenue_last_30_days\":\"-369374.98\",\"pending_orders\":\"176\"},\"low_stock_alerts\":[{\"sku\":\"SKU-48993uu\",\"stock\":\"1\",\"product\":\"M\\u00e1y t\\u00ednh cao c\\u1ea5p\",\"category\":\"S\\u1ed5 tay\"},{\"sku\":\"SKU-37568nl\",\"stock\":\"1\",\"product\":\"\\u00c1o s\\u01a1 mi cao c\\u1ea5p\",\"category\":\"V\\u00e1y N\\u1eef\"},{\"sku\":\"SKU-51353rl\",\"stock\":\"1\",\"product\":\"Tai nghe ch\\u1ea5t l\\u01b0\\u1ee3ng\",\"category\":\"M\\u00e1y t\\u00ednh b\\u1ea3ng\"},{\"sku\":\"SKU-82884bj\",\"stock\":\"1\",\"product\":\"Tai nghe ti\\u1ec7n d\\u1ee5ng\",\"category\":\"Tai nghe\"},{\"sku\":\"SKU-94751dm\",\"stock\":\"2\",\"product\":\"\\u00c1o len ti\\u1ec7n d\\u1ee5ng\",\"category\":\"S\\u1ed5 tay\"}],\"top_categories\":[{\"category\":\"Trang \\u0111i\\u1ec3m\",\"total_products\":\"9\"},{\"category\":\"Laptop\",\"total_products\":\"7\"},{\"category\":\"Qu\\u1ea7n Nam\",\"total_products\":\"7\"},{\"category\":\"N\\u01b0\\u1edbc hoa\",\"total_products\":\"7\"},{\"category\":\"M\\u00e1y t\\u00ednh b\\u1ea3ng\",\"total_products\":\"6\"}],\"inventory_movements_7_days\":{\"stock_in\":\"0\",\"stock_out\":\"0\"},\"recent_reports\":[]}','{\"usage\":{\"queue_time\":0.052901284,\"prompt_tokens\":400,\"prompt_time\":0.021881946,\"completion_tokens\":429,\"completion_time\":0.580308402,\"total_tokens\":829,\"total_time\":0.602190348},\"latency_ms\":1194,\"model\":\"llama-3.1-8b-instant\"}',1194,1,NULL,0,NULL,'2025-10-26 14:33:39','2025-10-26 14:33:39'),(115,51,1,'admin','groq','Tình trạng giỏ hàng','Từ dữ liệu được cung cấp, có những thông tin quan trọng cần được quan tâm:\n\n1. **Tình trạng giỏ hàng**: Không có thông tin cụ thể về giỏ hàng của người dùng, nên bước tiếp theo cần là yêu cầu người dùng cung cấp thông tin về giỏ hàng của họ.\n2. **Dữ liệu kinh doanh**: Có một số thông tin về doanh số và số lượng đơn hàng trong 30 ngày qua, nhưng không có thông tin cụ thể về các sản phẩm hoặc danh mục sản phẩm.\n3. **Cảnh báo tồn kho thấp**: Có 5 sản phẩm có tồn kho thấp (chỉ còn 1 đơn vị) và cần được quản lý để tránh tình trạng bán hết hàng.\n4. **Danh mục sản phẩm bán chạy**: Có 5 danh mục sản phẩm bán chạy nhất, nhưng không có thông tin cụ thể về sản phẩm bán chạy nhất trong mỗi danh mục.\n\nĐể ưu tiên và đề xuất bước tiếp theo, tôi sẽ tập trung vào các vấn đề cần được giải quyết:\n\n1. **Yêu cầu thông tin giỏ hàng**: Yêu cầu người dùng cung cấp thông tin về giỏ hàng của họ để có thể hỗ trợ họ một cách hiệu quả.\n2. **Quản lý tồn kho**: Thực hiện các biện pháp để tăng cường tồn kho cho 5 sản phẩm có tồn kho thấp và đảm bảo rằng không có sản phẩm nào bị bán hết hàng.\n3. **Tìm kiếm thông tin về sản phẩm bán chạy**: Tìm kiếm thêm thông tin về sản phẩm bán chạy nhất trong mỗi danh mục sản phẩm để có thể quản lý và cung cấp sản phẩm tốt hơn.\n\nBước tiếp theo cụ thể là:\n\n - Yêu cầu người dùng cung cấp thông tin về giỏ hàng của họ.\n - Thực hiện các biện pháp để tăng cường tồn kho cho 5 sản phẩm có tồn kho thấp.\n - Tìm kiếm thêm thông tin về sản phẩm bán chạy nhất trong mỗi danh mục sản phẩm.','{\"summary\":{\"total_orders\":\"309\",\"orders_last_30_days\":\"309\",\"revenue_last_30_days\":\"-369374.98\",\"pending_orders\":\"176\"},\"low_stock_alerts\":[{\"sku\":\"SKU-48993uu\",\"stock\":\"1\",\"product\":\"M\\u00e1y t\\u00ednh cao c\\u1ea5p\",\"category\":\"S\\u1ed5 tay\"},{\"sku\":\"SKU-37568nl\",\"stock\":\"1\",\"product\":\"\\u00c1o s\\u01a1 mi cao c\\u1ea5p\",\"category\":\"V\\u00e1y N\\u1eef\"},{\"sku\":\"SKU-51353rl\",\"stock\":\"1\",\"product\":\"Tai nghe ch\\u1ea5t l\\u01b0\\u1ee3ng\",\"category\":\"M\\u00e1y t\\u00ednh b\\u1ea3ng\"},{\"sku\":\"SKU-82884bj\",\"stock\":\"1\",\"product\":\"Tai nghe ti\\u1ec7n d\\u1ee5ng\",\"category\":\"Tai nghe\"},{\"sku\":\"SKU-94751dm\",\"stock\":\"2\",\"product\":\"\\u00c1o len ti\\u1ec7n d\\u1ee5ng\",\"category\":\"S\\u1ed5 tay\"}],\"top_categories\":[{\"category\":\"Trang \\u0111i\\u1ec3m\",\"total_products\":\"9\"},{\"category\":\"Qu\\u1ea7n Nam\",\"total_products\":\"7\"},{\"category\":\"N\\u01b0\\u1edbc hoa\",\"total_products\":\"7\"},{\"category\":\"Laptop\",\"total_products\":\"7\"},{\"category\":\"S\\u1ed5 tay\",\"total_products\":\"6\"}],\"inventory_movements_7_days\":{\"stock_in\":\"0\",\"stock_out\":\"0\"},\"recent_reports\":[]}','{\"usage\":{\"queue_time\":0.052596753,\"prompt_tokens\":399,\"prompt_time\":0.021955137,\"completion_tokens\":403,\"completion_time\":0.645961985,\"total_tokens\":802,\"total_time\":0.667917122},\"latency_ms\":988,\"model\":\"llama-3.1-8b-instant\"}',988,1,NULL,0,NULL,'2025-10-27 00:26:18','2025-10-27 00:26:18'),(116,51,1,'admin','groq','Xem đơn hàng gần đây','Dựa trên thông tin người dùng và dữ liệu liên quan, có thể xác định một số vấn đề cần được giải quyết:\n\n1. **Số đơn hàng gần đây giảm**: Dù số đơn hàng gần đây bằng số đơn hàng trong vòng 30 ngày, nhưng doanh thu lại giảm. Điều này có thể do việc giảm giá hoặc khuyến mãi không hiệu quả.\n2. **Số đơn hàng chờ xử lý cao**: Có 176 đơn hàng đang chờ xử lý, điều này có thể ảnh hưởng đến trải nghiệm người dùng.\n\nBước hành động ưu tiên:\n\n1. **Cập nhật chiến lược khuyến mãi**: Xác định nguyên nhân khiến doanh thu giảm và cập nhật chiến lược khuyến mãi để tăng doanh thu.\n2. **Tăng cường xử lý đơn hàng**: Tăng cường đội ngũ xử lý đơn hàng để giảm thiểu số đơn hàng chờ xử lý.\n\nBước tiếp theo cụ thể:\n\n1. **Xác định nguyên nhân doanh thu giảm**: Sử dụng phân tích dữ liệu để xác định nguyên nhân khiến doanh thu giảm.\n2. **Tạo báo cáo đơn hàng**: Tạo báo cáo đơn hàng để theo dõi tiến trình xử lý đơn hàng và cập nhật số liệu thống kê.\n3. **Tổ chức họp với đội ngũ bán hàng**: Tổ chức họp với đội ngũ bán hàng để thảo luận về chiến lược khuyến mãi và tăng cường xử lý đơn hàng.\n\nKết quả mong muốn:\n\n1. **Tăng doanh thu**: Cập nhật chiến lược khuyến mãi hiệu quả để tăng doanh thu.\n2. **Giảm số đơn hàng chờ xử lý**: Tăng cường đội ngũ xử lý đơn hàng để giảm thiểu số đơn hàng chờ xử lý.','{\"summary\":{\"total_orders\":\"309\",\"orders_last_30_days\":\"309\",\"revenue_last_30_days\":\"-369374.98\",\"pending_orders\":\"176\"},\"low_stock_alerts\":[{\"sku\":\"SKU-48993uu\",\"stock\":\"1\",\"product\":\"M\\u00e1y t\\u00ednh cao c\\u1ea5p\",\"category\":\"S\\u1ed5 tay\"},{\"sku\":\"SKU-37568nl\",\"stock\":\"1\",\"product\":\"\\u00c1o s\\u01a1 mi cao c\\u1ea5p\",\"category\":\"V\\u00e1y N\\u1eef\"},{\"sku\":\"SKU-51353rl\",\"stock\":\"1\",\"product\":\"Tai nghe ch\\u1ea5t l\\u01b0\\u1ee3ng\",\"category\":\"M\\u00e1y t\\u00ednh b\\u1ea3ng\"},{\"sku\":\"SKU-82884bj\",\"stock\":\"1\",\"product\":\"Tai nghe ti\\u1ec7n d\\u1ee5ng\",\"category\":\"Tai nghe\"},{\"sku\":\"SKU-94751dm\",\"stock\":\"2\",\"product\":\"\\u00c1o len ti\\u1ec7n d\\u1ee5ng\",\"category\":\"S\\u1ed5 tay\"}],\"top_categories\":[{\"category\":\"Trang \\u0111i\\u1ec3m\",\"total_products\":\"9\"},{\"category\":\"Qu\\u1ea7n Nam\",\"total_products\":\"7\"},{\"category\":\"N\\u01b0\\u1edbc hoa\",\"total_products\":\"7\"},{\"category\":\"Laptop\",\"total_products\":\"7\"},{\"category\":\"M\\u00e1y t\\u00ednh b\\u1ea3ng\",\"total_products\":\"6\"}],\"inventory_movements_7_days\":{\"stock_in\":\"0\",\"stock_out\":\"0\"},\"recent_reports\":[]}','{\"usage\":{\"queue_time\":0.049354937,\"prompt_tokens\":399,\"prompt_time\":0.022482463,\"completion_tokens\":346,\"completion_time\":0.580095779,\"total_tokens\":745,\"total_time\":0.602578242},\"latency_ms\":866,\"model\":\"llama-3.1-8b-instant\"}',866,1,NULL,0,NULL,'2025-10-27 00:45:59','2025-10-27 00:45:59'),(117,51,1,'admin','groq','Tình trạng giỏ hàng','Dựa trên dữ liệu được cung cấp, tôi có các nhận xét và đề xuất sau:\n\n1. **Tình trạng giỏ hàng**: Không có thông tin cụ thể về tình trạng giỏ hàng, vì vậy tôi sẽ không đề xuất bước hành động cụ thể về vấn đề này.\n\n2. **Tình trạng tồn kho**: Có 5 sản phẩm có tồn kho ít hơn 2, bao gồm:\n * Máy tính cao cấp (Sổ tay) - tồn kho: 1\n * Áo sơ mi cao cấp (Váy Nữ) - tồn kho: 1\n * Tai nghe chất lượng (Máy tính bảng) - tồn kho: 1\n * Tai nghe tiện dụng (Tai nghe) - tồn kho: 1\n * Áo len tiện dụng (Sổ tay) - tồn kho: 2\n\n **Bước hành động**: Tôi đề xuất cập nhật tồn kho cho các sản phẩm này và xem xét việc nhập hàng hoặc giảm giá để tăng cường tồn kho.\n\n3. **Danh mục bán chạy**: 5 danh mục bán chạy nhất gồm:\n * Trang điểm (9 sản phẩm)\n * Quần Nam (7 sản phẩm)\n * Nước hoa (7 sản phẩm)\n * Laptop (7 sản phẩm)\n * Máy tính bảng (6 sản phẩm)\n\n **Bước hành động**: Tôi đề xuất xem xét việc tăng cường quảng cáo và khuyến mãi cho các danh mục bán chạy này để tăng cường doanh số.\n\n4. **Doanh số gần đây**: Doanh số gần đây là -369374.98, điều này có thể do nhiều lý do khác nhau, bao gồm việc giảm giá, tăng cường quảng cáo hoặc sự kiện đặc biệt.\n\n **Bước hành động**: Tôi đề xuất xem xét việc phân tích dữ liệu doanh số để tìm hiểu nguyên nhân của tình trạng này và đề xuất bước hành động phù hợp.\n\n5. **Báo cáo gần đây**: Không có báo cáo gần đây được cung cấp, vì vậy tôi sẽ không đề xuất bước hành động cụ thể về vấn đề này.\n\nTóm lại, tôi đề xuất các bước hành động sau:\n\n * Cập nhật tồn kho cho các sản phẩm có tồn kho ít hơn 2.\n * Xem xét việc tăng cường quảng cáo và khuyến mãi cho các danh mục bán chạy.\n * Phân tích dữ liệu doanh số để tìm hiểu nguyên nhân của tình trạng doanh số gần đây.\n * Xem xét việc nhập hàng hoặc giảm giá để tăng cường tồn kho cho các sản phẩm có tồn kho ít hơn 2.','{\"summary\":{\"total_orders\":\"309\",\"orders_last_30_days\":\"309\",\"revenue_last_30_days\":\"-369374.98\",\"pending_orders\":\"176\"},\"low_stock_alerts\":[{\"sku\":\"SKU-48993uu\",\"stock\":\"1\",\"product\":\"M\\u00e1y t\\u00ednh cao c\\u1ea5p\",\"category\":\"S\\u1ed5 tay\"},{\"sku\":\"SKU-37568nl\",\"stock\":\"1\",\"product\":\"\\u00c1o s\\u01a1 mi cao c\\u1ea5p\",\"category\":\"V\\u00e1y N\\u1eef\"},{\"sku\":\"SKU-51353rl\",\"stock\":\"1\",\"product\":\"Tai nghe ch\\u1ea5t l\\u01b0\\u1ee3ng\",\"category\":\"M\\u00e1y t\\u00ednh b\\u1ea3ng\"},{\"sku\":\"SKU-82884bj\",\"stock\":\"1\",\"product\":\"Tai nghe ti\\u1ec7n d\\u1ee5ng\",\"category\":\"Tai nghe\"},{\"sku\":\"SKU-94751dm\",\"stock\":\"2\",\"product\":\"\\u00c1o len ti\\u1ec7n d\\u1ee5ng\",\"category\":\"S\\u1ed5 tay\"}],\"top_categories\":[{\"category\":\"Trang \\u0111i\\u1ec3m\",\"total_products\":\"9\"},{\"category\":\"Qu\\u1ea7n Nam\",\"total_products\":\"7\"},{\"category\":\"N\\u01b0\\u1edbc hoa\",\"total_products\":\"7\"},{\"category\":\"Laptop\",\"total_products\":\"7\"},{\"category\":\"M\\u00e1y t\\u00ednh b\\u1ea3ng\",\"total_products\":\"6\"}],\"inventory_movements_7_days\":{\"stock_in\":\"0\",\"stock_out\":\"0\"},\"recent_reports\":[]}','{\"usage\":{\"queue_time\":0.051699656,\"prompt_tokens\":400,\"prompt_time\":0.030126774,\"completion_tokens\":513,\"completion_time\":0.716412703,\"total_tokens\":913,\"total_time\":0.746539477},\"latency_ms\":989,\"model\":\"llama-3.1-8b-instant\"}',989,1,NULL,0,NULL,'2025-10-27 00:46:08','2025-10-27 00:46:08'),(118,51,1,'admin','groq','Tình trạng giỏ hàng','**Tình trạng hiện tại:**\n\n- Total orders: 309 (tổng số đơn hàng)\n- Orders last 30 days: 309 (số đơn hàng trong 30 ngày qua)\n- Revenue last 30 days: -369374.98 (tổng doanh thu trong 30 ngày qua)\n- Pending orders: 176 (số đơn hàng đang chờ xử lý)\n- Low stock alerts: 5 sản phẩm đang cận hàng\n\n**Ưu tiên hành động:**\n\n1. **Tăng cường lưu trữ hàng hóa:** Liên hệ với nhà cung cấp để cung cấp thêm hàng hóa cho các sản phẩm cận hàng (5 sản phẩm) để tránh tình trạng hết hàng.\n2. **Xử lý đơn hàng chờ:** Kiểm tra và xử lý các đơn hàng chờ (176) để đảm bảo việc giao hàng đúng thời hạn.\n3. **Phân tích doanh thu:** Phân tích nguyên nhân dẫn đến doanh thu âm (-369374.98) trong 30 ngày qua để đề xuất các biện pháp cải thiện doanh số.\n\n**Bước tiếp theo:**\n\n- Liên hệ với bộ phận bán hàng để cung cấp thông tin về tình trạng hàng hóa và đơn hàng chờ.\n- Đề xuất với bộ phận tiếp thị để thực hiện các chiến dịch quảng cáo và khuyến mãi để cải thiện doanh số.\n- Kiểm tra và phân tích dữ liệu thống kê để xác định nguyên nhân dẫn đến doanh thu âm.','{\"summary\":{\"total_orders\":\"309\",\"orders_last_30_days\":\"309\",\"revenue_last_30_days\":\"-369374.98\",\"pending_orders\":\"176\"},\"low_stock_alerts\":[{\"sku\":\"SKU-48993uu\",\"stock\":\"1\",\"product\":\"M\\u00e1y t\\u00ednh cao c\\u1ea5p\",\"category\":\"S\\u1ed5 tay\"},{\"sku\":\"SKU-37568nl\",\"stock\":\"1\",\"product\":\"\\u00c1o s\\u01a1 mi cao c\\u1ea5p\",\"category\":\"V\\u00e1y N\\u1eef\"},{\"sku\":\"SKU-51353rl\",\"stock\":\"1\",\"product\":\"Tai nghe ch\\u1ea5t l\\u01b0\\u1ee3ng\",\"category\":\"M\\u00e1y t\\u00ednh b\\u1ea3ng\"},{\"sku\":\"SKU-82884bj\",\"stock\":\"1\",\"product\":\"Tai nghe ti\\u1ec7n d\\u1ee5ng\",\"category\":\"Tai nghe\"},{\"sku\":\"SKU-94751dm\",\"stock\":\"2\",\"product\":\"\\u00c1o len ti\\u1ec7n d\\u1ee5ng\",\"category\":\"S\\u1ed5 tay\"}],\"top_categories\":[{\"category\":\"Trang \\u0111i\\u1ec3m\",\"total_products\":\"9\"},{\"category\":\"Qu\\u1ea7n Nam\",\"total_products\":\"7\"},{\"category\":\"N\\u01b0\\u1edbc hoa\",\"total_products\":\"7\"},{\"category\":\"Laptop\",\"total_products\":\"7\"},{\"category\":\"M\\u00e1y t\\u00ednh b\\u1ea3ng\",\"total_products\":\"6\"}],\"inventory_movements_7_days\":{\"stock_in\":\"0\",\"stock_out\":\"0\"},\"recent_reports\":[]}','{\"usage\":{\"queue_time\":0.048455299,\"prompt_tokens\":400,\"prompt_time\":0.022221901,\"completion_tokens\":291,\"completion_time\":0.483057529,\"total_tokens\":691,\"total_time\":0.50527943},\"latency_ms\":792,\"model\":\"llama-3.1-8b-instant\"}',792,1,NULL,0,NULL,'2025-10-27 00:50:07','2025-10-27 00:50:07'),(119,51,1,'admin','groq','hello','Dựa trên dữ liệu, chúng tôi nhận thấy:\n\n1. **Số lượng đơn hàng và doanh thu trong 30 ngày gần đây**: Tổng số đơn hàng là 316, doanh thu là 60,001,077.95 đồng.\n2. **Số lượng đơn hàng đang chờ xử lý**: Có 183 đơn hàng đang chờ xử lý.\n3. **Sản phẩm sắp hết hàng**: Có 5 sản phẩm sắp hết hàng (Máy tính cao cấp, Áo sơ mi cao cấp, Tai nghe chất lượng, Tai nghe tiện dụng, Áo len tiện dụng).\n4. **Danh mục sản phẩm phổ biến**: Danh mục sản phẩm phổ biến là Trang điểm, Nước hoa, Laptop, Quần Nam và Máy tính bảng.\n\n**Ưu tiên bước hành động:**\n\n1. **Cập nhật và quản lý tồn kho**: Cần cập nhật và quản lý tồn kho các sản phẩm sắp hết hàng để tránh tình trạng hết hàng.\n2. **Tăng cường sản xuất hoặc nhập hàng**: Cần tăng cường sản xuất hoặc nhập hàng cho các sản phẩm sắp hết hàng để đáp ứng nhu cầu của khách hàng.\n3. **Cập nhật và quản lý đơn hàng**: Cần cập nhật và quản lý đơn hàng đang chờ xử lý để đảm bảo việc giao hàng và thanh toán đúng hạn.\n4. **Tối ưu hóa danh mục sản phẩm**: Cần tối ưu hóa danh mục sản phẩm phổ biến để tăng cường doanh thu và trải nghiệm khách hàng.\n\n**Bước tiếp theo:**\n\n1. Cập nhật và quản lý tồn kho các sản phẩm sắp hết hàng.\n2. Tăng cường sản xuất hoặc nhập hàng cho các sản phẩm sắp hết hàng.\n3. Cập nhật và quản lý đơn hàng đang chờ xử lý.\n4. Tối ưu hóa danh mục sản phẩm phổ biến.\n\n**Kịch bản hành động:**\n\n- **Bước 1: Cập nhật và quản lý tồn kho**\n + Cập nhật số lượng tồn kho cho các sản phẩm sắp hết hàng.\n + Xác định số lượng cần sản xuất hoặc nhập hàng để đáp ứng nhu cầu của khách hàng.\n- **Bước 2: Tăng cường sản xuất hoặc nhập hàng**\n + Xác định nhà cung cấp hàng hóa và ký kết hợp đồng.\n + Tối ưu hóa quy trình sản xuất hoặc nhập hàng để giảm thiểu thời gian và chi phí.\n- **Bước 3: Cập nhật và quản lý đơn hàng**\n + Cập nhật trạng thái đơn hàng đang chờ xử lý.\n + Giao hàng và thanh toán đúng hạn cho khách hàng.\n- **Bước 4: Tối ưu hóa danh mục sản phẩm**\n + Xác định danh mục sản phẩm phổ biến và đề xuất sản phẩm mới.\n + Tối ưu hóa chiến lược tiếp thị để tăng cường doanh thu và trải nghiệm khách hàng.','{\"summary\":{\"total_orders\":\"316\",\"orders_last_30_days\":\"316\",\"revenue_last_30_days\":\"60001077.95\",\"pending_orders\":\"183\"},\"low_stock_alerts\":[{\"sku\":\"SKU-48993uu\",\"stock\":\"1\",\"product\":\"M\\u00e1y t\\u00ednh cao c\\u1ea5p\",\"category\":\"S\\u1ed5 tay\"},{\"sku\":\"SKU-37568nl\",\"stock\":\"1\",\"product\":\"\\u00c1o s\\u01a1 mi cao c\\u1ea5p\",\"category\":\"V\\u00e1y N\\u1eef\"},{\"sku\":\"SKU-51353rl\",\"stock\":\"1\",\"product\":\"Tai nghe ch\\u1ea5t l\\u01b0\\u1ee3ng\",\"category\":\"M\\u00e1y t\\u00ednh b\\u1ea3ng\"},{\"sku\":\"SKU-82884bj\",\"stock\":\"1\",\"product\":\"Tai nghe ti\\u1ec7n d\\u1ee5ng\",\"category\":\"Tai nghe\"},{\"sku\":\"SKU-94751dm\",\"stock\":\"2\",\"product\":\"\\u00c1o len ti\\u1ec7n d\\u1ee5ng\",\"category\":\"S\\u1ed5 tay\"}],\"top_categories\":[{\"category\":\"Trang \\u0111i\\u1ec3m\",\"total_products\":\"9\"},{\"category\":\"N\\u01b0\\u1edbc hoa\",\"total_products\":\"7\"},{\"category\":\"Laptop\",\"total_products\":\"7\"},{\"category\":\"Qu\\u1ea7n Nam\",\"total_products\":\"7\"},{\"category\":\"M\\u00e1y t\\u00ednh b\\u1ea3ng\",\"total_products\":\"6\"}],\"inventory_movements_7_days\":{\"stock_in\":\"8\",\"stock_out\":\"0\"},\"recent_reports\":[]}','{\"usage\":{\"queue_time\":0.049043088,\"prompt_tokens\":395,\"prompt_time\":0.021932372,\"completion_tokens\":577,\"completion_time\":0.74766381,\"total_tokens\":972,\"total_time\":0.769596182},\"latency_ms\":1197,\"model\":\"llama-3.1-8b-instant\"}',1197,1,NULL,0,NULL,'2025-10-27 02:27:01','2025-10-27 02:27:01'),(120,51,1,'admin','groq','Tình trạng giỏ hàng','**Tình hình tổng quan:**\n\n- Tổng số đơn hàng: 319\n- Đơn hàng trong 30 ngày qua: 319\n- Doanh thu trong 30 ngày qua: 600,07077.89\n- Số đơn hàng chờ xử lý: 186\n\n**Cảnh báo tồn kho thấp:**\n\n- Có 4 sản phẩm có tồn kho thấp (< 2): Máy tính cao cấp, Áo sơ mi cao cấp, Tai nghe chất lượng, Tai nghe tiện dụng\n\n**Thống kê danh mục hàng hóa:**\n\n- 5 danh mục hàng hóa được yêu thích nhất:\n + Trang điểm: 9 sản phẩm\n + Nước hoa: 7 sản phẩm\n + Laptop: 7 sản phẩm\n + Quần Nam: 7 sản phẩm\n + Máy tính bảng: 6 sản phẩm\n\n**Khoảng thời gian 7 ngày qua:**\n\n- Có 8 đơn hàng vào kho\n- Không có đơn hàng ra kho\n\n**Bước hành động ưu tiên:**\n\n1. **Cập nhật tồn kho và đặt hàng lại:**\n + Đặt hàng lại 4 sản phẩm có tồn kho thấp (< 2)\n + Cập nhật tồn kho cho các sản phẩm này\n2. **Tăng cường quản lý đơn hàng chờ xử lý:**\n + Xem xét việc phân công nhân viên để xử lý đơn hàng chờ\n + Đảm bảo rằng đơn hàng chờ được xử lý một cách nhanh chóng\n3. **Thống kê và phân tích dữ liệu:**\n + Thống kê và phân tích dữ liệu hàng tháng để hiểu rõ hơn về xu hướng bán hàng\n + Sử dụng dữ liệu để điều chỉnh chiến lược kinh doanh và tăng cường hiệu suất\n\n**Bước tiếp theo:**\n\n- Cập nhật tồn kho và đặt hàng lại 4 sản phẩm có tồn kho thấp (< 2)\n- Xem xét việc phân công nhân viên để xử lý đơn hàng chờ\n- Thống kê và phân tích dữ liệu hàng tháng để hiểu rõ hơn về xu hướng bán hàng','{\"summary\":{\"total_orders\":\"319\",\"orders_last_30_days\":\"319\",\"revenue_last_30_days\":\"60007077.89\",\"pending_orders\":\"186\"},\"low_stock_alerts\":[{\"sku\":\"SKU-48993uu\",\"stock\":\"1\",\"product\":\"M\\u00e1y t\\u00ednh cao c\\u1ea5p\",\"category\":\"S\\u1ed5 tay\"},{\"sku\":\"SKU-37568nl\",\"stock\":\"1\",\"product\":\"\\u00c1o s\\u01a1 mi cao c\\u1ea5p\",\"category\":\"V\\u00e1y N\\u1eef\"},{\"sku\":\"SKU-51353rl\",\"stock\":\"1\",\"product\":\"Tai nghe ch\\u1ea5t l\\u01b0\\u1ee3ng\",\"category\":\"M\\u00e1y t\\u00ednh b\\u1ea3ng\"},{\"sku\":\"SKU-82884bj\",\"stock\":\"1\",\"product\":\"Tai nghe ti\\u1ec7n d\\u1ee5ng\",\"category\":\"Tai nghe\"},{\"sku\":\"SKU-94751dm\",\"stock\":\"2\",\"product\":\"\\u00c1o len ti\\u1ec7n d\\u1ee5ng\",\"category\":\"S\\u1ed5 tay\"}],\"top_categories\":[{\"category\":\"Trang \\u0111i\\u1ec3m\",\"total_products\":\"9\"},{\"category\":\"N\\u01b0\\u1edbc hoa\",\"total_products\":\"7\"},{\"category\":\"Laptop\",\"total_products\":\"7\"},{\"category\":\"Qu\\u1ea7n Nam\",\"total_products\":\"7\"},{\"category\":\"M\\u00e1y t\\u00ednh b\\u1ea3ng\",\"total_products\":\"6\"}],\"inventory_movements_7_days\":{\"stock_in\":\"8\",\"stock_out\":\"0\"},\"recent_reports\":[]}','{\"usage\":{\"queue_time\":0.049507956,\"prompt_tokens\":400,\"prompt_time\":0.023897004,\"completion_tokens\":415,\"completion_time\":0.763253682,\"total_tokens\":815,\"total_time\":0.787150686},\"latency_ms\":1157,\"model\":\"llama-3.1-8b-instant\"}',1157,1,NULL,0,NULL,'2025-10-28 08:44:50','2025-10-28 08:44:50'),(121,51,1,'admin','groq','Hi','**Tổng quan**\n\n- Có tổng cộng 319 đơn hàng trong 30 ngày qua, với doanh thu đạt 60.007.077,89 đồng.\n- Có 186 đơn hàng đang chờ xử lý.\n- Có 5 sản phẩm đang gần hết hàng (low stock alert), gồm:\n + Máy tính cao cấp\n + Áo sơ mi cao cấp\n + Tai nghe chất lượng\n + Tai nghe tiện dụng\n + Áo len tiện dụng\n\n**Ưu tiên hành động**\n\n1. **Xử lý đơn hàng đang chờ**: Hãy ưu tiên xử lý 186 đơn hàng đang chờ để giảm thiểu thời gian chờ đợi và cải thiện trải nghiệm người dùng.\n2. **Cập nhật thông tin sản phẩm**: Hãy cập nhật thông tin sản phẩm để đảm bảo rằng dữ liệu sản phẩm chính xác và cập nhật.\n3. **Đặt hàng thêm**: Hãy đặt hàng thêm sản phẩm đang gần hết hàng để đảm bảo rằng có đủ hàng tồn kho cho đơn hàng mới.\n\n**Bước tiếp theo**\n\n1. Liên hệ với bộ phận vận hành để xử lý đơn hàng đang chờ.\n2. Cập nhật thông tin sản phẩm trên nền tảng thương mại điện tử.\n3. Đặt hàng thêm sản phẩm đang gần hết hàng.','{\"summary\":{\"total_orders\":\"319\",\"orders_last_30_days\":\"319\",\"revenue_last_30_days\":\"60007077.89\",\"pending_orders\":\"186\"},\"low_stock_alerts\":[{\"sku\":\"SKU-48993uu\",\"stock\":\"1\",\"product\":\"M\\u00e1y t\\u00ednh cao c\\u1ea5p\",\"category\":\"S\\u1ed5 tay\"},{\"sku\":\"SKU-37568nl\",\"stock\":\"1\",\"product\":\"\\u00c1o s\\u01a1 mi cao c\\u1ea5p\",\"category\":\"V\\u00e1y N\\u1eef\"},{\"sku\":\"SKU-51353rl\",\"stock\":\"1\",\"product\":\"Tai nghe ch\\u1ea5t l\\u01b0\\u1ee3ng\",\"category\":\"M\\u00e1y t\\u00ednh b\\u1ea3ng\"},{\"sku\":\"SKU-82884bj\",\"stock\":\"1\",\"product\":\"Tai nghe ti\\u1ec7n d\\u1ee5ng\",\"category\":\"Tai nghe\"},{\"sku\":\"SKU-94751dm\",\"stock\":\"2\",\"product\":\"\\u00c1o len ti\\u1ec7n d\\u1ee5ng\",\"category\":\"S\\u1ed5 tay\"}],\"top_categories\":[{\"category\":\"Trang \\u0111i\\u1ec3m\",\"total_products\":\"9\"},{\"category\":\"N\\u01b0\\u1edbc hoa\",\"total_products\":\"7\"},{\"category\":\"Laptop\",\"total_products\":\"7\"},{\"category\":\"Qu\\u1ea7n Nam\",\"total_products\":\"7\"},{\"category\":\"M\\u00e1y t\\u00ednh b\\u1ea3ng\",\"total_products\":\"6\"}],\"inventory_movements_7_days\":{\"stock_in\":\"8\",\"stock_out\":\"0\"},\"recent_reports\":[]}','{\"usage\":{\"queue_time\":0.051348651,\"prompt_tokens\":395,\"prompt_time\":0.026814979,\"completion_tokens\":256,\"completion_time\":0.399517358,\"total_tokens\":651,\"total_time\":0.426332337},\"latency_ms\":674,\"model\":\"llama-3.1-8b-instant\"}',674,1,NULL,0,NULL,'2025-10-28 08:45:01','2025-10-28 08:45:01');
/*!40000 ALTER TABLE `chat_messages` ENABLE KEYS */;
UNLOCK TABLES;

--
-- Table structure for table `chat_participants`
--

DROP TABLE IF EXISTS `chat_participants`;
/*!40101 SET @saved_cs_client     = @@character_set_client */;
/*!50503 SET character_set_client = utf8mb4 */;
CREATE TABLE `chat_participants` (
  `chat_participant_id` bigint(20) unsigned NOT NULL AUTO_INCREMENT,
  `chat_room_id` bigint(20) unsigned NOT NULL,
  `user_id` bigint(20) unsigned NOT NULL,
  `joined_at` timestamp NOT NULL DEFAULT current_timestamp() ON UPDATE current_timestamp(),
  `left_at` timestamp NULL DEFAULT NULL,
  PRIMARY KEY (`chat_participant_id`),
  UNIQUE KEY `chat_participants_chat_room_id_user_id_unique` (`chat_room_id`,`user_id`),
  KEY `chat_participants_user_id_foreign` (`user_id`),
  CONSTRAINT `chat_participants_chat_room_id_foreign` FOREIGN KEY (`chat_room_id`) REFERENCES `chat_rooms` (`chat_room_id`) ON DELETE CASCADE,
  CONSTRAINT `chat_participants_user_id_foreign` FOREIGN KEY (`user_id`) REFERENCES `users` (`id`) ON DELETE CASCADE
) ENGINE=InnoDB AUTO_INCREMENT=102 DEFAULT CHARSET=utf8mb4 COLLATE=utf8mb4_unicode_ci;
/*!40101 SET character_set_client = @saved_cs_client */;

--
-- Dumping data for table `chat_participants`
--

LOCK TABLES `chat_participants` WRITE;
/*!40000 ALTER TABLE `chat_participants` DISABLE KEYS */;
INSERT INTO `chat_participants` VALUES (1,1,77,'2025-10-26 17:32:32',NULL),(2,1,15,'2025-10-26 17:32:32',NULL),(3,2,91,'2025-10-26 17:32:32',NULL),(4,2,9,'2025-10-26 17:32:32',NULL),(5,3,63,'2025-10-26 17:32:32',NULL),(6,3,5,'2025-10-26 17:32:32',NULL),(7,4,28,'2025-10-26 17:32:32',NULL),(8,4,3,'2025-10-26 17:32:32',NULL),(9,5,49,'2025-10-26 17:32:32',NULL),(10,5,12,'2025-10-26 17:32:32',NULL),(11,6,51,'2025-10-26 17:32:32',NULL),(12,6,17,'2025-10-26 17:32:32',NULL),(13,7,85,'2025-10-26 17:32:32',NULL),(14,7,13,'2025-10-26 17:32:32',NULL),(15,8,121,'2025-10-26 17:32:32',NULL),(16,8,20,'2025-10-26 17:32:32',NULL),(17,9,81,'2025-10-26 17:32:32',NULL),(18,9,18,'2025-10-26 17:32:32',NULL),(19,10,92,'2025-10-26 17:32:32',NULL),(20,10,19,'2025-10-26 17:32:32',NULL),(21,11,55,'2025-10-26 17:32:32',NULL),(22,11,2,'2025-10-26 17:32:32',NULL),(23,12,119,'2025-10-26 17:32:32',NULL),(24,12,14,'2025-10-26 17:32:32',NULL),(25,13,82,'2025-10-26 17:32:32',NULL),(26,13,20,'2025-10-26 17:32:32',NULL),(27,14,45,'2025-10-26 17:32:32',NULL),(28,14,5,'2025-10-26 17:32:32',NULL),(29,15,101,'2025-10-26 17:32:32',NULL),(30,15,8,'2025-10-26 17:32:32',NULL),(31,16,27,'2025-10-26 17:32:32',NULL),(32,16,16,'2025-10-26 17:32:32',NULL),(33,17,117,'2025-10-26 17:32:32',NULL),(34,17,18,'2025-10-26 17:32:32',NULL),(35,18,25,'2025-10-26 17:32:32',NULL),(36,18,17,'2025-10-26 17:32:32',NULL),(37,19,31,'2025-10-26 17:32:32',NULL),(38,19,6,'2025-10-26 17:32:32',NULL),(39,20,117,'2025-10-26 17:32:32',NULL),(40,20,7,'2025-10-26 17:32:32',NULL),(41,21,63,'2025-10-26 17:32:32',NULL),(42,21,19,'2025-10-26 17:32:32',NULL),(43,22,46,'2025-10-26 17:32:32',NULL),(44,22,15,'2025-10-26 17:32:32',NULL),(45,23,40,'2025-10-26 17:32:32',NULL),(46,23,2,'2025-10-26 17:32:32',NULL),(47,24,46,'2025-10-26 17:32:32',NULL),(48,24,12,'2025-10-26 17:32:32',NULL),(49,25,89,'2025-10-26 17:32:32',NULL),(50,25,15,'2025-10-26 17:32:32',NULL),(51,26,98,'2025-10-26 17:32:32',NULL),(52,26,14,'2025-10-26 17:32:32',NULL),(53,27,91,'2025-10-26 17:32:32',NULL),(54,27,15,'2025-10-26 17:32:32',NULL),(55,28,82,'2025-10-26 17:32:32',NULL),(56,28,19,'2025-10-26 17:32:32',NULL),(57,29,62,'2025-10-26 17:32:32',NULL),(58,29,18,'2025-10-26 17:32:32',NULL),(59,30,79,'2025-10-26 17:32:32',NULL),(60,30,11,'2025-10-26 17:32:32',NULL),(61,31,81,'2025-10-26 17:32:32',NULL),(62,31,12,'2025-10-26 17:32:32',NULL),(63,32,83,'2025-10-26 17:32:32',NULL),(64,32,12,'2025-10-26 17:32:32',NULL),(65,33,72,'2025-10-26 17:32:32',NULL),(66,33,16,'2025-10-26 17:32:32',NULL),(67,34,113,'2025-10-26 17:32:32',NULL),(68,34,13,'2025-10-26 17:32:32',NULL),(69,35,51,'2025-10-26 17:32:32',NULL),(70,35,12,'2025-10-26 17:32:32',NULL),(71,36,106,'2025-10-26 17:32:32',NULL),(72,36,5,'2025-10-26 17:32:32',NULL),(73,37,96,'2025-10-26 17:32:32',NULL),(74,37,18,'2025-10-26 17:32:32',NULL),(75,38,70,'2025-10-26 17:32:32',NULL),(76,38,8,'2025-10-26 17:32:32',NULL),(77,39,65,'2025-10-26 17:32:32',NULL),(78,39,20,'2025-10-26 17:32:32',NULL),(79,40,70,'2025-10-26 17:32:32',NULL),(80,40,18,'2025-10-26 17:32:32',NULL),(81,41,78,'2025-10-26 17:32:32',NULL),(82,41,8,'2025-10-26 17:32:32',NULL),(83,42,82,'2025-10-26 17:32:32',NULL),(84,42,11,'2025-10-26 17:32:32',NULL),(85,43,55,'2025-10-26 17:32:32',NULL),(86,43,7,'2025-10-26 17:32:32',NULL),(87,44,54,'2025-10-26 17:32:32',NULL),(88,44,14,'2025-10-26 17:32:32',NULL),(89,45,118,'2025-10-26 17:32:32',NULL),(90,45,11,'2025-10-26 17:32:32',NULL),(91,46,76,'2025-10-26 17:32:32',NULL),(92,46,6,'2025-10-26 17:32:32',NULL),(93,47,94,'2025-10-26 17:32:32',NULL),(94,47,14,'2025-10-26 17:32:32',NULL),(95,48,46,'2025-10-26 17:32:32',NULL),(96,48,15,'2025-10-26 17:32:32',NULL),(97,49,93,'2025-10-26 17:32:32',NULL),(98,49,2,'2025-10-26 17:32:32',NULL),(99,50,41,'2025-10-26 17:32:32',NULL),(100,50,13,'2025-10-26 17:32:32',NULL),(101,51,1,'2025-10-26 13:20:59',NULL);
/*!40000 ALTER TABLE `chat_participants` ENABLE KEYS */;
UNLOCK TABLES;

--
-- Table structure for table `chat_rooms`
--

DROP TABLE IF EXISTS `chat_rooms`;
/*!40101 SET @saved_cs_client     = @@character_set_client */;
/*!50503 SET character_set_client = utf8mb4 */;
CREATE TABLE `chat_rooms` (
  `chat_room_id` bigint(20) unsigned NOT NULL AUTO_INCREMENT,
  `room_name` varchar(100) NOT NULL,
  `type` tinyint(4) NOT NULL COMMENT '1: User-to-User, 2: User-to-Seller',
  `is_active` tinyint(1) NOT NULL DEFAULT 1,
  `created_at` timestamp NULL DEFAULT NULL,
  `updated_at` timestamp NULL DEFAULT NULL,
  PRIMARY KEY (`chat_room_id`)
) ENGINE=InnoDB AUTO_INCREMENT=52 DEFAULT CHARSET=utf8mb4 COLLATE=utf8mb4_unicode_ci;
/*!40101 SET character_set_client = @saved_cs_client */;

--
-- Dumping data for table `chat_rooms`
--

LOCK TABLES `chat_rooms` WRITE;
/*!40000 ALTER TABLE `chat_rooms` DISABLE KEYS */;
INSERT INTO `chat_rooms` VALUES (1,'Chat between toan.ma and dung23',2,1,'2025-10-26 10:32:32','2025-10-26 10:32:32'),(2,'Chat between t22 and kthoi',2,1,'2025-10-26 10:32:32','2025-10-26 10:32:32'),(3,'Chat between an.khai and rkhuc',2,1,'2025-10-26 10:32:32','2025-10-26 10:32:32'),(4,'Chat between qlo and onong',2,1,'2025-10-26 10:32:32','2025-10-26 10:32:32'),(5,'Chat between nmac and che.vng',2,1,'2025-10-26 10:32:32','2025-10-26 10:32:32'),(6,'Chat between ha.ngan and luu.cuong',2,1,'2025-10-26 10:32:32','2025-10-26 10:32:32'),(7,'Chat between fnh and nhiem.trc',2,1,'2025-10-26 10:32:32','2025-10-26 10:32:32'),(8,'Chat between triet40 and hung.liu',2,1,'2025-10-26 10:32:32','2025-10-26 10:32:32'),(9,'Chat between dinh05 and kdon',2,1,'2025-10-26 10:32:32','2025-10-26 10:32:32'),(10,'Chat between khut.thc and thong.be',2,1,'2025-10-26 10:32:32','2025-10-26 10:32:32'),(11,'Chat between que50 and vhoa',2,1,'2025-10-26 10:32:32','2025-10-26 10:32:32'),(12,'Chat between adam and phng.ong',2,1,'2025-10-26 10:32:32','2025-10-26 10:32:32'),(13,'Chat between yen.khau and hung.liu',2,1,'2025-10-26 10:32:32','2025-10-26 10:32:32'),(14,'Chat between khai45 and rkhuc',2,1,'2025-10-26 10:32:32','2025-10-26 10:32:32'),(15,'Chat between trung.huynh and du.s',2,1,'2025-10-26 10:32:32','2025-10-26 10:32:32'),(16,'Chat between tun75 and t12',2,1,'2025-10-26 10:32:32','2025-10-26 10:32:32'),(17,'Chat between gong and kdon',2,1,'2025-10-26 10:32:32','2025-10-26 10:32:32'),(18,'Chat between anh.khanh and luu.cuong',2,1,'2025-10-26 10:32:32','2025-10-26 10:32:32'),(19,'Chat between uy75 and llam',2,1,'2025-10-26 10:32:32','2025-10-26 10:32:32'),(20,'Chat between gong and viet31',2,1,'2025-10-26 10:32:32','2025-10-26 10:32:32'),(21,'Chat between an.khai and thong.be',2,1,'2025-10-26 10:32:32','2025-10-26 10:32:32'),(22,'Chat between xanh and dung23',2,1,'2025-10-26 10:32:32','2025-10-26 10:32:32'),(23,'Chat between khu.di and vhoa',2,1,'2025-10-26 10:32:32','2025-10-26 10:32:32'),(24,'Chat between xanh and che.vng',2,1,'2025-10-26 10:32:32','2025-10-26 10:32:32'),(25,'Chat between dam.phuc and dung23',2,1,'2025-10-26 10:32:32','2025-10-26 10:32:32'),(26,'Chat between xuan.tiep and phng.ong',2,1,'2025-10-26 10:32:32','2025-10-26 10:32:32'),(27,'Chat between t22 and dung23',2,1,'2025-10-26 10:32:32','2025-10-26 10:32:32'),(28,'Chat between yen.khau and thong.be',2,1,'2025-10-26 10:32:32','2025-10-26 10:32:32'),(29,'Chat between vng.chung and kdon',2,1,'2025-10-26 10:32:32','2025-10-26 10:32:32'),(30,'Chat between qliu and pho.thuc',2,1,'2025-10-26 10:32:32','2025-10-26 10:32:32'),(31,'Chat between dinh05 and che.vng',2,1,'2025-10-26 10:32:32','2025-10-26 10:32:32'),(32,'Chat between nhan.ma and che.vng',2,1,'2025-10-26 10:32:32','2025-10-26 10:32:32'),(33,'Chat between slo and t12',2,1,'2025-10-26 10:32:32','2025-10-26 10:32:32'),(34,'Chat between zong and nhiem.trc',2,1,'2025-10-26 10:32:32','2025-10-26 10:32:32'),(35,'Chat between ha.ngan and che.vng',2,1,'2025-10-26 10:32:32','2025-10-26 10:32:32'),(36,'Chat between hoa93 and rkhuc',2,1,'2025-10-26 10:32:32','2025-10-26 10:32:32'),(37,'Chat between hnhiem and kdon',2,1,'2025-10-26 10:32:32','2025-10-26 10:32:32'),(38,'Chat between qchuong and du.s',2,1,'2025-10-26 10:32:32','2025-10-26 10:32:32'),(39,'Chat between atra and hung.liu',2,1,'2025-10-26 10:32:32','2025-10-26 10:32:32'),(40,'Chat between qchuong and kdon',2,1,'2025-10-26 10:32:32','2025-10-26 10:32:32'),(41,'Chat between hang.danh and du.s',2,1,'2025-10-26 10:32:32','2025-10-26 10:32:32'),(42,'Chat between yen.khau and pho.thuc',2,1,'2025-10-26 10:32:32','2025-10-26 10:32:32'),(43,'Chat between que50 and viet31',2,1,'2025-10-26 10:32:32','2025-10-26 10:32:32'),(44,'Chat between ngan61 and phng.ong',2,1,'2025-10-26 10:32:32','2025-10-26 10:32:32'),(45,'Chat between mba and pho.thuc',2,1,'2025-10-26 10:32:32','2025-10-26 10:32:32'),(46,'Chat between binh74 and llam',2,1,'2025-10-26 10:32:32','2025-10-26 10:32:32'),(47,'Chat between hbe and phng.ong',2,1,'2025-10-26 10:32:32','2025-10-26 10:32:32'),(48,'Chat between xanh and dung23',2,1,'2025-10-26 10:32:32','2025-10-26 10:32:32'),(49,'Chat between giang09 and vhoa',2,1,'2025-10-26 10:32:32','2025-10-26 10:32:32'),(50,'Chat between kthap and nhiem.trc',2,1,'2025-10-26 10:32:32','2025-10-26 10:32:32'),(51,'chatbot:1:admin',3,1,'2025-10-26 13:20:59','2025-10-26 13:20:59');
/*!40000 ALTER TABLE `chat_rooms` ENABLE KEYS */;
UNLOCK TABLES;

--
-- Table structure for table `countries`
--

DROP TABLE IF EXISTS `countries`;
/*!40101 SET @saved_cs_client     = @@character_set_client */;
/*!50503 SET character_set_client = utf8mb4 */;
CREATE TABLE `countries` (
  `id` bigint(20) unsigned NOT NULL AUTO_INCREMENT,
  `name` longtext CHARACTER SET utf8mb4 COLLATE utf8mb4_bin NOT NULL CHECK (json_valid(`name`)),
  `iso_code_2` varchar(2) NOT NULL,
  `created_at` timestamp NULL DEFAULT NULL,
  `updated_at` timestamp NULL DEFAULT NULL,
  PRIMARY KEY (`id`),
  UNIQUE KEY `countries_iso_code_2_unique` (`iso_code_2`)
) ENGINE=InnoDB DEFAULT CHARSET=utf8mb4 COLLATE=utf8mb4_unicode_ci;
/*!40101 SET character_set_client = @saved_cs_client */;

--
-- Dumping data for table `countries`
--

LOCK TABLES `countries` WRITE;
/*!40000 ALTER TABLE `countries` DISABLE KEYS */;
/*!40000 ALTER TABLE `countries` ENABLE KEYS */;
UNLOCK TABLES;

--
-- Table structure for table `customer_segment_membership`
--

DROP TABLE IF EXISTS `customer_segment_membership`;
/*!40101 SET @saved_cs_client     = @@character_set_client */;
/*!50503 SET character_set_client = utf8mb4 */;
CREATE TABLE `customer_segment_membership` (
  `membership_id` bigint(20) unsigned NOT NULL AUTO_INCREMENT,
  `segment_id` bigint(20) unsigned NOT NULL,
  `customer_id` bigint(20) unsigned NOT NULL,
  `joined_at` timestamp NOT NULL DEFAULT current_timestamp(),
  PRIMARY KEY (`membership_id`),
  UNIQUE KEY `customer_segment_membership_segment_id_customer_id_unique` (`segment_id`,`customer_id`),
  KEY `customer_segment_membership_customer_id_index` (`customer_id`),
  CONSTRAINT `customer_segment_membership_customer_id_foreign` FOREIGN KEY (`customer_id`) REFERENCES `users` (`id`) ON DELETE CASCADE,
  CONSTRAINT `customer_segment_membership_segment_id_foreign` FOREIGN KEY (`segment_id`) REFERENCES `customer_segments` (`segment_id`) ON DELETE CASCADE
) ENGINE=InnoDB DEFAULT CHARSET=utf8mb4 COLLATE=utf8mb4_unicode_ci;
/*!40101 SET character_set_client = @saved_cs_client */;

--
-- Dumping data for table `customer_segment_membership`
--

LOCK TABLES `customer_segment_membership` WRITE;
/*!40000 ALTER TABLE `customer_segment_membership` DISABLE KEYS */;
/*!40000 ALTER TABLE `customer_segment_membership` ENABLE KEYS */;
UNLOCK TABLES;

--
-- Table structure for table `customer_segments`
--

DROP TABLE IF EXISTS `customer_segments`;
/*!40101 SET @saved_cs_client     = @@character_set_client */;
/*!50503 SET character_set_client = utf8mb4 */;
CREATE TABLE `customer_segments` (
  `segment_id` bigint(20) unsigned NOT NULL AUTO_INCREMENT,
  `name` varchar(255) NOT NULL,
  `description` text DEFAULT NULL,
  `rules` longtext CHARACTER SET utf8mb4 COLLATE utf8mb4_bin NOT NULL CHECK (json_valid(`rules`)),
  `customer_count` int(10) unsigned NOT NULL DEFAULT 0,
  `is_active` tinyint(1) NOT NULL DEFAULT 1,
  `created_at` timestamp NULL DEFAULT NULL,
  `updated_at` timestamp NULL DEFAULT NULL,
  PRIMARY KEY (`segment_id`),
  KEY `customer_segments_is_active_customer_count_index` (`is_active`,`customer_count`)
) ENGINE=InnoDB DEFAULT CHARSET=utf8mb4 COLLATE=utf8mb4_unicode_ci;
/*!40101 SET character_set_client = @saved_cs_client */;

--
-- Dumping data for table `customer_segments`
--

LOCK TABLES `customer_segments` WRITE;
/*!40000 ALTER TABLE `customer_segments` DISABLE KEYS */;
/*!40000 ALTER TABLE `customer_segments` ENABLE KEYS */;
UNLOCK TABLES;

--
-- Table structure for table `dispute_messages`
--

DROP TABLE IF EXISTS `dispute_messages`;
/*!40101 SET @saved_cs_client     = @@character_set_client */;
/*!50503 SET character_set_client = utf8mb4 */;
CREATE TABLE `dispute_messages` (
  `dispute_message_id` bigint(20) unsigned NOT NULL AUTO_INCREMENT,
  `dispute_id` bigint(20) unsigned NOT NULL,
  `sender_id` bigint(20) unsigned NOT NULL,
  `content` text NOT NULL,
  `attachment_url` varchar(500) DEFAULT NULL,
  `is_admin_message` tinyint(1) NOT NULL DEFAULT 0,
  `created_at` timestamp NULL DEFAULT NULL,
  `updated_at` timestamp NULL DEFAULT NULL,
  PRIMARY KEY (`dispute_message_id`),
  KEY `dispute_messages_dispute_id_foreign` (`dispute_id`),
  KEY `dispute_messages_sender_id_foreign` (`sender_id`),
  CONSTRAINT `dispute_messages_dispute_id_foreign` FOREIGN KEY (`dispute_id`) REFERENCES `disputes` (`dispute_id`) ON DELETE CASCADE,
  CONSTRAINT `dispute_messages_sender_id_foreign` FOREIGN KEY (`sender_id`) REFERENCES `users` (`id`)
) ENGINE=InnoDB AUTO_INCREMENT=31 DEFAULT CHARSET=utf8mb4 COLLATE=utf8mb4_unicode_ci;
/*!40101 SET character_set_client = @saved_cs_client */;

--
-- Dumping data for table `dispute_messages`
--

LOCK TABLES `dispute_messages` WRITE;
/*!40000 ALTER TABLE `dispute_messages` DISABLE KEYS */;
INSERT INTO `dispute_messages` VALUES (1,1,22,'Tôi muốn khiếu nại về chất lượng sản phẩm trong đơn hàng này.',NULL,0,'2025-10-26 10:32:32','2025-10-26 10:32:32'),(2,2,26,'Tôi muốn khiếu nại về chất lượng sản phẩm trong đơn hàng này.',NULL,0,'2025-10-26 10:32:32','2025-10-26 10:32:32'),(3,3,26,'Tôi muốn khiếu nại về chất lượng sản phẩm trong đơn hàng này.',NULL,0,'2025-10-26 10:32:32','2025-10-26 10:32:32'),(4,4,27,'Tôi muốn khiếu nại về chất lượng sản phẩm trong đơn hàng này.',NULL,0,'2025-10-26 10:32:32','2025-10-26 10:32:32'),(5,5,36,'Tôi muốn khiếu nại về chất lượng sản phẩm trong đơn hàng này.',NULL,0,'2025-10-26 10:32:32','2025-10-26 10:32:32'),(6,6,43,'Tôi muốn khiếu nại về chất lượng sản phẩm trong đơn hàng này.',NULL,0,'2025-10-26 10:32:32','2025-10-26 10:32:32'),(7,7,45,'Tôi muốn khiếu nại về chất lượng sản phẩm trong đơn hàng này.',NULL,0,'2025-10-26 10:32:32','2025-10-26 10:32:32'),(8,8,48,'Tôi muốn khiếu nại về chất lượng sản phẩm trong đơn hàng này.',NULL,0,'2025-10-26 10:32:32','2025-10-26 10:32:32'),(9,9,52,'Tôi muốn khiếu nại về chất lượng sản phẩm trong đơn hàng này.',NULL,0,'2025-10-26 10:32:32','2025-10-26 10:32:32'),(10,10,52,'Tôi muốn khiếu nại về chất lượng sản phẩm trong đơn hàng này.',NULL,0,'2025-10-26 10:32:32','2025-10-26 10:32:32'),(11,11,59,'Tôi muốn khiếu nại về chất lượng sản phẩm trong đơn hàng này.',NULL,0,'2025-10-26 10:32:32','2025-10-26 10:32:32'),(12,12,63,'Tôi muốn khiếu nại về chất lượng sản phẩm trong đơn hàng này.',NULL,0,'2025-10-26 10:32:32','2025-10-26 10:32:32'),(13,13,70,'Tôi muốn khiếu nại về chất lượng sản phẩm trong đơn hàng này.',NULL,0,'2025-10-26 10:32:32','2025-10-26 10:32:32'),(14,14,70,'Tôi muốn khiếu nại về chất lượng sản phẩm trong đơn hàng này.',NULL,0,'2025-10-26 10:32:32','2025-10-26 10:32:32'),(15,15,71,'Tôi muốn khiếu nại về chất lượng sản phẩm trong đơn hàng này.',NULL,0,'2025-10-26 10:32:32','2025-10-26 10:32:32'),(16,16,72,'Tôi muốn khiếu nại về chất lượng sản phẩm trong đơn hàng này.',NULL,0,'2025-10-26 10:32:32','2025-10-26 10:32:32'),(17,17,75,'Tôi muốn khiếu nại về chất lượng sản phẩm trong đơn hàng này.',NULL,0,'2025-10-26 10:32:32','2025-10-26 10:32:32'),(18,18,76,'Tôi muốn khiếu nại về chất lượng sản phẩm trong đơn hàng này.',NULL,0,'2025-10-26 10:32:32','2025-10-26 10:32:32'),(19,19,77,'Tôi muốn khiếu nại về chất lượng sản phẩm trong đơn hàng này.',NULL,0,'2025-10-26 10:32:32','2025-10-26 10:32:32'),(20,20,80,'Tôi muốn khiếu nại về chất lượng sản phẩm trong đơn hàng này.',NULL,0,'2025-10-26 10:32:32','2025-10-26 10:32:32'),(21,21,82,'Tôi muốn khiếu nại về chất lượng sản phẩm trong đơn hàng này.',NULL,0,'2025-10-26 10:32:32','2025-10-26 10:32:32'),(22,22,83,'Tôi muốn khiếu nại về chất lượng sản phẩm trong đơn hàng này.',NULL,0,'2025-10-26 10:32:32','2025-10-26 10:32:32'),(23,23,87,'Tôi muốn khiếu nại về chất lượng sản phẩm trong đơn hàng này.',NULL,0,'2025-10-26 10:32:32','2025-10-26 10:32:32'),(24,24,89,'Tôi muốn khiếu nại về chất lượng sản phẩm trong đơn hàng này.',NULL,0,'2025-10-26 10:32:32','2025-10-26 10:32:32'),(25,25,89,'Tôi muốn khiếu nại về chất lượng sản phẩm trong đơn hàng này.',NULL,0,'2025-10-26 10:32:32','2025-10-26 10:32:32'),(26,26,97,'Tôi muốn khiếu nại về chất lượng sản phẩm trong đơn hàng này.',NULL,0,'2025-10-26 10:32:32','2025-10-26 10:32:32'),(27,27,100,'Tôi muốn khiếu nại về chất lượng sản phẩm trong đơn hàng này.',NULL,0,'2025-10-26 10:32:32','2025-10-26 10:32:32'),(28,28,102,'Tôi muốn khiếu nại về chất lượng sản phẩm trong đơn hàng này.',NULL,0,'2025-10-26 10:32:32','2025-10-26 10:32:32'),(29,29,109,'Tôi muốn khiếu nại về chất lượng sản phẩm trong đơn hàng này.',NULL,0,'2025-10-26 10:32:32','2025-10-26 10:32:32'),(30,30,115,'Tôi muốn khiếu nại về chất lượng sản phẩm trong đơn hàng này.',NULL,0,'2025-10-26 10:32:32','2025-10-26 10:32:32');
/*!40000 ALTER TABLE `dispute_messages` ENABLE KEYS */;
UNLOCK TABLES;

--
-- Table structure for table `disputes`
--

DROP TABLE IF EXISTS `disputes`;
/*!40101 SET @saved_cs_client     = @@character_set_client */;
/*!50503 SET character_set_client = utf8mb4 */;
CREATE TABLE `disputes` (
  `dispute_id` bigint(20) unsigned NOT NULL AUTO_INCREMENT,
  `order_id` bigint(20) unsigned NOT NULL,
  `customer_id` bigint(20) unsigned NOT NULL,
  `seller_id` bigint(20) unsigned NOT NULL,
  `subject` varchar(200) NOT NULL,
  `description` text NOT NULL,
  `status` enum('open','under_review','resolved','closed') NOT NULL DEFAULT 'open' COMMENT 'Dispute status using ENUM values',
  `type` tinyint(4) NOT NULL COMMENT '1: Item not received, 2: Item not as described, 3: Other',
  `assigned_admin_id` bigint(20) unsigned DEFAULT NULL,
  `resolution` text DEFAULT NULL,
  `resolved_at` timestamp NULL DEFAULT NULL,
  `created_at` timestamp NULL DEFAULT NULL,
  `updated_at` timestamp NULL DEFAULT NULL,
  PRIMARY KEY (`dispute_id`),
  KEY `disputes_order_id_foreign` (`order_id`),
  KEY `disputes_customer_id_foreign` (`customer_id`),
  KEY `disputes_seller_id_foreign` (`seller_id`),
  KEY `disputes_assigned_admin_id_foreign` (`assigned_admin_id`),
  CONSTRAINT `disputes_assigned_admin_id_foreign` FOREIGN KEY (`assigned_admin_id`) REFERENCES `users` (`id`) ON DELETE SET NULL,
  CONSTRAINT `disputes_customer_id_foreign` FOREIGN KEY (`customer_id`) REFERENCES `users` (`id`),
  CONSTRAINT `disputes_order_id_foreign` FOREIGN KEY (`order_id`) REFERENCES `orders` (`order_id`),
  CONSTRAINT `disputes_seller_id_foreign` FOREIGN KEY (`seller_id`) REFERENCES `users` (`id`)
) ENGINE=InnoDB AUTO_INCREMENT=31 DEFAULT CHARSET=utf8mb4 COLLATE=utf8mb4_unicode_ci;
/*!40101 SET character_set_client = @saved_cs_client */;

--
-- Dumping data for table `disputes`
--

LOCK TABLES `disputes` WRITE;
/*!40000 ALTER TABLE `disputes` DISABLE KEYS */;
INSERT INTO `disputes` VALUES (1,2,22,3,'Khiếu nại về đơn hàng ORD-4787486','Ad consectetur quia exercitationem enim. Tempora eaque et ut et et. Iste fugit harum sunt perspiciatis sit minima ut. Sed laboriosam eius nesciunt soluta dolorem.','under_review',3,1,NULL,NULL,'2025-10-26 10:32:32','2025-10-26 10:32:32'),(2,10,26,15,'Khiếu nại về đơn hàng ORD-68313194','Quod ipsam voluptate quam deserunt ipsum eum quibusdam. Et veniam quas quasi. Aut rerum iure quos qui in ut error quas.','open',3,1,NULL,NULL,'2025-10-26 10:32:32','2025-10-26 10:32:32'),(3,11,26,14,'Khiếu nại về đơn hàng ORD-58326164','Officia voluptatibus quia maiores unde. Et inventore unde similique voluptatibus a. Quo eum voluptatum et enim sapiente. Consequatur modi impedit in ea vel pariatur.','resolved',3,1,NULL,NULL,'2025-10-26 10:32:32','2025-10-26 10:32:32'),(4,12,27,3,'Khiếu nại về đơn hàng ORD-1243896','Nobis dignissimos sed laboriosam iste ipsam ut. Vero dicta minima et pariatur. Sunt iure quod aut culpa. Odio odio et laboriosam dolore voluptatibus vel.','open',3,1,NULL,NULL,'2025-10-26 10:32:32','2025-10-26 10:32:32'),(5,44,36,13,'Khiếu nại về đơn hàng ORD-49696237','Qui aut voluptatem voluptate assumenda. Sequi quia fuga unde mollitia quia. Error eius quia exercitationem eum. Dolorem et accusantium sint ad.','resolved',3,1,NULL,NULL,'2025-10-26 10:32:32','2025-10-26 10:32:32'),(6,72,43,13,'Khiếu nại về đơn hàng ORD-83498780','Corporis quaerat eius laborum fugit. Voluptas soluta id quisquam vel rerum repudiandae. Rerum incidunt voluptatem saepe illum dicta at beatae. Dolore beatae quia ullam asperiores.','under_review',1,1,NULL,NULL,'2025-10-26 10:32:32','2025-10-26 10:32:32'),(7,78,45,10,'Khiếu nại về đơn hàng ORD-36527815','Iure ut adipisci necessitatibus officia necessitatibus. Ut enim eum sunt officiis at nemo qui est. Deserunt nam dolores magni atque fuga.','under_review',1,1,NULL,NULL,'2025-10-26 10:32:32','2025-10-26 10:32:32'),(8,88,48,11,'Khiếu nại về đơn hàng ORD-44251221','Doloribus quos repudiandae dolorum iste dolor hic. Labore qui dignissimos rem et occaecati. Est aperiam et qui cumque ab. Quod aut explicabo est ratione ipsum veniam et.','closed',3,1,NULL,NULL,'2025-10-26 10:32:32','2025-10-26 10:32:32'),(9,98,52,11,'Khiếu nại về đơn hàng ORD-774167','Ducimus officiis corporis fugiat reiciendis. Voluptatem cumque expedita debitis eos.','closed',3,1,NULL,NULL,'2025-10-26 10:32:32','2025-10-26 10:32:32'),(10,100,52,10,'Khiếu nại về đơn hàng ORD-67396738','Omnis voluptate non debitis voluptatem illo inventore. Ipsam qui officia quia quibusdam minus iure. Facilis at fugiat beatae cumque. Quos tempore ducimus porro nostrum explicabo adipisci amet.','open',1,1,NULL,NULL,'2025-10-26 10:32:32','2025-10-26 10:32:32'),(11,119,59,3,'Khiếu nại về đơn hàng ORD-17907073','Corporis et rerum ut repellat culpa voluptatibus. Aliquam maxime sed qui quia aut et. A voluptate porro excepturi ut.','resolved',3,1,NULL,NULL,'2025-10-26 10:32:32','2025-10-26 10:32:32'),(12,129,63,13,'Khiếu nại về đơn hàng ORD-13247959','Exercitationem sapiente veniam rerum veniam inventore consequatur voluptatum animi. Et nihil accusantium quos quasi maiores voluptatum.','open',1,1,NULL,NULL,'2025-10-26 10:32:32','2025-10-26 10:32:32'),(13,150,70,10,'Khiếu nại về đơn hàng ORD-71949876','Voluptatibus repudiandae rerum in voluptas eligendi corrupti. Deleniti ex mollitia est exercitationem eum repellendus corporis. Saepe repellat quis iste aperiam aperiam quas non.','resolved',2,1,NULL,NULL,'2025-10-26 10:32:32','2025-10-26 10:32:32'),(14,151,70,3,'Khiếu nại về đơn hàng ORD-87028282','Quod eum sunt ut aut quo voluptatem natus optio. Asperiores placeat dolore eum repellendus dolorem dolore. Sit aut eaque rerum molestias excepturi.','resolved',3,1,NULL,NULL,'2025-10-26 10:32:32','2025-10-26 10:32:32'),(15,157,71,20,'Khiếu nại về đơn hàng ORD-77658030','Sint omnis reprehenderit veritatis consequuntur. Tempore suscipit magni magni maxime eos enim dolore. Enim ipsam dolorem et aut repellat autem sed exercitationem. Reiciendis ipsam et aperiam odio sint nihil harum maiores.','open',1,1,NULL,NULL,'2025-10-26 10:32:32','2025-10-26 10:32:32'),(16,160,72,11,'Khiếu nại về đơn hàng ORD-86228846','Id qui sit veritatis possimus et veniam voluptatum ut. Quidem consectetur cumque architecto optio voluptatem eos natus. Dolorem sit accusamus dolor sunt et est et.','closed',2,1,NULL,NULL,'2025-10-26 10:32:32','2025-10-26 10:32:32'),(17,168,75,10,'Khiếu nại về đơn hàng ORD-24302030','Recusandae nostrum blanditiis ab nostrum cum culpa. Itaque voluptas ut deleniti non tempora sit culpa. Rerum minus quo nisi rem. Repudiandae facilis quaerat fuga et occaecati.','open',3,1,NULL,NULL,'2025-10-26 10:32:32','2025-10-26 10:32:32'),(18,173,76,19,'Khiếu nại về đơn hàng ORD-65504671','Ipsum dolores ut sit qui ducimus voluptatem. Deserunt sint earum ut cumque aut. Iure fuga ad nostrum placeat architecto quam accusantium. Eos et atque quis voluptatem. Laudantium reiciendis facilis sed delectus omnis.','under_review',3,1,NULL,NULL,'2025-10-26 10:32:32','2025-10-26 10:32:32'),(19,175,77,4,'Khiếu nại về đơn hàng ORD-67292763','Id qui quis voluptatum eius magnam. Error voluptatibus sunt itaque modi tenetur quos. Natus error suscipit voluptatem. Repudiandae a aut sapiente alias.','resolved',3,1,NULL,NULL,'2025-10-26 10:32:32','2025-10-26 10:32:32'),(20,183,80,5,'Khiếu nại về đơn hàng ORD-91037057','Quia autem velit quis. Nobis vel unde ipsum qui maiores numquam. Illo doloribus ut est dignissimos saepe neque voluptas ut.','under_review',1,1,NULL,NULL,'2025-10-26 10:32:32','2025-10-26 10:32:32'),(21,189,82,21,'Khiếu nại về đơn hàng ORD-81490299','Voluptatem qui dolorem consectetur numquam voluptatum quasi. Possimus ut a debitis est. Voluptatem ad officia mollitia veniam cumque minima. Sed sit consequuntur qui magni autem laborum.','open',1,1,NULL,NULL,'2025-10-26 10:32:32','2025-10-26 10:32:32'),(22,190,83,16,'Khiếu nại về đơn hàng ORD-74020252','Alias alias qui temporibus velit eveniet animi. Eum est ex adipisci. Doloremque aut dolorem quaerat eos soluta voluptas ipsa.','open',3,1,NULL,NULL,'2025-10-26 10:32:32','2025-10-26 10:32:32'),(23,205,87,13,'Khiếu nại về đơn hàng ORD-58649622','Iure sit quia et dolor. Hic doloribus omnis harum veritatis nisi perspiciatis hic. Et alias praesentium eligendi explicabo fuga voluptate consectetur.','closed',2,1,NULL,NULL,'2025-10-26 10:32:32','2025-10-26 10:32:32'),(24,208,89,8,'Khiếu nại về đơn hàng ORD-54105636','Vel ut cupiditate nesciunt in et illo. Id voluptatem est aut ut suscipit. Voluptas sint animi distinctio harum sit. Cupiditate et est ea ex provident quibusdam.','under_review',1,1,NULL,NULL,'2025-10-26 10:32:32','2025-10-26 10:32:32'),(25,212,89,13,'Khiếu nại về đơn hàng ORD-48171572','Minima et qui provident nihil animi beatae qui. Soluta eius molestias error est eos dolore natus. Est accusantium quidem eius omnis et consequatur. Nisi consequuntur doloribus voluptatibus id.','under_review',1,1,NULL,NULL,'2025-10-26 10:32:32','2025-10-26 10:32:32'),(26,232,97,6,'Khiếu nại về đơn hàng ORD-22538117','Fuga ea voluptas atque et ratione enim. Cupiditate in iusto vel voluptates quaerat. Corrupti praesentium corrupti in voluptatum cum eius. Occaecati vero porro sunt possimus et dolore ea facilis.','resolved',3,1,NULL,NULL,'2025-10-26 10:32:32','2025-10-26 10:32:32'),(27,239,100,13,'Khiếu nại về đơn hàng ORD-3014586','Deleniti excepturi commodi totam ab id esse. Sint et dolor aspernatur rerum quas eum architecto. Illum qui ut maxime quia.','open',1,1,NULL,NULL,'2025-10-26 10:32:32','2025-10-26 10:32:32'),(28,243,102,5,'Khiếu nại về đơn hàng ORD-44743669','Et architecto ut vel facere amet incidunt. Consequuntur ex esse ut rerum delectus laudantium accusantium. Totam et ut excepturi omnis eveniet et qui.','closed',1,1,NULL,NULL,'2025-10-26 10:32:32','2025-10-26 10:32:32'),(29,268,109,15,'Khiếu nại về đơn hàng ORD-72798445','Rem necessitatibus ratione et. Eum asperiores aut tempora in voluptates. Et velit dolores voluptatibus impedit assumenda et sit. Et eum dolore sit qui vero totam similique.','open',3,1,NULL,NULL,'2025-10-26 10:32:32','2025-10-26 10:32:32'),(30,287,115,17,'Khiếu nại về đơn hàng ORD-93822904','Debitis maiores quae tempora sed harum. Ut consequatur dignissimos vitae et vel molestiae. In voluptatem eos assumenda consectetur similique. Accusantium vel dignissimos deleniti praesentium.','resolved',2,1,NULL,NULL,'2025-10-26 10:32:32','2025-10-26 10:32:32');
/*!40000 ALTER TABLE `disputes` ENABLE KEYS */;
UNLOCK TABLES;

--
-- Table structure for table `failed_jobs`
--

DROP TABLE IF EXISTS `failed_jobs`;
/*!40101 SET @saved_cs_client     = @@character_set_client */;
/*!50503 SET character_set_client = utf8mb4 */;
CREATE TABLE `failed_jobs` (
  `id` bigint(20) unsigned NOT NULL AUTO_INCREMENT,
  `uuid` varchar(255) NOT NULL,
  `connection` text NOT NULL,
  `queue` text NOT NULL,
  `payload` longtext NOT NULL,
  `exception` longtext NOT NULL,
  `failed_at` timestamp NOT NULL DEFAULT current_timestamp(),
  PRIMARY KEY (`id`),
  UNIQUE KEY `failed_jobs_uuid_unique` (`uuid`)
) ENGINE=InnoDB DEFAULT CHARSET=utf8mb4 COLLATE=utf8mb4_unicode_ci;
/*!40101 SET character_set_client = @saved_cs_client */;

--
-- Dumping data for table `failed_jobs`
--

LOCK TABLES `failed_jobs` WRITE;
/*!40000 ALTER TABLE `failed_jobs` DISABLE KEYS */;
/*!40000 ALTER TABLE `failed_jobs` ENABLE KEYS */;
UNLOCK TABLES;

--
-- Table structure for table `flash_sale_events`
--

DROP TABLE IF EXISTS `flash_sale_events`;
/*!40101 SET @saved_cs_client     = @@character_set_client */;
/*!50503 SET character_set_client = utf8mb4 */;
CREATE TABLE `flash_sale_events` (
  `id` bigint(20) unsigned NOT NULL AUTO_INCREMENT,
  `name` varchar(255) NOT NULL COMMENT 'Tên sự kiện Flash Sale',
  `start_time` timestamp NULL DEFAULT NULL COMMENT 'Thời gian bắt đầu sự kiện',
  `end_time` timestamp NULL DEFAULT NULL COMMENT 'Thời gian kết thúc sự kiện',
  `status` enum('scheduled','active','ended','cancelled') NOT NULL DEFAULT 'scheduled' COMMENT 'Trạng thái sự kiện: scheduled, active, ended, cancelled',
  `description` text DEFAULT NULL COMMENT 'Mô tả sự kiện',
  `banner_image` varchar(500) DEFAULT NULL COMMENT 'Ảnh banner sự kiện',
  `metadata` longtext CHARACTER SET utf8mb4 COLLATE utf8mb4_bin DEFAULT NULL COMMENT 'Dữ liệu bổ sung (JSON)' CHECK (json_valid(`metadata`)),
  `created_at` timestamp NULL DEFAULT NULL,
  `updated_at` timestamp NULL DEFAULT NULL,
  PRIMARY KEY (`id`),
  KEY `flash_sale_events_status_time_index` (`status`,`start_time`,`end_time`),
  KEY `flash_sale_events_time_index` (`start_time`,`end_time`)
) ENGINE=InnoDB DEFAULT CHARSET=utf8mb4 COLLATE=utf8mb4_unicode_ci;
/*!40101 SET character_set_client = @saved_cs_client */;

--
-- Dumping data for table `flash_sale_events`
--

LOCK TABLES `flash_sale_events` WRITE;
/*!40000 ALTER TABLE `flash_sale_events` DISABLE KEYS */;
/*!40000 ALTER TABLE `flash_sale_events` ENABLE KEYS */;
UNLOCK TABLES;

--
-- Table structure for table `flash_sale_products`
--

DROP TABLE IF EXISTS `flash_sale_products`;
/*!40101 SET @saved_cs_client     = @@character_set_client */;
/*!50503 SET character_set_client = utf8mb4 */;
CREATE TABLE `flash_sale_products` (
  `id` bigint(20) unsigned NOT NULL AUTO_INCREMENT,
  `flash_sale_event_id` bigint(20) unsigned NOT NULL,
  `product_variant_id` bigint(20) unsigned NOT NULL,
  `flash_sale_price` decimal(15,2) NOT NULL COMMENT 'Giá Flash Sale của sản phẩm',
  `quantity_limit` int(11) NOT NULL DEFAULT 0 COMMENT 'Số lượng giới hạn cho Flash Sale',
  `sold_count` int(11) NOT NULL DEFAULT 0 COMMENT 'Số lượng đã bán trong Flash Sale',
  `discount_percentage` decimal(5,2) DEFAULT NULL COMMENT 'Phần trăm giảm giá so với giá gốc',
  `max_quantity_per_user` int(11) NOT NULL DEFAULT 1 COMMENT 'Số lượng tối đa mỗi người dùng có thể mua',
  `metadata` longtext CHARACTER SET utf8mb4 COLLATE utf8mb4_bin DEFAULT NULL COMMENT 'Dữ liệu bổ sung (JSON)' CHECK (json_valid(`metadata`)),
  `created_at` timestamp NULL DEFAULT NULL,
  `updated_at` timestamp NULL DEFAULT NULL,
  PRIMARY KEY (`id`),
  UNIQUE KEY `flash_sale_event_product_unique` (`flash_sale_event_id`,`product_variant_id`),
  KEY `flash_sale_products_event_sold_index` (`flash_sale_event_id`,`sold_count`),
  KEY `flash_sale_products_variant_index` (`product_variant_id`),
  KEY `flash_sale_products_price_index` (`flash_sale_price`),
  CONSTRAINT `flash_sale_products_flash_sale_event_id_foreign` FOREIGN KEY (`flash_sale_event_id`) REFERENCES `flash_sale_events` (`id`) ON DELETE CASCADE,
  CONSTRAINT `flash_sale_products_product_variant_id_foreign` FOREIGN KEY (`product_variant_id`) REFERENCES `product_variants` (`variant_id`) ON DELETE CASCADE
) ENGINE=InnoDB DEFAULT CHARSET=utf8mb4 COLLATE=utf8mb4_unicode_ci;
/*!40101 SET character_set_client = @saved_cs_client */;

--
-- Dumping data for table `flash_sale_products`
--

LOCK TABLES `flash_sale_products` WRITE;
/*!40000 ALTER TABLE `flash_sale_products` DISABLE KEYS */;
/*!40000 ALTER TABLE `flash_sale_products` ENABLE KEYS */;
UNLOCK TABLES;

--
-- Table structure for table `hubs`
--

DROP TABLE IF EXISTS `hubs`;
/*!40101 SET @saved_cs_client     = @@character_set_client */;
/*!50503 SET character_set_client = utf8mb4 */;
CREATE TABLE `hubs` (
  `id` bigint(20) unsigned NOT NULL AUTO_INCREMENT,
  `name` varchar(255) NOT NULL,
  `address` text NOT NULL,
  `ward_id` bigint(20) unsigned DEFAULT NULL,
  `latitude` decimal(10,8) DEFAULT NULL,
  `longitude` decimal(11,8) DEFAULT NULL,
  `created_at` timestamp NULL DEFAULT NULL,
  `updated_at` timestamp NULL DEFAULT NULL,
  PRIMARY KEY (`id`),
  KEY `hubs_ward_id_foreign` (`ward_id`),
  CONSTRAINT `hubs_ward_id_foreign` FOREIGN KEY (`ward_id`) REFERENCES `administrative_divisions` (`id`)
) ENGINE=InnoDB DEFAULT CHARSET=utf8mb4 COLLATE=utf8mb4_unicode_ci;
/*!40101 SET character_set_client = @saved_cs_client */;

--
-- Dumping data for table `hubs`
--

LOCK TABLES `hubs` WRITE;
/*!40000 ALTER TABLE `hubs` DISABLE KEYS */;
/*!40000 ALTER TABLE `hubs` ENABLE KEYS */;
UNLOCK TABLES;

--
-- Table structure for table `international_addresses`
--

DROP TABLE IF EXISTS `international_addresses`;
/*!40101 SET @saved_cs_client     = @@character_set_client */;
/*!50503 SET character_set_client = utf8mb4 */;
CREATE TABLE `international_addresses` (
  `id` bigint(20) unsigned NOT NULL AUTO_INCREMENT,
  `addressable_type` varchar(255) NOT NULL,
  `addressable_id` bigint(20) unsigned NOT NULL,
  `type` enum('billing','shipping','pickup','default') NOT NULL DEFAULT 'shipping',
  `first_name` varchar(100) NOT NULL,
  `last_name` varchar(100) NOT NULL,
  `company` varchar(150) DEFAULT NULL,
  `phone` varchar(20) DEFAULT NULL,
  `email` varchar(150) DEFAULT NULL,
  `address_line_1` varchar(200) NOT NULL,
  `address_line_2` varchar(200) DEFAULT NULL,
  `address_line_3` varchar(200) DEFAULT NULL,
  `locality` varchar(100) NOT NULL,
  `administrative_area` varchar(100) DEFAULT NULL,
  `sub_administrative_area` varchar(100) DEFAULT NULL,
  `postal_code` varchar(20) DEFAULT NULL,
  `country_code` char(2) NOT NULL,
  `country_name` varchar(100) NOT NULL,
  `latitude` decimal(10,8) DEFAULT NULL,
  `longitude` decimal(11,8) DEFAULT NULL,
  `validation_result` longtext CHARACTER SET utf8mb4 COLLATE utf8mb4_bin DEFAULT NULL CHECK (json_valid(`validation_result`)),
  `formatted_address` varchar(500) DEFAULT NULL,
  `is_verified` tinyint(1) NOT NULL DEFAULT 0,
  `is_default` tinyint(1) NOT NULL DEFAULT 0,
  `timezone` varchar(50) DEFAULT NULL,
  `metadata` longtext CHARACTER SET utf8mb4 COLLATE utf8mb4_bin DEFAULT NULL CHECK (json_valid(`metadata`)),
  `created_at` timestamp NULL DEFAULT NULL,
  `updated_at` timestamp NULL DEFAULT NULL,
  PRIMARY KEY (`id`),
  KEY `international_addresses_addressable_type_addressable_id_index` (`addressable_type`,`addressable_id`),
  KEY `international_addresses_country_code_administrative_area_index` (`country_code`,`administrative_area`),
  KEY `international_addresses_postal_code_country_code_index` (`postal_code`,`country_code`),
  KEY `international_addresses_is_default_type_index` (`is_default`,`type`),
  KEY `international_addresses_latitude_longitude_index` (`latitude`,`longitude`)
) ENGINE=InnoDB DEFAULT CHARSET=utf8mb4 COLLATE=utf8mb4_unicode_ci;
/*!40101 SET character_set_client = @saved_cs_client */;

--
-- Dumping data for table `international_addresses`
--

LOCK TABLES `international_addresses` WRITE;
/*!40000 ALTER TABLE `international_addresses` DISABLE KEYS */;
/*!40000 ALTER TABLE `international_addresses` ENABLE KEYS */;
UNLOCK TABLES;

--
-- Table structure for table `inventory_logs`
--

DROP TABLE IF EXISTS `inventory_logs`;
/*!40101 SET @saved_cs_client     = @@character_set_client */;
/*!50503 SET character_set_client = utf8mb4 */;
CREATE TABLE `inventory_logs` (
  `id` bigint(20) unsigned NOT NULL AUTO_INCREMENT,
  `variant_id` bigint(20) unsigned NOT NULL,
  `quantity_change` int(11) NOT NULL,
  `reason` varchar(255) NOT NULL,
  `order_id` bigint(20) unsigned DEFAULT NULL,
  `user_id` bigint(20) unsigned DEFAULT NULL,
  `created_at` timestamp NULL DEFAULT NULL,
  `updated_at` timestamp NULL DEFAULT NULL,
  `deleted_at` timestamp NULL DEFAULT NULL,
  PRIMARY KEY (`id`),
  KEY `inventory_logs_order_id_foreign` (`order_id`),
  KEY `inventory_logs_user_id_foreign` (`user_id`),
  KEY `inventory_logs_variant_id_created_at_index` (`variant_id`,`created_at`),
  CONSTRAINT `inventory_logs_order_id_foreign` FOREIGN KEY (`order_id`) REFERENCES `orders` (`order_id`) ON DELETE SET NULL,
  CONSTRAINT `inventory_logs_user_id_foreign` FOREIGN KEY (`user_id`) REFERENCES `users` (`id`) ON DELETE SET NULL,
  CONSTRAINT `inventory_logs_variant_id_foreign` FOREIGN KEY (`variant_id`) REFERENCES `product_variants` (`variant_id`) ON DELETE CASCADE
) ENGINE=InnoDB AUTO_INCREMENT=3 DEFAULT CHARSET=utf8mb4 COLLATE=utf8mb4_unicode_ci;
/*!40101 SET character_set_client = @saved_cs_client */;

--
-- Dumping data for table `inventory_logs`
--

LOCK TABLES `inventory_logs` WRITE;
/*!40000 ALTER TABLE `inventory_logs` DISABLE KEYS */;
INSERT INTO `inventory_logs` VALUES (1,25,4,'Order cancellation/restock',NULL,132,'2025-10-27 02:26:06','2025-10-27 02:26:06',NULL),(2,25,4,'Order cancellation/restock',NULL,132,'2025-10-27 02:26:25','2025-10-27 02:26:25',NULL);
/*!40000 ALTER TABLE `inventory_logs` ENABLE KEYS */;
UNLOCK TABLES;

--
-- Table structure for table `job_batches`
--

DROP TABLE IF EXISTS `job_batches`;
/*!40101 SET @saved_cs_client     = @@character_set_client */;
/*!50503 SET character_set_client = utf8mb4 */;
CREATE TABLE `job_batches` (
  `id` varchar(255) NOT NULL,
  `name` varchar(255) NOT NULL,
  `total_jobs` int(11) NOT NULL,
  `pending_jobs` int(11) NOT NULL,
  `failed_jobs` int(11) NOT NULL,
  `failed_job_ids` longtext NOT NULL,
  `options` mediumtext DEFAULT NULL,
  `cancelled_at` int(11) DEFAULT NULL,
  `created_at` int(11) NOT NULL,
  `finished_at` int(11) DEFAULT NULL,
  PRIMARY KEY (`id`)
) ENGINE=InnoDB DEFAULT CHARSET=utf8mb4 COLLATE=utf8mb4_unicode_ci;
/*!40101 SET character_set_client = @saved_cs_client */;

--
-- Dumping data for table `job_batches`
--

LOCK TABLES `job_batches` WRITE;
/*!40000 ALTER TABLE `job_batches` DISABLE KEYS */;
/*!40000 ALTER TABLE `job_batches` ENABLE KEYS */;
UNLOCK TABLES;

--
-- Table structure for table `jobs`
--

DROP TABLE IF EXISTS `jobs`;
/*!40101 SET @saved_cs_client     = @@character_set_client */;
/*!50503 SET character_set_client = utf8mb4 */;
CREATE TABLE `jobs` (
  `id` bigint(20) unsigned NOT NULL AUTO_INCREMENT,
  `queue` varchar(255) NOT NULL,
  `payload` longtext NOT NULL,
  `attempts` tinyint(3) unsigned NOT NULL,
  `reserved_at` int(10) unsigned DEFAULT NULL,
  `available_at` int(10) unsigned NOT NULL,
  `created_at` int(10) unsigned NOT NULL,
  PRIMARY KEY (`id`),
  KEY `jobs_queue_index` (`queue`)
) ENGINE=InnoDB DEFAULT CHARSET=utf8mb4 COLLATE=utf8mb4_unicode_ci;
/*!40101 SET character_set_client = @saved_cs_client */;

--
-- Dumping data for table `jobs`
--

LOCK TABLES `jobs` WRITE;
/*!40000 ALTER TABLE `jobs` DISABLE KEYS */;
/*!40000 ALTER TABLE `jobs` ENABLE KEYS */;
UNLOCK TABLES;

--
-- Table structure for table `migrations`
--

DROP TABLE IF EXISTS `migrations`;
/*!40101 SET @saved_cs_client     = @@character_set_client */;
/*!50503 SET character_set_client = utf8mb4 */;
CREATE TABLE `migrations` (
  `id` int(10) unsigned NOT NULL AUTO_INCREMENT,
  `migration` varchar(255) NOT NULL,
  `batch` int(11) NOT NULL,
  PRIMARY KEY (`id`)
) ENGINE=InnoDB AUTO_INCREMENT=60 DEFAULT CHARSET=utf8mb4 COLLATE=utf8mb4_unicode_ci;
/*!40101 SET character_set_client = @saved_cs_client */;

--
-- Dumping data for table `migrations`
--

LOCK TABLES `migrations` WRITE;
/*!40000 ALTER TABLE `migrations` DISABLE KEYS */;
INSERT INTO `migrations` VALUES (1,'0001_01_01_000000_create_users_table',1),(2,'0001_01_01_000001_create_cache_table',1),(3,'0001_01_01_000002_create_jobs_table',1),(4,'2025_09_05_000003_create_base_user_and_rbac_tables',1),(5,'2025_09_05_113804_product_catalog_tables',1),(6,'2025_09_05_113854_create_product_variants_and_attributes_tables',1),(7,'2025_09_05_113915_create_order_and_cart_tables',1),(8,'2025_09_05_114543_create_promotions_tables',1),(9,'2025_09_05_114604_create_interaction_tables',1),(10,'2025_09_05_114644_create_chat_and_dispute_tables',1),(11,'2025_09_05_114705_create_operational_tables',1),(12,'2025_09_05_114733_create_user_activity_tables',1),(13,'2025_09_25_093540_create_returns_tables',1),(14,'2025_09_27_112651_add_currency_columns_to_orders_table',1),(15,'2025_09_28_093601_create_administrative_division_tables',1),(16,'2025_09_28_093638_refactor_user_addresses_table',1),(17,'2025_09_28_094552_create_shipper_and_logistics_tables',1),(18,'2025_09_28_095217_create_transactions_table',1),(19,'2025_09_30_050817_update_products_table_for_multilingual',1),(20,'2025_09_30_050852_update_categories_table_for_multilingual',1),(21,'2025_10_01_140841_make_first_last_name_nullable',1),(22,'2025_10_02_083017_add_provider_columns_to_users_table',1),(23,'2025_10_05_094941_create_analytics_reports_table',1),(24,'2025_10_05_094953_create_user_events_table',1),(25,'2025_10_05_162424_update_brands_description_to_text',1),(26,'2025_10_08_164546_update_orders_status_to_enum',1),(27,'2025_10_08_181019_update_orders_payment_status_to_enum',1),(28,'2025_10_08_182125_update_returns_status_to_enum',1),(29,'2025_10_08_182850_update_products_status_to_enum',1),(30,'2025_10_08_183016_update_disputes_status_to_enum',1),(31,'2025_10_09_155048_update_orders_status_for_logistics',1),(32,'2025_10_09_155203_create_review_media_table',1),(33,'2025_10_09_155226_create_shipper_ratings_table',1),(34,'2025_10_09_155252_update_products_table_for_inventory',1),(35,'2025_10_09_155404_create_international_addresses_table',1),(36,'2025_10_09_155436_enhance_promotions_table',1),(37,'2025_10_09_155521_create_shops_table',1),(38,'2025_10_09_155548_create_wishlists_table',1),(39,'2025_10_09_155604_create_wishlist_items_table',1),(40,'2025_10_09_155633_create_product_questions_table',1),(41,'2025_10_09_155653_create_product_answers_table',1),(42,'2025_10_09_155739_add_shop_id_to_products_table',1),(43,'2025_10_09_171739_create_flash_sale_events_table',1),(44,'2025_10_09_171921_create_flash_sale_products_table',1),(45,'2025_10_15_145455_create_inventory_logs_table',1),(46,'2025_10_18_190703_create_promotion_templates_table',1),(47,'2025_10_18_190719_create_promotion_audit_logs_table',1),(48,'2025_10_18_190744_create_promotion_performance_metrics_table',1),(49,'2025_10_18_190934_create_customer_segments_table',1),(50,'2025_10_18_190942_create_customer_segment_membership_table',1),(51,'2025_10_19_110000_add_selection_rules_to_promotions_table',1),(52,'2025_10_19_110010_create_promotion_imports_table',1),(53,'2025_10_19_120500_create_seller_promotion_wallets_and_participation_tables',1),(54,'2025_10_19_184238_create_promotion_pivot_tables',1),(55,'2025_10_19_184843_add_sku_to_products_table',1),(56,'2025_10_20_134414_add_currency_audit_to_order_items',1),(57,'2025_10_20_140840_add_webhook_fields_to_transactions_table',1),(58,'2025_10_25_120000_add_indexes_to_inventory_tables',1),(59,'2025_10_26_100000_add_chatbot_columns_to_chat_messages',1);
/*!40000 ALTER TABLE `migrations` ENABLE KEYS */;
UNLOCK TABLES;

--
-- Table structure for table `notifications`
--

DROP TABLE IF EXISTS `notifications`;
/*!40101 SET @saved_cs_client     = @@character_set_client */;
/*!50503 SET character_set_client = utf8mb4 */;
CREATE TABLE `notifications` (
  `notification_id` bigint(20) unsigned NOT NULL AUTO_INCREMENT,
  `user_id` bigint(20) unsigned NOT NULL,
  `title` varchar(200) NOT NULL,
  `content` text NOT NULL,
  `type` tinyint(4) NOT NULL COMMENT 'e.g., OrderUpdate, Promotion, System',
  `is_read` tinyint(1) NOT NULL DEFAULT 0,
  `notifiable_type` varchar(255) NOT NULL,
  `notifiable_id` bigint(20) unsigned NOT NULL,
  `action_url` varchar(500) DEFAULT NULL,
  `read_at` timestamp NULL DEFAULT NULL,
  `created_at` timestamp NULL DEFAULT NULL,
  `updated_at` timestamp NULL DEFAULT NULL,
  PRIMARY KEY (`notification_id`),
  KEY `notifications_user_id_foreign` (`user_id`),
  KEY `notifications_notifiable_type_notifiable_id_index` (`notifiable_type`,`notifiable_id`),
  CONSTRAINT `notifications_user_id_foreign` FOREIGN KEY (`user_id`) REFERENCES `users` (`id`) ON DELETE CASCADE
) ENGINE=InnoDB DEFAULT CHARSET=utf8mb4 COLLATE=utf8mb4_unicode_ci;
/*!40101 SET character_set_client = @saved_cs_client */;

--
-- Dumping data for table `notifications`
--

LOCK TABLES `notifications` WRITE;
/*!40000 ALTER TABLE `notifications` DISABLE KEYS */;
/*!40000 ALTER TABLE `notifications` ENABLE KEYS */;
UNLOCK TABLES;

--
-- Table structure for table `order_items`
--

DROP TABLE IF EXISTS `order_items`;
/*!40101 SET @saved_cs_client     = @@character_set_client */;
/*!50503 SET character_set_client = utf8mb4 */;
CREATE TABLE `order_items` (
  `order_item_id` bigint(20) unsigned NOT NULL AUTO_INCREMENT,
  `order_id` bigint(20) unsigned NOT NULL,
  `variant_id` bigint(20) unsigned NOT NULL,
  `quantity` int(11) NOT NULL,
  `unit_price` decimal(18,2) NOT NULL,
  `total_price` decimal(18,2) NOT NULL,
  `original_currency` varchar(3) NOT NULL DEFAULT 'VND',
  `original_unit_price` decimal(15,2) NOT NULL DEFAULT 0.00,
  `original_total_price` decimal(15,2) NOT NULL DEFAULT 0.00,
  `created_at` timestamp NULL DEFAULT NULL,
  `updated_at` timestamp NULL DEFAULT NULL,
  PRIMARY KEY (`order_item_id`),
  KEY `order_items_order_id_foreign` (`order_id`),
  KEY `order_items_variant_id_foreign` (`variant_id`),
  CONSTRAINT `order_items_order_id_foreign` FOREIGN KEY (`order_id`) REFERENCES `orders` (`order_id`) ON DELETE CASCADE,
  CONSTRAINT `order_items_variant_id_foreign` FOREIGN KEY (`variant_id`) REFERENCES `product_variants` (`variant_id`) ON DELETE CASCADE
) ENGINE=InnoDB AUTO_INCREMENT=703 DEFAULT CHARSET=utf8mb4 COLLATE=utf8mb4_unicode_ci;
/*!40101 SET character_set_client = @saved_cs_client */;

--
-- Dumping data for table `order_items`
--

LOCK TABLES `order_items` WRITE;
/*!40000 ALTER TABLE `order_items` DISABLE KEYS */;
INSERT INTO `order_items` VALUES (1,1,121,2,10617563.00,21235126.00,'VND',10617563.00,21235126.00,NULL,NULL),(2,2,122,3,44693437.00,134080311.00,'VND',44693437.00,134080311.00,NULL,NULL),(3,2,6,1,177792.00,177792.00,'VND',177792.00,177792.00,NULL,NULL),(4,2,31,1,20650981.00,20650981.00,'VND',20650981.00,20650981.00,NULL,NULL),(5,3,76,3,29022008.00,87066024.00,'VND',29022008.00,87066024.00,NULL,NULL),(6,3,82,1,20474341.00,20474341.00,'VND',20474341.00,20474341.00,NULL,NULL),(7,4,132,2,49010549.00,98021098.00,'VND',49010549.00,98021098.00,NULL,NULL),(8,5,78,3,25098130.00,75294390.00,'VND',25098130.00,75294390.00,NULL,NULL),(9,6,106,2,11112826.00,22225652.00,'VND',11112826.00,22225652.00,NULL,NULL),(10,7,95,2,27404989.00,54809978.00,'VND',27404989.00,54809978.00,NULL,NULL),(11,7,15,1,5627964.00,5627964.00,'VND',5627964.00,5627964.00,NULL,NULL),(12,7,26,1,2175316.00,2175316.00,'VND',2175316.00,2175316.00,NULL,NULL),(13,7,61,3,14302863.00,42908589.00,'VND',14302863.00,42908589.00,NULL,NULL),(14,8,36,1,13986829.00,13986829.00,'VND',13986829.00,13986829.00,NULL,NULL),(15,9,131,2,49149812.00,98299624.00,'VND',49149812.00,98299624.00,NULL,NULL),(16,9,117,2,15966574.00,31933148.00,'VND',15966574.00,31933148.00,NULL,NULL),(17,9,80,3,15771260.00,47313780.00,'VND',15771260.00,47313780.00,NULL,NULL),(18,10,55,2,14715722.00,29431444.00,'VND',14715722.00,29431444.00,NULL,NULL),(19,10,126,3,3317064.00,9951192.00,'VND',3317064.00,9951192.00,NULL,NULL),(20,11,85,2,26277572.00,52555144.00,'VND',26277572.00,52555144.00,NULL,NULL),(21,12,3,2,11297552.00,22595104.00,'VND',11297552.00,22595104.00,NULL,NULL),(22,12,90,3,6497053.00,19491159.00,'VND',6497053.00,19491159.00,NULL,NULL),(23,12,51,1,7605078.00,7605078.00,'VND',7605078.00,7605078.00,NULL,NULL),(24,12,48,1,30594843.00,30594843.00,'VND',30594843.00,30594843.00,NULL,NULL),(25,13,101,3,31064935.00,93194805.00,'VND',31064935.00,93194805.00,NULL,NULL),(26,14,106,2,11112826.00,22225652.00,'VND',11112826.00,22225652.00,NULL,NULL),(27,14,27,1,44028738.00,44028738.00,'VND',44028738.00,44028738.00,NULL,NULL),(28,14,87,3,30670583.00,92011749.00,'VND',30670583.00,92011749.00,NULL,NULL),(29,15,142,3,15503251.00,46509753.00,'VND',15503251.00,46509753.00,NULL,NULL),(30,16,98,1,23771097.00,23771097.00,'VND',23771097.00,23771097.00,NULL,NULL),(31,16,82,1,20474341.00,20474341.00,'VND',20474341.00,20474341.00,NULL,NULL),(32,16,126,3,3317064.00,9951192.00,'VND',3317064.00,9951192.00,NULL,NULL),(33,17,38,1,6146599.00,6146599.00,'VND',6146599.00,6146599.00,NULL,NULL),(34,17,27,2,44028738.00,88057476.00,'VND',44028738.00,88057476.00,NULL,NULL),(35,18,43,2,35193012.00,70386024.00,'VND',35193012.00,70386024.00,NULL,NULL),(36,18,1,1,19299876.00,19299876.00,'VND',19299876.00,19299876.00,NULL,NULL),(37,19,14,3,23927945.00,71783835.00,'VND',23927945.00,71783835.00,NULL,NULL),(38,19,114,1,15993927.00,15993927.00,'VND',15993927.00,15993927.00,NULL,NULL),(39,20,72,2,32282467.00,64564934.00,'VND',32282467.00,64564934.00,NULL,NULL),(40,21,109,3,31430892.00,94292676.00,'VND',31430892.00,94292676.00,NULL,NULL),(41,21,52,3,17712978.00,53138934.00,'VND',17712978.00,53138934.00,NULL,NULL),(42,21,33,2,27161439.00,54322878.00,'VND',27161439.00,54322878.00,NULL,NULL),(43,21,47,3,23619148.00,70857444.00,'VND',23619148.00,70857444.00,NULL,NULL),(44,22,90,3,6497053.00,19491159.00,'VND',6497053.00,19491159.00,NULL,NULL),(45,22,37,3,37347969.00,112043907.00,'VND',37347969.00,112043907.00,NULL,NULL),(46,22,134,3,38997685.00,116993055.00,'VND',38997685.00,116993055.00,NULL,NULL),(47,23,90,1,6497053.00,6497053.00,'VND',6497053.00,6497053.00,NULL,NULL),(48,23,110,1,32238722.00,32238722.00,'VND',32238722.00,32238722.00,NULL,NULL),(49,24,124,3,46384665.00,139153995.00,'VND',46384665.00,139153995.00,NULL,NULL),(50,24,25,2,38283135.00,76566270.00,'VND',38283135.00,76566270.00,NULL,NULL),(51,24,133,2,25060440.00,50120880.00,'VND',25060440.00,50120880.00,NULL,NULL),(52,25,50,2,39182766.00,78365532.00,'VND',39182766.00,78365532.00,NULL,NULL),(53,25,108,2,21797395.00,43594790.00,'VND',21797395.00,43594790.00,NULL,NULL),(54,26,47,1,23619148.00,23619148.00,'VND',23619148.00,23619148.00,NULL,NULL),(55,26,1,1,19299876.00,19299876.00,'VND',19299876.00,19299876.00,NULL,NULL),(56,26,80,1,15771260.00,15771260.00,'VND',15771260.00,15771260.00,NULL,NULL),(57,27,121,1,10617563.00,10617563.00,'VND',10617563.00,10617563.00,NULL,NULL),(58,27,25,3,38283135.00,114849405.00,'VND',38283135.00,114849405.00,NULL,NULL),(59,27,19,3,43930824.00,131792472.00,'VND',43930824.00,131792472.00,NULL,NULL),(60,27,22,1,48386362.00,48386362.00,'VND',48386362.00,48386362.00,NULL,NULL),(61,28,33,2,27161439.00,54322878.00,'VND',27161439.00,54322878.00,NULL,NULL),(62,29,52,2,17712978.00,35425956.00,'VND',17712978.00,35425956.00,NULL,NULL),(63,29,110,3,32238722.00,96716166.00,'VND',32238722.00,96716166.00,NULL,NULL),(64,29,108,2,21797395.00,43594790.00,'VND',21797395.00,43594790.00,NULL,NULL),(65,30,144,2,651231.00,1302462.00,'VND',651231.00,1302462.00,NULL,NULL),(66,30,72,2,32282467.00,64564934.00,'VND',32282467.00,64564934.00,NULL,NULL),(67,31,102,3,14076186.00,42228558.00,'VND',14076186.00,42228558.00,NULL,NULL),(68,31,131,3,49149812.00,147449436.00,'VND',49149812.00,147449436.00,NULL,NULL),(69,32,108,1,21797395.00,21797395.00,'VND',21797395.00,21797395.00,NULL,NULL),(70,32,112,3,5739393.00,17218179.00,'VND',5739393.00,17218179.00,NULL,NULL),(71,32,55,1,14715722.00,14715722.00,'VND',14715722.00,14715722.00,NULL,NULL),(72,33,51,1,7605078.00,7605078.00,'VND',7605078.00,7605078.00,NULL,NULL),(73,33,74,3,41680248.00,125040744.00,'VND',41680248.00,125040744.00,NULL,NULL),(74,34,102,1,14076186.00,14076186.00,'VND',14076186.00,14076186.00,NULL,NULL),(75,34,62,2,19927280.00,39854560.00,'VND',19927280.00,39854560.00,NULL,NULL),(76,34,112,2,5739393.00,11478786.00,'VND',5739393.00,11478786.00,NULL,NULL),(77,35,135,3,43213535.00,129640605.00,'VND',43213535.00,129640605.00,NULL,NULL),(78,35,124,1,46384665.00,46384665.00,'VND',46384665.00,46384665.00,NULL,NULL),(79,36,90,3,6497053.00,19491159.00,'VND',6497053.00,19491159.00,NULL,NULL),(80,36,70,2,16269812.00,32539624.00,'VND',16269812.00,32539624.00,NULL,NULL),(81,36,112,2,5739393.00,11478786.00,'VND',5739393.00,11478786.00,NULL,NULL),(82,36,100,1,36598430.00,36598430.00,'VND',36598430.00,36598430.00,NULL,NULL),(83,37,96,1,30499840.00,30499840.00,'VND',30499840.00,30499840.00,NULL,NULL),(84,37,49,3,3943056.00,11829168.00,'VND',3943056.00,11829168.00,NULL,NULL),(85,37,8,3,1333873.00,4001619.00,'VND',1333873.00,4001619.00,NULL,NULL),(86,38,108,1,21797395.00,21797395.00,'VND',21797395.00,21797395.00,NULL,NULL),(87,38,1,2,19299876.00,38599752.00,'VND',19299876.00,38599752.00,NULL,NULL),(88,39,65,3,9491838.00,28475514.00,'VND',9491838.00,28475514.00,NULL,NULL),(89,39,117,3,15966574.00,47899722.00,'VND',15966574.00,47899722.00,NULL,NULL),(90,40,121,1,10617563.00,10617563.00,'VND',10617563.00,10617563.00,NULL,NULL),(91,41,142,2,15503251.00,31006502.00,'VND',15503251.00,31006502.00,NULL,NULL),(92,42,17,1,31169845.00,31169845.00,'VND',31169845.00,31169845.00,NULL,NULL),(93,43,106,1,11112826.00,11112826.00,'VND',11112826.00,11112826.00,NULL,NULL),(94,44,12,3,27823407.00,83470221.00,'VND',27823407.00,83470221.00,NULL,NULL),(95,44,4,2,42572269.00,85144538.00,'VND',42572269.00,85144538.00,NULL,NULL),(96,45,40,2,36623427.00,73246854.00,'VND',36623427.00,73246854.00,NULL,NULL),(97,46,20,1,45129743.00,45129743.00,'VND',45129743.00,45129743.00,NULL,NULL),(98,46,130,1,39689908.00,39689908.00,'VND',39689908.00,39689908.00,NULL,NULL),(99,47,88,2,33223242.00,66446484.00,'VND',33223242.00,66446484.00,NULL,NULL),(100,47,37,3,37347969.00,112043907.00,'VND',37347969.00,112043907.00,NULL,NULL),(101,48,76,3,29022008.00,87066024.00,'VND',29022008.00,87066024.00,NULL,NULL),(102,49,12,2,27823407.00,55646814.00,'VND',27823407.00,55646814.00,NULL,NULL),(103,49,58,3,27826217.00,83478651.00,'VND',27826217.00,83478651.00,NULL,NULL),(104,49,28,2,35076762.00,70153524.00,'VND',35076762.00,70153524.00,NULL,NULL),(105,50,117,3,15966574.00,47899722.00,'VND',15966574.00,47899722.00,NULL,NULL),(106,50,128,2,11410104.00,22820208.00,'VND',11410104.00,22820208.00,NULL,NULL),(107,50,109,2,31430892.00,62861784.00,'VND',31430892.00,62861784.00,NULL,NULL),(108,51,3,3,11297552.00,33892656.00,'VND',11297552.00,33892656.00,NULL,NULL),(109,52,120,3,28834883.00,86504649.00,'VND',28834883.00,86504649.00,NULL,NULL),(110,52,77,3,8376576.00,25129728.00,'VND',8376576.00,25129728.00,NULL,NULL),(111,53,123,1,18523305.00,18523305.00,'VND',18523305.00,18523305.00,NULL,NULL),(112,54,26,2,2175316.00,4350632.00,'VND',2175316.00,4350632.00,NULL,NULL),(113,54,30,2,27094769.00,54189538.00,'VND',27094769.00,54189538.00,NULL,NULL),(114,55,108,3,21797395.00,65392185.00,'VND',21797395.00,65392185.00,NULL,NULL),(115,55,77,3,8376576.00,25129728.00,'VND',8376576.00,25129728.00,NULL,NULL),(116,55,113,3,6085750.00,18257250.00,'VND',6085750.00,18257250.00,NULL,NULL),(117,56,138,2,38725607.00,77451214.00,'VND',38725607.00,77451214.00,NULL,NULL),(118,57,8,3,1333873.00,4001619.00,'VND',1333873.00,4001619.00,NULL,NULL),(119,57,82,2,20474341.00,40948682.00,'VND',20474341.00,40948682.00,NULL,NULL),(120,58,98,3,23771097.00,71313291.00,'VND',23771097.00,71313291.00,NULL,NULL),(121,58,14,3,23927945.00,71783835.00,'VND',23927945.00,71783835.00,NULL,NULL),(122,58,14,1,23927945.00,23927945.00,'VND',23927945.00,23927945.00,NULL,NULL),(123,59,57,3,41597489.00,124792467.00,'VND',41597489.00,124792467.00,NULL,NULL),(124,59,49,2,3943056.00,7886112.00,'VND',3943056.00,7886112.00,NULL,NULL),(125,59,2,3,2735300.00,8205900.00,'VND',2735300.00,8205900.00,NULL,NULL),(126,59,114,3,15993927.00,47981781.00,'VND',15993927.00,47981781.00,NULL,NULL),(127,60,117,1,15966574.00,15966574.00,'VND',15966574.00,15966574.00,NULL,NULL),(128,60,49,3,3943056.00,11829168.00,'VND',3943056.00,11829168.00,NULL,NULL),(129,61,121,2,10617563.00,21235126.00,'VND',10617563.00,21235126.00,NULL,NULL),(130,61,114,1,15993927.00,15993927.00,'VND',15993927.00,15993927.00,NULL,NULL),(131,61,4,3,42572269.00,127716807.00,'VND',42572269.00,127716807.00,NULL,NULL),(132,62,32,1,32947141.00,32947141.00,'VND',32947141.00,32947141.00,NULL,NULL),(133,62,62,3,19927280.00,59781840.00,'VND',19927280.00,59781840.00,NULL,NULL),(134,63,53,2,48450620.00,96901240.00,'VND',48450620.00,96901240.00,NULL,NULL),(135,63,120,1,28834883.00,28834883.00,'VND',28834883.00,28834883.00,NULL,NULL),(136,64,9,1,31302989.00,31302989.00,'VND',31302989.00,31302989.00,NULL,NULL),(137,64,48,2,30594843.00,61189686.00,'VND',30594843.00,61189686.00,NULL,NULL),(138,65,97,3,27244503.00,81733509.00,'VND',27244503.00,81733509.00,NULL,NULL),(139,66,36,2,13986829.00,27973658.00,'VND',13986829.00,27973658.00,NULL,NULL),(140,66,74,1,41680248.00,41680248.00,'VND',41680248.00,41680248.00,NULL,NULL),(141,66,128,2,11410104.00,22820208.00,'VND',11410104.00,22820208.00,NULL,NULL),(142,67,140,1,3520128.00,3520128.00,'VND',3520128.00,3520128.00,NULL,NULL),(143,67,146,1,7294711.00,7294711.00,'VND',7294711.00,7294711.00,NULL,NULL),(144,68,125,1,12852271.00,12852271.00,'VND',12852271.00,12852271.00,NULL,NULL),(145,68,34,3,3583418.00,10750254.00,'VND',3583418.00,10750254.00,NULL,NULL),(146,69,129,3,9780854.00,29342562.00,'VND',9780854.00,29342562.00,NULL,NULL),(147,69,21,2,25389007.00,50778014.00,'VND',25389007.00,50778014.00,NULL,NULL),(148,69,110,2,32238722.00,64477444.00,'VND',32238722.00,64477444.00,NULL,NULL),(149,70,116,2,49128567.00,98257134.00,'VND',49128567.00,98257134.00,NULL,NULL),(150,70,131,1,49149812.00,49149812.00,'VND',49149812.00,49149812.00,NULL,NULL),(151,71,93,1,35973595.00,35973595.00,'VND',35973595.00,35973595.00,NULL,NULL),(152,71,78,2,25098130.00,50196260.00,'VND',25098130.00,50196260.00,NULL,NULL),(153,71,22,1,48386362.00,48386362.00,'VND',48386362.00,48386362.00,NULL,NULL),(154,72,95,2,27404989.00,54809978.00,'VND',27404989.00,54809978.00,NULL,NULL),(155,72,111,3,5325225.00,15975675.00,'VND',5325225.00,15975675.00,NULL,NULL),(156,72,52,2,17712978.00,35425956.00,'VND',17712978.00,35425956.00,NULL,NULL),(157,73,140,3,3520128.00,10560384.00,'VND',3520128.00,10560384.00,NULL,NULL),(158,73,28,3,35076762.00,105230286.00,'VND',35076762.00,105230286.00,NULL,NULL),(159,74,66,3,25807105.00,77421315.00,'VND',25807105.00,77421315.00,NULL,NULL),(160,75,109,2,31430892.00,62861784.00,'VND',31430892.00,62861784.00,NULL,NULL),(161,75,120,1,28834883.00,28834883.00,'VND',28834883.00,28834883.00,NULL,NULL),(162,76,113,3,6085750.00,18257250.00,'VND',6085750.00,18257250.00,NULL,NULL),(163,77,83,3,42175739.00,126527217.00,'VND',42175739.00,126527217.00,NULL,NULL),(164,78,36,3,13986829.00,41960487.00,'VND',13986829.00,41960487.00,NULL,NULL),(165,78,14,2,23927945.00,47855890.00,'VND',23927945.00,47855890.00,NULL,NULL),(166,78,2,1,2735300.00,2735300.00,'VND',2735300.00,2735300.00,NULL,NULL),(167,79,68,1,8859312.00,8859312.00,'VND',8859312.00,8859312.00,NULL,NULL),(168,79,119,1,1039276.00,1039276.00,'VND',1039276.00,1039276.00,NULL,NULL),(169,80,29,3,482801.00,1448403.00,'VND',482801.00,1448403.00,NULL,NULL),(170,81,98,3,23771097.00,71313291.00,'VND',23771097.00,71313291.00,NULL,NULL),(171,81,146,3,7294711.00,21884133.00,'VND',7294711.00,21884133.00,NULL,NULL),(172,82,16,1,7495833.00,7495833.00,'VND',7495833.00,7495833.00,NULL,NULL),(173,82,115,2,42017287.00,84034574.00,'VND',42017287.00,84034574.00,NULL,NULL),(174,82,56,2,10316872.00,20633744.00,'VND',10316872.00,20633744.00,NULL,NULL),(175,83,144,1,651231.00,651231.00,'VND',651231.00,651231.00,NULL,NULL),(176,83,124,1,46384665.00,46384665.00,'VND',46384665.00,46384665.00,NULL,NULL),(177,83,125,1,12852271.00,12852271.00,'VND',12852271.00,12852271.00,NULL,NULL),(178,84,126,2,3317064.00,6634128.00,'VND',3317064.00,6634128.00,NULL,NULL),(179,84,63,2,27045322.00,54090644.00,'VND',27045322.00,54090644.00,NULL,NULL),(180,84,64,3,5330992.00,15992976.00,'VND',5330992.00,15992976.00,NULL,NULL),(181,85,44,1,5786941.00,5786941.00,'VND',5786941.00,5786941.00,NULL,NULL),(182,85,39,2,10911405.00,21822810.00,'VND',10911405.00,21822810.00,NULL,NULL),(183,85,61,3,14302863.00,42908589.00,'VND',14302863.00,42908589.00,NULL,NULL),(184,86,126,3,3317064.00,9951192.00,'VND',3317064.00,9951192.00,NULL,NULL),(185,86,58,1,27826217.00,27826217.00,'VND',27826217.00,27826217.00,NULL,NULL),(186,86,21,3,25389007.00,76167021.00,'VND',25389007.00,76167021.00,NULL,NULL),(187,87,40,3,36623427.00,109870281.00,'VND',36623427.00,109870281.00,NULL,NULL),(188,87,117,3,15966574.00,47899722.00,'VND',15966574.00,47899722.00,NULL,NULL),(189,87,67,2,32890882.00,65781764.00,'VND',32890882.00,65781764.00,NULL,NULL),(190,88,139,1,33971041.00,33971041.00,'VND',33971041.00,33971041.00,NULL,NULL),(191,88,120,2,28834883.00,57669766.00,'VND',28834883.00,57669766.00,NULL,NULL),(192,89,6,2,177792.00,355584.00,'VND',177792.00,355584.00,NULL,NULL),(193,89,22,1,48386362.00,48386362.00,'VND',48386362.00,48386362.00,NULL,NULL),(194,89,66,2,25807105.00,51614210.00,'VND',25807105.00,51614210.00,NULL,NULL),(195,90,122,2,44693437.00,89386874.00,'VND',44693437.00,89386874.00,NULL,NULL),(196,90,142,2,15503251.00,31006502.00,'VND',15503251.00,31006502.00,NULL,NULL),(197,90,29,2,482801.00,965602.00,'VND',482801.00,965602.00,NULL,NULL),(198,90,71,3,1111239.00,3333717.00,'VND',1111239.00,3333717.00,NULL,NULL),(199,91,54,2,24655411.00,49310822.00,'VND',24655411.00,49310822.00,NULL,NULL),(200,91,133,3,25060440.00,75181320.00,'VND',25060440.00,75181320.00,NULL,NULL),(201,91,109,2,31430892.00,62861784.00,'VND',31430892.00,62861784.00,NULL,NULL),(202,91,115,1,42017287.00,42017287.00,'VND',42017287.00,42017287.00,NULL,NULL),(203,92,124,1,46384665.00,46384665.00,'VND',46384665.00,46384665.00,NULL,NULL),(204,92,50,3,39182766.00,117548298.00,'VND',39182766.00,117548298.00,NULL,NULL),(205,92,8,1,1333873.00,1333873.00,'VND',1333873.00,1333873.00,NULL,NULL),(206,93,10,3,17854021.00,53562063.00,'VND',17854021.00,53562063.00,NULL,NULL),(207,93,126,2,3317064.00,6634128.00,'VND',3317064.00,6634128.00,NULL,NULL),(208,94,19,2,43930824.00,87861648.00,'VND',43930824.00,87861648.00,NULL,NULL),(209,94,93,1,35973595.00,35973595.00,'VND',35973595.00,35973595.00,NULL,NULL),(210,94,24,1,18082224.00,18082224.00,'VND',18082224.00,18082224.00,NULL,NULL),(211,95,127,2,49671069.00,99342138.00,'VND',49671069.00,99342138.00,NULL,NULL),(212,95,34,3,3583418.00,10750254.00,'VND',3583418.00,10750254.00,NULL,NULL),(213,96,16,3,7495833.00,22487499.00,'VND',7495833.00,22487499.00,NULL,NULL),(214,97,34,1,3583418.00,3583418.00,'VND',3583418.00,3583418.00,NULL,NULL),(215,98,80,1,15771260.00,15771260.00,'VND',15771260.00,15771260.00,NULL,NULL),(216,98,17,1,31169845.00,31169845.00,'VND',31169845.00,31169845.00,NULL,NULL),(217,98,115,1,42017287.00,42017287.00,'VND',42017287.00,42017287.00,NULL,NULL),(218,98,44,1,5786941.00,5786941.00,'VND',5786941.00,5786941.00,NULL,NULL),(219,99,84,1,21844336.00,21844336.00,'VND',21844336.00,21844336.00,NULL,NULL),(220,100,97,1,27244503.00,27244503.00,'VND',27244503.00,27244503.00,NULL,NULL),(221,100,23,2,2733737.00,5467474.00,'VND',2733737.00,5467474.00,NULL,NULL),(222,100,85,2,26277572.00,52555144.00,'VND',26277572.00,52555144.00,NULL,NULL),(223,101,125,3,12852271.00,38556813.00,'VND',12852271.00,38556813.00,NULL,NULL),(224,101,112,1,5739393.00,5739393.00,'VND',5739393.00,5739393.00,NULL,NULL),(225,102,79,1,31127608.00,31127608.00,'VND',31127608.00,31127608.00,NULL,NULL),(226,102,89,1,21121010.00,21121010.00,'VND',21121010.00,21121010.00,NULL,NULL),(227,103,102,3,14076186.00,42228558.00,'VND',14076186.00,42228558.00,NULL,NULL),(228,103,129,2,9780854.00,19561708.00,'VND',9780854.00,19561708.00,NULL,NULL),(229,103,104,1,37516524.00,37516524.00,'VND',37516524.00,37516524.00,NULL,NULL),(230,103,16,1,7495833.00,7495833.00,'VND',7495833.00,7495833.00,NULL,NULL),(231,104,6,1,177792.00,177792.00,'VND',177792.00,177792.00,NULL,NULL),(232,104,3,1,11297552.00,11297552.00,'VND',11297552.00,11297552.00,NULL,NULL),(233,104,24,1,18082224.00,18082224.00,'VND',18082224.00,18082224.00,NULL,NULL),(234,104,77,2,8376576.00,16753152.00,'VND',8376576.00,16753152.00,NULL,NULL),(235,105,131,3,49149812.00,147449436.00,'VND',49149812.00,147449436.00,NULL,NULL),(236,105,84,1,21844336.00,21844336.00,'VND',21844336.00,21844336.00,NULL,NULL),(237,105,5,2,47255368.00,94510736.00,'VND',47255368.00,94510736.00,NULL,NULL),(238,106,131,1,49149812.00,49149812.00,'VND',49149812.00,49149812.00,NULL,NULL),(239,107,96,3,30499840.00,91499520.00,'VND',30499840.00,91499520.00,NULL,NULL),(240,108,125,1,12852271.00,12852271.00,'VND',12852271.00,12852271.00,NULL,NULL),(241,108,63,1,27045322.00,27045322.00,'VND',27045322.00,27045322.00,NULL,NULL),(242,109,37,1,37347969.00,37347969.00,'VND',37347969.00,37347969.00,NULL,NULL),(243,109,4,2,42572269.00,85144538.00,'VND',42572269.00,85144538.00,NULL,NULL),(244,109,124,3,46384665.00,139153995.00,'VND',46384665.00,139153995.00,NULL,NULL),(245,110,16,1,7495833.00,7495833.00,'VND',7495833.00,7495833.00,NULL,NULL),(246,111,133,3,25060440.00,75181320.00,'VND',25060440.00,75181320.00,NULL,NULL),(247,111,133,3,25060440.00,75181320.00,'VND',25060440.00,75181320.00,NULL,NULL),(248,111,47,1,23619148.00,23619148.00,'VND',23619148.00,23619148.00,NULL,NULL),(249,112,123,3,18523305.00,55569915.00,'VND',18523305.00,55569915.00,NULL,NULL),(250,112,125,1,12852271.00,12852271.00,'VND',12852271.00,12852271.00,NULL,NULL),(251,112,83,2,42175739.00,84351478.00,'VND',42175739.00,84351478.00,NULL,NULL),(252,113,58,3,27826217.00,83478651.00,'VND',27826217.00,83478651.00,NULL,NULL),(253,113,99,2,14249269.00,28498538.00,'VND',14249269.00,28498538.00,NULL,NULL),(254,114,137,1,16605488.00,16605488.00,'VND',16605488.00,16605488.00,NULL,NULL),(255,114,11,1,28994800.00,28994800.00,'VND',28994800.00,28994800.00,NULL,NULL),(256,115,121,2,10617563.00,21235126.00,'VND',10617563.00,21235126.00,NULL,NULL),(257,115,107,3,8949964.00,26849892.00,'VND',8949964.00,26849892.00,NULL,NULL),(258,115,115,1,42017287.00,42017287.00,'VND',42017287.00,42017287.00,NULL,NULL),(259,116,132,3,49010549.00,147031647.00,'VND',49010549.00,147031647.00,NULL,NULL),(260,116,24,2,18082224.00,36164448.00,'VND',18082224.00,36164448.00,NULL,NULL),(261,117,113,3,6085750.00,18257250.00,'VND',6085750.00,18257250.00,NULL,NULL),(262,117,100,3,36598430.00,109795290.00,'VND',36598430.00,109795290.00,NULL,NULL),(263,118,4,3,42572269.00,127716807.00,'VND',42572269.00,127716807.00,NULL,NULL),(264,118,50,1,39182766.00,39182766.00,'VND',39182766.00,39182766.00,NULL,NULL),(265,119,122,3,44693437.00,134080311.00,'VND',44693437.00,134080311.00,NULL,NULL),(266,120,120,2,28834883.00,57669766.00,'VND',28834883.00,57669766.00,NULL,NULL),(267,120,24,1,18082224.00,18082224.00,'VND',18082224.00,18082224.00,NULL,NULL),(268,120,91,2,40749867.00,81499734.00,'VND',40749867.00,81499734.00,NULL,NULL),(269,121,27,3,44028738.00,132086214.00,'VND',44028738.00,132086214.00,NULL,NULL),(270,121,20,1,45129743.00,45129743.00,'VND',45129743.00,45129743.00,NULL,NULL),(271,121,14,1,23927945.00,23927945.00,'VND',23927945.00,23927945.00,NULL,NULL),(272,122,21,3,25389007.00,76167021.00,'VND',25389007.00,76167021.00,NULL,NULL),(273,122,119,2,1039276.00,2078552.00,'VND',1039276.00,2078552.00,NULL,NULL),(274,122,44,1,5786941.00,5786941.00,'VND',5786941.00,5786941.00,NULL,NULL),(275,122,6,3,177792.00,533376.00,'VND',177792.00,533376.00,NULL,NULL),(276,123,50,3,39182766.00,117548298.00,'VND',39182766.00,117548298.00,NULL,NULL),(277,123,105,2,8559679.00,17119358.00,'VND',8559679.00,17119358.00,NULL,NULL),(278,123,98,1,23771097.00,23771097.00,'VND',23771097.00,23771097.00,NULL,NULL),(279,123,81,3,3887887.00,11663661.00,'VND',3887887.00,11663661.00,NULL,NULL),(280,124,80,1,15771260.00,15771260.00,'VND',15771260.00,15771260.00,NULL,NULL),(281,124,83,1,42175739.00,42175739.00,'VND',42175739.00,42175739.00,NULL,NULL),(282,125,112,1,5739393.00,5739393.00,'VND',5739393.00,5739393.00,NULL,NULL),(283,125,68,2,8859312.00,17718624.00,'VND',8859312.00,17718624.00,NULL,NULL),(284,125,2,3,2735300.00,8205900.00,'VND',2735300.00,8205900.00,NULL,NULL),(285,126,73,1,46689030.00,46689030.00,'VND',46689030.00,46689030.00,NULL,NULL),(286,127,76,3,29022008.00,87066024.00,'VND',29022008.00,87066024.00,NULL,NULL),(287,128,39,2,10911405.00,21822810.00,'VND',10911405.00,21822810.00,NULL,NULL),(288,128,32,2,32947141.00,65894282.00,'VND',32947141.00,65894282.00,NULL,NULL),(289,129,95,1,27404989.00,27404989.00,'VND',27404989.00,27404989.00,NULL,NULL),(290,129,54,2,24655411.00,49310822.00,'VND',24655411.00,49310822.00,NULL,NULL),(291,129,139,1,33971041.00,33971041.00,'VND',33971041.00,33971041.00,NULL,NULL),(292,130,59,2,29379463.00,58758926.00,'VND',29379463.00,58758926.00,NULL,NULL),(293,130,12,1,27823407.00,27823407.00,'VND',27823407.00,27823407.00,NULL,NULL),(294,131,134,1,38997685.00,38997685.00,'VND',38997685.00,38997685.00,NULL,NULL),(295,132,81,2,3887887.00,7775774.00,'VND',3887887.00,7775774.00,NULL,NULL),(296,132,9,3,31302989.00,93908967.00,'VND',31302989.00,93908967.00,NULL,NULL),(297,133,124,2,46384665.00,92769330.00,'VND',46384665.00,92769330.00,NULL,NULL),(298,134,99,1,14249269.00,14249269.00,'VND',14249269.00,14249269.00,NULL,NULL),(299,134,122,2,44693437.00,89386874.00,'VND',44693437.00,89386874.00,NULL,NULL),(300,134,115,1,42017287.00,42017287.00,'VND',42017287.00,42017287.00,NULL,NULL),(301,134,138,3,38725607.00,116176821.00,'VND',38725607.00,116176821.00,NULL,NULL),(302,135,11,3,28994800.00,86984400.00,'VND',28994800.00,86984400.00,NULL,NULL),(303,135,111,2,5325225.00,10650450.00,'VND',5325225.00,10650450.00,NULL,NULL),(304,135,109,2,31430892.00,62861784.00,'VND',31430892.00,62861784.00,NULL,NULL),(305,136,53,1,48450620.00,48450620.00,'VND',48450620.00,48450620.00,NULL,NULL),(306,136,48,2,30594843.00,61189686.00,'VND',30594843.00,61189686.00,NULL,NULL),(307,137,103,2,5699117.00,11398234.00,'VND',5699117.00,11398234.00,NULL,NULL),(308,138,4,2,42572269.00,85144538.00,'VND',42572269.00,85144538.00,NULL,NULL),(309,138,100,2,36598430.00,73196860.00,'VND',36598430.00,73196860.00,NULL,NULL),(310,139,113,2,6085750.00,12171500.00,'VND',6085750.00,12171500.00,NULL,NULL),(311,139,115,1,42017287.00,42017287.00,'VND',42017287.00,42017287.00,NULL,NULL),(312,139,67,3,32890882.00,98672646.00,'VND',32890882.00,98672646.00,NULL,NULL),(313,140,74,2,41680248.00,83360496.00,'VND',41680248.00,83360496.00,NULL,NULL),(314,140,14,3,23927945.00,71783835.00,'VND',23927945.00,71783835.00,NULL,NULL),(315,141,35,3,45830583.00,137491749.00,'VND',45830583.00,137491749.00,NULL,NULL),(316,141,113,3,6085750.00,18257250.00,'VND',6085750.00,18257250.00,NULL,NULL),(317,141,103,3,5699117.00,17097351.00,'VND',5699117.00,17097351.00,NULL,NULL),(318,141,87,2,30670583.00,61341166.00,'VND',30670583.00,61341166.00,NULL,NULL),(319,142,52,1,17712978.00,17712978.00,'VND',17712978.00,17712978.00,NULL,NULL),(320,142,38,1,6146599.00,6146599.00,'VND',6146599.00,6146599.00,NULL,NULL),(321,143,131,3,49149812.00,147449436.00,'VND',49149812.00,147449436.00,NULL,NULL),(322,143,36,2,13986829.00,27973658.00,'VND',13986829.00,27973658.00,NULL,NULL),(323,144,140,2,3520128.00,7040256.00,'VND',3520128.00,7040256.00,NULL,NULL),(324,144,118,2,41193306.00,82386612.00,'VND',41193306.00,82386612.00,NULL,NULL),(325,145,137,1,16605488.00,16605488.00,'VND',16605488.00,16605488.00,NULL,NULL),(326,146,134,1,38997685.00,38997685.00,'VND',38997685.00,38997685.00,NULL,NULL),(327,146,109,1,31430892.00,31430892.00,'VND',31430892.00,31430892.00,NULL,NULL),(328,147,77,1,8376576.00,8376576.00,'VND',8376576.00,8376576.00,NULL,NULL),(329,147,114,1,15993927.00,15993927.00,'VND',15993927.00,15993927.00,NULL,NULL),(330,147,143,2,5856136.00,11712272.00,'VND',5856136.00,11712272.00,NULL,NULL),(331,148,143,1,5856136.00,5856136.00,'VND',5856136.00,5856136.00,NULL,NULL),(332,148,120,1,28834883.00,28834883.00,'VND',28834883.00,28834883.00,NULL,NULL),(333,149,79,2,31127608.00,62255216.00,'VND',31127608.00,62255216.00,NULL,NULL),(334,150,29,2,482801.00,965602.00,'VND',482801.00,965602.00,NULL,NULL),(335,150,46,2,30155500.00,60311000.00,'VND',30155500.00,60311000.00,NULL,NULL),(336,151,3,3,11297552.00,33892656.00,'VND',11297552.00,33892656.00,NULL,NULL),(337,151,136,1,16299787.00,16299787.00,'VND',16299787.00,16299787.00,NULL,NULL),(338,152,58,3,27826217.00,83478651.00,'VND',27826217.00,83478651.00,NULL,NULL),(339,152,22,2,48386362.00,96772724.00,'VND',48386362.00,96772724.00,NULL,NULL),(340,152,84,1,21844336.00,21844336.00,'VND',21844336.00,21844336.00,NULL,NULL),(341,153,92,3,11160150.00,33480450.00,'VND',11160150.00,33480450.00,NULL,NULL),(342,153,71,2,1111239.00,2222478.00,'VND',1111239.00,2222478.00,NULL,NULL),(343,154,71,3,1111239.00,3333717.00,'VND',1111239.00,3333717.00,NULL,NULL),(344,155,14,3,23927945.00,71783835.00,'VND',23927945.00,71783835.00,NULL,NULL),(345,155,64,3,5330992.00,15992976.00,'VND',5330992.00,15992976.00,NULL,NULL),(346,155,12,2,27823407.00,55646814.00,'VND',27823407.00,55646814.00,NULL,NULL),(347,155,96,2,30499840.00,60999680.00,'VND',30499840.00,60999680.00,NULL,NULL),(348,156,49,1,3943056.00,3943056.00,'VND',3943056.00,3943056.00,NULL,NULL),(349,156,141,2,19349151.00,38698302.00,'VND',19349151.00,38698302.00,NULL,NULL),(350,157,131,1,49149812.00,49149812.00,'VND',49149812.00,49149812.00,NULL,NULL),(351,157,104,1,37516524.00,37516524.00,'VND',37516524.00,37516524.00,NULL,NULL),(352,157,29,1,482801.00,482801.00,'VND',482801.00,482801.00,NULL,NULL),(353,157,141,1,19349151.00,19349151.00,'VND',19349151.00,19349151.00,NULL,NULL),(354,158,57,2,41597489.00,83194978.00,'VND',41597489.00,83194978.00,NULL,NULL),(355,158,142,2,15503251.00,31006502.00,'VND',15503251.00,31006502.00,NULL,NULL),(356,159,53,3,48450620.00,145351860.00,'VND',48450620.00,145351860.00,NULL,NULL),(357,159,61,3,14302863.00,42908589.00,'VND',14302863.00,42908589.00,NULL,NULL),(358,160,80,1,15771260.00,15771260.00,'VND',15771260.00,15771260.00,NULL,NULL),(359,160,112,1,5739393.00,5739393.00,'VND',5739393.00,5739393.00,NULL,NULL),(360,161,17,3,31169845.00,93509535.00,'VND',31169845.00,93509535.00,NULL,NULL),(361,162,18,2,36931089.00,73862178.00,'VND',36931089.00,73862178.00,NULL,NULL),(362,163,91,1,40749867.00,40749867.00,'VND',40749867.00,40749867.00,NULL,NULL),(363,163,82,3,20474341.00,61423023.00,'VND',20474341.00,61423023.00,NULL,NULL),(364,163,59,3,29379463.00,88138389.00,'VND',29379463.00,88138389.00,NULL,NULL),(365,164,121,1,10617563.00,10617563.00,'VND',10617563.00,10617563.00,NULL,NULL),(366,164,115,2,42017287.00,84034574.00,'VND',42017287.00,84034574.00,NULL,NULL),(367,164,105,1,8559679.00,8559679.00,'VND',8559679.00,8559679.00,NULL,NULL),(368,165,32,3,32947141.00,98841423.00,'VND',32947141.00,98841423.00,NULL,NULL),(369,165,90,3,6497053.00,19491159.00,'VND',6497053.00,19491159.00,NULL,NULL),(370,165,82,1,20474341.00,20474341.00,'VND',20474341.00,20474341.00,NULL,NULL),(371,166,96,3,30499840.00,91499520.00,'VND',30499840.00,91499520.00,NULL,NULL),(372,166,44,1,5786941.00,5786941.00,'VND',5786941.00,5786941.00,NULL,NULL),(373,167,80,2,15771260.00,31542520.00,'VND',15771260.00,31542520.00,NULL,NULL),(374,168,96,3,30499840.00,91499520.00,'VND',30499840.00,91499520.00,NULL,NULL),(375,168,18,1,36931089.00,36931089.00,'VND',36931089.00,36931089.00,NULL,NULL),(376,168,51,1,7605078.00,7605078.00,'VND',7605078.00,7605078.00,NULL,NULL),(377,169,48,2,30594843.00,61189686.00,'VND',30594843.00,61189686.00,NULL,NULL),(378,169,121,1,10617563.00,10617563.00,'VND',10617563.00,10617563.00,NULL,NULL),(379,170,86,1,48662110.00,48662110.00,'VND',48662110.00,48662110.00,NULL,NULL),(380,170,29,3,482801.00,1448403.00,'VND',482801.00,1448403.00,NULL,NULL),(381,171,125,1,12852271.00,12852271.00,'VND',12852271.00,12852271.00,NULL,NULL),(382,171,86,2,48662110.00,97324220.00,'VND',48662110.00,97324220.00,NULL,NULL),(383,172,57,2,41597489.00,83194978.00,'VND',41597489.00,83194978.00,NULL,NULL),(384,172,11,1,28994800.00,28994800.00,'VND',28994800.00,28994800.00,NULL,NULL),(385,173,58,2,27826217.00,55652434.00,'VND',27826217.00,55652434.00,NULL,NULL),(386,173,32,2,32947141.00,65894282.00,'VND',32947141.00,65894282.00,NULL,NULL),(387,173,74,1,41680248.00,41680248.00,'VND',41680248.00,41680248.00,NULL,NULL),(388,173,140,1,3520128.00,3520128.00,'VND',3520128.00,3520128.00,NULL,NULL),(389,174,83,3,42175739.00,126527217.00,'VND',42175739.00,126527217.00,NULL,NULL),(390,175,92,2,11160150.00,22320300.00,'VND',11160150.00,22320300.00,NULL,NULL),(391,175,71,1,1111239.00,1111239.00,'VND',1111239.00,1111239.00,NULL,NULL),(392,176,143,3,5856136.00,17568408.00,'VND',5856136.00,17568408.00,NULL,NULL),(393,176,104,3,37516524.00,112549572.00,'VND',37516524.00,112549572.00,NULL,NULL),(394,177,79,2,31127608.00,62255216.00,'VND',31127608.00,62255216.00,NULL,NULL),(395,177,67,2,32890882.00,65781764.00,'VND',32890882.00,65781764.00,NULL,NULL),(396,178,131,3,49149812.00,147449436.00,'VND',49149812.00,147449436.00,NULL,NULL),(397,178,42,3,43330986.00,129992958.00,'VND',43330986.00,129992958.00,NULL,NULL),(398,179,87,2,30670583.00,61341166.00,'VND',30670583.00,61341166.00,NULL,NULL),(399,180,124,2,46384665.00,92769330.00,'VND',46384665.00,92769330.00,NULL,NULL),(400,180,22,2,48386362.00,96772724.00,'VND',48386362.00,96772724.00,NULL,NULL),(401,180,10,2,17854021.00,35708042.00,'VND',17854021.00,35708042.00,NULL,NULL),(402,180,1,3,19299876.00,57899628.00,'VND',19299876.00,57899628.00,NULL,NULL),(403,181,108,2,21797395.00,43594790.00,'VND',21797395.00,43594790.00,NULL,NULL),(404,182,38,1,6146599.00,6146599.00,'VND',6146599.00,6146599.00,NULL,NULL),(405,182,95,1,27404989.00,27404989.00,'VND',27404989.00,27404989.00,NULL,NULL),(406,182,96,1,30499840.00,30499840.00,'VND',30499840.00,30499840.00,NULL,NULL),(407,183,21,2,25389007.00,50778014.00,'VND',25389007.00,50778014.00,NULL,NULL),(408,183,134,3,38997685.00,116993055.00,'VND',38997685.00,116993055.00,NULL,NULL),(409,184,115,2,42017287.00,84034574.00,'VND',42017287.00,84034574.00,NULL,NULL),(410,184,32,3,32947141.00,98841423.00,'VND',32947141.00,98841423.00,NULL,NULL),(411,185,140,1,3520128.00,3520128.00,'VND',3520128.00,3520128.00,NULL,NULL),(412,185,136,1,16299787.00,16299787.00,'VND',16299787.00,16299787.00,NULL,NULL),(413,185,64,2,5330992.00,10661984.00,'VND',5330992.00,10661984.00,NULL,NULL),(414,185,121,3,10617563.00,31852689.00,'VND',10617563.00,31852689.00,NULL,NULL),(415,186,140,1,3520128.00,3520128.00,'VND',3520128.00,3520128.00,NULL,NULL),(416,186,44,1,5786941.00,5786941.00,'VND',5786941.00,5786941.00,NULL,NULL),(417,186,4,1,42572269.00,42572269.00,'VND',42572269.00,42572269.00,NULL,NULL),(418,187,57,2,41597489.00,83194978.00,'VND',41597489.00,83194978.00,NULL,NULL),(419,187,56,1,10316872.00,10316872.00,'VND',10316872.00,10316872.00,NULL,NULL),(420,187,65,3,9491838.00,28475514.00,'VND',9491838.00,28475514.00,NULL,NULL),(421,188,85,3,26277572.00,78832716.00,'VND',26277572.00,78832716.00,NULL,NULL),(422,188,139,1,33971041.00,33971041.00,'VND',33971041.00,33971041.00,NULL,NULL),(423,188,100,2,36598430.00,73196860.00,'VND',36598430.00,73196860.00,NULL,NULL),(424,189,7,2,30566363.00,61132726.00,'VND',30566363.00,61132726.00,NULL,NULL),(425,189,97,3,27244503.00,81733509.00,'VND',27244503.00,81733509.00,NULL,NULL),(426,190,32,3,32947141.00,98841423.00,'VND',32947141.00,98841423.00,NULL,NULL),(427,190,54,3,24655411.00,73966233.00,'VND',24655411.00,73966233.00,NULL,NULL),(428,190,8,3,1333873.00,4001619.00,'VND',1333873.00,4001619.00,NULL,NULL),(429,191,29,1,482801.00,482801.00,'VND',482801.00,482801.00,NULL,NULL),(430,192,117,1,15966574.00,15966574.00,'VND',15966574.00,15966574.00,NULL,NULL),(431,193,100,2,36598430.00,73196860.00,'VND',36598430.00,73196860.00,NULL,NULL),(432,193,133,1,25060440.00,25060440.00,'VND',25060440.00,25060440.00,NULL,NULL),(433,193,70,1,16269812.00,16269812.00,'VND',16269812.00,16269812.00,NULL,NULL),(434,193,36,3,13986829.00,41960487.00,'VND',13986829.00,41960487.00,NULL,NULL),(435,194,28,1,35076762.00,35076762.00,'VND',35076762.00,35076762.00,NULL,NULL),(436,194,20,3,45129743.00,135389229.00,'VND',45129743.00,135389229.00,NULL,NULL),(437,195,143,2,5856136.00,11712272.00,'VND',5856136.00,11712272.00,NULL,NULL),(438,195,20,3,45129743.00,135389229.00,'VND',45129743.00,135389229.00,NULL,NULL),(439,195,106,1,11112826.00,11112826.00,'VND',11112826.00,11112826.00,NULL,NULL),(440,196,140,1,3520128.00,3520128.00,'VND',3520128.00,3520128.00,NULL,NULL),(441,196,118,1,41193306.00,41193306.00,'VND',41193306.00,41193306.00,NULL,NULL),(442,196,100,1,36598430.00,36598430.00,'VND',36598430.00,36598430.00,NULL,NULL),(443,197,21,3,25389007.00,76167021.00,'VND',25389007.00,76167021.00,NULL,NULL),(444,197,62,3,19927280.00,59781840.00,'VND',19927280.00,59781840.00,NULL,NULL),(445,198,107,2,8949964.00,17899928.00,'VND',8949964.00,17899928.00,NULL,NULL),(446,198,38,1,6146599.00,6146599.00,'VND',6146599.00,6146599.00,NULL,NULL),(447,199,56,3,10316872.00,30950616.00,'VND',10316872.00,30950616.00,NULL,NULL),(448,199,90,1,6497053.00,6497053.00,'VND',6497053.00,6497053.00,NULL,NULL),(449,199,83,3,42175739.00,126527217.00,'VND',42175739.00,126527217.00,NULL,NULL),(450,200,77,2,8376576.00,16753152.00,'VND',8376576.00,16753152.00,NULL,NULL),(451,201,2,2,2735300.00,5470600.00,'VND',2735300.00,5470600.00,NULL,NULL),(452,201,78,3,25098130.00,75294390.00,'VND',25098130.00,75294390.00,NULL,NULL),(453,202,120,1,28834883.00,28834883.00,'VND',28834883.00,28834883.00,NULL,NULL),(454,202,36,2,13986829.00,27973658.00,'VND',13986829.00,27973658.00,NULL,NULL),(455,203,57,1,41597489.00,41597489.00,'VND',41597489.00,41597489.00,NULL,NULL),(456,204,89,1,21121010.00,21121010.00,'VND',21121010.00,21121010.00,NULL,NULL),(457,205,94,2,24978781.00,49957562.00,'VND',24978781.00,49957562.00,NULL,NULL),(458,205,44,2,5786941.00,11573882.00,'VND',5786941.00,11573882.00,NULL,NULL),(459,205,17,3,31169845.00,93509535.00,'VND',31169845.00,93509535.00,NULL,NULL),(460,206,18,3,36931089.00,110793267.00,'VND',36931089.00,110793267.00,NULL,NULL),(461,206,18,3,36931089.00,110793267.00,'VND',36931089.00,110793267.00,NULL,NULL),(462,207,144,2,651231.00,1302462.00,'VND',651231.00,1302462.00,NULL,NULL),(463,207,75,1,5123170.00,5123170.00,'VND',5123170.00,5123170.00,NULL,NULL),(464,208,66,1,25807105.00,25807105.00,'VND',25807105.00,25807105.00,NULL,NULL),(465,209,84,1,21844336.00,21844336.00,'VND',21844336.00,21844336.00,NULL,NULL),(466,210,25,3,38283135.00,114849405.00,'VND',38283135.00,114849405.00,NULL,NULL),(467,210,78,1,25098130.00,25098130.00,'VND',25098130.00,25098130.00,NULL,NULL),(468,211,128,1,11410104.00,11410104.00,'VND',11410104.00,11410104.00,NULL,NULL),(469,211,116,3,49128567.00,147385701.00,'VND',49128567.00,147385701.00,NULL,NULL),(470,211,118,1,41193306.00,41193306.00,'VND',41193306.00,41193306.00,NULL,NULL),(471,211,95,3,27404989.00,82214967.00,'VND',27404989.00,82214967.00,NULL,NULL),(472,212,93,1,35973595.00,35973595.00,'VND',35973595.00,35973595.00,NULL,NULL),(473,212,119,1,1039276.00,1039276.00,'VND',1039276.00,1039276.00,NULL,NULL),(474,213,80,1,15771260.00,15771260.00,'VND',15771260.00,15771260.00,NULL,NULL),(475,213,124,3,46384665.00,139153995.00,'VND',46384665.00,139153995.00,NULL,NULL),(476,214,30,3,27094769.00,81284307.00,'VND',27094769.00,81284307.00,NULL,NULL),(477,215,116,2,49128567.00,98257134.00,'VND',49128567.00,98257134.00,NULL,NULL),(478,216,34,2,3583418.00,7166836.00,'VND',3583418.00,7166836.00,NULL,NULL),(479,216,87,3,30670583.00,92011749.00,'VND',30670583.00,92011749.00,NULL,NULL),(480,217,12,3,27823407.00,83470221.00,'VND',27823407.00,83470221.00,NULL,NULL),(481,217,25,3,38283135.00,114849405.00,'VND',38283135.00,114849405.00,NULL,NULL),(482,218,13,3,33153738.00,99461214.00,'VND',33153738.00,99461214.00,NULL,NULL),(483,218,131,3,49149812.00,147449436.00,'VND',49149812.00,147449436.00,NULL,NULL),(484,219,18,1,36931089.00,36931089.00,'VND',36931089.00,36931089.00,NULL,NULL),(485,219,93,1,35973595.00,35973595.00,'VND',35973595.00,35973595.00,NULL,NULL),(486,219,130,3,39689908.00,119069724.00,'VND',39689908.00,119069724.00,NULL,NULL),(487,220,26,3,2175316.00,6525948.00,'VND',2175316.00,6525948.00,NULL,NULL),(488,220,121,2,10617563.00,21235126.00,'VND',10617563.00,21235126.00,NULL,NULL),(489,220,130,3,39689908.00,119069724.00,'VND',39689908.00,119069724.00,NULL,NULL),(490,220,96,2,30499840.00,60999680.00,'VND',30499840.00,60999680.00,NULL,NULL),(491,221,83,1,42175739.00,42175739.00,'VND',42175739.00,42175739.00,NULL,NULL),(492,222,49,2,3943056.00,7886112.00,'VND',3943056.00,7886112.00,NULL,NULL),(493,223,81,1,3887887.00,3887887.00,'VND',3887887.00,3887887.00,NULL,NULL),(494,223,13,3,33153738.00,99461214.00,'VND',33153738.00,99461214.00,NULL,NULL),(495,224,42,3,43330986.00,129992958.00,'VND',43330986.00,129992958.00,NULL,NULL),(496,224,20,3,45129743.00,135389229.00,'VND',45129743.00,135389229.00,NULL,NULL),(497,225,60,2,5135125.00,10270250.00,'VND',5135125.00,10270250.00,NULL,NULL),(498,225,133,1,25060440.00,25060440.00,'VND',25060440.00,25060440.00,NULL,NULL),(499,226,61,1,14302863.00,14302863.00,'VND',14302863.00,14302863.00,NULL,NULL),(500,226,121,3,10617563.00,31852689.00,'VND',10617563.00,31852689.00,NULL,NULL),(501,227,128,1,11410104.00,11410104.00,'VND',11410104.00,11410104.00,NULL,NULL),(502,227,65,2,9491838.00,18983676.00,'VND',9491838.00,18983676.00,NULL,NULL),(503,228,24,1,18082224.00,18082224.00,'VND',18082224.00,18082224.00,NULL,NULL),(504,228,31,2,20650981.00,41301962.00,'VND',20650981.00,41301962.00,NULL,NULL),(505,228,8,3,1333873.00,4001619.00,'VND',1333873.00,4001619.00,NULL,NULL),(506,229,69,3,42599707.00,127799121.00,'VND',42599707.00,127799121.00,NULL,NULL),(507,230,19,1,43930824.00,43930824.00,'VND',43930824.00,43930824.00,NULL,NULL),(508,231,109,1,31430892.00,31430892.00,'VND',31430892.00,31430892.00,NULL,NULL),(509,231,41,2,5073939.00,10147878.00,'VND',5073939.00,10147878.00,NULL,NULL),(510,231,11,1,28994800.00,28994800.00,'VND',28994800.00,28994800.00,NULL,NULL),(511,232,134,2,38997685.00,77995370.00,'VND',38997685.00,77995370.00,NULL,NULL),(512,232,135,1,43213535.00,43213535.00,'VND',43213535.00,43213535.00,NULL,NULL),(513,232,106,1,11112826.00,11112826.00,'VND',11112826.00,11112826.00,NULL,NULL),(514,233,16,3,7495833.00,22487499.00,'VND',7495833.00,22487499.00,NULL,NULL),(515,234,54,2,24655411.00,49310822.00,'VND',24655411.00,49310822.00,NULL,NULL),(516,235,53,2,48450620.00,96901240.00,'VND',48450620.00,96901240.00,NULL,NULL),(517,236,38,3,6146599.00,18439797.00,'VND',6146599.00,18439797.00,NULL,NULL),(518,236,30,2,27094769.00,54189538.00,'VND',27094769.00,54189538.00,NULL,NULL),(519,237,74,3,41680248.00,125040744.00,'VND',41680248.00,125040744.00,NULL,NULL),(520,237,77,2,8376576.00,16753152.00,'VND',8376576.00,16753152.00,NULL,NULL),(521,237,14,1,23927945.00,23927945.00,'VND',23927945.00,23927945.00,NULL,NULL),(522,238,11,3,28994800.00,86984400.00,'VND',28994800.00,86984400.00,NULL,NULL),(523,239,141,2,19349151.00,38698302.00,'VND',19349151.00,38698302.00,NULL,NULL),(524,239,51,3,7605078.00,22815234.00,'VND',7605078.00,22815234.00,NULL,NULL),(525,239,104,1,37516524.00,37516524.00,'VND',37516524.00,37516524.00,NULL,NULL),(526,239,141,1,19349151.00,19349151.00,'VND',19349151.00,19349151.00,NULL,NULL),(527,240,124,2,46384665.00,92769330.00,'VND',46384665.00,92769330.00,NULL,NULL),(528,240,19,1,43930824.00,43930824.00,'VND',43930824.00,43930824.00,NULL,NULL),(529,240,141,3,19349151.00,58047453.00,'VND',19349151.00,58047453.00,NULL,NULL),(530,241,98,2,23771097.00,47542194.00,'VND',23771097.00,47542194.00,NULL,NULL),(531,242,78,1,25098130.00,25098130.00,'VND',25098130.00,25098130.00,NULL,NULL),(532,243,89,2,21121010.00,42242020.00,'VND',21121010.00,42242020.00,NULL,NULL),(533,243,8,1,1333873.00,1333873.00,'VND',1333873.00,1333873.00,NULL,NULL),(534,243,37,1,37347969.00,37347969.00,'VND',37347969.00,37347969.00,NULL,NULL),(535,244,84,1,21844336.00,21844336.00,'VND',21844336.00,21844336.00,NULL,NULL),(536,244,88,3,33223242.00,99669726.00,'VND',33223242.00,99669726.00,NULL,NULL),(537,244,23,2,2733737.00,5467474.00,'VND',2733737.00,5467474.00,NULL,NULL),(538,245,143,1,5856136.00,5856136.00,'VND',5856136.00,5856136.00,NULL,NULL),(539,245,146,3,7294711.00,21884133.00,'VND',7294711.00,21884133.00,NULL,NULL),(540,245,105,1,8559679.00,8559679.00,'VND',8559679.00,8559679.00,NULL,NULL),(541,246,69,1,42599707.00,42599707.00,'VND',42599707.00,42599707.00,NULL,NULL),(542,246,26,1,2175316.00,2175316.00,'VND',2175316.00,2175316.00,NULL,NULL),(543,247,16,3,7495833.00,22487499.00,'VND',7495833.00,22487499.00,NULL,NULL),(544,248,106,3,11112826.00,33338478.00,'VND',11112826.00,33338478.00,NULL,NULL),(545,249,39,3,10911405.00,32734215.00,'VND',10911405.00,32734215.00,NULL,NULL),(546,250,89,2,21121010.00,42242020.00,'VND',21121010.00,42242020.00,NULL,NULL),(547,250,18,1,36931089.00,36931089.00,'VND',36931089.00,36931089.00,NULL,NULL),(548,250,146,1,7294711.00,7294711.00,'VND',7294711.00,7294711.00,NULL,NULL),(549,251,105,2,8559679.00,17119358.00,'VND',8559679.00,17119358.00,NULL,NULL),(550,251,40,1,36623427.00,36623427.00,'VND',36623427.00,36623427.00,NULL,NULL),(551,252,135,1,43213535.00,43213535.00,'VND',43213535.00,43213535.00,NULL,NULL),(552,253,102,2,14076186.00,28152372.00,'VND',14076186.00,28152372.00,NULL,NULL),(553,253,19,3,43930824.00,131792472.00,'VND',43930824.00,131792472.00,NULL,NULL),(554,253,42,1,43330986.00,43330986.00,'VND',43330986.00,43330986.00,NULL,NULL),(555,253,67,2,32890882.00,65781764.00,'VND',32890882.00,65781764.00,NULL,NULL),(556,254,99,3,14249269.00,42747807.00,'VND',14249269.00,42747807.00,NULL,NULL),(557,254,146,3,7294711.00,21884133.00,'VND',7294711.00,21884133.00,NULL,NULL),(558,254,14,2,23927945.00,47855890.00,'VND',23927945.00,47855890.00,NULL,NULL),(559,255,2,1,2735300.00,2735300.00,'VND',2735300.00,2735300.00,NULL,NULL),(560,256,128,1,11410104.00,11410104.00,'VND',11410104.00,11410104.00,NULL,NULL),(561,256,65,2,9491838.00,18983676.00,'VND',9491838.00,18983676.00,NULL,NULL),(562,257,67,3,32890882.00,98672646.00,'VND',32890882.00,98672646.00,NULL,NULL),(563,257,65,2,9491838.00,18983676.00,'VND',9491838.00,18983676.00,NULL,NULL),(564,257,111,3,5325225.00,15975675.00,'VND',5325225.00,15975675.00,NULL,NULL),(565,257,111,1,5325225.00,5325225.00,'VND',5325225.00,5325225.00,NULL,NULL),(566,258,134,2,38997685.00,77995370.00,'VND',38997685.00,77995370.00,NULL,NULL),(567,259,97,2,27244503.00,54489006.00,'VND',27244503.00,54489006.00,NULL,NULL),(568,260,105,3,8559679.00,25679037.00,'VND',8559679.00,25679037.00,NULL,NULL),(569,260,64,1,5330992.00,5330992.00,'VND',5330992.00,5330992.00,NULL,NULL),(570,260,63,3,27045322.00,81135966.00,'VND',27045322.00,81135966.00,NULL,NULL),(571,261,18,1,36931089.00,36931089.00,'VND',36931089.00,36931089.00,NULL,NULL),(572,261,10,3,17854021.00,53562063.00,'VND',17854021.00,53562063.00,NULL,NULL),(573,261,60,1,5135125.00,5135125.00,'VND',5135125.00,5135125.00,NULL,NULL),(574,262,69,1,42599707.00,42599707.00,'VND',42599707.00,42599707.00,NULL,NULL),(575,263,50,1,39182766.00,39182766.00,'VND',39182766.00,39182766.00,NULL,NULL),(576,264,22,3,48386362.00,145159086.00,'VND',48386362.00,145159086.00,NULL,NULL),(577,264,19,1,43930824.00,43930824.00,'VND',43930824.00,43930824.00,NULL,NULL),(578,265,145,1,46880919.00,46880919.00,'VND',46880919.00,46880919.00,NULL,NULL),(579,265,16,1,7495833.00,7495833.00,'VND',7495833.00,7495833.00,NULL,NULL),(580,265,89,1,21121010.00,21121010.00,'VND',21121010.00,21121010.00,NULL,NULL),(581,266,2,1,2735300.00,2735300.00,'VND',2735300.00,2735300.00,NULL,NULL),(582,266,98,3,23771097.00,71313291.00,'VND',23771097.00,71313291.00,NULL,NULL),(583,267,9,2,31302989.00,62605978.00,'VND',31302989.00,62605978.00,NULL,NULL),(584,268,104,3,37516524.00,112549572.00,'VND',37516524.00,112549572.00,NULL,NULL),(585,268,92,3,11160150.00,33480450.00,'VND',11160150.00,33480450.00,NULL,NULL),(586,269,84,2,21844336.00,43688672.00,'VND',21844336.00,43688672.00,NULL,NULL),(587,269,97,3,27244503.00,81733509.00,'VND',27244503.00,81733509.00,NULL,NULL),(588,270,23,1,2733737.00,2733737.00,'VND',2733737.00,2733737.00,NULL,NULL),(589,270,7,2,30566363.00,61132726.00,'VND',30566363.00,61132726.00,NULL,NULL),(590,270,32,1,32947141.00,32947141.00,'VND',32947141.00,32947141.00,NULL,NULL),(591,271,120,1,28834883.00,28834883.00,'VND',28834883.00,28834883.00,NULL,NULL),(592,271,141,2,19349151.00,38698302.00,'VND',19349151.00,38698302.00,NULL,NULL),(593,271,138,2,38725607.00,77451214.00,'VND',38725607.00,77451214.00,NULL,NULL),(594,271,127,3,49671069.00,149013207.00,'VND',49671069.00,149013207.00,NULL,NULL),(595,272,58,3,27826217.00,83478651.00,'VND',27826217.00,83478651.00,NULL,NULL),(596,272,15,2,5627964.00,11255928.00,'VND',5627964.00,11255928.00,NULL,NULL),(597,273,55,2,14715722.00,29431444.00,'VND',14715722.00,29431444.00,NULL,NULL),(598,273,29,2,482801.00,965602.00,'VND',482801.00,965602.00,NULL,NULL),(599,273,131,2,49149812.00,98299624.00,'VND',49149812.00,98299624.00,NULL,NULL),(600,273,129,2,9780854.00,19561708.00,'VND',9780854.00,19561708.00,NULL,NULL),(601,274,71,3,1111239.00,3333717.00,'VND',1111239.00,3333717.00,NULL,NULL),(602,275,43,2,35193012.00,70386024.00,'VND',35193012.00,70386024.00,NULL,NULL),(603,275,94,1,24978781.00,24978781.00,'VND',24978781.00,24978781.00,NULL,NULL),(604,276,144,3,651231.00,1953693.00,'VND',651231.00,1953693.00,NULL,NULL),(605,276,124,1,46384665.00,46384665.00,'VND',46384665.00,46384665.00,NULL,NULL),(606,277,80,3,15771260.00,47313780.00,'VND',15771260.00,47313780.00,NULL,NULL),(607,277,36,1,13986829.00,13986829.00,'VND',13986829.00,13986829.00,NULL,NULL),(608,277,137,2,16605488.00,33210976.00,'VND',16605488.00,33210976.00,NULL,NULL),(609,278,132,2,49010549.00,98021098.00,'VND',49010549.00,98021098.00,NULL,NULL),(610,279,44,2,5786941.00,11573882.00,'VND',5786941.00,11573882.00,NULL,NULL),(611,279,75,1,5123170.00,5123170.00,'VND',5123170.00,5123170.00,NULL,NULL),(612,279,106,3,11112826.00,33338478.00,'VND',11112826.00,33338478.00,NULL,NULL),(613,280,68,2,8859312.00,17718624.00,'VND',8859312.00,17718624.00,NULL,NULL),(614,280,53,2,48450620.00,96901240.00,'VND',48450620.00,96901240.00,NULL,NULL),(615,280,94,2,24978781.00,49957562.00,'VND',24978781.00,49957562.00,NULL,NULL),(616,280,53,2,48450620.00,96901240.00,'VND',48450620.00,96901240.00,NULL,NULL),(617,281,29,2,482801.00,965602.00,'VND',482801.00,965602.00,NULL,NULL),(618,282,128,1,11410104.00,11410104.00,'VND',11410104.00,11410104.00,NULL,NULL),(619,283,9,1,31302989.00,31302989.00,'VND',31302989.00,31302989.00,NULL,NULL),(620,283,27,2,44028738.00,88057476.00,'VND',44028738.00,88057476.00,NULL,NULL),(621,284,8,1,1333873.00,1333873.00,'VND',1333873.00,1333873.00,NULL,NULL),(622,284,117,3,15966574.00,47899722.00,'VND',15966574.00,47899722.00,NULL,NULL),(623,284,42,2,43330986.00,86661972.00,'VND',43330986.00,86661972.00,NULL,NULL),(624,285,109,1,31430892.00,31430892.00,'VND',31430892.00,31430892.00,NULL,NULL),(625,285,89,3,21121010.00,63363030.00,'VND',21121010.00,63363030.00,NULL,NULL),(626,285,76,2,29022008.00,58044016.00,'VND',29022008.00,58044016.00,NULL,NULL),(627,286,109,3,31430892.00,94292676.00,'VND',31430892.00,94292676.00,NULL,NULL),(628,286,15,1,5627964.00,5627964.00,'VND',5627964.00,5627964.00,NULL,NULL),(629,286,24,2,18082224.00,36164448.00,'VND',18082224.00,36164448.00,NULL,NULL),(630,287,30,1,27094769.00,27094769.00,'VND',27094769.00,27094769.00,NULL,NULL),(631,287,126,3,3317064.00,9951192.00,'VND',3317064.00,9951192.00,NULL,NULL),(632,288,55,2,14715722.00,29431444.00,'VND',14715722.00,29431444.00,NULL,NULL),(633,288,117,1,15966574.00,15966574.00,'VND',15966574.00,15966574.00,NULL,NULL),(634,289,88,1,33223242.00,33223242.00,'VND',33223242.00,33223242.00,NULL,NULL),(635,289,50,3,39182766.00,117548298.00,'VND',39182766.00,117548298.00,NULL,NULL),(636,289,131,2,49149812.00,98299624.00,'VND',49149812.00,98299624.00,NULL,NULL),(637,290,113,3,6085750.00,18257250.00,'VND',6085750.00,18257250.00,NULL,NULL),(638,290,132,3,49010549.00,147031647.00,'VND',49010549.00,147031647.00,NULL,NULL),(639,290,49,3,3943056.00,11829168.00,'VND',3943056.00,11829168.00,NULL,NULL),(640,290,91,1,40749867.00,40749867.00,'VND',40749867.00,40749867.00,NULL,NULL),(641,291,62,2,19927280.00,39854560.00,'VND',19927280.00,39854560.00,NULL,NULL),(642,291,75,1,5123170.00,5123170.00,'VND',5123170.00,5123170.00,NULL,NULL),(643,291,10,1,17854021.00,17854021.00,'VND',17854021.00,17854021.00,NULL,NULL),(644,292,78,1,25098130.00,25098130.00,'VND',25098130.00,25098130.00,NULL,NULL),(645,292,112,2,5739393.00,11478786.00,'VND',5739393.00,11478786.00,NULL,NULL),(646,292,101,3,31064935.00,93194805.00,'VND',31064935.00,93194805.00,NULL,NULL),(647,292,17,1,31169845.00,31169845.00,'VND',31169845.00,31169845.00,NULL,NULL),(648,293,103,1,5699117.00,5699117.00,'VND',5699117.00,5699117.00,NULL,NULL),(649,293,98,3,23771097.00,71313291.00,'VND',23771097.00,71313291.00,NULL,NULL),(650,293,134,3,38997685.00,116993055.00,'VND',38997685.00,116993055.00,NULL,NULL),(651,294,92,1,11160150.00,11160150.00,'VND',11160150.00,11160150.00,NULL,NULL),(652,295,23,1,2733737.00,2733737.00,'VND',2733737.00,2733737.00,NULL,NULL),(653,295,115,2,42017287.00,84034574.00,'VND',42017287.00,84034574.00,NULL,NULL),(654,295,84,3,21844336.00,65533008.00,'VND',21844336.00,65533008.00,NULL,NULL),(655,296,24,2,18082224.00,36164448.00,'VND',18082224.00,36164448.00,NULL,NULL),(656,296,37,3,37347969.00,112043907.00,'VND',37347969.00,112043907.00,NULL,NULL),(657,296,108,3,21797395.00,65392185.00,'VND',21797395.00,65392185.00,NULL,NULL),(658,297,77,2,8376576.00,16753152.00,'VND',8376576.00,16753152.00,NULL,NULL),(659,297,93,2,35973595.00,71947190.00,'VND',35973595.00,71947190.00,NULL,NULL),(660,298,115,2,42017287.00,84034574.00,'VND',42017287.00,84034574.00,NULL,NULL),(661,298,130,2,39689908.00,79379816.00,'VND',39689908.00,79379816.00,NULL,NULL),(662,299,38,2,6146599.00,12293198.00,'VND',6146599.00,12293198.00,NULL,NULL),(663,299,2,1,2735300.00,2735300.00,'VND',2735300.00,2735300.00,NULL,NULL),(664,299,100,2,36598430.00,73196860.00,'VND',36598430.00,73196860.00,NULL,NULL),(665,299,132,1,49010549.00,49010549.00,'VND',49010549.00,49010549.00,NULL,NULL),(666,300,59,2,29379463.00,58758926.00,'VND',29379463.00,58758926.00,NULL,NULL),(667,300,144,1,651231.00,651231.00,'VND',651231.00,651231.00,NULL,NULL),(668,301,122,1,44693437.00,44693437.00,'VND',44693437.00,44693437.00,NULL,NULL),(669,301,60,2,5135125.00,10270250.00,'VND',5135125.00,10270250.00,NULL,NULL),(670,301,45,3,5029077.00,15087231.00,'VND',5029077.00,15087231.00,NULL,NULL),(671,301,7,1,30566363.00,30566363.00,'VND',30566363.00,30566363.00,NULL,NULL),(672,302,108,1,21797395.00,21797395.00,'VND',21797395.00,21797395.00,NULL,NULL),(673,302,112,1,5739393.00,5739393.00,'VND',5739393.00,5739393.00,NULL,NULL),(674,302,135,2,43213535.00,86427070.00,'VND',43213535.00,86427070.00,NULL,NULL),(675,303,73,1,46689030.00,46689030.00,'VND',46689030.00,46689030.00,NULL,NULL),(676,303,41,3,5073939.00,15221817.00,'VND',5073939.00,15221817.00,NULL,NULL),(677,304,40,3,36623427.00,109870281.00,'VND',36623427.00,109870281.00,NULL,NULL),(678,304,121,2,10617563.00,21235126.00,'VND',10617563.00,21235126.00,NULL,NULL),(679,304,112,3,5739393.00,17218179.00,'VND',5739393.00,17218179.00,NULL,NULL),(680,304,64,2,5330992.00,10661984.00,'VND',5330992.00,10661984.00,NULL,NULL),(681,305,2,2,2735300.00,5470600.00,'VND',2735300.00,5470600.00,NULL,NULL),(682,306,109,3,31430892.00,94292676.00,'VND',31430892.00,94292676.00,NULL,NULL),(683,306,134,2,38997685.00,77995370.00,'VND',38997685.00,77995370.00,NULL,NULL),(684,306,11,3,28994800.00,86984400.00,'VND',28994800.00,86984400.00,NULL,NULL),(685,306,115,1,42017287.00,42017287.00,'VND',42017287.00,42017287.00,NULL,NULL),(686,307,111,1,5325225.00,5325225.00,'VND',5325225.00,5325225.00,NULL,NULL),(687,307,85,1,26277572.00,26277572.00,'VND',26277572.00,26277572.00,NULL,NULL),(688,308,116,1,49128567.00,49128567.00,'VND',49128567.00,49128567.00,NULL,NULL),(689,308,20,1,45129743.00,45129743.00,'VND',45129743.00,45129743.00,NULL,NULL),(690,308,90,1,6497053.00,6497053.00,'VND',6497053.00,6497053.00,NULL,NULL),(691,309,84,3,21844336.00,65533008.00,'VND',21844336.00,65533008.00,NULL,NULL),(692,309,108,2,21797395.00,43594790.00,'VND',21797395.00,43594790.00,NULL,NULL),(693,310,10,1,999.99,999.99,'USD',999.99,999.99,NULL,NULL),(694,311,1,1,999.99,999.99,'USD',999.99,999.99,NULL,NULL),(695,312,10,1,17854021.00,17854021.00,'USD',17854021.00,17854021.00,NULL,NULL),(696,313,10,1,17854021.00,17854021.00,'USD',17854021.00,17854021.00,NULL,NULL),(697,314,54,1,24655411.00,24655411.00,'USD',24655411.00,24655411.00,NULL,NULL),(698,315,54,1,999.99,999.99,'USD',999.99,999.99,NULL,NULL),(699,316,25,4,999.99,3999.96,'USD',999.99,3999.96,NULL,NULL),(700,317,25,4,999.99,3999.96,'USD',999.99,3999.96,NULL,NULL),(701,318,1,1,999.99,999.99,'USD',999.99,999.99,NULL,NULL),(702,319,10,1,999.99,999.99,'USD',999.99,999.99,NULL,NULL);
/*!40000 ALTER TABLE `order_items` ENABLE KEYS */;
UNLOCK TABLES;

--
-- Table structure for table `order_promotion`
--

DROP TABLE IF EXISTS `order_promotion`;
/*!40101 SET @saved_cs_client     = @@character_set_client */;
/*!50503 SET character_set_client = utf8mb4 */;
CREATE TABLE `order_promotion` (
  `order_id` bigint(20) unsigned NOT NULL,
  `promotion_id` bigint(20) unsigned NOT NULL,
  `discount_applied` decimal(18,2) NOT NULL,
  PRIMARY KEY (`order_id`,`promotion_id`),
  KEY `order_promotion_promotion_id_foreign` (`promotion_id`),
  CONSTRAINT `order_promotion_order_id_foreign` FOREIGN KEY (`order_id`) REFERENCES `orders` (`order_id`) ON DELETE CASCADE,
  CONSTRAINT `order_promotion_promotion_id_foreign` FOREIGN KEY (`promotion_id`) REFERENCES `promotions` (`promotion_id`) ON DELETE CASCADE
) ENGINE=InnoDB DEFAULT CHARSET=utf8mb4 COLLATE=utf8mb4_unicode_ci;
/*!40101 SET character_set_client = @saved_cs_client */;

--
-- Dumping data for table `order_promotion`
--

LOCK TABLES `order_promotion` WRITE;
/*!40000 ALTER TABLE `order_promotion` DISABLE KEYS */;
INSERT INTO `order_promotion` VALUES (5,7,116382.00),(6,10,115.31),(19,10,168.54),(22,1,689.03),(32,10,209.62),(33,11,40.65),(41,5,87.08),(50,7,116382.00),(59,10,194.83),(73,7,116382.00),(83,10,93.16),(100,10,20.90),(137,1,543.77),(139,10,162.53),(180,7,116382.00),(182,10,215.76),(192,7,116382.00),(206,5,19.74),(208,1,446.30),(220,7,116382.00),(235,11,248.71),(284,1,653.53),(297,5,109.88);
/*!40000 ALTER TABLE `order_promotion` ENABLE KEYS */;
UNLOCK TABLES;

--
-- Table structure for table `orders`
--

DROP TABLE IF EXISTS `orders`;
/*!40101 SET @saved_cs_client     = @@character_set_client */;
/*!50503 SET character_set_client = utf8mb4 */;
CREATE TABLE `orders` (
  `order_id` bigint(20) unsigned NOT NULL AUTO_INCREMENT,
  `customer_id` bigint(20) unsigned NOT NULL,
  `order_number` varchar(50) NOT NULL,
  `sub_total` decimal(18,2) NOT NULL,
  `shipping_fee` decimal(18,2) NOT NULL DEFAULT 0.00,
  `discount_amount` decimal(18,2) NOT NULL DEFAULT 0.00,
  `total_amount` decimal(18,2) NOT NULL,
  `status` enum('pending_confirmation','processing','pending_assignment','assigned_to_shipper','delivering','delivered','completed','cancelled','returned') NOT NULL DEFAULT 'pending_confirmation',
  `currency` varchar(3) NOT NULL DEFAULT 'VND' COMMENT 'Mã tiền tệ của đơn hàng (VND, USD, etc.)',
  `exchange_rate` decimal(12,6) NOT NULL DEFAULT 1.000000 COMMENT 'Tỉ giá so với đơn vị tiền tệ cơ sở tại thời điểm đặt hàng',
  `total_amount_base` decimal(18,2) DEFAULT NULL COMMENT 'Tổng giá trị đơn hàng đã quy đổi về đơn vị tiền tệ cơ sở (e.g., USD)',
  `payment_method` tinyint(4) NOT NULL COMMENT 'e.g., 1:COD, 2:Bank Transfer, 3:Online Gateway',
  `payment_status` enum('unpaid','paid','failed','refunded') NOT NULL DEFAULT 'unpaid',
  `payment_transaction_id` varchar(500) DEFAULT NULL,
  `shipping_address_id` bigint(20) unsigned DEFAULT NULL,
  `notes` text DEFAULT NULL,
  `shipped_at` timestamp NULL DEFAULT NULL,
  `delivered_at` timestamp NULL DEFAULT NULL,
  `created_at` timestamp NULL DEFAULT NULL,
  `updated_at` timestamp NULL DEFAULT NULL,
  `deleted_at` timestamp NULL DEFAULT NULL,
  `shipper_id` bigint(20) unsigned DEFAULT NULL,
  PRIMARY KEY (`order_id`),
  UNIQUE KEY `orders_order_number_unique` (`order_number`),
  KEY `orders_customer_id_foreign` (`customer_id`),
  KEY `orders_shipping_address_id_foreign` (`shipping_address_id`),
  KEY `orders_shipper_id_foreign` (`shipper_id`),
  CONSTRAINT `orders_customer_id_foreign` FOREIGN KEY (`customer_id`) REFERENCES `users` (`id`),
  CONSTRAINT `orders_shipper_id_foreign` FOREIGN KEY (`shipper_id`) REFERENCES `users` (`id`),
  CONSTRAINT `orders_shipping_address_id_foreign` FOREIGN KEY (`shipping_address_id`) REFERENCES `user_addresses` (`id`) ON DELETE SET NULL
) ENGINE=InnoDB AUTO_INCREMENT=320 DEFAULT CHARSET=utf8mb4 COLLATE=utf8mb4_unicode_ci;
/*!40101 SET character_set_client = @saved_cs_client */;

--
-- Dumping data for table `orders`
--

LOCK TABLES `orders` WRITE;
/*!40000 ALTER TABLE `orders` DISABLE KEYS */;
INSERT INTO `orders` VALUES (1,22,'ORD-60637795',876.41,17.16,0.00,893.57,'delivered','USD',1.000000,893.57,1,'failed',NULL,1,'Nisi voluptates vitae culpa pariatur praesentium veritatis.',NULL,NULL,'2025-10-26 10:32:29','2025-10-26 10:32:29',NULL,NULL),(2,22,'ORD-4787486',522.69,21.20,0.00,543.89,'assigned_to_shipper','USD',1.000000,543.89,2,'paid',NULL,1,'Voluptates et vel voluptatem praesentium expedita.',NULL,NULL,'2025-10-26 10:32:29','2025-10-26 10:32:29',NULL,NULL),(3,22,'ORD-78281672',1708.91,41.41,0.00,1750.32,'completed','USD',1.000000,1750.32,1,'failed',NULL,1,'Alias corporis excepturi autem repellendus qui rem.',NULL,NULL,'2025-10-26 10:32:29','2025-10-26 10:32:29',NULL,NULL),(4,23,'ORD-24098888',1140.21,23.33,0.00,1163.54,'completed','USD',1.000000,1163.54,2,'failed',NULL,2,'Et adipisci debitis quis aliquid.',NULL,NULL,'2025-10-26 10:32:29','2025-10-26 10:32:29',NULL,NULL),(5,24,'ORD-17829008',837.05,26.24,116382.00,-115518.71,'delivered','USD',1.000000,863.29,2,'refunded',NULL,3,'Nostrum aut atque provident quam maxime est.',NULL,NULL,'2025-10-26 10:32:29','2025-10-26 10:32:31',NULL,NULL),(6,24,'ORD-45828078',960.88,49.60,115.31,895.17,'delivered','USD',1.000000,1010.48,3,'failed',NULL,3,'Deleniti rerum enim sit consequatur voluptatem soluta molestiae est.',NULL,NULL,'2025-10-26 10:32:29','2025-10-26 10:32:31',NULL,NULL),(7,24,'ORD-15973758',1579.34,35.21,0.00,1614.55,'completed','USD',1.000000,1614.55,3,'paid',NULL,3,'Aspernatur sunt eveniet pariatur est voluptates dicta odit facere.',NULL,NULL,'2025-10-26 10:32:29','2025-10-26 10:32:29',NULL,NULL),(8,25,'ORD-57885209',1499.19,17.84,0.00,1517.03,'pending_confirmation','USD',1.000000,1517.03,2,'unpaid',NULL,4,'Tenetur quisquam et adipisci.',NULL,NULL,'2025-10-26 10:32:29','2025-10-26 10:32:29',NULL,NULL),(9,25,'ORD-12414160',947.33,24.64,0.00,971.97,'cancelled','USD',1.000000,971.97,3,'failed',NULL,4,'Quas ut accusamus ex vero et.',NULL,NULL,'2025-10-26 10:32:29','2025-10-26 10:32:29',NULL,NULL),(10,26,'ORD-68313194',1475.37,43.86,0.00,1519.23,'pending_assignment','USD',1.000000,1519.23,1,'refunded',NULL,5,'Consectetur quo quos illum ex quis voluptatem.',NULL,NULL,'2025-10-26 10:32:29','2025-10-26 10:32:29',NULL,NULL),(11,26,'ORD-58326164',355.25,7.87,0.00,363.12,'processing','USD',1.000000,363.12,2,'failed',NULL,5,'Dolorem et rerum velit laboriosam omnis voluptates sapiente voluptatem.',NULL,NULL,'2025-10-26 10:32:29','2025-10-26 10:32:29',NULL,NULL),(12,27,'ORD-1243896',1718.95,46.37,0.00,1765.32,'processing','USD',1.000000,1765.32,1,'refunded',NULL,6,'Eos ut amet et.',NULL,NULL,'2025-10-26 10:32:29','2025-10-26 10:32:29',NULL,NULL),(13,27,'ORD-96093188',1472.67,42.17,0.00,1514.84,'delivering','USD',1.000000,1514.84,2,'failed',NULL,6,'Consequuntur ut non harum sit rerum.',NULL,NULL,'2025-10-26 10:32:29','2025-10-26 10:32:29',NULL,NULL),(14,27,'ORD-62238002',1587.78,37.09,0.00,1624.87,'delivered','USD',1.000000,1624.87,2,'paid',NULL,6,'Itaque dicta sed aliquam quod.',NULL,NULL,'2025-10-26 10:32:29','2025-10-26 10:32:29',NULL,NULL),(15,27,'ORD-33070328',1657.58,20.72,0.00,1678.30,'completed','USD',1.000000,1678.30,3,'unpaid',NULL,6,'Et ipsam qui dolore nobis odio.',NULL,NULL,'2025-10-26 10:32:29','2025-10-26 10:32:29',NULL,NULL),(16,28,'ORD-94209130',1364.80,26.97,0.00,1391.77,'completed','USD',1.000000,1391.77,2,'paid',NULL,7,'Aut molestias quos velit placeat perspiciatis temporibus.',NULL,NULL,'2025-10-26 10:32:29','2025-10-26 10:32:29',NULL,NULL),(17,28,'ORD-12758035',175.17,25.93,0.00,201.10,'returned','USD',1.000000,201.10,3,'paid',NULL,7,'Recusandae ducimus a est excepturi accusamus nam.',NULL,NULL,'2025-10-26 10:32:29','2025-10-26 10:32:29',NULL,NULL),(18,28,'ORD-85201748',1441.01,36.69,0.00,1477.70,'cancelled','USD',1.000000,1477.70,1,'failed',NULL,7,'Iusto asperiores et dolor.',NULL,NULL,'2025-10-26 10:32:29','2025-10-26 10:32:29',NULL,NULL),(19,28,'ORD-16267304',1404.53,20.37,168.54,1256.36,'delivering','USD',1.000000,1424.90,1,'failed',NULL,7,'Quibusdam nam recusandae illo nisi.',NULL,NULL,'2025-10-26 10:32:29','2025-10-26 10:32:31',NULL,NULL),(20,28,'ORD-85441299',133.29,44.14,0.00,177.43,'completed','USD',1.000000,177.43,2,'refunded',NULL,7,'Nobis est qui quo fugit corrupti cum esse.',NULL,NULL,'2025-10-26 10:32:29','2025-10-26 10:32:29',NULL,NULL),(21,29,'ORD-21177915',1781.49,10.54,0.00,1792.03,'assigned_to_shipper','USD',1.000000,1792.03,2,'failed',NULL,8,'Fugit quas reiciendis eos sit.',NULL,NULL,'2025-10-26 10:32:29','2025-10-26 10:32:29',NULL,NULL),(22,30,'ORD-79380655',1640.55,25.73,689.03,977.25,'processing','USD',1.000000,1666.28,2,'refunded',NULL,9,'Fugiat earum omnis repudiandae nostrum eius.',NULL,NULL,'2025-10-26 10:32:29','2025-10-26 10:32:31',NULL,NULL),(23,30,'ORD-72006809',117.69,20.20,0.00,137.89,'returned','USD',1.000000,137.89,2,'paid',NULL,9,'Iusto a distinctio voluptas hic minus similique unde quos.',NULL,NULL,'2025-10-26 10:32:29','2025-10-26 10:32:29',NULL,NULL),(24,30,'ORD-27535607',1697.58,5.35,0.00,1702.93,'pending_confirmation','USD',1.000000,1702.93,2,'unpaid',NULL,9,'Dolorem tempora assumenda voluptas architecto atque dolore inventore.',NULL,NULL,'2025-10-26 10:32:29','2025-10-26 10:32:29',NULL,NULL),(25,30,'ORD-54548271',1276.72,21.72,0.00,1298.44,'delivered','USD',1.000000,1298.44,3,'refunded',NULL,9,'Quis nisi nihil ut nesciunt voluptas.',NULL,NULL,'2025-10-26 10:32:29','2025-10-26 10:32:29',NULL,NULL),(26,31,'ORD-58846973',709.30,30.31,0.00,739.61,'assigned_to_shipper','USD',1.000000,739.61,1,'failed',NULL,10,'Quis exercitationem ex optio expedita ut aut suscipit.',NULL,NULL,'2025-10-26 10:32:29','2025-10-26 10:32:29',NULL,NULL),(27,31,'ORD-67420202',1380.90,43.23,0.00,1424.13,'pending_confirmation','USD',1.000000,1424.13,3,'failed',NULL,10,'Vel tempore voluptas ut voluptatem beatae laudantium.',NULL,NULL,'2025-10-26 10:32:29','2025-10-26 10:32:29',NULL,NULL),(28,31,'ORD-63634251',1514.36,30.66,0.00,1545.02,'assigned_to_shipper','USD',1.000000,1545.02,3,'paid',NULL,10,'Praesentium et dolores quisquam.',NULL,NULL,'2025-10-26 10:32:29','2025-10-26 10:32:29',NULL,NULL),(29,31,'ORD-30307777',1295.15,8.81,0.00,1303.96,'returned','USD',1.000000,1303.96,1,'failed',NULL,10,'Perspiciatis magnam illum et quasi quis nemo provident.',NULL,NULL,'2025-10-26 10:32:29','2025-10-26 10:32:29',NULL,NULL),(30,31,'ORD-37440439',1029.30,30.68,0.00,1059.98,'delivering','USD',1.000000,1059.98,1,'unpaid',NULL,10,'Assumenda laborum deleniti porro quis ut debitis.',NULL,NULL,'2025-10-26 10:32:29','2025-10-26 10:32:29',NULL,NULL),(31,32,'ORD-55886945',1685.86,28.38,0.00,1714.24,'pending_confirmation','USD',1.000000,1714.24,3,'unpaid',NULL,11,'Vitae quia nam nesciunt quam asperiores.',NULL,NULL,'2025-10-26 10:32:29','2025-10-26 10:32:29',NULL,NULL),(32,33,'ORD-37433488',1746.84,8.10,209.62,1545.32,'pending_confirmation','USD',1.000000,1754.94,1,'unpaid',NULL,12,'Aut quam sed corporis soluta praesentium aut aspernatur.',NULL,NULL,'2025-10-26 10:32:29','2025-10-26 10:32:31',NULL,NULL),(33,33,'ORD-95528503',239.14,13.20,40.65,211.69,'delivered','USD',1.000000,252.34,2,'paid',NULL,12,'Quidem ut consequatur inventore et.',NULL,NULL,'2025-10-26 10:32:29','2025-10-26 10:32:31',NULL,NULL),(34,33,'ORD-24464155',488.36,15.99,0.00,504.35,'assigned_to_shipper','USD',1.000000,504.35,2,'paid',NULL,12,'Voluptates et voluptas nostrum tempora doloribus ipsa atque.',NULL,NULL,'2025-10-26 10:32:29','2025-10-26 10:32:29',NULL,NULL),(35,33,'ORD-93593150',1050.25,16.56,0.00,1066.81,'pending_confirmation','USD',1.000000,1066.81,1,'paid',NULL,12,'Est occaecati temporibus et nesciunt.',NULL,NULL,'2025-10-26 10:32:29','2025-10-26 10:32:29',NULL,NULL),(36,33,'ORD-2391028',1500.43,33.87,0.00,1534.30,'pending_assignment','USD',1.000000,1534.30,1,'paid',NULL,12,'Dolores laudantium illo qui ut temporibus eum fuga.',NULL,NULL,'2025-10-26 10:32:29','2025-10-26 10:32:29',NULL,NULL),(37,34,'ORD-2587916',487.46,47.07,0.00,534.53,'delivered','USD',1.000000,534.53,3,'refunded',NULL,13,'Optio sed eos et eos.',NULL,NULL,'2025-10-26 10:32:29','2025-10-26 10:32:29',NULL,NULL),(38,34,'ORD-68725743',474.96,28.18,0.00,503.14,'cancelled','USD',1.000000,503.14,3,'failed',NULL,13,'Nisi fuga est et impedit iure sed est.',NULL,NULL,'2025-10-26 10:32:29','2025-10-26 10:32:29',NULL,NULL),(39,34,'ORD-20952309',367.10,10.52,0.00,377.62,'assigned_to_shipper','USD',1.000000,377.62,1,'paid',NULL,13,'Dignissimos explicabo nostrum enim eum beatae vel reiciendis adipisci.',NULL,NULL,'2025-10-26 10:32:29','2025-10-26 10:32:29',NULL,NULL),(40,35,'ORD-37575908',699.36,30.57,0.00,729.93,'pending_confirmation','USD',1.000000,729.93,1,'refunded',NULL,14,'Voluptas necessitatibus est ut porro nihil mollitia.',NULL,NULL,'2025-10-26 10:32:29','2025-10-26 10:32:29',NULL,NULL),(41,35,'ORD-69013620',725.66,28.87,87.08,667.45,'processing','USD',1.000000,754.53,1,'unpaid',NULL,14,'Est a et a quo.',NULL,NULL,'2025-10-26 10:32:29','2025-10-26 10:32:31',NULL,NULL),(42,35,'ORD-9080697',474.33,45.89,0.00,520.22,'completed','USD',1.000000,520.22,1,'failed',NULL,14,'Repellendus nihil autem porro tempore.',NULL,NULL,'2025-10-26 10:32:29','2025-10-26 10:32:29',NULL,NULL),(43,35,'ORD-78604756',1322.45,17.31,0.00,1339.76,'processing','USD',1.000000,1339.76,2,'paid',NULL,14,'Error ipsum temporibus corrupti magni nostrum.',NULL,NULL,'2025-10-26 10:32:29','2025-10-26 10:32:29',NULL,NULL),(44,36,'ORD-49696237',50.22,30.10,0.00,80.32,'processing','USD',1.000000,80.32,2,'paid',NULL,15,'Est hic ipsa nesciunt.',NULL,NULL,'2025-10-26 10:32:29','2025-10-26 10:32:29',NULL,NULL),(45,36,'ORD-69468825',1901.47,17.80,0.00,1919.27,'delivered','USD',1.000000,1919.27,1,'unpaid',NULL,15,'Veniam dolor numquam non beatae.',NULL,NULL,'2025-10-26 10:32:29','2025-10-26 10:32:29',NULL,NULL),(46,36,'ORD-44672368',1034.31,42.27,0.00,1076.58,'returned','USD',1.000000,1076.58,3,'refunded',NULL,15,'Nemo dolorum rem voluptatem in minima.',NULL,NULL,'2025-10-26 10:32:29','2025-10-26 10:32:29',NULL,NULL),(47,37,'ORD-25019101',1602.84,34.88,0.00,1637.72,'cancelled','USD',1.000000,1637.72,2,'unpaid',NULL,16,'Natus impedit hic sit consequatur quis consectetur.',NULL,NULL,'2025-10-26 10:32:29','2025-10-26 10:32:29',NULL,NULL),(48,37,'ORD-77222993',282.99,25.85,0.00,308.84,'delivered','USD',1.000000,308.84,3,'failed',NULL,16,'Autem eum odio qui sed cupiditate reprehenderit et.',NULL,NULL,'2025-10-26 10:32:29','2025-10-26 10:32:29',NULL,NULL),(49,37,'ORD-97631652',697.07,7.52,0.00,704.59,'assigned_to_shipper','USD',1.000000,704.59,3,'paid',NULL,16,'Pariatur cumque dolorem qui labore.',NULL,NULL,'2025-10-26 10:32:29','2025-10-26 10:32:29',NULL,NULL),(50,38,'ORD-44888019',1790.92,23.21,116382.00,-114567.87,'returned','USD',1.000000,1814.13,2,'refunded',NULL,17,'Eum quia ut esse voluptatem.',NULL,NULL,'2025-10-26 10:32:29','2025-10-26 10:32:31',NULL,NULL),(51,38,'ORD-82315591',679.33,9.19,0.00,688.52,'delivered','USD',1.000000,688.52,2,'refunded',NULL,17,'Architecto eos aut eligendi dolores et perferendis dolorum.',NULL,NULL,'2025-10-26 10:32:29','2025-10-26 10:32:29',NULL,NULL),(52,38,'ORD-9522343',63.85,42.49,0.00,106.34,'completed','USD',1.000000,106.34,1,'failed',NULL,17,'Est sed dolorum ea officia error.',NULL,NULL,'2025-10-26 10:32:29','2025-10-26 10:32:29',NULL,NULL),(53,38,'ORD-4586023',1454.39,30.97,0.00,1485.36,'completed','USD',1.000000,1485.36,2,'refunded',NULL,17,'Perferendis voluptatem dicta voluptatem nulla laudantium et voluptates.',NULL,NULL,'2025-10-26 10:32:29','2025-10-26 10:32:29',NULL,NULL),(54,38,'ORD-20023016',1479.93,13.09,0.00,1493.02,'completed','USD',1.000000,1493.02,3,'refunded',NULL,17,'Vitae illum est est quia quibusdam repellat.',NULL,NULL,'2025-10-26 10:32:29','2025-10-26 10:32:29',NULL,NULL),(55,39,'ORD-96569640',405.20,10.86,0.00,416.06,'delivered','USD',1.000000,416.06,2,'failed',NULL,18,'Qui sapiente nihil tempora quo dolores mollitia.',NULL,NULL,'2025-10-26 10:32:29','2025-10-26 10:32:29',NULL,NULL),(56,39,'ORD-5833653',212.19,41.42,0.00,253.61,'completed','USD',1.000000,253.61,3,'failed',NULL,18,'Quas porro odio sed sint aperiam consequuntur.',NULL,NULL,'2025-10-26 10:32:29','2025-10-26 10:32:29',NULL,NULL),(57,39,'ORD-14274188',198.12,38.22,0.00,236.34,'pending_confirmation','USD',1.000000,236.34,2,'failed',NULL,18,'Quae ratione qui esse qui non quisquam commodi.',NULL,NULL,'2025-10-26 10:32:29','2025-10-26 10:32:29',NULL,NULL),(58,39,'ORD-80766367',1690.11,33.90,0.00,1724.01,'completed','USD',1.000000,1724.01,2,'failed',NULL,18,'Unde fuga ullam iure sed quod omnis porro.',NULL,NULL,'2025-10-26 10:32:29','2025-10-26 10:32:29',NULL,NULL),(59,40,'ORD-78256341',1623.62,18.18,194.83,1446.97,'pending_assignment','USD',1.000000,1641.80,1,'refunded',NULL,19,'Ea eaque quia qui nihil quibusdam hic.',NULL,NULL,'2025-10-26 10:32:29','2025-10-26 10:32:31',NULL,NULL),(60,40,'ORD-17222315',395.20,20.70,0.00,415.90,'assigned_to_shipper','USD',1.000000,415.90,2,'failed',NULL,19,'Nam perferendis ea vel aut.',NULL,NULL,'2025-10-26 10:32:29','2025-10-26 10:32:29',NULL,NULL),(61,40,'ORD-95964284',97.68,29.85,0.00,127.53,'pending_confirmation','USD',1.000000,127.53,1,'paid',NULL,19,'Similique odio non molestiae velit qui sunt.',NULL,NULL,'2025-10-26 10:32:29','2025-10-26 10:32:29',NULL,NULL),(62,40,'ORD-92693916',1405.08,9.81,0.00,1414.89,'delivering','USD',1.000000,1414.89,1,'unpaid',NULL,19,'Eos est vel saepe unde qui et.',NULL,NULL,'2025-10-26 10:32:29','2025-10-26 10:32:29',NULL,NULL),(63,41,'ORD-82853804',472.86,43.13,0.00,515.99,'assigned_to_shipper','USD',1.000000,515.99,3,'failed',NULL,20,'Ex laudantium repudiandae quaerat libero.',NULL,NULL,'2025-10-26 10:32:29','2025-10-26 10:32:29',NULL,NULL),(64,41,'ORD-83561401',1014.46,8.80,0.00,1023.26,'pending_assignment','USD',1.000000,1023.26,3,'refunded',NULL,20,'Suscipit autem explicabo at quisquam.',NULL,NULL,'2025-10-26 10:32:29','2025-10-26 10:32:29',NULL,NULL),(65,41,'ORD-90770407',1102.94,47.35,0.00,1150.29,'delivered','USD',1.000000,1150.29,2,'paid',NULL,20,'Provident est quaerat ex pariatur odit.',NULL,NULL,'2025-10-26 10:32:29','2025-10-26 10:32:29',NULL,NULL),(66,41,'ORD-34223232',859.97,41.55,0.00,901.52,'delivered','USD',1.000000,901.52,2,'failed',NULL,20,'Nobis soluta quis iste sunt delectus.',NULL,NULL,'2025-10-26 10:32:29','2025-10-26 10:32:29',NULL,NULL),(67,41,'ORD-38652503',1682.43,15.65,0.00,1698.08,'assigned_to_shipper','USD',1.000000,1698.08,1,'refunded',NULL,20,'Eos sit non est velit sed excepturi.',NULL,NULL,'2025-10-26 10:32:29','2025-10-26 10:32:29',NULL,NULL),(68,42,'ORD-6396150',601.93,19.96,0.00,621.89,'pending_confirmation','USD',1.000000,621.89,3,'unpaid',NULL,21,'Quis occaecati deserunt vero.',NULL,NULL,'2025-10-26 10:32:29','2025-10-26 10:32:29',NULL,NULL),(69,42,'ORD-71480844',1383.05,41.92,0.00,1424.97,'processing','USD',1.000000,1424.97,2,'paid',NULL,21,'Vitae voluptas aut totam iure ut.',NULL,NULL,'2025-10-26 10:32:29','2025-10-26 10:32:29',NULL,NULL),(70,43,'ORD-62976179',1974.11,32.12,0.00,2006.23,'delivering','USD',1.000000,2006.23,2,'unpaid',NULL,22,'Et atque est perspiciatis non architecto impedit.',NULL,NULL,'2025-10-26 10:32:29','2025-10-26 10:32:29',NULL,NULL),(71,43,'ORD-82340163',561.69,16.89,0.00,578.58,'returned','USD',1.000000,578.58,3,'refunded',NULL,22,'Corrupti tenetur aspernatur rerum eos.',NULL,NULL,'2025-10-26 10:32:29','2025-10-26 10:32:29',NULL,NULL),(72,43,'ORD-83498780',1990.12,35.77,0.00,2025.89,'processing','USD',1.000000,2025.89,2,'refunded',NULL,22,'Et quibusdam rerum qui corrupti itaque aspernatur.',NULL,NULL,'2025-10-26 10:32:29','2025-10-26 10:32:29',NULL,NULL),(73,44,'ORD-88798902',1903.98,14.91,116382.00,-114463.11,'delivered','USD',1.000000,1918.89,2,'failed',NULL,23,'Quia quis dolores eaque mollitia tempora.',NULL,NULL,'2025-10-26 10:32:29','2025-10-26 10:32:31',NULL,NULL),(74,44,'ORD-17359071',1133.06,5.39,0.00,1138.45,'pending_confirmation','USD',1.000000,1138.45,3,'unpaid',NULL,23,'Eligendi in ad animi ipsum at.',NULL,NULL,'2025-10-26 10:32:29','2025-10-26 10:32:29',NULL,NULL),(75,44,'ORD-98602253',1004.10,49.80,0.00,1053.90,'completed','USD',1.000000,1053.90,2,'refunded',NULL,23,'Provident aperiam labore quis numquam.',NULL,NULL,'2025-10-26 10:32:29','2025-10-26 10:32:29',NULL,NULL),(76,44,'ORD-54616010',1474.58,36.92,0.00,1511.50,'pending_confirmation','USD',1.000000,1511.50,1,'unpaid',NULL,23,'Tempore in exercitationem velit corrupti.',NULL,NULL,'2025-10-26 10:32:29','2025-10-26 10:32:29',NULL,NULL),(77,44,'ORD-54678841',959.11,31.77,0.00,990.88,'delivering','USD',1.000000,990.88,3,'unpaid',NULL,23,'Sint nihil sequi voluptatem repellendus nulla.',NULL,NULL,'2025-10-26 10:32:29','2025-10-26 10:32:29',NULL,NULL),(78,45,'ORD-36527815',958.08,25.87,0.00,983.95,'processing','USD',1.000000,983.95,3,'paid',NULL,24,'Dolorem nesciunt omnis et et excepturi et magni.',NULL,NULL,'2025-10-26 10:32:29','2025-10-26 10:32:29',NULL,NULL),(79,46,'ORD-94830548',1993.03,15.91,0.00,2008.94,'cancelled','USD',1.000000,2008.94,1,'unpaid',NULL,25,'Ut officiis voluptatibus consequatur molestias.',NULL,NULL,'2025-10-26 10:32:29','2025-10-26 10:32:29',NULL,NULL),(80,46,'ORD-96849903',1210.97,9.88,0.00,1220.85,'completed','USD',1.000000,1220.85,1,'paid',NULL,25,'Laborum dicta ipsa aspernatur ab qui necessitatibus.',NULL,NULL,'2025-10-26 10:32:29','2025-10-26 10:32:29',NULL,NULL),(81,46,'ORD-77668808',1168.96,17.20,0.00,1186.16,'returned','USD',1.000000,1186.16,3,'paid',NULL,25,'Quo necessitatibus consectetur distinctio aut eaque aut molestiae fuga.',NULL,NULL,'2025-10-26 10:32:29','2025-10-26 10:32:29',NULL,NULL),(82,46,'ORD-64006400',1456.12,32.73,0.00,1488.85,'completed','USD',1.000000,1488.85,1,'unpaid',NULL,25,'Et animi magni ad.',NULL,NULL,'2025-10-26 10:32:29','2025-10-26 10:32:29',NULL,NULL),(83,46,'ORD-97271630',776.32,22.18,93.16,705.34,'pending_assignment','USD',1.000000,798.50,2,'failed',NULL,25,'Aliquam minima sapiente eum omnis cumque aut aut.',NULL,NULL,'2025-10-26 10:32:29','2025-10-26 10:32:31',NULL,NULL),(84,47,'ORD-92316032',1064.94,12.73,0.00,1077.67,'completed','USD',1.000000,1077.67,2,'refunded',NULL,26,'Et quis cum maxime omnis neque.',NULL,NULL,'2025-10-26 10:32:29','2025-10-26 10:32:29',NULL,NULL),(85,48,'ORD-90289293',1173.50,35.31,0.00,1208.81,'assigned_to_shipper','USD',1.000000,1208.81,2,'unpaid',NULL,27,'A incidunt tempore possimus et molestiae fugit provident.',NULL,NULL,'2025-10-26 10:32:29','2025-10-26 10:32:29',NULL,NULL),(86,48,'ORD-821206',1751.74,44.86,0.00,1796.60,'pending_assignment','USD',1.000000,1796.60,3,'failed',NULL,27,'Excepturi enim voluptatem ullam aut rerum quasi.',NULL,NULL,'2025-10-26 10:32:29','2025-10-26 10:32:29',NULL,NULL),(87,48,'ORD-98364261',1014.50,6.23,0.00,1020.73,'delivered','USD',1.000000,1020.73,1,'unpaid',NULL,27,'Et labore unde iste veritatis eum.',NULL,NULL,'2025-10-26 10:32:29','2025-10-26 10:32:29',NULL,NULL),(88,48,'ORD-44251221',1666.94,49.46,0.00,1716.40,'assigned_to_shipper','USD',1.000000,1716.40,2,'refunded',NULL,27,'Non voluptatibus tempore accusamus debitis.',NULL,NULL,'2025-10-26 10:32:29','2025-10-26 10:32:29',NULL,NULL),(89,48,'ORD-98374345',803.88,7.96,0.00,811.84,'assigned_to_shipper','USD',1.000000,811.84,2,'failed',NULL,27,'Consequatur praesentium voluptatem ipsum ullam aut porro.',NULL,NULL,'2025-10-26 10:32:29','2025-10-26 10:32:29',NULL,NULL),(90,49,'ORD-58880225',458.09,24.99,0.00,483.08,'cancelled','USD',1.000000,483.08,3,'failed',NULL,28,'Rem veniam corporis qui odit.',NULL,NULL,'2025-10-26 10:32:29','2025-10-26 10:32:29',NULL,NULL),(91,49,'ORD-14126278',1283.39,37.54,0.00,1320.93,'processing','USD',1.000000,1320.93,2,'paid',NULL,28,'Assumenda rerum et est officia.',NULL,NULL,'2025-10-26 10:32:29','2025-10-26 10:32:29',NULL,NULL),(92,49,'ORD-13236508',681.10,23.75,0.00,704.85,'delivered','USD',1.000000,704.85,1,'paid',NULL,28,'Reprehenderit eveniet fuga eligendi recusandae id cupiditate deserunt.',NULL,NULL,'2025-10-26 10:32:29','2025-10-26 10:32:29',NULL,NULL),(93,49,'ORD-30894320',534.08,14.26,0.00,548.34,'pending_confirmation','USD',1.000000,548.34,1,'paid',NULL,28,'Facilis nam cumque a eligendi sunt eos.',NULL,NULL,'2025-10-26 10:32:29','2025-10-26 10:32:29',NULL,NULL),(94,50,'ORD-32377704',1278.44,48.98,0.00,1327.42,'delivering','USD',1.000000,1327.42,3,'refunded',NULL,29,'Recusandae quia debitis optio enim fuga.',NULL,NULL,'2025-10-26 10:32:29','2025-10-26 10:32:29',NULL,NULL),(95,50,'ORD-86904669',693.56,39.92,0.00,733.48,'delivered','USD',1.000000,733.48,1,'refunded',NULL,29,'Amet quaerat qui similique sequi dignissimos et.',NULL,NULL,'2025-10-26 10:32:29','2025-10-26 10:32:29',NULL,NULL),(96,50,'ORD-76653575',556.92,48.34,0.00,605.26,'delivered','USD',1.000000,605.26,2,'refunded',NULL,29,'Et quis consectetur autem sunt.',NULL,NULL,'2025-10-26 10:32:29','2025-10-26 10:32:29',NULL,NULL),(97,51,'ORD-30219863',93.08,24.65,0.00,117.73,'delivering','USD',1.000000,117.73,3,'paid',NULL,30,'Quo aut sit et voluptate maiores qui.',NULL,NULL,'2025-10-26 10:32:29','2025-10-26 10:32:29',NULL,NULL),(98,52,'ORD-774167',164.62,6.67,0.00,171.29,'processing','USD',1.000000,171.29,1,'paid',NULL,31,'Eos labore non rerum ut labore quisquam quos.',NULL,NULL,'2025-10-26 10:32:29','2025-10-26 10:32:29',NULL,NULL),(99,52,'ORD-62578166',1896.07,37.52,0.00,1933.59,'completed','USD',1.000000,1933.59,3,'refunded',NULL,31,'Mollitia quia consequatur accusantium et.',NULL,NULL,'2025-10-26 10:32:29','2025-10-26 10:32:29',NULL,NULL),(100,52,'ORD-67396738',174.19,35.39,20.90,188.68,'processing','USD',1.000000,209.58,2,'refunded',NULL,31,'Modi non eum reiciendis ea provident et.',NULL,NULL,'2025-10-26 10:32:29','2025-10-26 10:32:31',NULL,NULL),(101,52,'ORD-95101492',1113.75,35.27,0.00,1149.02,'pending_confirmation','USD',1.000000,1149.02,2,'failed',NULL,31,'Molestias molestiae ea ipsum ad exercitationem impedit.',NULL,NULL,'2025-10-26 10:32:29','2025-10-26 10:32:29',NULL,NULL),(102,52,'ORD-57000601',988.12,8.04,0.00,996.16,'delivered','USD',1.000000,996.16,3,'paid',NULL,31,'Sunt voluptatum molestiae quae tempore ex.',NULL,NULL,'2025-10-26 10:32:29','2025-10-26 10:32:29',NULL,NULL),(103,53,'ORD-62272825',1176.59,43.31,0.00,1219.90,'pending_confirmation','USD',1.000000,1219.90,1,'paid',NULL,32,'Impedit rerum voluptas libero voluptatem mollitia tenetur tenetur.',NULL,NULL,'2025-10-26 10:32:29','2025-10-26 10:32:29',NULL,NULL),(104,54,'ORD-99776302',1218.74,14.09,0.00,1232.83,'pending_assignment','USD',1.000000,1232.83,2,'paid',NULL,33,'A aut qui est molestias sapiente et magnam architecto.',NULL,NULL,'2025-10-26 10:32:29','2025-10-26 10:32:29',NULL,NULL),(105,55,'ORD-34531835',322.95,33.32,0.00,356.27,'pending_confirmation','USD',1.000000,356.27,1,'paid',NULL,34,'Eos minima id esse exercitationem ea.',NULL,NULL,'2025-10-26 10:32:29','2025-10-26 10:32:29',NULL,NULL),(106,55,'ORD-97028612',1994.43,41.32,0.00,2035.75,'completed','USD',1.000000,2035.75,1,'failed',NULL,34,'Quia labore sint esse quisquam ratione.',NULL,NULL,'2025-10-26 10:32:29','2025-10-26 10:32:29',NULL,NULL),(107,55,'ORD-88224439',1770.28,31.18,0.00,1801.46,'cancelled','USD',1.000000,1801.46,3,'refunded',NULL,34,'Repellat et quos molestiae voluptate.',NULL,NULL,'2025-10-26 10:32:29','2025-10-26 10:32:29',NULL,NULL),(108,55,'ORD-42926235',189.89,35.13,0.00,225.02,'assigned_to_shipper','USD',1.000000,225.02,2,'paid',NULL,34,'Architecto dolor delectus quod sed eos.',NULL,NULL,'2025-10-26 10:32:29','2025-10-26 10:32:29',NULL,NULL),(109,56,'ORD-42170955',1570.02,17.34,0.00,1587.36,'assigned_to_shipper','USD',1.000000,1587.36,3,'failed',NULL,35,'Vitae ipsam vitae quo consequatur aut.',NULL,NULL,'2025-10-26 10:32:29','2025-10-26 10:32:29',NULL,NULL),(110,57,'ORD-17599691',1242.87,34.86,0.00,1277.73,'delivering','USD',1.000000,1277.73,3,'paid',NULL,36,'Quo ipsum molestias distinctio incidunt.',NULL,NULL,'2025-10-26 10:32:29','2025-10-26 10:32:29',NULL,NULL),(111,58,'ORD-41823336',724.19,45.30,0.00,769.49,'completed','USD',1.000000,769.49,2,'failed',NULL,37,'Unde aspernatur temporibus voluptatem dolor expedita.',NULL,NULL,'2025-10-26 10:32:29','2025-10-26 10:32:29',NULL,NULL),(112,58,'ORD-97657942',1339.17,42.73,0.00,1381.90,'delivering','USD',1.000000,1381.90,3,'paid',NULL,37,'Nisi recusandae qui accusamus ab quo delectus eos nam.',NULL,NULL,'2025-10-26 10:32:29','2025-10-26 10:32:29',NULL,NULL),(113,58,'ORD-44464635',624.97,45.05,0.00,670.02,'cancelled','USD',1.000000,670.02,1,'paid',NULL,37,'Omnis et vel nisi sit.',NULL,NULL,'2025-10-26 10:32:29','2025-10-26 10:32:29',NULL,NULL),(114,58,'ORD-19276199',1480.92,40.76,0.00,1521.68,'delivering','USD',1.000000,1521.68,1,'unpaid',NULL,37,'Harum ab sunt iure distinctio voluptas vel labore.',NULL,NULL,'2025-10-26 10:32:29','2025-10-26 10:32:29',NULL,NULL),(115,58,'ORD-65395839',1669.97,32.85,0.00,1702.82,'delivering','USD',1.000000,1702.82,3,'failed',NULL,37,'Expedita at vel pariatur quasi nihil ad earum vel.',NULL,NULL,'2025-10-26 10:32:29','2025-10-26 10:32:29',NULL,NULL),(116,59,'ORD-97639421',1308.74,23.27,0.00,1332.01,'delivering','USD',1.000000,1332.01,3,'refunded',NULL,38,'Quam aut et iusto ab.',NULL,NULL,'2025-10-26 10:32:29','2025-10-26 10:32:29',NULL,NULL),(117,59,'ORD-26833167',1109.88,36.36,0.00,1146.24,'delivering','USD',1.000000,1146.24,2,'refunded',NULL,38,'Consectetur corrupti quae quam beatae optio.',NULL,NULL,'2025-10-26 10:32:29','2025-10-26 10:32:29',NULL,NULL),(118,59,'ORD-1777439',1996.84,5.04,0.00,2001.88,'delivering','USD',1.000000,2001.88,3,'unpaid',NULL,38,'Sunt aut sunt ipsum.',NULL,NULL,'2025-10-26 10:32:29','2025-10-26 10:32:29',NULL,NULL),(119,59,'ORD-17907073',126.07,20.99,0.00,147.06,'pending_assignment','USD',1.000000,147.06,2,'paid',NULL,38,'Id nulla sed quod molestiae similique reiciendis facilis.',NULL,NULL,'2025-10-26 10:32:29','2025-10-26 10:32:29',NULL,NULL),(120,59,'ORD-32634444',1063.09,19.05,0.00,1082.14,'pending_confirmation','USD',1.000000,1082.14,3,'failed',NULL,38,'Aperiam quis dolores praesentium laborum.',NULL,NULL,'2025-10-26 10:32:29','2025-10-26 10:32:29',NULL,NULL),(121,60,'ORD-52241653',1971.80,13.34,0.00,1985.14,'pending_assignment','USD',1.000000,1985.14,1,'refunded',NULL,39,'Provident dolor quae laboriosam.',NULL,NULL,'2025-10-26 10:32:30','2025-10-26 10:32:30',NULL,NULL),(122,60,'ORD-31624447',213.86,14.96,0.00,228.82,'returned','USD',1.000000,228.82,1,'unpaid',NULL,39,'Nam quidem eos ratione ipsam nostrum quidem unde quam.',NULL,NULL,'2025-10-26 10:32:30','2025-10-26 10:32:30',NULL,NULL),(123,61,'ORD-21457405',273.02,42.95,0.00,315.97,'pending_assignment','USD',1.000000,315.97,2,'paid',NULL,40,'Ratione tempore aut asperiores est sed minima.',NULL,NULL,'2025-10-26 10:32:30','2025-10-26 10:32:30',NULL,NULL),(124,61,'ORD-35307586',982.98,37.90,0.00,1020.88,'pending_assignment','USD',1.000000,1020.88,3,'refunded',NULL,40,'Quia explicabo maxime et nihil harum quo minima.',NULL,NULL,'2025-10-26 10:32:30','2025-10-26 10:32:30',NULL,NULL),(125,61,'ORD-17531022',647.88,48.43,0.00,696.31,'pending_assignment','USD',1.000000,696.31,1,'failed',NULL,40,'Dicta neque voluptatibus repellat vel.',NULL,NULL,'2025-10-26 10:32:30','2025-10-26 10:32:30',NULL,NULL),(126,61,'ORD-6322432',588.85,23.50,0.00,612.35,'delivered','USD',1.000000,612.35,3,'unpaid',NULL,40,'Adipisci aut aut sint quis.',NULL,NULL,'2025-10-26 10:32:30','2025-10-26 10:32:30',NULL,NULL),(127,62,'ORD-90704418',1805.86,43.41,0.00,1849.27,'cancelled','USD',1.000000,1849.27,3,'refunded',NULL,41,'Eaque et quaerat ad.',NULL,NULL,'2025-10-26 10:32:30','2025-10-26 10:32:30',NULL,NULL),(128,63,'ORD-66034097',626.01,20.80,0.00,646.81,'cancelled','USD',1.000000,646.81,2,'failed',NULL,42,'Ad explicabo distinctio reprehenderit vel.',NULL,NULL,'2025-10-26 10:32:30','2025-10-26 10:32:30',NULL,NULL),(129,63,'ORD-13247959',988.27,7.28,0.00,995.55,'processing','USD',1.000000,995.55,3,'unpaid',NULL,42,'Id molestiae ea illum non est mollitia.',NULL,NULL,'2025-10-26 10:32:30','2025-10-26 10:32:30',NULL,NULL),(130,64,'ORD-19543201',1631.38,20.66,0.00,1652.04,'cancelled','USD',1.000000,1652.04,2,'unpaid',NULL,43,'Quo dolor aliquam est aut nulla autem velit.',NULL,NULL,'2025-10-26 10:32:30','2025-10-26 10:32:30',NULL,NULL),(131,64,'ORD-59589696',1318.35,34.64,0.00,1352.99,'pending_confirmation','USD',1.000000,1352.99,2,'unpaid',NULL,43,'Consequatur velit ut tempore dolores qui officia.',NULL,NULL,'2025-10-26 10:32:30','2025-10-26 10:32:30',NULL,NULL),(132,65,'ORD-85970802',911.40,30.80,0.00,942.20,'delivered','USD',1.000000,942.20,2,'unpaid',NULL,44,'Qui animi qui dignissimos placeat alias commodi temporibus.',NULL,NULL,'2025-10-26 10:32:30','2025-10-26 10:32:30',NULL,NULL),(133,65,'ORD-18045023',238.78,33.00,0.00,271.78,'pending_assignment','USD',1.000000,271.78,2,'refunded',NULL,44,'Velit ab sapiente architecto facilis sed officia.',NULL,NULL,'2025-10-26 10:32:30','2025-10-26 10:32:30',NULL,NULL),(134,66,'ORD-74505053',1838.92,23.13,0.00,1862.05,'pending_assignment','USD',1.000000,1862.05,3,'refunded',NULL,45,'Iure itaque possimus consequuntur quasi animi et tenetur.',NULL,NULL,'2025-10-26 10:32:30','2025-10-26 10:32:30',NULL,NULL),(135,66,'ORD-13154702',1337.99,37.75,0.00,1375.74,'delivered','USD',1.000000,1375.74,2,'unpaid',NULL,45,'Cum necessitatibus dolorem quia quam nesciunt reprehenderit.',NULL,NULL,'2025-10-26 10:32:30','2025-10-26 10:32:30',NULL,NULL),(136,66,'ORD-7933649',1396.57,15.08,0.00,1411.65,'pending_confirmation','USD',1.000000,1411.65,2,'paid',NULL,45,'Voluptas autem quisquam totam facere.',NULL,NULL,'2025-10-26 10:32:30','2025-10-26 10:32:30',NULL,NULL),(137,66,'ORD-22059971',1294.69,37.89,543.77,788.81,'assigned_to_shipper','USD',1.000000,1332.58,3,'refunded',NULL,45,'Recusandae aspernatur repellat maiores quibusdam dicta.',NULL,NULL,'2025-10-26 10:32:30','2025-10-26 10:32:31',NULL,NULL),(138,66,'ORD-18927535',1385.17,34.96,0.00,1420.13,'assigned_to_shipper','USD',1.000000,1420.13,2,'refunded',NULL,45,'At rerum repellendus occaecati inventore dicta nemo.',NULL,NULL,'2025-10-26 10:32:30','2025-10-26 10:32:30',NULL,NULL),(139,67,'ORD-96461640',1354.38,34.62,162.53,1226.47,'cancelled','USD',1.000000,1389.00,2,'refunded',NULL,46,'Non quia nihil vel dolores totam.',NULL,NULL,'2025-10-26 10:32:30','2025-10-26 10:32:31',NULL,NULL),(140,67,'ORD-88223366',354.50,49.53,0.00,404.03,'delivering','USD',1.000000,404.03,3,'refunded',NULL,46,'Velit et fuga similique est perferendis.',NULL,NULL,'2025-10-26 10:32:30','2025-10-26 10:32:30',NULL,NULL),(141,67,'ORD-55532733',409.10,9.15,0.00,418.25,'delivering','USD',1.000000,418.25,1,'paid',NULL,46,'Excepturi ad est nihil velit quisquam.',NULL,NULL,'2025-10-26 10:32:30','2025-10-26 10:32:30',NULL,NULL),(142,68,'ORD-75010703',1169.51,29.05,0.00,1198.56,'delivered','USD',1.000000,1198.56,1,'paid',NULL,47,'Ipsa sint officiis minima maiores.',NULL,NULL,'2025-10-26 10:32:30','2025-10-26 10:32:30',NULL,NULL),(143,68,'ORD-47672987',1116.13,34.47,0.00,1150.60,'returned','USD',1.000000,1150.60,1,'unpaid',NULL,47,'Perspiciatis veniam odit est dolorem saepe.',NULL,NULL,'2025-10-26 10:32:30','2025-10-26 10:32:30',NULL,NULL),(144,68,'ORD-22286145',471.54,38.37,0.00,509.91,'pending_confirmation','USD',1.000000,509.91,1,'failed',NULL,47,'Aut et eius vel voluptas omnis.',NULL,NULL,'2025-10-26 10:32:30','2025-10-26 10:32:30',NULL,NULL),(145,68,'ORD-62174840',1085.91,34.42,0.00,1120.33,'pending_confirmation','USD',1.000000,1120.33,1,'failed',NULL,47,'Quis dolores earum voluptatem modi perspiciatis veniam.',NULL,NULL,'2025-10-26 10:32:30','2025-10-26 10:32:30',NULL,NULL),(146,68,'ORD-35767398',1491.90,43.64,0.00,1535.54,'cancelled','USD',1.000000,1535.54,3,'unpaid',NULL,47,'Explicabo non est dolorem.',NULL,NULL,'2025-10-26 10:32:30','2025-10-26 10:32:30',NULL,NULL),(147,69,'ORD-99474984',218.50,28.49,0.00,246.99,'returned','USD',1.000000,246.99,2,'paid',NULL,48,'Molestiae sed recusandae temporibus voluptatem illo modi.',NULL,NULL,'2025-10-26 10:32:30','2025-10-26 10:32:30',NULL,NULL),(148,69,'ORD-40123450',1902.67,17.78,0.00,1920.45,'delivering','USD',1.000000,1920.45,3,'refunded',NULL,48,'Tempora nesciunt voluptates dolorem at.',NULL,NULL,'2025-10-26 10:32:30','2025-10-26 10:32:30',NULL,NULL),(149,69,'ORD-7856206',301.54,10.26,0.00,311.80,'delivering','USD',1.000000,311.80,3,'refunded',NULL,48,'Corporis sequi nobis quia cupiditate quod rerum inventore.',NULL,NULL,'2025-10-26 10:32:30','2025-10-26 10:32:30',NULL,NULL),(150,70,'ORD-71949876',1200.70,33.41,0.00,1234.11,'processing','USD',1.000000,1234.11,3,'unpaid',NULL,49,'Commodi quibusdam ut dolorem et mollitia ut perspiciatis.',NULL,NULL,'2025-10-26 10:32:30','2025-10-26 10:32:30',NULL,NULL),(151,70,'ORD-87028282',1665.39,5.70,0.00,1671.09,'processing','USD',1.000000,1671.09,3,'refunded',NULL,49,'Sed et ipsum amet harum est animi.',NULL,NULL,'2025-10-26 10:32:30','2025-10-26 10:32:30',NULL,NULL),(152,70,'ORD-98420252',780.10,24.63,0.00,804.73,'delivered','USD',1.000000,804.73,2,'refunded',NULL,49,'Placeat impedit deserunt quod harum qui at.',NULL,NULL,'2025-10-26 10:32:30','2025-10-26 10:32:30',NULL,NULL),(153,70,'ORD-74419903',1554.77,20.96,0.00,1575.73,'returned','USD',1.000000,1575.73,2,'unpaid',NULL,49,'Placeat eos aut non expedita soluta dolorum.',NULL,NULL,'2025-10-26 10:32:30','2025-10-26 10:32:30',NULL,NULL),(154,70,'ORD-86864739',800.51,43.05,0.00,843.56,'completed','USD',1.000000,843.56,3,'unpaid',NULL,49,'Odit et officia iusto consectetur quo.',NULL,NULL,'2025-10-26 10:32:30','2025-10-26 10:32:30',NULL,NULL),(155,71,'ORD-3698232',535.94,45.23,0.00,581.17,'delivered','USD',1.000000,581.17,3,'paid',NULL,50,'Et quia perferendis corporis a deleniti.',NULL,NULL,'2025-10-26 10:32:30','2025-10-26 10:32:30',NULL,NULL),(156,71,'ORD-5569906',1352.16,37.69,0.00,1389.85,'cancelled','USD',1.000000,1389.85,1,'failed',NULL,50,'Quo repudiandae sit sed maiores delectus itaque ex.',NULL,NULL,'2025-10-26 10:32:30','2025-10-26 10:32:30',NULL,NULL),(157,71,'ORD-77658030',1546.12,48.07,0.00,1594.19,'pending_assignment','USD',1.000000,1594.19,3,'unpaid',NULL,50,'Rerum facere quia nam animi.',NULL,NULL,'2025-10-26 10:32:30','2025-10-26 10:32:30',NULL,NULL),(158,71,'ORD-92486421',515.61,28.38,0.00,543.99,'cancelled','USD',1.000000,543.99,1,'unpaid',NULL,50,'Quo blanditiis labore est et.',NULL,NULL,'2025-10-26 10:32:30','2025-10-26 10:32:30',NULL,NULL),(159,71,'ORD-12632718',657.76,25.11,0.00,682.87,'completed','USD',1.000000,682.87,3,'refunded',NULL,50,'Aliquid nulla reprehenderit quo minus molestiae dolorem.',NULL,NULL,'2025-10-26 10:32:30','2025-10-26 10:32:30',NULL,NULL),(160,72,'ORD-86228846',1769.31,27.18,0.00,1796.49,'pending_assignment','USD',1.000000,1796.49,2,'paid',NULL,51,'Veritatis illum qui est nesciunt.',NULL,NULL,'2025-10-26 10:32:30','2025-10-26 10:32:30',NULL,NULL),(161,72,'ORD-95524724',1481.62,34.36,0.00,1515.98,'pending_assignment','USD',1.000000,1515.98,3,'refunded',NULL,51,'Voluptas vitae voluptas dolor est dolores voluptas.',NULL,NULL,'2025-10-26 10:32:30','2025-10-26 10:32:30',NULL,NULL),(162,73,'ORD-45569998',87.96,16.31,0.00,104.27,'delivered','USD',1.000000,104.27,3,'failed',NULL,52,'Beatae dolores id eos iste et.',NULL,NULL,'2025-10-26 10:32:30','2025-10-26 10:32:30',NULL,NULL),(163,73,'ORD-14910328',1571.49,13.59,0.00,1585.08,'delivering','USD',1.000000,1585.08,2,'failed',NULL,52,'Et ea totam error omnis voluptatem earum quae.',NULL,NULL,'2025-10-26 10:32:30','2025-10-26 10:32:30',NULL,NULL),(164,73,'ORD-90739237',1869.62,38.40,0.00,1908.02,'pending_confirmation','USD',1.000000,1908.02,3,'paid',NULL,52,'Magnam eos labore itaque at.',NULL,NULL,'2025-10-26 10:32:30','2025-10-26 10:32:30',NULL,NULL),(165,74,'ORD-87381492',321.79,45.46,0.00,367.25,'processing','USD',1.000000,367.25,1,'failed',NULL,53,'Quis quis et dolores vel sapiente omnis est.',NULL,NULL,'2025-10-26 10:32:30','2025-10-26 10:32:30',NULL,NULL),(166,74,'ORD-47396216',1999.10,47.64,0.00,2046.74,'returned','USD',1.000000,2046.74,1,'unpaid',NULL,53,'Sunt pariatur ea et qui cupiditate.',NULL,NULL,'2025-10-26 10:32:30','2025-10-26 10:32:30',NULL,NULL),(167,74,'ORD-48699340',441.99,48.86,0.00,490.85,'completed','USD',1.000000,490.85,3,'failed',NULL,53,'Dolor provident fugit quaerat ipsa fuga.',NULL,NULL,'2025-10-26 10:32:30','2025-10-26 10:32:30',NULL,NULL),(168,75,'ORD-24302030',1785.76,43.69,0.00,1829.45,'assigned_to_shipper','USD',1.000000,1829.45,3,'unpaid',NULL,54,'Sit minima sint quam consectetur ipsa suscipit in.',NULL,NULL,'2025-10-26 10:32:30','2025-10-26 10:32:30',NULL,NULL),(169,76,'ORD-39084763',1691.90,20.45,0.00,1712.35,'delivered','USD',1.000000,1712.35,3,'unpaid',NULL,55,'Ex sint veniam qui voluptatem veritatis.',NULL,NULL,'2025-10-26 10:32:30','2025-10-26 10:32:30',NULL,NULL),(170,76,'ORD-9481463',941.69,9.05,0.00,950.74,'returned','USD',1.000000,950.74,3,'refunded',NULL,55,'Laborum dolorum sunt suscipit eos est unde.',NULL,NULL,'2025-10-26 10:32:30','2025-10-26 10:32:30',NULL,NULL),(171,76,'ORD-75365023',1798.21,24.20,0.00,1822.41,'completed','USD',1.000000,1822.41,1,'unpaid',NULL,55,'Adipisci voluptatem commodi omnis quas excepturi accusamus.',NULL,NULL,'2025-10-26 10:32:30','2025-10-26 10:32:30',NULL,NULL),(172,76,'ORD-96548521',801.57,26.02,0.00,827.59,'delivered','USD',1.000000,827.59,1,'paid',NULL,55,'Commodi quo sint nemo aliquid asperiores.',NULL,NULL,'2025-10-26 10:32:30','2025-10-26 10:32:30',NULL,NULL),(173,76,'ORD-65504671',1909.34,7.79,0.00,1917.13,'assigned_to_shipper','USD',1.000000,1917.13,3,'failed',NULL,55,'Recusandae ex quae eum omnis sit beatae ratione.',NULL,NULL,'2025-10-26 10:32:30','2025-10-26 10:32:30',NULL,NULL),(174,77,'ORD-11635491',268.10,46.25,0.00,314.35,'processing','USD',1.000000,314.35,1,'unpaid',NULL,56,'Necessitatibus ea soluta excepturi ut necessitatibus libero quia.',NULL,NULL,'2025-10-26 10:32:30','2025-10-26 10:32:30',NULL,NULL),(175,77,'ORD-67292763',208.31,28.67,0.00,236.98,'pending_assignment','USD',1.000000,236.98,1,'unpaid',NULL,56,'Dolor iste et accusantium molestiae non rem sunt aut.',NULL,NULL,'2025-10-26 10:32:30','2025-10-26 10:32:30',NULL,NULL),(176,77,'ORD-81825104',457.22,41.48,0.00,498.70,'pending_assignment','USD',1.000000,498.70,2,'refunded',NULL,56,'Voluptatem quasi reiciendis impedit itaque hic et.',NULL,NULL,'2025-10-26 10:32:30','2025-10-26 10:32:30',NULL,NULL),(177,78,'ORD-94608182',957.49,25.86,0.00,983.35,'delivered','USD',1.000000,983.35,2,'unpaid',NULL,57,'Doloribus dolorum et sit dolor et nisi.',NULL,NULL,'2025-10-26 10:32:30','2025-10-26 10:32:30',NULL,NULL),(178,78,'ORD-49474985',151.62,42.61,0.00,194.23,'completed','USD',1.000000,194.23,1,'refunded',NULL,57,'Laudantium laborum error optio pariatur.',NULL,NULL,'2025-10-26 10:32:30','2025-10-26 10:32:30',NULL,NULL),(179,78,'ORD-58181889',1475.67,9.09,0.00,1484.76,'pending_confirmation','USD',1.000000,1484.76,3,'unpaid',NULL,57,'Perferendis sit cupiditate tenetur omnis.',NULL,NULL,'2025-10-26 10:32:30','2025-10-26 10:32:30',NULL,NULL),(180,78,'ORD-54431165',318.16,25.01,116382.00,-116038.83,'delivering','USD',1.000000,343.17,2,'failed',NULL,57,'Vitae nulla commodi dicta sed sint.',NULL,NULL,'2025-10-26 10:32:30','2025-10-26 10:32:31',NULL,NULL),(181,78,'ORD-76090198',1113.59,10.79,0.00,1124.38,'pending_assignment','USD',1.000000,1124.38,3,'failed',NULL,57,'Laudantium aut minus minus maxime ullam aut.',NULL,NULL,'2025-10-26 10:32:30','2025-10-26 10:32:30',NULL,NULL),(182,79,'ORD-80101328',1798.01,25.68,215.76,1607.93,'delivered','USD',1.000000,1823.69,1,'failed',NULL,58,'Et repellat dolor quos aperiam placeat dignissimos tenetur.',NULL,NULL,'2025-10-26 10:32:30','2025-10-26 10:32:31',NULL,NULL),(183,80,'ORD-91037057',534.78,36.66,0.00,571.44,'assigned_to_shipper','USD',1.000000,571.44,1,'refunded',NULL,59,'Vel sit architecto omnis illo natus atque dolor.',NULL,NULL,'2025-10-26 10:32:30','2025-10-26 10:32:30',NULL,NULL),(184,80,'ORD-97406248',466.92,42.88,0.00,509.80,'processing','USD',1.000000,509.80,2,'paid',NULL,59,'Officia molestiae consequuntur animi.',NULL,NULL,'2025-10-26 10:32:30','2025-10-26 10:32:30',NULL,NULL),(185,80,'ORD-93051960',1593.50,26.98,0.00,1620.48,'processing','USD',1.000000,1620.48,2,'paid',NULL,59,'Saepe commodi et delectus.',NULL,NULL,'2025-10-26 10:32:30','2025-10-26 10:32:30',NULL,NULL),(186,80,'ORD-40970218',1279.70,46.00,0.00,1325.70,'pending_confirmation','USD',1.000000,1325.70,1,'refunded',NULL,59,'Eos et dolore debitis nobis nesciunt.',NULL,NULL,'2025-10-26 10:32:30','2025-10-26 10:32:30',NULL,NULL),(187,80,'ORD-82693426',51.22,17.64,0.00,68.86,'delivered','USD',1.000000,68.86,3,'refunded',NULL,59,'Sed ducimus voluptas quas rerum at sit.',NULL,NULL,'2025-10-26 10:32:30','2025-10-26 10:32:30',NULL,NULL),(188,81,'ORD-31771588',1071.01,28.73,0.00,1099.74,'pending_confirmation','USD',1.000000,1099.74,3,'failed',NULL,60,'Sapiente voluptatem velit quis pariatur.',NULL,NULL,'2025-10-26 10:32:30','2025-10-26 10:32:30',NULL,NULL),(189,82,'ORD-81490299',1375.50,33.69,0.00,1409.19,'assigned_to_shipper','USD',1.000000,1409.19,1,'paid',NULL,61,'Illum soluta quia occaecati dolore.',NULL,NULL,'2025-10-26 10:32:30','2025-10-26 10:32:30',NULL,NULL),(190,83,'ORD-74020252',1070.77,9.48,0.00,1080.25,'processing','USD',1.000000,1080.25,3,'failed',NULL,62,'Nam rerum voluptates et pariatur delectus autem.',NULL,NULL,'2025-10-26 10:32:30','2025-10-26 10:32:30',NULL,NULL),(191,83,'ORD-38575353',1622.58,11.61,0.00,1634.19,'completed','USD',1.000000,1634.19,3,'failed',NULL,62,'Eius quidem facere soluta aut saepe distinctio.',NULL,NULL,'2025-10-26 10:32:30','2025-10-26 10:32:30',NULL,NULL),(192,83,'ORD-6331110',422.50,30.15,116382.00,-115929.35,'completed','USD',1.000000,452.65,3,'unpaid',NULL,62,'Veritatis corporis ipsa quisquam tempora eveniet consectetur autem.',NULL,NULL,'2025-10-26 10:32:30','2025-10-26 10:32:31',NULL,NULL),(193,84,'ORD-52716425',1363.41,12.90,0.00,1376.31,'processing','USD',1.000000,1376.31,1,'paid',NULL,63,'Eum consequatur necessitatibus aut perspiciatis.',NULL,NULL,'2025-10-26 10:32:30','2025-10-26 10:32:30',NULL,NULL),(194,84,'ORD-574227',1026.39,22.10,0.00,1048.49,'returned','USD',1.000000,1048.49,3,'refunded',NULL,63,'Quis cumque et qui sit omnis.',NULL,NULL,'2025-10-26 10:32:30','2025-10-26 10:32:30',NULL,NULL),(195,84,'ORD-94481205',1224.89,46.78,0.00,1271.67,'delivering','USD',1.000000,1271.67,2,'paid',NULL,63,'Recusandae quibusdam et dolores commodi modi.',NULL,NULL,'2025-10-26 10:32:30','2025-10-26 10:32:30',NULL,NULL),(196,84,'ORD-57927923',1009.92,25.05,0.00,1034.97,'cancelled','USD',1.000000,1034.97,1,'unpaid',NULL,63,'Et perspiciatis rerum earum ratione nesciunt.',NULL,NULL,'2025-10-26 10:32:30','2025-10-26 10:32:30',NULL,NULL),(197,85,'ORD-14656856',1049.37,29.01,0.00,1078.38,'returned','USD',1.000000,1078.38,1,'unpaid',NULL,64,'Totam facere et non repudiandae iste qui.',NULL,NULL,'2025-10-26 10:32:30','2025-10-26 10:32:30',NULL,NULL),(198,85,'ORD-82377444',1748.29,25.40,0.00,1773.69,'completed','USD',1.000000,1773.69,3,'failed',NULL,64,'Adipisci omnis ut rerum eos consequuntur.',NULL,NULL,'2025-10-26 10:32:30','2025-10-26 10:32:30',NULL,NULL),(199,86,'ORD-84767268',585.54,14.86,0.00,600.40,'completed','USD',1.000000,600.40,1,'unpaid',NULL,65,'Asperiores similique culpa blanditiis totam.',NULL,NULL,'2025-10-26 10:32:30','2025-10-26 10:32:30',NULL,NULL),(200,86,'ORD-33590831',1473.01,34.61,0.00,1507.62,'delivered','USD',1.000000,1507.62,2,'refunded',NULL,65,'Dolorem reiciendis molestias excepturi animi voluptatum et.',NULL,NULL,'2025-10-26 10:32:30','2025-10-26 10:32:30',NULL,NULL),(201,86,'ORD-28225059',1049.01,5.07,0.00,1054.08,'returned','USD',1.000000,1054.08,1,'failed',NULL,65,'Aut sunt omnis non impedit.',NULL,NULL,'2025-10-26 10:32:30','2025-10-26 10:32:30',NULL,NULL),(202,86,'ORD-268418',1846.81,41.92,0.00,1888.73,'delivered','USD',1.000000,1888.73,1,'refunded',NULL,65,'Sint ullam sint cum temporibus in ipsum.',NULL,NULL,'2025-10-26 10:32:30','2025-10-26 10:32:30',NULL,NULL),(203,87,'ORD-50226531',1519.74,37.97,0.00,1557.71,'assigned_to_shipper','USD',1.000000,1557.71,2,'paid',NULL,66,'Laudantium maiores aut eius ex dolorem tempora eos.',NULL,NULL,'2025-10-26 10:32:30','2025-10-26 10:32:30',NULL,NULL),(204,87,'ORD-84397482',1945.56,37.68,0.00,1983.24,'processing','USD',1.000000,1983.24,1,'paid',NULL,66,'Ad error qui voluptas suscipit.',NULL,NULL,'2025-10-26 10:32:30','2025-10-26 10:32:30',NULL,NULL),(205,87,'ORD-58649622',582.58,6.22,0.00,588.80,'assigned_to_shipper','USD',1.000000,588.80,2,'failed',NULL,66,'Magnam officiis quod autem animi est.',NULL,NULL,'2025-10-26 10:32:30','2025-10-26 10:32:30',NULL,NULL),(206,88,'ORD-75685530',164.51,14.91,19.74,159.68,'cancelled','USD',1.000000,179.42,3,'paid',NULL,67,'Officia fugiat adipisci quia ducimus molestiae consequatur et.',NULL,NULL,'2025-10-26 10:32:30','2025-10-26 10:32:31',NULL,NULL),(207,88,'ORD-46378741',775.39,46.65,0.00,822.04,'delivering','USD',1.000000,822.04,3,'paid',NULL,67,'Debitis dolorem omnis repudiandae consequatur.',NULL,NULL,'2025-10-26 10:32:30','2025-10-26 10:32:30',NULL,NULL),(208,89,'ORD-54105636',1062.62,35.44,446.30,651.76,'pending_assignment','USD',1.000000,1098.06,1,'paid',NULL,68,'Aut saepe et nihil.',NULL,NULL,'2025-10-26 10:32:30','2025-10-26 10:32:31',NULL,NULL),(209,89,'ORD-42738193',711.99,17.83,0.00,729.82,'pending_confirmation','USD',1.000000,729.82,2,'unpaid',NULL,68,'Dolorem quo placeat aut quaerat velit quae voluptates.',NULL,NULL,'2025-10-26 10:32:30','2025-10-26 10:32:30',NULL,NULL),(210,89,'ORD-63578172',1482.01,16.37,0.00,1498.38,'returned','USD',1.000000,1498.38,1,'failed',NULL,68,'Dicta quisquam inventore inventore nisi.',NULL,NULL,'2025-10-26 10:32:30','2025-10-26 10:32:30',NULL,NULL),(211,89,'ORD-73326903',477.66,18.43,0.00,496.09,'processing','USD',1.000000,496.09,3,'failed',NULL,68,'Cupiditate aut optio aut ut quia distinctio.',NULL,NULL,'2025-10-26 10:32:30','2025-10-26 10:32:30',NULL,NULL),(212,89,'ORD-48171572',1313.73,40.28,0.00,1354.01,'assigned_to_shipper','USD',1.000000,1354.01,2,'failed',NULL,68,'Dolorum eum possimus et temporibus totam.',NULL,NULL,'2025-10-26 10:32:30','2025-10-26 10:32:30',NULL,NULL),(213,90,'ORD-9829781',823.11,14.60,0.00,837.71,'processing','USD',1.000000,837.71,1,'unpaid',NULL,69,'Aliquid illum sit omnis minus vel.',NULL,NULL,'2025-10-26 10:32:30','2025-10-26 10:32:30',NULL,NULL),(214,90,'ORD-5959636',1160.38,5.49,0.00,1165.87,'returned','USD',1.000000,1165.87,2,'unpaid',NULL,69,'Consequatur dicta maiores est officia.',NULL,NULL,'2025-10-26 10:32:30','2025-10-26 10:32:30',NULL,NULL),(215,90,'ORD-86594395',1134.87,14.76,0.00,1149.63,'returned','USD',1.000000,1149.63,3,'unpaid',NULL,69,'Autem cupiditate quia quo sequi eum.',NULL,NULL,'2025-10-26 10:32:30','2025-10-26 10:32:30',NULL,NULL),(216,90,'ORD-55870934',1994.30,22.65,0.00,2016.95,'assigned_to_shipper','USD',1.000000,2016.95,1,'refunded',NULL,69,'Voluptate hic sit laborum deleniti ex et.',NULL,NULL,'2025-10-26 10:32:30','2025-10-26 10:32:30',NULL,NULL),(217,90,'ORD-43433509',101.64,26.04,0.00,127.68,'completed','USD',1.000000,127.68,2,'refunded',NULL,69,'Eius modi ex est rem facere quam id.',NULL,NULL,'2025-10-26 10:32:30','2025-10-26 10:32:30',NULL,NULL),(218,91,'ORD-60838217',882.83,31.65,0.00,914.48,'delivering','USD',1.000000,914.48,2,'refunded',NULL,70,'Iusto dolorem consectetur ut et tempore placeat.',NULL,NULL,'2025-10-26 10:32:30','2025-10-26 10:32:30',NULL,NULL),(219,91,'ORD-73503711',682.86,21.29,0.00,704.15,'pending_assignment','USD',1.000000,704.15,3,'paid',NULL,70,'Reprehenderit tempore enim id et quia architecto.',NULL,NULL,'2025-10-26 10:32:30','2025-10-26 10:32:30',NULL,NULL),(220,91,'ORD-48492784',470.26,42.29,116382.00,-115869.45,'delivering','USD',1.000000,512.55,1,'failed',NULL,70,'Atque earum alias sapiente quas officiis.',NULL,NULL,'2025-10-26 10:32:30','2025-10-26 10:32:31',NULL,NULL),(221,91,'ORD-86580097',1798.77,21.52,0.00,1820.29,'delivering','USD',1.000000,1820.29,1,'paid',NULL,70,'Qui beatae in qui deserunt maxime autem dolore.',NULL,NULL,'2025-10-26 10:32:30','2025-10-26 10:32:30',NULL,NULL),(222,92,'ORD-49111108',483.82,47.36,0.00,531.18,'delivering','USD',1.000000,531.18,2,'paid',NULL,71,'Illo aspernatur omnis quos distinctio dolorem.',NULL,NULL,'2025-10-26 10:32:30','2025-10-26 10:32:30',NULL,NULL),(223,92,'ORD-39431407',942.34,10.72,0.00,953.06,'pending_assignment','USD',1.000000,953.06,2,'failed',NULL,71,'Explicabo est sint et neque.',NULL,NULL,'2025-10-26 10:32:30','2025-10-26 10:32:30',NULL,NULL),(224,92,'ORD-35063365',155.51,37.56,0.00,193.07,'pending_confirmation','USD',1.000000,193.07,1,'unpaid',NULL,71,'Quasi laboriosam aut quos est repudiandae consectetur.',NULL,NULL,'2025-10-26 10:32:30','2025-10-26 10:32:30',NULL,NULL),(225,92,'ORD-17433568',1181.49,28.93,0.00,1210.42,'cancelled','USD',1.000000,1210.42,1,'refunded',NULL,71,'Repellendus doloribus qui aliquam.',NULL,NULL,'2025-10-26 10:32:30','2025-10-26 10:32:30',NULL,NULL),(226,93,'ORD-3670310',752.85,27.03,0.00,779.88,'completed','USD',1.000000,779.88,3,'refunded',NULL,72,'Eos ut qui in et molestiae aspernatur.',NULL,NULL,'2025-10-26 10:32:30','2025-10-26 10:32:30',NULL,NULL),(227,93,'ORD-5369468',784.57,49.88,0.00,834.45,'pending_assignment','USD',1.000000,834.45,1,'failed',NULL,72,'Est aut placeat expedita ad et nihil.',NULL,NULL,'2025-10-26 10:32:30','2025-10-26 10:32:30',NULL,NULL),(228,94,'ORD-27608293',149.99,13.88,0.00,163.87,'assigned_to_shipper','USD',1.000000,163.87,2,'refunded',NULL,73,'Est fugiat et voluptatum unde.',NULL,NULL,'2025-10-26 10:32:30','2025-10-26 10:32:30',NULL,NULL),(229,95,'ORD-26267921',1336.83,35.41,0.00,1372.24,'assigned_to_shipper','USD',1.000000,1372.24,1,'failed',NULL,74,'Voluptatem facilis qui in corporis.',NULL,NULL,'2025-10-26 10:32:30','2025-10-26 10:32:30',NULL,NULL),(230,95,'ORD-23808345',131.57,24.34,0.00,155.91,'delivering','USD',1.000000,155.91,3,'unpaid',NULL,74,'Vero vitae quae illum omnis qui.',NULL,NULL,'2025-10-26 10:32:30','2025-10-26 10:32:30',NULL,NULL),(231,96,'ORD-81850341',1512.06,22.51,0.00,1534.57,'assigned_to_shipper','USD',1.000000,1534.57,1,'unpaid',NULL,75,'Voluptatem sed debitis a et enim ab.',NULL,NULL,'2025-10-26 10:32:30','2025-10-26 10:32:30',NULL,NULL),(232,97,'ORD-22538117',985.59,7.24,0.00,992.83,'pending_assignment','USD',1.000000,992.83,1,'refunded',NULL,76,'Molestiae culpa id nobis.',NULL,NULL,'2025-10-26 10:32:30','2025-10-26 10:32:30',NULL,NULL),(233,97,'ORD-13913224',1599.08,8.74,0.00,1607.82,'delivered','USD',1.000000,1607.82,3,'refunded',NULL,76,'Consequuntur quia molestiae consequuntur enim.',NULL,NULL,'2025-10-26 10:32:30','2025-10-26 10:32:30',NULL,NULL),(234,97,'ORD-56155284',1779.06,13.82,0.00,1792.88,'cancelled','USD',1.000000,1792.88,1,'unpaid',NULL,76,'Aut recusandae quisquam dolores itaque beatae praesentium.',NULL,NULL,'2025-10-26 10:32:30','2025-10-26 10:32:30',NULL,NULL),(235,98,'ORD-59891238',1463.00,9.36,248.71,1223.65,'pending_confirmation','USD',1.000000,1472.36,3,'unpaid',NULL,77,'Ad quidem numquam quae minima consectetur.',NULL,NULL,'2025-10-26 10:32:30','2025-10-26 10:32:31',NULL,NULL),(236,98,'ORD-98636914',1140.65,34.12,0.00,1174.77,'processing','USD',1.000000,1174.77,1,'unpaid',NULL,77,'Consectetur ipsam non non alias assumenda.',NULL,NULL,'2025-10-26 10:32:30','2025-10-26 10:32:30',NULL,NULL),(237,99,'ORD-57475344',1582.39,34.24,0.00,1616.63,'pending_confirmation','USD',1.000000,1616.63,1,'refunded',NULL,78,'Itaque autem eos est debitis soluta.',NULL,NULL,'2025-10-26 10:32:30','2025-10-26 10:32:30',NULL,NULL),(238,100,'ORD-16913671',1375.82,46.67,0.00,1422.49,'delivered','USD',1.000000,1422.49,1,'refunded',NULL,79,'Et eos et alias sit qui.',NULL,NULL,'2025-10-26 10:32:30','2025-10-26 10:32:30',NULL,NULL),(239,100,'ORD-3014586',1969.32,18.69,0.00,1988.01,'pending_assignment','USD',1.000000,1988.01,2,'refunded',NULL,79,'Numquam quasi non odit quas tempora.',NULL,NULL,'2025-10-26 10:32:30','2025-10-26 10:32:30',NULL,NULL),(240,101,'ORD-60280302',1621.13,41.46,0.00,1662.59,'pending_assignment','USD',1.000000,1662.59,2,'failed',NULL,80,'Non facilis facilis dolore enim nobis autem.',NULL,NULL,'2025-10-26 10:32:30','2025-10-26 10:32:30',NULL,NULL),(241,101,'ORD-99315574',1229.72,42.47,0.00,1272.19,'delivering','USD',1.000000,1272.19,2,'paid',NULL,80,'Rerum eos nam molestias quis mollitia.',NULL,NULL,'2025-10-26 10:32:30','2025-10-26 10:32:30',NULL,NULL),(242,102,'ORD-42166940',1817.05,36.82,0.00,1853.87,'delivered','USD',1.000000,1853.87,3,'unpaid',NULL,81,'Id vero ad quaerat.',NULL,NULL,'2025-10-26 10:32:30','2025-10-26 10:32:30',NULL,NULL),(243,102,'ORD-44743669',1367.15,41.05,0.00,1408.20,'processing','USD',1.000000,1408.20,2,'refunded',NULL,81,'Necessitatibus iure voluptatum omnis dicta harum.',NULL,NULL,'2025-10-26 10:32:30','2025-10-26 10:32:30',NULL,NULL),(244,102,'ORD-10582650',1561.08,15.34,0.00,1576.42,'cancelled','USD',1.000000,1576.42,3,'failed',NULL,81,'Beatae non possimus quis cupiditate ad mollitia.',NULL,NULL,'2025-10-26 10:32:30','2025-10-26 10:32:30',NULL,NULL),(245,102,'ORD-93353704',976.99,42.86,0.00,1019.85,'returned','USD',1.000000,1019.85,1,'paid',NULL,81,'Pariatur aut temporibus esse quam.',NULL,NULL,'2025-10-26 10:32:30','2025-10-26 10:32:30',NULL,NULL),(246,102,'ORD-65655895',141.03,16.27,0.00,157.30,'processing','USD',1.000000,157.30,3,'paid',NULL,81,'Quae consequatur sit tenetur velit veniam et.',NULL,NULL,'2025-10-26 10:32:30','2025-10-26 10:32:30',NULL,NULL),(247,103,'ORD-1006970',1506.29,17.87,0.00,1524.16,'returned','USD',1.000000,1524.16,1,'paid',NULL,82,'Consequatur sit maxime repudiandae quod aut.',NULL,NULL,'2025-10-26 10:32:30','2025-10-26 10:32:30',NULL,NULL),(248,103,'ORD-46979690',1963.09,40.52,0.00,2003.61,'pending_confirmation','USD',1.000000,2003.61,1,'unpaid',NULL,82,'Molestias aut omnis sunt suscipit nesciunt debitis nihil.',NULL,NULL,'2025-10-26 10:32:30','2025-10-26 10:32:30',NULL,NULL),(249,103,'ORD-74446377',1634.38,19.00,0.00,1653.38,'delivered','USD',1.000000,1653.38,1,'failed',NULL,82,'Hic aut voluptatum nihil repellendus facere dolores et nam.',NULL,NULL,'2025-10-26 10:32:30','2025-10-26 10:32:30',NULL,NULL),(250,103,'ORD-62613444',819.89,35.56,0.00,855.45,'delivering','USD',1.000000,855.45,1,'paid',NULL,82,'Consequatur nulla aperiam mollitia id aspernatur ut.',NULL,NULL,'2025-10-26 10:32:30','2025-10-26 10:32:30',NULL,NULL),(251,104,'ORD-40090401',1536.94,40.19,0.00,1577.13,'cancelled','USD',1.000000,1577.13,2,'refunded',NULL,83,'Et assumenda maiores dicta qui ipsa.',NULL,NULL,'2025-10-26 10:32:30','2025-10-26 10:32:30',NULL,NULL),(252,104,'ORD-86433698',60.54,16.07,0.00,76.61,'returned','USD',1.000000,76.61,3,'refunded',NULL,83,'Unde velit id sit dolores laborum quia facilis.',NULL,NULL,'2025-10-26 10:32:30','2025-10-26 10:32:30',NULL,NULL),(253,104,'ORD-22855255',145.15,25.19,0.00,170.34,'delivered','USD',1.000000,170.34,1,'refunded',NULL,83,'Et tempora laboriosam nobis tenetur optio consequatur sint.',NULL,NULL,'2025-10-26 10:32:30','2025-10-26 10:32:30',NULL,NULL),(254,104,'ORD-59747692',109.78,32.83,0.00,142.61,'pending_assignment','USD',1.000000,142.61,3,'failed',NULL,83,'Nihil laudantium voluptatem ut ratione.',NULL,NULL,'2025-10-26 10:32:30','2025-10-26 10:32:30',NULL,NULL),(255,104,'ORD-29637846',630.47,11.41,0.00,641.88,'pending_confirmation','USD',1.000000,641.88,2,'refunded',NULL,83,'Qui vero quasi est praesentium ipsam.',NULL,NULL,'2025-10-26 10:32:30','2025-10-26 10:32:30',NULL,NULL),(256,105,'ORD-10609975',563.09,30.78,0.00,593.87,'delivered','USD',1.000000,593.87,2,'failed',NULL,84,'Soluta id voluptas aut sint.',NULL,NULL,'2025-10-26 10:32:30','2025-10-26 10:32:30',NULL,NULL),(257,106,'ORD-74662425',546.48,26.09,0.00,572.57,'completed','USD',1.000000,572.57,3,'unpaid',NULL,85,'Facere et nisi quae nam.',NULL,NULL,'2025-10-26 10:32:30','2025-10-26 10:32:30',NULL,NULL),(258,106,'ORD-9450119',1462.46,21.74,0.00,1484.20,'delivered','USD',1.000000,1484.20,3,'unpaid',NULL,85,'Qui deserunt est iusto sint esse doloribus cum.',NULL,NULL,'2025-10-26 10:32:30','2025-10-26 10:32:30',NULL,NULL),(259,106,'ORD-53366410',1966.74,38.03,0.00,2004.77,'pending_confirmation','USD',1.000000,2004.77,1,'unpaid',NULL,85,'Omnis excepturi quidem itaque possimus quis ullam.',NULL,NULL,'2025-10-26 10:32:30','2025-10-26 10:32:30',NULL,NULL),(260,106,'ORD-96338024',1167.50,25.35,0.00,1192.85,'cancelled','USD',1.000000,1192.85,2,'paid',NULL,85,'Natus sit quas totam sunt assumenda soluta aut.',NULL,NULL,'2025-10-26 10:32:30','2025-10-26 10:32:30',NULL,NULL),(261,107,'ORD-22892849',799.24,14.53,0.00,813.77,'cancelled','USD',1.000000,813.77,3,'refunded',NULL,86,'Blanditiis qui deserunt molestiae necessitatibus.',NULL,NULL,'2025-10-26 10:32:30','2025-10-26 10:32:30',NULL,NULL),(262,108,'ORD-72589832',504.69,26.26,0.00,530.95,'delivered','USD',1.000000,530.95,1,'paid',NULL,87,'Culpa commodi consectetur atque sit consequuntur.',NULL,NULL,'2025-10-26 10:32:30','2025-10-26 10:32:30',NULL,NULL),(263,108,'ORD-18648412',192.31,47.97,0.00,240.28,'returned','USD',1.000000,240.28,2,'refunded',NULL,87,'Reprehenderit et doloremque et voluptatem culpa ipsam.',NULL,NULL,'2025-10-26 10:32:30','2025-10-26 10:32:30',NULL,NULL),(264,108,'ORD-79038814',554.67,29.82,0.00,584.49,'delivering','USD',1.000000,584.49,2,'refunded',NULL,87,'Et cumque mollitia ut autem aliquid rem autem.',NULL,NULL,'2025-10-26 10:32:30','2025-10-26 10:32:30',NULL,NULL),(265,108,'ORD-66568237',908.61,8.84,0.00,917.45,'processing','USD',1.000000,917.45,3,'paid',NULL,87,'Ducimus rem aut dolorem et ullam temporibus.',NULL,NULL,'2025-10-26 10:32:30','2025-10-26 10:32:30',NULL,NULL),(266,109,'ORD-89677480',768.92,17.55,0.00,786.47,'delivered','USD',1.000000,786.47,2,'paid',NULL,88,'Nostrum quia dolores exercitationem.',NULL,NULL,'2025-10-26 10:32:30','2025-10-26 10:32:30',NULL,NULL),(267,109,'ORD-94257139',1149.90,21.12,0.00,1171.02,'pending_assignment','USD',1.000000,1171.02,1,'unpaid',NULL,88,'Eum ut unde molestias ea qui.',NULL,NULL,'2025-10-26 10:32:30','2025-10-26 10:32:30',NULL,NULL),(268,109,'ORD-72798445',809.55,38.51,0.00,848.06,'assigned_to_shipper','USD',1.000000,848.06,3,'paid',NULL,88,'Molestiae sit nostrum nostrum dolorum laudantium dolorum.',NULL,NULL,'2025-10-26 10:32:30','2025-10-26 10:32:30',NULL,NULL),(269,110,'ORD-86680705',438.47,45.95,0.00,484.42,'completed','USD',1.000000,484.42,2,'paid',NULL,89,'Ducimus ut non delectus culpa.',NULL,NULL,'2025-10-26 10:32:30','2025-10-26 10:32:30',NULL,NULL),(270,110,'ORD-40149611',1641.31,42.29,0.00,1683.60,'pending_confirmation','USD',1.000000,1683.60,1,'unpaid',NULL,89,'Nostrum odit saepe culpa sint.',NULL,NULL,'2025-10-26 10:32:30','2025-10-26 10:32:30',NULL,NULL),(271,110,'ORD-19671441',265.90,14.41,0.00,280.31,'returned','USD',1.000000,280.31,2,'paid',NULL,89,'Quasi quidem molestiae vero.',NULL,NULL,'2025-10-26 10:32:30','2025-10-26 10:32:30',NULL,NULL),(272,110,'ORD-97877679',1907.15,12.04,0.00,1919.19,'pending_assignment','USD',1.000000,1919.19,1,'paid',NULL,89,'Dicta hic occaecati laboriosam quo a nemo.',NULL,NULL,'2025-10-26 10:32:30','2025-10-26 10:32:30',NULL,NULL),(273,110,'ORD-39301867',1232.13,33.80,0.00,1265.93,'delivering','USD',1.000000,1265.93,2,'failed',NULL,89,'Doloremque voluptate et ut.',NULL,NULL,'2025-10-26 10:32:30','2025-10-26 10:32:30',NULL,NULL),(274,111,'ORD-17130130',435.80,31.49,0.00,467.29,'processing','USD',1.000000,467.29,3,'paid',NULL,90,'Corporis et atque ut aut consequatur consequatur.',NULL,NULL,'2025-10-26 10:32:30','2025-10-26 10:32:30',NULL,NULL),(275,111,'ORD-35803972',1940.45,40.36,0.00,1980.81,'processing','USD',1.000000,1980.81,1,'unpaid',NULL,90,'Quasi aut voluptatem qui a aut vitae.',NULL,NULL,'2025-10-26 10:32:30','2025-10-26 10:32:30',NULL,NULL),(276,111,'ORD-43705533',146.14,41.26,0.00,187.40,'returned','USD',1.000000,187.40,1,'refunded',NULL,90,'Numquam quae itaque et dolore voluptates et perferendis.',NULL,NULL,'2025-10-26 10:32:30','2025-10-26 10:32:30',NULL,NULL),(277,112,'ORD-31416105',1807.72,47.80,0.00,1855.52,'pending_assignment','USD',1.000000,1855.52,2,'paid',NULL,91,'Id veritatis iusto est provident et sit et veritatis.',NULL,NULL,'2025-10-26 10:32:30','2025-10-26 10:32:30',NULL,NULL),(278,113,'ORD-4320270',1027.62,42.63,0.00,1070.25,'assigned_to_shipper','USD',1.000000,1070.25,2,'failed',NULL,92,'Voluptatem molestiae ea soluta repudiandae adipisci facilis iure.',NULL,NULL,'2025-10-26 10:32:30','2025-10-26 10:32:30',NULL,NULL),(279,113,'ORD-22762189',1684.20,41.76,0.00,1725.96,'delivered','USD',1.000000,1725.96,3,'unpaid',NULL,92,'Quo quasi aut sit saepe atque.',NULL,NULL,'2025-10-26 10:32:30','2025-10-26 10:32:30',NULL,NULL),(280,113,'ORD-88432405',1256.10,10.79,0.00,1266.89,'cancelled','USD',1.000000,1266.89,3,'paid',NULL,92,'Voluptas quo itaque eum id voluptatum quia.',NULL,NULL,'2025-10-26 10:32:30','2025-10-26 10:32:30',NULL,NULL),(281,113,'ORD-83522476',912.74,41.22,0.00,953.96,'pending_confirmation','USD',1.000000,953.96,1,'failed',NULL,92,'Possimus deserunt non provident enim.',NULL,NULL,'2025-10-26 10:32:30','2025-10-26 10:32:30',NULL,NULL),(282,114,'ORD-43487408',379.28,29.21,0.00,408.49,'delivered','USD',1.000000,408.49,2,'unpaid',NULL,93,'Debitis cum at soluta quam omnis consequatur sint.',NULL,NULL,'2025-10-26 10:32:30','2025-10-26 10:32:30',NULL,NULL),(283,114,'ORD-71746723',817.78,18.92,0.00,836.70,'delivered','USD',1.000000,836.70,1,'unpaid',NULL,93,'Corrupti non unde occaecati nihil ut.',NULL,NULL,'2025-10-26 10:32:30','2025-10-26 10:32:30',NULL,NULL),(284,115,'ORD-62153190',1556.02,49.46,653.53,951.95,'pending_assignment','USD',1.000000,1605.48,3,'failed',NULL,94,'Magni animi magnam hic ducimus vero maxime.',NULL,NULL,'2025-10-26 10:32:30','2025-10-26 10:32:31',NULL,NULL),(285,115,'ORD-95811682',691.95,10.53,0.00,702.48,'pending_confirmation','USD',1.000000,702.48,2,'refunded',NULL,94,'Necessitatibus et et a.',NULL,NULL,'2025-10-26 10:32:30','2025-10-26 10:32:30',NULL,NULL),(286,115,'ORD-95180396',234.44,24.90,0.00,259.34,'delivered','USD',1.000000,259.34,2,'paid',NULL,94,'Et eos et aut molestiae doloremque blanditiis.',NULL,NULL,'2025-10-26 10:32:30','2025-10-26 10:32:30',NULL,NULL),(287,115,'ORD-93822904',703.50,33.53,0.00,737.03,'processing','USD',1.000000,737.03,2,'unpaid',NULL,94,'Vitae reiciendis nulla tempore sed inventore qui in.',NULL,NULL,'2025-10-26 10:32:30','2025-10-26 10:32:30',NULL,NULL),(288,115,'ORD-82320852',675.30,6.97,0.00,682.27,'delivering','USD',1.000000,682.27,3,'refunded',NULL,94,'Qui est animi omnis.',NULL,NULL,'2025-10-26 10:32:30','2025-10-26 10:32:30',NULL,NULL),(289,116,'ORD-84374575',192.04,14.28,0.00,206.32,'delivering','USD',1.000000,206.32,3,'failed',NULL,95,'Voluptas provident atque animi illum porro ducimus doloribus repellendus.',NULL,NULL,'2025-10-26 10:32:30','2025-10-26 10:32:30',NULL,NULL),(290,117,'ORD-76232811',1856.53,34.35,0.00,1890.88,'processing','USD',1.000000,1890.88,3,'paid',NULL,96,'Mollitia autem quam ut et odit velit.',NULL,NULL,'2025-10-26 10:32:30','2025-10-26 10:32:30',NULL,NULL),(291,117,'ORD-67202657',284.12,40.26,0.00,324.38,'returned','USD',1.000000,324.38,2,'failed',NULL,96,'Sunt tempore excepturi doloremque culpa perspiciatis quo aut quia.',NULL,NULL,'2025-10-26 10:32:30','2025-10-26 10:32:30',NULL,NULL),(292,117,'ORD-85599285',765.13,49.93,0.00,815.06,'pending_assignment','USD',1.000000,815.06,2,'unpaid',NULL,96,'Necessitatibus magnam odit beatae.',NULL,NULL,'2025-10-26 10:32:31','2025-10-26 10:32:31',NULL,NULL),(293,117,'ORD-5189759',590.63,10.13,0.00,600.76,'processing','USD',1.000000,600.76,3,'failed',NULL,96,'Error ut sunt et ratione quia neque.',NULL,NULL,'2025-10-26 10:32:31','2025-10-26 10:32:31',NULL,NULL),(294,117,'ORD-81397458',752.87,46.44,0.00,799.31,'delivering','USD',1.000000,799.31,3,'failed',NULL,96,'Labore ratione voluptate in vero dicta aut.',NULL,NULL,'2025-10-26 10:32:31','2025-10-26 10:32:31',NULL,NULL),(295,118,'ORD-53224209',1893.39,6.93,0.00,1900.32,'pending_assignment','USD',1.000000,1900.32,2,'paid',NULL,97,'Est quis eveniet quo.',NULL,NULL,'2025-10-26 10:32:31','2025-10-26 10:32:31',NULL,NULL),(296,118,'ORD-3011958',1562.47,22.30,0.00,1584.77,'delivering','USD',1.000000,1584.77,1,'failed',NULL,97,'Numquam accusantium architecto dolorem asperiores est eveniet vel.',NULL,NULL,'2025-10-26 10:32:31','2025-10-26 10:32:31',NULL,NULL),(297,118,'ORD-17541579',915.66,6.73,109.88,812.51,'delivering','USD',1.000000,922.39,3,'unpaid',NULL,97,'Cum occaecati omnis iste amet tenetur et iure aliquid.',NULL,NULL,'2025-10-26 10:32:31','2025-10-26 10:32:31',NULL,NULL),(298,119,'ORD-51071431',1525.51,33.23,0.00,1558.74,'returned','USD',1.000000,1558.74,3,'refunded',NULL,98,'Quis sit sit iure dolor.',NULL,NULL,'2025-10-26 10:32:31','2025-10-26 10:32:31',NULL,NULL),(299,119,'ORD-71939105',855.09,9.22,0.00,864.31,'delivering','USD',1.000000,864.31,3,'refunded',NULL,98,'Vero autem esse corporis.',NULL,NULL,'2025-10-26 10:32:31','2025-10-26 10:32:31',NULL,NULL),(300,119,'ORD-80141260',678.38,8.75,0.00,687.13,'pending_confirmation','USD',1.000000,687.13,2,'refunded',NULL,98,'Et maxime impedit qui harum quia quis sint.',NULL,NULL,'2025-10-26 10:32:31','2025-10-26 10:32:31',NULL,NULL),(301,119,'ORD-7566310',93.32,35.01,0.00,128.33,'returned','USD',1.000000,128.33,2,'failed',NULL,98,'Velit odit quia sint ex consequuntur.',NULL,NULL,'2025-10-26 10:32:31','2025-10-26 10:32:31',NULL,NULL),(302,119,'ORD-65649498',1855.53,43.73,0.00,1899.26,'delivering','USD',1.000000,1899.26,1,'paid',NULL,98,'Natus commodi odio qui explicabo hic.',NULL,NULL,'2025-10-26 10:32:31','2025-10-26 10:32:31',NULL,NULL),(303,120,'ORD-26891096',646.91,9.03,0.00,655.94,'pending_assignment','USD',1.000000,655.94,3,'refunded',NULL,99,'Neque repudiandae nostrum ducimus quisquam.',NULL,NULL,'2025-10-26 10:32:31','2025-10-26 10:32:31',NULL,NULL),(304,120,'ORD-13254625',1861.10,46.70,0.00,1907.80,'cancelled','USD',1.000000,1907.80,2,'refunded',NULL,99,'Minus nisi exercitationem voluptatem voluptas quos velit.',NULL,NULL,'2025-10-26 10:32:31','2025-10-26 10:32:31',NULL,NULL),(305,120,'ORD-48151173',1727.88,19.54,0.00,1747.42,'delivering','USD',1.000000,1747.42,3,'failed',NULL,99,'Repellendus voluptas rerum ullam rem.',NULL,NULL,'2025-10-26 10:32:31','2025-10-26 10:32:31',NULL,NULL),(306,120,'ORD-32488295',1408.15,44.24,0.00,1452.39,'returned','USD',1.000000,1452.39,1,'refunded',NULL,99,'Qui quis nemo commodi aut autem aliquam.',NULL,NULL,'2025-10-26 10:32:31','2025-10-26 10:32:31',NULL,NULL),(307,121,'ORD-29928503',1439.56,17.02,0.00,1456.58,'completed','USD',1.000000,1456.58,3,'refunded',NULL,100,'Accusantium sed aliquid est et hic possimus eum.',NULL,NULL,'2025-10-26 10:32:31','2025-10-26 10:32:31',NULL,NULL),(308,121,'ORD-41240573',1611.36,42.42,0.00,1653.78,'delivering','USD',1.000000,1653.78,3,'unpaid',NULL,100,'Tenetur qui voluptate impedit dicta sed.',NULL,NULL,'2025-10-26 10:32:31','2025-10-26 10:32:31',NULL,NULL),(309,121,'ORD-81664038',458.52,34.44,0.00,492.96,'pending_confirmation','USD',1.000000,492.96,1,'unpaid',NULL,100,'Consequatur non ut vel laborum eos ducimus.',NULL,NULL,'2025-10-26 10:32:31','2025-10-26 10:32:31',NULL,NULL),(310,132,'ORD-20251027-EDFE2F',999.99,0.00,0.00,999.99,'pending_confirmation','USD',1.000000,999.99,1,'unpaid',NULL,NULL,'Mua ngay từ trang chi tiết sản phẩm',NULL,NULL,'2025-10-27 01:43:10','2025-10-27 01:43:10',NULL,NULL),(311,132,'ORD-20251027-6A9FC1',999.99,0.00,0.00,999.99,'pending_confirmation','USD',1.000000,999.99,1,'unpaid',NULL,NULL,'Mua ngay từ trang chi tiết sản phẩm',NULL,NULL,'2025-10-27 01:55:50','2025-10-27 01:55:50',NULL,NULL),(312,132,'ORD-20251027-083D4A',17854021.00,0.00,0.00,17854021.00,'pending_confirmation','USD',1.000000,17854021.00,1,'unpaid',NULL,NULL,'Mua ngay từ trang chi tiết sản phẩm',NULL,NULL,'2025-10-27 02:04:32','2025-10-27 02:04:32',NULL,NULL),(313,132,'ORD-20251027-330DF4',17854021.00,0.00,0.00,17854021.00,'pending_confirmation','USD',1.000000,17854021.00,1,'unpaid',NULL,NULL,'Mua ngay từ trang chi tiết sản phẩm',NULL,NULL,'2025-10-27 02:04:35','2025-10-27 02:04:35',NULL,NULL),(314,132,'ORD-20251027-6B83F9',24655411.00,0.00,0.00,24655411.00,'pending_confirmation','USD',1.000000,24655411.00,1,'unpaid',NULL,NULL,'Mua ngay từ trang chi tiết sản phẩm',NULL,NULL,'2025-10-27 02:05:42','2025-10-27 02:05:42',NULL,NULL),(315,132,'ORD-20251027-749894',999.99,0.00,0.00,999.99,'pending_confirmation','USD',1.000000,999.99,1,'unpaid',NULL,NULL,'Mua ngay từ trang chi tiết sản phẩm',NULL,NULL,'2025-10-27 02:06:15','2025-10-27 02:06:15',NULL,NULL),(316,132,'ORD-20251027-F4308A',3999.96,0.00,0.00,3999.96,'pending_confirmation','USD',1.000000,3999.96,1,'failed',NULL,NULL,'Mua ngay từ trang chi tiết sản phẩm',NULL,NULL,'2025-10-27 02:24:15','2025-10-27 02:26:05',NULL,NULL),(317,132,'ORD-20251027-D0A9C7',3999.96,0.00,0.00,3999.96,'processing','USD',1.000000,3999.96,1,'paid',NULL,NULL,'Mua ngay từ trang chi tiết sản phẩm',NULL,NULL,'2025-10-27 02:28:45','2025-10-27 02:29:41',NULL,NULL),(318,132,'ORD-20251027-2C65A9',999.99,0.00,0.00,999.99,'processing','USD',1.000000,999.99,1,'paid',NULL,NULL,'Mua ngay từ trang chi tiết sản phẩm',NULL,NULL,'2025-10-27 04:29:54','2025-10-27 04:39:32',NULL,NULL),(319,132,'ORD-20251027-CD0D8D',999.99,0.00,0.00,999.99,'processing','USD',1.000000,999.99,1,'paid',NULL,NULL,'Mua ngay từ trang chi tiết sản phẩm',NULL,NULL,'2025-10-27 04:46:52','2025-10-27 04:47:38',NULL,NULL);
/*!40000 ALTER TABLE `orders` ENABLE KEYS */;
UNLOCK TABLES;

--
-- Table structure for table `password_reset_tokens`
--

DROP TABLE IF EXISTS `password_reset_tokens`;
/*!40101 SET @saved_cs_client     = @@character_set_client */;
/*!50503 SET character_set_client = utf8mb4 */;
CREATE TABLE `password_reset_tokens` (
  `email` varchar(255) NOT NULL,
  `token` varchar(255) NOT NULL,
  `created_at` timestamp NULL DEFAULT NULL,
  PRIMARY KEY (`email`)
) ENGINE=InnoDB DEFAULT CHARSET=utf8mb4 COLLATE=utf8mb4_unicode_ci;
/*!40101 SET character_set_client = @saved_cs_client */;

--
-- Dumping data for table `password_reset_tokens`
--

LOCK TABLES `password_reset_tokens` WRITE;
/*!40000 ALTER TABLE `password_reset_tokens` DISABLE KEYS */;
/*!40000 ALTER TABLE `password_reset_tokens` ENABLE KEYS */;
UNLOCK TABLES;

--
-- Table structure for table `permission_role`
--

DROP TABLE IF EXISTS `permission_role`;
/*!40101 SET @saved_cs_client     = @@character_set_client */;
/*!50503 SET character_set_client = utf8mb4 */;
CREATE TABLE `permission_role` (
  `permission_id` bigint(20) unsigned NOT NULL,
  `role_id` bigint(20) unsigned NOT NULL,
  PRIMARY KEY (`permission_id`,`role_id`),
  KEY `permission_role_role_id_foreign` (`role_id`),
  CONSTRAINT `permission_role_permission_id_foreign` FOREIGN KEY (`permission_id`) REFERENCES `permissions` (`id`) ON DELETE CASCADE,
  CONSTRAINT `permission_role_role_id_foreign` FOREIGN KEY (`role_id`) REFERENCES `roles` (`id`) ON DELETE CASCADE
) ENGINE=InnoDB DEFAULT CHARSET=utf8mb4 COLLATE=utf8mb4_unicode_ci;
/*!40101 SET character_set_client = @saved_cs_client */;

--
-- Dumping data for table `permission_role`
--

LOCK TABLES `permission_role` WRITE;
/*!40000 ALTER TABLE `permission_role` DISABLE KEYS */;
INSERT INTO `permission_role` VALUES (1,1),(2,1),(3,1),(4,1),(5,1),(6,1),(6,2),(7,1),(7,2),(8,1),(8,2),(9,1),(9,2),(10,1),(10,2),(11,1),(11,2),(12,1),(12,2),(13,1),(13,2),(14,1),(15,1),(16,1),(16,2),(17,1),(18,1),(19,1);
/*!40000 ALTER TABLE `permission_role` ENABLE KEYS */;
UNLOCK TABLES;

--
-- Table structure for table `permissions`
--

DROP TABLE IF EXISTS `permissions`;
/*!40101 SET @saved_cs_client     = @@character_set_client */;
/*!50503 SET character_set_client = utf8mb4 */;
CREATE TABLE `permissions` (
  `id` bigint(20) unsigned NOT NULL AUTO_INCREMENT,
  `name` varchar(255) NOT NULL,
  `description` varchar(255) DEFAULT NULL,
  `created_at` timestamp NULL DEFAULT NULL,
  `updated_at` timestamp NULL DEFAULT NULL,
  PRIMARY KEY (`id`),
  UNIQUE KEY `permissions_name_unique` (`name`)
) ENGINE=InnoDB AUTO_INCREMENT=20 DEFAULT CHARSET=utf8mb4 COLLATE=utf8mb4_unicode_ci;
/*!40101 SET character_set_client = @saved_cs_client */;

--
-- Dumping data for table `permissions`
--

LOCK TABLES `permissions` WRITE;
/*!40000 ALTER TABLE `permissions` DISABLE KEYS */;
INSERT INTO `permissions` VALUES (1,'manage_users',NULL,'2025-10-26 10:32:26','2025-10-26 10:32:26'),(2,'view_users',NULL,'2025-10-26 10:32:26','2025-10-26 10:32:26'),(3,'create_users',NULL,'2025-10-26 10:32:26','2025-10-26 10:32:26'),(4,'edit_users',NULL,'2025-10-26 10:32:26','2025-10-26 10:32:26'),(5,'delete_users',NULL,'2025-10-26 10:32:26','2025-10-26 10:32:26'),(6,'manage_products',NULL,'2025-10-26 10:32:26','2025-10-26 10:32:26'),(7,'view_products',NULL,'2025-10-26 10:32:26','2025-10-26 10:32:26'),(8,'create_products',NULL,'2025-10-26 10:32:26','2025-10-26 10:32:26'),(9,'edit_products',NULL,'2025-10-26 10:32:26','2025-10-26 10:32:26'),(10,'delete_products',NULL,'2025-10-26 10:32:26','2025-10-26 10:32:26'),(11,'manage_orders',NULL,'2025-10-26 10:32:26','2025-10-26 10:32:26'),(12,'view_orders',NULL,'2025-10-26 10:32:26','2025-10-26 10:32:26'),(13,'edit_orders',NULL,'2025-10-26 10:32:26','2025-10-26 10:32:26'),(14,'manage_categories',NULL,'2025-10-26 10:32:26','2025-10-26 10:32:26'),(15,'manage_brands',NULL,'2025-10-26 10:32:26','2025-10-26 10:32:26'),(16,'view_dashboard',NULL,'2025-10-26 10:32:26','2025-10-26 10:32:26'),(17,'manage_settings',NULL,'2025-10-26 10:32:26','2025-10-26 10:32:26'),(18,'manage_promotions',NULL,'2025-10-26 10:32:26','2025-10-26 10:32:26'),(19,'manage_disputes',NULL,'2025-10-26 10:32:26','2025-10-26 10:32:26');
/*!40000 ALTER TABLE `permissions` ENABLE KEYS */;
UNLOCK TABLES;

--
-- Table structure for table `product_answers`
--

DROP TABLE IF EXISTS `product_answers`;
/*!40101 SET @saved_cs_client     = @@character_set_client */;
/*!50503 SET character_set_client = utf8mb4 */;
CREATE TABLE `product_answers` (
  `id` bigint(20) unsigned NOT NULL AUTO_INCREMENT,
  `question_id` bigint(20) unsigned NOT NULL,
  `user_id` bigint(20) unsigned NOT NULL,
  `answer` text NOT NULL,
  `user_type` enum('customer','seller','admin') NOT NULL DEFAULT 'customer',
  `is_verified` tinyint(1) NOT NULL DEFAULT 0,
  `is_anonymous` tinyint(1) NOT NULL DEFAULT 0,
  `helpful_count` int(10) unsigned NOT NULL DEFAULT 0,
  `not_helpful_count` int(10) unsigned NOT NULL DEFAULT 0,
  `is_best_answer` tinyint(1) NOT NULL DEFAULT 0,
  `metadata` longtext CHARACTER SET utf8mb4 COLLATE utf8mb4_bin DEFAULT NULL CHECK (json_valid(`metadata`)),
  `created_at` timestamp NULL DEFAULT NULL,
  `updated_at` timestamp NULL DEFAULT NULL,
  PRIMARY KEY (`id`),
  UNIQUE KEY `unique_best_answer` (`question_id`),
  KEY `product_answers_question_id_is_best_answer_helpful_count_index` (`question_id`,`is_best_answer`,`helpful_count`),
  KEY `product_answers_user_id_user_type_index` (`user_id`,`user_type`),
  KEY `product_answers_is_verified_helpful_count_index` (`is_verified`,`helpful_count`),
  CONSTRAINT `product_answers_question_id_foreign` FOREIGN KEY (`question_id`) REFERENCES `product_questions` (`id`) ON DELETE CASCADE,
  CONSTRAINT `product_answers_user_id_foreign` FOREIGN KEY (`user_id`) REFERENCES `users` (`id`) ON DELETE CASCADE
) ENGINE=InnoDB DEFAULT CHARSET=utf8mb4 COLLATE=utf8mb4_unicode_ci;
/*!40101 SET character_set_client = @saved_cs_client */;

--
-- Dumping data for table `product_answers`
--

LOCK TABLES `product_answers` WRITE;
/*!40000 ALTER TABLE `product_answers` DISABLE KEYS */;
/*!40000 ALTER TABLE `product_answers` ENABLE KEYS */;
UNLOCK TABLES;

--
-- Table structure for table `product_images`
--

DROP TABLE IF EXISTS `product_images`;
/*!40101 SET @saved_cs_client     = @@character_set_client */;
/*!50503 SET character_set_client = utf8mb4 */;
CREATE TABLE `product_images` (
  `image_id` bigint(20) unsigned NOT NULL AUTO_INCREMENT,
  `product_id` bigint(20) unsigned NOT NULL,
  `image_url` varchar(500) NOT NULL,
  `alt_text` varchar(200) DEFAULT NULL,
  `is_primary` tinyint(1) NOT NULL DEFAULT 0,
  `display_order` int(11) NOT NULL DEFAULT 0,
  `created_at` timestamp NULL DEFAULT NULL,
  `updated_at` timestamp NULL DEFAULT NULL,
  PRIMARY KEY (`image_id`),
  KEY `product_images_product_id_foreign` (`product_id`),
  CONSTRAINT `product_images_product_id_foreign` FOREIGN KEY (`product_id`) REFERENCES `products` (`product_id`) ON DELETE CASCADE
) ENGINE=InnoDB AUTO_INCREMENT=392 DEFAULT CHARSET=utf8mb4 COLLATE=utf8mb4_unicode_ci;
/*!40101 SET character_set_client = @saved_cs_client */;

--
-- Dumping data for table `product_images`
--

LOCK TABLES `product_images` WRITE;
/*!40000 ALTER TABLE `product_images` DISABLE KEYS */;
INSERT INTO `product_images` VALUES (1,1,'https://picsum.photos/seed/d3c4cec5-cb9b-3ada-8850-3d04407409a5/800/800','Ipsam iste rerum repellendus.',1,10,'2025-10-26 10:32:27','2025-10-26 10:32:27'),(2,1,'https://picsum.photos/seed/4b499f83-4d2f-33e9-b2cb-be33070b1618/800/800','Voluptatem quae hic.',0,5,'2025-10-26 10:32:27','2025-10-26 10:32:27'),(3,1,'https://picsum.photos/seed/736291a1-751d-36d6-8453-b66bf14f2966/800/800','Unde est occaecati ea.',0,4,'2025-10-26 10:32:27','2025-10-26 10:32:27'),(4,1,'https://picsum.photos/seed/e41a22e3-bb37-373d-a2b6-91c75a0eb669/800/800','Reprehenderit repellat incidunt.',0,1,'2025-10-26 10:32:27','2025-10-26 10:32:27'),(5,2,'https://picsum.photos/seed/583adeaa-7a80-3201-a24d-9f3ae37ed23a/800/800','Culpa doloribus eos commodi.',1,3,'2025-10-26 10:32:27','2025-10-26 10:32:27'),(6,2,'https://picsum.photos/seed/e189c486-5a9f-33c6-9398-46b179e2ecd6/800/800','Ex provident voluptate.',0,5,'2025-10-26 10:32:27','2025-10-26 10:32:27'),(7,2,'https://picsum.photos/seed/440c0bca-9be6-3cea-a7e2-363b725bac67/800/800','Eos ut aperiam.',0,5,'2025-10-26 10:32:27','2025-10-26 10:32:27'),(8,2,'https://picsum.photos/seed/668700db-9024-3928-a4ed-48043ab5f362/800/800','Voluptatibus ut in vitae eum.',0,8,'2025-10-26 10:32:27','2025-10-26 10:32:27'),(9,2,'https://picsum.photos/seed/ed903ccb-ffb4-31d9-937e-5f9985277765/800/800','Et incidunt est est.',0,1,'2025-10-26 10:32:27','2025-10-26 10:32:27'),(10,3,'https://picsum.photos/seed/c01f6abe-1e80-3b2a-8866-7bd879c868fc/800/800','Et nisi odio sunt qui.',1,8,'2025-10-26 10:32:27','2025-10-26 10:32:27'),(11,3,'https://picsum.photos/seed/81f08cae-b76e-3de4-9e30-0801ee912964/800/800','Voluptatem neque vero blanditiis.',0,1,'2025-10-26 10:32:27','2025-10-26 10:32:27'),(12,3,'https://picsum.photos/seed/cf694180-b767-369e-b7a4-6c73afa3abfb/800/800','Et id ut ipsam.',0,1,'2025-10-26 10:32:27','2025-10-26 10:32:27'),(13,3,'https://picsum.photos/seed/50c3e22c-337e-31cf-b1a4-52432f91f78c/800/800','Veniam deleniti consequatur dolorem nihil.',0,4,'2025-10-26 10:32:27','2025-10-26 10:32:27'),(14,3,'https://picsum.photos/seed/a6fd4fe2-be20-3eb4-b3c8-6caa91985423/800/800','Voluptatibus et.',0,5,'2025-10-26 10:32:27','2025-10-26 10:32:27'),(15,4,'https://picsum.photos/seed/3b635843-443e-34da-846e-74174aeaee76/800/800','Quia voluptas tempore ipsam.',1,9,'2025-10-26 10:32:27','2025-10-26 10:32:27'),(16,4,'https://picsum.photos/seed/b04b181a-1180-371a-9036-5c38a3805c11/800/800','Iusto sed dolor.',0,2,'2025-10-26 10:32:27','2025-10-26 10:32:27'),(17,4,'https://picsum.photos/seed/857569d7-8a6f-3f87-a8d0-95a9502f1205/800/800','Ullam quis.',0,3,'2025-10-26 10:32:27','2025-10-26 10:32:27'),(18,4,'https://picsum.photos/seed/edcb1626-a45c-3f85-9f4b-d5aaa2e109ca/800/800','Quis magnam minus qui suscipit.',0,10,'2025-10-26 10:32:27','2025-10-26 10:32:27'),(19,5,'https://picsum.photos/seed/fe236184-04d6-38a9-a2f3-ca7f7e6a4c67/800/800','Consequatur cumque.',1,3,'2025-10-26 10:32:27','2025-10-26 10:32:27'),(20,5,'https://picsum.photos/seed/33e9fb35-f06c-3592-9c95-e69d07040d2f/800/800','Dolor sit et vitae.',0,3,'2025-10-26 10:32:27','2025-10-26 10:32:27'),(21,5,'https://picsum.photos/seed/8c4292a7-8c24-374f-83d3-69bb706dea56/800/800','Mollitia et asperiores.',0,5,'2025-10-26 10:32:27','2025-10-26 10:32:27'),(22,6,'https://picsum.photos/seed/250d4f5e-fcc9-36b1-ac6f-be462185b7c9/800/800','Officiis tempore temporibus dolorem aut.',1,5,'2025-10-26 10:32:27','2025-10-26 10:32:27'),(23,6,'https://picsum.photos/seed/511d793d-ae5e-3c15-ae64-bcc71602e87f/800/800','Occaecati atque doloribus inventore.',0,6,'2025-10-26 10:32:27','2025-10-26 10:32:27'),(24,6,'https://picsum.photos/seed/277a9883-b315-3a5a-a16a-9fb5a83492fd/800/800','Vel consequuntur.',0,10,'2025-10-26 10:32:27','2025-10-26 10:32:27'),(25,6,'https://picsum.photos/seed/6f100d2b-58a0-386d-9230-abd4a604fd52/800/800','Ratione voluptas quibusdam harum.',0,4,'2025-10-26 10:32:27','2025-10-26 10:32:27'),(26,7,'https://picsum.photos/seed/c88e51e4-d4c8-37fc-8fb1-43f5d3039c80/800/800','Omnis dolores quos.',1,7,'2025-10-26 10:32:27','2025-10-26 10:32:27'),(27,7,'https://picsum.photos/seed/173177db-797d-32b4-a047-ea6811e4ed97/800/800','Ad autem et.',0,2,'2025-10-26 10:32:27','2025-10-26 10:32:27'),(28,7,'https://picsum.photos/seed/ec986f3d-424f-3471-9bf9-22f64b234214/800/800','Et ea magnam.',0,3,'2025-10-26 10:32:27','2025-10-26 10:32:27'),(29,8,'https://picsum.photos/seed/efbbcc85-ea2f-30cb-b1f7-6808b570bbec/800/800','Distinctio libero.',1,4,'2025-10-26 10:32:27','2025-10-26 10:32:27'),(30,8,'https://picsum.photos/seed/f8c91a4b-c3e1-367f-9705-ba1bf621def7/800/800','Commodi in quis eaque eveniet.',0,8,'2025-10-26 10:32:27','2025-10-26 10:32:27'),(31,8,'https://picsum.photos/seed/f6ab0bd5-aad6-3a28-a7df-6a6cb93bbc85/800/800','In autem voluptas.',0,6,'2025-10-26 10:32:27','2025-10-26 10:32:27'),(32,8,'https://picsum.photos/seed/be59806f-b1f2-394e-984f-30ab7eb3c3ca/800/800','Enim laudantium maiores sapiente.',0,3,'2025-10-26 10:32:27','2025-10-26 10:32:27'),(33,9,'https://picsum.photos/seed/053c110f-bf3a-3209-85f4-ff50554a5174/800/800','Vero placeat.',1,2,'2025-10-26 10:32:27','2025-10-26 10:32:27'),(34,9,'https://picsum.photos/seed/dea5861a-9f03-3330-b8bd-e7acffc7541c/800/800','Vel dolore.',0,9,'2025-10-26 10:32:27','2025-10-26 10:32:27'),(35,9,'https://picsum.photos/seed/5edcc590-5582-31b3-b997-d41c298012ec/800/800','Qui vero.',0,5,'2025-10-26 10:32:27','2025-10-26 10:32:27'),(36,9,'https://picsum.photos/seed/23942706-232d-33a1-8279-da98f8ec9d23/800/800','Facilis ex id.',0,4,'2025-10-26 10:32:27','2025-10-26 10:32:27'),(37,10,'https://picsum.photos/seed/4484b52d-ec55-3327-a4db-b44429665cc2/800/800','Dignissimos omnis officiis in.',1,10,'2025-10-26 10:32:27','2025-10-26 10:32:27'),(38,10,'https://picsum.photos/seed/0b975a03-121f-3f2a-be29-23c3e1261143/800/800','Reprehenderit qui quia sequi.',0,4,'2025-10-26 10:32:27','2025-10-26 10:32:27'),(39,10,'https://picsum.photos/seed/b10aa44d-3233-388f-82ee-8c32b6ef6e97/800/800','Doloremque deserunt nemo nobis.',0,7,'2025-10-26 10:32:27','2025-10-26 10:32:27'),(40,11,'https://picsum.photos/seed/e04b19a0-ad85-3521-a204-0fdcbf36f90c/800/800','Ea velit sit.',1,7,'2025-10-26 10:32:27','2025-10-26 10:32:27'),(41,11,'https://picsum.photos/seed/f62a2f57-d2fe-3488-9ae7-d3431f377eb1/800/800','Odio ut excepturi quis.',0,8,'2025-10-26 10:32:27','2025-10-26 10:32:27'),(42,11,'https://picsum.photos/seed/a19d63d9-df63-3b0f-9dbc-8a49374c59ca/800/800','Eligendi mollitia ut alias.',0,2,'2025-10-26 10:32:27','2025-10-26 10:32:27'),(43,11,'https://picsum.photos/seed/ea368916-2429-3336-bec9-0641d832fb92/800/800','Voluptatem aperiam voluptatibus.',0,6,'2025-10-26 10:32:27','2025-10-26 10:32:27'),(44,11,'https://picsum.photos/seed/5ee5c05b-ce68-36bc-8ee3-264e6d37ab0a/800/800','Cum et natus sit.',0,5,'2025-10-26 10:32:27','2025-10-26 10:32:27'),(45,12,'https://picsum.photos/seed/7cd6dff8-3c51-3bfb-905b-ec9e3bda456f/800/800','Dolor excepturi est temporibus.',1,7,'2025-10-26 10:32:27','2025-10-26 10:32:27'),(46,12,'https://picsum.photos/seed/f90ec1bf-600d-31f4-8680-12c06c7c34c9/800/800','Natus totam quos aut.',0,10,'2025-10-26 10:32:27','2025-10-26 10:32:27'),(47,12,'https://picsum.photos/seed/857bf6fd-6be0-3600-a964-87c4352ad8d2/800/800','Occaecati maiores voluptates magnam.',0,10,'2025-10-26 10:32:27','2025-10-26 10:32:27'),(48,12,'https://picsum.photos/seed/e76fe34f-d539-317e-816a-99f5c6110837/800/800','Odio modi voluptas.',0,4,'2025-10-26 10:32:27','2025-10-26 10:32:27'),(49,13,'https://picsum.photos/seed/2b0f0e02-da76-3734-91a4-7618c68464a0/800/800','Eaque numquam cum facere.',1,2,'2025-10-26 10:32:27','2025-10-26 10:32:27'),(50,13,'https://picsum.photos/seed/f1608637-ef6a-33df-b3b5-6943f09bd70c/800/800','Nobis quia repellat doloremque.',0,1,'2025-10-26 10:32:27','2025-10-26 10:32:27'),(51,13,'https://picsum.photos/seed/54196baa-9842-32e0-9065-6a1589e220fb/800/800','Dicta debitis molestias.',0,5,'2025-10-26 10:32:27','2025-10-26 10:32:27'),(52,13,'https://picsum.photos/seed/ab767995-8c0f-3999-939c-b4728a1bd424/800/800','Facilis assumenda dolor.',0,4,'2025-10-26 10:32:27','2025-10-26 10:32:27'),(53,14,'https://picsum.photos/seed/8bd4f053-6558-3677-b362-72b947d3c276/800/800','Rem recusandae at.',1,8,'2025-10-26 10:32:27','2025-10-26 10:32:27'),(54,14,'https://picsum.photos/seed/db5877aa-7a6a-3c24-a7c9-0dbee3dd806c/800/800','Corporis ea animi.',0,10,'2025-10-26 10:32:27','2025-10-26 10:32:27'),(55,14,'https://picsum.photos/seed/61d25dd0-6004-3e55-af2e-3a14b3617745/800/800','Et inventore.',0,6,'2025-10-26 10:32:27','2025-10-26 10:32:27'),(56,14,'https://picsum.photos/seed/2a4e5706-f396-3219-aad9-b3d976e26ce0/800/800','Maxime est accusantium quod.',0,9,'2025-10-26 10:32:27','2025-10-26 10:32:27'),(57,14,'https://picsum.photos/seed/0c8e9b49-98b1-3d89-a439-1f8624eae689/800/800','Aut natus quisquam.',0,1,'2025-10-26 10:32:27','2025-10-26 10:32:27'),(58,15,'https://picsum.photos/seed/ee46ec10-fc40-384e-ae1c-005fc71504c5/800/800','Rem neque quos.',1,8,'2025-10-26 10:32:27','2025-10-26 10:32:27'),(59,15,'https://picsum.photos/seed/b31000e3-7130-39bd-a61e-a85f5f9863f8/800/800','Eligendi veniam iusto.',0,1,'2025-10-26 10:32:27','2025-10-26 10:32:27'),(60,15,'https://picsum.photos/seed/ac3b2a82-2411-39d3-aec8-1fbd3b0d26ad/800/800','Quae architecto error consequatur.',0,10,'2025-10-26 10:32:27','2025-10-26 10:32:27'),(61,15,'https://picsum.photos/seed/27b66717-39f9-308b-81d1-14e53c57162c/800/800','Sunt est ipsa aut.',0,1,'2025-10-26 10:32:27','2025-10-26 10:32:27'),(62,16,'https://picsum.photos/seed/08eb4d38-fae2-3fd2-ae76-5fb2ca5e6eb6/800/800','Nobis officiis excepturi.',1,8,'2025-10-26 10:32:27','2025-10-26 10:32:27'),(63,16,'https://picsum.photos/seed/829c663a-d4df-3671-b01f-b559bff27151/800/800','Id optio iste.',0,7,'2025-10-26 10:32:27','2025-10-26 10:32:27'),(64,16,'https://picsum.photos/seed/6109db87-b213-3dad-b285-42968f4fbbeb/800/800','Illum tempore quas.',0,8,'2025-10-26 10:32:27','2025-10-26 10:32:27'),(65,16,'https://picsum.photos/seed/f72fc987-9f7f-3c71-92bf-ac3c1d3c9639/800/800','Sit iusto dolores.',0,5,'2025-10-26 10:32:27','2025-10-26 10:32:27'),(66,16,'https://picsum.photos/seed/9a451c92-7b29-3ad8-910a-0626125d74ef/800/800','Magni illo quam.',0,1,'2025-10-26 10:32:27','2025-10-26 10:32:27'),(67,17,'https://picsum.photos/seed/68f4a37c-6723-361c-abea-e10d1cf85f42/800/800','Omnis hic nam.',1,10,'2025-10-26 10:32:27','2025-10-26 10:32:27'),(68,17,'https://picsum.photos/seed/c01767a1-3805-3609-b505-eb9072a2504b/800/800','Rerum aut et.',0,9,'2025-10-26 10:32:27','2025-10-26 10:32:27'),(69,17,'https://picsum.photos/seed/e9325ebd-1073-3574-8abf-24b611d3f7fb/800/800','Sint dignissimos tempore.',0,10,'2025-10-26 10:32:27','2025-10-26 10:32:27'),(70,18,'https://picsum.photos/seed/6d934bc6-e5c0-3ce1-8e62-39cbc7372265/800/800','Inventore modi quidem.',1,4,'2025-10-26 10:32:27','2025-10-26 10:32:27'),(71,18,'https://picsum.photos/seed/4e7c51bd-0fe4-3416-a993-f627abfedd6e/800/800','Non necessitatibus cupiditate veritatis impedit.',0,8,'2025-10-26 10:32:27','2025-10-26 10:32:27'),(72,18,'https://picsum.photos/seed/0e21ae1c-3198-3e95-8619-3c4761194e81/800/800','Ab qui qui.',0,7,'2025-10-26 10:32:27','2025-10-26 10:32:27'),(73,18,'https://picsum.photos/seed/5c5edb20-edfb-3ee9-a270-ef53279bf2b9/800/800','Molestiae eaque qui dolores aperiam.',0,1,'2025-10-26 10:32:27','2025-10-26 10:32:27'),(74,19,'https://picsum.photos/seed/0d279aac-d6a3-3177-9f36-5e79d3baa6d9/800/800','Corporis earum est eos.',1,2,'2025-10-26 10:32:27','2025-10-26 10:32:27'),(75,19,'https://picsum.photos/seed/9699c4e6-6f33-338e-92aa-3471abb38cea/800/800','Suscipit natus omnis.',0,3,'2025-10-26 10:32:27','2025-10-26 10:32:27'),(76,19,'https://picsum.photos/seed/e6790fdd-b222-375d-934e-49dbd782f457/800/800','Alias cumque rerum.',0,7,'2025-10-26 10:32:27','2025-10-26 10:32:27'),(77,19,'https://picsum.photos/seed/ac62f94a-8112-321e-a796-e5556827bd62/800/800','Ut inventore quia.',0,8,'2025-10-26 10:32:27','2025-10-26 10:32:27'),(78,19,'https://picsum.photos/seed/ac306ecd-554a-3b7a-bb14-7fb56073929f/800/800','Cupiditate odit error odit.',0,7,'2025-10-26 10:32:27','2025-10-26 10:32:27'),(79,20,'https://picsum.photos/seed/1d4da61a-7cc6-3646-8563-46fb7106d333/800/800','Magni itaque blanditiis id.',1,2,'2025-10-26 10:32:27','2025-10-26 10:32:27'),(80,20,'https://picsum.photos/seed/18cb82c0-e65f-3208-8bb6-d4ad689da191/800/800','Molestiae ea quo.',0,1,'2025-10-26 10:32:27','2025-10-26 10:32:27'),(81,20,'https://picsum.photos/seed/8e4d10fc-62df-3c0c-9d62-412728e8e9c6/800/800','Ea placeat debitis.',0,4,'2025-10-26 10:32:27','2025-10-26 10:32:27'),(82,21,'https://picsum.photos/seed/6817f6b8-a66a-36a1-898a-a80a7be9d250/800/800','Nesciunt corrupti magnam voluptatem.',1,1,'2025-10-26 10:32:27','2025-10-26 10:32:27'),(83,21,'https://picsum.photos/seed/05aebf03-dc1e-3444-aff3-f101829998a6/800/800','Aliquam et nobis.',0,7,'2025-10-26 10:32:27','2025-10-26 10:32:27'),(84,21,'https://picsum.photos/seed/d4087703-d188-34aa-a3e0-c89ab1a656ed/800/800','A et et.',0,9,'2025-10-26 10:32:27','2025-10-26 10:32:27'),(85,21,'https://picsum.photos/seed/559f075d-e784-3b46-9b7b-9be1c8bd3e2d/800/800','Maiores omnis vero.',0,7,'2025-10-26 10:32:27','2025-10-26 10:32:27'),(86,22,'https://picsum.photos/seed/198e19cd-f2f8-322f-82bf-88b381421b95/800/800','Voluptatem nobis laboriosam.',1,2,'2025-10-26 10:32:27','2025-10-26 10:32:27'),(87,22,'https://picsum.photos/seed/40fdf441-93cd-3cac-bc03-c94164facbdb/800/800','Odio quis sapiente deleniti.',0,9,'2025-10-26 10:32:27','2025-10-26 10:32:27'),(88,22,'https://picsum.photos/seed/28690cb5-7cd8-3ff8-be12-597af91dbcc4/800/800','Ut esse quam.',0,5,'2025-10-26 10:32:27','2025-10-26 10:32:27'),(89,22,'https://picsum.photos/seed/a76b4fa1-9e2f-3d90-a3d0-079554441ea2/800/800','Facilis officiis at rerum ex.',0,4,'2025-10-26 10:32:27','2025-10-26 10:32:27'),(90,22,'https://picsum.photos/seed/7a0f9a09-abbe-339f-a6d8-50b387ebb362/800/800','Nihil omnis rerum.',0,6,'2025-10-26 10:32:27','2025-10-26 10:32:27'),(91,23,'https://picsum.photos/seed/9aae4bb5-5dba-3805-96b7-6130fd56e6dc/800/800','Pariatur ipsum.',1,7,'2025-10-26 10:32:27','2025-10-26 10:32:27'),(92,23,'https://picsum.photos/seed/3c8f54d7-2f9a-3273-b8ea-40f9bc3478d9/800/800','Optio dolor cumque autem.',0,1,'2025-10-26 10:32:27','2025-10-26 10:32:27'),(93,23,'https://picsum.photos/seed/f68a155f-492d-34d4-8054-377b53e28b29/800/800','Nam non velit consequatur.',0,6,'2025-10-26 10:32:27','2025-10-26 10:32:27'),(94,24,'https://picsum.photos/seed/ff4d915b-8362-30ef-8f8f-17c27a217291/800/800','Ratione nihil unde.',1,4,'2025-10-26 10:32:27','2025-10-26 10:32:27'),(95,24,'https://picsum.photos/seed/e0537fbf-861d-3104-9b47-6b556b1ea00e/800/800','Vel temporibus debitis ab.',0,1,'2025-10-26 10:32:27','2025-10-26 10:32:27'),(96,24,'https://picsum.photos/seed/960127b2-525d-3588-9997-30b389595adb/800/800','At ipsam sunt.',0,10,'2025-10-26 10:32:27','2025-10-26 10:32:27'),(97,24,'https://picsum.photos/seed/f28e8528-8494-3cab-821e-bd01e32cec52/800/800','Voluptas inventore sint.',0,6,'2025-10-26 10:32:27','2025-10-26 10:32:27'),(98,24,'https://picsum.photos/seed/6c92b1c1-1758-3ded-9a8d-11f3203b5b2d/800/800','Fugit et mollitia cupiditate.',0,6,'2025-10-26 10:32:27','2025-10-26 10:32:27'),(99,25,'https://picsum.photos/seed/9e9e526b-0297-3835-a272-b8a483da5dda/800/800','Dolorum omnis est.',1,7,'2025-10-26 10:32:27','2025-10-26 10:32:27'),(100,25,'https://picsum.photos/seed/0d0f80c7-02b4-31f0-b6ec-5185f625aa29/800/800','Deserunt earum omnis.',0,7,'2025-10-26 10:32:27','2025-10-26 10:32:27'),(101,25,'https://picsum.photos/seed/586c47dc-49ff-3bb6-b56e-7a402a29647a/800/800','Explicabo est dolorem.',0,7,'2025-10-26 10:32:27','2025-10-26 10:32:27'),(102,26,'https://picsum.photos/seed/e48cf58c-4eaf-3b8c-af5e-b7a5eecc1090/800/800','Aliquam non commodi sit.',1,2,'2025-10-26 10:32:27','2025-10-26 10:32:27'),(103,26,'https://picsum.photos/seed/c3a88ec0-49da-35f0-9ba4-3096135b31c7/800/800','Nemo molestias facere possimus et.',0,9,'2025-10-26 10:32:27','2025-10-26 10:32:27'),(104,26,'https://picsum.photos/seed/10ab62d6-ad27-3a33-9e6a-3f4efdf707b3/800/800','Quia dolorum aut.',0,1,'2025-10-26 10:32:27','2025-10-26 10:32:27'),(105,27,'https://picsum.photos/seed/d6bc23fe-e2fd-3752-90fd-0359319f6306/800/800','Necessitatibus autem optio.',1,1,'2025-10-26 10:32:27','2025-10-26 10:32:27'),(106,27,'https://picsum.photos/seed/877168f4-57d1-3285-8793-77e8f50f3989/800/800','Aliquid vero ex voluptatibus.',0,8,'2025-10-26 10:32:27','2025-10-26 10:32:27'),(107,27,'https://picsum.photos/seed/b1e43161-0a54-3977-b5ed-b8f63cb0f574/800/800','Autem et repellat autem.',0,9,'2025-10-26 10:32:27','2025-10-26 10:32:27'),(108,27,'https://picsum.photos/seed/5f9a6cdf-ff19-3e0e-a603-6a07cd00c630/800/800','Culpa corporis ratione.',0,5,'2025-10-26 10:32:27','2025-10-26 10:32:27'),(109,28,'https://picsum.photos/seed/879c93cc-32f3-3c53-a71a-b53afded0289/800/800','Ullam porro omnis.',1,9,'2025-10-26 10:32:27','2025-10-26 10:32:28'),(110,28,'https://picsum.photos/seed/ae819510-1df7-392e-9b5e-f4498db2fa20/800/800','Ullam molestias qui voluptatem.',0,9,'2025-10-26 10:32:27','2025-10-26 10:32:27'),(111,28,'https://picsum.photos/seed/5522ec93-b2eb-3da1-b576-46f81ca9d4cd/800/800','Est deserunt distinctio.',0,3,'2025-10-26 10:32:27','2025-10-26 10:32:27'),(112,28,'https://picsum.photos/seed/3d1d9de1-ca8d-3e05-b358-b4cdbde64eb6/800/800','Voluptatum voluptatem quam ut.',0,6,'2025-10-26 10:32:28','2025-10-26 10:32:28'),(113,28,'https://picsum.photos/seed/059f74ff-b276-32d8-a81d-0f030ffe53b7/800/800','Illo nobis sint voluptatibus.',0,4,'2025-10-26 10:32:28','2025-10-26 10:32:28'),(114,29,'https://picsum.photos/seed/a44de391-f4e9-35c2-9e42-5689129bb19f/800/800','Nam molestias.',1,10,'2025-10-26 10:32:28','2025-10-26 10:32:28'),(115,29,'https://picsum.photos/seed/b4b01105-e16b-3520-9fff-fc35d62b23a9/800/800','Quis autem facere.',0,7,'2025-10-26 10:32:28','2025-10-26 10:32:28'),(116,29,'https://picsum.photos/seed/b5eb29e3-c869-3e4f-8aef-4ed1fc004960/800/800','Nostrum pariatur rerum natus.',0,9,'2025-10-26 10:32:28','2025-10-26 10:32:28'),(117,30,'https://picsum.photos/seed/86d72827-31ac-3828-942a-a80c536cc6d5/800/800','Ipsam qui voluptas architecto enim.',1,3,'2025-10-26 10:32:28','2025-10-26 10:32:28'),(118,30,'https://picsum.photos/seed/b7ce4033-dcbc-36d2-9d2e-7c4467438a3a/800/800','Ut eum velit.',0,8,'2025-10-26 10:32:28','2025-10-26 10:32:28'),(119,30,'https://picsum.photos/seed/5e917de6-36ad-313e-9497-b9be6f1dc6aa/800/800','Excepturi ut at culpa.',0,2,'2025-10-26 10:32:28','2025-10-26 10:32:28'),(120,30,'https://picsum.photos/seed/c271ba74-9c9e-3a76-8fb4-5809a6b2c46e/800/800','Id beatae consequatur ullam.',0,9,'2025-10-26 10:32:28','2025-10-26 10:32:28'),(121,30,'https://picsum.photos/seed/6fc94fac-4296-3adc-9207-c13cd280ea14/800/800','Autem eius qui.',0,1,'2025-10-26 10:32:28','2025-10-26 10:32:28'),(122,31,'https://picsum.photos/seed/b0b27c8a-93d7-3446-9d01-2190a9119ce6/800/800','Aut aut temporibus.',1,8,'2025-10-26 10:32:28','2025-10-26 10:32:28'),(123,31,'https://picsum.photos/seed/c01860d4-a88c-3217-864b-d42ba88f92d9/800/800','Dolor voluptas.',0,6,'2025-10-26 10:32:28','2025-10-26 10:32:28'),(124,31,'https://picsum.photos/seed/8c334d2b-aba1-3561-9a35-5bae187e7974/800/800','Voluptate maxime possimus.',0,6,'2025-10-26 10:32:28','2025-10-26 10:32:28'),(125,31,'https://picsum.photos/seed/9bd5443b-4370-33e1-8116-f1f55ba01bd0/800/800','Fugiat eaque sed.',0,8,'2025-10-26 10:32:28','2025-10-26 10:32:28'),(126,32,'https://picsum.photos/seed/b7d60d8f-e0fb-3474-af4e-e9303af1b58b/800/800','Doloribus assumenda quod molestiae.',1,3,'2025-10-26 10:32:28','2025-10-26 10:32:28'),(127,32,'https://picsum.photos/seed/e09aa09a-68ea-348b-b274-272eec33ccb9/800/800','Quia deserunt.',0,1,'2025-10-26 10:32:28','2025-10-26 10:32:28'),(128,32,'https://picsum.photos/seed/48b23a17-e1a6-3c03-bc84-f1933a39e5b6/800/800','Vitae vero quasi.',0,9,'2025-10-26 10:32:28','2025-10-26 10:32:28'),(129,33,'https://picsum.photos/seed/fb32149b-662a-3258-8fa8-30c716afad1d/800/800','Facilis voluptatem molestiae vel.',1,10,'2025-10-26 10:32:28','2025-10-26 10:32:28'),(130,33,'https://picsum.photos/seed/fc693850-3214-3ef9-8788-6a7f6b2f3ae1/800/800','Reprehenderit sed iure.',0,8,'2025-10-26 10:32:28','2025-10-26 10:32:28'),(131,33,'https://picsum.photos/seed/51c90e40-5b92-340d-9228-0b9c35a3f13a/800/800','Asperiores dolor et quasi.',0,10,'2025-10-26 10:32:28','2025-10-26 10:32:28'),(132,34,'https://picsum.photos/seed/f77e3c3d-94ec-3aeb-97ac-8163e6fdcf2e/800/800','In suscipit sed saepe.',1,5,'2025-10-26 10:32:28','2025-10-26 10:32:28'),(133,34,'https://picsum.photos/seed/715d9a9b-417c-3d5c-b917-f44b7792e25e/800/800','Aut aliquid nesciunt.',0,2,'2025-10-26 10:32:28','2025-10-26 10:32:28'),(134,34,'https://picsum.photos/seed/f3e6245e-aa1a-3e6a-aab5-b1bc5859e931/800/800','Reiciendis qui quasi.',0,7,'2025-10-26 10:32:28','2025-10-26 10:32:28'),(135,34,'https://picsum.photos/seed/a8662cc4-fcc7-35cf-9352-b4b47eedf17f/800/800','Corporis voluptatum molestiae eligendi.',0,9,'2025-10-26 10:32:28','2025-10-26 10:32:28'),(136,34,'https://picsum.photos/seed/270de0e9-1e95-3608-a67a-c77db7328094/800/800','Iste qui iste est nesciunt.',0,3,'2025-10-26 10:32:28','2025-10-26 10:32:28'),(137,35,'https://picsum.photos/seed/c28915ad-ea8a-3b0c-baad-f2c07e9d8ea1/800/800','Minima non voluptates totam.',1,8,'2025-10-26 10:32:28','2025-10-26 10:32:28'),(138,35,'https://picsum.photos/seed/fe91c393-f227-3481-93c2-89bd9b5c93ff/800/800','Quaerat dignissimos aliquam temporibus.',0,5,'2025-10-26 10:32:28','2025-10-26 10:32:28'),(139,35,'https://picsum.photos/seed/340b802e-39cd-3bca-a576-47a8da39455c/800/800','Quisquam totam non.',0,3,'2025-10-26 10:32:28','2025-10-26 10:32:28'),(140,36,'https://picsum.photos/seed/71307c36-f10b-3f8a-9692-906bff736598/800/800','Officiis nisi sunt.',1,10,'2025-10-26 10:32:28','2025-10-26 10:32:28'),(141,36,'https://picsum.photos/seed/475eae48-870d-3a1f-8ad6-4f14530db413/800/800','Voluptatibus maxime debitis dignissimos.',0,9,'2025-10-26 10:32:28','2025-10-26 10:32:28'),(142,36,'https://picsum.photos/seed/57575945-f2b9-3c54-a693-633e584fabd0/800/800','Dolorem similique rerum.',0,8,'2025-10-26 10:32:28','2025-10-26 10:32:28'),(143,36,'https://picsum.photos/seed/a491b414-52f7-3771-8206-d01051f5a1c3/800/800','Eos vel at.',0,10,'2025-10-26 10:32:28','2025-10-26 10:32:28'),(144,36,'https://picsum.photos/seed/e254a748-eda7-331d-9447-6dcb6609f232/800/800','Sapiente et aliquam.',0,5,'2025-10-26 10:32:28','2025-10-26 10:32:28'),(145,37,'https://picsum.photos/seed/1f0b2beb-fc7e-3a65-83ec-6904cc2ccfe6/800/800','Incidunt quos officia consequatur.',1,5,'2025-10-26 10:32:28','2025-10-26 10:32:28'),(146,37,'https://picsum.photos/seed/2bf0ad8a-6852-3f4e-813e-ada8b232d682/800/800','Natus dolor nihil voluptas tenetur.',0,8,'2025-10-26 10:32:28','2025-10-26 10:32:28'),(147,37,'https://picsum.photos/seed/7ac45cc6-0c0e-3b81-a633-3baec60a8bfd/800/800','Distinctio atque ullam.',0,10,'2025-10-26 10:32:28','2025-10-26 10:32:28'),(148,37,'https://picsum.photos/seed/d1e4b3f3-4f8f-3784-9bb9-08d745d503c8/800/800','Magnam magni ab distinctio.',0,10,'2025-10-26 10:32:28','2025-10-26 10:32:28'),(149,38,'https://picsum.photos/seed/d837e1ff-3225-36e4-aa6d-b8ab28c90d7f/800/800','Possimus consectetur facere minus.',1,2,'2025-10-26 10:32:28','2025-10-26 10:32:28'),(150,38,'https://picsum.photos/seed/52ba184d-0910-3a9c-9513-f42c41ad43ba/800/800','Repellat veritatis iure ad.',0,1,'2025-10-26 10:32:28','2025-10-26 10:32:28'),(151,38,'https://picsum.photos/seed/c91ac0db-15b2-3b77-9cea-bc7c718f783f/800/800','Eveniet ullam velit et.',0,1,'2025-10-26 10:32:28','2025-10-26 10:32:28'),(152,38,'https://picsum.photos/seed/bf27bb79-fbe4-32a4-8c98-910ae2c5e3a5/800/800','Quod at facere nemo.',0,5,'2025-10-26 10:32:28','2025-10-26 10:32:28'),(153,39,'https://picsum.photos/seed/9ad80eba-2ff9-3be6-902c-13b84580c245/800/800','Odit fugiat amet.',1,1,'2025-10-26 10:32:28','2025-10-26 10:32:28'),(154,39,'https://picsum.photos/seed/5d244aa9-8d6c-3a7e-969e-7e18952b9166/800/800','Quibusdam tenetur.',0,8,'2025-10-26 10:32:28','2025-10-26 10:32:28'),(155,39,'https://picsum.photos/seed/261e3444-3ee2-3026-8c25-6e56aa4dbc20/800/800','Ab nam id.',0,2,'2025-10-26 10:32:28','2025-10-26 10:32:28'),(156,40,'https://picsum.photos/seed/b270d4fc-80e2-3685-b3d5-a847b1fe7b44/800/800','Quia et minus quia.',1,6,'2025-10-26 10:32:28','2025-10-26 10:32:28'),(157,40,'https://picsum.photos/seed/447413dd-7935-3d2f-97f1-58f95f4134fd/800/800','Et et ut.',0,9,'2025-10-26 10:32:28','2025-10-26 10:32:28'),(158,40,'https://picsum.photos/seed/553acd5f-e9b7-3cc1-a8eb-2f47631accb8/800/800','Voluptate quae modi animi.',0,6,'2025-10-26 10:32:28','2025-10-26 10:32:28'),(159,40,'https://picsum.photos/seed/acd892b3-0108-32e2-9f8d-6fbef99b010a/800/800','Ea odio iste dolores.',0,4,'2025-10-26 10:32:28','2025-10-26 10:32:28'),(160,40,'https://picsum.photos/seed/61c596e0-ed86-33dc-9f7a-f785381126dc/800/800','Eveniet quis temporibus.',0,9,'2025-10-26 10:32:28','2025-10-26 10:32:28'),(161,41,'https://picsum.photos/seed/0ed51962-e470-3bca-9d9a-4e6c4b4ba2b2/800/800','Maiores facere voluptate.',1,4,'2025-10-26 10:32:28','2025-10-26 10:32:28'),(162,41,'https://picsum.photos/seed/8968312b-7dd8-37ca-beac-3bde0297aecc/800/800','Nemo quo quia dolor.',0,4,'2025-10-26 10:32:28','2025-10-26 10:32:28'),(163,41,'https://picsum.photos/seed/21f00e60-bf6c-3e10-84c4-616603d39c37/800/800','Rerum mollitia possimus.',0,7,'2025-10-26 10:32:28','2025-10-26 10:32:28'),(164,41,'https://picsum.photos/seed/6f69d5de-a442-32b9-bd19-dfb481157dc3/800/800','Praesentium voluptate qui aut.',0,4,'2025-10-26 10:32:28','2025-10-26 10:32:28'),(165,41,'https://picsum.photos/seed/31ceae54-9b6b-3435-b808-c4af90adb806/800/800','Iure consequatur tenetur.',0,3,'2025-10-26 10:32:28','2025-10-26 10:32:28'),(166,42,'https://picsum.photos/seed/7d5467de-fb46-3d31-a554-46f5f7d0394d/800/800','Qui similique quasi rerum qui.',1,1,'2025-10-26 10:32:28','2025-10-26 10:32:28'),(167,42,'https://picsum.photos/seed/0b012749-b12d-3a83-9c2e-69273794190d/800/800','Beatae quod et.',0,6,'2025-10-26 10:32:28','2025-10-26 10:32:28'),(168,42,'https://picsum.photos/seed/77ba679f-7dc8-3b07-ba87-60ad803a2aae/800/800','Minima doloribus tempora.',0,9,'2025-10-26 10:32:28','2025-10-26 10:32:28'),(169,42,'https://picsum.photos/seed/4bb6a2a9-9704-3a42-a886-61a35796b7b8/800/800','Odit ullam iusto.',0,3,'2025-10-26 10:32:28','2025-10-26 10:32:28'),(170,42,'https://picsum.photos/seed/e42d8305-d506-3cc2-9846-17433dfed630/800/800','Distinctio omnis et.',0,5,'2025-10-26 10:32:28','2025-10-26 10:32:28'),(171,43,'https://picsum.photos/seed/73d26435-77e0-382f-b2f6-081b6ae8f9e8/800/800','Tenetur doloremque sint similique.',1,4,'2025-10-26 10:32:28','2025-10-26 10:32:28'),(172,43,'https://picsum.photos/seed/2ac8aed1-f46c-3e6d-b46b-43170ea0a415/800/800','Eius omnis sapiente incidunt.',0,8,'2025-10-26 10:32:28','2025-10-26 10:32:28'),(173,43,'https://picsum.photos/seed/c28dfe77-f7c4-3196-9bdc-944ea24e0338/800/800','Nisi suscipit et.',0,4,'2025-10-26 10:32:28','2025-10-26 10:32:28'),(174,43,'https://picsum.photos/seed/05055fde-ac4c-34c1-9267-74a67a2c0034/800/800','Libero ut accusamus distinctio.',0,4,'2025-10-26 10:32:28','2025-10-26 10:32:28'),(175,44,'https://picsum.photos/seed/74cdda96-51a9-3552-893f-c215ba07f66e/800/800','Reprehenderit qui ut laborum.',1,5,'2025-10-26 10:32:28','2025-10-26 10:32:28'),(176,44,'https://picsum.photos/seed/327f9334-6065-3d77-91a0-e1549e0596ee/800/800','Nulla voluptates qui.',0,7,'2025-10-26 10:32:28','2025-10-26 10:32:28'),(177,44,'https://picsum.photos/seed/b62afea8-2116-3745-a9b0-61c4ce49d130/800/800','Eos ullam.',0,6,'2025-10-26 10:32:28','2025-10-26 10:32:28'),(178,45,'https://picsum.photos/seed/5e42f5fd-91ad-3895-b065-c02ae322c88a/800/800','Quisquam delectus debitis vel.',1,2,'2025-10-26 10:32:28','2025-10-26 10:32:28'),(179,45,'https://picsum.photos/seed/6e4911bd-641e-3ccb-ad58-9e674acf4c7f/800/800','Sit ut.',0,4,'2025-10-26 10:32:28','2025-10-26 10:32:28'),(180,45,'https://picsum.photos/seed/02cf868d-77b9-3b7a-997c-a5139f0bb048/800/800','Tenetur consectetur ad.',0,5,'2025-10-26 10:32:28','2025-10-26 10:32:28'),(181,45,'https://picsum.photos/seed/8c6c36d0-ec78-3e66-832e-008a886f7cf1/800/800','Officiis molestiae.',0,2,'2025-10-26 10:32:28','2025-10-26 10:32:28'),(182,46,'https://picsum.photos/seed/6f48fc1e-4ad4-3dc3-bd82-7ea102ce9804/800/800','Tempore est libero nobis.',1,8,'2025-10-26 10:32:28','2025-10-26 10:32:28'),(183,46,'https://picsum.photos/seed/dfdde7dc-ae75-365b-883c-1f1b328e7418/800/800','Pariatur eum consequatur.',0,7,'2025-10-26 10:32:28','2025-10-26 10:32:28'),(184,46,'https://picsum.photos/seed/5a390b67-5fb4-3181-9e0b-d5d687432a59/800/800','Laudantium nihil non.',0,4,'2025-10-26 10:32:28','2025-10-26 10:32:28'),(185,46,'https://picsum.photos/seed/5bcf022c-c297-3376-9ee0-c5e44c744aec/800/800','Vitae qui facere maxime.',0,6,'2025-10-26 10:32:28','2025-10-26 10:32:28'),(186,46,'https://picsum.photos/seed/1e6c2632-61ec-309a-affb-b0ce324a0a18/800/800','Ea dolorem perspiciatis.',0,2,'2025-10-26 10:32:28','2025-10-26 10:32:28'),(187,47,'https://picsum.photos/seed/c1f45df7-1308-3010-b09b-db26cb415bc1/800/800','Et quo qui ea.',1,10,'2025-10-26 10:32:28','2025-10-26 10:32:28'),(188,47,'https://picsum.photos/seed/58af4da8-f179-3510-8867-71cd167f3ef3/800/800','Error ut quod qui.',0,4,'2025-10-26 10:32:28','2025-10-26 10:32:28'),(189,47,'https://picsum.photos/seed/d850f61b-ebdf-3244-9c32-94d71a57ff39/800/800','Repellat eos id quia.',0,7,'2025-10-26 10:32:28','2025-10-26 10:32:28'),(190,48,'https://picsum.photos/seed/f63ebeba-5764-34f2-b921-bed2998d1d75/800/800','Quo corrupti eligendi nisi.',1,5,'2025-10-26 10:32:28','2025-10-26 10:32:28'),(191,48,'https://picsum.photos/seed/23ce6bc3-373b-35fb-95f1-abe7fb67aaff/800/800','Et ipsum optio laboriosam.',0,2,'2025-10-26 10:32:28','2025-10-26 10:32:28'),(192,48,'https://picsum.photos/seed/b5fca023-8917-3301-8ed7-b100d7ab9fa0/800/800','Error vero quod.',0,6,'2025-10-26 10:32:28','2025-10-26 10:32:28'),(193,49,'https://picsum.photos/seed/dfa65716-3df0-3bc3-8384-c8d2505afd9b/800/800','Magni aut non id.',1,2,'2025-10-26 10:32:28','2025-10-26 10:32:28'),(194,49,'https://picsum.photos/seed/fdd9fba5-346c-3997-8ad5-d5fe10f1e56f/800/800','Dolorem iusto repellendus rerum.',0,3,'2025-10-26 10:32:28','2025-10-26 10:32:28'),(195,49,'https://picsum.photos/seed/ce5279e6-4276-3061-be6a-011dc93fd9ad/800/800','Numquam voluptatem eum commodi.',0,5,'2025-10-26 10:32:28','2025-10-26 10:32:28'),(196,49,'https://picsum.photos/seed/31cbacf2-08a6-3e69-b80b-94d96aa28b03/800/800','Vero vitae quod.',0,5,'2025-10-26 10:32:28','2025-10-26 10:32:28'),(197,50,'https://picsum.photos/seed/88fbc198-3143-3586-b9d8-d4ea504ee6e3/800/800','Reiciendis eum ex at.',1,10,'2025-10-26 10:32:28','2025-10-26 10:32:28'),(198,50,'https://picsum.photos/seed/781292db-ea5a-3a04-b478-3701a9b8d950/800/800','Corporis veniam.',0,9,'2025-10-26 10:32:28','2025-10-26 10:32:28'),(199,50,'https://picsum.photos/seed/14d051fe-1ecf-3521-b0d5-457e4fd67e52/800/800','Est officia.',0,7,'2025-10-26 10:32:28','2025-10-26 10:32:28'),(200,50,'https://picsum.photos/seed/665c69b3-34b1-3823-844b-83764699722c/800/800','Laborum atque ipsa.',0,7,'2025-10-26 10:32:28','2025-10-26 10:32:28'),(201,50,'https://picsum.photos/seed/d484872a-82fa-36a7-bf5b-2ed2f16b3b02/800/800','Quos ratione repellat.',0,5,'2025-10-26 10:32:28','2025-10-26 10:32:28'),(202,51,'https://picsum.photos/seed/c3f5b594-8aea-3ce6-a833-124d3ebac85f/800/800','Et expedita nemo consequatur est.',1,9,'2025-10-26 10:32:28','2025-10-26 10:32:28'),(203,51,'https://picsum.photos/seed/b7b310d9-78e2-38bd-a3e8-05758af0a8f6/800/800','Id cupiditate et et.',0,9,'2025-10-26 10:32:28','2025-10-26 10:32:28'),(204,51,'https://picsum.photos/seed/ca5b4d5a-dc42-3958-917b-b14be2761ae6/800/800','Dolores sint nostrum.',0,4,'2025-10-26 10:32:28','2025-10-26 10:32:28'),(205,52,'https://picsum.photos/seed/e97e8b82-4680-3561-9f23-a657de8dbde4/800/800','Dolorum magni.',1,4,'2025-10-26 10:32:28','2025-10-26 10:32:28'),(206,52,'https://picsum.photos/seed/2ec1ab84-7754-33a3-aeb3-046dcbb9f08f/800/800','Sequi consequatur dolorum.',0,7,'2025-10-26 10:32:28','2025-10-26 10:32:28'),(207,52,'https://picsum.photos/seed/1013726b-2373-358b-8d43-c4d77c47997b/800/800','Error rerum.',0,2,'2025-10-26 10:32:28','2025-10-26 10:32:28'),(208,53,'https://picsum.photos/seed/c8404731-4889-330a-8186-f3678aacffb5/800/800','Architecto iure excepturi.',1,9,'2025-10-26 10:32:28','2025-10-26 10:32:28'),(209,53,'https://picsum.photos/seed/7593acc7-ed28-3823-91e1-757df93aa715/800/800','Rerum temporibus ducimus.',0,10,'2025-10-26 10:32:28','2025-10-26 10:32:28'),(210,53,'https://picsum.photos/seed/7aea740a-1159-3f82-8be7-e431c161843e/800/800','Quisquam natus veniam soluta.',0,10,'2025-10-26 10:32:28','2025-10-26 10:32:28'),(211,53,'https://picsum.photos/seed/e30889b0-3dcb-34b4-9d3c-12f6f92d5562/800/800','Ut tempore.',0,2,'2025-10-26 10:32:28','2025-10-26 10:32:28'),(212,54,'https://picsum.photos/seed/2c49f4f6-46f0-3fb5-b9f3-996867d063b5/800/800','Aliquid voluptas est.',1,2,'2025-10-26 10:32:28','2025-10-26 10:32:28'),(213,54,'https://picsum.photos/seed/91e626c7-88de-388b-ba7f-078e50c20b1b/800/800','Rerum porro at quia qui.',0,2,'2025-10-26 10:32:28','2025-10-26 10:32:28'),(214,54,'https://picsum.photos/seed/b5d493f9-8a73-3933-9945-6f04cbe807df/800/800','Tempora aut quia qui.',0,4,'2025-10-26 10:32:28','2025-10-26 10:32:28'),(215,54,'https://picsum.photos/seed/02641fa8-f566-3fb4-b431-a8106c2efb0f/800/800','Aperiam neque in ea.',0,8,'2025-10-26 10:32:28','2025-10-26 10:32:28'),(216,54,'https://picsum.photos/seed/6fb030fa-a387-3b61-91e0-7653b97ddbf8/800/800','Et explicabo quia inventore voluptas.',0,3,'2025-10-26 10:32:28','2025-10-26 10:32:28'),(217,55,'https://picsum.photos/seed/ca2f78d9-31e6-309f-a2e8-088e65c276bd/800/800','Quia minus.',1,1,'2025-10-26 10:32:28','2025-10-26 10:32:28'),(218,55,'https://picsum.photos/seed/9abb031c-4029-375a-81fa-64b46377abb9/800/800','Veniam qui quia.',0,6,'2025-10-26 10:32:28','2025-10-26 10:32:28'),(219,55,'https://picsum.photos/seed/6087753b-23e6-328a-9915-34e3d754cabc/800/800','Nihil voluptatem eos.',0,5,'2025-10-26 10:32:28','2025-10-26 10:32:28'),(220,56,'https://picsum.photos/seed/eff3faf6-8f50-39cb-a889-bf7e02b6b2b5/800/800','Ducimus ut ipsum laborum.',1,6,'2025-10-26 10:32:28','2025-10-26 10:32:28'),(221,56,'https://picsum.photos/seed/df10dfb0-a766-32a7-b034-0901b21c70c6/800/800','Non perferendis blanditiis consequatur.',0,2,'2025-10-26 10:32:28','2025-10-26 10:32:28'),(222,56,'https://picsum.photos/seed/16045379-483a-3bf9-b7dc-bdaba0a66854/800/800','Ea sint quis alias consectetur.',0,1,'2025-10-26 10:32:28','2025-10-26 10:32:28'),(223,56,'https://picsum.photos/seed/42c6a371-2cf6-3556-8997-34829b311202/800/800','Adipisci ut voluptas nam provident.',0,5,'2025-10-26 10:32:28','2025-10-26 10:32:28'),(224,57,'https://picsum.photos/seed/5a8e816e-2bee-3334-bf60-a17d767f3765/800/800','Ut tempore.',1,5,'2025-10-26 10:32:28','2025-10-26 10:32:28'),(225,57,'https://picsum.photos/seed/d5de6245-7078-39ce-b32b-48c48cd43d81/800/800','Modi consectetur consequatur et.',0,5,'2025-10-26 10:32:28','2025-10-26 10:32:28'),(226,57,'https://picsum.photos/seed/4b73da17-15e6-3067-a88e-9ef3942095b1/800/800','Pariatur et atque.',0,9,'2025-10-26 10:32:28','2025-10-26 10:32:28'),(227,57,'https://picsum.photos/seed/dd322973-5fb8-3aa2-913d-08b13b5ba382/800/800','Voluptates aut labore consequuntur.',0,8,'2025-10-26 10:32:28','2025-10-26 10:32:28'),(228,57,'https://picsum.photos/seed/468f5ab4-4a82-3c59-af1e-eaecba86354f/800/800','Omnis quo voluptate corporis.',0,10,'2025-10-26 10:32:28','2025-10-26 10:32:28'),(229,58,'https://picsum.photos/seed/868c4587-31a3-3c7f-b6ef-3f96124ebd17/800/800','Labore quis hic.',1,7,'2025-10-26 10:32:28','2025-10-26 10:32:28'),(230,58,'https://picsum.photos/seed/890fadae-d3d6-34a5-bad8-0cfa8f76ed4c/800/800','Aut fuga similique.',0,3,'2025-10-26 10:32:28','2025-10-26 10:32:28'),(231,58,'https://picsum.photos/seed/85598287-017f-35a2-add9-497c34aee1b0/800/800','Praesentium voluptas consequatur dolor blanditiis.',0,9,'2025-10-26 10:32:28','2025-10-26 10:32:28'),(232,59,'https://picsum.photos/seed/8bc9a554-772e-3f5b-b9d3-d0c47d5404aa/800/800','Ratione rerum inventore.',1,5,'2025-10-26 10:32:28','2025-10-26 10:32:28'),(233,59,'https://picsum.photos/seed/f06e834a-7031-3cb9-a0f8-a016bb688e57/800/800','Quos sunt mollitia molestias.',0,6,'2025-10-26 10:32:28','2025-10-26 10:32:28'),(234,59,'https://picsum.photos/seed/10ad4434-50c2-303d-b083-938687d149d7/800/800','Cum vitae dolor iusto.',0,10,'2025-10-26 10:32:28','2025-10-26 10:32:28'),(235,60,'https://picsum.photos/seed/4532fd2f-25be-3703-8392-ab84046bcff4/800/800','Magni quia ex perferendis.',1,2,'2025-10-26 10:32:28','2025-10-26 10:32:28'),(236,60,'https://picsum.photos/seed/fd7e0263-38d3-331f-86ed-250eddef1e60/800/800','Natus odio voluptates voluptatibus.',0,4,'2025-10-26 10:32:28','2025-10-26 10:32:28'),(237,60,'https://picsum.photos/seed/fa443724-49d1-315d-8284-b3a8a685a617/800/800','Eveniet maxime velit ut.',0,7,'2025-10-26 10:32:28','2025-10-26 10:32:28'),(238,61,'https://picsum.photos/seed/c3831a07-8f2a-35af-a46e-ae0b53681f2a/800/800','Omnis distinctio nulla qui.',1,6,'2025-10-26 10:32:28','2025-10-26 10:32:28'),(239,61,'https://picsum.photos/seed/cd091477-0212-32a3-8958-e02a4666d12d/800/800','Exercitationem asperiores enim.',0,5,'2025-10-26 10:32:28','2025-10-26 10:32:28'),(240,61,'https://picsum.photos/seed/783e7924-4d56-3996-b6f5-9c99b2b024fb/800/800','Ut pariatur aspernatur.',0,9,'2025-10-26 10:32:28','2025-10-26 10:32:28'),(241,61,'https://picsum.photos/seed/af288002-b87f-39dc-b693-fc1c11a50008/800/800','Aut vel iste ratione.',0,9,'2025-10-26 10:32:28','2025-10-26 10:32:28'),(242,61,'https://picsum.photos/seed/b2db7764-f670-3eb5-b8a7-42bdfbd1ef3c/800/800','Occaecati aut ut doloribus.',0,2,'2025-10-26 10:32:28','2025-10-26 10:32:28'),(243,62,'https://picsum.photos/seed/69afe1e7-d6c9-3bd7-89a4-5723ba8a3539/800/800','Reprehenderit quae iusto.',1,3,'2025-10-26 10:32:28','2025-10-26 10:32:28'),(244,62,'https://picsum.photos/seed/05f1986d-2471-3efb-9faf-57f0c975f277/800/800','Beatae atque laudantium veniam.',0,10,'2025-10-26 10:32:28','2025-10-26 10:32:28'),(245,62,'https://picsum.photos/seed/cb620d45-1dd9-3da6-ba41-8c57edba7b65/800/800','Pariatur officiis eaque.',0,6,'2025-10-26 10:32:28','2025-10-26 10:32:28'),(246,62,'https://picsum.photos/seed/cfeee4ed-758f-31ed-b509-d85feccf7ea1/800/800','Quo hic sit.',0,8,'2025-10-26 10:32:28','2025-10-26 10:32:28'),(247,63,'https://picsum.photos/seed/168ac084-c24e-3b36-9be1-cbe0113b010d/800/800','Perferendis asperiores sed.',1,2,'2025-10-26 10:32:28','2025-10-26 10:32:28'),(248,63,'https://picsum.photos/seed/d81943ec-ec54-3d5e-8ed1-866029bd29d9/800/800','Cum sunt ad cum.',0,7,'2025-10-26 10:32:28','2025-10-26 10:32:28'),(249,63,'https://picsum.photos/seed/5ba3c8a0-783a-3a93-801a-bdd43efdc4c4/800/800','Nulla optio perferendis.',0,4,'2025-10-26 10:32:28','2025-10-26 10:32:28'),(250,63,'https://picsum.photos/seed/81f3a359-0bfa-3f5f-b725-2b201033e33f/800/800','Optio deserunt deleniti consectetur.',0,9,'2025-10-26 10:32:28','2025-10-26 10:32:28'),(251,64,'https://picsum.photos/seed/bbb5ee92-b6d7-3aab-af9d-e5a553a38820/800/800','Ut sit consequatur.',1,3,'2025-10-26 10:32:28','2025-10-26 10:32:28'),(252,64,'https://picsum.photos/seed/75f32149-5507-35b9-ae34-8498843720ec/800/800','Eos asperiores soluta.',0,5,'2025-10-26 10:32:28','2025-10-26 10:32:28'),(253,64,'https://picsum.photos/seed/904b0070-858e-3c87-a656-9ef21169efee/800/800','Aut non quia.',0,6,'2025-10-26 10:32:28','2025-10-26 10:32:28'),(254,65,'https://picsum.photos/seed/890ba2f0-2c45-3620-ac61-c906d2446798/800/800','Voluptates tempore et perferendis.',1,3,'2025-10-26 10:32:28','2025-10-26 10:32:28'),(255,65,'https://picsum.photos/seed/1db4fb7d-11b3-3f11-b99f-47f3a3b74e30/800/800','Nulla nobis quae.',0,10,'2025-10-26 10:32:28','2025-10-26 10:32:28'),(256,65,'https://picsum.photos/seed/8789ea53-eaac-31d2-9c45-2e8ba24e192c/800/800','Tempora eligendi in recusandae dolores.',0,5,'2025-10-26 10:32:28','2025-10-26 10:32:28'),(257,66,'https://picsum.photos/seed/353decc5-8a35-32e6-b046-ed9cd9131c96/800/800','Esse vero.',1,7,'2025-10-26 10:32:28','2025-10-26 10:32:28'),(258,66,'https://picsum.photos/seed/b6e0caec-1c33-3d69-91d5-a2e95e6de46a/800/800','Tempore autem non provident.',0,2,'2025-10-26 10:32:28','2025-10-26 10:32:28'),(259,66,'https://picsum.photos/seed/9bdc76e3-d93d-38db-ba2d-c94ae3c81916/800/800','Officiis non amet.',0,8,'2025-10-26 10:32:28','2025-10-26 10:32:28'),(260,67,'https://picsum.photos/seed/eadebd9a-0e4f-365f-95e9-71d7754a4ecd/800/800','Cumque voluptas.',1,2,'2025-10-26 10:32:28','2025-10-26 10:32:28'),(261,67,'https://picsum.photos/seed/6f1cfed0-a236-3cb1-80b0-59b0e6d04283/800/800','Unde quasi velit voluptate.',0,10,'2025-10-26 10:32:28','2025-10-26 10:32:28'),(262,67,'https://picsum.photos/seed/3b92e745-3744-333d-8194-75daf246cb4b/800/800','Enim culpa explicabo nihil.',0,2,'2025-10-26 10:32:28','2025-10-26 10:32:28'),(263,68,'https://picsum.photos/seed/38acff42-cecf-3053-8ab5-7d09c824d7ed/800/800','Minus est cupiditate.',1,10,'2025-10-26 10:32:28','2025-10-26 10:32:28'),(264,68,'https://picsum.photos/seed/dd921900-3c7b-37fa-885c-2b77db6bdf78/800/800','Inventore pariatur animi ipsam.',0,6,'2025-10-26 10:32:28','2025-10-26 10:32:28'),(265,68,'https://picsum.photos/seed/f14ed88a-08f1-389b-a9c2-89bda27430fd/800/800','Illum nihil impedit eveniet et.',0,1,'2025-10-26 10:32:28','2025-10-26 10:32:28'),(266,69,'https://picsum.photos/seed/6a132dc9-c593-3995-a693-2780e5887902/800/800','Rerum saepe hic autem illum.',1,4,'2025-10-26 10:32:28','2025-10-26 10:32:28'),(267,69,'https://picsum.photos/seed/14b61420-b92f-3bf0-ba91-4590265ba81e/800/800','Quidem consequatur reprehenderit quisquam.',0,5,'2025-10-26 10:32:28','2025-10-26 10:32:28'),(268,69,'https://picsum.photos/seed/4e72cb21-b5d4-3e40-a851-072689087116/800/800','Omnis consequatur aut.',0,7,'2025-10-26 10:32:28','2025-10-26 10:32:28'),(269,70,'https://picsum.photos/seed/cc167a40-ddd1-3cd7-929c-1388ce9fa13a/800/800','Dolores fugiat et perferendis.',1,10,'2025-10-26 10:32:28','2025-10-26 10:32:28'),(270,70,'https://picsum.photos/seed/06868bb5-da31-323c-b744-406bddedd77a/800/800','Omnis aut magnam expedita.',0,1,'2025-10-26 10:32:28','2025-10-26 10:32:28'),(271,70,'https://picsum.photos/seed/54f4ab10-ef15-3076-be8d-67d37cc65347/800/800','Asperiores quia harum quibusdam eligendi.',0,6,'2025-10-26 10:32:28','2025-10-26 10:32:28'),(272,70,'https://picsum.photos/seed/090944e4-8fb9-3227-b250-481b34a127b8/800/800','Quasi facilis explicabo.',0,6,'2025-10-26 10:32:28','2025-10-26 10:32:28'),(273,71,'https://picsum.photos/seed/0bdf7134-da3d-370c-9e06-ab377d038769/800/800','Hic sed sequi.',1,9,'2025-10-26 10:32:28','2025-10-26 10:32:28'),(274,71,'https://picsum.photos/seed/d58bf13a-4b7e-303b-85cd-a771b980d33a/800/800','Eum culpa dolore.',0,6,'2025-10-26 10:32:28','2025-10-26 10:32:28'),(275,71,'https://picsum.photos/seed/629b6507-2629-36d9-bb45-2c94b3821e18/800/800','Aut rerum odio incidunt.',0,3,'2025-10-26 10:32:28','2025-10-26 10:32:28'),(276,72,'https://picsum.photos/seed/c06c5e53-b661-38b7-b4e2-71f5f043c582/800/800','Doloribus maxime porro ipsam.',1,10,'2025-10-26 10:32:28','2025-10-26 10:32:28'),(277,72,'https://picsum.photos/seed/076c3df0-d953-35ee-ae71-f0489fcdf7cf/800/800','Quod id nihil.',0,5,'2025-10-26 10:32:28','2025-10-26 10:32:28'),(278,72,'https://picsum.photos/seed/790498a9-dd96-38c6-bb00-db2819a144e3/800/800','Praesentium deleniti qui.',0,2,'2025-10-26 10:32:28','2025-10-26 10:32:28'),(279,72,'https://picsum.photos/seed/9d97f92b-b830-3d25-9be7-160188ecf9b4/800/800','Est ipsam quas eum ut.',0,6,'2025-10-26 10:32:28','2025-10-26 10:32:28'),(280,72,'https://picsum.photos/seed/8462de14-e7bf-3bda-89a2-144f884b4d42/800/800','Cum eveniet excepturi autem.',0,10,'2025-10-26 10:32:28','2025-10-26 10:32:28'),(281,73,'https://picsum.photos/seed/1344105e-d0f6-3fc7-bf5b-a72c553d4514/800/800','Harum expedita sint quis.',1,8,'2025-10-26 10:32:28','2025-10-26 10:32:28'),(282,73,'https://picsum.photos/seed/65a61c22-0eca-3330-9a1c-c93aa851452f/800/800','Quia est sint debitis.',0,7,'2025-10-26 10:32:28','2025-10-26 10:32:28'),(283,73,'https://picsum.photos/seed/a6ba89b2-ab8f-3d90-8310-2d924350681a/800/800','Sit unde et.',0,1,'2025-10-26 10:32:28','2025-10-26 10:32:28'),(284,73,'https://picsum.photos/seed/d8f8ee18-1da9-3ed9-81f6-c7ce4b494ada/800/800','Qui et error.',0,1,'2025-10-26 10:32:28','2025-10-26 10:32:28'),(285,73,'https://picsum.photos/seed/ce241ce0-5c43-3a5c-8e05-0cee7ffc19d4/800/800','Illo unde.',0,6,'2025-10-26 10:32:28','2025-10-26 10:32:28'),(286,74,'https://picsum.photos/seed/b8788280-5e8c-396f-9f8c-6349891ea3e0/800/800','Delectus dolor dolorum porro.',1,2,'2025-10-26 10:32:28','2025-10-26 10:32:28'),(287,74,'https://picsum.photos/seed/117cc6fd-1aa1-3993-ae98-dbdc081f9d2a/800/800','Explicabo vero officiis voluptatem.',0,3,'2025-10-26 10:32:28','2025-10-26 10:32:28'),(288,74,'https://picsum.photos/seed/63e55bc9-3002-3580-9450-81d4e63dd560/800/800','Itaque qui sit.',0,5,'2025-10-26 10:32:28','2025-10-26 10:32:28'),(289,75,'https://picsum.photos/seed/21d27e1c-d895-3d20-945c-11db5e0d847c/800/800','Natus eos explicabo sunt.',1,5,'2025-10-26 10:32:28','2025-10-26 10:32:28'),(290,75,'https://picsum.photos/seed/87d1a436-d200-336b-afa6-f902f922c488/800/800','Voluptas quasi.',0,9,'2025-10-26 10:32:28','2025-10-26 10:32:28'),(291,75,'https://picsum.photos/seed/788e1abf-e949-32f0-b1f5-f95273cf5cf0/800/800','Repellat dolor.',0,1,'2025-10-26 10:32:28','2025-10-26 10:32:28'),(292,76,'https://picsum.photos/seed/57642fc6-d81b-3980-b9d9-6c80919729a4/800/800','Amet consequatur corporis.',1,9,'2025-10-26 10:32:28','2025-10-26 10:32:28'),(293,76,'https://picsum.photos/seed/939c3b40-3466-3b39-a1e9-71389eff7cae/800/800','Perferendis quidem laboriosam voluptatem.',0,4,'2025-10-26 10:32:28','2025-10-26 10:32:28'),(294,76,'https://picsum.photos/seed/b257819b-026b-327e-b22a-5da079428089/800/800','Delectus cumque repudiandae id.',0,7,'2025-10-26 10:32:28','2025-10-26 10:32:28'),(295,76,'https://picsum.photos/seed/21687acb-c54b-3229-af1b-4b9e874d741f/800/800','Minima ex quia.',0,10,'2025-10-26 10:32:28','2025-10-26 10:32:28'),(296,77,'https://picsum.photos/seed/315880f8-4845-3d36-89f6-dc82ce273e61/800/800','Quia est itaque est.',1,4,'2025-10-26 10:32:28','2025-10-26 10:32:28'),(297,77,'https://picsum.photos/seed/70ae5a0c-a660-387f-a14b-0c0693b2f304/800/800','Quasi eum odit excepturi pariatur.',0,1,'2025-10-26 10:32:28','2025-10-26 10:32:28'),(298,77,'https://picsum.photos/seed/215f1f79-1b3c-3c4b-8754-03d71f7ec52f/800/800','Ut nostrum saepe.',0,6,'2025-10-26 10:32:28','2025-10-26 10:32:28'),(299,77,'https://picsum.photos/seed/03a5ebc7-6791-3d93-b282-b495443e1933/800/800','Iure autem est earum.',0,4,'2025-10-26 10:32:28','2025-10-26 10:32:28'),(300,77,'https://picsum.photos/seed/756f3d07-4fc5-320a-8bc3-d4a94b26b62b/800/800','Eos esse.',0,4,'2025-10-26 10:32:28','2025-10-26 10:32:28'),(301,78,'https://picsum.photos/seed/06614602-1702-38ea-b1a3-896b1d1603fd/800/800','Et id accusamus pariatur.',1,8,'2025-10-26 10:32:28','2025-10-26 10:32:28'),(302,78,'https://picsum.photos/seed/5144cf87-9b45-3b8b-8bb5-451988984136/800/800','Eum qui et.',0,10,'2025-10-26 10:32:28','2025-10-26 10:32:28'),(303,78,'https://picsum.photos/seed/53e341e1-9812-3a32-b53e-80ad7d75ae5e/800/800','Quia sit qui omnis.',0,6,'2025-10-26 10:32:28','2025-10-26 10:32:28'),(304,78,'https://picsum.photos/seed/857df0a2-d948-303a-86a3-2f3957175b9f/800/800','Ipsa sequi quasi odio.',0,2,'2025-10-26 10:32:28','2025-10-26 10:32:28'),(305,78,'https://picsum.photos/seed/3128ec86-0017-3513-9610-84c9b617cdb8/800/800','Sunt voluptas quis recusandae.',0,6,'2025-10-26 10:32:28','2025-10-26 10:32:28'),(306,79,'https://picsum.photos/seed/46ef439b-ea48-3962-8f26-a2e6e7813bc9/800/800','Debitis nihil assumenda dolor.',1,6,'2025-10-26 10:32:28','2025-10-26 10:32:28'),(307,79,'https://picsum.photos/seed/33f5ad0a-a4ca-3cbe-a353-8ef7f0385b73/800/800','Fugit dolor voluptatibus.',0,10,'2025-10-26 10:32:28','2025-10-26 10:32:28'),(308,79,'https://picsum.photos/seed/10194d33-0d43-3298-be89-314e8a648e21/800/800','Natus praesentium provident mollitia.',0,8,'2025-10-26 10:32:28','2025-10-26 10:32:28'),(309,79,'https://picsum.photos/seed/0a3825f9-f2dd-345d-9810-ca217cbb5bb8/800/800','Vero velit facilis modi.',0,10,'2025-10-26 10:32:28','2025-10-26 10:32:28'),(310,79,'https://picsum.photos/seed/948d116d-0593-398f-8b40-1ea2a3f7637b/800/800','Natus nostrum qui iste.',0,1,'2025-10-26 10:32:28','2025-10-26 10:32:28'),(311,80,'https://picsum.photos/seed/6a8c378e-7e37-30e3-9900-936269e04869/800/800','Doloremque quia molestiae dolorem.',1,1,'2025-10-26 10:32:28','2025-10-26 10:32:28'),(312,80,'https://picsum.photos/seed/aec8af60-d24e-3c6e-a3a3-4d15a6810ab3/800/800','Qui explicabo libero vero.',0,9,'2025-10-26 10:32:28','2025-10-26 10:32:28'),(313,80,'https://picsum.photos/seed/0d720e31-050b-3756-8f71-af341f2afe44/800/800','Aut consequuntur et.',0,7,'2025-10-26 10:32:28','2025-10-26 10:32:28'),(314,80,'https://picsum.photos/seed/b40eea78-4d6d-37bc-9fa4-946a56f513d3/800/800','Laboriosam atque autem aut.',0,8,'2025-10-26 10:32:28','2025-10-26 10:32:28'),(315,81,'https://picsum.photos/seed/71879627-ea64-3d83-92b0-d063ca6284de/800/800','Voluptatem voluptatem.',1,9,'2025-10-26 10:32:28','2025-10-26 10:32:28'),(316,81,'https://picsum.photos/seed/3d5fc80a-92a4-36bb-9adb-1e395c8155bd/800/800','Cum deserunt quis.',0,2,'2025-10-26 10:32:28','2025-10-26 10:32:28'),(317,81,'https://picsum.photos/seed/f11883b4-7675-3a0b-ba2e-294bb1440b6b/800/800','Neque velit quibusdam.',0,2,'2025-10-26 10:32:28','2025-10-26 10:32:28'),(318,82,'https://picsum.photos/seed/18cc644c-5960-3dac-afab-eee9f9f3d196/800/800','Provident labore perferendis.',1,8,'2025-10-26 10:32:28','2025-10-26 10:32:28'),(319,82,'https://picsum.photos/seed/241c138e-1a25-3468-82e3-e9f6fe33b545/800/800','Amet id fugit voluptas voluptate.',0,4,'2025-10-26 10:32:28','2025-10-26 10:32:28'),(320,82,'https://picsum.photos/seed/32ba4c21-baf1-3f29-8c21-b0ad4f471eba/800/800','Saepe et voluptatem.',0,6,'2025-10-26 10:32:28','2025-10-26 10:32:28'),(321,83,'https://picsum.photos/seed/a15dcae1-19e1-38b1-80bf-3e8c2263f860/800/800','Vero odit.',1,9,'2025-10-26 10:32:28','2025-10-26 10:32:28'),(322,83,'https://picsum.photos/seed/22fb276d-ea06-3b5e-92db-cda5aee8dfcb/800/800','Voluptate tempora illo asperiores.',0,9,'2025-10-26 10:32:28','2025-10-26 10:32:28'),(323,83,'https://picsum.photos/seed/5e5fff1d-98d5-39b3-bfba-3da5b3c141a8/800/800','Ex enim natus debitis.',0,8,'2025-10-26 10:32:28','2025-10-26 10:32:28'),(324,83,'https://picsum.photos/seed/201e202c-8d39-342e-82a9-453522fcc4f7/800/800','Ipsa modi maxime.',0,4,'2025-10-26 10:32:28','2025-10-26 10:32:28'),(325,84,'https://picsum.photos/seed/e40066f3-0b51-37e0-bc37-ce8e35c1ca80/800/800','Deleniti qui expedita assumenda.',1,7,'2025-10-26 10:32:28','2025-10-26 10:32:28'),(326,84,'https://picsum.photos/seed/16aabbc1-cfe6-30ef-ae99-9b1068b9304d/800/800','Enim deserunt est nam maiores.',0,1,'2025-10-26 10:32:28','2025-10-26 10:32:28'),(327,84,'https://picsum.photos/seed/c85a0b11-f034-3fc8-a5e7-4cf152f4d567/800/800','Illo aut sed.',0,3,'2025-10-26 10:32:28','2025-10-26 10:32:28'),(328,84,'https://picsum.photos/seed/23cd302e-3613-36d5-8bfe-e3600bd2df13/800/800','Sed rerum nostrum dolorem.',0,9,'2025-10-26 10:32:28','2025-10-26 10:32:28'),(329,84,'https://picsum.photos/seed/00e1ff76-8174-3f59-bd2f-98b6d30d9667/800/800','Tempora ex non rerum tenetur.',0,1,'2025-10-26 10:32:28','2025-10-26 10:32:28'),(330,85,'https://picsum.photos/seed/1bd87d15-4242-35dc-a924-4c806c0bd5c5/800/800','Laudantium non aliquam modi.',1,1,'2025-10-26 10:32:28','2025-10-26 10:32:28'),(331,85,'https://picsum.photos/seed/861abd1f-44f0-35c1-b15b-2bfb6a6153cf/800/800','Expedita deserunt qui iure.',0,3,'2025-10-26 10:32:28','2025-10-26 10:32:28'),(332,85,'https://picsum.photos/seed/175acb26-6146-3de4-b38c-84e21340a213/800/800','Deleniti commodi.',0,9,'2025-10-26 10:32:28','2025-10-26 10:32:28'),(333,85,'https://picsum.photos/seed/942caf5d-3ac4-36e6-a2f9-8d5d0de8dadb/800/800','Reprehenderit voluptas aut magni.',0,3,'2025-10-26 10:32:28','2025-10-26 10:32:28'),(334,85,'https://picsum.photos/seed/1a352ba9-8d5b-3ea9-8ab6-d84425d927e5/800/800','Est odit ut asperiores.',0,6,'2025-10-26 10:32:28','2025-10-26 10:32:28'),(335,86,'https://picsum.photos/seed/57aad448-7f21-30d6-abc9-762d01bea9f8/800/800','Labore fugiat qui reiciendis.',1,4,'2025-10-26 10:32:28','2025-10-26 10:32:28'),(336,86,'https://picsum.photos/seed/9460c543-fc27-31e0-a0b2-1ca799f57803/800/800','Quas illum aut.',0,1,'2025-10-26 10:32:28','2025-10-26 10:32:28'),(337,86,'https://picsum.photos/seed/afad7c14-8ab7-31b5-bbe3-2af6ec9c4b6b/800/800','Asperiores quae ut.',0,7,'2025-10-26 10:32:28','2025-10-26 10:32:28'),(338,86,'https://picsum.photos/seed/68c47b5e-ae56-3e7b-9614-e6f5f817f7cb/800/800','Minus velit neque.',0,9,'2025-10-26 10:32:28','2025-10-26 10:32:28'),(339,87,'https://picsum.photos/seed/d332c3bf-4946-3bc4-8baf-a06362f6d09d/800/800','Quasi perferendis incidunt.',1,4,'2025-10-26 10:32:29','2025-10-26 10:32:29'),(340,87,'https://picsum.photos/seed/d4debb4f-1f4d-3c4c-a9d9-4c7b9cdda86a/800/800','Nihil necessitatibus ipsum possimus.',0,10,'2025-10-26 10:32:29','2025-10-26 10:32:29'),(341,87,'https://picsum.photos/seed/cbb84068-6e14-3ce7-983d-78ad6449b949/800/800','Et vel sit.',0,1,'2025-10-26 10:32:29','2025-10-26 10:32:29'),(342,87,'https://picsum.photos/seed/e9445c1f-79a8-3337-a162-98e89657408f/800/800','Doloribus natus consectetur.',0,3,'2025-10-26 10:32:29','2025-10-26 10:32:29'),(343,88,'https://picsum.photos/seed/a074e8a0-d831-3db6-9e29-5573b9e2bfbd/800/800','Nostrum nemo cupiditate eum.',1,4,'2025-10-26 10:32:29','2025-10-26 10:32:29'),(344,88,'https://picsum.photos/seed/1f9b5dc8-0be7-3186-b401-ab5855ee9f6e/800/800','Veritatis qui quos debitis.',0,10,'2025-10-26 10:32:29','2025-10-26 10:32:29'),(345,88,'https://picsum.photos/seed/cf19699b-86e8-33c3-896c-d305af73678e/800/800','Quisquam facere odio.',0,2,'2025-10-26 10:32:29','2025-10-26 10:32:29'),(346,88,'https://picsum.photos/seed/edd0c867-690f-35af-aaca-eac1d8b6a7c2/800/800','At velit earum omnis.',0,5,'2025-10-26 10:32:29','2025-10-26 10:32:29'),(347,89,'https://picsum.photos/seed/9b1e6538-8b55-325c-98bd-7cbd517baf7f/800/800','Quos incidunt impedit non.',1,9,'2025-10-26 10:32:29','2025-10-26 10:32:29'),(348,89,'https://picsum.photos/seed/613b138f-0b8b-3f70-afc2-3eb17db2da62/800/800','Reprehenderit mollitia.',0,7,'2025-10-26 10:32:29','2025-10-26 10:32:29'),(349,89,'https://picsum.photos/seed/b0f22f85-e2b5-35f0-bf20-14a93616f98d/800/800','Expedita quia et quasi.',0,3,'2025-10-26 10:32:29','2025-10-26 10:32:29'),(350,90,'https://picsum.photos/seed/c7ef4d8c-d582-37c5-a346-a921cc79b199/800/800','Facilis est fugiat.',1,3,'2025-10-26 10:32:29','2025-10-26 10:32:29'),(351,90,'https://picsum.photos/seed/ea43d25a-ad71-317e-8318-ad2f0c59ebe9/800/800','Voluptatem voluptatem a.',0,2,'2025-10-26 10:32:29','2025-10-26 10:32:29'),(352,90,'https://picsum.photos/seed/421e1329-cb75-33ab-97bf-ed89e4d5addc/800/800','Est occaecati dolor.',0,8,'2025-10-26 10:32:29','2025-10-26 10:32:29'),(353,91,'https://picsum.photos/seed/ea3ed0e5-2b5d-360b-a52b-1b831c8170f0/800/800','Consequuntur aliquid molestias modi.',1,8,'2025-10-26 10:32:29','2025-10-26 10:32:29'),(354,91,'https://picsum.photos/seed/39bfd169-937a-36ff-8d6f-b5e72c701bd9/800/800','Reiciendis tempore quisquam.',0,1,'2025-10-26 10:32:29','2025-10-26 10:32:29'),(355,91,'https://picsum.photos/seed/9497a99a-63f9-324e-990d-84fd7900c0b9/800/800','Est porro quibusdam velit.',0,10,'2025-10-26 10:32:29','2025-10-26 10:32:29'),(356,91,'https://picsum.photos/seed/0ff392cf-0c84-3801-abde-aa63d912eeea/800/800','Consectetur nemo nobis totam.',0,3,'2025-10-26 10:32:29','2025-10-26 10:32:29'),(357,91,'https://picsum.photos/seed/682ade45-425a-33ed-9836-114a68755c7b/800/800','Ut consequatur dolor est.',0,7,'2025-10-26 10:32:29','2025-10-26 10:32:29'),(358,92,'https://picsum.photos/seed/dd3a8d6b-f039-3944-822a-20a1e32b595f/800/800','Nihil eos et hic.',1,4,'2025-10-26 10:32:29','2025-10-26 10:32:29'),(359,92,'https://picsum.photos/seed/8474ff49-f0dc-366a-a6eb-033dc0ce34e8/800/800','Aut ut et.',0,3,'2025-10-26 10:32:29','2025-10-26 10:32:29'),(360,92,'https://picsum.photos/seed/c2f06367-96c6-337b-af02-4910a21f4f8c/800/800','Nam natus possimus assumenda.',0,5,'2025-10-26 10:32:29','2025-10-26 10:32:29'),(361,93,'https://picsum.photos/seed/344bcfe4-e5d5-3aa9-9643-2bc64feb64dc/800/800','Beatae illo placeat qui qui.',1,3,'2025-10-26 10:32:29','2025-10-26 10:32:29'),(362,93,'https://picsum.photos/seed/a4509e3a-2524-304b-8607-ee832d64361c/800/800','Aut quia voluptas magni.',0,4,'2025-10-26 10:32:29','2025-10-26 10:32:29'),(363,93,'https://picsum.photos/seed/d6a7a3d2-f24d-373c-bd6f-c75d65ab7803/800/800','Est rem eveniet.',0,1,'2025-10-26 10:32:29','2025-10-26 10:32:29'),(364,93,'https://picsum.photos/seed/d19c493b-bb55-341a-aa22-3e5e14bb13ce/800/800','Porro suscipit vitae.',0,6,'2025-10-26 10:32:29','2025-10-26 10:32:29'),(365,94,'https://picsum.photos/seed/302bd4d5-a68d-3c24-a762-afd27deddc7f/800/800','Iusto adipisci iusto.',1,8,'2025-10-26 10:32:29','2025-10-26 10:32:29'),(366,94,'https://picsum.photos/seed/230917e7-0de7-3adb-978c-e056f360ee6f/800/800','Rerum nihil sed tempora.',0,8,'2025-10-26 10:32:29','2025-10-26 10:32:29'),(367,94,'https://picsum.photos/seed/1bcd0f95-8a83-3229-b8cc-89fd30bccab1/800/800','Qui quia temporibus exercitationem.',0,2,'2025-10-26 10:32:29','2025-10-26 10:32:29'),(368,95,'https://picsum.photos/seed/6ab7f4f8-e2cb-3e89-a06e-8cacfbeab26a/800/800','Dolorum sed possimus.',1,8,'2025-10-26 10:32:29','2025-10-26 10:32:29'),(369,95,'https://picsum.photos/seed/5fa19b78-1e86-3132-8a59-c988a6d15482/800/800','Harum magnam ipsam distinctio.',0,3,'2025-10-26 10:32:29','2025-10-26 10:32:29'),(370,95,'https://picsum.photos/seed/c7c3683a-1afb-30eb-a7d2-b68c02ad38bd/800/800','Consequuntur excepturi voluptas.',0,4,'2025-10-26 10:32:29','2025-10-26 10:32:29'),(371,95,'https://picsum.photos/seed/0d413564-5ebe-3a63-87f1-e79509287650/800/800','Quidem veritatis asperiores.',0,10,'2025-10-26 10:32:29','2025-10-26 10:32:29'),(372,96,'https://picsum.photos/seed/d170bfac-a1d6-3834-ad36-f3d9c7aa33b3/800/800','Commodi molestiae ea eaque ut.',1,4,'2025-10-26 10:32:29','2025-10-26 10:32:29'),(373,96,'https://picsum.photos/seed/1d094845-4552-38bb-a188-1b4a2d767073/800/800','Enim porro voluptas laboriosam.',0,9,'2025-10-26 10:32:29','2025-10-26 10:32:29'),(374,96,'https://picsum.photos/seed/ab08a775-c188-3e5d-a2a4-04148c70aa0f/800/800','Ullam sed nemo et.',0,7,'2025-10-26 10:32:29','2025-10-26 10:32:29'),(375,96,'https://picsum.photos/seed/7a8e40cc-8c11-3452-9759-8750f03d2261/800/800','Deserunt blanditiis.',0,10,'2025-10-26 10:32:29','2025-10-26 10:32:29'),(376,96,'https://picsum.photos/seed/d079316c-a8ec-31cb-a50e-3757a416ffd7/800/800','Aspernatur autem eos.',0,7,'2025-10-26 10:32:29','2025-10-26 10:32:29'),(377,97,'https://picsum.photos/seed/9dacfcb9-53e5-3143-b005-3d7903681c8d/800/800','Architecto totam voluptatem.',1,6,'2025-10-26 10:32:29','2025-10-26 10:32:29'),(378,97,'https://picsum.photos/seed/b0e92ea1-8a77-37ef-9839-22e359caabdc/800/800','Maxime voluptas aliquid et rerum.',0,8,'2025-10-26 10:32:29','2025-10-26 10:32:29'),(379,97,'https://picsum.photos/seed/766b3c86-ad01-34b5-a398-75318a291fb7/800/800','Minima minus sit porro.',0,7,'2025-10-26 10:32:29','2025-10-26 10:32:29'),(380,97,'https://picsum.photos/seed/121bfece-b7e4-3ea1-ac46-c077bc48a410/800/800','Architecto molestiae quos.',0,6,'2025-10-26 10:32:29','2025-10-26 10:32:29'),(381,97,'https://picsum.photos/seed/f6e8eb71-a7d3-3e68-8c0a-13d0c116b3c2/800/800','Consequatur sed officia.',0,5,'2025-10-26 10:32:29','2025-10-26 10:32:29'),(382,98,'https://picsum.photos/seed/08ba65bd-bc98-3fd4-884e-bdc025c899c0/800/800','Qui earum.',1,10,'2025-10-26 10:32:29','2025-10-26 10:32:29'),(383,98,'https://picsum.photos/seed/14b19cb8-e51c-38e2-8036-6c29a37a25b3/800/800','Quo doloremque nesciunt libero.',0,5,'2025-10-26 10:32:29','2025-10-26 10:32:29'),(384,98,'https://picsum.photos/seed/98e0efc6-1ec7-341f-a6fe-33faa8560760/800/800','Molestias incidunt velit.',0,2,'2025-10-26 10:32:29','2025-10-26 10:32:29'),(385,98,'https://picsum.photos/seed/e8758185-3ce2-3984-bcc5-62a5ab7749a8/800/800','Et enim in est.',0,4,'2025-10-26 10:32:29','2025-10-26 10:32:29'),(386,99,'https://picsum.photos/seed/3ca58858-523f-33e5-af5c-62a198cfefe9/800/800','Necessitatibus aliquid aut libero.',1,3,'2025-10-26 10:32:29','2025-10-26 10:32:29'),(387,99,'https://picsum.photos/seed/713d74c3-0382-3a79-a9b6-b18456e40527/800/800','Ut mollitia vel quis.',0,10,'2025-10-26 10:32:29','2025-10-26 10:32:29'),(388,99,'https://picsum.photos/seed/769308fb-9ab6-309c-ad64-2b20b9c32b10/800/800','Et ex commodi.',0,1,'2025-10-26 10:32:29','2025-10-26 10:32:29'),(389,100,'https://picsum.photos/seed/4ed40ef1-b6ce-3169-a374-3dffa1833f08/800/800','Cupiditate ut temporibus.',1,7,'2025-10-26 10:32:29','2025-10-26 10:32:29'),(390,100,'https://picsum.photos/seed/08fc1914-b84a-34b1-86e8-7e467ea7462e/800/800','Nesciunt numquam et eum.',0,4,'2025-10-26 10:32:29','2025-10-26 10:32:29'),(391,100,'https://picsum.photos/seed/9015fcaa-ec29-352c-a599-bc9b31abfe9c/800/800','Vel id ducimus.',0,2,'2025-10-26 10:32:29','2025-10-26 10:32:29');
/*!40000 ALTER TABLE `product_images` ENABLE KEYS */;
UNLOCK TABLES;

--
-- Table structure for table `product_questions`
--

DROP TABLE IF EXISTS `product_questions`;
/*!40101 SET @saved_cs_client     = @@character_set_client */;
/*!50503 SET character_set_client = utf8mb4 */;
CREATE TABLE `product_questions` (
  `id` bigint(20) unsigned NOT NULL AUTO_INCREMENT,
  `product_id` bigint(20) unsigned NOT NULL,
  `user_id` bigint(20) unsigned NOT NULL,
  `question` text NOT NULL,
  `status` enum('pending','answered','rejected') NOT NULL DEFAULT 'pending',
  `is_anonymous` tinyint(1) NOT NULL DEFAULT 0,
  `helpful_count` int(10) unsigned NOT NULL DEFAULT 0,
  `answers_count` int(10) unsigned NOT NULL DEFAULT 0,
  `is_featured` tinyint(1) NOT NULL DEFAULT 0,
  `metadata` longtext CHARACTER SET utf8mb4 COLLATE utf8mb4_bin DEFAULT NULL CHECK (json_valid(`metadata`)),
  `created_at` timestamp NULL DEFAULT NULL,
  `updated_at` timestamp NULL DEFAULT NULL,
  PRIMARY KEY (`id`),
  KEY `product_questions_product_id_status_created_at_index` (`product_id`,`status`,`created_at`),
  KEY `product_questions_user_id_status_index` (`user_id`,`status`),
  KEY `product_questions_is_featured_helpful_count_index` (`is_featured`,`helpful_count`),
  CONSTRAINT `product_questions_product_id_foreign` FOREIGN KEY (`product_id`) REFERENCES `products` (`product_id`) ON DELETE CASCADE,
  CONSTRAINT `product_questions_user_id_foreign` FOREIGN KEY (`user_id`) REFERENCES `users` (`id`) ON DELETE CASCADE
) ENGINE=InnoDB DEFAULT CHARSET=utf8mb4 COLLATE=utf8mb4_unicode_ci;
/*!40101 SET character_set_client = @saved_cs_client */;

--
-- Dumping data for table `product_questions`
--

LOCK TABLES `product_questions` WRITE;
/*!40000 ALTER TABLE `product_questions` DISABLE KEYS */;
/*!40000 ALTER TABLE `product_questions` ENABLE KEYS */;
UNLOCK TABLES;

--
-- Table structure for table `product_variants`
--

DROP TABLE IF EXISTS `product_variants`;
/*!40101 SET @saved_cs_client     = @@character_set_client */;
/*!50503 SET character_set_client = utf8mb4 */;
CREATE TABLE `product_variants` (
  `variant_id` bigint(20) unsigned NOT NULL AUTO_INCREMENT,
  `product_id` bigint(20) unsigned NOT NULL,
  `sku` varchar(100) NOT NULL,
  `price` decimal(18,2) NOT NULL,
  `discount_price` decimal(18,2) DEFAULT NULL,
  `stock_quantity` int(11) NOT NULL DEFAULT 0,
  `reserved_quantity` int(10) unsigned NOT NULL DEFAULT 0,
  `available_quantity` int(10) unsigned GENERATED ALWAYS AS (`stock_quantity` - `reserved_quantity`) STORED,
  `minimum_stock_level` int(10) unsigned NOT NULL DEFAULT 0,
  `track_inventory` tinyint(1) NOT NULL DEFAULT 1,
  `allow_backorder` tinyint(1) NOT NULL DEFAULT 0,
  `last_restocked_at` timestamp NULL DEFAULT NULL,
  `image_id` bigint(20) unsigned DEFAULT NULL,
  `created_at` timestamp NULL DEFAULT NULL,
  `updated_at` timestamp NULL DEFAULT NULL,
  `deleted_at` timestamp NULL DEFAULT NULL,
  PRIMARY KEY (`variant_id`),
  UNIQUE KEY `product_variants_sku_unique` (`sku`),
  KEY `product_variants_product_id_foreign` (`product_id`),
  KEY `product_variants_image_id_foreign` (`image_id`),
  KEY `product_variants_available_quantity_created_at_index` (`available_quantity`,`created_at`),
  KEY `product_variants_minimum_stock_level_available_quantity_index` (`minimum_stock_level`,`available_quantity`),
  KEY `product_variants_track_inventory_index` (`track_inventory`),
  KEY `product_variants_sku_index` (`sku`),
  KEY `product_variants_stock_quantity_index` (`stock_quantity`),
  CONSTRAINT `product_variants_image_id_foreign` FOREIGN KEY (`image_id`) REFERENCES `product_images` (`image_id`) ON DELETE SET NULL,
  CONSTRAINT `product_variants_product_id_foreign` FOREIGN KEY (`product_id`) REFERENCES `products` (`product_id`) ON DELETE CASCADE
) ENGINE=InnoDB AUTO_INCREMENT=147 DEFAULT CHARSET=utf8mb4 COLLATE=utf8mb4_unicode_ci;
/*!40101 SET character_set_client = @saved_cs_client */;

--
-- Dumping data for table `product_variants`
--

LOCK TABLES `product_variants` WRITE;
/*!40000 ALTER TABLE `product_variants` DISABLE KEYS */;
INSERT INTO `product_variants` (`variant_id`, `product_id`, `sku`, `price`, `discount_price`, `stock_quantity`, `reserved_quantity`, `minimum_stock_level`, `track_inventory`, `allow_backorder`, `last_restocked_at`, `image_id`, `created_at`, `updated_at`, `deleted_at`) VALUES (1,2,'SKU-31689as',19299876.00,19228137.00,36,0,0,1,0,NULL,NULL,'2025-10-26 10:32:27','2025-10-26 10:32:27',NULL),(2,3,'SKU-29497sc',2735300.00,2665276.00,27,0,0,1,0,NULL,NULL,'2025-10-26 10:32:27','2025-10-26 10:32:27',NULL),(3,3,'SKU-48152bq',11297552.00,11271494.00,46,0,0,1,0,NULL,NULL,'2025-10-26 10:32:27','2025-10-26 10:32:27',NULL),(4,3,'SKU-94751dm',42572269.00,42535338.00,2,0,0,1,0,NULL,NULL,'2025-10-26 10:32:27','2025-10-26 10:32:27',NULL),(5,6,'SKU-34500yz',47255368.00,47236051.00,36,0,0,1,0,NULL,NULL,'2025-10-26 10:32:27','2025-10-26 10:32:27',NULL),(6,6,'SKU-95020nm',177792.00,81476.00,7,0,0,1,0,NULL,NULL,'2025-10-26 10:32:27','2025-10-26 10:32:27',NULL),(7,6,'SKU-41096pa',30566363.00,30522990.00,33,0,0,1,0,NULL,NULL,'2025-10-26 10:32:27','2025-10-26 10:32:27',NULL),(8,7,'SKU-15674kx',1333873.00,1300643.00,11,0,0,1,0,NULL,NULL,'2025-10-26 10:32:27','2025-10-26 10:32:27',NULL),(9,8,'SKU-81381ij',31302989.00,31231544.00,97,0,0,1,0,NULL,NULL,'2025-10-26 10:32:27','2025-10-26 10:32:27',NULL),(10,9,'SKU-86995jy',17854021.00,17760073.00,95,0,0,1,0,NULL,NULL,'2025-10-26 10:32:27','2025-10-26 10:32:27',NULL),(11,13,'SKU-20049pw',28994800.00,28936810.00,75,0,0,1,0,NULL,NULL,'2025-10-26 10:32:27','2025-10-26 10:32:27',NULL),(12,13,'SKU-42861lq',27823407.00,27744476.00,16,0,0,1,0,NULL,NULL,'2025-10-26 10:32:27','2025-10-26 10:32:27',NULL),(13,13,'SKU-20710tb',33153738.00,33094133.00,29,0,0,1,0,NULL,NULL,'2025-10-26 10:32:27','2025-10-26 10:32:27',NULL),(14,14,'SKU-39148dp',23927945.00,23861280.00,50,0,0,1,0,NULL,NULL,'2025-10-26 10:32:27','2025-10-26 10:32:27',NULL),(15,14,'SKU-79469on',5627964.00,5575260.00,70,0,0,1,0,NULL,NULL,'2025-10-26 10:32:27','2025-10-26 10:32:27',NULL),(16,14,'SKU-84044td',7495833.00,7413096.00,40,0,0,1,0,NULL,NULL,'2025-10-26 10:32:27','2025-10-26 10:32:27',NULL),(17,15,'SKU-84387pr',31169845.00,31095609.00,37,0,0,1,0,NULL,NULL,'2025-10-26 10:32:27','2025-10-26 10:32:27',NULL),(18,15,'SKU-52235ko',36931089.00,36866018.00,85,0,0,1,0,NULL,NULL,'2025-10-26 10:32:27','2025-10-26 10:32:27',NULL),(19,15,'SKU-93308th',43930824.00,43918969.00,61,0,0,1,0,NULL,NULL,'2025-10-26 10:32:27','2025-10-26 10:32:27',NULL),(20,16,'SKU-22354lo',45129743.00,45034607.00,86,0,0,1,0,NULL,NULL,'2025-10-26 10:32:27','2025-10-26 10:32:27',NULL),(21,16,'SKU-89930bw',25389007.00,25330765.00,46,0,0,1,0,NULL,NULL,'2025-10-26 10:32:27','2025-10-26 10:32:27',NULL),(22,16,'SKU-94535rj',48386362.00,48301962.00,40,0,0,1,0,NULL,NULL,'2025-10-26 10:32:27','2025-10-26 10:32:27',NULL),(23,18,'SKU-75635dp',2733737.00,2640578.00,6,0,0,1,0,NULL,NULL,'2025-10-26 10:32:27','2025-10-26 10:32:27',NULL),(24,18,'SKU-99054ue',18082224.00,18058104.00,39,0,0,1,0,NULL,NULL,'2025-10-26 10:32:27','2025-10-26 10:32:27',NULL),(25,20,'SKU-99069bz',38283135.00,38203742.00,76,0,0,1,0,NULL,NULL,'2025-10-26 10:32:27','2025-10-27 02:26:25',NULL),(26,20,'SKU-08283sf',2175316.00,2124156.00,70,0,0,1,0,NULL,NULL,'2025-10-26 10:32:27','2025-10-26 10:32:27',NULL),(27,20,'SKU-93974pw',44028738.00,43947418.00,6,0,0,1,0,NULL,NULL,'2025-10-26 10:32:27','2025-10-26 10:32:27',NULL),(28,22,'SKU-04521xn',35076762.00,35063585.00,75,0,0,1,0,NULL,NULL,'2025-10-26 10:32:27','2025-10-26 10:32:27',NULL),(29,22,'SKU-01532bv',482801.00,471913.00,65,0,0,1,0,NULL,NULL,'2025-10-26 10:32:27','2025-10-26 10:32:27',NULL),(30,23,'SKU-47996gr',27094769.00,27062571.00,7,0,0,1,0,NULL,NULL,'2025-10-26 10:32:27','2025-10-26 10:32:27',NULL),(31,23,'SKU-64941ep',20650981.00,20621777.00,52,0,0,1,0,NULL,NULL,'2025-10-26 10:32:27','2025-10-26 10:32:27',NULL),(32,25,'SKU-47605gc',32947141.00,32894376.00,47,0,0,1,0,NULL,NULL,'2025-10-26 10:32:27','2025-10-26 10:32:27',NULL),(33,25,'SKU-40880ie',27161439.00,27062241.00,55,0,0,1,0,NULL,NULL,'2025-10-26 10:32:27','2025-10-26 10:32:27',NULL),(34,27,'SKU-52283xi',3583418.00,3510305.00,4,0,0,1,0,NULL,NULL,'2025-10-26 10:32:27','2025-10-26 10:32:27',NULL),(35,28,'SKU-90046eo',45830583.00,45768688.00,30,0,0,1,0,NULL,NULL,'2025-10-26 10:32:28','2025-10-26 10:32:28',NULL),(36,28,'SKU-29862kn',13986829.00,13922324.00,99,0,0,1,0,NULL,NULL,'2025-10-26 10:32:28','2025-10-26 10:32:28',NULL),(37,29,'SKU-66503sx',37347969.00,37289269.00,96,0,0,1,0,NULL,NULL,'2025-10-26 10:32:28','2025-10-26 10:32:28',NULL),(38,29,'SKU-48993uu',6146599.00,6111114.00,1,0,0,1,0,NULL,NULL,'2025-10-26 10:32:28','2025-10-26 10:32:28',NULL),(39,32,'SKU-53942yo',10911405.00,10891171.00,6,0,0,1,0,NULL,NULL,'2025-10-26 10:32:28','2025-10-26 10:32:28',NULL),(40,32,'SKU-08738nm',36623427.00,36552244.00,64,0,0,1,0,NULL,NULL,'2025-10-26 10:32:28','2025-10-26 10:32:28',NULL),(41,35,'SKU-93556zc',5073939.00,5023762.00,40,0,0,1,0,NULL,NULL,'2025-10-26 10:32:28','2025-10-26 10:32:28',NULL),(42,35,'SKU-37568nl',43330986.00,43253337.00,1,0,0,1,0,NULL,NULL,'2025-10-26 10:32:28','2025-10-26 10:32:28',NULL),(43,35,'SKU-77619hh',35193012.00,35110879.00,45,0,0,1,0,NULL,NULL,'2025-10-26 10:32:28','2025-10-26 10:32:28',NULL),(44,36,'SKU-52413ng',5786941.00,5761099.00,80,0,0,1,0,NULL,NULL,'2025-10-26 10:32:28','2025-10-26 10:32:28',NULL),(45,36,'SKU-49191yp',5029077.00,4964918.00,48,0,0,1,0,NULL,NULL,'2025-10-26 10:32:28','2025-10-26 10:32:28',NULL),(46,36,'SKU-49422bb',30155500.00,30090078.00,83,0,0,1,0,NULL,NULL,'2025-10-26 10:32:28','2025-10-26 10:32:28',NULL),(47,37,'SKU-92771iq',23619148.00,23547256.00,47,0,0,1,0,NULL,NULL,'2025-10-26 10:32:28','2025-10-26 10:32:28',NULL),(48,37,'SKU-29698ta',30594843.00,30556468.00,32,0,0,1,0,NULL,NULL,'2025-10-26 10:32:28','2025-10-26 10:32:28',NULL),(49,37,'SKU-10368jj',3943056.00,3872128.00,41,0,0,1,0,NULL,NULL,'2025-10-26 10:32:28','2025-10-26 10:32:28',NULL),(50,37,'SKU-53419ul',39182766.00,39107196.00,33,0,0,1,0,NULL,NULL,'2025-10-26 10:32:28','2025-10-26 10:32:28',NULL),(51,38,'SKU-33185ey',7605078.00,7549103.00,51,0,0,1,0,NULL,NULL,'2025-10-26 10:32:28','2025-10-26 10:32:28',NULL),(52,40,'SKU-59928ko',17712978.00,17693371.00,20,0,0,1,0,NULL,NULL,'2025-10-26 10:32:28','2025-10-26 10:32:28',NULL),(53,42,'SKU-75658bg',48450620.00,48420263.00,100,0,0,1,0,NULL,NULL,'2025-10-26 10:32:28','2025-10-26 10:32:28',NULL),(54,43,'SKU-41390gh',24655411.00,24617921.00,65,0,0,1,0,NULL,NULL,'2025-10-26 10:32:28','2025-10-26 10:32:28',NULL),(55,45,'SKU-38115np',14715722.00,14656879.00,29,0,0,1,0,NULL,NULL,'2025-10-26 10:32:28','2025-10-26 10:32:28',NULL),(56,45,'SKU-87352wj',10316872.00,10297009.00,9,0,0,1,0,NULL,NULL,'2025-10-26 10:32:28','2025-10-26 10:32:28',NULL),(57,46,'SKU-13689iv',41597489.00,41514847.00,2,0,0,1,0,NULL,NULL,'2025-10-26 10:32:28','2025-10-26 10:32:28',NULL),(58,46,'SKU-04352kz',27826217.00,27757755.00,29,0,0,1,0,NULL,NULL,'2025-10-26 10:32:28','2025-10-26 10:32:28',NULL),(59,47,'SKU-51353rl',29379463.00,29345391.00,1,0,0,1,0,NULL,NULL,'2025-10-26 10:32:28','2025-10-26 10:32:28',NULL),(60,47,'SKU-31658kc',5135125.00,5057392.00,57,0,0,1,0,NULL,NULL,'2025-10-26 10:32:28','2025-10-26 10:32:28',NULL),(61,48,'SKU-11311ye',14302863.00,14262315.00,23,0,0,1,0,NULL,NULL,'2025-10-26 10:32:28','2025-10-26 10:32:28',NULL),(62,48,'SKU-86087hv',19927280.00,19827502.00,92,0,0,1,0,NULL,NULL,'2025-10-26 10:32:28','2025-10-26 10:32:28',NULL),(63,49,'SKU-09406vd',27045322.00,27032250.00,81,0,0,1,0,NULL,NULL,'2025-10-26 10:32:28','2025-10-26 10:32:28',NULL),(64,49,'SKU-58994kq',5330992.00,5280830.00,38,0,0,1,0,NULL,NULL,'2025-10-26 10:32:28','2025-10-26 10:32:28',NULL),(65,49,'SKU-78072wv',9491838.00,9459102.00,70,0,0,1,0,NULL,NULL,'2025-10-26 10:32:28','2025-10-26 10:32:28',NULL),(66,50,'SKU-94812dn',25807105.00,25785527.00,13,0,0,1,0,NULL,NULL,'2025-10-26 10:32:28','2025-10-26 10:32:28',NULL),(67,52,'SKU-75113di',32890882.00,32870547.00,0,0,0,1,0,NULL,NULL,'2025-10-26 10:32:28','2025-10-26 10:32:28',NULL),(68,52,'SKU-86939mc',8859312.00,8847311.00,94,0,0,1,0,NULL,NULL,'2025-10-26 10:32:28','2025-10-26 10:32:28',NULL),(69,52,'SKU-67620xc',42599707.00,42519727.00,13,0,0,1,0,NULL,NULL,'2025-10-26 10:32:28','2025-10-26 10:32:28',NULL),(70,53,'SKU-21311ol',16269812.00,16218788.00,83,0,0,1,0,NULL,NULL,'2025-10-26 10:32:28','2025-10-26 10:32:28',NULL),(71,53,'SKU-30882cl',1111239.00,1052725.00,10,0,0,1,0,NULL,NULL,'2025-10-26 10:32:28','2025-10-26 10:32:28',NULL),(72,53,'SKU-33476fi',32282467.00,32251455.00,23,0,0,1,0,NULL,NULL,'2025-10-26 10:32:28','2025-10-26 10:32:28',NULL),(73,53,'SKU-16226sk',46689030.00,46662966.00,90,0,0,1,0,NULL,NULL,'2025-10-26 10:32:28','2025-10-26 10:32:28',NULL),(74,53,'SKU-68941bo',41680248.00,41629074.00,93,0,0,1,0,NULL,NULL,'2025-10-26 10:32:28','2025-10-26 10:32:28',NULL),(75,53,'SKU-81048ze',5123170.00,5038543.00,22,0,0,1,0,NULL,NULL,'2025-10-26 10:32:28','2025-10-26 10:32:28',NULL),(76,55,'SKU-49099ne',29022008.00,28996825.00,43,0,0,1,0,NULL,NULL,'2025-10-26 10:32:28','2025-10-26 10:32:28',NULL),(77,56,'SKU-25959tz',8376576.00,8361672.00,54,0,0,1,0,NULL,NULL,'2025-10-26 10:32:28','2025-10-26 10:32:28',NULL),(78,56,'SKU-04600xo',25098130.00,25005193.00,65,0,0,1,0,NULL,NULL,'2025-10-26 10:32:28','2025-10-26 10:32:28',NULL),(79,56,'SKU-09843ml',31127608.00,31065816.00,8,0,0,1,0,NULL,NULL,'2025-10-26 10:32:28','2025-10-26 10:32:28',NULL),(80,57,'SKU-23529eo',15771260.00,15748408.00,2,0,0,1,0,NULL,NULL,'2025-10-26 10:32:28','2025-10-26 10:32:28',NULL),(81,57,'SKU-16853zi',3887887.00,3864817.00,4,0,0,1,0,NULL,NULL,'2025-10-26 10:32:28','2025-10-26 10:32:28',NULL),(82,58,'SKU-34987vw',20474341.00,20412741.00,94,0,0,1,0,NULL,NULL,'2025-10-26 10:32:28','2025-10-26 10:32:28',NULL),(83,58,'SKU-09416vl',42175739.00,42136752.00,6,0,0,1,0,NULL,NULL,'2025-10-26 10:32:28','2025-10-26 10:32:28',NULL),(84,61,'SKU-82884bj',21844336.00,21759397.00,1,0,0,1,0,NULL,NULL,'2025-10-26 10:32:28','2025-10-26 10:32:28',NULL),(85,62,'SKU-61875kh',26277572.00,26201195.00,62,0,0,1,0,NULL,NULL,'2025-10-26 10:32:28','2025-10-26 10:32:28',NULL),(86,62,'SKU-87098jm',48662110.00,48591235.00,80,0,0,1,0,NULL,NULL,'2025-10-26 10:32:28','2025-10-26 10:32:28',NULL),(87,62,'SKU-90042bd',30670583.00,30605672.00,5,0,0,1,0,NULL,NULL,'2025-10-26 10:32:28','2025-10-26 10:32:28',NULL),(88,63,'SKU-97865ew',33223242.00,33201360.00,13,0,0,1,0,NULL,NULL,'2025-10-26 10:32:28','2025-10-26 10:32:28',NULL),(89,66,'SKU-86088vz',21121010.00,21081098.00,90,0,0,1,0,NULL,NULL,'2025-10-26 10:32:28','2025-10-26 10:32:28',NULL),(90,66,'SKU-51364wx',6497053.00,6421920.00,89,0,0,1,0,NULL,NULL,'2025-10-26 10:32:28','2025-10-26 10:32:28',NULL),(91,66,'SKU-59904uf',40749867.00,40662462.00,18,0,0,1,0,NULL,NULL,'2025-10-26 10:32:28','2025-10-26 10:32:28',NULL),(92,67,'SKU-88519rs',11160150.00,11116758.00,90,0,0,1,0,NULL,NULL,'2025-10-26 10:32:28','2025-10-26 10:32:28',NULL),(93,68,'SKU-85576vy',35973595.00,35953170.00,81,0,0,1,0,NULL,NULL,'2025-10-26 10:32:28','2025-10-26 10:32:28',NULL),(94,68,'SKU-86587oy',24978781.00,24964396.00,98,0,0,1,0,NULL,NULL,'2025-10-26 10:32:28','2025-10-26 10:32:28',NULL),(95,68,'SKU-90365fe',27404989.00,27359741.00,16,0,0,1,0,NULL,NULL,'2025-10-26 10:32:28','2025-10-26 10:32:28',NULL),(96,69,'SKU-36007if',30499840.00,30431279.00,24,0,0,1,0,NULL,NULL,'2025-10-26 10:32:28','2025-10-26 10:32:28',NULL),(97,69,'SKU-00057ok',27244503.00,27189386.00,3,0,0,1,0,NULL,NULL,'2025-10-26 10:32:28','2025-10-26 10:32:28',NULL),(98,71,'SKU-98090ay',23771097.00,23721907.00,43,0,0,1,0,NULL,NULL,'2025-10-26 10:32:28','2025-10-26 10:32:28',NULL),(99,71,'SKU-16622kc',14249269.00,14221691.00,6,0,0,1,0,NULL,NULL,'2025-10-26 10:32:28','2025-10-26 10:32:28',NULL),(100,72,'SKU-73778ba',36598430.00,36503068.00,36,0,0,1,0,NULL,NULL,'2025-10-26 10:32:28','2025-10-26 10:32:28',NULL),(101,72,'SKU-46164cf',31064935.00,31041480.00,15,0,0,1,0,NULL,NULL,'2025-10-26 10:32:28','2025-10-26 10:32:28',NULL),(102,72,'SKU-02699fc',14076186.00,13997930.00,37,0,0,1,0,NULL,NULL,'2025-10-26 10:32:28','2025-10-26 10:32:28',NULL),(103,72,'SKU-82346uu',5699117.00,5679350.00,60,0,0,1,0,NULL,NULL,'2025-10-26 10:32:28','2025-10-26 10:32:28',NULL),(104,72,'SKU-53670dp',37516524.00,37473603.00,45,0,0,1,0,NULL,NULL,'2025-10-26 10:32:28','2025-10-26 10:32:28',NULL),(105,72,'SKU-83384wd',8559679.00,8522305.00,84,0,0,1,0,NULL,NULL,'2025-10-26 10:32:28','2025-10-26 10:32:28',NULL),(106,74,'SKU-69583ni',11112826.00,11053810.00,57,0,0,1,0,NULL,NULL,'2025-10-26 10:32:28','2025-10-26 10:32:28',NULL),(107,74,'SKU-90444xe',8949964.00,8915821.00,23,0,0,1,0,NULL,NULL,'2025-10-26 10:32:28','2025-10-26 10:32:28',NULL),(108,75,'SKU-00002xx',21797395.00,21707123.00,97,0,0,1,0,NULL,NULL,'2025-10-26 10:32:28','2025-10-26 10:32:28',NULL),(109,75,'SKU-80314ph',31430892.00,31381506.00,35,0,0,1,0,NULL,NULL,'2025-10-26 10:32:28','2025-10-26 10:32:28',NULL),(110,75,'SKU-61469vu',32238722.00,32216734.00,53,0,0,1,0,NULL,NULL,'2025-10-26 10:32:28','2025-10-26 10:32:28',NULL),(111,76,'SKU-12970jn',5325225.00,5299807.00,4,0,0,1,0,NULL,NULL,'2025-10-26 10:32:28','2025-10-26 10:32:28',NULL),(112,76,'SKU-66027bl',5739393.00,5698966.00,35,0,0,1,0,NULL,NULL,'2025-10-26 10:32:28','2025-10-26 10:32:28',NULL),(113,77,'SKU-03158cr',6085750.00,5986228.00,30,0,0,1,0,NULL,NULL,'2025-10-26 10:32:28','2025-10-26 10:32:28',NULL),(114,77,'SKU-62470xf',15993927.00,15895138.00,43,0,0,1,0,NULL,NULL,'2025-10-26 10:32:28','2025-10-26 10:32:28',NULL),(115,78,'SKU-86162cx',42017287.00,41963054.00,98,0,0,1,0,NULL,NULL,'2025-10-26 10:32:28','2025-10-26 10:32:28',NULL),(116,78,'SKU-46168bz',49128567.00,49072200.00,2,0,0,1,0,NULL,NULL,'2025-10-26 10:32:28','2025-10-26 10:32:28',NULL),(117,78,'SKU-27491kr',15966574.00,15947409.00,94,0,0,1,0,NULL,NULL,'2025-10-26 10:32:28','2025-10-26 10:32:28',NULL),(118,79,'SKU-23357mr',41193306.00,41166685.00,20,0,0,1,0,NULL,NULL,'2025-10-26 10:32:28','2025-10-26 10:32:28',NULL),(119,79,'SKU-46659ps',1039276.00,964054.00,8,0,0,1,0,NULL,NULL,'2025-10-26 10:32:28','2025-10-26 10:32:28',NULL),(120,80,'SKU-61950xw',28834883.00,28776360.00,74,0,0,1,0,NULL,NULL,'2025-10-26 10:32:28','2025-10-26 10:32:28',NULL),(121,80,'SKU-27064dp',10617563.00,10582588.00,24,0,0,1,0,NULL,NULL,'2025-10-26 10:32:28','2025-10-26 10:32:28',NULL),(122,83,'SKU-84323gn',44693437.00,44669626.00,78,0,0,1,0,NULL,NULL,'2025-10-26 10:32:28','2025-10-26 10:32:28',NULL),(123,83,'SKU-05487np',18523305.00,18449203.00,56,0,0,1,0,NULL,NULL,'2025-10-26 10:32:28','2025-10-26 10:32:28',NULL),(124,84,'SKU-97442zy',46384665.00,46352417.00,86,0,0,1,0,NULL,NULL,'2025-10-26 10:32:28','2025-10-26 10:32:28',NULL),(125,84,'SKU-04073ac',12852271.00,12795765.00,62,0,0,1,0,NULL,NULL,'2025-10-26 10:32:28','2025-10-26 10:32:28',NULL),(126,84,'SKU-78326rz',3317064.00,3241201.00,22,0,0,1,0,NULL,NULL,'2025-10-26 10:32:28','2025-10-26 10:32:28',NULL),(127,85,'SKU-28071qb',49671069.00,49620493.00,13,0,0,1,0,NULL,NULL,'2025-10-26 10:32:28','2025-10-26 10:32:28',NULL),(128,85,'SKU-07702bo',11410104.00,11333260.00,82,0,0,1,0,NULL,NULL,'2025-10-26 10:32:28','2025-10-26 10:32:28',NULL),(129,86,'SKU-49377kt',9780854.00,9717919.00,75,0,0,1,0,NULL,NULL,'2025-10-26 10:32:28','2025-10-26 10:32:28',NULL),(130,86,'SKU-65068en',39689908.00,39611883.00,36,0,0,1,0,NULL,NULL,'2025-10-26 10:32:28','2025-10-26 10:32:28',NULL),(131,88,'SKU-50898tq',49149812.00,49059984.00,60,0,0,1,0,NULL,NULL,'2025-10-26 10:32:29','2025-10-26 10:32:29',NULL),(132,90,'SKU-36122if',49010549.00,48986840.00,86,0,0,1,0,NULL,NULL,'2025-10-26 10:32:29','2025-10-26 10:32:29',NULL),(133,91,'SKU-40995go',25060440.00,25008055.00,4,0,0,1,0,NULL,NULL,'2025-10-26 10:32:29','2025-10-26 10:32:29',NULL),(134,91,'SKU-14724tg',38997685.00,38943642.00,57,0,0,1,0,NULL,NULL,'2025-10-26 10:32:29','2025-10-26 10:32:29',NULL),(135,91,'SKU-24937gy',43213535.00,43113863.00,48,0,0,1,0,NULL,NULL,'2025-10-26 10:32:29','2025-10-26 10:32:29',NULL),(136,92,'SKU-66205xm',16299787.00,16250346.00,91,0,0,1,0,NULL,NULL,'2025-10-26 10:32:29','2025-10-26 10:32:29',NULL),(137,92,'SKU-27291nq',16605488.00,16555033.00,97,0,0,1,0,NULL,NULL,'2025-10-26 10:32:29','2025-10-26 10:32:29',NULL),(138,93,'SKU-22739lx',38725607.00,38642460.00,34,0,0,1,0,NULL,NULL,'2025-10-26 10:32:29','2025-10-26 10:32:29',NULL),(139,94,'SKU-49443nw',33971041.00,33872143.00,27,0,0,1,0,NULL,NULL,'2025-10-26 10:32:29','2025-10-26 10:32:29',NULL),(140,96,'SKU-32445mo',3520128.00,3470988.00,69,0,0,1,0,NULL,NULL,'2025-10-26 10:32:29','2025-10-26 10:32:29',NULL),(141,96,'SKU-00680wj',19349151.00,19263014.00,25,0,0,1,0,NULL,NULL,'2025-10-26 10:32:29','2025-10-26 10:32:29',NULL),(142,98,'SKU-01039kk',15503251.00,15424556.00,28,0,0,1,0,NULL,NULL,'2025-10-26 10:32:29','2025-10-26 10:32:29',NULL),(143,99,'SKU-09354ja',5856136.00,5762401.00,41,0,0,1,0,NULL,NULL,'2025-10-26 10:32:29','2025-10-26 10:32:29',NULL),(144,99,'SKU-44071mq',651231.00,590033.00,20,0,0,1,0,NULL,NULL,'2025-10-26 10:32:29','2025-10-26 10:32:29',NULL),(145,100,'SKU-79327ss',46880919.00,46792883.00,48,0,0,1,0,NULL,NULL,'2025-10-26 10:32:29','2025-10-26 10:32:29',NULL),(146,100,'SKU-98147xq',7294711.00,7214110.00,88,0,0,1,0,NULL,NULL,'2025-10-26 10:32:29','2025-10-26 10:32:29',NULL);
/*!40000 ALTER TABLE `product_variants` ENABLE KEYS */;
UNLOCK TABLES;

--
-- Table structure for table `product_views`
--

DROP TABLE IF EXISTS `product_views`;
/*!40101 SET @saved_cs_client     = @@character_set_client */;
/*!50503 SET character_set_client = utf8mb4 */;
CREATE TABLE `product_views` (
  `product_view_id` bigint(20) unsigned NOT NULL AUTO_INCREMENT,
  `user_id` bigint(20) unsigned NOT NULL,
  `product_id` bigint(20) unsigned NOT NULL,
  `view_count` int(11) NOT NULL DEFAULT 1,
  `last_viewed` timestamp NOT NULL DEFAULT current_timestamp() ON UPDATE current_timestamp(),
  PRIMARY KEY (`product_view_id`),
  UNIQUE KEY `product_views_user_id_product_id_unique` (`user_id`,`product_id`),
  KEY `product_views_product_id_foreign` (`product_id`),
  CONSTRAINT `product_views_product_id_foreign` FOREIGN KEY (`product_id`) REFERENCES `products` (`product_id`) ON DELETE CASCADE,
  CONSTRAINT `product_views_user_id_foreign` FOREIGN KEY (`user_id`) REFERENCES `users` (`id`) ON DELETE CASCADE
) ENGINE=InnoDB AUTO_INCREMENT=3574 DEFAULT CHARSET=utf8mb4 COLLATE=utf8mb4_unicode_ci;
/*!40101 SET character_set_client = @saved_cs_client */;

--
-- Dumping data for table `product_views`
--

LOCK TABLES `product_views` WRITE;
/*!40000 ALTER TABLE `product_views` DISABLE KEYS */;
INSERT INTO `product_views` VALUES (1,22,1,2,'2025-10-26 10:32:32'),(2,22,2,2,'2025-10-26 10:32:32'),(3,22,11,2,'2025-10-26 10:32:32'),(4,22,12,2,'2025-10-26 10:32:32'),(5,22,21,2,'2025-10-26 10:32:32'),(6,22,24,2,'2025-10-26 10:32:32'),(7,22,26,2,'2025-10-26 10:32:32'),(8,22,28,2,'2025-10-26 10:32:32'),(9,22,33,2,'2025-10-26 10:32:32'),(10,22,35,2,'2025-10-26 10:32:32'),(11,22,37,2,'2025-10-26 10:32:32'),(12,22,41,2,'2025-10-26 10:32:32'),(13,22,42,2,'2025-10-26 10:32:32'),(14,22,43,2,'2025-10-26 10:32:32'),(15,22,44,2,'2025-10-26 10:32:32'),(16,22,46,2,'2025-10-26 10:32:32'),(17,22,47,2,'2025-10-26 10:32:32'),(18,22,53,2,'2025-10-26 10:32:33'),(19,22,54,2,'2025-10-26 10:32:33'),(20,22,56,2,'2025-10-26 10:32:33'),(21,22,62,2,'2025-10-26 10:32:33'),(22,22,65,2,'2025-10-26 10:32:33'),(23,22,69,2,'2025-10-26 10:32:33'),(24,22,70,2,'2025-10-26 10:32:33'),(25,22,71,2,'2025-10-26 10:32:33'),(26,22,73,2,'2025-10-26 10:32:33'),(27,22,75,2,'2025-10-26 10:32:33'),(28,22,78,2,'2025-10-26 10:32:33'),(29,22,88,2,'2025-10-26 10:32:33'),(30,22,89,2,'2025-10-26 10:32:33'),(31,22,95,2,'2025-10-26 10:32:33'),(32,22,96,2,'2025-10-26 10:32:33'),(33,22,98,2,'2025-10-26 10:32:33'),(34,23,1,2,'2025-10-26 10:32:33'),(35,23,5,2,'2025-10-26 10:32:33'),(36,23,8,2,'2025-10-26 10:32:33'),(37,23,15,2,'2025-10-26 10:32:33'),(38,23,16,2,'2025-10-26 10:32:33'),(39,23,20,2,'2025-10-26 10:32:33'),(40,23,21,2,'2025-10-26 10:32:33'),(41,23,23,2,'2025-10-26 10:32:33'),(42,23,25,2,'2025-10-26 10:32:33'),(43,23,26,2,'2025-10-26 10:32:33'),(44,23,27,2,'2025-10-26 10:32:33'),(45,23,29,2,'2025-10-26 10:32:33'),(46,23,33,2,'2025-10-26 10:32:33'),(47,23,38,2,'2025-10-26 10:32:33'),(48,23,44,2,'2025-10-26 10:32:33'),(49,23,46,2,'2025-10-26 10:32:33'),(50,23,49,2,'2025-10-26 10:32:33'),(51,23,53,2,'2025-10-26 10:32:33'),(52,23,54,2,'2025-10-26 10:32:33'),(53,23,58,2,'2025-10-26 10:32:33'),(54,23,60,2,'2025-10-26 10:32:33'),(55,23,63,2,'2025-10-26 10:32:33'),(56,23,71,2,'2025-10-26 10:32:33'),(57,23,73,2,'2025-10-26 10:32:33'),(58,23,74,2,'2025-10-26 10:32:33'),(59,23,78,2,'2025-10-26 10:32:33'),(60,23,82,2,'2025-10-26 10:32:33'),(61,23,86,2,'2025-10-26 10:32:33'),(62,23,88,2,'2025-10-26 10:32:33'),(63,23,93,2,'2025-10-26 10:32:33'),(64,23,96,2,'2025-10-26 10:32:33'),(65,23,97,2,'2025-10-26 10:32:33'),(66,23,100,2,'2025-10-26 10:32:33'),(67,24,3,2,'2025-10-26 10:32:33'),(68,24,4,2,'2025-10-26 10:32:33'),(69,24,6,2,'2025-10-26 10:32:33'),(70,24,9,2,'2025-10-26 10:32:33'),(71,24,11,2,'2025-10-26 10:32:33'),(72,24,12,2,'2025-10-26 10:32:33'),(73,24,15,2,'2025-10-26 10:32:33'),(74,24,16,2,'2025-10-26 10:32:33'),(75,24,18,2,'2025-10-26 10:32:33'),(76,24,26,2,'2025-10-26 10:32:33'),(77,24,27,2,'2025-10-26 10:32:33'),(78,24,29,2,'2025-10-26 10:32:33'),(79,24,31,2,'2025-10-26 10:32:33'),(80,24,33,2,'2025-10-26 10:32:33'),(81,24,35,2,'2025-10-26 10:32:33'),(82,24,40,2,'2025-10-26 10:32:33'),(83,24,41,2,'2025-10-26 10:32:33'),(84,24,42,2,'2025-10-26 10:32:33'),(85,24,43,2,'2025-10-26 10:32:33'),(86,24,44,2,'2025-10-26 10:32:33'),(87,24,45,2,'2025-10-26 10:32:33'),(88,24,51,2,'2025-10-26 10:32:33'),(89,24,53,2,'2025-10-26 10:32:33'),(90,24,55,2,'2025-10-26 10:32:33'),(91,24,57,2,'2025-10-26 10:32:33'),(92,24,59,2,'2025-10-26 10:32:33'),(93,24,61,2,'2025-10-26 10:32:33'),(94,24,62,2,'2025-10-26 10:32:33'),(95,24,63,2,'2025-10-26 10:32:33'),(96,24,66,2,'2025-10-26 10:32:33'),(97,24,71,2,'2025-10-26 10:32:33'),(98,24,80,2,'2025-10-26 10:32:33'),(99,24,81,2,'2025-10-26 10:32:33'),(100,24,82,2,'2025-10-26 10:32:33'),(101,24,83,2,'2025-10-26 10:32:33'),(102,24,89,2,'2025-10-26 10:32:33'),(103,24,90,2,'2025-10-26 10:32:33'),(104,24,92,2,'2025-10-26 10:32:33'),(105,24,94,2,'2025-10-26 10:32:33'),(106,24,96,2,'2025-10-26 10:32:33'),(107,24,97,2,'2025-10-26 10:32:33'),(108,24,98,2,'2025-10-26 10:32:33'),(109,25,1,2,'2025-10-26 10:32:33'),(110,25,2,2,'2025-10-26 10:32:33'),(111,25,4,2,'2025-10-26 10:32:33'),(112,25,5,2,'2025-10-26 10:32:33'),(113,25,6,2,'2025-10-26 10:32:33'),(114,25,8,2,'2025-10-26 10:32:33'),(115,25,13,2,'2025-10-26 10:32:33'),(116,25,16,2,'2025-10-26 10:32:33'),(117,25,17,2,'2025-10-26 10:32:33'),(118,25,19,2,'2025-10-26 10:32:33'),(119,25,23,2,'2025-10-26 10:32:33'),(120,25,24,2,'2025-10-26 10:32:33'),(121,25,26,2,'2025-10-26 10:32:33'),(122,25,28,2,'2025-10-26 10:32:33'),(123,25,29,2,'2025-10-26 10:32:33'),(124,25,31,2,'2025-10-26 10:32:33'),(125,25,32,2,'2025-10-26 10:32:33'),(126,25,33,2,'2025-10-26 10:32:33'),(127,25,34,2,'2025-10-26 10:32:33'),(128,25,38,2,'2025-10-26 10:32:33'),(129,25,39,2,'2025-10-26 10:32:33'),(130,25,40,2,'2025-10-26 10:32:33'),(131,25,42,2,'2025-10-26 10:32:33'),(132,25,51,2,'2025-10-26 10:32:33'),(133,25,52,2,'2025-10-26 10:32:33'),(134,25,53,2,'2025-10-26 10:32:33'),(135,25,56,2,'2025-10-26 10:32:33'),(136,25,60,2,'2025-10-26 10:32:33'),(137,25,61,2,'2025-10-26 10:32:33'),(138,25,62,2,'2025-10-26 10:32:33'),(139,25,66,2,'2025-10-26 10:32:33'),(140,25,70,2,'2025-10-26 10:32:33'),(141,25,71,2,'2025-10-26 10:32:33'),(142,25,74,2,'2025-10-26 10:32:33'),(143,25,75,2,'2025-10-26 10:32:33'),(144,25,76,2,'2025-10-26 10:32:33'),(145,25,86,2,'2025-10-26 10:32:33'),(146,25,89,2,'2025-10-26 10:32:33'),(147,25,90,2,'2025-10-26 10:32:33'),(148,25,91,2,'2025-10-26 10:32:33'),(149,25,98,2,'2025-10-26 10:32:33'),(150,26,2,2,'2025-10-26 10:32:33'),(151,26,4,2,'2025-10-26 10:32:33'),(152,26,9,2,'2025-10-26 10:32:33'),(153,26,15,2,'2025-10-26 10:32:33'),(154,26,16,2,'2025-10-26 10:32:33'),(155,26,20,2,'2025-10-26 10:32:33'),(156,26,25,2,'2025-10-26 10:32:33'),(157,26,27,2,'2025-10-26 10:32:33'),(158,26,29,2,'2025-10-26 10:32:33'),(159,26,30,2,'2025-10-26 10:32:33'),(160,26,32,2,'2025-10-26 10:32:33'),(161,26,35,2,'2025-10-26 10:32:33'),(162,26,44,2,'2025-10-26 10:32:33'),(163,26,47,2,'2025-10-26 10:32:33'),(164,26,53,2,'2025-10-26 10:32:33'),(165,26,54,2,'2025-10-26 10:32:33'),(166,26,57,2,'2025-10-26 10:32:33'),(167,26,58,2,'2025-10-26 10:32:33'),(168,26,61,2,'2025-10-26 10:32:33'),(169,26,62,2,'2025-10-26 10:32:33'),(170,26,63,2,'2025-10-26 10:32:33'),(171,26,64,2,'2025-10-26 10:32:33'),(172,26,65,2,'2025-10-26 10:32:33'),(173,26,69,2,'2025-10-26 10:32:33'),(174,26,75,2,'2025-10-26 10:32:33'),(175,26,76,2,'2025-10-26 10:32:33'),(176,26,79,2,'2025-10-26 10:32:33'),(177,26,81,2,'2025-10-26 10:32:33'),(178,26,84,2,'2025-10-26 10:32:33'),(179,26,85,2,'2025-10-26 10:32:33'),(180,26,88,2,'2025-10-26 10:32:33'),(181,26,97,2,'2025-10-26 10:32:33'),(182,26,98,2,'2025-10-26 10:32:33'),(183,27,2,2,'2025-10-26 10:32:33'),(184,27,4,2,'2025-10-26 10:32:33'),(185,27,6,2,'2025-10-26 10:32:33'),(186,27,13,2,'2025-10-26 10:32:33'),(187,27,14,2,'2025-10-26 10:32:33'),(188,27,25,2,'2025-10-26 10:32:33'),(189,27,33,2,'2025-10-26 10:32:33'),(190,27,34,2,'2025-10-26 10:32:33'),(191,27,38,2,'2025-10-26 10:32:33'),(192,27,40,2,'2025-10-26 10:32:33'),(193,27,44,2,'2025-10-26 10:32:33'),(194,27,49,2,'2025-10-26 10:32:33'),(195,27,53,2,'2025-10-26 10:32:33'),(196,27,61,2,'2025-10-26 10:32:33'),(197,27,70,2,'2025-10-26 10:32:33'),(198,27,77,2,'2025-10-26 10:32:33'),(199,27,78,2,'2025-10-26 10:32:33'),(200,27,81,2,'2025-10-26 10:32:33'),(201,27,87,2,'2025-10-26 10:32:33'),(202,27,89,2,'2025-10-26 10:32:33'),(203,27,92,2,'2025-10-26 10:32:33'),(204,27,96,2,'2025-10-26 10:32:33'),(205,28,3,2,'2025-10-26 10:32:33'),(206,28,5,2,'2025-10-26 10:32:33'),(207,28,9,2,'2025-10-26 10:32:33'),(208,28,10,2,'2025-10-26 10:32:33'),(209,28,12,2,'2025-10-26 10:32:33'),(210,28,14,2,'2025-10-26 10:32:33'),(211,28,16,2,'2025-10-26 10:32:33'),(212,28,17,2,'2025-10-26 10:32:33'),(213,28,19,2,'2025-10-26 10:32:33'),(214,28,20,2,'2025-10-26 10:32:33'),(215,28,21,2,'2025-10-26 10:32:33'),(216,28,24,2,'2025-10-26 10:32:33'),(217,28,31,2,'2025-10-26 10:32:33'),(218,28,49,2,'2025-10-26 10:32:33'),(219,28,52,2,'2025-10-26 10:32:33'),(220,28,53,2,'2025-10-26 10:32:33'),(221,28,54,2,'2025-10-26 10:32:33'),(222,28,55,2,'2025-10-26 10:32:33'),(223,28,57,2,'2025-10-26 10:32:33'),(224,28,61,2,'2025-10-26 10:32:33'),(225,28,62,2,'2025-10-26 10:32:33'),(226,28,63,2,'2025-10-26 10:32:33'),(227,28,67,2,'2025-10-26 10:32:33'),(228,28,68,2,'2025-10-26 10:32:33'),(229,28,70,2,'2025-10-26 10:32:33'),(230,28,71,2,'2025-10-26 10:32:33'),(231,28,72,2,'2025-10-26 10:32:33'),(232,28,73,2,'2025-10-26 10:32:33'),(233,28,74,2,'2025-10-26 10:32:33'),(234,28,75,2,'2025-10-26 10:32:33'),(235,28,76,2,'2025-10-26 10:32:33'),(236,28,79,2,'2025-10-26 10:32:33'),(237,28,80,2,'2025-10-26 10:32:33'),(238,28,81,2,'2025-10-26 10:32:33'),(239,28,84,2,'2025-10-26 10:32:33'),(240,28,85,2,'2025-10-26 10:32:33'),(241,28,86,2,'2025-10-26 10:32:33'),(242,28,88,2,'2025-10-26 10:32:33'),(243,28,100,2,'2025-10-26 10:32:33'),(244,29,4,2,'2025-10-26 10:32:33'),(245,29,5,2,'2025-10-26 10:32:33'),(246,29,12,2,'2025-10-26 10:32:33'),(247,29,15,2,'2025-10-26 10:32:33'),(248,29,16,2,'2025-10-26 10:32:33'),(249,29,20,2,'2025-10-26 10:32:33'),(250,29,23,2,'2025-10-26 10:32:33'),(251,29,27,2,'2025-10-26 10:32:33'),(252,29,31,2,'2025-10-26 10:32:33'),(253,29,37,2,'2025-10-26 10:32:33'),(254,29,41,2,'2025-10-26 10:32:33'),(255,29,42,2,'2025-10-26 10:32:33'),(256,29,43,2,'2025-10-26 10:32:33'),(257,29,55,2,'2025-10-26 10:32:33'),(258,29,60,2,'2025-10-26 10:32:33'),(259,29,62,2,'2025-10-26 10:32:33'),(260,29,63,2,'2025-10-26 10:32:33'),(261,29,65,2,'2025-10-26 10:32:33'),(262,29,68,2,'2025-10-26 10:32:33'),(263,29,71,2,'2025-10-26 10:32:33'),(264,29,78,2,'2025-10-26 10:32:33'),(265,29,81,2,'2025-10-26 10:32:33'),(266,29,87,2,'2025-10-26 10:32:33'),(267,29,92,2,'2025-10-26 10:32:33'),(268,29,97,2,'2025-10-26 10:32:33'),(269,29,99,2,'2025-10-26 10:32:33'),(270,30,5,2,'2025-10-26 10:32:33'),(271,30,6,2,'2025-10-26 10:32:33'),(272,30,10,2,'2025-10-26 10:32:33'),(273,30,13,2,'2025-10-26 10:32:33'),(274,30,19,2,'2025-10-26 10:32:33'),(275,30,24,2,'2025-10-26 10:32:33'),(276,30,26,2,'2025-10-26 10:32:33'),(277,30,29,2,'2025-10-26 10:32:33'),(278,30,31,2,'2025-10-26 10:32:33'),(279,30,41,2,'2025-10-26 10:32:33'),(280,30,44,2,'2025-10-26 10:32:33'),(281,30,51,2,'2025-10-26 10:32:33'),(282,30,52,2,'2025-10-26 10:32:33'),(283,30,55,2,'2025-10-26 10:32:33'),(284,30,58,2,'2025-10-26 10:32:33'),(285,30,59,2,'2025-10-26 10:32:33'),(286,30,64,2,'2025-10-26 10:32:33'),(287,30,69,2,'2025-10-26 10:32:33'),(288,30,72,2,'2025-10-26 10:32:33'),(289,30,73,2,'2025-10-26 10:32:33'),(290,30,75,2,'2025-10-26 10:32:33'),(291,30,79,2,'2025-10-26 10:32:33'),(292,30,80,2,'2025-10-26 10:32:33'),(293,30,87,2,'2025-10-26 10:32:33'),(294,30,92,2,'2025-10-26 10:32:33'),(295,30,94,2,'2025-10-26 10:32:33'),(296,31,1,2,'2025-10-26 10:32:33'),(297,31,2,2,'2025-10-26 10:32:33'),(298,31,3,2,'2025-10-26 10:32:33'),(299,31,6,2,'2025-10-26 10:32:33'),(300,31,10,2,'2025-10-26 10:32:33'),(301,31,15,2,'2025-10-26 10:32:33'),(302,31,16,2,'2025-10-26 10:32:33'),(303,31,20,2,'2025-10-26 10:32:33'),(304,31,21,2,'2025-10-26 10:32:33'),(305,31,25,2,'2025-10-26 10:32:33'),(306,31,27,2,'2025-10-26 10:32:33'),(307,31,29,2,'2025-10-26 10:32:33'),(308,31,34,2,'2025-10-26 10:32:33'),(309,31,35,2,'2025-10-26 10:32:33'),(310,31,39,2,'2025-10-26 10:32:33'),(311,31,41,2,'2025-10-26 10:32:33'),(312,31,44,2,'2025-10-26 10:32:33'),(313,31,51,2,'2025-10-26 10:32:33'),(314,31,56,2,'2025-10-26 10:32:33'),(315,31,61,2,'2025-10-26 10:32:33'),(316,31,63,2,'2025-10-26 10:32:33'),(317,31,68,2,'2025-10-26 10:32:33'),(318,31,73,2,'2025-10-26 10:32:33'),(319,31,75,2,'2025-10-26 10:32:33'),(320,31,77,2,'2025-10-26 10:32:33'),(321,31,79,2,'2025-10-26 10:32:33'),(322,31,82,2,'2025-10-26 10:32:33'),(323,31,83,2,'2025-10-26 10:32:33'),(324,31,84,2,'2025-10-26 10:32:33'),(325,31,85,2,'2025-10-26 10:32:33'),(326,31,86,2,'2025-10-26 10:32:33'),(327,31,87,2,'2025-10-26 10:32:33'),(328,31,91,2,'2025-10-26 10:32:33'),(329,31,93,2,'2025-10-26 10:32:33'),(330,31,94,2,'2025-10-26 10:32:33'),(331,31,95,2,'2025-10-26 10:32:33'),(332,31,100,2,'2025-10-26 10:32:33'),(333,32,1,2,'2025-10-26 10:32:33'),(334,32,4,2,'2025-10-26 10:32:33'),(335,32,5,2,'2025-10-26 10:32:33'),(336,32,6,2,'2025-10-26 10:32:33'),(337,32,7,2,'2025-10-26 10:32:33'),(338,32,10,2,'2025-10-26 10:32:33'),(339,32,15,2,'2025-10-26 10:32:33'),(340,32,19,2,'2025-10-26 10:32:33'),(341,32,21,2,'2025-10-26 10:32:33'),(342,32,24,2,'2025-10-26 10:32:33'),(343,32,28,2,'2025-10-26 10:32:33'),(344,32,33,2,'2025-10-26 10:32:33'),(345,32,34,2,'2025-10-26 10:32:33'),(346,32,35,2,'2025-10-26 10:32:33'),(347,32,39,2,'2025-10-26 10:32:33'),(348,32,40,2,'2025-10-26 10:32:33'),(349,32,41,2,'2025-10-26 10:32:33'),(350,32,43,2,'2025-10-26 10:32:33'),(351,32,44,2,'2025-10-26 10:32:33'),(352,32,45,2,'2025-10-26 10:32:33'),(353,32,46,2,'2025-10-26 10:32:33'),(354,32,47,2,'2025-10-26 10:32:33'),(355,32,48,2,'2025-10-26 10:32:33'),(356,32,49,2,'2025-10-26 10:32:33'),(357,32,50,2,'2025-10-26 10:32:33'),(358,32,52,2,'2025-10-26 10:32:33'),(359,32,54,2,'2025-10-26 10:32:33'),(360,32,56,2,'2025-10-26 10:32:33'),(361,32,60,2,'2025-10-26 10:32:33'),(362,32,61,2,'2025-10-26 10:32:33'),(363,32,62,2,'2025-10-26 10:32:33'),(364,32,63,2,'2025-10-26 10:32:33'),(365,32,65,2,'2025-10-26 10:32:33'),(366,32,66,2,'2025-10-26 10:32:33'),(367,32,67,2,'2025-10-26 10:32:33'),(368,32,69,2,'2025-10-26 10:32:33'),(369,32,73,2,'2025-10-26 10:32:33'),(370,32,74,2,'2025-10-26 10:32:33'),(371,32,75,2,'2025-10-26 10:32:33'),(372,32,76,2,'2025-10-26 10:32:33'),(373,32,77,2,'2025-10-26 10:32:33'),(374,32,78,2,'2025-10-26 10:32:33'),(375,32,82,2,'2025-10-26 10:32:33'),(376,32,84,2,'2025-10-26 10:32:33'),(377,32,92,2,'2025-10-26 10:32:33'),(378,32,93,2,'2025-10-26 10:32:33'),(379,32,94,2,'2025-10-26 10:32:33'),(380,32,95,2,'2025-10-26 10:32:33'),(381,32,96,2,'2025-10-26 10:32:33'),(382,32,97,2,'2025-10-26 10:32:33'),(383,33,1,2,'2025-10-26 10:32:33'),(384,33,5,2,'2025-10-26 10:32:33'),(385,33,6,2,'2025-10-26 10:32:33'),(386,33,11,2,'2025-10-26 10:32:33'),(387,33,20,2,'2025-10-26 10:32:33'),(388,33,24,2,'2025-10-26 10:32:33'),(389,33,25,2,'2025-10-26 10:32:33'),(390,33,28,2,'2025-10-26 10:32:33'),(391,33,35,2,'2025-10-26 10:32:34'),(392,33,40,2,'2025-10-26 10:32:34'),(393,33,48,2,'2025-10-26 10:32:34'),(394,33,51,2,'2025-10-26 10:32:34'),(395,33,52,2,'2025-10-26 10:32:34'),(396,33,56,2,'2025-10-26 10:32:34'),(397,33,61,2,'2025-10-26 10:32:34'),(398,33,64,2,'2025-10-26 10:32:34'),(399,33,67,2,'2025-10-26 10:32:34'),(400,33,72,2,'2025-10-26 10:32:34'),(401,33,80,2,'2025-10-26 10:32:34'),(402,33,81,2,'2025-10-26 10:32:34'),(403,33,84,2,'2025-10-26 10:32:34'),(404,33,93,2,'2025-10-26 10:32:34'),(405,33,95,2,'2025-10-26 10:32:34'),(406,33,97,2,'2025-10-26 10:32:34'),(407,34,1,2,'2025-10-26 10:32:34'),(408,34,14,2,'2025-10-26 10:32:34'),(409,34,15,2,'2025-10-26 10:32:34'),(410,34,23,2,'2025-10-26 10:32:34'),(411,34,31,2,'2025-10-26 10:32:34'),(412,34,37,2,'2025-10-26 10:32:34'),(413,34,42,2,'2025-10-26 10:32:34'),(414,34,45,2,'2025-10-26 10:32:34'),(415,34,49,2,'2025-10-26 10:32:34'),(416,34,56,2,'2025-10-26 10:32:34'),(417,34,62,2,'2025-10-26 10:32:34'),(418,34,68,2,'2025-10-26 10:32:34'),(419,34,69,2,'2025-10-26 10:32:34'),(420,34,71,2,'2025-10-26 10:32:34'),(421,34,72,2,'2025-10-26 10:32:34'),(422,34,73,2,'2025-10-26 10:32:34'),(423,34,80,2,'2025-10-26 10:32:34'),(424,34,89,2,'2025-10-26 10:32:34'),(425,34,90,2,'2025-10-26 10:32:34'),(426,34,92,2,'2025-10-26 10:32:34'),(427,34,93,2,'2025-10-26 10:32:34'),(428,35,1,2,'2025-10-26 10:32:34'),(429,35,4,2,'2025-10-26 10:32:34'),(430,35,6,2,'2025-10-26 10:32:34'),(431,35,12,2,'2025-10-26 10:32:34'),(432,35,16,2,'2025-10-26 10:32:34'),(433,35,18,2,'2025-10-26 10:32:34'),(434,35,23,2,'2025-10-26 10:32:34'),(435,35,32,2,'2025-10-26 10:32:34'),(436,35,34,2,'2025-10-26 10:32:34'),(437,35,36,2,'2025-10-26 10:32:34'),(438,35,39,2,'2025-10-26 10:32:34'),(439,35,40,2,'2025-10-26 10:32:34'),(440,35,44,2,'2025-10-26 10:32:34'),(441,35,49,2,'2025-10-26 10:32:34'),(442,35,50,2,'2025-10-26 10:32:34'),(443,35,51,2,'2025-10-26 10:32:34'),(444,35,55,2,'2025-10-26 10:32:34'),(445,35,58,2,'2025-10-26 10:32:34'),(446,35,63,2,'2025-10-26 10:32:34'),(447,35,66,2,'2025-10-26 10:32:34'),(448,35,70,2,'2025-10-26 10:32:34'),(449,35,78,2,'2025-10-26 10:32:34'),(450,35,81,2,'2025-10-26 10:32:34'),(451,35,83,2,'2025-10-26 10:32:34'),(452,35,90,2,'2025-10-26 10:32:34'),(453,35,94,2,'2025-10-26 10:32:34'),(454,35,96,2,'2025-10-26 10:32:34'),(455,35,99,2,'2025-10-26 10:32:34'),(456,36,3,2,'2025-10-26 10:32:34'),(457,36,5,2,'2025-10-26 10:32:34'),(458,36,6,2,'2025-10-26 10:32:34'),(459,36,8,2,'2025-10-26 10:32:34'),(460,36,10,2,'2025-10-26 10:32:34'),(461,36,12,2,'2025-10-26 10:32:34'),(462,36,13,2,'2025-10-26 10:32:34'),(463,36,14,2,'2025-10-26 10:32:34'),(464,36,15,2,'2025-10-26 10:32:34'),(465,36,16,2,'2025-10-26 10:32:34'),(466,36,22,2,'2025-10-26 10:32:34'),(467,36,23,2,'2025-10-26 10:32:34'),(468,36,24,2,'2025-10-26 10:32:34'),(469,36,26,2,'2025-10-26 10:32:34'),(470,36,31,2,'2025-10-26 10:32:34'),(471,36,34,2,'2025-10-26 10:32:34'),(472,36,36,2,'2025-10-26 10:32:34'),(473,36,37,2,'2025-10-26 10:32:34'),(474,36,41,2,'2025-10-26 10:32:34'),(475,36,45,2,'2025-10-26 10:32:34'),(476,36,52,2,'2025-10-26 10:32:34'),(477,36,53,2,'2025-10-26 10:32:34'),(478,36,56,2,'2025-10-26 10:32:34'),(479,36,58,2,'2025-10-26 10:32:34'),(480,36,61,2,'2025-10-26 10:32:34'),(481,36,62,2,'2025-10-26 10:32:34'),(482,36,63,2,'2025-10-26 10:32:34'),(483,36,64,2,'2025-10-26 10:32:34'),(484,36,68,2,'2025-10-26 10:32:34'),(485,36,69,2,'2025-10-26 10:32:34'),(486,36,71,2,'2025-10-26 10:32:34'),(487,36,72,2,'2025-10-26 10:32:34'),(488,36,77,2,'2025-10-26 10:32:34'),(489,36,80,2,'2025-10-26 10:32:34'),(490,36,81,2,'2025-10-26 10:32:34'),(491,36,83,2,'2025-10-26 10:32:34'),(492,36,85,2,'2025-10-26 10:32:34'),(493,36,91,2,'2025-10-26 10:32:34'),(494,36,94,2,'2025-10-26 10:32:34'),(495,36,95,2,'2025-10-26 10:32:34'),(496,36,96,2,'2025-10-26 10:32:34'),(497,36,97,2,'2025-10-26 10:32:34'),(498,36,98,2,'2025-10-26 10:32:34'),(499,36,100,2,'2025-10-26 10:32:34'),(500,37,3,2,'2025-10-26 10:32:34'),(501,37,8,2,'2025-10-26 10:32:34'),(502,37,9,2,'2025-10-26 10:32:34'),(503,37,15,2,'2025-10-26 10:32:34'),(504,37,16,2,'2025-10-26 10:32:34'),(505,37,17,2,'2025-10-26 10:32:34'),(506,37,20,2,'2025-10-26 10:32:34'),(507,37,21,2,'2025-10-26 10:32:34'),(508,37,23,2,'2025-10-26 10:32:34'),(509,37,24,2,'2025-10-26 10:32:34'),(510,37,25,2,'2025-10-26 10:32:34'),(511,37,26,2,'2025-10-26 10:32:34'),(512,37,30,2,'2025-10-26 10:32:34'),(513,37,31,2,'2025-10-26 10:32:34'),(514,37,33,2,'2025-10-26 10:32:34'),(515,37,34,2,'2025-10-26 10:32:34'),(516,37,35,2,'2025-10-26 10:32:34'),(517,37,37,2,'2025-10-26 10:32:34'),(518,37,38,2,'2025-10-26 10:32:34'),(519,37,39,2,'2025-10-26 10:32:34'),(520,37,41,2,'2025-10-26 10:32:34'),(521,37,43,2,'2025-10-26 10:32:34'),(522,37,46,2,'2025-10-26 10:32:34'),(523,37,50,2,'2025-10-26 10:32:34'),(524,37,53,2,'2025-10-26 10:32:34'),(525,37,54,2,'2025-10-26 10:32:34'),(526,37,57,2,'2025-10-26 10:32:34'),(527,37,59,2,'2025-10-26 10:32:34'),(528,37,62,2,'2025-10-26 10:32:34'),(529,37,63,2,'2025-10-26 10:32:34'),(530,37,64,2,'2025-10-26 10:32:34'),(531,37,66,2,'2025-10-26 10:32:34'),(532,37,68,2,'2025-10-26 10:32:34'),(533,37,71,2,'2025-10-26 10:32:34'),(534,37,73,2,'2025-10-26 10:32:34'),(535,37,74,2,'2025-10-26 10:32:34'),(536,37,76,2,'2025-10-26 10:32:34'),(537,37,77,2,'2025-10-26 10:32:34'),(538,37,78,2,'2025-10-26 10:32:34'),(539,37,80,2,'2025-10-26 10:32:34'),(540,37,81,2,'2025-10-26 10:32:34'),(541,37,83,2,'2025-10-26 10:32:34'),(542,37,85,2,'2025-10-26 10:32:34'),(543,37,86,2,'2025-10-26 10:32:34'),(544,37,87,2,'2025-10-26 10:32:34'),(545,37,89,2,'2025-10-26 10:32:34'),(546,37,90,2,'2025-10-26 10:32:34'),(547,37,95,2,'2025-10-26 10:32:34'),(548,37,99,2,'2025-10-26 10:32:34'),(549,37,100,2,'2025-10-26 10:32:34'),(550,38,3,2,'2025-10-26 10:32:34'),(551,38,5,2,'2025-10-26 10:32:34'),(552,38,6,2,'2025-10-26 10:32:34'),(553,38,7,2,'2025-10-26 10:32:34'),(554,38,8,2,'2025-10-26 10:32:34'),(555,38,9,2,'2025-10-26 10:32:34'),(556,38,12,2,'2025-10-26 10:32:34'),(557,38,15,2,'2025-10-26 10:32:34'),(558,38,16,2,'2025-10-26 10:32:34'),(559,38,19,2,'2025-10-26 10:32:34'),(560,38,20,2,'2025-10-26 10:32:34'),(561,38,24,2,'2025-10-26 10:32:34'),(562,38,27,2,'2025-10-26 10:32:34'),(563,38,28,2,'2025-10-26 10:32:34'),(564,38,30,2,'2025-10-26 10:32:34'),(565,38,31,2,'2025-10-26 10:32:34'),(566,38,33,2,'2025-10-26 10:32:34'),(567,38,35,2,'2025-10-26 10:32:34'),(568,38,36,2,'2025-10-26 10:32:34'),(569,38,38,2,'2025-10-26 10:32:34'),(570,38,49,2,'2025-10-26 10:32:34'),(571,38,50,2,'2025-10-26 10:32:34'),(572,38,52,2,'2025-10-26 10:32:34'),(573,38,54,2,'2025-10-26 10:32:34'),(574,38,56,2,'2025-10-26 10:32:34'),(575,38,60,2,'2025-10-26 10:32:34'),(576,38,61,2,'2025-10-26 10:32:34'),(577,38,68,2,'2025-10-26 10:32:34'),(578,38,70,2,'2025-10-26 10:32:34'),(579,38,72,2,'2025-10-26 10:32:34'),(580,38,73,2,'2025-10-26 10:32:34'),(581,38,75,2,'2025-10-26 10:32:34'),(582,38,79,2,'2025-10-26 10:32:34'),(583,38,80,2,'2025-10-26 10:32:34'),(584,38,81,2,'2025-10-26 10:32:34'),(585,38,82,2,'2025-10-26 10:32:34'),(586,38,85,2,'2025-10-26 10:32:34'),(587,38,86,2,'2025-10-26 10:32:34'),(588,38,88,2,'2025-10-26 10:32:34'),(589,38,89,2,'2025-10-26 10:32:34'),(590,38,93,2,'2025-10-26 10:32:34'),(591,38,97,2,'2025-10-26 10:32:34'),(592,39,2,2,'2025-10-26 10:32:34'),(593,39,5,2,'2025-10-26 10:32:34'),(594,39,6,2,'2025-10-26 10:32:34'),(595,39,7,2,'2025-10-26 10:32:34'),(596,39,13,2,'2025-10-26 10:32:34'),(597,39,15,2,'2025-10-26 10:32:34'),(598,39,24,2,'2025-10-26 10:32:34'),(599,39,25,2,'2025-10-26 10:32:34'),(600,39,28,2,'2025-10-26 10:32:34'),(601,39,29,2,'2025-10-26 10:32:34'),(602,39,31,2,'2025-10-26 10:32:34'),(603,39,33,2,'2025-10-26 10:32:34'),(604,39,34,2,'2025-10-26 10:32:34'),(605,39,39,2,'2025-10-26 10:32:34'),(606,39,40,2,'2025-10-26 10:32:34'),(607,39,42,2,'2025-10-26 10:32:34'),(608,39,47,2,'2025-10-26 10:32:34'),(609,39,54,2,'2025-10-26 10:32:34'),(610,39,56,2,'2025-10-26 10:32:34'),(611,39,60,2,'2025-10-26 10:32:34'),(612,39,62,2,'2025-10-26 10:32:34'),(613,39,65,2,'2025-10-26 10:32:34'),(614,39,66,2,'2025-10-26 10:32:34'),(615,39,70,2,'2025-10-26 10:32:34'),(616,39,71,2,'2025-10-26 10:32:34'),(617,39,80,2,'2025-10-26 10:32:34'),(618,39,83,2,'2025-10-26 10:32:34'),(619,39,84,2,'2025-10-26 10:32:34'),(620,39,85,2,'2025-10-26 10:32:34'),(621,39,86,2,'2025-10-26 10:32:34'),(622,39,91,2,'2025-10-26 10:32:34'),(623,39,92,2,'2025-10-26 10:32:34'),(624,39,94,2,'2025-10-26 10:32:34'),(625,39,96,2,'2025-10-26 10:32:34'),(626,40,5,2,'2025-10-26 10:32:34'),(627,40,6,2,'2025-10-26 10:32:34'),(628,40,7,2,'2025-10-26 10:32:34'),(629,40,8,2,'2025-10-26 10:32:34'),(630,40,10,2,'2025-10-26 10:32:34'),(631,40,11,2,'2025-10-26 10:32:34'),(632,40,12,2,'2025-10-26 10:32:34'),(633,40,16,2,'2025-10-26 10:32:34'),(634,40,19,2,'2025-10-26 10:32:34'),(635,40,20,2,'2025-10-26 10:32:34'),(636,40,21,2,'2025-10-26 10:32:34'),(637,40,23,2,'2025-10-26 10:32:34'),(638,40,25,2,'2025-10-26 10:32:34'),(639,40,27,2,'2025-10-26 10:32:34'),(640,40,29,2,'2025-10-26 10:32:34'),(641,40,31,2,'2025-10-26 10:32:34'),(642,40,32,2,'2025-10-26 10:32:34'),(643,40,36,2,'2025-10-26 10:32:34'),(644,40,42,2,'2025-10-26 10:32:34'),(645,40,43,2,'2025-10-26 10:32:34'),(646,40,45,2,'2025-10-26 10:32:34'),(647,40,49,2,'2025-10-26 10:32:34'),(648,40,51,2,'2025-10-26 10:32:34'),(649,40,54,2,'2025-10-26 10:32:34'),(650,40,55,2,'2025-10-26 10:32:34'),(651,40,59,2,'2025-10-26 10:32:34'),(652,40,66,2,'2025-10-26 10:32:34'),(653,40,67,2,'2025-10-26 10:32:34'),(654,40,70,2,'2025-10-26 10:32:34'),(655,40,73,2,'2025-10-26 10:32:34'),(656,40,74,2,'2025-10-26 10:32:34'),(657,40,75,2,'2025-10-26 10:32:34'),(658,40,76,2,'2025-10-26 10:32:34'),(659,40,77,2,'2025-10-26 10:32:34'),(660,40,80,2,'2025-10-26 10:32:34'),(661,40,81,2,'2025-10-26 10:32:34'),(662,40,83,2,'2025-10-26 10:32:34'),(663,40,84,2,'2025-10-26 10:32:34'),(664,40,85,2,'2025-10-26 10:32:34'),(665,40,87,2,'2025-10-26 10:32:34'),(666,40,88,2,'2025-10-26 10:32:34'),(667,40,89,2,'2025-10-26 10:32:34'),(668,40,90,2,'2025-10-26 10:32:34'),(669,40,92,2,'2025-10-26 10:32:34'),(670,40,96,2,'2025-10-26 10:32:34'),(671,40,97,2,'2025-10-26 10:32:34'),(672,40,99,2,'2025-10-26 10:32:34'),(673,41,4,2,'2025-10-26 10:32:34'),(674,41,5,2,'2025-10-26 10:32:34'),(675,41,8,2,'2025-10-26 10:32:34'),(676,41,10,2,'2025-10-26 10:32:34'),(677,41,13,2,'2025-10-26 10:32:34'),(678,41,19,2,'2025-10-26 10:32:34'),(679,41,21,2,'2025-10-26 10:32:34'),(680,41,24,2,'2025-10-26 10:32:34'),(681,41,29,2,'2025-10-26 10:32:34'),(682,41,30,2,'2025-10-26 10:32:34'),(683,41,37,2,'2025-10-26 10:32:34'),(684,41,39,2,'2025-10-26 10:32:34'),(685,41,41,2,'2025-10-26 10:32:34'),(686,41,47,2,'2025-10-26 10:32:34'),(687,41,50,2,'2025-10-26 10:32:34'),(688,41,53,2,'2025-10-26 10:32:34'),(689,41,54,2,'2025-10-26 10:32:34'),(690,41,56,2,'2025-10-26 10:32:34'),(691,41,58,2,'2025-10-26 10:32:34'),(692,41,59,2,'2025-10-26 10:32:34'),(693,41,65,2,'2025-10-26 10:32:34'),(694,41,67,2,'2025-10-26 10:32:34'),(695,41,74,2,'2025-10-26 10:32:34'),(696,41,75,2,'2025-10-26 10:32:34'),(697,41,78,2,'2025-10-26 10:32:34'),(698,41,79,2,'2025-10-26 10:32:34'),(699,41,87,2,'2025-10-26 10:32:34'),(700,41,90,2,'2025-10-26 10:32:34'),(701,41,99,2,'2025-10-26 10:32:34'),(702,42,2,2,'2025-10-26 10:32:34'),(703,42,3,2,'2025-10-26 10:32:34'),(704,42,6,2,'2025-10-26 10:32:34'),(705,42,8,2,'2025-10-26 10:32:34'),(706,42,9,2,'2025-10-26 10:32:34'),(707,42,12,2,'2025-10-26 10:32:34'),(708,42,16,2,'2025-10-26 10:32:34'),(709,42,18,2,'2025-10-26 10:32:34'),(710,42,19,2,'2025-10-26 10:32:34'),(711,42,23,2,'2025-10-26 10:32:34'),(712,42,24,2,'2025-10-26 10:32:34'),(713,42,26,2,'2025-10-26 10:32:34'),(714,42,27,2,'2025-10-26 10:32:34'),(715,42,35,2,'2025-10-26 10:32:34'),(716,42,36,2,'2025-10-26 10:32:34'),(717,42,37,2,'2025-10-26 10:32:34'),(718,42,38,2,'2025-10-26 10:32:34'),(719,42,41,2,'2025-10-26 10:32:34'),(720,42,42,2,'2025-10-26 10:32:34'),(721,42,44,2,'2025-10-26 10:32:34'),(722,42,46,2,'2025-10-26 10:32:34'),(723,42,47,2,'2025-10-26 10:32:34'),(724,42,49,2,'2025-10-26 10:32:34'),(725,42,56,2,'2025-10-26 10:32:34'),(726,42,60,2,'2025-10-26 10:32:34'),(727,42,64,2,'2025-10-26 10:32:34'),(728,42,65,2,'2025-10-26 10:32:34'),(729,42,69,2,'2025-10-26 10:32:34'),(730,42,75,2,'2025-10-26 10:32:34'),(731,42,80,2,'2025-10-26 10:32:34'),(732,42,82,2,'2025-10-26 10:32:34'),(733,42,83,2,'2025-10-26 10:32:34'),(734,42,84,2,'2025-10-26 10:32:34'),(735,42,86,2,'2025-10-26 10:32:34'),(736,42,88,2,'2025-10-26 10:32:34'),(737,42,89,2,'2025-10-26 10:32:34'),(738,42,90,2,'2025-10-26 10:32:34'),(739,42,91,2,'2025-10-26 10:32:34'),(740,42,92,2,'2025-10-26 10:32:34'),(741,42,94,2,'2025-10-26 10:32:34'),(742,42,95,2,'2025-10-26 10:32:34'),(743,42,96,2,'2025-10-26 10:32:34'),(744,42,98,2,'2025-10-26 10:32:34'),(745,42,100,2,'2025-10-26 10:32:34'),(746,43,3,2,'2025-10-26 10:32:34'),(747,43,5,2,'2025-10-26 10:32:34'),(748,43,8,2,'2025-10-26 10:32:34'),(749,43,17,2,'2025-10-26 10:32:34'),(750,43,24,2,'2025-10-26 10:32:34'),(751,43,25,2,'2025-10-26 10:32:35'),(752,43,30,2,'2025-10-26 10:32:35'),(753,43,34,2,'2025-10-26 10:32:35'),(754,43,40,2,'2025-10-26 10:32:35'),(755,43,41,2,'2025-10-26 10:32:35'),(756,43,44,2,'2025-10-26 10:32:35'),(757,43,51,2,'2025-10-26 10:32:35'),(758,43,56,2,'2025-10-26 10:32:35'),(759,43,61,2,'2025-10-26 10:32:35'),(760,43,63,2,'2025-10-26 10:32:35'),(761,43,70,2,'2025-10-26 10:32:35'),(762,43,71,2,'2025-10-26 10:32:35'),(763,43,72,2,'2025-10-26 10:32:35'),(764,43,73,2,'2025-10-26 10:32:35'),(765,43,74,2,'2025-10-26 10:32:35'),(766,43,77,2,'2025-10-26 10:32:35'),(767,43,79,2,'2025-10-26 10:32:35'),(768,43,82,2,'2025-10-26 10:32:35'),(769,43,88,2,'2025-10-26 10:32:35'),(770,43,97,2,'2025-10-26 10:32:35'),(771,44,4,2,'2025-10-26 10:32:35'),(772,44,9,2,'2025-10-26 10:32:35'),(773,44,11,2,'2025-10-26 10:32:35'),(774,44,12,2,'2025-10-26 10:32:35'),(775,44,13,2,'2025-10-26 10:32:35'),(776,44,14,2,'2025-10-26 10:32:35'),(777,44,17,2,'2025-10-26 10:32:35'),(778,44,19,2,'2025-10-26 10:32:35'),(779,44,26,2,'2025-10-26 10:32:35'),(780,44,27,2,'2025-10-26 10:32:35'),(781,44,28,2,'2025-10-26 10:32:35'),(782,44,34,2,'2025-10-26 10:32:35'),(783,44,35,2,'2025-10-26 10:32:35'),(784,44,36,2,'2025-10-26 10:32:35'),(785,44,37,2,'2025-10-26 10:32:35'),(786,44,38,2,'2025-10-26 10:32:35'),(787,44,39,2,'2025-10-26 10:32:35'),(788,44,40,2,'2025-10-26 10:32:35'),(789,44,42,2,'2025-10-26 10:32:35'),(790,44,43,2,'2025-10-26 10:32:35'),(791,44,45,2,'2025-10-26 10:32:35'),(792,44,49,2,'2025-10-26 10:32:35'),(793,44,50,2,'2025-10-26 10:32:35'),(794,44,51,2,'2025-10-26 10:32:35'),(795,44,53,2,'2025-10-26 10:32:35'),(796,44,58,2,'2025-10-26 10:32:35'),(797,44,60,2,'2025-10-26 10:32:35'),(798,44,61,2,'2025-10-26 10:32:35'),(799,44,64,2,'2025-10-26 10:32:35'),(800,44,65,2,'2025-10-26 10:32:35'),(801,44,67,2,'2025-10-26 10:32:35'),(802,44,68,2,'2025-10-26 10:32:35'),(803,44,75,2,'2025-10-26 10:32:35'),(804,44,77,2,'2025-10-26 10:32:35'),(805,44,79,2,'2025-10-26 10:32:35'),(806,44,80,2,'2025-10-26 10:32:35'),(807,44,81,2,'2025-10-26 10:32:35'),(808,44,82,2,'2025-10-26 10:32:35'),(809,44,83,2,'2025-10-26 10:32:35'),(810,44,85,2,'2025-10-26 10:32:35'),(811,44,86,2,'2025-10-26 10:32:35'),(812,44,87,2,'2025-10-26 10:32:35'),(813,44,88,2,'2025-10-26 10:32:35'),(814,44,89,2,'2025-10-26 10:32:35'),(815,44,90,2,'2025-10-26 10:32:35'),(816,44,92,2,'2025-10-26 10:32:35'),(817,45,3,2,'2025-10-26 10:32:35'),(818,45,6,2,'2025-10-26 10:32:35'),(819,45,7,2,'2025-10-26 10:32:35'),(820,45,8,2,'2025-10-26 10:32:35'),(821,45,10,2,'2025-10-26 10:32:35'),(822,45,15,2,'2025-10-26 10:32:35'),(823,45,20,2,'2025-10-26 10:32:35'),(824,45,21,2,'2025-10-26 10:32:35'),(825,45,25,2,'2025-10-26 10:32:35'),(826,45,26,2,'2025-10-26 10:32:35'),(827,45,27,2,'2025-10-26 10:32:35'),(828,45,33,2,'2025-10-26 10:32:35'),(829,45,37,2,'2025-10-26 10:32:35'),(830,45,43,2,'2025-10-26 10:32:35'),(831,45,47,2,'2025-10-26 10:32:35'),(832,45,50,2,'2025-10-26 10:32:35'),(833,45,55,2,'2025-10-26 10:32:35'),(834,45,60,2,'2025-10-26 10:32:35'),(835,45,65,2,'2025-10-26 10:32:35'),(836,45,66,2,'2025-10-26 10:32:35'),(837,45,69,2,'2025-10-26 10:32:35'),(838,45,70,2,'2025-10-26 10:32:35'),(839,45,81,2,'2025-10-26 10:32:35'),(840,45,91,2,'2025-10-26 10:32:35'),(841,45,94,2,'2025-10-26 10:32:35'),(842,45,95,2,'2025-10-26 10:32:35'),(843,46,7,2,'2025-10-26 10:32:35'),(844,46,9,2,'2025-10-26 10:32:35'),(845,46,10,2,'2025-10-26 10:32:35'),(846,46,11,2,'2025-10-26 10:32:35'),(847,46,12,2,'2025-10-26 10:32:35'),(848,46,13,2,'2025-10-26 10:32:35'),(849,46,17,2,'2025-10-26 10:32:35'),(850,46,24,2,'2025-10-26 10:32:35'),(851,46,25,2,'2025-10-26 10:32:35'),(852,46,27,2,'2025-10-26 10:32:35'),(853,46,28,2,'2025-10-26 10:32:35'),(854,46,30,2,'2025-10-26 10:32:35'),(855,46,35,2,'2025-10-26 10:32:35'),(856,46,37,2,'2025-10-26 10:32:35'),(857,46,39,2,'2025-10-26 10:32:35'),(858,46,42,2,'2025-10-26 10:32:35'),(859,46,55,2,'2025-10-26 10:32:35'),(860,46,63,2,'2025-10-26 10:32:35'),(861,46,67,2,'2025-10-26 10:32:35'),(862,46,68,2,'2025-10-26 10:32:35'),(863,46,69,2,'2025-10-26 10:32:35'),(864,46,73,2,'2025-10-26 10:32:35'),(865,46,77,2,'2025-10-26 10:32:35'),(866,46,83,2,'2025-10-26 10:32:35'),(867,46,90,2,'2025-10-26 10:32:35'),(868,46,96,2,'2025-10-26 10:32:35'),(869,46,98,2,'2025-10-26 10:32:35'),(870,46,99,2,'2025-10-26 10:32:35'),(871,47,7,2,'2025-10-26 10:32:35'),(872,47,15,2,'2025-10-26 10:32:35'),(873,47,20,2,'2025-10-26 10:32:35'),(874,47,22,2,'2025-10-26 10:32:35'),(875,47,24,2,'2025-10-26 10:32:35'),(876,47,26,2,'2025-10-26 10:32:35'),(877,47,32,2,'2025-10-26 10:32:35'),(878,47,34,2,'2025-10-26 10:32:35'),(879,47,42,2,'2025-10-26 10:32:35'),(880,47,43,2,'2025-10-26 10:32:35'),(881,47,44,2,'2025-10-26 10:32:35'),(882,47,45,2,'2025-10-26 10:32:35'),(883,47,47,2,'2025-10-26 10:32:35'),(884,47,50,2,'2025-10-26 10:32:35'),(885,47,55,2,'2025-10-26 10:32:35'),(886,47,56,2,'2025-10-26 10:32:35'),(887,47,67,2,'2025-10-26 10:32:35'),(888,47,68,2,'2025-10-26 10:32:35'),(889,47,71,2,'2025-10-26 10:32:35'),(890,47,73,2,'2025-10-26 10:32:35'),(891,47,77,2,'2025-10-26 10:32:35'),(892,47,78,2,'2025-10-26 10:32:35'),(893,47,82,2,'2025-10-26 10:32:35'),(894,47,85,2,'2025-10-26 10:32:35'),(895,47,86,2,'2025-10-26 10:32:35'),(896,47,91,2,'2025-10-26 10:32:35'),(897,47,93,2,'2025-10-26 10:32:35'),(898,47,96,2,'2025-10-26 10:32:35'),(899,48,3,2,'2025-10-26 10:32:35'),(900,48,9,2,'2025-10-26 10:32:35'),(901,48,10,2,'2025-10-26 10:32:35'),(902,48,13,2,'2025-10-26 10:32:35'),(903,48,16,2,'2025-10-26 10:32:35'),(904,48,20,2,'2025-10-26 10:32:35'),(905,48,22,2,'2025-10-26 10:32:35'),(906,48,25,2,'2025-10-26 10:32:35'),(907,48,26,2,'2025-10-26 10:32:35'),(908,48,30,2,'2025-10-26 10:32:35'),(909,48,31,2,'2025-10-26 10:32:35'),(910,48,32,2,'2025-10-26 10:32:35'),(911,48,33,2,'2025-10-26 10:32:35'),(912,48,34,2,'2025-10-26 10:32:35'),(913,48,35,2,'2025-10-26 10:32:35'),(914,48,44,2,'2025-10-26 10:32:35'),(915,48,45,2,'2025-10-26 10:32:35'),(916,48,46,2,'2025-10-26 10:32:35'),(917,48,47,2,'2025-10-26 10:32:35'),(918,48,49,2,'2025-10-26 10:32:35'),(919,48,50,2,'2025-10-26 10:32:35'),(920,48,52,2,'2025-10-26 10:32:35'),(921,48,53,2,'2025-10-26 10:32:35'),(922,48,54,2,'2025-10-26 10:32:35'),(923,48,57,2,'2025-10-26 10:32:35'),(924,48,58,2,'2025-10-26 10:32:35'),(925,48,60,2,'2025-10-26 10:32:35'),(926,48,62,2,'2025-10-26 10:32:35'),(927,48,63,2,'2025-10-26 10:32:35'),(928,48,64,2,'2025-10-26 10:32:35'),(929,48,65,2,'2025-10-26 10:32:35'),(930,48,66,2,'2025-10-26 10:32:35'),(931,48,68,2,'2025-10-26 10:32:35'),(932,48,71,2,'2025-10-26 10:32:35'),(933,48,74,2,'2025-10-26 10:32:35'),(934,48,75,2,'2025-10-26 10:32:35'),(935,48,79,2,'2025-10-26 10:32:35'),(936,48,85,2,'2025-10-26 10:32:35'),(937,48,88,2,'2025-10-26 10:32:35'),(938,48,92,2,'2025-10-26 10:32:35'),(939,48,93,2,'2025-10-26 10:32:35'),(940,48,96,2,'2025-10-26 10:32:35'),(941,48,97,2,'2025-10-26 10:32:35'),(942,48,99,2,'2025-10-26 10:32:35'),(943,49,1,2,'2025-10-26 10:32:35'),(944,49,5,2,'2025-10-26 10:32:35'),(945,49,6,2,'2025-10-26 10:32:35'),(946,49,7,2,'2025-10-26 10:32:35'),(947,49,9,2,'2025-10-26 10:32:35'),(948,49,10,2,'2025-10-26 10:32:35'),(949,49,11,2,'2025-10-26 10:32:35'),(950,49,17,2,'2025-10-26 10:32:35'),(951,49,23,2,'2025-10-26 10:32:35'),(952,49,29,2,'2025-10-26 10:32:35'),(953,49,32,2,'2025-10-26 10:32:35'),(954,49,35,2,'2025-10-26 10:32:35'),(955,49,40,2,'2025-10-26 10:32:35'),(956,49,42,2,'2025-10-26 10:32:35'),(957,49,43,2,'2025-10-26 10:32:35'),(958,49,45,2,'2025-10-26 10:32:35'),(959,49,47,2,'2025-10-26 10:32:35'),(960,49,48,2,'2025-10-26 10:32:35'),(961,49,51,2,'2025-10-26 10:32:35'),(962,49,52,2,'2025-10-26 10:32:35'),(963,49,53,2,'2025-10-26 10:32:35'),(964,49,55,2,'2025-10-26 10:32:35'),(965,49,56,2,'2025-10-26 10:32:35'),(966,49,60,2,'2025-10-26 10:32:35'),(967,49,62,2,'2025-10-26 10:32:35'),(968,49,67,2,'2025-10-26 10:32:35'),(969,49,71,2,'2025-10-26 10:32:35'),(970,49,74,2,'2025-10-26 10:32:35'),(971,49,81,2,'2025-10-26 10:32:35'),(972,49,84,2,'2025-10-26 10:32:35'),(973,49,88,2,'2025-10-26 10:32:35'),(974,49,89,2,'2025-10-26 10:32:35'),(975,49,90,2,'2025-10-26 10:32:35'),(976,49,94,2,'2025-10-26 10:32:35'),(977,49,100,2,'2025-10-26 10:32:35'),(978,50,4,2,'2025-10-26 10:32:35'),(979,50,7,2,'2025-10-26 10:32:35'),(980,50,11,2,'2025-10-26 10:32:35'),(981,50,12,2,'2025-10-26 10:32:35'),(982,50,13,2,'2025-10-26 10:32:35'),(983,50,20,2,'2025-10-26 10:32:35'),(984,50,22,2,'2025-10-26 10:32:35'),(985,50,25,2,'2025-10-26 10:32:35'),(986,50,28,2,'2025-10-26 10:32:35'),(987,50,32,2,'2025-10-26 10:32:35'),(988,50,33,2,'2025-10-26 10:32:35'),(989,50,34,2,'2025-10-26 10:32:35'),(990,50,35,2,'2025-10-26 10:32:35'),(991,50,39,2,'2025-10-26 10:32:35'),(992,50,42,2,'2025-10-26 10:32:35'),(993,50,43,2,'2025-10-26 10:32:35'),(994,50,44,2,'2025-10-26 10:32:35'),(995,50,50,2,'2025-10-26 10:32:35'),(996,50,51,2,'2025-10-26 10:32:35'),(997,50,53,2,'2025-10-26 10:32:35'),(998,50,54,2,'2025-10-26 10:32:35'),(999,50,58,2,'2025-10-26 10:32:35'),(1000,50,59,2,'2025-10-26 10:32:35'),(1001,50,62,2,'2025-10-26 10:32:35'),(1002,50,66,2,'2025-10-26 10:32:35'),(1003,50,67,2,'2025-10-26 10:32:35'),(1004,50,76,2,'2025-10-26 10:32:35'),(1005,50,77,2,'2025-10-26 10:32:35'),(1006,50,83,2,'2025-10-26 10:32:35'),(1007,50,85,2,'2025-10-26 10:32:35'),(1008,50,86,2,'2025-10-26 10:32:35'),(1009,50,87,2,'2025-10-26 10:32:35'),(1010,50,91,2,'2025-10-26 10:32:35'),(1011,50,93,2,'2025-10-26 10:32:35'),(1012,50,97,2,'2025-10-26 10:32:35'),(1013,50,100,2,'2025-10-26 10:32:35'),(1014,51,4,2,'2025-10-26 10:32:35'),(1015,51,7,2,'2025-10-26 10:32:35'),(1016,51,13,2,'2025-10-26 10:32:35'),(1017,51,20,2,'2025-10-26 10:32:35'),(1018,51,23,2,'2025-10-26 10:32:35'),(1019,51,28,2,'2025-10-26 10:32:35'),(1020,51,33,2,'2025-10-26 10:32:35'),(1021,51,36,2,'2025-10-26 10:32:35'),(1022,51,38,2,'2025-10-26 10:32:35'),(1023,51,43,2,'2025-10-26 10:32:35'),(1024,51,55,2,'2025-10-26 10:32:35'),(1025,51,60,2,'2025-10-26 10:32:35'),(1026,51,64,2,'2025-10-26 10:32:35'),(1027,51,65,2,'2025-10-26 10:32:35'),(1028,51,68,2,'2025-10-26 10:32:35'),(1029,51,74,2,'2025-10-26 10:32:35'),(1030,51,75,2,'2025-10-26 10:32:35'),(1031,51,78,2,'2025-10-26 10:32:35'),(1032,51,82,2,'2025-10-26 10:32:35'),(1033,51,85,2,'2025-10-26 10:32:35'),(1034,51,86,2,'2025-10-26 10:32:35'),(1035,51,91,2,'2025-10-26 10:32:35'),(1036,51,96,2,'2025-10-26 10:32:35'),(1037,51,100,2,'2025-10-26 10:32:35'),(1038,52,9,2,'2025-10-26 10:32:35'),(1039,52,10,2,'2025-10-26 10:32:35'),(1040,52,16,2,'2025-10-26 10:32:35'),(1041,52,22,2,'2025-10-26 10:32:35'),(1042,52,23,2,'2025-10-26 10:32:35'),(1043,52,26,2,'2025-10-26 10:32:35'),(1044,52,29,2,'2025-10-26 10:32:35'),(1045,52,31,2,'2025-10-26 10:32:35'),(1046,52,32,2,'2025-10-26 10:32:35'),(1047,52,37,2,'2025-10-26 10:32:35'),(1048,52,38,2,'2025-10-26 10:32:35'),(1049,52,40,2,'2025-10-26 10:32:35'),(1050,52,41,2,'2025-10-26 10:32:35'),(1051,52,45,2,'2025-10-26 10:32:35'),(1052,52,51,2,'2025-10-26 10:32:35'),(1053,52,52,2,'2025-10-26 10:32:35'),(1054,52,53,2,'2025-10-26 10:32:35'),(1055,52,55,2,'2025-10-26 10:32:35'),(1056,52,59,2,'2025-10-26 10:32:35'),(1057,52,60,2,'2025-10-26 10:32:35'),(1058,52,67,2,'2025-10-26 10:32:35'),(1059,52,68,2,'2025-10-26 10:32:35'),(1060,52,71,2,'2025-10-26 10:32:35'),(1061,52,74,2,'2025-10-26 10:32:35'),(1062,52,75,2,'2025-10-26 10:32:35'),(1063,52,82,2,'2025-10-26 10:32:35'),(1064,52,85,2,'2025-10-26 10:32:35'),(1065,52,86,2,'2025-10-26 10:32:35'),(1066,52,87,2,'2025-10-26 10:32:35'),(1067,52,88,2,'2025-10-26 10:32:35'),(1068,52,89,2,'2025-10-26 10:32:35'),(1069,52,93,2,'2025-10-26 10:32:35'),(1070,53,1,2,'2025-10-26 10:32:35'),(1071,53,8,2,'2025-10-26 10:32:35'),(1072,53,9,2,'2025-10-26 10:32:35'),(1073,53,12,2,'2025-10-26 10:32:35'),(1074,53,13,2,'2025-10-26 10:32:35'),(1075,53,15,2,'2025-10-26 10:32:35'),(1076,53,17,2,'2025-10-26 10:32:35'),(1077,53,18,2,'2025-10-26 10:32:35'),(1078,53,22,2,'2025-10-26 10:32:35'),(1079,53,23,2,'2025-10-26 10:32:35'),(1080,53,28,2,'2025-10-26 10:32:35'),(1081,53,34,2,'2025-10-26 10:32:35'),(1082,53,44,2,'2025-10-26 10:32:35'),(1083,53,46,2,'2025-10-26 10:32:35'),(1084,53,49,2,'2025-10-26 10:32:35'),(1085,53,50,2,'2025-10-26 10:32:35'),(1086,53,54,2,'2025-10-26 10:32:35'),(1087,53,57,2,'2025-10-26 10:32:35'),(1088,53,60,2,'2025-10-26 10:32:35'),(1089,53,63,2,'2025-10-26 10:32:35'),(1090,53,64,2,'2025-10-26 10:32:35'),(1091,53,66,2,'2025-10-26 10:32:35'),(1092,53,70,2,'2025-10-26 10:32:35'),(1093,53,71,2,'2025-10-26 10:32:35'),(1094,53,72,2,'2025-10-26 10:32:35'),(1095,53,73,2,'2025-10-26 10:32:35'),(1096,53,75,2,'2025-10-26 10:32:35'),(1097,53,76,2,'2025-10-26 10:32:35'),(1098,53,78,2,'2025-10-26 10:32:35'),(1099,53,79,2,'2025-10-26 10:32:35'),(1100,53,81,2,'2025-10-26 10:32:35'),(1101,53,84,2,'2025-10-26 10:32:35'),(1102,53,85,2,'2025-10-26 10:32:35'),(1103,53,86,2,'2025-10-26 10:32:35'),(1104,53,87,2,'2025-10-26 10:32:35'),(1105,53,88,2,'2025-10-26 10:32:35'),(1106,53,94,2,'2025-10-26 10:32:35'),(1107,53,95,2,'2025-10-26 10:32:35'),(1108,53,96,2,'2025-10-26 10:32:35'),(1109,53,97,2,'2025-10-26 10:32:35'),(1110,53,100,2,'2025-10-26 10:32:35'),(1111,54,1,2,'2025-10-26 10:32:35'),(1112,54,5,2,'2025-10-26 10:32:35'),(1113,54,10,2,'2025-10-26 10:32:35'),(1114,54,13,2,'2025-10-26 10:32:35'),(1115,54,14,2,'2025-10-26 10:32:35'),(1116,54,17,2,'2025-10-26 10:32:35'),(1117,54,18,2,'2025-10-26 10:32:35'),(1118,54,22,2,'2025-10-26 10:32:35'),(1119,54,24,2,'2025-10-26 10:32:35'),(1120,54,25,2,'2025-10-26 10:32:36'),(1121,54,29,2,'2025-10-26 10:32:36'),(1122,54,30,2,'2025-10-26 10:32:36'),(1123,54,36,2,'2025-10-26 10:32:36'),(1124,54,37,2,'2025-10-26 10:32:36'),(1125,54,39,2,'2025-10-26 10:32:36'),(1126,54,40,2,'2025-10-26 10:32:36'),(1127,54,42,2,'2025-10-26 10:32:36'),(1128,54,44,2,'2025-10-26 10:32:36'),(1129,54,45,2,'2025-10-26 10:32:36'),(1130,54,46,2,'2025-10-26 10:32:36'),(1131,54,49,2,'2025-10-26 10:32:36'),(1132,54,52,2,'2025-10-26 10:32:36'),(1133,54,54,2,'2025-10-26 10:32:36'),(1134,54,68,2,'2025-10-26 10:32:36'),(1135,54,69,2,'2025-10-26 10:32:36'),(1136,54,74,2,'2025-10-26 10:32:36'),(1137,54,75,2,'2025-10-26 10:32:36'),(1138,54,76,2,'2025-10-26 10:32:36'),(1139,54,80,2,'2025-10-26 10:32:36'),(1140,54,81,2,'2025-10-26 10:32:36'),(1141,54,84,2,'2025-10-26 10:32:36'),(1142,54,85,2,'2025-10-26 10:32:36'),(1143,54,86,2,'2025-10-26 10:32:36'),(1144,54,89,2,'2025-10-26 10:32:36'),(1145,54,90,2,'2025-10-26 10:32:36'),(1146,54,91,2,'2025-10-26 10:32:36'),(1147,54,93,2,'2025-10-26 10:32:36'),(1148,54,96,2,'2025-10-26 10:32:36'),(1149,54,97,2,'2025-10-26 10:32:36'),(1150,54,100,2,'2025-10-26 10:32:36'),(1151,55,1,2,'2025-10-26 10:32:36'),(1152,55,2,2,'2025-10-26 10:32:36'),(1153,55,3,2,'2025-10-26 10:32:36'),(1154,55,5,2,'2025-10-26 10:32:36'),(1155,55,6,2,'2025-10-26 10:32:36'),(1156,55,7,2,'2025-10-26 10:32:36'),(1157,55,11,2,'2025-10-26 10:32:36'),(1158,55,13,2,'2025-10-26 10:32:36'),(1159,55,14,2,'2025-10-26 10:32:36'),(1160,55,19,2,'2025-10-26 10:32:36'),(1161,55,22,2,'2025-10-26 10:32:36'),(1162,55,26,2,'2025-10-26 10:32:36'),(1163,55,27,2,'2025-10-26 10:32:36'),(1164,55,30,2,'2025-10-26 10:32:36'),(1165,55,34,2,'2025-10-26 10:32:36'),(1166,55,37,2,'2025-10-26 10:32:36'),(1167,55,40,2,'2025-10-26 10:32:36'),(1168,55,44,2,'2025-10-26 10:32:36'),(1169,55,46,2,'2025-10-26 10:32:36'),(1170,55,47,2,'2025-10-26 10:32:36'),(1171,55,49,2,'2025-10-26 10:32:36'),(1172,55,50,2,'2025-10-26 10:32:36'),(1173,55,52,2,'2025-10-26 10:32:36'),(1174,55,55,2,'2025-10-26 10:32:36'),(1175,55,56,2,'2025-10-26 10:32:36'),(1176,55,58,2,'2025-10-26 10:32:36'),(1177,55,59,2,'2025-10-26 10:32:36'),(1178,55,60,2,'2025-10-26 10:32:36'),(1179,55,61,2,'2025-10-26 10:32:36'),(1180,55,62,2,'2025-10-26 10:32:36'),(1181,55,63,2,'2025-10-26 10:32:36'),(1182,55,64,2,'2025-10-26 10:32:36'),(1183,55,67,2,'2025-10-26 10:32:36'),(1184,55,69,2,'2025-10-26 10:32:36'),(1185,55,70,2,'2025-10-26 10:32:36'),(1186,55,71,2,'2025-10-26 10:32:36'),(1187,55,72,2,'2025-10-26 10:32:36'),(1188,55,78,2,'2025-10-26 10:32:36'),(1189,55,79,2,'2025-10-26 10:32:36'),(1190,55,81,2,'2025-10-26 10:32:36'),(1191,55,86,2,'2025-10-26 10:32:36'),(1192,55,88,2,'2025-10-26 10:32:36'),(1193,55,90,2,'2025-10-26 10:32:36'),(1194,55,94,2,'2025-10-26 10:32:36'),(1195,55,95,2,'2025-10-26 10:32:36'),(1196,55,100,2,'2025-10-26 10:32:36'),(1197,56,1,2,'2025-10-26 10:32:36'),(1198,56,5,2,'2025-10-26 10:32:36'),(1199,56,10,2,'2025-10-26 10:32:36'),(1200,56,12,2,'2025-10-26 10:32:36'),(1201,56,13,2,'2025-10-26 10:32:36'),(1202,56,15,2,'2025-10-26 10:32:36'),(1203,56,17,2,'2025-10-26 10:32:36'),(1204,56,18,2,'2025-10-26 10:32:36'),(1205,56,19,2,'2025-10-26 10:32:36'),(1206,56,22,2,'2025-10-26 10:32:36'),(1207,56,25,2,'2025-10-26 10:32:36'),(1208,56,27,2,'2025-10-26 10:32:36'),(1209,56,28,2,'2025-10-26 10:32:36'),(1210,56,30,2,'2025-10-26 10:32:36'),(1211,56,33,2,'2025-10-26 10:32:36'),(1212,56,34,2,'2025-10-26 10:32:36'),(1213,56,36,2,'2025-10-26 10:32:36'),(1214,56,38,2,'2025-10-26 10:32:36'),(1215,56,40,2,'2025-10-26 10:32:36'),(1216,56,43,2,'2025-10-26 10:32:36'),(1217,56,44,2,'2025-10-26 10:32:36'),(1218,56,47,2,'2025-10-26 10:32:36'),(1219,56,51,2,'2025-10-26 10:32:36'),(1220,56,52,2,'2025-10-26 10:32:36'),(1221,56,55,2,'2025-10-26 10:32:36'),(1222,56,56,2,'2025-10-26 10:32:36'),(1223,56,58,2,'2025-10-26 10:32:36'),(1224,56,61,2,'2025-10-26 10:32:36'),(1225,56,63,2,'2025-10-26 10:32:36'),(1226,56,64,2,'2025-10-26 10:32:36'),(1227,56,65,2,'2025-10-26 10:32:36'),(1228,56,66,2,'2025-10-26 10:32:36'),(1229,56,70,2,'2025-10-26 10:32:36'),(1230,56,71,2,'2025-10-26 10:32:36'),(1231,56,73,2,'2025-10-26 10:32:36'),(1232,56,74,2,'2025-10-26 10:32:36'),(1233,56,79,2,'2025-10-26 10:32:36'),(1234,56,81,2,'2025-10-26 10:32:36'),(1235,56,82,2,'2025-10-26 10:32:36'),(1236,56,85,2,'2025-10-26 10:32:36'),(1237,56,89,2,'2025-10-26 10:32:36'),(1238,56,90,2,'2025-10-26 10:32:36'),(1239,56,91,2,'2025-10-26 10:32:36'),(1240,56,94,2,'2025-10-26 10:32:36'),(1241,56,95,2,'2025-10-26 10:32:36'),(1242,56,100,2,'2025-10-26 10:32:36'),(1243,57,7,2,'2025-10-26 10:32:36'),(1244,57,8,2,'2025-10-26 10:32:36'),(1245,57,11,2,'2025-10-26 10:32:36'),(1246,57,13,2,'2025-10-26 10:32:36'),(1247,57,14,2,'2025-10-26 10:32:36'),(1248,57,15,2,'2025-10-26 10:32:36'),(1249,57,17,2,'2025-10-26 10:32:36'),(1250,57,18,2,'2025-10-26 10:32:36'),(1251,57,20,2,'2025-10-26 10:32:36'),(1252,57,22,2,'2025-10-26 10:32:36'),(1253,57,23,2,'2025-10-26 10:32:36'),(1254,57,25,2,'2025-10-26 10:32:36'),(1255,57,27,2,'2025-10-26 10:32:36'),(1256,57,30,2,'2025-10-26 10:32:36'),(1257,57,33,2,'2025-10-26 10:32:36'),(1258,57,36,2,'2025-10-26 10:32:36'),(1259,57,37,2,'2025-10-26 10:32:36'),(1260,57,39,2,'2025-10-26 10:32:36'),(1261,57,40,2,'2025-10-26 10:32:36'),(1262,57,41,2,'2025-10-26 10:32:36'),(1263,57,44,2,'2025-10-26 10:32:36'),(1264,57,46,2,'2025-10-26 10:32:36'),(1265,57,47,2,'2025-10-26 10:32:36'),(1266,57,48,2,'2025-10-26 10:32:36'),(1267,57,49,2,'2025-10-26 10:32:36'),(1268,57,51,2,'2025-10-26 10:32:36'),(1269,57,52,2,'2025-10-26 10:32:36'),(1270,57,55,2,'2025-10-26 10:32:36'),(1271,57,56,2,'2025-10-26 10:32:36'),(1272,57,57,2,'2025-10-26 10:32:36'),(1273,57,63,2,'2025-10-26 10:32:36'),(1274,57,65,2,'2025-10-26 10:32:36'),(1275,57,66,2,'2025-10-26 10:32:36'),(1276,57,69,2,'2025-10-26 10:32:36'),(1277,57,70,2,'2025-10-26 10:32:36'),(1278,57,71,2,'2025-10-26 10:32:36'),(1279,57,75,2,'2025-10-26 10:32:36'),(1280,57,76,2,'2025-10-26 10:32:36'),(1281,57,78,2,'2025-10-26 10:32:36'),(1282,57,85,2,'2025-10-26 10:32:36'),(1283,57,86,2,'2025-10-26 10:32:36'),(1284,57,88,2,'2025-10-26 10:32:36'),(1285,57,90,2,'2025-10-26 10:32:36'),(1286,57,94,2,'2025-10-26 10:32:36'),(1287,57,99,2,'2025-10-26 10:32:36'),(1288,57,100,2,'2025-10-26 10:32:36'),(1289,58,4,2,'2025-10-26 10:32:36'),(1290,58,5,2,'2025-10-26 10:32:36'),(1291,58,6,2,'2025-10-26 10:32:36'),(1292,58,7,2,'2025-10-26 10:32:36'),(1293,58,8,2,'2025-10-26 10:32:36'),(1294,58,18,2,'2025-10-26 10:32:36'),(1295,58,24,2,'2025-10-26 10:32:36'),(1296,58,25,2,'2025-10-26 10:32:36'),(1297,58,26,2,'2025-10-26 10:32:36'),(1298,58,27,2,'2025-10-26 10:32:36'),(1299,58,28,2,'2025-10-26 10:32:36'),(1300,58,30,2,'2025-10-26 10:32:36'),(1301,58,42,2,'2025-10-26 10:32:36'),(1302,58,47,2,'2025-10-26 10:32:36'),(1303,58,52,2,'2025-10-26 10:32:36'),(1304,58,54,2,'2025-10-26 10:32:36'),(1305,58,55,2,'2025-10-26 10:32:36'),(1306,58,60,2,'2025-10-26 10:32:36'),(1307,58,61,2,'2025-10-26 10:32:36'),(1308,58,63,2,'2025-10-26 10:32:36'),(1309,58,70,2,'2025-10-26 10:32:36'),(1310,58,79,2,'2025-10-26 10:32:36'),(1311,58,88,2,'2025-10-26 10:32:36'),(1312,58,89,2,'2025-10-26 10:32:36'),(1313,58,91,2,'2025-10-26 10:32:36'),(1314,58,94,2,'2025-10-26 10:32:36'),(1315,58,96,2,'2025-10-26 10:32:36'),(1316,58,100,2,'2025-10-26 10:32:36'),(1317,59,1,2,'2025-10-26 10:32:36'),(1318,59,3,2,'2025-10-26 10:32:36'),(1319,59,4,2,'2025-10-26 10:32:36'),(1320,59,5,2,'2025-10-26 10:32:36'),(1321,59,7,2,'2025-10-26 10:32:36'),(1322,59,21,2,'2025-10-26 10:32:36'),(1323,59,25,2,'2025-10-26 10:32:36'),(1324,59,28,2,'2025-10-26 10:32:36'),(1325,59,38,2,'2025-10-26 10:32:36'),(1326,59,39,2,'2025-10-26 10:32:36'),(1327,59,42,2,'2025-10-26 10:32:36'),(1328,59,48,2,'2025-10-26 10:32:36'),(1329,59,49,2,'2025-10-26 10:32:36'),(1330,59,52,2,'2025-10-26 10:32:36'),(1331,59,57,2,'2025-10-26 10:32:36'),(1332,59,59,2,'2025-10-26 10:32:36'),(1333,59,60,2,'2025-10-26 10:32:36'),(1334,59,61,2,'2025-10-26 10:32:36'),(1335,59,63,2,'2025-10-26 10:32:36'),(1336,59,64,2,'2025-10-26 10:32:36'),(1337,59,66,2,'2025-10-26 10:32:36'),(1338,59,68,2,'2025-10-26 10:32:36'),(1339,59,69,2,'2025-10-26 10:32:36'),(1340,59,74,2,'2025-10-26 10:32:36'),(1341,59,79,2,'2025-10-26 10:32:36'),(1342,59,81,2,'2025-10-26 10:32:36'),(1343,59,83,2,'2025-10-26 10:32:36'),(1344,59,85,2,'2025-10-26 10:32:36'),(1345,59,87,2,'2025-10-26 10:32:36'),(1346,59,98,2,'2025-10-26 10:32:36'),(1347,59,99,2,'2025-10-26 10:32:36'),(1348,60,1,2,'2025-10-26 10:32:36'),(1349,60,2,2,'2025-10-26 10:32:36'),(1350,60,3,2,'2025-10-26 10:32:36'),(1351,60,5,2,'2025-10-26 10:32:36'),(1352,60,6,2,'2025-10-26 10:32:36'),(1353,60,8,2,'2025-10-26 10:32:36'),(1354,60,9,2,'2025-10-26 10:32:36'),(1355,60,13,2,'2025-10-26 10:32:36'),(1356,60,14,2,'2025-10-26 10:32:36'),(1357,60,15,2,'2025-10-26 10:32:36'),(1358,60,16,2,'2025-10-26 10:32:36'),(1359,60,21,2,'2025-10-26 10:32:36'),(1360,60,22,2,'2025-10-26 10:32:36'),(1361,60,25,2,'2025-10-26 10:32:36'),(1362,60,26,2,'2025-10-26 10:32:36'),(1363,60,27,2,'2025-10-26 10:32:36'),(1364,60,29,2,'2025-10-26 10:32:36'),(1365,60,30,2,'2025-10-26 10:32:36'),(1366,60,31,2,'2025-10-26 10:32:36'),(1367,60,34,2,'2025-10-26 10:32:36'),(1368,60,45,2,'2025-10-26 10:32:36'),(1369,60,46,2,'2025-10-26 10:32:36'),(1370,60,47,2,'2025-10-26 10:32:36'),(1371,60,48,2,'2025-10-26 10:32:36'),(1372,60,50,2,'2025-10-26 10:32:36'),(1373,60,51,2,'2025-10-26 10:32:36'),(1374,60,52,2,'2025-10-26 10:32:36'),(1375,60,53,2,'2025-10-26 10:32:36'),(1376,60,54,2,'2025-10-26 10:32:36'),(1377,60,60,2,'2025-10-26 10:32:36'),(1378,60,61,2,'2025-10-26 10:32:36'),(1379,60,64,2,'2025-10-26 10:32:36'),(1380,60,65,2,'2025-10-26 10:32:36'),(1381,60,67,2,'2025-10-26 10:32:36'),(1382,60,70,2,'2025-10-26 10:32:36'),(1383,60,72,2,'2025-10-26 10:32:36'),(1384,60,73,2,'2025-10-26 10:32:36'),(1385,60,76,2,'2025-10-26 10:32:36'),(1386,60,77,2,'2025-10-26 10:32:36'),(1387,60,78,2,'2025-10-26 10:32:36'),(1388,60,82,2,'2025-10-26 10:32:36'),(1389,60,87,2,'2025-10-26 10:32:36'),(1390,60,91,2,'2025-10-26 10:32:36'),(1391,60,93,2,'2025-10-26 10:32:36'),(1392,60,94,2,'2025-10-26 10:32:36'),(1393,60,96,2,'2025-10-26 10:32:36'),(1394,60,98,2,'2025-10-26 10:32:36'),(1395,60,99,2,'2025-10-26 10:32:36'),(1396,60,100,2,'2025-10-26 10:32:36'),(1397,61,2,2,'2025-10-26 10:32:36'),(1398,61,3,2,'2025-10-26 10:32:36'),(1399,61,14,2,'2025-10-26 10:32:36'),(1400,61,19,2,'2025-10-26 10:32:36'),(1401,61,21,2,'2025-10-26 10:32:36'),(1402,61,22,2,'2025-10-26 10:32:36'),(1403,61,38,2,'2025-10-26 10:32:36'),(1404,61,39,2,'2025-10-26 10:32:36'),(1405,61,46,2,'2025-10-26 10:32:36'),(1406,61,49,2,'2025-10-26 10:32:36'),(1407,61,54,2,'2025-10-26 10:32:36'),(1408,61,55,2,'2025-10-26 10:32:36'),(1409,61,57,2,'2025-10-26 10:32:36'),(1410,61,61,2,'2025-10-26 10:32:36'),(1411,61,65,2,'2025-10-26 10:32:36'),(1412,61,68,2,'2025-10-26 10:32:36'),(1413,61,70,2,'2025-10-26 10:32:36'),(1414,61,72,2,'2025-10-26 10:32:36'),(1415,61,73,2,'2025-10-26 10:32:36'),(1416,61,74,2,'2025-10-26 10:32:36'),(1417,61,80,2,'2025-10-26 10:32:36'),(1418,61,84,2,'2025-10-26 10:32:36'),(1419,61,87,2,'2025-10-26 10:32:36'),(1420,61,89,2,'2025-10-26 10:32:36'),(1421,61,91,2,'2025-10-26 10:32:36'),(1422,61,96,2,'2025-10-26 10:32:36'),(1423,62,2,2,'2025-10-26 10:32:36'),(1424,62,5,2,'2025-10-26 10:32:36'),(1425,62,10,2,'2025-10-26 10:32:36'),(1426,62,14,2,'2025-10-26 10:32:36'),(1427,62,16,2,'2025-10-26 10:32:36'),(1428,62,22,2,'2025-10-26 10:32:36'),(1429,62,24,2,'2025-10-26 10:32:36'),(1430,62,26,2,'2025-10-26 10:32:36'),(1431,62,30,2,'2025-10-26 10:32:36'),(1432,62,32,2,'2025-10-26 10:32:36'),(1433,62,33,2,'2025-10-26 10:32:36'),(1434,62,34,2,'2025-10-26 10:32:36'),(1435,62,43,2,'2025-10-26 10:32:36'),(1436,62,46,2,'2025-10-26 10:32:36'),(1437,62,48,2,'2025-10-26 10:32:36'),(1438,62,53,2,'2025-10-26 10:32:36'),(1439,62,55,2,'2025-10-26 10:32:36'),(1440,62,57,2,'2025-10-26 10:32:36'),(1441,62,65,2,'2025-10-26 10:32:36'),(1442,62,73,2,'2025-10-26 10:32:36'),(1443,62,74,2,'2025-10-26 10:32:36'),(1444,62,75,2,'2025-10-26 10:32:36'),(1445,62,80,2,'2025-10-26 10:32:36'),(1446,62,81,2,'2025-10-26 10:32:36'),(1447,62,94,2,'2025-10-26 10:32:36'),(1448,62,97,2,'2025-10-26 10:32:36'),(1449,62,99,2,'2025-10-26 10:32:36'),(1450,62,100,2,'2025-10-26 10:32:36'),(1451,63,1,2,'2025-10-26 10:32:36'),(1452,63,5,2,'2025-10-26 10:32:36'),(1453,63,15,2,'2025-10-26 10:32:36'),(1454,63,16,2,'2025-10-26 10:32:36'),(1455,63,19,2,'2025-10-26 10:32:36'),(1456,63,20,2,'2025-10-26 10:32:36'),(1457,63,21,2,'2025-10-26 10:32:36'),(1458,63,22,2,'2025-10-26 10:32:36'),(1459,63,24,2,'2025-10-26 10:32:36'),(1460,63,27,2,'2025-10-26 10:32:36'),(1461,63,28,2,'2025-10-26 10:32:36'),(1462,63,30,2,'2025-10-26 10:32:36'),(1463,63,32,2,'2025-10-26 10:32:36'),(1464,63,42,2,'2025-10-26 10:32:36'),(1465,63,43,2,'2025-10-26 10:32:36'),(1466,63,45,2,'2025-10-26 10:32:36'),(1467,63,51,2,'2025-10-26 10:32:36'),(1468,63,52,2,'2025-10-26 10:32:36'),(1469,63,53,2,'2025-10-26 10:32:36'),(1470,63,54,2,'2025-10-26 10:32:36'),(1471,63,55,2,'2025-10-26 10:32:36'),(1472,63,57,2,'2025-10-26 10:32:36'),(1473,63,59,2,'2025-10-26 10:32:36'),(1474,63,60,2,'2025-10-26 10:32:36'),(1475,63,61,2,'2025-10-26 10:32:36'),(1476,63,65,2,'2025-10-26 10:32:36'),(1477,63,66,2,'2025-10-26 10:32:36'),(1478,63,67,2,'2025-10-26 10:32:36'),(1479,63,70,2,'2025-10-26 10:32:36'),(1480,63,74,2,'2025-10-26 10:32:36'),(1481,63,75,2,'2025-10-26 10:32:36'),(1482,63,76,2,'2025-10-26 10:32:36'),(1483,63,79,2,'2025-10-26 10:32:36'),(1484,63,88,2,'2025-10-26 10:32:36'),(1485,63,93,2,'2025-10-26 10:32:36'),(1486,63,95,2,'2025-10-26 10:32:36'),(1487,63,97,2,'2025-10-26 10:32:37'),(1488,63,99,2,'2025-10-26 10:32:37'),(1489,64,2,2,'2025-10-26 10:32:37'),(1490,64,7,2,'2025-10-26 10:32:37'),(1491,64,9,2,'2025-10-26 10:32:37'),(1492,64,15,2,'2025-10-26 10:32:37'),(1493,64,16,2,'2025-10-26 10:32:37'),(1494,64,23,2,'2025-10-26 10:32:37'),(1495,64,28,2,'2025-10-26 10:32:37'),(1496,64,36,2,'2025-10-26 10:32:37'),(1497,64,37,2,'2025-10-26 10:32:37'),(1498,64,42,2,'2025-10-26 10:32:37'),(1499,64,44,2,'2025-10-26 10:32:37'),(1500,64,48,2,'2025-10-26 10:32:37'),(1501,64,54,2,'2025-10-26 10:32:37'),(1502,64,59,2,'2025-10-26 10:32:37'),(1503,64,64,2,'2025-10-26 10:32:37'),(1504,64,71,2,'2025-10-26 10:32:37'),(1505,64,76,2,'2025-10-26 10:32:37'),(1506,64,77,2,'2025-10-26 10:32:37'),(1507,64,79,2,'2025-10-26 10:32:37'),(1508,64,81,2,'2025-10-26 10:32:37'),(1509,64,90,2,'2025-10-26 10:32:37'),(1510,64,95,2,'2025-10-26 10:32:37'),(1511,64,98,2,'2025-10-26 10:32:37'),(1512,64,99,2,'2025-10-26 10:32:37'),(1513,65,1,2,'2025-10-26 10:32:37'),(1514,65,5,2,'2025-10-26 10:32:37'),(1515,65,8,2,'2025-10-26 10:32:37'),(1516,65,12,2,'2025-10-26 10:32:37'),(1517,65,13,2,'2025-10-26 10:32:37'),(1518,65,14,2,'2025-10-26 10:32:37'),(1519,65,15,2,'2025-10-26 10:32:37'),(1520,65,16,2,'2025-10-26 10:32:37'),(1521,65,17,2,'2025-10-26 10:32:37'),(1522,65,19,2,'2025-10-26 10:32:37'),(1523,65,20,2,'2025-10-26 10:32:37'),(1524,65,21,2,'2025-10-26 10:32:37'),(1525,65,31,2,'2025-10-26 10:32:37'),(1526,65,34,2,'2025-10-26 10:32:37'),(1527,65,36,2,'2025-10-26 10:32:37'),(1528,65,38,2,'2025-10-26 10:32:37'),(1529,65,43,2,'2025-10-26 10:32:37'),(1530,65,45,2,'2025-10-26 10:32:37'),(1531,65,47,2,'2025-10-26 10:32:37'),(1532,65,48,2,'2025-10-26 10:32:37'),(1533,65,50,2,'2025-10-26 10:32:37'),(1534,65,51,2,'2025-10-26 10:32:37'),(1535,65,52,2,'2025-10-26 10:32:37'),(1536,65,61,2,'2025-10-26 10:32:37'),(1537,65,62,2,'2025-10-26 10:32:37'),(1538,65,66,2,'2025-10-26 10:32:37'),(1539,65,67,2,'2025-10-26 10:32:37'),(1540,65,69,2,'2025-10-26 10:32:37'),(1541,65,70,2,'2025-10-26 10:32:37'),(1542,65,74,2,'2025-10-26 10:32:37'),(1543,65,75,2,'2025-10-26 10:32:37'),(1544,65,80,2,'2025-10-26 10:32:37'),(1545,65,81,2,'2025-10-26 10:32:37'),(1546,65,82,2,'2025-10-26 10:32:37'),(1547,65,85,2,'2025-10-26 10:32:37'),(1548,65,91,2,'2025-10-26 10:32:37'),(1549,65,95,2,'2025-10-26 10:32:37'),(1550,65,96,2,'2025-10-26 10:32:37'),(1551,65,99,2,'2025-10-26 10:32:37'),(1552,66,3,2,'2025-10-26 10:32:37'),(1553,66,7,2,'2025-10-26 10:32:37'),(1554,66,8,2,'2025-10-26 10:32:37'),(1555,66,9,2,'2025-10-26 10:32:37'),(1556,66,11,2,'2025-10-26 10:32:37'),(1557,66,12,2,'2025-10-26 10:32:37'),(1558,66,15,2,'2025-10-26 10:32:37'),(1559,66,16,2,'2025-10-26 10:32:37'),(1560,66,17,2,'2025-10-26 10:32:37'),(1561,66,20,2,'2025-10-26 10:32:37'),(1562,66,21,2,'2025-10-26 10:32:37'),(1563,66,30,2,'2025-10-26 10:32:37'),(1564,66,32,2,'2025-10-26 10:32:37'),(1565,66,43,2,'2025-10-26 10:32:37'),(1566,66,45,2,'2025-10-26 10:32:37'),(1567,66,51,2,'2025-10-26 10:32:37'),(1568,66,57,2,'2025-10-26 10:32:37'),(1569,66,63,2,'2025-10-26 10:32:37'),(1570,66,71,2,'2025-10-26 10:32:37'),(1571,66,72,2,'2025-10-26 10:32:37'),(1572,66,73,2,'2025-10-26 10:32:37'),(1573,66,78,2,'2025-10-26 10:32:37'),(1574,66,80,2,'2025-10-26 10:32:37'),(1575,66,87,2,'2025-10-26 10:32:37'),(1576,66,88,2,'2025-10-26 10:32:37'),(1577,66,93,2,'2025-10-26 10:32:37'),(1578,66,96,2,'2025-10-26 10:32:37'),(1579,66,99,2,'2025-10-26 10:32:37'),(1580,67,2,2,'2025-10-26 10:32:37'),(1581,67,3,2,'2025-10-26 10:32:37'),(1582,67,7,2,'2025-10-26 10:32:37'),(1583,67,10,2,'2025-10-26 10:32:37'),(1584,67,11,2,'2025-10-26 10:32:37'),(1585,67,13,2,'2025-10-26 10:32:37'),(1586,67,15,2,'2025-10-26 10:32:37'),(1587,67,16,2,'2025-10-26 10:32:37'),(1588,67,19,2,'2025-10-26 10:32:37'),(1589,67,20,2,'2025-10-26 10:32:37'),(1590,67,21,2,'2025-10-26 10:32:37'),(1591,67,23,2,'2025-10-26 10:32:37'),(1592,67,25,2,'2025-10-26 10:32:37'),(1593,67,26,2,'2025-10-26 10:32:37'),(1594,67,28,2,'2025-10-26 10:32:37'),(1595,67,30,2,'2025-10-26 10:32:37'),(1596,67,31,2,'2025-10-26 10:32:37'),(1597,67,33,2,'2025-10-26 10:32:37'),(1598,67,39,2,'2025-10-26 10:32:37'),(1599,67,41,2,'2025-10-26 10:32:37'),(1600,67,47,2,'2025-10-26 10:32:37'),(1601,67,48,2,'2025-10-26 10:32:37'),(1602,67,50,2,'2025-10-26 10:32:37'),(1603,67,53,2,'2025-10-26 10:32:37'),(1604,67,55,2,'2025-10-26 10:32:37'),(1605,67,58,2,'2025-10-26 10:32:37'),(1606,67,59,2,'2025-10-26 10:32:37'),(1607,67,60,2,'2025-10-26 10:32:37'),(1608,67,63,2,'2025-10-26 10:32:37'),(1609,67,64,2,'2025-10-26 10:32:37'),(1610,67,67,2,'2025-10-26 10:32:37'),(1611,67,72,2,'2025-10-26 10:32:37'),(1612,67,73,2,'2025-10-26 10:32:37'),(1613,67,75,2,'2025-10-26 10:32:37'),(1614,67,76,2,'2025-10-26 10:32:37'),(1615,67,79,2,'2025-10-26 10:32:37'),(1616,67,80,2,'2025-10-26 10:32:37'),(1617,67,81,2,'2025-10-26 10:32:37'),(1618,67,82,2,'2025-10-26 10:32:37'),(1619,67,83,2,'2025-10-26 10:32:37'),(1620,67,84,2,'2025-10-26 10:32:37'),(1621,67,86,2,'2025-10-26 10:32:37'),(1622,67,88,2,'2025-10-26 10:32:37'),(1623,67,89,2,'2025-10-26 10:32:37'),(1624,67,93,2,'2025-10-26 10:32:37'),(1625,67,94,2,'2025-10-26 10:32:37'),(1626,67,95,2,'2025-10-26 10:32:37'),(1627,67,96,2,'2025-10-26 10:32:37'),(1628,67,97,2,'2025-10-26 10:32:37'),(1629,67,100,2,'2025-10-26 10:32:37'),(1630,68,5,2,'2025-10-26 10:32:37'),(1631,68,9,2,'2025-10-26 10:32:37'),(1632,68,13,2,'2025-10-26 10:32:37'),(1633,68,32,2,'2025-10-26 10:32:37'),(1634,68,37,2,'2025-10-26 10:32:37'),(1635,68,43,2,'2025-10-26 10:32:37'),(1636,68,51,2,'2025-10-26 10:32:37'),(1637,68,52,2,'2025-10-26 10:32:37'),(1638,68,54,2,'2025-10-26 10:32:37'),(1639,68,58,2,'2025-10-26 10:32:37'),(1640,68,60,2,'2025-10-26 10:32:37'),(1641,68,62,2,'2025-10-26 10:32:37'),(1642,68,64,2,'2025-10-26 10:32:37'),(1643,68,67,2,'2025-10-26 10:32:37'),(1644,68,72,2,'2025-10-26 10:32:37'),(1645,68,78,2,'2025-10-26 10:32:37'),(1646,68,80,2,'2025-10-26 10:32:37'),(1647,68,81,2,'2025-10-26 10:32:37'),(1648,68,87,2,'2025-10-26 10:32:37'),(1649,68,88,2,'2025-10-26 10:32:37'),(1650,68,89,2,'2025-10-26 10:32:37'),(1651,68,99,2,'2025-10-26 10:32:37'),(1652,69,1,2,'2025-10-26 10:32:37'),(1653,69,2,2,'2025-10-26 10:32:37'),(1654,69,3,2,'2025-10-26 10:32:37'),(1655,69,9,2,'2025-10-26 10:32:37'),(1656,69,12,2,'2025-10-26 10:32:37'),(1657,69,15,2,'2025-10-26 10:32:37'),(1658,69,16,2,'2025-10-26 10:32:37'),(1659,69,21,2,'2025-10-26 10:32:37'),(1660,69,25,2,'2025-10-26 10:32:37'),(1661,69,29,2,'2025-10-26 10:32:37'),(1662,69,31,2,'2025-10-26 10:32:37'),(1663,69,32,2,'2025-10-26 10:32:37'),(1664,69,33,2,'2025-10-26 10:32:37'),(1665,69,45,2,'2025-10-26 10:32:37'),(1666,69,47,2,'2025-10-26 10:32:37'),(1667,69,49,2,'2025-10-26 10:32:37'),(1668,69,50,2,'2025-10-26 10:32:37'),(1669,69,56,2,'2025-10-26 10:32:37'),(1670,69,57,2,'2025-10-26 10:32:37'),(1671,69,58,2,'2025-10-26 10:32:37'),(1672,69,60,2,'2025-10-26 10:32:37'),(1673,69,61,2,'2025-10-26 10:32:37'),(1674,69,65,2,'2025-10-26 10:32:37'),(1675,69,66,2,'2025-10-26 10:32:37'),(1676,69,67,2,'2025-10-26 10:32:37'),(1677,69,69,2,'2025-10-26 10:32:37'),(1678,69,77,2,'2025-10-26 10:32:37'),(1679,69,79,2,'2025-10-26 10:32:37'),(1680,69,81,2,'2025-10-26 10:32:37'),(1681,69,82,2,'2025-10-26 10:32:37'),(1682,69,85,2,'2025-10-26 10:32:37'),(1683,69,91,2,'2025-10-26 10:32:37'),(1684,69,96,2,'2025-10-26 10:32:37'),(1685,69,100,2,'2025-10-26 10:32:37'),(1686,70,2,2,'2025-10-26 10:32:37'),(1687,70,3,2,'2025-10-26 10:32:37'),(1688,70,7,2,'2025-10-26 10:32:37'),(1689,70,8,2,'2025-10-26 10:32:37'),(1690,70,10,2,'2025-10-26 10:32:37'),(1691,70,12,2,'2025-10-26 10:32:37'),(1692,70,13,2,'2025-10-26 10:32:37'),(1693,70,18,2,'2025-10-26 10:32:37'),(1694,70,22,2,'2025-10-26 10:32:37'),(1695,70,24,2,'2025-10-26 10:32:37'),(1696,70,25,2,'2025-10-26 10:32:37'),(1697,70,29,2,'2025-10-26 10:32:37'),(1698,70,30,2,'2025-10-26 10:32:37'),(1699,70,31,2,'2025-10-26 10:32:37'),(1700,70,32,2,'2025-10-26 10:32:37'),(1701,70,35,2,'2025-10-26 10:32:37'),(1702,70,36,2,'2025-10-26 10:32:37'),(1703,70,40,2,'2025-10-26 10:32:37'),(1704,70,41,2,'2025-10-26 10:32:37'),(1705,70,42,2,'2025-10-26 10:32:37'),(1706,70,43,2,'2025-10-26 10:32:37'),(1707,70,46,2,'2025-10-26 10:32:37'),(1708,70,49,2,'2025-10-26 10:32:37'),(1709,70,51,2,'2025-10-26 10:32:37'),(1710,70,52,2,'2025-10-26 10:32:37'),(1711,70,54,2,'2025-10-26 10:32:37'),(1712,70,56,2,'2025-10-26 10:32:37'),(1713,70,57,2,'2025-10-26 10:32:37'),(1714,70,58,2,'2025-10-26 10:32:37'),(1715,70,59,2,'2025-10-26 10:32:37'),(1716,70,65,2,'2025-10-26 10:32:37'),(1717,70,67,2,'2025-10-26 10:32:37'),(1718,70,69,2,'2025-10-26 10:32:37'),(1719,70,70,2,'2025-10-26 10:32:37'),(1720,70,71,2,'2025-10-26 10:32:37'),(1721,70,73,2,'2025-10-26 10:32:37'),(1722,70,76,2,'2025-10-26 10:32:37'),(1723,70,78,2,'2025-10-26 10:32:37'),(1724,70,81,2,'2025-10-26 10:32:37'),(1725,70,83,2,'2025-10-26 10:32:37'),(1726,70,84,2,'2025-10-26 10:32:37'),(1727,70,85,2,'2025-10-26 10:32:37'),(1728,70,89,2,'2025-10-26 10:32:37'),(1729,70,90,2,'2025-10-26 10:32:37'),(1730,70,92,2,'2025-10-26 10:32:37'),(1731,70,93,2,'2025-10-26 10:32:37'),(1732,70,94,2,'2025-10-26 10:32:37'),(1733,70,95,2,'2025-10-26 10:32:37'),(1734,70,97,2,'2025-10-26 10:32:37'),(1735,71,1,2,'2025-10-26 10:32:37'),(1736,71,7,2,'2025-10-26 10:32:37'),(1737,71,11,2,'2025-10-26 10:32:37'),(1738,71,16,2,'2025-10-26 10:32:37'),(1739,71,19,2,'2025-10-26 10:32:37'),(1740,71,20,2,'2025-10-26 10:32:37'),(1741,71,24,2,'2025-10-26 10:32:37'),(1742,71,30,2,'2025-10-26 10:32:37'),(1743,71,31,2,'2025-10-26 10:32:37'),(1744,71,32,2,'2025-10-26 10:32:37'),(1745,71,36,2,'2025-10-26 10:32:37'),(1746,71,38,2,'2025-10-26 10:32:37'),(1747,71,43,2,'2025-10-26 10:32:37'),(1748,71,46,2,'2025-10-26 10:32:37'),(1749,71,47,2,'2025-10-26 10:32:37'),(1750,71,58,2,'2025-10-26 10:32:37'),(1751,71,63,2,'2025-10-26 10:32:37'),(1752,71,66,2,'2025-10-26 10:32:37'),(1753,71,67,2,'2025-10-26 10:32:37'),(1754,71,68,2,'2025-10-26 10:32:37'),(1755,71,77,2,'2025-10-26 10:32:37'),(1756,71,82,2,'2025-10-26 10:32:37'),(1757,71,84,2,'2025-10-26 10:32:37'),(1758,71,89,2,'2025-10-26 10:32:37'),(1759,71,99,2,'2025-10-26 10:32:37'),(1760,72,2,2,'2025-10-26 10:32:37'),(1761,72,3,2,'2025-10-26 10:32:37'),(1762,72,6,2,'2025-10-26 10:32:37'),(1763,72,7,2,'2025-10-26 10:32:37'),(1764,72,9,2,'2025-10-26 10:32:37'),(1765,72,10,2,'2025-10-26 10:32:37'),(1766,72,12,2,'2025-10-26 10:32:37'),(1767,72,17,2,'2025-10-26 10:32:37'),(1768,72,20,2,'2025-10-26 10:32:37'),(1769,72,21,2,'2025-10-26 10:32:37'),(1770,72,23,2,'2025-10-26 10:32:37'),(1771,72,25,2,'2025-10-26 10:32:37'),(1772,72,26,2,'2025-10-26 10:32:37'),(1773,72,31,2,'2025-10-26 10:32:37'),(1774,72,32,2,'2025-10-26 10:32:37'),(1775,72,34,2,'2025-10-26 10:32:37'),(1776,72,35,2,'2025-10-26 10:32:37'),(1777,72,37,2,'2025-10-26 10:32:37'),(1778,72,38,2,'2025-10-26 10:32:37'),(1779,72,39,2,'2025-10-26 10:32:37'),(1780,72,47,2,'2025-10-26 10:32:37'),(1781,72,48,2,'2025-10-26 10:32:37'),(1782,72,52,2,'2025-10-26 10:32:37'),(1783,72,53,2,'2025-10-26 10:32:37'),(1784,72,54,2,'2025-10-26 10:32:37'),(1785,72,55,2,'2025-10-26 10:32:37'),(1786,72,57,2,'2025-10-26 10:32:37'),(1787,72,58,2,'2025-10-26 10:32:37'),(1788,72,62,2,'2025-10-26 10:32:37'),(1789,72,63,2,'2025-10-26 10:32:37'),(1790,72,65,2,'2025-10-26 10:32:37'),(1791,72,66,2,'2025-10-26 10:32:37'),(1792,72,67,2,'2025-10-26 10:32:37'),(1793,72,68,2,'2025-10-26 10:32:37'),(1794,72,71,2,'2025-10-26 10:32:37'),(1795,72,74,2,'2025-10-26 10:32:37'),(1796,72,75,2,'2025-10-26 10:32:37'),(1797,72,79,2,'2025-10-26 10:32:37'),(1798,72,85,2,'2025-10-26 10:32:37'),(1799,72,86,2,'2025-10-26 10:32:37'),(1800,72,87,2,'2025-10-26 10:32:37'),(1801,72,92,2,'2025-10-26 10:32:37'),(1802,72,94,2,'2025-10-26 10:32:37'),(1803,72,95,2,'2025-10-26 10:32:37'),(1804,72,98,2,'2025-10-26 10:32:37'),(1805,73,2,2,'2025-10-26 10:32:37'),(1806,73,3,2,'2025-10-26 10:32:37'),(1807,73,4,2,'2025-10-26 10:32:37'),(1808,73,7,2,'2025-10-26 10:32:37'),(1809,73,8,2,'2025-10-26 10:32:37'),(1810,73,12,2,'2025-10-26 10:32:37'),(1811,73,19,2,'2025-10-26 10:32:37'),(1812,73,22,2,'2025-10-26 10:32:37'),(1813,73,24,2,'2025-10-26 10:32:37'),(1814,73,25,2,'2025-10-26 10:32:37'),(1815,73,31,2,'2025-10-26 10:32:37'),(1816,73,32,2,'2025-10-26 10:32:37'),(1817,73,34,2,'2025-10-26 10:32:37'),(1818,73,35,2,'2025-10-26 10:32:37'),(1819,73,38,2,'2025-10-26 10:32:37'),(1820,73,39,2,'2025-10-26 10:32:37'),(1821,73,42,2,'2025-10-26 10:32:37'),(1822,73,43,2,'2025-10-26 10:32:37'),(1823,73,46,2,'2025-10-26 10:32:37'),(1824,73,51,2,'2025-10-26 10:32:37'),(1825,73,58,2,'2025-10-26 10:32:37'),(1826,73,59,2,'2025-10-26 10:32:37'),(1827,73,62,2,'2025-10-26 10:32:37'),(1828,73,66,2,'2025-10-26 10:32:37'),(1829,73,67,2,'2025-10-26 10:32:37'),(1830,73,69,2,'2025-10-26 10:32:37'),(1831,73,70,2,'2025-10-26 10:32:37'),(1832,73,71,2,'2025-10-26 10:32:37'),(1833,73,74,2,'2025-10-26 10:32:37'),(1834,73,76,2,'2025-10-26 10:32:37'),(1835,73,77,2,'2025-10-26 10:32:37'),(1836,73,79,2,'2025-10-26 10:32:37'),(1837,73,88,2,'2025-10-26 10:32:37'),(1838,73,89,2,'2025-10-26 10:32:37'),(1839,73,94,2,'2025-10-26 10:32:37'),(1840,73,95,2,'2025-10-26 10:32:37'),(1841,74,4,2,'2025-10-26 10:32:37'),(1842,74,11,2,'2025-10-26 10:32:37'),(1843,74,12,2,'2025-10-26 10:32:37'),(1844,74,13,2,'2025-10-26 10:32:37'),(1845,74,19,2,'2025-10-26 10:32:37'),(1846,74,22,2,'2025-10-26 10:32:37'),(1847,74,26,2,'2025-10-26 10:32:37'),(1848,74,28,2,'2025-10-26 10:32:37'),(1849,74,30,2,'2025-10-26 10:32:37'),(1850,74,35,2,'2025-10-26 10:32:37'),(1851,74,39,2,'2025-10-26 10:32:37'),(1852,74,40,2,'2025-10-26 10:32:37'),(1853,74,44,2,'2025-10-26 10:32:37'),(1854,74,46,2,'2025-10-26 10:32:37'),(1855,74,47,2,'2025-10-26 10:32:37'),(1856,74,48,2,'2025-10-26 10:32:38'),(1857,74,63,2,'2025-10-26 10:32:38'),(1858,74,66,2,'2025-10-26 10:32:38'),(1859,74,68,2,'2025-10-26 10:32:38'),(1860,74,69,2,'2025-10-26 10:32:38'),(1861,74,71,2,'2025-10-26 10:32:38'),(1862,74,73,2,'2025-10-26 10:32:38'),(1863,74,74,2,'2025-10-26 10:32:38'),(1864,74,76,2,'2025-10-26 10:32:38'),(1865,74,77,2,'2025-10-26 10:32:38'),(1866,74,81,2,'2025-10-26 10:32:38'),(1867,74,83,2,'2025-10-26 10:32:38'),(1868,74,85,2,'2025-10-26 10:32:38'),(1869,74,90,2,'2025-10-26 10:32:38'),(1870,74,91,2,'2025-10-26 10:32:38'),(1871,74,94,2,'2025-10-26 10:32:38'),(1872,74,95,2,'2025-10-26 10:32:38'),(1873,74,96,2,'2025-10-26 10:32:38'),(1874,74,97,2,'2025-10-26 10:32:38'),(1875,75,1,2,'2025-10-26 10:32:38'),(1876,75,2,2,'2025-10-26 10:32:38'),(1877,75,7,2,'2025-10-26 10:32:38'),(1878,75,10,2,'2025-10-26 10:32:38'),(1879,75,12,2,'2025-10-26 10:32:38'),(1880,75,13,2,'2025-10-26 10:32:38'),(1881,75,14,2,'2025-10-26 10:32:38'),(1882,75,17,2,'2025-10-26 10:32:38'),(1883,75,18,2,'2025-10-26 10:32:38'),(1884,75,19,2,'2025-10-26 10:32:38'),(1885,75,20,2,'2025-10-26 10:32:38'),(1886,75,27,2,'2025-10-26 10:32:38'),(1887,75,28,2,'2025-10-26 10:32:38'),(1888,75,31,2,'2025-10-26 10:32:38'),(1889,75,32,2,'2025-10-26 10:32:38'),(1890,75,34,2,'2025-10-26 10:32:38'),(1891,75,35,2,'2025-10-26 10:32:38'),(1892,75,43,2,'2025-10-26 10:32:38'),(1893,75,45,2,'2025-10-26 10:32:38'),(1894,75,46,2,'2025-10-26 10:32:38'),(1895,75,51,2,'2025-10-26 10:32:38'),(1896,75,54,2,'2025-10-26 10:32:38'),(1897,75,55,2,'2025-10-26 10:32:38'),(1898,75,57,2,'2025-10-26 10:32:38'),(1899,75,60,2,'2025-10-26 10:32:38'),(1900,75,62,2,'2025-10-26 10:32:38'),(1901,75,63,2,'2025-10-26 10:32:38'),(1902,75,68,2,'2025-10-26 10:32:38'),(1903,75,73,2,'2025-10-26 10:32:38'),(1904,75,77,2,'2025-10-26 10:32:38'),(1905,75,80,2,'2025-10-26 10:32:38'),(1906,75,84,2,'2025-10-26 10:32:38'),(1907,75,90,2,'2025-10-26 10:32:38'),(1908,75,95,2,'2025-10-26 10:32:38'),(1909,75,99,2,'2025-10-26 10:32:38'),(1910,75,100,2,'2025-10-26 10:32:38'),(1911,76,3,2,'2025-10-26 10:32:38'),(1912,76,5,2,'2025-10-26 10:32:38'),(1913,76,17,2,'2025-10-26 10:32:38'),(1914,76,19,2,'2025-10-26 10:32:38'),(1915,76,41,2,'2025-10-26 10:32:38'),(1916,76,42,2,'2025-10-26 10:32:38'),(1917,76,43,2,'2025-10-26 10:32:38'),(1918,76,45,2,'2025-10-26 10:32:38'),(1919,76,46,2,'2025-10-26 10:32:38'),(1920,76,48,2,'2025-10-26 10:32:38'),(1921,76,50,2,'2025-10-26 10:32:38'),(1922,76,51,2,'2025-10-26 10:32:38'),(1923,76,53,2,'2025-10-26 10:32:38'),(1924,76,56,2,'2025-10-26 10:32:38'),(1925,76,58,2,'2025-10-26 10:32:38'),(1926,76,60,2,'2025-10-26 10:32:38'),(1927,76,66,2,'2025-10-26 10:32:38'),(1928,76,70,2,'2025-10-26 10:32:38'),(1929,76,71,2,'2025-10-26 10:32:38'),(1930,76,77,2,'2025-10-26 10:32:38'),(1931,76,80,2,'2025-10-26 10:32:38'),(1932,76,85,2,'2025-10-26 10:32:38'),(1933,76,87,2,'2025-10-26 10:32:38'),(1934,76,89,2,'2025-10-26 10:32:38'),(1935,76,94,2,'2025-10-26 10:32:38'),(1936,77,2,2,'2025-10-26 10:32:38'),(1937,77,4,2,'2025-10-26 10:32:38'),(1938,77,6,2,'2025-10-26 10:32:38'),(1939,77,8,2,'2025-10-26 10:32:38'),(1940,77,12,2,'2025-10-26 10:32:38'),(1941,77,13,2,'2025-10-26 10:32:38'),(1942,77,14,2,'2025-10-26 10:32:38'),(1943,77,16,2,'2025-10-26 10:32:38'),(1944,77,17,2,'2025-10-26 10:32:38'),(1945,77,19,2,'2025-10-26 10:32:38'),(1946,77,20,2,'2025-10-26 10:32:38'),(1947,77,21,2,'2025-10-26 10:32:38'),(1948,77,24,2,'2025-10-26 10:32:38'),(1949,77,26,2,'2025-10-26 10:32:38'),(1950,77,27,2,'2025-10-26 10:32:38'),(1951,77,29,2,'2025-10-26 10:32:38'),(1952,77,31,2,'2025-10-26 10:32:38'),(1953,77,37,2,'2025-10-26 10:32:38'),(1954,77,39,2,'2025-10-26 10:32:38'),(1955,77,41,2,'2025-10-26 10:32:38'),(1956,77,44,2,'2025-10-26 10:32:38'),(1957,77,45,2,'2025-10-26 10:32:38'),(1958,77,48,2,'2025-10-26 10:32:38'),(1959,77,49,2,'2025-10-26 10:32:38'),(1960,77,52,2,'2025-10-26 10:32:38'),(1961,77,53,2,'2025-10-26 10:32:38'),(1962,77,57,2,'2025-10-26 10:32:38'),(1963,77,58,2,'2025-10-26 10:32:38'),(1964,77,61,2,'2025-10-26 10:32:38'),(1965,77,63,2,'2025-10-26 10:32:38'),(1966,77,64,2,'2025-10-26 10:32:38'),(1967,77,66,2,'2025-10-26 10:32:38'),(1968,77,67,2,'2025-10-26 10:32:38'),(1969,77,72,2,'2025-10-26 10:32:38'),(1970,77,74,2,'2025-10-26 10:32:38'),(1971,77,78,2,'2025-10-26 10:32:38'),(1972,77,79,2,'2025-10-26 10:32:38'),(1973,77,80,2,'2025-10-26 10:32:38'),(1974,77,84,2,'2025-10-26 10:32:38'),(1975,77,86,2,'2025-10-26 10:32:38'),(1976,77,88,2,'2025-10-26 10:32:38'),(1977,77,89,2,'2025-10-26 10:32:38'),(1978,77,92,2,'2025-10-26 10:32:38'),(1979,77,93,2,'2025-10-26 10:32:38'),(1980,77,94,2,'2025-10-26 10:32:38'),(1981,77,97,2,'2025-10-26 10:32:38'),(1982,77,98,2,'2025-10-26 10:32:38'),(1983,77,99,2,'2025-10-26 10:32:38'),(1984,78,1,2,'2025-10-26 10:32:38'),(1985,78,3,2,'2025-10-26 10:32:38'),(1986,78,4,2,'2025-10-26 10:32:38'),(1987,78,6,2,'2025-10-26 10:32:38'),(1988,78,7,2,'2025-10-26 10:32:38'),(1989,78,10,2,'2025-10-26 10:32:38'),(1990,78,13,2,'2025-10-26 10:32:38'),(1991,78,17,2,'2025-10-26 10:32:38'),(1992,78,18,2,'2025-10-26 10:32:38'),(1993,78,20,2,'2025-10-26 10:32:38'),(1994,78,22,2,'2025-10-26 10:32:38'),(1995,78,25,2,'2025-10-26 10:32:38'),(1996,78,27,2,'2025-10-26 10:32:38'),(1997,78,29,2,'2025-10-26 10:32:38'),(1998,78,33,2,'2025-10-26 10:32:38'),(1999,78,34,2,'2025-10-26 10:32:38'),(2000,78,36,2,'2025-10-26 10:32:38'),(2001,78,40,2,'2025-10-26 10:32:38'),(2002,78,42,2,'2025-10-26 10:32:38'),(2003,78,43,2,'2025-10-26 10:32:38'),(2004,78,45,2,'2025-10-26 10:32:38'),(2005,78,58,2,'2025-10-26 10:32:38'),(2006,78,60,2,'2025-10-26 10:32:38'),(2007,78,67,2,'2025-10-26 10:32:38'),(2008,78,75,2,'2025-10-26 10:32:38'),(2009,78,77,2,'2025-10-26 10:32:38'),(2010,78,80,2,'2025-10-26 10:32:38'),(2011,78,82,2,'2025-10-26 10:32:38'),(2012,78,85,2,'2025-10-26 10:32:38'),(2013,78,88,2,'2025-10-26 10:32:38'),(2014,78,91,2,'2025-10-26 10:32:38'),(2015,78,92,2,'2025-10-26 10:32:38'),(2016,78,94,2,'2025-10-26 10:32:38'),(2017,78,95,2,'2025-10-26 10:32:38'),(2018,78,100,2,'2025-10-26 10:32:38'),(2019,79,8,2,'2025-10-26 10:32:38'),(2020,79,11,2,'2025-10-26 10:32:38'),(2021,79,13,2,'2025-10-26 10:32:38'),(2022,79,18,2,'2025-10-26 10:32:38'),(2023,79,19,2,'2025-10-26 10:32:38'),(2024,79,24,2,'2025-10-26 10:32:38'),(2025,79,31,2,'2025-10-26 10:32:38'),(2026,79,32,2,'2025-10-26 10:32:38'),(2027,79,36,2,'2025-10-26 10:32:38'),(2028,79,41,2,'2025-10-26 10:32:38'),(2029,79,42,2,'2025-10-26 10:32:38'),(2030,79,43,2,'2025-10-26 10:32:38'),(2031,79,45,2,'2025-10-26 10:32:38'),(2032,79,47,2,'2025-10-26 10:32:38'),(2033,79,53,2,'2025-10-26 10:32:38'),(2034,79,61,2,'2025-10-26 10:32:38'),(2035,79,62,2,'2025-10-26 10:32:38'),(2036,79,66,2,'2025-10-26 10:32:38'),(2037,79,69,2,'2025-10-26 10:32:38'),(2038,79,93,2,'2025-10-26 10:32:38'),(2039,79,95,2,'2025-10-26 10:32:38'),(2040,79,99,2,'2025-10-26 10:32:38'),(2041,80,3,2,'2025-10-26 10:32:38'),(2042,80,4,2,'2025-10-26 10:32:38'),(2043,80,5,2,'2025-10-26 10:32:38'),(2044,80,9,2,'2025-10-26 10:32:38'),(2045,80,16,2,'2025-10-26 10:32:38'),(2046,80,17,2,'2025-10-26 10:32:38'),(2047,80,19,2,'2025-10-26 10:32:38'),(2048,80,22,2,'2025-10-26 10:32:38'),(2049,80,23,2,'2025-10-26 10:32:38'),(2050,80,24,2,'2025-10-26 10:32:38'),(2051,80,26,2,'2025-10-26 10:32:38'),(2052,80,27,2,'2025-10-26 10:32:38'),(2053,80,28,2,'2025-10-26 10:32:38'),(2054,80,29,2,'2025-10-26 10:32:38'),(2055,80,31,2,'2025-10-26 10:32:38'),(2056,80,33,2,'2025-10-26 10:32:38'),(2057,80,35,2,'2025-10-26 10:32:38'),(2058,80,37,2,'2025-10-26 10:32:38'),(2059,80,38,2,'2025-10-26 10:32:38'),(2060,80,39,2,'2025-10-26 10:32:38'),(2061,80,40,2,'2025-10-26 10:32:38'),(2062,80,42,2,'2025-10-26 10:32:38'),(2063,80,44,2,'2025-10-26 10:32:38'),(2064,80,46,2,'2025-10-26 10:32:38'),(2065,80,48,2,'2025-10-26 10:32:38'),(2066,80,49,2,'2025-10-26 10:32:38'),(2067,80,50,2,'2025-10-26 10:32:38'),(2068,80,55,2,'2025-10-26 10:32:38'),(2069,80,56,2,'2025-10-26 10:32:38'),(2070,80,59,2,'2025-10-26 10:32:38'),(2071,80,60,2,'2025-10-26 10:32:38'),(2072,80,61,2,'2025-10-26 10:32:38'),(2073,80,66,2,'2025-10-26 10:32:38'),(2074,80,67,2,'2025-10-26 10:32:38'),(2075,80,71,2,'2025-10-26 10:32:38'),(2076,80,72,2,'2025-10-26 10:32:38'),(2077,80,73,2,'2025-10-26 10:32:38'),(2078,80,74,2,'2025-10-26 10:32:38'),(2079,80,75,2,'2025-10-26 10:32:38'),(2080,80,78,2,'2025-10-26 10:32:38'),(2081,80,84,2,'2025-10-26 10:32:38'),(2082,80,87,2,'2025-10-26 10:32:38'),(2083,80,90,2,'2025-10-26 10:32:38'),(2084,80,91,2,'2025-10-26 10:32:38'),(2085,80,95,2,'2025-10-26 10:32:38'),(2086,80,99,2,'2025-10-26 10:32:38'),(2087,81,1,2,'2025-10-26 10:32:38'),(2088,81,3,2,'2025-10-26 10:32:38'),(2089,81,6,2,'2025-10-26 10:32:38'),(2090,81,7,2,'2025-10-26 10:32:38'),(2091,81,14,2,'2025-10-26 10:32:38'),(2092,81,16,2,'2025-10-26 10:32:38'),(2093,81,17,2,'2025-10-26 10:32:38'),(2094,81,24,2,'2025-10-26 10:32:38'),(2095,81,26,2,'2025-10-26 10:32:38'),(2096,81,30,2,'2025-10-26 10:32:38'),(2097,81,31,2,'2025-10-26 10:32:38'),(2098,81,33,2,'2025-10-26 10:32:38'),(2099,81,35,2,'2025-10-26 10:32:38'),(2100,81,40,2,'2025-10-26 10:32:38'),(2101,81,41,2,'2025-10-26 10:32:38'),(2102,81,42,2,'2025-10-26 10:32:38'),(2103,81,43,2,'2025-10-26 10:32:38'),(2104,81,52,2,'2025-10-26 10:32:38'),(2105,81,55,2,'2025-10-26 10:32:38'),(2106,81,59,2,'2025-10-26 10:32:38'),(2107,81,60,2,'2025-10-26 10:32:38'),(2108,81,61,2,'2025-10-26 10:32:38'),(2109,81,63,2,'2025-10-26 10:32:38'),(2110,81,66,2,'2025-10-26 10:32:38'),(2111,81,68,2,'2025-10-26 10:32:38'),(2112,81,71,2,'2025-10-26 10:32:38'),(2113,81,72,2,'2025-10-26 10:32:38'),(2114,81,76,2,'2025-10-26 10:32:38'),(2115,81,77,2,'2025-10-26 10:32:38'),(2116,81,80,2,'2025-10-26 10:32:38'),(2117,81,84,2,'2025-10-26 10:32:38'),(2118,81,86,2,'2025-10-26 10:32:38'),(2119,81,89,2,'2025-10-26 10:32:38'),(2120,81,91,2,'2025-10-26 10:32:38'),(2121,81,92,2,'2025-10-26 10:32:38'),(2122,81,94,2,'2025-10-26 10:32:38'),(2123,81,96,2,'2025-10-26 10:32:38'),(2124,81,97,2,'2025-10-26 10:32:38'),(2125,82,4,2,'2025-10-26 10:32:38'),(2126,82,5,2,'2025-10-26 10:32:38'),(2127,82,6,2,'2025-10-26 10:32:38'),(2128,82,9,2,'2025-10-26 10:32:38'),(2129,82,12,2,'2025-10-26 10:32:38'),(2130,82,14,2,'2025-10-26 10:32:38'),(2131,82,16,2,'2025-10-26 10:32:38'),(2132,82,20,2,'2025-10-26 10:32:38'),(2133,82,21,2,'2025-10-26 10:32:38'),(2134,82,23,2,'2025-10-26 10:32:38'),(2135,82,24,2,'2025-10-26 10:32:38'),(2136,82,26,2,'2025-10-26 10:32:38'),(2137,82,27,2,'2025-10-26 10:32:38'),(2138,82,32,2,'2025-10-26 10:32:38'),(2139,82,35,2,'2025-10-26 10:32:38'),(2140,82,37,2,'2025-10-26 10:32:38'),(2141,82,45,2,'2025-10-26 10:32:38'),(2142,82,47,2,'2025-10-26 10:32:38'),(2143,82,53,2,'2025-10-26 10:32:38'),(2144,82,55,2,'2025-10-26 10:32:38'),(2145,82,56,2,'2025-10-26 10:32:38'),(2146,82,58,2,'2025-10-26 10:32:38'),(2147,82,60,2,'2025-10-26 10:32:38'),(2148,82,62,2,'2025-10-26 10:32:38'),(2149,82,63,2,'2025-10-26 10:32:38'),(2150,82,67,2,'2025-10-26 10:32:38'),(2151,82,72,2,'2025-10-26 10:32:38'),(2152,82,73,2,'2025-10-26 10:32:38'),(2153,82,74,2,'2025-10-26 10:32:38'),(2154,82,78,2,'2025-10-26 10:32:38'),(2155,82,79,2,'2025-10-26 10:32:38'),(2156,82,80,2,'2025-10-26 10:32:38'),(2157,82,84,2,'2025-10-26 10:32:38'),(2158,82,87,2,'2025-10-26 10:32:38'),(2159,82,88,2,'2025-10-26 10:32:38'),(2160,83,3,2,'2025-10-26 10:32:38'),(2161,83,5,2,'2025-10-26 10:32:38'),(2162,83,13,2,'2025-10-26 10:32:38'),(2163,83,17,2,'2025-10-26 10:32:38'),(2164,83,23,2,'2025-10-26 10:32:38'),(2165,83,25,2,'2025-10-26 10:32:38'),(2166,83,29,2,'2025-10-26 10:32:38'),(2167,83,30,2,'2025-10-26 10:32:38'),(2168,83,32,2,'2025-10-26 10:32:38'),(2169,83,35,2,'2025-10-26 10:32:38'),(2170,83,40,2,'2025-10-26 10:32:38'),(2171,83,44,2,'2025-10-26 10:32:38'),(2172,83,45,2,'2025-10-26 10:32:38'),(2173,83,46,2,'2025-10-26 10:32:38'),(2174,83,47,2,'2025-10-26 10:32:38'),(2175,83,48,2,'2025-10-26 10:32:38'),(2176,83,49,2,'2025-10-26 10:32:38'),(2177,83,53,2,'2025-10-26 10:32:38'),(2178,83,57,2,'2025-10-26 10:32:38'),(2179,83,58,2,'2025-10-26 10:32:38'),(2180,83,59,2,'2025-10-26 10:32:38'),(2181,83,64,2,'2025-10-26 10:32:38'),(2182,83,70,2,'2025-10-26 10:32:38'),(2183,83,71,2,'2025-10-26 10:32:38'),(2184,83,72,2,'2025-10-26 10:32:38'),(2185,83,73,2,'2025-10-26 10:32:38'),(2186,83,76,2,'2025-10-26 10:32:38'),(2187,83,80,2,'2025-10-26 10:32:38'),(2188,83,81,2,'2025-10-26 10:32:38'),(2189,83,82,2,'2025-10-26 10:32:38'),(2190,83,83,2,'2025-10-26 10:32:38'),(2191,83,91,2,'2025-10-26 10:32:38'),(2192,83,92,2,'2025-10-26 10:32:38'),(2193,83,97,2,'2025-10-26 10:32:38'),(2194,83,100,2,'2025-10-26 10:32:38'),(2195,84,1,2,'2025-10-26 10:32:38'),(2196,84,2,2,'2025-10-26 10:32:38'),(2197,84,3,2,'2025-10-26 10:32:38'),(2198,84,4,2,'2025-10-26 10:32:38'),(2199,84,5,2,'2025-10-26 10:32:38'),(2200,84,17,2,'2025-10-26 10:32:38'),(2201,84,19,2,'2025-10-26 10:32:38'),(2202,84,20,2,'2025-10-26 10:32:38'),(2203,84,29,2,'2025-10-26 10:32:38'),(2204,84,31,2,'2025-10-26 10:32:38'),(2205,84,32,2,'2025-10-26 10:32:38'),(2206,84,35,2,'2025-10-26 10:32:38'),(2207,84,37,2,'2025-10-26 10:32:38'),(2208,84,40,2,'2025-10-26 10:32:38'),(2209,84,45,2,'2025-10-26 10:32:38'),(2210,84,48,2,'2025-10-26 10:32:38'),(2211,84,51,2,'2025-10-26 10:32:38'),(2212,84,52,2,'2025-10-26 10:32:38'),(2213,84,53,2,'2025-10-26 10:32:38'),(2214,84,56,2,'2025-10-26 10:32:38'),(2215,84,59,2,'2025-10-26 10:32:38'),(2216,84,60,2,'2025-10-26 10:32:38'),(2217,84,62,2,'2025-10-26 10:32:38'),(2218,84,64,2,'2025-10-26 10:32:38'),(2219,84,65,2,'2025-10-26 10:32:38'),(2220,84,66,2,'2025-10-26 10:32:38'),(2221,84,72,2,'2025-10-26 10:32:38'),(2222,84,74,2,'2025-10-26 10:32:38'),(2223,84,80,2,'2025-10-26 10:32:38'),(2224,84,87,2,'2025-10-26 10:32:38'),(2225,84,91,2,'2025-10-26 10:32:38'),(2226,84,94,2,'2025-10-26 10:32:38'),(2227,84,99,2,'2025-10-26 10:32:38'),(2228,84,100,2,'2025-10-26 10:32:38'),(2229,85,2,2,'2025-10-26 10:32:39'),(2230,85,3,2,'2025-10-26 10:32:39'),(2231,85,4,2,'2025-10-26 10:32:39'),(2232,85,5,2,'2025-10-26 10:32:39'),(2233,85,8,2,'2025-10-26 10:32:39'),(2234,85,10,2,'2025-10-26 10:32:39'),(2235,85,12,2,'2025-10-26 10:32:39'),(2236,85,14,2,'2025-10-26 10:32:39'),(2237,85,20,2,'2025-10-26 10:32:39'),(2238,85,23,2,'2025-10-26 10:32:39'),(2239,85,34,2,'2025-10-26 10:32:39'),(2240,85,35,2,'2025-10-26 10:32:39'),(2241,85,36,2,'2025-10-26 10:32:39'),(2242,85,42,2,'2025-10-26 10:32:39'),(2243,85,45,2,'2025-10-26 10:32:39'),(2244,85,51,2,'2025-10-26 10:32:39'),(2245,85,52,2,'2025-10-26 10:32:39'),(2246,85,55,2,'2025-10-26 10:32:39'),(2247,85,59,2,'2025-10-26 10:32:39'),(2248,85,62,2,'2025-10-26 10:32:39'),(2249,85,63,2,'2025-10-26 10:32:39'),(2250,85,79,2,'2025-10-26 10:32:39'),(2251,85,80,2,'2025-10-26 10:32:39'),(2252,85,81,2,'2025-10-26 10:32:39'),(2253,85,82,2,'2025-10-26 10:32:39'),(2254,85,87,2,'2025-10-26 10:32:39'),(2255,85,90,2,'2025-10-26 10:32:39'),(2256,85,92,2,'2025-10-26 10:32:39'),(2257,85,98,2,'2025-10-26 10:32:39'),(2258,85,99,2,'2025-10-26 10:32:39'),(2259,86,2,2,'2025-10-26 10:32:39'),(2260,86,3,2,'2025-10-26 10:32:39'),(2261,86,5,2,'2025-10-26 10:32:39'),(2262,86,7,2,'2025-10-26 10:32:39'),(2263,86,10,2,'2025-10-26 10:32:39'),(2264,86,11,2,'2025-10-26 10:32:39'),(2265,86,12,2,'2025-10-26 10:32:39'),(2266,86,16,2,'2025-10-26 10:32:39'),(2267,86,18,2,'2025-10-26 10:32:39'),(2268,86,20,2,'2025-10-26 10:32:39'),(2269,86,22,2,'2025-10-26 10:32:39'),(2270,86,23,2,'2025-10-26 10:32:39'),(2271,86,24,2,'2025-10-26 10:32:39'),(2272,86,29,2,'2025-10-26 10:32:39'),(2273,86,31,2,'2025-10-26 10:32:39'),(2274,86,34,2,'2025-10-26 10:32:39'),(2275,86,37,2,'2025-10-26 10:32:39'),(2276,86,38,2,'2025-10-26 10:32:39'),(2277,86,42,2,'2025-10-26 10:32:39'),(2278,86,45,2,'2025-10-26 10:32:39'),(2279,86,49,2,'2025-10-26 10:32:39'),(2280,86,51,2,'2025-10-26 10:32:39'),(2281,86,56,2,'2025-10-26 10:32:39'),(2282,86,58,2,'2025-10-26 10:32:39'),(2283,86,59,2,'2025-10-26 10:32:39'),(2284,86,63,2,'2025-10-26 10:32:39'),(2285,86,64,2,'2025-10-26 10:32:39'),(2286,86,66,2,'2025-10-26 10:32:39'),(2287,86,67,2,'2025-10-26 10:32:39'),(2288,86,68,2,'2025-10-26 10:32:39'),(2289,86,69,2,'2025-10-26 10:32:39'),(2290,86,70,2,'2025-10-26 10:32:39'),(2291,86,71,2,'2025-10-26 10:32:39'),(2292,86,72,2,'2025-10-26 10:32:39'),(2293,86,73,2,'2025-10-26 10:32:39'),(2294,86,74,2,'2025-10-26 10:32:39'),(2295,86,75,2,'2025-10-26 10:32:39'),(2296,86,77,2,'2025-10-26 10:32:39'),(2297,86,81,2,'2025-10-26 10:32:39'),(2298,86,83,2,'2025-10-26 10:32:39'),(2299,86,86,2,'2025-10-26 10:32:39'),(2300,86,87,2,'2025-10-26 10:32:39'),(2301,86,88,2,'2025-10-26 10:32:39'),(2302,86,90,2,'2025-10-26 10:32:39'),(2303,86,91,2,'2025-10-26 10:32:39'),(2304,86,93,2,'2025-10-26 10:32:39'),(2305,86,95,2,'2025-10-26 10:32:39'),(2306,86,98,2,'2025-10-26 10:32:39'),(2307,86,99,2,'2025-10-26 10:32:39'),(2308,87,2,2,'2025-10-26 10:32:39'),(2309,87,6,2,'2025-10-26 10:32:39'),(2310,87,8,2,'2025-10-26 10:32:39'),(2311,87,10,2,'2025-10-26 10:32:39'),(2312,87,12,2,'2025-10-26 10:32:39'),(2313,87,15,2,'2025-10-26 10:32:39'),(2314,87,16,2,'2025-10-26 10:32:39'),(2315,87,18,2,'2025-10-26 10:32:39'),(2316,87,22,2,'2025-10-26 10:32:39'),(2317,87,28,2,'2025-10-26 10:32:39'),(2318,87,33,2,'2025-10-26 10:32:39'),(2319,87,34,2,'2025-10-26 10:32:39'),(2320,87,36,2,'2025-10-26 10:32:39'),(2321,87,41,2,'2025-10-26 10:32:39'),(2322,87,42,2,'2025-10-26 10:32:39'),(2323,87,49,2,'2025-10-26 10:32:39'),(2324,87,61,2,'2025-10-26 10:32:39'),(2325,87,64,2,'2025-10-26 10:32:39'),(2326,87,71,2,'2025-10-26 10:32:39'),(2327,87,74,2,'2025-10-26 10:32:39'),(2328,87,82,2,'2025-10-26 10:32:39'),(2329,87,84,2,'2025-10-26 10:32:39'),(2330,87,98,2,'2025-10-26 10:32:39'),(2331,87,99,2,'2025-10-26 10:32:39'),(2332,87,100,2,'2025-10-26 10:32:39'),(2333,88,2,2,'2025-10-26 10:32:39'),(2334,88,7,2,'2025-10-26 10:32:39'),(2335,88,9,2,'2025-10-26 10:32:39'),(2336,88,10,2,'2025-10-26 10:32:39'),(2337,88,13,2,'2025-10-26 10:32:39'),(2338,88,15,2,'2025-10-26 10:32:39'),(2339,88,17,2,'2025-10-26 10:32:39'),(2340,88,24,2,'2025-10-26 10:32:39'),(2341,88,27,2,'2025-10-26 10:32:39'),(2342,88,28,2,'2025-10-26 10:32:39'),(2343,88,29,2,'2025-10-26 10:32:39'),(2344,88,30,2,'2025-10-26 10:32:39'),(2345,88,32,2,'2025-10-26 10:32:39'),(2346,88,33,2,'2025-10-26 10:32:39'),(2347,88,39,2,'2025-10-26 10:32:39'),(2348,88,41,2,'2025-10-26 10:32:39'),(2349,88,43,2,'2025-10-26 10:32:39'),(2350,88,45,2,'2025-10-26 10:32:39'),(2351,88,46,2,'2025-10-26 10:32:39'),(2352,88,48,2,'2025-10-26 10:32:39'),(2353,88,52,2,'2025-10-26 10:32:39'),(2354,88,54,2,'2025-10-26 10:32:39'),(2355,88,62,2,'2025-10-26 10:32:39'),(2356,88,64,2,'2025-10-26 10:32:39'),(2357,88,67,2,'2025-10-26 10:32:39'),(2358,88,68,2,'2025-10-26 10:32:39'),(2359,88,69,2,'2025-10-26 10:32:39'),(2360,88,70,2,'2025-10-26 10:32:39'),(2361,88,75,2,'2025-10-26 10:32:39'),(2362,88,77,2,'2025-10-26 10:32:39'),(2363,88,78,2,'2025-10-26 10:32:39'),(2364,88,79,2,'2025-10-26 10:32:39'),(2365,88,80,2,'2025-10-26 10:32:39'),(2366,88,81,2,'2025-10-26 10:32:39'),(2367,88,83,2,'2025-10-26 10:32:39'),(2368,88,89,2,'2025-10-26 10:32:39'),(2369,88,91,2,'2025-10-26 10:32:39'),(2370,88,92,2,'2025-10-26 10:32:39'),(2371,88,93,2,'2025-10-26 10:32:39'),(2372,88,94,2,'2025-10-26 10:32:39'),(2373,88,95,2,'2025-10-26 10:32:39'),(2374,88,96,2,'2025-10-26 10:32:39'),(2375,88,97,2,'2025-10-26 10:32:39'),(2376,89,5,2,'2025-10-26 10:32:39'),(2377,89,6,2,'2025-10-26 10:32:39'),(2378,89,11,2,'2025-10-26 10:32:39'),(2379,89,13,2,'2025-10-26 10:32:39'),(2380,89,14,2,'2025-10-26 10:32:39'),(2381,89,16,2,'2025-10-26 10:32:39'),(2382,89,17,2,'2025-10-26 10:32:39'),(2383,89,19,2,'2025-10-26 10:32:39'),(2384,89,24,2,'2025-10-26 10:32:39'),(2385,89,28,2,'2025-10-26 10:32:39'),(2386,89,29,2,'2025-10-26 10:32:39'),(2387,89,31,2,'2025-10-26 10:32:39'),(2388,89,32,2,'2025-10-26 10:32:39'),(2389,89,33,2,'2025-10-26 10:32:39'),(2390,89,34,2,'2025-10-26 10:32:39'),(2391,89,35,2,'2025-10-26 10:32:39'),(2392,89,36,2,'2025-10-26 10:32:39'),(2393,89,37,2,'2025-10-26 10:32:39'),(2394,89,40,2,'2025-10-26 10:32:39'),(2395,89,41,2,'2025-10-26 10:32:39'),(2396,89,43,2,'2025-10-26 10:32:39'),(2397,89,45,2,'2025-10-26 10:32:39'),(2398,89,46,2,'2025-10-26 10:32:39'),(2399,89,47,2,'2025-10-26 10:32:39'),(2400,89,48,2,'2025-10-26 10:32:39'),(2401,89,49,2,'2025-10-26 10:32:39'),(2402,89,51,2,'2025-10-26 10:32:39'),(2403,89,54,2,'2025-10-26 10:32:39'),(2404,89,60,2,'2025-10-26 10:32:39'),(2405,89,61,2,'2025-10-26 10:32:39'),(2406,89,65,2,'2025-10-26 10:32:39'),(2407,89,68,2,'2025-10-26 10:32:39'),(2408,89,71,2,'2025-10-26 10:32:39'),(2409,89,73,2,'2025-10-26 10:32:39'),(2410,89,75,2,'2025-10-26 10:32:39'),(2411,89,76,2,'2025-10-26 10:32:39'),(2412,89,77,2,'2025-10-26 10:32:39'),(2413,89,78,2,'2025-10-26 10:32:39'),(2414,89,80,2,'2025-10-26 10:32:39'),(2415,89,81,2,'2025-10-26 10:32:39'),(2416,89,82,2,'2025-10-26 10:32:39'),(2417,89,88,2,'2025-10-26 10:32:39'),(2418,89,90,2,'2025-10-26 10:32:39'),(2419,89,91,2,'2025-10-26 10:32:39'),(2420,89,92,2,'2025-10-26 10:32:39'),(2421,89,93,2,'2025-10-26 10:32:39'),(2422,89,95,2,'2025-10-26 10:32:39'),(2423,89,97,2,'2025-10-26 10:32:39'),(2424,90,1,2,'2025-10-26 10:32:39'),(2425,90,3,2,'2025-10-26 10:32:39'),(2426,90,4,2,'2025-10-26 10:32:39'),(2427,90,5,2,'2025-10-26 10:32:39'),(2428,90,6,2,'2025-10-26 10:32:39'),(2429,90,9,2,'2025-10-26 10:32:39'),(2430,90,13,2,'2025-10-26 10:32:39'),(2431,90,14,2,'2025-10-26 10:32:39'),(2432,90,15,2,'2025-10-26 10:32:39'),(2433,90,16,2,'2025-10-26 10:32:39'),(2434,90,17,2,'2025-10-26 10:32:39'),(2435,90,18,2,'2025-10-26 10:32:39'),(2436,90,24,2,'2025-10-26 10:32:39'),(2437,90,25,2,'2025-10-26 10:32:39'),(2438,90,26,2,'2025-10-26 10:32:39'),(2439,90,27,2,'2025-10-26 10:32:39'),(2440,90,29,2,'2025-10-26 10:32:39'),(2441,90,30,2,'2025-10-26 10:32:39'),(2442,90,31,2,'2025-10-26 10:32:39'),(2443,90,32,2,'2025-10-26 10:32:39'),(2444,90,33,2,'2025-10-26 10:32:39'),(2445,90,35,2,'2025-10-26 10:32:39'),(2446,90,38,2,'2025-10-26 10:32:39'),(2447,90,43,2,'2025-10-26 10:32:39'),(2448,90,45,2,'2025-10-26 10:32:39'),(2449,90,48,2,'2025-10-26 10:32:39'),(2450,90,49,2,'2025-10-26 10:32:39'),(2451,90,51,2,'2025-10-26 10:32:39'),(2452,90,52,2,'2025-10-26 10:32:39'),(2453,90,56,2,'2025-10-26 10:32:39'),(2454,90,64,2,'2025-10-26 10:32:39'),(2455,90,66,2,'2025-10-26 10:32:39'),(2456,90,68,2,'2025-10-26 10:32:39'),(2457,90,69,2,'2025-10-26 10:32:39'),(2458,90,72,2,'2025-10-26 10:32:39'),(2459,90,74,2,'2025-10-26 10:32:39'),(2460,90,75,2,'2025-10-26 10:32:39'),(2461,90,77,2,'2025-10-26 10:32:39'),(2462,90,78,2,'2025-10-26 10:32:39'),(2463,90,80,2,'2025-10-26 10:32:39'),(2464,90,82,2,'2025-10-26 10:32:39'),(2465,90,84,2,'2025-10-26 10:32:39'),(2466,90,85,2,'2025-10-26 10:32:39'),(2467,90,86,2,'2025-10-26 10:32:39'),(2468,90,88,2,'2025-10-26 10:32:39'),(2469,90,89,2,'2025-10-26 10:32:39'),(2470,90,92,2,'2025-10-26 10:32:39'),(2471,90,96,2,'2025-10-26 10:32:39'),(2472,90,97,2,'2025-10-26 10:32:39'),(2473,90,100,2,'2025-10-26 10:32:39'),(2474,91,2,2,'2025-10-26 10:32:39'),(2475,91,3,2,'2025-10-26 10:32:39'),(2476,91,13,2,'2025-10-26 10:32:39'),(2477,91,17,2,'2025-10-26 10:32:39'),(2478,91,19,2,'2025-10-26 10:32:39'),(2479,91,21,2,'2025-10-26 10:32:39'),(2480,91,25,2,'2025-10-26 10:32:39'),(2481,91,40,2,'2025-10-26 10:32:39'),(2482,91,42,2,'2025-10-26 10:32:39'),(2483,91,43,2,'2025-10-26 10:32:39'),(2484,91,45,2,'2025-10-26 10:32:39'),(2485,91,46,2,'2025-10-26 10:32:39'),(2486,91,50,2,'2025-10-26 10:32:39'),(2487,91,51,2,'2025-10-26 10:32:39'),(2488,91,52,2,'2025-10-26 10:32:39'),(2489,91,54,2,'2025-10-26 10:32:39'),(2490,91,56,2,'2025-10-26 10:32:39'),(2491,91,63,2,'2025-10-26 10:32:39'),(2492,91,68,2,'2025-10-26 10:32:39'),(2493,91,74,2,'2025-10-26 10:32:39'),(2494,91,75,2,'2025-10-26 10:32:39'),(2495,91,81,2,'2025-10-26 10:32:39'),(2496,91,82,2,'2025-10-26 10:32:39'),(2497,91,85,2,'2025-10-26 10:32:39'),(2498,91,86,2,'2025-10-26 10:32:39'),(2499,91,87,2,'2025-10-26 10:32:39'),(2500,91,97,2,'2025-10-26 10:32:39'),(2501,92,1,2,'2025-10-26 10:32:39'),(2502,92,2,2,'2025-10-26 10:32:39'),(2503,92,5,2,'2025-10-26 10:32:39'),(2504,92,7,2,'2025-10-26 10:32:39'),(2505,92,11,2,'2025-10-26 10:32:39'),(2506,92,12,2,'2025-10-26 10:32:39'),(2507,92,13,2,'2025-10-26 10:32:39'),(2508,92,16,2,'2025-10-26 10:32:39'),(2509,92,17,2,'2025-10-26 10:32:39'),(2510,92,19,2,'2025-10-26 10:32:39'),(2511,92,21,2,'2025-10-26 10:32:39'),(2512,92,24,2,'2025-10-26 10:32:39'),(2513,92,25,2,'2025-10-26 10:32:39'),(2514,92,30,2,'2025-10-26 10:32:39'),(2515,92,31,2,'2025-10-26 10:32:39'),(2516,92,32,2,'2025-10-26 10:32:39'),(2517,92,37,2,'2025-10-26 10:32:39'),(2518,92,39,2,'2025-10-26 10:32:39'),(2519,92,41,2,'2025-10-26 10:32:39'),(2520,92,43,2,'2025-10-26 10:32:39'),(2521,92,49,2,'2025-10-26 10:32:39'),(2522,92,51,2,'2025-10-26 10:32:39'),(2523,92,54,2,'2025-10-26 10:32:39'),(2524,92,56,2,'2025-10-26 10:32:39'),(2525,92,58,2,'2025-10-26 10:32:39'),(2526,92,59,2,'2025-10-26 10:32:39'),(2527,92,60,2,'2025-10-26 10:32:39'),(2528,92,64,2,'2025-10-26 10:32:39'),(2529,92,66,2,'2025-10-26 10:32:39'),(2530,92,68,2,'2025-10-26 10:32:39'),(2531,92,73,2,'2025-10-26 10:32:39'),(2532,92,75,2,'2025-10-26 10:32:39'),(2533,92,76,2,'2025-10-26 10:32:39'),(2534,92,79,2,'2025-10-26 10:32:39'),(2535,92,82,2,'2025-10-26 10:32:39'),(2536,92,83,2,'2025-10-26 10:32:39'),(2537,92,84,2,'2025-10-26 10:32:39'),(2538,92,87,2,'2025-10-26 10:32:39'),(2539,92,88,2,'2025-10-26 10:32:39'),(2540,92,90,2,'2025-10-26 10:32:39'),(2541,92,92,2,'2025-10-26 10:32:39'),(2542,92,93,2,'2025-10-26 10:32:39'),(2543,92,95,2,'2025-10-26 10:32:39'),(2544,92,97,2,'2025-10-26 10:32:39'),(2545,92,98,2,'2025-10-26 10:32:39'),(2546,92,99,2,'2025-10-26 10:32:39'),(2547,92,100,2,'2025-10-26 10:32:39'),(2548,93,1,2,'2025-10-26 10:32:39'),(2549,93,4,2,'2025-10-26 10:32:39'),(2550,93,5,2,'2025-10-26 10:32:39'),(2551,93,10,2,'2025-10-26 10:32:39'),(2552,93,14,2,'2025-10-26 10:32:39'),(2553,93,15,2,'2025-10-26 10:32:39'),(2554,93,20,2,'2025-10-26 10:32:39'),(2555,93,25,2,'2025-10-26 10:32:39'),(2556,93,28,2,'2025-10-26 10:32:39'),(2557,93,29,2,'2025-10-26 10:32:39'),(2558,93,33,2,'2025-10-26 10:32:39'),(2559,93,35,2,'2025-10-26 10:32:39'),(2560,93,36,2,'2025-10-26 10:32:39'),(2561,93,37,2,'2025-10-26 10:32:39'),(2562,93,39,2,'2025-10-26 10:32:39'),(2563,93,46,2,'2025-10-26 10:32:39'),(2564,93,52,2,'2025-10-26 10:32:39'),(2565,93,55,2,'2025-10-26 10:32:39'),(2566,93,58,2,'2025-10-26 10:32:39'),(2567,93,72,2,'2025-10-26 10:32:39'),(2568,93,76,2,'2025-10-26 10:32:39'),(2569,93,79,2,'2025-10-26 10:32:39'),(2570,93,84,2,'2025-10-26 10:32:39'),(2571,93,89,2,'2025-10-26 10:32:39'),(2572,93,92,2,'2025-10-26 10:32:39'),(2573,94,1,2,'2025-10-26 10:32:39'),(2574,94,2,2,'2025-10-26 10:32:39'),(2575,94,7,2,'2025-10-26 10:32:39'),(2576,94,11,2,'2025-10-26 10:32:39'),(2577,94,13,2,'2025-10-26 10:32:39'),(2578,94,15,2,'2025-10-26 10:32:39'),(2579,94,16,2,'2025-10-26 10:32:39'),(2580,94,17,2,'2025-10-26 10:32:39'),(2581,94,19,2,'2025-10-26 10:32:39'),(2582,94,20,2,'2025-10-26 10:32:39'),(2583,94,23,2,'2025-10-26 10:32:39'),(2584,94,26,2,'2025-10-26 10:32:39'),(2585,94,27,2,'2025-10-26 10:32:39'),(2586,94,28,2,'2025-10-26 10:32:39'),(2587,94,29,2,'2025-10-26 10:32:39'),(2588,94,31,2,'2025-10-26 10:32:39'),(2589,94,35,2,'2025-10-26 10:32:39'),(2590,94,37,2,'2025-10-26 10:32:39'),(2591,94,38,2,'2025-10-26 10:32:39'),(2592,94,39,2,'2025-10-26 10:32:39'),(2593,94,41,2,'2025-10-26 10:32:39'),(2594,94,44,2,'2025-10-26 10:32:39'),(2595,94,45,2,'2025-10-26 10:32:39'),(2596,94,49,2,'2025-10-26 10:32:39'),(2597,94,50,2,'2025-10-26 10:32:39'),(2598,94,51,2,'2025-10-26 10:32:39'),(2599,94,55,2,'2025-10-26 10:32:39'),(2600,94,56,2,'2025-10-26 10:32:39'),(2601,94,57,2,'2025-10-26 10:32:39'),(2602,94,62,2,'2025-10-26 10:32:39'),(2603,94,63,2,'2025-10-26 10:32:39'),(2604,94,66,2,'2025-10-26 10:32:39'),(2605,94,71,2,'2025-10-26 10:32:39'),(2606,94,75,2,'2025-10-26 10:32:39'),(2607,94,76,2,'2025-10-26 10:32:39'),(2608,94,78,2,'2025-10-26 10:32:39'),(2609,94,81,2,'2025-10-26 10:32:39'),(2610,94,86,2,'2025-10-26 10:32:39'),(2611,94,87,2,'2025-10-26 10:32:39'),(2612,94,88,2,'2025-10-26 10:32:39'),(2613,94,90,2,'2025-10-26 10:32:39'),(2614,94,93,2,'2025-10-26 10:32:39'),(2615,94,95,2,'2025-10-26 10:32:39'),(2616,94,96,2,'2025-10-26 10:32:39'),(2617,94,100,2,'2025-10-26 10:32:39'),(2618,95,1,2,'2025-10-26 10:32:40'),(2619,95,4,2,'2025-10-26 10:32:40'),(2620,95,5,2,'2025-10-26 10:32:40'),(2621,95,6,2,'2025-10-26 10:32:40'),(2622,95,9,2,'2025-10-26 10:32:40'),(2623,95,10,2,'2025-10-26 10:32:40'),(2624,95,14,2,'2025-10-26 10:32:40'),(2625,95,16,2,'2025-10-26 10:32:40'),(2626,95,20,2,'2025-10-26 10:32:40'),(2627,95,22,2,'2025-10-26 10:32:40'),(2628,95,33,2,'2025-10-26 10:32:40'),(2629,95,34,2,'2025-10-26 10:32:40'),(2630,95,35,2,'2025-10-26 10:32:40'),(2631,95,41,2,'2025-10-26 10:32:40'),(2632,95,43,2,'2025-10-26 10:32:40'),(2633,95,45,2,'2025-10-26 10:32:40'),(2634,95,46,2,'2025-10-26 10:32:40'),(2635,95,48,2,'2025-10-26 10:32:40'),(2636,95,49,2,'2025-10-26 10:32:40'),(2637,95,51,2,'2025-10-26 10:32:40'),(2638,95,52,2,'2025-10-26 10:32:40'),(2639,95,55,2,'2025-10-26 10:32:40'),(2640,95,56,2,'2025-10-26 10:32:40'),(2641,95,59,2,'2025-10-26 10:32:40'),(2642,95,60,2,'2025-10-26 10:32:40'),(2643,95,63,2,'2025-10-26 10:32:40'),(2644,95,64,2,'2025-10-26 10:32:40'),(2645,95,66,2,'2025-10-26 10:32:40'),(2646,95,68,2,'2025-10-26 10:32:40'),(2647,95,70,2,'2025-10-26 10:32:40'),(2648,95,73,2,'2025-10-26 10:32:40'),(2649,95,74,2,'2025-10-26 10:32:40'),(2650,95,77,2,'2025-10-26 10:32:40'),(2651,95,78,2,'2025-10-26 10:32:40'),(2652,95,79,2,'2025-10-26 10:32:40'),(2653,95,80,2,'2025-10-26 10:32:40'),(2654,95,83,2,'2025-10-26 10:32:40'),(2655,95,86,2,'2025-10-26 10:32:40'),(2656,95,88,2,'2025-10-26 10:32:40'),(2657,95,89,2,'2025-10-26 10:32:40'),(2658,95,90,2,'2025-10-26 10:32:40'),(2659,95,91,2,'2025-10-26 10:32:40'),(2660,95,93,2,'2025-10-26 10:32:40'),(2661,95,96,2,'2025-10-26 10:32:40'),(2662,95,97,2,'2025-10-26 10:32:40'),(2663,95,98,2,'2025-10-26 10:32:40'),(2664,95,100,2,'2025-10-26 10:32:40'),(2665,96,1,2,'2025-10-26 10:32:40'),(2666,96,2,2,'2025-10-26 10:32:40'),(2667,96,3,2,'2025-10-26 10:32:40'),(2668,96,5,2,'2025-10-26 10:32:40'),(2669,96,6,2,'2025-10-26 10:32:40'),(2670,96,8,2,'2025-10-26 10:32:40'),(2671,96,10,2,'2025-10-26 10:32:40'),(2672,96,11,2,'2025-10-26 10:32:40'),(2673,96,14,2,'2025-10-26 10:32:40'),(2674,96,16,2,'2025-10-26 10:32:40'),(2675,96,22,2,'2025-10-26 10:32:40'),(2676,96,28,2,'2025-10-26 10:32:40'),(2677,96,32,2,'2025-10-26 10:32:40'),(2678,96,33,2,'2025-10-26 10:32:40'),(2679,96,35,2,'2025-10-26 10:32:40'),(2680,96,42,2,'2025-10-26 10:32:40'),(2681,96,44,2,'2025-10-26 10:32:40'),(2682,96,48,2,'2025-10-26 10:32:40'),(2683,96,53,2,'2025-10-26 10:32:40'),(2684,96,54,2,'2025-10-26 10:32:40'),(2685,96,56,2,'2025-10-26 10:32:40'),(2686,96,57,2,'2025-10-26 10:32:40'),(2687,96,58,2,'2025-10-26 10:32:40'),(2688,96,66,2,'2025-10-26 10:32:40'),(2689,96,68,2,'2025-10-26 10:32:40'),(2690,96,78,2,'2025-10-26 10:32:40'),(2691,96,84,2,'2025-10-26 10:32:40'),(2692,96,85,2,'2025-10-26 10:32:40'),(2693,96,86,2,'2025-10-26 10:32:40'),(2694,96,89,2,'2025-10-26 10:32:40'),(2695,96,90,2,'2025-10-26 10:32:40'),(2696,96,93,2,'2025-10-26 10:32:40'),(2697,96,94,2,'2025-10-26 10:32:40'),(2698,96,95,2,'2025-10-26 10:32:40'),(2699,96,97,2,'2025-10-26 10:32:40'),(2700,96,98,2,'2025-10-26 10:32:40'),(2701,97,2,2,'2025-10-26 10:32:40'),(2702,97,6,2,'2025-10-26 10:32:40'),(2703,97,8,2,'2025-10-26 10:32:40'),(2704,97,9,2,'2025-10-26 10:32:40'),(2705,97,11,2,'2025-10-26 10:32:40'),(2706,97,15,2,'2025-10-26 10:32:40'),(2707,97,18,2,'2025-10-26 10:32:40'),(2708,97,21,2,'2025-10-26 10:32:40'),(2709,97,24,2,'2025-10-26 10:32:40'),(2710,97,28,2,'2025-10-26 10:32:40'),(2711,97,40,2,'2025-10-26 10:32:40'),(2712,97,52,2,'2025-10-26 10:32:40'),(2713,97,55,2,'2025-10-26 10:32:40'),(2714,97,56,2,'2025-10-26 10:32:40'),(2715,97,65,2,'2025-10-26 10:32:40'),(2716,97,69,2,'2025-10-26 10:32:40'),(2717,97,72,2,'2025-10-26 10:32:40'),(2718,97,76,2,'2025-10-26 10:32:40'),(2719,97,90,2,'2025-10-26 10:32:40'),(2720,97,94,2,'2025-10-26 10:32:40'),(2721,97,97,2,'2025-10-26 10:32:40'),(2722,98,1,2,'2025-10-26 10:32:40'),(2723,98,7,2,'2025-10-26 10:32:40'),(2724,98,19,2,'2025-10-26 10:32:40'),(2725,98,21,2,'2025-10-26 10:32:40'),(2726,98,22,2,'2025-10-26 10:32:40'),(2727,98,23,2,'2025-10-26 10:32:40'),(2728,98,24,2,'2025-10-26 10:32:40'),(2729,98,25,2,'2025-10-26 10:32:40'),(2730,98,26,2,'2025-10-26 10:32:40'),(2731,98,30,2,'2025-10-26 10:32:40'),(2732,98,31,2,'2025-10-26 10:32:40'),(2733,98,34,2,'2025-10-26 10:32:40'),(2734,98,37,2,'2025-10-26 10:32:40'),(2735,98,38,2,'2025-10-26 10:32:40'),(2736,98,41,2,'2025-10-26 10:32:40'),(2737,98,42,2,'2025-10-26 10:32:40'),(2738,98,44,2,'2025-10-26 10:32:40'),(2739,98,45,2,'2025-10-26 10:32:40'),(2740,98,47,2,'2025-10-26 10:32:40'),(2741,98,51,2,'2025-10-26 10:32:40'),(2742,98,55,2,'2025-10-26 10:32:40'),(2743,98,59,2,'2025-10-26 10:32:40'),(2744,98,61,2,'2025-10-26 10:32:40'),(2745,98,65,2,'2025-10-26 10:32:40'),(2746,98,68,2,'2025-10-26 10:32:40'),(2747,98,74,2,'2025-10-26 10:32:40'),(2748,98,82,2,'2025-10-26 10:32:40'),(2749,98,86,2,'2025-10-26 10:32:40'),(2750,98,93,2,'2025-10-26 10:32:40'),(2751,98,96,2,'2025-10-26 10:32:40'),(2752,98,99,2,'2025-10-26 10:32:40'),(2753,99,5,2,'2025-10-26 10:32:40'),(2754,99,6,2,'2025-10-26 10:32:40'),(2755,99,7,2,'2025-10-26 10:32:40'),(2756,99,15,2,'2025-10-26 10:32:40'),(2757,99,19,2,'2025-10-26 10:32:40'),(2758,99,20,2,'2025-10-26 10:32:40'),(2759,99,21,2,'2025-10-26 10:32:40'),(2760,99,23,2,'2025-10-26 10:32:40'),(2761,99,24,2,'2025-10-26 10:32:40'),(2762,99,33,2,'2025-10-26 10:32:40'),(2763,99,34,2,'2025-10-26 10:32:40'),(2764,99,37,2,'2025-10-26 10:32:40'),(2765,99,41,2,'2025-10-26 10:32:40'),(2766,99,42,2,'2025-10-26 10:32:40'),(2767,99,43,2,'2025-10-26 10:32:40'),(2768,99,44,2,'2025-10-26 10:32:40'),(2769,99,45,2,'2025-10-26 10:32:40'),(2770,99,46,2,'2025-10-26 10:32:40'),(2771,99,48,2,'2025-10-26 10:32:40'),(2772,99,49,2,'2025-10-26 10:32:40'),(2773,99,50,2,'2025-10-26 10:32:40'),(2774,99,51,2,'2025-10-26 10:32:40'),(2775,99,52,2,'2025-10-26 10:32:40'),(2776,99,57,2,'2025-10-26 10:32:40'),(2777,99,58,2,'2025-10-26 10:32:40'),(2778,99,59,2,'2025-10-26 10:32:40'),(2779,99,60,2,'2025-10-26 10:32:40'),(2780,99,61,2,'2025-10-26 10:32:40'),(2781,99,62,2,'2025-10-26 10:32:40'),(2782,99,63,2,'2025-10-26 10:32:40'),(2783,99,68,2,'2025-10-26 10:32:40'),(2784,99,69,2,'2025-10-26 10:32:40'),(2785,99,70,2,'2025-10-26 10:32:40'),(2786,99,71,2,'2025-10-26 10:32:40'),(2787,99,77,2,'2025-10-26 10:32:40'),(2788,99,78,2,'2025-10-26 10:32:40'),(2789,99,80,2,'2025-10-26 10:32:40'),(2790,99,86,2,'2025-10-26 10:32:40'),(2791,99,89,2,'2025-10-26 10:32:40'),(2792,99,90,2,'2025-10-26 10:32:40'),(2793,99,91,2,'2025-10-26 10:32:40'),(2794,99,93,2,'2025-10-26 10:32:40'),(2795,99,94,2,'2025-10-26 10:32:40'),(2796,99,98,2,'2025-10-26 10:32:40'),(2797,99,100,2,'2025-10-26 10:32:40'),(2798,100,4,2,'2025-10-26 10:32:40'),(2799,100,8,2,'2025-10-26 10:32:40'),(2800,100,10,2,'2025-10-26 10:32:40'),(2801,100,12,2,'2025-10-26 10:32:40'),(2802,100,16,2,'2025-10-26 10:32:40'),(2803,100,18,2,'2025-10-26 10:32:40'),(2804,100,20,2,'2025-10-26 10:32:40'),(2805,100,21,2,'2025-10-26 10:32:40'),(2806,100,23,2,'2025-10-26 10:32:40'),(2807,100,26,2,'2025-10-26 10:32:40'),(2808,100,28,2,'2025-10-26 10:32:40'),(2809,100,29,2,'2025-10-26 10:32:40'),(2810,100,30,2,'2025-10-26 10:32:40'),(2811,100,33,2,'2025-10-26 10:32:40'),(2812,100,36,2,'2025-10-26 10:32:40'),(2813,100,37,2,'2025-10-26 10:32:40'),(2814,100,38,2,'2025-10-26 10:32:40'),(2815,100,44,2,'2025-10-26 10:32:40'),(2816,100,46,2,'2025-10-26 10:32:40'),(2817,100,50,2,'2025-10-26 10:32:40'),(2818,100,51,2,'2025-10-26 10:32:40'),(2819,100,53,2,'2025-10-26 10:32:40'),(2820,100,57,2,'2025-10-26 10:32:40'),(2821,100,59,2,'2025-10-26 10:32:40'),(2822,100,62,2,'2025-10-26 10:32:40'),(2823,100,65,2,'2025-10-26 10:32:40'),(2824,100,67,2,'2025-10-26 10:32:40'),(2825,100,71,2,'2025-10-26 10:32:40'),(2826,100,72,2,'2025-10-26 10:32:40'),(2827,100,76,2,'2025-10-26 10:32:40'),(2828,100,77,2,'2025-10-26 10:32:40'),(2829,100,79,2,'2025-10-26 10:32:40'),(2830,100,82,2,'2025-10-26 10:32:40'),(2831,100,83,2,'2025-10-26 10:32:40'),(2832,100,85,2,'2025-10-26 10:32:40'),(2833,100,86,2,'2025-10-26 10:32:40'),(2834,100,87,2,'2025-10-26 10:32:40'),(2835,100,88,2,'2025-10-26 10:32:40'),(2836,100,89,2,'2025-10-26 10:32:40'),(2837,100,92,2,'2025-10-26 10:32:40'),(2838,100,95,2,'2025-10-26 10:32:40'),(2839,100,96,2,'2025-10-26 10:32:40'),(2840,100,100,2,'2025-10-26 10:32:40'),(2841,101,3,2,'2025-10-26 10:32:40'),(2842,101,15,2,'2025-10-26 10:32:40'),(2843,101,19,2,'2025-10-26 10:32:40'),(2844,101,20,2,'2025-10-26 10:32:40'),(2845,101,22,2,'2025-10-26 10:32:40'),(2846,101,23,2,'2025-10-26 10:32:40'),(2847,101,24,2,'2025-10-26 10:32:40'),(2848,101,25,2,'2025-10-26 10:32:40'),(2849,101,28,2,'2025-10-26 10:32:40'),(2850,101,31,2,'2025-10-26 10:32:40'),(2851,101,33,2,'2025-10-26 10:32:40'),(2852,101,43,2,'2025-10-26 10:32:40'),(2853,101,51,2,'2025-10-26 10:32:40'),(2854,101,53,2,'2025-10-26 10:32:40'),(2855,101,54,2,'2025-10-26 10:32:40'),(2856,101,55,2,'2025-10-26 10:32:40'),(2857,101,60,2,'2025-10-26 10:32:40'),(2858,101,69,2,'2025-10-26 10:32:40'),(2859,101,70,2,'2025-10-26 10:32:40'),(2860,101,74,2,'2025-10-26 10:32:40'),(2861,101,75,2,'2025-10-26 10:32:40'),(2862,101,78,2,'2025-10-26 10:32:40'),(2863,101,80,2,'2025-10-26 10:32:40'),(2864,101,82,2,'2025-10-26 10:32:40'),(2865,101,83,2,'2025-10-26 10:32:40'),(2866,101,85,2,'2025-10-26 10:32:40'),(2867,101,87,2,'2025-10-26 10:32:40'),(2868,101,88,2,'2025-10-26 10:32:40'),(2869,101,91,2,'2025-10-26 10:32:40'),(2870,101,92,2,'2025-10-26 10:32:40'),(2871,102,7,2,'2025-10-26 10:32:40'),(2872,102,9,2,'2025-10-26 10:32:40'),(2873,102,13,2,'2025-10-26 10:32:40'),(2874,102,14,2,'2025-10-26 10:32:40'),(2875,102,16,2,'2025-10-26 10:32:40'),(2876,102,20,2,'2025-10-26 10:32:40'),(2877,102,24,2,'2025-10-26 10:32:40'),(2878,102,30,2,'2025-10-26 10:32:40'),(2879,102,32,2,'2025-10-26 10:32:40'),(2880,102,37,2,'2025-10-26 10:32:40'),(2881,102,43,2,'2025-10-26 10:32:40'),(2882,102,46,2,'2025-10-26 10:32:40'),(2883,102,53,2,'2025-10-26 10:32:40'),(2884,102,54,2,'2025-10-26 10:32:40'),(2885,102,60,2,'2025-10-26 10:32:40'),(2886,102,71,2,'2025-10-26 10:32:40'),(2887,102,73,2,'2025-10-26 10:32:40'),(2888,102,74,2,'2025-10-26 10:32:40'),(2889,102,75,2,'2025-10-26 10:32:40'),(2890,102,76,2,'2025-10-26 10:32:40'),(2891,102,82,2,'2025-10-26 10:32:40'),(2892,102,83,2,'2025-10-26 10:32:40'),(2893,102,87,2,'2025-10-26 10:32:40'),(2894,102,95,2,'2025-10-26 10:32:40'),(2895,102,96,2,'2025-10-26 10:32:40'),(2896,102,99,2,'2025-10-26 10:32:40'),(2897,103,4,2,'2025-10-26 10:32:40'),(2898,103,5,2,'2025-10-26 10:32:40'),(2899,103,13,2,'2025-10-26 10:32:40'),(2900,103,14,2,'2025-10-26 10:32:40'),(2901,103,16,2,'2025-10-26 10:32:40'),(2902,103,20,2,'2025-10-26 10:32:40'),(2903,103,21,2,'2025-10-26 10:32:40'),(2904,103,23,2,'2025-10-26 10:32:40'),(2905,103,28,2,'2025-10-26 10:32:40'),(2906,103,36,2,'2025-10-26 10:32:40'),(2907,103,37,2,'2025-10-26 10:32:40'),(2908,103,40,2,'2025-10-26 10:32:40'),(2909,103,50,2,'2025-10-26 10:32:40'),(2910,103,53,2,'2025-10-26 10:32:40'),(2911,103,59,2,'2025-10-26 10:32:40'),(2912,103,61,2,'2025-10-26 10:32:40'),(2913,103,66,2,'2025-10-26 10:32:40'),(2914,103,68,2,'2025-10-26 10:32:40'),(2915,103,71,2,'2025-10-26 10:32:40'),(2916,103,75,2,'2025-10-26 10:32:40'),(2917,103,78,2,'2025-10-26 10:32:40'),(2918,103,81,2,'2025-10-26 10:32:40'),(2919,103,82,2,'2025-10-26 10:32:40'),(2920,103,93,2,'2025-10-26 10:32:40'),(2921,103,95,2,'2025-10-26 10:32:40'),(2922,103,96,2,'2025-10-26 10:32:40'),(2923,103,99,2,'2025-10-26 10:32:40'),(2924,104,3,2,'2025-10-26 10:32:40'),(2925,104,5,2,'2025-10-26 10:32:40'),(2926,104,8,2,'2025-10-26 10:32:40'),(2927,104,11,2,'2025-10-26 10:32:40'),(2928,104,12,2,'2025-10-26 10:32:40'),(2929,104,13,2,'2025-10-26 10:32:40'),(2930,104,14,2,'2025-10-26 10:32:40'),(2931,104,15,2,'2025-10-26 10:32:40'),(2932,104,16,2,'2025-10-26 10:32:40'),(2933,104,17,2,'2025-10-26 10:32:40'),(2934,104,19,2,'2025-10-26 10:32:40'),(2935,104,23,2,'2025-10-26 10:32:40'),(2936,104,25,2,'2025-10-26 10:32:40'),(2937,104,31,2,'2025-10-26 10:32:40'),(2938,104,33,2,'2025-10-26 10:32:40'),(2939,104,34,2,'2025-10-26 10:32:40'),(2940,104,37,2,'2025-10-26 10:32:40'),(2941,104,38,2,'2025-10-26 10:32:40'),(2942,104,39,2,'2025-10-26 10:32:40'),(2943,104,42,2,'2025-10-26 10:32:40'),(2944,104,44,2,'2025-10-26 10:32:40'),(2945,104,47,2,'2025-10-26 10:32:40'),(2946,104,50,2,'2025-10-26 10:32:40'),(2947,104,51,2,'2025-10-26 10:32:40'),(2948,104,55,2,'2025-10-26 10:32:40'),(2949,104,66,2,'2025-10-26 10:32:40'),(2950,104,67,2,'2025-10-26 10:32:40'),(2951,104,70,2,'2025-10-26 10:32:40'),(2952,104,74,2,'2025-10-26 10:32:40'),(2953,104,76,2,'2025-10-26 10:32:40'),(2954,104,77,2,'2025-10-26 10:32:40'),(2955,104,78,2,'2025-10-26 10:32:40'),(2956,104,80,2,'2025-10-26 10:32:40'),(2957,104,81,2,'2025-10-26 10:32:40'),(2958,104,87,2,'2025-10-26 10:32:40'),(2959,104,89,2,'2025-10-26 10:32:40'),(2960,104,92,2,'2025-10-26 10:32:40'),(2961,104,93,2,'2025-10-26 10:32:40'),(2962,104,95,2,'2025-10-26 10:32:40'),(2963,104,99,2,'2025-10-26 10:32:40'),(2964,105,5,2,'2025-10-26 10:32:40'),(2965,105,8,2,'2025-10-26 10:32:40'),(2966,105,10,2,'2025-10-26 10:32:40'),(2967,105,15,2,'2025-10-26 10:32:40'),(2968,105,16,2,'2025-10-26 10:32:40'),(2969,105,18,2,'2025-10-26 10:32:40'),(2970,105,23,2,'2025-10-26 10:32:40'),(2971,105,25,2,'2025-10-26 10:32:40'),(2972,105,27,2,'2025-10-26 10:32:40'),(2973,105,29,2,'2025-10-26 10:32:40'),(2974,105,30,2,'2025-10-26 10:32:40'),(2975,105,32,2,'2025-10-26 10:32:40'),(2976,105,40,2,'2025-10-26 10:32:40'),(2977,105,41,2,'2025-10-26 10:32:40'),(2978,105,43,2,'2025-10-26 10:32:40'),(2979,105,49,2,'2025-10-26 10:32:40'),(2980,105,59,2,'2025-10-26 10:32:40'),(2981,105,61,2,'2025-10-26 10:32:40'),(2982,105,65,2,'2025-10-26 10:32:40'),(2983,105,66,2,'2025-10-26 10:32:40'),(2984,105,71,2,'2025-10-26 10:32:40'),(2985,105,73,2,'2025-10-26 10:32:40'),(2986,105,75,2,'2025-10-26 10:32:40'),(2987,105,77,2,'2025-10-26 10:32:40'),(2988,105,80,2,'2025-10-26 10:32:40'),(2989,105,85,2,'2025-10-26 10:32:40'),(2990,105,89,2,'2025-10-26 10:32:40'),(2991,105,93,2,'2025-10-26 10:32:40'),(2992,105,98,2,'2025-10-26 10:32:40'),(2993,105,99,2,'2025-10-26 10:32:40'),(2994,106,1,2,'2025-10-26 10:32:41'),(2995,106,2,2,'2025-10-26 10:32:41'),(2996,106,4,2,'2025-10-26 10:32:41'),(2997,106,5,2,'2025-10-26 10:32:41'),(2998,106,10,2,'2025-10-26 10:32:41'),(2999,106,11,2,'2025-10-26 10:32:41'),(3000,106,12,2,'2025-10-26 10:32:41'),(3001,106,13,2,'2025-10-26 10:32:41'),(3002,106,15,2,'2025-10-26 10:32:41'),(3003,106,16,2,'2025-10-26 10:32:41'),(3004,106,20,2,'2025-10-26 10:32:41'),(3005,106,21,2,'2025-10-26 10:32:41'),(3006,106,23,2,'2025-10-26 10:32:41'),(3007,106,24,2,'2025-10-26 10:32:41'),(3008,106,26,2,'2025-10-26 10:32:41'),(3009,106,29,2,'2025-10-26 10:32:41'),(3010,106,33,2,'2025-10-26 10:32:41'),(3011,106,34,2,'2025-10-26 10:32:41'),(3012,106,36,2,'2025-10-26 10:32:41'),(3013,106,37,2,'2025-10-26 10:32:41'),(3014,106,39,2,'2025-10-26 10:32:41'),(3015,106,42,2,'2025-10-26 10:32:41'),(3016,106,44,2,'2025-10-26 10:32:41'),(3017,106,47,2,'2025-10-26 10:32:41'),(3018,106,50,2,'2025-10-26 10:32:41'),(3019,106,53,2,'2025-10-26 10:32:41'),(3020,106,54,2,'2025-10-26 10:32:41'),(3021,106,56,2,'2025-10-26 10:32:41'),(3022,106,65,2,'2025-10-26 10:32:41'),(3023,106,76,2,'2025-10-26 10:32:41'),(3024,106,79,2,'2025-10-26 10:32:41'),(3025,106,82,2,'2025-10-26 10:32:41'),(3026,106,88,2,'2025-10-26 10:32:41'),(3027,106,91,2,'2025-10-26 10:32:41'),(3028,106,94,2,'2025-10-26 10:32:41'),(3029,106,95,2,'2025-10-26 10:32:41'),(3030,106,97,2,'2025-10-26 10:32:41'),(3031,107,1,2,'2025-10-26 10:32:41'),(3032,107,2,2,'2025-10-26 10:32:41'),(3033,107,3,2,'2025-10-26 10:32:41'),(3034,107,4,2,'2025-10-26 10:32:41'),(3035,107,5,2,'2025-10-26 10:32:41'),(3036,107,6,2,'2025-10-26 10:32:41'),(3037,107,7,2,'2025-10-26 10:32:41'),(3038,107,11,2,'2025-10-26 10:32:41'),(3039,107,15,2,'2025-10-26 10:32:41'),(3040,107,18,2,'2025-10-26 10:32:41'),(3041,107,23,2,'2025-10-26 10:32:41'),(3042,107,26,2,'2025-10-26 10:32:41'),(3043,107,27,2,'2025-10-26 10:32:41'),(3044,107,32,2,'2025-10-26 10:32:41'),(3045,107,33,2,'2025-10-26 10:32:41'),(3046,107,36,2,'2025-10-26 10:32:41'),(3047,107,38,2,'2025-10-26 10:32:41'),(3048,107,40,2,'2025-10-26 10:32:41'),(3049,107,42,2,'2025-10-26 10:32:41'),(3050,107,45,2,'2025-10-26 10:32:41'),(3051,107,50,2,'2025-10-26 10:32:41'),(3052,107,51,2,'2025-10-26 10:32:41'),(3053,107,59,2,'2025-10-26 10:32:41'),(3054,107,66,2,'2025-10-26 10:32:41'),(3055,107,67,2,'2025-10-26 10:32:41'),(3056,107,69,2,'2025-10-26 10:32:41'),(3057,107,70,2,'2025-10-26 10:32:41'),(3058,107,76,2,'2025-10-26 10:32:41'),(3059,107,80,2,'2025-10-26 10:32:41'),(3060,107,88,2,'2025-10-26 10:32:41'),(3061,107,93,2,'2025-10-26 10:32:41'),(3062,107,95,2,'2025-10-26 10:32:41'),(3063,107,96,2,'2025-10-26 10:32:41'),(3064,107,98,2,'2025-10-26 10:32:41'),(3065,107,99,2,'2025-10-26 10:32:41'),(3066,107,100,2,'2025-10-26 10:32:41'),(3067,108,2,2,'2025-10-26 10:32:41'),(3068,108,5,2,'2025-10-26 10:32:41'),(3069,108,6,2,'2025-10-26 10:32:41'),(3070,108,7,2,'2025-10-26 10:32:41'),(3071,108,8,2,'2025-10-26 10:32:41'),(3072,108,9,2,'2025-10-26 10:32:41'),(3073,108,10,2,'2025-10-26 10:32:41'),(3074,108,12,2,'2025-10-26 10:32:41'),(3075,108,13,2,'2025-10-26 10:32:41'),(3076,108,15,2,'2025-10-26 10:32:41'),(3077,108,18,2,'2025-10-26 10:32:41'),(3078,108,19,2,'2025-10-26 10:32:41'),(3079,108,21,2,'2025-10-26 10:32:41'),(3080,108,30,2,'2025-10-26 10:32:41'),(3081,108,31,2,'2025-10-26 10:32:41'),(3082,108,36,2,'2025-10-26 10:32:41'),(3083,108,37,2,'2025-10-26 10:32:41'),(3084,108,40,2,'2025-10-26 10:32:41'),(3085,108,41,2,'2025-10-26 10:32:41'),(3086,108,43,2,'2025-10-26 10:32:41'),(3087,108,46,2,'2025-10-26 10:32:41'),(3088,108,55,2,'2025-10-26 10:32:41'),(3089,108,56,2,'2025-10-26 10:32:41'),(3090,108,57,2,'2025-10-26 10:32:41'),(3091,108,61,2,'2025-10-26 10:32:41'),(3092,108,62,2,'2025-10-26 10:32:41'),(3093,108,63,2,'2025-10-26 10:32:41'),(3094,108,64,2,'2025-10-26 10:32:41'),(3095,108,67,2,'2025-10-26 10:32:41'),(3096,108,68,2,'2025-10-26 10:32:41'),(3097,108,71,2,'2025-10-26 10:32:41'),(3098,108,72,2,'2025-10-26 10:32:41'),(3099,108,73,2,'2025-10-26 10:32:41'),(3100,108,75,2,'2025-10-26 10:32:41'),(3101,108,76,2,'2025-10-26 10:32:41'),(3102,108,79,2,'2025-10-26 10:32:41'),(3103,108,82,2,'2025-10-26 10:32:41'),(3104,108,83,2,'2025-10-26 10:32:41'),(3105,108,85,2,'2025-10-26 10:32:41'),(3106,108,86,2,'2025-10-26 10:32:41'),(3107,108,87,2,'2025-10-26 10:32:41'),(3108,108,90,2,'2025-10-26 10:32:41'),(3109,108,91,2,'2025-10-26 10:32:41'),(3110,108,96,2,'2025-10-26 10:32:41'),(3111,109,1,2,'2025-10-26 10:32:41'),(3112,109,6,2,'2025-10-26 10:32:41'),(3113,109,9,2,'2025-10-26 10:32:41'),(3114,109,10,2,'2025-10-26 10:32:41'),(3115,109,13,2,'2025-10-26 10:32:41'),(3116,109,18,2,'2025-10-26 10:32:41'),(3117,109,22,2,'2025-10-26 10:32:41'),(3118,109,24,2,'2025-10-26 10:32:41'),(3119,109,25,2,'2025-10-26 10:32:41'),(3120,109,26,2,'2025-10-26 10:32:41'),(3121,109,29,2,'2025-10-26 10:32:41'),(3122,109,32,2,'2025-10-26 10:32:41'),(3123,109,34,2,'2025-10-26 10:32:41'),(3124,109,36,2,'2025-10-26 10:32:41'),(3125,109,38,2,'2025-10-26 10:32:41'),(3126,109,39,2,'2025-10-26 10:32:41'),(3127,109,41,2,'2025-10-26 10:32:41'),(3128,109,44,2,'2025-10-26 10:32:41'),(3129,109,45,2,'2025-10-26 10:32:41'),(3130,109,47,2,'2025-10-26 10:32:41'),(3131,109,53,2,'2025-10-26 10:32:41'),(3132,109,55,2,'2025-10-26 10:32:41'),(3133,109,57,2,'2025-10-26 10:32:41'),(3134,109,58,2,'2025-10-26 10:32:41'),(3135,109,60,2,'2025-10-26 10:32:41'),(3136,109,65,2,'2025-10-26 10:32:41'),(3137,109,66,2,'2025-10-26 10:32:41'),(3138,109,69,2,'2025-10-26 10:32:41'),(3139,109,70,2,'2025-10-26 10:32:41'),(3140,109,73,2,'2025-10-26 10:32:41'),(3141,109,76,2,'2025-10-26 10:32:41'),(3142,109,80,2,'2025-10-26 10:32:41'),(3143,109,81,2,'2025-10-26 10:32:41'),(3144,109,84,2,'2025-10-26 10:32:41'),(3145,109,94,2,'2025-10-26 10:32:41'),(3146,109,100,2,'2025-10-26 10:32:41'),(3147,110,1,2,'2025-10-26 10:32:41'),(3148,110,3,2,'2025-10-26 10:32:41'),(3149,110,4,2,'2025-10-26 10:32:41'),(3150,110,5,2,'2025-10-26 10:32:41'),(3151,110,6,2,'2025-10-26 10:32:41'),(3152,110,7,2,'2025-10-26 10:32:41'),(3153,110,8,2,'2025-10-26 10:32:41'),(3154,110,11,2,'2025-10-26 10:32:41'),(3155,110,13,2,'2025-10-26 10:32:41'),(3156,110,14,2,'2025-10-26 10:32:41'),(3157,110,17,2,'2025-10-26 10:32:41'),(3158,110,18,2,'2025-10-26 10:32:41'),(3159,110,19,2,'2025-10-26 10:32:41'),(3160,110,20,2,'2025-10-26 10:32:41'),(3161,110,21,2,'2025-10-26 10:32:41'),(3162,110,25,2,'2025-10-26 10:32:41'),(3163,110,26,2,'2025-10-26 10:32:41'),(3164,110,27,2,'2025-10-26 10:32:41'),(3165,110,31,2,'2025-10-26 10:32:41'),(3166,110,32,2,'2025-10-26 10:32:41'),(3167,110,33,2,'2025-10-26 10:32:41'),(3168,110,35,2,'2025-10-26 10:32:41'),(3169,110,36,2,'2025-10-26 10:32:41'),(3170,110,37,2,'2025-10-26 10:32:41'),(3171,110,38,2,'2025-10-26 10:32:41'),(3172,110,39,2,'2025-10-26 10:32:41'),(3173,110,42,2,'2025-10-26 10:32:41'),(3174,110,43,2,'2025-10-26 10:32:41'),(3175,110,45,2,'2025-10-26 10:32:41'),(3176,110,46,2,'2025-10-26 10:32:41'),(3177,110,50,2,'2025-10-26 10:32:41'),(3178,110,54,2,'2025-10-26 10:32:41'),(3179,110,55,2,'2025-10-26 10:32:41'),(3180,110,56,2,'2025-10-26 10:32:41'),(3181,110,59,2,'2025-10-26 10:32:41'),(3182,110,63,2,'2025-10-26 10:32:41'),(3183,110,65,2,'2025-10-26 10:32:41'),(3184,110,68,2,'2025-10-26 10:32:41'),(3185,110,74,2,'2025-10-26 10:32:41'),(3186,110,75,2,'2025-10-26 10:32:41'),(3187,110,77,2,'2025-10-26 10:32:41'),(3188,110,80,2,'2025-10-26 10:32:41'),(3189,110,81,2,'2025-10-26 10:32:41'),(3190,110,82,2,'2025-10-26 10:32:41'),(3191,110,83,2,'2025-10-26 10:32:41'),(3192,110,84,2,'2025-10-26 10:32:41'),(3193,110,86,2,'2025-10-26 10:32:41'),(3194,110,94,2,'2025-10-26 10:32:41'),(3195,110,98,2,'2025-10-26 10:32:41'),(3196,111,6,2,'2025-10-26 10:32:41'),(3197,111,7,2,'2025-10-26 10:32:41'),(3198,111,9,2,'2025-10-26 10:32:41'),(3199,111,10,2,'2025-10-26 10:32:41'),(3200,111,12,2,'2025-10-26 10:32:41'),(3201,111,15,2,'2025-10-26 10:32:41'),(3202,111,16,2,'2025-10-26 10:32:41'),(3203,111,27,2,'2025-10-26 10:32:41'),(3204,111,29,2,'2025-10-26 10:32:41'),(3205,111,39,2,'2025-10-26 10:32:41'),(3206,111,46,2,'2025-10-26 10:32:41'),(3207,111,52,2,'2025-10-26 10:32:41'),(3208,111,53,2,'2025-10-26 10:32:41'),(3209,111,55,2,'2025-10-26 10:32:41'),(3210,111,57,2,'2025-10-26 10:32:41'),(3211,111,59,2,'2025-10-26 10:32:41'),(3212,111,60,2,'2025-10-26 10:32:41'),(3213,111,66,2,'2025-10-26 10:32:41'),(3214,111,68,2,'2025-10-26 10:32:41'),(3215,111,69,2,'2025-10-26 10:32:41'),(3216,111,74,2,'2025-10-26 10:32:41'),(3217,111,77,2,'2025-10-26 10:32:41'),(3218,111,88,2,'2025-10-26 10:32:41'),(3219,111,94,2,'2025-10-26 10:32:41'),(3220,111,97,2,'2025-10-26 10:32:41'),(3221,111,99,2,'2025-10-26 10:32:41'),(3222,112,3,2,'2025-10-26 10:32:41'),(3223,112,5,2,'2025-10-26 10:32:41'),(3224,112,6,2,'2025-10-26 10:32:41'),(3225,112,7,2,'2025-10-26 10:32:41'),(3226,112,9,2,'2025-10-26 10:32:41'),(3227,112,11,2,'2025-10-26 10:32:41'),(3228,112,14,2,'2025-10-26 10:32:41'),(3229,112,16,2,'2025-10-26 10:32:41'),(3230,112,17,2,'2025-10-26 10:32:41'),(3231,112,26,2,'2025-10-26 10:32:41'),(3232,112,30,2,'2025-10-26 10:32:41'),(3233,112,33,2,'2025-10-26 10:32:41'),(3234,112,34,2,'2025-10-26 10:32:41'),(3235,112,40,2,'2025-10-26 10:32:41'),(3236,112,41,2,'2025-10-26 10:32:41'),(3237,112,42,2,'2025-10-26 10:32:41'),(3238,112,47,2,'2025-10-26 10:32:41'),(3239,112,48,2,'2025-10-26 10:32:41'),(3240,112,49,2,'2025-10-26 10:32:41'),(3241,112,53,2,'2025-10-26 10:32:41'),(3242,112,56,2,'2025-10-26 10:32:41'),(3243,112,58,2,'2025-10-26 10:32:41'),(3244,112,59,2,'2025-10-26 10:32:41'),(3245,112,60,2,'2025-10-26 10:32:41'),(3246,112,61,2,'2025-10-26 10:32:41'),(3247,112,64,2,'2025-10-26 10:32:41'),(3248,112,66,2,'2025-10-26 10:32:41'),(3249,112,67,2,'2025-10-26 10:32:41'),(3250,112,73,2,'2025-10-26 10:32:41'),(3251,112,75,2,'2025-10-26 10:32:41'),(3252,112,79,2,'2025-10-26 10:32:41'),(3253,112,82,2,'2025-10-26 10:32:41'),(3254,112,83,2,'2025-10-26 10:32:41'),(3255,112,84,2,'2025-10-26 10:32:41'),(3256,112,86,2,'2025-10-26 10:32:41'),(3257,112,88,2,'2025-10-26 10:32:41'),(3258,112,89,2,'2025-10-26 10:32:41'),(3259,112,96,2,'2025-10-26 10:32:41'),(3260,113,2,2,'2025-10-26 10:32:41'),(3261,113,4,2,'2025-10-26 10:32:41'),(3262,113,6,2,'2025-10-26 10:32:41'),(3263,113,15,2,'2025-10-26 10:32:41'),(3264,113,24,2,'2025-10-26 10:32:41'),(3265,113,26,2,'2025-10-26 10:32:41'),(3266,113,31,2,'2025-10-26 10:32:41'),(3267,113,36,2,'2025-10-26 10:32:41'),(3268,113,39,2,'2025-10-26 10:32:41'),(3269,113,45,2,'2025-10-26 10:32:41'),(3270,113,46,2,'2025-10-26 10:32:41'),(3271,113,49,2,'2025-10-26 10:32:41'),(3272,113,50,2,'2025-10-26 10:32:41'),(3273,113,54,2,'2025-10-26 10:32:41'),(3274,113,56,2,'2025-10-26 10:32:41'),(3275,113,63,2,'2025-10-26 10:32:41'),(3276,113,66,2,'2025-10-26 10:32:41'),(3277,113,69,2,'2025-10-26 10:32:41'),(3278,113,75,2,'2025-10-26 10:32:41'),(3279,113,77,2,'2025-10-26 10:32:41'),(3280,113,78,2,'2025-10-26 10:32:41'),(3281,113,81,2,'2025-10-26 10:32:41'),(3282,113,84,2,'2025-10-26 10:32:41'),(3283,113,85,2,'2025-10-26 10:32:41'),(3284,113,87,2,'2025-10-26 10:32:41'),(3285,113,88,2,'2025-10-26 10:32:41'),(3286,113,98,2,'2025-10-26 10:32:41'),(3287,114,3,2,'2025-10-26 10:32:41'),(3288,114,6,2,'2025-10-26 10:32:41'),(3289,114,9,2,'2025-10-26 10:32:41'),(3290,114,14,2,'2025-10-26 10:32:41'),(3291,114,17,2,'2025-10-26 10:32:41'),(3292,114,18,2,'2025-10-26 10:32:41'),(3293,114,19,2,'2025-10-26 10:32:41'),(3294,114,22,2,'2025-10-26 10:32:41'),(3295,114,23,2,'2025-10-26 10:32:41'),(3296,114,26,2,'2025-10-26 10:32:41'),(3297,114,29,2,'2025-10-26 10:32:41'),(3298,114,32,2,'2025-10-26 10:32:41'),(3299,114,41,2,'2025-10-26 10:32:41'),(3300,114,42,2,'2025-10-26 10:32:41'),(3301,114,44,2,'2025-10-26 10:32:41'),(3302,114,46,2,'2025-10-26 10:32:41'),(3303,114,50,2,'2025-10-26 10:32:41'),(3304,114,52,2,'2025-10-26 10:32:41'),(3305,114,53,2,'2025-10-26 10:32:41'),(3306,114,58,2,'2025-10-26 10:32:41'),(3307,114,59,2,'2025-10-26 10:32:41'),(3308,114,60,2,'2025-10-26 10:32:41'),(3309,114,65,2,'2025-10-26 10:32:41'),(3310,114,66,2,'2025-10-26 10:32:41'),(3311,114,68,2,'2025-10-26 10:32:41'),(3312,114,71,2,'2025-10-26 10:32:41'),(3313,114,72,2,'2025-10-26 10:32:41'),(3314,114,73,2,'2025-10-26 10:32:41'),(3315,114,74,2,'2025-10-26 10:32:41'),(3316,114,75,2,'2025-10-26 10:32:41'),(3317,114,77,2,'2025-10-26 10:32:41'),(3318,114,78,2,'2025-10-26 10:32:41'),(3319,114,80,2,'2025-10-26 10:32:41'),(3320,114,81,2,'2025-10-26 10:32:41'),(3321,114,84,2,'2025-10-26 10:32:41'),(3322,114,86,2,'2025-10-26 10:32:41'),(3323,114,87,2,'2025-10-26 10:32:41'),(3324,114,89,2,'2025-10-26 10:32:41'),(3325,114,92,2,'2025-10-26 10:32:41'),(3326,114,94,2,'2025-10-26 10:32:41'),(3327,114,95,2,'2025-10-26 10:32:41'),(3328,115,1,2,'2025-10-26 10:32:41'),(3329,115,3,2,'2025-10-26 10:32:41'),(3330,115,6,2,'2025-10-26 10:32:41'),(3331,115,7,2,'2025-10-26 10:32:41'),(3332,115,14,2,'2025-10-26 10:32:41'),(3333,115,15,2,'2025-10-26 10:32:41'),(3334,115,19,2,'2025-10-26 10:32:41'),(3335,115,20,2,'2025-10-26 10:32:41'),(3336,115,22,2,'2025-10-26 10:32:41'),(3337,115,24,2,'2025-10-26 10:32:41'),(3338,115,26,2,'2025-10-26 10:32:41'),(3339,115,29,2,'2025-10-26 10:32:41'),(3340,115,30,2,'2025-10-26 10:32:41'),(3341,115,35,2,'2025-10-26 10:32:41'),(3342,115,36,2,'2025-10-26 10:32:41'),(3343,115,39,2,'2025-10-26 10:32:41'),(3344,115,49,2,'2025-10-26 10:32:41'),(3345,115,50,2,'2025-10-26 10:32:41'),(3346,115,53,2,'2025-10-26 10:32:41'),(3347,115,54,2,'2025-10-26 10:32:41'),(3348,115,55,2,'2025-10-26 10:32:41'),(3349,115,59,2,'2025-10-26 10:32:41'),(3350,115,61,2,'2025-10-26 10:32:41'),(3351,115,64,2,'2025-10-26 10:32:41'),(3352,115,65,2,'2025-10-26 10:32:41'),(3353,115,67,2,'2025-10-26 10:32:41'),(3354,115,68,2,'2025-10-26 10:32:41'),(3355,115,73,2,'2025-10-26 10:32:41'),(3356,115,74,2,'2025-10-26 10:32:41'),(3357,115,75,2,'2025-10-26 10:32:41'),(3358,115,82,2,'2025-10-26 10:32:41'),(3359,115,83,2,'2025-10-26 10:32:41'),(3360,115,88,2,'2025-10-26 10:32:41'),(3361,115,90,2,'2025-10-26 10:32:41'),(3362,115,94,2,'2025-10-26 10:32:41'),(3363,115,95,2,'2025-10-26 10:32:41'),(3364,115,100,2,'2025-10-26 10:32:41'),(3365,116,5,2,'2025-10-26 10:32:41'),(3366,116,12,2,'2025-10-26 10:32:41'),(3367,116,18,2,'2025-10-26 10:32:41'),(3368,116,22,2,'2025-10-26 10:32:41'),(3369,116,23,2,'2025-10-26 10:32:41'),(3370,116,27,2,'2025-10-26 10:32:41'),(3371,116,28,2,'2025-10-26 10:32:42'),(3372,116,29,2,'2025-10-26 10:32:42'),(3373,116,41,2,'2025-10-26 10:32:42'),(3374,116,42,2,'2025-10-26 10:32:42'),(3375,116,50,2,'2025-10-26 10:32:42'),(3376,116,56,2,'2025-10-26 10:32:42'),(3377,116,61,2,'2025-10-26 10:32:42'),(3378,116,62,2,'2025-10-26 10:32:42'),(3379,116,68,2,'2025-10-26 10:32:42'),(3380,116,69,2,'2025-10-26 10:32:42'),(3381,116,70,2,'2025-10-26 10:32:42'),(3382,116,73,2,'2025-10-26 10:32:42'),(3383,116,80,2,'2025-10-26 10:32:42'),(3384,116,88,2,'2025-10-26 10:32:42'),(3385,116,90,2,'2025-10-26 10:32:42'),(3386,116,93,2,'2025-10-26 10:32:42'),(3387,116,94,2,'2025-10-26 10:32:42'),(3388,116,95,2,'2025-10-26 10:32:42'),(3389,116,98,2,'2025-10-26 10:32:42'),(3390,117,1,2,'2025-10-26 10:32:42'),(3391,117,5,2,'2025-10-26 10:32:42'),(3392,117,18,2,'2025-10-26 10:32:42'),(3393,117,20,2,'2025-10-26 10:32:42'),(3394,117,22,2,'2025-10-26 10:32:42'),(3395,117,24,2,'2025-10-26 10:32:42'),(3396,117,25,2,'2025-10-26 10:32:42'),(3397,117,28,2,'2025-10-26 10:32:42'),(3398,117,30,2,'2025-10-26 10:32:42'),(3399,117,33,2,'2025-10-26 10:32:42'),(3400,117,40,2,'2025-10-26 10:32:42'),(3401,117,42,2,'2025-10-26 10:32:42'),(3402,117,52,2,'2025-10-26 10:32:42'),(3403,117,53,2,'2025-10-26 10:32:42'),(3404,117,54,2,'2025-10-26 10:32:42'),(3405,117,55,2,'2025-10-26 10:32:42'),(3406,117,57,2,'2025-10-26 10:32:42'),(3407,117,59,2,'2025-10-26 10:32:42'),(3408,117,64,2,'2025-10-26 10:32:42'),(3409,117,67,2,'2025-10-26 10:32:42'),(3410,117,70,2,'2025-10-26 10:32:42'),(3411,117,71,2,'2025-10-26 10:32:42'),(3412,117,72,2,'2025-10-26 10:32:42'),(3413,117,76,2,'2025-10-26 10:32:42'),(3414,117,77,2,'2025-10-26 10:32:42'),(3415,117,79,2,'2025-10-26 10:32:42'),(3416,117,87,2,'2025-10-26 10:32:42'),(3417,117,88,2,'2025-10-26 10:32:42'),(3418,117,90,2,'2025-10-26 10:32:42'),(3419,117,92,2,'2025-10-26 10:32:42'),(3420,117,96,2,'2025-10-26 10:32:42'),(3421,117,100,2,'2025-10-26 10:32:42'),(3422,118,2,2,'2025-10-26 10:32:42'),(3423,118,5,2,'2025-10-26 10:32:42'),(3424,118,6,2,'2025-10-26 10:32:42'),(3425,118,7,2,'2025-10-26 10:32:42'),(3426,118,13,2,'2025-10-26 10:32:42'),(3427,118,14,2,'2025-10-26 10:32:42'),(3428,118,17,2,'2025-10-26 10:32:42'),(3429,118,18,2,'2025-10-26 10:32:42'),(3430,118,21,2,'2025-10-26 10:32:42'),(3431,118,23,2,'2025-10-26 10:32:42'),(3432,118,25,2,'2025-10-26 10:32:42'),(3433,118,26,2,'2025-10-26 10:32:42'),(3434,118,28,2,'2025-10-26 10:32:42'),(3435,118,31,2,'2025-10-26 10:32:42'),(3436,118,32,2,'2025-10-26 10:32:42'),(3437,118,33,2,'2025-10-26 10:32:42'),(3438,118,35,2,'2025-10-26 10:32:42'),(3439,118,37,2,'2025-10-26 10:32:42'),(3440,118,40,2,'2025-10-26 10:32:42'),(3441,118,42,2,'2025-10-26 10:32:42'),(3442,118,44,2,'2025-10-26 10:32:42'),(3443,118,46,2,'2025-10-26 10:32:42'),(3444,118,47,2,'2025-10-26 10:32:42'),(3445,118,49,2,'2025-10-26 10:32:42'),(3446,118,50,2,'2025-10-26 10:32:42'),(3447,118,53,2,'2025-10-26 10:32:42'),(3448,118,60,2,'2025-10-26 10:32:42'),(3449,118,62,2,'2025-10-26 10:32:42'),(3450,118,67,2,'2025-10-26 10:32:42'),(3451,118,69,2,'2025-10-26 10:32:42'),(3452,118,70,2,'2025-10-26 10:32:42'),(3453,118,71,2,'2025-10-26 10:32:42'),(3454,118,73,2,'2025-10-26 10:32:42'),(3455,118,74,2,'2025-10-26 10:32:42'),(3456,118,76,2,'2025-10-26 10:32:42'),(3457,118,77,2,'2025-10-26 10:32:42'),(3458,118,78,2,'2025-10-26 10:32:42'),(3459,118,84,2,'2025-10-26 10:32:42'),(3460,118,86,2,'2025-10-26 10:32:42'),(3461,118,89,2,'2025-10-26 10:32:42'),(3462,118,93,2,'2025-10-26 10:32:42'),(3463,118,95,2,'2025-10-26 10:32:42'),(3464,118,96,2,'2025-10-26 10:32:42'),(3465,118,98,2,'2025-10-26 10:32:42'),(3466,119,3,2,'2025-10-26 10:32:42'),(3467,119,4,2,'2025-10-26 10:32:42'),(3468,119,7,2,'2025-10-26 10:32:42'),(3469,119,9,2,'2025-10-26 10:32:42'),(3470,119,11,2,'2025-10-26 10:32:42'),(3471,119,14,2,'2025-10-26 10:32:42'),(3472,119,20,2,'2025-10-26 10:32:42'),(3473,119,23,2,'2025-10-26 10:32:42'),(3474,119,25,2,'2025-10-26 10:32:42'),(3475,119,30,2,'2025-10-26 10:32:42'),(3476,119,32,2,'2025-10-26 10:32:42'),(3477,119,34,2,'2025-10-26 10:32:42'),(3478,119,35,2,'2025-10-26 10:32:42'),(3479,119,36,2,'2025-10-26 10:32:42'),(3480,119,42,2,'2025-10-26 10:32:42'),(3481,119,45,2,'2025-10-26 10:32:42'),(3482,119,46,2,'2025-10-26 10:32:42'),(3483,119,52,2,'2025-10-26 10:32:42'),(3484,119,57,2,'2025-10-26 10:32:42'),(3485,119,58,2,'2025-10-26 10:32:42'),(3486,119,59,2,'2025-10-26 10:32:42'),(3487,119,60,2,'2025-10-26 10:32:42'),(3488,119,64,2,'2025-10-26 10:32:42'),(3489,119,68,2,'2025-10-26 10:32:42'),(3490,119,73,2,'2025-10-26 10:32:42'),(3491,119,74,2,'2025-10-26 10:32:42'),(3492,119,76,2,'2025-10-26 10:32:42'),(3493,119,78,2,'2025-10-26 10:32:42'),(3494,119,85,2,'2025-10-26 10:32:42'),(3495,119,86,2,'2025-10-26 10:32:42'),(3496,119,87,2,'2025-10-26 10:32:42'),(3497,119,88,2,'2025-10-26 10:32:42'),(3498,119,93,2,'2025-10-26 10:32:42'),(3499,119,94,2,'2025-10-26 10:32:42'),(3500,119,95,2,'2025-10-26 10:32:42'),(3501,119,96,2,'2025-10-26 10:32:42'),(3502,119,98,2,'2025-10-26 10:32:42'),(3503,120,5,2,'2025-10-26 10:32:42'),(3504,120,6,2,'2025-10-26 10:32:42'),(3505,120,7,2,'2025-10-26 10:32:42'),(3506,120,9,2,'2025-10-26 10:32:42'),(3507,120,10,2,'2025-10-26 10:32:42'),(3508,120,12,2,'2025-10-26 10:32:42'),(3509,120,13,2,'2025-10-26 10:32:42'),(3510,120,17,2,'2025-10-26 10:32:42'),(3511,120,19,2,'2025-10-26 10:32:42'),(3512,120,23,2,'2025-10-26 10:32:42'),(3513,120,24,2,'2025-10-26 10:32:42'),(3514,120,25,2,'2025-10-26 10:32:42'),(3515,120,27,2,'2025-10-26 10:32:42'),(3516,120,29,2,'2025-10-26 10:32:42'),(3517,120,31,2,'2025-10-26 10:32:42'),(3518,120,33,2,'2025-10-26 10:32:42'),(3519,120,35,2,'2025-10-26 10:32:42'),(3520,120,40,2,'2025-10-26 10:32:42'),(3521,120,41,2,'2025-10-26 10:32:42'),(3522,120,43,2,'2025-10-26 10:32:42'),(3523,120,46,2,'2025-10-26 10:32:42'),(3524,120,48,2,'2025-10-26 10:32:42'),(3525,120,50,2,'2025-10-26 10:32:42'),(3526,120,51,2,'2025-10-26 10:32:42'),(3527,120,55,2,'2025-10-26 10:32:42'),(3528,120,57,2,'2025-10-26 10:32:42'),(3529,120,58,2,'2025-10-26 10:32:42'),(3530,120,59,2,'2025-10-26 10:32:42'),(3531,120,60,2,'2025-10-26 10:32:42'),(3532,120,62,2,'2025-10-26 10:32:42'),(3533,120,63,2,'2025-10-26 10:32:42'),(3534,120,64,2,'2025-10-26 10:32:42'),(3535,120,66,2,'2025-10-26 10:32:42'),(3536,120,70,2,'2025-10-26 10:32:42'),(3537,120,71,2,'2025-10-26 10:32:42'),(3538,120,75,2,'2025-10-26 10:32:42'),(3539,120,76,2,'2025-10-26 10:32:42'),(3540,120,77,2,'2025-10-26 10:32:42'),(3541,120,78,2,'2025-10-26 10:32:42'),(3542,120,79,2,'2025-10-26 10:32:42'),(3543,120,80,2,'2025-10-26 10:32:42'),(3544,120,81,2,'2025-10-26 10:32:42'),(3545,120,83,2,'2025-10-26 10:32:42'),(3546,120,85,2,'2025-10-26 10:32:42'),(3547,120,87,2,'2025-10-26 10:32:42'),(3548,120,88,2,'2025-10-26 10:32:42'),(3549,120,90,2,'2025-10-26 10:32:42'),(3550,120,91,2,'2025-10-26 10:32:42'),(3551,120,95,2,'2025-10-26 10:32:42'),(3552,121,3,2,'2025-10-26 10:32:42'),(3553,121,13,2,'2025-10-26 10:32:42'),(3554,121,15,2,'2025-10-26 10:32:42'),(3555,121,22,2,'2025-10-26 10:32:42'),(3556,121,25,2,'2025-10-26 10:32:42'),(3557,121,26,2,'2025-10-26 10:32:42'),(3558,121,44,2,'2025-10-26 10:32:42'),(3559,121,47,2,'2025-10-26 10:32:42'),(3560,121,53,2,'2025-10-26 10:32:42'),(3561,121,58,2,'2025-10-26 10:32:42'),(3562,121,59,2,'2025-10-26 10:32:42'),(3563,121,62,2,'2025-10-26 10:32:42'),(3564,121,67,2,'2025-10-26 10:32:42'),(3565,121,69,2,'2025-10-26 10:32:42'),(3566,121,70,2,'2025-10-26 10:32:42'),(3567,121,71,2,'2025-10-26 10:32:42'),(3568,121,72,2,'2025-10-26 10:32:42'),(3569,121,79,2,'2025-10-26 10:32:42'),(3570,121,88,2,'2025-10-26 10:32:42'),(3571,121,93,2,'2025-10-26 10:32:42'),(3572,121,94,2,'2025-10-26 10:32:42'),(3573,121,95,2,'2025-10-26 10:32:42');
/*!40000 ALTER TABLE `product_views` ENABLE KEYS */;
UNLOCK TABLES;

--
-- Table structure for table `products`
--

DROP TABLE IF EXISTS `products`;
/*!40101 SET @saved_cs_client     = @@character_set_client */;
/*!50503 SET character_set_client = utf8mb4 */;
CREATE TABLE `products` (
  `product_id` bigint(20) unsigned NOT NULL AUTO_INCREMENT,
  `shop_id` bigint(20) unsigned DEFAULT NULL,
  `name` longtext CHARACTER SET utf8mb4 COLLATE utf8mb4_bin NOT NULL CHECK (json_valid(`name`)),
  `sku` varchar(100) DEFAULT NULL,
  `description` longtext CHARACTER SET utf8mb4 COLLATE utf8mb4_bin DEFAULT NULL CHECK (json_valid(`description`)),
  `category_id` bigint(20) unsigned NOT NULL,
  `brand_id` bigint(20) unsigned DEFAULT NULL,
  `seller_id` bigint(20) unsigned NOT NULL,
  `status` enum('draft','pending_approval','published','hidden') NOT NULL DEFAULT 'draft' COMMENT 'Product status using ENUM values',
  `is_active` tinyint(1) NOT NULL DEFAULT 1,
  `created_at` timestamp NULL DEFAULT NULL,
  `updated_at` timestamp NULL DEFAULT NULL,
  `deleted_at` timestamp NULL DEFAULT NULL,
  PRIMARY KEY (`product_id`),
  KEY `products_shop_id_is_active_created_at_index` (`shop_id`,`is_active`,`created_at`),
  KEY `products_seller_id_index` (`seller_id`),
  KEY `products_category_id_index` (`category_id`),
  KEY `products_brand_id_index` (`brand_id`),
  CONSTRAINT `products_brand_id_foreign` FOREIGN KEY (`brand_id`) REFERENCES `brands` (`brand_id`) ON DELETE SET NULL,
  CONSTRAINT `products_category_id_foreign` FOREIGN KEY (`category_id`) REFERENCES `categories` (`category_id`),
  CONSTRAINT `products_seller_id_foreign` FOREIGN KEY (`seller_id`) REFERENCES `users` (`id`) ON DELETE CASCADE,
  CONSTRAINT `products_shop_id_foreign` FOREIGN KEY (`shop_id`) REFERENCES `shops` (`id`) ON DELETE CASCADE
) ENGINE=InnoDB AUTO_INCREMENT=101 DEFAULT CHARSET=utf8mb4 COLLATE=utf8mb4_unicode_ci;
/*!40101 SET character_set_client = @saved_cs_client */;

--
-- Dumping data for table `products`
--

LOCK TABLES `products` WRITE;
/*!40000 ALTER TABLE `products` DISABLE KEYS */;
INSERT INTO `products` VALUES (1,NULL,'{\"en\":\"nihil ducimus\",\"vi\":\"Ví da cao cấp\"}',NULL,'{\"en\":\"Molestiae nihil nihil aperiam consequatur. In ipsum saepe ut harum vitae eum aliquam. Nihil vel aut explicabo cum maiores odit.\",\"vi\":\"Phù hợp cho mọi lứa tuổi, mang lại sự thoải mái và phong cách.\"}',11,8,2,'draft',1,'2025-10-26 10:32:27','2025-10-26 10:32:27',NULL),(2,NULL,'{\"en\":\"sed labore\",\"vi\":\"Áo sơ mi hiện đại\"}',NULL,'{\"en\":\"Velit vel id sed eos atque est corrupti facilis. Ad voluptas omnis accusamus harum veritatis. Qui nisi quasi et omnis pariatur quo et.\",\"vi\":\"Phù hợp cho mọi lứa tuổi, mang lại sự thoải mái và phong cách.\"}',20,14,6,'published',1,'2025-10-26 10:32:27','2025-10-26 10:32:27',NULL),(3,NULL,'{\"en\":\"unde vel\",\"vi\":\"Áo len tiện dụng\"}',NULL,'{\"en\":\"Expedita et nesciunt dolorum ut velit itaque voluptatem. Mollitia quaerat eum dolores reiciendis unde atque exercitationem. Voluptatem ut explicabo nemo ea eos dolores. Omnis nesciunt similique laborum dolores exercitationem.\",\"vi\":\"Sản phẩm chất lượng cao, được thiết kế với phong cách hiện đại và tiện dụng.\"}',26,13,3,'draft',1,'2025-10-26 10:32:27','2025-10-26 10:32:27',NULL),(4,NULL,'{\"en\":\"itaque ratione\",\"vi\":\"Áo sơ mi chất lượng\"}',NULL,'{\"en\":\"Cumque repellendus cupiditate rerum quisquam vero. Possimus quia explicabo nemo veniam totam. Voluptas similique voluptatibus laboriosam porro et illo ullam est. Similique iusto veritatis molestiae eum. Nesciunt esse dolores dolorem ea possimus similique.\",\"vi\":\"Được làm từ chất liệu cao cấp, đảm bảo độ bền và tính thẩm mỹ.\"}',15,5,18,'draft',1,'2025-10-26 10:32:27','2025-10-26 10:32:27',NULL),(5,NULL,'{\"en\":\"rerum dolorum\",\"vi\":\"Máy tính tiện dụng\"}',NULL,'{\"en\":\"Libero deserunt earum occaecati atque aut cumque. Doloremque et omnis sit eos. Assumenda dolores pariatur laboriosam et consequatur ad voluptate. Consequatur maiores non corporis dolores eaque.\",\"vi\":\"Sản phẩm chất lượng cao, được thiết kế với phong cách hiện đại và tiện dụng.\"}',26,20,6,'pending_approval',1,'2025-10-26 10:32:27','2025-10-26 10:32:27',NULL),(6,NULL,'{\"en\":\"assumenda natus\",\"vi\":\"Giày thể thao tiện dụng\"}',NULL,'{\"en\":\"Maiores et id adipisci. Tenetur vitae et labore sint atque cupiditate suscipit. Iure ea laudantium pariatur aut blanditiis.\",\"vi\":\"Phù hợp cho mọi lứa tuổi, mang lại sự thoải mái và phong cách.\"}',9,5,21,'draft',1,'2025-10-26 10:32:27','2025-10-26 10:32:27',NULL),(7,NULL,'{\"en\":\"cum quia\",\"vi\":\"Balo thời trang\"}',NULL,'{\"en\":\"Necessitatibus inventore repellendus et. Provident et voluptatem quia natus accusantium tempora. Nulla qui aut repellendus optio voluptas eum. Autem voluptatem minus cupiditate illo doloremque.\",\"vi\":\"Sản phẩm chất lượng cao, được thiết kế với phong cách hiện đại và tiện dụng.\"}',21,6,7,'draft',1,'2025-10-26 10:32:27','2025-10-26 10:32:27',NULL),(8,NULL,'{\"en\":\"vel velit\",\"vi\":\"Áo len thời trang\"}',NULL,'{\"en\":\"Ullam labore vitae a. Alias placeat ut consequuntur magni. Laboriosam deleniti temporibus fugiat occaecati aut aut maiores fugiat. Ea omnis itaque in alias nisi quis quae beatae.\",\"vi\":\"Được làm từ chất liệu cao cấp, đảm bảo độ bền và tính thẩm mỹ.\"}',21,6,7,'draft',1,'2025-10-26 10:32:27','2025-10-26 10:32:27',NULL),(9,NULL,'{\"en\":\"alias sunt\",\"vi\":\"Giày thể thao cao cấp\"}',NULL,'{\"en\":\"Veritatis debitis asperiores nisi doloremque dolores sed. Aperiam quia qui aliquam omnis doloribus.\",\"vi\":\"Được làm từ chất liệu cao cấp, đảm bảo độ bền và tính thẩm mỹ.\"}',20,4,7,'published',1,'2025-10-26 10:32:27','2025-10-26 10:32:27',NULL),(10,NULL,'{\"en\":\"odio quae\",\"vi\":\"Đồng hồ sang trọng\"}',NULL,'{\"en\":\"A deserunt porro placeat officia. In nihil quasi dicta accusantium fugit aperiam. Sint iure cupiditate dolorum repudiandae harum tenetur dolorum. Iusto voluptatibus excepturi sed a dolor aut.\",\"vi\":\"Sản phẩm được kiểm tra chất lượng nghiêm ngặt trước khi đến tay khách hàng.\"}',21,20,8,'published',1,'2025-10-26 10:32:27','2025-10-26 10:32:27',NULL),(11,NULL,'{\"en\":\"quia aut\",\"vi\":\"Váy đầm cao cấp\"}',NULL,'{\"en\":\"Quia et ut culpa sit. Earum porro ut numquam quod voluptatem veritatis quis aut.\",\"vi\":\"Thiết kế độc đáo, màu sắc đa dạng, phù hợp với xu hướng thời trang.\"}',3,22,10,'published',1,'2025-10-26 10:32:27','2025-10-26 10:32:27',NULL),(12,NULL,'{\"en\":\"est fugiat\",\"vi\":\"Váy đầm hiện đại\"}',NULL,'{\"en\":\"Aut ut et earum. Ipsam ex aspernatur soluta nihil. Autem aperiam accusamus aperiam earum minus iste quidem.\",\"vi\":\"Sản phẩm được kiểm tra chất lượng nghiêm ngặt trước khi đến tay khách hàng.\"}',6,18,21,'pending_approval',1,'2025-10-26 10:32:27','2025-10-26 10:32:27',NULL),(13,NULL,'{\"en\":\"molestiae modi\",\"vi\":\"Giày boot tiện dụng\"}',NULL,'{\"en\":\"Qui modi officiis delectus doloremque eum quia. Accusamus quas inventore voluptas repellendus magni ut. Illum voluptates ullam enim.\",\"vi\":\"Thiết kế độc đáo, màu sắc đa dạng, phù hợp với xu hướng thời trang.\"}',16,10,13,'pending_approval',1,'2025-10-26 10:32:27','2025-10-26 10:32:27',NULL),(14,NULL,'{\"en\":\"ut quo\",\"vi\":\"Ví da thời trang\"}',NULL,'{\"en\":\"Voluptatem aspernatur quae quos quam voluptatum voluptatem distinctio. Voluptatum hic aut et delectus consequatur.\",\"vi\":\"Sản phẩm được kiểm tra chất lượng nghiêm ngặt trước khi đến tay khách hàng.\"}',14,23,9,'draft',1,'2025-10-26 10:32:27','2025-10-26 10:32:27',NULL),(15,NULL,'{\"en\":\"et eius\",\"vi\":\"Áo khoác thời trang\"}',NULL,'{\"en\":\"Omnis repudiandae aut id aut dolor dolor. Quae incidunt optio quasi nihil. Earum totam repellat consequuntur eum.\",\"vi\":\"Sản phẩm chất lượng cao, được thiết kế với phong cách hiện đại và tiện dụng.\"}',24,6,12,'pending_approval',1,'2025-10-26 10:32:27','2025-10-26 10:32:27',NULL),(16,NULL,'{\"en\":\"temporibus qui\",\"vi\":\"Balo cao cấp\"}',NULL,'{\"en\":\"Dignissimos qui alias fugit et voluptatum delectus. Recusandae expedita voluptas aut aut deleniti. Et laboriosam unde doloremque laudantium ad consequatur id.\",\"vi\":\"Sản phẩm được kiểm tra chất lượng nghiêm ngặt trước khi đến tay khách hàng.\"}',12,19,5,'pending_approval',1,'2025-10-26 10:32:27','2025-10-26 10:32:27',NULL),(17,NULL,'{\"en\":\"quod adipisci\",\"vi\":\"Váy đầm cao cấp\"}',NULL,'{\"en\":\"Qui qui enim aut aut ratione pariatur. Rem fugiat ex et repudiandae inventore. Dolore repellat velit dolorem.\",\"vi\":\"Phù hợp cho mọi lứa tuổi, mang lại sự thoải mái và phong cách.\"}',10,8,2,'published',1,'2025-10-26 10:32:27','2025-10-26 10:32:27',NULL),(18,NULL,'{\"en\":\"officia quas\",\"vi\":\"Túi xách cao cấp\"}',NULL,'{\"en\":\"Culpa numquam corporis accusantium ut dolor dicta excepturi. Labore dolorum et expedita nostrum qui cumque molestiae neque. Animi non minus velit corrupti voluptates.\",\"vi\":\"Sản phẩm chất lượng cao, được thiết kế với phong cách hiện đại và tiện dụng.\"}',5,5,16,'draft',1,'2025-10-26 10:32:27','2025-10-26 10:32:27',NULL),(19,NULL,'{\"en\":\"delectus dolor\",\"vi\":\"Giày boot sang trọng\"}',NULL,'{\"en\":\"Illo voluptatem quaerat iusto quae minus provident. Quidem et mollitia ut sint necessitatibus fuga sequi dicta.\",\"vi\":\"Sản phẩm chất lượng cao, được thiết kế với phong cách hiện đại và tiện dụng.\"}',15,19,21,'pending_approval',1,'2025-10-26 10:32:27','2025-10-26 10:32:27',NULL),(20,NULL,'{\"en\":\"nulla eos\",\"vi\":\"Giày thể thao chất lượng\"}',NULL,'{\"en\":\"Assumenda iusto illum consequatur perferendis praesentium. Enim magnam minima amet et dignissimos delectus architecto ducimus. Id voluptatem veniam minus qui. Sint blanditiis voluptas eum provident error sit delectus.\",\"vi\":\"Được làm từ chất liệu cao cấp, đảm bảo độ bền và tính thẩm mỹ.\"}',25,9,3,'published',1,'2025-10-26 10:32:27','2025-10-26 10:32:27',NULL),(21,NULL,'{\"en\":\"fuga rerum\",\"vi\":\"Giày thể thao chất lượng\"}',NULL,'{\"en\":\"Voluptatem nobis aut adipisci recusandae voluptatem. Cum ducimus id dolorem asperiores reprehenderit alias quasi corrupti. Dolorem nisi sit rerum quis quisquam sit sed voluptates.\",\"vi\":\"Được làm từ chất liệu cao cấp, đảm bảo độ bền và tính thẩm mỹ.\"}',9,1,12,'pending_approval',1,'2025-10-26 10:32:27','2025-10-26 10:32:27',NULL),(22,NULL,'{\"en\":\"eius id\",\"vi\":\"Máy tính tiện dụng\"}',NULL,'{\"en\":\"Architecto aut aspernatur eos sint totam et delectus. Sit exercitationem consequatur est quos facilis. Voluptas sunt et molestias ipsa voluptatem odit.\",\"vi\":\"Thiết kế độc đáo, màu sắc đa dạng, phù hợp với xu hướng thời trang.\"}',20,11,10,'pending_approval',1,'2025-10-26 10:32:27','2025-10-26 10:32:27',NULL),(23,NULL,'{\"en\":\"consectetur tempora\",\"vi\":\"Áo sơ mi thời trang\"}',NULL,'{\"en\":\"Facilis quas aut itaque ea dolorum quia perspiciatis. Ab facilis nesciunt nostrum corrupti quam soluta. Temporibus dolore nesciunt est in eum impedit sit.\",\"vi\":\"Được làm từ chất liệu cao cấp, đảm bảo độ bền và tính thẩm mỹ.\"}',8,6,17,'draft',1,'2025-10-26 10:32:27','2025-10-26 10:32:27',NULL),(24,NULL,'{\"en\":\"corrupti est\",\"vi\":\"Túi xách chất lượng\"}',NULL,'{\"en\":\"Quasi aut nemo iure eum est id quod. Non vel laborum rem in tempore magni quis quo.\",\"vi\":\"Thiết kế độc đáo, màu sắc đa dạng, phù hợp với xu hướng thời trang.\"}',10,1,13,'pending_approval',1,'2025-10-26 10:32:27','2025-10-26 10:32:27',NULL),(25,NULL,'{\"en\":\"unde qui\",\"vi\":\"Áo len tiện dụng\"}',NULL,'{\"en\":\"Vitae illum laborum non nobis aut amet omnis. Et nobis aliquid voluptatum vitae quos blanditiis iusto. Fugiat dolorem omnis quisquam est enim. Veritatis aut voluptatum officia occaecati aut est unde. Adipisci est nihil qui eos adipisci.\",\"vi\":\"Phù hợp cho mọi lứa tuổi, mang lại sự thoải mái và phong cách.\"}',8,12,16,'pending_approval',1,'2025-10-26 10:32:27','2025-10-26 10:32:27',NULL),(26,NULL,'{\"en\":\"necessitatibus quia\",\"vi\":\"Áo khoác chất lượng\"}',NULL,'{\"en\":\"Esse sed neque fuga ut et quo ut. Et rem ratione cum quis eligendi quam omnis blanditiis. Cumque possimus a in nihil laborum sit. Et in tenetur eos pariatur nihil odio id.\",\"vi\":\"Sản phẩm được kiểm tra chất lượng nghiêm ngặt trước khi đến tay khách hàng.\"}',16,15,8,'draft',1,'2025-10-26 10:32:27','2025-10-26 10:32:27',NULL),(27,NULL,'{\"en\":\"sint et\",\"vi\":\"Đồng hồ thời trang\"}',NULL,'{\"en\":\"Omnis quis architecto nihil numquam sunt vitae omnis hic. Et velit veniam sit eaque mollitia.\",\"vi\":\"Sản phẩm chất lượng cao, được thiết kế với phong cách hiện đại và tiện dụng.\"}',10,23,6,'pending_approval',1,'2025-10-26 10:32:27','2025-10-26 10:32:27',NULL),(28,NULL,'{\"en\":\"alias quas\",\"vi\":\"Giày thể thao tiện dụng\"}',NULL,'{\"en\":\"Consequatur voluptate ab autem facilis. Illo eveniet placeat et sunt sequi. Corrupti aliquam velit aperiam quia consequatur.\",\"vi\":\"Thiết kế độc đáo, màu sắc đa dạng, phù hợp với xu hướng thời trang.\"}',15,16,10,'pending_approval',1,'2025-10-26 10:32:27','2025-10-26 10:32:27',NULL),(29,NULL,'{\"en\":\"voluptates omnis\",\"vi\":\"Máy tính cao cấp\"}',NULL,'{\"en\":\"Maiores nihil inventore aperiam pariatur rerum ut. Odit nemo amet vel labore porro consequatur. Quidem quam fugiat sint sed impedit aut minus. Aut aut molestiae totam sunt.\",\"vi\":\"Phù hợp cho mọi lứa tuổi, mang lại sự thoải mái và phong cách.\"}',26,12,13,'published',1,'2025-10-26 10:32:27','2025-10-26 10:32:27',NULL),(30,NULL,'{\"en\":\"dolor officiis\",\"vi\":\"Ví da sang trọng\"}',NULL,'{\"en\":\"Repellendus inventore et natus iusto deserunt et aliquam. Non vel qui esse non fuga iure. Minima dolores doloremque optio odio aliquam minima. Dolores accusamus excepturi velit nesciunt.\",\"vi\":\"Thiết kế độc đáo, màu sắc đa dạng, phù hợp với xu hướng thời trang.\"}',22,23,10,'draft',1,'2025-10-26 10:32:27','2025-10-26 10:32:27',NULL),(31,NULL,'{\"en\":\"est sed\",\"vi\":\"Ví da sang trọng\"}',NULL,'{\"en\":\"Fugit ut sit unde eligendi porro est culpa. Aut magni aspernatur repellat saepe architecto. Autem aut quam pariatur nostrum sed voluptatem nihil dolorum. Et unde id qui veritatis earum.\",\"vi\":\"Sản phẩm được kiểm tra chất lượng nghiêm ngặt trước khi đến tay khách hàng.\"}',11,5,6,'published',1,'2025-10-26 10:32:27','2025-10-26 10:32:27',NULL),(32,NULL,'{\"en\":\"non qui\",\"vi\":\"Ví da thời trang\"}',NULL,'{\"en\":\"Molestiae dolorem aut eos enim accusamus. Maxime deserunt vitae quidem. Aut repudiandae perspiciatis illo et. Corporis consequuntur corrupti explicabo id est nemo.\",\"vi\":\"Được làm từ chất liệu cao cấp, đảm bảo độ bền và tính thẩm mỹ.\"}',21,5,20,'published',1,'2025-10-26 10:32:27','2025-10-26 10:32:27',NULL),(33,NULL,'{\"en\":\"sed dolorum\",\"vi\":\"Kính mát tiện dụng\"}',NULL,'{\"en\":\"Ea consequatur commodi adipisci totam eveniet. Cum aut eos neque consequatur corrupti et. Praesentium voluptatem rerum dolorem officiis dolor non. Dicta et qui ipsum non.\",\"vi\":\"Được làm từ chất liệu cao cấp, đảm bảo độ bền và tính thẩm mỹ.\"}',19,19,13,'pending_approval',1,'2025-10-26 10:32:27','2025-10-26 10:32:27',NULL),(34,NULL,'{\"en\":\"quis illo\",\"vi\":\"Ví da chất lượng\"}',NULL,'{\"en\":\"Voluptatem velit illo veritatis tempore ab. Qui asperiores aliquam velit. Harum voluptatem ipsum placeat. Sapiente numquam quas ut minus voluptate. Totam est deleniti explicabo est accusamus eos.\",\"vi\":\"Được làm từ chất liệu cao cấp, đảm bảo độ bền và tính thẩm mỹ.\"}',25,9,7,'draft',1,'2025-10-26 10:32:27','2025-10-26 10:32:27',NULL),(35,NULL,'{\"en\":\"et dolorum\",\"vi\":\"Áo sơ mi cao cấp\"}',NULL,'{\"en\":\"Reiciendis iste doloribus est nobis. Optio ab occaecati architecto aliquam nam non neque. Sapiente vel et tempora cum eaque. Quia nam perspiciatis ea incidunt sit pariatur.\",\"vi\":\"Phù hợp cho mọi lứa tuổi, mang lại sự thoải mái và phong cách.\"}',5,7,18,'draft',1,'2025-10-26 10:32:27','2025-10-26 10:32:27',NULL),(36,NULL,'{\"en\":\"voluptate facilis\",\"vi\":\"Đồng hồ thời trang\"}',NULL,'{\"en\":\"Beatae ut deleniti provident eaque aut. Velit vitae dolores ut iure corporis.\",\"vi\":\"Phù hợp cho mọi lứa tuổi, mang lại sự thoải mái và phong cách.\"}',21,12,5,'draft',1,'2025-10-26 10:32:27','2025-10-26 10:32:27',NULL),(37,NULL,'{\"en\":\"odio repellendus\",\"vi\":\"Áo sơ mi cao cấp\"}',NULL,'{\"en\":\"Sunt nesciunt et libero atque. Quia ducimus quia porro dolorem earum est. Esse nesciunt vel nihil deserunt alias. Nihil mollitia omnis eaque eos rerum molestiae et.\",\"vi\":\"Thiết kế độc đáo, màu sắc đa dạng, phù hợp với xu hướng thời trang.\"}',3,21,13,'pending_approval',1,'2025-10-26 10:32:27','2025-10-26 10:32:27',NULL),(38,NULL,'{\"en\":\"vero est\",\"vi\":\"Điện thoại tiện dụng\"}',NULL,'{\"en\":\"Sed corporis necessitatibus quia vel nostrum molestiae. Hic accusamus nisi incidunt beatae. Porro placeat qui aliquid ipsum.\",\"vi\":\"Thiết kế độc đáo, màu sắc đa dạng, phù hợp với xu hướng thời trang.\"}',2,18,18,'pending_approval',1,'2025-10-26 10:32:27','2025-10-26 10:32:27',NULL),(39,NULL,'{\"en\":\"nisi aperiam\",\"vi\":\"Giày thể thao sang trọng\"}',NULL,'{\"en\":\"Neque est nam veritatis. Nostrum deserunt nesciunt recusandae et occaecati. Ea tempore eveniet numquam voluptatem consequatur consequatur. Tenetur ex ut ea ullam. Vero laboriosam blanditiis adipisci.\",\"vi\":\"Được làm từ chất liệu cao cấp, đảm bảo độ bền và tính thẩm mỹ.\"}',19,21,17,'draft',1,'2025-10-26 10:32:27','2025-10-26 10:32:27',NULL),(40,NULL,'{\"en\":\"eos sint\",\"vi\":\"Tai nghe chất lượng\"}',NULL,'{\"en\":\"Adipisci facere qui voluptate aut. Porro magnam ad eaque sunt excepturi quibusdam. Dolore sequi mollitia cumque.\",\"vi\":\"Sản phẩm chất lượng cao, được thiết kế với phong cách hiện đại và tiện dụng.\"}',22,5,2,'pending_approval',1,'2025-10-26 10:32:27','2025-10-26 10:32:27',NULL),(41,NULL,'{\"en\":\"sed id\",\"vi\":\"Giày thể thao hiện đại\"}',NULL,'{\"en\":\"Rerum reprehenderit quaerat adipisci aliquid. Blanditiis aspernatur est odit accusamus eligendi aliquid. Qui et eaque id qui repellat at aut. Reprehenderit expedita eaque tempore vel.\",\"vi\":\"Phù hợp cho mọi lứa tuổi, mang lại sự thoải mái và phong cách.\"}',20,3,3,'published',1,'2025-10-26 10:32:27','2025-10-26 10:32:27',NULL),(42,NULL,'{\"en\":\"ab voluptas\",\"vi\":\"Giày thể thao cao cấp\"}',NULL,'{\"en\":\"Dolorum animi vel necessitatibus. Impedit at repellat magnam facere aut voluptatem vel excepturi. Veniam sunt est harum officia corporis. Est ut et aliquam nostrum nobis.\",\"vi\":\"Sản phẩm được kiểm tra chất lượng nghiêm ngặt trước khi đến tay khách hàng.\"}',5,16,3,'pending_approval',1,'2025-10-26 10:32:27','2025-10-26 10:32:27',NULL),(43,NULL,'{\"en\":\"eos quia\",\"vi\":\"Váy đầm sang trọng\"}',NULL,'{\"en\":\"Molestiae saepe dolorem ipsa consequatur animi aspernatur placeat. Qui sequi doloribus explicabo. Sequi ut perferendis iste magni nostrum suscipit.\",\"vi\":\"Sản phẩm chất lượng cao, được thiết kế với phong cách hiện đại và tiện dụng.\"}',21,21,3,'published',1,'2025-10-26 10:32:27','2025-10-26 10:32:27',NULL),(44,NULL,'{\"en\":\"autem et\",\"vi\":\"Tai nghe tiện dụng\"}',NULL,'{\"en\":\"Quo reiciendis rem error aspernatur. Fugiat rerum alias nisi ut quisquam reprehenderit alias. A quae doloribus quis repellat blanditiis quis perspiciatis dolor. Aperiam esse dignissimos facere sit dolores excepturi.\",\"vi\":\"Được làm từ chất liệu cao cấp, đảm bảo độ bền và tính thẩm mỹ.\"}',8,16,11,'published',1,'2025-10-26 10:32:27','2025-10-26 10:32:27',NULL),(45,NULL,'{\"en\":\"ad suscipit\",\"vi\":\"Tai nghe tiện dụng\"}',NULL,'{\"en\":\"Accusamus et nemo dolor porro molestias nam necessitatibus. Tempora voluptate praesentium et quos. Nihil aut dolorem tenetur consequatur. Ut ab occaecati qui doloremque itaque.\",\"vi\":\"Sản phẩm chất lượng cao, được thiết kế với phong cách hiện đại và tiện dụng.\"}',2,20,15,'published',1,'2025-10-26 10:32:27','2025-10-26 10:32:27',NULL),(46,NULL,'{\"en\":\"libero dolor\",\"vi\":\"Túi xách chất lượng\"}',NULL,'{\"en\":\"Quidem similique nihil ex non veritatis et maiores. Earum ipsam voluptates quos eius quidem ducimus. Officiis molestiae velit dolor dolores quasi quis. Voluptatem aspernatur neque ea ut minus eum et.\",\"vi\":\"Phù hợp cho mọi lứa tuổi, mang lại sự thoải mái và phong cách.\"}',26,9,19,'draft',1,'2025-10-26 10:32:27','2025-10-26 10:32:27',NULL),(47,NULL,'{\"en\":\"quia possimus\",\"vi\":\"Tai nghe chất lượng\"}',NULL,'{\"en\":\"Aliquam quam ex cum aliquam cumque. Modi velit mollitia possimus. Aliquid molestiae culpa temporibus quam.\",\"vi\":\"Thiết kế độc đáo, màu sắc đa dạng, phù hợp với xu hướng thời trang.\"}',9,16,17,'pending_approval',1,'2025-10-26 10:32:27','2025-10-26 10:32:27',NULL),(48,NULL,'{\"en\":\"assumenda expedita\",\"vi\":\"Quần jeans tiện dụng\"}',NULL,'{\"en\":\"Esse praesentium veritatis voluptas enim ea eligendi adipisci et. Soluta et saepe ut excepturi dolorum nihil. Autem voluptates sunt repudiandae debitis aut id ut. Optio hic deserunt temporibus corporis voluptates.\",\"vi\":\"Được làm từ chất liệu cao cấp, đảm bảo độ bền và tính thẩm mỹ.\"}',27,20,18,'published',1,'2025-10-26 10:32:27','2025-10-26 10:32:27',NULL),(49,NULL,'{\"en\":\"tempora laudantium\",\"vi\":\"Ví da sang trọng\"}',NULL,'{\"en\":\"Eaque occaecati nobis placeat molestiae deserunt atque. Sit et fugit qui impedit et quasi adipisci non. Et repellat cum non voluptatem. Sed iste a dolores. Sequi reiciendis expedita sunt.\",\"vi\":\"Sản phẩm chất lượng cao, được thiết kế với phong cách hiện đại và tiện dụng.\"}',21,12,7,'draft',1,'2025-10-26 10:32:27','2025-10-26 10:32:27',NULL),(50,NULL,'{\"en\":\"hic officiis\",\"vi\":\"Áo khoác thời trang\"}',NULL,'{\"en\":\"Quibusdam nihil numquam voluptatum molestias sequi. Nostrum quo quidem et earum. Adipisci hic sed deleniti aliquam neque officia ut. Rerum et nisi quas exercitationem ullam qui.\",\"vi\":\"Sản phẩm chất lượng cao, được thiết kế với phong cách hiện đại và tiện dụng.\"}',3,15,8,'published',1,'2025-10-26 10:32:27','2025-10-26 10:32:27',NULL),(51,NULL,'{\"en\":\"eos doloribus\",\"vi\":\"Áo khoác hiện đại\"}',NULL,'{\"en\":\"Assumenda quo et aut aliquam dicta. Ipsam nostrum quas nisi. Minus totam nihil cupiditate optio. Labore quidem libero debitis dignissimos totam. Similique similique impedit ullam vitae et.\",\"vi\":\"Được làm từ chất liệu cao cấp, đảm bảo độ bền và tính thẩm mỹ.\"}',20,9,17,'draft',1,'2025-10-26 10:32:27','2025-10-26 10:32:27',NULL),(52,NULL,'{\"en\":\"eos sed\",\"vi\":\"Túi xách chất lượng\"}',NULL,'{\"en\":\"Impedit provident aut et sed excepturi quos ea. Voluptas facere sequi sunt fugit. Labore optio quisquam laudantium cupiditate illo id. Qui voluptas dolores hic.\",\"vi\":\"Sản phẩm chất lượng cao, được thiết kế với phong cách hiện đại và tiện dụng.\"}',9,8,10,'pending_approval',1,'2025-10-26 10:32:27','2025-10-26 10:32:27',NULL),(53,NULL,'{\"en\":\"necessitatibus quas\",\"vi\":\"Áo sơ mi sang trọng\"}',NULL,'{\"en\":\"Repellat culpa repellendus sint deserunt dolorum aut ex. Veniam voluptatem qui dolores doloribus laboriosam. Velit eos tenetur quae rem incidunt perferendis est voluptatem. Autem sit consectetur et quis quo unde quia aut.\",\"vi\":\"Phù hợp cho mọi lứa tuổi, mang lại sự thoải mái và phong cách.\"}',11,4,6,'draft',1,'2025-10-26 10:32:27','2025-10-26 10:32:27',NULL),(54,NULL,'{\"en\":\"adipisci non\",\"vi\":\"Máy tính chất lượng\"}',NULL,'{\"en\":\"Unde odio et qui voluptatem et. Explicabo qui nam neque exercitationem. Odio quidem voluptatum quis voluptas itaque voluptatem est.\",\"vi\":\"Được làm từ chất liệu cao cấp, đảm bảo độ bền và tính thẩm mỹ.\"}',9,18,18,'published',1,'2025-10-26 10:32:27','2025-10-26 10:32:27',NULL),(55,NULL,'{\"en\":\"consequuntur non\",\"vi\":\"Ví da sang trọng\"}',NULL,'{\"en\":\"Officia tempora et quis esse nam aliquid. Quas ad aperiam in corporis tenetur voluptas. Itaque et voluptates nostrum deserunt consequatur soluta odio.\",\"vi\":\"Phù hợp cho mọi lứa tuổi, mang lại sự thoải mái và phong cách.\"}',4,15,15,'draft',1,'2025-10-26 10:32:27','2025-10-26 10:32:27',NULL),(56,NULL,'{\"en\":\"sint aut\",\"vi\":\"Giày thể thao thời trang\"}',NULL,'{\"en\":\"Maiores doloremque odit omnis aut delectus repudiandae repellendus. Porro laboriosam modi qui nemo repellendus aut. Deserunt et et qui ab voluptas animi culpa. Occaecati eligendi ut doloribus alias magni ratione in.\",\"vi\":\"Sản phẩm chất lượng cao, được thiết kế với phong cách hiện đại và tiện dụng.\"}',16,14,13,'published',1,'2025-10-26 10:32:27','2025-10-26 10:32:27',NULL),(57,NULL,'{\"en\":\"laborum aliquam\",\"vi\":\"Áo khoác tiện dụng\"}',NULL,'{\"en\":\"Voluptate sed minus maxime occaecati. Et ut quo non soluta rerum nesciunt quam. Est animi saepe laboriosam dolorum inventore facilis. Omnis soluta natus veniam blanditiis non.\",\"vi\":\"Sản phẩm chất lượng cao, được thiết kế với phong cách hiện đại và tiện dụng.\"}',10,22,11,'pending_approval',1,'2025-10-26 10:32:27','2025-10-26 10:32:27',NULL),(58,NULL,'{\"en\":\"magnam odit\",\"vi\":\"Kính mát thời trang\"}',NULL,'{\"en\":\"Consequatur rerum nesciunt quasi. Aut doloremque cupiditate culpa atque. Ea inventore fuga est id dolor non perspiciatis.\",\"vi\":\"Thiết kế độc đáo, màu sắc đa dạng, phù hợp với xu hướng thời trang.\"}',11,20,13,'pending_approval',1,'2025-10-26 10:32:27','2025-10-26 10:32:27',NULL),(59,NULL,'{\"en\":\"consequuntur rerum\",\"vi\":\"Máy tính cao cấp\"}',NULL,'{\"en\":\"Et rerum quae qui. Et eos minima quia voluptates. Sint ea dolorem pariatur dolores.\",\"vi\":\"Được làm từ chất liệu cao cấp, đảm bảo độ bền và tính thẩm mỹ.\"}',26,19,18,'pending_approval',1,'2025-10-26 10:32:27','2025-10-26 10:32:27',NULL),(60,NULL,'{\"en\":\"qui adipisci\",\"vi\":\"Giày thể thao cao cấp\"}',NULL,'{\"en\":\"Repudiandae consequatur est distinctio est. Non deserunt quos pariatur. Doloribus quas est est porro dolores dolores. Dolorum unde expedita voluptate repellat vel eius.\",\"vi\":\"Thiết kế độc đáo, màu sắc đa dạng, phù hợp với xu hướng thời trang.\"}',4,20,7,'published',1,'2025-10-26 10:32:27','2025-10-26 10:32:27',NULL),(61,NULL,'{\"en\":\"quia sit\",\"vi\":\"Tai nghe tiện dụng\"}',NULL,'{\"en\":\"Possimus consequatur modi quod consequatur dolore esse qui. Sint in at non aut in et aliquam. Quo ullam quisquam impedit ea accusamus assumenda nam. Quisquam sequi enim sit fuga magnam dolores.\",\"vi\":\"Thiết kế độc đáo, màu sắc đa dạng, phù hợp với xu hướng thời trang.\"}',11,21,9,'published',1,'2025-10-26 10:32:27','2025-10-26 10:32:27',NULL),(62,NULL,'{\"en\":\"nobis non\",\"vi\":\"Quần jeans thời trang\"}',NULL,'{\"en\":\"Temporibus aperiam labore cumque ad dolores ut. Provident est incidunt accusantium natus dolorum perspiciatis dignissimos. Voluptas error sunt velit harum ducimus non maiores.\",\"vi\":\"Sản phẩm chất lượng cao, được thiết kế với phong cách hiện đại và tiện dụng.\"}',12,8,14,'pending_approval',1,'2025-10-26 10:32:27','2025-10-26 10:32:27',NULL),(63,NULL,'{\"en\":\"mollitia itaque\",\"vi\":\"Điện thoại sang trọng\"}',NULL,'{\"en\":\"Vitae hic dolorem eius quo cumque quaerat. Corrupti reprehenderit et explicabo voluptate eligendi omnis cumque corporis. Cupiditate qui eos ullam voluptatem velit. Natus fugit voluptatem enim debitis in beatae harum.\",\"vi\":\"Được làm từ chất liệu cao cấp, đảm bảo độ bền và tính thẩm mỹ.\"}',6,16,9,'pending_approval',1,'2025-10-26 10:32:27','2025-10-26 10:32:27',NULL),(64,NULL,'{\"en\":\"illo aut\",\"vi\":\"Điện thoại thời trang\"}',NULL,'{\"en\":\"Distinctio sed rem iste omnis reiciendis. Eveniet id voluptatum debitis culpa rerum commodi ut. Soluta et beatae eos unde harum.\",\"vi\":\"Sản phẩm chất lượng cao, được thiết kế với phong cách hiện đại và tiện dụng.\"}',19,17,7,'pending_approval',1,'2025-10-26 10:32:27','2025-10-26 10:32:27',NULL),(65,NULL,'{\"en\":\"sed neque\",\"vi\":\"Ví da thời trang\"}',NULL,'{\"en\":\"Quod ut temporibus perspiciatis officiis ea illum cumque. Iusto unde sit impedit maxime maiores. Et et et voluptatem eius et.\",\"vi\":\"Phù hợp cho mọi lứa tuổi, mang lại sự thoải mái và phong cách.\"}',27,9,8,'draft',1,'2025-10-26 10:32:27','2025-10-26 10:32:27',NULL),(66,NULL,'{\"en\":\"quod eos\",\"vi\":\"Kính mát hiện đại\"}',NULL,'{\"en\":\"Voluptate beatae omnis ab aliquid dicta. Qui alias magni corporis expedita omnis hic. Corrupti natus voluptas placeat nesciunt quo voluptas et.\",\"vi\":\"Sản phẩm chất lượng cao, được thiết kế với phong cách hiện đại và tiện dụng.\"}',2,4,5,'published',1,'2025-10-26 10:32:27','2025-10-26 10:32:27',NULL),(67,NULL,'{\"en\":\"ut voluptatem\",\"vi\":\"Áo len tiện dụng\"}',NULL,'{\"en\":\"Iusto et nihil id vitae. Impedit distinctio rerum quidem nisi aliquid. Dolores ullam iusto rerum maiores voluptatem debitis ex aut. Repellat qui doloribus reprehenderit vitae commodi dolores aut ratione.\",\"vi\":\"Sản phẩm chất lượng cao, được thiết kế với phong cách hiện đại và tiện dụng.\"}',27,14,4,'published',1,'2025-10-26 10:32:27','2025-10-26 10:32:27',NULL),(68,NULL,'{\"en\":\"minus in\",\"vi\":\"Giày thể thao tiện dụng\"}',NULL,'{\"en\":\"Deserunt sed ipsam doloribus quisquam. Et ut dolores et quod quod quod. Ab minus expedita numquam tempora deserunt mollitia id.\",\"vi\":\"Thiết kế độc đáo, màu sắc đa dạng, phù hợp với xu hướng thời trang.\"}',16,23,13,'draft',1,'2025-10-26 10:32:27','2025-10-26 10:32:27',NULL),(69,NULL,'{\"en\":\"ratione aliquam\",\"vi\":\"Túi xách cao cấp\"}',NULL,'{\"en\":\"Veritatis culpa distinctio quia eum excepturi. Deserunt cum vitae similique. Repudiandae adipisci eos sequi et nobis ut. Reiciendis maxime commodi officia magni.\",\"vi\":\"Phù hợp cho mọi lứa tuổi, mang lại sự thoải mái và phong cách.\"}',3,18,10,'pending_approval',1,'2025-10-26 10:32:27','2025-10-26 10:32:27',NULL),(70,NULL,'{\"en\":\"vero vitae\",\"vi\":\"Áo len chất lượng\"}',NULL,'{\"en\":\"Quis omnis provident sunt cupiditate qui odio non. Error quia qui et autem aliquam harum. Non laborum voluptatem ex aliquam labore. Corporis ut omnis incidunt maiores.\",\"vi\":\"Phù hợp cho mọi lứa tuổi, mang lại sự thoải mái và phong cách.\"}',17,16,8,'draft',1,'2025-10-26 10:32:27','2025-10-26 10:32:27',NULL),(71,NULL,'{\"en\":\"autem voluptatibus\",\"vi\":\"Túi xách thời trang\"}',NULL,'{\"en\":\"Quis est ut et et maxime dolorum ut. Aliquid ea quas ullam facere praesentium. Itaque saepe sit dicta. Quidem enim ut beatae sed atque dolor veritatis.\",\"vi\":\"Phù hợp cho mọi lứa tuổi, mang lại sự thoải mái và phong cách.\"}',19,4,9,'pending_approval',1,'2025-10-26 10:32:27','2025-10-26 10:32:27',NULL),(72,NULL,'{\"en\":\"repellendus aliquid\",\"vi\":\"Áo len sang trọng\"}',NULL,'{\"en\":\"Reprehenderit nemo molestiae quo omnis consequatur nesciunt doloribus. Id quis sed est molestiae dolor. Aut voluptatem veniam dolorem harum ut. Perspiciatis id sit ducimus ut unde unde corporis.\",\"vi\":\"Được làm từ chất liệu cao cấp, đảm bảo độ bền và tính thẩm mỹ.\"}',6,6,15,'draft',1,'2025-10-26 10:32:27','2025-10-26 10:32:27',NULL),(73,NULL,'{\"en\":\"commodi officiis\",\"vi\":\"Áo khoác cao cấp\"}',NULL,'{\"en\":\"Earum rerum pariatur est quas enim. Voluptatum accusantium rerum illum consequatur exercitationem omnis eius non. Officia commodi est mollitia nihil ipsam eos. Perspiciatis quia mollitia explicabo totam sit. Odit similique quos explicabo.\",\"vi\":\"Thiết kế độc đáo, màu sắc đa dạng, phù hợp với xu hướng thời trang.\"}',17,11,18,'published',1,'2025-10-26 10:32:27','2025-10-26 10:32:27',NULL),(74,NULL,'{\"en\":\"nulla tenetur\",\"vi\":\"Balo chất lượng\"}',NULL,'{\"en\":\"Facere voluptas voluptates occaecati enim quia quidem. Qui necessitatibus tempore animi repellat. Inventore voluptatem incidunt voluptate quis.\",\"vi\":\"Được làm từ chất liệu cao cấp, đảm bảo độ bền và tính thẩm mỹ.\"}',10,23,3,'draft',1,'2025-10-26 10:32:27','2025-10-26 10:32:27',NULL),(75,NULL,'{\"en\":\"et voluptatem\",\"vi\":\"Túi xách cao cấp\"}',NULL,'{\"en\":\"Culpa et velit autem debitis. Quod aliquam et consequatur similique animi.\",\"vi\":\"Sản phẩm chất lượng cao, được thiết kế với phong cách hiện đại và tiện dụng.\"}',3,17,5,'draft',1,'2025-10-26 10:32:27','2025-10-26 10:32:27',NULL),(76,NULL,'{\"en\":\"incidunt tempora\",\"vi\":\"Váy đầm thời trang\"}',NULL,'{\"en\":\"Saepe autem impedit est ratione. Numquam voluptatum excepturi natus molestiae aliquid. Accusantium quam mollitia aperiam culpa debitis sint et.\",\"vi\":\"Phù hợp cho mọi lứa tuổi, mang lại sự thoải mái và phong cách.\"}',20,17,15,'pending_approval',1,'2025-10-26 10:32:27','2025-10-26 10:32:27',NULL),(77,NULL,'{\"en\":\"animi ut\",\"vi\":\"Kính mát cao cấp\"}',NULL,'{\"en\":\"Id aliquam quisquam hic autem at suscipit cumque. Laborum laborum molestiae officiis aut quibusdam sunt. Eos hic tempore velit et in. Rerum sed asperiores itaque a consequuntur.\",\"vi\":\"Được làm từ chất liệu cao cấp, đảm bảo độ bền và tính thẩm mỹ.\"}',2,12,17,'draft',1,'2025-10-26 10:32:27','2025-10-26 10:32:27',NULL),(78,NULL,'{\"en\":\"earum quam\",\"vi\":\"Giày thể thao thời trang\"}',NULL,'{\"en\":\"Et reiciendis eum eum ducimus. Mollitia qui expedita odit distinctio. Quis qui sunt hic consequatur.\",\"vi\":\"Thiết kế độc đáo, màu sắc đa dạng, phù hợp với xu hướng thời trang.\"}',10,18,16,'pending_approval',1,'2025-10-26 10:32:27','2025-10-26 10:32:27',NULL),(79,NULL,'{\"en\":\"expedita similique\",\"vi\":\"Giày boot hiện đại\"}',NULL,'{\"en\":\"Voluptatum qui eum ut dolorem. Minus corrupti voluptatibus animi quia. Rerum culpa consequuntur iure velit ad. Veniam iusto qui suscipit quo.\",\"vi\":\"Phù hợp cho mọi lứa tuổi, mang lại sự thoải mái và phong cách.\"}',12,2,13,'pending_approval',1,'2025-10-26 10:32:27','2025-10-26 10:32:27',NULL),(80,NULL,'{\"en\":\"alias quaerat\",\"vi\":\"Đồng hồ hiện đại\"}',NULL,'{\"en\":\"Ratione fugit voluptatem voluptate culpa quam quia. Vel nihil ut deleniti ut. Unde possimus vero iste excepturi aut et. Rerum voluptatem necessitatibus molestias accusamus est.\",\"vi\":\"Sản phẩm chất lượng cao, được thiết kế với phong cách hiện đại và tiện dụng.\"}',8,3,6,'draft',1,'2025-10-26 10:32:27','2025-10-26 10:32:27',NULL),(81,NULL,'{\"en\":\"dolore illo\",\"vi\":\"Quần jeans cao cấp\"}',NULL,'{\"en\":\"Optio minima culpa velit veniam placeat nihil. Et sit quia quo quaerat unde impedit sunt. Laborum ipsa qui labore et dolores excepturi.\",\"vi\":\"Sản phẩm được kiểm tra chất lượng nghiêm ngặt trước khi đến tay khách hàng.\"}',22,19,17,'published',1,'2025-10-26 10:32:27','2025-10-26 10:32:27',NULL),(82,NULL,'{\"en\":\"eos est\",\"vi\":\"Tai nghe thời trang\"}',NULL,'{\"en\":\"Rerum sint impedit voluptates at temporibus et architecto. Placeat quod ipsa enim optio eos hic voluptates. Vel corporis harum ratione nemo perferendis.\",\"vi\":\"Sản phẩm được kiểm tra chất lượng nghiêm ngặt trước khi đến tay khách hàng.\"}',6,18,3,'published',1,'2025-10-26 10:32:27','2025-10-26 10:32:27',NULL),(83,NULL,'{\"en\":\"perferendis minus\",\"vi\":\"Balo chất lượng\"}',NULL,'{\"en\":\"Aut dolores quo rerum tempora voluptatem eius vel. Et non ut id impedit aut et repellat nisi.\",\"vi\":\"Thiết kế độc đáo, màu sắc đa dạng, phù hợp với xu hướng thời trang.\"}',17,21,3,'pending_approval',1,'2025-10-26 10:32:27','2025-10-26 10:32:27',NULL),(84,NULL,'{\"en\":\"cupiditate vero\",\"vi\":\"Túi xách hiện đại\"}',NULL,'{\"en\":\"A quia accusantium quos ut ut dolor. Voluptatibus alias nisi iusto quia quia rem placeat. Debitis error fugit totam quod et.\",\"vi\":\"Phù hợp cho mọi lứa tuổi, mang lại sự thoải mái và phong cách.\"}',17,21,19,'published',1,'2025-10-26 10:32:27','2025-10-26 10:32:27',NULL),(85,NULL,'{\"en\":\"libero nulla\",\"vi\":\"Tai nghe tiện dụng\"}',NULL,'{\"en\":\"Minus modi suscipit ratione placeat assumenda enim. Repellat quia nostrum velit sunt odit alias. Cumque ut minima qui et. Sed dicta est sapiente possimus expedita voluptatem.\",\"vi\":\"Sản phẩm chất lượng cao, được thiết kế với phong cách hiện đại và tiện dụng.\"}',3,20,17,'draft',1,'2025-10-26 10:32:27','2025-10-26 10:32:27',NULL),(86,NULL,'{\"en\":\"fugiat similique\",\"vi\":\"Ví da tiện dụng\"}',NULL,'{\"en\":\"Sed aut eum aut qui dolorum repellat blanditiis non. Fugiat dolorum beatae dolor dolor et laboriosam. Non aliquid ipsam nihil nobis delectus.\",\"vi\":\"Thiết kế độc đáo, màu sắc đa dạng, phù hợp với xu hướng thời trang.\"}',24,3,8,'pending_approval',1,'2025-10-26 10:32:27','2025-10-26 10:32:27',NULL),(87,NULL,'{\"en\":\"iste autem\",\"vi\":\"Tai nghe chất lượng\"}',NULL,'{\"en\":\"Voluptatum et corporis soluta. Deleniti eum consectetur quos dignissimos fugit.\",\"vi\":\"Sản phẩm được kiểm tra chất lượng nghiêm ngặt trước khi đến tay khách hàng.\"}',2,2,4,'draft',1,'2025-10-26 10:32:27','2025-10-26 10:32:27',NULL),(88,NULL,'{\"en\":\"aut quia\",\"vi\":\"Ví da sang trọng\"}',NULL,'{\"en\":\"Distinctio voluptatem nostrum soluta quos consequuntur quo. Incidunt velit occaecati cum omnis assumenda. Consequatur ut et repudiandae veritatis minima consequatur explicabo. Corporis sed nihil ea repellat provident fugiat consequatur. Quia et quaerat aut recusandae.\",\"vi\":\"Thiết kế độc đáo, màu sắc đa dạng, phù hợp với xu hướng thời trang.\"}',16,11,20,'published',1,'2025-10-26 10:32:27','2025-10-26 10:32:27',NULL),(89,NULL,'{\"en\":\"dolorum quos\",\"vi\":\"Áo khoác chất lượng\"}',NULL,'{\"en\":\"Dolorum illo nemo repellendus quidem. Omnis commodi voluptas perferendis earum aut deleniti est. Et in ut quia unde aut quae mollitia.\",\"vi\":\"Được làm từ chất liệu cao cấp, đảm bảo độ bền và tính thẩm mỹ.\"}',19,2,7,'published',1,'2025-10-26 10:32:27','2025-10-26 10:32:27',NULL),(90,NULL,'{\"en\":\"quam eaque\",\"vi\":\"Áo khoác sang trọng\"}',NULL,'{\"en\":\"Quis nobis optio laudantium consequatur dolores esse voluptas. Totam dolorum quas aperiam quibusdam ducimus. Ab repellat error unde quia facilis.\",\"vi\":\"Được làm từ chất liệu cao cấp, đảm bảo độ bền và tính thẩm mỹ.\"}',14,1,4,'draft',1,'2025-10-26 10:32:27','2025-10-26 10:32:27',NULL),(91,NULL,'{\"en\":\"aut quia\",\"vi\":\"Quần jeans tiện dụng\"}',NULL,'{\"en\":\"Debitis explicabo ducimus corporis aut. Quia mollitia ut rerum doloribus dolor. Est aspernatur qui eos tempore qui.\",\"vi\":\"Được làm từ chất liệu cao cấp, đảm bảo độ bền và tính thẩm mỹ.\"}',20,18,6,'published',1,'2025-10-26 10:32:27','2025-10-26 10:32:27',NULL),(92,NULL,'{\"en\":\"repellat est\",\"vi\":\"Ví da chất lượng\"}',NULL,'{\"en\":\"Dolorum nobis cupiditate qui. Consequatur eaque quam laudantium sint dolore. Sint sit enim voluptatem. In consequuntur ex ut error temporibus qui omnis optio.\",\"vi\":\"Được làm từ chất liệu cao cấp, đảm bảo độ bền và tính thẩm mỹ.\"}',11,20,5,'draft',1,'2025-10-26 10:32:27','2025-10-26 10:32:27',NULL),(93,NULL,'{\"en\":\"quia modi\",\"vi\":\"Đồng hồ thời trang\"}',NULL,'{\"en\":\"Corrupti quos voluptatum provident et consequatur. Possimus rem amet dolores non illo. Tempore eligendi autem nihil nihil autem praesentium neque. Voluptas iure est laboriosam.\",\"vi\":\"Phù hợp cho mọi lứa tuổi, mang lại sự thoải mái và phong cách.\"}',17,4,19,'draft',1,'2025-10-26 10:32:27','2025-10-26 10:32:27',NULL),(94,NULL,'{\"en\":\"aut est\",\"vi\":\"Quần jeans chất lượng\"}',NULL,'{\"en\":\"Recusandae porro sed quia voluptates et qui omnis cum. Dolores accusantium et aperiam consequatur voluptas distinctio. Eligendi hic voluptas corrupti veritatis nihil earum. Reprehenderit nulla quidem modi temporibus eum doloremque.\",\"vi\":\"Phù hợp cho mọi lứa tuổi, mang lại sự thoải mái và phong cách.\"}',9,12,11,'pending_approval',1,'2025-10-26 10:32:27','2025-10-26 10:32:27',NULL),(95,NULL,'{\"en\":\"ut nesciunt\",\"vi\":\"Áo khoác cao cấp\"}',NULL,'{\"en\":\"Voluptate non eos esse ut nemo unde. Unde est doloremque quaerat tempora iure quas. Ut dolorum nobis enim maiores occaecati dolores.\",\"vi\":\"Sản phẩm chất lượng cao, được thiết kế với phong cách hiện đại và tiện dụng.\"}',26,3,18,'published',1,'2025-10-26 10:32:27','2025-10-26 10:32:27',NULL),(96,NULL,'{\"en\":\"illum corporis\",\"vi\":\"Balo tiện dụng\"}',NULL,'{\"en\":\"Eligendi voluptas eveniet molestias. Voluptatem voluptas quasi blanditiis nostrum. Quia sapiente vero maiores blanditiis. Nihil quia reprehenderit architecto sunt debitis doloribus et.\",\"vi\":\"Sản phẩm chất lượng cao, được thiết kế với phong cách hiện đại và tiện dụng.\"}',3,4,13,'draft',1,'2025-10-26 10:32:27','2025-10-26 10:32:27',NULL),(97,NULL,'{\"en\":\"laborum asperiores\",\"vi\":\"Áo sơ mi tiện dụng\"}',NULL,'{\"en\":\"Esse recusandae recusandae et aspernatur accusantium reprehenderit. Dicta atque nulla repellendus itaque dolores sapiente sunt.\",\"vi\":\"Sản phẩm chất lượng cao, được thiết kế với phong cách hiện đại và tiện dụng.\"}',20,10,4,'pending_approval',1,'2025-10-26 10:32:27','2025-10-26 10:32:27',NULL),(98,NULL,'{\"en\":\"sed qui\",\"vi\":\"Quần jeans hiện đại\"}',NULL,'{\"en\":\"Deserunt fugiat beatae ipsam labore. Dolor nisi et magnam in quia omnis consequatur. Quas iusto ut sed autem corrupti eaque quibusdam ea. Totam optio dolorum et explicabo tempore.\",\"vi\":\"Thiết kế độc đáo, màu sắc đa dạng, phù hợp với xu hướng thời trang.\"}',10,4,2,'pending_approval',1,'2025-10-26 10:32:27','2025-10-26 10:32:27',NULL),(99,NULL,'{\"en\":\"nihil est\",\"vi\":\"Ví da hiện đại\"}',NULL,'{\"en\":\"Ut blanditiis et molestias. Non sunt error et dolorem sunt voluptatem reiciendis repellendus. Recusandae ex facilis omnis suscipit repellat deleniti. Vel vel deleniti eum.\",\"vi\":\"Sản phẩm chất lượng cao, được thiết kế với phong cách hiện đại và tiện dụng.\"}',20,21,8,'draft',1,'2025-10-26 10:32:27','2025-10-26 10:32:27',NULL),(100,NULL,'{\"en\":\"dolores sit\",\"vi\":\"Kính mát thời trang\"}',NULL,'{\"en\":\"Aspernatur et nulla quo velit. Et voluptates explicabo et et non cupiditate. Error quia labore quia suscipit veniam iste.\",\"vi\":\"Sản phẩm được kiểm tra chất lượng nghiêm ngặt trước khi đến tay khách hàng.\"}',25,8,5,'published',1,'2025-10-26 10:32:27','2025-10-26 10:32:27',NULL);
/*!40000 ALTER TABLE `products` ENABLE KEYS */;
UNLOCK TABLES;

--
-- Table structure for table `promotion_audit_logs`
--

DROP TABLE IF EXISTS `promotion_audit_logs`;
/*!40101 SET @saved_cs_client     = @@character_set_client */;
/*!50503 SET character_set_client = utf8mb4 */;
CREATE TABLE `promotion_audit_logs` (
  `audit_id` bigint(20) unsigned NOT NULL AUTO_INCREMENT,
  `promotion_id` bigint(20) unsigned DEFAULT NULL,
  `user_id` bigint(20) unsigned DEFAULT NULL,
  `action` enum('created','updated','deleted','activated','deactivated','applied') NOT NULL,
  `old_values` longtext CHARACTER SET utf8mb4 COLLATE utf8mb4_bin DEFAULT NULL CHECK (json_valid(`old_values`)),
  `new_values` longtext CHARACTER SET utf8mb4 COLLATE utf8mb4_bin DEFAULT NULL CHECK (json_valid(`new_values`)),
  `ip_address` varchar(45) DEFAULT NULL,
  `user_agent` text DEFAULT NULL,
  `created_at` timestamp NOT NULL DEFAULT current_timestamp(),
  PRIMARY KEY (`audit_id`),
  KEY `promotion_audit_logs_user_id_foreign` (`user_id`),
  KEY `promotion_audit_logs_promotion_id_created_at_index` (`promotion_id`,`created_at`),
  CONSTRAINT `promotion_audit_logs_promotion_id_foreign` FOREIGN KEY (`promotion_id`) REFERENCES `promotions` (`promotion_id`) ON DELETE CASCADE,
  CONSTRAINT `promotion_audit_logs_user_id_foreign` FOREIGN KEY (`user_id`) REFERENCES `users` (`id`) ON DELETE SET NULL
) ENGINE=InnoDB DEFAULT CHARSET=utf8mb4 COLLATE=utf8mb4_unicode_ci;
/*!40101 SET character_set_client = @saved_cs_client */;

--
-- Dumping data for table `promotion_audit_logs`
--

LOCK TABLES `promotion_audit_logs` WRITE;
/*!40000 ALTER TABLE `promotion_audit_logs` DISABLE KEYS */;
/*!40000 ALTER TABLE `promotion_audit_logs` ENABLE KEYS */;
UNLOCK TABLES;

--
-- Table structure for table `promotion_categories`
--

DROP TABLE IF EXISTS `promotion_categories`;
/*!40101 SET @saved_cs_client     = @@character_set_client */;
/*!50503 SET character_set_client = utf8mb4 */;
CREATE TABLE `promotion_categories` (
  `promotion_id` bigint(20) unsigned NOT NULL,
  `category_id` bigint(20) unsigned NOT NULL,
  `created_at` timestamp NULL DEFAULT NULL,
  `updated_at` timestamp NULL DEFAULT NULL,
  PRIMARY KEY (`promotion_id`,`category_id`),
  KEY `promotion_categories_category_id_foreign` (`category_id`),
  CONSTRAINT `promotion_categories_category_id_foreign` FOREIGN KEY (`category_id`) REFERENCES `categories` (`category_id`) ON DELETE CASCADE,
  CONSTRAINT `promotion_categories_promotion_id_foreign` FOREIGN KEY (`promotion_id`) REFERENCES `promotions` (`promotion_id`) ON DELETE CASCADE
) ENGINE=InnoDB DEFAULT CHARSET=utf8mb4 COLLATE=utf8mb4_unicode_ci;
/*!40101 SET character_set_client = @saved_cs_client */;

--
-- Dumping data for table `promotion_categories`
--

LOCK TABLES `promotion_categories` WRITE;
/*!40000 ALTER TABLE `promotion_categories` DISABLE KEYS */;
/*!40000 ALTER TABLE `promotion_categories` ENABLE KEYS */;
UNLOCK TABLES;

--
-- Table structure for table `promotion_codes`
--

DROP TABLE IF EXISTS `promotion_codes`;
/*!40101 SET @saved_cs_client     = @@character_set_client */;
/*!50503 SET character_set_client = utf8mb4 */;
CREATE TABLE `promotion_codes` (
  `promotion_code_id` bigint(20) unsigned NOT NULL AUTO_INCREMENT,
  `promotion_id` bigint(20) unsigned NOT NULL,
  `code` varchar(50) NOT NULL,
  `usage_limit` int(11) DEFAULT NULL,
  `used_count` int(11) NOT NULL DEFAULT 0,
  `is_active` tinyint(1) NOT NULL DEFAULT 1,
  `created_at` timestamp NULL DEFAULT NULL,
  `updated_at` timestamp NULL DEFAULT NULL,
  PRIMARY KEY (`promotion_code_id`),
  UNIQUE KEY `promotion_codes_code_unique` (`code`),
  KEY `promotion_codes_promotion_id_foreign` (`promotion_id`),
  CONSTRAINT `promotion_codes_promotion_id_foreign` FOREIGN KEY (`promotion_id`) REFERENCES `promotions` (`promotion_id`) ON DELETE CASCADE
) ENGINE=InnoDB AUTO_INCREMENT=51 DEFAULT CHARSET=utf8mb4 COLLATE=utf8mb4_unicode_ci;
/*!40101 SET character_set_client = @saved_cs_client */;

--
-- Dumping data for table `promotion_codes`
--

LOCK TABLES `promotion_codes` WRITE;
/*!40000 ALTER TABLE `promotion_codes` DISABLE KEYS */;
INSERT INTO `promotion_codes` VALUES (1,11,'GRZP6VTT',4,0,1,'2025-10-26 10:32:31','2025-10-26 10:32:31'),(2,11,'LGL43BWK',3,0,1,'2025-10-26 10:32:31','2025-10-26 10:32:31'),(3,11,'LQA1NSM4',2,0,1,'2025-10-26 10:32:31','2025-10-26 10:32:31'),(4,11,'UPUCGCNU',1,0,1,'2025-10-26 10:32:31','2025-10-26 10:32:31'),(5,11,'SXZI4UXS',5,0,1,'2025-10-26 10:32:31','2025-10-26 10:32:31'),(6,11,'15UQAIUN',5,0,1,'2025-10-26 10:32:31','2025-10-26 10:32:31'),(7,11,'F5QNA1H2',1,0,1,'2025-10-26 10:32:31','2025-10-26 10:32:31'),(8,11,'KM8TFGH6',2,0,1,'2025-10-26 10:32:31','2025-10-26 10:32:31'),(9,11,'XSRD5SU1',5,0,1,'2025-10-26 10:32:31','2025-10-26 10:32:31'),(10,11,'YUO13ZKJ',1,0,1,'2025-10-26 10:32:31','2025-10-26 10:32:31'),(11,12,'AAZ0ZQ1M',2,0,1,'2025-10-26 10:32:31','2025-10-26 10:32:31'),(12,12,'60OQVUAO',4,0,1,'2025-10-26 10:32:31','2025-10-26 10:32:31'),(13,12,'3BI5Y3OO',4,0,1,'2025-10-26 10:32:31','2025-10-26 10:32:31'),(14,12,'TVJ3VMML',1,0,1,'2025-10-26 10:32:31','2025-10-26 10:32:31'),(15,12,'APOAJY8S',1,0,1,'2025-10-26 10:32:31','2025-10-26 10:32:31'),(16,12,'ZYO9TAG6',1,0,1,'2025-10-26 10:32:31','2025-10-26 10:32:31'),(17,12,'N4U3AVCO',5,0,1,'2025-10-26 10:32:31','2025-10-26 10:32:31'),(18,12,'YQ5DS1NW',1,0,1,'2025-10-26 10:32:31','2025-10-26 10:32:31'),(19,12,'RNX7ZBDT',1,0,1,'2025-10-26 10:32:31','2025-10-26 10:32:31'),(20,12,'0ISOIUA8',4,0,1,'2025-10-26 10:32:31','2025-10-26 10:32:31'),(21,13,'NUI4X14I',3,0,1,'2025-10-26 10:32:31','2025-10-26 10:32:31'),(22,13,'RQAZDOH9',2,0,1,'2025-10-26 10:32:31','2025-10-26 10:32:31'),(23,13,'M4IYBHCK',5,0,1,'2025-10-26 10:32:31','2025-10-26 10:32:31'),(24,13,'1GNJP4CW',1,0,1,'2025-10-26 10:32:31','2025-10-26 10:32:31'),(25,13,'T5NDBYUX',5,0,1,'2025-10-26 10:32:31','2025-10-26 10:32:31'),(26,13,'BAIF9JNL',3,0,1,'2025-10-26 10:32:31','2025-10-26 10:32:31'),(27,13,'IYKRIIOZ',2,0,1,'2025-10-26 10:32:31','2025-10-26 10:32:31'),(28,13,'NDOZ15MZ',3,0,1,'2025-10-26 10:32:31','2025-10-26 10:32:31'),(29,13,'FSUMW6DQ',5,0,1,'2025-10-26 10:32:31','2025-10-26 10:32:31'),(30,13,'OT6M9OU0',2,0,1,'2025-10-26 10:32:31','2025-10-26 10:32:31'),(31,14,'GXGSVF5D',1,0,1,'2025-10-26 10:32:31','2025-10-26 10:32:31'),(32,14,'K1XXUEPW',3,0,1,'2025-10-26 10:32:31','2025-10-26 10:32:31'),(33,14,'EKFSKDD7',2,0,1,'2025-10-26 10:32:31','2025-10-26 10:32:31'),(34,14,'YBYXMTIY',4,0,1,'2025-10-26 10:32:31','2025-10-26 10:32:31'),(35,14,'LZAW9O7H',5,0,1,'2025-10-26 10:32:31','2025-10-26 10:32:31'),(36,14,'RH62NEVZ',3,0,1,'2025-10-26 10:32:31','2025-10-26 10:32:31'),(37,14,'UW2QU4GU',4,0,1,'2025-10-26 10:32:31','2025-10-26 10:32:31'),(38,14,'GFX9XARQ',5,0,1,'2025-10-26 10:32:31','2025-10-26 10:32:31'),(39,14,'R0V8AZBU',3,0,1,'2025-10-26 10:32:31','2025-10-26 10:32:31'),(40,14,'YDXHFL3O',1,0,1,'2025-10-26 10:32:31','2025-10-26 10:32:31'),(41,15,'W9IR8DBO',3,0,1,'2025-10-26 10:32:31','2025-10-26 10:32:31'),(42,15,'2HQYKAVE',1,0,1,'2025-10-26 10:32:31','2025-10-26 10:32:31'),(43,15,'ZN0Y08TZ',5,0,1,'2025-10-26 10:32:31','2025-10-26 10:32:31'),(44,15,'JPJKRSQL',4,0,1,'2025-10-26 10:32:31','2025-10-26 10:32:31'),(45,15,'DDNP0RVI',1,0,1,'2025-10-26 10:32:31','2025-10-26 10:32:31'),(46,15,'I0IWAPGB',1,0,1,'2025-10-26 10:32:31','2025-10-26 10:32:31'),(47,15,'BBE2EFSB',3,0,1,'2025-10-26 10:32:31','2025-10-26 10:32:31'),(48,15,'Z4CQSBBF',4,0,1,'2025-10-26 10:32:31','2025-10-26 10:32:31'),(49,15,'IBINU6A1',5,0,1,'2025-10-26 10:32:31','2025-10-26 10:32:31'),(50,15,'IE3BQOMH',1,0,1,'2025-10-26 10:32:31','2025-10-26 10:32:31');
/*!40000 ALTER TABLE `promotion_codes` ENABLE KEYS */;
UNLOCK TABLES;

--
-- Table structure for table `promotion_imports`
--

DROP TABLE IF EXISTS `promotion_imports`;
/*!40101 SET @saved_cs_client     = @@character_set_client */;
/*!50503 SET character_set_client = utf8mb4 */;
CREATE TABLE `promotion_imports` (
  `import_id` bigint(20) unsigned NOT NULL AUTO_INCREMENT,
  `tracking_token` char(36) NOT NULL,
  `filename` varchar(255) NOT NULL,
  `total_rows` int(10) unsigned NOT NULL DEFAULT 0,
  `processed_rows` int(10) unsigned NOT NULL DEFAULT 0,
  `failed_rows` int(10) unsigned NOT NULL DEFAULT 0,
  `status` enum('processing','completed','failed') NOT NULL DEFAULT 'processing',
  `error_log` text DEFAULT NULL,
  `promotion_id` bigint(20) unsigned NOT NULL,
  `created_by` bigint(20) unsigned DEFAULT NULL,
  `completed_at` timestamp NULL DEFAULT NULL,
  `created_at` timestamp NULL DEFAULT NULL,
  `updated_at` timestamp NULL DEFAULT NULL,
  PRIMARY KEY (`import_id`),
  UNIQUE KEY `promotion_imports_tracking_token_unique` (`tracking_token`),
  KEY `promotion_imports_promotion_id_foreign` (`promotion_id`),
  KEY `promotion_imports_created_by_foreign` (`created_by`),
  CONSTRAINT `promotion_imports_created_by_foreign` FOREIGN KEY (`created_by`) REFERENCES `users` (`id`) ON DELETE SET NULL,
  CONSTRAINT `promotion_imports_promotion_id_foreign` FOREIGN KEY (`promotion_id`) REFERENCES `promotions` (`promotion_id`) ON DELETE CASCADE
) ENGINE=InnoDB DEFAULT CHARSET=utf8mb4 COLLATE=utf8mb4_unicode_ci;
/*!40101 SET character_set_client = @saved_cs_client */;

--
-- Dumping data for table `promotion_imports`
--

LOCK TABLES `promotion_imports` WRITE;
/*!40000 ALTER TABLE `promotion_imports` DISABLE KEYS */;
/*!40000 ALTER TABLE `promotion_imports` ENABLE KEYS */;
UNLOCK TABLES;

--
-- Table structure for table `promotion_performance_metrics`
--

DROP TABLE IF EXISTS `promotion_performance_metrics`;
/*!40101 SET @saved_cs_client     = @@character_set_client */;
/*!50503 SET character_set_client = utf8mb4 */;
CREATE TABLE `promotion_performance_metrics` (
  `metric_id` bigint(20) unsigned NOT NULL AUTO_INCREMENT,
  `promotion_id` bigint(20) unsigned NOT NULL,
  `date` date NOT NULL,
  `impressions` int(10) unsigned NOT NULL DEFAULT 0,
  `clicks` int(10) unsigned NOT NULL DEFAULT 0,
  `conversions` int(10) unsigned NOT NULL DEFAULT 0,
  `revenue` decimal(18,2) NOT NULL DEFAULT 0.00,
  `cost` decimal(18,2) NOT NULL DEFAULT 0.00,
  `created_at` timestamp NOT NULL DEFAULT current_timestamp(),
  `updated_at` timestamp NULL DEFAULT NULL ON UPDATE current_timestamp(),
  PRIMARY KEY (`metric_id`),
  UNIQUE KEY `promotion_performance_metrics_promotion_id_date_unique` (`promotion_id`,`date`),
  CONSTRAINT `promotion_performance_metrics_promotion_id_foreign` FOREIGN KEY (`promotion_id`) REFERENCES `promotions` (`promotion_id`) ON DELETE CASCADE
) ENGINE=InnoDB DEFAULT CHARSET=utf8mb4 COLLATE=utf8mb4_unicode_ci;
/*!40101 SET character_set_client = @saved_cs_client */;

--
-- Dumping data for table `promotion_performance_metrics`
--

LOCK TABLES `promotion_performance_metrics` WRITE;
/*!40000 ALTER TABLE `promotion_performance_metrics` DISABLE KEYS */;
/*!40000 ALTER TABLE `promotion_performance_metrics` ENABLE KEYS */;
UNLOCK TABLES;

--
-- Table structure for table `promotion_products`
--

DROP TABLE IF EXISTS `promotion_products`;
/*!40101 SET @saved_cs_client     = @@character_set_client */;
/*!50503 SET character_set_client = utf8mb4 */;
CREATE TABLE `promotion_products` (
  `promotion_id` bigint(20) unsigned NOT NULL,
  `product_id` bigint(20) unsigned NOT NULL,
  `created_at` timestamp NULL DEFAULT NULL,
  `updated_at` timestamp NULL DEFAULT NULL,
  PRIMARY KEY (`promotion_id`,`product_id`),
  KEY `promotion_products_product_id_foreign` (`product_id`),
  CONSTRAINT `promotion_products_product_id_foreign` FOREIGN KEY (`product_id`) REFERENCES `products` (`product_id`) ON DELETE CASCADE,
  CONSTRAINT `promotion_products_promotion_id_foreign` FOREIGN KEY (`promotion_id`) REFERENCES `promotions` (`promotion_id`) ON DELETE CASCADE
) ENGINE=InnoDB DEFAULT CHARSET=utf8mb4 COLLATE=utf8mb4_unicode_ci;
/*!40101 SET character_set_client = @saved_cs_client */;

--
-- Dumping data for table `promotion_products`
--

LOCK TABLES `promotion_products` WRITE;
/*!40000 ALTER TABLE `promotion_products` DISABLE KEYS */;
/*!40000 ALTER TABLE `promotion_products` ENABLE KEYS */;
UNLOCK TABLES;

--
-- Table structure for table `promotion_templates`
--

DROP TABLE IF EXISTS `promotion_templates`;
/*!40101 SET @saved_cs_client     = @@character_set_client */;
/*!50503 SET character_set_client = utf8mb4 */;
CREATE TABLE `promotion_templates` (
  `template_id` bigint(20) unsigned NOT NULL AUTO_INCREMENT,
  `name` varchar(255) NOT NULL,
  `description` text DEFAULT NULL,
  `type` tinyint(4) NOT NULL,
  `value` decimal(18,2) NOT NULL,
  `config` longtext CHARACTER SET utf8mb4 COLLATE utf8mb4_bin NOT NULL CHECK (json_valid(`config`)),
  `category` enum('seasonal','category_specific','customer_specific','custom') NOT NULL,
  `is_public` tinyint(1) NOT NULL DEFAULT 0,
  `created_by` bigint(20) unsigned DEFAULT NULL,
  `created_at` timestamp NULL DEFAULT NULL,
  `updated_at` timestamp NULL DEFAULT NULL,
  PRIMARY KEY (`template_id`),
  KEY `promotion_templates_created_by_foreign` (`created_by`),
  CONSTRAINT `promotion_templates_created_by_foreign` FOREIGN KEY (`created_by`) REFERENCES `users` (`id`) ON DELETE SET NULL
) ENGINE=InnoDB DEFAULT CHARSET=utf8mb4 COLLATE=utf8mb4_unicode_ci;
/*!40101 SET character_set_client = @saved_cs_client */;

--
-- Dumping data for table `promotion_templates`
--

LOCK TABLES `promotion_templates` WRITE;
/*!40000 ALTER TABLE `promotion_templates` DISABLE KEYS */;
/*!40000 ALTER TABLE `promotion_templates` ENABLE KEYS */;
UNLOCK TABLES;

--
-- Table structure for table `promotions`
--

DROP TABLE IF EXISTS `promotions`;
/*!40101 SET @saved_cs_client     = @@character_set_client */;
/*!50503 SET character_set_client = utf8mb4 */;
CREATE TABLE `promotions` (
  `promotion_id` bigint(20) unsigned NOT NULL AUTO_INCREMENT,
  `name` varchar(200) NOT NULL,
  `description` text DEFAULT NULL,
  `type` tinyint(4) NOT NULL COMMENT '1: Percentage, 2: Fixed Amount',
  `value` decimal(18,2) NOT NULL,
  `min_order_amount` decimal(18,2) DEFAULT NULL,
  `max_discount_amount` decimal(18,2) DEFAULT NULL,
  `start_date` timestamp NOT NULL DEFAULT current_timestamp(),
  `end_date` timestamp NOT NULL DEFAULT current_timestamp(),
  `usage_limit` int(11) DEFAULT NULL,
  `used_count` int(11) NOT NULL DEFAULT 0,
  `is_active` tinyint(1) NOT NULL DEFAULT 1,
  `priority` enum('low','medium','high','urgent') NOT NULL DEFAULT 'medium',
  `stackable` tinyint(1) NOT NULL DEFAULT 0,
  `customer_eligibility` longtext CHARACTER SET utf8mb4 COLLATE utf8mb4_bin DEFAULT NULL CHECK (json_valid(`customer_eligibility`)),
  `geographic_restrictions` longtext CHARACTER SET utf8mb4 COLLATE utf8mb4_bin DEFAULT NULL CHECK (json_valid(`geographic_restrictions`)),
  `product_restrictions` longtext CHARACTER SET utf8mb4 COLLATE utf8mb4_bin DEFAULT NULL CHECK (json_valid(`product_restrictions`)),
  `budget_limit` decimal(12,2) DEFAULT NULL,
  `budget_used` decimal(12,2) NOT NULL DEFAULT 0.00,
  `daily_usage_limit` int(10) unsigned DEFAULT NULL,
  `daily_usage_count` int(10) unsigned NOT NULL DEFAULT 0,
  `per_customer_limit` int(10) unsigned DEFAULT NULL,
  `first_time_customer_only` tinyint(1) NOT NULL DEFAULT 0,
  `minimum_cart_value` decimal(10,2) DEFAULT NULL,
  `maximum_discount_amount` decimal(10,2) DEFAULT NULL,
  `time_restrictions` longtext CHARACTER SET utf8mb4 COLLATE utf8mb4_bin DEFAULT NULL CHECK (json_valid(`time_restrictions`)),
  `selection_rules` longtext CHARACTER SET utf8mb4 COLLATE utf8mb4_bin DEFAULT NULL CHECK (json_valid(`selection_rules`)),
  `auto_apply_new_products` tinyint(1) NOT NULL DEFAULT 0,
  `created_by_type` enum('admin','seller') NOT NULL DEFAULT 'admin',
  `seller_id` bigint(20) unsigned DEFAULT NULL,
  `budget_source` enum('platform','seller_wallet') NOT NULL DEFAULT 'platform',
  `allocated_budget` decimal(18,2) DEFAULT NULL,
  `spent_budget` decimal(18,2) NOT NULL DEFAULT 0.00,
  `roi_percentage` decimal(5,2) DEFAULT NULL,
  `auto_apply_condition` varchar(500) DEFAULT NULL,
  `terms_and_conditions` text DEFAULT NULL,
  `last_used_at` timestamp NULL DEFAULT NULL,
  `created_at` timestamp NULL DEFAULT NULL,
  `updated_at` timestamp NULL DEFAULT NULL,
  `deleted_at` timestamp NULL DEFAULT NULL,
  PRIMARY KEY (`promotion_id`),
  KEY `promotions_priority_is_active_end_date_index` (`priority`,`is_active`,`end_date`),
  KEY `promotions_stackable_is_active_index` (`stackable`,`is_active`),
  KEY `promotions_first_time_customer_only_is_active_index` (`first_time_customer_only`,`is_active`),
  KEY `promotions_budget_limit_budget_used_index` (`budget_limit`,`budget_used`),
  KEY `promotions_seller_id_foreign` (`seller_id`),
  KEY `promotions_created_by_type_index` (`created_by_type`),
  CONSTRAINT `promotions_seller_id_foreign` FOREIGN KEY (`seller_id`) REFERENCES `users` (`id`) ON DELETE SET NULL
) ENGINE=InnoDB AUTO_INCREMENT=16 DEFAULT CHARSET=utf8mb4 COLLATE=utf8mb4_unicode_ci;
/*!40101 SET character_set_client = @saved_cs_client */;

--
-- Dumping data for table `promotions`
--

LOCK TABLES `promotions` WRITE;
/*!40000 ALTER TABLE `promotions` DISABLE KEYS */;
INSERT INTO `promotions` VALUES (1,'Khuyến mãi fuga molestiae officiis','Laborum nisi magni temporibus delectus sunt.',1,42.00,NULL,34405.00,'2025-10-16 10:32:31','2025-12-20 10:32:31',200,0,1,'medium',0,NULL,NULL,NULL,NULL,0.00,NULL,0,NULL,0,NULL,NULL,NULL,NULL,0,'admin',NULL,'platform',NULL,0.00,NULL,NULL,NULL,NULL,'2025-10-26 10:32:31','2025-10-26 10:32:31',NULL),(2,'Khuyến mãi eligendi sapiente beatae','Et non impedit magni iste.',2,102646.00,50000.00,102646.00,'2025-10-23 10:32:31','2025-11-22 10:32:31',500,0,1,'medium',0,NULL,NULL,NULL,NULL,0.00,NULL,0,NULL,0,NULL,NULL,NULL,NULL,0,'admin',NULL,'platform',NULL,0.00,NULL,NULL,NULL,NULL,'2025-10-26 10:32:31','2025-10-26 10:32:31',NULL),(3,'Khuyến mãi unde dolore id','Est provident qui eos ipsam voluptatibus.',1,19.00,200000.00,43530.00,'2025-10-25 10:32:31','2025-12-24 10:32:31',NULL,0,1,'medium',0,NULL,NULL,NULL,NULL,0.00,NULL,0,NULL,0,NULL,NULL,NULL,NULL,0,'admin',NULL,'platform',NULL,0.00,NULL,NULL,NULL,NULL,'2025-10-26 10:32:31','2025-10-26 10:32:31',NULL),(4,'Khuyến mãi doloremque perferendis possimus','Officia ipsum voluptates ipsa dolor.',2,116042.00,50000.00,116042.00,'2025-10-23 10:32:31','2025-12-06 10:32:31',500,0,1,'medium',0,NULL,NULL,NULL,NULL,0.00,NULL,0,NULL,0,NULL,NULL,NULL,NULL,0,'admin',NULL,'platform',NULL,0.00,NULL,NULL,NULL,NULL,'2025-10-26 10:32:31','2025-10-26 10:32:31',NULL),(5,'Khuyến mãi dolorem aut necessitatibus','Minima illum eum dicta animi odio ut iusto amet.',1,12.00,NULL,96691.00,'2025-10-25 10:32:31','2025-12-18 10:32:31',500,0,1,'medium',0,NULL,NULL,NULL,NULL,0.00,NULL,0,NULL,0,NULL,NULL,NULL,NULL,0,'admin',NULL,'platform',NULL,0.00,NULL,NULL,NULL,NULL,'2025-10-26 10:32:31','2025-10-26 10:32:31',NULL),(6,'Khuyến mãi sit repellendus architecto','Sapiente eum aliquid eos consectetur quisquam quis.',1,6.00,100000.00,53011.00,'2025-10-23 10:32:31','2025-12-10 10:32:31',100,0,1,'medium',0,NULL,NULL,NULL,NULL,0.00,NULL,0,NULL,0,NULL,NULL,NULL,NULL,0,'admin',NULL,'platform',NULL,0.00,NULL,NULL,NULL,NULL,'2025-10-26 10:32:31','2025-10-26 10:32:31',NULL),(7,'Khuyến mãi et eligendi magni','Excepturi nobis facilis sequi ut.',2,116382.00,NULL,116382.00,'2025-10-21 10:32:31','2025-12-06 10:32:31',500,0,1,'medium',0,NULL,NULL,NULL,NULL,0.00,NULL,0,NULL,0,NULL,NULL,NULL,NULL,0,'admin',NULL,'platform',NULL,0.00,NULL,NULL,NULL,NULL,'2025-10-26 10:32:31','2025-10-26 10:32:31',NULL),(8,'Khuyến mãi quos aspernatur a','Quidem officiis alias vero totam commodi dolor laboriosam.',2,115147.00,200000.00,115147.00,'2025-10-19 10:32:31','2025-11-18 10:32:31',100,0,1,'medium',0,NULL,NULL,NULL,NULL,0.00,NULL,0,NULL,0,NULL,NULL,NULL,NULL,0,'admin',NULL,'platform',NULL,0.00,NULL,NULL,NULL,NULL,'2025-10-26 10:32:31','2025-10-26 10:32:31',NULL),(9,'Khuyến mãi aut ut cupiditate','Praesentium vitae molestiae consequatur consequatur vitae eius.',1,38.00,50000.00,77177.00,'2025-10-17 10:32:31','2025-12-04 10:32:31',500,0,1,'medium',0,NULL,NULL,NULL,NULL,0.00,NULL,0,NULL,0,NULL,NULL,NULL,NULL,0,'admin',NULL,'platform',NULL,0.00,NULL,NULL,NULL,NULL,'2025-10-26 10:32:31','2025-10-26 10:32:31',NULL),(10,'Khuyến mãi est sint a','Eos voluptatibus id nemo odit ducimus.',1,12.00,NULL,60576.00,'2025-10-19 10:32:31','2025-12-18 10:32:31',500,0,1,'medium',0,NULL,NULL,NULL,NULL,0.00,NULL,0,NULL,0,NULL,NULL,NULL,NULL,0,'admin',NULL,'platform',NULL,0.00,NULL,NULL,NULL,NULL,'2025-10-26 10:32:31','2025-10-26 10:32:31',NULL),(11,'Khuyến mãi libero animi omnis','Voluptatem perspiciatis nobis laborum eius est sequi.',1,17.00,NULL,22982.00,'2025-10-16 10:32:31','2025-11-28 10:32:31',500,0,1,'medium',0,NULL,NULL,NULL,NULL,0.00,NULL,0,NULL,0,NULL,NULL,NULL,NULL,0,'admin',NULL,'platform',NULL,0.00,NULL,NULL,NULL,NULL,'2025-10-26 10:32:31','2025-10-26 10:32:31',NULL),(12,'Khuyến mãi culpa incidunt ut','Architecto qui molestiae et voluptatibus quibusdam velit.',1,30.00,50000.00,54500.00,'2025-10-24 10:32:31','2025-12-02 10:32:31',100,0,1,'medium',0,NULL,NULL,NULL,NULL,0.00,NULL,0,NULL,0,NULL,NULL,NULL,NULL,0,'admin',NULL,'platform',NULL,0.00,NULL,NULL,NULL,NULL,'2025-10-26 10:32:31','2025-10-26 10:32:31',NULL),(13,'Khuyến mãi nesciunt soluta nam','Ut dolor velit aut molestias ea blanditiis.',2,92843.00,50000.00,92843.00,'2025-10-25 10:32:31','2025-12-02 10:32:31',200,0,1,'medium',0,NULL,NULL,NULL,NULL,0.00,NULL,0,NULL,0,NULL,NULL,NULL,NULL,0,'admin',NULL,'platform',NULL,0.00,NULL,NULL,NULL,NULL,'2025-10-26 10:32:31','2025-10-26 10:32:31',NULL),(14,'Khuyến mãi velit eaque eum','Deserunt quia sed non neque minus aut itaque dolores.',2,142868.00,100000.00,142868.00,'2025-10-19 10:32:31','2025-12-12 10:32:31',100,0,1,'medium',0,NULL,NULL,NULL,NULL,0.00,NULL,0,NULL,0,NULL,NULL,NULL,NULL,0,'admin',NULL,'platform',NULL,0.00,NULL,NULL,NULL,NULL,'2025-10-26 10:32:31','2025-10-26 10:32:31',NULL),(15,'Khuyến mãi reprehenderit aut modi','Aut ipsa quae consequatur aperiam error doloremque.',2,31321.00,200000.00,31321.00,'2025-10-25 10:32:31','2025-11-26 10:32:31',100,0,1,'medium',0,NULL,NULL,NULL,NULL,0.00,NULL,0,NULL,0,NULL,NULL,NULL,NULL,0,'admin',NULL,'platform',NULL,0.00,NULL,NULL,NULL,NULL,'2025-10-26 10:32:31','2025-10-26 10:32:31',NULL);
/*!40000 ALTER TABLE `promotions` ENABLE KEYS */;
UNLOCK TABLES;

--
-- Table structure for table `return_items`
--

DROP TABLE IF EXISTS `return_items`;
/*!40101 SET @saved_cs_client     = @@character_set_client */;
/*!50503 SET character_set_client = utf8mb4 */;
CREATE TABLE `return_items` (
  `return_item_id` bigint(20) unsigned NOT NULL AUTO_INCREMENT,
  `return_id` bigint(20) unsigned NOT NULL,
  `variant_id` bigint(20) unsigned NOT NULL,
  `quantity` int(11) NOT NULL,
  `unit_price` decimal(15,2) NOT NULL,
  `total_price` decimal(15,2) NOT NULL,
  `reason` varchar(255) DEFAULT NULL,
  PRIMARY KEY (`return_item_id`),
  KEY `return_items_return_id_foreign` (`return_id`),
  KEY `return_items_variant_id_foreign` (`variant_id`),
  CONSTRAINT `return_items_return_id_foreign` FOREIGN KEY (`return_id`) REFERENCES `returns` (`return_id`) ON DELETE CASCADE,
  CONSTRAINT `return_items_variant_id_foreign` FOREIGN KEY (`variant_id`) REFERENCES `product_variants` (`variant_id`) ON DELETE CASCADE
) ENGINE=InnoDB DEFAULT CHARSET=utf8mb4 COLLATE=utf8mb4_unicode_ci;
/*!40101 SET character_set_client = @saved_cs_client */;

--
-- Dumping data for table `return_items`
--

LOCK TABLES `return_items` WRITE;
/*!40000 ALTER TABLE `return_items` DISABLE KEYS */;
/*!40000 ALTER TABLE `return_items` ENABLE KEYS */;
UNLOCK TABLES;

--
-- Table structure for table `returns`
--

DROP TABLE IF EXISTS `returns`;
/*!40101 SET @saved_cs_client     = @@character_set_client */;
/*!50503 SET character_set_client = utf8mb4 */;
CREATE TABLE `returns` (
  `return_id` bigint(20) unsigned NOT NULL AUTO_INCREMENT,
  `order_id` bigint(20) unsigned NOT NULL,
  `customer_id` bigint(20) unsigned NOT NULL,
  `return_number` varchar(255) NOT NULL,
  `reason` tinyint(3) unsigned NOT NULL COMMENT 'Lý do trả hàng, ví dụ: 1: Sản phẩm lỗi, 2: Sai sản phẩm...',
  `description` text DEFAULT NULL,
  `status` enum('pending','approved','rejected','refunded','exchanged','cancelled') NOT NULL DEFAULT 'pending' COMMENT 'Return status using ENUM values',
  `refund_amount` decimal(15,2) DEFAULT NULL,
  `type` tinyint(3) unsigned NOT NULL COMMENT '1: Refund, 2: Exchange',
  `admin_note` text DEFAULT NULL,
  `processed_at` timestamp NULL DEFAULT NULL,
  `refunded_at` timestamp NULL DEFAULT NULL,
  `created_at` timestamp NULL DEFAULT NULL,
  `updated_at` timestamp NULL DEFAULT NULL,
  `deleted_at` timestamp NULL DEFAULT NULL,
  PRIMARY KEY (`return_id`),
  UNIQUE KEY `returns_return_number_unique` (`return_number`),
  KEY `returns_order_id_foreign` (`order_id`),
  KEY `returns_customer_id_foreign` (`customer_id`),
  CONSTRAINT `returns_customer_id_foreign` FOREIGN KEY (`customer_id`) REFERENCES `users` (`id`) ON DELETE CASCADE,
  CONSTRAINT `returns_order_id_foreign` FOREIGN KEY (`order_id`) REFERENCES `orders` (`order_id`) ON DELETE CASCADE
) ENGINE=InnoDB AUTO_INCREMENT=51 DEFAULT CHARSET=utf8mb4 COLLATE=utf8mb4_unicode_ci;
/*!40101 SET character_set_client = @saved_cs_client */;

--
-- Dumping data for table `returns`
--

LOCK TABLES `returns` WRITE;
/*!40000 ALTER TABLE `returns` DISABLE KEYS */;
INSERT INTO `returns` VALUES (1,14,27,'RTN-26930363',4,'Placeat similique doloribus omnis totam aliquid vero eos. Quia ea magni dolores vel porro sit quis.','rejected',44028738.00,2,NULL,'2025-10-26 10:32:31',NULL,'2025-10-26 10:32:31','2025-10-26 10:32:31',NULL),(2,33,33,'RTN-43231625',4,'Incidunt inventore et minus dicta iste. Et voluptatem qui asperiores. Eaque ad aut a fuga dolorum nulla quia. Corrupti qui nostrum velit ut.','cancelled',125040744.00,2,NULL,'2025-10-26 10:32:31',NULL,'2025-10-26 10:32:31','2025-10-26 10:32:31',NULL),(3,152,70,'RTN-60463225',2,'Consequatur libero iste accusantium et. Et magnam quasi quo. Dolores et possimus totam nulla in iste ex. Magnam magni dolores ducimus est optio tempore.','cancelled',21844336.00,1,NULL,'2025-10-26 10:32:31',NULL,'2025-10-26 10:32:31','2025-10-26 10:32:31',NULL),(4,126,61,'RTN-40870813',5,'Eligendi eos consectetur magnam voluptatum tempore quia et dolorem. Ut at accusamus voluptatem illum optio blanditiis. Asperiores molestiae reiciendis qui aspernatur non placeat. At sed sed quidem. Omnis eos sed illo.','approved',46689030.00,1,NULL,'2025-10-26 10:32:31',NULL,'2025-10-26 10:32:31','2025-10-26 10:32:31',NULL),(5,286,115,'RTN-42337092',2,'Placeat eos fugit sed. Officia sit vero laudantium nulla.','pending',94292676.00,2,NULL,'2025-10-26 10:32:31',NULL,'2025-10-26 10:32:31','2025-10-26 10:32:31',NULL),(6,1,22,'RTN-54070778',1,'Ducimus in repellat facilis nostrum harum. Enim quis est quia minima officia culpa. Voluptatem est molestiae illo rem.','cancelled',21235126.00,1,NULL,'2025-10-26 10:32:31',NULL,'2025-10-26 10:32:31','2025-10-26 10:32:31',NULL),(7,48,37,'RTN-18106020',5,'Repellendus debitis vel aut tenetur id eveniet nihil. Similique porro magni et vitae. Saepe esse et est quisquam. Temporibus dolorum accusantium voluptate enim consequatur sunt minima.','rejected',87066024.00,2,NULL,'2025-10-26 10:32:31',NULL,'2025-10-26 10:32:31','2025-10-26 10:32:31',NULL),(8,187,80,'RTN-39559914',4,'Asperiores aut et deserunt fuga. Modi dicta voluptate placeat molestiae ex maiores voluptates. Ab soluta distinctio mollitia excepturi inventore. Et pariatur accusamus ratione id. Consequatur aliquid vitae similique at doloribus.','approved',83194978.00,2,NULL,'2025-10-26 10:32:31',NULL,'2025-10-26 10:32:31','2025-10-26 10:32:31',NULL),(9,96,50,'RTN-5753582',1,'Velit quidem praesentium vel. Aut fugit debitis occaecati quos voluptas repudiandae sunt. Consequatur est dolore repudiandae veritatis ipsa rerum.','rejected',22487499.00,1,NULL,'2025-10-26 10:32:31',NULL,'2025-10-26 10:32:31','2025-10-26 10:32:31',NULL),(10,45,36,'RTN-63957500',3,'Fuga non quas assumenda unde. Inventore quis tenetur voluptatem. Ipsum aut sed nesciunt dicta animi dolor cupiditate reprehenderit.','exchanged',73246854.00,1,NULL,'2025-10-26 10:32:31',NULL,'2025-10-26 10:32:31','2025-10-26 10:32:31',NULL),(11,142,68,'RTN-10288526',3,'Aut tempore magni consequatur voluptatibus et doloribus fugit sunt. Perferendis aliquam maxime at totam atque magnam qui.','exchanged',17712978.00,2,NULL,'2025-10-26 10:32:31',NULL,'2025-10-26 10:32:31','2025-10-26 10:32:31',NULL),(12,132,65,'RTN-46949329',1,'Quae excepturi tenetur ut eaque. Quis et ut doloremque. Autem minima veniam maxime at. Impedit necessitatibus libero ullam.','cancelled',93908967.00,1,NULL,'2025-10-26 10:32:31',NULL,'2025-10-26 10:32:31','2025-10-26 10:32:31',NULL),(13,126,61,'RTN-75711868',4,'Pariatur explicabo molestiae aut natus illum atque ipsam. Repellendus nemo in nesciunt atque vero et. Sit eveniet ipsum sunt ad. Est quisquam a ipsam ullam. Voluptate veritatis aut et reprehenderit repudiandae quasi recusandae enim.','cancelled',46689030.00,1,NULL,'2025-10-26 10:32:31',NULL,'2025-10-26 10:32:31','2025-10-26 10:32:31',NULL),(14,262,108,'RTN-60373459',2,'Eius totam dolorem officia exercitationem et. Labore vel aliquam expedita dolorem dolores. Omnis harum qui cumque soluta amet. Ipsum ullam esse beatae est aut doloremque voluptatum. Qui maiores sed quo inventore magnam.','refunded',42599707.00,1,NULL,'2025-10-26 10:32:31',NULL,'2025-10-26 10:32:31','2025-10-26 10:32:31',NULL),(15,253,104,'RTN-93086071',3,'Est harum enim et illum. Et et ut voluptatibus tempora. Sequi qui rerum voluptatem natus recusandae debitis labore. Ad voluptates nihil voluptatem molestiae quisquam ducimus ut fugit.','exchanged',43330986.00,2,NULL,'2025-10-26 10:32:31',NULL,'2025-10-26 10:32:31','2025-10-26 10:32:31',NULL),(16,169,76,'RTN-43957788',4,'Repellendus recusandae ipsam repellat inventore cumque qui debitis quasi. Et et reiciendis consequatur non sint ipsum. Beatae quia quisquam fugiat ullam qui corrupti. Et quia voluptatum iste qui qui minima eos modi.','refunded',61189686.00,2,NULL,'2025-10-26 10:32:31',NULL,'2025-10-26 10:32:31','2025-10-26 10:32:31',NULL),(17,233,97,'RTN-93922294',2,'Voluptatem eveniet eos magni modi dolor. Ratione omnis porro aut error.','cancelled',22487499.00,2,NULL,'2025-10-26 10:32:31',NULL,'2025-10-26 10:32:31','2025-10-26 10:32:31',NULL),(18,6,24,'RTN-14371465',2,'Ducimus eos officiis reiciendis explicabo natus alias qui. Placeat temporibus ab natus nihil velit. Sit quod dolore velit ut soluta quia.','cancelled',22225652.00,1,NULL,'2025-10-26 10:32:31',NULL,'2025-10-26 10:32:31','2025-10-26 10:32:31',NULL),(19,95,50,'RTN-22418866',1,'Recusandae ut amet consequuntur quis at. Explicabo quae magni quam doloremque deleniti et omnis. Exercitationem sed illo dignissimos sequi debitis. Nulla sunt rerum beatae alias.','rejected',10750254.00,2,NULL,'2025-10-26 10:32:31',NULL,'2025-10-26 10:32:31','2025-10-26 10:32:31',NULL),(20,286,115,'RTN-55846940',4,'Culpa commodi et maxime sint. Nemo hic possimus fuga qui architecto doloribus sit. Asperiores alias perspiciatis aperiam natus aut molestiae dolorum ratione.','rejected',94292676.00,1,NULL,'2025-10-26 10:32:31',NULL,'2025-10-26 10:32:31','2025-10-26 10:32:31',NULL),(21,200,86,'RTN-17768483',3,'Perspiciatis in quaerat alias dolorem molestias rerum ab voluptas. Sit mollitia veritatis eaque quia animi quis enim. Enim consequatur sint sed expedita. Quis nobis ea odio ad soluta molestias consequuntur aliquam.','rejected',16753152.00,2,NULL,'2025-10-26 10:32:31',NULL,'2025-10-26 10:32:31','2025-10-26 10:32:31',NULL),(22,262,108,'RTN-26275426',2,'Explicabo tempora nisi dolores vel. Fuga incidunt incidunt molestiae rerum. Quia corrupti impedit modi ipsa et eaque. Praesentium vitae voluptas qui cupiditate.','exchanged',42599707.00,2,NULL,'2025-10-26 10:32:31',NULL,'2025-10-26 10:32:31','2025-10-26 10:32:31',NULL),(23,55,39,'RTN-8315121',4,'Atque alias id architecto omnis. Unde id quasi incidunt unde qui dolores ut. Nulla repudiandae molestias minus ullam assumenda numquam iusto. Sapiente dolore mollitia sed quis reiciendis dolorem.','approved',25129728.00,1,NULL,'2025-10-26 10:32:31',NULL,'2025-10-26 10:32:31','2025-10-26 10:32:31',NULL),(24,162,73,'RTN-33797191',1,'Ipsa ut consequatur et sed. Praesentium ipsum ipsum excepturi quia sed. Vel vero eum non voluptas asperiores.','pending',73862178.00,1,NULL,'2025-10-26 10:32:31',NULL,'2025-10-26 10:32:31','2025-10-26 10:32:31',NULL),(25,283,114,'RTN-89960236',4,'Cumque optio tempora non ut. Rerum aspernatur est minima sunt iusto deleniti blanditiis non. Ipsam similique quia expedita hic minima consequatur. Dolorem repellendus eius est ut ullam omnis accusamus doloribus.','approved',88057476.00,2,NULL,'2025-10-26 10:32:31',NULL,'2025-10-26 10:32:31','2025-10-26 10:32:31',NULL),(26,169,76,'RTN-84048426',4,'Eos veniam sapiente id animi. Animi nemo amet at et blanditiis. Molestiae at nam voluptatem qui. Dignissimos et voluptatem nihil omnis.','exchanged',61189686.00,1,NULL,'2025-10-26 10:32:31',NULL,'2025-10-26 10:32:31','2025-10-26 10:32:31',NULL),(27,132,65,'RTN-9958569',4,'Sed recusandae corrupti eius recusandae. Ad vel aut aliquam et. Odit qui sit dolores accusamus ipsa ut.','pending',93908967.00,2,NULL,'2025-10-26 10:32:31',NULL,'2025-10-26 10:32:31','2025-10-26 10:32:31',NULL),(28,95,50,'RTN-54281441',4,'Culpa nisi exercitationem ex soluta praesentium cumque temporibus. Eveniet ut et harum. Dolorem et ipsam quam consequatur enim. Dignissimos voluptas ad ut. Blanditiis at rerum sint eos tempora.','exchanged',10750254.00,1,NULL,'2025-10-26 10:32:31',NULL,'2025-10-26 10:32:31','2025-10-26 10:32:31',NULL),(29,96,50,'RTN-40550711',3,'Et impedit eaque architecto delectus vitae. Et voluptates nobis quo aspernatur quis praesentium. Dolor non in esse ut ut omnis dolorem pariatur.','rejected',22487499.00,1,NULL,'2025-10-26 10:32:31',NULL,'2025-10-26 10:32:31','2025-10-26 10:32:31',NULL),(30,96,50,'RTN-61115403',2,'Itaque corrupti quo beatae excepturi nulla. Occaecati enim amet ipsa molestias explicabo. Error velit et atque. Quos consequuntur doloribus magnam.','approved',22487499.00,1,NULL,'2025-10-26 10:32:31',NULL,'2025-10-26 10:32:31','2025-10-26 10:32:31',NULL),(31,33,33,'RTN-7922341',5,'Temporibus doloremque quia non quia ut odit. Ut velit ipsa ipsa at minus voluptates.','approved',7605078.00,1,NULL,'2025-10-26 10:32:31',NULL,'2025-10-26 10:32:31','2025-10-26 10:32:31',NULL),(32,177,78,'RTN-86589321',5,'Voluptatem accusamus facilis facere saepe quia. Recusandae optio excepturi reiciendis. Consequatur reprehenderit provident deleniti itaque sapiente.','pending',65781764.00,1,NULL,'2025-10-26 10:32:31',NULL,'2025-10-26 10:32:31','2025-10-26 10:32:31',NULL),(33,142,68,'RTN-65842557',1,'Nemo nemo in eius. Asperiores aut amet dicta pariatur quam. Occaecati molestiae non adipisci eaque rem eveniet possimus eaque. Aperiam dolorem illo unde et.','cancelled',6146599.00,1,NULL,'2025-10-26 10:32:31',NULL,'2025-10-26 10:32:31','2025-10-26 10:32:31',NULL),(34,286,115,'RTN-94175304',1,'Temporibus odio quo molestiae. Qui reiciendis quisquam et sequi aliquam. Culpa est enim sit temporibus magni voluptatum nihil. Neque quis eius voluptas sint. Deleniti ut enim officiis qui ullam.','pending',5627964.00,2,NULL,'2025-10-26 10:32:31',NULL,'2025-10-26 10:32:31','2025-10-26 10:32:31',NULL),(35,279,113,'RTN-49605238',1,'Repellendus ex nesciunt et cumque facere. Illum aut culpa quaerat blanditiis. Dolore sed neque aperiam atque. Repellendus ad maxime ipsam.','cancelled',11573882.00,1,NULL,'2025-10-26 10:32:31',NULL,'2025-10-26 10:32:31','2025-10-26 10:32:31',NULL),(36,25,30,'RTN-17903529',5,'Vel rerum qui mollitia eius deleniti maxime. Aut amet aperiam omnis. Voluptatem at dicta veniam maxime est nihil dolorum blanditiis.','cancelled',78365532.00,1,NULL,'2025-10-26 10:32:31',NULL,'2025-10-26 10:32:31','2025-10-26 10:32:31',NULL),(37,202,86,'RTN-19405863',1,'Qui minima consequatur aut nisi blanditiis consectetur et doloremque. Recusandae ratione consequatur totam et ipsam sunt asperiores. Deserunt non quasi ab deserunt optio esse sit. Ab et repudiandae sequi officiis.','cancelled',28834883.00,2,NULL,'2025-10-26 10:32:31',NULL,'2025-10-26 10:32:31','2025-10-26 10:32:31',NULL),(38,266,109,'RTN-66349453',1,'Qui possimus repellat a ut quam nobis sequi. Molestiae facilis sed ut. Omnis repudiandae aut sit voluptatem et qui. Quibusdam omnis omnis perferendis veritatis autem quo.','pending',71313291.00,1,NULL,'2025-10-26 10:32:31',NULL,'2025-10-26 10:32:31','2025-10-26 10:32:31',NULL),(39,135,66,'RTN-56807025',3,'Numquam ad ab facilis debitis eius. Quasi atque nihil sunt impedit repudiandae qui. Cupiditate dolores accusamus quia omnis magni. Inventore sit quidem sit nostrum.','refunded',10650450.00,1,NULL,'2025-10-26 10:32:31',NULL,'2025-10-26 10:32:31','2025-10-26 10:32:31',NULL),(40,262,108,'RTN-30851535',3,'Officia consectetur et neque dolores distinctio. Rem voluptatem et et id velit sed. Corrupti beatae eos nam. Qui quis velit enim consequatur quisquam sit.','exchanged',42599707.00,2,NULL,'2025-10-26 10:32:31',NULL,'2025-10-26 10:32:31','2025-10-26 10:32:31',NULL),(41,172,76,'RTN-28240181',2,'Maiores dolorem sed delectus cumque dolorem animi. Neque ipsam consectetur perferendis quae omnis soluta. Placeat vitae optio consequatur quos modi amet. Voluptas rerum pariatur harum neque accusantium consectetur qui.','pending',83194978.00,2,NULL,'2025-10-26 10:32:31',NULL,'2025-10-26 10:32:31','2025-10-26 10:32:31',NULL),(42,14,27,'RTN-92642047',5,'Pariatur et repellat in consequuntur quidem. Inventore quos eos unde. Eum harum consequatur blanditiis laborum ut. Explicabo aut consequatur suscipit fugiat.','pending',22225652.00,1,NULL,'2025-10-26 10:32:31',NULL,'2025-10-26 10:32:31','2025-10-26 10:32:31',NULL),(43,182,79,'RTN-37364450',4,'Sit quia reprehenderit et. Possimus tempore ut vel excepturi blanditiis vel. Similique voluptatum harum quisquam voluptatem.','cancelled',30499840.00,1,NULL,'2025-10-26 10:32:31',NULL,'2025-10-26 10:32:31','2025-10-26 10:32:31',NULL),(44,73,44,'RTN-15387146',2,'Occaecati sed quisquam possimus eos libero quod nesciunt. Sed non ea labore perferendis ratione aut amet. Molestiae at sapiente ratione ipsa. Alias vel delectus reprehenderit veniam maxime voluptates.','pending',105230286.00,2,NULL,'2025-10-26 10:32:31',NULL,'2025-10-26 10:32:31','2025-10-26 10:32:31',NULL),(45,169,76,'RTN-3484635',4,'Deserunt veritatis assumenda qui accusantium autem sit beatae consequatur. Provident harum illum est est aut. Et quis animi non.','exchanged',10617563.00,1,NULL,'2025-10-26 10:32:31',NULL,'2025-10-26 10:32:31','2025-10-26 10:32:31',NULL),(46,66,41,'RTN-70812885',5,'Non quos modi labore occaecati. Eos non eum rem sequi. Quia occaecati sit enim nobis excepturi non nobis aliquam. Officiis similique tempore veniam cum.','cancelled',41680248.00,1,NULL,'2025-10-26 10:32:31',NULL,'2025-10-26 10:32:31','2025-10-26 10:32:31',NULL),(47,96,50,'RTN-61543867',2,'Voluptate voluptatem atque repellendus optio. Non vel quis fugit. Tenetur dolores maiores nihil est quidem quasi.','pending',22487499.00,2,NULL,'2025-10-26 10:32:31',NULL,'2025-10-26 10:32:31','2025-10-26 10:32:31',NULL),(48,169,76,'RTN-79659368',4,'Placeat quis quia minima quaerat. Quidem expedita et facilis qui veniam maxime inventore. Qui deserunt ut vitae consequatur. Voluptatem ducimus dolore culpa ipsam.','cancelled',61189686.00,1,NULL,'2025-10-26 10:32:31',NULL,'2025-10-26 10:32:31','2025-10-26 10:32:31',NULL),(49,45,36,'RTN-51484843',3,'Molestias voluptatem necessitatibus veniam ea nam sapiente. Rem voluptate dolores sed reiciendis error laboriosam quisquam. Quo odio repellendus enim voluptatum ut ex. Veniam perferendis ea ea quis non repellat.','pending',73246854.00,1,NULL,'2025-10-26 10:32:31',NULL,'2025-10-26 10:32:31','2025-10-26 10:32:31',NULL),(50,258,106,'RTN-95945065',5,'Autem nihil error facilis magni rem ut ut. Similique aperiam aspernatur quasi quam et reiciendis eius. Et sunt ut occaecati recusandae.','exchanged',77995370.00,2,NULL,'2025-10-26 10:32:31',NULL,'2025-10-26 10:32:31','2025-10-26 10:32:31',NULL);
/*!40000 ALTER TABLE `returns` ENABLE KEYS */;
UNLOCK TABLES;

--
-- Table structure for table `review_media`
--

DROP TABLE IF EXISTS `review_media`;
/*!40101 SET @saved_cs_client     = @@character_set_client */;
/*!50503 SET character_set_client = utf8mb4 */;
CREATE TABLE `review_media` (
  `id` bigint(20) unsigned NOT NULL AUTO_INCREMENT,
  `review_id` bigint(20) unsigned NOT NULL,
  `media_type` enum('image','video') NOT NULL DEFAULT 'image',
  `file_name` varchar(255) NOT NULL,
  `file_path` varchar(500) NOT NULL,
  `mime_type` varchar(100) NOT NULL,
  `file_size` int(10) unsigned NOT NULL,
  `metadata` longtext CHARACTER SET utf8mb4 COLLATE utf8mb4_bin DEFAULT NULL CHECK (json_valid(`metadata`)),
  `display_order` smallint(6) NOT NULL DEFAULT 0,
  `is_primary` tinyint(1) NOT NULL DEFAULT 0,
  `created_at` timestamp NULL DEFAULT NULL,
  `updated_at` timestamp NULL DEFAULT NULL,
  PRIMARY KEY (`id`),
  KEY `review_media_review_id_display_order_index` (`review_id`,`display_order`),
  KEY `review_media_media_type_created_at_index` (`media_type`,`created_at`),
  KEY `review_media_is_primary_index` (`is_primary`),
  CONSTRAINT `review_media_review_id_foreign` FOREIGN KEY (`review_id`) REFERENCES `reviews` (`review_id`) ON DELETE CASCADE
) ENGINE=InnoDB DEFAULT CHARSET=utf8mb4 COLLATE=utf8mb4_unicode_ci;
/*!40101 SET character_set_client = @saved_cs_client */;

--
-- Dumping data for table `review_media`
--

LOCK TABLES `review_media` WRITE;
/*!40000 ALTER TABLE `review_media` DISABLE KEYS */;
/*!40000 ALTER TABLE `review_media` ENABLE KEYS */;
UNLOCK TABLES;

--
-- Table structure for table `reviews`
--

DROP TABLE IF EXISTS `reviews`;
/*!40101 SET @saved_cs_client     = @@character_set_client */;
/*!50503 SET character_set_client = utf8mb4 */;
CREATE TABLE `reviews` (
  `review_id` bigint(20) unsigned NOT NULL AUTO_INCREMENT,
  `product_id` bigint(20) unsigned NOT NULL,
  `user_id` bigint(20) unsigned NOT NULL,
  `rating` tinyint(3) unsigned NOT NULL,
  `comment` text DEFAULT NULL,
  `is_approved` tinyint(1) NOT NULL DEFAULT 0,
  `created_at` timestamp NULL DEFAULT NULL,
  `updated_at` timestamp NULL DEFAULT NULL,
  `deleted_at` timestamp NULL DEFAULT NULL,
  PRIMARY KEY (`review_id`),
  UNIQUE KEY `reviews_product_id_user_id_unique` (`product_id`,`user_id`),
  KEY `reviews_user_id_foreign` (`user_id`),
  CONSTRAINT `reviews_product_id_foreign` FOREIGN KEY (`product_id`) REFERENCES `products` (`product_id`) ON DELETE CASCADE,
  CONSTRAINT `reviews_user_id_foreign` FOREIGN KEY (`user_id`) REFERENCES `users` (`id`) ON DELETE CASCADE
) ENGINE=InnoDB AUTO_INCREMENT=242 DEFAULT CHARSET=utf8mb4 COLLATE=utf8mb4_unicode_ci;
/*!40101 SET character_set_client = @saved_cs_client */;

--
-- Dumping data for table `reviews`
--

LOCK TABLES `reviews` WRITE;
/*!40000 ALTER TABLE `reviews` DISABLE KEYS */;
INSERT INTO `reviews` VALUES (1,4,79,2,'Fuga accusantium similique soluta voluptates. Ea voluptas sed voluptatem quo error iste. Qui dicta aut voluptatem. Ut asperiores voluptatem ipsam nemo rerum sit.',1,'2025-10-26 10:32:31','2025-10-26 10:32:31',NULL),(2,4,101,3,'Libero velit nesciunt dicta aliquid asperiores in dolores sit. Quibusdam harum fugiat optio saepe odio. Molestias fuga molestiae consequuntur sit. Ut molestias in optio vero aut quis ad.',1,'2025-10-26 10:32:31','2025-10-26 10:32:31',NULL),(3,5,31,2,'Aut quis veniam harum ullam tempore ipsam. Velit mollitia nam ut nobis et. In excepturi vel rerum quia.',1,'2025-10-26 10:32:31','2025-10-26 10:32:31',NULL),(4,5,52,3,'Illo eligendi consequatur voluptate optio occaecati fuga ab. Dignissimos eius ipsam sequi enim sit. Velit itaque explicabo consequuntur et. Nobis rerum inventore iusto minima est omnis facilis suscipit.',1,'2025-10-26 10:32:31','2025-10-26 10:32:31',NULL),(5,5,56,2,'Placeat distinctio suscipit ipsa. Hic consequatur voluptate hic deserunt id eaque ipsum. Qui sed ipsa est deserunt. Perspiciatis tempora enim sit autem odio.',1,'2025-10-26 10:32:31','2025-10-26 10:32:31',NULL),(6,5,68,2,'Provident delectus asperiores autem. Voluptas autem soluta enim et pariatur laborum odit.',1,'2025-10-26 10:32:31','2025-10-26 10:32:31',NULL),(7,5,76,1,'Nisi sit laudantium et dignissimos optio. Ad tenetur ut doloribus delectus molestiae. Ratione quae enim asperiores eum voluptatem eos sed.',1,'2025-10-26 10:32:31','2025-10-26 10:32:31',NULL),(8,5,95,1,'Qui doloribus eaque iste excepturi ea. Et unde nobis qui saepe excepturi. Qui sequi vel unde sapiente neque qui. Rem quia quidem nemo nihil. Fugiat sit in enim laborum vel ullam.',1,'2025-10-26 10:32:31','2025-10-26 10:32:31',NULL),(9,5,98,1,'Vero sed minus est aut rerum. Fugiat id rerum perspiciatis.',1,'2025-10-26 10:32:31','2025-10-26 10:32:31',NULL),(10,5,112,5,'Quia mollitia dolore architecto cum autem. Sunt non iste autem praesentium dolores. Maiores est eveniet deleniti atque quidem et consequatur. Voluptatibus corporis optio provident facere in modi delectus.',1,'2025-10-26 10:32:31','2025-10-26 10:32:31',NULL),(11,6,39,2,'Cum perspiciatis vel neque illum velit. Expedita libero officia sequi molestiae sapiente in. Sed sit et possimus esse incidunt. Qui velit eveniet distinctio assumenda rerum velit.',1,'2025-10-26 10:32:31','2025-10-26 10:32:31',NULL),(12,6,47,1,'Qui labore alias quod in quis. Adipisci corporis rem quas et quo cumque. Molestiae ea voluptatibus architecto facere. Totam reiciendis iste vitae deleniti.',1,'2025-10-26 10:32:31','2025-10-26 10:32:31',NULL),(13,6,91,1,'Impedit vel doloribus delectus sapiente. Qui quam fuga quam necessitatibus nihil est accusantium. Occaecati quaerat corrupti voluptates et dolore occaecati.',1,'2025-10-26 10:32:31','2025-10-26 10:32:31',NULL),(14,6,92,5,'Voluptates velit voluptas magni sequi tempora qui. Vel laudantium magni odit delectus voluptates eos. Quo in corrupti ut quis consequuntur ut autem minima. Consequatur doloremque velit ea voluptatibus quisquam aut.',1,'2025-10-26 10:32:31','2025-10-26 10:32:31',NULL),(15,6,99,2,'Voluptas culpa vitae maiores autem totam. Qui dicta repellat similique aut voluptas inventore quis. Facilis quae voluptatem qui quibusdam odit quia quam.',1,'2025-10-26 10:32:31','2025-10-26 10:32:31',NULL),(16,6,113,2,'Laborum ut est optio. Cum vero repellendus tempora ad hic maiores. Sapiente corrupti at aspernatur a voluptate assumenda.',1,'2025-10-26 10:32:31','2025-10-26 10:32:31',NULL),(17,7,37,4,'Nisi maiores pariatur et et enim corporis. Repudiandae nam at officiis incidunt voluptas esse. Accusantium deserunt qui occaecati harum aliquid deserunt ut. Animi reprehenderit similique qui consequatur rerum. Quae suscipit tenetur perferendis velit sed beatae.',1,'2025-10-26 10:32:31','2025-10-26 10:32:31',NULL),(18,7,40,4,'Tenetur eum consectetur et iusto quo est ipsa. Provident ea dolores nihil cumque maxime hic quis. Eius aliquid sit iure velit officia nisi eum.',1,'2025-10-26 10:32:31','2025-10-26 10:32:31',NULL),(19,7,53,3,'Et praesentium illo fugit aspernatur natus. Asperiores eaque maxime rerum sint commodi ullam. Expedita accusamus et repellat. Suscipit reiciendis et itaque ullam non.',1,'2025-10-26 10:32:31','2025-10-26 10:32:31',NULL),(20,7,55,5,'Et molestiae recusandae aut eum optio. Quasi eveniet quia animi veritatis odit. Libero et et est ea pariatur.',1,'2025-10-26 10:32:31','2025-10-26 10:32:31',NULL),(21,7,71,3,'Sit cupiditate ab vero repudiandae. Et possimus quas enim alias. Quo libero odio praesentium architecto rerum velit. Fugit expedita est consequatur a molestiae a.',1,'2025-10-26 10:32:31','2025-10-26 10:32:31',NULL),(22,7,79,4,'Possimus ut ab occaecati neque accusantium. Qui deserunt enim velit ullam repellat aperiam. Sint enim vel quia omnis cumque culpa. Dignissimos velit expedita rerum ratione at excepturi aut aperiam.',1,'2025-10-26 10:32:32','2025-10-26 10:32:32',NULL),(23,7,81,1,'Fugit reiciendis officia facere illo sit ducimus voluptates ut. Doloribus unde deserunt ex sunt.',1,'2025-10-26 10:32:32','2025-10-26 10:32:32',NULL),(24,7,90,1,'Qui voluptatem odio et facilis est aut illum. Quia aliquid reiciendis quo rerum minima sit. Assumenda cupiditate est fuga temporibus officia ratione fugit. Veritatis ad dolores deserunt temporibus.',1,'2025-10-26 10:32:32','2025-10-26 10:32:32',NULL),(25,7,99,3,'Non quos sed quia est corrupti fuga a atque. Eum et recusandae rerum assumenda nihil.',1,'2025-10-26 10:32:32','2025-10-26 10:32:32',NULL),(26,7,116,5,'Sint ut qui qui eum quasi est. Accusantium atque in quod ipsum. Consequatur officiis dicta dolorum. In sapiente eum quo facilis.',1,'2025-10-26 10:32:32','2025-10-26 10:32:32',NULL),(27,14,54,3,'Qui harum praesentium est debitis quibusdam sint. Repellat aut neque consequatur voluptatem et. Sunt amet non explicabo alias qui modi voluptatem.',1,'2025-10-26 10:32:32','2025-10-26 10:32:32',NULL),(28,14,104,3,'Eius hic at voluptates molestias quia. Occaecati repellat qui molestiae itaque ipsam veniam culpa similique. Nisi magnam minus sed. Eligendi incidunt deleniti consequatur sed reiciendis.',1,'2025-10-26 10:32:32','2025-10-26 10:32:32',NULL),(29,16,32,1,'Tempore consequatur consequatur numquam ut saepe. Dolor illum dolor similique odio quasi alias. Sed eveniet non illo rerum rerum. Suscipit asperiores nulla corporis ut.',1,'2025-10-26 10:32:32','2025-10-26 10:32:32',NULL),(30,17,53,1,'Tenetur quibusdam quod nobis sed. Quos quo doloribus error dolorem iure commodi. Et est eum soluta.',1,'2025-10-26 10:32:32','2025-10-26 10:32:32',NULL),(31,17,66,5,'Vero unde consequatur ut ratione pariatur dolor rem aut. Molestiae delectus nemo recusandae et. Sapiente officia rem pariatur est occaecati ipsum error quia.',1,'2025-10-26 10:32:32','2025-10-26 10:32:32',NULL),(32,17,84,3,'Provident qui aliquam facere aspernatur consequatur in quam. Recusandae nesciunt autem inventore omnis. Quia ut ut recusandae et aut aperiam error. Vel vero qui ut ut est impedit.',1,'2025-10-26 10:32:32','2025-10-26 10:32:32',NULL),(33,27,38,3,'Ut iure incidunt placeat dolores alias deserunt. Perferendis aspernatur eaque maxime et debitis consequatur voluptatum. Ut est ullam at blanditiis tenetur assumenda.',1,'2025-10-26 10:32:32','2025-10-26 10:32:32',NULL),(34,27,68,2,'Veniam sed beatae libero id. Ab distinctio culpa voluptatum. Quis expedita aut reprehenderit est rerum maxime. Est praesentium accusamus ipsam molestiae rerum accusantium. Et ab molestias saepe ducimus quasi dolores ut.',1,'2025-10-26 10:32:32','2025-10-26 10:32:32',NULL),(35,27,91,5,'Aspernatur libero porro aut officiis. Ea est vitae non molestiae. Quae ut rerum dolorem.',1,'2025-10-26 10:32:32','2025-10-26 10:32:32',NULL),(36,27,99,3,'Laboriosam molestiae quos iste ipsam. Cum doloribus voluptas sit consequatur doloribus. A possimus sit repellendus sapiente labore vel. Assumenda qui odit perspiciatis qui rem corporis. Dolores consequatur asperiores occaecati.',1,'2025-10-26 10:32:32','2025-10-26 10:32:32',NULL),(37,27,102,2,'Cum doloribus voluptas est unde. Nulla nihil impedit saepe. Vel voluptatem minus illo nobis. Quidem tenetur in maiores. Sit non et totam magnam autem quia quia.',1,'2025-10-26 10:32:32','2025-10-26 10:32:32',NULL),(38,28,53,3,'Ipsa velit eius dolorem sed voluptas. Maxime voluptas fuga eius ad. Consequatur facilis natus et distinctio recusandae perferendis eum exercitationem.',1,'2025-10-26 10:32:32','2025-10-26 10:32:32',NULL),(39,28,54,1,'Expedita qui nobis consectetur qui minus dolorem. Corporis veniam qui eveniet tenetur. Non aut est sit rerum nam iusto minima architecto. Et ipsum omnis qui quibusdam sequi nisi.',1,'2025-10-26 10:32:32','2025-10-26 10:32:32',NULL),(40,28,69,5,'Ut ad temporibus nobis reprehenderit. Non architecto minima aperiam enim nulla minima.',1,'2025-10-26 10:32:32','2025-10-26 10:32:32',NULL),(41,28,70,3,'Sequi illo provident facere delectus possimus voluptatibus. Consequuntur in deleniti velit illo vel aliquam. Dolores aut eaque et esse tenetur assumenda ducimus. Consequuntur rerum incidunt quia. Laudantium iusto fugit qui nihil.',1,'2025-10-26 10:32:32','2025-10-26 10:32:32',NULL),(42,28,74,2,'Voluptatem ut rerum nobis ratione. Perferendis fugit recusandae ducimus maxime corporis ratione. Eum dolorum beatae nostrum. Aut omnis voluptas est illo fuga.',1,'2025-10-26 10:32:32','2025-10-26 10:32:32',NULL),(43,28,75,5,'Eaque sed doloremque vitae ipsum libero voluptate. Nihil eos quo omnis dicta mollitia quis. Mollitia ut distinctio aut facilis autem commodi.',1,'2025-10-26 10:32:32','2025-10-26 10:32:32',NULL),(44,28,77,3,'Modi cumque cum vitae et iure ab. Et in libero laboriosam. Quaerat rerum voluptatem est unde quia fugiat laboriosam.',1,'2025-10-26 10:32:32','2025-10-26 10:32:32',NULL),(45,28,80,3,'Quidem eaque omnis voluptas nostrum voluptatibus autem sit omnis. Et recusandae accusamus molestiae assumenda dolores voluptas ea. Accusamus qui velit ipsam pariatur qui necessitatibus blanditiis.',1,'2025-10-26 10:32:32','2025-10-26 10:32:32',NULL),(46,28,105,1,'Quia repellat qui eos illum. Dolorem expedita minus tempora tempore. Et et quasi tenetur quis cum soluta. Magnam velit perferendis aspernatur.',1,'2025-10-26 10:32:32','2025-10-26 10:32:32',NULL),(47,31,23,2,'Corrupti ducimus consequatur dignissimos nostrum dolore. Aperiam rerum autem animi deserunt. Repellat sit odio quia id natus in sit iusto.',1,'2025-10-26 10:32:32','2025-10-26 10:32:32',NULL),(48,31,46,5,'At sunt aliquam id dolore a in ad. Rerum eaque qui ducimus repellat. Animi quisquam adipisci dolorem facere.',1,'2025-10-26 10:32:32','2025-10-26 10:32:32',NULL),(49,31,61,5,'Sit ut suscipit dolores occaecati ipsam aspernatur. Autem ipsa ullam reiciendis sint culpa et. Nesciunt sunt illo occaecati quod odit est. Quod doloremque impedit beatae necessitatibus voluptas.',1,'2025-10-26 10:32:32','2025-10-26 10:32:32',NULL),(50,31,94,1,'Veniam perferendis rerum commodi. Vero voluptatum sed et vitae. Possimus et sunt enim dolor qui dolor. Temporibus suscipit dolorem facere vitae dignissimos iste.',1,'2025-10-26 10:32:32','2025-10-26 10:32:32',NULL),(51,31,98,3,'Soluta vel ea est aut consequatur ratione earum. Iure voluptatum sunt cumque consequuntur maxime qui sunt.',1,'2025-10-26 10:32:32','2025-10-26 10:32:32',NULL),(52,31,117,3,'Minima iure tempora velit tempore incidunt. Error nostrum fugit magnam sunt voluptas et aut consequatur. Dolorem odit veniam rerum saepe aut possimus necessitatibus. Vero laboriosam facere perferendis animi.',1,'2025-10-26 10:32:32','2025-10-26 10:32:32',NULL),(53,32,85,3,'Nemo assumenda sit occaecati fugiat. In qui nemo repudiandae consequatur qui occaecati consequatur. Reprehenderit reiciendis nihil nulla eos. Maiores recusandae natus odit quaerat quas quis.',1,'2025-10-26 10:32:32','2025-10-26 10:32:32',NULL),(54,32,94,4,'Voluptatibus excepturi deleniti quia rerum corporis. Nihil dolorem voluptatem aut explicabo ut delectus. Aut qui quasi et saepe. Et dolor qui est a adipisci.',1,'2025-10-26 10:32:32','2025-10-26 10:32:32',NULL),(55,32,96,5,'Magni omnis ex ducimus et. Ad sed qui veritatis sequi odio beatae pariatur molestiae. Adipisci consequatur sed qui sapiente inventore id recusandae sed. Hic excepturi ipsam et aliquam eligendi qui. Ea fugit aliquam officia delectus voluptates.',1,'2025-10-26 10:32:32','2025-10-26 10:32:32',NULL),(56,32,102,2,'Illum optio ab laudantium et quia recusandae quia. Sit eligendi error quibusdam magni quod error. Veniam consequuntur perferendis est aut ipsa.',1,'2025-10-26 10:32:32','2025-10-26 10:32:32',NULL),(57,32,103,1,'Qui rerum ipsa ab beatae minima distinctio. Aliquam iusto debitis dicta quis dolor. Aspernatur ab inventore corporis nobis aut iure est.',1,'2025-10-26 10:32:32','2025-10-26 10:32:32',NULL),(58,34,33,3,'Exercitationem est quibusdam temporibus ea cumque porro. Architecto ut vero non dolorum perferendis pariatur unde. Sed sapiente ut quis error.',1,'2025-10-26 10:32:32','2025-10-26 10:32:32',NULL),(59,34,77,5,'Vel pariatur earum sit maxime. Dolorum ipsum atque totam odio. Omnis commodi exercitationem expedita repellendus.',1,'2025-10-26 10:32:32','2025-10-26 10:32:32',NULL),(60,34,88,2,'Rerum aliquam natus accusamus perferendis voluptate distinctio. Et vitae dignissimos eos distinctio quos ut eveniet quia. Est tempora nobis laborum excepturi iste labore.',1,'2025-10-26 10:32:32','2025-10-26 10:32:32',NULL),(61,34,110,4,'Molestiae et earum dolor quibusdam rerum dolorum fugiat. Commodi voluptas deleniti praesentium et. Asperiores in eius et quam hic. In fugiat consequuntur consequatur recusandae.',1,'2025-10-26 10:32:32','2025-10-26 10:32:32',NULL),(62,34,115,4,'Voluptates voluptatibus possimus voluptate est cumque tempore. Quas qui molestias magnam. Eveniet aut et ut molestias modi eligendi.',1,'2025-10-26 10:32:32','2025-10-26 10:32:32',NULL),(63,35,27,2,'Magni et alias rerum. Error laboriosam assumenda occaecati perspiciatis dolores rem. Unde ex aut laudantium consequatur cum nemo laboriosam. Autem sunt error quo vel non.',1,'2025-10-26 10:32:32','2025-10-26 10:32:32',NULL),(64,35,45,1,'Dolores non est provident illum qui. Est similique nam doloremque. Culpa iusto at repellendus a odio placeat.',1,'2025-10-26 10:32:32','2025-10-26 10:32:32',NULL),(65,35,78,4,'Aut minus officia consequatur deleniti sint. Vel labore alias ratione ab laboriosam aperiam quas ut. Aut qui ex rem dolores debitis. Maxime consequatur mollitia et officiis rerum.',1,'2025-10-26 10:32:32','2025-10-26 10:32:32',NULL),(66,35,95,4,'Officia iure fuga accusantium odio. Magni dolor dignissimos autem blanditiis eveniet veniam. Facere minima odit sit. Voluptate vero sed et doloremque eligendi.',1,'2025-10-26 10:32:32','2025-10-26 10:32:32',NULL),(67,35,116,1,'Doloribus aut ut autem aut repellendus quis assumenda. Voluptas omnis ducimus totam recusandae. Reprehenderit itaque placeat officia et.',1,'2025-10-26 10:32:32','2025-10-26 10:32:32',NULL),(68,37,25,3,'Atque quos excepturi in laudantium aut laboriosam et expedita. Est saepe aut voluptas voluptas odio consequatur quod modi. Totam optio et impedit omnis aut atque non. Voluptatibus voluptatum voluptas et distinctio.',1,'2025-10-26 10:32:32','2025-10-26 10:32:32',NULL),(69,37,46,1,'Ut et consequatur cupiditate. Voluptate non nam voluptatem beatae et officiis tempora. Et est et blanditiis. Beatae hic incidunt assumenda expedita maiores quia doloribus. Doloremque autem illo voluptatem quos qui qui quae.',1,'2025-10-26 10:32:32','2025-10-26 10:32:32',NULL),(70,37,84,4,'Aut libero accusamus modi. Ex assumenda natus sint fugiat. Iste nobis eligendi cumque quia harum omnis temporibus et. Quia aut est dicta est.',1,'2025-10-26 10:32:32','2025-10-26 10:32:32',NULL),(71,37,89,3,'Ut quibusdam maxime autem explicabo. Deleniti voluptates et id et. Est odio voluptates temporibus fugit quaerat sit pariatur. Officiis qui sed et suscipit.',1,'2025-10-26 10:32:32','2025-10-26 10:32:32',NULL),(72,37,91,4,'Asperiores vitae quaerat labore maiores. Vero in dolor velit iure. Nulla nulla voluptatibus totam ea totam quasi. Natus ut ipsam ad quo ratione.',1,'2025-10-26 10:32:32','2025-10-26 10:32:32',NULL),(73,37,93,2,'Similique voluptatum asperiores ut non eaque et. Deserunt pariatur et nesciunt perspiciatis neque animi. Vitae maiores sit nulla suscipit dolorem rerum. Quae est nihil dolores itaque.',1,'2025-10-26 10:32:32','2025-10-26 10:32:32',NULL),(74,37,99,4,'Distinctio officia magni deserunt hic aliquid. Laboriosam reprehenderit tempore laborum non dicta esse optio. Assumenda esse culpa voluptas neque fugiat illo labore.',1,'2025-10-26 10:32:32','2025-10-26 10:32:32',NULL),(75,37,101,1,'Provident reiciendis sunt ipsam veritatis. Provident quam earum sed nostrum quo nisi aspernatur. Neque temporibus esse amet voluptas sunt.',1,'2025-10-26 10:32:32','2025-10-26 10:32:32',NULL),(76,37,108,4,'Non suscipit esse fugit eum. Corrupti sed ad sed.',1,'2025-10-26 10:32:32','2025-10-26 10:32:32',NULL),(77,37,117,3,'Quis ducimus omnis et aperiam ratione sit aut et. Qui labore vel perferendis voluptas sit non. Sint sequi reprehenderit voluptatem exercitationem nisi consectetur. Repellat qui eaque non voluptas.',1,'2025-10-26 10:32:32','2025-10-26 10:32:32',NULL),(78,38,37,2,'Quis dolor hic hic fugiat qui neque quod facilis. Id provident numquam eos provident similique blanditiis numquam. Optio enim voluptatem aliquid ullam error rerum.',1,'2025-10-26 10:32:32','2025-10-26 10:32:32',NULL),(79,38,56,2,'Qui quia minus aut nisi. Vitae corrupti molestiae suscipit temporibus non. Repellendus rerum ullam commodi eos impedit architecto illo.',1,'2025-10-26 10:32:32','2025-10-26 10:32:32',NULL),(80,38,63,1,'Voluptate in ut est sit. Ratione dolor ea et quos nulla. Ab neque voluptas totam expedita ut reiciendis. Asperiores dolorem nulla quae distinctio.',1,'2025-10-26 10:32:32','2025-10-26 10:32:32',NULL),(81,38,68,1,'Minus tempore necessitatibus minima impedit eveniet. Aut et sit velit qui possimus vel.',1,'2025-10-26 10:32:32','2025-10-26 10:32:32',NULL),(82,38,76,1,'Id facere quos dolore molestiae fugiat ut. Mollitia officiis qui et voluptatibus. Sint iste soluta velit consequatur dignissimos aut.',1,'2025-10-26 10:32:32','2025-10-26 10:32:32',NULL),(83,38,92,1,'Voluptatem animi nostrum rerum labore in. Odio quo aut porro veritatis illo et facilis. Voluptate illo doloribus eius eius et distinctio.',1,'2025-10-26 10:32:32','2025-10-26 10:32:32',NULL),(84,38,98,5,'Voluptatem quibusdam rerum quod sit. Accusantium iste a ad consequatur. Aliquam odio quod unde accusamus rerum tenetur non. Vero maxime rerum sit consectetur asperiores natus tempore molestiae.',1,'2025-10-26 10:32:32','2025-10-26 10:32:32',NULL),(85,38,103,5,'Illo perferendis qui voluptas. Autem voluptatibus officia est et aut et placeat dolore. Ab omnis eum omnis dignissimos. Quos ducimus sequi provident et maiores. Non qui in eum qui qui dolor earum.',1,'2025-10-26 10:32:32','2025-10-26 10:32:32',NULL),(86,38,119,2,'Perferendis voluptatem perferendis et labore. Vero aut laudantium hic rerum. Eos cum molestiae labore earum ex alias quia.',1,'2025-10-26 10:32:32','2025-10-26 10:32:32',NULL),(87,44,27,5,'Repudiandae quia voluptate aut enim. Explicabo ratione veniam quos cum eveniet eos. Tenetur maiores aut asperiores nulla quisquam minima commodi. Earum rerum sit necessitatibus incidunt molestias est est in.',1,'2025-10-26 10:32:32','2025-10-26 10:32:32',NULL),(88,44,29,4,'Dignissimos exercitationem ipsa excepturi eaque sed libero. Et suscipit sint nobis quia aperiam. Veritatis et debitis non eum et rerum non.',1,'2025-10-26 10:32:32','2025-10-26 10:32:32',NULL),(89,44,32,5,'Natus numquam nihil perspiciatis perferendis. Ducimus repellendus hic consectetur necessitatibus. Nobis quae culpa placeat in.',1,'2025-10-26 10:32:32','2025-10-26 10:32:32',NULL),(90,44,39,5,'Facere ut ea alias consequuntur occaecati saepe. Sed exercitationem assumenda rerum officiis qui cupiditate. Qui atque ducimus repudiandae et.',1,'2025-10-26 10:32:32','2025-10-26 10:32:32',NULL),(91,44,57,3,'Officia magnam excepturi cumque qui ad cum ipsum. Numquam eos est ipsum sit. Nam occaecati similique quo incidunt mollitia rerum. Quis ea quos placeat porro quis.',1,'2025-10-26 10:32:32','2025-10-26 10:32:32',NULL),(92,44,70,3,'Accusantium dignissimos repudiandae ratione libero qui officiis. Delectus nostrum ea qui pariatur perferendis non. Repellendus eius quasi occaecati eius. Quo ut eum quia. Laudantium magni ab reiciendis expedita quibusdam nobis earum.',1,'2025-10-26 10:32:32','2025-10-26 10:32:32',NULL),(93,44,92,3,'Qui totam numquam voluptas voluptatibus vel nisi. Et consequatur laboriosam consequatur quae. Magnam est quia quis pariatur.',1,'2025-10-26 10:32:32','2025-10-26 10:32:32',NULL),(94,44,109,4,'Placeat quas tempora consequatur consequatur. Ea dolor voluptas qui cum sed. At nostrum ad soluta laborum. Fugiat iure sit maxime veniam ut voluptas. Quibusdam molestias est quasi ut sed possimus.',1,'2025-10-26 10:32:32','2025-10-26 10:32:32',NULL),(95,44,117,4,'Maxime et quia sed pariatur quia. Unde minus dolor sunt aperiam. Suscipit itaque eos necessitatibus necessitatibus praesentium quidem.',1,'2025-10-26 10:32:32','2025-10-26 10:32:32',NULL),(96,50,31,3,'Ad ab distinctio vero quas. Error aut debitis similique quisquam dignissimos. Laboriosam accusantium est quia in.',1,'2025-10-26 10:32:32','2025-10-26 10:32:32',NULL),(97,50,83,4,'Voluptatem optio velit ipsum accusantium quis. Aliquid error sed id nobis provident et et. Minima tempora id voluptatem soluta animi. Qui quidem ea at ad odio aut ullam in.',1,'2025-10-26 10:32:32','2025-10-26 10:32:32',NULL),(98,52,54,3,'Quaerat non quia sunt saepe neque. Velit consequuntur dicta voluptates et perferendis quisquam id. Ipsum voluptatum tenetur quos placeat maxime sed.',1,'2025-10-26 10:32:32','2025-10-26 10:32:32',NULL),(99,52,62,5,'Sint aut qui quos aut. Debitis aut dolor aut quas error earum alias.',1,'2025-10-26 10:32:32','2025-10-26 10:32:32',NULL),(100,52,87,3,'Voluptatem nostrum cumque ipsam quia nobis. Odio modi sed facere animi iusto. Et dolore doloribus nisi eum dicta aut laboriosam. Non cumque tempora ea qui.',1,'2025-10-26 10:32:32','2025-10-26 10:32:32',NULL),(101,53,26,1,'Assumenda adipisci dolorum modi sed. Saepe voluptatum explicabo ipsam animi velit vero esse. Hic non excepturi natus enim praesentium sapiente. Cumque ut ea veritatis vel vero est esse.',1,'2025-10-26 10:32:32','2025-10-26 10:32:32',NULL),(102,53,33,1,'Ab esse eum optio vel quia. Optio blanditiis minima voluptate modi libero quibusdam illo. Quis cumque architecto aut eos ea. Velit unde quae aut maxime officiis dignissimos placeat. Quaerat occaecati ullam nulla.',1,'2025-10-26 10:32:32','2025-10-26 10:32:32',NULL),(103,53,46,2,'Pariatur minus et magni voluptatem. Consequatur recusandae enim laudantium et et. Optio ipsum in consequatur repellendus. Et rerum veniam rerum atque et ipsum.',1,'2025-10-26 10:32:32','2025-10-26 10:32:32',NULL),(104,53,58,3,'Beatae cupiditate qui laborum placeat odio. Nulla corrupti aut a quis aut at. Iste voluptatem sit ea quas rem qui.',1,'2025-10-26 10:32:32','2025-10-26 10:32:32',NULL),(105,53,88,3,'Aperiam veniam expedita sunt dolor ducimus quia. Ipsam cumque ea dicta. Ut ratione aperiam perspiciatis eos dolore velit rerum eaque. Enim ut a doloribus quia.',1,'2025-10-26 10:32:32','2025-10-26 10:32:32',NULL),(106,53,90,2,'Laborum aperiam nam dolorum nemo aliquam amet facere. Autem minima incidunt aspernatur quia aspernatur debitis saepe.',1,'2025-10-26 10:32:32','2025-10-26 10:32:32',NULL),(107,53,108,5,'Dolorem autem neque repudiandae officiis alias non. Fuga ipsam molestiae voluptate quia. Totam vel molestiae ex rerum dolor optio natus. Quisquam sed et aliquid excepturi enim itaque rerum voluptas. Pariatur ab et magnam alias sapiente aliquam atque.',1,'2025-10-26 10:32:32','2025-10-26 10:32:32',NULL),(108,53,121,2,'Ut similique nisi cupiditate praesentium. Recusandae dolorem quis est iusto officiis. Quo sunt dolorem facere veniam aperiam. Aut explicabo aut quia odit voluptates dolorem rem.',1,'2025-10-26 10:32:32','2025-10-26 10:32:32',NULL),(109,55,34,5,'Possimus aut dolores rem reprehenderit aspernatur illo similique. Quaerat voluptatum ipsam non est laudantium voluptatem delectus et. Mollitia est totam soluta cum et.',1,'2025-10-26 10:32:32','2025-10-26 10:32:32',NULL),(110,55,69,3,'Nihil minus qui voluptas quia explicabo adipisci voluptatem. Vero ut et temporibus dolorem molestiae ex exercitationem. Ipsam quibusdam fugit et beatae.',1,'2025-10-26 10:32:32','2025-10-26 10:32:32',NULL),(111,58,59,4,'Magnam laboriosam mollitia eum. Exercitationem aut cum voluptatum occaecati adipisci voluptatem odit. Sunt velit blanditiis rerum et.',1,'2025-10-26 10:32:32','2025-10-26 10:32:32',NULL),(112,59,81,3,'Explicabo omnis illum nisi voluptatem accusamus quisquam. Voluptate necessitatibus aliquid est molestiae neque autem. Minus repellat quibusdam et voluptatem.',1,'2025-10-26 10:32:32','2025-10-26 10:32:32',NULL),(113,59,85,5,'Est reprehenderit quo a nam beatae omnis eligendi dolore. Quia facilis quae magnam dicta commodi. Nesciunt minima sint eos quaerat vero consequatur. Deleniti totam repellendus ab est earum molestias sunt doloribus.',1,'2025-10-26 10:32:32','2025-10-26 10:32:32',NULL),(114,59,109,1,'Ut non et voluptas ut ut. Similique distinctio consequatur odit voluptas veniam. Quibusdam maxime doloremque animi esse et necessitatibus. Eos et dolorum in doloremque. Modi unde labore deleniti molestias voluptatem voluptatum aut.',1,'2025-10-26 10:32:32','2025-10-26 10:32:32',NULL),(115,59,116,3,'Ipsum impedit corporis qui sed nulla nobis. Laudantium error id aperiam natus non numquam corporis dicta. Necessitatibus ut placeat ullam recusandae non. Fuga sunt est impedit aut quo odio.',1,'2025-10-26 10:32:32','2025-10-26 10:32:32',NULL),(116,61,30,1,'Repellendus sint sit dolores. Voluptates ut eos est cupiditate eum voluptas voluptatem nostrum. Hic provident quae cumque adipisci rem magnam et saepe.',1,'2025-10-26 10:32:32','2025-10-26 10:32:32',NULL),(117,61,31,4,'Maiores minima fugit sint molestiae dolorem. Nihil quasi necessitatibus doloremque est. Omnis voluptas nisi consequatur fugiat dolores illo est laudantium. Reprehenderit ea eligendi voluptatibus corporis.',1,'2025-10-26 10:32:32','2025-10-26 10:32:32',NULL),(118,61,42,5,'Ea ipsum iusto ipsam ipsa corrupti sequi officiis. Ad voluptas adipisci rerum aut dolores velit a. Dolores non esse dolor sapiente labore aspernatur quia.',1,'2025-10-26 10:32:32','2025-10-26 10:32:32',NULL),(119,61,46,2,'Laborum unde iure a placeat quos sit ut. Et repellat repellat corrupti qui animi eius ea. Optio minus nisi non blanditiis ea. Rem aut inventore et molestiae rerum totam veritatis.',1,'2025-10-26 10:32:32','2025-10-26 10:32:32',NULL),(120,61,56,2,'Asperiores dolore voluptatem sed. Enim pariatur qui fugiat accusantium. Cum voluptas molestias dolor distinctio nostrum quasi. Explicabo nisi minima non sit et vel et. Itaque sunt et quo nemo totam.',1,'2025-10-26 10:32:32','2025-10-26 10:32:32',NULL),(121,61,79,5,'Quam repellendus sed ut non aut aut voluptatibus quaerat. Recusandae sapiente atque adipisci aperiam. Doloremque ducimus omnis praesentium a.',1,'2025-10-26 10:32:32','2025-10-26 10:32:32',NULL),(122,64,46,5,'Id qui consequatur qui ullam autem placeat dolore eaque. Atque quos veniam quis molestiae. Deleniti incidunt voluptatibus veniam ducimus et.',1,'2025-10-26 10:32:32','2025-10-26 10:32:32',NULL),(123,64,80,1,'Est sint magni maxime. Doloremque nisi beatae temporibus tempora aliquid aut. Molestiae molestias sit unde esse in maiores.',1,'2025-10-26 10:32:32','2025-10-26 10:32:32',NULL),(124,64,104,1,'Blanditiis dolorem id sequi et. Sunt nihil vero et. Eos ut quia necessitatibus fugiat. Magnam eius corrupti et ea.',1,'2025-10-26 10:32:32','2025-10-26 10:32:32',NULL),(125,64,111,4,'Quas eos illo vel modi molestiae. Mollitia praesentium quia voluptas ut vel. Quo tenetur aut quo sed quia beatae vel. Pariatur ea et nisi.',1,'2025-10-26 10:32:32','2025-10-26 10:32:32',NULL),(126,65,24,1,'Autem consequatur quas sapiente perspiciatis. Similique sit modi aut sunt ipsa necessitatibus provident. Ducimus quaerat autem ut ullam. Nemo voluptatem veniam nesciunt rem reiciendis qui.',1,'2025-10-26 10:32:32','2025-10-26 10:32:32',NULL),(127,65,25,1,'Excepturi aut et molestiae. Natus sunt fugit voluptas et harum. Omnis sit omnis illo quasi. Voluptas doloremque quisquam ut enim rem aut.',1,'2025-10-26 10:32:32','2025-10-26 10:32:32',NULL),(128,65,33,2,'Molestiae adipisci voluptatem pariatur illo et ut dicta. Atque non expedita libero non. Quae at atque suscipit facere dolor dolores. Dolores culpa dolor omnis voluptatum omnis est. Dolores nostrum a earum mollitia nihil sed voluptas.',1,'2025-10-26 10:32:32','2025-10-26 10:32:32',NULL),(129,65,39,5,'Quidem in fugit corrupti a. Saepe est itaque consectetur quasi doloremque quos. Optio velit cumque reprehenderit est ipsam quis soluta.',1,'2025-10-26 10:32:32','2025-10-26 10:32:32',NULL),(130,65,40,1,'Voluptate quisquam vel magni accusantium. Error consequatur veritatis perferendis eius est ut soluta. Nobis ipsa dolorem minus nesciunt aliquid ipsa.',1,'2025-10-26 10:32:32','2025-10-26 10:32:32',NULL),(131,65,45,3,'Error et et similique nostrum odio quia qui. Unde nisi tempora esse veniam. In voluptatum officiis et.',1,'2025-10-26 10:32:32','2025-10-26 10:32:32',NULL),(132,65,55,4,'Rerum aliquid aliquam voluptatem autem. Nulla rerum velit accusamus laborum qui quia incidunt.',1,'2025-10-26 10:32:32','2025-10-26 10:32:32',NULL),(133,65,104,2,'Illo harum repudiandae at et numquam voluptatem. Explicabo maxime praesentium beatae dicta. Dolorum deleniti eos harum facilis ipsam.',1,'2025-10-26 10:32:32','2025-10-26 10:32:32',NULL),(134,65,108,4,'Reiciendis tempora id enim omnis nihil. Rerum reprehenderit minus omnis voluptates. Dicta incidunt quaerat voluptas aut quis repellendus. Aut modi et maxime illum.',1,'2025-10-26 10:32:32','2025-10-26 10:32:32',NULL),(135,66,25,2,'Velit adipisci facilis et nihil sunt. Laboriosam totam nulla ducimus sit alias impedit minus aut.',1,'2025-10-26 10:32:32','2025-10-26 10:32:32',NULL),(136,66,104,3,'Non labore necessitatibus eos id. Perferendis omnis eligendi delectus omnis facilis. Laboriosam est nemo dolorum rerum omnis facere. Iusto eaque laboriosam aliquam aliquid deserunt reprehenderit quia. Commodi beatae voluptatem eligendi est ad minus dolorem.',1,'2025-10-26 10:32:32','2025-10-26 10:32:32',NULL),(137,69,25,5,'Et et ut atque magnam. Rerum dolor est adipisci placeat. Tenetur impedit cum quia asperiores. Iusto et adipisci ex at quia quasi.',1,'2025-10-26 10:32:32','2025-10-26 10:32:32',NULL),(138,69,33,1,'Molestiae distinctio voluptatum maxime quas ad quia. Aspernatur placeat perferendis dolores magni mollitia sunt quidem. Ratione nesciunt molestias est architecto sequi ex. Molestias esse quibusdam enim corrupti. Dolores similique quis quos et quod voluptate.',1,'2025-10-26 10:32:32','2025-10-26 10:32:32',NULL),(139,69,41,4,'Molestias non cumque vel. Enim asperiores impedit dolore voluptatem vel blanditiis. Hic error ipsum numquam aut nulla id.',1,'2025-10-26 10:32:32','2025-10-26 10:32:32',NULL),(140,69,57,3,'Aut perferendis omnis id et consequatur culpa. Rem dolores dolor deleniti non est omnis nulla. Veniam itaque dicta minima sint. Voluptas eos dolores adipisci placeat.',1,'2025-10-26 10:32:32','2025-10-26 10:32:32',NULL),(141,69,59,2,'Nihil et rerum officia amet est distinctio quasi. Voluptas ut voluptas voluptas voluptas. Perferendis et corrupti et eius porro.',1,'2025-10-26 10:32:32','2025-10-26 10:32:32',NULL),(142,69,69,4,'Necessitatibus assumenda cum cupiditate sint. Occaecati deserunt sit modi ut rerum.',1,'2025-10-26 10:32:32','2025-10-26 10:32:32',NULL),(143,69,73,4,'Sunt eos iste minus atque. Asperiores officiis sed aut perferendis reprehenderit quisquam non. Debitis iusto vitae quo magni.',1,'2025-10-26 10:32:32','2025-10-26 10:32:32',NULL),(144,69,83,2,'Sunt animi rerum qui voluptatem. Ut labore ullam quaerat hic molestiae delectus quos. Error illo ullam cumque quia.',1,'2025-10-26 10:32:32','2025-10-26 10:32:32',NULL),(145,69,90,2,'Odio eos unde asperiores aut. Error tenetur et ea debitis enim voluptate. Repellendus illo est optio possimus.',1,'2025-10-26 10:32:32','2025-10-26 10:32:32',NULL),(146,69,120,3,'Dolorum quidem eum est vel non aliquam qui. Accusamus laborum at magni perferendis corrupti in. Et voluptatem et in aut sit. Harum illo quis et iusto et qui. Quia et sint nostrum sit labore perferendis.',1,'2025-10-26 10:32:32','2025-10-26 10:32:32',NULL),(147,70,46,1,'Voluptas molestiae natus doloribus mollitia sit dolorum dolor incidunt. Odio laborum aut assumenda laborum sed. Dolor quia quia qui optio atque omnis.',1,'2025-10-26 10:32:32','2025-10-26 10:32:32',NULL),(148,70,50,4,'Amet qui consequatur id id. Reprehenderit laborum nesciunt voluptates magni reprehenderit laboriosam. Deserunt fuga in corporis optio. Omnis cumque magnam quo dolorum aut.',1,'2025-10-26 10:32:32','2025-10-26 10:32:32',NULL),(149,70,53,2,'Qui id et molestiae ratione soluta. Quis autem et eaque deleniti minima. Suscipit laborum nesciunt et porro ducimus illo. Deserunt est non temporibus.',1,'2025-10-26 10:32:32','2025-10-26 10:32:32',NULL),(150,70,58,5,'Est ut asperiores laboriosam culpa. Et enim maiores excepturi voluptate. Voluptate eius eos quo deleniti asperiores non in. Magni eius eum quis quasi minima ut aut aut.',1,'2025-10-26 10:32:32','2025-10-26 10:32:32',NULL),(151,70,82,2,'Eaque non odio rerum quas sequi quis. Dolorem omnis animi quis. Dolorum dolores animi magnam ullam in. Omnis molestias et facilis molestias vero qui.',1,'2025-10-26 10:32:32','2025-10-26 10:32:32',NULL),(152,70,85,2,'Sapiente inventore vero perferendis possimus aut. Sit sequi deleniti facere sed est repellendus.',1,'2025-10-26 10:32:32','2025-10-26 10:32:32',NULL),(153,70,107,3,'Consequuntur dolor alias quam fugiat. Quod quasi consequatur voluptatem enim accusantium. Porro non modi optio rem adipisci similique. Aut eveniet minus reprehenderit aspernatur harum voluptatem dignissimos perspiciatis.',1,'2025-10-26 10:32:32','2025-10-26 10:32:32',NULL),(154,70,109,2,'Quae ad distinctio nesciunt autem voluptatem sed nihil. Expedita quisquam assumenda minima beatae aperiam doloremque.',1,'2025-10-26 10:32:32','2025-10-26 10:32:32',NULL),(155,70,116,1,'Esse voluptatibus in dolorem. Provident itaque rem est quia. Architecto modi dignissimos praesentium voluptatum modi fugiat.',1,'2025-10-26 10:32:32','2025-10-26 10:32:32',NULL),(156,70,118,5,'Cupiditate est voluptatem et voluptatibus voluptas nihil. Quos ipsa iste et sit corporis est ullam ducimus. Illo eius neque architecto aut eum hic.',1,'2025-10-26 10:32:32','2025-10-26 10:32:32',NULL),(157,71,45,4,'Laboriosam esse accusantium officiis rem. In laboriosam soluta laudantium nihil. Qui occaecati voluptate et ad sit. Accusantium nulla deleniti et a eum veniam et.',1,'2025-10-26 10:32:32','2025-10-26 10:32:32',NULL),(158,71,66,3,'Qui recusandae laborum vero beatae voluptas. Rerum qui id ab. Recusandae error dolorem voluptates quia debitis itaque.',1,'2025-10-26 10:32:32','2025-10-26 10:32:32',NULL),(159,71,75,2,'Natus quidem quam nihil beatae sit vel qui. Tempora tempora nesciunt ipsam atque sit. Cupiditate magnam harum sit iure modi non ipsa. Non excepturi aspernatur quo exercitationem molestiae illo.',1,'2025-10-26 10:32:32','2025-10-26 10:32:32',NULL),(160,71,93,4,'Est corrupti maxime dolorum voluptas rerum. Laboriosam assumenda esse facere eos. Dolorem earum explicabo in velit occaecati dolore.',1,'2025-10-26 10:32:32','2025-10-26 10:32:32',NULL),(161,71,98,3,'Culpa velit veniam soluta numquam alias. Qui asperiores ducimus voluptas voluptatem incidunt enim vero. Excepturi eum velit qui et libero ab quos.',1,'2025-10-26 10:32:32','2025-10-26 10:32:32',NULL),(162,71,110,2,'Saepe repellendus ullam iure id nihil illo. Et molestiae molestiae quis. Commodi vel et sint doloribus dolorum tempore quo. Fugiat qui quisquam aut velit cumque quis.',1,'2025-10-26 10:32:32','2025-10-26 10:32:32',NULL),(163,71,113,1,'Quod non laudantium ut necessitatibus repellat. Est deleniti voluptatem odio necessitatibus vitae. Cupiditate soluta quia quo consequatur at laudantium.',1,'2025-10-26 10:32:32','2025-10-26 10:32:32',NULL),(164,71,117,4,'Commodi odio autem non et similique consequuntur. Culpa sint sunt molestiae veritatis labore similique modi. Maxime adipisci voluptate ullam blanditiis perferendis qui. Mollitia commodi nostrum eum quaerat fuga eius rem est.',1,'2025-10-26 10:32:32','2025-10-26 10:32:32',NULL),(165,73,38,4,'Aut dignissimos voluptas dolores tenetur eum. Illo molestias voluptatem libero voluptas. Non repellendus ad est tempora cumque voluptatibus. Id deleniti sint qui quam totam sit.',1,'2025-10-26 10:32:32','2025-10-26 10:32:32',NULL),(166,73,43,3,'Voluptate quo sunt dolore ullam. Possimus repellat nam et quod qui enim eos. Fugit consequatur consequuntur ut temporibus itaque sunt velit. Et voluptatum in dolorem officia aut.',1,'2025-10-26 10:32:32','2025-10-26 10:32:32',NULL),(167,73,115,5,'Eaque repudiandae tempora neque repellat. Doloribus optio odio et quae dolore reiciendis.',1,'2025-10-26 10:32:32','2025-10-26 10:32:32',NULL),(168,73,116,5,'Iusto aperiam quaerat totam ut et ea. Recusandae sit fugit deserunt et ut dolore. Voluptatem officiis a doloremque aut provident ad amet. Quaerat dicta qui doloremque eveniet.',1,'2025-10-26 10:32:32','2025-10-26 10:32:32',NULL),(169,76,54,3,'Ipsa molestiae quidem sit maiores ratione voluptatem. Quia laboriosam temporibus doloribus et. Id dolorem sit vero.',1,'2025-10-26 10:32:32','2025-10-26 10:32:32',NULL),(170,76,100,4,'Aut qui qui ut asperiores necessitatibus eum. Illo est est qui blanditiis soluta laborum. Fugit cum in temporibus sed est iusto nisi.',1,'2025-10-26 10:32:32','2025-10-26 10:32:32',NULL),(171,77,57,2,'Mollitia tempore aut quod ipsum. Sed aut impedit voluptas ad doloremque porro molestiae. Esse non iste non quae consectetur itaque. Velit sint et non. Quo quia vel sunt voluptatem.',1,'2025-10-26 10:32:32','2025-10-26 10:32:32',NULL),(172,78,42,3,'Vel exercitationem et cum soluta facere hic. Praesentium nobis incidunt sed possimus cum laudantium. Aperiam aliquid dolor ipsa molestias.',1,'2025-10-26 10:32:32','2025-10-26 10:32:32',NULL),(173,78,58,3,'Delectus dolorum reprehenderit ex quia. Tempore sint numquam accusamus est. Aperiam officiis est ipsam a. Et eos architecto rerum odit non voluptatem unde.',1,'2025-10-26 10:32:32','2025-10-26 10:32:32',NULL),(174,78,75,2,'Quidem saepe dolorum labore repudiandae et. Eaque aperiam error facilis. Eligendi ut error dignissimos explicabo iusto autem doloribus maxime.',1,'2025-10-26 10:32:32','2025-10-26 10:32:32',NULL),(175,78,81,4,'Aspernatur beatae mollitia ducimus numquam in dolorum sequi dolorum. Quos eum velit placeat hic quod itaque. Tenetur et non consectetur vitae est adipisci. Libero et et nihil odit.',1,'2025-10-26 10:32:32','2025-10-26 10:32:32',NULL),(176,78,112,1,'Quae et porro ut non nulla aut officia dolorum. Aut natus placeat consequatur cupiditate blanditiis necessitatibus reiciendis. Illum error error porro modi quaerat et adipisci. Nobis rerum eaque perspiciatis animi.',1,'2025-10-26 10:32:32','2025-10-26 10:32:32',NULL),(177,78,115,1,'Omnis ullam qui et est enim. Nam quas harum esse quo quia. Numquam rem praesentium tempore ratione quam.',1,'2025-10-26 10:32:32','2025-10-26 10:32:32',NULL),(178,78,116,3,'Est velit atque minima dolores doloremque. Qui ab aut rerum omnis temporibus. Cumque ad soluta commodi mollitia iste.',1,'2025-10-26 10:32:32','2025-10-26 10:32:32',NULL),(179,79,24,1,'Fugit et voluptatum aut voluptas ad. Reprehenderit sapiente maiores dolores sunt fuga. Amet minus consequatur consectetur assumenda ea recusandae quibusdam.',1,'2025-10-26 10:32:32','2025-10-26 10:32:32',NULL),(180,79,55,5,'Non distinctio dolorem occaecati. Et ipsam ut consectetur ab qui ducimus non. Et ut laborum modi maiores vel nihil molestias voluptas. Pariatur dolor reiciendis architecto tenetur eos animi molestiae.',1,'2025-10-26 10:32:32','2025-10-26 10:32:32',NULL),(181,79,69,5,'Consectetur et quaerat ducimus molestias itaque. Perspiciatis in labore nulla aut aliquid sit deleniti molestiae. Ad est illo enim tempore.',1,'2025-10-26 10:32:32','2025-10-26 10:32:32',NULL),(182,79,70,5,'Est omnis ea cum optio. Corporis ad doloribus incidunt est ullam quos. Autem possimus aliquid aperiam magnam corrupti dolores voluptates.',1,'2025-10-26 10:32:32','2025-10-26 10:32:32',NULL),(183,79,87,2,'Cupiditate fugiat aut reiciendis magnam est error autem vitae. Corrupti debitis ad vitae sit cum. Exercitationem dolorem sit odit voluptas placeat consequuntur. Nemo quae magni laudantium.',1,'2025-10-26 10:32:32','2025-10-26 10:32:32',NULL),(184,79,101,4,'Repellat iusto consectetur quis et inventore qui. Unde enim quidem sint qui. Ipsa quia doloremque omnis omnis accusamus est. Dolor architecto ut aut facilis.',1,'2025-10-26 10:32:32','2025-10-26 10:32:32',NULL),(185,79,102,2,'Ratione quod accusantium est quas. Quia quisquam fugiat ut amet qui voluptatibus quis. Dicta dolorem dignissimos fuga earum. Ad beatae et et.',1,'2025-10-26 10:32:32','2025-10-26 10:32:32',NULL),(186,79,103,5,'Reprehenderit est itaque dignissimos eligendi dignissimos. Impedit est alias ipsa dolores. Ut quo officiis ullam repellat magnam quod. Earum cumque velit quae.',1,'2025-10-26 10:32:32','2025-10-26 10:32:32',NULL),(187,79,107,4,'Aut id sit voluptas quisquam tempora voluptas. Voluptatem minus aut ut necessitatibus ut accusantium qui voluptatem. Porro laborum et expedita. Omnis incidunt rem voluptate voluptas est doloribus. Impedit itaque consequatur molestiae eos tempore ad.',1,'2025-10-26 10:32:32','2025-10-26 10:32:32',NULL),(188,81,43,1,'Id ratione molestiae cum incidunt omnis hic itaque. Impedit et totam reprehenderit aperiam quas fugiat hic. Reiciendis dolor dolorum nostrum explicabo ullam quos.',1,'2025-10-26 10:32:32','2025-10-26 10:32:32',NULL),(189,81,44,4,'Exercitationem vero et corrupti quasi dolores quasi et consequatur. Non rem tenetur quia est. Ab similique esse consequuntur nihil eaque. Autem temporibus ab ipsum facere amet repudiandae sint.',1,'2025-10-26 10:32:32','2025-10-26 10:32:32',NULL),(190,81,45,2,'Blanditiis aut sint omnis consectetur ex. Debitis velit doloribus consequatur occaecati aut sunt enim. Corrupti qui qui sed aut nobis distinctio.',1,'2025-10-26 10:32:32','2025-10-26 10:32:32',NULL),(191,81,55,3,'Non nobis sit aut non. Harum corporis aut nam neque a reiciendis. Qui velit sit deserunt quas.',1,'2025-10-26 10:32:32','2025-10-26 10:32:32',NULL),(192,81,57,3,'Dolorem praesentium sunt ratione eius. Cum deserunt voluptas veniam nisi. Quos quam laboriosam voluptatum vero sapiente aut eum.',1,'2025-10-26 10:32:32','2025-10-26 10:32:32',NULL),(193,81,78,3,'Consequuntur voluptatum mollitia fuga. Quasi dolorum reiciendis sapiente quia rerum quis. Eius sequi eum porro atque. Culpa est molestiae autem fugit placeat. Fugit molestiae dolor praesentium repudiandae consequatur voluptate vitae.',1,'2025-10-26 10:32:32','2025-10-26 10:32:32',NULL),(194,81,95,2,'Laboriosam facere eaque delectus dolore. Et aut consequatur dolorem beatae consectetur et aut. Quibusdam omnis fuga quae architecto impedit. Atque aut nesciunt sunt laudantium. Culpa nesciunt distinctio voluptatem perferendis est voluptas.',1,'2025-10-26 10:32:32','2025-10-26 10:32:32',NULL),(195,81,102,1,'Quas rem laboriosam culpa vitae praesentium. Nemo consequatur amet ea voluptas et earum. Id beatae id ipsum rerum hic.',1,'2025-10-26 10:32:32','2025-10-26 10:32:32',NULL),(196,81,120,3,'Enim eos quis quis non exercitationem. Natus culpa eius et error et. Eligendi blanditiis provident deleniti quia.',1,'2025-10-26 10:32:32','2025-10-26 10:32:32',NULL),(197,82,67,1,'Dolorem iusto dignissimos deleniti ut provident eius. Dignissimos iure et minus qui ab qui ex quia. Et mollitia architecto laborum et nam alias. Iusto natus sunt minima nihil officia atque voluptatibus.',1,'2025-10-26 10:32:32','2025-10-26 10:32:32',NULL),(198,82,86,2,'Dolorum aut asperiores aut quia quam. Ipsum qui adipisci repellat consequuntur inventore nam illum voluptas. Cumque voluptas dolores animi repellat ex beatae.',1,'2025-10-26 10:32:32','2025-10-26 10:32:32',NULL),(199,82,104,4,'Expedita et et id temporibus aut. A voluptate aliquid soluta enim porro quisquam pariatur. Non sed laborum alias omnis ipsum architecto animi.',1,'2025-10-26 10:32:32','2025-10-26 10:32:32',NULL),(200,85,31,4,'Eius quis voluptas commodi placeat voluptatem qui ut. Ipsum non iusto odit nihil quibusdam.',1,'2025-10-26 10:32:32','2025-10-26 10:32:32',NULL),(201,85,52,5,'Eum amet necessitatibus non rerum id quia. Quo numquam velit qui earum pariatur optio corrupti expedita. Dolorum non ab nostrum illo aut. Officia impedit aliquam sit incidunt.',1,'2025-10-26 10:32:32','2025-10-26 10:32:32',NULL),(202,87,47,2,'Qui perferendis ut nulla illum et rem. Dolorem odit voluptatibus corporis quia quos. Sed voluptates non aut et.',1,'2025-10-26 10:32:32','2025-10-26 10:32:32',NULL),(203,87,50,5,'Non possimus voluptate voluptatum inventore. Et quam asperiores iusto odit id ipsum sit.',1,'2025-10-26 10:32:32','2025-10-26 10:32:32',NULL),(204,87,81,2,'Voluptate non dolor ab tenetur omnis. Quos sed aut distinctio. Ducimus sit dicta qui delectus.',1,'2025-10-26 10:32:32','2025-10-26 10:32:32',NULL),(205,88,23,1,'Ex eligendi vero et ex quia harum ex. Est accusantium autem eligendi dignissimos. Nihil sequi beatae aliquid est laudantium fugit laudantium. Nihil fuga vero adipisci.',1,'2025-10-26 10:32:32','2025-10-26 10:32:32',NULL),(206,88,31,5,'Id iure qui molestiae eum harum nesciunt unde. Sed ullam ullam nihil nostrum culpa perferendis accusantium. Vel ex numquam a quia possimus consectetur.',1,'2025-10-26 10:32:32','2025-10-26 10:32:32',NULL),(207,88,49,3,'Odit ut qui numquam quia. Distinctio est perferendis vel dolore quam illo. Aut totam itaque ex vero ex. Optio perferendis ut aut dolor qui aliquam eos dolor.',1,'2025-10-26 10:32:32','2025-10-26 10:32:32',NULL),(208,88,51,1,'Delectus quo necessitatibus ut nesciunt. Officia vitae aliquid ea. Vel quia eveniet dolorem dolores et vel ipsam. Aut nihil in sed blanditiis eligendi quae laborum placeat.',1,'2025-10-26 10:32:32','2025-10-26 10:32:32',NULL),(209,88,77,3,'Amet est magni cum totam voluptatem. Modi nostrum non molestiae occaecati. Voluptatem accusantium enim quis inventore optio.',1,'2025-10-26 10:32:32','2025-10-26 10:32:32',NULL),(210,88,85,5,'Dolorum fuga totam doloribus ipsum illo soluta nihil dolorum. Est provident officia dolorem facere et dicta. Nihil voluptatem maxime aut quos blanditiis quo.',1,'2025-10-26 10:32:32','2025-10-26 10:32:32',NULL),(211,88,88,1,'Dolores quis impedit sequi quia deleniti laboriosam. Libero dignissimos dolor aut eveniet ex. Aut provident mollitia eius quo voluptatum est illum.',1,'2025-10-26 10:32:32','2025-10-26 10:32:32',NULL),(212,88,101,5,'Dolores cum ut sed aut fuga cupiditate rerum. Inventore officia nisi vero rerum natus quia aperiam. Repellat eveniet temporibus molestiae quos eligendi. Ullam est hic ducimus ratione dicta.',1,'2025-10-26 10:32:32','2025-10-26 10:32:32',NULL),(213,88,112,1,'Facere voluptas earum voluptatum voluptas eveniet. Quidem cumque necessitatibus iusto vel rerum aut vel officia. Nostrum distinctio voluptas velit ad. Quis est quibusdam omnis dolorem nemo. Consectetur minima minima eius maiores.',1,'2025-10-26 10:32:32','2025-10-26 10:32:32',NULL),(214,88,119,3,'Consectetur fuga minus inventore occaecati. Laudantium numquam quibusdam qui molestias quia perferendis. Voluptatum nulla est sint occaecati et repellat veniam.',1,'2025-10-26 10:32:32','2025-10-26 10:32:32',NULL),(215,90,48,3,'Dignissimos ad similique cumque laudantium. Odit quas reprehenderit velit omnis laboriosam. Sed quae dolorum tempore. Iure et sapiente sequi perspiciatis tempore vitae. Consequatur architecto et consectetur quia molestiae.',1,'2025-10-26 10:32:32','2025-10-26 10:32:32',NULL),(216,90,56,2,'Animi doloribus natus placeat officia molestiae quis maxime. Rerum nostrum earum perspiciatis adipisci. Laudantium aut quis fugiat libero a suscipit laborum est. Voluptate harum repellendus corrupti consequuntur modi.',1,'2025-10-26 10:32:32','2025-10-26 10:32:32',NULL),(217,90,63,4,'Cum non consequatur sint sit rerum quaerat maiores ex. Quam nisi perspiciatis impedit sed voluptatem. Alias amet illo vero sunt.',1,'2025-10-26 10:32:32','2025-10-26 10:32:32',NULL),(218,90,66,3,'Aut qui quod quisquam et. Qui est iure omnis eos sit exercitationem recusandae.',1,'2025-10-26 10:32:32','2025-10-26 10:32:32',NULL),(219,91,83,1,'Accusamus quis rerum blanditiis. Eos qui quos alias natus commodi qui hic alias. Aut at laborum qui sequi aut sit. Similique sed et omnis inventore est atque debitis.',1,'2025-10-26 10:32:32','2025-10-26 10:32:32',NULL),(220,91,109,2,'Asperiores aut expedita accusantium velit mollitia facilis voluptas sint. Voluptatibus vero repellendus aut ducimus perferendis ut natus. Iusto deserunt voluptatibus nisi amet aspernatur quae. Asperiores soluta voluptate similique quo possimus vel.',1,'2025-10-26 10:32:32','2025-10-26 10:32:32',NULL),(221,91,112,3,'Minus consequatur voluptas ut a porro ut veniam. Magni adipisci ut cum officia. Id repudiandae et eos porro. Nisi est ex possimus ipsam quisquam et nemo. Fugiat nemo quibusdam aut eum id.',1,'2025-10-26 10:32:32','2025-10-26 10:32:32',NULL),(222,93,35,5,'Omnis suscipit voluptatum hic. Iste et ducimus repellendus accusamus. Laudantium facere molestiae modi sunt temporibus.',1,'2025-10-26 10:32:32','2025-10-26 10:32:32',NULL),(223,93,39,3,'Possimus non eum eum commodi qui. Facilis facilis voluptas consequatur voluptatem reprehenderit praesentium dolore et. Est tempore rerum sit nihil. Dicta velit consectetur voluptatibus et adipisci.',1,'2025-10-26 10:32:32','2025-10-26 10:32:32',NULL),(224,93,71,2,'Ipsam rerum distinctio odio eligendi consequuntur totam. Modi aut facilis expedita quos illo. Ut laborum hic quia.',1,'2025-10-26 10:32:32','2025-10-26 10:32:32',NULL),(225,93,85,5,'Reprehenderit ea ea odio natus. Tenetur earum est quam ut. Officiis accusamus amet vero nihil voluptas. Hic error modi ex nihil nostrum dignissimos.',1,'2025-10-26 10:32:32','2025-10-26 10:32:32',NULL),(226,93,105,3,'Error iure recusandae est iste tempora. Sunt maxime harum odio similique. Dolores ex omnis explicabo rerum. Cum dolorem vel doloremque quis.',1,'2025-10-26 10:32:32','2025-10-26 10:32:32',NULL),(227,93,118,3,'Aperiam dolorum est quaerat atque qui sint dignissimos cupiditate. Et aut et harum aut aut sint. Laudantium tenetur nostrum deserunt nam animi tempore.',1,'2025-10-26 10:32:32','2025-10-26 10:32:32',NULL),(228,95,23,2,'Et repellendus nemo ea ut. Beatae consequatur iusto corrupti reprehenderit earum quod omnis.',1,'2025-10-26 10:32:32','2025-10-26 10:32:32',NULL),(229,95,42,4,'Et laborum consequatur dignissimos. Velit ut ducimus sunt inventore enim. Ab error necessitatibus dignissimos ea blanditiis. Neque asperiores quas esse magnam eligendi et.',1,'2025-10-26 10:32:32','2025-10-26 10:32:32',NULL),(230,95,47,1,'Quas et molestias architecto hic atque temporibus est. Molestiae qui maxime quia odio ut. Voluptatem harum temporibus saepe omnis culpa quidem cum doloremque. Velit ut reprehenderit corrupti similique.',1,'2025-10-26 10:32:32','2025-10-26 10:32:32',NULL),(231,95,54,1,'Dolore quia repudiandae laboriosam dolores et nobis optio. Maxime rerum unde laboriosam officia. Non et fuga minus qui. Sed rem non qui iste dicta tenetur.',1,'2025-10-26 10:32:32','2025-10-26 10:32:32',NULL),(232,95,56,1,'Quasi reiciendis quo ut totam quisquam. Molestiae enim velit aut dolores iste nihil laudantium. Facere sint quos aliquid dolores eos maxime magni harum.',1,'2025-10-26 10:32:32','2025-10-26 10:32:32',NULL),(233,95,58,1,'Id sunt reiciendis et sit voluptate omnis. Necessitatibus rerum placeat quasi adipisci qui. Non iure omnis nam nostrum.',1,'2025-10-26 10:32:32','2025-10-26 10:32:32',NULL),(234,95,62,3,'Ullam laudantium veniam a at cupiditate. Eius autem dicta ut. Sit omnis deserunt sed quia in sint. Cupiditate soluta perferendis officiis.',1,'2025-10-26 10:32:32','2025-10-26 10:32:32',NULL),(235,95,100,3,'Exercitationem eveniet quibusdam eligendi molestiae expedita. Cumque aut ut ea excepturi id enim reiciendis reprehenderit. Id doloremque sed dolores dolorem quia. Omnis laudantium totam sed nam at.',1,'2025-10-26 10:32:32','2025-10-26 10:32:32',NULL),(236,95,101,5,'Repellat ex accusantium commodi explicabo eos minus. Voluptas beatae expedita eaque velit alias. Dignissimos minus alias nemo optio consequatur quo. Consequatur commodi amet occaecati eos quam sed.',1,'2025-10-26 10:32:32','2025-10-26 10:32:32',NULL),(237,95,120,2,'Laborum quia quae saepe corrupti deleniti. Dolorum nesciunt et voluptatem sunt hic accusamus. Adipisci praesentium nulla est nihil quia. Assumenda dolor qui sit fugit.',1,'2025-10-26 10:32:32','2025-10-26 10:32:32',NULL),(238,97,116,2,'Explicabo aliquam aliquid dolore possimus incidunt quia. Totam libero consectetur aut perferendis praesentium. Est animi dolor voluptas sequi quibusdam sint nihil. Magnam facere nobis vel atque.',1,'2025-10-26 10:32:32','2025-10-26 10:32:32',NULL),(239,97,120,1,'Tenetur cum ab nihil dolor ipsam et reiciendis. Inventore aut aperiam ipsum qui magnam adipisci et. Iusto alias repellat odio aut.',1,'2025-10-26 10:32:32','2025-10-26 10:32:32',NULL),(240,99,37,1,'Non id dolor fuga aut nam delectus. Magni voluptatum quidem reprehenderit ut. Modi et corrupti quidem. Similique quos consectetur ut et qui.',1,'2025-10-26 10:32:32','2025-10-26 10:32:32',NULL),(241,99,107,4,'Nemo non in vero rerum quas. Est debitis error cum voluptates quo nisi ab. Repellat impedit amet tempora mollitia sequi omnis.',1,'2025-10-26 10:32:32','2025-10-26 10:32:32',NULL);
/*!40000 ALTER TABLE `reviews` ENABLE KEYS */;
UNLOCK TABLES;

--
-- Table structure for table `role_user`
--

DROP TABLE IF EXISTS `role_user`;
/*!40101 SET @saved_cs_client     = @@character_set_client */;
/*!50503 SET character_set_client = utf8mb4 */;
CREATE TABLE `role_user` (
  `user_id` bigint(20) unsigned NOT NULL,
  `role_id` bigint(20) unsigned NOT NULL,
  PRIMARY KEY (`user_id`,`role_id`),
  KEY `role_user_role_id_foreign` (`role_id`),
  CONSTRAINT `role_user_role_id_foreign` FOREIGN KEY (`role_id`) REFERENCES `roles` (`id`) ON DELETE CASCADE,
  CONSTRAINT `role_user_user_id_foreign` FOREIGN KEY (`user_id`) REFERENCES `users` (`id`) ON DELETE CASCADE
) ENGINE=InnoDB DEFAULT CHARSET=utf8mb4 COLLATE=utf8mb4_unicode_ci;
/*!40101 SET character_set_client = @saved_cs_client */;

--
-- Dumping data for table `role_user`
--

LOCK TABLES `role_user` WRITE;
/*!40000 ALTER TABLE `role_user` DISABLE KEYS */;
INSERT INTO `role_user` VALUES (1,1),(2,2),(3,2),(4,2),(5,2),(6,2),(7,2),(8,2),(9,2),(10,2),(11,2),(12,2),(13,2),(14,2),(15,2),(16,2),(17,2),(18,2),(19,2),(20,2),(21,2),(22,3),(23,3),(24,3),(25,3),(26,3),(27,3),(28,3),(29,3),(30,3),(31,3),(32,3),(33,3),(34,3),(35,3),(36,3),(37,3),(38,3),(39,3),(40,3),(41,3),(42,3),(43,3),(44,3),(45,3),(46,3),(47,3),(48,3),(49,3),(50,3),(51,3),(52,3),(53,3),(54,3),(55,3),(56,3),(57,3),(58,3),(59,3),(60,3),(61,3),(62,3),(63,3),(64,3),(65,3),(66,3),(67,3),(68,3),(69,3),(70,3),(71,3),(72,3),(73,3),(74,3),(75,3),(76,3),(77,3),(78,3),(79,3),(80,3),(81,3),(82,3),(83,3),(84,3),(85,3),(86,3),(87,3),(88,3),(89,3),(90,3),(91,3),(92,3),(93,3),(94,3),(95,3),(96,3),(97,3),(98,3),(99,3),(100,3),(101,3),(102,3),(103,3),(104,3),(105,3),(106,3),(107,3),(108,3),(109,3),(110,3),(111,3),(112,3),(113,3),(114,3),(115,3),(116,3),(117,3),(118,3),(119,3),(120,3),(121,3),(122,4),(123,4),(124,4),(125,4),(126,4),(127,4),(128,4),(129,4),(130,4),(131,4);
/*!40000 ALTER TABLE `role_user` ENABLE KEYS */;
UNLOCK TABLES;

--
-- Table structure for table `roles`
--

DROP TABLE IF EXISTS `roles`;
/*!40101 SET @saved_cs_client     = @@character_set_client */;
/*!50503 SET character_set_client = utf8mb4 */;
CREATE TABLE `roles` (
  `id` bigint(20) unsigned NOT NULL AUTO_INCREMENT,
  `name` longtext CHARACTER SET utf8mb4 COLLATE utf8mb4_bin NOT NULL CHECK (json_valid(`name`)),
  `description` longtext CHARACTER SET utf8mb4 COLLATE utf8mb4_bin DEFAULT NULL CHECK (json_valid(`description`)),
  `created_at` timestamp NULL DEFAULT NULL,
  `updated_at` timestamp NULL DEFAULT NULL,
  PRIMARY KEY (`id`)
) ENGINE=InnoDB AUTO_INCREMENT=5 DEFAULT CHARSET=utf8mb4 COLLATE=utf8mb4_unicode_ci;
/*!40101 SET character_set_client = @saved_cs_client */;

--
-- Dumping data for table `roles`
--

LOCK TABLES `roles` WRITE;
/*!40000 ALTER TABLE `roles` DISABLE KEYS */;
INSERT INTO `roles` VALUES (1,'{\"en\":\"Admin\",\"vi\":\"Quản trị viên\"}','{\"en\":\"Administrator with full access\",\"vi\":\"Quản trị viên có toàn quyền truy cập\"}','2025-10-26 10:32:26','2025-10-26 10:32:26'),(2,'{\"en\":\"Seller\",\"vi\":\"Người bán hàng\"}','{\"en\":\"User who can sell products\",\"vi\":\"Người dùng có thể bán sản phẩm\"}','2025-10-26 10:32:26','2025-10-26 10:32:26'),(3,'{\"en\":\"Customer\",\"vi\":\"Khách hàng\"}','{\"en\":\"User who can buy products\",\"vi\":\"Người dùng có thể mua sản phẩm\"}','2025-10-26 10:32:26','2025-10-26 10:32:26'),(4,'{\"en\":\"Shipper\",\"vi\":\"Người giao hàng\"}','{\"en\":\"User who delivers orders\",\"vi\":\"Người dùng thực hiện giao đơn hàng\"}','2025-10-26 10:32:26','2025-10-26 10:32:26');
/*!40000 ALTER TABLE `roles` ENABLE KEYS */;
UNLOCK TABLES;

--
-- Table structure for table `search_histories`
--

DROP TABLE IF EXISTS `search_histories`;
/*!40101 SET @saved_cs_client     = @@character_set_client */;
/*!50503 SET character_set_client = utf8mb4 */;
CREATE TABLE `search_histories` (
  `search_history_id` bigint(20) unsigned NOT NULL AUTO_INCREMENT,
  `user_id` bigint(20) unsigned NOT NULL,
  `search_term` varchar(200) NOT NULL,
  `search_count` int(11) NOT NULL DEFAULT 1,
  `last_searched` timestamp NOT NULL DEFAULT current_timestamp() ON UPDATE current_timestamp(),
  PRIMARY KEY (`search_history_id`),
  UNIQUE KEY `search_histories_user_id_search_term_unique` (`user_id`,`search_term`),
  CONSTRAINT `search_histories_user_id_foreign` FOREIGN KEY (`user_id`) REFERENCES `users` (`id`) ON DELETE CASCADE
) ENGINE=InnoDB AUTO_INCREMENT=394 DEFAULT CHARSET=utf8mb4 COLLATE=utf8mb4_unicode_ci;
/*!40101 SET character_set_client = @saved_cs_client */;

--
-- Dumping data for table `search_histories`
--

LOCK TABLES `search_histories` WRITE;
/*!40000 ALTER TABLE `search_histories` DISABLE KEYS */;
INSERT INTO `search_histories` VALUES (1,22,'sách đắc nhân tâm',4,'2025-10-26 10:32:33'),(2,22,'iphone 15 pro max',5,'2025-10-26 10:32:33'),(3,22,'kem chống nắng la roche posay',2,'2025-10-26 10:32:33'),(4,22,'áo thun nam',2,'2025-10-26 10:32:33'),(5,23,'áo thun nam',4,'2025-10-26 10:32:33'),(6,23,'sách đắc nhân tâm',2,'2025-10-26 10:32:33'),(7,23,'iphone 15 pro max',2,'2025-10-26 10:32:33'),(8,24,'sách đắc nhân tâm',4,'2025-10-26 10:32:33'),(9,24,'giày nike air force 1',4,'2025-10-26 10:32:33'),(10,24,'iphone 15 pro max',2,'2025-10-26 10:32:33'),(11,25,'iphone 15 pro max',2,'2025-10-26 10:32:33'),(12,25,'áo thun nam',6,'2025-10-26 10:32:33'),(13,25,'kem chống nắng la roche posay',2,'2025-10-26 10:32:33'),(14,26,'iphone 15 pro max',5,'2025-10-26 10:32:33'),(15,26,'sách đắc nhân tâm',2,'2025-10-26 10:32:33'),(16,26,'giày nike air force 1',3,'2025-10-26 10:32:33'),(17,26,'áo thun nam',3,'2025-10-26 10:32:33'),(18,27,'kem chống nắng la roche posay',5,'2025-10-26 10:32:33'),(19,27,'iphone 15 pro max',7,'2025-10-26 10:32:33'),(20,27,'áo thun nam',3,'2025-10-26 10:32:33'),(21,27,'giày nike air force 1',2,'2025-10-26 10:32:33'),(22,28,'áo thun nam',2,'2025-10-26 10:32:33'),(23,28,'kem chống nắng la roche posay',2,'2025-10-26 10:32:33'),(24,28,'sách đắc nhân tâm',2,'2025-10-26 10:32:33'),(25,28,'giày nike air force 1',3,'2025-10-26 10:32:33'),(26,29,'kem chống nắng la roche posay',2,'2025-10-26 10:32:33'),(27,29,'iphone 15 pro max',3,'2025-10-26 10:32:33'),(28,29,'giày nike air force 1',4,'2025-10-26 10:32:33'),(29,29,'áo thun nam',4,'2025-10-26 10:32:33'),(30,30,'kem chống nắng la roche posay',3,'2025-10-26 10:32:33'),(31,30,'iphone 15 pro max',3,'2025-10-26 10:32:33'),(32,30,'áo thun nam',4,'2025-10-26 10:32:33'),(33,30,'sách đắc nhân tâm',3,'2025-10-26 10:32:33'),(34,30,'giày nike air force 1',2,'2025-10-26 10:32:33'),(35,31,'sách đắc nhân tâm',3,'2025-10-26 10:32:33'),(36,31,'kem chống nắng la roche posay',2,'2025-10-26 10:32:33'),(37,31,'giày nike air force 1',2,'2025-10-26 10:32:33'),(38,31,'áo thun nam',3,'2025-10-26 10:32:33'),(39,31,'iphone 15 pro max',3,'2025-10-26 10:32:33'),(40,32,'kem chống nắng la roche posay',3,'2025-10-26 10:32:33'),(41,32,'sách đắc nhân tâm',4,'2025-10-26 10:32:33'),(42,32,'giày nike air force 1',2,'2025-10-26 10:32:33'),(43,32,'áo thun nam',2,'2025-10-26 10:32:33'),(44,33,'kem chống nắng la roche posay',4,'2025-10-26 10:32:34'),(45,33,'áo thun nam',3,'2025-10-26 10:32:34'),(46,33,'giày nike air force 1',2,'2025-10-26 10:32:34'),(47,33,'iphone 15 pro max',3,'2025-10-26 10:32:34'),(48,34,'kem chống nắng la roche posay',4,'2025-10-26 10:32:34'),(49,34,'giày nike air force 1',2,'2025-10-26 10:32:34'),(50,34,'áo thun nam',2,'2025-10-26 10:32:34'),(51,34,'sách đắc nhân tâm',2,'2025-10-26 10:32:34'),(52,35,'sách đắc nhân tâm',5,'2025-10-26 10:32:34'),(53,35,'giày nike air force 1',2,'2025-10-26 10:32:34'),(54,36,'iphone 15 pro max',3,'2025-10-26 10:32:34'),(55,36,'sách đắc nhân tâm',4,'2025-10-26 10:32:34'),(56,36,'kem chống nắng la roche posay',2,'2025-10-26 10:32:34'),(57,36,'giày nike air force 1',2,'2025-10-26 10:32:34'),(58,37,'sách đắc nhân tâm',3,'2025-10-26 10:32:34'),(59,37,'iphone 15 pro max',5,'2025-10-26 10:32:34'),(60,37,'kem chống nắng la roche posay',4,'2025-10-26 10:32:34'),(61,38,'iphone 15 pro max',3,'2025-10-26 10:32:34'),(62,38,'giày nike air force 1',3,'2025-10-26 10:32:34'),(63,38,'kem chống nắng la roche posay',2,'2025-10-26 10:32:34'),(64,38,'sách đắc nhân tâm',2,'2025-10-26 10:32:34'),(65,39,'kem chống nắng la roche posay',3,'2025-10-26 10:32:34'),(66,39,'áo thun nam',3,'2025-10-26 10:32:34'),(67,39,'sách đắc nhân tâm',3,'2025-10-26 10:32:34'),(68,39,'giày nike air force 1',3,'2025-10-26 10:32:34'),(69,40,'giày nike air force 1',2,'2025-10-26 10:32:34'),(70,40,'iphone 15 pro max',2,'2025-10-26 10:32:34'),(71,40,'kem chống nắng la roche posay',3,'2025-10-26 10:32:34'),(72,40,'sách đắc nhân tâm',2,'2025-10-26 10:32:34'),(73,40,'áo thun nam',2,'2025-10-26 10:32:34'),(74,41,'giày nike air force 1',3,'2025-10-26 10:32:34'),(75,41,'áo thun nam',5,'2025-10-26 10:32:34'),(76,41,'iphone 15 pro max',4,'2025-10-26 10:32:34'),(77,41,'kem chống nắng la roche posay',2,'2025-10-26 10:32:34'),(78,42,'iphone 15 pro max',3,'2025-10-26 10:32:34'),(79,42,'kem chống nắng la roche posay',7,'2025-10-26 10:32:34'),(80,42,'sách đắc nhân tâm',3,'2025-10-26 10:32:34'),(81,42,'giày nike air force 1',3,'2025-10-26 10:32:34'),(82,43,'áo thun nam',2,'2025-10-26 10:32:35'),(83,43,'iphone 15 pro max',2,'2025-10-26 10:32:35'),(84,43,'sách đắc nhân tâm',2,'2025-10-26 10:32:35'),(85,43,'kem chống nắng la roche posay',5,'2025-10-26 10:32:35'),(86,43,'giày nike air force 1',2,'2025-10-26 10:32:35'),(87,44,'giày nike air force 1',3,'2025-10-26 10:32:35'),(88,44,'kem chống nắng la roche posay',6,'2025-10-26 10:32:35'),(89,44,'áo thun nam',3,'2025-10-26 10:32:35'),(90,44,'iphone 15 pro max',3,'2025-10-26 10:32:35'),(91,45,'sách đắc nhân tâm',5,'2025-10-26 10:32:35'),(92,45,'giày nike air force 1',2,'2025-10-26 10:32:35'),(93,45,'kem chống nắng la roche posay',3,'2025-10-26 10:32:35'),(94,45,'áo thun nam',3,'2025-10-26 10:32:35'),(95,46,'áo thun nam',2,'2025-10-26 10:32:35'),(96,46,'sách đắc nhân tâm',2,'2025-10-26 10:32:35'),(97,46,'iphone 15 pro max',3,'2025-10-26 10:32:35'),(98,46,'kem chống nắng la roche posay',3,'2025-10-26 10:32:35'),(99,46,'giày nike air force 1',2,'2025-10-26 10:32:35'),(100,47,'giày nike air force 1',4,'2025-10-26 10:32:35'),(101,47,'sách đắc nhân tâm',5,'2025-10-26 10:32:35'),(102,47,'kem chống nắng la roche posay',3,'2025-10-26 10:32:35'),(103,47,'áo thun nam',2,'2025-10-26 10:32:35'),(104,48,'áo thun nam',5,'2025-10-26 10:32:35'),(105,48,'sách đắc nhân tâm',2,'2025-10-26 10:32:35'),(106,49,'iphone 15 pro max',4,'2025-10-26 10:32:35'),(107,49,'giày nike air force 1',3,'2025-10-26 10:32:35'),(108,49,'kem chống nắng la roche posay',2,'2025-10-26 10:32:35'),(109,49,'sách đắc nhân tâm',2,'2025-10-26 10:32:35'),(110,50,'áo thun nam',2,'2025-10-26 10:32:35'),(111,50,'iphone 15 pro max',5,'2025-10-26 10:32:35'),(112,50,'kem chống nắng la roche posay',2,'2025-10-26 10:32:35'),(113,50,'sách đắc nhân tâm',2,'2025-10-26 10:32:35'),(114,50,'giày nike air force 1',2,'2025-10-26 10:32:35'),(115,51,'sách đắc nhân tâm',5,'2025-10-26 10:32:35'),(116,51,'kem chống nắng la roche posay',3,'2025-10-26 10:32:35'),(117,51,'iphone 15 pro max',3,'2025-10-26 10:32:35'),(118,51,'giày nike air force 1',2,'2025-10-26 10:32:35'),(119,52,'kem chống nắng la roche posay',3,'2025-10-26 10:32:35'),(120,52,'iphone 15 pro max',3,'2025-10-26 10:32:35'),(121,52,'giày nike air force 1',2,'2025-10-26 10:32:35'),(122,53,'kem chống nắng la roche posay',5,'2025-10-26 10:32:35'),(123,53,'áo thun nam',2,'2025-10-26 10:32:35'),(124,53,'giày nike air force 1',2,'2025-10-26 10:32:35'),(125,54,'áo thun nam',4,'2025-10-26 10:32:36'),(126,54,'giày nike air force 1',4,'2025-10-26 10:32:36'),(127,54,'iphone 15 pro max',3,'2025-10-26 10:32:36'),(128,54,'kem chống nắng la roche posay',3,'2025-10-26 10:32:36'),(129,55,'áo thun nam',3,'2025-10-26 10:32:36'),(130,55,'giày nike air force 1',2,'2025-10-26 10:32:36'),(131,55,'sách đắc nhân tâm',3,'2025-10-26 10:32:36'),(132,55,'kem chống nắng la roche posay',3,'2025-10-26 10:32:36'),(133,55,'iphone 15 pro max',3,'2025-10-26 10:32:36'),(134,56,'giày nike air force 1',2,'2025-10-26 10:32:36'),(135,56,'kem chống nắng la roche posay',2,'2025-10-26 10:32:36'),(136,56,'áo thun nam',4,'2025-10-26 10:32:36'),(137,56,'iphone 15 pro max',2,'2025-10-26 10:32:36'),(138,57,'sách đắc nhân tâm',3,'2025-10-26 10:32:36'),(139,57,'giày nike air force 1',4,'2025-10-26 10:32:36'),(140,57,'iphone 15 pro max',3,'2025-10-26 10:32:36'),(141,57,'kem chống nắng la roche posay',2,'2025-10-26 10:32:36'),(142,58,'áo thun nam',5,'2025-10-26 10:32:36'),(143,58,'sách đắc nhân tâm',5,'2025-10-26 10:32:36'),(144,58,'giày nike air force 1',3,'2025-10-26 10:32:36'),(145,59,'iphone 15 pro max',3,'2025-10-26 10:32:36'),(146,59,'giày nike air force 1',4,'2025-10-26 10:32:36'),(147,59,'sách đắc nhân tâm',4,'2025-10-26 10:32:36'),(148,59,'áo thun nam',2,'2025-10-26 10:32:36'),(149,60,'áo thun nam',2,'2025-10-26 10:32:36'),(150,60,'kem chống nắng la roche posay',4,'2025-10-26 10:32:36'),(151,60,'iphone 15 pro max',3,'2025-10-26 10:32:36'),(152,60,'sách đắc nhân tâm',2,'2025-10-26 10:32:36'),(153,61,'kem chống nắng la roche posay',4,'2025-10-26 10:32:36'),(154,61,'giày nike air force 1',2,'2025-10-26 10:32:36'),(155,61,'iphone 15 pro max',5,'2025-10-26 10:32:36'),(156,61,'sách đắc nhân tâm',4,'2025-10-26 10:32:36'),(157,62,'kem chống nắng la roche posay',3,'2025-10-26 10:32:36'),(158,62,'sách đắc nhân tâm',4,'2025-10-26 10:32:36'),(159,62,'iphone 15 pro max',2,'2025-10-26 10:32:36'),(160,62,'áo thun nam',4,'2025-10-26 10:32:36'),(161,62,'giày nike air force 1',3,'2025-10-26 10:32:36'),(162,63,'sách đắc nhân tâm',3,'2025-10-26 10:32:37'),(163,63,'giày nike air force 1',4,'2025-10-26 10:32:37'),(164,63,'kem chống nắng la roche posay',2,'2025-10-26 10:32:37'),(165,63,'iphone 15 pro max',3,'2025-10-26 10:32:37'),(166,63,'áo thun nam',2,'2025-10-26 10:32:37'),(167,64,'kem chống nắng la roche posay',3,'2025-10-26 10:32:37'),(168,64,'giày nike air force 1',3,'2025-10-26 10:32:37'),(169,64,'sách đắc nhân tâm',3,'2025-10-26 10:32:37'),(170,64,'iphone 15 pro max',2,'2025-10-26 10:32:37'),(171,65,'sách đắc nhân tâm',4,'2025-10-26 10:32:37'),(172,65,'giày nike air force 1',4,'2025-10-26 10:32:37'),(173,66,'áo thun nam',5,'2025-10-26 10:32:37'),(174,66,'giày nike air force 1',5,'2025-10-26 10:32:37'),(175,66,'iphone 15 pro max',2,'2025-10-26 10:32:37'),(176,66,'sách đắc nhân tâm',2,'2025-10-26 10:32:37'),(177,66,'kem chống nắng la roche posay',2,'2025-10-26 10:32:37'),(178,67,'sách đắc nhân tâm',3,'2025-10-26 10:32:37'),(179,67,'iphone 15 pro max',2,'2025-10-26 10:32:37'),(180,67,'kem chống nắng la roche posay',3,'2025-10-26 10:32:37'),(181,67,'giày nike air force 1',4,'2025-10-26 10:32:37'),(182,67,'áo thun nam',2,'2025-10-26 10:32:37'),(183,68,'iphone 15 pro max',4,'2025-10-26 10:32:37'),(184,68,'kem chống nắng la roche posay',2,'2025-10-26 10:32:37'),(185,68,'sách đắc nhân tâm',4,'2025-10-26 10:32:37'),(186,68,'áo thun nam',2,'2025-10-26 10:32:37'),(187,69,'giày nike air force 1',4,'2025-10-26 10:32:37'),(188,69,'kem chống nắng la roche posay',3,'2025-10-26 10:32:37'),(189,69,'iphone 15 pro max',2,'2025-10-26 10:32:37'),(190,69,'sách đắc nhân tâm',3,'2025-10-26 10:32:37'),(191,70,'kem chống nắng la roche posay',4,'2025-10-26 10:32:37'),(192,70,'iphone 15 pro max',4,'2025-10-26 10:32:37'),(193,70,'áo thun nam',3,'2025-10-26 10:32:37'),(194,70,'sách đắc nhân tâm',2,'2025-10-26 10:32:37'),(195,71,'iphone 15 pro max',2,'2025-10-26 10:32:37'),(196,71,'áo thun nam',2,'2025-10-26 10:32:37'),(197,71,'giày nike air force 1',3,'2025-10-26 10:32:37'),(198,71,'sách đắc nhân tâm',2,'2025-10-26 10:32:37'),(199,72,'kem chống nắng la roche posay',4,'2025-10-26 10:32:37'),(200,72,'sách đắc nhân tâm',3,'2025-10-26 10:32:37'),(201,72,'giày nike air force 1',2,'2025-10-26 10:32:37'),(202,72,'iphone 15 pro max',2,'2025-10-26 10:32:37'),(203,73,'sách đắc nhân tâm',3,'2025-10-26 10:32:37'),(204,73,'áo thun nam',3,'2025-10-26 10:32:37'),(205,73,'kem chống nắng la roche posay',2,'2025-10-26 10:32:37'),(206,73,'giày nike air force 1',2,'2025-10-26 10:32:37'),(207,74,'áo thun nam',3,'2025-10-26 10:32:38'),(208,74,'giày nike air force 1',2,'2025-10-26 10:32:38'),(209,74,'sách đắc nhân tâm',2,'2025-10-26 10:32:38'),(210,74,'kem chống nắng la roche posay',2,'2025-10-26 10:32:38'),(211,75,'iphone 15 pro max',3,'2025-10-26 10:32:38'),(212,75,'kem chống nắng la roche posay',2,'2025-10-26 10:32:38'),(213,75,'áo thun nam',2,'2025-10-26 10:32:38'),(214,75,'sách đắc nhân tâm',2,'2025-10-26 10:32:38'),(215,75,'giày nike air force 1',2,'2025-10-26 10:32:38'),(216,76,'iphone 15 pro max',3,'2025-10-26 10:32:38'),(217,76,'áo thun nam',3,'2025-10-26 10:32:38'),(218,76,'kem chống nắng la roche posay',2,'2025-10-26 10:32:38'),(219,76,'giày nike air force 1',2,'2025-10-26 10:32:38'),(220,77,'áo thun nam',5,'2025-10-26 10:32:38'),(221,77,'kem chống nắng la roche posay',2,'2025-10-26 10:32:38'),(222,77,'sách đắc nhân tâm',3,'2025-10-26 10:32:38'),(223,77,'iphone 15 pro max',4,'2025-10-26 10:32:38'),(224,78,'sách đắc nhân tâm',3,'2025-10-26 10:32:38'),(225,78,'áo thun nam',3,'2025-10-26 10:32:38'),(226,78,'iphone 15 pro max',5,'2025-10-26 10:32:38'),(227,78,'giày nike air force 1',2,'2025-10-26 10:32:38'),(228,78,'kem chống nắng la roche posay',2,'2025-10-26 10:32:38'),(229,79,'kem chống nắng la roche posay',3,'2025-10-26 10:32:38'),(230,79,'áo thun nam',3,'2025-10-26 10:32:38'),(231,79,'sách đắc nhân tâm',2,'2025-10-26 10:32:38'),(232,79,'iphone 15 pro max',2,'2025-10-26 10:32:38'),(233,80,'kem chống nắng la roche posay',5,'2025-10-26 10:32:38'),(234,80,'iphone 15 pro max',3,'2025-10-26 10:32:38'),(235,80,'áo thun nam',3,'2025-10-26 10:32:38'),(236,80,'giày nike air force 1',2,'2025-10-26 10:32:38'),(237,81,'sách đắc nhân tâm',6,'2025-10-26 10:32:38'),(238,81,'kem chống nắng la roche posay',2,'2025-10-26 10:32:38'),(239,81,'iphone 15 pro max',2,'2025-10-26 10:32:38'),(240,81,'áo thun nam',2,'2025-10-26 10:32:38'),(241,82,'sách đắc nhân tâm',2,'2025-10-26 10:32:38'),(242,82,'áo thun nam',3,'2025-10-26 10:32:38'),(243,82,'iphone 15 pro max',2,'2025-10-26 10:32:38'),(244,82,'giày nike air force 1',2,'2025-10-26 10:32:38'),(245,83,'iphone 15 pro max',2,'2025-10-26 10:32:38'),(246,83,'kem chống nắng la roche posay',4,'2025-10-26 10:32:38'),(247,83,'sách đắc nhân tâm',2,'2025-10-26 10:32:38'),(248,83,'áo thun nam',3,'2025-10-26 10:32:38'),(249,83,'giày nike air force 1',2,'2025-10-26 10:32:38'),(250,84,'áo thun nam',5,'2025-10-26 10:32:39'),(251,84,'giày nike air force 1',4,'2025-10-26 10:32:39'),(252,84,'sách đắc nhân tâm',2,'2025-10-26 10:32:39'),(253,85,'áo thun nam',5,'2025-10-26 10:32:39'),(254,85,'iphone 15 pro max',2,'2025-10-26 10:32:39'),(255,85,'giày nike air force 1',2,'2025-10-26 10:32:39'),(256,85,'kem chống nắng la roche posay',3,'2025-10-26 10:32:39'),(257,86,'áo thun nam',5,'2025-10-26 10:32:39'),(258,86,'giày nike air force 1',2,'2025-10-26 10:32:39'),(259,86,'sách đắc nhân tâm',3,'2025-10-26 10:32:39'),(260,86,'iphone 15 pro max',3,'2025-10-26 10:32:39'),(261,86,'kem chống nắng la roche posay',2,'2025-10-26 10:32:39'),(262,87,'sách đắc nhân tâm',2,'2025-10-26 10:32:39'),(263,87,'giày nike air force 1',3,'2025-10-26 10:32:39'),(264,87,'iphone 15 pro max',2,'2025-10-26 10:32:39'),(265,87,'áo thun nam',4,'2025-10-26 10:32:39'),(266,88,'áo thun nam',2,'2025-10-26 10:32:39'),(267,88,'giày nike air force 1',3,'2025-10-26 10:32:39'),(268,88,'iphone 15 pro max',2,'2025-10-26 10:32:39'),(269,88,'kem chống nắng la roche posay',2,'2025-10-26 10:32:39'),(270,89,'áo thun nam',5,'2025-10-26 10:32:39'),(271,89,'iphone 15 pro max',2,'2025-10-26 10:32:39'),(272,89,'sách đắc nhân tâm',4,'2025-10-26 10:32:39'),(273,89,'kem chống nắng la roche posay',2,'2025-10-26 10:32:39'),(274,90,'áo thun nam',4,'2025-10-26 10:32:39'),(275,90,'giày nike air force 1',2,'2025-10-26 10:32:39'),(276,90,'sách đắc nhân tâm',3,'2025-10-26 10:32:39'),(277,90,'kem chống nắng la roche posay',2,'2025-10-26 10:32:39'),(278,91,'sách đắc nhân tâm',2,'2025-10-26 10:32:39'),(279,91,'giày nike air force 1',2,'2025-10-26 10:32:39'),(280,91,'áo thun nam',4,'2025-10-26 10:32:39'),(281,91,'kem chống nắng la roche posay',2,'2025-10-26 10:32:39'),(282,91,'iphone 15 pro max',2,'2025-10-26 10:32:39'),(283,92,'sách đắc nhân tâm',3,'2025-10-26 10:32:39'),(284,92,'áo thun nam',3,'2025-10-26 10:32:39'),(285,92,'kem chống nắng la roche posay',2,'2025-10-26 10:32:39'),(286,93,'áo thun nam',5,'2025-10-26 10:32:39'),(287,93,'giày nike air force 1',2,'2025-10-26 10:32:39'),(288,93,'kem chống nắng la roche posay',3,'2025-10-26 10:32:39'),(289,93,'sách đắc nhân tâm',2,'2025-10-26 10:32:39'),(290,94,'áo thun nam',4,'2025-10-26 10:32:39'),(291,94,'kem chống nắng la roche posay',2,'2025-10-26 10:32:40'),(292,94,'giày nike air force 1',2,'2025-10-26 10:32:40'),(293,94,'sách đắc nhân tâm',2,'2025-10-26 10:32:40'),(294,94,'iphone 15 pro max',2,'2025-10-26 10:32:40'),(295,95,'áo thun nam',2,'2025-10-26 10:32:40'),(296,95,'sách đắc nhân tâm',5,'2025-10-26 10:32:40'),(297,95,'iphone 15 pro max',4,'2025-10-26 10:32:40'),(298,96,'iphone 15 pro max',2,'2025-10-26 10:32:40'),(299,96,'sách đắc nhân tâm',3,'2025-10-26 10:32:40'),(300,96,'giày nike air force 1',2,'2025-10-26 10:32:40'),(301,96,'áo thun nam',2,'2025-10-26 10:32:40'),(302,97,'giày nike air force 1',3,'2025-10-26 10:32:40'),(303,97,'sách đắc nhân tâm',3,'2025-10-26 10:32:40'),(304,97,'iphone 15 pro max',4,'2025-10-26 10:32:40'),(305,97,'kem chống nắng la roche posay',4,'2025-10-26 10:32:40'),(306,98,'kem chống nắng la roche posay',2,'2025-10-26 10:32:40'),(307,98,'iphone 15 pro max',5,'2025-10-26 10:32:40'),(308,98,'áo thun nam',4,'2025-10-26 10:32:40'),(309,99,'iphone 15 pro max',4,'2025-10-26 10:32:40'),(310,99,'kem chống nắng la roche posay',3,'2025-10-26 10:32:40'),(311,99,'sách đắc nhân tâm',2,'2025-10-26 10:32:40'),(312,99,'áo thun nam',3,'2025-10-26 10:32:40'),(313,100,'iphone 15 pro max',4,'2025-10-26 10:32:40'),(314,100,'kem chống nắng la roche posay',3,'2025-10-26 10:32:40'),(315,100,'sách đắc nhân tâm',3,'2025-10-26 10:32:40'),(316,100,'giày nike air force 1',2,'2025-10-26 10:32:40'),(317,101,'kem chống nắng la roche posay',3,'2025-10-26 10:32:40'),(318,101,'áo thun nam',4,'2025-10-26 10:32:40'),(319,101,'sách đắc nhân tâm',2,'2025-10-26 10:32:40'),(320,101,'iphone 15 pro max',2,'2025-10-26 10:32:40'),(321,102,'áo thun nam',4,'2025-10-26 10:32:40'),(322,102,'kem chống nắng la roche posay',5,'2025-10-26 10:32:40'),(323,102,'giày nike air force 1',2,'2025-10-26 10:32:40'),(324,102,'iphone 15 pro max',2,'2025-10-26 10:32:40'),(325,103,'iphone 15 pro max',5,'2025-10-26 10:32:40'),(326,103,'áo thun nam',3,'2025-10-26 10:32:40'),(327,103,'giày nike air force 1',2,'2025-10-26 10:32:40'),(328,103,'sách đắc nhân tâm',2,'2025-10-26 10:32:40'),(329,103,'kem chống nắng la roche posay',2,'2025-10-26 10:32:40'),(330,104,'iphone 15 pro max',3,'2025-10-26 10:32:40'),(331,104,'sách đắc nhân tâm',2,'2025-10-26 10:32:40'),(332,104,'kem chống nắng la roche posay',5,'2025-10-26 10:32:40'),(333,105,'sách đắc nhân tâm',5,'2025-10-26 10:32:41'),(334,105,'giày nike air force 1',4,'2025-10-26 10:32:41'),(335,105,'áo thun nam',2,'2025-10-26 10:32:41'),(336,106,'kem chống nắng la roche posay',5,'2025-10-26 10:32:41'),(337,106,'áo thun nam',4,'2025-10-26 10:32:41'),(338,106,'sách đắc nhân tâm',2,'2025-10-26 10:32:41'),(339,107,'iphone 15 pro max',3,'2025-10-26 10:32:41'),(340,107,'áo thun nam',5,'2025-10-26 10:32:41'),(341,107,'sách đắc nhân tâm',4,'2025-10-26 10:32:41'),(342,107,'giày nike air force 1',2,'2025-10-26 10:32:41'),(343,108,'giày nike air force 1',3,'2025-10-26 10:32:41'),(344,108,'iphone 15 pro max',2,'2025-10-26 10:32:41'),(345,108,'kem chống nắng la roche posay',3,'2025-10-26 10:32:41'),(346,108,'áo thun nam',2,'2025-10-26 10:32:41'),(347,109,'giày nike air force 1',3,'2025-10-26 10:32:41'),(348,109,'iphone 15 pro max',2,'2025-10-26 10:32:41'),(349,109,'kem chống nắng la roche posay',4,'2025-10-26 10:32:41'),(350,109,'sách đắc nhân tâm',3,'2025-10-26 10:32:41'),(351,110,'sách đắc nhân tâm',4,'2025-10-26 10:32:41'),(352,110,'áo thun nam',2,'2025-10-26 10:32:41'),(353,110,'iphone 15 pro max',2,'2025-10-26 10:32:41'),(354,110,'kem chống nắng la roche posay',2,'2025-10-26 10:32:41'),(355,111,'sách đắc nhân tâm',3,'2025-10-26 10:32:41'),(356,111,'áo thun nam',3,'2025-10-26 10:32:41'),(357,111,'iphone 15 pro max',3,'2025-10-26 10:32:41'),(358,112,'áo thun nam',4,'2025-10-26 10:32:41'),(359,112,'iphone 15 pro max',3,'2025-10-26 10:32:41'),(360,112,'giày nike air force 1',2,'2025-10-26 10:32:41'),(361,113,'iphone 15 pro max',2,'2025-10-26 10:32:41'),(362,113,'kem chống nắng la roche posay',4,'2025-10-26 10:32:41'),(363,113,'giày nike air force 1',2,'2025-10-26 10:32:41'),(364,114,'áo thun nam',2,'2025-10-26 10:32:41'),(365,114,'sách đắc nhân tâm',2,'2025-10-26 10:32:41'),(366,114,'iphone 15 pro max',3,'2025-10-26 10:32:41'),(367,114,'kem chống nắng la roche posay',2,'2025-10-26 10:32:41'),(368,115,'áo thun nam',6,'2025-10-26 10:32:41'),(369,115,'iphone 15 pro max',2,'2025-10-26 10:32:41'),(370,115,'sách đắc nhân tâm',2,'2025-10-26 10:32:41'),(371,116,'iphone 15 pro max',5,'2025-10-26 10:32:42'),(372,116,'áo thun nam',3,'2025-10-26 10:32:42'),(373,116,'giày nike air force 1',3,'2025-10-26 10:32:42'),(374,116,'sách đắc nhân tâm',2,'2025-10-26 10:32:42'),(375,117,'sách đắc nhân tâm',4,'2025-10-26 10:32:42'),(376,117,'giày nike air force 1',3,'2025-10-26 10:32:42'),(377,117,'áo thun nam',3,'2025-10-26 10:32:42'),(378,118,'iphone 15 pro max',4,'2025-10-26 10:32:42'),(379,118,'giày nike air force 1',2,'2025-10-26 10:32:42'),(380,118,'sách đắc nhân tâm',3,'2025-10-26 10:32:42'),(381,119,'giày nike air force 1',3,'2025-10-26 10:32:42'),(382,119,'áo thun nam',3,'2025-10-26 10:32:42'),(383,119,'sách đắc nhân tâm',4,'2025-10-26 10:32:42'),(384,119,'kem chống nắng la roche posay',2,'2025-10-26 10:32:42'),(385,120,'iphone 15 pro max',3,'2025-10-26 10:32:42'),(386,120,'giày nike air force 1',3,'2025-10-26 10:32:42'),(387,120,'kem chống nắng la roche posay',2,'2025-10-26 10:32:42'),(388,120,'sách đắc nhân tâm',3,'2025-10-26 10:32:42'),(389,120,'áo thun nam',2,'2025-10-26 10:32:42'),(390,121,'áo thun nam',3,'2025-10-26 10:32:42'),(391,121,'giày nike air force 1',7,'2025-10-26 10:32:42'),(392,121,'iphone 15 pro max',2,'2025-10-26 10:32:42'),(393,121,'sách đắc nhân tâm',2,'2025-10-26 10:32:42');
/*!40000 ALTER TABLE `search_histories` ENABLE KEYS */;
UNLOCK TABLES;

--
-- Table structure for table `seller_promotion_participation`
--

DROP TABLE IF EXISTS `seller_promotion_participation`;
/*!40101 SET @saved_cs_client     = @@character_set_client */;
/*!50503 SET character_set_client = utf8mb4 */;
CREATE TABLE `seller_promotion_participation` (
  `participation_id` bigint(20) unsigned NOT NULL AUTO_INCREMENT,
  `seller_id` bigint(20) unsigned NOT NULL,
  `platform_promotion_id` bigint(20) unsigned NOT NULL,
  `status` enum('pending','approved','rejected','active','completed') NOT NULL DEFAULT 'pending',
  `seller_contribution` decimal(18,2) NOT NULL DEFAULT 0.00,
  `created_at` timestamp NULL DEFAULT NULL,
  `updated_at` timestamp NULL DEFAULT NULL,
  PRIMARY KEY (`participation_id`),
  UNIQUE KEY `seller_participation_unique` (`seller_id`,`platform_promotion_id`),
  KEY `seller_promotion_participation_platform_promotion_id_foreign` (`platform_promotion_id`),
  KEY `seller_promotion_participation_status_index` (`status`),
  CONSTRAINT `seller_promotion_participation_platform_promotion_id_foreign` FOREIGN KEY (`platform_promotion_id`) REFERENCES `promotions` (`promotion_id`) ON DELETE CASCADE,
  CONSTRAINT `seller_promotion_participation_seller_id_foreign` FOREIGN KEY (`seller_id`) REFERENCES `users` (`id`) ON DELETE CASCADE
) ENGINE=InnoDB DEFAULT CHARSET=utf8mb4 COLLATE=utf8mb4_unicode_ci;
/*!40101 SET character_set_client = @saved_cs_client */;

--
-- Dumping data for table `seller_promotion_participation`
--

LOCK TABLES `seller_promotion_participation` WRITE;
/*!40000 ALTER TABLE `seller_promotion_participation` DISABLE KEYS */;
/*!40000 ALTER TABLE `seller_promotion_participation` ENABLE KEYS */;
UNLOCK TABLES;

--
-- Table structure for table `seller_promotion_wallets`
--

DROP TABLE IF EXISTS `seller_promotion_wallets`;
/*!40101 SET @saved_cs_client     = @@character_set_client */;
/*!50503 SET character_set_client = utf8mb4 */;
CREATE TABLE `seller_promotion_wallets` (
  `wallet_id` bigint(20) unsigned NOT NULL AUTO_INCREMENT,
  `seller_id` bigint(20) unsigned NOT NULL,
  `balance` decimal(18,2) NOT NULL DEFAULT 0.00,
  `total_earned` decimal(18,2) NOT NULL DEFAULT 0.00,
  `total_spent` decimal(18,2) NOT NULL DEFAULT 0.00,
  `currency` varchar(3) NOT NULL DEFAULT 'VND',
  `status` enum('active','suspended','closed') NOT NULL DEFAULT 'active',
  `created_at` timestamp NULL DEFAULT NULL,
  `updated_at` timestamp NULL DEFAULT NULL,
  PRIMARY KEY (`wallet_id`),
  UNIQUE KEY `seller_promotion_wallets_seller_id_unique` (`seller_id`),
  KEY `seller_promotion_wallets_status_index` (`status`),
  CONSTRAINT `seller_promotion_wallets_seller_id_foreign` FOREIGN KEY (`seller_id`) REFERENCES `users` (`id`) ON DELETE CASCADE
) ENGINE=InnoDB DEFAULT CHARSET=utf8mb4 COLLATE=utf8mb4_unicode_ci;
/*!40101 SET character_set_client = @saved_cs_client */;

--
-- Dumping data for table `seller_promotion_wallets`
--

LOCK TABLES `seller_promotion_wallets` WRITE;
/*!40000 ALTER TABLE `seller_promotion_wallets` DISABLE KEYS */;
/*!40000 ALTER TABLE `seller_promotion_wallets` ENABLE KEYS */;
UNLOCK TABLES;

--
-- Table structure for table `seller_wallet_transactions`
--

DROP TABLE IF EXISTS `seller_wallet_transactions`;
/*!40101 SET @saved_cs_client     = @@character_set_client */;
/*!50503 SET character_set_client = utf8mb4 */;
CREATE TABLE `seller_wallet_transactions` (
  `transaction_id` bigint(20) unsigned NOT NULL AUTO_INCREMENT,
  `wallet_id` bigint(20) unsigned NOT NULL,
  `amount` decimal(18,2) NOT NULL,
  `type` enum('credit','debit') NOT NULL,
  `description` text DEFAULT NULL,
  `reference_type` varchar(50) DEFAULT NULL,
  `reference_id` bigint(20) unsigned DEFAULT NULL,
  `balance_before` decimal(18,2) DEFAULT NULL,
  `balance_after` decimal(18,2) DEFAULT NULL,
  `created_at` timestamp NULL DEFAULT NULL,
  `updated_at` timestamp NULL DEFAULT NULL,
  PRIMARY KEY (`transaction_id`),
  KEY `seller_wallet_transactions_wallet_id_created_at_index` (`wallet_id`,`created_at`),
  KEY `seller_wallet_transactions_reference_type_reference_id_index` (`reference_type`,`reference_id`),
  CONSTRAINT `seller_wallet_transactions_wallet_id_foreign` FOREIGN KEY (`wallet_id`) REFERENCES `seller_promotion_wallets` (`wallet_id`) ON DELETE CASCADE
) ENGINE=InnoDB DEFAULT CHARSET=utf8mb4 COLLATE=utf8mb4_unicode_ci;
/*!40101 SET character_set_client = @saved_cs_client */;

--
-- Dumping data for table `seller_wallet_transactions`
--

LOCK TABLES `seller_wallet_transactions` WRITE;
/*!40000 ALTER TABLE `seller_wallet_transactions` DISABLE KEYS */;
/*!40000 ALTER TABLE `seller_wallet_transactions` ENABLE KEYS */;
UNLOCK TABLES;

--
-- Table structure for table `sessions`
--

DROP TABLE IF EXISTS `sessions`;
/*!40101 SET @saved_cs_client     = @@character_set_client */;
/*!50503 SET character_set_client = utf8mb4 */;
CREATE TABLE `sessions` (
  `id` varchar(255) NOT NULL,
  `user_id` bigint(20) unsigned DEFAULT NULL,
  `ip_address` varchar(45) DEFAULT NULL,
  `user_agent` text DEFAULT NULL,
  `payload` longtext NOT NULL,
  `last_activity` int(11) NOT NULL,
  PRIMARY KEY (`id`),
  KEY `sessions_user_id_index` (`user_id`),
  KEY `sessions_last_activity_index` (`last_activity`)
) ENGINE=InnoDB DEFAULT CHARSET=utf8mb4 COLLATE=utf8mb4_unicode_ci;
/*!40101 SET character_set_client = @saved_cs_client */;

--
-- Dumping data for table `sessions`
--

LOCK TABLES `sessions` WRITE;
/*!40000 ALTER TABLE `sessions` DISABLE KEYS */;
/*!40000 ALTER TABLE `sessions` ENABLE KEYS */;
UNLOCK TABLES;

--
-- Table structure for table `shipment_journeys`
--

DROP TABLE IF EXISTS `shipment_journeys`;
/*!40101 SET @saved_cs_client     = @@character_set_client */;
/*!50503 SET character_set_client = utf8mb4 */;
CREATE TABLE `shipment_journeys` (
  `id` bigint(20) unsigned NOT NULL AUTO_INCREMENT,
  `order_id` bigint(20) unsigned NOT NULL,
  `leg_type` enum('first_mile','middle_mile','last_mile') NOT NULL,
  `shipper_id` bigint(20) unsigned DEFAULT NULL,
  `start_hub_id` bigint(20) unsigned DEFAULT NULL,
  `end_hub_id` bigint(20) unsigned DEFAULT NULL,
  `status` varchar(255) NOT NULL,
  `created_at` timestamp NULL DEFAULT NULL,
  `updated_at` timestamp NULL DEFAULT NULL,
  PRIMARY KEY (`id`),
  KEY `shipment_journeys_order_id_foreign` (`order_id`),
  KEY `shipment_journeys_shipper_id_foreign` (`shipper_id`),
  KEY `shipment_journeys_start_hub_id_foreign` (`start_hub_id`),
  KEY `shipment_journeys_end_hub_id_foreign` (`end_hub_id`),
  CONSTRAINT `shipment_journeys_end_hub_id_foreign` FOREIGN KEY (`end_hub_id`) REFERENCES `hubs` (`id`),
  CONSTRAINT `shipment_journeys_order_id_foreign` FOREIGN KEY (`order_id`) REFERENCES `orders` (`order_id`),
  CONSTRAINT `shipment_journeys_shipper_id_foreign` FOREIGN KEY (`shipper_id`) REFERENCES `users` (`id`),
  CONSTRAINT `shipment_journeys_start_hub_id_foreign` FOREIGN KEY (`start_hub_id`) REFERENCES `hubs` (`id`)
) ENGINE=InnoDB DEFAULT CHARSET=utf8mb4 COLLATE=utf8mb4_unicode_ci;
/*!40101 SET character_set_client = @saved_cs_client */;

--
-- Dumping data for table `shipment_journeys`
--

LOCK TABLES `shipment_journeys` WRITE;
/*!40000 ALTER TABLE `shipment_journeys` DISABLE KEYS */;
/*!40000 ALTER TABLE `shipment_journeys` ENABLE KEYS */;
UNLOCK TABLES;

--
-- Table structure for table `shipper_profiles`
--

DROP TABLE IF EXISTS `shipper_profiles`;
/*!40101 SET @saved_cs_client     = @@character_set_client */;
/*!50503 SET character_set_client = utf8mb4 */;
CREATE TABLE `shipper_profiles` (
  `user_id` bigint(20) unsigned NOT NULL,
  `id_card_number` varchar(255) NOT NULL,
  `id_card_front_url` varchar(255) NOT NULL,
  `id_card_back_url` varchar(255) NOT NULL,
  `driver_license_number` varchar(255) NOT NULL,
  `driver_license_front_url` varchar(255) NOT NULL,
  `vehicle_type` varchar(255) NOT NULL,
  `license_plate` varchar(255) NOT NULL,
  `status` enum('pending','approved','rejected','suspended') NOT NULL DEFAULT 'pending',
  `created_at` timestamp NULL DEFAULT NULL,
  `updated_at` timestamp NULL DEFAULT NULL,
  PRIMARY KEY (`user_id`),
  CONSTRAINT `shipper_profiles_user_id_foreign` FOREIGN KEY (`user_id`) REFERENCES `users` (`id`)
) ENGINE=InnoDB DEFAULT CHARSET=utf8mb4 COLLATE=utf8mb4_unicode_ci;
/*!40101 SET character_set_client = @saved_cs_client */;

--
-- Dumping data for table `shipper_profiles`
--

LOCK TABLES `shipper_profiles` WRITE;
/*!40000 ALTER TABLE `shipper_profiles` DISABLE KEYS */;
INSERT INTO `shipper_profiles` VALUES (122,'36064138256','https://via.placeholder.com/600x400.png/009944?text=id-front','https://via.placeholder.com/600x400.png/009944?text=id-back','87-35876038','https://via.placeholder.com/600x400.png/0077bb?text=license','Van','44d-3817','pending','2025-10-26 10:32:27','2025-10-26 10:32:27'),(123,'77284799586','https://via.placeholder.com/600x400.png/009944?text=id-front','https://via.placeholder.com/600x400.png/009944?text=id-back','92-40143375','https://via.placeholder.com/600x400.png/0077bb?text=license','Van','76q-7395','pending','2025-10-26 10:32:27','2025-10-26 10:32:27'),(124,'35656100320','https://via.placeholder.com/600x400.png/009944?text=id-front','https://via.placeholder.com/600x400.png/009944?text=id-back','05-35064407','https://via.placeholder.com/600x400.png/0077bb?text=license','Bicycle','28s-9924','pending','2025-10-26 10:32:27','2025-10-26 10:32:27'),(125,'98948579975','https://via.placeholder.com/600x400.png/009944?text=id-front','https://via.placeholder.com/600x400.png/009944?text=id-back','10-89113265','https://via.placeholder.com/600x400.png/0077bb?text=license','Car','34c-1897','pending','2025-10-26 10:32:27','2025-10-26 10:32:27'),(126,'26211945497','https://via.placeholder.com/600x400.png/009944?text=id-front','https://via.placeholder.com/600x400.png/009944?text=id-back','87-26755865','https://via.placeholder.com/600x400.png/0077bb?text=license','Car','48d-8867','approved','2025-10-26 10:32:27','2025-10-26 10:32:27'),(127,'34987087107','https://via.placeholder.com/600x400.png/009944?text=id-front','https://via.placeholder.com/600x400.png/009944?text=id-back','60-02834875','https://via.placeholder.com/600x400.png/0077bb?text=license','Car','23p-8375','approved','2025-10-26 10:32:27','2025-10-26 10:32:27'),(128,'99850057534','https://via.placeholder.com/600x400.png/009944?text=id-front','https://via.placeholder.com/600x400.png/009944?text=id-back','39-24392451','https://via.placeholder.com/600x400.png/0077bb?text=license','Van','23w-0489','approved','2025-10-26 10:32:27','2025-10-26 10:32:27'),(129,'51512118163','https://via.placeholder.com/600x400.png/009944?text=id-front','https://via.placeholder.com/600x400.png/009944?text=id-back','44-86642566','https://via.placeholder.com/600x400.png/0077bb?text=license','Bicycle','56k-3770','approved','2025-10-26 10:32:27','2025-10-26 10:32:27'),(130,'07592134528','https://via.placeholder.com/600x400.png/009944?text=id-front','https://via.placeholder.com/600x400.png/009944?text=id-back','56-44036997','https://via.placeholder.com/600x400.png/0077bb?text=license','Car','50q-4495','rejected','2025-10-26 10:32:27','2025-10-26 10:32:27'),(131,'84094942498','https://via.placeholder.com/600x400.png/009944?text=id-front','https://via.placeholder.com/600x400.png/009944?text=id-back','71-09234286','https://via.placeholder.com/600x400.png/0077bb?text=license','Motorbike','13s-0044','suspended','2025-10-26 10:32:27','2025-10-26 10:32:27');
/*!40000 ALTER TABLE `shipper_profiles` ENABLE KEYS */;
UNLOCK TABLES;

--
-- Table structure for table `shipper_ratings`
--

DROP TABLE IF EXISTS `shipper_ratings`;
/*!40101 SET @saved_cs_client     = @@character_set_client */;
/*!50503 SET character_set_client = utf8mb4 */;
CREATE TABLE `shipper_ratings` (
  `id` bigint(20) unsigned NOT NULL AUTO_INCREMENT,
  `order_id` bigint(20) unsigned NOT NULL,
  `shipper_id` bigint(20) unsigned NOT NULL,
  `customer_id` bigint(20) unsigned NOT NULL,
  `rating` tinyint(3) unsigned NOT NULL,
  `comment` text DEFAULT NULL,
  `criteria_ratings` longtext CHARACTER SET utf8mb4 COLLATE utf8mb4_bin DEFAULT NULL CHECK (json_valid(`criteria_ratings`)),
  `is_anonymous` tinyint(1) NOT NULL DEFAULT 0,
  `rated_at` timestamp NOT NULL DEFAULT current_timestamp() ON UPDATE current_timestamp(),
  `created_at` timestamp NULL DEFAULT NULL,
  `updated_at` timestamp NULL DEFAULT NULL,
  PRIMARY KEY (`id`),
  UNIQUE KEY `shipper_ratings_order_id_customer_id_unique` (`order_id`,`customer_id`),
  KEY `shipper_ratings_shipper_id_rating_index` (`shipper_id`,`rating`),
  KEY `shipper_ratings_customer_id_rated_at_index` (`customer_id`,`rated_at`),
  KEY `shipper_ratings_order_id_index` (`order_id`),
  CONSTRAINT `shipper_ratings_customer_id_foreign` FOREIGN KEY (`customer_id`) REFERENCES `users` (`id`) ON DELETE CASCADE,
  CONSTRAINT `shipper_ratings_order_id_foreign` FOREIGN KEY (`order_id`) REFERENCES `orders` (`order_id`) ON DELETE CASCADE,
  CONSTRAINT `shipper_ratings_shipper_id_foreign` FOREIGN KEY (`shipper_id`) REFERENCES `users` (`id`) ON DELETE CASCADE
) ENGINE=InnoDB DEFAULT CHARSET=utf8mb4 COLLATE=utf8mb4_unicode_ci;
/*!40101 SET character_set_client = @saved_cs_client */;

--
-- Dumping data for table `shipper_ratings`
--

LOCK TABLES `shipper_ratings` WRITE;
/*!40000 ALTER TABLE `shipper_ratings` DISABLE KEYS */;
/*!40000 ALTER TABLE `shipper_ratings` ENABLE KEYS */;
UNLOCK TABLES;

--
-- Table structure for table `shipping_details`
--

DROP TABLE IF EXISTS `shipping_details`;
/*!40101 SET @saved_cs_client     = @@character_set_client */;
/*!50503 SET character_set_client = utf8mb4 */;
CREATE TABLE `shipping_details` (
  `shipping_detail_id` bigint(20) unsigned NOT NULL AUTO_INCREMENT,
  `order_id` bigint(20) unsigned NOT NULL,
  `shipping_provider` varchar(100) NOT NULL,
  `tracking_number` varchar(100) DEFAULT NULL,
  `external_order_id` varchar(100) DEFAULT NULL,
  `status` tinyint(4) NOT NULL,
  `shipping_fee` decimal(18,2) NOT NULL,
  `status_history` text DEFAULT NULL COMMENT 'JSON history from provider',
  `created_at` timestamp NULL DEFAULT NULL,
  `updated_at` timestamp NULL DEFAULT NULL,
  PRIMARY KEY (`shipping_detail_id`),
  UNIQUE KEY `shipping_details_order_id_unique` (`order_id`),
  KEY `shipping_details_tracking_number_index` (`tracking_number`),
  CONSTRAINT `shipping_details_order_id_foreign` FOREIGN KEY (`order_id`) REFERENCES `orders` (`order_id`) ON DELETE CASCADE
) ENGINE=InnoDB AUTO_INCREMENT=310 DEFAULT CHARSET=utf8mb4 COLLATE=utf8mb4_unicode_ci;
/*!40101 SET character_set_client = @saved_cs_client */;

--
-- Dumping data for table `shipping_details`
--

LOCK TABLES `shipping_details` WRITE;
/*!40000 ALTER TABLE `shipping_details` DISABLE KEYS */;
INSERT INTO `shipping_details` VALUES (1,1,'Giao Hàng Nhanh','TRACKKH803168',NULL,4,17.16,NULL,'2025-10-26 10:32:31','2025-10-26 10:32:31'),(2,2,'Viettel Post','TRACKWQ071227',NULL,2,21.20,NULL,'2025-10-26 10:32:31','2025-10-26 10:32:31'),(3,3,'VNPost','TRACKBQ121412',NULL,4,41.41,NULL,'2025-10-26 10:32:31','2025-10-26 10:32:31'),(4,4,'VNPost','TRACKOL508723',NULL,4,23.33,NULL,'2025-10-26 10:32:31','2025-10-26 10:32:31'),(5,5,'Viettel Post','TRACKWP128807',NULL,4,26.24,NULL,'2025-10-26 10:32:31','2025-10-26 10:32:31'),(6,6,'Viettel Post','TRACKKG621868',NULL,4,49.60,NULL,'2025-10-26 10:32:31','2025-10-26 10:32:31'),(7,7,'Giao Hàng Nhanh','TRACKEY741570',NULL,4,35.21,NULL,'2025-10-26 10:32:31','2025-10-26 10:32:31'),(8,8,'Giao Hàng Nhanh','TRACKRL099892',NULL,1,17.84,NULL,'2025-10-26 10:32:31','2025-10-26 10:32:31'),(9,9,'Giao Hàng Tiết Kiệm','TRACKOK894280',NULL,5,24.64,NULL,'2025-10-26 10:32:31','2025-10-26 10:32:31'),(10,10,'Giao Hàng Tiết Kiệm','TRACKLV387795',NULL,2,43.86,NULL,'2025-10-26 10:32:31','2025-10-26 10:32:31'),(11,11,'Viettel Post','TRACKUP089621',NULL,1,7.87,NULL,'2025-10-26 10:32:31','2025-10-26 10:32:31'),(12,12,'VNPost','TRACKCZ853582',NULL,1,46.37,NULL,'2025-10-26 10:32:31','2025-10-26 10:32:31'),(13,13,'Giao Hàng Tiết Kiệm','TRACKZN046729',NULL,3,42.17,NULL,'2025-10-26 10:32:31','2025-10-26 10:32:31'),(14,14,'VNPost','TRACKNP054526',NULL,4,37.09,NULL,'2025-10-26 10:32:31','2025-10-26 10:32:31'),(15,15,'Giao Hàng Nhanh','TRACKSM858153',NULL,4,20.72,NULL,'2025-10-26 10:32:31','2025-10-26 10:32:31'),(16,16,'VNPost','TRACKMS019604',NULL,4,26.97,NULL,'2025-10-26 10:32:31','2025-10-26 10:32:31'),(17,17,'Viettel Post','TRACKNL504216',NULL,5,25.93,NULL,'2025-10-26 10:32:31','2025-10-26 10:32:31'),(18,18,'Giao Hàng Tiết Kiệm','TRACKLM380902',NULL,5,36.69,NULL,'2025-10-26 10:32:31','2025-10-26 10:32:31'),(19,19,'Viettel Post','TRACKOI690695',NULL,3,20.37,NULL,'2025-10-26 10:32:31','2025-10-26 10:32:31'),(20,20,'Giao Hàng Nhanh','TRACKED794567',NULL,4,44.14,NULL,'2025-10-26 10:32:31','2025-10-26 10:32:31'),(21,21,'Viettel Post','TRACKHQ664179',NULL,2,10.54,NULL,'2025-10-26 10:32:31','2025-10-26 10:32:31'),(22,22,'Giao Hàng Nhanh','TRACKAP272700',NULL,1,25.73,NULL,'2025-10-26 10:32:31','2025-10-26 10:32:31'),(23,23,'Viettel Post','TRACKAY638023',NULL,5,20.20,NULL,'2025-10-26 10:32:31','2025-10-26 10:32:31'),(24,24,'Viettel Post','TRACKSE957161',NULL,1,5.35,NULL,'2025-10-26 10:32:31','2025-10-26 10:32:31'),(25,25,'Viettel Post','TRACKMS636595',NULL,4,21.72,NULL,'2025-10-26 10:32:31','2025-10-26 10:32:31'),(26,26,'Viettel Post','TRACKXE216981',NULL,2,30.31,NULL,'2025-10-26 10:32:31','2025-10-26 10:32:31'),(27,27,'Giao Hàng Nhanh','TRACKXO753098',NULL,1,43.23,NULL,'2025-10-26 10:32:31','2025-10-26 10:32:31'),(28,28,'Giao Hàng Tiết Kiệm','TRACKMP854700',NULL,2,30.66,NULL,'2025-10-26 10:32:31','2025-10-26 10:32:31'),(29,29,'Viettel Post','TRACKAD546984',NULL,5,8.81,NULL,'2025-10-26 10:32:31','2025-10-26 10:32:31'),(30,30,'Giao Hàng Nhanh','TRACKGV589911',NULL,3,30.68,NULL,'2025-10-26 10:32:31','2025-10-26 10:32:31'),(31,31,'Giao Hàng Nhanh','TRACKMP940717',NULL,1,28.38,NULL,'2025-10-26 10:32:31','2025-10-26 10:32:31'),(32,32,'VNPost','TRACKGU461366',NULL,1,8.10,NULL,'2025-10-26 10:32:31','2025-10-26 10:32:31'),(33,33,'Giao Hàng Tiết Kiệm','TRACKRF204985',NULL,4,13.20,NULL,'2025-10-26 10:32:31','2025-10-26 10:32:31'),(34,34,'Giao Hàng Nhanh','TRACKEB799717',NULL,2,15.99,NULL,'2025-10-26 10:32:31','2025-10-26 10:32:31'),(35,35,'Giao Hàng Nhanh','TRACKNI369266',NULL,1,16.56,NULL,'2025-10-26 10:32:31','2025-10-26 10:32:31'),(36,36,'Giao Hàng Nhanh','TRACKPR415536',NULL,2,33.87,NULL,'2025-10-26 10:32:31','2025-10-26 10:32:31'),(37,37,'Viettel Post','TRACKUX806895',NULL,4,47.07,NULL,'2025-10-26 10:32:31','2025-10-26 10:32:31'),(38,38,'Giao Hàng Tiết Kiệm','TRACKXP931827',NULL,5,28.18,NULL,'2025-10-26 10:32:31','2025-10-26 10:32:31'),(39,39,'Giao Hàng Tiết Kiệm','TRACKPL220481',NULL,2,10.52,NULL,'2025-10-26 10:32:31','2025-10-26 10:32:31'),(40,40,'Giao Hàng Tiết Kiệm','TRACKDB594171',NULL,1,30.57,NULL,'2025-10-26 10:32:31','2025-10-26 10:32:31'),(41,41,'VNPost','TRACKOV149723',NULL,1,28.87,NULL,'2025-10-26 10:32:31','2025-10-26 10:32:31'),(42,42,'VNPost','TRACKWU119967',NULL,4,45.89,NULL,'2025-10-26 10:32:31','2025-10-26 10:32:31'),(43,43,'VNPost','TRACKVV980882',NULL,1,17.31,NULL,'2025-10-26 10:32:31','2025-10-26 10:32:31'),(44,44,'Giao Hàng Tiết Kiệm','TRACKZH129175',NULL,1,30.10,NULL,'2025-10-26 10:32:31','2025-10-26 10:32:31'),(45,45,'Giao Hàng Tiết Kiệm','TRACKQM540568',NULL,4,17.80,NULL,'2025-10-26 10:32:31','2025-10-26 10:32:31'),(46,46,'VNPost','TRACKEO274145',NULL,5,42.27,NULL,'2025-10-26 10:32:31','2025-10-26 10:32:31'),(47,47,'VNPost','TRACKNH991263',NULL,5,34.88,NULL,'2025-10-26 10:32:31','2025-10-26 10:32:31'),(48,48,'Viettel Post','TRACKYF981560',NULL,4,25.85,NULL,'2025-10-26 10:32:31','2025-10-26 10:32:31'),(49,49,'Giao Hàng Tiết Kiệm','TRACKFF752918',NULL,2,7.52,NULL,'2025-10-26 10:32:31','2025-10-26 10:32:31'),(50,50,'Giao Hàng Tiết Kiệm','TRACKWX337917',NULL,5,23.21,NULL,'2025-10-26 10:32:31','2025-10-26 10:32:31'),(51,51,'Giao Hàng Tiết Kiệm','TRACKYU662994',NULL,4,9.19,NULL,'2025-10-26 10:32:31','2025-10-26 10:32:31'),(52,52,'VNPost','TRACKRS082069',NULL,4,42.49,NULL,'2025-10-26 10:32:31','2025-10-26 10:32:31'),(53,53,'VNPost','TRACKIJ982746',NULL,4,30.97,NULL,'2025-10-26 10:32:31','2025-10-26 10:32:31'),(54,54,'Giao Hàng Nhanh','TRACKJW230019',NULL,4,13.09,NULL,'2025-10-26 10:32:31','2025-10-26 10:32:31'),(55,55,'VNPost','TRACKRO740505',NULL,4,10.86,NULL,'2025-10-26 10:32:31','2025-10-26 10:32:31'),(56,56,'VNPost','TRACKMC058045',NULL,4,41.42,NULL,'2025-10-26 10:32:31','2025-10-26 10:32:31'),(57,57,'Giao Hàng Tiết Kiệm','TRACKWI007914',NULL,1,38.22,NULL,'2025-10-26 10:32:31','2025-10-26 10:32:31'),(58,58,'Viettel Post','TRACKTB145960',NULL,4,33.90,NULL,'2025-10-26 10:32:31','2025-10-26 10:32:31'),(59,59,'Giao Hàng Tiết Kiệm','TRACKOI362469',NULL,2,18.18,NULL,'2025-10-26 10:32:31','2025-10-26 10:32:31'),(60,60,'Giao Hàng Tiết Kiệm','TRACKSX241293',NULL,2,20.70,NULL,'2025-10-26 10:32:31','2025-10-26 10:32:31'),(61,61,'Viettel Post','TRACKXJ918202',NULL,1,29.85,NULL,'2025-10-26 10:32:31','2025-10-26 10:32:31'),(62,62,'VNPost','TRACKKJ455776',NULL,3,9.81,NULL,'2025-10-26 10:32:31','2025-10-26 10:32:31'),(63,63,'Giao Hàng Nhanh','TRACKHZ925090',NULL,2,43.13,NULL,'2025-10-26 10:32:31','2025-10-26 10:32:31'),(64,64,'Viettel Post','TRACKMS620090',NULL,2,8.80,NULL,'2025-10-26 10:32:31','2025-10-26 10:32:31'),(65,65,'Giao Hàng Tiết Kiệm','TRACKSG860888',NULL,4,47.35,NULL,'2025-10-26 10:32:31','2025-10-26 10:32:31'),(66,66,'Giao Hàng Nhanh','TRACKPU503256',NULL,4,41.55,NULL,'2025-10-26 10:32:31','2025-10-26 10:32:31'),(67,67,'Giao Hàng Tiết Kiệm','TRACKPC921067',NULL,2,15.65,NULL,'2025-10-26 10:32:31','2025-10-26 10:32:31'),(68,68,'Viettel Post','TRACKWZ758431',NULL,1,19.96,NULL,'2025-10-26 10:32:31','2025-10-26 10:32:31'),(69,69,'Giao Hàng Nhanh','TRACKKI034455',NULL,1,41.92,NULL,'2025-10-26 10:32:31','2025-10-26 10:32:31'),(70,70,'VNPost','TRACKKB607787',NULL,3,32.12,NULL,'2025-10-26 10:32:31','2025-10-26 10:32:31'),(71,71,'Giao Hàng Tiết Kiệm','TRACKZH617557',NULL,5,16.89,NULL,'2025-10-26 10:32:31','2025-10-26 10:32:31'),(72,72,'VNPost','TRACKJN031450',NULL,1,35.77,NULL,'2025-10-26 10:32:31','2025-10-26 10:32:31'),(73,73,'Giao Hàng Nhanh','TRACKJN710083',NULL,4,14.91,NULL,'2025-10-26 10:32:31','2025-10-26 10:32:31'),(74,74,'Giao Hàng Nhanh','TRACKXF764748',NULL,1,5.39,NULL,'2025-10-26 10:32:31','2025-10-26 10:32:31'),(75,75,'Viettel Post','TRACKWI591806',NULL,4,49.80,NULL,'2025-10-26 10:32:31','2025-10-26 10:32:31'),(76,76,'Viettel Post','TRACKMV517375',NULL,1,36.92,NULL,'2025-10-26 10:32:31','2025-10-26 10:32:31'),(77,77,'Giao Hàng Tiết Kiệm','TRACKBH076833',NULL,3,31.77,NULL,'2025-10-26 10:32:31','2025-10-26 10:32:31'),(78,78,'VNPost','TRACKAL968502',NULL,1,25.87,NULL,'2025-10-26 10:32:31','2025-10-26 10:32:31'),(79,79,'VNPost','TRACKIE923563',NULL,5,15.91,NULL,'2025-10-26 10:32:31','2025-10-26 10:32:31'),(80,80,'Viettel Post','TRACKCA545914',NULL,4,9.88,NULL,'2025-10-26 10:32:31','2025-10-26 10:32:31'),(81,81,'Giao Hàng Nhanh','TRACKFE256150',NULL,5,17.20,NULL,'2025-10-26 10:32:31','2025-10-26 10:32:31'),(82,82,'VNPost','TRACKDR258514',NULL,4,32.73,NULL,'2025-10-26 10:32:31','2025-10-26 10:32:31'),(83,83,'Viettel Post','TRACKVV122167',NULL,2,22.18,NULL,'2025-10-26 10:32:31','2025-10-26 10:32:31'),(84,84,'Viettel Post','TRACKAP400043',NULL,4,12.73,NULL,'2025-10-26 10:32:31','2025-10-26 10:32:31'),(85,85,'VNPost','TRACKLY116113',NULL,2,35.31,NULL,'2025-10-26 10:32:31','2025-10-26 10:32:31'),(86,86,'Viettel Post','TRACKTE841313',NULL,2,44.86,NULL,'2025-10-26 10:32:31','2025-10-26 10:32:31'),(87,87,'Giao Hàng Nhanh','TRACKFH760125',NULL,4,6.23,NULL,'2025-10-26 10:32:31','2025-10-26 10:32:31'),(88,88,'Giao Hàng Nhanh','TRACKXK802108',NULL,2,49.46,NULL,'2025-10-26 10:32:31','2025-10-26 10:32:31'),(89,89,'Viettel Post','TRACKQU468409',NULL,2,7.96,NULL,'2025-10-26 10:32:31','2025-10-26 10:32:31'),(90,90,'Giao Hàng Tiết Kiệm','TRACKGD521269',NULL,5,24.99,NULL,'2025-10-26 10:32:31','2025-10-26 10:32:31'),(91,91,'Giao Hàng Tiết Kiệm','TRACKYE136202',NULL,1,37.54,NULL,'2025-10-26 10:32:31','2025-10-26 10:32:31'),(92,92,'Giao Hàng Nhanh','TRACKLZ511582',NULL,4,23.75,NULL,'2025-10-26 10:32:31','2025-10-26 10:32:31'),(93,93,'VNPost','TRACKED304180',NULL,1,14.26,NULL,'2025-10-26 10:32:31','2025-10-26 10:32:31'),(94,94,'Giao Hàng Nhanh','TRACKNL533027',NULL,3,48.98,NULL,'2025-10-26 10:32:31','2025-10-26 10:32:31'),(95,95,'Giao Hàng Nhanh','TRACKQK306063',NULL,4,39.92,NULL,'2025-10-26 10:32:31','2025-10-26 10:32:31'),(96,96,'VNPost','TRACKEU519147',NULL,4,48.34,NULL,'2025-10-26 10:32:31','2025-10-26 10:32:31'),(97,97,'VNPost','TRACKLV658843',NULL,3,24.65,NULL,'2025-10-26 10:32:31','2025-10-26 10:32:31'),(98,98,'Giao Hàng Nhanh','TRACKBN440339',NULL,1,6.67,NULL,'2025-10-26 10:32:31','2025-10-26 10:32:31'),(99,99,'Giao Hàng Nhanh','TRACKME883547',NULL,4,37.52,NULL,'2025-10-26 10:32:31','2025-10-26 10:32:31'),(100,100,'Giao Hàng Nhanh','TRACKEI529543',NULL,1,35.39,NULL,'2025-10-26 10:32:31','2025-10-26 10:32:31'),(101,101,'Giao Hàng Tiết Kiệm','TRACKUC565511',NULL,1,35.27,NULL,'2025-10-26 10:32:31','2025-10-26 10:32:31'),(102,102,'Giao Hàng Nhanh','TRACKHP490862',NULL,4,8.04,NULL,'2025-10-26 10:32:31','2025-10-26 10:32:31'),(103,103,'Viettel Post','TRACKFJ328443',NULL,1,43.31,NULL,'2025-10-26 10:32:31','2025-10-26 10:32:31'),(104,104,'Viettel Post','TRACKAO002765',NULL,2,14.09,NULL,'2025-10-26 10:32:31','2025-10-26 10:32:31'),(105,105,'Viettel Post','TRACKNM052717',NULL,1,33.32,NULL,'2025-10-26 10:32:31','2025-10-26 10:32:31'),(106,106,'Giao Hàng Tiết Kiệm','TRACKHR107453',NULL,4,41.32,NULL,'2025-10-26 10:32:31','2025-10-26 10:32:31'),(107,107,'Viettel Post','TRACKYH532025',NULL,5,31.18,NULL,'2025-10-26 10:32:31','2025-10-26 10:32:31'),(108,108,'Giao Hàng Nhanh','TRACKXE265277',NULL,2,35.13,NULL,'2025-10-26 10:32:31','2025-10-26 10:32:31'),(109,109,'Viettel Post','TRACKFU016703',NULL,2,17.34,NULL,'2025-10-26 10:32:31','2025-10-26 10:32:31'),(110,110,'Giao Hàng Tiết Kiệm','TRACKMI971649',NULL,3,34.86,NULL,'2025-10-26 10:32:31','2025-10-26 10:32:31'),(111,111,'Giao Hàng Nhanh','TRACKYM307286',NULL,4,45.30,NULL,'2025-10-26 10:32:31','2025-10-26 10:32:31'),(112,112,'Viettel Post','TRACKWC207325',NULL,3,42.73,NULL,'2025-10-26 10:32:31','2025-10-26 10:32:31'),(113,113,'Viettel Post','TRACKLH266520',NULL,5,45.05,NULL,'2025-10-26 10:32:31','2025-10-26 10:32:31'),(114,114,'VNPost','TRACKFQ121239',NULL,3,40.76,NULL,'2025-10-26 10:32:31','2025-10-26 10:32:31'),(115,115,'Giao Hàng Tiết Kiệm','TRACKCT114110',NULL,3,32.85,NULL,'2025-10-26 10:32:31','2025-10-26 10:32:31'),(116,116,'VNPost','TRACKCQ653396',NULL,3,23.27,NULL,'2025-10-26 10:32:31','2025-10-26 10:32:31'),(117,117,'Giao Hàng Nhanh','TRACKUC721839',NULL,3,36.36,NULL,'2025-10-26 10:32:31','2025-10-26 10:32:31'),(118,118,'VNPost','TRACKCI264876',NULL,3,5.04,NULL,'2025-10-26 10:32:31','2025-10-26 10:32:31'),(119,119,'Giao Hàng Tiết Kiệm','TRACKJZ166179',NULL,2,20.99,NULL,'2025-10-26 10:32:31','2025-10-26 10:32:31'),(120,120,'Giao Hàng Nhanh','TRACKNF670331',NULL,1,19.05,NULL,'2025-10-26 10:32:31','2025-10-26 10:32:31'),(121,121,'Viettel Post','TRACKWF341708',NULL,2,13.34,NULL,'2025-10-26 10:32:31','2025-10-26 10:32:31'),(122,122,'Giao Hàng Tiết Kiệm','TRACKQB061134',NULL,5,14.96,NULL,'2025-10-26 10:32:31','2025-10-26 10:32:31'),(123,123,'Giao Hàng Nhanh','TRACKNX952600',NULL,2,42.95,NULL,'2025-10-26 10:32:31','2025-10-26 10:32:31'),(124,124,'Viettel Post','TRACKRH614377',NULL,2,37.90,NULL,'2025-10-26 10:32:31','2025-10-26 10:32:31'),(125,125,'Viettel Post','TRACKEC089975',NULL,2,48.43,NULL,'2025-10-26 10:32:31','2025-10-26 10:32:31'),(126,126,'Giao Hàng Tiết Kiệm','TRACKWA843104',NULL,4,23.50,NULL,'2025-10-26 10:32:31','2025-10-26 10:32:31'),(127,127,'VNPost','TRACKZN541624',NULL,5,43.41,NULL,'2025-10-26 10:32:31','2025-10-26 10:32:31'),(128,128,'Giao Hàng Nhanh','TRACKYA400321',NULL,5,20.80,NULL,'2025-10-26 10:32:31','2025-10-26 10:32:31'),(129,129,'VNPost','TRACKDR666678',NULL,1,7.28,NULL,'2025-10-26 10:32:31','2025-10-26 10:32:31'),(130,130,'Giao Hàng Nhanh','TRACKRA411294',NULL,5,20.66,NULL,'2025-10-26 10:32:31','2025-10-26 10:32:31'),(131,131,'Giao Hàng Nhanh','TRACKGE343003',NULL,1,34.64,NULL,'2025-10-26 10:32:31','2025-10-26 10:32:31'),(132,132,'Viettel Post','TRACKPF842825',NULL,4,30.80,NULL,'2025-10-26 10:32:31','2025-10-26 10:32:31'),(133,133,'Giao Hàng Nhanh','TRACKWU103581',NULL,2,33.00,NULL,'2025-10-26 10:32:31','2025-10-26 10:32:31'),(134,134,'VNPost','TRACKPN374067',NULL,2,23.13,NULL,'2025-10-26 10:32:31','2025-10-26 10:32:31'),(135,135,'Viettel Post','TRACKKI212999',NULL,4,37.75,NULL,'2025-10-26 10:32:31','2025-10-26 10:32:31'),(136,136,'Giao Hàng Tiết Kiệm','TRACKVD791374',NULL,1,15.08,NULL,'2025-10-26 10:32:31','2025-10-26 10:32:31'),(137,137,'Viettel Post','TRACKMA191957',NULL,2,37.89,NULL,'2025-10-26 10:32:31','2025-10-26 10:32:31'),(138,138,'VNPost','TRACKZU111600',NULL,2,34.96,NULL,'2025-10-26 10:32:31','2025-10-26 10:32:31'),(139,139,'VNPost','TRACKQX972027',NULL,5,34.62,NULL,'2025-10-26 10:32:31','2025-10-26 10:32:31'),(140,140,'VNPost','TRACKHB534325',NULL,3,49.53,NULL,'2025-10-26 10:32:31','2025-10-26 10:32:31'),(141,141,'Giao Hàng Tiết Kiệm','TRACKKV644763',NULL,3,9.15,NULL,'2025-10-26 10:32:31','2025-10-26 10:32:31'),(142,142,'VNPost','TRACKEQ618443',NULL,4,29.05,NULL,'2025-10-26 10:32:31','2025-10-26 10:32:31'),(143,143,'VNPost','TRACKAX563790',NULL,5,34.47,NULL,'2025-10-26 10:32:31','2025-10-26 10:32:31'),(144,144,'Giao Hàng Tiết Kiệm','TRACKMD264848',NULL,1,38.37,NULL,'2025-10-26 10:32:31','2025-10-26 10:32:31'),(145,145,'VNPost','TRACKPT252123',NULL,1,34.42,NULL,'2025-10-26 10:32:31','2025-10-26 10:32:31'),(146,146,'VNPost','TRACKNR963588',NULL,5,43.64,NULL,'2025-10-26 10:32:31','2025-10-26 10:32:31'),(147,147,'Giao Hàng Tiết Kiệm','TRACKAR802752',NULL,5,28.49,NULL,'2025-10-26 10:32:31','2025-10-26 10:32:31'),(148,148,'Viettel Post','TRACKBI401230',NULL,3,17.78,NULL,'2025-10-26 10:32:31','2025-10-26 10:32:31'),(149,149,'Giao Hàng Nhanh','TRACKWU284321',NULL,3,10.26,NULL,'2025-10-26 10:32:31','2025-10-26 10:32:31'),(150,150,'Viettel Post','TRACKDS779432',NULL,1,33.41,NULL,'2025-10-26 10:32:31','2025-10-26 10:32:31'),(151,151,'Viettel Post','TRACKLX915625',NULL,1,5.70,NULL,'2025-10-26 10:32:31','2025-10-26 10:32:31'),(152,152,'VNPost','TRACKVP935731',NULL,4,24.63,NULL,'2025-10-26 10:32:31','2025-10-26 10:32:31'),(153,153,'Viettel Post','TRACKYW371250',NULL,5,20.96,NULL,'2025-10-26 10:32:31','2025-10-26 10:32:31'),(154,154,'VNPost','TRACKNM889784',NULL,4,43.05,NULL,'2025-10-26 10:32:31','2025-10-26 10:32:31'),(155,155,'Giao Hàng Tiết Kiệm','TRACKGN033610',NULL,4,45.23,NULL,'2025-10-26 10:32:31','2025-10-26 10:32:31'),(156,156,'VNPost','TRACKRU758356',NULL,5,37.69,NULL,'2025-10-26 10:32:31','2025-10-26 10:32:31'),(157,157,'Giao Hàng Nhanh','TRACKCP638710',NULL,2,48.07,NULL,'2025-10-26 10:32:31','2025-10-26 10:32:31'),(158,158,'VNPost','TRACKYP980081',NULL,5,28.38,NULL,'2025-10-26 10:32:31','2025-10-26 10:32:31'),(159,159,'Viettel Post','TRACKIC696543',NULL,4,25.11,NULL,'2025-10-26 10:32:31','2025-10-26 10:32:31'),(160,160,'Giao Hàng Tiết Kiệm','TRACKYY390783',NULL,2,27.18,NULL,'2025-10-26 10:32:31','2025-10-26 10:32:31'),(161,161,'Giao Hàng Nhanh','TRACKLK908550',NULL,2,34.36,NULL,'2025-10-26 10:32:31','2025-10-26 10:32:31'),(162,162,'Giao Hàng Tiết Kiệm','TRACKXY300290',NULL,4,16.31,NULL,'2025-10-26 10:32:31','2025-10-26 10:32:31'),(163,163,'Giao Hàng Tiết Kiệm','TRACKRC272360',NULL,3,13.59,NULL,'2025-10-26 10:32:31','2025-10-26 10:32:31'),(164,164,'Giao Hàng Tiết Kiệm','TRACKTK256490',NULL,1,38.40,NULL,'2025-10-26 10:32:31','2025-10-26 10:32:31'),(165,165,'Giao Hàng Nhanh','TRACKQG546031',NULL,1,45.46,NULL,'2025-10-26 10:32:31','2025-10-26 10:32:31'),(166,166,'Viettel Post','TRACKFZ104826',NULL,5,47.64,NULL,'2025-10-26 10:32:31','2025-10-26 10:32:31'),(167,167,'Giao Hàng Tiết Kiệm','TRACKDP417816',NULL,4,48.86,NULL,'2025-10-26 10:32:31','2025-10-26 10:32:31'),(168,168,'Giao Hàng Nhanh','TRACKRK240913',NULL,2,43.69,NULL,'2025-10-26 10:32:31','2025-10-26 10:32:31'),(169,169,'Viettel Post','TRACKKQ473311',NULL,4,20.45,NULL,'2025-10-26 10:32:31','2025-10-26 10:32:31'),(170,170,'VNPost','TRACKDZ650724',NULL,5,9.05,NULL,'2025-10-26 10:32:31','2025-10-26 10:32:31'),(171,171,'Giao Hàng Tiết Kiệm','TRACKNO996774',NULL,4,24.20,NULL,'2025-10-26 10:32:31','2025-10-26 10:32:31'),(172,172,'Giao Hàng Tiết Kiệm','TRACKFY316665',NULL,4,26.02,NULL,'2025-10-26 10:32:31','2025-10-26 10:32:31'),(173,173,'Viettel Post','TRACKNM300930',NULL,2,7.79,NULL,'2025-10-26 10:32:31','2025-10-26 10:32:31'),(174,174,'Giao Hàng Tiết Kiệm','TRACKCT061323',NULL,1,46.25,NULL,'2025-10-26 10:32:31','2025-10-26 10:32:31'),(175,175,'Giao Hàng Tiết Kiệm','TRACKVI728821',NULL,2,28.67,NULL,'2025-10-26 10:32:31','2025-10-26 10:32:31'),(176,176,'Giao Hàng Nhanh','TRACKOW306180',NULL,2,41.48,NULL,'2025-10-26 10:32:31','2025-10-26 10:32:31'),(177,177,'Giao Hàng Nhanh','TRACKGB482263',NULL,4,25.86,NULL,'2025-10-26 10:32:31','2025-10-26 10:32:31'),(178,178,'Giao Hàng Nhanh','TRACKXR419422',NULL,4,42.61,NULL,'2025-10-26 10:32:31','2025-10-26 10:32:31'),(179,179,'Giao Hàng Tiết Kiệm','TRACKJG871400',NULL,1,9.09,NULL,'2025-10-26 10:32:31','2025-10-26 10:32:31'),(180,180,'VNPost','TRACKGI048827',NULL,3,25.01,NULL,'2025-10-26 10:32:31','2025-10-26 10:32:31'),(181,181,'VNPost','TRACKQX571136',NULL,2,10.79,NULL,'2025-10-26 10:32:31','2025-10-26 10:32:31'),(182,182,'Viettel Post','TRACKZK921038',NULL,4,25.68,NULL,'2025-10-26 10:32:31','2025-10-26 10:32:31'),(183,183,'VNPost','TRACKVV435907',NULL,2,36.66,NULL,'2025-10-26 10:32:31','2025-10-26 10:32:31'),(184,184,'Giao Hàng Tiết Kiệm','TRACKOF186128',NULL,1,42.88,NULL,'2025-10-26 10:32:31','2025-10-26 10:32:31'),(185,185,'VNPost','TRACKIK190123',NULL,1,26.98,NULL,'2025-10-26 10:32:31','2025-10-26 10:32:31'),(186,186,'Viettel Post','TRACKHT821040',NULL,1,46.00,NULL,'2025-10-26 10:32:31','2025-10-26 10:32:31'),(187,187,'VNPost','TRACKIG884586',NULL,4,17.64,NULL,'2025-10-26 10:32:31','2025-10-26 10:32:31'),(188,188,'Giao Hàng Tiết Kiệm','TRACKPU614490',NULL,1,28.73,NULL,'2025-10-26 10:32:31','2025-10-26 10:32:31'),(189,189,'VNPost','TRACKGY936942',NULL,2,33.69,NULL,'2025-10-26 10:32:31','2025-10-26 10:32:31'),(190,190,'Giao Hàng Tiết Kiệm','TRACKSR299421',NULL,1,9.48,NULL,'2025-10-26 10:32:31','2025-10-26 10:32:31'),(191,191,'Giao Hàng Tiết Kiệm','TRACKQI671308',NULL,4,11.61,NULL,'2025-10-26 10:32:31','2025-10-26 10:32:31'),(192,192,'VNPost','TRACKAP179259',NULL,4,30.15,NULL,'2025-10-26 10:32:31','2025-10-26 10:32:31'),(193,193,'VNPost','TRACKLS159558',NULL,1,12.90,NULL,'2025-10-26 10:32:31','2025-10-26 10:32:31'),(194,194,'Giao Hàng Tiết Kiệm','TRACKJJ299016',NULL,5,22.10,NULL,'2025-10-26 10:32:31','2025-10-26 10:32:31'),(195,195,'Giao Hàng Tiết Kiệm','TRACKTS033837',NULL,3,46.78,NULL,'2025-10-26 10:32:31','2025-10-26 10:32:31'),(196,196,'Giao Hàng Nhanh','TRACKJM790577',NULL,5,25.05,NULL,'2025-10-26 10:32:31','2025-10-26 10:32:31'),(197,197,'Viettel Post','TRACKIO064067',NULL,5,29.01,NULL,'2025-10-26 10:32:31','2025-10-26 10:32:31'),(198,198,'VNPost','TRACKGI437924',NULL,4,25.40,NULL,'2025-10-26 10:32:31','2025-10-26 10:32:31'),(199,199,'Giao Hàng Nhanh','TRACKIH895450',NULL,4,14.86,NULL,'2025-10-26 10:32:31','2025-10-26 10:32:31'),(200,200,'Giao Hàng Nhanh','TRACKTA970911',NULL,4,34.61,NULL,'2025-10-26 10:32:31','2025-10-26 10:32:31'),(201,201,'Giao Hàng Tiết Kiệm','TRACKXR809290',NULL,5,5.07,NULL,'2025-10-26 10:32:31','2025-10-26 10:32:31'),(202,202,'Viettel Post','TRACKGJ241908',NULL,4,41.92,NULL,'2025-10-26 10:32:31','2025-10-26 10:32:31'),(203,203,'Giao Hàng Nhanh','TRACKDN752294',NULL,2,37.97,NULL,'2025-10-26 10:32:31','2025-10-26 10:32:31'),(204,204,'VNPost','TRACKKA222925',NULL,1,37.68,NULL,'2025-10-26 10:32:31','2025-10-26 10:32:31'),(205,205,'Giao Hàng Tiết Kiệm','TRACKGG218229',NULL,2,6.22,NULL,'2025-10-26 10:32:31','2025-10-26 10:32:31'),(206,206,'Giao Hàng Nhanh','TRACKUR534778',NULL,5,14.91,NULL,'2025-10-26 10:32:31','2025-10-26 10:32:31'),(207,207,'Giao Hàng Tiết Kiệm','TRACKSP893262',NULL,3,46.65,NULL,'2025-10-26 10:32:31','2025-10-26 10:32:31'),(208,208,'Giao Hàng Tiết Kiệm','TRACKVN827049',NULL,2,35.44,NULL,'2025-10-26 10:32:31','2025-10-26 10:32:31'),(209,209,'VNPost','TRACKSB367423',NULL,1,17.83,NULL,'2025-10-26 10:32:31','2025-10-26 10:32:31'),(210,210,'Giao Hàng Nhanh','TRACKGQ854258',NULL,5,16.37,NULL,'2025-10-26 10:32:31','2025-10-26 10:32:31'),(211,211,'Giao Hàng Tiết Kiệm','TRACKXW182588',NULL,1,18.43,NULL,'2025-10-26 10:32:31','2025-10-26 10:32:31'),(212,212,'Giao Hàng Tiết Kiệm','TRACKZQ893408',NULL,2,40.28,NULL,'2025-10-26 10:32:31','2025-10-26 10:32:31'),(213,213,'Giao Hàng Nhanh','TRACKIB170857',NULL,1,14.60,NULL,'2025-10-26 10:32:31','2025-10-26 10:32:31'),(214,214,'Giao Hàng Nhanh','TRACKWB497320',NULL,5,5.49,NULL,'2025-10-26 10:32:31','2025-10-26 10:32:31'),(215,215,'VNPost','TRACKBN322144',NULL,5,14.76,NULL,'2025-10-26 10:32:31','2025-10-26 10:32:31'),(216,216,'Giao Hàng Nhanh','TRACKQB295351',NULL,2,22.65,NULL,'2025-10-26 10:32:31','2025-10-26 10:32:31'),(217,217,'Viettel Post','TRACKJC886601',NULL,4,26.04,NULL,'2025-10-26 10:32:31','2025-10-26 10:32:31'),(218,218,'Viettel Post','TRACKBN703191',NULL,3,31.65,NULL,'2025-10-26 10:32:31','2025-10-26 10:32:31'),(219,219,'Viettel Post','TRACKGD055924',NULL,2,21.29,NULL,'2025-10-26 10:32:31','2025-10-26 10:32:31'),(220,220,'Viettel Post','TRACKTO293913',NULL,3,42.29,NULL,'2025-10-26 10:32:31','2025-10-26 10:32:31'),(221,221,'Giao Hàng Nhanh','TRACKCU020626',NULL,3,21.52,NULL,'2025-10-26 10:32:31','2025-10-26 10:32:31'),(222,222,'VNPost','TRACKWC159852',NULL,3,47.36,NULL,'2025-10-26 10:32:31','2025-10-26 10:32:31'),(223,223,'VNPost','TRACKYP011655',NULL,2,10.72,NULL,'2025-10-26 10:32:31','2025-10-26 10:32:31'),(224,224,'VNPost','TRACKEL905239',NULL,1,37.56,NULL,'2025-10-26 10:32:31','2025-10-26 10:32:31'),(225,225,'Giao Hàng Tiết Kiệm','TRACKQA721381',NULL,5,28.93,NULL,'2025-10-26 10:32:31','2025-10-26 10:32:31'),(226,226,'Giao Hàng Tiết Kiệm','TRACKEU222835',NULL,4,27.03,NULL,'2025-10-26 10:32:31','2025-10-26 10:32:31'),(227,227,'VNPost','TRACKDV843563',NULL,2,49.88,NULL,'2025-10-26 10:32:31','2025-10-26 10:32:31'),(228,228,'Giao Hàng Nhanh','TRACKJD488887',NULL,2,13.88,NULL,'2025-10-26 10:32:31','2025-10-26 10:32:31'),(229,229,'VNPost','TRACKVC417774',NULL,2,35.41,NULL,'2025-10-26 10:32:31','2025-10-26 10:32:31'),(230,230,'Viettel Post','TRACKTC416022',NULL,3,24.34,NULL,'2025-10-26 10:32:31','2025-10-26 10:32:31'),(231,231,'VNPost','TRACKDV608228',NULL,2,22.51,NULL,'2025-10-26 10:32:31','2025-10-26 10:32:31'),(232,232,'Giao Hàng Nhanh','TRACKSI121896',NULL,2,7.24,NULL,'2025-10-26 10:32:31','2025-10-26 10:32:31'),(233,233,'Giao Hàng Nhanh','TRACKBK227074',NULL,4,8.74,NULL,'2025-10-26 10:32:31','2025-10-26 10:32:31'),(234,234,'Giao Hàng Tiết Kiệm','TRACKXX468267',NULL,5,13.82,NULL,'2025-10-26 10:32:31','2025-10-26 10:32:31'),(235,235,'Viettel Post','TRACKGI708504',NULL,1,9.36,NULL,'2025-10-26 10:32:31','2025-10-26 10:32:31'),(236,236,'Giao Hàng Nhanh','TRACKMV024852',NULL,1,34.12,NULL,'2025-10-26 10:32:31','2025-10-26 10:32:31'),(237,237,'Giao Hàng Nhanh','TRACKAU857179',NULL,1,34.24,NULL,'2025-10-26 10:32:31','2025-10-26 10:32:31'),(238,238,'Giao Hàng Tiết Kiệm','TRACKBV056761',NULL,4,46.67,NULL,'2025-10-26 10:32:31','2025-10-26 10:32:31'),(239,239,'VNPost','TRACKIM378384',NULL,2,18.69,NULL,'2025-10-26 10:32:31','2025-10-26 10:32:31'),(240,240,'Giao Hàng Tiết Kiệm','TRACKKK388142',NULL,2,41.46,NULL,'2025-10-26 10:32:31','2025-10-26 10:32:31'),(241,241,'Giao Hàng Nhanh','TRACKPE566669',NULL,3,42.47,NULL,'2025-10-26 10:32:31','2025-10-26 10:32:31'),(242,242,'VNPost','TRACKSG471826',NULL,4,36.82,NULL,'2025-10-26 10:32:31','2025-10-26 10:32:31'),(243,243,'Viettel Post','TRACKEK775861',NULL,1,41.05,NULL,'2025-10-26 10:32:31','2025-10-26 10:32:31'),(244,244,'VNPost','TRACKAR950228',NULL,5,15.34,NULL,'2025-10-26 10:32:31','2025-10-26 10:32:31'),(245,245,'Viettel Post','TRACKIU448622',NULL,5,42.86,NULL,'2025-10-26 10:32:31','2025-10-26 10:32:31'),(246,246,'Giao Hàng Nhanh','TRACKTI043225',NULL,1,16.27,NULL,'2025-10-26 10:32:31','2025-10-26 10:32:31'),(247,247,'Giao Hàng Nhanh','TRACKBL852383',NULL,5,17.87,NULL,'2025-10-26 10:32:31','2025-10-26 10:32:31'),(248,248,'Giao Hàng Tiết Kiệm','TRACKNF120984',NULL,1,40.52,NULL,'2025-10-26 10:32:31','2025-10-26 10:32:31'),(249,249,'Giao Hàng Nhanh','TRACKSF764288',NULL,4,19.00,NULL,'2025-10-26 10:32:31','2025-10-26 10:32:31'),(250,250,'Viettel Post','TRACKYJ093561',NULL,3,35.56,NULL,'2025-10-26 10:32:31','2025-10-26 10:32:31'),(251,251,'VNPost','TRACKDY196293',NULL,5,40.19,NULL,'2025-10-26 10:32:31','2025-10-26 10:32:31'),(252,252,'Giao Hàng Tiết Kiệm','TRACKXK409124',NULL,5,16.07,NULL,'2025-10-26 10:32:31','2025-10-26 10:32:31'),(253,253,'Giao Hàng Nhanh','TRACKPH799181',NULL,4,25.19,NULL,'2025-10-26 10:32:31','2025-10-26 10:32:31'),(254,254,'VNPost','TRACKXL591368',NULL,2,32.83,NULL,'2025-10-26 10:32:31','2025-10-26 10:32:31'),(255,255,'Giao Hàng Nhanh','TRACKSN839615',NULL,1,11.41,NULL,'2025-10-26 10:32:31','2025-10-26 10:32:31'),(256,256,'Giao Hàng Nhanh','TRACKEO058620',NULL,4,30.78,NULL,'2025-10-26 10:32:31','2025-10-26 10:32:31'),(257,257,'Giao Hàng Nhanh','TRACKBA078862',NULL,4,26.09,NULL,'2025-10-26 10:32:31','2025-10-26 10:32:31'),(258,258,'VNPost','TRACKMO652129',NULL,4,21.74,NULL,'2025-10-26 10:32:31','2025-10-26 10:32:31'),(259,259,'Viettel Post','TRACKUQ488143',NULL,1,38.03,NULL,'2025-10-26 10:32:31','2025-10-26 10:32:31'),(260,260,'Giao Hàng Tiết Kiệm','TRACKDZ323779',NULL,5,25.35,NULL,'2025-10-26 10:32:31','2025-10-26 10:32:31'),(261,261,'Giao Hàng Nhanh','TRACKYO681317',NULL,5,14.53,NULL,'2025-10-26 10:32:31','2025-10-26 10:32:31'),(262,262,'Viettel Post','TRACKUW236436',NULL,4,26.26,NULL,'2025-10-26 10:32:31','2025-10-26 10:32:31'),(263,263,'Viettel Post','TRACKWG911196',NULL,5,47.97,NULL,'2025-10-26 10:32:31','2025-10-26 10:32:31'),(264,264,'Giao Hàng Nhanh','TRACKLI805064',NULL,3,29.82,NULL,'2025-10-26 10:32:31','2025-10-26 10:32:31'),(265,265,'Viettel Post','TRACKHA452866',NULL,1,8.84,NULL,'2025-10-26 10:32:31','2025-10-26 10:32:31'),(266,266,'Viettel Post','TRACKIP273852',NULL,4,17.55,NULL,'2025-10-26 10:32:31','2025-10-26 10:32:31'),(267,267,'Viettel Post','TRACKKQ315084',NULL,2,21.12,NULL,'2025-10-26 10:32:31','2025-10-26 10:32:31'),(268,268,'Giao Hàng Tiết Kiệm','TRACKDT916085',NULL,2,38.51,NULL,'2025-10-26 10:32:31','2025-10-26 10:32:31'),(269,269,'Viettel Post','TRACKLW743576',NULL,4,45.95,NULL,'2025-10-26 10:32:31','2025-10-26 10:32:31'),(270,270,'Viettel Post','TRACKVJ695913',NULL,1,42.29,NULL,'2025-10-26 10:32:31','2025-10-26 10:32:31'),(271,271,'Giao Hàng Nhanh','TRACKZG779919',NULL,5,14.41,NULL,'2025-10-26 10:32:31','2025-10-26 10:32:31'),(272,272,'VNPost','TRACKFN954685',NULL,2,12.04,NULL,'2025-10-26 10:32:31','2025-10-26 10:32:31'),(273,273,'Viettel Post','TRACKNO441083',NULL,3,33.80,NULL,'2025-10-26 10:32:31','2025-10-26 10:32:31'),(274,274,'Giao Hàng Tiết Kiệm','TRACKGZ666673',NULL,1,31.49,NULL,'2025-10-26 10:32:31','2025-10-26 10:32:31'),(275,275,'Viettel Post','TRACKSC491763',NULL,1,40.36,NULL,'2025-10-26 10:32:31','2025-10-26 10:32:31'),(276,276,'Giao Hàng Nhanh','TRACKZF198133',NULL,5,41.26,NULL,'2025-10-26 10:32:31','2025-10-26 10:32:31'),(277,277,'VNPost','TRACKKU941915',NULL,2,47.80,NULL,'2025-10-26 10:32:31','2025-10-26 10:32:31'),(278,278,'Giao Hàng Tiết Kiệm','TRACKLE928622',NULL,2,42.63,NULL,'2025-10-26 10:32:31','2025-10-26 10:32:31'),(279,279,'Giao Hàng Nhanh','TRACKQY143840',NULL,4,41.76,NULL,'2025-10-26 10:32:31','2025-10-26 10:32:31'),(280,280,'Giao Hàng Tiết Kiệm','TRACKOP263259',NULL,5,10.79,NULL,'2025-10-26 10:32:31','2025-10-26 10:32:31'),(281,281,'VNPost','TRACKRC261474',NULL,1,41.22,NULL,'2025-10-26 10:32:31','2025-10-26 10:32:31'),(282,282,'VNPost','TRACKJG512729',NULL,4,29.21,NULL,'2025-10-26 10:32:31','2025-10-26 10:32:31'),(283,283,'Giao Hàng Nhanh','TRACKAN333909',NULL,4,18.92,NULL,'2025-10-26 10:32:31','2025-10-26 10:32:31'),(284,284,'Giao Hàng Nhanh','TRACKMG401563',NULL,2,49.46,NULL,'2025-10-26 10:32:31','2025-10-26 10:32:31'),(285,285,'VNPost','TRACKQG045184',NULL,1,10.53,NULL,'2025-10-26 10:32:31','2025-10-26 10:32:31'),(286,286,'VNPost','TRACKUL110602',NULL,4,24.90,NULL,'2025-10-26 10:32:31','2025-10-26 10:32:31'),(287,287,'Giao Hàng Tiết Kiệm','TRACKNE520669',NULL,1,33.53,NULL,'2025-10-26 10:32:31','2025-10-26 10:32:31'),(288,288,'VNPost','TRACKBP229743',NULL,3,6.97,NULL,'2025-10-26 10:32:31','2025-10-26 10:32:31'),(289,289,'Giao Hàng Tiết Kiệm','TRACKAC666799',NULL,3,14.28,NULL,'2025-10-26 10:32:31','2025-10-26 10:32:31'),(290,290,'Viettel Post','TRACKCO503842',NULL,1,34.35,NULL,'2025-10-26 10:32:31','2025-10-26 10:32:31'),(291,291,'VNPost','TRACKNB271742',NULL,5,40.26,NULL,'2025-10-26 10:32:31','2025-10-26 10:32:31'),(292,292,'Giao Hàng Tiết Kiệm','TRACKZR901811',NULL,2,49.93,NULL,'2025-10-26 10:32:31','2025-10-26 10:32:31'),(293,293,'Viettel Post','TRACKOZ439654',NULL,1,10.13,NULL,'2025-10-26 10:32:31','2025-10-26 10:32:31'),(294,294,'Giao Hàng Nhanh','TRACKZU864539',NULL,3,46.44,NULL,'2025-10-26 10:32:31','2025-10-26 10:32:31'),(295,295,'Giao Hàng Nhanh','TRACKLN666776',NULL,2,6.93,NULL,'2025-10-26 10:32:31','2025-10-26 10:32:31'),(296,296,'Viettel Post','TRACKTF446816',NULL,3,22.30,NULL,'2025-10-26 10:32:31','2025-10-26 10:32:31'),(297,297,'VNPost','TRACKTA765152',NULL,3,6.73,NULL,'2025-10-26 10:32:31','2025-10-26 10:32:31'),(298,298,'Giao Hàng Nhanh','TRACKRV036673',NULL,5,33.23,NULL,'2025-10-26 10:32:31','2025-10-26 10:32:31'),(299,299,'Giao Hàng Tiết Kiệm','TRACKWX699933',NULL,3,9.22,NULL,'2025-10-26 10:32:31','2025-10-26 10:32:31'),(300,300,'Giao Hàng Tiết Kiệm','TRACKIZ968050',NULL,1,8.75,NULL,'2025-10-26 10:32:31','2025-10-26 10:32:31'),(301,301,'Viettel Post','TRACKNZ048914',NULL,5,35.01,NULL,'2025-10-26 10:32:31','2025-10-26 10:32:31'),(302,302,'Giao Hàng Tiết Kiệm','TRACKYM778518',NULL,3,43.73,NULL,'2025-10-26 10:32:31','2025-10-26 10:32:31'),(303,303,'Viettel Post','TRACKTO823108',NULL,2,9.03,NULL,'2025-10-26 10:32:31','2025-10-26 10:32:31'),(304,304,'Giao Hàng Nhanh','TRACKUU616711',NULL,5,46.70,NULL,'2025-10-26 10:32:31','2025-10-26 10:32:31'),(305,305,'VNPost','TRACKHM024880',NULL,3,19.54,NULL,'2025-10-26 10:32:31','2025-10-26 10:32:31'),(306,306,'Giao Hàng Tiết Kiệm','TRACKZL721291',NULL,5,44.24,NULL,'2025-10-26 10:32:31','2025-10-26 10:32:31'),(307,307,'Giao Hàng Tiết Kiệm','TRACKZQ991067',NULL,4,17.02,NULL,'2025-10-26 10:32:31','2025-10-26 10:32:31'),(308,308,'Giao Hàng Tiết Kiệm','TRACKRZ551314',NULL,3,42.42,NULL,'2025-10-26 10:32:31','2025-10-26 10:32:31'),(309,309,'Viettel Post','TRACKEX661123',NULL,1,34.44,NULL,'2025-10-26 10:32:31','2025-10-26 10:32:31');
/*!40000 ALTER TABLE `shipping_details` ENABLE KEYS */;
UNLOCK TABLES;

--
-- Table structure for table `shops`
--

DROP TABLE IF EXISTS `shops`;
/*!40101 SET @saved_cs_client     = @@character_set_client */;
/*!50503 SET character_set_client = utf8mb4 */;
CREATE TABLE `shops` (
  `id` bigint(20) unsigned NOT NULL AUTO_INCREMENT,
  `owner_id` bigint(20) unsigned NOT NULL,
  `name` varchar(255) NOT NULL,
  `slug` varchar(255) NOT NULL,
  `description` text DEFAULT NULL,
  `logo` varchar(500) DEFAULT NULL,
  `banner` varchar(500) DEFAULT NULL,
  `phone` varchar(20) DEFAULT NULL,
  `email` varchar(150) DEFAULT NULL,
  `website` varchar(300) DEFAULT NULL,
  `business_type` varchar(100) DEFAULT NULL,
  `tax_id` varchar(50) DEFAULT NULL,
  `business_license` varchar(100) DEFAULT NULL,
  `address` text DEFAULT NULL,
  `city` varchar(100) DEFAULT NULL,
  `state` varchar(100) DEFAULT NULL,
  `postal_code` varchar(20) DEFAULT NULL,
  `country` varchar(100) DEFAULT NULL,
  `status` enum('pending','active','suspended','inactive') NOT NULL DEFAULT 'pending',
  `is_verified` tinyint(1) NOT NULL DEFAULT 0,
  `commission_rate` decimal(5,2) NOT NULL DEFAULT 10.00,
  `shipping_policies` longtext CHARACTER SET utf8mb4 COLLATE utf8mb4_bin DEFAULT NULL CHECK (json_valid(`shipping_policies`)),
  `return_policy` longtext CHARACTER SET utf8mb4 COLLATE utf8mb4_bin DEFAULT NULL CHECK (json_valid(`return_policy`)),
  `social_media` longtext CHARACTER SET utf8mb4 COLLATE utf8mb4_bin DEFAULT NULL CHECK (json_valid(`social_media`)),
  `rating` decimal(3,2) NOT NULL DEFAULT 0.00,
  `total_reviews` int(10) unsigned NOT NULL DEFAULT 0,
  `total_sales` int(10) unsigned NOT NULL DEFAULT 0,
  `total_revenue` decimal(15,2) NOT NULL DEFAULT 0.00,
  `meta_title` varchar(200) DEFAULT NULL,
  `meta_description` text DEFAULT NULL,
  `keywords` longtext CHARACTER SET utf8mb4 COLLATE utf8mb4_bin DEFAULT NULL CHECK (json_valid(`keywords`)),
  `verified_at` timestamp NULL DEFAULT NULL,
  `last_active_at` timestamp NULL DEFAULT NULL,
  `created_at` timestamp NULL DEFAULT NULL,
  `updated_at` timestamp NULL DEFAULT NULL,
  PRIMARY KEY (`id`),
  UNIQUE KEY `shops_slug_unique` (`slug`),
  KEY `shops_status_is_verified_index` (`status`,`is_verified`),
  KEY `shops_owner_id_status_index` (`owner_id`,`status`),
  KEY `shops_rating_index` (`rating`),
  KEY `shops_city_state_country_index` (`city`,`state`,`country`),
  CONSTRAINT `shops_owner_id_foreign` FOREIGN KEY (`owner_id`) REFERENCES `users` (`id`) ON DELETE CASCADE
) ENGINE=InnoDB DEFAULT CHARSET=utf8mb4 COLLATE=utf8mb4_unicode_ci;
/*!40101 SET character_set_client = @saved_cs_client */;

--
-- Dumping data for table `shops`
--

LOCK TABLES `shops` WRITE;
/*!40000 ALTER TABLE `shops` DISABLE KEYS */;
/*!40000 ALTER TABLE `shops` ENABLE KEYS */;
UNLOCK TABLES;

--
-- Table structure for table `transactions`
--

DROP TABLE IF EXISTS `transactions`;
/*!40101 SET @saved_cs_client     = @@character_set_client */;
/*!50503 SET character_set_client = utf8mb4 */;
CREATE TABLE `transactions` (
  `id` bigint(20) unsigned NOT NULL AUTO_INCREMENT,
  `order_id` bigint(20) unsigned NOT NULL,
  `type` enum('payment','refund') NOT NULL,
  `amount` decimal(18,2) NOT NULL,
  `currency` varchar(3) NOT NULL,
  `gateway` varchar(255) NOT NULL,
  `gateway_transaction_id` varchar(255) DEFAULT NULL,
  `gateway_event_id` varchar(255) DEFAULT NULL,
  `status` varchar(255) NOT NULL DEFAULT 'completed',
  `raw_payload` longtext CHARACTER SET utf8mb4 COLLATE utf8mb4_bin DEFAULT NULL CHECK (json_valid(`raw_payload`)),
  `created_at` timestamp NULL DEFAULT NULL,
  `updated_at` timestamp NULL DEFAULT NULL,
  PRIMARY KEY (`id`),
  KEY `transactions_order_id_foreign` (`order_id`),
  KEY `transactions_gateway_event_id_index` (`gateway_event_id`),
  CONSTRAINT `transactions_order_id_foreign` FOREIGN KEY (`order_id`) REFERENCES `orders` (`order_id`)
) ENGINE=InnoDB AUTO_INCREMENT=7 DEFAULT CHARSET=utf8mb4 COLLATE=utf8mb4_unicode_ci;
/*!40101 SET character_set_client = @saved_cs_client */;

--
-- Dumping data for table `transactions`
--

LOCK TABLES `transactions` WRITE;
/*!40000 ALTER TABLE `transactions` DISABLE KEYS */;
INSERT INTO `transactions` VALUES (1,316,'payment',3999.96,'USD','stripe',NULL,NULL,'canceled','{\"status\":\"cancel\",\"order_id\":\"316\"}','2025-10-27 02:26:05','2025-10-27 02:26:05'),(2,316,'refund',3999.96,'USD','stripe',NULL,NULL,'completed','{\"status\":\"cancel\",\"order_id\":\"316\"}','2025-10-27 02:26:05','2025-10-27 02:26:05'),(3,316,'refund',3999.96,'USD','stripe',NULL,NULL,'completed','{\"status\":\"cancel\",\"order_id\":\"316\"}','2025-10-27 02:26:25','2025-10-27 02:26:25'),(4,317,'payment',3999.96,'USD','stripe',NULL,NULL,'completed','{\"status\":\"success\",\"order_id\":\"317\",\"session_id\":\"cs_test_a1SuWxxDLVoYnbtGkyxMYBbJosITfGBVYklK9lHs2dI6KEUPXJpasEI2Dh\"}','2025-10-27 02:29:41','2025-10-27 02:29:41'),(5,318,'payment',999.99,'USD','stripe',NULL,NULL,'completed','{\"status\":\"success\",\"order_id\":\"318\",\"session_id\":\"cs_test_a1qemzjYJLVSwnLLKTYiEHX150kbWmG7DA4qBcFC6E9x8nvKgTBn3uTAHq\"}','2025-10-27 04:39:32','2025-10-27 04:39:32'),(6,319,'payment',999.99,'USD','stripe',NULL,NULL,'completed','{\"status\":\"success\",\"order_id\":\"319\",\"session_id\":\"cs_test_a10iaKvUiLElNlSN8Jz8EMKPojn8n7StmAtEa1WPmJ2pjBVpaj24cRtHtq\"}','2025-10-27 04:47:38','2025-10-27 04:47:38');
/*!40000 ALTER TABLE `transactions` ENABLE KEYS */;
UNLOCK TABLES;

--
-- Table structure for table `user_addresses`
--

DROP TABLE IF EXISTS `user_addresses`;
/*!40101 SET @saved_cs_client     = @@character_set_client */;
/*!50503 SET character_set_client = utf8mb4 */;
CREATE TABLE `user_addresses` (
  `id` bigint(20) unsigned NOT NULL AUTO_INCREMENT,
  `user_id` bigint(20) unsigned NOT NULL,
  `full_name` varchar(255) NOT NULL,
  `phone_number` varchar(20) NOT NULL,
  `street_address` varchar(255) NOT NULL,
  `is_default` tinyint(1) NOT NULL DEFAULT 0,
  `created_at` timestamp NULL DEFAULT NULL,
  `updated_at` timestamp NULL DEFAULT NULL,
  `deleted_at` timestamp NULL DEFAULT NULL,
  `country_id` bigint(20) unsigned DEFAULT NULL,
  `province_id` bigint(20) unsigned DEFAULT NULL,
  `district_id` bigint(20) unsigned DEFAULT NULL,
  `ward_id` bigint(20) unsigned DEFAULT NULL,
  `latitude` decimal(10,8) DEFAULT NULL,
  `longitude` decimal(11,8) DEFAULT NULL,
  PRIMARY KEY (`id`),
  KEY `user_addresses_user_id_foreign` (`user_id`),
  KEY `user_addresses_country_id_foreign` (`country_id`),
  KEY `user_addresses_province_id_foreign` (`province_id`),
  KEY `user_addresses_district_id_foreign` (`district_id`),
  KEY `user_addresses_ward_id_foreign` (`ward_id`),
  CONSTRAINT `user_addresses_country_id_foreign` FOREIGN KEY (`country_id`) REFERENCES `countries` (`id`),
  CONSTRAINT `user_addresses_district_id_foreign` FOREIGN KEY (`district_id`) REFERENCES `administrative_divisions` (`id`),
  CONSTRAINT `user_addresses_province_id_foreign` FOREIGN KEY (`province_id`) REFERENCES `administrative_divisions` (`id`),
  CONSTRAINT `user_addresses_user_id_foreign` FOREIGN KEY (`user_id`) REFERENCES `users` (`id`) ON DELETE CASCADE,
  CONSTRAINT `user_addresses_ward_id_foreign` FOREIGN KEY (`ward_id`) REFERENCES `administrative_divisions` (`id`)
) ENGINE=InnoDB AUTO_INCREMENT=101 DEFAULT CHARSET=utf8mb4 COLLATE=utf8mb4_unicode_ci;
/*!40101 SET character_set_client = @saved_cs_client */;

--
-- Dumping data for table `user_addresses`
--

LOCK TABLES `user_addresses` WRITE;
/*!40000 ALTER TABLE `user_addresses` DISABLE KEYS */;
INSERT INTO `user_addresses` VALUES (1,22,'Cổ Quang Vu','+84-210244883','10 Trần Hưng Đạo',1,'2025-10-26 10:32:29','2025-10-26 10:32:29',NULL,NULL,NULL,NULL,NULL,10.60282300,106.66825900),(2,23,'Đỗ Phát','+84-116934353','221 Nguyễn Văn Cừ',1,'2025-10-26 10:32:29','2025-10-26 10:32:29',NULL,NULL,NULL,NULL,NULL,10.91558900,106.77997700),(3,24,'Ông. Tống Lập','+84-960913481','124 Cách Mạng Tháng 8',1,'2025-10-26 10:32:29','2025-10-26 10:32:29',NULL,NULL,NULL,NULL,NULL,10.50747700,106.52384200),(4,25,'Em. Văn Dương Ngạn','+84-809399960','75 Hai Bà Trưng',0,'2025-10-26 10:32:29','2025-10-26 10:32:29',NULL,NULL,NULL,NULL,NULL,10.71135400,106.94891600),(5,26,'Thôi Thùy Hiền','+84-269972996','221 Nguyễn Văn Cừ',0,'2025-10-26 10:32:29','2025-10-26 10:32:29',NULL,NULL,NULL,NULL,NULL,10.88542300,106.78617300),(6,27,'Tăng Hùng','+84-825571688','400 Trần Phú',0,'2025-10-26 10:32:29','2025-10-26 10:32:29',NULL,NULL,NULL,NULL,NULL,10.64052900,106.90653800),(7,28,'Ông Ca','+84-757860350','400 Trần Phú',1,'2025-10-26 10:32:29','2025-10-26 10:32:29',NULL,NULL,NULL,NULL,NULL,10.56963300,106.85043400),(8,29,'Em. Diêm Chính Quỳnh','+84-763998909','400 Trần Phú',0,'2025-10-26 10:32:29','2025-10-26 10:32:29',NULL,NULL,NULL,NULL,NULL,10.64847000,106.62519000),(9,30,'Chú. Viên Thiên','+84-550921654','221 Nguyễn Văn Cừ',1,'2025-10-26 10:32:29','2025-10-26 10:32:29',NULL,NULL,NULL,NULL,NULL,10.51832100,106.75453500),(10,31,'Bà. Vương Nhất Khuê','+84-494923891','300 Lê Lợi',1,'2025-10-26 10:32:29','2025-10-26 10:32:29',NULL,NULL,NULL,NULL,NULL,10.86474200,106.72892000),(11,32,'Ông. Nghiêm Cẩn','+84-006925836','200 Phan Đình Phùng',1,'2025-10-26 10:32:29','2025-10-26 10:32:29',NULL,NULL,NULL,NULL,NULL,10.72651600,106.59537100),(12,33,'Bác. Cù Thư','+84-200849924','221 Nguyễn Văn Cừ',1,'2025-10-26 10:32:29','2025-10-26 10:32:29',NULL,NULL,NULL,NULL,NULL,10.75253100,106.69917400),(13,34,'Chú. Ty Cương','+84-375579420','75 Hai Bà Trưng',1,'2025-10-26 10:32:29','2025-10-26 10:32:29',NULL,NULL,NULL,NULL,NULL,10.90394600,106.83458200),(14,35,'Lục Kim','+84-838886557','75 Hai Bà Trưng',0,'2025-10-26 10:32:29','2025-10-26 10:32:29',NULL,NULL,NULL,NULL,NULL,10.72865200,106.71587600),(15,36,'Ngụy Hảo Hoàn','+84-038365927','300 Lê Lợi',0,'2025-10-26 10:32:29','2025-10-26 10:32:29',NULL,NULL,NULL,NULL,NULL,10.75025100,106.63627100),(16,37,'Dã Hạ Như','+84-782328091','150 Nguyễn Trãi',1,'2025-10-26 10:32:29','2025-10-26 10:32:29',NULL,NULL,NULL,NULL,NULL,10.57434500,106.73319900),(17,38,'Diệp Anh','+84-347053832','200 Phan Đình Phùng',0,'2025-10-26 10:32:29','2025-10-26 10:32:29',NULL,NULL,NULL,NULL,NULL,10.65451700,106.56932700),(18,39,'Đoàn Khởi Vũ','+84-670776481','75 Hai Bà Trưng',0,'2025-10-26 10:32:29','2025-10-26 10:32:29',NULL,NULL,NULL,NULL,NULL,10.86855700,106.91793800),(19,40,'Cụ. Hoa Nguyên Uyển','+84-687608535','124 Cách Mạng Tháng 8',0,'2025-10-26 10:32:29','2025-10-26 10:32:29',NULL,NULL,NULL,NULL,NULL,10.60178100,106.62988600),(20,41,'Em. Mang Lai','+84-476917996','500 Điện Biên Phủ',1,'2025-10-26 10:32:29','2025-10-26 10:32:29',NULL,NULL,NULL,NULL,NULL,10.96240800,106.68721100),(21,42,'Cô. Đỗ Trà','+84-551135959','300 Lê Lợi',0,'2025-10-26 10:32:29','2025-10-26 10:32:29',NULL,NULL,NULL,NULL,NULL,10.85820700,106.63539500),(22,43,'Bà. Huỳnh Ban Cương','+84-620557739','221 Nguyễn Văn Cừ',0,'2025-10-26 10:32:29','2025-10-26 10:32:29',NULL,NULL,NULL,NULL,NULL,10.92282200,106.92335500),(23,44,'Doãn Thống','+84-312175705','50 Lý Thường Kiệt',1,'2025-10-26 10:32:29','2025-10-26 10:32:29',NULL,NULL,NULL,NULL,NULL,10.96374300,106.60217800),(24,45,'Châu Cầm','+84-448700798','200 Phan Đình Phùng',0,'2025-10-26 10:32:29','2025-10-26 10:32:29',NULL,NULL,NULL,NULL,NULL,10.98685800,106.83391100),(25,46,'Khúc Hải Tú','+84-719329070','10 Trần Hưng Đạo',1,'2025-10-26 10:32:29','2025-10-26 10:32:29',NULL,NULL,NULL,NULL,NULL,10.64917500,106.79457700),(26,47,'Bác. Kim Thuần','+84-677923963','150 Nguyễn Trãi',0,'2025-10-26 10:32:29','2025-10-26 10:32:29',NULL,NULL,NULL,NULL,NULL,10.52514400,106.59252000),(27,48,'Cụ. Cam Nguyên Vĩ','+84-096751100','50 Lý Thường Kiệt',1,'2025-10-26 10:32:29','2025-10-26 10:32:29',NULL,NULL,NULL,NULL,NULL,10.88752000,106.83645800),(28,49,'Chị. Doãn Vũ Đan','+84-730953119','300 Lê Lợi',1,'2025-10-26 10:32:29','2025-10-26 10:32:29',NULL,NULL,NULL,NULL,NULL,10.75457100,106.75320600),(29,50,'Em. Lữ Phước','+84-265272340','221 Nguyễn Văn Cừ',0,'2025-10-26 10:32:29','2025-10-26 10:32:29',NULL,NULL,NULL,NULL,NULL,10.80219200,106.72961800),(30,51,'Cụ. Cung Hảo Khuyên','+84-869321636','150 Nguyễn Trãi',0,'2025-10-26 10:32:29','2025-10-26 10:32:29',NULL,NULL,NULL,NULL,NULL,10.52544600,106.92692600),(31,52,'Cát Đình Dũng','+84-612114089','200 Phan Đình Phùng',1,'2025-10-26 10:32:29','2025-10-26 10:32:29',NULL,NULL,NULL,NULL,NULL,10.56990700,106.68611400),(32,53,'Em. Sử Tâm Duyên','+84-573933890','300 Lê Lợi',0,'2025-10-26 10:32:29','2025-10-26 10:32:29',NULL,NULL,NULL,NULL,NULL,10.58635300,106.72802400),(33,54,'Em. Bình Lập','+84-639912443','221 Nguyễn Văn Cừ',0,'2025-10-26 10:32:29','2025-10-26 10:32:29',NULL,NULL,NULL,NULL,NULL,10.88472800,106.99926900),(34,55,'Huỳnh Thủy','+84-792456905','124 Cách Mạng Tháng 8',0,'2025-10-26 10:32:29','2025-10-26 10:32:29',NULL,NULL,NULL,NULL,NULL,10.90754000,106.56826800),(35,56,'Tăng Hào Thụy','+84-929264181','400 Trần Phú',0,'2025-10-26 10:32:29','2025-10-26 10:32:29',NULL,NULL,NULL,NULL,NULL,10.55615800,106.50824800),(36,57,'Bác. Liễu Lâm Phượng','+84-665146570','150 Nguyễn Trãi',1,'2025-10-26 10:32:29','2025-10-26 10:32:29',NULL,NULL,NULL,NULL,NULL,10.59402100,106.73285700),(37,58,'Bành Chung Kim','+84-744676220','300 Lê Lợi',1,'2025-10-26 10:32:29','2025-10-26 10:32:29',NULL,NULL,NULL,NULL,NULL,10.69140300,106.65461500),(38,59,'Ông. Giả Từ','+84-685024028','10 Trần Hưng Đạo',1,'2025-10-26 10:32:29','2025-10-26 10:32:29',NULL,NULL,NULL,NULL,NULL,10.99819000,106.74100700),(39,60,'Ông. Bửu Đoàn','+84-867495565','400 Trần Phú',1,'2025-10-26 10:32:29','2025-10-26 10:32:29',NULL,NULL,NULL,NULL,NULL,10.74794900,106.97506400),(40,61,'Chị. Châu Cầm','+84-686001966','500 Điện Biên Phủ',1,'2025-10-26 10:32:30','2025-10-26 10:32:30',NULL,NULL,NULL,NULL,NULL,10.98656700,106.82330600),(41,62,'Cụ. Văn Trân','+84-064808510','300 Lê Lợi',1,'2025-10-26 10:32:30','2025-10-26 10:32:30',NULL,NULL,NULL,NULL,NULL,10.95424600,106.70225700),(42,63,'Mẫn Thùy Khai','+84-645302267','500 Điện Biên Phủ',0,'2025-10-26 10:32:30','2025-10-26 10:32:30',NULL,NULL,NULL,NULL,NULL,10.80965900,106.95775700),(43,64,'Chị. Đan Yên','+84-050905259','300 Lê Lợi',1,'2025-10-26 10:32:30','2025-10-26 10:32:30',NULL,NULL,NULL,NULL,NULL,10.78142200,106.68356800),(44,65,'Giả Đạt','+84-495365507','75 Hai Bà Trưng',0,'2025-10-26 10:32:30','2025-10-26 10:32:30',NULL,NULL,NULL,NULL,NULL,10.70957500,106.69165500),(45,66,'Ninh Nhượng','+84-947230766','50 Lý Thường Kiệt',1,'2025-10-26 10:32:30','2025-10-26 10:32:30',NULL,NULL,NULL,NULL,NULL,10.82973200,106.84616100),(46,67,'Cụ. Cầm Hoa','+84-272775874','150 Nguyễn Trãi',1,'2025-10-26 10:32:30','2025-10-26 10:32:30',NULL,NULL,NULL,NULL,NULL,10.59505600,106.59705300),(47,68,'Cụ. Lư Trang Huyền','+84-112642862','75 Hai Bà Trưng',0,'2025-10-26 10:32:30','2025-10-26 10:32:30',NULL,NULL,NULL,NULL,NULL,10.69243800,106.93785400),(48,69,'Hán Huân Thái','+84-935641084','300 Lê Lợi',1,'2025-10-26 10:32:30','2025-10-26 10:32:30',NULL,NULL,NULL,NULL,NULL,10.93074400,106.98603200),(49,70,'Bác. Lỳ Hiếu','+84-081215923','500 Điện Biên Phủ',0,'2025-10-26 10:32:30','2025-10-26 10:32:30',NULL,NULL,NULL,NULL,NULL,10.92040900,106.77163300),(50,71,'Ông Hoàng Cẩn','+84-057827381','10 Trần Hưng Đạo',0,'2025-10-26 10:32:30','2025-10-26 10:32:30',NULL,NULL,NULL,NULL,NULL,10.79184500,106.54839900),(51,72,'Em. Nhữ Khôi Chiểu','+84-147552353','221 Nguyễn Văn Cừ',1,'2025-10-26 10:32:30','2025-10-26 10:32:30',NULL,NULL,NULL,NULL,NULL,10.55577400,106.82388100),(52,73,'Thôi Khởi Lực','+84-706247974','221 Nguyễn Văn Cừ',1,'2025-10-26 10:32:30','2025-10-26 10:32:30',NULL,NULL,NULL,NULL,NULL,10.52694700,106.84458400),(53,74,'Uông Khuyên','+84-638000817','400 Trần Phú',0,'2025-10-26 10:32:30','2025-10-26 10:32:30',NULL,NULL,NULL,NULL,NULL,10.88746000,106.74216400),(54,75,'Anh. Hoàng Nhiên','+84-152633846','10 Trần Hưng Đạo',1,'2025-10-26 10:32:30','2025-10-26 10:32:30',NULL,NULL,NULL,NULL,NULL,10.59268900,106.90805400),(55,76,'Hồ Hồng Trúc','+84-353056990','221 Nguyễn Văn Cừ',0,'2025-10-26 10:32:30','2025-10-26 10:32:30',NULL,NULL,NULL,NULL,NULL,10.71108300,106.70814200),(56,77,'Chú. Cung Cần','+84-591380751','221 Nguyễn Văn Cừ',1,'2025-10-26 10:32:30','2025-10-26 10:32:30',NULL,NULL,NULL,NULL,NULL,10.62499300,106.94690000),(57,78,'Bác. Giáp Đức Siêu','+84-484427634','221 Nguyễn Văn Cừ',0,'2025-10-26 10:32:30','2025-10-26 10:32:30',NULL,NULL,NULL,NULL,NULL,10.61365000,106.72009700),(58,79,'Chị. Tào Lê Hòa','+84-286686056','124 Cách Mạng Tháng 8',1,'2025-10-26 10:32:30','2025-10-26 10:32:30',NULL,NULL,NULL,NULL,NULL,10.82839000,106.97600200),(59,80,'Liễu Huy Vĩ','+84-367107664','400 Trần Phú',0,'2025-10-26 10:32:30','2025-10-26 10:32:30',NULL,NULL,NULL,NULL,NULL,10.95299300,106.77047500),(60,81,'Bá Quỳnh','+84-751899730','500 Điện Biên Phủ',0,'2025-10-26 10:32:30','2025-10-26 10:32:30',NULL,NULL,NULL,NULL,NULL,10.53659600,106.91086400),(61,82,'Cụ. Hoàng Long','+84-804870212','400 Trần Phú',1,'2025-10-26 10:32:30','2025-10-26 10:32:30',NULL,NULL,NULL,NULL,NULL,10.95322800,106.72250300),(62,83,'Vừ Hưng Hội','+84-506662489','10 Trần Hưng Đạo',0,'2025-10-26 10:32:30','2025-10-26 10:32:30',NULL,NULL,NULL,NULL,NULL,10.68116200,106.55922700),(63,84,'Tào Vu','+84-170880323','221 Nguyễn Văn Cừ',0,'2025-10-26 10:32:30','2025-10-26 10:32:30',NULL,NULL,NULL,NULL,NULL,10.98169000,106.64135900),(64,85,'Chiêm Mỹ','+84-570617782','50 Lý Thường Kiệt',0,'2025-10-26 10:32:30','2025-10-26 10:32:30',NULL,NULL,NULL,NULL,NULL,10.65294300,106.57668200),(65,86,'Hồng Quân Kiệt','+84-727706288','75 Hai Bà Trưng',1,'2025-10-26 10:32:30','2025-10-26 10:32:30',NULL,NULL,NULL,NULL,NULL,10.54396100,106.68759600),(66,87,'Mạc Nhật Thu','+84-074528171','221 Nguyễn Văn Cừ',0,'2025-10-26 10:32:30','2025-10-26 10:32:30',NULL,NULL,NULL,NULL,NULL,10.86357200,106.78788200),(67,88,'Chú. Sơn Khang Đức','+84-228780665','221 Nguyễn Văn Cừ',0,'2025-10-26 10:32:30','2025-10-26 10:32:30',NULL,NULL,NULL,NULL,NULL,10.77934400,106.98023100),(68,89,'Ông. Ong Lộ','+84-518365764','400 Trần Phú',1,'2025-10-26 10:32:30','2025-10-26 10:32:30',NULL,NULL,NULL,NULL,NULL,10.79664900,106.98536600),(69,90,'Anh. Ân Pháp','+84-715480092','400 Trần Phú',0,'2025-10-26 10:32:30','2025-10-26 10:32:30',NULL,NULL,NULL,NULL,NULL,10.63770400,106.62477200),(70,91,'Mai Loan','+84-326381344','221 Nguyễn Văn Cừ',0,'2025-10-26 10:32:30','2025-10-26 10:32:30',NULL,NULL,NULL,NULL,NULL,10.56884400,106.90234500),(71,92,'Tiêu Hiệp Thuận','+84-193384604','10 Trần Hưng Đạo',1,'2025-10-26 10:32:30','2025-10-26 10:32:30',NULL,NULL,NULL,NULL,NULL,10.93231200,106.66129500),(72,93,'Đan Sáng','+84-462245431','124 Cách Mạng Tháng 8',1,'2025-10-26 10:32:30','2025-10-26 10:32:30',NULL,NULL,NULL,NULL,NULL,10.85548100,106.94533300),(73,94,'Bác. Trương Đức Tụ','+84-485027574','300 Lê Lợi',1,'2025-10-26 10:32:30','2025-10-26 10:32:30',NULL,NULL,NULL,NULL,NULL,10.92059400,106.91369000),(74,95,'Bà. Cái Thanh Diệu','+84-519163127','500 Điện Biên Phủ',1,'2025-10-26 10:32:30','2025-10-26 10:32:30',NULL,NULL,NULL,NULL,NULL,10.53896900,106.92208700),(75,96,'Đoàn Tạ Giáp','+84-177010916','10 Trần Hưng Đạo',1,'2025-10-26 10:32:30','2025-10-26 10:32:30',NULL,NULL,NULL,NULL,NULL,10.82336600,106.76091000),(76,97,'Em. Nhiệm Kim','+84-186060033','150 Nguyễn Trãi',0,'2025-10-26 10:32:30','2025-10-26 10:32:30',NULL,NULL,NULL,NULL,NULL,10.87346000,106.63220800),(77,98,'Cụ. Thái Khải My','+84-934835562','500 Điện Biên Phủ',1,'2025-10-26 10:32:30','2025-10-26 10:32:30',NULL,NULL,NULL,NULL,NULL,10.89798600,106.60401400),(78,99,'Chị. Khúc Thuần','+84-419211367','124 Cách Mạng Tháng 8',0,'2025-10-26 10:32:30','2025-10-26 10:32:30',NULL,NULL,NULL,NULL,NULL,10.70959700,106.61772000),(79,100,'Bà. Nhữ An Hằng','+84-156520677','200 Phan Đình Phùng',0,'2025-10-26 10:32:30','2025-10-26 10:32:30',NULL,NULL,NULL,NULL,NULL,10.62160000,106.96642500),(80,101,'Cụ. Giả Châu','+84-830383976','50 Lý Thường Kiệt',1,'2025-10-26 10:32:30','2025-10-26 10:32:30',NULL,NULL,NULL,NULL,NULL,10.51139600,106.88940400),(81,102,'Cô. Cao Tường Vũ','+84-461515274','50 Lý Thường Kiệt',1,'2025-10-26 10:32:30','2025-10-26 10:32:30',NULL,NULL,NULL,NULL,NULL,10.93503100,106.67559700),(82,103,'Bác. Chế Hiểu Tuệ','+84-170144078','200 Phan Đình Phùng',1,'2025-10-26 10:32:30','2025-10-26 10:32:30',NULL,NULL,NULL,NULL,NULL,10.76720600,106.77346900),(83,104,'Bác. Nông Anh Định','+84-492790673','221 Nguyễn Văn Cừ',1,'2025-10-26 10:32:30','2025-10-26 10:32:30',NULL,NULL,NULL,NULL,NULL,10.93555600,106.58893800),(84,105,'Khoa Thy Ngân','+84-742685020','50 Lý Thường Kiệt',0,'2025-10-26 10:32:30','2025-10-26 10:32:30',NULL,NULL,NULL,NULL,NULL,10.56695200,106.69567800),(85,106,'Đôn Đức','+84-385561228','221 Nguyễn Văn Cừ',0,'2025-10-26 10:32:30','2025-10-26 10:32:30',NULL,NULL,NULL,NULL,NULL,10.58600100,106.90397300),(86,107,'Lương Linh','+84-965770157','300 Lê Lợi',0,'2025-10-26 10:32:30','2025-10-26 10:32:30',NULL,NULL,NULL,NULL,NULL,10.69210500,106.71247200),(87,108,'Viên Khanh','+84-313223841','150 Nguyễn Trãi',0,'2025-10-26 10:32:30','2025-10-26 10:32:30',NULL,NULL,NULL,NULL,NULL,10.80075400,106.66922200),(88,109,'Trịnh Thục Huệ','+84-944416708','124 Cách Mạng Tháng 8',1,'2025-10-26 10:32:30','2025-10-26 10:32:30',NULL,NULL,NULL,NULL,NULL,10.62380400,106.92568700),(89,110,'Bảo Duy','+84-949262265','10 Trần Hưng Đạo',1,'2025-10-26 10:32:30','2025-10-26 10:32:30',NULL,NULL,NULL,NULL,NULL,10.90826900,106.91072100),(90,111,'Em. Hùng Trà Hiền','+84-705801146','300 Lê Lợi',0,'2025-10-26 10:32:30','2025-10-26 10:32:30',NULL,NULL,NULL,NULL,NULL,10.98602500,106.85138200),(91,112,'Em. Bạc Ly','+84-059881834','10 Trần Hưng Đạo',1,'2025-10-26 10:32:30','2025-10-26 10:32:30',NULL,NULL,NULL,NULL,NULL,10.78878000,106.50886700),(92,113,'Em. Thi Huấn','+84-402428002','150 Nguyễn Trãi',1,'2025-10-26 10:32:30','2025-10-26 10:32:30',NULL,NULL,NULL,NULL,NULL,10.64637400,106.85904900),(93,114,'Cô. Hàng Họa Thảo','+84-766715160','300 Lê Lợi',1,'2025-10-26 10:32:30','2025-10-26 10:32:30',NULL,NULL,NULL,NULL,NULL,10.72945600,106.91997900),(94,115,'Chị. Hán Hiếu','+84-713825948','124 Cách Mạng Tháng 8',1,'2025-10-26 10:32:30','2025-10-26 10:32:30',NULL,NULL,NULL,NULL,NULL,10.98085200,106.61052700),(95,116,'Nhiệm Khai','+84-939447347','50 Lý Thường Kiệt',1,'2025-10-26 10:32:30','2025-10-26 10:32:30',NULL,NULL,NULL,NULL,NULL,10.99450500,106.68483800),(96,117,'Cụ. Bì Hạ Liên','+84-138585867','50 Lý Thường Kiệt',1,'2025-10-26 10:32:30','2025-10-26 10:32:30',NULL,NULL,NULL,NULL,NULL,10.98816700,106.82194300),(97,118,'Ông. Danh Tiển','+84-117064831','400 Trần Phú',1,'2025-10-26 10:32:31','2025-10-26 10:32:31',NULL,NULL,NULL,NULL,NULL,10.91416000,106.98277800),(98,119,'Đặng Ngọc Hoàn','+84-333347121','124 Cách Mạng Tháng 8',0,'2025-10-26 10:32:31','2025-10-26 10:32:31',NULL,NULL,NULL,NULL,NULL,10.82372300,106.62458300),(99,120,'Bác. Hồng Dinh','+84-430145708','50 Lý Thường Kiệt',0,'2025-10-26 10:32:31','2025-10-26 10:32:31',NULL,NULL,NULL,NULL,NULL,10.59346400,106.76241700),(100,121,'Đôn Trân Huệ','+84-681683331','500 Điện Biên Phủ',0,'2025-10-26 10:32:31','2025-10-26 10:32:31',NULL,NULL,NULL,NULL,NULL,10.67576800,106.93408700);
/*!40000 ALTER TABLE `user_addresses` ENABLE KEYS */;
UNLOCK TABLES;

--
-- Table structure for table `user_events`
--

DROP TABLE IF EXISTS `user_events`;
/*!40101 SET @saved_cs_client     = @@character_set_client */;
/*!50503 SET character_set_client = utf8mb4 */;
CREATE TABLE `user_events` (
  `id` bigint(20) unsigned NOT NULL AUTO_INCREMENT,
  `user_id` bigint(20) unsigned DEFAULT NULL,
  `session_id` varchar(255) NOT NULL,
  `event_type` enum('page_view','product_view','add_to_cart','remove_from_cart','checkout_start','checkout_complete','purchase','login','register','logout','search','filter','wishlist_add') NOT NULL,
  `event_category` varchar(255) NOT NULL DEFAULT 'general',
  `event_data` longtext CHARACTER SET utf8mb4 COLLATE utf8mb4_bin DEFAULT NULL CHECK (json_valid(`event_data`)),
  `ip_address` varchar(45) DEFAULT NULL,
  `user_agent` text DEFAULT NULL,
  `referrer` varchar(255) DEFAULT NULL,
  `url` varchar(255) DEFAULT NULL,
  `created_at` timestamp NOT NULL DEFAULT current_timestamp(),
  PRIMARY KEY (`id`),
  KEY `user_events_user_id_created_at_index` (`user_id`,`created_at`),
  KEY `user_events_event_type_created_at_index` (`event_type`,`created_at`),
  KEY `user_events_event_category_created_at_index` (`event_category`,`created_at`),
  KEY `user_events_session_id_index` (`session_id`),
  KEY `user_events_created_at_index` (`created_at`),
  CONSTRAINT `user_events_user_id_foreign` FOREIGN KEY (`user_id`) REFERENCES `users` (`id`) ON DELETE SET NULL
) ENGINE=InnoDB DEFAULT CHARSET=utf8mb4 COLLATE=utf8mb4_unicode_ci;
/*!40101 SET character_set_client = @saved_cs_client */;

--
-- Dumping data for table `user_events`
--

LOCK TABLES `user_events` WRITE;
/*!40000 ALTER TABLE `user_events` DISABLE KEYS */;
/*!40000 ALTER TABLE `user_events` ENABLE KEYS */;
UNLOCK TABLES;

--
-- Table structure for table `user_preferences`
--

DROP TABLE IF EXISTS `user_preferences`;
/*!40101 SET @saved_cs_client     = @@character_set_client */;
/*!50503 SET character_set_client = utf8mb4 */;
CREATE TABLE `user_preferences` (
  `user_preference_id` bigint(20) unsigned NOT NULL AUTO_INCREMENT,
  `user_id` bigint(20) unsigned NOT NULL,
  `preferred_category_id` bigint(20) unsigned DEFAULT NULL,
  `preferred_brand_id` bigint(20) unsigned DEFAULT NULL,
  `min_price_range` decimal(18,2) DEFAULT NULL,
  `max_price_range` decimal(18,2) DEFAULT NULL,
  `created_at` timestamp NULL DEFAULT NULL,
  `updated_at` timestamp NULL DEFAULT NULL,
  PRIMARY KEY (`user_preference_id`),
  UNIQUE KEY `user_preferences_user_id_unique` (`user_id`),
  KEY `user_preferences_preferred_category_id_foreign` (`preferred_category_id`),
  KEY `user_preferences_preferred_brand_id_foreign` (`preferred_brand_id`),
  CONSTRAINT `user_preferences_preferred_brand_id_foreign` FOREIGN KEY (`preferred_brand_id`) REFERENCES `brands` (`brand_id`) ON DELETE SET NULL,
  CONSTRAINT `user_preferences_preferred_category_id_foreign` FOREIGN KEY (`preferred_category_id`) REFERENCES `categories` (`category_id`) ON DELETE SET NULL,
  CONSTRAINT `user_preferences_user_id_foreign` FOREIGN KEY (`user_id`) REFERENCES `users` (`id`) ON DELETE CASCADE
) ENGINE=InnoDB AUTO_INCREMENT=101 DEFAULT CHARSET=utf8mb4 COLLATE=utf8mb4_unicode_ci;
/*!40101 SET character_set_client = @saved_cs_client */;

--
-- Dumping data for table `user_preferences`
--

LOCK TABLES `user_preferences` WRITE;
/*!40000 ALTER TABLE `user_preferences` DISABLE KEYS */;
INSERT INTO `user_preferences` VALUES (1,22,1,NULL,NULL,NULL,'2025-10-26 10:32:33','2025-10-26 10:32:33'),(2,23,26,NULL,NULL,NULL,'2025-10-26 10:32:33','2025-10-26 10:32:33'),(3,24,3,NULL,NULL,NULL,'2025-10-26 10:32:33','2025-10-26 10:32:33'),(4,25,10,NULL,NULL,NULL,'2025-10-26 10:32:33','2025-10-26 10:32:33'),(5,26,2,NULL,NULL,NULL,'2025-10-26 10:32:33','2025-10-26 10:32:33'),(6,27,3,NULL,NULL,NULL,'2025-10-26 10:32:33','2025-10-26 10:32:33'),(7,28,18,NULL,NULL,NULL,'2025-10-26 10:32:33','2025-10-26 10:32:33'),(8,29,4,NULL,NULL,NULL,'2025-10-26 10:32:33','2025-10-26 10:32:33'),(9,30,9,NULL,NULL,NULL,'2025-10-26 10:32:33','2025-10-26 10:32:33'),(10,31,16,NULL,NULL,NULL,'2025-10-26 10:32:33','2025-10-26 10:32:33'),(11,32,27,NULL,NULL,NULL,'2025-10-26 10:32:33','2025-10-26 10:32:33'),(12,33,6,NULL,NULL,NULL,'2025-10-26 10:32:34','2025-10-26 10:32:34'),(13,34,14,NULL,NULL,NULL,'2025-10-26 10:32:34','2025-10-26 10:32:34'),(14,35,9,NULL,NULL,NULL,'2025-10-26 10:32:34','2025-10-26 10:32:34'),(15,36,21,NULL,NULL,NULL,'2025-10-26 10:32:34','2025-10-26 10:32:34'),(16,37,16,NULL,NULL,NULL,'2025-10-26 10:32:34','2025-10-26 10:32:34'),(17,38,24,NULL,NULL,NULL,'2025-10-26 10:32:34','2025-10-26 10:32:34'),(18,39,26,NULL,NULL,NULL,'2025-10-26 10:32:34','2025-10-26 10:32:34'),(19,40,16,NULL,NULL,NULL,'2025-10-26 10:32:34','2025-10-26 10:32:34'),(20,41,13,NULL,NULL,NULL,'2025-10-26 10:32:34','2025-10-26 10:32:34'),(21,42,2,NULL,NULL,NULL,'2025-10-26 10:32:34','2025-10-26 10:32:34'),(22,43,2,NULL,NULL,NULL,'2025-10-26 10:32:35','2025-10-26 10:32:35'),(23,44,10,NULL,NULL,NULL,'2025-10-26 10:32:35','2025-10-26 10:32:35'),(24,45,3,NULL,NULL,NULL,'2025-10-26 10:32:35','2025-10-26 10:32:35'),(25,46,20,NULL,NULL,NULL,'2025-10-26 10:32:35','2025-10-26 10:32:35'),(26,47,17,NULL,NULL,NULL,'2025-10-26 10:32:35','2025-10-26 10:32:35'),(27,48,17,NULL,NULL,NULL,'2025-10-26 10:32:35','2025-10-26 10:32:35'),(28,49,5,NULL,NULL,NULL,'2025-10-26 10:32:35','2025-10-26 10:32:35'),(29,50,10,NULL,NULL,NULL,'2025-10-26 10:32:35','2025-10-26 10:32:35'),(30,51,14,NULL,NULL,NULL,'2025-10-26 10:32:35','2025-10-26 10:32:35'),(31,52,11,NULL,NULL,NULL,'2025-10-26 10:32:35','2025-10-26 10:32:35'),(32,53,17,NULL,NULL,NULL,'2025-10-26 10:32:35','2025-10-26 10:32:35'),(33,54,23,NULL,NULL,NULL,'2025-10-26 10:32:36','2025-10-26 10:32:36'),(34,55,26,NULL,NULL,NULL,'2025-10-26 10:32:36','2025-10-26 10:32:36'),(35,56,1,NULL,NULL,NULL,'2025-10-26 10:32:36','2025-10-26 10:32:36'),(36,57,13,NULL,NULL,NULL,'2025-10-26 10:32:36','2025-10-26 10:32:36'),(37,58,3,NULL,NULL,NULL,'2025-10-26 10:32:36','2025-10-26 10:32:36'),(38,59,13,NULL,NULL,NULL,'2025-10-26 10:32:36','2025-10-26 10:32:36'),(39,60,19,NULL,NULL,NULL,'2025-10-26 10:32:36','2025-10-26 10:32:36'),(40,61,27,NULL,NULL,NULL,'2025-10-26 10:32:36','2025-10-26 10:32:36'),(41,62,22,NULL,NULL,NULL,'2025-10-26 10:32:36','2025-10-26 10:32:36'),(42,63,25,NULL,NULL,NULL,'2025-10-26 10:32:37','2025-10-26 10:32:37'),(43,64,22,NULL,NULL,NULL,'2025-10-26 10:32:37','2025-10-26 10:32:37'),(44,65,19,NULL,NULL,NULL,'2025-10-26 10:32:37','2025-10-26 10:32:37'),(45,66,3,NULL,NULL,NULL,'2025-10-26 10:32:37','2025-10-26 10:32:37'),(46,67,16,NULL,NULL,NULL,'2025-10-26 10:32:37','2025-10-26 10:32:37'),(47,68,9,NULL,NULL,NULL,'2025-10-26 10:32:37','2025-10-26 10:32:37'),(48,69,16,NULL,NULL,NULL,'2025-10-26 10:32:37','2025-10-26 10:32:37'),(49,70,9,NULL,NULL,NULL,'2025-10-26 10:32:37','2025-10-26 10:32:37'),(50,71,19,NULL,NULL,NULL,'2025-10-26 10:32:37','2025-10-26 10:32:37'),(51,72,3,NULL,NULL,NULL,'2025-10-26 10:32:37','2025-10-26 10:32:37'),(52,73,12,NULL,NULL,NULL,'2025-10-26 10:32:37','2025-10-26 10:32:37'),(53,74,12,NULL,NULL,NULL,'2025-10-26 10:32:38','2025-10-26 10:32:38'),(54,75,8,NULL,NULL,NULL,'2025-10-26 10:32:38','2025-10-26 10:32:38'),(55,76,6,NULL,NULL,NULL,'2025-10-26 10:32:38','2025-10-26 10:32:38'),(56,77,24,NULL,NULL,NULL,'2025-10-26 10:32:38','2025-10-26 10:32:38'),(57,78,5,NULL,NULL,NULL,'2025-10-26 10:32:38','2025-10-26 10:32:38'),(58,79,20,NULL,NULL,NULL,'2025-10-26 10:32:38','2025-10-26 10:32:38'),(59,80,26,NULL,NULL,NULL,'2025-10-26 10:32:38','2025-10-26 10:32:38'),(60,81,21,NULL,NULL,NULL,'2025-10-26 10:32:38','2025-10-26 10:32:38'),(61,82,13,NULL,NULL,NULL,'2025-10-26 10:32:38','2025-10-26 10:32:38'),(62,83,20,NULL,NULL,NULL,'2025-10-26 10:32:38','2025-10-26 10:32:38'),(63,84,7,NULL,NULL,NULL,'2025-10-26 10:32:39','2025-10-26 10:32:39'),(64,85,19,NULL,NULL,NULL,'2025-10-26 10:32:39','2025-10-26 10:32:39'),(65,86,6,NULL,NULL,NULL,'2025-10-26 10:32:39','2025-10-26 10:32:39'),(66,87,6,NULL,NULL,NULL,'2025-10-26 10:32:39','2025-10-26 10:32:39'),(67,88,2,NULL,NULL,NULL,'2025-10-26 10:32:39','2025-10-26 10:32:39'),(68,89,20,NULL,NULL,NULL,'2025-10-26 10:32:39','2025-10-26 10:32:39'),(69,90,23,NULL,NULL,NULL,'2025-10-26 10:32:39','2025-10-26 10:32:39'),(70,91,15,NULL,NULL,NULL,'2025-10-26 10:32:39','2025-10-26 10:32:39'),(71,92,20,NULL,NULL,NULL,'2025-10-26 10:32:39','2025-10-26 10:32:39'),(72,93,7,NULL,NULL,NULL,'2025-10-26 10:32:39','2025-10-26 10:32:39'),(73,94,19,NULL,NULL,NULL,'2025-10-26 10:32:40','2025-10-26 10:32:40'),(74,95,2,NULL,NULL,NULL,'2025-10-26 10:32:40','2025-10-26 10:32:40'),(75,96,25,NULL,NULL,NULL,'2025-10-26 10:32:40','2025-10-26 10:32:40'),(76,97,14,NULL,NULL,NULL,'2025-10-26 10:32:40','2025-10-26 10:32:40'),(77,98,25,NULL,NULL,NULL,'2025-10-26 10:32:40','2025-10-26 10:32:40'),(78,99,22,NULL,NULL,NULL,'2025-10-26 10:32:40','2025-10-26 10:32:40'),(79,100,22,NULL,NULL,NULL,'2025-10-26 10:32:40','2025-10-26 10:32:40'),(80,101,2,NULL,NULL,NULL,'2025-10-26 10:32:40','2025-10-26 10:32:40'),(81,102,22,NULL,NULL,NULL,'2025-10-26 10:32:40','2025-10-26 10:32:40'),(82,103,11,NULL,NULL,NULL,'2025-10-26 10:32:40','2025-10-26 10:32:40'),(83,104,9,NULL,NULL,NULL,'2025-10-26 10:32:40','2025-10-26 10:32:40'),(84,105,13,NULL,NULL,NULL,'2025-10-26 10:32:41','2025-10-26 10:32:41'),(85,106,12,NULL,NULL,NULL,'2025-10-26 10:32:41','2025-10-26 10:32:41'),(86,107,19,NULL,NULL,NULL,'2025-10-26 10:32:41','2025-10-26 10:32:41'),(87,108,24,NULL,NULL,NULL,'2025-10-26 10:32:41','2025-10-26 10:32:41'),(88,109,26,NULL,NULL,NULL,'2025-10-26 10:32:41','2025-10-26 10:32:41'),(89,110,7,NULL,NULL,NULL,'2025-10-26 10:32:41','2025-10-26 10:32:41'),(90,111,20,NULL,NULL,NULL,'2025-10-26 10:32:41','2025-10-26 10:32:41'),(91,112,11,NULL,NULL,NULL,'2025-10-26 10:32:41','2025-10-26 10:32:41'),(92,113,17,NULL,NULL,NULL,'2025-10-26 10:32:41','2025-10-26 10:32:41'),(93,114,23,NULL,NULL,NULL,'2025-10-26 10:32:41','2025-10-26 10:32:41'),(94,115,14,NULL,NULL,NULL,'2025-10-26 10:32:41','2025-10-26 10:32:41'),(95,116,27,NULL,NULL,NULL,'2025-10-26 10:32:42','2025-10-26 10:32:42'),(96,117,25,NULL,NULL,NULL,'2025-10-26 10:32:42','2025-10-26 10:32:42'),(97,118,18,NULL,NULL,NULL,'2025-10-26 10:32:42','2025-10-26 10:32:42'),(98,119,8,NULL,NULL,NULL,'2025-10-26 10:32:42','2025-10-26 10:32:42'),(99,120,9,NULL,NULL,NULL,'2025-10-26 10:32:42','2025-10-26 10:32:42'),(100,121,26,NULL,NULL,NULL,'2025-10-26 10:32:42','2025-10-26 10:32:42');
/*!40000 ALTER TABLE `user_preferences` ENABLE KEYS */;
UNLOCK TABLES;

--
-- Table structure for table `users`
--

DROP TABLE IF EXISTS `users`;
/*!40101 SET @saved_cs_client     = @@character_set_client */;
/*!50503 SET character_set_client = utf8mb4 */;
CREATE TABLE `users` (
  `id` bigint(20) unsigned NOT NULL AUTO_INCREMENT,
  `username` varchar(255) NOT NULL,
  `email` varchar(255) NOT NULL,
  `email_verified_at` timestamp NULL DEFAULT NULL,
  `password` varchar(255) NOT NULL,
  `provider` varchar(255) DEFAULT NULL,
  `provider_id` varchar(255) DEFAULT NULL,
  `avatar` varchar(255) DEFAULT NULL,
  `remember_token` varchar(100) DEFAULT NULL,
  `created_at` timestamp NULL DEFAULT NULL,
  `updated_at` timestamp NULL DEFAULT NULL,
  `first_name` varchar(255) DEFAULT NULL,
  `last_name` varchar(255) DEFAULT NULL,
  `phone_number` varchar(20) DEFAULT NULL,
  `is_active` tinyint(1) NOT NULL DEFAULT 1,
  `deleted_at` timestamp NULL DEFAULT NULL,
  `default_address_id` bigint(20) unsigned DEFAULT NULL,
  PRIMARY KEY (`id`),
  UNIQUE KEY `users_email_unique` (`email`),
  UNIQUE KEY `users_username_unique` (`username`),
  UNIQUE KEY `users_phone_number_unique` (`phone_number`),
  KEY `users_default_address_id_foreign` (`default_address_id`),
  CONSTRAINT `users_default_address_id_foreign` FOREIGN KEY (`default_address_id`) REFERENCES `user_addresses` (`id`) ON DELETE SET NULL
) ENGINE=InnoDB AUTO_INCREMENT=133 DEFAULT CHARSET=utf8mb4 COLLATE=utf8mb4_unicode_ci;
/*!40101 SET character_set_client = @saved_cs_client */;

--
-- Dumping data for table `users`
--

LOCK TABLES `users` WRITE;
/*!40000 ALTER TABLE `users` DISABLE KEYS */;
INSERT INTO `users` VALUES (1,'superadmin','admin@shopnest.com','2025-10-26 10:32:26','$2y$12$Acz4yk8c87AegYJqUnMlDej5an9LPlDQLfDeNtO8DsdcI/WM9Jn4W',NULL,NULL,NULL,'iRNqghmFQTNAeApg0TPye72nnit4aDxqGqmnlJCv6hJbgE50oJRK3NFOpZMX','2025-10-26 10:32:26','2025-10-26 10:32:26','Super','Admin','+84-91-216-2964',1,NULL,NULL),(2,'vhoa','thuy.lo@example.net','2025-10-26 10:32:26','$2y$12$pZCaOKcSian0AeTVYdw9aeVahu2vrQRWjFRZRzeNb2wLszGmBSklm',NULL,NULL,NULL,'R059r2q83i','2025-10-26 10:32:26','2025-10-26 10:32:26','Uyên','Phí','84-22-912-8698',1,NULL,NULL),(3,'onong','dieu.nghiem@example.com','2025-10-26 10:32:26','$2y$12$pZCaOKcSian0AeTVYdw9aeVahu2vrQRWjFRZRzeNb2wLszGmBSklm',NULL,NULL,NULL,'wi9qvZiGgd','2025-10-26 10:32:26','2025-10-26 10:32:26','Nương','La','(84)(29)281-4353',1,NULL,NULL),(4,'duong.hu','khanh.luu@example.org','2025-10-26 10:32:26','$2y$12$pZCaOKcSian0AeTVYdw9aeVahu2vrQRWjFRZRzeNb2wLszGmBSklm',NULL,NULL,NULL,'aeIZHHKfAq','2025-10-26 10:32:26','2025-10-26 10:32:26','Lai','Dư','+84-650-835-4636',1,NULL,NULL),(5,'rkhuc','vng.xa@example.com','2025-10-26 10:32:26','$2y$12$pZCaOKcSian0AeTVYdw9aeVahu2vrQRWjFRZRzeNb2wLszGmBSklm',NULL,NULL,NULL,'uF3jmaROe8','2025-10-26 10:32:26','2025-10-26 10:32:26','Hiền','Thái','(0351) 156 9807',1,NULL,NULL),(6,'llam','gkhuc@example.net','2025-10-26 10:32:26','$2y$12$pZCaOKcSian0AeTVYdw9aeVahu2vrQRWjFRZRzeNb2wLszGmBSklm',NULL,NULL,NULL,'Pe5gEdKxi6','2025-10-26 10:32:26','2025-10-26 10:32:26','Đại','Mộc','+84-93-640-0866',1,NULL,NULL),(7,'viet31','trieu.thach@example.net','2025-10-26 10:32:26','$2y$12$pZCaOKcSian0AeTVYdw9aeVahu2vrQRWjFRZRzeNb2wLszGmBSklm',NULL,NULL,NULL,'KQMByIrmu6','2025-10-26 10:32:26','2025-10-26 10:32:26','Đại','Bạc','0351 795 9000',1,NULL,NULL),(8,'du.s','cuc76@example.com','2025-10-26 10:32:26','$2y$12$pZCaOKcSian0AeTVYdw9aeVahu2vrQRWjFRZRzeNb2wLszGmBSklm',NULL,NULL,NULL,'wv3rhw4Cxz','2025-10-26 10:32:26','2025-10-26 10:32:26','Lam','Cam','052-997-2256',1,NULL,NULL),(9,'kthoi','thu.vo@example.com','2025-10-26 10:32:26','$2y$12$pZCaOKcSian0AeTVYdw9aeVahu2vrQRWjFRZRzeNb2wLszGmBSklm',NULL,NULL,NULL,'GPqWHMswCm','2025-10-26 10:32:26','2025-10-26 10:32:26','Hoan','Đinh','(84)(58)096-2800',1,NULL,NULL),(10,'ddu','vu11@example.net','2025-10-26 10:32:26','$2y$12$pZCaOKcSian0AeTVYdw9aeVahu2vrQRWjFRZRzeNb2wLszGmBSklm',NULL,NULL,NULL,'76vGBoITbM','2025-10-26 10:32:26','2025-10-26 10:32:26','Ngọc','Đồng','033 729 1486',1,NULL,NULL),(11,'pho.thuc','mgiap@example.com','2025-10-26 10:32:26','$2y$12$pZCaOKcSian0AeTVYdw9aeVahu2vrQRWjFRZRzeNb2wLszGmBSklm',NULL,NULL,NULL,'IcuV9w6Fl7','2025-10-26 10:32:26','2025-10-26 10:32:26','Kim','Nông','(84)(26)030-5166',1,NULL,NULL),(12,'che.vng','jxa@example.org','2025-10-26 10:32:26','$2y$12$pZCaOKcSian0AeTVYdw9aeVahu2vrQRWjFRZRzeNb2wLszGmBSklm',NULL,NULL,NULL,'CQx0OmSM2F','2025-10-26 10:32:26','2025-10-26 10:32:26','Thi','Trác','059-670-4816',1,NULL,NULL),(13,'nhiem.trc','anh45@example.com','2025-10-26 10:32:26','$2y$12$pZCaOKcSian0AeTVYdw9aeVahu2vrQRWjFRZRzeNb2wLszGmBSklm',NULL,NULL,NULL,'vb9MMRMt8e','2025-10-26 10:32:26','2025-10-26 10:32:26','Tuyền','Trưng','+84-99-079-1732',1,NULL,NULL),(14,'phng.ong','danh.trung@example.com','2025-10-26 10:32:26','$2y$12$pZCaOKcSian0AeTVYdw9aeVahu2vrQRWjFRZRzeNb2wLszGmBSklm',NULL,NULL,NULL,'EVOY1MNbOO','2025-10-26 10:32:26','2025-10-26 10:32:26','Hội','Nông','84-26-105-0024',1,NULL,NULL),(15,'dung23','yen.hoa@example.org','2025-10-26 10:32:26','$2y$12$pZCaOKcSian0AeTVYdw9aeVahu2vrQRWjFRZRzeNb2wLszGmBSklm',NULL,NULL,NULL,'s9C3spsGoS','2025-10-26 10:32:26','2025-10-26 10:32:26','Mai','Diệp','84-33-091-3687',1,NULL,NULL),(16,'t12','lap52@example.org','2025-10-26 10:32:26','$2y$12$pZCaOKcSian0AeTVYdw9aeVahu2vrQRWjFRZRzeNb2wLszGmBSklm',NULL,NULL,NULL,'kQBZwDN4aF','2025-10-26 10:32:26','2025-10-26 10:32:26','Đạt','La','84-99-387-9011',1,NULL,NULL),(17,'luu.cuong','hoi.giao@example.com','2025-10-26 10:32:26','$2y$12$pZCaOKcSian0AeTVYdw9aeVahu2vrQRWjFRZRzeNb2wLszGmBSklm',NULL,NULL,NULL,'GFpvD1bloS','2025-10-26 10:32:26','2025-10-26 10:32:26','Siêu','Ngô','(0320)060-7458',1,NULL,NULL),(18,'kdon','toan81@example.org','2025-10-26 10:32:26','$2y$12$pZCaOKcSian0AeTVYdw9aeVahu2vrQRWjFRZRzeNb2wLszGmBSklm',NULL,NULL,NULL,'bBgTXaqBwu','2025-10-26 10:32:26','2025-10-26 10:32:26','Thành','Lỡ','84-73-636-6025',1,NULL,NULL),(19,'thong.be','nvuong@example.com','2025-10-26 10:32:26','$2y$12$pZCaOKcSian0AeTVYdw9aeVahu2vrQRWjFRZRzeNb2wLszGmBSklm',NULL,NULL,NULL,'0ENMd6M8OR','2025-10-26 10:32:26','2025-10-26 10:32:26','Lý','Chung','0166-088-0442',1,NULL,NULL),(20,'hung.liu','huynh38@example.net','2025-10-26 10:32:26','$2y$12$pZCaOKcSian0AeTVYdw9aeVahu2vrQRWjFRZRzeNb2wLszGmBSklm',NULL,NULL,NULL,'n7fGrip6V6','2025-10-26 10:32:26','2025-10-26 10:32:26','Nguyệt','Hình','(0510) 103 4569',1,NULL,NULL),(21,'san.kieu','kthi@example.org','2025-10-26 10:32:26','$2y$12$pZCaOKcSian0AeTVYdw9aeVahu2vrQRWjFRZRzeNb2wLszGmBSklm',NULL,NULL,NULL,'odO8giD3jO','2025-10-26 10:32:26','2025-10-26 10:32:26','Giao','Dư','(84)(320)034-5594',1,NULL,NULL),(22,'ohan','thang11@example.org','2025-10-26 10:32:26','$2y$12$pZCaOKcSian0AeTVYdw9aeVahu2vrQRWjFRZRzeNb2wLszGmBSklm',NULL,NULL,NULL,'I0y1gSFY9P','2025-10-26 10:32:26','2025-10-26 10:32:26','Tiên','Phùng','(022)009-2025',1,NULL,NULL),(23,'dan.hoang','di.trieu@example.com','2025-10-26 10:32:26','$2y$12$pZCaOKcSian0AeTVYdw9aeVahu2vrQRWjFRZRzeNb2wLszGmBSklm',NULL,NULL,NULL,'t3PeUQsiWR','2025-10-26 10:32:26','2025-10-26 10:32:26','Bào','Xa','073-778-1867',1,NULL,NULL),(24,'dung.xuan','tra73@example.net','2025-10-26 10:32:26','$2y$12$pZCaOKcSian0AeTVYdw9aeVahu2vrQRWjFRZRzeNb2wLszGmBSklm',NULL,NULL,NULL,'PYvjZi7BL5','2025-10-26 10:32:26','2025-10-26 10:32:26','Khoa','Vương','+84-650-238-0268',1,NULL,NULL),(25,'anh.khanh','diep.phu@example.org','2025-10-26 10:32:26','$2y$12$pZCaOKcSian0AeTVYdw9aeVahu2vrQRWjFRZRzeNb2wLszGmBSklm',NULL,NULL,NULL,'m9Ws3fsmVz','2025-10-26 10:32:26','2025-10-26 10:32:26','Kim','Bạc','+84-124-587-2024',1,NULL,NULL),(26,'toan30','hiep.binh@example.net','2025-10-26 10:32:26','$2y$12$pZCaOKcSian0AeTVYdw9aeVahu2vrQRWjFRZRzeNb2wLszGmBSklm',NULL,NULL,NULL,'PLBdlu9qQy','2025-10-26 10:32:26','2025-10-26 10:32:26','An','Thạch','(84)(68)829-1122',1,NULL,NULL),(27,'tun75','tu.tong@example.net','2025-10-26 10:32:26','$2y$12$pZCaOKcSian0AeTVYdw9aeVahu2vrQRWjFRZRzeNb2wLszGmBSklm',NULL,NULL,NULL,'f1erAgVinN','2025-10-26 10:32:26','2025-10-26 10:32:26','Kiếm','Ma','+84-26-518-0259',1,NULL,NULL),(28,'qlo','phuong.minh@example.com','2025-10-26 10:32:26','$2y$12$pZCaOKcSian0AeTVYdw9aeVahu2vrQRWjFRZRzeNb2wLszGmBSklm',NULL,NULL,NULL,'krf9tAuH6g','2025-10-26 10:32:26','2025-10-26 10:32:26','Thịnh','Hạ','(84)(510)746-0406',1,NULL,NULL),(29,'lninh','dmach@example.org','2025-10-26 10:32:26','$2y$12$pZCaOKcSian0AeTVYdw9aeVahu2vrQRWjFRZRzeNb2wLszGmBSklm',NULL,NULL,NULL,'A9QmBdy5Au','2025-10-26 10:32:26','2025-10-26 10:32:26','Bình','Ngụy','(84)(63)778-2569',1,NULL,NULL),(30,'nghi.nghiem','thieu.ngan@example.com','2025-10-26 10:32:26','$2y$12$pZCaOKcSian0AeTVYdw9aeVahu2vrQRWjFRZRzeNb2wLszGmBSklm',NULL,NULL,NULL,'I9rsf5blhH','2025-10-26 10:32:26','2025-10-26 10:32:26','Thiên','Ong','(84)(61)540-5157',1,NULL,NULL),(31,'uy75','zdai@example.net','2025-10-26 10:32:26','$2y$12$pZCaOKcSian0AeTVYdw9aeVahu2vrQRWjFRZRzeNb2wLszGmBSklm',NULL,NULL,NULL,'bPmCkJP3bj','2025-10-26 10:32:26','2025-10-26 10:32:26','Ty','Giáp','84-56-197-6862',1,NULL,NULL),(32,'lmoc','ktrinh@example.org','2025-10-26 10:32:26','$2y$12$pZCaOKcSian0AeTVYdw9aeVahu2vrQRWjFRZRzeNb2wLszGmBSklm',NULL,NULL,NULL,'W64lLZjJAz','2025-10-26 10:32:26','2025-10-26 10:32:26','Châu','Thiều','+84-72-635-5359',1,NULL,NULL),(33,'vu.s','luu.kien@example.net','2025-10-26 10:32:26','$2y$12$pZCaOKcSian0AeTVYdw9aeVahu2vrQRWjFRZRzeNb2wLszGmBSklm',NULL,NULL,NULL,'bJPIhKfrH6','2025-10-26 10:32:26','2025-10-26 10:32:26','Hường','Hứa','0651-279-2847',1,NULL,NULL),(34,'tung.ta','la.loc@example.org','2025-10-26 10:32:26','$2y$12$pZCaOKcSian0AeTVYdw9aeVahu2vrQRWjFRZRzeNb2wLszGmBSklm',NULL,NULL,NULL,'yB4fjf6ZxG','2025-10-26 10:32:26','2025-10-26 10:32:26','Bổng','Đổng','(091)018-0382',1,NULL,NULL),(35,'ktu','dan.ngy@example.org','2025-10-26 10:32:26','$2y$12$pZCaOKcSian0AeTVYdw9aeVahu2vrQRWjFRZRzeNb2wLszGmBSklm',NULL,NULL,NULL,'ouwfZEwlNs','2025-10-26 10:32:26','2025-10-26 10:32:26','Thống','Kha','064-058-1422',1,NULL,NULL),(36,'chi66','doan.van@example.com','2025-10-26 10:32:26','$2y$12$pZCaOKcSian0AeTVYdw9aeVahu2vrQRWjFRZRzeNb2wLszGmBSklm',NULL,NULL,NULL,'VS0ctsfwgx','2025-10-26 10:32:26','2025-10-26 10:32:26','Hành','Uông','033-080-5024',1,NULL,NULL),(37,'anh15','xhan@example.net','2025-10-26 10:32:26','$2y$12$pZCaOKcSian0AeTVYdw9aeVahu2vrQRWjFRZRzeNb2wLszGmBSklm',NULL,NULL,NULL,'x0I3eAW7lU','2025-10-26 10:32:26','2025-10-26 10:32:26','Bích','Ấu','+84-120-299-3124',1,NULL,NULL),(38,'dng.nhan','v52@example.com','2025-10-26 10:32:26','$2y$12$pZCaOKcSian0AeTVYdw9aeVahu2vrQRWjFRZRzeNb2wLszGmBSklm',NULL,NULL,NULL,'NfGuqN64WU','2025-10-26 10:32:26','2025-10-26 10:32:26','Khải','Hoàng','84-22-892-5936',1,NULL,NULL),(39,'ccung','hao28@example.org','2025-10-26 10:32:26','$2y$12$pZCaOKcSian0AeTVYdw9aeVahu2vrQRWjFRZRzeNb2wLszGmBSklm',NULL,NULL,NULL,'Qk3czjgOl7','2025-10-26 10:32:26','2025-10-26 10:32:26','Huỳnh','Ma','(84)(98)072-3312',1,NULL,NULL),(40,'khu.di','dinh.dan@example.net','2025-10-26 10:32:26','$2y$12$pZCaOKcSian0AeTVYdw9aeVahu2vrQRWjFRZRzeNb2wLszGmBSklm',NULL,NULL,NULL,'YypGMiZquJ','2025-10-26 10:32:26','2025-10-26 10:32:26','Loan','Giao','(029)106-6075',1,NULL,NULL),(41,'kthap','uyen13@example.org','2025-10-26 10:32:26','$2y$12$pZCaOKcSian0AeTVYdw9aeVahu2vrQRWjFRZRzeNb2wLszGmBSklm',NULL,NULL,NULL,'p6EW3L2c4i','2025-10-26 10:32:26','2025-10-26 10:32:26','Linh','Vi','84-124-791-6519',1,NULL,NULL),(42,'cuong77','dhy@example.org','2025-10-26 10:32:26','$2y$12$pZCaOKcSian0AeTVYdw9aeVahu2vrQRWjFRZRzeNb2wLszGmBSklm',NULL,NULL,NULL,'DKj4XqAPFb','2025-10-26 10:32:26','2025-10-26 10:32:26','Thời','Tiêu','(84)(711)946-7420',1,NULL,NULL),(43,'nha.dong','yen.hinh@example.net','2025-10-26 10:32:26','$2y$12$pZCaOKcSian0AeTVYdw9aeVahu2vrQRWjFRZRzeNb2wLszGmBSklm',NULL,NULL,NULL,'uLGWANwAYU','2025-10-26 10:32:26','2025-10-26 10:32:26','Hiệp','Nghị','0780-660-4233',1,NULL,NULL),(44,'ku','bphan@example.com','2025-10-26 10:32:26','$2y$12$pZCaOKcSian0AeTVYdw9aeVahu2vrQRWjFRZRzeNb2wLszGmBSklm',NULL,NULL,NULL,'WZ4r9nRrRp','2025-10-26 10:32:26','2025-10-26 10:32:26','Liễu','Triệu','091-811-6788',1,NULL,NULL),(45,'khai45','chau83@example.net','2025-10-26 10:32:26','$2y$12$pZCaOKcSian0AeTVYdw9aeVahu2vrQRWjFRZRzeNb2wLszGmBSklm',NULL,NULL,NULL,'rFa0DMTrTl','2025-10-26 10:32:26','2025-10-26 10:32:26','Thuận','Đường','(84)(57)284-7443',1,NULL,NULL),(46,'xanh','dieu.than@example.org','2025-10-26 10:32:26','$2y$12$pZCaOKcSian0AeTVYdw9aeVahu2vrQRWjFRZRzeNb2wLszGmBSklm',NULL,NULL,NULL,'wQb6nGnML6','2025-10-26 10:32:26','2025-10-26 10:32:26','Ngọc','Lê','84-64-815-2231',1,NULL,NULL),(47,'bthinh','chau85@example.com','2025-10-26 10:32:26','$2y$12$pZCaOKcSian0AeTVYdw9aeVahu2vrQRWjFRZRzeNb2wLszGmBSklm',NULL,NULL,NULL,'9fyBdk1nsM','2025-10-26 10:32:26','2025-10-26 10:32:26','Khôi','Thập','(099) 013 6507',1,NULL,NULL),(48,'quan01','sson@example.net','2025-10-26 10:32:26','$2y$12$pZCaOKcSian0AeTVYdw9aeVahu2vrQRWjFRZRzeNb2wLszGmBSklm',NULL,NULL,NULL,'KwbxwfdlDz','2025-10-26 10:32:26','2025-10-26 10:32:26','Quyên','Kha','059 050 1929',1,NULL,NULL),(49,'nmac','da.nhuan@example.com','2025-10-26 10:32:26','$2y$12$pZCaOKcSian0AeTVYdw9aeVahu2vrQRWjFRZRzeNb2wLszGmBSklm',NULL,NULL,NULL,'jFqcwDmWbj','2025-10-26 10:32:26','2025-10-26 10:32:26','An','Đôn','074 736 7790',1,NULL,NULL),(50,'lo.binh','ly27@example.com','2025-10-26 10:32:26','$2y$12$pZCaOKcSian0AeTVYdw9aeVahu2vrQRWjFRZRzeNb2wLszGmBSklm',NULL,NULL,NULL,'JSFk8SDn5N','2025-10-26 10:32:26','2025-10-26 10:32:26','Quyên','Điền','0781-773-4173',1,NULL,NULL),(51,'ha.ngan','duong.luong@example.org','2025-10-26 10:32:26','$2y$12$pZCaOKcSian0AeTVYdw9aeVahu2vrQRWjFRZRzeNb2wLszGmBSklm',NULL,NULL,NULL,'STIDW1CP6T','2025-10-26 10:32:26','2025-10-26 10:32:26','Tâm','Võ','+84-74-321-9903',1,NULL,NULL),(52,'pchung','chinh90@example.net','2025-10-26 10:32:26','$2y$12$pZCaOKcSian0AeTVYdw9aeVahu2vrQRWjFRZRzeNb2wLszGmBSklm',NULL,NULL,NULL,'jHB12FKqsB','2025-10-26 10:32:26','2025-10-26 10:32:26','Nhi','Chử','(84)(59)471-4926',1,NULL,NULL),(53,'hai57','yen.le@example.org','2025-10-26 10:32:26','$2y$12$pZCaOKcSian0AeTVYdw9aeVahu2vrQRWjFRZRzeNb2wLszGmBSklm',NULL,NULL,NULL,'mNQshnohwv','2025-10-26 10:32:26','2025-10-26 10:32:26','Vượng','Bùi','(0188) 779 0986',1,NULL,NULL),(54,'ngan61','tram.bang@example.net','2025-10-26 10:32:26','$2y$12$pZCaOKcSian0AeTVYdw9aeVahu2vrQRWjFRZRzeNb2wLszGmBSklm',NULL,NULL,NULL,'4FcE8ALguM','2025-10-26 10:32:26','2025-10-26 10:32:26','Cầm','Yên','(079) 135 6103',1,NULL,NULL),(55,'que50','mtang@example.net','2025-10-26 10:32:26','$2y$12$pZCaOKcSian0AeTVYdw9aeVahu2vrQRWjFRZRzeNb2wLszGmBSklm',NULL,NULL,NULL,'H4M0Zh2PDU','2025-10-26 10:32:26','2025-10-26 10:32:26','Bửu','Chu','84-20-745-0558',1,NULL,NULL),(56,'qkhuu','doan.thoai@example.org','2025-10-26 10:32:26','$2y$12$pZCaOKcSian0AeTVYdw9aeVahu2vrQRWjFRZRzeNb2wLszGmBSklm',NULL,NULL,NULL,'z5c18WPjtV','2025-10-26 10:32:26','2025-10-26 10:32:26','Đình','Thôi','(84)(710)818-0231',1,NULL,NULL),(57,'khau.bao','zcai@example.net','2025-10-26 10:32:26','$2y$12$pZCaOKcSian0AeTVYdw9aeVahu2vrQRWjFRZRzeNb2wLszGmBSklm',NULL,NULL,NULL,'2lS4grjxp6','2025-10-26 10:32:26','2025-10-26 10:32:26','Sang','Khuất','+84-25-726-2237',1,NULL,NULL),(58,'le.ngan','moc.khoi@example.com','2025-10-26 10:32:26','$2y$12$pZCaOKcSian0AeTVYdw9aeVahu2vrQRWjFRZRzeNb2wLszGmBSklm',NULL,NULL,NULL,'YAOSggbslw','2025-10-26 10:32:26','2025-10-26 10:32:26','Lập','Ma','0350 446 8856',1,NULL,NULL),(59,'ngon79','dinh.bien@example.org','2025-10-26 10:32:26','$2y$12$pZCaOKcSian0AeTVYdw9aeVahu2vrQRWjFRZRzeNb2wLszGmBSklm',NULL,NULL,NULL,'bjMusF0YO3','2025-10-26 10:32:26','2025-10-26 10:32:26','Kha','Ấu','033-835-6421',1,NULL,NULL),(60,'di.trang','banh.hieu@example.org','2025-10-26 10:32:26','$2y$12$pZCaOKcSian0AeTVYdw9aeVahu2vrQRWjFRZRzeNb2wLszGmBSklm',NULL,NULL,NULL,'lR1Cj7fCB7','2025-10-26 10:32:26','2025-10-26 10:32:26','Chưởng','Tạ','(84)(4)8594-2533',1,NULL,NULL),(61,'uma','cuong36@example.com','2025-10-26 10:32:26','$2y$12$pZCaOKcSian0AeTVYdw9aeVahu2vrQRWjFRZRzeNb2wLszGmBSklm',NULL,NULL,NULL,'mcQjukhrz3','2025-10-26 10:32:26','2025-10-26 10:32:26','Hợp','Lý','0710 913 8844',1,NULL,NULL),(62,'vng.chung','chau47@example.net','2025-10-26 10:32:26','$2y$12$pZCaOKcSian0AeTVYdw9aeVahu2vrQRWjFRZRzeNb2wLszGmBSklm',NULL,NULL,NULL,'8HjUSmW5La','2025-10-26 10:32:26','2025-10-26 10:32:26','Bạch','Bùi','84-163-114-4522',1,NULL,NULL),(63,'an.khai','khuyen.luong@example.org','2025-10-26 10:32:26','$2y$12$pZCaOKcSian0AeTVYdw9aeVahu2vrQRWjFRZRzeNb2wLszGmBSklm',NULL,NULL,NULL,'YV72gX4K2S','2025-10-26 10:32:26','2025-10-26 10:32:26','Uyển','Khuất','066-544-1427',1,NULL,NULL),(64,'trang.vu','dao25@example.org','2025-10-26 10:32:26','$2y$12$pZCaOKcSian0AeTVYdw9aeVahu2vrQRWjFRZRzeNb2wLszGmBSklm',NULL,NULL,NULL,'OwxiB0pwSg','2025-10-26 10:32:26','2025-10-26 10:32:26','Chương','Mã','039-058-5470',1,NULL,NULL),(65,'atra','kly@example.com','2025-10-26 10:32:26','$2y$12$pZCaOKcSian0AeTVYdw9aeVahu2vrQRWjFRZRzeNb2wLszGmBSklm',NULL,NULL,NULL,'fcOUpXwyd8','2025-10-26 10:32:26','2025-10-26 10:32:26','Nga','Ong','(0121) 627 5490',1,NULL,NULL),(66,'yhy','bo.vinh@example.net','2025-10-26 10:32:26','$2y$12$pZCaOKcSian0AeTVYdw9aeVahu2vrQRWjFRZRzeNb2wLszGmBSklm',NULL,NULL,NULL,'DNZ4c4pNcX','2025-10-26 10:32:26','2025-10-26 10:32:26','Trầm','Mang','08-9637-2676',1,NULL,NULL),(67,'ehoa','nga09@example.org','2025-10-26 10:32:26','$2y$12$pZCaOKcSian0AeTVYdw9aeVahu2vrQRWjFRZRzeNb2wLszGmBSklm',NULL,NULL,NULL,'ay2S0Yiug3','2025-10-26 10:32:26','2025-10-26 10:32:26','Kỷ','Phó','(84)(53)698-9572',1,NULL,NULL),(68,'ngan.ong','quan.diep@example.org','2025-10-26 10:32:26','$2y$12$pZCaOKcSian0AeTVYdw9aeVahu2vrQRWjFRZRzeNb2wLszGmBSklm',NULL,NULL,NULL,'NGT65PP57W','2025-10-26 10:32:26','2025-10-26 10:32:26','Bích','Mộc','(0124)021-1183',1,NULL,NULL),(69,'vu.giao','bui.v@example.com','2025-10-26 10:32:26','$2y$12$pZCaOKcSian0AeTVYdw9aeVahu2vrQRWjFRZRzeNb2wLszGmBSklm',NULL,NULL,NULL,'qApBcH9Wv2','2025-10-26 10:32:26','2025-10-26 10:32:26','Phước','Giả','84-218-351-9461',1,NULL,NULL),(70,'qchuong','phng.ngan@example.net','2025-10-26 10:32:26','$2y$12$pZCaOKcSian0AeTVYdw9aeVahu2vrQRWjFRZRzeNb2wLszGmBSklm',NULL,NULL,NULL,'uy4VFT5cWq','2025-10-26 10:32:26','2025-10-26 10:32:26','Tiến','Bảo','+84-66-032-0784',1,NULL,NULL),(71,'hoa.xa','ha.phat@example.net','2025-10-26 10:32:26','$2y$12$pZCaOKcSian0AeTVYdw9aeVahu2vrQRWjFRZRzeNb2wLszGmBSklm',NULL,NULL,NULL,'dCxmsv22t2','2025-10-26 10:32:26','2025-10-26 10:32:26','Vinh','Dã','0162 193 8642',1,NULL,NULL),(72,'slo','che.luong@example.com','2025-10-26 10:32:26','$2y$12$pZCaOKcSian0AeTVYdw9aeVahu2vrQRWjFRZRzeNb2wLszGmBSklm',NULL,NULL,NULL,'aZlxBLbcWs','2025-10-26 10:32:26','2025-10-26 10:32:26','Vy','Lư','+84-60-887-6137',1,NULL,NULL),(73,'m.chiem','lam.chuong@example.net','2025-10-26 10:32:26','$2y$12$pZCaOKcSian0AeTVYdw9aeVahu2vrQRWjFRZRzeNb2wLszGmBSklm',NULL,NULL,NULL,'6H8t1NfE3Z','2025-10-26 10:32:26','2025-10-26 10:32:26','Luật','Trình','025-858-2643',1,NULL,NULL),(74,'cam.danh','tho94@example.org','2025-10-26 10:32:26','$2y$12$pZCaOKcSian0AeTVYdw9aeVahu2vrQRWjFRZRzeNb2wLszGmBSklm',NULL,NULL,NULL,'zFlYRHX33m','2025-10-26 10:32:26','2025-10-26 10:32:26','Hạnh','Chu','+84-55-803-7703',1,NULL,NULL),(75,'trieu.hao','cung.canh@example.org','2025-10-26 10:32:26','$2y$12$pZCaOKcSian0AeTVYdw9aeVahu2vrQRWjFRZRzeNb2wLszGmBSklm',NULL,NULL,NULL,'39EV6DRYXj','2025-10-26 10:32:26','2025-10-26 10:32:26','Cần','La','84-321-603-4836',1,NULL,NULL),(76,'binh74','sinh.ho@example.org','2025-10-26 10:32:26','$2y$12$pZCaOKcSian0AeTVYdw9aeVahu2vrQRWjFRZRzeNb2wLszGmBSklm',NULL,NULL,NULL,'viIduRcEWo','2025-10-26 10:32:26','2025-10-26 10:32:26','Lực','Đổng','077 177 9285',1,NULL,NULL),(77,'toan.ma','lac.bao@example.com','2025-10-26 10:32:26','$2y$12$pZCaOKcSian0AeTVYdw9aeVahu2vrQRWjFRZRzeNb2wLszGmBSklm',NULL,NULL,NULL,'jRgYUUUmym','2025-10-26 10:32:26','2025-10-26 10:32:26','Lợi','Trình','(0500)127-5165',1,NULL,NULL),(78,'hang.danh','hiep.le@example.com','2025-10-26 10:32:26','$2y$12$pZCaOKcSian0AeTVYdw9aeVahu2vrQRWjFRZRzeNb2wLszGmBSklm',NULL,NULL,NULL,'IJ268mmTv9','2025-10-26 10:32:26','2025-10-26 10:32:26','Tài','Phan','(84)(166)976-8034',1,NULL,NULL),(79,'qliu','ho.han@example.net','2025-10-26 10:32:26','$2y$12$pZCaOKcSian0AeTVYdw9aeVahu2vrQRWjFRZRzeNb2wLszGmBSklm',NULL,NULL,NULL,'aIyfWXzSuF','2025-10-26 10:32:26','2025-10-26 10:32:26','Thúy','Âu','074 680 3251',1,NULL,NULL),(80,'xlu','chiem.thanh@example.com','2025-10-26 10:32:26','$2y$12$pZCaOKcSian0AeTVYdw9aeVahu2vrQRWjFRZRzeNb2wLszGmBSklm',NULL,NULL,NULL,'WkKpFPDXXH','2025-10-26 10:32:26','2025-10-26 10:32:26','Vũ','Chiêm','0186 558 5019',1,NULL,NULL),(81,'dinh05','thai.bang@example.com','2025-10-26 10:32:26','$2y$12$pZCaOKcSian0AeTVYdw9aeVahu2vrQRWjFRZRzeNb2wLszGmBSklm',NULL,NULL,NULL,'P7OrcfJk4D','2025-10-26 10:32:26','2025-10-26 10:32:26','Hoan','Khu','(092)353-2845',1,NULL,NULL),(82,'yen.khau','gngo@example.net','2025-10-26 10:32:26','$2y$12$pZCaOKcSian0AeTVYdw9aeVahu2vrQRWjFRZRzeNb2wLszGmBSklm',NULL,NULL,NULL,'TWXIKHOZ0a','2025-10-26 10:32:26','2025-10-26 10:32:26','Lễ','Hy','074 144 9101',1,NULL,NULL),(83,'nhan.ma','vngy@example.org','2025-10-26 10:32:26','$2y$12$pZCaOKcSian0AeTVYdw9aeVahu2vrQRWjFRZRzeNb2wLszGmBSklm',NULL,NULL,NULL,'ITwsMt2EFA','2025-10-26 10:32:26','2025-10-26 10:32:26','Thực','Lâm','0500-758-1495',1,NULL,NULL),(84,'gtran','san27@example.org','2025-10-26 10:32:26','$2y$12$pZCaOKcSian0AeTVYdw9aeVahu2vrQRWjFRZRzeNb2wLszGmBSklm',NULL,NULL,NULL,'m9hQNgduzs','2025-10-26 10:32:26','2025-10-26 10:32:26','Thạc','Bành','0231 880 2618',1,NULL,NULL),(85,'fnh','la.tram@example.com','2025-10-26 10:32:26','$2y$12$pZCaOKcSian0AeTVYdw9aeVahu2vrQRWjFRZRzeNb2wLszGmBSklm',NULL,NULL,NULL,'hfa8YzajN2','2025-10-26 10:32:26','2025-10-26 10:32:26','Hà','Võ','0120 399 1750',1,NULL,NULL),(86,'dc48','rngy@example.org','2025-10-26 10:32:26','$2y$12$pZCaOKcSian0AeTVYdw9aeVahu2vrQRWjFRZRzeNb2wLszGmBSklm',NULL,NULL,NULL,'9NMalKKBhs','2025-10-26 10:32:26','2025-10-26 10:32:26','Mẫn','Bế','0500-112-4121',1,NULL,NULL),(87,'tcung','tien89@example.net','2025-10-26 10:32:26','$2y$12$pZCaOKcSian0AeTVYdw9aeVahu2vrQRWjFRZRzeNb2wLszGmBSklm',NULL,NULL,NULL,'ULCzZ5ggau','2025-10-26 10:32:26','2025-10-26 10:32:26','Lộc','Chung','+84-164-092-7380',1,NULL,NULL),(88,'han.thanh','cam.nhu@example.com','2025-10-26 10:32:26','$2y$12$pZCaOKcSian0AeTVYdw9aeVahu2vrQRWjFRZRzeNb2wLszGmBSklm',NULL,NULL,NULL,'bYxFRdBQX0','2025-10-26 10:32:26','2025-10-26 10:32:26','Quỳnh','Phạm','0167 019 5397',1,NULL,NULL),(89,'dam.phuc','an.vo@example.com','2025-10-26 10:32:26','$2y$12$pZCaOKcSian0AeTVYdw9aeVahu2vrQRWjFRZRzeNb2wLszGmBSklm',NULL,NULL,NULL,'PMYpJ5YjoF','2025-10-26 10:32:26','2025-10-26 10:32:26','Minh','Vũ','84-76-312-4248',1,NULL,NULL),(90,'nghi61','cu.lam@example.com','2025-10-26 10:32:26','$2y$12$pZCaOKcSian0AeTVYdw9aeVahu2vrQRWjFRZRzeNb2wLszGmBSklm',NULL,NULL,NULL,'518QrIsht9','2025-10-26 10:32:26','2025-10-26 10:32:26','Mẫn','Phí','033 958 8830',1,NULL,NULL),(91,'t22','quc.trung@example.org','2025-10-26 10:32:26','$2y$12$pZCaOKcSian0AeTVYdw9aeVahu2vrQRWjFRZRzeNb2wLszGmBSklm',NULL,NULL,NULL,'y69Mbj2Qgl','2025-10-26 10:32:26','2025-10-26 10:32:26','Ly','Phi','076-569-5836',1,NULL,NULL),(92,'khut.thc','tr.l@example.net','2025-10-26 10:32:26','$2y$12$pZCaOKcSian0AeTVYdw9aeVahu2vrQRWjFRZRzeNb2wLszGmBSklm',NULL,NULL,NULL,'3tctsyspfD','2025-10-26 10:32:26','2025-10-26 10:32:26','Võ','Bảo','84-211-656-0826',1,NULL,NULL),(93,'giang09','fgiao@example.org','2025-10-26 10:32:26','$2y$12$pZCaOKcSian0AeTVYdw9aeVahu2vrQRWjFRZRzeNb2wLszGmBSklm',NULL,NULL,NULL,'C4uaQkXLkg','2025-10-26 10:32:26','2025-10-26 10:32:26','Tiền','Chu','+84-167-297-0505',1,NULL,NULL),(94,'hbe','suong78@example.com','2025-10-26 10:32:26','$2y$12$pZCaOKcSian0AeTVYdw9aeVahu2vrQRWjFRZRzeNb2wLszGmBSklm',NULL,NULL,NULL,'L2EAXRpBkP','2025-10-26 10:32:26','2025-10-26 10:32:26','Kiều','Thào','(84)(123)275-8030',1,NULL,NULL),(95,'ngc20','jma@example.org','2025-10-26 10:32:26','$2y$12$pZCaOKcSian0AeTVYdw9aeVahu2vrQRWjFRZRzeNb2wLszGmBSklm',NULL,NULL,NULL,'uWKJuq1nHX','2025-10-26 10:32:26','2025-10-26 10:32:26','San','Nghiêm','84-22-645-3596',1,NULL,NULL),(96,'hnhiem','ung.chien@example.org','2025-10-26 10:32:26','$2y$12$pZCaOKcSian0AeTVYdw9aeVahu2vrQRWjFRZRzeNb2wLszGmBSklm',NULL,NULL,NULL,'ItJQomEopi','2025-10-26 10:32:26','2025-10-26 10:32:26','Nhạn','Cù','(025) 127 5299',1,NULL,NULL),(97,'phi.an','bng.mach@example.net','2025-10-26 10:32:26','$2y$12$pZCaOKcSian0AeTVYdw9aeVahu2vrQRWjFRZRzeNb2wLszGmBSklm',NULL,NULL,NULL,'LhilhRPxev','2025-10-26 10:32:26','2025-10-26 10:32:26','Thạc','Ma','84-186-787-1988',1,NULL,NULL),(98,'xuan.tiep','echiem@example.net','2025-10-26 10:32:26','$2y$12$pZCaOKcSian0AeTVYdw9aeVahu2vrQRWjFRZRzeNb2wLszGmBSklm',NULL,NULL,NULL,'K7XuPNbEC0','2025-10-26 10:32:26','2025-10-26 10:32:26','Thắm','Mộc','0125-697-3698',1,NULL,NULL),(99,'thng33','quang.khoa@example.org','2025-10-26 10:32:26','$2y$12$pZCaOKcSian0AeTVYdw9aeVahu2vrQRWjFRZRzeNb2wLszGmBSklm',NULL,NULL,NULL,'JmI6Lj2eAt','2025-10-26 10:32:26','2025-10-26 10:32:26','Đài','Cầm','(84)(511)396-4499',1,NULL,NULL),(100,'chau.thung','nuong.l@example.com','2025-10-26 10:32:26','$2y$12$pZCaOKcSian0AeTVYdw9aeVahu2vrQRWjFRZRzeNb2wLszGmBSklm',NULL,NULL,NULL,'1fnwTWM6Ql','2025-10-26 10:32:26','2025-10-26 10:32:26','Vĩ','Mai','+84-96-224-9851',1,NULL,NULL),(101,'trung.huynh','vnham@example.net','2025-10-26 10:32:26','$2y$12$pZCaOKcSian0AeTVYdw9aeVahu2vrQRWjFRZRzeNb2wLszGmBSklm',NULL,NULL,NULL,'yyxid4sD8u','2025-10-26 10:32:26','2025-10-26 10:32:26','Châu','Khổng','(84)(29)232-9229',1,NULL,NULL),(102,'cat.truc','anh76@example.com','2025-10-26 10:32:26','$2y$12$pZCaOKcSian0AeTVYdw9aeVahu2vrQRWjFRZRzeNb2wLszGmBSklm',NULL,NULL,NULL,'nZjpslFtRD','2025-10-26 10:32:26','2025-10-26 10:32:26','Hòa','Vi','(0781)094-0493',1,NULL,NULL),(103,'van42','phung.nghiep@example.org','2025-10-26 10:32:26','$2y$12$pZCaOKcSian0AeTVYdw9aeVahu2vrQRWjFRZRzeNb2wLszGmBSklm',NULL,NULL,NULL,'QZUegalnz7','2025-10-26 10:32:26','2025-10-26 10:32:26','Tiến','Tào','0321-466-2119',1,NULL,NULL),(104,'que.bo','luat.dinh@example.com','2025-10-26 10:32:26','$2y$12$pZCaOKcSian0AeTVYdw9aeVahu2vrQRWjFRZRzeNb2wLszGmBSklm',NULL,NULL,NULL,'zQsilNTg2g','2025-10-26 10:32:26','2025-10-26 10:32:26','Đạt','Phó','(84)(125)718-9430',1,NULL,NULL),(105,'doan.dinh','bich49@example.net','2025-10-26 10:32:26','$2y$12$pZCaOKcSian0AeTVYdw9aeVahu2vrQRWjFRZRzeNb2wLszGmBSklm',NULL,NULL,NULL,'X5Kh7wrIa2','2025-10-26 10:32:26','2025-10-26 10:32:26','Duy','Đỗ','058 972 8333',1,NULL,NULL),(106,'hoa93','chiu.vu@example.net','2025-10-26 10:32:26','$2y$12$pZCaOKcSian0AeTVYdw9aeVahu2vrQRWjFRZRzeNb2wLszGmBSklm',NULL,NULL,NULL,'XeJDXhSHQO','2025-10-26 10:32:26','2025-10-26 10:32:26','Sĩ','Lữ','074-381-6373',1,NULL,NULL),(107,'vo.duyen','c.chien@example.net','2025-10-26 10:32:26','$2y$12$pZCaOKcSian0AeTVYdw9aeVahu2vrQRWjFRZRzeNb2wLszGmBSklm',NULL,NULL,NULL,'lQJxsdfwKM','2025-10-26 10:32:26','2025-10-26 10:32:26','Vy','Hồng','(84)(97)106-8019',1,NULL,NULL),(108,'ghoang','pca@example.org','2025-10-26 10:32:26','$2y$12$pZCaOKcSian0AeTVYdw9aeVahu2vrQRWjFRZRzeNb2wLszGmBSklm',NULL,NULL,NULL,'sfn45J4ZAe','2025-10-26 10:32:26','2025-10-26 10:32:26','Quế','Mộc','84-125-625-0243',1,NULL,NULL),(109,'oleu','nlo@example.com','2025-10-26 10:32:26','$2y$12$pZCaOKcSian0AeTVYdw9aeVahu2vrQRWjFRZRzeNb2wLszGmBSklm',NULL,NULL,NULL,'UtGXeAOkMd','2025-10-26 10:32:26','2025-10-26 10:32:26','Tuyến','Bình','+84-321-580-1418',1,NULL,NULL),(110,'hu87','dan55@example.net','2025-10-26 10:32:26','$2y$12$pZCaOKcSian0AeTVYdw9aeVahu2vrQRWjFRZRzeNb2wLszGmBSklm',NULL,NULL,NULL,'l9OYYRxucO','2025-10-26 10:32:26','2025-10-26 10:32:26','Dân','Võ','0350-454-6563',1,NULL,NULL),(111,'chung85','to.duy@example.com','2025-10-26 10:32:26','$2y$12$pZCaOKcSian0AeTVYdw9aeVahu2vrQRWjFRZRzeNb2wLszGmBSklm',NULL,NULL,NULL,'n427nHSfdA','2025-10-26 10:32:26','2025-10-26 10:32:26','Cường','Vương','(0122) 523 9750',1,NULL,NULL),(112,'du89','ly40@example.net','2025-10-26 10:32:26','$2y$12$pZCaOKcSian0AeTVYdw9aeVahu2vrQRWjFRZRzeNb2wLszGmBSklm',NULL,NULL,NULL,'akVHJJHGUr','2025-10-26 10:32:26','2025-10-26 10:32:26','Thường','Đàm','84-96-864-2667',1,NULL,NULL),(113,'zong','dao98@example.org','2025-10-26 10:32:26','$2y$12$pZCaOKcSian0AeTVYdw9aeVahu2vrQRWjFRZRzeNb2wLszGmBSklm',NULL,NULL,NULL,'60TGcKZ4Tm','2025-10-26 10:32:26','2025-10-26 10:32:26','Ân','Dư','(84)(188)904-5542',1,NULL,NULL),(114,'zan','lai.di@example.org','2025-10-26 10:32:26','$2y$12$pZCaOKcSian0AeTVYdw9aeVahu2vrQRWjFRZRzeNb2wLszGmBSklm',NULL,NULL,NULL,'Uvm8C4jkQ7','2025-10-26 10:32:26','2025-10-26 10:32:26','Kim','Ca','(0218)000-2307',1,NULL,NULL),(115,'dien.hue','quyet.trac@example.net','2025-10-26 10:32:26','$2y$12$pZCaOKcSian0AeTVYdw9aeVahu2vrQRWjFRZRzeNb2wLszGmBSklm',NULL,NULL,NULL,'UWWWbjE3gR','2025-10-26 10:32:26','2025-10-26 10:32:26','Hùng','Mâu','+84-650-053-1737',1,NULL,NULL),(116,'wle','dat.la@example.net','2025-10-26 10:32:26','$2y$12$pZCaOKcSian0AeTVYdw9aeVahu2vrQRWjFRZRzeNb2wLszGmBSklm',NULL,NULL,NULL,'F7ts0kaqZT','2025-10-26 10:32:26','2025-10-26 10:32:26','San','Chu','(0129)049-7979',1,NULL,NULL),(117,'gong','dung.bach@example.org','2025-10-26 10:32:26','$2y$12$pZCaOKcSian0AeTVYdw9aeVahu2vrQRWjFRZRzeNb2wLszGmBSklm',NULL,NULL,NULL,'r2HUI1zM39','2025-10-26 10:32:26','2025-10-26 10:32:26','Vịnh','Trần','095 284 2194',1,NULL,NULL),(118,'mba','gtrang@example.net','2025-10-26 10:32:26','$2y$12$pZCaOKcSian0AeTVYdw9aeVahu2vrQRWjFRZRzeNb2wLszGmBSklm',NULL,NULL,NULL,'ebpnsCWrvt','2025-10-26 10:32:26','2025-10-26 10:32:26','Ngân','Thập','064 769 0499',1,NULL,NULL),(119,'adam','dieu22@example.org','2025-10-26 10:32:26','$2y$12$pZCaOKcSian0AeTVYdw9aeVahu2vrQRWjFRZRzeNb2wLszGmBSklm',NULL,NULL,NULL,'5OXSIYf1OV','2025-10-26 10:32:26','2025-10-26 10:32:26','Đàn','Đàm','060 333 6157',1,NULL,NULL),(120,'banh.tan','trang.bao@example.net','2025-10-26 10:32:26','$2y$12$pZCaOKcSian0AeTVYdw9aeVahu2vrQRWjFRZRzeNb2wLszGmBSklm',NULL,NULL,NULL,'Of21SYodyW','2025-10-26 10:32:26','2025-10-26 10:32:26','Trực','Ông','+84-93-219-1608',1,NULL,NULL),(121,'triet40','gtrang@example.org','2025-10-26 10:32:26','$2y$12$pZCaOKcSian0AeTVYdw9aeVahu2vrQRWjFRZRzeNb2wLszGmBSklm',NULL,NULL,NULL,'yn0BaI5Rdv','2025-10-26 10:32:26','2025-10-26 10:32:26','Ngạn','Hà','(061)465-7697',1,NULL,NULL),(122,'chieu07','hoa69@example.com','2025-10-26 10:32:27','$2y$12$pZCaOKcSian0AeTVYdw9aeVahu2vrQRWjFRZRzeNb2wLszGmBSklm',NULL,NULL,NULL,'9zYNc260U8','2025-10-26 10:32:27','2025-10-26 10:32:27','Thy','Ong','059-387-5800',1,NULL,NULL),(123,'phu.thai','hanh00@example.org','2025-10-26 10:32:27','$2y$12$pZCaOKcSian0AeTVYdw9aeVahu2vrQRWjFRZRzeNb2wLszGmBSklm',NULL,NULL,NULL,'BaIEoXcp0H','2025-10-26 10:32:27','2025-10-26 10:32:27','Dân','Đan','(84)(37)686-3557',1,NULL,NULL),(124,'di.vu','khanh.tieu@example.com','2025-10-26 10:32:27','$2y$12$pZCaOKcSian0AeTVYdw9aeVahu2vrQRWjFRZRzeNb2wLszGmBSklm',NULL,NULL,NULL,'39WIFDtsqC','2025-10-26 10:32:27','2025-10-26 10:32:27','Kim','Thái','(0164)551-4208',1,NULL,NULL),(125,'jdi','tran70@example.net','2025-10-26 10:32:27','$2y$12$pZCaOKcSian0AeTVYdw9aeVahu2vrQRWjFRZRzeNb2wLszGmBSklm',NULL,NULL,NULL,'oRI5EIsKJ8','2025-10-26 10:32:27','2025-10-26 10:32:27','Minh','Nguyễn','+84-321-912-1309',1,NULL,NULL),(126,'vinh12','tin.dau@example.net','2025-10-26 10:32:27','$2y$12$pZCaOKcSian0AeTVYdw9aeVahu2vrQRWjFRZRzeNb2wLszGmBSklm',NULL,NULL,NULL,'2KUFJTsynq','2025-10-26 10:32:27','2025-10-26 10:32:27','Trúc','Cung','(0781)014-5102',1,NULL,NULL),(127,'sa.lac','nghiem.trc@example.org','2025-10-26 10:32:27','$2y$12$pZCaOKcSian0AeTVYdw9aeVahu2vrQRWjFRZRzeNb2wLszGmBSklm',NULL,NULL,NULL,'bJSp2D0QtQ','2025-10-26 10:32:27','2025-10-26 10:32:27','Pháp','La','+84-93-136-7222',1,NULL,NULL),(128,'thong','l25@example.org','2025-10-26 10:32:27','$2y$12$pZCaOKcSian0AeTVYdw9aeVahu2vrQRWjFRZRzeNb2wLszGmBSklm',NULL,NULL,NULL,'0LkWyCct5f','2025-10-26 10:32:27','2025-10-26 10:32:27','Khương','Tô','(057)837-9330',1,NULL,NULL),(129,'tu.thap','dan58@example.com','2025-10-26 10:32:27','$2y$12$pZCaOKcSian0AeTVYdw9aeVahu2vrQRWjFRZRzeNb2wLszGmBSklm',NULL,NULL,NULL,'xf8iadIVEZ','2025-10-26 10:32:27','2025-10-26 10:32:27','Tuyết','Thiều','0123 735 6708',1,NULL,NULL),(130,'an87','dai55@example.net','2025-10-26 10:32:27','$2y$12$pZCaOKcSian0AeTVYdw9aeVahu2vrQRWjFRZRzeNb2wLszGmBSklm',NULL,NULL,NULL,'KI6rrLQt8Q','2025-10-26 10:32:27','2025-10-26 10:32:27','Tín','Triệu','(84)(95)582-2432',1,NULL,NULL),(131,'trinh.hy','nghi.ly@example.org','2025-10-26 10:32:27','$2y$12$pZCaOKcSian0AeTVYdw9aeVahu2vrQRWjFRZRzeNb2wLszGmBSklm',NULL,NULL,NULL,'aXtVCpTTuw','2025-10-26 10:32:27','2025-10-26 10:32:27','Lý','Phan','(0230) 621 8205',0,NULL,NULL),(132,'user_7Ef7lYRm','wasitec426@filipx.com','2025-10-27 01:42:58','$2y$12$smZWD2zmIIJBe5S1h7MrMu1061XnVg.x1iiqqEtqylIDyKS/tIjvG','manual',NULL,NULL,NULL,'2025-10-27 01:42:40','2025-10-27 01:42:58',NULL,NULL,NULL,1,NULL,NULL);
/*!40000 ALTER TABLE `users` ENABLE KEYS */;
UNLOCK TABLES;

--
-- Table structure for table `wishlist_items`
--

DROP TABLE IF EXISTS `wishlist_items`;
/*!40101 SET @saved_cs_client     = @@character_set_client */;
/*!50503 SET character_set_client = utf8mb4 */;
CREATE TABLE `wishlist_items` (
  `id` bigint(20) unsigned NOT NULL AUTO_INCREMENT,
  `wishlist_id` bigint(20) unsigned NOT NULL,
  `product_id` bigint(20) unsigned NOT NULL,
  `product_variant` longtext CHARACTER SET utf8mb4 COLLATE utf8mb4_bin DEFAULT NULL CHECK (json_valid(`product_variant`)),
  `price_when_added` decimal(10,2) DEFAULT NULL,
  `note` text DEFAULT NULL,
  `priority` int(10) unsigned NOT NULL DEFAULT 0,
  `notify_price_drop` tinyint(1) NOT NULL DEFAULT 0,
  `notify_back_in_stock` tinyint(1) NOT NULL DEFAULT 0,
  `notified_at` timestamp NULL DEFAULT NULL,
  `created_at` timestamp NULL DEFAULT NULL,
  `updated_at` timestamp NULL DEFAULT NULL,
  PRIMARY KEY (`id`),
  UNIQUE KEY `wishlist_items_wishlist_id_product_id_unique` (`wishlist_id`,`product_id`),
  KEY `wishlist_items_wishlist_id_priority_index` (`wishlist_id`,`priority`),
  KEY `wishlist_items_product_id_created_at_index` (`product_id`,`created_at`),
  KEY `wishlist_items_notify_price_drop_notify_back_in_stock_index` (`notify_price_drop`,`notify_back_in_stock`),
  CONSTRAINT `wishlist_items_product_id_foreign` FOREIGN KEY (`product_id`) REFERENCES `products` (`product_id`) ON DELETE CASCADE,
  CONSTRAINT `wishlist_items_wishlist_id_foreign` FOREIGN KEY (`wishlist_id`) REFERENCES `wishlists` (`id`) ON DELETE CASCADE
) ENGINE=InnoDB DEFAULT CHARSET=utf8mb4 COLLATE=utf8mb4_unicode_ci;
/*!40101 SET character_set_client = @saved_cs_client */;

--
-- Dumping data for table `wishlist_items`
--

LOCK TABLES `wishlist_items` WRITE;
/*!40000 ALTER TABLE `wishlist_items` DISABLE KEYS */;
/*!40000 ALTER TABLE `wishlist_items` ENABLE KEYS */;
UNLOCK TABLES;

--
-- Table structure for table `wishlists`
--

DROP TABLE IF EXISTS `wishlists`;
/*!40101 SET @saved_cs_client     = @@character_set_client */;
/*!50503 SET character_set_client = utf8mb4 */;
CREATE TABLE `wishlists` (
  `id` bigint(20) unsigned NOT NULL AUTO_INCREMENT,
  `user_id` bigint(20) unsigned NOT NULL,
  `name` varchar(100) NOT NULL DEFAULT 'My Wishlist',
  `description` text DEFAULT NULL,
  `privacy` enum('private','public','shared') NOT NULL DEFAULT 'private',
  `is_default` tinyint(1) NOT NULL DEFAULT 0,
  `items_count` int(10) unsigned NOT NULL DEFAULT 0,
  `created_at` timestamp NULL DEFAULT NULL,
  `updated_at` timestamp NULL DEFAULT NULL,
  PRIMARY KEY (`id`),
  KEY `wishlists_user_id_is_default_index` (`user_id`,`is_default`),
  KEY `wishlists_privacy_created_at_index` (`privacy`,`created_at`),
  CONSTRAINT `wishlists_user_id_foreign` FOREIGN KEY (`user_id`) REFERENCES `users` (`id`) ON DELETE CASCADE
) ENGINE=InnoDB DEFAULT CHARSET=utf8mb4 COLLATE=utf8mb4_unicode_ci;
/*!40101 SET character_set_client = @saved_cs_client */;

--
-- Dumping data for table `wishlists`
--

LOCK TABLES `wishlists` WRITE;
/*!40000 ALTER TABLE `wishlists` DISABLE KEYS */;
/*!40000 ALTER TABLE `wishlists` ENABLE KEYS */;
UNLOCK TABLES;
/*!40103 SET TIME_ZONE=@OLD_TIME_ZONE */;

/*!40101 SET SQL_MODE=@OLD_SQL_MODE */;
/*!40014 SET FOREIGN_KEY_CHECKS=@OLD_FOREIGN_KEY_CHECKS */;
/*!40014 SET UNIQUE_CHECKS=@OLD_UNIQUE_CHECKS */;
/*!40101 SET CHARACTER_SET_CLIENT=@OLD_CHARACTER_SET_CLIENT */;
/*!40101 SET CHARACTER_SET_RESULTS=@OLD_CHARACTER_SET_RESULTS */;
/*!40101 SET COLLATION_CONNECTION=@OLD_COLLATION_CONNECTION */;
/*!40111 SET SQL_NOTES=@OLD_SQL_NOTES */;

-- Dump completed on 2025-10-29  1:58:51
