CREATE DATABASE  IF NOT EXISTS `shop_nest_db` /*!40100 DEFAULT CHARACTER SET utf8mb4 COLLATE utf8mb4_general_ci */;
USE `shop_nest_db`;
-- MySQL dump 10.13  Distrib 8.0.41, for Win64 (x86_64)
--
-- Host: localhost    Database: shop_nest_db
-- ------------------------------------------------------
-- Server version	5.5.5-10.4.32-MariaDB

/*!40101 SET @OLD_CHARACTER_SET_CLIENT=@@CHARACTER_SET_CLIENT */;
/*!40101 SET @OLD_CHARACTER_SET_RESULTS=@@CHARACTER_SET_RESULTS */;
/*!40101 SET @OLD_COLLATION_CONNECTION=@@COLLATION_CONNECTION */;
/*!50503 SET NAMES utf8 */;
/*!40103 SET @OLD_TIME_ZONE=@@TIME_ZONE */;
/*!40103 SET TIME_ZONE='+00:00' */;
/*!40014 SET @OLD_UNIQUE_CHECKS=@@UNIQUE_CHECKS, UNIQUE_CHECKS=0 */;
/*!40014 SET @OLD_FOREIGN_KEY_CHECKS=@@FOREIGN_KEY_CHECKS, FOREIGN_KEY_CHECKS=0 */;
/*!40101 SET @OLD_SQL_MODE=@@SQL_MODE, SQL_MODE='NO_AUTO_VALUE_ON_ZERO' */;
/*!40111 SET @OLD_SQL_NOTES=@@SQL_NOTES, SQL_NOTES=0 */;

--
-- Table structure for table `administrative_divisions`
--

DROP TABLE IF EXISTS `administrative_divisions`;
/*!40101 SET @saved_cs_client     = @@character_set_client */;
/*!50503 SET character_set_client = utf8mb4 */;
CREATE TABLE `administrative_divisions` (
  `id` bigint(20) unsigned NOT NULL AUTO_INCREMENT,
  `country_id` bigint(20) unsigned NOT NULL,
  `parent_id` bigint(20) unsigned DEFAULT NULL,
  `name` longtext CHARACTER SET utf8mb4 COLLATE utf8mb4_bin NOT NULL CHECK (json_valid(`name`)),
  `level` int(11) NOT NULL,
  `code` varchar(255) DEFAULT NULL,
  `created_at` timestamp NULL DEFAULT NULL,
  `updated_at` timestamp NULL DEFAULT NULL,
  PRIMARY KEY (`id`),
  KEY `administrative_divisions_country_id_foreign` (`country_id`),
  KEY `administrative_divisions_parent_id_foreign` (`parent_id`),
  CONSTRAINT `administrative_divisions_country_id_foreign` FOREIGN KEY (`country_id`) REFERENCES `countries` (`id`),
  CONSTRAINT `administrative_divisions_parent_id_foreign` FOREIGN KEY (`parent_id`) REFERENCES `administrative_divisions` (`id`)
) ENGINE=InnoDB DEFAULT CHARSET=utf8mb4 COLLATE=utf8mb4_unicode_ci;
/*!40101 SET character_set_client = @saved_cs_client */;

--
-- Dumping data for table `administrative_divisions`
--

LOCK TABLES `administrative_divisions` WRITE;
/*!40000 ALTER TABLE `administrative_divisions` DISABLE KEYS */;
/*!40000 ALTER TABLE `administrative_divisions` ENABLE KEYS */;
UNLOCK TABLES;

--
-- Table structure for table `analytics_reports`
--

DROP TABLE IF EXISTS `analytics_reports`;
/*!40101 SET @saved_cs_client     = @@character_set_client */;
/*!50503 SET character_set_client = utf8mb4 */;
CREATE TABLE `analytics_reports` (
  `id` bigint(20) unsigned NOT NULL AUTO_INCREMENT,
  `title` varchar(255) NOT NULL,
  `type` enum('revenue','orders','products','users','custom') NOT NULL,
  `period_type` enum('daily','weekly','monthly','yearly','custom') NOT NULL,
  `start_date` date NOT NULL,
  `end_date` date NOT NULL,
  `parameters` longtext CHARACTER SET utf8mb4 COLLATE utf8mb4_bin DEFAULT NULL CHECK (json_valid(`parameters`)),
  `result_data` longtext CHARACTER SET utf8mb4 COLLATE utf8mb4_bin DEFAULT NULL CHECK (json_valid(`result_data`)),
  `file_path` varchar(255) DEFAULT NULL,
  `status` enum('pending','completed','failed') NOT NULL DEFAULT 'pending',
  `created_by` bigint(20) unsigned NOT NULL,
  `created_at` timestamp NULL DEFAULT NULL,
  `updated_at` timestamp NULL DEFAULT NULL,
  PRIMARY KEY (`id`),
  KEY `analytics_reports_type_created_at_index` (`type`,`created_at`),
  KEY `analytics_reports_status_created_at_index` (`status`,`created_at`),
  KEY `analytics_reports_created_by_index` (`created_by`),
  CONSTRAINT `analytics_reports_created_by_foreign` FOREIGN KEY (`created_by`) REFERENCES `users` (`id`) ON DELETE CASCADE
) ENGINE=InnoDB DEFAULT CHARSET=utf8mb4 COLLATE=utf8mb4_unicode_ci;
/*!40101 SET character_set_client = @saved_cs_client */;

--
-- Dumping data for table `analytics_reports`
--

LOCK TABLES `analytics_reports` WRITE;
/*!40000 ALTER TABLE `analytics_reports` DISABLE KEYS */;
/*!40000 ALTER TABLE `analytics_reports` ENABLE KEYS */;
UNLOCK TABLES;

--
-- Table structure for table `attribute_value_product_variant`
--

DROP TABLE IF EXISTS `attribute_value_product_variant`;
/*!40101 SET @saved_cs_client     = @@character_set_client */;
/*!50503 SET character_set_client = utf8mb4 */;
CREATE TABLE `attribute_value_product_variant` (
  `product_variant_id` bigint(20) unsigned NOT NULL,
  `attribute_value_id` bigint(20) unsigned NOT NULL,
  PRIMARY KEY (`product_variant_id`,`attribute_value_id`),
  KEY `attribute_value_product_variant_attribute_value_id_foreign` (`attribute_value_id`),
  CONSTRAINT `attribute_value_product_variant_attribute_value_id_foreign` FOREIGN KEY (`attribute_value_id`) REFERENCES `attribute_values` (`attribute_value_id`) ON DELETE CASCADE,
  CONSTRAINT `attribute_value_product_variant_product_variant_id_foreign` FOREIGN KEY (`product_variant_id`) REFERENCES `product_variants` (`variant_id`) ON DELETE CASCADE
) ENGINE=InnoDB DEFAULT CHARSET=utf8mb4 COLLATE=utf8mb4_unicode_ci;
/*!40101 SET character_set_client = @saved_cs_client */;

--
-- Dumping data for table `attribute_value_product_variant`
--

LOCK TABLES `attribute_value_product_variant` WRITE;
/*!40000 ALTER TABLE `attribute_value_product_variant` DISABLE KEYS */;
INSERT INTO `attribute_value_product_variant` VALUES (1,8),(2,9),(3,12),(4,7),(5,6),(6,2),(6,9),(7,2),(7,10),(8,2),(8,13),(9,3),(9,9),(10,3),(10,10),(11,3),(11,13),(12,1),(12,9),(13,1),(13,10),(14,1),(14,13),(15,3),(16,6),(17,1),(18,8),(19,3),(20,6),(21,3),(22,12),(23,11),(24,9),(25,7),(26,3),(27,7),(28,6),(29,3),(30,7),(31,3),(32,7),(33,3),(34,8),(35,10),(36,11),(37,13),(38,2),(39,4),(40,6),(41,3),(42,2),(43,1),(44,5),(45,5),(46,1),(46,9),(47,5),(47,9),(48,7),(49,1),(50,6),(51,2),(52,1),(53,9),(54,11),(55,9),(56,8),(57,13),(58,11),(59,6),(60,7),(61,2),(62,7),(63,2),(64,4),(65,10),(66,8),(67,3),(68,4),(69,6),(70,3),(71,12),(72,10),(73,7),(74,1),(75,7),(76,4),(77,8),(78,11),(79,12),(80,4),(81,1),(82,4),(83,5),(84,12),(85,3),(85,11),(86,3),(86,9),(87,12),(88,9),(89,10),(90,8),(91,9),(92,12),(93,5),(94,7),(95,3),(96,13),(97,10),(98,6),(99,7),(100,4),(101,13),(102,1),(103,6),(104,9),(105,10),(106,11),(107,12),(108,8),(109,10),(110,11),(111,8),(112,8),(113,1),(114,4),(115,7),(116,2),(117,1),(118,2),(119,4),(120,3),(121,5),(122,8),(123,10),(124,11),(125,2),(125,10),(126,7),(126,10),(127,3),(127,10),(128,8),(129,4),(130,1),(131,6),(132,5),(133,6),(134,6),(135,6),(136,1),(137,2),(138,9),(139,8),(140,5),(141,7),(142,4);
/*!40000 ALTER TABLE `attribute_value_product_variant` ENABLE KEYS */;
UNLOCK TABLES;

--
-- Table structure for table `attribute_values`
--

DROP TABLE IF EXISTS `attribute_values`;
/*!40101 SET @saved_cs_client     = @@character_set_client */;
/*!50503 SET character_set_client = utf8mb4 */;
CREATE TABLE `attribute_values` (
  `attribute_value_id` bigint(20) unsigned NOT NULL AUTO_INCREMENT,
  `attribute_id` bigint(20) unsigned NOT NULL,
  `value` varchar(255) NOT NULL COMMENT 'e.g., Red, Large, 256GB',
  PRIMARY KEY (`attribute_value_id`),
  KEY `attribute_values_attribute_id_foreign` (`attribute_id`),
  CONSTRAINT `attribute_values_attribute_id_foreign` FOREIGN KEY (`attribute_id`) REFERENCES `attributes` (`attribute_id`) ON DELETE CASCADE
) ENGINE=InnoDB AUTO_INCREMENT=24 DEFAULT CHARSET=utf8mb4 COLLATE=utf8mb4_unicode_ci;
/*!40101 SET character_set_client = @saved_cs_client */;

--
-- Dumping data for table `attribute_values`
--

LOCK TABLES `attribute_values` WRITE;
/*!40000 ALTER TABLE `attribute_values` DISABLE KEYS */;
INSERT INTO `attribute_values` VALUES (1,1,'Đỏ'),(2,1,'Xanh dương'),(3,1,'Vàng'),(4,1,'Trắng'),(5,1,'Đen'),(6,1,'Hồng'),(7,1,'Xám'),(8,2,'S'),(9,2,'M'),(10,2,'L'),(11,2,'XL'),(12,2,'XXL'),(13,2,'Free size'),(14,3,'64GB'),(15,3,'128GB'),(16,3,'256GB'),(17,3,'512GB'),(18,3,'1TB'),(19,4,'Cotton'),(20,4,'Vải lụa'),(21,4,'Nhựa'),(22,4,'Kim loại'),(23,4,'Da');
/*!40000 ALTER TABLE `attribute_values` ENABLE KEYS */;
UNLOCK TABLES;

--
-- Table structure for table `attributes`
--

DROP TABLE IF EXISTS `attributes`;
/*!40101 SET @saved_cs_client     = @@character_set_client */;
/*!50503 SET character_set_client = utf8mb4 */;
CREATE TABLE `attributes` (
  `attribute_id` bigint(20) unsigned NOT NULL AUTO_INCREMENT,
  `name` varchar(255) NOT NULL COMMENT 'e.g., Color, Size, Storage',
  PRIMARY KEY (`attribute_id`),
  UNIQUE KEY `attributes_name_unique` (`name`)
) ENGINE=InnoDB AUTO_INCREMENT=5 DEFAULT CHARSET=utf8mb4 COLLATE=utf8mb4_unicode_ci;
/*!40101 SET character_set_client = @saved_cs_client */;

--
-- Dumping data for table `attributes`
--

LOCK TABLES `attributes` WRITE;
/*!40000 ALTER TABLE `attributes` DISABLE KEYS */;
INSERT INTO `attributes` VALUES (4,'Chất liệu'),(3,'Dung lượng'),(2,'Kích thước'),(1,'Màu sắc');
/*!40000 ALTER TABLE `attributes` ENABLE KEYS */;
UNLOCK TABLES;

--
-- Table structure for table `brands`
--

DROP TABLE IF EXISTS `brands`;
/*!40101 SET @saved_cs_client     = @@character_set_client */;
/*!50503 SET character_set_client = utf8mb4 */;
CREATE TABLE `brands` (
  `brand_id` bigint(20) unsigned NOT NULL AUTO_INCREMENT,
  `name` varchar(100) NOT NULL,
  `description` text DEFAULT NULL,
  `logo_url` varchar(255) DEFAULT NULL,
  `is_active` tinyint(1) NOT NULL DEFAULT 1,
  `created_at` timestamp NULL DEFAULT NULL,
  `updated_at` timestamp NULL DEFAULT NULL,
  `deleted_at` timestamp NULL DEFAULT NULL,
  PRIMARY KEY (`brand_id`)
) ENGINE=InnoDB AUTO_INCREMENT=24 DEFAULT CHARSET=utf8mb4 COLLATE=utf8mb4_unicode_ci;
/*!40101 SET character_set_client = @saved_cs_client */;

--
-- Dumping data for table `brands`
--

LOCK TABLES `brands` WRITE;
/*!40000 ALTER TABLE `brands` DISABLE KEYS */;
INSERT INTO `brands` VALUES (1,'{\"vi\":\"Apple\"}','Saepe assumenda laborum ut beatae nemo dignissimos ea.',NULL,1,'2025-10-18 07:29:38','2025-10-18 07:29:38',NULL),(2,'{\"vi\":\"Samsung\"}','Doloribus totam distinctio et ea tempora.',NULL,1,'2025-10-18 07:29:38','2025-10-18 07:29:38',NULL),(3,'{\"vi\":\"Xiaomi\"}','Esse qui libero est consequatur atque et.',NULL,1,'2025-10-18 07:29:38','2025-10-18 07:29:38',NULL),(4,'{\"vi\":\"Sony\"}','Pariatur perspiciatis sed sit aut laboriosam totam.',NULL,1,'2025-10-18 07:29:38','2025-10-18 07:29:38',NULL),(5,'{\"vi\":\"LG\"}','Dolorem magni voluptas rerum esse.',NULL,1,'2025-10-18 07:29:38','2025-10-18 07:29:38',NULL),(6,'{\"vi\":\"Nike\"}','Aut adipisci iusto voluptas aliquid sed maiores dolores.',NULL,1,'2025-10-18 07:29:38','2025-10-18 07:29:38',NULL),(7,'{\"vi\":\"Adidas\"}','Neque sit eveniet esse quam qui amet modi ipsum.',NULL,1,'2025-10-18 07:29:38','2025-10-18 07:29:38',NULL),(8,'{\"vi\":\"Puma\"}','Rerum maiores hic voluptatem et.',NULL,1,'2025-10-18 07:29:38','2025-10-18 07:29:38',NULL),(9,'{\"vi\":\"Uniqlo\"}','Rerum ullam temporibus eligendi dignissimos id ex maxime mollitia.',NULL,1,'2025-10-18 07:29:38','2025-10-18 07:29:38',NULL),(10,'{\"vi\":\"H&M\"}','Alias eius itaque molestiae minima voluptas enim.',NULL,1,'2025-10-18 07:29:38','2025-10-18 07:29:38',NULL),(11,'{\"vi\":\"Zara\"}','Corrupti cum perspiciatis dolor totam accusantium quo totam.',NULL,1,'2025-10-18 07:29:38','2025-10-18 07:29:38',NULL),(12,'{\"vi\":\"Dell\"}','Ipsum sunt harum reiciendis sunt et.',NULL,1,'2025-10-18 07:29:38','2025-10-18 07:29:38',NULL),(13,'{\"vi\":\"HP\"}','Tempora et soluta fugit et neque.',NULL,1,'2025-10-18 07:29:38','2025-10-18 07:29:38',NULL),(14,'{\"vi\":\"Asus\"}','Et ut numquam ut incidunt modi.',NULL,1,'2025-10-18 07:29:38','2025-10-18 07:29:38',NULL),(15,'{\"vi\":\"Lenovo\"}','Qui dolorem porro quas quia modi vel eaque.',NULL,1,'2025-10-18 07:29:38','2025-10-18 07:29:38',NULL),(16,'{\"vi\":\"Canon\"}','Nulla est architecto facere corporis eaque.',NULL,1,'2025-10-18 07:29:38','2025-10-18 07:29:38',NULL),(17,'{\"vi\":\"Nikon\"}','Labore fugit esse et ut ullam culpa voluptatem.',NULL,1,'2025-10-18 07:29:38','2025-10-18 07:29:38',NULL),(18,'{\"vi\":\"Casio\"}','Occaecati possimus quo et animi reiciendis dolorum.',NULL,1,'2025-10-18 07:29:38','2025-10-18 07:29:38',NULL),(19,'{\"vi\":\"Logitech\"}','Fugiat quas nesciunt in distinctio numquam sit quos ratione.',NULL,1,'2025-10-18 07:29:38','2025-10-18 07:29:38',NULL),(20,'{\"vi\":\"Anker\"}','Consectetur aut voluptas labore perspiciatis quis.',NULL,1,'2025-10-18 07:29:38','2025-10-18 07:29:38',NULL),(21,'{\"vi\":\"Simple\"}','Molestiae eum et ex non.',NULL,1,'2025-10-18 07:29:38','2025-10-18 07:29:38',NULL),(22,'{\"vi\":\"La Roche-Posay\"}','Et suscipit accusantium fugit cumque numquam esse excepturi.',NULL,1,'2025-10-18 07:29:38','2025-10-18 07:29:38',NULL),(23,'{\"vi\":\"Nhã Nam\"}','Asperiores distinctio id quia consequuntur ratione.',NULL,1,'2025-10-18 07:29:38','2025-10-18 07:29:38',NULL);
/*!40000 ALTER TABLE `brands` ENABLE KEYS */;
UNLOCK TABLES;

--
-- Table structure for table `cache`
--

DROP TABLE IF EXISTS `cache`;
/*!40101 SET @saved_cs_client     = @@character_set_client */;
/*!50503 SET character_set_client = utf8mb4 */;
CREATE TABLE `cache` (
  `key` varchar(255) NOT NULL,
  `value` mediumtext NOT NULL,
  `expiration` int(11) NOT NULL,
  PRIMARY KEY (`key`)
) ENGINE=InnoDB DEFAULT CHARSET=utf8mb4 COLLATE=utf8mb4_unicode_ci;
/*!40101 SET character_set_client = @saved_cs_client */;

--
-- Dumping data for table `cache`
--

LOCK TABLES `cache` WRITE;
/*!40000 ALTER TABLE `cache` DISABLE KEYS */;
/*!40000 ALTER TABLE `cache` ENABLE KEYS */;
UNLOCK TABLES;

--
-- Table structure for table `cache_locks`
--

DROP TABLE IF EXISTS `cache_locks`;
/*!40101 SET @saved_cs_client     = @@character_set_client */;
/*!50503 SET character_set_client = utf8mb4 */;
CREATE TABLE `cache_locks` (
  `key` varchar(255) NOT NULL,
  `owner` varchar(255) NOT NULL,
  `expiration` int(11) NOT NULL,
  PRIMARY KEY (`key`)
) ENGINE=InnoDB DEFAULT CHARSET=utf8mb4 COLLATE=utf8mb4_unicode_ci;
/*!40101 SET character_set_client = @saved_cs_client */;

--
-- Dumping data for table `cache_locks`
--

LOCK TABLES `cache_locks` WRITE;
/*!40000 ALTER TABLE `cache_locks` DISABLE KEYS */;
/*!40000 ALTER TABLE `cache_locks` ENABLE KEYS */;
UNLOCK TABLES;

--
-- Table structure for table `cart_items`
--

DROP TABLE IF EXISTS `cart_items`;
/*!40101 SET @saved_cs_client     = @@character_set_client */;
/*!50503 SET character_set_client = utf8mb4 */;
CREATE TABLE `cart_items` (
  `cart_item_id` bigint(20) unsigned NOT NULL AUTO_INCREMENT,
  `user_id` bigint(20) unsigned NOT NULL,
  `variant_id` bigint(20) unsigned NOT NULL,
  `quantity` int(11) NOT NULL,
  `created_at` timestamp NULL DEFAULT NULL,
  `updated_at` timestamp NULL DEFAULT NULL,
  PRIMARY KEY (`cart_item_id`),
  UNIQUE KEY `cart_items_user_id_variant_id_unique` (`user_id`,`variant_id`),
  KEY `cart_items_variant_id_foreign` (`variant_id`),
  CONSTRAINT `cart_items_user_id_foreign` FOREIGN KEY (`user_id`) REFERENCES `users` (`id`) ON DELETE CASCADE,
  CONSTRAINT `cart_items_variant_id_foreign` FOREIGN KEY (`variant_id`) REFERENCES `product_variants` (`variant_id`) ON DELETE CASCADE
) ENGINE=InnoDB AUTO_INCREMENT=45 DEFAULT CHARSET=utf8mb4 COLLATE=utf8mb4_unicode_ci;
/*!40101 SET character_set_client = @saved_cs_client */;

--
-- Dumping data for table `cart_items`
--

LOCK TABLES `cart_items` WRITE;
/*!40000 ALTER TABLE `cart_items` DISABLE KEYS */;
INSERT INTO `cart_items` VALUES (1,33,28,1,'2025-10-18 07:29:40','2025-10-18 07:29:40'),(2,33,54,1,'2025-10-18 07:29:40','2025-10-18 07:29:40'),(3,33,97,1,'2025-10-18 07:29:40','2025-10-18 07:29:40'),(4,35,31,1,'2025-10-18 07:29:40','2025-10-18 07:29:40'),(5,35,65,2,'2025-10-18 07:29:40','2025-10-18 07:29:40'),(6,35,98,2,'2025-10-18 07:29:40','2025-10-18 07:29:40'),(7,35,111,2,'2025-10-18 07:29:40','2025-10-18 07:29:40'),(8,35,120,1,'2025-10-18 07:29:40','2025-10-18 07:29:40'),(9,46,22,1,'2025-10-18 07:29:40','2025-10-18 07:29:40'),(10,46,120,2,'2025-10-18 07:29:40','2025-10-18 07:29:40'),(11,46,134,2,'2025-10-18 07:29:40','2025-10-18 07:29:40'),(12,49,91,1,'2025-10-18 07:29:40','2025-10-18 07:29:40'),(13,49,107,1,'2025-10-18 07:29:40','2025-10-18 07:29:40'),(14,49,141,2,'2025-10-18 07:29:40','2025-10-18 07:29:40'),(15,54,26,2,'2025-10-18 07:29:40','2025-10-18 07:29:40'),(16,54,86,1,'2025-10-18 07:29:40','2025-10-18 07:29:40'),(17,54,135,1,'2025-10-18 07:29:40','2025-10-18 07:29:40'),(18,55,14,2,'2025-10-18 07:29:40','2025-10-18 07:29:40'),(19,55,70,1,'2025-10-18 07:29:40','2025-10-18 07:29:40'),(20,60,1,2,'2025-10-18 07:29:40','2025-10-18 07:29:40'),(21,60,122,1,'2025-10-18 07:29:40','2025-10-18 07:29:40'),(22,60,129,1,'2025-10-18 07:29:40','2025-10-18 07:29:40'),(23,65,63,1,'2025-10-18 07:29:40','2025-10-18 07:29:40'),(24,65,68,2,'2025-10-18 07:29:40','2025-10-18 07:29:40'),(25,65,110,2,'2025-10-18 07:29:40','2025-10-18 07:29:40'),(26,65,142,2,'2025-10-18 07:29:40','2025-10-18 07:29:40'),(27,66,113,2,'2025-10-18 07:29:40','2025-10-18 07:29:40'),(28,81,9,1,'2025-10-18 07:29:40','2025-10-18 07:29:40'),(29,81,39,2,'2025-10-18 07:29:40','2025-10-18 07:29:40'),(30,81,105,2,'2025-10-18 07:29:40','2025-10-18 07:29:40'),(31,82,21,2,'2025-10-18 07:29:40','2025-10-18 07:29:40'),(32,82,48,1,'2025-10-18 07:29:40','2025-10-18 07:29:40'),(33,82,75,1,'2025-10-18 07:29:40','2025-10-18 07:29:40'),(34,82,110,1,'2025-10-18 07:29:40','2025-10-18 07:29:40'),(35,94,44,2,'2025-10-18 07:29:40','2025-10-18 07:29:40'),(36,94,52,1,'2025-10-18 07:29:40','2025-10-18 07:29:40'),(37,94,65,1,'2025-10-18 07:29:40','2025-10-18 07:29:40'),(38,100,14,1,'2025-10-18 07:29:40','2025-10-18 07:29:40'),(39,100,98,1,'2025-10-18 07:29:40','2025-10-18 07:29:40'),(40,106,6,1,'2025-10-18 07:29:40','2025-10-18 07:29:40'),(41,106,24,1,'2025-10-18 07:29:40','2025-10-18 07:29:40'),(42,106,66,1,'2025-10-18 07:29:40','2025-10-18 07:29:40'),(43,106,98,1,'2025-10-18 07:29:40','2025-10-18 07:29:40'),(44,110,107,2,'2025-10-18 07:29:40','2025-10-18 07:29:40');
/*!40000 ALTER TABLE `cart_items` ENABLE KEYS */;
UNLOCK TABLES;

--
-- Table structure for table `categories`
--

DROP TABLE IF EXISTS `categories`;
/*!40101 SET @saved_cs_client     = @@character_set_client */;
/*!50503 SET character_set_client = utf8mb4 */;
CREATE TABLE `categories` (
  `category_id` bigint(20) unsigned NOT NULL AUTO_INCREMENT,
  `name` longtext CHARACTER SET utf8mb4 COLLATE utf8mb4_bin NOT NULL CHECK (json_valid(`name`)),
  `description` longtext CHARACTER SET utf8mb4 COLLATE utf8mb4_bin DEFAULT NULL CHECK (json_valid(`description`)),
  `image_url` varchar(255) DEFAULT NULL,
  `parent_category_id` bigint(20) unsigned DEFAULT NULL,
  `is_active` tinyint(1) NOT NULL DEFAULT 1,
  `created_at` timestamp NULL DEFAULT NULL,
  `updated_at` timestamp NULL DEFAULT NULL,
  `deleted_at` timestamp NULL DEFAULT NULL,
  PRIMARY KEY (`category_id`),
  KEY `categories_parent_category_id_foreign` (`parent_category_id`),
  CONSTRAINT `categories_parent_category_id_foreign` FOREIGN KEY (`parent_category_id`) REFERENCES `categories` (`category_id`) ON DELETE SET NULL
) ENGINE=InnoDB AUTO_INCREMENT=82 DEFAULT CHARSET=utf8mb4 COLLATE=utf8mb4_unicode_ci;
/*!40101 SET character_set_client = @saved_cs_client */;

--
-- Dumping data for table `categories`
--

LOCK TABLES `categories` WRITE;
/*!40000 ALTER TABLE `categories` DISABLE KEYS */;
INSERT INTO `categories` VALUES (1,'{\"en\":\"Fashion\",\"vi\":\"Thời trang\"}','{\"en\":\"Products in Fashion category\",\"vi\":\"C\\u00e1c s\\u1ea3n ph\\u1ea9m thu\\u1ed9c danh m\\u1ee5c Th\\u1eddi trang\"}','https://via.placeholder.com/600x400.png/00aa88?text=Category',NULL,1,'2025-10-18 07:29:38','2025-10-18 07:29:38',NULL),(2,'{\"en\":\"Men\'s Clothing\",\"vi\":\"Áo Nam\"}','{\"en\":\"Products in Men\'s Clothing category\",\"vi\":\"C\\u00e1c s\\u1ea3n ph\\u1ea9m thu\\u1ed9c danh m\\u1ee5c \\u00c1o Nam\"}','https://via.placeholder.com/600x400.png/00aa88?text=Category',1,1,'2025-10-18 07:29:38','2025-10-18 07:29:38',NULL),(3,'{\"en\":\"Men\'s Pants\",\"vi\":\"Quần Nam\"}','{\"en\":\"Products in Men\'s Pants category\",\"vi\":\"C\\u00e1c s\\u1ea3n ph\\u1ea9m thu\\u1ed9c danh m\\u1ee5c Qu\\u1ea7n Nam\"}','https://via.placeholder.com/600x400.png/00aa88?text=Category',1,1,'2025-10-18 07:29:38','2025-10-18 07:29:38',NULL),(4,'{\"en\":\"Women\'s Clothing\",\"vi\":\"Áo Nữ\"}','{\"en\":\"Products in Women\'s Clothing category\",\"vi\":\"C\\u00e1c s\\u1ea3n ph\\u1ea9m thu\\u1ed9c danh m\\u1ee5c \\u00c1o N\\u1eef\"}','https://via.placeholder.com/600x400.png/00aa88?text=Category',1,1,'2025-10-18 07:29:38','2025-10-18 07:29:38',NULL),(5,'{\"en\":\"Women\'s Dresses\",\"vi\":\"Váy Nữ\"}','{\"en\":\"Products in Women\'s Dresses category\",\"vi\":\"C\\u00e1c s\\u1ea3n ph\\u1ea9m thu\\u1ed9c danh m\\u1ee5c V\\u00e1y N\\u1eef\"}','https://via.placeholder.com/600x400.png/00aa88?text=Category',1,1,'2025-10-18 07:29:38','2025-10-18 07:29:38',NULL),(6,'{\"en\":\"Accessories\",\"vi\":\"Phụ kiện\"}','{\"en\":\"Products in Accessories category\",\"vi\":\"C\\u00e1c s\\u1ea3n ph\\u1ea9m thu\\u1ed9c danh m\\u1ee5c Ph\\u1ee5 ki\\u1ec7n\"}','https://via.placeholder.com/600x400.png/00aa88?text=Category',1,1,'2025-10-18 07:29:38','2025-10-18 07:29:38',NULL),(7,'{\"en\":\"Electronics\",\"vi\":\"Điện tử\"}','{\"en\":\"Products in Electronics category\",\"vi\":\"C\\u00e1c s\\u1ea3n ph\\u1ea9m thu\\u1ed9c danh m\\u1ee5c \\u0110i\\u1ec7n t\\u1eed\"}','https://via.placeholder.com/600x400.png/00aa88?text=Category',NULL,1,'2025-10-18 07:29:38','2025-10-18 07:29:38',NULL),(8,'{\"en\":\"Mobile Phones\",\"vi\":\"Điện thoại\"}','{\"en\":\"Products in Mobile Phones category\",\"vi\":\"C\\u00e1c s\\u1ea3n ph\\u1ea9m thu\\u1ed9c danh m\\u1ee5c \\u0110i\\u1ec7n tho\\u1ea1i\"}','https://via.placeholder.com/600x400.png/00aa88?text=Category',7,1,'2025-10-18 07:29:38','2025-10-18 07:29:38',NULL),(9,'{\"en\":\"Tablets\",\"vi\":\"Máy tính bảng\"}','{\"en\":\"Products in Tablets category\",\"vi\":\"C\\u00e1c s\\u1ea3n ph\\u1ea9m thu\\u1ed9c danh m\\u1ee5c M\\u00e1y t\\u00ednh b\\u1ea3ng\"}','https://via.placeholder.com/600x400.png/00aa88?text=Category',7,1,'2025-10-18 07:29:38','2025-10-18 07:29:38',NULL),(10,'{\"en\":\"Laptops\",\"vi\":\"Laptop\"}','{\"en\":\"Products in Laptops category\",\"vi\":\"C\\u00e1c s\\u1ea3n ph\\u1ea9m thu\\u1ed9c danh m\\u1ee5c Laptop\"}','https://via.placeholder.com/600x400.png/00aa88?text=Category',7,1,'2025-10-18 07:29:38','2025-10-18 07:29:38',NULL),(11,'{\"en\":\"Headphones\",\"vi\":\"Tai nghe\"}','{\"en\":\"Products in Headphones category\",\"vi\":\"C\\u00e1c s\\u1ea3n ph\\u1ea9m thu\\u1ed9c danh m\\u1ee5c Tai nghe\"}','https://via.placeholder.com/600x400.png/00aa88?text=Category',7,1,'2025-10-18 07:29:38','2025-10-18 07:29:38',NULL),(12,'{\"en\":\"Speakers\",\"vi\":\"Loa\"}','{\"en\":\"Products in Speakers category\",\"vi\":\"C\\u00e1c s\\u1ea3n ph\\u1ea9m thu\\u1ed9c danh m\\u1ee5c Loa\"}','https://via.placeholder.com/600x400.png/00aa88?text=Category',7,1,'2025-10-18 07:29:38','2025-10-18 07:29:38',NULL),(13,'{\"en\":\"Home & Living\",\"vi\":\"Nhà cửa & Đời sống\"}','{\"en\":\"Products in Home & Living category\",\"vi\":\"C\\u00e1c s\\u1ea3n ph\\u1ea9m thu\\u1ed9c danh m\\u1ee5c Nh\\u00e0 c\\u1eeda & \\u0110\\u1eddi s\\u1ed1ng\"}','https://via.placeholder.com/600x400.png/00aa88?text=Category',NULL,1,'2025-10-18 07:29:38','2025-10-18 07:29:38',NULL),(14,'{\"en\":\"Kitchen Appliances\",\"vi\":\"Đồ dùng nhà bếp\"}','{\"en\":\"Products in Kitchen Appliances category\",\"vi\":\"C\\u00e1c s\\u1ea3n ph\\u1ea9m thu\\u1ed9c danh m\\u1ee5c \\u0110\\u1ed3 d\\u00f9ng nh\\u00e0 b\\u1ebfp\"}','https://via.placeholder.com/600x400.png/00aa88?text=Category',13,1,'2025-10-18 07:29:38','2025-10-18 07:29:38',NULL),(15,'{\"en\":\"Home Decor\",\"vi\":\"Trang trí nhà cửa\"}','{\"en\":\"Products in Home Decor category\",\"vi\":\"C\\u00e1c s\\u1ea3n ph\\u1ea9m thu\\u1ed9c danh m\\u1ee5c Trang tr\\u00ed nh\\u00e0 c\\u1eeda\"}','https://via.placeholder.com/600x400.png/00aa88?text=Category',13,1,'2025-10-18 07:29:38','2025-10-18 07:29:38',NULL),(16,'{\"en\":\"Furniture\",\"vi\":\"Nội thất\"}','{\"en\":\"Products in Furniture category\",\"vi\":\"C\\u00e1c s\\u1ea3n ph\\u1ea9m thu\\u1ed9c danh m\\u1ee5c N\\u1ed9i th\\u1ea5t\"}','https://via.placeholder.com/600x400.png/00aa88?text=Category',13,1,'2025-10-18 07:29:38','2025-10-18 07:29:38',NULL),(17,'{\"en\":\"Plants\",\"vi\":\"Cây cảnh\"}','{\"en\":\"Products in Plants category\",\"vi\":\"C\\u00e1c s\\u1ea3n ph\\u1ea9m thu\\u1ed9c danh m\\u1ee5c C\\u00e2y c\\u1ea3nh\"}','https://via.placeholder.com/600x400.png/00aa88?text=Category',13,1,'2025-10-18 07:29:38','2025-10-18 07:29:38',NULL),(18,'{\"en\":\"Health & Beauty\",\"vi\":\"Sức khỏe & Sắc đẹp\"}','{\"en\":\"Products in Health & Beauty category\",\"vi\":\"C\\u00e1c s\\u1ea3n ph\\u1ea9m thu\\u1ed9c danh m\\u1ee5c S\\u1ee9c kh\\u1ecfe & S\\u1eafc \\u0111\\u1eb9p\"}','https://via.placeholder.com/600x400.png/00aa88?text=Category',NULL,1,'2025-10-18 07:29:38','2025-10-18 07:29:38',NULL),(19,'{\"en\":\"Skincare\",\"vi\":\"Chăm sóc da\"}','{\"en\":\"Products in Skincare category\",\"vi\":\"C\\u00e1c s\\u1ea3n ph\\u1ea9m thu\\u1ed9c danh m\\u1ee5c Ch\\u0103m s\\u00f3c da\"}','https://via.placeholder.com/600x400.png/00aa88?text=Category',18,1,'2025-10-18 07:29:38','2025-10-18 07:29:38',NULL),(20,'{\"en\":\"Makeup\",\"vi\":\"Trang điểm\"}','{\"en\":\"Products in Makeup category\",\"vi\":\"C\\u00e1c s\\u1ea3n ph\\u1ea9m thu\\u1ed9c danh m\\u1ee5c Trang \\u0111i\\u1ec3m\"}','https://via.placeholder.com/600x400.png/00aa88?text=Category',18,1,'2025-10-18 07:29:38','2025-10-18 07:29:38',NULL),(21,'{\"en\":\"Perfume\",\"vi\":\"Nước hoa\"}','{\"en\":\"Products in Perfume category\",\"vi\":\"C\\u00e1c s\\u1ea3n ph\\u1ea9m thu\\u1ed9c danh m\\u1ee5c N\\u01b0\\u1edbc hoa\"}','https://via.placeholder.com/600x400.png/00aa88?text=Category',18,1,'2025-10-18 07:29:38','2025-10-18 07:29:38',NULL),(22,'{\"en\":\"Supplements\",\"vi\":\"Thực phẩm chức năng\"}','{\"en\":\"Products in Supplements category\",\"vi\":\"C\\u00e1c s\\u1ea3n ph\\u1ea9m thu\\u1ed9c danh m\\u1ee5c Th\\u1ef1c ph\\u1ea9m ch\\u1ee9c n\\u0103ng\"}','https://via.placeholder.com/600x400.png/00aa88?text=Category',18,1,'2025-10-18 07:29:38','2025-10-18 07:29:38',NULL),(23,'{\"en\":\"Books & Stationery\",\"vi\":\"Sách & Văn phòng phẩm\"}','{\"en\":\"Products in Books & Stationery category\",\"vi\":\"C\\u00e1c s\\u1ea3n ph\\u1ea9m thu\\u1ed9c danh m\\u1ee5c S\\u00e1ch & V\\u0103n ph\\u00f2ng ph\\u1ea9m\"}','https://via.placeholder.com/600x400.png/00aa88?text=Category',NULL,1,'2025-10-18 07:29:38','2025-10-18 07:29:38',NULL),(24,'{\"en\":\"Literature\",\"vi\":\"Sách văn học\"}','{\"en\":\"Products in Literature category\",\"vi\":\"C\\u00e1c s\\u1ea3n ph\\u1ea9m thu\\u1ed9c danh m\\u1ee5c S\\u00e1ch v\\u0103n h\\u1ecdc\"}','https://via.placeholder.com/600x400.png/00aa88?text=Category',23,1,'2025-10-18 07:29:38','2025-10-18 07:29:38',NULL),(25,'{\"en\":\"Economics\",\"vi\":\"Sách kinh tế\"}','{\"en\":\"Products in Economics category\",\"vi\":\"C\\u00e1c s\\u1ea3n ph\\u1ea9m thu\\u1ed9c danh m\\u1ee5c S\\u00e1ch kinh t\\u1ebf\"}','https://via.placeholder.com/600x400.png/00aa88?text=Category',23,1,'2025-10-18 07:29:38','2025-10-18 07:29:38',NULL),(26,'{\"en\":\"Notebooks\",\"vi\":\"Sổ tay\"}','{\"en\":\"Products in Notebooks category\",\"vi\":\"C\\u00e1c s\\u1ea3n ph\\u1ea9m thu\\u1ed9c danh m\\u1ee5c S\\u1ed5 tay\"}','https://via.placeholder.com/600x400.png/00aa88?text=Category',23,1,'2025-10-18 07:29:38','2025-10-18 07:29:38',NULL),(27,'{\"en\":\"Pens\",\"vi\":\"Bút viết\"}','{\"en\":\"Products in Pens category\",\"vi\":\"C\\u00e1c s\\u1ea3n ph\\u1ea9m thu\\u1ed9c danh m\\u1ee5c B\\u00fat vi\\u1ebft\"}','https://via.placeholder.com/600x400.png/00aa88?text=Category',23,1,'2025-10-18 07:29:38','2025-10-18 07:29:38',NULL),(28,'{\"en\":\"Fashion\",\"vi\":\"Thời trang\"}','{\"en\":\"Products in Fashion category\",\"vi\":\"C\\u00e1c s\\u1ea3n ph\\u1ea9m thu\\u1ed9c danh m\\u1ee5c Th\\u1eddi trang\"}','https://via.placeholder.com/600x400.png/00aa88?text=Category',NULL,1,'2025-10-18 10:20:00','2025-10-18 10:20:00',NULL),(29,'{\"en\":\"Men\'s Clothing\",\"vi\":\"Áo Nam\"}','{\"en\":\"Products in Men\'s Clothing category\",\"vi\":\"C\\u00e1c s\\u1ea3n ph\\u1ea9m thu\\u1ed9c danh m\\u1ee5c \\u00c1o Nam\"}','https://via.placeholder.com/600x400.png/00aa88?text=Category',28,1,'2025-10-18 10:20:00','2025-10-18 10:20:00',NULL),(30,'{\"en\":\"Men\'s Pants\",\"vi\":\"Quần Nam\"}','{\"en\":\"Products in Men\'s Pants category\",\"vi\":\"C\\u00e1c s\\u1ea3n ph\\u1ea9m thu\\u1ed9c danh m\\u1ee5c Qu\\u1ea7n Nam\"}','https://via.placeholder.com/600x400.png/00aa88?text=Category',28,1,'2025-10-18 10:20:00','2025-10-18 10:20:00',NULL),(31,'{\"en\":\"Women\'s Clothing\",\"vi\":\"Áo Nữ\"}','{\"en\":\"Products in Women\'s Clothing category\",\"vi\":\"C\\u00e1c s\\u1ea3n ph\\u1ea9m thu\\u1ed9c danh m\\u1ee5c \\u00c1o N\\u1eef\"}','https://via.placeholder.com/600x400.png/00aa88?text=Category',28,1,'2025-10-18 10:20:00','2025-10-18 10:20:00',NULL),(32,'{\"en\":\"Women\'s Dresses\",\"vi\":\"Váy Nữ\"}','{\"en\":\"Products in Women\'s Dresses category\",\"vi\":\"C\\u00e1c s\\u1ea3n ph\\u1ea9m thu\\u1ed9c danh m\\u1ee5c V\\u00e1y N\\u1eef\"}','https://via.placeholder.com/600x400.png/00aa88?text=Category',28,1,'2025-10-18 10:20:00','2025-10-18 10:20:00',NULL),(33,'{\"en\":\"Accessories\",\"vi\":\"Phụ kiện\"}','{\"en\":\"Products in Accessories category\",\"vi\":\"C\\u00e1c s\\u1ea3n ph\\u1ea9m thu\\u1ed9c danh m\\u1ee5c Ph\\u1ee5 ki\\u1ec7n\"}','https://via.placeholder.com/600x400.png/00aa88?text=Category',28,1,'2025-10-18 10:20:00','2025-10-18 10:20:00',NULL),(34,'{\"en\":\"Electronics\",\"vi\":\"Điện tử\"}','{\"en\":\"Products in Electronics category\",\"vi\":\"C\\u00e1c s\\u1ea3n ph\\u1ea9m thu\\u1ed9c danh m\\u1ee5c \\u0110i\\u1ec7n t\\u1eed\"}','https://via.placeholder.com/600x400.png/00aa88?text=Category',NULL,1,'2025-10-18 10:20:00','2025-10-18 10:20:00',NULL),(35,'{\"en\":\"Mobile Phones\",\"vi\":\"Điện thoại\"}','{\"en\":\"Products in Mobile Phones category\",\"vi\":\"C\\u00e1c s\\u1ea3n ph\\u1ea9m thu\\u1ed9c danh m\\u1ee5c \\u0110i\\u1ec7n tho\\u1ea1i\"}','https://via.placeholder.com/600x400.png/00aa88?text=Category',34,1,'2025-10-18 10:20:00','2025-10-18 10:20:00',NULL),(36,'{\"en\":\"Tablets\",\"vi\":\"Máy tính bảng\"}','{\"en\":\"Products in Tablets category\",\"vi\":\"C\\u00e1c s\\u1ea3n ph\\u1ea9m thu\\u1ed9c danh m\\u1ee5c M\\u00e1y t\\u00ednh b\\u1ea3ng\"}','https://via.placeholder.com/600x400.png/00aa88?text=Category',34,1,'2025-10-18 10:20:00','2025-10-18 10:20:00',NULL),(37,'{\"en\":\"Laptops\",\"vi\":\"Laptop\"}','{\"en\":\"Products in Laptops category\",\"vi\":\"C\\u00e1c s\\u1ea3n ph\\u1ea9m thu\\u1ed9c danh m\\u1ee5c Laptop\"}','https://via.placeholder.com/600x400.png/00aa88?text=Category',34,1,'2025-10-18 10:20:00','2025-10-18 10:20:00',NULL),(38,'{\"en\":\"Headphones\",\"vi\":\"Tai nghe\"}','{\"en\":\"Products in Headphones category\",\"vi\":\"C\\u00e1c s\\u1ea3n ph\\u1ea9m thu\\u1ed9c danh m\\u1ee5c Tai nghe\"}','https://via.placeholder.com/600x400.png/00aa88?text=Category',34,1,'2025-10-18 10:20:00','2025-10-18 10:20:00',NULL),(39,'{\"en\":\"Speakers\",\"vi\":\"Loa\"}','{\"en\":\"Products in Speakers category\",\"vi\":\"C\\u00e1c s\\u1ea3n ph\\u1ea9m thu\\u1ed9c danh m\\u1ee5c Loa\"}','https://via.placeholder.com/600x400.png/00aa88?text=Category',34,1,'2025-10-18 10:20:00','2025-10-18 10:20:00',NULL),(40,'{\"en\":\"Home & Living\",\"vi\":\"Nhà cửa & Đời sống\"}','{\"en\":\"Products in Home & Living category\",\"vi\":\"C\\u00e1c s\\u1ea3n ph\\u1ea9m thu\\u1ed9c danh m\\u1ee5c Nh\\u00e0 c\\u1eeda & \\u0110\\u1eddi s\\u1ed1ng\"}','https://via.placeholder.com/600x400.png/00aa88?text=Category',NULL,1,'2025-10-18 10:20:00','2025-10-18 10:20:00',NULL),(41,'{\"en\":\"Kitchen Appliances\",\"vi\":\"Đồ dùng nhà bếp\"}','{\"en\":\"Products in Kitchen Appliances category\",\"vi\":\"C\\u00e1c s\\u1ea3n ph\\u1ea9m thu\\u1ed9c danh m\\u1ee5c \\u0110\\u1ed3 d\\u00f9ng nh\\u00e0 b\\u1ebfp\"}','https://via.placeholder.com/600x400.png/00aa88?text=Category',40,1,'2025-10-18 10:20:00','2025-10-18 10:20:00',NULL),(42,'{\"en\":\"Home Decor\",\"vi\":\"Trang trí nhà cửa\"}','{\"en\":\"Products in Home Decor category\",\"vi\":\"C\\u00e1c s\\u1ea3n ph\\u1ea9m thu\\u1ed9c danh m\\u1ee5c Trang tr\\u00ed nh\\u00e0 c\\u1eeda\"}','https://via.placeholder.com/600x400.png/00aa88?text=Category',40,1,'2025-10-18 10:20:00','2025-10-18 10:20:00',NULL),(43,'{\"en\":\"Furniture\",\"vi\":\"Nội thất\"}','{\"en\":\"Products in Furniture category\",\"vi\":\"C\\u00e1c s\\u1ea3n ph\\u1ea9m thu\\u1ed9c danh m\\u1ee5c N\\u1ed9i th\\u1ea5t\"}','https://via.placeholder.com/600x400.png/00aa88?text=Category',40,1,'2025-10-18 10:20:00','2025-10-18 10:20:00',NULL),(44,'{\"en\":\"Plants\",\"vi\":\"Cây cảnh\"}','{\"en\":\"Products in Plants category\",\"vi\":\"C\\u00e1c s\\u1ea3n ph\\u1ea9m thu\\u1ed9c danh m\\u1ee5c C\\u00e2y c\\u1ea3nh\"}','https://via.placeholder.com/600x400.png/00aa88?text=Category',40,1,'2025-10-18 10:20:00','2025-10-18 10:20:00',NULL),(45,'{\"en\":\"Health & Beauty\",\"vi\":\"Sức khỏe & Sắc đẹp\"}','{\"en\":\"Products in Health & Beauty category\",\"vi\":\"C\\u00e1c s\\u1ea3n ph\\u1ea9m thu\\u1ed9c danh m\\u1ee5c S\\u1ee9c kh\\u1ecfe & S\\u1eafc \\u0111\\u1eb9p\"}','https://via.placeholder.com/600x400.png/00aa88?text=Category',NULL,1,'2025-10-18 10:20:00','2025-10-18 10:20:00',NULL),(46,'{\"en\":\"Skincare\",\"vi\":\"Chăm sóc da\"}','{\"en\":\"Products in Skincare category\",\"vi\":\"C\\u00e1c s\\u1ea3n ph\\u1ea9m thu\\u1ed9c danh m\\u1ee5c Ch\\u0103m s\\u00f3c da\"}','https://via.placeholder.com/600x400.png/00aa88?text=Category',45,1,'2025-10-18 10:20:00','2025-10-18 10:20:00',NULL),(47,'{\"en\":\"Makeup\",\"vi\":\"Trang điểm\"}','{\"en\":\"Products in Makeup category\",\"vi\":\"C\\u00e1c s\\u1ea3n ph\\u1ea9m thu\\u1ed9c danh m\\u1ee5c Trang \\u0111i\\u1ec3m\"}','https://via.placeholder.com/600x400.png/00aa88?text=Category',45,1,'2025-10-18 10:20:00','2025-10-18 10:20:00',NULL),(48,'{\"en\":\"Perfume\",\"vi\":\"Nước hoa\"}','{\"en\":\"Products in Perfume category\",\"vi\":\"C\\u00e1c s\\u1ea3n ph\\u1ea9m thu\\u1ed9c danh m\\u1ee5c N\\u01b0\\u1edbc hoa\"}','https://via.placeholder.com/600x400.png/00aa88?text=Category',45,1,'2025-10-18 10:20:00','2025-10-18 10:20:00',NULL),(49,'{\"en\":\"Supplements\",\"vi\":\"Thực phẩm chức năng\"}','{\"en\":\"Products in Supplements category\",\"vi\":\"C\\u00e1c s\\u1ea3n ph\\u1ea9m thu\\u1ed9c danh m\\u1ee5c Th\\u1ef1c ph\\u1ea9m ch\\u1ee9c n\\u0103ng\"}','https://via.placeholder.com/600x400.png/00aa88?text=Category',45,1,'2025-10-18 10:20:00','2025-10-18 10:20:00',NULL),(50,'{\"en\":\"Books & Stationery\",\"vi\":\"Sách & Văn phòng phẩm\"}','{\"en\":\"Products in Books & Stationery category\",\"vi\":\"C\\u00e1c s\\u1ea3n ph\\u1ea9m thu\\u1ed9c danh m\\u1ee5c S\\u00e1ch & V\\u0103n ph\\u00f2ng ph\\u1ea9m\"}','https://via.placeholder.com/600x400.png/00aa88?text=Category',NULL,1,'2025-10-18 10:20:00','2025-10-18 10:20:00',NULL),(51,'{\"en\":\"Literature\",\"vi\":\"Sách văn học\"}','{\"en\":\"Products in Literature category\",\"vi\":\"C\\u00e1c s\\u1ea3n ph\\u1ea9m thu\\u1ed9c danh m\\u1ee5c S\\u00e1ch v\\u0103n h\\u1ecdc\"}','https://via.placeholder.com/600x400.png/00aa88?text=Category',50,1,'2025-10-18 10:20:00','2025-10-18 10:20:00',NULL),(52,'{\"en\":\"Economics\",\"vi\":\"Sách kinh tế\"}','{\"en\":\"Products in Economics category\",\"vi\":\"C\\u00e1c s\\u1ea3n ph\\u1ea9m thu\\u1ed9c danh m\\u1ee5c S\\u00e1ch kinh t\\u1ebf\"}','https://via.placeholder.com/600x400.png/00aa88?text=Category',50,1,'2025-10-18 10:20:00','2025-10-18 10:20:00',NULL),(53,'{\"en\":\"Notebooks\",\"vi\":\"Sổ tay\"}','{\"en\":\"Products in Notebooks category\",\"vi\":\"C\\u00e1c s\\u1ea3n ph\\u1ea9m thu\\u1ed9c danh m\\u1ee5c S\\u1ed5 tay\"}','https://via.placeholder.com/600x400.png/00aa88?text=Category',50,1,'2025-10-18 10:20:00','2025-10-18 10:20:00',NULL),(54,'{\"en\":\"Pens\",\"vi\":\"Bút viết\"}','{\"en\":\"Products in Pens category\",\"vi\":\"C\\u00e1c s\\u1ea3n ph\\u1ea9m thu\\u1ed9c danh m\\u1ee5c B\\u00fat vi\\u1ebft\"}','https://via.placeholder.com/600x400.png/00aa88?text=Category',50,1,'2025-10-18 10:20:00','2025-10-18 10:20:00',NULL),(55,'{\"en\":\"Fashion\",\"vi\":\"Thời trang\"}','{\"en\":\"Products in Fashion category\",\"vi\":\"C\\u00e1c s\\u1ea3n ph\\u1ea9m thu\\u1ed9c danh m\\u1ee5c Th\\u1eddi trang\"}','https://via.placeholder.com/600x400.png/00aa88?text=Category',NULL,1,'2025-10-18 10:20:39','2025-10-18 10:20:39',NULL),(56,'{\"en\":\"Men\'s Clothing\",\"vi\":\"Áo Nam\"}','{\"en\":\"Products in Men\'s Clothing category\",\"vi\":\"C\\u00e1c s\\u1ea3n ph\\u1ea9m thu\\u1ed9c danh m\\u1ee5c \\u00c1o Nam\"}','https://via.placeholder.com/600x400.png/00aa88?text=Category',55,1,'2025-10-18 10:20:39','2025-10-18 10:20:39',NULL),(57,'{\"en\":\"Men\'s Pants\",\"vi\":\"Quần Nam\"}','{\"en\":\"Products in Men\'s Pants category\",\"vi\":\"C\\u00e1c s\\u1ea3n ph\\u1ea9m thu\\u1ed9c danh m\\u1ee5c Qu\\u1ea7n Nam\"}','https://via.placeholder.com/600x400.png/00aa88?text=Category',55,1,'2025-10-18 10:20:39','2025-10-18 10:20:39',NULL),(58,'{\"en\":\"Women\'s Clothing\",\"vi\":\"Áo Nữ\"}','{\"en\":\"Products in Women\'s Clothing category\",\"vi\":\"C\\u00e1c s\\u1ea3n ph\\u1ea9m thu\\u1ed9c danh m\\u1ee5c \\u00c1o N\\u1eef\"}','https://via.placeholder.com/600x400.png/00aa88?text=Category',55,1,'2025-10-18 10:20:39','2025-10-18 10:20:39',NULL),(59,'{\"en\":\"Women\'s Dresses\",\"vi\":\"Váy Nữ\"}','{\"en\":\"Products in Women\'s Dresses category\",\"vi\":\"C\\u00e1c s\\u1ea3n ph\\u1ea9m thu\\u1ed9c danh m\\u1ee5c V\\u00e1y N\\u1eef\"}','https://via.placeholder.com/600x400.png/00aa88?text=Category',55,1,'2025-10-18 10:20:39','2025-10-18 10:20:39',NULL),(60,'{\"en\":\"Accessories\",\"vi\":\"Phụ kiện\"}','{\"en\":\"Products in Accessories category\",\"vi\":\"C\\u00e1c s\\u1ea3n ph\\u1ea9m thu\\u1ed9c danh m\\u1ee5c Ph\\u1ee5 ki\\u1ec7n\"}','https://via.placeholder.com/600x400.png/00aa88?text=Category',55,1,'2025-10-18 10:20:39','2025-10-18 10:20:39',NULL),(61,'{\"en\":\"Electronics\",\"vi\":\"Điện tử\"}','{\"en\":\"Products in Electronics category\",\"vi\":\"C\\u00e1c s\\u1ea3n ph\\u1ea9m thu\\u1ed9c danh m\\u1ee5c \\u0110i\\u1ec7n t\\u1eed\"}','https://via.placeholder.com/600x400.png/00aa88?text=Category',NULL,1,'2025-10-18 10:20:39','2025-10-18 10:20:39',NULL),(62,'{\"en\":\"Mobile Phones\",\"vi\":\"Điện thoại\"}','{\"en\":\"Products in Mobile Phones category\",\"vi\":\"C\\u00e1c s\\u1ea3n ph\\u1ea9m thu\\u1ed9c danh m\\u1ee5c \\u0110i\\u1ec7n tho\\u1ea1i\"}','https://via.placeholder.com/600x400.png/00aa88?text=Category',61,1,'2025-10-18 10:20:39','2025-10-18 10:20:39',NULL),(63,'{\"en\":\"Tablets\",\"vi\":\"Máy tính bảng\"}','{\"en\":\"Products in Tablets category\",\"vi\":\"C\\u00e1c s\\u1ea3n ph\\u1ea9m thu\\u1ed9c danh m\\u1ee5c M\\u00e1y t\\u00ednh b\\u1ea3ng\"}','https://via.placeholder.com/600x400.png/00aa88?text=Category',61,1,'2025-10-18 10:20:39','2025-10-18 10:20:39',NULL),(64,'{\"en\":\"Laptops\",\"vi\":\"Laptop\"}','{\"en\":\"Products in Laptops category\",\"vi\":\"C\\u00e1c s\\u1ea3n ph\\u1ea9m thu\\u1ed9c danh m\\u1ee5c Laptop\"}','https://via.placeholder.com/600x400.png/00aa88?text=Category',61,1,'2025-10-18 10:20:39','2025-10-18 10:20:39',NULL),(65,'{\"en\":\"Headphones\",\"vi\":\"Tai nghe\"}','{\"en\":\"Products in Headphones category\",\"vi\":\"C\\u00e1c s\\u1ea3n ph\\u1ea9m thu\\u1ed9c danh m\\u1ee5c Tai nghe\"}','https://via.placeholder.com/600x400.png/00aa88?text=Category',61,1,'2025-10-18 10:20:39','2025-10-18 10:20:39',NULL),(66,'{\"en\":\"Speakers\",\"vi\":\"Loa\"}','{\"en\":\"Products in Speakers category\",\"vi\":\"C\\u00e1c s\\u1ea3n ph\\u1ea9m thu\\u1ed9c danh m\\u1ee5c Loa\"}','https://via.placeholder.com/600x400.png/00aa88?text=Category',61,1,'2025-10-18 10:20:39','2025-10-18 10:20:39',NULL),(67,'{\"en\":\"Home & Living\",\"vi\":\"Nhà cửa & Đời sống\"}','{\"en\":\"Products in Home & Living category\",\"vi\":\"C\\u00e1c s\\u1ea3n ph\\u1ea9m thu\\u1ed9c danh m\\u1ee5c Nh\\u00e0 c\\u1eeda & \\u0110\\u1eddi s\\u1ed1ng\"}','https://via.placeholder.com/600x400.png/00aa88?text=Category',NULL,1,'2025-10-18 10:20:39','2025-10-18 10:20:39',NULL),(68,'{\"en\":\"Kitchen Appliances\",\"vi\":\"Đồ dùng nhà bếp\"}','{\"en\":\"Products in Kitchen Appliances category\",\"vi\":\"C\\u00e1c s\\u1ea3n ph\\u1ea9m thu\\u1ed9c danh m\\u1ee5c \\u0110\\u1ed3 d\\u00f9ng nh\\u00e0 b\\u1ebfp\"}','https://via.placeholder.com/600x400.png/00aa88?text=Category',67,1,'2025-10-18 10:20:39','2025-10-18 10:20:39',NULL),(69,'{\"en\":\"Home Decor\",\"vi\":\"Trang trí nhà cửa\"}','{\"en\":\"Products in Home Decor category\",\"vi\":\"C\\u00e1c s\\u1ea3n ph\\u1ea9m thu\\u1ed9c danh m\\u1ee5c Trang tr\\u00ed nh\\u00e0 c\\u1eeda\"}','https://via.placeholder.com/600x400.png/00aa88?text=Category',67,1,'2025-10-18 10:20:39','2025-10-18 10:20:39',NULL),(70,'{\"en\":\"Furniture\",\"vi\":\"Nội thất\"}','{\"en\":\"Products in Furniture category\",\"vi\":\"C\\u00e1c s\\u1ea3n ph\\u1ea9m thu\\u1ed9c danh m\\u1ee5c N\\u1ed9i th\\u1ea5t\"}','https://via.placeholder.com/600x400.png/00aa88?text=Category',67,1,'2025-10-18 10:20:39','2025-10-18 10:20:39',NULL),(71,'{\"en\":\"Plants\",\"vi\":\"Cây cảnh\"}','{\"en\":\"Products in Plants category\",\"vi\":\"C\\u00e1c s\\u1ea3n ph\\u1ea9m thu\\u1ed9c danh m\\u1ee5c C\\u00e2y c\\u1ea3nh\"}','https://via.placeholder.com/600x400.png/00aa88?text=Category',67,1,'2025-10-18 10:20:39','2025-10-18 10:20:39',NULL),(72,'{\"en\":\"Health & Beauty\",\"vi\":\"Sức khỏe & Sắc đẹp\"}','{\"en\":\"Products in Health & Beauty category\",\"vi\":\"C\\u00e1c s\\u1ea3n ph\\u1ea9m thu\\u1ed9c danh m\\u1ee5c S\\u1ee9c kh\\u1ecfe & S\\u1eafc \\u0111\\u1eb9p\"}','https://via.placeholder.com/600x400.png/00aa88?text=Category',NULL,1,'2025-10-18 10:20:39','2025-10-18 10:20:39',NULL),(73,'{\"en\":\"Skincare\",\"vi\":\"Chăm sóc da\"}','{\"en\":\"Products in Skincare category\",\"vi\":\"C\\u00e1c s\\u1ea3n ph\\u1ea9m thu\\u1ed9c danh m\\u1ee5c Ch\\u0103m s\\u00f3c da\"}','https://via.placeholder.com/600x400.png/00aa88?text=Category',72,1,'2025-10-18 10:20:39','2025-10-18 10:20:39',NULL),(74,'{\"en\":\"Makeup\",\"vi\":\"Trang điểm\"}','{\"en\":\"Products in Makeup category\",\"vi\":\"C\\u00e1c s\\u1ea3n ph\\u1ea9m thu\\u1ed9c danh m\\u1ee5c Trang \\u0111i\\u1ec3m\"}','https://via.placeholder.com/600x400.png/00aa88?text=Category',72,1,'2025-10-18 10:20:39','2025-10-18 10:20:39',NULL),(75,'{\"en\":\"Perfume\",\"vi\":\"Nước hoa\"}','{\"en\":\"Products in Perfume category\",\"vi\":\"C\\u00e1c s\\u1ea3n ph\\u1ea9m thu\\u1ed9c danh m\\u1ee5c N\\u01b0\\u1edbc hoa\"}','https://via.placeholder.com/600x400.png/00aa88?text=Category',72,1,'2025-10-18 10:20:39','2025-10-18 10:20:39',NULL),(76,'{\"en\":\"Supplements\",\"vi\":\"Thực phẩm chức năng\"}','{\"en\":\"Products in Supplements category\",\"vi\":\"C\\u00e1c s\\u1ea3n ph\\u1ea9m thu\\u1ed9c danh m\\u1ee5c Th\\u1ef1c ph\\u1ea9m ch\\u1ee9c n\\u0103ng\"}','https://via.placeholder.com/600x400.png/00aa88?text=Category',72,1,'2025-10-18 10:20:39','2025-10-18 10:20:39',NULL),(77,'{\"en\":\"Books & Stationery\",\"vi\":\"Sách & Văn phòng phẩm\"}','{\"en\":\"Products in Books & Stationery category\",\"vi\":\"C\\u00e1c s\\u1ea3n ph\\u1ea9m thu\\u1ed9c danh m\\u1ee5c S\\u00e1ch & V\\u0103n ph\\u00f2ng ph\\u1ea9m\"}','https://via.placeholder.com/600x400.png/00aa88?text=Category',NULL,1,'2025-10-18 10:20:39','2025-10-18 10:20:39',NULL),(78,'{\"en\":\"Literature\",\"vi\":\"Sách văn học\"}','{\"en\":\"Products in Literature category\",\"vi\":\"C\\u00e1c s\\u1ea3n ph\\u1ea9m thu\\u1ed9c danh m\\u1ee5c S\\u00e1ch v\\u0103n h\\u1ecdc\"}','https://via.placeholder.com/600x400.png/00aa88?text=Category',77,1,'2025-10-18 10:20:39','2025-10-18 10:20:39',NULL),(79,'{\"en\":\"Economics\",\"vi\":\"Sách kinh tế\"}','{\"en\":\"Products in Economics category\",\"vi\":\"C\\u00e1c s\\u1ea3n ph\\u1ea9m thu\\u1ed9c danh m\\u1ee5c S\\u00e1ch kinh t\\u1ebf\"}','https://via.placeholder.com/600x400.png/00aa88?text=Category',77,1,'2025-10-18 10:20:39','2025-10-18 10:20:39',NULL),(80,'{\"en\":\"Notebooks\",\"vi\":\"Sổ tay\"}','{\"en\":\"Products in Notebooks category\",\"vi\":\"C\\u00e1c s\\u1ea3n ph\\u1ea9m thu\\u1ed9c danh m\\u1ee5c S\\u1ed5 tay\"}','https://via.placeholder.com/600x400.png/00aa88?text=Category',77,1,'2025-10-18 10:20:39','2025-10-18 10:20:39',NULL),(81,'{\"en\":\"Pens\",\"vi\":\"Bút viết\"}','{\"en\":\"Products in Pens category\",\"vi\":\"C\\u00e1c s\\u1ea3n ph\\u1ea9m thu\\u1ed9c danh m\\u1ee5c B\\u00fat vi\\u1ebft\"}','https://via.placeholder.com/600x400.png/00aa88?text=Category',77,1,'2025-10-18 10:20:39','2025-10-18 10:20:39',NULL);
/*!40000 ALTER TABLE `categories` ENABLE KEYS */;
UNLOCK TABLES;

--
-- Table structure for table `chat_messages`
--

DROP TABLE IF EXISTS `chat_messages`;
/*!40101 SET @saved_cs_client     = @@character_set_client */;
/*!50503 SET character_set_client = utf8mb4 */;
CREATE TABLE `chat_messages` (
  `chat_message_id` bigint(20) unsigned NOT NULL AUTO_INCREMENT,
  `chat_room_id` bigint(20) unsigned NOT NULL,
  `sender_id` bigint(20) unsigned NOT NULL,
  `content` text NOT NULL,
  `content_type` tinyint(4) NOT NULL DEFAULT 1 COMMENT '1: Text, 2: Image, 3: File',
  `attachment_url` varchar(500) DEFAULT NULL,
  `is_edited` tinyint(1) NOT NULL DEFAULT 0,
  `edited_at` timestamp NULL DEFAULT NULL,
  `created_at` timestamp NULL DEFAULT NULL,
  `updated_at` timestamp NULL DEFAULT NULL,
  PRIMARY KEY (`chat_message_id`),
  KEY `chat_messages_chat_room_id_foreign` (`chat_room_id`),
  KEY `chat_messages_sender_id_foreign` (`sender_id`),
  CONSTRAINT `chat_messages_chat_room_id_foreign` FOREIGN KEY (`chat_room_id`) REFERENCES `chat_rooms` (`chat_room_id`) ON DELETE CASCADE,
  CONSTRAINT `chat_messages_sender_id_foreign` FOREIGN KEY (`sender_id`) REFERENCES `users` (`id`)
) ENGINE=InnoDB AUTO_INCREMENT=101 DEFAULT CHARSET=utf8mb4 COLLATE=utf8mb4_unicode_ci;
/*!40101 SET character_set_client = @saved_cs_client */;

--
-- Dumping data for table `chat_messages`
--

LOCK TABLES `chat_messages` WRITE;
/*!40000 ALTER TABLE `chat_messages` DISABLE KEYS */;
INSERT INTO `chat_messages` VALUES (1,1,50,'Chào shop, cho mình hỏi sản phẩm này còn hàng không?',1,NULL,0,NULL,'2025-10-18 07:29:43','2025-10-18 07:29:43'),(2,1,13,'Chào bạn, sản phẩm này bên mình vẫn còn hàng ạ. Bạn đặt hàng nhé.',1,NULL,0,NULL,'2025-10-18 07:29:43','2025-10-18 07:29:43'),(3,2,48,'Chào shop, cho mình hỏi sản phẩm này còn hàng không?',1,NULL,0,NULL,'2025-10-18 07:29:43','2025-10-18 07:29:43'),(4,2,2,'Chào bạn, sản phẩm này bên mình vẫn còn hàng ạ. Bạn đặt hàng nhé.',1,NULL,0,NULL,'2025-10-18 07:29:43','2025-10-18 07:29:43'),(5,3,80,'Chào shop, cho mình hỏi sản phẩm này còn hàng không?',1,NULL,0,NULL,'2025-10-18 07:29:43','2025-10-18 07:29:43'),(6,3,7,'Chào bạn, sản phẩm này bên mình vẫn còn hàng ạ. Bạn đặt hàng nhé.',1,NULL,0,NULL,'2025-10-18 07:29:43','2025-10-18 07:29:43'),(7,4,100,'Chào shop, cho mình hỏi sản phẩm này còn hàng không?',1,NULL,0,NULL,'2025-10-18 07:29:43','2025-10-18 07:29:43'),(8,4,17,'Chào bạn, sản phẩm này bên mình vẫn còn hàng ạ. Bạn đặt hàng nhé.',1,NULL,0,NULL,'2025-10-18 07:29:43','2025-10-18 07:29:43'),(9,5,81,'Chào shop, cho mình hỏi sản phẩm này còn hàng không?',1,NULL,0,NULL,'2025-10-18 07:29:43','2025-10-18 07:29:43'),(10,5,6,'Chào bạn, sản phẩm này bên mình vẫn còn hàng ạ. Bạn đặt hàng nhé.',1,NULL,0,NULL,'2025-10-18 07:29:43','2025-10-18 07:29:43'),(11,6,95,'Chào shop, cho mình hỏi sản phẩm này còn hàng không?',1,NULL,0,NULL,'2025-10-18 07:29:43','2025-10-18 07:29:43'),(12,6,16,'Chào bạn, sản phẩm này bên mình vẫn còn hàng ạ. Bạn đặt hàng nhé.',1,NULL,0,NULL,'2025-10-18 07:29:43','2025-10-18 07:29:43'),(13,7,116,'Chào shop, cho mình hỏi sản phẩm này còn hàng không?',1,NULL,0,NULL,'2025-10-18 07:29:43','2025-10-18 07:29:43'),(14,7,20,'Chào bạn, sản phẩm này bên mình vẫn còn hàng ạ. Bạn đặt hàng nhé.',1,NULL,0,NULL,'2025-10-18 07:29:43','2025-10-18 07:29:43'),(15,8,112,'Chào shop, cho mình hỏi sản phẩm này còn hàng không?',1,NULL,0,NULL,'2025-10-18 07:29:43','2025-10-18 07:29:43'),(16,8,3,'Chào bạn, sản phẩm này bên mình vẫn còn hàng ạ. Bạn đặt hàng nhé.',1,NULL,0,NULL,'2025-10-18 07:29:43','2025-10-18 07:29:43'),(17,9,48,'Chào shop, cho mình hỏi sản phẩm này còn hàng không?',1,NULL,0,NULL,'2025-10-18 07:29:43','2025-10-18 07:29:43'),(18,9,12,'Chào bạn, sản phẩm này bên mình vẫn còn hàng ạ. Bạn đặt hàng nhé.',1,NULL,0,NULL,'2025-10-18 07:29:43','2025-10-18 07:29:43'),(19,10,44,'Chào shop, cho mình hỏi sản phẩm này còn hàng không?',1,NULL,0,NULL,'2025-10-18 07:29:43','2025-10-18 07:29:43'),(20,10,2,'Chào bạn, sản phẩm này bên mình vẫn còn hàng ạ. Bạn đặt hàng nhé.',1,NULL,0,NULL,'2025-10-18 07:29:43','2025-10-18 07:29:43'),(21,11,117,'Chào shop, cho mình hỏi sản phẩm này còn hàng không?',1,NULL,0,NULL,'2025-10-18 07:29:43','2025-10-18 07:29:43'),(22,11,9,'Chào bạn, sản phẩm này bên mình vẫn còn hàng ạ. Bạn đặt hàng nhé.',1,NULL,0,NULL,'2025-10-18 07:29:43','2025-10-18 07:29:43'),(23,12,60,'Chào shop, cho mình hỏi sản phẩm này còn hàng không?',1,NULL,0,NULL,'2025-10-18 07:29:43','2025-10-18 07:29:43'),(24,12,14,'Chào bạn, sản phẩm này bên mình vẫn còn hàng ạ. Bạn đặt hàng nhé.',1,NULL,0,NULL,'2025-10-18 07:29:43','2025-10-18 07:29:43'),(25,13,37,'Chào shop, cho mình hỏi sản phẩm này còn hàng không?',1,NULL,0,NULL,'2025-10-18 07:29:43','2025-10-18 07:29:43'),(26,13,12,'Chào bạn, sản phẩm này bên mình vẫn còn hàng ạ. Bạn đặt hàng nhé.',1,NULL,0,NULL,'2025-10-18 07:29:43','2025-10-18 07:29:43'),(27,14,71,'Chào shop, cho mình hỏi sản phẩm này còn hàng không?',1,NULL,0,NULL,'2025-10-18 07:29:43','2025-10-18 07:29:43'),(28,14,18,'Chào bạn, sản phẩm này bên mình vẫn còn hàng ạ. Bạn đặt hàng nhé.',1,NULL,0,NULL,'2025-10-18 07:29:43','2025-10-18 07:29:43'),(29,15,85,'Chào shop, cho mình hỏi sản phẩm này còn hàng không?',1,NULL,0,NULL,'2025-10-18 07:29:43','2025-10-18 07:29:43'),(30,15,3,'Chào bạn, sản phẩm này bên mình vẫn còn hàng ạ. Bạn đặt hàng nhé.',1,NULL,0,NULL,'2025-10-18 07:29:43','2025-10-18 07:29:43'),(31,16,51,'Chào shop, cho mình hỏi sản phẩm này còn hàng không?',1,NULL,0,NULL,'2025-10-18 07:29:43','2025-10-18 07:29:43'),(32,16,17,'Chào bạn, sản phẩm này bên mình vẫn còn hàng ạ. Bạn đặt hàng nhé.',1,NULL,0,NULL,'2025-10-18 07:29:43','2025-10-18 07:29:43'),(33,17,113,'Chào shop, cho mình hỏi sản phẩm này còn hàng không?',1,NULL,0,NULL,'2025-10-18 07:29:43','2025-10-18 07:29:43'),(34,17,11,'Chào bạn, sản phẩm này bên mình vẫn còn hàng ạ. Bạn đặt hàng nhé.',1,NULL,0,NULL,'2025-10-18 07:29:43','2025-10-18 07:29:43'),(35,18,71,'Chào shop, cho mình hỏi sản phẩm này còn hàng không?',1,NULL,0,NULL,'2025-10-18 07:29:43','2025-10-18 07:29:43'),(36,18,6,'Chào bạn, sản phẩm này bên mình vẫn còn hàng ạ. Bạn đặt hàng nhé.',1,NULL,0,NULL,'2025-10-18 07:29:43','2025-10-18 07:29:43'),(37,19,79,'Chào shop, cho mình hỏi sản phẩm này còn hàng không?',1,NULL,0,NULL,'2025-10-18 07:29:43','2025-10-18 07:29:43'),(38,19,10,'Chào bạn, sản phẩm này bên mình vẫn còn hàng ạ. Bạn đặt hàng nhé.',1,NULL,0,NULL,'2025-10-18 07:29:43','2025-10-18 07:29:43'),(39,20,54,'Chào shop, cho mình hỏi sản phẩm này còn hàng không?',1,NULL,0,NULL,'2025-10-18 07:29:43','2025-10-18 07:29:43'),(40,20,16,'Chào bạn, sản phẩm này bên mình vẫn còn hàng ạ. Bạn đặt hàng nhé.',1,NULL,0,NULL,'2025-10-18 07:29:43','2025-10-18 07:29:43'),(41,21,53,'Chào shop, cho mình hỏi sản phẩm này còn hàng không?',1,NULL,0,NULL,'2025-10-18 07:29:43','2025-10-18 07:29:43'),(42,21,20,'Chào bạn, sản phẩm này bên mình vẫn còn hàng ạ. Bạn đặt hàng nhé.',1,NULL,0,NULL,'2025-10-18 07:29:43','2025-10-18 07:29:43'),(43,22,43,'Chào shop, cho mình hỏi sản phẩm này còn hàng không?',1,NULL,0,NULL,'2025-10-18 07:29:43','2025-10-18 07:29:43'),(44,22,13,'Chào bạn, sản phẩm này bên mình vẫn còn hàng ạ. Bạn đặt hàng nhé.',1,NULL,0,NULL,'2025-10-18 07:29:43','2025-10-18 07:29:43'),(45,23,104,'Chào shop, cho mình hỏi sản phẩm này còn hàng không?',1,NULL,0,NULL,'2025-10-18 07:29:43','2025-10-18 07:29:43'),(46,23,19,'Chào bạn, sản phẩm này bên mình vẫn còn hàng ạ. Bạn đặt hàng nhé.',1,NULL,0,NULL,'2025-10-18 07:29:43','2025-10-18 07:29:43'),(47,24,26,'Chào shop, cho mình hỏi sản phẩm này còn hàng không?',1,NULL,0,NULL,'2025-10-18 07:29:43','2025-10-18 07:29:43'),(48,24,12,'Chào bạn, sản phẩm này bên mình vẫn còn hàng ạ. Bạn đặt hàng nhé.',1,NULL,0,NULL,'2025-10-18 07:29:43','2025-10-18 07:29:43'),(49,25,104,'Chào shop, cho mình hỏi sản phẩm này còn hàng không?',1,NULL,0,NULL,'2025-10-18 07:29:43','2025-10-18 07:29:43'),(50,25,6,'Chào bạn, sản phẩm này bên mình vẫn còn hàng ạ. Bạn đặt hàng nhé.',1,NULL,0,NULL,'2025-10-18 07:29:43','2025-10-18 07:29:43'),(51,26,47,'Chào shop, cho mình hỏi sản phẩm này còn hàng không?',1,NULL,0,NULL,'2025-10-18 07:29:43','2025-10-18 07:29:43'),(52,26,20,'Chào bạn, sản phẩm này bên mình vẫn còn hàng ạ. Bạn đặt hàng nhé.',1,NULL,0,NULL,'2025-10-18 07:29:43','2025-10-18 07:29:43'),(53,27,30,'Chào shop, cho mình hỏi sản phẩm này còn hàng không?',1,NULL,0,NULL,'2025-10-18 07:29:43','2025-10-18 07:29:43'),(54,27,3,'Chào bạn, sản phẩm này bên mình vẫn còn hàng ạ. Bạn đặt hàng nhé.',1,NULL,0,NULL,'2025-10-18 07:29:43','2025-10-18 07:29:43'),(55,28,114,'Chào shop, cho mình hỏi sản phẩm này còn hàng không?',1,NULL,0,NULL,'2025-10-18 07:29:43','2025-10-18 07:29:43'),(56,28,8,'Chào bạn, sản phẩm này bên mình vẫn còn hàng ạ. Bạn đặt hàng nhé.',1,NULL,0,NULL,'2025-10-18 07:29:43','2025-10-18 07:29:43'),(57,29,38,'Chào shop, cho mình hỏi sản phẩm này còn hàng không?',1,NULL,0,NULL,'2025-10-18 07:29:43','2025-10-18 07:29:43'),(58,29,8,'Chào bạn, sản phẩm này bên mình vẫn còn hàng ạ. Bạn đặt hàng nhé.',1,NULL,0,NULL,'2025-10-18 07:29:43','2025-10-18 07:29:43'),(59,30,120,'Chào shop, cho mình hỏi sản phẩm này còn hàng không?',1,NULL,0,NULL,'2025-10-18 07:29:43','2025-10-18 07:29:43'),(60,30,9,'Chào bạn, sản phẩm này bên mình vẫn còn hàng ạ. Bạn đặt hàng nhé.',1,NULL,0,NULL,'2025-10-18 07:29:43','2025-10-18 07:29:43'),(61,31,35,'Chào shop, cho mình hỏi sản phẩm này còn hàng không?',1,NULL,0,NULL,'2025-10-18 07:29:43','2025-10-18 07:29:43'),(62,31,9,'Chào bạn, sản phẩm này bên mình vẫn còn hàng ạ. Bạn đặt hàng nhé.',1,NULL,0,NULL,'2025-10-18 07:29:43','2025-10-18 07:29:43'),(63,32,68,'Chào shop, cho mình hỏi sản phẩm này còn hàng không?',1,NULL,0,NULL,'2025-10-18 07:29:43','2025-10-18 07:29:43'),(64,32,18,'Chào bạn, sản phẩm này bên mình vẫn còn hàng ạ. Bạn đặt hàng nhé.',1,NULL,0,NULL,'2025-10-18 07:29:43','2025-10-18 07:29:43'),(65,33,71,'Chào shop, cho mình hỏi sản phẩm này còn hàng không?',1,NULL,0,NULL,'2025-10-18 07:29:43','2025-10-18 07:29:43'),(66,33,7,'Chào bạn, sản phẩm này bên mình vẫn còn hàng ạ. Bạn đặt hàng nhé.',1,NULL,0,NULL,'2025-10-18 07:29:43','2025-10-18 07:29:43'),(67,34,61,'Chào shop, cho mình hỏi sản phẩm này còn hàng không?',1,NULL,0,NULL,'2025-10-18 07:29:43','2025-10-18 07:29:43'),(68,34,12,'Chào bạn, sản phẩm này bên mình vẫn còn hàng ạ. Bạn đặt hàng nhé.',1,NULL,0,NULL,'2025-10-18 07:29:43','2025-10-18 07:29:43'),(69,35,30,'Chào shop, cho mình hỏi sản phẩm này còn hàng không?',1,NULL,0,NULL,'2025-10-18 07:29:43','2025-10-18 07:29:43'),(70,35,15,'Chào bạn, sản phẩm này bên mình vẫn còn hàng ạ. Bạn đặt hàng nhé.',1,NULL,0,NULL,'2025-10-18 07:29:43','2025-10-18 07:29:43'),(71,36,28,'Chào shop, cho mình hỏi sản phẩm này còn hàng không?',1,NULL,0,NULL,'2025-10-18 07:29:43','2025-10-18 07:29:43'),(72,36,9,'Chào bạn, sản phẩm này bên mình vẫn còn hàng ạ. Bạn đặt hàng nhé.',1,NULL,0,NULL,'2025-10-18 07:29:43','2025-10-18 07:29:43'),(73,37,45,'Chào shop, cho mình hỏi sản phẩm này còn hàng không?',1,NULL,0,NULL,'2025-10-18 07:29:43','2025-10-18 07:29:43'),(74,37,9,'Chào bạn, sản phẩm này bên mình vẫn còn hàng ạ. Bạn đặt hàng nhé.',1,NULL,0,NULL,'2025-10-18 07:29:43','2025-10-18 07:29:43'),(75,38,28,'Chào shop, cho mình hỏi sản phẩm này còn hàng không?',1,NULL,0,NULL,'2025-10-18 07:29:43','2025-10-18 07:29:43'),(76,38,17,'Chào bạn, sản phẩm này bên mình vẫn còn hàng ạ. Bạn đặt hàng nhé.',1,NULL,0,NULL,'2025-10-18 07:29:43','2025-10-18 07:29:43'),(77,39,92,'Chào shop, cho mình hỏi sản phẩm này còn hàng không?',1,NULL,0,NULL,'2025-10-18 07:29:43','2025-10-18 07:29:43'),(78,39,6,'Chào bạn, sản phẩm này bên mình vẫn còn hàng ạ. Bạn đặt hàng nhé.',1,NULL,0,NULL,'2025-10-18 07:29:43','2025-10-18 07:29:43'),(79,40,69,'Chào shop, cho mình hỏi sản phẩm này còn hàng không?',1,NULL,0,NULL,'2025-10-18 07:29:43','2025-10-18 07:29:43'),(80,40,17,'Chào bạn, sản phẩm này bên mình vẫn còn hàng ạ. Bạn đặt hàng nhé.',1,NULL,0,NULL,'2025-10-18 07:29:43','2025-10-18 07:29:43'),(81,41,50,'Chào shop, cho mình hỏi sản phẩm này còn hàng không?',1,NULL,0,NULL,'2025-10-18 07:29:44','2025-10-18 07:29:44'),(82,41,16,'Chào bạn, sản phẩm này bên mình vẫn còn hàng ạ. Bạn đặt hàng nhé.',1,NULL,0,NULL,'2025-10-18 07:29:44','2025-10-18 07:29:44'),(83,42,57,'Chào shop, cho mình hỏi sản phẩm này còn hàng không?',1,NULL,0,NULL,'2025-10-18 07:29:44','2025-10-18 07:29:44'),(84,42,14,'Chào bạn, sản phẩm này bên mình vẫn còn hàng ạ. Bạn đặt hàng nhé.',1,NULL,0,NULL,'2025-10-18 07:29:44','2025-10-18 07:29:44'),(85,43,28,'Chào shop, cho mình hỏi sản phẩm này còn hàng không?',1,NULL,0,NULL,'2025-10-18 07:29:44','2025-10-18 07:29:44'),(86,43,5,'Chào bạn, sản phẩm này bên mình vẫn còn hàng ạ. Bạn đặt hàng nhé.',1,NULL,0,NULL,'2025-10-18 07:29:44','2025-10-18 07:29:44'),(87,44,28,'Chào shop, cho mình hỏi sản phẩm này còn hàng không?',1,NULL,0,NULL,'2025-10-18 07:29:44','2025-10-18 07:29:44'),(88,44,17,'Chào bạn, sản phẩm này bên mình vẫn còn hàng ạ. Bạn đặt hàng nhé.',1,NULL,0,NULL,'2025-10-18 07:29:44','2025-10-18 07:29:44'),(89,45,121,'Chào shop, cho mình hỏi sản phẩm này còn hàng không?',1,NULL,0,NULL,'2025-10-18 07:29:44','2025-10-18 07:29:44'),(90,45,21,'Chào bạn, sản phẩm này bên mình vẫn còn hàng ạ. Bạn đặt hàng nhé.',1,NULL,0,NULL,'2025-10-18 07:29:44','2025-10-18 07:29:44'),(91,46,64,'Chào shop, cho mình hỏi sản phẩm này còn hàng không?',1,NULL,0,NULL,'2025-10-18 07:29:44','2025-10-18 07:29:44'),(92,46,8,'Chào bạn, sản phẩm này bên mình vẫn còn hàng ạ. Bạn đặt hàng nhé.',1,NULL,0,NULL,'2025-10-18 07:29:44','2025-10-18 07:29:44'),(93,47,89,'Chào shop, cho mình hỏi sản phẩm này còn hàng không?',1,NULL,0,NULL,'2025-10-18 07:29:44','2025-10-18 07:29:44'),(94,47,16,'Chào bạn, sản phẩm này bên mình vẫn còn hàng ạ. Bạn đặt hàng nhé.',1,NULL,0,NULL,'2025-10-18 07:29:44','2025-10-18 07:29:44'),(95,48,105,'Chào shop, cho mình hỏi sản phẩm này còn hàng không?',1,NULL,0,NULL,'2025-10-18 07:29:44','2025-10-18 07:29:44'),(96,48,9,'Chào bạn, sản phẩm này bên mình vẫn còn hàng ạ. Bạn đặt hàng nhé.',1,NULL,0,NULL,'2025-10-18 07:29:44','2025-10-18 07:29:44'),(97,49,105,'Chào shop, cho mình hỏi sản phẩm này còn hàng không?',1,NULL,0,NULL,'2025-10-18 07:29:44','2025-10-18 07:29:44'),(98,49,16,'Chào bạn, sản phẩm này bên mình vẫn còn hàng ạ. Bạn đặt hàng nhé.',1,NULL,0,NULL,'2025-10-18 07:29:44','2025-10-18 07:29:44'),(99,50,115,'Chào shop, cho mình hỏi sản phẩm này còn hàng không?',1,NULL,0,NULL,'2025-10-18 07:29:44','2025-10-18 07:29:44'),(100,50,9,'Chào bạn, sản phẩm này bên mình vẫn còn hàng ạ. Bạn đặt hàng nhé.',1,NULL,0,NULL,'2025-10-18 07:29:44','2025-10-18 07:29:44');
/*!40000 ALTER TABLE `chat_messages` ENABLE KEYS */;
UNLOCK TABLES;

--
-- Table structure for table `chat_participants`
--

DROP TABLE IF EXISTS `chat_participants`;
/*!40101 SET @saved_cs_client     = @@character_set_client */;
/*!50503 SET character_set_client = utf8mb4 */;
CREATE TABLE `chat_participants` (
  `chat_participant_id` bigint(20) unsigned NOT NULL AUTO_INCREMENT,
  `chat_room_id` bigint(20) unsigned NOT NULL,
  `user_id` bigint(20) unsigned NOT NULL,
  `joined_at` timestamp NOT NULL DEFAULT current_timestamp() ON UPDATE current_timestamp(),
  `left_at` timestamp NULL DEFAULT NULL,
  PRIMARY KEY (`chat_participant_id`),
  UNIQUE KEY `chat_participants_chat_room_id_user_id_unique` (`chat_room_id`,`user_id`),
  KEY `chat_participants_user_id_foreign` (`user_id`),
  CONSTRAINT `chat_participants_chat_room_id_foreign` FOREIGN KEY (`chat_room_id`) REFERENCES `chat_rooms` (`chat_room_id`) ON DELETE CASCADE,
  CONSTRAINT `chat_participants_user_id_foreign` FOREIGN KEY (`user_id`) REFERENCES `users` (`id`) ON DELETE CASCADE
) ENGINE=InnoDB AUTO_INCREMENT=101 DEFAULT CHARSET=utf8mb4 COLLATE=utf8mb4_unicode_ci;
/*!40101 SET character_set_client = @saved_cs_client */;

--
-- Dumping data for table `chat_participants`
--

LOCK TABLES `chat_participants` WRITE;
/*!40000 ALTER TABLE `chat_participants` DISABLE KEYS */;
INSERT INTO `chat_participants` VALUES (1,1,50,'2025-10-18 14:29:43',NULL),(2,1,13,'2025-10-18 14:29:43',NULL),(3,2,48,'2025-10-18 14:29:43',NULL),(4,2,2,'2025-10-18 14:29:43',NULL),(5,3,80,'2025-10-18 14:29:43',NULL),(6,3,7,'2025-10-18 14:29:43',NULL),(7,4,100,'2025-10-18 14:29:43',NULL),(8,4,17,'2025-10-18 14:29:43',NULL),(9,5,81,'2025-10-18 14:29:43',NULL),(10,5,6,'2025-10-18 14:29:43',NULL),(11,6,95,'2025-10-18 14:29:43',NULL),(12,6,16,'2025-10-18 14:29:43',NULL),(13,7,116,'2025-10-18 14:29:43',NULL),(14,7,20,'2025-10-18 14:29:43',NULL),(15,8,112,'2025-10-18 14:29:43',NULL),(16,8,3,'2025-10-18 14:29:43',NULL),(17,9,48,'2025-10-18 14:29:43',NULL),(18,9,12,'2025-10-18 14:29:43',NULL),(19,10,44,'2025-10-18 14:29:43',NULL),(20,10,2,'2025-10-18 14:29:43',NULL),(21,11,117,'2025-10-18 14:29:43',NULL),(22,11,9,'2025-10-18 14:29:43',NULL),(23,12,60,'2025-10-18 14:29:43',NULL),(24,12,14,'2025-10-18 14:29:43',NULL),(25,13,37,'2025-10-18 14:29:43',NULL),(26,13,12,'2025-10-18 14:29:43',NULL),(27,14,71,'2025-10-18 14:29:43',NULL),(28,14,18,'2025-10-18 14:29:43',NULL),(29,15,85,'2025-10-18 14:29:43',NULL),(30,15,3,'2025-10-18 14:29:43',NULL),(31,16,51,'2025-10-18 14:29:43',NULL),(32,16,17,'2025-10-18 14:29:43',NULL),(33,17,113,'2025-10-18 14:29:43',NULL),(34,17,11,'2025-10-18 14:29:43',NULL),(35,18,71,'2025-10-18 14:29:43',NULL),(36,18,6,'2025-10-18 14:29:43',NULL),(37,19,79,'2025-10-18 14:29:43',NULL),(38,19,10,'2025-10-18 14:29:43',NULL),(39,20,54,'2025-10-18 14:29:43',NULL),(40,20,16,'2025-10-18 14:29:43',NULL),(41,21,53,'2025-10-18 14:29:43',NULL),(42,21,20,'2025-10-18 14:29:43',NULL),(43,22,43,'2025-10-18 14:29:43',NULL),(44,22,13,'2025-10-18 14:29:43',NULL),(45,23,104,'2025-10-18 14:29:43',NULL),(46,23,19,'2025-10-18 14:29:43',NULL),(47,24,26,'2025-10-18 14:29:43',NULL),(48,24,12,'2025-10-18 14:29:43',NULL),(49,25,104,'2025-10-18 14:29:43',NULL),(50,25,6,'2025-10-18 14:29:43',NULL),(51,26,47,'2025-10-18 14:29:43',NULL),(52,26,20,'2025-10-18 14:29:43',NULL),(53,27,30,'2025-10-18 14:29:43',NULL),(54,27,3,'2025-10-18 14:29:43',NULL),(55,28,114,'2025-10-18 14:29:43',NULL),(56,28,8,'2025-10-18 14:29:43',NULL),(57,29,38,'2025-10-18 14:29:43',NULL),(58,29,8,'2025-10-18 14:29:43',NULL),(59,30,120,'2025-10-18 14:29:43',NULL),(60,30,9,'2025-10-18 14:29:43',NULL),(61,31,35,'2025-10-18 14:29:43',NULL),(62,31,9,'2025-10-18 14:29:43',NULL),(63,32,68,'2025-10-18 14:29:43',NULL),(64,32,18,'2025-10-18 14:29:43',NULL),(65,33,71,'2025-10-18 14:29:43',NULL),(66,33,7,'2025-10-18 14:29:43',NULL),(67,34,61,'2025-10-18 14:29:43',NULL),(68,34,12,'2025-10-18 14:29:43',NULL),(69,35,30,'2025-10-18 14:29:43',NULL),(70,35,15,'2025-10-18 14:29:43',NULL),(71,36,28,'2025-10-18 14:29:43',NULL),(72,36,9,'2025-10-18 14:29:43',NULL),(73,37,45,'2025-10-18 14:29:43',NULL),(74,37,9,'2025-10-18 14:29:43',NULL),(75,38,28,'2025-10-18 14:29:43',NULL),(76,38,17,'2025-10-18 14:29:43',NULL),(77,39,92,'2025-10-18 14:29:43',NULL),(78,39,6,'2025-10-18 14:29:43',NULL),(79,40,69,'2025-10-18 14:29:43',NULL),(80,40,17,'2025-10-18 14:29:43',NULL),(81,41,50,'2025-10-18 14:29:44',NULL),(82,41,16,'2025-10-18 14:29:44',NULL),(83,42,57,'2025-10-18 14:29:44',NULL),(84,42,14,'2025-10-18 14:29:44',NULL),(85,43,28,'2025-10-18 14:29:44',NULL),(86,43,5,'2025-10-18 14:29:44',NULL),(87,44,28,'2025-10-18 14:29:44',NULL),(88,44,17,'2025-10-18 14:29:44',NULL),(89,45,121,'2025-10-18 14:29:44',NULL),(90,45,21,'2025-10-18 14:29:44',NULL),(91,46,64,'2025-10-18 14:29:44',NULL),(92,46,8,'2025-10-18 14:29:44',NULL),(93,47,89,'2025-10-18 14:29:44',NULL),(94,47,16,'2025-10-18 14:29:44',NULL),(95,48,105,'2025-10-18 14:29:44',NULL),(96,48,9,'2025-10-18 14:29:44',NULL),(97,49,105,'2025-10-18 14:29:44',NULL),(98,49,16,'2025-10-18 14:29:44',NULL),(99,50,115,'2025-10-18 14:29:44',NULL),(100,50,9,'2025-10-18 14:29:44',NULL);
/*!40000 ALTER TABLE `chat_participants` ENABLE KEYS */;
UNLOCK TABLES;

--
-- Table structure for table `chat_rooms`
--

DROP TABLE IF EXISTS `chat_rooms`;
/*!40101 SET @saved_cs_client     = @@character_set_client */;
/*!50503 SET character_set_client = utf8mb4 */;
CREATE TABLE `chat_rooms` (
  `chat_room_id` bigint(20) unsigned NOT NULL AUTO_INCREMENT,
  `room_name` varchar(100) NOT NULL,
  `type` tinyint(4) NOT NULL COMMENT '1: User-to-User, 2: User-to-Seller',
  `is_active` tinyint(1) NOT NULL DEFAULT 1,
  `created_at` timestamp NULL DEFAULT NULL,
  `updated_at` timestamp NULL DEFAULT NULL,
  PRIMARY KEY (`chat_room_id`)
) ENGINE=InnoDB AUTO_INCREMENT=51 DEFAULT CHARSET=utf8mb4 COLLATE=utf8mb4_unicode_ci;
/*!40101 SET character_set_client = @saved_cs_client */;

--
-- Dumping data for table `chat_rooms`
--

LOCK TABLES `chat_rooms` WRITE;
/*!40000 ALTER TABLE `chat_rooms` DISABLE KEYS */;
INSERT INTO `chat_rooms` VALUES (1,'Chat between ldien and quyen.thoi',2,1,'2025-10-18 07:29:43','2025-10-18 07:29:43'),(2,'Chat between tong.hun and ha59',2,1,'2025-10-18 07:29:43','2025-10-18 07:29:43'),(3,'Chat between vu.dan and v.cn',2,1,'2025-10-18 07:29:43','2025-10-18 07:29:43'),(4,'Chat between ihoa and hau.ma',2,1,'2025-10-18 07:29:43','2025-10-18 07:29:43'),(5,'Chat between nhan68 and evan',2,1,'2025-10-18 07:29:43','2025-10-18 07:29:43'),(6,'Chat between be.dang and llac',2,1,'2025-10-18 07:29:43','2025-10-18 07:29:43'),(7,'Chat between thuy34 and khoi70',2,1,'2025-10-18 07:29:43','2025-10-18 07:29:43'),(8,'Chat between viet.mau and cao.n',2,1,'2025-10-18 07:29:43','2025-10-18 07:29:43'),(9,'Chat between tong.hun and le97',2,1,'2025-10-18 07:29:43','2025-10-18 07:29:43'),(10,'Chat between odinh and ha59',2,1,'2025-10-18 07:29:43','2025-10-18 07:29:43'),(11,'Chat between tra.khai and ch.hong',2,1,'2025-10-18 07:29:43','2025-10-18 07:29:43'),(12,'Chat between hunh.diep and nguyet.danh',2,1,'2025-10-18 07:29:43','2025-10-18 07:29:43'),(13,'Chat between y.cam and le97',2,1,'2025-10-18 07:29:43','2025-10-18 07:29:43'),(14,'Chat between rdiep and anh.ton',2,1,'2025-10-18 07:29:43','2025-10-18 07:29:43'),(15,'Chat between ztrinh and cao.n',2,1,'2025-10-18 07:29:43','2025-10-18 07:29:43'),(16,'Chat between leu.vi and hau.ma',2,1,'2025-10-18 07:29:43','2025-10-18 07:29:43'),(17,'Chat between phi80 and gtrung',2,1,'2025-10-18 07:29:43','2025-10-18 07:29:43'),(18,'Chat between rdiep and evan',2,1,'2025-10-18 07:29:43','2025-10-18 07:29:43'),(19,'Chat between anh.tham and lai.an',2,1,'2025-10-18 07:29:43','2025-10-18 07:29:43'),(20,'Chat between och and llac',2,1,'2025-10-18 07:29:43','2025-10-18 07:29:43'),(21,'Chat between thc75 and khoi70',2,1,'2025-10-18 07:29:43','2025-10-18 07:29:43'),(22,'Chat between theu08 and quyen.thoi',2,1,'2025-10-18 07:29:43','2025-10-18 07:29:43'),(23,'Chat between vu.giang and an60',2,1,'2025-10-18 07:29:43','2025-10-18 07:29:43'),(24,'Chat between dung70 and le97',2,1,'2025-10-18 07:29:43','2025-10-18 07:29:43'),(25,'Chat between vu.giang and evan',2,1,'2025-10-18 07:29:43','2025-10-18 07:29:43'),(26,'Chat between wche and khoi70',2,1,'2025-10-18 07:29:43','2025-10-18 07:29:43'),(27,'Chat between hanh60 and cao.n',2,1,'2025-10-18 07:29:43','2025-10-18 07:29:43'),(28,'Chat between kha54 and c.trac',2,1,'2025-10-18 07:29:43','2025-10-18 07:29:43'),(29,'Chat between khai.liu and c.trac',2,1,'2025-10-18 07:29:43','2025-10-18 07:29:43'),(30,'Chat between khoa76 and ch.hong',2,1,'2025-10-18 07:29:43','2025-10-18 07:29:43'),(31,'Chat between mi.leu and ch.hong',2,1,'2025-10-18 07:29:43','2025-10-18 07:29:43'),(32,'Chat between v.s and anh.ton',2,1,'2025-10-18 07:29:43','2025-10-18 07:29:43'),(33,'Chat between rdiep and v.cn',2,1,'2025-10-18 07:29:43','2025-10-18 07:29:43'),(34,'Chat between s.nguyet and le97',2,1,'2025-10-18 07:29:43','2025-10-18 07:29:43'),(35,'Chat between hanh60 and sbach',2,1,'2025-10-18 07:29:43','2025-10-18 07:29:43'),(36,'Chat between vuong.yen and ch.hong',2,1,'2025-10-18 07:29:43','2025-10-18 07:29:43'),(37,'Chat between nha57 and ch.hong',2,1,'2025-10-18 07:29:43','2025-10-18 07:29:43'),(38,'Chat between vuong.yen and hau.ma',2,1,'2025-10-18 07:29:43','2025-10-18 07:29:43'),(39,'Chat between pvien and evan',2,1,'2025-10-18 07:29:43','2025-10-18 07:29:43'),(40,'Chat between son.ninh and hau.ma',2,1,'2025-10-18 07:29:43','2025-10-18 07:29:43'),(41,'Chat between ldien and llac',2,1,'2025-10-18 07:29:44','2025-10-18 07:29:44'),(42,'Chat between bhan and nguyet.danh',2,1,'2025-10-18 07:29:44','2025-10-18 07:29:44'),(43,'Chat between vuong.yen and ca.linh',2,1,'2025-10-18 07:29:44','2025-10-18 07:29:44'),(44,'Chat between vuong.yen and hau.ma',2,1,'2025-10-18 07:29:44','2025-10-18 07:29:44'),(45,'Chat between giang.giac and ung.vu',2,1,'2025-10-18 07:29:44','2025-10-18 07:29:44'),(46,'Chat between hhinh and c.trac',2,1,'2025-10-18 07:29:44','2025-10-18 07:29:44'),(47,'Chat between tu36 and llac',2,1,'2025-10-18 07:29:44','2025-10-18 07:29:44'),(48,'Chat between mn76 and ch.hong',2,1,'2025-10-18 07:29:44','2025-10-18 07:29:44'),(49,'Chat between mn76 and llac',2,1,'2025-10-18 07:29:44','2025-10-18 07:29:44'),(50,'Chat between suong97 and ch.hong',2,1,'2025-10-18 07:29:44','2025-10-18 07:29:44');
/*!40000 ALTER TABLE `chat_rooms` ENABLE KEYS */;
UNLOCK TABLES;

--
-- Table structure for table `countries`
--

DROP TABLE IF EXISTS `countries`;
/*!40101 SET @saved_cs_client     = @@character_set_client */;
/*!50503 SET character_set_client = utf8mb4 */;
CREATE TABLE `countries` (
  `id` bigint(20) unsigned NOT NULL AUTO_INCREMENT,
  `name` longtext CHARACTER SET utf8mb4 COLLATE utf8mb4_bin NOT NULL CHECK (json_valid(`name`)),
  `iso_code_2` varchar(2) NOT NULL,
  `created_at` timestamp NULL DEFAULT NULL,
  `updated_at` timestamp NULL DEFAULT NULL,
  PRIMARY KEY (`id`),
  UNIQUE KEY `countries_iso_code_2_unique` (`iso_code_2`)
) ENGINE=InnoDB DEFAULT CHARSET=utf8mb4 COLLATE=utf8mb4_unicode_ci;
/*!40101 SET character_set_client = @saved_cs_client */;

--
-- Dumping data for table `countries`
--

LOCK TABLES `countries` WRITE;
/*!40000 ALTER TABLE `countries` DISABLE KEYS */;
/*!40000 ALTER TABLE `countries` ENABLE KEYS */;
UNLOCK TABLES;

--
-- Table structure for table `dispute_messages`
--

DROP TABLE IF EXISTS `dispute_messages`;
/*!40101 SET @saved_cs_client     = @@character_set_client */;
/*!50503 SET character_set_client = utf8mb4 */;
CREATE TABLE `dispute_messages` (
  `dispute_message_id` bigint(20) unsigned NOT NULL AUTO_INCREMENT,
  `dispute_id` bigint(20) unsigned NOT NULL,
  `sender_id` bigint(20) unsigned NOT NULL,
  `content` text NOT NULL,
  `attachment_url` varchar(500) DEFAULT NULL,
  `is_admin_message` tinyint(1) NOT NULL DEFAULT 0,
  `created_at` timestamp NULL DEFAULT NULL,
  `updated_at` timestamp NULL DEFAULT NULL,
  PRIMARY KEY (`dispute_message_id`),
  KEY `dispute_messages_dispute_id_foreign` (`dispute_id`),
  KEY `dispute_messages_sender_id_foreign` (`sender_id`),
  CONSTRAINT `dispute_messages_dispute_id_foreign` FOREIGN KEY (`dispute_id`) REFERENCES `disputes` (`dispute_id`) ON DELETE CASCADE,
  CONSTRAINT `dispute_messages_sender_id_foreign` FOREIGN KEY (`sender_id`) REFERENCES `users` (`id`)
) ENGINE=InnoDB AUTO_INCREMENT=31 DEFAULT CHARSET=utf8mb4 COLLATE=utf8mb4_unicode_ci;
/*!40101 SET character_set_client = @saved_cs_client */;

--
-- Dumping data for table `dispute_messages`
--

LOCK TABLES `dispute_messages` WRITE;
/*!40000 ALTER TABLE `dispute_messages` DISABLE KEYS */;
INSERT INTO `dispute_messages` VALUES (1,1,23,'Tôi muốn khiếu nại về chất lượng sản phẩm trong đơn hàng này.',NULL,0,'2025-10-18 07:29:44','2025-10-18 07:29:44'),(2,2,25,'Tôi muốn khiếu nại về chất lượng sản phẩm trong đơn hàng này.',NULL,0,'2025-10-18 07:29:44','2025-10-18 07:29:44'),(3,3,37,'Tôi muốn khiếu nại về chất lượng sản phẩm trong đơn hàng này.',NULL,0,'2025-10-18 07:29:44','2025-10-18 07:29:44'),(4,4,37,'Tôi muốn khiếu nại về chất lượng sản phẩm trong đơn hàng này.',NULL,0,'2025-10-18 07:29:44','2025-10-18 07:29:44'),(5,5,43,'Tôi muốn khiếu nại về chất lượng sản phẩm trong đơn hàng này.',NULL,0,'2025-10-18 07:29:44','2025-10-18 07:29:44'),(6,6,44,'Tôi muốn khiếu nại về chất lượng sản phẩm trong đơn hàng này.',NULL,0,'2025-10-18 07:29:44','2025-10-18 07:29:44'),(7,7,46,'Tôi muốn khiếu nại về chất lượng sản phẩm trong đơn hàng này.',NULL,0,'2025-10-18 07:29:44','2025-10-18 07:29:44'),(8,8,46,'Tôi muốn khiếu nại về chất lượng sản phẩm trong đơn hàng này.',NULL,0,'2025-10-18 07:29:44','2025-10-18 07:29:44'),(9,9,58,'Tôi muốn khiếu nại về chất lượng sản phẩm trong đơn hàng này.',NULL,0,'2025-10-18 07:29:44','2025-10-18 07:29:44'),(10,10,59,'Tôi muốn khiếu nại về chất lượng sản phẩm trong đơn hàng này.',NULL,0,'2025-10-18 07:29:44','2025-10-18 07:29:44'),(11,11,63,'Tôi muốn khiếu nại về chất lượng sản phẩm trong đơn hàng này.',NULL,0,'2025-10-18 07:29:44','2025-10-18 07:29:44'),(12,12,66,'Tôi muốn khiếu nại về chất lượng sản phẩm trong đơn hàng này.',NULL,0,'2025-10-18 07:29:44','2025-10-18 07:29:44'),(13,13,73,'Tôi muốn khiếu nại về chất lượng sản phẩm trong đơn hàng này.',NULL,0,'2025-10-18 07:29:44','2025-10-18 07:29:44'),(14,14,73,'Tôi muốn khiếu nại về chất lượng sản phẩm trong đơn hàng này.',NULL,0,'2025-10-18 07:29:44','2025-10-18 07:29:44'),(15,15,75,'Tôi muốn khiếu nại về chất lượng sản phẩm trong đơn hàng này.',NULL,0,'2025-10-18 07:29:44','2025-10-18 07:29:44'),(16,16,76,'Tôi muốn khiếu nại về chất lượng sản phẩm trong đơn hàng này.',NULL,0,'2025-10-18 07:29:44','2025-10-18 07:29:44'),(17,17,85,'Tôi muốn khiếu nại về chất lượng sản phẩm trong đơn hàng này.',NULL,0,'2025-10-18 07:29:44','2025-10-18 07:29:44'),(18,18,87,'Tôi muốn khiếu nại về chất lượng sản phẩm trong đơn hàng này.',NULL,0,'2025-10-18 07:29:44','2025-10-18 07:29:44'),(19,19,87,'Tôi muốn khiếu nại về chất lượng sản phẩm trong đơn hàng này.',NULL,0,'2025-10-18 07:29:44','2025-10-18 07:29:44'),(20,20,87,'Tôi muốn khiếu nại về chất lượng sản phẩm trong đơn hàng này.',NULL,0,'2025-10-18 07:29:44','2025-10-18 07:29:44'),(21,21,89,'Tôi muốn khiếu nại về chất lượng sản phẩm trong đơn hàng này.',NULL,0,'2025-10-18 07:29:44','2025-10-18 07:29:44'),(22,22,90,'Tôi muốn khiếu nại về chất lượng sản phẩm trong đơn hàng này.',NULL,0,'2025-10-18 07:29:44','2025-10-18 07:29:44'),(23,23,94,'Tôi muốn khiếu nại về chất lượng sản phẩm trong đơn hàng này.',NULL,0,'2025-10-18 07:29:44','2025-10-18 07:29:44'),(24,24,96,'Tôi muốn khiếu nại về chất lượng sản phẩm trong đơn hàng này.',NULL,0,'2025-10-18 07:29:44','2025-10-18 07:29:44'),(25,25,106,'Tôi muốn khiếu nại về chất lượng sản phẩm trong đơn hàng này.',NULL,0,'2025-10-18 07:29:44','2025-10-18 07:29:44'),(26,26,110,'Tôi muốn khiếu nại về chất lượng sản phẩm trong đơn hàng này.',NULL,0,'2025-10-18 07:29:44','2025-10-18 07:29:44'),(27,27,116,'Tôi muốn khiếu nại về chất lượng sản phẩm trong đơn hàng này.',NULL,0,'2025-10-18 07:29:44','2025-10-18 07:29:44'),(28,28,119,'Tôi muốn khiếu nại về chất lượng sản phẩm trong đơn hàng này.',NULL,0,'2025-10-18 07:29:44','2025-10-18 07:29:44'),(29,29,121,'Tôi muốn khiếu nại về chất lượng sản phẩm trong đơn hàng này.',NULL,0,'2025-10-18 07:29:44','2025-10-18 07:29:44'),(30,30,121,'Tôi muốn khiếu nại về chất lượng sản phẩm trong đơn hàng này.',NULL,0,'2025-10-18 07:29:44','2025-10-18 07:29:44');
/*!40000 ALTER TABLE `dispute_messages` ENABLE KEYS */;
UNLOCK TABLES;

--
-- Table structure for table `disputes`
--

DROP TABLE IF EXISTS `disputes`;
/*!40101 SET @saved_cs_client     = @@character_set_client */;
/*!50503 SET character_set_client = utf8mb4 */;
CREATE TABLE `disputes` (
  `dispute_id` bigint(20) unsigned NOT NULL AUTO_INCREMENT,
  `order_id` bigint(20) unsigned NOT NULL,
  `customer_id` bigint(20) unsigned NOT NULL,
  `seller_id` bigint(20) unsigned NOT NULL,
  `subject` varchar(200) NOT NULL,
  `description` text NOT NULL,
  `status` enum('open','under_review','resolved','closed') NOT NULL DEFAULT 'open' COMMENT 'Dispute status using ENUM values',
  `type` tinyint(4) NOT NULL COMMENT '1: Item not received, 2: Item not as described, 3: Other',
  `assigned_admin_id` bigint(20) unsigned DEFAULT NULL,
  `resolution` text DEFAULT NULL,
  `resolved_at` timestamp NULL DEFAULT NULL,
  `created_at` timestamp NULL DEFAULT NULL,
  `updated_at` timestamp NULL DEFAULT NULL,
  PRIMARY KEY (`dispute_id`),
  KEY `disputes_order_id_foreign` (`order_id`),
  KEY `disputes_customer_id_foreign` (`customer_id`),
  KEY `disputes_seller_id_foreign` (`seller_id`),
  KEY `disputes_assigned_admin_id_foreign` (`assigned_admin_id`),
  CONSTRAINT `disputes_assigned_admin_id_foreign` FOREIGN KEY (`assigned_admin_id`) REFERENCES `users` (`id`) ON DELETE SET NULL,
  CONSTRAINT `disputes_customer_id_foreign` FOREIGN KEY (`customer_id`) REFERENCES `users` (`id`),
  CONSTRAINT `disputes_order_id_foreign` FOREIGN KEY (`order_id`) REFERENCES `orders` (`order_id`),
  CONSTRAINT `disputes_seller_id_foreign` FOREIGN KEY (`seller_id`) REFERENCES `users` (`id`)
) ENGINE=InnoDB AUTO_INCREMENT=31 DEFAULT CHARSET=utf8mb4 COLLATE=utf8mb4_unicode_ci;
/*!40101 SET character_set_client = @saved_cs_client */;

--
-- Dumping data for table `disputes`
--

LOCK TABLES `disputes` WRITE;
/*!40000 ALTER TABLE `disputes` DISABLE KEYS */;
INSERT INTO `disputes` VALUES (1,6,23,8,'Khiếu nại về đơn hàng ORD-64358468','Quasi debitis enim tempora rerum tenetur et. Dicta itaque ratione aperiam exercitationem autem. Aut ex placeat sunt quia nulla in. Ut ratione et recusandae.','resolved',2,1,NULL,NULL,'2025-10-18 07:29:44','2025-10-18 07:29:44'),(2,8,25,2,'Khiếu nại về đơn hàng ORD-23067217','Est enim sequi sunt cumque architecto quia nemo ut. Fuga quia et ullam tenetur est molestias debitis. Occaecati aut similique non debitis.','closed',1,1,NULL,NULL,'2025-10-18 07:29:44','2025-10-18 07:29:44'),(3,38,37,4,'Khiếu nại về đơn hàng ORD-77380742','Iste et veritatis aut debitis. Consequatur sequi in distinctio cupiditate aut. Officia provident et aperiam at est accusantium. Voluptatem quae quia mollitia voluptates. Delectus alias minus quia perspiciatis.','closed',3,1,NULL,NULL,'2025-10-18 07:29:44','2025-10-18 07:29:44'),(4,42,37,21,'Khiếu nại về đơn hàng ORD-38150454','Optio sunt eveniet molestias dolor at. Ducimus quis nostrum tenetur. Molestiae in eligendi quidem aut cumque tempore ea. Voluptatum maxime occaecati repellat nihil iste sed.','closed',2,1,NULL,NULL,'2025-10-18 07:29:44','2025-10-18 07:29:44'),(5,57,43,21,'Khiếu nại về đơn hàng ORD-38532036','Odit consequuntur adipisci consequuntur tempore explicabo. Rerum mollitia iure voluptate est. Voluptas voluptates aspernatur modi quam cum sint. Qui inventore quisquam autem suscipit veritatis dolores nemo.','open',1,1,NULL,NULL,'2025-10-18 07:29:44','2025-10-18 07:29:44'),(6,58,44,18,'Khiếu nại về đơn hàng ORD-64207244','Eum quisquam qui quod excepturi nesciunt ut dolor. Optio ipsum et occaecati repellat quis placeat. Nemo quo et vitae omnis saepe ab dolore. Mollitia molestiae voluptatem omnis.','under_review',1,1,NULL,NULL,'2025-10-18 07:29:44','2025-10-18 07:29:44'),(7,69,46,5,'Khiếu nại về đơn hàng ORD-99148242','Quo inventore non assumenda sit et earum quidem. Hic saepe accusantium veniam.','resolved',3,1,NULL,NULL,'2025-10-18 07:29:44','2025-10-18 07:29:44'),(8,71,46,6,'Khiếu nại về đơn hàng ORD-13355309','Et sapiente quia perferendis. Modi cum ut neque tenetur. Sunt qui corporis consequuntur ipsum.','open',2,1,NULL,NULL,'2025-10-18 07:29:44','2025-10-18 07:29:44'),(9,109,58,4,'Khiếu nại về đơn hàng ORD-30585173','Nulla non quibusdam hic eum ratione enim beatae amet. Est eaque ipsum voluptatibus autem est ut nesciunt. Beatae voluptatibus dicta quia architecto amet amet sit.','resolved',1,1,NULL,NULL,'2025-10-18 07:29:44','2025-10-18 07:29:44'),(10,113,59,2,'Khiếu nại về đơn hàng ORD-41525646','Enim mollitia odit non ducimus ab omnis quae. Consectetur autem quo facere harum. Aut id quidem et veritatis ipsum. Laudantium et ut incidunt nostrum facilis eum.','open',3,1,NULL,NULL,'2025-10-18 07:29:44','2025-10-18 07:29:44'),(11,125,63,7,'Khiếu nại về đơn hàng ORD-58658907','Excepturi illum non eos consequuntur odio. Pariatur aliquam assumenda velit veritatis. Et quisquam totam iste ad dolorem quia deserunt. Sit cupiditate veniam aut aut dolores.','closed',3,1,NULL,NULL,'2025-10-18 07:29:44','2025-10-18 07:29:44'),(12,133,66,18,'Khiếu nại về đơn hàng ORD-47302274','Tempora qui animi commodi est alias. Rem dolores quia quas excepturi mollitia rerum. Ea minus fuga laudantium adipisci.','resolved',1,1,NULL,NULL,'2025-10-18 07:29:44','2025-10-18 07:29:44'),(13,152,73,7,'Khiếu nại về đơn hàng ORD-89167820','Amet tempore porro odio et laudantium rem. Quidem iste ratione commodi nobis voluptatem officia quas quidem. Saepe blanditiis veniam quidem maiores aut vitae fugit. Quis corporis facere sed eius atque perferendis.','under_review',2,1,NULL,NULL,'2025-10-18 07:29:44','2025-10-18 07:29:44'),(14,154,73,6,'Khiếu nại về đơn hàng ORD-68346659','Ut sapiente aut deserunt cumque rerum. Dolorum voluptate est ut qui odit nulla facilis aut. Labore voluptas deleniti perferendis eum reprehenderit sapiente corporis. Est delectus necessitatibus quis eligendi enim velit.','under_review',1,1,NULL,NULL,'2025-10-18 07:29:44','2025-10-18 07:29:44'),(15,163,75,5,'Khiếu nại về đơn hàng ORD-35880168','Omnis et itaque consequatur repellendus et quia qui. Esse quibusdam sit aspernatur sit quo. Iusto est saepe placeat aspernatur. Voluptatum minus distinctio eos hic iste necessitatibus quos.','under_review',1,1,NULL,NULL,'2025-10-18 07:29:44','2025-10-18 07:29:44'),(16,164,76,8,'Khiếu nại về đơn hàng ORD-82094167','Odit vitae eos nisi dignissimos dolores sunt qui. Minima pariatur aut et ullam rerum.','open',1,1,NULL,NULL,'2025-10-18 07:29:44','2025-10-18 07:29:44'),(17,191,85,12,'Khiếu nại về đơn hàng ORD-75086005','Ad deserunt cumque aperiam dolore consequuntur. Rerum ab consequatur qui iusto magnam. Sapiente magni quia quo deserunt dolorum quod.','under_review',1,1,NULL,NULL,'2025-10-18 07:29:44','2025-10-18 07:29:44'),(18,197,87,2,'Khiếu nại về đơn hàng ORD-87629653','Dolorum quis quo possimus accusantium natus dolorem qui. Consectetur eum veniam omnis ut iure maxime commodi voluptatum. Ut ipsum optio consequatur. Consequatur et dolorem neque est quas.','resolved',1,1,NULL,NULL,'2025-10-18 07:29:44','2025-10-18 07:29:44'),(19,199,87,6,'Khiếu nại về đơn hàng ORD-87633861','Ipsam laboriosam sit ipsa iusto blanditiis maxime. Odit modi quia voluptates eos animi molestiae. Culpa eum excepturi et doloribus necessitatibus quo. Molestiae occaecati dolorem quam sapiente quo exercitationem ea non.','resolved',2,1,NULL,NULL,'2025-10-18 07:29:44','2025-10-18 07:29:44'),(20,200,87,18,'Khiếu nại về đơn hàng ORD-6614388','Sit excepturi distinctio quisquam esse aut quod aut. Ipsam molestiae eum blanditiis accusamus velit voluptatem doloribus. Maiores ipsam possimus quis nam.','under_review',1,1,NULL,NULL,'2025-10-18 07:29:44','2025-10-18 07:29:44'),(21,208,89,21,'Khiếu nại về đơn hàng ORD-27905618','Sapiente est ducimus hic iure earum quae vel. Consectetur laboriosam soluta et. Qui aut harum saepe fugiat delectus non beatae.','closed',1,1,NULL,NULL,'2025-10-18 07:29:44','2025-10-18 07:29:44'),(22,210,90,18,'Khiếu nại về đơn hàng ORD-56003215','Neque modi harum qui omnis qui. Voluptatibus voluptas ea est ut id quam necessitatibus. Ea blanditiis sit impedit et saepe. Ipsam pariatur rerum natus distinctio facilis dolor earum mollitia.','resolved',2,1,NULL,NULL,'2025-10-18 07:29:44','2025-10-18 07:29:44'),(23,216,94,10,'Khiếu nại về đơn hàng ORD-78337128','Iste mollitia nam neque facere aut veritatis sed quidem. Aut cumque nam reiciendis explicabo. Earum est porro magnam natus occaecati. Quia facilis aut et voluptatem beatae enim iusto.','closed',2,1,NULL,NULL,'2025-10-18 07:29:44','2025-10-18 07:29:44'),(24,226,96,17,'Khiếu nại về đơn hàng ORD-14585153','Dolorum esse aliquid non quia expedita nesciunt. Velit fuga ducimus temporibus consectetur quia mollitia qui. Soluta consequatur accusamus temporibus at ex rem.','under_review',1,1,NULL,NULL,'2025-10-18 07:29:44','2025-10-18 07:29:44'),(25,254,106,2,'Khiếu nại về đơn hàng ORD-67942972','Veritatis unde sequi nemo et. Minus laudantium sapiente quis ab tempore odit veritatis qui. Eveniet explicabo ut commodi et doloribus numquam nobis. Voluptatem fugiat molestias voluptas nihil consequatur.','under_review',3,1,NULL,NULL,'2025-10-18 07:29:44','2025-10-18 07:29:44'),(26,271,110,12,'Khiếu nại về đơn hàng ORD-92038935','Vel fugit est consequatur sint molestiae ex. Voluptate eum nisi consequatur voluptatem eum eligendi temporibus at.','closed',2,1,NULL,NULL,'2025-10-18 07:29:44','2025-10-18 07:29:44'),(27,286,116,4,'Khiếu nại về đơn hàng ORD-18100255','Et aliquid illo ipsa rem quod sed aliquid. Maxime ut aut minus excepturi placeat alias. Non et velit eveniet iure possimus sapiente aperiam.','closed',3,1,NULL,NULL,'2025-10-18 07:29:44','2025-10-18 07:29:44'),(28,292,119,20,'Khiếu nại về đơn hàng ORD-15535619','Quidem quidem aut unde est. Consequatur amet et porro temporibus eos error reiciendis molestiae. Non vel et est doloribus quia sed. Laudantium ut dolorem temporibus repellendus quis aperiam inventore.','under_review',3,1,NULL,NULL,'2025-10-18 07:29:44','2025-10-18 07:29:44'),(29,294,121,9,'Khiếu nại về đơn hàng ORD-19788737','Ut et necessitatibus cumque. Sunt sit rem ratione voluptatem qui. Nobis sed non atque aliquam doloremque occaecati. Ullam in praesentium accusamus id distinctio. Impedit non labore consectetur sit minus.','open',2,1,NULL,NULL,'2025-10-18 07:29:44','2025-10-18 07:29:44'),(30,295,121,16,'Khiếu nại về đơn hàng ORD-89356372','Necessitatibus facilis inventore accusantium quae occaecati qui. Autem voluptate praesentium nihil ut quos quam. Autem harum ea quod recusandae. Sed voluptatem amet aut tempore deleniti vitae aperiam.','closed',1,1,NULL,NULL,'2025-10-18 07:29:44','2025-10-18 07:29:44');
/*!40000 ALTER TABLE `disputes` ENABLE KEYS */;
UNLOCK TABLES;

--
-- Table structure for table `failed_jobs`
--

DROP TABLE IF EXISTS `failed_jobs`;
/*!40101 SET @saved_cs_client     = @@character_set_client */;
/*!50503 SET character_set_client = utf8mb4 */;
CREATE TABLE `failed_jobs` (
  `id` bigint(20) unsigned NOT NULL AUTO_INCREMENT,
  `uuid` varchar(255) NOT NULL,
  `connection` text NOT NULL,
  `queue` text NOT NULL,
  `payload` longtext NOT NULL,
  `exception` longtext NOT NULL,
  `failed_at` timestamp NOT NULL DEFAULT current_timestamp(),
  PRIMARY KEY (`id`),
  UNIQUE KEY `failed_jobs_uuid_unique` (`uuid`)
) ENGINE=InnoDB DEFAULT CHARSET=utf8mb4 COLLATE=utf8mb4_unicode_ci;
/*!40101 SET character_set_client = @saved_cs_client */;

--
-- Dumping data for table `failed_jobs`
--

LOCK TABLES `failed_jobs` WRITE;
/*!40000 ALTER TABLE `failed_jobs` DISABLE KEYS */;
/*!40000 ALTER TABLE `failed_jobs` ENABLE KEYS */;
UNLOCK TABLES;

--
-- Table structure for table `flash_sale_events`
--

DROP TABLE IF EXISTS `flash_sale_events`;
/*!40101 SET @saved_cs_client     = @@character_set_client */;
/*!50503 SET character_set_client = utf8mb4 */;
CREATE TABLE `flash_sale_events` (
  `id` bigint(20) unsigned NOT NULL AUTO_INCREMENT,
  `name` varchar(255) NOT NULL COMMENT 'Tên sự kiện Flash Sale',
  `start_time` timestamp NULL DEFAULT NULL COMMENT 'Thời gian bắt đầu sự kiện',
  `end_time` timestamp NULL DEFAULT NULL COMMENT 'Thời gian kết thúc sự kiện',
  `status` enum('scheduled','active','ended','cancelled') NOT NULL DEFAULT 'scheduled' COMMENT 'Trạng thái sự kiện: scheduled, active, ended, cancelled',
  `description` text DEFAULT NULL COMMENT 'Mô tả sự kiện',
  `banner_image` varchar(500) DEFAULT NULL COMMENT 'Ảnh banner sự kiện',
  `metadata` longtext CHARACTER SET utf8mb4 COLLATE utf8mb4_bin DEFAULT NULL COMMENT 'Dữ liệu bổ sung (JSON)' CHECK (json_valid(`metadata`)),
  `created_at` timestamp NULL DEFAULT NULL,
  `updated_at` timestamp NULL DEFAULT NULL,
  PRIMARY KEY (`id`),
  KEY `flash_sale_events_status_time_index` (`status`,`start_time`,`end_time`),
  KEY `flash_sale_events_time_index` (`start_time`,`end_time`)
) ENGINE=InnoDB AUTO_INCREMENT=3 DEFAULT CHARSET=utf8mb4 COLLATE=utf8mb4_unicode_ci;
/*!40101 SET character_set_client = @saved_cs_client */;

--
-- Dumping data for table `flash_sale_events`
--

LOCK TABLES `flash_sale_events` WRITE;
/*!40000 ALTER TABLE `flash_sale_events` DISABLE KEYS */;
INSERT INTO `flash_sale_events` VALUES (1,'Flash Sale','2025-10-18 08:55:14','2025-10-18 11:55:14','active','Amazing flash sale event','/images/flash-sale-banner.jpg',NULL,'2025-10-18 09:55:14','2025-10-18 09:55:14'),(2,'Flash Sale','2025-10-18 08:55:24','2025-10-18 11:55:24','active','Amazing flash sale event','/images/flash-sale-banner.jpg',NULL,'2025-10-18 09:55:24','2025-10-18 09:55:24');
/*!40000 ALTER TABLE `flash_sale_events` ENABLE KEYS */;
UNLOCK TABLES;

--
-- Table structure for table `flash_sale_products`
--

DROP TABLE IF EXISTS `flash_sale_products`;
/*!40101 SET @saved_cs_client     = @@character_set_client */;
/*!50503 SET character_set_client = utf8mb4 */;
CREATE TABLE `flash_sale_products` (
  `id` bigint(20) unsigned NOT NULL AUTO_INCREMENT,
  `flash_sale_event_id` bigint(20) unsigned NOT NULL,
  `product_variant_id` bigint(20) unsigned NOT NULL,
  `flash_sale_price` decimal(15,2) NOT NULL COMMENT 'Giá Flash Sale của sản phẩm',
  `quantity_limit` int(11) NOT NULL DEFAULT 0 COMMENT 'Số lượng giới hạn cho Flash Sale',
  `sold_count` int(11) NOT NULL DEFAULT 0 COMMENT 'Số lượng đã bán trong Flash Sale',
  `discount_percentage` decimal(5,2) DEFAULT NULL COMMENT 'Phần trăm giảm giá so với giá gốc',
  `max_quantity_per_user` int(11) NOT NULL DEFAULT 1 COMMENT 'Số lượng tối đa mỗi người dùng có thể mua',
  `metadata` longtext CHARACTER SET utf8mb4 COLLATE utf8mb4_bin DEFAULT NULL COMMENT 'Dữ liệu bổ sung (JSON)' CHECK (json_valid(`metadata`)),
  `created_at` timestamp NULL DEFAULT NULL,
  `updated_at` timestamp NULL DEFAULT NULL,
  PRIMARY KEY (`id`),
  UNIQUE KEY `flash_sale_event_product_unique` (`flash_sale_event_id`,`product_variant_id`),
  KEY `flash_sale_products_event_sold_index` (`flash_sale_event_id`,`sold_count`),
  KEY `flash_sale_products_variant_index` (`product_variant_id`),
  KEY `flash_sale_products_price_index` (`flash_sale_price`),
  CONSTRAINT `flash_sale_products_flash_sale_event_id_foreign` FOREIGN KEY (`flash_sale_event_id`) REFERENCES `flash_sale_events` (`id`) ON DELETE CASCADE,
  CONSTRAINT `flash_sale_products_product_variant_id_foreign` FOREIGN KEY (`product_variant_id`) REFERENCES `product_variants` (`variant_id`) ON DELETE CASCADE
) ENGINE=InnoDB AUTO_INCREMENT=6 DEFAULT CHARSET=utf8mb4 COLLATE=utf8mb4_unicode_ci;
/*!40101 SET character_set_client = @saved_cs_client */;

--
-- Dumping data for table `flash_sale_products`
--

LOCK TABLES `flash_sale_products` WRITE;
/*!40000 ALTER TABLE `flash_sale_products` DISABLE KEYS */;
INSERT INTO `flash_sale_products` VALUES (1,1,1,15810342.40,100,36,NULL,5,NULL,'2025-10-18 09:55:24','2025-10-18 09:55:24'),(2,1,2,37321695.20,100,6,NULL,5,NULL,'2025-10-18 09:55:24','2025-10-18 09:55:24'),(3,1,3,20612164.80,100,37,NULL,5,NULL,'2025-10-18 09:55:24','2025-10-18 09:55:24'),(4,1,4,37013792.00,100,15,NULL,5,NULL,'2025-10-18 09:55:24','2025-10-18 09:55:24'),(5,1,5,30117752.00,100,36,NULL,5,NULL,'2025-10-18 09:55:24','2025-10-18 09:55:24');
/*!40000 ALTER TABLE `flash_sale_products` ENABLE KEYS */;
UNLOCK TABLES;

--
-- Table structure for table `hubs`
--

DROP TABLE IF EXISTS `hubs`;
/*!40101 SET @saved_cs_client     = @@character_set_client */;
/*!50503 SET character_set_client = utf8mb4 */;
CREATE TABLE `hubs` (
  `id` bigint(20) unsigned NOT NULL AUTO_INCREMENT,
  `name` varchar(255) NOT NULL,
  `address` text NOT NULL,
  `ward_id` bigint(20) unsigned DEFAULT NULL,
  `latitude` decimal(10,8) DEFAULT NULL,
  `longitude` decimal(11,8) DEFAULT NULL,
  `created_at` timestamp NULL DEFAULT NULL,
  `updated_at` timestamp NULL DEFAULT NULL,
  PRIMARY KEY (`id`),
  KEY `hubs_ward_id_foreign` (`ward_id`),
  CONSTRAINT `hubs_ward_id_foreign` FOREIGN KEY (`ward_id`) REFERENCES `administrative_divisions` (`id`)
) ENGINE=InnoDB DEFAULT CHARSET=utf8mb4 COLLATE=utf8mb4_unicode_ci;
/*!40101 SET character_set_client = @saved_cs_client */;

--
-- Dumping data for table `hubs`
--

LOCK TABLES `hubs` WRITE;
/*!40000 ALTER TABLE `hubs` DISABLE KEYS */;
/*!40000 ALTER TABLE `hubs` ENABLE KEYS */;
UNLOCK TABLES;

--
-- Table structure for table `international_addresses`
--

DROP TABLE IF EXISTS `international_addresses`;
/*!40101 SET @saved_cs_client     = @@character_set_client */;
/*!50503 SET character_set_client = utf8mb4 */;
CREATE TABLE `international_addresses` (
  `id` bigint(20) unsigned NOT NULL AUTO_INCREMENT,
  `addressable_type` varchar(255) NOT NULL,
  `addressable_id` bigint(20) unsigned NOT NULL,
  `type` enum('billing','shipping','pickup','default') NOT NULL DEFAULT 'shipping',
  `first_name` varchar(100) NOT NULL,
  `last_name` varchar(100) NOT NULL,
  `company` varchar(150) DEFAULT NULL,
  `phone` varchar(20) DEFAULT NULL,
  `email` varchar(150) DEFAULT NULL,
  `address_line_1` varchar(200) NOT NULL,
  `address_line_2` varchar(200) DEFAULT NULL,
  `address_line_3` varchar(200) DEFAULT NULL,
  `locality` varchar(100) NOT NULL,
  `administrative_area` varchar(100) DEFAULT NULL,
  `sub_administrative_area` varchar(100) DEFAULT NULL,
  `postal_code` varchar(20) DEFAULT NULL,
  `country_code` char(2) NOT NULL,
  `country_name` varchar(100) NOT NULL,
  `latitude` decimal(10,8) DEFAULT NULL,
  `longitude` decimal(11,8) DEFAULT NULL,
  `validation_result` longtext CHARACTER SET utf8mb4 COLLATE utf8mb4_bin DEFAULT NULL CHECK (json_valid(`validation_result`)),
  `formatted_address` varchar(500) DEFAULT NULL,
  `is_verified` tinyint(1) NOT NULL DEFAULT 0,
  `is_default` tinyint(1) NOT NULL DEFAULT 0,
  `timezone` varchar(50) DEFAULT NULL,
  `metadata` longtext CHARACTER SET utf8mb4 COLLATE utf8mb4_bin DEFAULT NULL CHECK (json_valid(`metadata`)),
  `created_at` timestamp NULL DEFAULT NULL,
  `updated_at` timestamp NULL DEFAULT NULL,
  PRIMARY KEY (`id`),
  KEY `international_addresses_addressable_type_addressable_id_index` (`addressable_type`,`addressable_id`),
  KEY `international_addresses_country_code_administrative_area_index` (`country_code`,`administrative_area`),
  KEY `international_addresses_postal_code_country_code_index` (`postal_code`,`country_code`),
  KEY `international_addresses_is_default_type_index` (`is_default`,`type`),
  KEY `international_addresses_latitude_longitude_index` (`latitude`,`longitude`)
) ENGINE=InnoDB DEFAULT CHARSET=utf8mb4 COLLATE=utf8mb4_unicode_ci;
/*!40101 SET character_set_client = @saved_cs_client */;

--
-- Dumping data for table `international_addresses`
--

LOCK TABLES `international_addresses` WRITE;
/*!40000 ALTER TABLE `international_addresses` DISABLE KEYS */;
/*!40000 ALTER TABLE `international_addresses` ENABLE KEYS */;
UNLOCK TABLES;

--
-- Table structure for table `job_batches`
--

DROP TABLE IF EXISTS `job_batches`;
/*!40101 SET @saved_cs_client     = @@character_set_client */;
/*!50503 SET character_set_client = utf8mb4 */;
CREATE TABLE `job_batches` (
  `id` varchar(255) NOT NULL,
  `name` varchar(255) NOT NULL,
  `total_jobs` int(11) NOT NULL,
  `pending_jobs` int(11) NOT NULL,
  `failed_jobs` int(11) NOT NULL,
  `failed_job_ids` longtext NOT NULL,
  `options` mediumtext DEFAULT NULL,
  `cancelled_at` int(11) DEFAULT NULL,
  `created_at` int(11) NOT NULL,
  `finished_at` int(11) DEFAULT NULL,
  PRIMARY KEY (`id`)
) ENGINE=InnoDB DEFAULT CHARSET=utf8mb4 COLLATE=utf8mb4_unicode_ci;
/*!40101 SET character_set_client = @saved_cs_client */;

--
-- Dumping data for table `job_batches`
--

LOCK TABLES `job_batches` WRITE;
/*!40000 ALTER TABLE `job_batches` DISABLE KEYS */;
/*!40000 ALTER TABLE `job_batches` ENABLE KEYS */;
UNLOCK TABLES;

--
-- Table structure for table `jobs`
--

DROP TABLE IF EXISTS `jobs`;
/*!40101 SET @saved_cs_client     = @@character_set_client */;
/*!50503 SET character_set_client = utf8mb4 */;
CREATE TABLE `jobs` (
  `id` bigint(20) unsigned NOT NULL AUTO_INCREMENT,
  `queue` varchar(255) NOT NULL,
  `payload` longtext NOT NULL,
  `attempts` tinyint(3) unsigned NOT NULL,
  `reserved_at` int(10) unsigned DEFAULT NULL,
  `available_at` int(10) unsigned NOT NULL,
  `created_at` int(10) unsigned NOT NULL,
  PRIMARY KEY (`id`),
  KEY `jobs_queue_index` (`queue`)
) ENGINE=InnoDB DEFAULT CHARSET=utf8mb4 COLLATE=utf8mb4_unicode_ci;
/*!40101 SET character_set_client = @saved_cs_client */;

--
-- Dumping data for table `jobs`
--

LOCK TABLES `jobs` WRITE;
/*!40000 ALTER TABLE `jobs` DISABLE KEYS */;
/*!40000 ALTER TABLE `jobs` ENABLE KEYS */;
UNLOCK TABLES;

--
-- Table structure for table `migrations`
--

DROP TABLE IF EXISTS `migrations`;
/*!40101 SET @saved_cs_client     = @@character_set_client */;
/*!50503 SET character_set_client = utf8mb4 */;
CREATE TABLE `migrations` (
  `id` int(10) unsigned NOT NULL AUTO_INCREMENT,
  `migration` varchar(255) NOT NULL,
  `batch` int(11) NOT NULL,
  PRIMARY KEY (`id`)
) ENGINE=InnoDB AUTO_INCREMENT=45 DEFAULT CHARSET=utf8mb4 COLLATE=utf8mb4_unicode_ci;
/*!40101 SET character_set_client = @saved_cs_client */;

--
-- Dumping data for table `migrations`
--

LOCK TABLES `migrations` WRITE;
/*!40000 ALTER TABLE `migrations` DISABLE KEYS */;
INSERT INTO `migrations` VALUES (1,'0001_01_01_000000_create_users_table',1),(2,'0001_01_01_000001_create_cache_table',1),(3,'0001_01_01_000002_create_jobs_table',1),(4,'2025_09_05_000003_create_base_user_and_rbac_tables',1),(5,'2025_09_05_113804_product_catalog_tables',1),(6,'2025_09_05_113854_create_product_variants_and_attributes_tables',1),(7,'2025_09_05_113915_create_order_and_cart_tables',1),(8,'2025_09_05_114543_create_promotions_tables',1),(9,'2025_09_05_114604_create_interaction_tables',1),(10,'2025_09_05_114644_create_chat_and_dispute_tables',1),(11,'2025_09_05_114705_create_operational_tables',1),(12,'2025_09_05_114733_create_user_activity_tables',1),(13,'2025_09_25_093540_create_returns_tables',1),(14,'2025_09_27_112651_add_currency_columns_to_orders_table',1),(15,'2025_09_28_093601_create_administrative_division_tables',1),(16,'2025_09_28_093638_refactor_user_addresses_table',1),(17,'2025_09_28_094552_create_shipper_and_logistics_tables',1),(18,'2025_09_28_095217_create_transactions_table',1),(19,'2025_09_30_050817_update_products_table_for_multilingual',1),(20,'2025_09_30_050852_update_categories_table_for_multilingual',1),(21,'2025_10_01_140841_make_first_last_name_nullable',1),(22,'2025_10_02_083017_add_provider_columns_to_users_table',1),(23,'2025_10_05_094941_create_analytics_reports_table',1),(24,'2025_10_05_094953_create_user_events_table',1),(25,'2025_10_05_162424_update_brands_description_to_text',1),(26,'2025_10_08_164546_update_orders_status_to_enum',1),(27,'2025_10_08_181019_update_orders_payment_status_to_enum',1),(28,'2025_10_08_182125_update_returns_status_to_enum',1),(29,'2025_10_08_182850_update_products_status_to_enum',1),(30,'2025_10_08_183016_update_disputes_status_to_enum',1),(31,'2025_10_09_155048_update_orders_status_for_logistics',1),(32,'2025_10_09_155203_create_review_media_table',1),(33,'2025_10_09_155226_create_shipper_ratings_table',1),(34,'2025_10_09_155252_update_products_table_for_inventory',1),(35,'2025_10_09_155404_create_international_addresses_table',1),(36,'2025_10_09_155436_enhance_promotions_table',1),(37,'2025_10_09_155521_create_shops_table',1),(38,'2025_10_09_155548_create_wishlists_table',1),(39,'2025_10_09_155604_create_wishlist_items_table',1),(40,'2025_10_09_155633_create_product_questions_table',1),(41,'2025_10_09_155653_create_product_answers_table',1),(42,'2025_10_09_155739_add_shop_id_to_products_table',1),(43,'2025_10_09_171739_create_flash_sale_events_table',1),(44,'2025_10_09_171921_create_flash_sale_products_table',1);
/*!40000 ALTER TABLE `migrations` ENABLE KEYS */;
UNLOCK TABLES;

--
-- Table structure for table `notifications`
--

DROP TABLE IF EXISTS `notifications`;
/*!40101 SET @saved_cs_client     = @@character_set_client */;
/*!50503 SET character_set_client = utf8mb4 */;
CREATE TABLE `notifications` (
  `notification_id` bigint(20) unsigned NOT NULL AUTO_INCREMENT,
  `user_id` bigint(20) unsigned NOT NULL,
  `title` varchar(200) NOT NULL,
  `content` text NOT NULL,
  `type` tinyint(4) NOT NULL COMMENT 'e.g., OrderUpdate, Promotion, System',
  `is_read` tinyint(1) NOT NULL DEFAULT 0,
  `notifiable_type` varchar(255) NOT NULL,
  `notifiable_id` bigint(20) unsigned NOT NULL,
  `action_url` varchar(500) DEFAULT NULL,
  `read_at` timestamp NULL DEFAULT NULL,
  `created_at` timestamp NULL DEFAULT NULL,
  `updated_at` timestamp NULL DEFAULT NULL,
  PRIMARY KEY (`notification_id`),
  KEY `notifications_user_id_foreign` (`user_id`),
  KEY `notifications_notifiable_type_notifiable_id_index` (`notifiable_type`,`notifiable_id`),
  CONSTRAINT `notifications_user_id_foreign` FOREIGN KEY (`user_id`) REFERENCES `users` (`id`) ON DELETE CASCADE
) ENGINE=InnoDB DEFAULT CHARSET=utf8mb4 COLLATE=utf8mb4_unicode_ci;
/*!40101 SET character_set_client = @saved_cs_client */;

--
-- Dumping data for table `notifications`
--

LOCK TABLES `notifications` WRITE;
/*!40000 ALTER TABLE `notifications` DISABLE KEYS */;
/*!40000 ALTER TABLE `notifications` ENABLE KEYS */;
UNLOCK TABLES;

--
-- Table structure for table `order_items`
--

DROP TABLE IF EXISTS `order_items`;
/*!40101 SET @saved_cs_client     = @@character_set_client */;
/*!50503 SET character_set_client = utf8mb4 */;
CREATE TABLE `order_items` (
  `order_item_id` bigint(20) unsigned NOT NULL AUTO_INCREMENT,
  `order_id` bigint(20) unsigned NOT NULL,
  `variant_id` bigint(20) unsigned NOT NULL,
  `quantity` int(11) NOT NULL,
  `unit_price` decimal(18,2) NOT NULL,
  `total_price` decimal(18,2) NOT NULL,
  `created_at` timestamp NULL DEFAULT NULL,
  `updated_at` timestamp NULL DEFAULT NULL,
  PRIMARY KEY (`order_item_id`),
  KEY `order_items_order_id_foreign` (`order_id`),
  KEY `order_items_variant_id_foreign` (`variant_id`),
  CONSTRAINT `order_items_order_id_foreign` FOREIGN KEY (`order_id`) REFERENCES `orders` (`order_id`) ON DELETE CASCADE,
  CONSTRAINT `order_items_variant_id_foreign` FOREIGN KEY (`variant_id`) REFERENCES `product_variants` (`variant_id`) ON DELETE CASCADE
) ENGINE=InnoDB AUTO_INCREMENT=656 DEFAULT CHARSET=utf8mb4 COLLATE=utf8mb4_unicode_ci;
/*!40101 SET character_set_client = @saved_cs_client */;

--
-- Dumping data for table `order_items`
--

LOCK TABLES `order_items` WRITE;
/*!40000 ALTER TABLE `order_items` DISABLE KEYS */;
INSERT INTO `order_items` VALUES (1,1,134,3,30055242.00,90165726.00,NULL,NULL),(2,1,22,1,27183120.00,27183120.00,NULL,NULL),(3,2,110,3,21207252.00,63621756.00,NULL,NULL),(4,2,46,1,7095476.00,7095476.00,NULL,NULL),(5,3,22,2,27183120.00,54366240.00,NULL,NULL),(6,3,33,1,49117990.00,49117990.00,NULL,NULL),(7,4,35,2,11973204.00,23946408.00,NULL,NULL),(8,4,112,1,29049798.00,29049798.00,NULL,NULL),(9,5,63,2,29780641.00,59561282.00,NULL,NULL),(10,5,23,3,14715473.00,44146419.00,NULL,NULL),(11,6,105,3,48772826.00,146318478.00,NULL,NULL),(12,6,48,1,15449571.00,15449571.00,NULL,NULL),(13,6,35,3,11973204.00,35919612.00,NULL,NULL),(14,6,40,2,15447390.00,30894780.00,NULL,NULL),(15,7,104,2,20476797.00,40953594.00,NULL,NULL),(16,7,37,2,16988470.00,33976940.00,NULL,NULL),(17,7,39,1,6750405.00,6750405.00,NULL,NULL),(18,8,11,1,19061101.00,19061101.00,NULL,NULL),(19,8,55,1,14681273.00,14681273.00,NULL,NULL),(20,8,7,2,23329685.00,46659370.00,NULL,NULL),(21,9,41,2,13530067.00,27060134.00,NULL,NULL),(22,9,131,2,27893541.00,55787082.00,NULL,NULL),(23,9,40,3,15447390.00,46342170.00,NULL,NULL),(24,10,63,2,29780641.00,59561282.00,NULL,NULL),(25,10,114,2,38278979.00,76557958.00,NULL,NULL),(26,11,21,2,25817049.00,51634098.00,NULL,NULL),(27,12,76,2,21961216.00,43922432.00,NULL,NULL),(28,13,45,3,47098183.00,141294549.00,NULL,NULL),(29,13,129,2,2921875.00,5843750.00,NULL,NULL),(30,14,42,2,7468925.00,14937850.00,NULL,NULL),(31,14,82,3,36422773.00,109268319.00,NULL,NULL),(32,14,4,2,46267240.00,92534480.00,NULL,NULL),(33,15,134,3,30055242.00,90165726.00,NULL,NULL),(34,15,16,3,13663279.00,40989837.00,NULL,NULL),(35,16,15,2,20540848.00,41081696.00,NULL,NULL),(36,17,122,3,3071556.00,9214668.00,NULL,NULL),(37,17,107,3,40340832.00,121022496.00,NULL,NULL),(38,18,27,2,26784779.00,53569558.00,NULL,NULL),(39,18,90,1,16826201.00,16826201.00,NULL,NULL),(40,19,95,2,15203970.00,30407940.00,NULL,NULL),(41,19,51,2,20633837.00,41267674.00,NULL,NULL),(42,19,54,1,28992157.00,28992157.00,NULL,NULL),(43,20,78,2,22212399.00,44424798.00,NULL,NULL),(44,20,13,2,40586429.00,81172858.00,NULL,NULL),(45,20,15,3,20540848.00,61622544.00,NULL,NULL),(46,21,49,1,27626317.00,27626317.00,NULL,NULL),(47,22,112,3,29049798.00,87149394.00,NULL,NULL),(48,22,18,1,34474078.00,34474078.00,NULL,NULL),(49,23,110,3,21207252.00,63621756.00,NULL,NULL),(50,23,86,1,3999856.00,3999856.00,NULL,NULL),(51,23,43,2,26722904.00,53445808.00,NULL,NULL),(52,23,69,2,44326895.00,88653790.00,NULL,NULL),(53,24,49,3,27626317.00,82878951.00,NULL,NULL),(54,24,41,1,13530067.00,13530067.00,NULL,NULL),(55,24,122,2,3071556.00,6143112.00,NULL,NULL),(56,25,9,1,28120103.00,28120103.00,NULL,NULL),(57,25,108,1,12091379.00,12091379.00,NULL,NULL),(58,25,29,2,20611623.00,41223246.00,NULL,NULL),(59,26,33,3,49117990.00,147353970.00,NULL,NULL),(60,26,11,3,19061101.00,57183303.00,NULL,NULL),(61,26,85,1,36338316.00,36338316.00,NULL,NULL),(62,26,34,3,48318731.00,144956193.00,NULL,NULL),(63,27,49,2,27626317.00,55252634.00,NULL,NULL),(64,27,129,3,2921875.00,8765625.00,NULL,NULL),(65,28,88,3,22553292.00,67659876.00,NULL,NULL),(66,29,82,2,36422773.00,72845546.00,NULL,NULL),(67,29,75,1,33688334.00,33688334.00,NULL,NULL),(68,30,122,1,3071556.00,3071556.00,NULL,NULL),(69,31,20,3,30883714.00,92651142.00,NULL,NULL),(70,31,102,2,47324480.00,94648960.00,NULL,NULL),(71,31,129,3,2921875.00,8765625.00,NULL,NULL),(72,32,14,1,21687558.00,21687558.00,NULL,NULL),(73,32,23,1,14715473.00,14715473.00,NULL,NULL),(74,32,116,3,14106700.00,42320100.00,NULL,NULL),(75,32,29,2,20611623.00,41223246.00,NULL,NULL),(76,33,98,2,44468017.00,88936034.00,NULL,NULL),(77,34,82,3,36422773.00,109268319.00,NULL,NULL),(78,34,133,2,21168598.00,42337196.00,NULL,NULL),(79,34,60,1,13895929.00,13895929.00,NULL,NULL),(80,35,4,2,46267240.00,92534480.00,NULL,NULL),(81,36,46,2,7095476.00,14190952.00,NULL,NULL),(82,36,45,2,47098183.00,94196366.00,NULL,NULL),(83,37,53,2,33533530.00,67067060.00,NULL,NULL),(84,38,84,1,335723.00,335723.00,NULL,NULL),(85,38,62,3,47177459.00,141532377.00,NULL,NULL),(86,39,73,3,40934516.00,122803548.00,NULL,NULL),(87,40,16,1,13663279.00,13663279.00,NULL,NULL),(88,41,107,2,40340832.00,80681664.00,NULL,NULL),(89,41,63,3,29780641.00,89341923.00,NULL,NULL),(90,42,140,2,18887846.00,37775692.00,NULL,NULL),(91,42,56,2,732013.00,1464026.00,NULL,NULL),(92,43,26,3,27333843.00,82001529.00,NULL,NULL),(93,43,98,2,44468017.00,88936034.00,NULL,NULL),(94,44,68,3,30814616.00,92443848.00,NULL,NULL),(95,44,140,3,18887846.00,56663538.00,NULL,NULL),(96,45,77,2,18053244.00,36106488.00,NULL,NULL),(97,45,90,2,16826201.00,33652402.00,NULL,NULL),(98,45,118,3,34436817.00,103310451.00,NULL,NULL),(99,46,72,2,21800520.00,43601040.00,NULL,NULL),(100,46,124,1,6890514.00,6890514.00,NULL,NULL),(101,46,101,1,38501664.00,38501664.00,NULL,NULL),(102,47,55,1,14681273.00,14681273.00,NULL,NULL),(103,48,98,2,44468017.00,88936034.00,NULL,NULL),(104,48,15,2,20540848.00,41081696.00,NULL,NULL),(105,48,54,3,28992157.00,86976471.00,NULL,NULL),(106,49,58,2,12266507.00,24533014.00,NULL,NULL),(107,49,100,2,23836312.00,47672624.00,NULL,NULL),(108,49,23,2,14715473.00,29430946.00,NULL,NULL),(109,49,93,3,45608507.00,136825521.00,NULL,NULL),(110,50,38,2,24079198.00,48158396.00,NULL,NULL),(111,50,142,2,48463806.00,96927612.00,NULL,NULL),(112,50,128,1,11185478.00,11185478.00,NULL,NULL),(113,50,67,2,39614409.00,79228818.00,NULL,NULL),(114,51,52,3,19587846.00,58763538.00,NULL,NULL),(115,51,52,2,19587846.00,39175692.00,NULL,NULL),(116,52,106,2,47713132.00,95426264.00,NULL,NULL),(117,52,52,1,19587846.00,19587846.00,NULL,NULL),(118,52,89,3,15137938.00,45413814.00,NULL,NULL),(119,53,39,1,6750405.00,6750405.00,NULL,NULL),(120,54,20,1,30883714.00,30883714.00,NULL,NULL),(121,54,99,1,7249685.00,7249685.00,NULL,NULL),(122,55,58,1,12266507.00,12266507.00,NULL,NULL),(123,55,80,3,22738555.00,68215665.00,NULL,NULL),(124,55,128,1,11185478.00,11185478.00,NULL,NULL),(125,56,108,3,12091379.00,36274137.00,NULL,NULL),(126,56,96,1,12005167.00,12005167.00,NULL,NULL),(127,57,141,3,18043920.00,54131760.00,NULL,NULL),(128,58,74,1,19319597.00,19319597.00,NULL,NULL),(129,58,17,1,14974222.00,14974222.00,NULL,NULL),(130,59,58,1,12266507.00,12266507.00,NULL,NULL),(131,60,71,3,4965833.00,14897499.00,NULL,NULL),(132,60,110,1,21207252.00,21207252.00,NULL,NULL),(133,61,5,1,37647190.00,37647190.00,NULL,NULL),(134,62,92,3,29747526.00,89242578.00,NULL,NULL),(135,62,17,3,14974222.00,44922666.00,NULL,NULL),(136,63,142,1,48463806.00,48463806.00,NULL,NULL),(137,63,29,2,20611623.00,41223246.00,NULL,NULL),(138,64,1,3,19762928.00,59288784.00,NULL,NULL),(139,64,24,1,20872533.00,20872533.00,NULL,NULL),(140,65,101,2,38501664.00,77003328.00,NULL,NULL),(141,65,99,3,7249685.00,21749055.00,NULL,NULL),(142,66,55,2,14681273.00,29362546.00,NULL,NULL),(143,66,9,2,28120103.00,56240206.00,NULL,NULL),(144,67,42,1,7468925.00,7468925.00,NULL,NULL),(145,68,24,1,20872533.00,20872533.00,NULL,NULL),(146,68,10,3,38977393.00,116932179.00,NULL,NULL),(147,68,90,3,16826201.00,50478603.00,NULL,NULL),(148,69,5,2,37647190.00,75294380.00,NULL,NULL),(149,70,41,3,13530067.00,40590201.00,NULL,NULL),(150,70,65,2,45393907.00,90787814.00,NULL,NULL),(151,70,62,2,47177459.00,94354918.00,NULL,NULL),(152,71,21,3,25817049.00,77451147.00,NULL,NULL),(153,71,11,2,19061101.00,38122202.00,NULL,NULL),(154,72,107,3,40340832.00,121022496.00,NULL,NULL),(155,73,71,1,4965833.00,4965833.00,NULL,NULL),(156,73,10,3,38977393.00,116932179.00,NULL,NULL),(157,74,21,1,25817049.00,25817049.00,NULL,NULL),(158,75,116,1,14106700.00,14106700.00,NULL,NULL),(159,75,61,3,35024957.00,105074871.00,NULL,NULL),(160,75,77,3,18053244.00,54159732.00,NULL,NULL),(161,75,51,3,20633837.00,61901511.00,NULL,NULL),(162,76,37,1,16988470.00,16988470.00,NULL,NULL),(163,77,117,1,9407661.00,9407661.00,NULL,NULL),(164,77,101,2,38501664.00,77003328.00,NULL,NULL),(165,78,119,2,45220268.00,90440536.00,NULL,NULL),(166,78,55,3,14681273.00,44043819.00,NULL,NULL),(167,79,36,3,25670812.00,77012436.00,NULL,NULL),(168,79,15,2,20540848.00,41081696.00,NULL,NULL),(169,80,50,1,30364703.00,30364703.00,NULL,NULL),(170,80,57,3,49236962.00,147710886.00,NULL,NULL),(171,80,131,2,27893541.00,55787082.00,NULL,NULL),(172,80,78,3,22212399.00,66637197.00,NULL,NULL),(173,81,118,3,34436817.00,103310451.00,NULL,NULL),(174,81,100,1,23836312.00,23836312.00,NULL,NULL),(175,81,22,1,27183120.00,27183120.00,NULL,NULL),(176,82,68,2,30814616.00,61629232.00,NULL,NULL),(177,82,138,3,46636574.00,139909722.00,NULL,NULL),(178,82,13,1,40586429.00,40586429.00,NULL,NULL),(179,83,84,2,335723.00,671446.00,NULL,NULL),(180,83,63,3,29780641.00,89341923.00,NULL,NULL),(181,84,78,1,22212399.00,22212399.00,NULL,NULL),(182,84,34,3,48318731.00,144956193.00,NULL,NULL),(183,84,82,3,36422773.00,109268319.00,NULL,NULL),(184,85,124,2,6890514.00,13781028.00,NULL,NULL),(185,85,14,1,21687558.00,21687558.00,NULL,NULL),(186,85,99,2,7249685.00,14499370.00,NULL,NULL),(187,86,117,1,9407661.00,9407661.00,NULL,NULL),(188,86,85,1,36338316.00,36338316.00,NULL,NULL),(189,87,136,1,25367837.00,25367837.00,NULL,NULL),(190,87,94,3,29453725.00,88361175.00,NULL,NULL),(191,87,121,3,8568739.00,25706217.00,NULL,NULL),(192,88,124,3,6890514.00,20671542.00,NULL,NULL),(193,88,30,3,15031105.00,45093315.00,NULL,NULL),(194,89,83,3,5945458.00,17836374.00,NULL,NULL),(195,90,39,2,6750405.00,13500810.00,NULL,NULL),(196,91,95,1,15203970.00,15203970.00,NULL,NULL),(197,91,22,1,27183120.00,27183120.00,NULL,NULL),(198,92,84,1,335723.00,335723.00,NULL,NULL),(199,93,61,3,35024957.00,105074871.00,NULL,NULL),(200,93,7,2,23329685.00,46659370.00,NULL,NULL),(201,93,138,3,46636574.00,139909722.00,NULL,NULL),(202,94,3,2,25765206.00,51530412.00,NULL,NULL),(203,95,82,2,36422773.00,72845546.00,NULL,NULL),(204,95,73,1,40934516.00,40934516.00,NULL,NULL),(205,95,7,1,23329685.00,23329685.00,NULL,NULL),(206,95,125,2,24983782.00,49967564.00,NULL,NULL),(207,96,39,2,6750405.00,13500810.00,NULL,NULL),(208,96,125,3,24983782.00,74951346.00,NULL,NULL),(209,96,40,1,15447390.00,15447390.00,NULL,NULL),(210,97,116,3,14106700.00,42320100.00,NULL,NULL),(211,98,42,3,7468925.00,22406775.00,NULL,NULL),(212,99,94,1,29453725.00,29453725.00,NULL,NULL),(213,99,65,3,45393907.00,136181721.00,NULL,NULL),(214,99,90,3,16826201.00,50478603.00,NULL,NULL),(215,100,128,2,11185478.00,22370956.00,NULL,NULL),(216,100,121,2,8568739.00,17137478.00,NULL,NULL),(217,101,52,2,19587846.00,39175692.00,NULL,NULL),(218,101,54,3,28992157.00,86976471.00,NULL,NULL),(219,101,31,1,33233643.00,33233643.00,NULL,NULL),(220,102,22,2,27183120.00,54366240.00,NULL,NULL),(221,103,53,1,33533530.00,33533530.00,NULL,NULL),(222,103,104,3,20476797.00,61430391.00,NULL,NULL),(223,103,97,2,8004589.00,16009178.00,NULL,NULL),(224,104,60,3,13895929.00,41687787.00,NULL,NULL),(225,104,41,3,13530067.00,40590201.00,NULL,NULL),(226,104,49,1,27626317.00,27626317.00,NULL,NULL),(227,105,99,1,7249685.00,7249685.00,NULL,NULL),(228,105,54,1,28992157.00,28992157.00,NULL,NULL),(229,105,39,2,6750405.00,13500810.00,NULL,NULL),(230,106,131,1,27893541.00,27893541.00,NULL,NULL),(231,106,101,2,38501664.00,77003328.00,NULL,NULL),(232,106,53,3,33533530.00,100600590.00,NULL,NULL),(233,107,3,3,25765206.00,77295618.00,NULL,NULL),(234,108,84,1,335723.00,335723.00,NULL,NULL),(235,109,84,1,335723.00,335723.00,NULL,NULL),(236,109,52,2,19587846.00,39175692.00,NULL,NULL),(237,110,120,2,47272974.00,94545948.00,NULL,NULL),(238,110,44,1,41527598.00,41527598.00,NULL,NULL),(239,111,64,3,8401223.00,25203669.00,NULL,NULL),(240,111,124,2,6890514.00,13781028.00,NULL,NULL),(241,111,23,3,14715473.00,44146419.00,NULL,NULL),(242,112,56,2,732013.00,1464026.00,NULL,NULL),(243,112,78,3,22212399.00,66637197.00,NULL,NULL),(244,113,8,1,10674315.00,10674315.00,NULL,NULL),(245,113,90,1,16826201.00,16826201.00,NULL,NULL),(246,113,1,3,19762928.00,59288784.00,NULL,NULL),(247,113,66,3,43440691.00,130322073.00,NULL,NULL),(248,114,17,1,14974222.00,14974222.00,NULL,NULL),(249,114,34,2,48318731.00,96637462.00,NULL,NULL),(250,114,42,1,7468925.00,7468925.00,NULL,NULL),(251,115,36,3,25670812.00,77012436.00,NULL,NULL),(252,116,35,2,11973204.00,23946408.00,NULL,NULL),(253,116,54,1,28992157.00,28992157.00,NULL,NULL),(254,116,19,3,46840329.00,140520987.00,NULL,NULL),(255,117,8,3,10674315.00,32022945.00,NULL,NULL),(256,117,18,3,34474078.00,103422234.00,NULL,NULL),(257,118,121,3,8568739.00,25706217.00,NULL,NULL),(258,118,133,2,21168598.00,42337196.00,NULL,NULL),(259,118,118,1,34436817.00,34436817.00,NULL,NULL),(260,118,109,3,46215862.00,138647586.00,NULL,NULL),(261,119,70,2,37036302.00,74072604.00,NULL,NULL),(262,119,52,1,19587846.00,19587846.00,NULL,NULL),(263,120,16,1,13663279.00,13663279.00,NULL,NULL),(264,120,96,2,12005167.00,24010334.00,NULL,NULL),(265,121,121,2,8568739.00,17137478.00,NULL,NULL),(266,121,67,1,39614409.00,39614409.00,NULL,NULL),(267,121,46,1,7095476.00,7095476.00,NULL,NULL),(268,122,26,2,27333843.00,54667686.00,NULL,NULL),(269,122,62,3,47177459.00,141532377.00,NULL,NULL),(270,122,22,2,27183120.00,54366240.00,NULL,NULL),(271,123,110,1,21207252.00,21207252.00,NULL,NULL),(272,124,104,1,20476797.00,20476797.00,NULL,NULL),(273,124,130,3,23873852.00,71621556.00,NULL,NULL),(274,125,68,2,30814616.00,61629232.00,NULL,NULL),(275,126,93,3,45608507.00,136825521.00,NULL,NULL),(276,126,7,1,23329685.00,23329685.00,NULL,NULL),(277,126,112,3,29049798.00,87149394.00,NULL,NULL),(278,127,3,1,25765206.00,25765206.00,NULL,NULL),(279,127,119,2,45220268.00,90440536.00,NULL,NULL),(280,128,86,2,3999856.00,7999712.00,NULL,NULL),(281,128,16,1,13663279.00,13663279.00,NULL,NULL),(282,129,50,3,30364703.00,91094109.00,NULL,NULL),(283,129,95,2,15203970.00,30407940.00,NULL,NULL),(284,130,123,3,23339367.00,70018101.00,NULL,NULL),(285,130,55,3,14681273.00,44043819.00,NULL,NULL),(286,131,9,1,28120103.00,28120103.00,NULL,NULL),(287,131,33,2,49117990.00,98235980.00,NULL,NULL),(288,132,11,3,19061101.00,57183303.00,NULL,NULL),(289,132,108,2,12091379.00,24182758.00,NULL,NULL),(290,133,75,1,33688334.00,33688334.00,NULL,NULL),(291,133,48,1,15449571.00,15449571.00,NULL,NULL),(292,133,95,1,15203970.00,15203970.00,NULL,NULL),(293,134,30,2,15031105.00,30062210.00,NULL,NULL),(294,135,78,1,22212399.00,22212399.00,NULL,NULL),(295,135,8,1,10674315.00,10674315.00,NULL,NULL),(296,136,6,2,7179373.00,14358746.00,NULL,NULL),(297,136,109,2,46215862.00,92431724.00,NULL,NULL),(298,136,102,1,47324480.00,47324480.00,NULL,NULL),(299,136,41,2,13530067.00,27060134.00,NULL,NULL),(300,137,115,3,18741040.00,56223120.00,NULL,NULL),(301,138,29,1,20611623.00,20611623.00,NULL,NULL),(302,139,137,1,15059747.00,15059747.00,NULL,NULL),(303,139,73,3,40934516.00,122803548.00,NULL,NULL),(304,140,24,3,20872533.00,62617599.00,NULL,NULL),(305,140,40,3,15447390.00,46342170.00,NULL,NULL),(306,141,102,1,47324480.00,47324480.00,NULL,NULL),(307,141,124,3,6890514.00,20671542.00,NULL,NULL),(308,142,129,2,2921875.00,5843750.00,NULL,NULL),(309,142,12,2,22915025.00,45830050.00,NULL,NULL),(310,143,135,3,33470196.00,100410588.00,NULL,NULL),(311,143,59,2,22788834.00,45577668.00,NULL,NULL),(312,143,130,3,23873852.00,71621556.00,NULL,NULL),(313,144,16,3,13663279.00,40989837.00,NULL,NULL),(314,145,99,3,7249685.00,21749055.00,NULL,NULL),(315,146,142,1,48463806.00,48463806.00,NULL,NULL),(316,146,120,2,47272974.00,94545948.00,NULL,NULL),(317,146,133,3,21168598.00,63505794.00,NULL,NULL),(318,147,110,1,21207252.00,21207252.00,NULL,NULL),(319,147,89,1,15137938.00,15137938.00,NULL,NULL),(320,147,91,2,17057705.00,34115410.00,NULL,NULL),(321,148,15,3,20540848.00,61622544.00,NULL,NULL),(322,148,72,3,21800520.00,65401560.00,NULL,NULL),(323,149,38,3,24079198.00,72237594.00,NULL,NULL),(324,150,18,3,34474078.00,103422234.00,NULL,NULL),(325,150,132,2,8639956.00,17279912.00,NULL,NULL),(326,150,19,3,46840329.00,140520987.00,NULL,NULL),(327,151,48,2,15449571.00,30899142.00,NULL,NULL),(328,151,35,1,11973204.00,11973204.00,NULL,NULL),(329,152,19,3,46840329.00,140520987.00,NULL,NULL),(330,152,99,1,7249685.00,7249685.00,NULL,NULL),(331,153,93,1,45608507.00,45608507.00,NULL,NULL),(332,153,28,1,21222938.00,21222938.00,NULL,NULL),(333,154,71,2,4965833.00,9931666.00,NULL,NULL),(334,155,113,2,14520648.00,29041296.00,NULL,NULL),(335,156,77,1,18053244.00,18053244.00,NULL,NULL),(336,157,45,2,47098183.00,94196366.00,NULL,NULL),(337,157,57,2,49236962.00,98473924.00,NULL,NULL),(338,158,19,3,46840329.00,140520987.00,NULL,NULL),(339,158,103,2,47499057.00,94998114.00,NULL,NULL),(340,158,118,2,34436817.00,68873634.00,NULL,NULL),(341,158,88,3,22553292.00,67659876.00,NULL,NULL),(342,159,25,1,46679600.00,46679600.00,NULL,NULL),(343,159,29,2,20611623.00,41223246.00,NULL,NULL),(344,160,30,1,15031105.00,15031105.00,NULL,NULL),(345,161,26,2,27333843.00,54667686.00,NULL,NULL),(346,161,32,3,33769463.00,101308389.00,NULL,NULL),(347,161,24,3,20872533.00,62617599.00,NULL,NULL),(348,162,30,1,15031105.00,15031105.00,NULL,NULL),(349,162,131,2,27893541.00,55787082.00,NULL,NULL),(350,162,107,2,40340832.00,80681664.00,NULL,NULL),(351,163,4,1,46267240.00,46267240.00,NULL,NULL),(352,164,105,1,48772826.00,48772826.00,NULL,NULL),(353,164,23,1,14715473.00,14715473.00,NULL,NULL),(354,164,67,1,39614409.00,39614409.00,NULL,NULL),(355,165,72,3,21800520.00,65401560.00,NULL,NULL),(356,165,64,3,8401223.00,25203669.00,NULL,NULL),(357,165,124,2,6890514.00,13781028.00,NULL,NULL),(358,166,50,1,30364703.00,30364703.00,NULL,NULL),(359,167,77,1,18053244.00,18053244.00,NULL,NULL),(360,167,107,1,40340832.00,40340832.00,NULL,NULL),(361,167,84,3,335723.00,1007169.00,NULL,NULL),(362,168,112,2,29049798.00,58099596.00,NULL,NULL),(363,169,139,2,33521967.00,67043934.00,NULL,NULL),(364,169,113,3,14520648.00,43561944.00,NULL,NULL),(365,170,59,1,22788834.00,22788834.00,NULL,NULL),(366,170,47,2,3420649.00,6841298.00,NULL,NULL),(367,171,104,2,20476797.00,40953594.00,NULL,NULL),(368,171,121,1,8568739.00,8568739.00,NULL,NULL),(369,172,83,2,5945458.00,11890916.00,NULL,NULL),(370,172,128,2,11185478.00,22370956.00,NULL,NULL),(371,173,84,3,335723.00,1007169.00,NULL,NULL),(372,174,52,1,19587846.00,19587846.00,NULL,NULL),(373,175,28,3,21222938.00,63668814.00,NULL,NULL),(374,176,126,3,39618320.00,118854960.00,NULL,NULL),(375,176,84,3,335723.00,1007169.00,NULL,NULL),(376,177,126,3,39618320.00,118854960.00,NULL,NULL),(377,177,21,2,25817049.00,51634098.00,NULL,NULL),(378,177,108,2,12091379.00,24182758.00,NULL,NULL),(379,178,36,3,25670812.00,77012436.00,NULL,NULL),(380,178,74,3,19319597.00,57958791.00,NULL,NULL),(381,179,67,3,39614409.00,118843227.00,NULL,NULL),(382,180,49,1,27626317.00,27626317.00,NULL,NULL),(383,181,121,3,8568739.00,25706217.00,NULL,NULL),(384,181,108,1,12091379.00,12091379.00,NULL,NULL),(385,181,108,1,12091379.00,12091379.00,NULL,NULL),(386,181,43,2,26722904.00,53445808.00,NULL,NULL),(387,182,31,3,33233643.00,99700929.00,NULL,NULL),(388,183,11,1,19061101.00,19061101.00,NULL,NULL),(389,184,93,2,45608507.00,91217014.00,NULL,NULL),(390,184,59,1,22788834.00,22788834.00,NULL,NULL),(391,184,82,2,36422773.00,72845546.00,NULL,NULL),(392,185,61,1,35024957.00,35024957.00,NULL,NULL),(393,185,11,3,19061101.00,57183303.00,NULL,NULL),(394,185,18,3,34474078.00,103422234.00,NULL,NULL),(395,186,17,1,14974222.00,14974222.00,NULL,NULL),(396,186,45,2,47098183.00,94196366.00,NULL,NULL),(397,187,81,1,28297819.00,28297819.00,NULL,NULL),(398,187,40,3,15447390.00,46342170.00,NULL,NULL),(399,188,32,3,33769463.00,101308389.00,NULL,NULL),(400,188,69,1,44326895.00,44326895.00,NULL,NULL),(401,188,31,1,33233643.00,33233643.00,NULL,NULL),(402,188,93,3,45608507.00,136825521.00,NULL,NULL),(403,189,131,1,27893541.00,27893541.00,NULL,NULL),(404,189,109,2,46215862.00,92431724.00,NULL,NULL),(405,189,97,2,8004589.00,16009178.00,NULL,NULL),(406,190,76,1,21961216.00,21961216.00,NULL,NULL),(407,190,11,3,19061101.00,57183303.00,NULL,NULL),(408,190,20,3,30883714.00,92651142.00,NULL,NULL),(409,190,118,3,34436817.00,103310451.00,NULL,NULL),(410,191,1,1,19762928.00,19762928.00,NULL,NULL),(411,191,90,2,16826201.00,33652402.00,NULL,NULL),(412,191,106,2,47713132.00,95426264.00,NULL,NULL),(413,191,31,3,33233643.00,99700929.00,NULL,NULL),(414,192,69,3,44326895.00,132980685.00,NULL,NULL),(415,192,98,3,44468017.00,133404051.00,NULL,NULL),(416,193,119,3,45220268.00,135660804.00,NULL,NULL),(417,193,105,1,48772826.00,48772826.00,NULL,NULL),(418,194,49,3,27626317.00,82878951.00,NULL,NULL),(419,194,138,3,46636574.00,139909722.00,NULL,NULL),(420,194,138,1,46636574.00,46636574.00,NULL,NULL),(421,195,131,2,27893541.00,55787082.00,NULL,NULL),(422,195,86,2,3999856.00,7999712.00,NULL,NULL),(423,196,15,1,20540848.00,20540848.00,NULL,NULL),(424,197,12,1,22915025.00,22915025.00,NULL,NULL),(425,197,25,2,46679600.00,93359200.00,NULL,NULL),(426,198,138,2,46636574.00,93273148.00,NULL,NULL),(427,198,24,1,20872533.00,20872533.00,NULL,NULL),(428,198,102,2,47324480.00,94648960.00,NULL,NULL),(429,199,37,2,16988470.00,33976940.00,NULL,NULL),(430,199,17,1,14974222.00,14974222.00,NULL,NULL),(431,200,74,1,19319597.00,19319597.00,NULL,NULL),(432,200,92,3,29747526.00,89242578.00,NULL,NULL),(433,201,35,1,11973204.00,11973204.00,NULL,NULL),(434,201,141,3,18043920.00,54131760.00,NULL,NULL),(435,201,127,1,6258303.00,6258303.00,NULL,NULL),(436,202,36,2,25670812.00,51341624.00,NULL,NULL),(437,202,29,3,20611623.00,61834869.00,NULL,NULL),(438,202,111,2,9478095.00,18956190.00,NULL,NULL),(439,203,66,1,43440691.00,43440691.00,NULL,NULL),(440,204,27,1,26784779.00,26784779.00,NULL,NULL),(441,204,74,1,19319597.00,19319597.00,NULL,NULL),(442,205,30,3,15031105.00,45093315.00,NULL,NULL),(443,205,87,2,15607876.00,31215752.00,NULL,NULL),(444,205,75,3,33688334.00,101065002.00,NULL,NULL),(445,206,131,3,27893541.00,83680623.00,NULL,NULL),(446,207,129,2,2921875.00,5843750.00,NULL,NULL),(447,207,68,2,30814616.00,61629232.00,NULL,NULL),(448,208,44,3,41527598.00,124582794.00,NULL,NULL),(449,208,41,1,13530067.00,13530067.00,NULL,NULL),(450,208,136,3,25367837.00,76103511.00,NULL,NULL),(451,209,44,1,41527598.00,41527598.00,NULL,NULL),(452,209,8,2,10674315.00,21348630.00,NULL,NULL),(453,210,136,3,25367837.00,76103511.00,NULL,NULL),(454,211,43,3,26722904.00,80168712.00,NULL,NULL),(455,212,45,2,47098183.00,94196366.00,NULL,NULL),(456,212,132,2,8639956.00,17279912.00,NULL,NULL),(457,212,26,1,27333843.00,27333843.00,NULL,NULL),(458,212,18,3,34474078.00,103422234.00,NULL,NULL),(459,213,136,2,25367837.00,50735674.00,NULL,NULL),(460,213,35,1,11973204.00,11973204.00,NULL,NULL),(461,213,4,1,46267240.00,46267240.00,NULL,NULL),(462,213,121,1,8568739.00,8568739.00,NULL,NULL),(463,214,1,3,19762928.00,59288784.00,NULL,NULL),(464,215,140,3,18887846.00,56663538.00,NULL,NULL),(465,215,73,3,40934516.00,122803548.00,NULL,NULL),(466,216,119,2,45220268.00,90440536.00,NULL,NULL),(467,216,56,3,732013.00,2196039.00,NULL,NULL),(468,216,130,2,23873852.00,47747704.00,NULL,NULL),(469,216,138,3,46636574.00,139909722.00,NULL,NULL),(470,217,76,1,21961216.00,21961216.00,NULL,NULL),(471,217,40,2,15447390.00,30894780.00,NULL,NULL),(472,218,10,3,38977393.00,116932179.00,NULL,NULL),(473,218,105,3,48772826.00,146318478.00,NULL,NULL),(474,219,79,1,27010252.00,27010252.00,NULL,NULL),(475,219,46,1,7095476.00,7095476.00,NULL,NULL),(476,220,78,3,22212399.00,66637197.00,NULL,NULL),(477,220,84,2,335723.00,671446.00,NULL,NULL),(478,220,55,3,14681273.00,44043819.00,NULL,NULL),(479,220,50,1,30364703.00,30364703.00,NULL,NULL),(480,221,123,3,23339367.00,70018101.00,NULL,NULL),(481,221,64,1,8401223.00,8401223.00,NULL,NULL),(482,222,118,3,34436817.00,103310451.00,NULL,NULL),(483,222,79,2,27010252.00,54020504.00,NULL,NULL),(484,222,18,1,34474078.00,34474078.00,NULL,NULL),(485,222,54,3,28992157.00,86976471.00,NULL,NULL),(486,223,84,2,335723.00,671446.00,NULL,NULL),(487,223,132,2,8639956.00,17279912.00,NULL,NULL),(488,224,94,2,29453725.00,58907450.00,NULL,NULL),(489,224,86,2,3999856.00,7999712.00,NULL,NULL),(490,224,28,1,21222938.00,21222938.00,NULL,NULL),(491,224,99,2,7249685.00,14499370.00,NULL,NULL),(492,225,70,3,37036302.00,111108906.00,NULL,NULL),(493,226,121,2,8568739.00,17137478.00,NULL,NULL),(494,226,34,3,48318731.00,144956193.00,NULL,NULL),(495,227,52,3,19587846.00,58763538.00,NULL,NULL),(496,227,130,3,23873852.00,71621556.00,NULL,NULL),(497,227,142,1,48463806.00,48463806.00,NULL,NULL),(498,228,73,1,40934516.00,40934516.00,NULL,NULL),(499,228,114,2,38278979.00,76557958.00,NULL,NULL),(500,229,95,2,15203970.00,30407940.00,NULL,NULL),(501,229,92,1,29747526.00,29747526.00,NULL,NULL),(502,229,74,2,19319597.00,38639194.00,NULL,NULL),(503,229,29,3,20611623.00,61834869.00,NULL,NULL),(504,230,140,2,18887846.00,37775692.00,NULL,NULL),(505,230,120,2,47272974.00,94545948.00,NULL,NULL),(506,231,3,3,25765206.00,77295618.00,NULL,NULL),(507,231,62,1,47177459.00,47177459.00,NULL,NULL),(508,232,72,3,21800520.00,65401560.00,NULL,NULL),(509,233,91,2,17057705.00,34115410.00,NULL,NULL),(510,233,67,1,39614409.00,39614409.00,NULL,NULL),(511,233,135,3,33470196.00,100410588.00,NULL,NULL),(512,233,6,3,7179373.00,21538119.00,NULL,NULL),(513,234,127,1,6258303.00,6258303.00,NULL,NULL),(514,234,97,2,8004589.00,16009178.00,NULL,NULL),(515,235,4,1,46267240.00,46267240.00,NULL,NULL),(516,236,33,2,49117990.00,98235980.00,NULL,NULL),(517,236,138,2,46636574.00,93273148.00,NULL,NULL),(518,237,107,3,40340832.00,121022496.00,NULL,NULL),(519,237,136,1,25367837.00,25367837.00,NULL,NULL),(520,237,9,2,28120103.00,56240206.00,NULL,NULL),(521,238,35,3,11973204.00,35919612.00,NULL,NULL),(522,238,80,2,22738555.00,45477110.00,NULL,NULL),(523,238,72,3,21800520.00,65401560.00,NULL,NULL),(524,239,108,3,12091379.00,36274137.00,NULL,NULL),(525,240,71,1,4965833.00,4965833.00,NULL,NULL),(526,240,131,1,27893541.00,27893541.00,NULL,NULL),(527,241,138,2,46636574.00,93273148.00,NULL,NULL),(528,241,36,2,25670812.00,51341624.00,NULL,NULL),(529,241,119,2,45220268.00,90440536.00,NULL,NULL),(530,242,90,2,16826201.00,33652402.00,NULL,NULL),(531,242,119,3,45220268.00,135660804.00,NULL,NULL),(532,242,96,1,12005167.00,12005167.00,NULL,NULL),(533,242,31,1,33233643.00,33233643.00,NULL,NULL),(534,243,43,2,26722904.00,53445808.00,NULL,NULL),(535,244,15,3,20540848.00,61622544.00,NULL,NULL),(536,244,49,2,27626317.00,55252634.00,NULL,NULL),(537,244,109,3,46215862.00,138647586.00,NULL,NULL),(538,245,64,2,8401223.00,16802446.00,NULL,NULL),(539,245,122,3,3071556.00,9214668.00,NULL,NULL),(540,245,142,1,48463806.00,48463806.00,NULL,NULL),(541,245,50,3,30364703.00,91094109.00,NULL,NULL),(542,246,83,2,5945458.00,11890916.00,NULL,NULL),(543,246,104,2,20476797.00,40953594.00,NULL,NULL),(544,246,22,1,27183120.00,27183120.00,NULL,NULL),(545,247,126,1,39618320.00,39618320.00,NULL,NULL),(546,247,138,1,46636574.00,46636574.00,NULL,NULL),(547,248,121,1,8568739.00,8568739.00,NULL,NULL),(548,248,122,1,3071556.00,3071556.00,NULL,NULL),(549,248,73,3,40934516.00,122803548.00,NULL,NULL),(550,249,49,2,27626317.00,55252634.00,NULL,NULL),(551,249,45,3,47098183.00,141294549.00,NULL,NULL),(552,250,131,3,27893541.00,83680623.00,NULL,NULL),(553,250,50,1,30364703.00,30364703.00,NULL,NULL),(554,251,14,1,21687558.00,21687558.00,NULL,NULL),(555,252,10,2,38977393.00,77954786.00,NULL,NULL),(556,252,89,3,15137938.00,45413814.00,NULL,NULL),(557,252,24,1,20872533.00,20872533.00,NULL,NULL),(558,253,9,3,28120103.00,84360309.00,NULL,NULL),(559,253,32,2,33769463.00,67538926.00,NULL,NULL),(560,253,81,2,28297819.00,56595638.00,NULL,NULL),(561,254,54,1,28992157.00,28992157.00,NULL,NULL),(562,254,24,1,20872533.00,20872533.00,NULL,NULL),(563,255,128,1,11185478.00,11185478.00,NULL,NULL),(564,256,135,2,33470196.00,66940392.00,NULL,NULL),(565,256,86,1,3999856.00,3999856.00,NULL,NULL),(566,257,89,1,15137938.00,15137938.00,NULL,NULL),(567,258,85,2,36338316.00,72676632.00,NULL,NULL),(568,258,72,3,21800520.00,65401560.00,NULL,NULL),(569,259,4,2,46267240.00,92534480.00,NULL,NULL),(570,259,74,2,19319597.00,38639194.00,NULL,NULL),(571,259,109,1,46215862.00,46215862.00,NULL,NULL),(572,260,64,2,8401223.00,16802446.00,NULL,NULL),(573,260,28,1,21222938.00,21222938.00,NULL,NULL),(574,260,112,3,29049798.00,87149394.00,NULL,NULL),(575,261,134,3,30055242.00,90165726.00,NULL,NULL),(576,262,96,2,12005167.00,24010334.00,NULL,NULL),(577,262,109,3,46215862.00,138647586.00,NULL,NULL),(578,262,82,1,36422773.00,36422773.00,NULL,NULL),(579,263,75,1,33688334.00,33688334.00,NULL,NULL),(580,263,19,2,46840329.00,93680658.00,NULL,NULL),(581,264,110,1,21207252.00,21207252.00,NULL,NULL),(582,264,21,2,25817049.00,51634098.00,NULL,NULL),(583,264,31,3,33233643.00,99700929.00,NULL,NULL),(584,265,72,1,21800520.00,21800520.00,NULL,NULL),(585,266,136,1,25367837.00,25367837.00,NULL,NULL),(586,267,102,3,47324480.00,141973440.00,NULL,NULL),(587,267,83,3,5945458.00,17836374.00,NULL,NULL),(588,267,32,2,33769463.00,67538926.00,NULL,NULL),(589,267,24,1,20872533.00,20872533.00,NULL,NULL),(590,268,15,3,20540848.00,61622544.00,NULL,NULL),(591,268,39,2,6750405.00,13500810.00,NULL,NULL),(592,269,23,2,14715473.00,29430946.00,NULL,NULL),(593,269,71,3,4965833.00,14897499.00,NULL,NULL),(594,269,137,2,15059747.00,30119494.00,NULL,NULL),(595,270,38,1,24079198.00,24079198.00,NULL,NULL),(596,271,87,2,15607876.00,31215752.00,NULL,NULL),(597,272,63,2,29780641.00,59561282.00,NULL,NULL),(598,272,67,3,39614409.00,118843227.00,NULL,NULL),(599,272,116,1,14106700.00,14106700.00,NULL,NULL),(600,273,110,1,21207252.00,21207252.00,NULL,NULL),(601,273,78,3,22212399.00,66637197.00,NULL,NULL),(602,273,117,1,9407661.00,9407661.00,NULL,NULL),(603,274,99,3,7249685.00,21749055.00,NULL,NULL),(604,274,43,1,26722904.00,26722904.00,NULL,NULL),(605,274,66,1,43440691.00,43440691.00,NULL,NULL),(606,274,59,3,22788834.00,68366502.00,NULL,NULL),(607,275,61,2,35024957.00,70049914.00,NULL,NULL),(608,276,109,1,46215862.00,46215862.00,NULL,NULL),(609,276,26,1,27333843.00,27333843.00,NULL,NULL),(610,276,54,1,28992157.00,28992157.00,NULL,NULL),(611,277,68,2,30814616.00,61629232.00,NULL,NULL),(612,277,109,2,46215862.00,92431724.00,NULL,NULL),(613,277,70,2,37036302.00,74072604.00,NULL,NULL),(614,278,117,2,9407661.00,18815322.00,NULL,NULL),(615,278,84,2,335723.00,671446.00,NULL,NULL),(616,278,110,3,21207252.00,63621756.00,NULL,NULL),(617,278,29,2,20611623.00,41223246.00,NULL,NULL),(618,279,28,3,21222938.00,63668814.00,NULL,NULL),(619,279,117,2,9407661.00,18815322.00,NULL,NULL),(620,279,58,3,12266507.00,36799521.00,NULL,NULL),(621,279,15,1,20540848.00,20540848.00,NULL,NULL),(622,280,37,1,16988470.00,16988470.00,NULL,NULL),(623,281,121,1,8568739.00,8568739.00,NULL,NULL),(624,281,92,2,29747526.00,59495052.00,NULL,NULL),(625,282,140,1,18887846.00,18887846.00,NULL,NULL),(626,282,12,2,22915025.00,45830050.00,NULL,NULL),(627,282,54,2,28992157.00,57984314.00,NULL,NULL),(628,282,115,3,18741040.00,56223120.00,NULL,NULL),(629,283,39,3,6750405.00,20251215.00,NULL,NULL),(630,283,133,3,21168598.00,63505794.00,NULL,NULL),(631,283,134,2,30055242.00,60110484.00,NULL,NULL),(632,284,97,3,8004589.00,24013767.00,NULL,NULL),(633,285,8,1,10674315.00,10674315.00,NULL,NULL),(634,285,42,1,7468925.00,7468925.00,NULL,NULL),(635,285,108,3,12091379.00,36274137.00,NULL,NULL),(636,286,130,2,23873852.00,47747704.00,NULL,NULL),(637,287,29,2,20611623.00,41223246.00,NULL,NULL),(638,287,13,2,40586429.00,81172858.00,NULL,NULL),(639,288,10,3,38977393.00,116932179.00,NULL,NULL),(640,288,129,2,2921875.00,5843750.00,NULL,NULL),(641,289,80,2,22738555.00,45477110.00,NULL,NULL),(642,290,15,1,20540848.00,20540848.00,NULL,NULL),(643,290,136,2,25367837.00,50735674.00,NULL,NULL),(644,290,69,3,44326895.00,132980685.00,NULL,NULL),(645,291,93,1,45608507.00,45608507.00,NULL,NULL),(646,292,114,3,38278979.00,114836937.00,NULL,NULL),(647,292,91,1,17057705.00,17057705.00,NULL,NULL),(648,293,128,3,11185478.00,33556434.00,NULL,NULL),(649,293,1,3,19762928.00,59288784.00,NULL,NULL),(650,293,92,2,29747526.00,59495052.00,NULL,NULL),(651,294,92,3,29747526.00,89242578.00,NULL,NULL),(652,295,47,3,3420649.00,10261947.00,NULL,NULL),(653,296,133,3,21168598.00,63505794.00,NULL,NULL),(654,296,70,1,37036302.00,37036302.00,NULL,NULL),(655,296,106,3,47713132.00,143139396.00,NULL,NULL);
/*!40000 ALTER TABLE `order_items` ENABLE KEYS */;
UNLOCK TABLES;

--
-- Table structure for table `order_promotion`
--

DROP TABLE IF EXISTS `order_promotion`;
/*!40101 SET @saved_cs_client     = @@character_set_client */;
/*!50503 SET character_set_client = utf8mb4 */;
CREATE TABLE `order_promotion` (
  `order_id` bigint(20) unsigned NOT NULL,
  `promotion_id` bigint(20) unsigned NOT NULL,
  `discount_applied` decimal(18,2) NOT NULL,
  PRIMARY KEY (`order_id`,`promotion_id`),
  KEY `order_promotion_promotion_id_foreign` (`promotion_id`),
  CONSTRAINT `order_promotion_order_id_foreign` FOREIGN KEY (`order_id`) REFERENCES `orders` (`order_id`) ON DELETE CASCADE,
  CONSTRAINT `order_promotion_promotion_id_foreign` FOREIGN KEY (`promotion_id`) REFERENCES `promotions` (`promotion_id`) ON DELETE CASCADE
) ENGINE=InnoDB DEFAULT CHARSET=utf8mb4 COLLATE=utf8mb4_unicode_ci;
/*!40101 SET character_set_client = @saved_cs_client */;

--
-- Dumping data for table `order_promotion`
--

LOCK TABLES `order_promotion` WRITE;
/*!40000 ALTER TABLE `order_promotion` DISABLE KEYS */;
INSERT INTO `order_promotion` VALUES (15,14,480.32),(40,12,50992.00),(42,10,21550.00),(63,10,21550.00),(97,1,75529.00),(98,12,50992.00),(108,14,53.98),(130,1,75529.00),(131,14,180.81),(150,12,50992.00),(155,12,50992.00),(158,10,21550.00),(159,7,40.39),(163,14,721.34),(182,14,783.93),(185,14,455.67),(191,7,704.53),(196,10,21550.00),(199,14,700.97),(202,1,75529.00),(268,10,21550.00);
/*!40000 ALTER TABLE `order_promotion` ENABLE KEYS */;
UNLOCK TABLES;

--
-- Table structure for table `orders`
--

DROP TABLE IF EXISTS `orders`;
/*!40101 SET @saved_cs_client     = @@character_set_client */;
/*!50503 SET character_set_client = utf8mb4 */;
CREATE TABLE `orders` (
  `order_id` bigint(20) unsigned NOT NULL AUTO_INCREMENT,
  `customer_id` bigint(20) unsigned NOT NULL,
  `order_number` varchar(50) NOT NULL,
  `sub_total` decimal(18,2) NOT NULL,
  `shipping_fee` decimal(18,2) NOT NULL DEFAULT 0.00,
  `discount_amount` decimal(18,2) NOT NULL DEFAULT 0.00,
  `total_amount` decimal(18,2) NOT NULL,
  `status` enum('pending_confirmation','processing','pending_assignment','assigned_to_shipper','delivering','delivered','completed','cancelled','returned') NOT NULL DEFAULT 'pending_confirmation',
  `currency` varchar(3) NOT NULL DEFAULT 'VND' COMMENT 'Mã tiền tệ của đơn hàng (VND, USD, etc.)',
  `exchange_rate` decimal(12,6) NOT NULL DEFAULT 1.000000 COMMENT 'Tỉ giá so với đơn vị tiền tệ cơ sở tại thời điểm đặt hàng',
  `total_amount_base` decimal(18,2) DEFAULT NULL COMMENT 'Tổng giá trị đơn hàng đã quy đổi về đơn vị tiền tệ cơ sở (e.g., USD)',
  `payment_method` tinyint(4) NOT NULL COMMENT 'e.g., 1:COD, 2:Bank Transfer, 3:Online Gateway',
  `payment_status` enum('unpaid','paid','failed','refunded') NOT NULL DEFAULT 'unpaid',
  `payment_transaction_id` varchar(500) DEFAULT NULL,
  `shipping_address_id` bigint(20) unsigned DEFAULT NULL,
  `notes` text DEFAULT NULL,
  `shipped_at` timestamp NULL DEFAULT NULL,
  `delivered_at` timestamp NULL DEFAULT NULL,
  `created_at` timestamp NULL DEFAULT NULL,
  `updated_at` timestamp NULL DEFAULT NULL,
  `deleted_at` timestamp NULL DEFAULT NULL,
  `shipper_id` bigint(20) unsigned DEFAULT NULL,
  PRIMARY KEY (`order_id`),
  UNIQUE KEY `orders_order_number_unique` (`order_number`),
  KEY `orders_customer_id_foreign` (`customer_id`),
  KEY `orders_shipping_address_id_foreign` (`shipping_address_id`),
  KEY `orders_shipper_id_foreign` (`shipper_id`),
  CONSTRAINT `orders_customer_id_foreign` FOREIGN KEY (`customer_id`) REFERENCES `users` (`id`),
  CONSTRAINT `orders_shipper_id_foreign` FOREIGN KEY (`shipper_id`) REFERENCES `users` (`id`),
  CONSTRAINT `orders_shipping_address_id_foreign` FOREIGN KEY (`shipping_address_id`) REFERENCES `user_addresses` (`id`) ON DELETE SET NULL
) ENGINE=InnoDB AUTO_INCREMENT=297 DEFAULT CHARSET=utf8mb4 COLLATE=utf8mb4_unicode_ci;
/*!40101 SET character_set_client = @saved_cs_client */;

--
-- Dumping data for table `orders`
--

LOCK TABLES `orders` WRITE;
/*!40000 ALTER TABLE `orders` DISABLE KEYS */;
INSERT INTO `orders` VALUES (1,22,'ORD-28893184',1251.38,41.71,0.00,1293.09,'pending_assignment','USD',1.000000,1293.09,1,'unpaid',NULL,1,'Amet veritatis autem facilis dolores eos in.',NULL,NULL,'2025-10-18 07:29:40','2025-10-18 07:29:40',NULL,NULL),(2,22,'ORD-36515339',1668.04,32.14,0.00,1700.18,'delivering','USD',1.000000,1700.18,1,'paid',NULL,1,'Quia eaque quia vel et pariatur.',NULL,NULL,'2025-10-18 07:29:40','2025-10-18 07:29:40',NULL,NULL),(3,22,'ORD-31464900',508.39,18.62,0.00,527.01,'pending_confirmation','USD',1.000000,527.01,3,'unpaid',NULL,1,'Aspernatur non facere dolor adipisci aut dolor dolor qui.',NULL,NULL,'2025-10-18 07:29:40','2025-10-18 07:29:40',NULL,NULL),(4,23,'ORD-55241174',896.41,42.70,0.00,939.11,'returned','USD',1.000000,939.11,3,'paid',NULL,2,'Fugit numquam eos debitis unde.',NULL,NULL,'2025-10-18 07:29:40','2025-10-18 07:29:40',NULL,NULL),(5,23,'ORD-63968537',1703.13,41.89,0.00,1745.02,'delivering','USD',1.000000,1745.02,2,'paid',NULL,2,'Eum explicabo accusamus neque veritatis.',NULL,NULL,'2025-10-18 07:29:40','2025-10-18 07:29:40',NULL,NULL),(6,23,'ORD-64358468',115.18,47.82,0.00,163.00,'processing','USD',1.000000,163.00,3,'paid',NULL,2,'Accusantium nobis non corrupti sit sed tempore numquam sed.',NULL,NULL,'2025-10-18 07:29:40','2025-10-18 07:29:40',NULL,NULL),(7,24,'ORD-97221957',745.77,19.76,0.00,765.53,'cancelled','USD',1.000000,765.53,2,'unpaid',NULL,3,'Sit consequatur dolores sunt cumque vitae.',NULL,NULL,'2025-10-18 07:29:40','2025-10-18 07:29:40',NULL,NULL),(8,25,'ORD-23067217',1710.56,8.58,0.00,1719.14,'assigned_to_shipper','USD',1.000000,1719.14,1,'failed',NULL,4,'Rem et exercitationem iste nisi sunt.',NULL,NULL,'2025-10-18 07:29:40','2025-10-18 07:29:40',NULL,NULL),(9,25,'ORD-42717103',881.10,32.44,0.00,913.54,'returned','USD',1.000000,913.54,3,'paid',NULL,4,'Qui modi ut qui.',NULL,NULL,'2025-10-18 07:29:40','2025-10-18 07:29:40',NULL,NULL),(10,26,'ORD-96605140',863.43,14.17,0.00,877.60,'completed','USD',1.000000,877.60,1,'refunded',NULL,5,'Dolorum sunt ut qui accusamus aut.',NULL,NULL,'2025-10-18 07:29:40','2025-10-18 07:29:40',NULL,NULL),(11,26,'ORD-94126782',604.59,40.23,0.00,644.82,'cancelled','USD',1.000000,644.82,1,'refunded',NULL,5,'Id voluptatem delectus cum et quo.',NULL,NULL,'2025-10-18 07:29:40','2025-10-18 07:29:40',NULL,NULL),(12,27,'ORD-96207076',1771.48,41.92,0.00,1813.40,'returned','USD',1.000000,1813.40,2,'failed',NULL,6,'Excepturi velit sunt dolorem error dolor.',NULL,NULL,'2025-10-18 07:29:40','2025-10-18 07:29:40',NULL,NULL),(13,28,'ORD-70078796',1975.60,14.88,0.00,1990.48,'cancelled','USD',1.000000,1990.48,2,'failed',NULL,7,'Impedit et et at est itaque.',NULL,NULL,'2025-10-18 07:29:40','2025-10-18 07:29:40',NULL,NULL),(14,28,'ORD-73213730',897.80,23.42,0.00,921.22,'returned','USD',1.000000,921.22,2,'failed',NULL,7,'Saepe et autem consequuntur iste totam dicta.',NULL,NULL,'2025-10-18 07:29:40','2025-10-18 07:29:40',NULL,NULL),(15,29,'ORD-47824819',1171.50,40.83,480.32,732.02,'delivering','USD',1.000000,1212.33,2,'refunded',NULL,8,'Aut tenetur veniam officiis sed odio ea explicabo.',NULL,NULL,'2025-10-18 07:29:40','2025-10-18 07:29:43',NULL,NULL),(16,29,'ORD-81654219',1053.73,31.68,0.00,1085.41,'pending_confirmation','USD',1.000000,1085.41,3,'refunded',NULL,8,'Ipsum facere labore modi qui error libero.',NULL,NULL,'2025-10-18 07:29:40','2025-10-18 07:29:40',NULL,NULL),(17,29,'ORD-11075065',474.15,25.54,0.00,499.69,'returned','USD',1.000000,499.69,3,'failed',NULL,8,'Voluptatibus voluptas velit et qui debitis.',NULL,NULL,'2025-10-18 07:29:40','2025-10-18 07:29:40',NULL,NULL),(18,30,'ORD-87057027',1412.11,28.22,0.00,1440.33,'cancelled','USD',1.000000,1440.33,2,'failed',NULL,9,'Dicta explicabo quia illo optio quisquam.',NULL,NULL,'2025-10-18 07:29:40','2025-10-18 07:29:40',NULL,NULL),(19,30,'ORD-31261180',768.80,7.08,0.00,775.88,'pending_assignment','USD',1.000000,775.88,3,'refunded',NULL,9,'Illum expedita est quia vero soluta.',NULL,NULL,'2025-10-18 07:29:40','2025-10-18 07:29:40',NULL,NULL),(20,31,'ORD-52551805',1925.47,31.46,0.00,1956.93,'pending_confirmation','USD',1.000000,1956.93,3,'failed',NULL,10,'Incidunt ab sit beatae amet in accusantium.',NULL,NULL,'2025-10-18 07:29:40','2025-10-18 07:29:40',NULL,NULL),(21,32,'ORD-59250902',1780.42,12.61,0.00,1793.03,'delivered','USD',1.000000,1793.03,3,'paid',NULL,11,'Earum nam iure aut neque possimus repudiandae facere vel.',NULL,NULL,'2025-10-18 07:29:40','2025-10-18 07:29:40',NULL,NULL),(22,32,'ORD-13889382',1822.73,47.44,0.00,1870.17,'delivered','USD',1.000000,1870.17,3,'refunded',NULL,11,'Rerum totam sed facere maiores.',NULL,NULL,'2025-10-18 07:29:40','2025-10-18 07:29:40',NULL,NULL),(23,32,'ORD-73488311',1343.82,49.26,0.00,1393.08,'delivered','USD',1.000000,1393.08,2,'unpaid',NULL,11,'Quis suscipit sit dolorum sint doloremque totam qui.',NULL,NULL,'2025-10-18 07:29:40','2025-10-18 07:29:40',NULL,NULL),(24,33,'ORD-11272995',683.75,6.81,0.00,690.56,'delivering','USD',1.000000,690.56,2,'refunded',NULL,12,'Atque et magnam qui cum.',NULL,NULL,'2025-10-18 07:29:40','2025-10-18 07:29:40',NULL,NULL),(25,33,'ORD-7574158',1723.14,39.43,0.00,1762.57,'delivered','USD',1.000000,1762.57,3,'paid',NULL,12,'Ducimus eaque nobis neque modi quo voluptatibus.',NULL,NULL,'2025-10-18 07:29:40','2025-10-18 07:29:40',NULL,NULL),(26,33,'ORD-37336679',1323.04,13.83,0.00,1336.87,'pending_confirmation','USD',1.000000,1336.87,2,'failed',NULL,12,'Rerum officiis sed necessitatibus saepe possimus.',NULL,NULL,'2025-10-18 07:29:40','2025-10-18 07:29:40',NULL,NULL),(27,33,'ORD-40662789',965.59,7.29,0.00,972.88,'assigned_to_shipper','USD',1.000000,972.88,2,'unpaid',NULL,12,'Cupiditate occaecati placeat voluptate dolores non recusandae.',NULL,NULL,'2025-10-18 07:29:40','2025-10-18 07:29:40',NULL,NULL),(28,33,'ORD-36494153',1879.53,24.42,0.00,1903.95,'processing','USD',1.000000,1903.95,3,'refunded',NULL,12,'Ab ut corrupti tempora voluptas tempore.',NULL,NULL,'2025-10-18 07:29:40','2025-10-18 07:29:40',NULL,NULL),(29,34,'ORD-75009810',1786.71,45.76,0.00,1832.47,'cancelled','USD',1.000000,1832.47,1,'failed',NULL,13,'Illo fugit nobis deserunt reiciendis odit quia et.',NULL,NULL,'2025-10-18 07:29:40','2025-10-18 07:29:40',NULL,NULL),(30,34,'ORD-57733384',428.02,27.80,0.00,455.82,'pending_confirmation','USD',1.000000,455.82,1,'unpaid',NULL,13,'Voluptas maxime qui qui eius hic beatae cum quod.',NULL,NULL,'2025-10-18 07:29:40','2025-10-18 07:29:40',NULL,NULL),(31,34,'ORD-29562687',701.64,11.44,0.00,713.08,'completed','USD',1.000000,713.08,2,'failed',NULL,13,'Eveniet molestiae minima necessitatibus consequatur reprehenderit dolor qui.',NULL,NULL,'2025-10-18 07:29:40','2025-10-18 07:29:40',NULL,NULL),(32,35,'ORD-81530146',358.90,40.04,0.00,398.94,'delivering','USD',1.000000,398.94,2,'failed',NULL,14,'In non qui ut voluptas fuga voluptatem.',NULL,NULL,'2025-10-18 07:29:40','2025-10-18 07:29:40',NULL,NULL),(33,36,'ORD-19216040',808.16,30.08,0.00,838.24,'cancelled','USD',1.000000,838.24,1,'paid',NULL,15,'Qui distinctio dolor unde cumque harum id minima repellendus.',NULL,NULL,'2025-10-18 07:29:40','2025-10-18 07:29:40',NULL,NULL),(34,36,'ORD-64652964',1088.13,40.97,0.00,1129.10,'delivered','USD',1.000000,1129.10,2,'refunded',NULL,15,'In ab suscipit repellendus explicabo qui deleniti dolorum.',NULL,NULL,'2025-10-18 07:29:40','2025-10-18 07:29:40',NULL,NULL),(35,36,'ORD-83458084',329.97,47.28,0.00,377.25,'pending_assignment','USD',1.000000,377.25,2,'refunded',NULL,15,'Qui laboriosam provident eum blanditiis consequatur et.',NULL,NULL,'2025-10-18 07:29:40','2025-10-18 07:29:40',NULL,NULL),(36,36,'ORD-71159851',319.25,7.87,0.00,327.12,'pending_confirmation','USD',1.000000,327.12,1,'paid',NULL,15,'Iure molestiae temporibus eaque quibusdam eos non laudantium.',NULL,NULL,'2025-10-18 07:29:40','2025-10-18 07:29:40',NULL,NULL),(37,36,'ORD-72360478',451.67,37.34,0.00,489.01,'delivered','USD',1.000000,489.01,2,'failed',NULL,15,'Facilis aliquid distinctio sint sequi ut error.',NULL,NULL,'2025-10-18 07:29:40','2025-10-18 07:29:40',NULL,NULL),(38,37,'ORD-77380742',1576.49,10.11,0.00,1586.60,'pending_assignment','USD',1.000000,1586.60,3,'paid',NULL,16,'Suscipit totam molestiae dolores molestiae.',NULL,NULL,'2025-10-18 07:29:40','2025-10-18 07:29:40',NULL,NULL),(39,37,'ORD-71339400',1811.08,22.63,0.00,1833.71,'delivering','USD',1.000000,1833.71,2,'failed',NULL,16,'Minima delectus magnam vel.',NULL,NULL,'2025-10-18 07:29:40','2025-10-18 07:29:40',NULL,NULL),(40,37,'ORD-80715033',1371.07,31.37,50992.00,-49589.56,'delivering','USD',1.000000,1402.44,3,'failed',NULL,16,'Atque voluptatem illum autem sunt nemo.',NULL,NULL,'2025-10-18 07:29:40','2025-10-18 07:29:43',NULL,NULL),(41,37,'ORD-55856866',89.00,42.98,0.00,131.98,'delivering','USD',1.000000,131.98,3,'unpaid',NULL,16,'Et nihil aut a necessitatibus rem.',NULL,NULL,'2025-10-18 07:29:40','2025-10-18 07:29:40',NULL,NULL),(42,37,'ORD-38150454',1337.50,19.37,21550.00,-20193.13,'processing','USD',1.000000,1356.87,3,'paid',NULL,16,'Error veritatis quas ipsam ad qui consequuntur.',NULL,NULL,'2025-10-18 07:29:40','2025-10-18 07:29:43',NULL,NULL),(43,38,'ORD-42087393',487.33,43.86,0.00,531.19,'delivering','USD',1.000000,531.19,3,'refunded',NULL,17,'Atque nulla modi occaecati.',NULL,NULL,'2025-10-18 07:29:40','2025-10-18 07:29:40',NULL,NULL),(44,38,'ORD-33567730',739.55,40.91,0.00,780.46,'completed','USD',1.000000,780.46,3,'failed',NULL,17,'Inventore sint reprehenderit occaecati magni amet iure est.',NULL,NULL,'2025-10-18 07:29:40','2025-10-18 07:29:40',NULL,NULL),(45,39,'ORD-75515954',1475.59,33.62,0.00,1509.21,'completed','USD',1.000000,1509.21,3,'failed',NULL,18,'Et aliquid et eaque minus iste ipsam dolorem.',NULL,NULL,'2025-10-18 07:29:40','2025-10-18 07:29:40',NULL,NULL),(46,39,'ORD-23849994',1114.90,43.73,0.00,1158.63,'cancelled','USD',1.000000,1158.63,3,'unpaid',NULL,18,'Natus voluptatibus perspiciatis eum minus excepturi eos sit.',NULL,NULL,'2025-10-18 07:29:40','2025-10-18 07:29:40',NULL,NULL),(47,40,'ORD-15868854',1586.53,11.05,0.00,1597.58,'processing','USD',1.000000,1597.58,3,'refunded',NULL,19,'Molestias assumenda quisquam doloribus similique.',NULL,NULL,'2025-10-18 07:29:40','2025-10-18 07:29:40',NULL,NULL),(48,41,'ORD-45786877',543.42,35.54,0.00,578.96,'pending_confirmation','USD',1.000000,578.96,1,'refunded',NULL,20,'Et ipsam voluptas non asperiores unde qui ut consequatur.',NULL,NULL,'2025-10-18 07:29:40','2025-10-18 07:29:40',NULL,NULL),(49,41,'ORD-86332825',77.94,49.23,0.00,127.17,'completed','USD',1.000000,127.17,3,'unpaid',NULL,20,'Est optio sint a.',NULL,NULL,'2025-10-18 07:29:40','2025-10-18 07:29:40',NULL,NULL),(50,41,'ORD-77425761',1772.25,14.71,0.00,1786.96,'cancelled','USD',1.000000,1786.96,2,'refunded',NULL,20,'Maxime ducimus dolor veniam quae veniam qui exercitationem.',NULL,NULL,'2025-10-18 07:29:40','2025-10-18 07:29:40',NULL,NULL),(51,42,'ORD-95574525',1497.65,43.73,0.00,1541.38,'delivering','USD',1.000000,1541.38,3,'failed',NULL,21,'Ut quia laboriosam iure dolor facere neque molestiae.',NULL,NULL,'2025-10-18 07:29:40','2025-10-18 07:29:40',NULL,NULL),(52,42,'ORD-13421465',648.39,7.76,0.00,656.15,'delivered','USD',1.000000,656.15,1,'failed',NULL,21,'Reprehenderit eligendi consequatur voluptate possimus earum adipisci placeat.',NULL,NULL,'2025-10-18 07:29:40','2025-10-18 07:29:40',NULL,NULL),(53,43,'ORD-32904071',496.01,48.08,0.00,544.09,'cancelled','USD',1.000000,544.09,2,'unpaid',NULL,22,'Natus vero est laborum eum quia magnam labore.',NULL,NULL,'2025-10-18 07:29:40','2025-10-18 07:29:40',NULL,NULL),(54,43,'ORD-60282015',1604.19,43.89,0.00,1648.08,'completed','USD',1.000000,1648.08,2,'failed',NULL,22,'Et soluta distinctio aperiam dolores nisi labore.',NULL,NULL,'2025-10-18 07:29:40','2025-10-18 07:29:40',NULL,NULL),(55,43,'ORD-28440972',1393.88,34.04,0.00,1427.92,'pending_assignment','USD',1.000000,1427.92,2,'paid',NULL,22,'Rerum totam cum vero illo.',NULL,NULL,'2025-10-18 07:29:40','2025-10-18 07:29:40',NULL,NULL),(56,43,'ORD-83041966',676.73,28.88,0.00,705.61,'processing','USD',1.000000,705.61,3,'failed',NULL,22,'Voluptatem quaerat quo nobis dolor similique consectetur.',NULL,NULL,'2025-10-18 07:29:40','2025-10-18 07:29:40',NULL,NULL),(57,43,'ORD-38532036',452.36,20.26,0.00,472.62,'processing','USD',1.000000,472.62,2,'refunded',NULL,22,'Eaque expedita sapiente veritatis laudantium est ad.',NULL,NULL,'2025-10-18 07:29:40','2025-10-18 07:29:40',NULL,NULL),(58,44,'ORD-64207244',949.63,21.59,0.00,971.22,'assigned_to_shipper','USD',1.000000,971.22,2,'unpaid',NULL,23,'Quibusdam aperiam laborum dolores saepe.',NULL,NULL,'2025-10-18 07:29:40','2025-10-18 07:29:40',NULL,NULL),(59,44,'ORD-83905829',877.99,43.17,0.00,921.16,'delivered','USD',1.000000,921.16,3,'failed',NULL,23,'Quos consequatur quia voluptates saepe dolorum voluptatum.',NULL,NULL,'2025-10-18 07:29:40','2025-10-18 07:29:40',NULL,NULL),(60,44,'ORD-6497601',1763.64,8.75,0.00,1772.39,'delivered','USD',1.000000,1772.39,3,'unpaid',NULL,23,'Delectus est ipsum amet dolorem.',NULL,NULL,'2025-10-18 07:29:40','2025-10-18 07:29:40',NULL,NULL),(61,44,'ORD-19644985',1593.70,48.00,0.00,1641.70,'returned','USD',1.000000,1641.70,1,'refunded',NULL,23,'Repellat dolorem quisquam cupiditate et sunt.',NULL,NULL,'2025-10-18 07:29:40','2025-10-18 07:29:40',NULL,NULL),(62,45,'ORD-64619299',750.97,46.83,0.00,797.80,'delivered','USD',1.000000,797.80,2,'paid',NULL,24,'Magni itaque nisi numquam qui aperiam qui.',NULL,NULL,'2025-10-18 07:29:40','2025-10-18 07:29:40',NULL,NULL),(63,45,'ORD-70108178',1656.94,10.36,21550.00,-19882.70,'delivered','USD',1.000000,1667.30,2,'paid',NULL,24,'Laudantium dicta molestiae pariatur soluta mollitia et asperiores.',NULL,NULL,'2025-10-18 07:29:40','2025-10-18 07:29:43',NULL,NULL),(64,45,'ORD-20719231',311.83,47.98,0.00,359.81,'completed','USD',1.000000,359.81,3,'failed',NULL,24,'Ea eligendi amet illum qui perspiciatis doloremque.',NULL,NULL,'2025-10-18 07:29:40','2025-10-18 07:29:40',NULL,NULL),(65,45,'ORD-79219190',1335.70,26.31,0.00,1362.01,'pending_assignment','USD',1.000000,1362.01,3,'failed',NULL,24,'Cum voluptatem nemo inventore magni.',NULL,NULL,'2025-10-18 07:29:40','2025-10-18 07:29:40',NULL,NULL),(66,45,'ORD-96347854',553.15,18.54,0.00,571.69,'delivering','USD',1.000000,571.69,2,'refunded',NULL,24,'Aut et possimus blanditiis.',NULL,NULL,'2025-10-18 07:29:40','2025-10-18 07:29:40',NULL,NULL),(67,46,'ORD-93026140',294.90,15.72,0.00,310.62,'pending_confirmation','USD',1.000000,310.62,1,'paid',NULL,25,'Eligendi veritatis vero aut rem.',NULL,NULL,'2025-10-18 07:29:40','2025-10-18 07:29:40',NULL,NULL),(68,46,'ORD-74078958',914.94,45.16,0.00,960.10,'processing','USD',1.000000,960.10,3,'refunded',NULL,25,'Tempora placeat possimus nam aliquid quisquam.',NULL,NULL,'2025-10-18 07:29:40','2025-10-18 07:29:40',NULL,NULL),(69,46,'ORD-99148242',1481.14,36.44,0.00,1517.58,'assigned_to_shipper','USD',1.000000,1517.58,1,'failed',NULL,25,'Cumque dolores quo consequuntur qui assumenda dolorem.',NULL,NULL,'2025-10-18 07:29:40','2025-10-18 07:29:40',NULL,NULL),(70,46,'ORD-68304995',1591.11,28.64,0.00,1619.75,'assigned_to_shipper','USD',1.000000,1619.75,3,'failed',NULL,25,'Beatae vitae cumque quas voluptas est eum reiciendis.',NULL,NULL,'2025-10-18 07:29:40','2025-10-18 07:29:40',NULL,NULL),(71,46,'ORD-13355309',1418.55,21.40,0.00,1439.95,'processing','USD',1.000000,1439.95,3,'failed',NULL,25,'Velit exercitationem atque quibusdam nisi optio voluptate et.',NULL,NULL,'2025-10-18 07:29:40','2025-10-18 07:29:40',NULL,NULL),(72,47,'ORD-23787409',1324.45,5.80,0.00,1330.25,'assigned_to_shipper','USD',1.000000,1330.25,3,'failed',NULL,26,'Explicabo deleniti ratione voluptas.',NULL,NULL,'2025-10-18 07:29:40','2025-10-18 07:29:40',NULL,NULL),(73,47,'ORD-25053708',1014.21,30.43,0.00,1044.64,'delivered','USD',1.000000,1044.64,2,'failed',NULL,26,'Id pariatur fuga aut error ut qui ut.',NULL,NULL,'2025-10-18 07:29:40','2025-10-18 07:29:40',NULL,NULL),(74,47,'ORD-62456374',386.77,8.73,0.00,395.50,'processing','USD',1.000000,395.50,3,'unpaid',NULL,26,'Tempore pariatur recusandae ut sit dolor ducimus dolorum.',NULL,NULL,'2025-10-18 07:29:40','2025-10-18 07:29:40',NULL,NULL),(75,48,'ORD-93567077',1762.77,42.73,0.00,1805.50,'processing','USD',1.000000,1805.50,2,'paid',NULL,27,'Veniam aut voluptatem non voluptatem officiis.',NULL,NULL,'2025-10-18 07:29:41','2025-10-18 07:29:41',NULL,NULL),(76,48,'ORD-47018292',877.04,41.30,0.00,918.34,'returned','USD',1.000000,918.34,1,'refunded',NULL,27,'Maiores perferendis est consectetur officiis amet a.',NULL,NULL,'2025-10-18 07:29:41','2025-10-18 07:29:41',NULL,NULL),(77,48,'ORD-49706987',1357.21,38.90,0.00,1396.11,'pending_confirmation','USD',1.000000,1396.11,2,'paid',NULL,27,'Non id unde nobis quia hic et eveniet.',NULL,NULL,'2025-10-18 07:29:41','2025-10-18 07:29:41',NULL,NULL),(78,49,'ORD-77242183',1850.35,23.91,0.00,1874.26,'cancelled','USD',1.000000,1874.26,3,'unpaid',NULL,28,'Vel quo quibusdam tempore dolores quia modi nihil.',NULL,NULL,'2025-10-18 07:29:41','2025-10-18 07:29:41',NULL,NULL),(79,49,'ORD-14366258',809.62,35.75,0.00,845.37,'completed','USD',1.000000,845.37,2,'paid',NULL,28,'Officia saepe accusantium qui sed cum voluptatem esse.',NULL,NULL,'2025-10-18 07:29:41','2025-10-18 07:29:41',NULL,NULL),(80,50,'ORD-75672353',1414.84,46.75,0.00,1461.59,'pending_assignment','USD',1.000000,1461.59,2,'refunded',NULL,29,'Aliquid corporis quos quidem voluptates architecto est.',NULL,NULL,'2025-10-18 07:29:41','2025-10-18 07:29:41',NULL,NULL),(81,50,'ORD-56007799',1299.39,9.52,0.00,1308.91,'delivered','USD',1.000000,1308.91,2,'refunded',NULL,29,'Totam sint in sit dicta quia quidem optio culpa.',NULL,NULL,'2025-10-18 07:29:41','2025-10-18 07:29:41',NULL,NULL),(82,50,'ORD-57445315',1250.65,22.44,0.00,1273.09,'pending_assignment','USD',1.000000,1273.09,2,'paid',NULL,29,'Neque voluptas impedit exercitationem mollitia.',NULL,NULL,'2025-10-18 07:29:41','2025-10-18 07:29:41',NULL,NULL),(83,51,'ORD-87647613',1850.49,33.24,0.00,1883.73,'returned','USD',1.000000,1883.73,1,'failed',NULL,30,'Esse distinctio quas qui eligendi.',NULL,NULL,'2025-10-18 07:29:41','2025-10-18 07:29:41',NULL,NULL),(84,51,'ORD-91272255',1098.32,44.09,0.00,1142.41,'delivered','USD',1.000000,1142.41,2,'paid',NULL,30,'Facilis veniam voluptatem voluptates quam.',NULL,NULL,'2025-10-18 07:29:41','2025-10-18 07:29:41',NULL,NULL),(85,51,'ORD-76359621',1335.74,46.95,0.00,1382.69,'delivering','USD',1.000000,1382.69,1,'failed',NULL,30,'In sunt et saepe culpa repellat.',NULL,NULL,'2025-10-18 07:29:41','2025-10-18 07:29:41',NULL,NULL),(86,51,'ORD-59284273',1737.82,25.98,0.00,1763.80,'delivered','USD',1.000000,1763.80,3,'unpaid',NULL,30,'Facere fugiat voluptatem occaecati ducimus.',NULL,NULL,'2025-10-18 07:29:41','2025-10-18 07:29:41',NULL,NULL),(87,51,'ORD-69506647',100.02,42.08,0.00,142.10,'assigned_to_shipper','USD',1.000000,142.10,1,'paid',NULL,30,'Soluta omnis voluptatem dolorum voluptas atque iusto.',NULL,NULL,'2025-10-18 07:29:41','2025-10-18 07:29:41',NULL,NULL),(88,52,'ORD-32691179',976.72,31.65,0.00,1008.37,'returned','USD',1.000000,1008.37,3,'refunded',NULL,31,'Quibusdam aut ipsa velit error numquam quia.',NULL,NULL,'2025-10-18 07:29:41','2025-10-18 07:29:41',NULL,NULL),(89,52,'ORD-54941891',222.82,44.98,0.00,267.80,'processing','USD',1.000000,267.80,3,'unpaid',NULL,31,'Et deserunt quis perferendis delectus id.',NULL,NULL,'2025-10-18 07:29:41','2025-10-18 07:29:41',NULL,NULL),(90,52,'ORD-84789212',842.70,17.45,0.00,860.15,'delivering','USD',1.000000,860.15,2,'failed',NULL,31,'Molestiae quis voluptatem aut fugit aut sed.',NULL,NULL,'2025-10-18 07:29:41','2025-10-18 07:29:41',NULL,NULL),(91,52,'ORD-12405181',1315.32,18.12,0.00,1333.44,'delivered','USD',1.000000,1333.44,2,'unpaid',NULL,31,'Perferendis nostrum sequi ipsam enim quos dolor.',NULL,NULL,'2025-10-18 07:29:41','2025-10-18 07:29:41',NULL,NULL),(92,52,'ORD-81870961',1601.20,27.43,0.00,1628.63,'cancelled','USD',1.000000,1628.63,1,'failed',NULL,31,'Dolore incidunt ea libero officiis animi.',NULL,NULL,'2025-10-18 07:29:41','2025-10-18 07:29:41',NULL,NULL),(93,53,'ORD-85139302',554.27,27.21,0.00,581.48,'assigned_to_shipper','USD',1.000000,581.48,3,'unpaid',NULL,32,'Sint voluptatibus adipisci ea ea itaque rerum.',NULL,NULL,'2025-10-18 07:29:41','2025-10-18 07:29:41',NULL,NULL),(94,53,'ORD-93273846',1994.31,40.20,0.00,2034.51,'pending_confirmation','USD',1.000000,2034.51,2,'unpaid',NULL,32,'Aut dolor maiores dolor fugiat.',NULL,NULL,'2025-10-18 07:29:41','2025-10-18 07:29:41',NULL,NULL),(95,53,'ORD-13558255',1172.60,48.29,0.00,1220.89,'delivered','USD',1.000000,1220.89,3,'paid',NULL,32,'Eum voluptatem deserunt rem nostrum ea omnis sed sed.',NULL,NULL,'2025-10-18 07:29:41','2025-10-18 07:29:41',NULL,NULL),(96,53,'ORD-97469274',772.40,49.71,0.00,822.11,'delivering','USD',1.000000,822.11,3,'refunded',NULL,32,'Quo amet minus nam architecto.',NULL,NULL,'2025-10-18 07:29:41','2025-10-18 07:29:41',NULL,NULL),(97,53,'ORD-18076683',1044.54,20.64,75529.00,-74463.82,'cancelled','USD',1.000000,1065.18,1,'paid',NULL,32,'Maxime quo quo est.',NULL,NULL,'2025-10-18 07:29:41','2025-10-18 07:29:43',NULL,NULL),(98,54,'ORD-85822354',1034.87,49.01,50992.00,-49908.12,'delivering','USD',1.000000,1083.88,1,'paid',NULL,33,'Voluptates tenetur expedita placeat labore.',NULL,NULL,'2025-10-18 07:29:41','2025-10-18 07:29:43',NULL,NULL),(99,54,'ORD-37275845',1889.17,17.53,0.00,1906.70,'completed','USD',1.000000,1906.70,2,'paid',NULL,33,'Molestias cumque et occaecati molestiae.',NULL,NULL,'2025-10-18 07:29:41','2025-10-18 07:29:41',NULL,NULL),(100,55,'ORD-67420423',817.34,9.29,0.00,826.63,'cancelled','USD',1.000000,826.63,3,'unpaid',NULL,34,'Libero autem odit reiciendis eos aspernatur nam.',NULL,NULL,'2025-10-18 07:29:41','2025-10-18 07:29:41',NULL,NULL),(101,55,'ORD-82338571',995.77,16.53,0.00,1012.30,'cancelled','USD',1.000000,1012.30,2,'unpaid',NULL,34,'Cupiditate dolor quis vitae et impedit temporibus.',NULL,NULL,'2025-10-18 07:29:41','2025-10-18 07:29:41',NULL,NULL),(102,56,'ORD-47779712',494.36,48.19,0.00,542.55,'pending_assignment','USD',1.000000,542.55,3,'refunded',NULL,35,'Illo quam magni officia at omnis eveniet incidunt.',NULL,NULL,'2025-10-18 07:29:41','2025-10-18 07:29:41',NULL,NULL),(103,56,'ORD-28918265',814.14,27.36,0.00,841.50,'pending_confirmation','USD',1.000000,841.50,3,'paid',NULL,35,'Nisi sed velit repudiandae officia aut fugit.',NULL,NULL,'2025-10-18 07:29:41','2025-10-18 07:29:41',NULL,NULL),(104,56,'ORD-757951',411.06,36.62,0.00,447.68,'pending_confirmation','USD',1.000000,447.68,3,'unpaid',NULL,35,'Dolor nostrum nam velit quibusdam nihil provident ut.',NULL,NULL,'2025-10-18 07:29:41','2025-10-18 07:29:41',NULL,NULL),(105,56,'ORD-11512247',1670.16,26.26,0.00,1696.42,'completed','USD',1.000000,1696.42,3,'paid',NULL,35,'Cupiditate nesciunt quos quas labore pariatur.',NULL,NULL,'2025-10-18 07:29:41','2025-10-18 07:29:41',NULL,NULL),(106,57,'ORD-93130759',1697.13,5.66,0.00,1702.79,'returned','USD',1.000000,1702.79,2,'refunded',NULL,36,'Eaque illum qui voluptatem aspernatur.',NULL,NULL,'2025-10-18 07:29:41','2025-10-18 07:29:41',NULL,NULL),(107,57,'ORD-35592908',249.83,33.75,0.00,283.58,'pending_confirmation','USD',1.000000,283.58,2,'refunded',NULL,36,'Aut rerum omnis delectus non et aliquam.',NULL,NULL,'2025-10-18 07:29:41','2025-10-18 07:29:41',NULL,NULL),(108,57,'ORD-51842785',131.66,23.45,53.98,101.13,'pending_assignment','USD',1.000000,155.11,1,'unpaid',NULL,36,'Quia voluptas et aspernatur commodi unde eius aut.',NULL,NULL,'2025-10-18 07:29:41','2025-10-18 07:29:43',NULL,NULL),(109,58,'ORD-30585173',768.43,16.72,0.00,785.15,'processing','USD',1.000000,785.15,2,'refunded',NULL,37,'Saepe ex in dolor sint ratione facilis consequatur dolore.',NULL,NULL,'2025-10-18 07:29:41','2025-10-18 07:29:41',NULL,NULL),(110,58,'ORD-46777606',375.68,33.63,0.00,409.31,'pending_assignment','USD',1.000000,409.31,2,'paid',NULL,37,'Rerum optio molestiae pariatur quo.',NULL,NULL,'2025-10-18 07:29:41','2025-10-18 07:29:41',NULL,NULL),(111,58,'ORD-5073446',1539.51,12.55,0.00,1552.06,'completed','USD',1.000000,1552.06,1,'failed',NULL,37,'Occaecati blanditiis aperiam consequatur in velit quisquam sequi.',NULL,NULL,'2025-10-18 07:29:41','2025-10-18 07:29:41',NULL,NULL),(112,58,'ORD-64302581',195.01,22.15,0.00,217.16,'pending_assignment','USD',1.000000,217.16,1,'unpaid',NULL,37,'Hic neque libero ducimus minus explicabo itaque.',NULL,NULL,'2025-10-18 07:29:41','2025-10-18 07:29:41',NULL,NULL),(113,59,'ORD-41525646',1961.26,32.70,0.00,1993.96,'processing','USD',1.000000,1993.96,1,'failed',NULL,38,'Eius a impedit repellat perferendis.',NULL,NULL,'2025-10-18 07:29:41','2025-10-18 07:29:41',NULL,NULL),(114,59,'ORD-4951664',1092.19,9.33,0.00,1101.52,'completed','USD',1.000000,1101.52,3,'refunded',NULL,38,'Enim consectetur repellat cum assumenda neque quia.',NULL,NULL,'2025-10-18 07:29:41','2025-10-18 07:29:41',NULL,NULL),(115,59,'ORD-68479033',290.60,11.21,0.00,301.81,'cancelled','USD',1.000000,301.81,2,'paid',NULL,38,'Consequatur et exercitationem adipisci ut.',NULL,NULL,'2025-10-18 07:29:41','2025-10-18 07:29:41',NULL,NULL),(116,60,'ORD-76396407',832.20,5.10,0.00,837.30,'returned','USD',1.000000,837.30,2,'refunded',NULL,39,'Sit perferendis temporibus dolorem tempore aspernatur dolores.',NULL,NULL,'2025-10-18 07:29:41','2025-10-18 07:29:41',NULL,NULL),(117,60,'ORD-76551579',1560.39,31.89,0.00,1592.28,'processing','USD',1.000000,1592.28,3,'failed',NULL,39,'Aut officia ut dignissimos reiciendis cupiditate autem mollitia enim.',NULL,NULL,'2025-10-18 07:29:41','2025-10-18 07:29:41',NULL,NULL),(118,61,'ORD-18138886',221.69,26.17,0.00,247.86,'delivered','USD',1.000000,247.86,2,'unpaid',NULL,40,'Repudiandae ab minima quasi facere aut sunt.',NULL,NULL,'2025-10-18 07:29:41','2025-10-18 07:29:41',NULL,NULL),(119,61,'ORD-28512982',1993.68,36.04,0.00,2029.72,'returned','USD',1.000000,2029.72,1,'unpaid',NULL,40,'Delectus quo doloribus et nesciunt incidunt.',NULL,NULL,'2025-10-18 07:29:41','2025-10-18 07:29:41',NULL,NULL),(120,62,'ORD-16808454',1572.18,35.74,0.00,1607.92,'returned','USD',1.000000,1607.92,1,'unpaid',NULL,41,'Illum aut eveniet et in qui quibusdam ea error.',NULL,NULL,'2025-10-18 07:29:41','2025-10-18 07:29:41',NULL,NULL),(121,63,'ORD-82635155',593.67,15.85,0.00,609.52,'pending_confirmation','USD',1.000000,609.52,3,'paid',NULL,42,'Error sint minima voluptatem.',NULL,NULL,'2025-10-18 07:29:41','2025-10-18 07:29:41',NULL,NULL),(122,63,'ORD-48384900',124.29,40.01,0.00,164.30,'returned','USD',1.000000,164.30,3,'paid',NULL,42,'Voluptates facere nisi excepturi reiciendis deserunt laudantium est.',NULL,NULL,'2025-10-18 07:29:41','2025-10-18 07:29:41',NULL,NULL),(123,63,'ORD-84600834',387.22,29.00,0.00,416.22,'processing','USD',1.000000,416.22,1,'failed',NULL,42,'Et voluptatum qui aut esse rerum fuga.',NULL,NULL,'2025-10-18 07:29:41','2025-10-18 07:29:41',NULL,NULL),(124,63,'ORD-11016052',1039.82,14.78,0.00,1054.60,'completed','USD',1.000000,1054.60,2,'failed',NULL,42,'Rerum ut consequatur facilis culpa rerum nam quas.',NULL,NULL,'2025-10-18 07:29:41','2025-10-18 07:29:41',NULL,NULL),(125,63,'ORD-58658907',1458.24,46.26,0.00,1504.50,'assigned_to_shipper','USD',1.000000,1504.50,1,'failed',NULL,42,'Et porro facere debitis nesciunt aliquam quia.',NULL,NULL,'2025-10-18 07:29:41','2025-10-18 07:29:41',NULL,NULL),(126,64,'ORD-54370389',959.91,20.19,0.00,980.10,'delivering','USD',1.000000,980.10,3,'unpaid',NULL,43,'Assumenda a rerum architecto non reprehenderit fuga quis.',NULL,NULL,'2025-10-18 07:29:41','2025-10-18 07:29:41',NULL,NULL),(127,64,'ORD-39799332',456.42,42.01,0.00,498.43,'delivered','USD',1.000000,498.43,1,'paid',NULL,43,'Nesciunt minus fugit et temporibus officia possimus.',NULL,NULL,'2025-10-18 07:29:41','2025-10-18 07:29:41',NULL,NULL),(128,64,'ORD-72067359',1332.98,6.40,0.00,1339.38,'pending_assignment','USD',1.000000,1339.38,2,'refunded',NULL,43,'Magnam commodi nisi natus iure fugiat voluptas.',NULL,NULL,'2025-10-18 07:29:41','2025-10-18 07:29:41',NULL,NULL),(129,64,'ORD-78676636',1927.58,22.10,0.00,1949.68,'pending_confirmation','USD',1.000000,1949.68,2,'refunded',NULL,43,'Nihil temporibus maxime optio expedita et voluptates.',NULL,NULL,'2025-10-18 07:29:41','2025-10-18 07:29:41',NULL,NULL),(130,64,'ORD-28324978',690.62,49.25,75529.00,-74789.13,'delivered','USD',1.000000,739.87,2,'paid',NULL,43,'Dignissimos nemo excepturi quidem modi ipsa.',NULL,NULL,'2025-10-18 07:29:41','2025-10-18 07:29:43',NULL,NULL),(131,65,'ORD-58836455',441.00,28.89,180.81,289.08,'cancelled','USD',1.000000,469.89,1,'refunded',NULL,44,'Quisquam culpa odio ut.',NULL,NULL,'2025-10-18 07:29:41','2025-10-18 07:29:43',NULL,NULL),(132,66,'ORD-15480438',614.68,9.29,0.00,623.97,'delivering','USD',1.000000,623.97,2,'failed',NULL,45,'Nisi officiis voluptatem molestias quis quis nam perspiciatis.',NULL,NULL,'2025-10-18 07:29:41','2025-10-18 07:29:41',NULL,NULL),(133,66,'ORD-47302274',1528.02,45.56,0.00,1573.58,'processing','USD',1.000000,1573.58,1,'failed',NULL,45,'Sit officia aspernatur est esse.',NULL,NULL,'2025-10-18 07:29:41','2025-10-18 07:29:41',NULL,NULL),(134,66,'ORD-52212298',791.96,30.85,0.00,822.81,'assigned_to_shipper','USD',1.000000,822.81,3,'paid',NULL,45,'Vero nisi officiis id sed.',NULL,NULL,'2025-10-18 07:29:41','2025-10-18 07:29:41',NULL,NULL),(135,66,'ORD-84076516',1936.68,6.95,0.00,1943.63,'processing','USD',1.000000,1943.63,1,'refunded',NULL,45,'Neque aliquam totam non dolorem molestias et sed.',NULL,NULL,'2025-10-18 07:29:41','2025-10-18 07:29:41',NULL,NULL),(136,67,'ORD-32603647',616.62,17.48,0.00,634.10,'delivered','USD',1.000000,634.10,3,'unpaid',NULL,46,'Iusto quia non aut nam aliquam.',NULL,NULL,'2025-10-18 07:29:41','2025-10-18 07:29:41',NULL,NULL),(137,68,'ORD-84372257',331.64,16.03,0.00,347.67,'returned','USD',1.000000,347.67,1,'paid',NULL,47,'Qui omnis dolor at vitae a maiores ea at.',NULL,NULL,'2025-10-18 07:29:41','2025-10-18 07:29:41',NULL,NULL),(138,68,'ORD-17155080',1368.53,45.50,0.00,1414.03,'processing','USD',1.000000,1414.03,2,'unpaid',NULL,47,'Incidunt quae quam explicabo eos quos aperiam.',NULL,NULL,'2025-10-18 07:29:41','2025-10-18 07:29:41',NULL,NULL),(139,68,'ORD-65191754',936.06,15.02,0.00,951.08,'pending_confirmation','USD',1.000000,951.08,3,'unpaid',NULL,47,'Libero fugiat aperiam provident temporibus et ad quia.',NULL,NULL,'2025-10-18 07:29:41','2025-10-18 07:29:41',NULL,NULL),(140,69,'ORD-69494407',1101.79,21.42,0.00,1123.21,'pending_confirmation','USD',1.000000,1123.21,3,'refunded',NULL,48,'Nihil laudantium voluptatem at et facilis sunt.',NULL,NULL,'2025-10-18 07:29:41','2025-10-18 07:29:41',NULL,NULL),(141,70,'ORD-56193954',976.28,33.79,0.00,1010.07,'delivering','USD',1.000000,1010.07,3,'unpaid',NULL,49,'Et rem rem officia ut aperiam.',NULL,NULL,'2025-10-18 07:29:41','2025-10-18 07:29:41',NULL,NULL),(142,70,'ORD-75655787',1639.58,44.60,0.00,1684.18,'assigned_to_shipper','USD',1.000000,1684.18,1,'failed',NULL,49,'Est omnis quo ut est similique nihil.',NULL,NULL,'2025-10-18 07:29:41','2025-10-18 07:29:41',NULL,NULL),(143,70,'ORD-29767423',1828.55,45.44,0.00,1873.99,'assigned_to_shipper','USD',1.000000,1873.99,1,'paid',NULL,49,'Consequatur adipisci enim ipsum numquam quod voluptates similique.',NULL,NULL,'2025-10-18 07:29:41','2025-10-18 07:29:41',NULL,NULL),(144,70,'ORD-48155091',1196.58,46.10,0.00,1242.68,'completed','USD',1.000000,1242.68,2,'unpaid',NULL,49,'Dolores facilis blanditiis sit ad.',NULL,NULL,'2025-10-18 07:29:41','2025-10-18 07:29:41',NULL,NULL),(145,71,'ORD-67785936',1365.23,17.48,0.00,1382.71,'completed','USD',1.000000,1382.71,1,'refunded',NULL,50,'Omnis sed quod rem vel provident.',NULL,NULL,'2025-10-18 07:29:41','2025-10-18 07:29:41',NULL,NULL),(146,72,'ORD-48614300',1095.45,25.94,0.00,1121.39,'completed','USD',1.000000,1121.39,2,'unpaid',NULL,51,'Consectetur ad placeat facilis amet vel.',NULL,NULL,'2025-10-18 07:29:41','2025-10-18 07:29:41',NULL,NULL),(147,72,'ORD-12639979',463.23,27.32,0.00,490.55,'pending_confirmation','USD',1.000000,490.55,1,'paid',NULL,51,'Et repellendus quam dolor eveniet.',NULL,NULL,'2025-10-18 07:29:41','2025-10-18 07:29:41',NULL,NULL),(148,72,'ORD-74854736',1987.56,10.83,0.00,1998.39,'returned','USD',1.000000,1998.39,1,'paid',NULL,51,'Ut quia qui et minus.',NULL,NULL,'2025-10-18 07:29:41','2025-10-18 07:29:41',NULL,NULL),(149,72,'ORD-25933835',332.50,30.32,0.00,362.82,'delivering','USD',1.000000,362.82,1,'unpaid',NULL,51,'In debitis cumque earum.',NULL,NULL,'2025-10-18 07:29:41','2025-10-18 07:29:41',NULL,NULL),(150,72,'ORD-93632614',875.65,7.88,50992.00,-50108.47,'delivering','USD',1.000000,883.53,1,'failed',NULL,51,'Ad consequatur illum sunt id aut dolore corrupti magni.',NULL,NULL,'2025-10-18 07:29:41','2025-10-18 07:29:43',NULL,NULL),(151,73,'ORD-55686137',1585.23,49.37,0.00,1634.60,'delivered','USD',1.000000,1634.60,2,'refunded',NULL,52,'Et quam similique dolores rerum repudiandae.',NULL,NULL,'2025-10-18 07:29:41','2025-10-18 07:29:41',NULL,NULL),(152,73,'ORD-89167820',247.53,29.95,0.00,277.48,'pending_assignment','USD',1.000000,277.48,2,'refunded',NULL,52,'Quibusdam quibusdam odio nihil deserunt fugiat porro voluptas deleniti.',NULL,NULL,'2025-10-18 07:29:41','2025-10-18 07:29:41',NULL,NULL),(153,73,'ORD-50662269',1694.63,9.46,0.00,1704.09,'delivering','USD',1.000000,1704.09,2,'paid',NULL,52,'Quibusdam inventore odit voluptatibus dolores nam rem quo.',NULL,NULL,'2025-10-18 07:29:41','2025-10-18 07:29:41',NULL,NULL),(154,73,'ORD-68346659',302.19,47.76,0.00,349.95,'processing','USD',1.000000,349.95,3,'paid',NULL,52,'Et deserunt modi velit autem cum.',NULL,NULL,'2025-10-18 07:29:41','2025-10-18 07:29:41',NULL,NULL),(155,73,'ORD-196959',685.28,22.32,50992.00,-50284.40,'delivering','USD',1.000000,707.60,2,'unpaid',NULL,52,'Temporibus quia atque doloremque quod aut quia illum.',NULL,NULL,'2025-10-18 07:29:41','2025-10-18 07:29:43',NULL,NULL),(156,74,'ORD-25120401',388.51,18.18,0.00,406.69,'delivered','USD',1.000000,406.69,2,'unpaid',NULL,53,'Aliquam qui veniam praesentium.',NULL,NULL,'2025-10-18 07:29:41','2025-10-18 07:29:41',NULL,NULL),(157,74,'ORD-62499822',875.21,45.26,0.00,920.47,'processing','USD',1.000000,920.47,3,'unpaid',NULL,53,'Rem ut voluptatem id sit voluptatem quia.',NULL,NULL,'2025-10-18 07:29:41','2025-10-18 07:29:41',NULL,NULL),(158,74,'ORD-43945270',1854.01,17.01,21550.00,-19678.98,'returned','USD',1.000000,1871.02,1,'paid',NULL,53,'In omnis nobis voluptatem est ratione quis.',NULL,NULL,'2025-10-18 07:29:41','2025-10-18 07:29:43',NULL,NULL),(159,74,'ORD-76176066',80.78,16.52,40.39,56.91,'delivering','USD',1.000000,97.30,2,'unpaid',NULL,53,'Dignissimos reprehenderit fugiat at voluptas est.',NULL,NULL,'2025-10-18 07:29:41','2025-10-18 07:29:43',NULL,NULL),(160,75,'ORD-62585440',808.99,12.33,0.00,821.32,'pending_confirmation','USD',1.000000,821.32,2,'paid',NULL,54,'Voluptas quia reiciendis cum occaecati accusantium.',NULL,NULL,'2025-10-18 07:29:41','2025-10-18 07:29:41',NULL,NULL),(161,75,'ORD-22907692',73.44,18.17,0.00,91.61,'processing','USD',1.000000,91.61,1,'unpaid',NULL,54,'Tempora atque occaecati dolorem ipsa.',NULL,NULL,'2025-10-18 07:29:41','2025-10-18 07:29:41',NULL,NULL),(162,75,'ORD-64978230',669.50,30.76,0.00,700.26,'pending_confirmation','USD',1.000000,700.26,3,'unpaid',NULL,54,'Aperiam voluptatum itaque repudiandae possimus nulla.',NULL,NULL,'2025-10-18 07:29:41','2025-10-18 07:29:41',NULL,NULL),(163,75,'ORD-35880168',1759.37,10.10,721.34,1048.13,'processing','USD',1.000000,1769.47,1,'refunded',NULL,54,'Omnis in reiciendis et veritatis nisi eum.',NULL,NULL,'2025-10-18 07:29:41','2025-10-18 07:29:43',NULL,NULL),(164,76,'ORD-82094167',253.96,38.38,0.00,292.34,'pending_assignment','USD',1.000000,292.34,1,'paid',NULL,55,'Ipsa tempore sit soluta dolor quis ab aperiam.',NULL,NULL,'2025-10-18 07:29:41','2025-10-18 07:29:41',NULL,NULL),(165,76,'ORD-91777879',901.44,47.08,0.00,948.52,'delivered','USD',1.000000,948.52,3,'failed',NULL,55,'Animi necessitatibus vero facilis officiis unde.',NULL,NULL,'2025-10-18 07:29:41','2025-10-18 07:29:41',NULL,NULL),(166,76,'ORD-59818122',1542.18,23.95,0.00,1566.13,'pending_assignment','USD',1.000000,1566.13,1,'refunded',NULL,55,'Enim sequi velit fuga.',NULL,NULL,'2025-10-18 07:29:41','2025-10-18 07:29:41',NULL,NULL),(167,77,'ORD-79676186',386.06,37.25,0.00,423.31,'delivering','USD',1.000000,423.31,2,'paid',NULL,56,'Doloribus molestiae earum suscipit reiciendis.',NULL,NULL,'2025-10-18 07:29:41','2025-10-18 07:29:41',NULL,NULL),(168,77,'ORD-38241804',133.11,31.88,0.00,164.99,'processing','USD',1.000000,164.99,1,'failed',NULL,56,'Maiores voluptatibus saepe excepturi accusantium necessitatibus sequi.',NULL,NULL,'2025-10-18 07:29:41','2025-10-18 07:29:41',NULL,NULL),(169,77,'ORD-91159016',873.66,9.88,0.00,883.54,'delivered','USD',1.000000,883.54,3,'paid',NULL,56,'Voluptate commodi et omnis dolores.',NULL,NULL,'2025-10-18 07:29:41','2025-10-18 07:29:41',NULL,NULL),(170,78,'ORD-85929656',416.05,36.33,0.00,452.38,'returned','USD',1.000000,452.38,1,'refunded',NULL,57,'Vel et dolor minus et.',NULL,NULL,'2025-10-18 07:29:41','2025-10-18 07:29:41',NULL,NULL),(171,78,'ORD-54627663',1115.21,42.06,0.00,1157.27,'delivered','USD',1.000000,1157.27,1,'unpaid',NULL,57,'Odio fugiat nihil quaerat ea natus.',NULL,NULL,'2025-10-18 07:29:41','2025-10-18 07:29:41',NULL,NULL),(172,78,'ORD-63220743',949.29,10.36,0.00,959.65,'returned','USD',1.000000,959.65,3,'paid',NULL,57,'Repudiandae laudantium nemo omnis distinctio consequuntur at.',NULL,NULL,'2025-10-18 07:29:41','2025-10-18 07:29:41',NULL,NULL),(173,79,'ORD-52626644',68.69,18.65,0.00,87.34,'delivered','USD',1.000000,87.34,1,'paid',NULL,58,'Itaque sed dolores facere dolore perferendis error et.',NULL,NULL,'2025-10-18 07:29:41','2025-10-18 07:29:41',NULL,NULL),(174,80,'ORD-98670125',1889.76,47.12,0.00,1936.88,'pending_assignment','USD',1.000000,1936.88,2,'refunded',NULL,59,'Occaecati non magni expedita soluta nulla velit ut.',NULL,NULL,'2025-10-18 07:29:41','2025-10-18 07:29:41',NULL,NULL),(175,80,'ORD-59641535',1756.02,35.36,0.00,1791.38,'pending_confirmation','USD',1.000000,1791.38,2,'paid',NULL,59,'Quas amet qui repudiandae ut magnam.',NULL,NULL,'2025-10-18 07:29:41','2025-10-18 07:29:41',NULL,NULL),(176,80,'ORD-31962006',376.37,21.29,0.00,397.66,'delivering','USD',1.000000,397.66,3,'paid',NULL,59,'Quia accusantium cupiditate delectus quia vero eos mollitia vel.',NULL,NULL,'2025-10-18 07:29:41','2025-10-18 07:29:41',NULL,NULL),(177,80,'ORD-89802947',1970.90,30.22,0.00,2001.12,'pending_assignment','USD',1.000000,2001.12,3,'refunded',NULL,59,'Sunt cupiditate nulla est voluptas reprehenderit consequatur maxime.',NULL,NULL,'2025-10-18 07:29:41','2025-10-18 07:29:41',NULL,NULL),(178,81,'ORD-11844373',593.39,11.96,0.00,605.35,'delivering','USD',1.000000,605.35,1,'unpaid',NULL,60,'Ullam sit non dolore molestiae sint quos.',NULL,NULL,'2025-10-18 07:29:41','2025-10-18 07:29:41',NULL,NULL),(179,82,'ORD-68698864',57.18,47.97,0.00,105.15,'completed','USD',1.000000,105.15,2,'failed',NULL,61,'Delectus consequatur harum est illo ut.',NULL,NULL,'2025-10-18 07:29:41','2025-10-18 07:29:41',NULL,NULL),(180,83,'ORD-14816929',1162.65,46.30,0.00,1208.95,'pending_confirmation','USD',1.000000,1208.95,1,'failed',NULL,62,'Nisi aut ad ipsa fugiat quidem dolorem ea.',NULL,NULL,'2025-10-18 07:29:41','2025-10-18 07:29:41',NULL,NULL),(181,83,'ORD-38429133',446.99,19.58,0.00,466.57,'returned','USD',1.000000,466.57,3,'failed',NULL,62,'Sed accusantium maiores labore.',NULL,NULL,'2025-10-18 07:29:41','2025-10-18 07:29:41',NULL,NULL),(182,83,'ORD-78694080',1912.02,38.43,783.93,1166.52,'cancelled','USD',1.000000,1950.45,1,'refunded',NULL,62,'Dolores et sunt ut eaque magnam enim id aut.',NULL,NULL,'2025-10-18 07:29:41','2025-10-18 07:29:43',NULL,NULL),(183,83,'ORD-79562714',1085.94,14.96,0.00,1100.90,'returned','USD',1.000000,1100.90,2,'paid',NULL,62,'Consectetur non numquam saepe sit accusantium architecto.',NULL,NULL,'2025-10-18 07:29:41','2025-10-18 07:29:41',NULL,NULL),(184,84,'ORD-41851283',719.60,41.87,0.00,761.47,'assigned_to_shipper','USD',1.000000,761.47,3,'paid',NULL,63,'Laboriosam commodi sequi vel sunt nihil est.',NULL,NULL,'2025-10-18 07:29:41','2025-10-18 07:29:41',NULL,NULL),(185,84,'ORD-40715217',1111.40,29.46,455.67,685.19,'assigned_to_shipper','USD',1.000000,1140.86,2,'failed',NULL,63,'Excepturi similique assumenda dignissimos culpa consequatur.',NULL,NULL,'2025-10-18 07:29:41','2025-10-18 07:29:43',NULL,NULL),(186,84,'ORD-30463257',860.93,33.28,0.00,894.21,'delivered','USD',1.000000,894.21,3,'failed',NULL,63,'Nulla libero et aliquam distinctio laborum tempora libero et.',NULL,NULL,'2025-10-18 07:29:41','2025-10-18 07:29:41',NULL,NULL),(187,84,'ORD-41826569',1469.11,6.13,0.00,1475.24,'cancelled','USD',1.000000,1475.24,1,'refunded',NULL,63,'Eos illum repellat inventore corporis assumenda deserunt.',NULL,NULL,'2025-10-18 07:29:41','2025-10-18 07:29:41',NULL,NULL),(188,85,'ORD-13264180',634.94,18.98,0.00,653.92,'assigned_to_shipper','USD',1.000000,653.92,2,'refunded',NULL,64,'Adipisci illo sint illo repudiandae ab pariatur sunt.',NULL,NULL,'2025-10-18 07:29:41','2025-10-18 07:29:41',NULL,NULL),(189,85,'ORD-86481677',359.84,26.15,0.00,385.99,'delivered','USD',1.000000,385.99,2,'refunded',NULL,64,'Consequatur enim voluptatibus nulla autem.',NULL,NULL,'2025-10-18 07:29:41','2025-10-18 07:29:41',NULL,NULL),(190,85,'ORD-68135857',1630.88,10.61,0.00,1641.49,'pending_confirmation','USD',1.000000,1641.49,1,'failed',NULL,64,'At ut expedita laudantium quia quas.',NULL,NULL,'2025-10-18 07:29:41','2025-10-18 07:29:41',NULL,NULL),(191,85,'ORD-75086005',1409.06,43.17,704.53,747.70,'processing','USD',1.000000,1452.23,3,'paid',NULL,64,'Sed iusto occaecati vero autem beatae reprehenderit quia consequuntur.',NULL,NULL,'2025-10-18 07:29:41','2025-10-18 07:29:43',NULL,NULL),(192,86,'ORD-88800243',1052.53,40.51,0.00,1093.04,'delivering','USD',1.000000,1093.04,1,'paid',NULL,65,'Autem unde officiis pariatur ut sunt.',NULL,NULL,'2025-10-18 07:29:41','2025-10-18 07:29:41',NULL,NULL),(193,86,'ORD-56003205',468.49,43.57,0.00,512.06,'delivered','USD',1.000000,512.06,2,'unpaid',NULL,65,'Quibusdam illum qui at dolores consequatur nemo enim.',NULL,NULL,'2025-10-18 07:29:41','2025-10-18 07:29:41',NULL,NULL),(194,86,'ORD-64845601',272.19,43.46,0.00,315.65,'delivering','USD',1.000000,315.65,1,'unpaid',NULL,65,'Dolorem tenetur omnis optio tenetur.',NULL,NULL,'2025-10-18 07:29:41','2025-10-18 07:29:41',NULL,NULL),(195,86,'ORD-70850600',1608.38,30.53,0.00,1638.91,'completed','USD',1.000000,1638.91,1,'failed',NULL,65,'Nihil et iusto voluptatem perspiciatis sit.',NULL,NULL,'2025-10-18 07:29:41','2025-10-18 07:29:41',NULL,NULL),(196,86,'ORD-96156313',162.35,18.04,21550.00,-21369.61,'cancelled','USD',1.000000,180.39,3,'failed',NULL,65,'Quaerat sit totam totam iusto rerum quae molestiae.',NULL,NULL,'2025-10-18 07:29:41','2025-10-18 07:29:43',NULL,NULL),(197,87,'ORD-87629653',1453.11,30.55,0.00,1483.66,'assigned_to_shipper','USD',1.000000,1483.66,3,'failed',NULL,66,'Corporis qui quisquam iusto.',NULL,NULL,'2025-10-18 07:29:41','2025-10-18 07:29:41',NULL,NULL),(198,87,'ORD-75380376',484.96,40.96,0.00,525.92,'delivering','USD',1.000000,525.92,1,'refunded',NULL,66,'Dolor quo eaque optio placeat.',NULL,NULL,'2025-10-18 07:29:41','2025-10-18 07:29:41',NULL,NULL),(199,87,'ORD-87633861',1709.69,49.29,700.97,1058.01,'assigned_to_shipper','USD',1.000000,1758.98,2,'paid',NULL,66,'Explicabo repellendus dolorem quae et eligendi sed voluptatem.',NULL,NULL,'2025-10-18 07:29:41','2025-10-18 07:29:43',NULL,NULL),(200,87,'ORD-6614388',702.02,8.70,0.00,710.72,'pending_assignment','USD',1.000000,710.72,1,'unpaid',NULL,66,'Et voluptas earum quia mollitia fuga impedit voluptas.',NULL,NULL,'2025-10-18 07:29:41','2025-10-18 07:29:41',NULL,NULL),(201,87,'ORD-94083556',1236.94,49.15,0.00,1286.09,'pending_assignment','USD',1.000000,1286.09,1,'refunded',NULL,66,'Amet impedit ratione occaecati consequuntur non saepe alias commodi.',NULL,NULL,'2025-10-18 07:29:41','2025-10-18 07:29:41',NULL,NULL),(202,88,'ORD-25198943',103.35,29.63,75529.00,-75396.02,'delivered','USD',1.000000,132.98,2,'refunded',NULL,67,'Consequatur incidunt aut officiis quis numquam rerum ut.',NULL,NULL,'2025-10-18 07:29:41','2025-10-18 07:29:43',NULL,NULL),(203,88,'ORD-31685946',514.56,45.15,0.00,559.71,'cancelled','USD',1.000000,559.71,3,'paid',NULL,67,'Placeat sint iusto officia eos.',NULL,NULL,'2025-10-18 07:29:41','2025-10-18 07:29:41',NULL,NULL),(204,88,'ORD-82431846',483.89,12.53,0.00,496.42,'completed','USD',1.000000,496.42,3,'paid',NULL,67,'Amet optio qui quia ut qui.',NULL,NULL,'2025-10-18 07:29:41','2025-10-18 07:29:41',NULL,NULL),(205,88,'ORD-37392231',598.60,20.32,0.00,618.92,'assigned_to_shipper','USD',1.000000,618.92,1,'refunded',NULL,67,'Fuga consectetur odit voluptatum molestiae repellendus laboriosam ullam.',NULL,NULL,'2025-10-18 07:29:41','2025-10-18 07:29:41',NULL,NULL),(206,88,'ORD-49561191',551.97,21.50,0.00,573.47,'pending_assignment','USD',1.000000,573.47,2,'failed',NULL,67,'Sunt expedita odit aspernatur amet vero.',NULL,NULL,'2025-10-18 07:29:41','2025-10-18 07:29:41',NULL,NULL),(207,89,'ORD-35057671',1586.27,34.14,0.00,1620.41,'pending_assignment','USD',1.000000,1620.41,1,'unpaid',NULL,68,'A voluptatem in ut enim molestiae voluptas.',NULL,NULL,'2025-10-18 07:29:41','2025-10-18 07:29:41',NULL,NULL),(208,89,'ORD-27905618',1946.65,38.42,0.00,1985.07,'pending_assignment','USD',1.000000,1985.07,3,'refunded',NULL,68,'Impedit distinctio dolores quibusdam voluptate dolorum iste ipsa.',NULL,NULL,'2025-10-18 07:29:41','2025-10-18 07:29:41',NULL,NULL),(209,89,'ORD-58642624',924.48,48.38,0.00,972.86,'pending_confirmation','USD',1.000000,972.86,3,'unpaid',NULL,68,'Quis deleniti debitis sed ipsum officiis.',NULL,NULL,'2025-10-18 07:29:41','2025-10-18 07:29:41',NULL,NULL),(210,90,'ORD-56003215',1855.45,16.38,0.00,1871.83,'assigned_to_shipper','USD',1.000000,1871.83,3,'failed',NULL,69,'Odit quis dolore numquam voluptatem.',NULL,NULL,'2025-10-18 07:29:41','2025-10-18 07:29:41',NULL,NULL),(211,90,'ORD-46926827',152.65,48.80,0.00,201.45,'delivered','USD',1.000000,201.45,3,'unpaid',NULL,69,'Autem optio iste rerum sit doloribus quia non.',NULL,NULL,'2025-10-18 07:29:41','2025-10-18 07:29:41',NULL,NULL),(212,91,'ORD-86942833',1589.47,33.08,0.00,1622.55,'completed','USD',1.000000,1622.55,2,'paid',NULL,70,'Nobis consequatur delectus expedita illo dolores sunt enim.',NULL,NULL,'2025-10-18 07:29:41','2025-10-18 07:29:41',NULL,NULL),(213,91,'ORD-42955563',477.84,26.14,0.00,503.98,'pending_assignment','USD',1.000000,503.98,3,'refunded',NULL,70,'Et occaecati quisquam sunt nam voluptate.',NULL,NULL,'2025-10-18 07:29:41','2025-10-18 07:29:41',NULL,NULL),(214,92,'ORD-83301633',1306.88,33.88,0.00,1340.76,'delivering','USD',1.000000,1340.76,2,'refunded',NULL,71,'Distinctio quo ut distinctio omnis.',NULL,NULL,'2025-10-18 07:29:41','2025-10-18 07:29:41',NULL,NULL),(215,93,'ORD-73867606',1288.32,34.24,0.00,1322.56,'processing','USD',1.000000,1322.56,2,'failed',NULL,72,'Et autem aut perferendis illum occaecati vel veniam.',NULL,NULL,'2025-10-18 07:29:41','2025-10-18 07:29:41',NULL,NULL),(216,94,'ORD-78337128',1564.66,30.21,0.00,1594.87,'processing','USD',1.000000,1594.87,3,'paid',NULL,73,'Architecto enim ut optio consequatur quos odio eaque.',NULL,NULL,'2025-10-18 07:29:41','2025-10-18 07:29:41',NULL,NULL),(217,94,'ORD-87653763',114.17,18.16,0.00,132.33,'delivering','USD',1.000000,132.33,3,'paid',NULL,73,'Sunt assumenda qui consequatur quia et nemo.',NULL,NULL,'2025-10-18 07:29:41','2025-10-18 07:29:41',NULL,NULL),(218,94,'ORD-22306244',1462.46,25.83,0.00,1488.29,'returned','USD',1.000000,1488.29,1,'paid',NULL,73,'Vitae voluptatibus in tempora excepturi rerum.',NULL,NULL,'2025-10-18 07:29:41','2025-10-18 07:29:41',NULL,NULL),(219,94,'ORD-39195316',1939.67,11.25,0.00,1950.92,'processing','USD',1.000000,1950.92,1,'paid',NULL,73,'Corrupti culpa illo nesciunt laborum et.',NULL,NULL,'2025-10-18 07:29:41','2025-10-18 07:29:41',NULL,NULL),(220,94,'ORD-39972887',1616.59,49.91,0.00,1666.50,'delivering','USD',1.000000,1666.50,2,'paid',NULL,73,'Et quo aspernatur quia accusamus ex voluptas perspiciatis iusto.',NULL,NULL,'2025-10-18 07:29:41','2025-10-18 07:29:41',NULL,NULL),(221,95,'ORD-53753427',530.08,44.99,0.00,575.07,'pending_assignment','USD',1.000000,575.07,1,'refunded',NULL,74,'Qui autem amet nesciunt illum beatae autem nisi.',NULL,NULL,'2025-10-18 07:29:41','2025-10-18 07:29:41',NULL,NULL),(222,95,'ORD-32672718',1546.83,10.39,0.00,1557.22,'assigned_to_shipper','USD',1.000000,1557.22,3,'unpaid',NULL,74,'Cum rerum unde est natus est.',NULL,NULL,'2025-10-18 07:29:41','2025-10-18 07:29:41',NULL,NULL),(223,96,'ORD-27946436',1202.79,9.03,0.00,1211.82,'delivering','USD',1.000000,1211.82,2,'refunded',NULL,75,'Soluta velit et consequatur ut.',NULL,NULL,'2025-10-18 07:29:41','2025-10-18 07:29:41',NULL,NULL),(224,96,'ORD-11874010',1016.17,35.25,0.00,1051.42,'pending_assignment','USD',1.000000,1051.42,1,'failed',NULL,75,'Qui labore nostrum architecto vero illum sit vel.',NULL,NULL,'2025-10-18 07:29:41','2025-10-18 07:29:41',NULL,NULL),(225,96,'ORD-56236406',293.15,15.55,0.00,308.70,'returned','USD',1.000000,308.70,3,'refunded',NULL,75,'Labore culpa perspiciatis qui tenetur suscipit et fugit.',NULL,NULL,'2025-10-18 07:29:41','2025-10-18 07:29:41',NULL,NULL),(226,96,'ORD-14585153',1160.95,15.94,0.00,1176.89,'processing','USD',1.000000,1176.89,2,'paid',NULL,75,'Debitis unde perspiciatis officia.',NULL,NULL,'2025-10-18 07:29:41','2025-10-18 07:29:41',NULL,NULL),(227,97,'ORD-85273669',1851.69,49.15,0.00,1900.84,'assigned_to_shipper','USD',1.000000,1900.84,3,'paid',NULL,76,'Corrupti atque error quis dolores.',NULL,NULL,'2025-10-18 07:29:41','2025-10-18 07:29:41',NULL,NULL),(228,97,'ORD-62653908',1254.80,39.11,0.00,1293.91,'assigned_to_shipper','USD',1.000000,1293.91,2,'failed',NULL,76,'Aut quae et et ex quis.',NULL,NULL,'2025-10-18 07:29:41','2025-10-18 07:29:41',NULL,NULL),(229,97,'ORD-50744231',1187.74,35.15,0.00,1222.89,'pending_confirmation','USD',1.000000,1222.89,2,'paid',NULL,76,'Quos maiores ut facere animi vel suscipit sit.',NULL,NULL,'2025-10-18 07:29:41','2025-10-18 07:29:41',NULL,NULL),(230,97,'ORD-47951081',452.80,10.81,0.00,463.61,'delivered','USD',1.000000,463.61,2,'refunded',NULL,76,'Explicabo dolores minus illo est mollitia voluptatem nesciunt.',NULL,NULL,'2025-10-18 07:29:41','2025-10-18 07:29:41',NULL,NULL),(231,97,'ORD-53492225',261.28,30.99,0.00,292.27,'cancelled','USD',1.000000,292.27,2,'paid',NULL,76,'Beatae quisquam soluta sint ut nemo.',NULL,NULL,'2025-10-18 07:29:41','2025-10-18 07:29:41',NULL,NULL),(232,98,'ORD-86778865',1508.86,7.82,0.00,1516.68,'cancelled','USD',1.000000,1516.68,3,'paid',NULL,77,'Et aut et occaecati esse qui.',NULL,NULL,'2025-10-18 07:29:41','2025-10-18 07:29:41',NULL,NULL),(233,98,'ORD-35346315',1921.20,18.64,0.00,1939.84,'pending_assignment','USD',1.000000,1939.84,1,'unpaid',NULL,77,'Ad quo numquam eum ratione aut exercitationem.',NULL,NULL,'2025-10-18 07:29:41','2025-10-18 07:29:41',NULL,NULL),(234,98,'ORD-55804297',1576.46,34.91,0.00,1611.37,'pending_assignment','USD',1.000000,1611.37,2,'failed',NULL,77,'Voluptatem pariatur dolor sunt et qui nostrum architecto.',NULL,NULL,'2025-10-18 07:29:41','2025-10-18 07:29:41',NULL,NULL),(235,99,'ORD-28851644',1718.74,32.22,0.00,1750.96,'delivering','USD',1.000000,1750.96,2,'unpaid',NULL,78,'Reiciendis ea expedita vel fuga sed voluptatem.',NULL,NULL,'2025-10-18 07:29:41','2025-10-18 07:29:41',NULL,NULL),(236,99,'ORD-9813925',1179.75,27.16,0.00,1206.91,'completed','USD',1.000000,1206.91,2,'failed',NULL,78,'Est omnis doloremque dolore voluptas dolores consequatur accusantium illo.',NULL,NULL,'2025-10-18 07:29:41','2025-10-18 07:29:41',NULL,NULL),(237,99,'ORD-49964854',589.32,47.82,0.00,637.14,'cancelled','USD',1.000000,637.14,3,'refunded',NULL,78,'Ipsam omnis ut dolores.',NULL,NULL,'2025-10-18 07:29:41','2025-10-18 07:29:41',NULL,NULL),(238,99,'ORD-23552013',887.28,15.54,0.00,902.82,'delivered','USD',1.000000,902.82,3,'unpaid',NULL,78,'Nesciunt quas et facilis est.',NULL,NULL,'2025-10-18 07:29:41','2025-10-18 07:29:41',NULL,NULL),(239,100,'ORD-59606722',1980.42,26.30,0.00,2006.72,'returned','USD',1.000000,2006.72,1,'unpaid',NULL,79,'Totam cupiditate ex eos et.',NULL,NULL,'2025-10-18 07:29:41','2025-10-18 07:29:41',NULL,NULL),(240,100,'ORD-20515289',932.59,39.92,0.00,972.51,'delivered','USD',1.000000,972.51,3,'paid',NULL,79,'Officia dolores ut qui fuga non distinctio nisi expedita.',NULL,NULL,'2025-10-18 07:29:41','2025-10-18 07:29:41',NULL,NULL),(241,100,'ORD-1224690',1764.56,38.97,0.00,1803.53,'cancelled','USD',1.000000,1803.53,1,'refunded',NULL,79,'Iste sed nam nesciunt est et.',NULL,NULL,'2025-10-18 07:29:41','2025-10-18 07:29:41',NULL,NULL),(242,101,'ORD-23755575',359.51,25.18,0.00,384.69,'cancelled','USD',1.000000,384.69,1,'unpaid',NULL,80,'Facere omnis nisi eaque eius voluptas praesentium.',NULL,NULL,'2025-10-18 07:29:41','2025-10-18 07:29:41',NULL,NULL),(243,101,'ORD-14581623',1738.09,34.62,0.00,1772.71,'processing','USD',1.000000,1772.71,2,'refunded',NULL,80,'Velit maiores modi sed quidem occaecati.',NULL,NULL,'2025-10-18 07:29:41','2025-10-18 07:29:41',NULL,NULL),(244,102,'ORD-29692047',832.01,28.66,0.00,860.67,'processing','USD',1.000000,860.67,3,'failed',NULL,81,'Possimus maxime numquam est.',NULL,NULL,'2025-10-18 07:29:42','2025-10-18 07:29:42',NULL,NULL),(245,102,'ORD-46686227',691.73,33.35,0.00,725.08,'completed','USD',1.000000,725.08,3,'unpaid',NULL,81,'Quia corrupti aliquam similique quaerat.',NULL,NULL,'2025-10-18 07:29:42','2025-10-18 07:29:42',NULL,NULL),(246,102,'ORD-96220966',1701.80,41.94,0.00,1743.74,'delivering','USD',1.000000,1743.74,1,'refunded',NULL,81,'Laudantium veniam rerum in sed accusantium ipsam fugiat.',NULL,NULL,'2025-10-18 07:29:42','2025-10-18 07:29:42',NULL,NULL),(247,103,'ORD-22351716',1936.58,46.80,0.00,1983.38,'processing','USD',1.000000,1983.38,1,'unpaid',NULL,82,'Corrupti qui voluptatum ea.',NULL,NULL,'2025-10-18 07:29:42','2025-10-18 07:29:42',NULL,NULL),(248,103,'ORD-77747671',1973.63,49.61,0.00,2023.24,'delivering','USD',1.000000,2023.24,1,'refunded',NULL,82,'Architecto quis nostrum quod et.',NULL,NULL,'2025-10-18 07:29:42','2025-10-18 07:29:42',NULL,NULL),(249,103,'ORD-97817712',292.39,13.90,0.00,306.29,'cancelled','USD',1.000000,306.29,1,'unpaid',NULL,82,'Dolor delectus esse dicta.',NULL,NULL,'2025-10-18 07:29:42','2025-10-18 07:29:42',NULL,NULL),(250,104,'ORD-21751517',1869.31,11.68,0.00,1880.99,'cancelled','USD',1.000000,1880.99,3,'unpaid',NULL,83,'Natus id et necessitatibus.',NULL,NULL,'2025-10-18 07:29:42','2025-10-18 07:29:42',NULL,NULL),(251,104,'ORD-44141533',217.15,9.63,0.00,226.78,'pending_confirmation','USD',1.000000,226.78,3,'refunded',NULL,83,'Asperiores aut reiciendis ut dolor nulla.',NULL,NULL,'2025-10-18 07:29:42','2025-10-18 07:29:42',NULL,NULL),(252,105,'ORD-77784123',614.35,41.56,0.00,655.91,'cancelled','USD',1.000000,655.91,3,'paid',NULL,84,'Eveniet sed id sit ea sapiente modi.',NULL,NULL,'2025-10-18 07:29:42','2025-10-18 07:29:42',NULL,NULL),(253,106,'ORD-27027421',649.44,24.65,0.00,674.09,'processing','USD',1.000000,674.09,1,'unpaid',NULL,85,'Animi id qui cupiditate necessitatibus soluta assumenda unde.',NULL,NULL,'2025-10-18 07:29:42','2025-10-18 07:29:42',NULL,NULL),(254,106,'ORD-67942972',1305.28,41.33,0.00,1346.61,'pending_assignment','USD',1.000000,1346.61,1,'unpaid',NULL,85,'Voluptatum quibusdam consequuntur qui at.',NULL,NULL,'2025-10-18 07:29:42','2025-10-18 07:29:42',NULL,NULL),(255,106,'ORD-31926155',665.11,47.27,0.00,712.38,'completed','USD',1.000000,712.38,2,'paid',NULL,85,'Sunt autem velit nihil natus magnam cupiditate.',NULL,NULL,'2025-10-18 07:29:42','2025-10-18 07:29:42',NULL,NULL),(256,106,'ORD-40446631',603.46,25.06,0.00,628.52,'assigned_to_shipper','USD',1.000000,628.52,3,'refunded',NULL,85,'Expedita molestias et aut ut.',NULL,NULL,'2025-10-18 07:29:42','2025-10-18 07:29:42',NULL,NULL),(257,106,'ORD-8528692',1193.44,13.24,0.00,1206.68,'delivering','USD',1.000000,1206.68,2,'paid',NULL,85,'Dolores facilis culpa deleniti inventore ratione.',NULL,NULL,'2025-10-18 07:29:42','2025-10-18 07:29:42',NULL,NULL),(258,107,'ORD-28879951',434.96,34.90,0.00,469.86,'pending_confirmation','USD',1.000000,469.86,3,'refunded',NULL,86,'Quia accusamus atque dolores id ut.',NULL,NULL,'2025-10-18 07:29:42','2025-10-18 07:29:42',NULL,NULL),(259,107,'ORD-87867726',1089.94,31.05,0.00,1120.99,'delivering','USD',1.000000,1120.99,1,'unpaid',NULL,86,'Voluptatem cumque explicabo qui nostrum.',NULL,NULL,'2025-10-18 07:29:42','2025-10-18 07:29:42',NULL,NULL),(260,107,'ORD-91793348',1810.10,40.52,0.00,1850.62,'completed','USD',1.000000,1850.62,2,'unpaid',NULL,86,'Nesciunt voluptates quia ut repudiandae.',NULL,NULL,'2025-10-18 07:29:42','2025-10-18 07:29:42',NULL,NULL),(261,108,'ORD-72746569',1799.06,19.43,0.00,1818.49,'returned','USD',1.000000,1818.49,2,'paid',NULL,87,'Quis culpa minima doloremque nihil corporis voluptate sint.',NULL,NULL,'2025-10-18 07:29:42','2025-10-18 07:29:42',NULL,NULL),(262,108,'ORD-10582743',1862.11,40.25,0.00,1902.36,'pending_assignment','USD',1.000000,1902.36,3,'unpaid',NULL,87,'Error quaerat quidem sint enim in ipsa sed.',NULL,NULL,'2025-10-18 07:29:42','2025-10-18 07:29:42',NULL,NULL),(263,108,'ORD-33353190',1907.20,5.75,0.00,1912.95,'delivered','USD',1.000000,1912.95,1,'unpaid',NULL,87,'Officia velit numquam qui odit commodi sint modi voluptatum.',NULL,NULL,'2025-10-18 07:29:42','2025-10-18 07:29:42',NULL,NULL),(264,109,'ORD-28625925',569.99,13.78,0.00,583.77,'pending_confirmation','USD',1.000000,583.77,3,'paid',NULL,88,'Adipisci provident molestiae hic cum.',NULL,NULL,'2025-10-18 07:29:42','2025-10-18 07:29:42',NULL,NULL),(265,109,'ORD-28018236',306.31,21.61,0.00,327.92,'delivered','USD',1.000000,327.92,1,'paid',NULL,88,'Doloremque atque incidunt in impedit nihil dolores consequuntur.',NULL,NULL,'2025-10-18 07:29:42','2025-10-18 07:29:42',NULL,NULL),(266,109,'ORD-40765587',1046.93,45.17,0.00,1092.10,'cancelled','USD',1.000000,1092.10,1,'failed',NULL,88,'Quisquam omnis qui ut praesentium.',NULL,NULL,'2025-10-18 07:29:42','2025-10-18 07:29:42',NULL,NULL),(267,109,'ORD-21519352',1879.30,21.87,0.00,1901.17,'returned','USD',1.000000,1901.17,1,'refunded',NULL,88,'Totam fuga delectus quis quia.',NULL,NULL,'2025-10-18 07:29:42','2025-10-18 07:29:42',NULL,NULL),(268,110,'ORD-7755331',607.95,40.29,21550.00,-20901.76,'assigned_to_shipper','USD',1.000000,648.24,2,'paid',NULL,89,'Voluptas illum quia placeat.',NULL,NULL,'2025-10-18 07:29:42','2025-10-18 07:29:43',NULL,NULL),(269,110,'ORD-32898680',1146.77,21.72,0.00,1168.49,'completed','USD',1.000000,1168.49,1,'refunded',NULL,89,'Dignissimos labore iure nemo quasi porro neque vel voluptates.',NULL,NULL,'2025-10-18 07:29:42','2025-10-18 07:29:42',NULL,NULL),(270,110,'ORD-11314037',415.41,30.27,0.00,445.68,'cancelled','USD',1.000000,445.68,2,'refunded',NULL,89,'Laboriosam similique est ducimus molestiae et.',NULL,NULL,'2025-10-18 07:29:42','2025-10-18 07:29:42',NULL,NULL),(271,110,'ORD-92038935',1092.56,37.26,0.00,1129.82,'assigned_to_shipper','USD',1.000000,1129.82,3,'failed',NULL,89,'A vel dolor saepe consequatur iure et.',NULL,NULL,'2025-10-18 07:29:42','2025-10-18 07:29:42',NULL,NULL),(272,111,'ORD-94069364',123.47,33.74,0.00,157.21,'processing','USD',1.000000,157.21,2,'refunded',NULL,90,'Placeat sunt fugit officia.',NULL,NULL,'2025-10-18 07:29:42','2025-10-18 07:29:42',NULL,NULL),(273,111,'ORD-49402639',1595.28,49.11,0.00,1644.39,'processing','USD',1.000000,1644.39,3,'unpaid',NULL,90,'At numquam quia ab aspernatur et consequuntur debitis.',NULL,NULL,'2025-10-18 07:29:42','2025-10-18 07:29:42',NULL,NULL),(274,111,'ORD-86055815',1997.22,32.34,0.00,2029.56,'pending_assignment','USD',1.000000,2029.56,2,'refunded',NULL,90,'Eveniet rem eligendi aut vero non.',NULL,NULL,'2025-10-18 07:29:42','2025-10-18 07:29:42',NULL,NULL),(275,111,'ORD-30785478',1844.78,48.34,0.00,1893.12,'pending_confirmation','USD',1.000000,1893.12,3,'failed',NULL,90,'Accusantium repudiandae architecto odit itaque sed et.',NULL,NULL,'2025-10-18 07:29:42','2025-10-18 07:29:42',NULL,NULL),(276,112,'ORD-6772078',1065.19,34.79,0.00,1099.98,'returned','USD',1.000000,1099.98,2,'unpaid',NULL,91,'Corrupti veritatis ab repellendus quibusdam eos eum.',NULL,NULL,'2025-10-18 07:29:42','2025-10-18 07:29:42',NULL,NULL),(277,113,'ORD-4603058',1971.50,22.64,0.00,1994.14,'completed','USD',1.000000,1994.14,2,'failed',NULL,92,'Itaque a facere ipsam est omnis.',NULL,NULL,'2025-10-18 07:29:42','2025-10-18 07:29:42',NULL,NULL),(278,113,'ORD-84430406',1514.32,44.34,0.00,1558.66,'returned','USD',1.000000,1558.66,2,'refunded',NULL,92,'Quia consequatur modi et illo quia et.',NULL,NULL,'2025-10-18 07:29:42','2025-10-18 07:29:42',NULL,NULL),(279,113,'ORD-8594695',1983.48,19.27,0.00,2002.75,'assigned_to_shipper','USD',1.000000,2002.75,3,'paid',NULL,92,'Nemo molestias vitae porro dolorem impedit qui.',NULL,NULL,'2025-10-18 07:29:42','2025-10-18 07:29:42',NULL,NULL),(280,113,'ORD-82469709',1394.68,18.31,0.00,1412.99,'cancelled','USD',1.000000,1412.99,3,'paid',NULL,92,'Quidem ab doloribus omnis voluptas architecto ab quia.',NULL,NULL,'2025-10-18 07:29:42','2025-10-18 07:29:42',NULL,NULL),(281,114,'ORD-90833906',745.41,16.10,0.00,761.51,'pending_confirmation','USD',1.000000,761.51,2,'failed',NULL,93,'Repellendus veritatis nesciunt dignissimos maxime.',NULL,NULL,'2025-10-18 07:29:42','2025-10-18 07:29:42',NULL,NULL),(282,114,'ORD-2234046',1906.83,43.78,0.00,1950.61,'cancelled','USD',1.000000,1950.61,2,'refunded',NULL,93,'Asperiores et voluptatem vitae eos eius.',NULL,NULL,'2025-10-18 07:29:42','2025-10-18 07:29:42',NULL,NULL),(283,115,'ORD-1834143',1220.16,49.80,0.00,1269.96,'delivered','USD',1.000000,1269.96,2,'failed',NULL,94,'Ratione velit molestiae vero necessitatibus qui voluptatum est et.',NULL,NULL,'2025-10-18 07:29:42','2025-10-18 07:29:42',NULL,NULL),(284,115,'ORD-632692',261.05,20.37,0.00,281.42,'delivering','USD',1.000000,281.42,3,'paid',NULL,94,'Debitis aut nisi placeat assumenda nulla facilis.',NULL,NULL,'2025-10-18 07:29:42','2025-10-18 07:29:42',NULL,NULL),(285,115,'ORD-3092426',252.06,18.12,0.00,270.18,'delivered','USD',1.000000,270.18,1,'unpaid',NULL,94,'Dolorum dolor sunt aut vel ipsa.',NULL,NULL,'2025-10-18 07:29:42','2025-10-18 07:29:42',NULL,NULL),(286,116,'ORD-18100255',481.14,7.36,0.00,488.50,'assigned_to_shipper','USD',1.000000,488.50,3,'paid',NULL,95,'Voluptates quisquam et quas aut numquam quasi.',NULL,NULL,'2025-10-18 07:29:42','2025-10-18 07:29:42',NULL,NULL),(287,117,'ORD-765117',1091.31,8.35,0.00,1099.66,'returned','USD',1.000000,1099.66,3,'unpaid',NULL,96,'Dignissimos earum non sit aut aut.',NULL,NULL,'2025-10-18 07:29:42','2025-10-18 07:29:42',NULL,NULL),(288,118,'ORD-75428898',1251.73,24.23,0.00,1275.96,'delivering','USD',1.000000,1275.96,1,'unpaid',NULL,97,'A est quas alias saepe.',NULL,NULL,'2025-10-18 07:29:42','2025-10-18 07:29:42',NULL,NULL),(289,118,'ORD-97107476',1475.15,46.85,0.00,1522.00,'pending_confirmation','USD',1.000000,1522.00,3,'refunded',NULL,97,'Nam est dolores sit.',NULL,NULL,'2025-10-18 07:29:42','2025-10-18 07:29:42',NULL,NULL),(290,119,'ORD-83624738',1042.33,35.03,0.00,1077.36,'pending_confirmation','USD',1.000000,1077.36,1,'failed',NULL,98,'Et accusamus quae facere tenetur voluptas quaerat doloremque illum.',NULL,NULL,'2025-10-18 07:29:42','2025-10-18 07:29:42',NULL,NULL),(291,119,'ORD-72160877',1817.09,23.01,0.00,1840.10,'assigned_to_shipper','USD',1.000000,1840.10,1,'unpaid',NULL,98,'Maiores consectetur consequuntur quas laborum.',NULL,NULL,'2025-10-18 07:29:42','2025-10-18 07:29:42',NULL,NULL),(292,119,'ORD-15535619',1992.58,49.96,0.00,2042.54,'assigned_to_shipper','USD',1.000000,2042.54,2,'paid',NULL,98,'In tempora sit accusamus occaecati aut voluptas debitis quos.',NULL,NULL,'2025-10-18 07:29:42','2025-10-18 07:29:42',NULL,NULL),(293,120,'ORD-17716621',791.97,23.65,0.00,815.62,'delivering','USD',1.000000,815.62,2,'unpaid',NULL,99,'Perspiciatis amet in ad ex aut natus fuga perferendis.',NULL,NULL,'2025-10-18 07:29:42','2025-10-18 07:29:42',NULL,NULL),(294,121,'ORD-19788737',397.24,12.60,0.00,409.84,'processing','USD',1.000000,409.84,2,'paid',NULL,100,'Praesentium eaque in necessitatibus porro.',NULL,NULL,'2025-10-18 07:29:42','2025-10-18 07:29:42',NULL,NULL),(295,121,'ORD-89356372',617.50,10.39,0.00,627.89,'pending_assignment','USD',1.000000,627.89,2,'refunded',NULL,100,'Libero non incidunt qui sed.',NULL,NULL,'2025-10-18 07:29:42','2025-10-18 07:29:42',NULL,NULL),(296,121,'ORD-85710856',1674.15,39.28,0.00,1713.43,'returned','USD',1.000000,1713.43,3,'refunded',NULL,100,'Libero expedita impedit soluta est.',NULL,NULL,'2025-10-18 07:29:42','2025-10-18 07:29:42',NULL,NULL);
/*!40000 ALTER TABLE `orders` ENABLE KEYS */;
UNLOCK TABLES;

--
-- Table structure for table `password_reset_tokens`
--

DROP TABLE IF EXISTS `password_reset_tokens`;
/*!40101 SET @saved_cs_client     = @@character_set_client */;
/*!50503 SET character_set_client = utf8mb4 */;
CREATE TABLE `password_reset_tokens` (
  `email` varchar(255) NOT NULL,
  `token` varchar(255) NOT NULL,
  `created_at` timestamp NULL DEFAULT NULL,
  PRIMARY KEY (`email`)
) ENGINE=InnoDB DEFAULT CHARSET=utf8mb4 COLLATE=utf8mb4_unicode_ci;
/*!40101 SET character_set_client = @saved_cs_client */;

--
-- Dumping data for table `password_reset_tokens`
--

LOCK TABLES `password_reset_tokens` WRITE;
/*!40000 ALTER TABLE `password_reset_tokens` DISABLE KEYS */;
/*!40000 ALTER TABLE `password_reset_tokens` ENABLE KEYS */;
UNLOCK TABLES;

--
-- Table structure for table `permission_role`
--

DROP TABLE IF EXISTS `permission_role`;
/*!40101 SET @saved_cs_client     = @@character_set_client */;
/*!50503 SET character_set_client = utf8mb4 */;
CREATE TABLE `permission_role` (
  `permission_id` bigint(20) unsigned NOT NULL,
  `role_id` bigint(20) unsigned NOT NULL,
  PRIMARY KEY (`permission_id`,`role_id`),
  KEY `permission_role_role_id_foreign` (`role_id`),
  CONSTRAINT `permission_role_permission_id_foreign` FOREIGN KEY (`permission_id`) REFERENCES `permissions` (`id`) ON DELETE CASCADE,
  CONSTRAINT `permission_role_role_id_foreign` FOREIGN KEY (`role_id`) REFERENCES `roles` (`id`) ON DELETE CASCADE
) ENGINE=InnoDB DEFAULT CHARSET=utf8mb4 COLLATE=utf8mb4_unicode_ci;
/*!40101 SET character_set_client = @saved_cs_client */;

--
-- Dumping data for table `permission_role`
--

LOCK TABLES `permission_role` WRITE;
/*!40000 ALTER TABLE `permission_role` DISABLE KEYS */;
INSERT INTO `permission_role` VALUES (1,1),(2,1),(3,1),(4,1),(5,1),(6,1),(6,2),(7,1),(7,2),(8,1),(8,2),(9,1),(9,2),(10,1),(10,2),(11,1),(11,2),(12,1),(12,2),(13,1),(13,2),(14,1),(15,1),(16,1),(16,2),(17,1),(18,1),(19,1);
/*!40000 ALTER TABLE `permission_role` ENABLE KEYS */;
UNLOCK TABLES;

--
-- Table structure for table `permissions`
--

DROP TABLE IF EXISTS `permissions`;
/*!40101 SET @saved_cs_client     = @@character_set_client */;
/*!50503 SET character_set_client = utf8mb4 */;
CREATE TABLE `permissions` (
  `id` bigint(20) unsigned NOT NULL AUTO_INCREMENT,
  `name` varchar(255) NOT NULL,
  `description` varchar(255) DEFAULT NULL,
  `created_at` timestamp NULL DEFAULT NULL,
  `updated_at` timestamp NULL DEFAULT NULL,
  PRIMARY KEY (`id`),
  UNIQUE KEY `permissions_name_unique` (`name`)
) ENGINE=InnoDB AUTO_INCREMENT=20 DEFAULT CHARSET=utf8mb4 COLLATE=utf8mb4_unicode_ci;
/*!40101 SET character_set_client = @saved_cs_client */;

--
-- Dumping data for table `permissions`
--

LOCK TABLES `permissions` WRITE;
/*!40000 ALTER TABLE `permissions` DISABLE KEYS */;
INSERT INTO `permissions` VALUES (1,'manage_users',NULL,'2025-10-18 07:29:37','2025-10-18 07:29:37'),(2,'view_users',NULL,'2025-10-18 07:29:37','2025-10-18 07:29:37'),(3,'create_users',NULL,'2025-10-18 07:29:37','2025-10-18 07:29:37'),(4,'edit_users',NULL,'2025-10-18 07:29:37','2025-10-18 07:29:37'),(5,'delete_users',NULL,'2025-10-18 07:29:37','2025-10-18 07:29:37'),(6,'manage_products',NULL,'2025-10-18 07:29:37','2025-10-18 07:29:37'),(7,'view_products',NULL,'2025-10-18 07:29:37','2025-10-18 07:29:37'),(8,'create_products',NULL,'2025-10-18 07:29:37','2025-10-18 07:29:37'),(9,'edit_products',NULL,'2025-10-18 07:29:37','2025-10-18 07:29:37'),(10,'delete_products',NULL,'2025-10-18 07:29:37','2025-10-18 07:29:37'),(11,'manage_orders',NULL,'2025-10-18 07:29:37','2025-10-18 07:29:37'),(12,'view_orders',NULL,'2025-10-18 07:29:37','2025-10-18 07:29:37'),(13,'edit_orders',NULL,'2025-10-18 07:29:37','2025-10-18 07:29:37'),(14,'manage_categories',NULL,'2025-10-18 07:29:37','2025-10-18 07:29:37'),(15,'manage_brands',NULL,'2025-10-18 07:29:37','2025-10-18 07:29:37'),(16,'view_dashboard',NULL,'2025-10-18 07:29:37','2025-10-18 07:29:37'),(17,'manage_settings',NULL,'2025-10-18 07:29:37','2025-10-18 07:29:37'),(18,'manage_promotions',NULL,'2025-10-18 07:29:37','2025-10-18 07:29:37'),(19,'manage_disputes',NULL,'2025-10-18 07:29:37','2025-10-18 07:29:37');
/*!40000 ALTER TABLE `permissions` ENABLE KEYS */;
UNLOCK TABLES;

--
-- Table structure for table `product_answers`
--

DROP TABLE IF EXISTS `product_answers`;
/*!40101 SET @saved_cs_client     = @@character_set_client */;
/*!50503 SET character_set_client = utf8mb4 */;
CREATE TABLE `product_answers` (
  `id` bigint(20) unsigned NOT NULL AUTO_INCREMENT,
  `question_id` bigint(20) unsigned NOT NULL,
  `user_id` bigint(20) unsigned NOT NULL,
  `answer` text NOT NULL,
  `user_type` enum('customer','seller','admin') NOT NULL DEFAULT 'customer',
  `is_verified` tinyint(1) NOT NULL DEFAULT 0,
  `is_anonymous` tinyint(1) NOT NULL DEFAULT 0,
  `helpful_count` int(10) unsigned NOT NULL DEFAULT 0,
  `not_helpful_count` int(10) unsigned NOT NULL DEFAULT 0,
  `is_best_answer` tinyint(1) NOT NULL DEFAULT 0,
  `metadata` longtext CHARACTER SET utf8mb4 COLLATE utf8mb4_bin DEFAULT NULL CHECK (json_valid(`metadata`)),
  `created_at` timestamp NULL DEFAULT NULL,
  `updated_at` timestamp NULL DEFAULT NULL,
  PRIMARY KEY (`id`),
  UNIQUE KEY `unique_best_answer` (`question_id`),
  KEY `product_answers_question_id_is_best_answer_helpful_count_index` (`question_id`,`is_best_answer`,`helpful_count`),
  KEY `product_answers_user_id_user_type_index` (`user_id`,`user_type`),
  KEY `product_answers_is_verified_helpful_count_index` (`is_verified`,`helpful_count`),
  CONSTRAINT `product_answers_question_id_foreign` FOREIGN KEY (`question_id`) REFERENCES `product_questions` (`id`) ON DELETE CASCADE,
  CONSTRAINT `product_answers_user_id_foreign` FOREIGN KEY (`user_id`) REFERENCES `users` (`id`) ON DELETE CASCADE
) ENGINE=InnoDB DEFAULT CHARSET=utf8mb4 COLLATE=utf8mb4_unicode_ci;
/*!40101 SET character_set_client = @saved_cs_client */;

--
-- Dumping data for table `product_answers`
--

LOCK TABLES `product_answers` WRITE;
/*!40000 ALTER TABLE `product_answers` DISABLE KEYS */;
/*!40000 ALTER TABLE `product_answers` ENABLE KEYS */;
UNLOCK TABLES;

--
-- Table structure for table `product_images`
--

DROP TABLE IF EXISTS `product_images`;
/*!40101 SET @saved_cs_client     = @@character_set_client */;
/*!50503 SET character_set_client = utf8mb4 */;
CREATE TABLE `product_images` (
  `image_id` bigint(20) unsigned NOT NULL AUTO_INCREMENT,
  `product_id` bigint(20) unsigned NOT NULL,
  `image_url` varchar(500) NOT NULL,
  `alt_text` varchar(200) DEFAULT NULL,
  `is_primary` tinyint(1) NOT NULL DEFAULT 0,
  `display_order` int(11) NOT NULL DEFAULT 0,
  `created_at` timestamp NULL DEFAULT NULL,
  `updated_at` timestamp NULL DEFAULT NULL,
  PRIMARY KEY (`image_id`),
  KEY `product_images_product_id_foreign` (`product_id`),
  CONSTRAINT `product_images_product_id_foreign` FOREIGN KEY (`product_id`) REFERENCES `products` (`product_id`) ON DELETE CASCADE
) ENGINE=InnoDB AUTO_INCREMENT=404 DEFAULT CHARSET=utf8mb4 COLLATE=utf8mb4_unicode_ci;
/*!40101 SET character_set_client = @saved_cs_client */;

--
-- Dumping data for table `product_images`
--

LOCK TABLES `product_images` WRITE;
/*!40000 ALTER TABLE `product_images` DISABLE KEYS */;
INSERT INTO `product_images` VALUES (1,1,'https://picsum.photos/seed/5f3b3dc3-9c09-3356-beb4-c228422f7d37/800/800','Rerum quos praesentium natus.',1,3,'2025-10-18 07:29:39','2025-10-18 07:29:39'),(2,1,'https://picsum.photos/seed/47d06582-ecf7-3458-92e3-7bb287108934/800/800','Tenetur aperiam et in.',0,9,'2025-10-18 07:29:39','2025-10-18 07:29:39'),(3,1,'https://picsum.photos/seed/8a6dc004-a75c-3b7f-95b1-3057eab28771/800/800','Ea perferendis officia dolorum.',0,5,'2025-10-18 07:29:39','2025-10-18 07:29:39'),(4,1,'https://picsum.photos/seed/83e6a81d-5833-3d68-b105-71c0b5f5b479/800/800','Illo magni ea quo.',0,4,'2025-10-18 07:29:39','2025-10-18 07:29:39'),(5,2,'https://picsum.photos/seed/2cfb4fc9-388a-3cc3-b3a8-45fb22f82150/800/800','Molestiae natus nesciunt adipisci.',1,3,'2025-10-18 07:29:39','2025-10-18 07:29:39'),(6,2,'https://picsum.photos/seed/28b51eb9-bf86-30c6-becd-e1f1c8f1a98e/800/800','Quia et culpa.',0,2,'2025-10-18 07:29:39','2025-10-18 07:29:39'),(7,2,'https://picsum.photos/seed/b25af305-3c34-3925-839f-b154189ef486/800/800','Dolores ipsa.',0,3,'2025-10-18 07:29:39','2025-10-18 07:29:39'),(8,3,'https://picsum.photos/seed/6554ed3b-a06e-3905-968e-fc4b94383974/800/800','Dolorem iusto in veniam.',1,5,'2025-10-18 07:29:39','2025-10-18 07:29:39'),(9,3,'https://picsum.photos/seed/6314a151-ee92-34f6-974b-bd48c7508bea/800/800','Non corporis dolores ipsa.',0,3,'2025-10-18 07:29:39','2025-10-18 07:29:39'),(10,3,'https://picsum.photos/seed/c4156922-af24-3ed9-894f-a5283fc86eaa/800/800','Sunt porro laudantium.',0,7,'2025-10-18 07:29:39','2025-10-18 07:29:39'),(11,3,'https://picsum.photos/seed/3e31504d-1d6d-3a0c-a47f-37336e7563dc/800/800','Consequatur voluptates reiciendis nisi quia.',0,2,'2025-10-18 07:29:39','2025-10-18 07:29:39'),(12,4,'https://picsum.photos/seed/138cde8b-226b-3178-a597-80ad895a77c5/800/800','Quo quisquam harum.',1,9,'2025-10-18 07:29:39','2025-10-18 07:29:39'),(13,4,'https://picsum.photos/seed/74af24a2-266a-3203-ba09-29d33bb35159/800/800','Et inventore sequi rerum.',0,1,'2025-10-18 07:29:39','2025-10-18 07:29:39'),(14,4,'https://picsum.photos/seed/b9111432-8fe2-3909-af7d-bebb27d80e59/800/800','Maxime ut amet.',0,3,'2025-10-18 07:29:39','2025-10-18 07:29:39'),(15,4,'https://picsum.photos/seed/b82ecbb6-b6b4-305e-abbb-5a7493139e95/800/800','Ipsa autem et.',0,2,'2025-10-18 07:29:39','2025-10-18 07:29:39'),(16,5,'https://picsum.photos/seed/ca5b1a62-e6b8-314f-8ca8-dd10159f4160/800/800','Quidem dignissimos repellendus.',1,5,'2025-10-18 07:29:39','2025-10-18 07:29:39'),(17,5,'https://picsum.photos/seed/584ccb32-3603-3008-82c5-0e773e4a687e/800/800','Quo facilis iure.',0,3,'2025-10-18 07:29:39','2025-10-18 07:29:39'),(18,5,'https://picsum.photos/seed/f2ee428c-1b14-376e-a469-8aa9f2405bf4/800/800','Labore deleniti accusantium.',0,9,'2025-10-18 07:29:39','2025-10-18 07:29:39'),(19,5,'https://picsum.photos/seed/f1113ada-d32c-3fc8-bbe9-f72c2ff2a6b2/800/800','Voluptates voluptates pariatur.',0,4,'2025-10-18 07:29:39','2025-10-18 07:29:39'),(20,6,'https://picsum.photos/seed/7b54fe94-c293-39f7-a87f-58aac4a1caaf/800/800','Nisi similique illo beatae.',1,8,'2025-10-18 07:29:39','2025-10-18 07:29:39'),(21,6,'https://picsum.photos/seed/eed4c484-7e70-3988-a342-2c9219f0afd4/800/800','Sint quia odio.',0,9,'2025-10-18 07:29:39','2025-10-18 07:29:39'),(22,6,'https://picsum.photos/seed/f8959f31-2734-34df-81dc-fdd620e14e98/800/800','Aut at odio natus est.',0,6,'2025-10-18 07:29:39','2025-10-18 07:29:39'),(23,7,'https://picsum.photos/seed/4dfaa968-5126-3ec9-9a38-333f631d858c/800/800','Velit aut voluptatem.',1,7,'2025-10-18 07:29:39','2025-10-18 07:29:39'),(24,7,'https://picsum.photos/seed/a0a06914-5dac-34cb-9948-30a3f6ce62c1/800/800','Dolore expedita temporibus a.',0,10,'2025-10-18 07:29:39','2025-10-18 07:29:39'),(25,7,'https://picsum.photos/seed/f6ae7880-3407-34d5-a5ee-5e41d5421114/800/800','Veniam recusandae.',0,1,'2025-10-18 07:29:39','2025-10-18 07:29:39'),(26,7,'https://picsum.photos/seed/211f823c-c569-37fb-9652-c0c12d02ace0/800/800','Pariatur est impedit eum sapiente.',0,2,'2025-10-18 07:29:39','2025-10-18 07:29:39'),(27,8,'https://picsum.photos/seed/78ad1157-0167-31b0-8081-78ae19ff0fb4/800/800','Temporibus odio eligendi.',1,7,'2025-10-18 07:29:39','2025-10-18 07:29:39'),(28,8,'https://picsum.photos/seed/c976dcb4-1928-3dc0-97d8-c7dcb2bd3d05/800/800','Ut molestiae ad.',0,4,'2025-10-18 07:29:39','2025-10-18 07:29:39'),(29,8,'https://picsum.photos/seed/f8ec958c-497b-3fce-bf98-4719f3a72bc7/800/800','Et qui error sed.',0,3,'2025-10-18 07:29:39','2025-10-18 07:29:39'),(30,8,'https://picsum.photos/seed/8abdb701-b403-31a5-86c7-fa51d36dc558/800/800','Quas error id sit.',0,1,'2025-10-18 07:29:39','2025-10-18 07:29:39'),(31,9,'https://picsum.photos/seed/3ed1d7bb-de10-312b-bc4d-3631971bc832/800/800','Amet omnis aspernatur.',1,5,'2025-10-18 07:29:39','2025-10-18 07:29:39'),(32,9,'https://picsum.photos/seed/b0b112c0-3483-3cb3-9b47-5a1007b39686/800/800','Rerum enim aut.',0,2,'2025-10-18 07:29:39','2025-10-18 07:29:39'),(33,9,'https://picsum.photos/seed/762dafa8-f714-3592-9a6c-2c7ad4f3f1e4/800/800','Minima eaque enim sunt earum.',0,1,'2025-10-18 07:29:39','2025-10-18 07:29:39'),(34,9,'https://picsum.photos/seed/65fec12c-da4d-3874-ac3c-4474b123229c/800/800','Impedit sapiente quasi ea.',0,8,'2025-10-18 07:29:39','2025-10-18 07:29:39'),(35,9,'https://picsum.photos/seed/1c51395a-206e-34aa-899f-5f611f19afdc/800/800','Tenetur quisquam debitis minus.',0,9,'2025-10-18 07:29:39','2025-10-18 07:29:39'),(36,10,'https://picsum.photos/seed/afcaa953-53f6-3bb2-817a-02855299b315/800/800','Exercitationem quia ipsa.',1,6,'2025-10-18 07:29:39','2025-10-18 07:29:39'),(37,10,'https://picsum.photos/seed/c226809d-5585-3dec-b0f9-e27f1fed4dc2/800/800','Laboriosam quia.',0,6,'2025-10-18 07:29:39','2025-10-18 07:29:39'),(38,10,'https://picsum.photos/seed/760bed73-660f-343f-94ff-47fe5d7a1053/800/800','Et quaerat mollitia.',0,6,'2025-10-18 07:29:39','2025-10-18 07:29:39'),(39,11,'https://picsum.photos/seed/07202dcc-a53e-39b7-83b7-91dbfe29a7cf/800/800','Quae qui qui.',1,3,'2025-10-18 07:29:39','2025-10-18 07:29:39'),(40,11,'https://picsum.photos/seed/3959b298-2fac-3f59-b059-ae6271131fac/800/800','Laborum cum consequatur nobis facere.',0,5,'2025-10-18 07:29:39','2025-10-18 07:29:39'),(41,11,'https://picsum.photos/seed/395e28cf-3aa7-3eb1-9cf6-fa4fe0ee8a40/800/800','Et aperiam magnam non.',0,1,'2025-10-18 07:29:39','2025-10-18 07:29:39'),(42,12,'https://picsum.photos/seed/6e0ed68a-6bfe-3e28-bbe4-6ac203a3275e/800/800','Quae dolorem ut.',1,8,'2025-10-18 07:29:39','2025-10-18 07:29:39'),(43,12,'https://picsum.photos/seed/07417c50-0d59-3af0-9e13-4423ac07400e/800/800','Repellat ipsam deserunt repellendus.',0,4,'2025-10-18 07:29:39','2025-10-18 07:29:39'),(44,12,'https://picsum.photos/seed/83bd0d38-240c-3023-ba74-575a00a56048/800/800','Iste pariatur provident maiores.',0,10,'2025-10-18 07:29:39','2025-10-18 07:29:39'),(45,13,'https://picsum.photos/seed/37d8a1e0-d562-3ca4-9b3a-c658b718461f/800/800','Voluptatem magnam esse.',1,9,'2025-10-18 07:29:39','2025-10-18 07:29:39'),(46,13,'https://picsum.photos/seed/4f353eab-7ab4-3b78-94a7-716a789d0f5f/800/800','Saepe dolorem.',0,2,'2025-10-18 07:29:39','2025-10-18 07:29:39'),(47,13,'https://picsum.photos/seed/50a53c66-51b7-342d-89ba-18c32b47de95/800/800','Et dolor molestiae distinctio.',0,3,'2025-10-18 07:29:39','2025-10-18 07:29:39'),(48,13,'https://picsum.photos/seed/39278cdf-e4a8-33df-9350-d4aae50d6821/800/800','Aut consequatur quasi aut laudantium.',0,10,'2025-10-18 07:29:39','2025-10-18 07:29:39'),(49,13,'https://picsum.photos/seed/3a5f15f1-a34e-3e01-a102-c8f846d433ad/800/800','Porro dolorem dolorem atque corrupti.',0,9,'2025-10-18 07:29:39','2025-10-18 07:29:39'),(50,14,'https://picsum.photos/seed/76b0a0dd-21b6-3d73-84b4-96f384722f1f/800/800','Architecto quisquam atque.',1,9,'2025-10-18 07:29:39','2025-10-18 07:29:39'),(51,14,'https://picsum.photos/seed/a6e155d9-86c4-3474-bead-f0eaeb4fe06b/800/800','Quis repellat omnis earum.',0,8,'2025-10-18 07:29:39','2025-10-18 07:29:39'),(52,14,'https://picsum.photos/seed/cf05d1c2-9809-3b3f-accd-4e3ad703d738/800/800','Porro sit consequuntur iste.',0,10,'2025-10-18 07:29:39','2025-10-18 07:29:39'),(53,14,'https://picsum.photos/seed/5af2e3dc-5d98-34f0-8828-524706c75588/800/800','Quia expedita natus vitae.',0,7,'2025-10-18 07:29:39','2025-10-18 07:29:39'),(54,15,'https://picsum.photos/seed/88d33518-f048-3589-8994-184f508455c0/800/800','Nulla dolor id numquam.',1,6,'2025-10-18 07:29:39','2025-10-18 07:29:39'),(55,15,'https://picsum.photos/seed/7375b2a1-3c8d-3096-ba9f-2897ecfa6584/800/800','Fugit qui qui modi.',0,3,'2025-10-18 07:29:39','2025-10-18 07:29:39'),(56,15,'https://picsum.photos/seed/a8e2d3c0-ade8-341e-8d92-97457103cc9b/800/800','Et est sit.',0,4,'2025-10-18 07:29:39','2025-10-18 07:29:39'),(57,15,'https://picsum.photos/seed/8485acbf-adb1-3770-8317-cc064121efdd/800/800','Harum adipisci aut corrupti.',0,2,'2025-10-18 07:29:39','2025-10-18 07:29:39'),(58,16,'https://picsum.photos/seed/a183f93b-4f70-3024-9d06-039f2b8971a2/800/800','Facilis suscipit similique.',1,1,'2025-10-18 07:29:39','2025-10-18 07:29:39'),(59,16,'https://picsum.photos/seed/5cfbd96f-cbdc-3d27-84c9-d83e549283c4/800/800','Aut quod consequatur.',0,4,'2025-10-18 07:29:39','2025-10-18 07:29:39'),(60,16,'https://picsum.photos/seed/bb4af83e-8049-3496-adf8-7b393c003f94/800/800','Molestiae voluptas sed voluptas.',0,5,'2025-10-18 07:29:39','2025-10-18 07:29:39'),(61,16,'https://picsum.photos/seed/4929c8d8-6a5f-3762-9450-a6e73171116b/800/800','Ex accusantium et earum.',0,2,'2025-10-18 07:29:39','2025-10-18 07:29:39'),(62,16,'https://picsum.photos/seed/b8ba251c-83e0-3337-95e6-8c5b3a27f339/800/800','Et hic consequatur.',0,9,'2025-10-18 07:29:39','2025-10-18 07:29:39'),(63,17,'https://picsum.photos/seed/b3ec5777-8484-31eb-97f3-dcee3c46dc8e/800/800','Ut quis nesciunt voluptatum.',1,6,'2025-10-18 07:29:39','2025-10-18 07:29:39'),(64,17,'https://picsum.photos/seed/2bdd6995-2bc7-3db1-a971-a2bd90fd9fd1/800/800','Sit provident libero.',0,10,'2025-10-18 07:29:39','2025-10-18 07:29:39'),(65,17,'https://picsum.photos/seed/ab7dfb79-437f-382c-975a-80d6ddeafe3d/800/800','Perferendis deleniti veritatis repellat.',0,2,'2025-10-18 07:29:39','2025-10-18 07:29:39'),(66,17,'https://picsum.photos/seed/d28878a1-d7e9-30cb-a1ef-0fc135d90d6a/800/800','Est vel accusamus qui.',0,1,'2025-10-18 07:29:39','2025-10-18 07:29:39'),(67,18,'https://picsum.photos/seed/79127c2c-fda9-3412-b06f-1977dae5bce9/800/800','Et corporis veniam.',1,9,'2025-10-18 07:29:39','2025-10-18 07:29:39'),(68,18,'https://picsum.photos/seed/680c4490-2386-30e2-a574-7184b33ff9e0/800/800','Eum eos nam.',0,6,'2025-10-18 07:29:39','2025-10-18 07:29:39'),(69,18,'https://picsum.photos/seed/f5ecd0e0-a954-3ef7-b059-8d705b39166b/800/800','Deleniti quia deserunt quibusdam.',0,3,'2025-10-18 07:29:39','2025-10-18 07:29:39'),(70,18,'https://picsum.photos/seed/ce012a7a-6044-3fdb-9e0f-fe75422ea9a2/800/800','Placeat voluptas voluptatibus.',0,2,'2025-10-18 07:29:39','2025-10-18 07:29:39'),(71,19,'https://picsum.photos/seed/4a946ed6-86f6-37e1-97ea-c8b2f67a320c/800/800','Voluptas necessitatibus tenetur.',1,9,'2025-10-18 07:29:39','2025-10-18 07:29:39'),(72,19,'https://picsum.photos/seed/a62251f5-0738-38a3-8e48-2cd161819883/800/800','Dolores esse rerum.',0,7,'2025-10-18 07:29:39','2025-10-18 07:29:39'),(73,19,'https://picsum.photos/seed/0845ce5a-2bb5-345b-9b45-2eb56b47ee37/800/800','Laboriosam provident dicta.',0,6,'2025-10-18 07:29:39','2025-10-18 07:29:39'),(74,19,'https://picsum.photos/seed/ef7915c5-a3a7-3189-98f1-01d48198958c/800/800','Rem eos non.',0,5,'2025-10-18 07:29:39','2025-10-18 07:29:39'),(75,20,'https://picsum.photos/seed/24d42c26-1048-37a6-9846-8e30f4027ef2/800/800','Id accusantium voluptas odio.',1,2,'2025-10-18 07:29:39','2025-10-18 07:29:39'),(76,20,'https://picsum.photos/seed/ec8b9bc5-18fc-306d-924a-d1c99e419641/800/800','Aliquam eius qui nobis perspiciatis.',0,3,'2025-10-18 07:29:39','2025-10-18 07:29:39'),(77,20,'https://picsum.photos/seed/bef0b83d-7dd2-3da1-8234-93742baaf9ec/800/800','Quaerat error libero minus.',0,10,'2025-10-18 07:29:39','2025-10-18 07:29:39'),(78,20,'https://picsum.photos/seed/3f726695-f72e-353a-9768-64c649aba8ca/800/800','Aut vero.',0,2,'2025-10-18 07:29:39','2025-10-18 07:29:39'),(79,20,'https://picsum.photos/seed/7b61ebb1-ff69-3457-8c0f-bb2215a86482/800/800','Ut fugit totam ipsum.',0,2,'2025-10-18 07:29:39','2025-10-18 07:29:39'),(80,21,'https://picsum.photos/seed/eecf59b9-b714-3bdb-a5a3-7fec70a55823/800/800','Facere est aut incidunt.',1,9,'2025-10-18 07:29:39','2025-10-18 07:29:39'),(81,21,'https://picsum.photos/seed/2142ea4b-0a0d-3227-bc71-e4913f037c5b/800/800','Est unde ipsam molestiae.',0,9,'2025-10-18 07:29:39','2025-10-18 07:29:39'),(82,21,'https://picsum.photos/seed/f1387a3d-5961-3cca-b774-a1a0618486d4/800/800','Rerum minus ex laborum.',0,7,'2025-10-18 07:29:39','2025-10-18 07:29:39'),(83,21,'https://picsum.photos/seed/be11a592-fe4a-3d62-a33e-2f140b3f1e79/800/800','Aspernatur voluptas fugiat esse.',0,9,'2025-10-18 07:29:39','2025-10-18 07:29:39'),(84,22,'https://picsum.photos/seed/201b4e7d-fece-301d-88d8-e5be029171c5/800/800','Et voluptates quae.',1,9,'2025-10-18 07:29:39','2025-10-18 07:29:39'),(85,22,'https://picsum.photos/seed/e959d177-49b8-39c9-99fb-0c484aa2257c/800/800','Recusandae nihil veniam dolores exercitationem.',0,6,'2025-10-18 07:29:39','2025-10-18 07:29:39'),(86,22,'https://picsum.photos/seed/c8aa30d8-0c97-3a7d-ba4b-e892644bca57/800/800','Iusto deleniti quo.',0,5,'2025-10-18 07:29:39','2025-10-18 07:29:39'),(87,22,'https://picsum.photos/seed/54679006-ae8d-3f73-bd32-ccfdada7b7d3/800/800','Laboriosam aliquam ipsam.',0,10,'2025-10-18 07:29:39','2025-10-18 07:29:39'),(88,22,'https://picsum.photos/seed/18e126b3-82c2-366b-90fb-3ced363d16a9/800/800','Culpa cupiditate ducimus.',0,8,'2025-10-18 07:29:39','2025-10-18 07:29:39'),(89,23,'https://picsum.photos/seed/4af76499-fe13-3379-a676-c05015096ef5/800/800','Est eos id.',1,1,'2025-10-18 07:29:39','2025-10-18 07:29:39'),(90,23,'https://picsum.photos/seed/6d2e0f6e-d93e-3b86-9e0c-6b53ca1ba19e/800/800','Qui eos voluptate quia.',0,8,'2025-10-18 07:29:39','2025-10-18 07:29:39'),(91,23,'https://picsum.photos/seed/b48b6d7f-7ca1-3dc2-ba76-7d4172790812/800/800','Libero placeat.',0,5,'2025-10-18 07:29:39','2025-10-18 07:29:39'),(92,24,'https://picsum.photos/seed/61238cbb-ac61-3816-9e63-5580d63b15ec/800/800','Error natus qui laudantium.',1,4,'2025-10-18 07:29:39','2025-10-18 07:29:39'),(93,24,'https://picsum.photos/seed/f6b4a5ca-394c-3597-96b1-a320635eba70/800/800','Tempore rerum ipsam sed.',0,3,'2025-10-18 07:29:39','2025-10-18 07:29:39'),(94,24,'https://picsum.photos/seed/fff78525-480e-36cd-92b8-fae6a8016b41/800/800','Sed rerum ad ex.',0,4,'2025-10-18 07:29:39','2025-10-18 07:29:39'),(95,25,'https://picsum.photos/seed/75aeace6-3558-3fe8-ad4d-40d3bf50cb46/800/800','Sapiente ullam voluptas.',1,7,'2025-10-18 07:29:39','2025-10-18 07:29:39'),(96,25,'https://picsum.photos/seed/eedbd85d-2184-373e-aacb-9fbcb02b028b/800/800','Animi est et minima.',0,1,'2025-10-18 07:29:39','2025-10-18 07:29:39'),(97,25,'https://picsum.photos/seed/527c3e2e-8dfc-3428-a61d-cbbeae2af613/800/800','Omnis dolores.',0,7,'2025-10-18 07:29:39','2025-10-18 07:29:39'),(98,25,'https://picsum.photos/seed/421d1152-b8d3-31b0-88ac-8c35781fd0a1/800/800','Dolores sint qui.',0,3,'2025-10-18 07:29:39','2025-10-18 07:29:39'),(99,26,'https://picsum.photos/seed/402bb903-752f-3b12-86d1-6d9f0dea3b73/800/800','Fugit aliquid.',1,1,'2025-10-18 07:29:39','2025-10-18 07:29:39'),(100,26,'https://picsum.photos/seed/92d9c9cf-c2d8-3e01-9d4b-1b61cf347498/800/800','Quibusdam quibusdam distinctio.',0,9,'2025-10-18 07:29:39','2025-10-18 07:29:39'),(101,26,'https://picsum.photos/seed/b8ad3797-2f15-30fd-bf29-a9a3d783aff2/800/800','Delectus et deleniti ea.',0,1,'2025-10-18 07:29:39','2025-10-18 07:29:39'),(102,26,'https://picsum.photos/seed/9fab172b-49fa-3866-b74c-2ac6be633cba/800/800','Quisquam ducimus deserunt hic.',0,9,'2025-10-18 07:29:39','2025-10-18 07:29:39'),(103,26,'https://picsum.photos/seed/80c33441-4cc6-3846-a0a7-03fd46d97d09/800/800','Architecto molestiae tempora.',0,5,'2025-10-18 07:29:39','2025-10-18 07:29:39'),(104,27,'https://picsum.photos/seed/ca308207-d279-3b87-8050-05732225e892/800/800','Et corporis id iste.',1,4,'2025-10-18 07:29:39','2025-10-18 07:29:39'),(105,27,'https://picsum.photos/seed/a4f4d425-bd4c-3a54-a353-337a2e7c50d4/800/800','Id ab.',0,9,'2025-10-18 07:29:39','2025-10-18 07:29:39'),(106,27,'https://picsum.photos/seed/4355aef8-8840-323c-befb-81edb9f6619a/800/800','Saepe fugiat ipsam et.',0,6,'2025-10-18 07:29:39','2025-10-18 07:29:39'),(107,27,'https://picsum.photos/seed/004e9517-f9be-3644-85e0-dcdbdc75e0de/800/800','Aut voluptas similique.',0,4,'2025-10-18 07:29:39','2025-10-18 07:29:39'),(108,27,'https://picsum.photos/seed/f75eefd6-86db-36da-b12e-9fcce789a364/800/800','Animi fugit provident ut.',0,8,'2025-10-18 07:29:39','2025-10-18 07:29:39'),(109,28,'https://picsum.photos/seed/22b3932d-8851-31c3-b2ac-feaec87832d9/800/800','Iure accusantium.',1,3,'2025-10-18 07:29:39','2025-10-18 07:29:39'),(110,28,'https://picsum.photos/seed/1e4ce105-72da-30dc-8325-8f492ffd3698/800/800','Et atque repellat.',0,10,'2025-10-18 07:29:39','2025-10-18 07:29:39'),(111,28,'https://picsum.photos/seed/06fefc92-8664-3839-8ec0-00738791ef87/800/800','Rerum minus.',0,10,'2025-10-18 07:29:39','2025-10-18 07:29:39'),(112,28,'https://picsum.photos/seed/c2b0d674-a633-330a-acb7-b8d004b18d9e/800/800','Dolores ut pariatur consequuntur tempore.',0,8,'2025-10-18 07:29:39','2025-10-18 07:29:39'),(113,29,'https://picsum.photos/seed/19754c4f-2f61-3386-ac33-d042b8a3547a/800/800','Id placeat dicta aut.',1,4,'2025-10-18 07:29:39','2025-10-18 07:29:39'),(114,29,'https://picsum.photos/seed/5b98fe1d-2010-3f48-afdd-7feefc967fd4/800/800','Beatae exercitationem aut.',0,4,'2025-10-18 07:29:39','2025-10-18 07:29:39'),(115,29,'https://picsum.photos/seed/4482abd0-b5ae-3e47-8c4f-96d48bfc3719/800/800','Occaecati praesentium fuga.',0,9,'2025-10-18 07:29:39','2025-10-18 07:29:39'),(116,30,'https://picsum.photos/seed/550a7a17-0c5e-388a-9514-3103f600c80d/800/800','Qui et impedit qui.',1,1,'2025-10-18 07:29:39','2025-10-18 07:29:39'),(117,30,'https://picsum.photos/seed/2cf281d5-58b2-3578-9ed4-8ae48b1ad081/800/800','Perferendis et ut.',0,1,'2025-10-18 07:29:39','2025-10-18 07:29:39'),(118,30,'https://picsum.photos/seed/d74d890b-b195-37b4-a1b6-abe5b9273ed4/800/800','Magni autem nihil.',0,5,'2025-10-18 07:29:39','2025-10-18 07:29:39'),(119,30,'https://picsum.photos/seed/48203c83-1972-3fb4-893d-4f510003cc45/800/800','Soluta nihil sint.',0,1,'2025-10-18 07:29:39','2025-10-18 07:29:39'),(120,30,'https://picsum.photos/seed/d5aaf43c-599a-3ac0-bb29-8a120cce462d/800/800','Repellat voluptatem doloremque hic.',0,10,'2025-10-18 07:29:39','2025-10-18 07:29:39'),(121,31,'https://picsum.photos/seed/e3a4e7ff-b463-34d6-932d-8fccfdf47220/800/800','Ea adipisci omnis sed.',1,1,'2025-10-18 07:29:39','2025-10-18 07:29:39'),(122,31,'https://picsum.photos/seed/4ae4d1fb-f490-3a69-8231-8a40043dc7e8/800/800','Ducimus aut quis quia.',0,2,'2025-10-18 07:29:39','2025-10-18 07:29:39'),(123,31,'https://picsum.photos/seed/faa066b8-bf12-3484-8c64-bc0e56cd5d58/800/800','Officia ipsum porro maxime.',0,1,'2025-10-18 07:29:39','2025-10-18 07:29:39'),(124,31,'https://picsum.photos/seed/cba740ba-ff92-398c-bf0a-4dc8bf5272bf/800/800','Eos ipsam enim qui.',0,3,'2025-10-18 07:29:39','2025-10-18 07:29:39'),(125,31,'https://picsum.photos/seed/b30c64db-bf74-3843-b9dc-a59f4820ee3e/800/800','Consequuntur placeat voluptas incidunt.',0,6,'2025-10-18 07:29:39','2025-10-18 07:29:39'),(126,32,'https://picsum.photos/seed/7a8e39b3-82a6-3abe-81ea-63264107d1cd/800/800','Iure in excepturi officiis.',1,10,'2025-10-18 07:29:39','2025-10-18 07:29:39'),(127,32,'https://picsum.photos/seed/0e67d5cb-8893-3b69-ba5e-eaf1cb9850b2/800/800','Inventore sit temporibus et ipsum.',0,4,'2025-10-18 07:29:39','2025-10-18 07:29:39'),(128,32,'https://picsum.photos/seed/6c7935cd-98a4-3cda-b230-f103238e1e43/800/800','Non qui maiores aut.',0,6,'2025-10-18 07:29:39','2025-10-18 07:29:39'),(129,33,'https://picsum.photos/seed/98efc1db-e044-39aa-bcfe-c3e79228354b/800/800','Distinctio consequatur expedita.',1,3,'2025-10-18 07:29:39','2025-10-18 07:29:39'),(130,33,'https://picsum.photos/seed/4e26b971-f506-31e7-b66b-e9a536a94e10/800/800','Rerum nihil veniam est.',0,5,'2025-10-18 07:29:39','2025-10-18 07:29:39'),(131,33,'https://picsum.photos/seed/effa191c-80a0-347c-9c01-f32da2b12d7b/800/800','Dolore hic qui.',0,8,'2025-10-18 07:29:39','2025-10-18 07:29:39'),(132,33,'https://picsum.photos/seed/8bc5872f-b91c-3db0-80b7-f484330d3d40/800/800','Assumenda dolorum est.',0,10,'2025-10-18 07:29:39','2025-10-18 07:29:39'),(133,33,'https://picsum.photos/seed/2b957f6e-c99e-3e65-ab7b-32880ea10cf0/800/800','Et qui temporibus.',0,1,'2025-10-18 07:29:39','2025-10-18 07:29:39'),(134,34,'https://picsum.photos/seed/247a078d-c4e3-3e34-b914-823bf9b8a472/800/800','Minima ea sint dicta.',1,6,'2025-10-18 07:29:39','2025-10-18 07:29:39'),(135,34,'https://picsum.photos/seed/83575048-a952-3e5b-9795-36df644fa952/800/800','Rerum quo id nobis sed.',0,1,'2025-10-18 07:29:39','2025-10-18 07:29:39'),(136,34,'https://picsum.photos/seed/c27573d2-197b-331d-abab-4fc44e1643ae/800/800','Sed est quae aut.',0,9,'2025-10-18 07:29:39','2025-10-18 07:29:39'),(137,35,'https://picsum.photos/seed/15fd6c79-8dfb-3da7-83a1-c15a2746ef79/800/800','Eligendi laborum possimus.',1,7,'2025-10-18 07:29:39','2025-10-18 07:29:39'),(138,35,'https://picsum.photos/seed/cd2e6092-3009-33a6-a400-4c967a3f6941/800/800','Quas perspiciatis qui est.',0,3,'2025-10-18 07:29:39','2025-10-18 07:29:39'),(139,35,'https://picsum.photos/seed/f7b24e4d-3689-32b3-8424-045c763e981d/800/800','Est aliquid tenetur.',0,1,'2025-10-18 07:29:39','2025-10-18 07:29:39'),(140,35,'https://picsum.photos/seed/73591b73-247e-3365-9a67-38968c8740e9/800/800','Eaque dolorem doloribus.',0,8,'2025-10-18 07:29:39','2025-10-18 07:29:39'),(141,36,'https://picsum.photos/seed/90013bb4-1f81-36ac-a511-f81c438e23fa/800/800','Est facere eum.',1,1,'2025-10-18 07:29:39','2025-10-18 07:29:39'),(142,36,'https://picsum.photos/seed/be8abba6-e5d8-3692-ab8a-d41a25843073/800/800','Adipisci optio praesentium.',0,8,'2025-10-18 07:29:39','2025-10-18 07:29:39'),(143,36,'https://picsum.photos/seed/5476c15d-ff15-372b-9f7b-176d8b8e69a2/800/800','A itaque voluptas.',0,9,'2025-10-18 07:29:39','2025-10-18 07:29:39'),(144,37,'https://picsum.photos/seed/7282e5e3-4411-3205-90ed-3d52ccf606a1/800/800','Ipsa reiciendis voluptas sunt.',1,2,'2025-10-18 07:29:39','2025-10-18 07:29:39'),(145,37,'https://picsum.photos/seed/78bcd9d6-bc07-335f-90be-77fa74db6d00/800/800','Voluptas voluptas ut.',0,3,'2025-10-18 07:29:39','2025-10-18 07:29:39'),(146,37,'https://picsum.photos/seed/9473cadc-7a6f-30af-b787-7472ff7010d7/800/800','Nesciunt in quibusdam.',0,2,'2025-10-18 07:29:39','2025-10-18 07:29:39'),(147,37,'https://picsum.photos/seed/5369f275-9aae-32a0-b951-5a437a626c29/800/800','Quod temporibus fuga commodi.',0,5,'2025-10-18 07:29:39','2025-10-18 07:29:39'),(148,37,'https://picsum.photos/seed/b925e0f1-a0ef-3661-818c-12c4647d3d78/800/800','Commodi unde.',0,4,'2025-10-18 07:29:39','2025-10-18 07:29:39'),(149,38,'https://picsum.photos/seed/040d39c8-9ba7-3ce7-9f6e-3a707b7a3324/800/800','Omnis reprehenderit sit.',1,2,'2025-10-18 07:29:39','2025-10-18 07:29:39'),(150,38,'https://picsum.photos/seed/cfd6a448-22e7-3826-9275-52dd35874da1/800/800','Molestias rem rem.',0,4,'2025-10-18 07:29:39','2025-10-18 07:29:39'),(151,38,'https://picsum.photos/seed/1c67e609-431c-354e-ac23-07aac1c4d0d6/800/800','Rerum suscipit voluptas.',0,3,'2025-10-18 07:29:39','2025-10-18 07:29:39'),(152,39,'https://picsum.photos/seed/7e9090c9-10ae-3595-8346-19e5f2dc9e1d/800/800','Sit quaerat deserunt et.',1,7,'2025-10-18 07:29:39','2025-10-18 07:29:39'),(153,39,'https://picsum.photos/seed/772453ab-34c7-3c42-a73a-3f49c8ff19c7/800/800','Vitae sapiente voluptates quas.',0,10,'2025-10-18 07:29:39','2025-10-18 07:29:39'),(154,39,'https://picsum.photos/seed/df26fe21-db8b-3a06-9c44-59b269d004dd/800/800','Culpa non sunt saepe omnis.',0,10,'2025-10-18 07:29:39','2025-10-18 07:29:39'),(155,39,'https://picsum.photos/seed/e29a1a94-4b8f-3348-ab09-2e6589023cd5/800/800','Dolor quo.',0,3,'2025-10-18 07:29:39','2025-10-18 07:29:39'),(156,39,'https://picsum.photos/seed/9cd3e38c-2281-3efa-8a57-d1372881746b/800/800','Numquam sunt recusandae similique.',0,2,'2025-10-18 07:29:39','2025-10-18 07:29:39'),(157,40,'https://picsum.photos/seed/5e53c427-cc04-3734-b160-e0ca2f1595a1/800/800','Ut corporis modi.',1,2,'2025-10-18 07:29:39','2025-10-18 07:29:39'),(158,40,'https://picsum.photos/seed/97c40ee6-b463-346e-be74-feff89478f64/800/800','Ea illo animi neque.',0,4,'2025-10-18 07:29:39','2025-10-18 07:29:39'),(159,40,'https://picsum.photos/seed/bf6f2ce6-b3ec-358f-9e14-7723afffd36c/800/800','Voluptatem qui minima quia.',0,10,'2025-10-18 07:29:39','2025-10-18 07:29:39'),(160,40,'https://picsum.photos/seed/aa16aaf6-c82e-3e9e-bc87-955c47852608/800/800','Quia sit voluptatem.',0,3,'2025-10-18 07:29:39','2025-10-18 07:29:39'),(161,40,'https://picsum.photos/seed/893cda56-81cb-3055-9af6-b36cd1e7370b/800/800','Fugiat eos magni quod voluptas.',0,10,'2025-10-18 07:29:39','2025-10-18 07:29:39'),(162,41,'https://picsum.photos/seed/890960ca-a26e-313a-8ba0-5f5f7d6e1ff6/800/800','Sit dolore vitae.',1,6,'2025-10-18 07:29:39','2025-10-18 07:29:39'),(163,41,'https://picsum.photos/seed/e42bf21a-817b-33e9-be70-3bb6b4e83c86/800/800','Nostrum aliquid aut harum.',0,10,'2025-10-18 07:29:39','2025-10-18 07:29:39'),(164,41,'https://picsum.photos/seed/f377a004-5875-3b1f-a457-07a2990f9a75/800/800','Unde in velit.',0,9,'2025-10-18 07:29:39','2025-10-18 07:29:39'),(165,41,'https://picsum.photos/seed/0469add6-c41e-31e2-b96c-ef2f6b4fa001/800/800','A similique fuga laboriosam.',0,2,'2025-10-18 07:29:39','2025-10-18 07:29:39'),(166,41,'https://picsum.photos/seed/cfa9203e-d344-34fb-bbf1-faf9dddabb90/800/800','Libero ullam mollitia.',0,4,'2025-10-18 07:29:39','2025-10-18 07:29:39'),(167,42,'https://picsum.photos/seed/ba8831b5-4da6-3e5c-a5ea-6305ff62b85f/800/800','Earum soluta itaque.',1,8,'2025-10-18 07:29:39','2025-10-18 07:29:39'),(168,42,'https://picsum.photos/seed/23ec6897-42bb-3a6f-af58-1508635be917/800/800','In autem voluptatem dolorem.',0,7,'2025-10-18 07:29:39','2025-10-18 07:29:39'),(169,42,'https://picsum.photos/seed/ac866ab9-7044-3926-8608-b0522c8bb56a/800/800','Laboriosam ea.',0,9,'2025-10-18 07:29:39','2025-10-18 07:29:39'),(170,42,'https://picsum.photos/seed/d69b2e13-94d1-3c85-85e2-6d0172d9dd7e/800/800','Perferendis at ratione.',0,8,'2025-10-18 07:29:39','2025-10-18 07:29:39'),(171,43,'https://picsum.photos/seed/4d44748d-f26b-3d97-9917-1d36d16a8ede/800/800','Itaque vel nulla.',1,1,'2025-10-18 07:29:39','2025-10-18 07:29:39'),(172,43,'https://picsum.photos/seed/c837bc68-431b-3634-a52d-184a7c39f8cb/800/800','Laborum sit aut.',0,1,'2025-10-18 07:29:39','2025-10-18 07:29:39'),(173,43,'https://picsum.photos/seed/a3b77c3b-c7ab-372c-ba47-f0e75f99e2fc/800/800','Adipisci aperiam ut.',0,7,'2025-10-18 07:29:39','2025-10-18 07:29:39'),(174,43,'https://picsum.photos/seed/a1fe8602-8591-3223-a8f1-9f506bc5c030/800/800','Totam quia commodi possimus.',0,5,'2025-10-18 07:29:39','2025-10-18 07:29:39'),(175,43,'https://picsum.photos/seed/4b5da52a-81a2-3414-add2-8c24d1a10eab/800/800','Recusandae corrupti ut quod.',0,2,'2025-10-18 07:29:39','2025-10-18 07:29:39'),(176,44,'https://picsum.photos/seed/b0c283cc-1fd1-3d39-a0c0-32d251f8165e/800/800','Quae qui sed dolores.',1,4,'2025-10-18 07:29:39','2025-10-18 07:29:39'),(177,44,'https://picsum.photos/seed/757c999d-2ffc-34a9-a289-fadd4a4d4a31/800/800','Placeat iusto aut.',0,5,'2025-10-18 07:29:39','2025-10-18 07:29:39'),(178,44,'https://picsum.photos/seed/97626bfd-eb23-33f9-8f2e-49baf6e71fa8/800/800','Ullam voluptas aut.',0,6,'2025-10-18 07:29:39','2025-10-18 07:29:39'),(179,45,'https://picsum.photos/seed/0a53e6d2-09cd-31e4-9b45-dea4bf978251/800/800','Error et fugiat at.',1,8,'2025-10-18 07:29:39','2025-10-18 07:29:39'),(180,45,'https://picsum.photos/seed/25f7c294-b5dc-369d-8eb1-c2e49d4c8696/800/800','Qui alias et.',0,9,'2025-10-18 07:29:39','2025-10-18 07:29:39'),(181,45,'https://picsum.photos/seed/6c2b2f50-9785-322c-b1ec-8acfbb985b09/800/800','Molestiae recusandae soluta iusto.',0,6,'2025-10-18 07:29:39','2025-10-18 07:29:39'),(182,45,'https://picsum.photos/seed/2a35c003-e485-328b-b72d-64cb5c7ccefb/800/800','In cum facere voluptates.',0,8,'2025-10-18 07:29:39','2025-10-18 07:29:39'),(183,46,'https://picsum.photos/seed/7e168b70-8f33-3624-a3a1-a38d50103dfb/800/800','Et facilis iure a.',1,6,'2025-10-18 07:29:39','2025-10-18 07:29:39'),(184,46,'https://picsum.photos/seed/5cd63771-0815-3081-add8-9533f7a2c512/800/800','Eligendi sapiente est.',0,3,'2025-10-18 07:29:39','2025-10-18 07:29:39'),(185,46,'https://picsum.photos/seed/881cb8e3-a9ef-3e02-a10e-e5cbc7788926/800/800','Aliquid tenetur quod.',0,10,'2025-10-18 07:29:39','2025-10-18 07:29:39'),(186,46,'https://picsum.photos/seed/c20320c0-c3b1-349d-a9c1-14fdb59b379a/800/800','Molestias voluptatem nobis omnis.',0,4,'2025-10-18 07:29:39','2025-10-18 07:29:39'),(187,47,'https://picsum.photos/seed/bbeac4be-4511-375a-8647-81bf53b71e35/800/800','Fugit tempora facere.',1,5,'2025-10-18 07:29:39','2025-10-18 07:29:39'),(188,47,'https://picsum.photos/seed/0606bf66-0b22-351c-8a83-8ce3bfb77cab/800/800','Aperiam sunt nulla officiis.',0,7,'2025-10-18 07:29:39','2025-10-18 07:29:39'),(189,47,'https://picsum.photos/seed/e30c95ef-b614-3788-818a-8ea3317e6578/800/800','Quo in.',0,9,'2025-10-18 07:29:39','2025-10-18 07:29:39'),(190,48,'https://picsum.photos/seed/9f69809b-622f-343f-90f4-329e904bb94e/800/800','Sint et provident vitae.',1,9,'2025-10-18 07:29:39','2025-10-18 07:29:39'),(191,48,'https://picsum.photos/seed/a05c4c84-d6f5-3257-95bc-c73a4fc3f9fa/800/800','Esse officiis ut est.',0,6,'2025-10-18 07:29:39','2025-10-18 07:29:39'),(192,48,'https://picsum.photos/seed/9b9b4fab-7bd6-3e35-8270-3e553d7a79c0/800/800','Qui qui et est.',0,6,'2025-10-18 07:29:39','2025-10-18 07:29:39'),(193,48,'https://picsum.photos/seed/629e5f9a-47d5-36b2-82eb-3d63228ffaa2/800/800','Qui impedit repudiandae occaecati.',0,4,'2025-10-18 07:29:39','2025-10-18 07:29:39'),(194,49,'https://picsum.photos/seed/e437298d-1a05-3d87-9b28-5618617827c3/800/800','Voluptas voluptate voluptas aut.',1,10,'2025-10-18 07:29:39','2025-10-18 07:29:39'),(195,49,'https://picsum.photos/seed/b1574e51-b8bf-3e80-a511-1777e8c03ab0/800/800','Maxime maxime aut quia.',0,2,'2025-10-18 07:29:39','2025-10-18 07:29:39'),(196,49,'https://picsum.photos/seed/730f419d-10b4-35f7-a131-30a70aac93d9/800/800','Pariatur eum vero rerum.',0,5,'2025-10-18 07:29:39','2025-10-18 07:29:39'),(197,50,'https://picsum.photos/seed/c2dc7cbd-6fc0-35c4-a1db-99107faa346e/800/800','Aspernatur nulla debitis explicabo ex.',1,9,'2025-10-18 07:29:39','2025-10-18 07:29:39'),(198,50,'https://picsum.photos/seed/bd07b0d6-7a7e-3f4e-aade-10ca518e2ab5/800/800','Consequatur odio nostrum soluta.',0,7,'2025-10-18 07:29:39','2025-10-18 07:29:39'),(199,50,'https://picsum.photos/seed/c7b41400-bb88-3578-9a5e-af9f5a886b8f/800/800','Ratione aut et eum.',0,9,'2025-10-18 07:29:39','2025-10-18 07:29:39'),(200,50,'https://picsum.photos/seed/741c56b2-b7f5-3813-bcd8-366a29a33121/800/800','In harum in maxime.',0,6,'2025-10-18 07:29:39','2025-10-18 07:29:39'),(201,51,'https://picsum.photos/seed/e7194e59-d304-3bb2-8c74-01f51a5944ab/800/800','Aspernatur quod corrupti.',1,3,'2025-10-18 07:29:39','2025-10-18 07:29:39'),(202,51,'https://picsum.photos/seed/71be1646-0656-387a-9366-84916c3448ed/800/800','Perspiciatis voluptates repellat error et.',0,10,'2025-10-18 07:29:39','2025-10-18 07:29:39'),(203,51,'https://picsum.photos/seed/ee4f3d67-8870-340c-a798-6ff802e1b1e1/800/800','Maiores quia vel.',0,10,'2025-10-18 07:29:39','2025-10-18 07:29:39'),(204,51,'https://picsum.photos/seed/ef5c67dc-c10b-3307-977b-19edc6086252/800/800','Dolor perspiciatis aspernatur.',0,3,'2025-10-18 07:29:39','2025-10-18 07:29:39'),(205,51,'https://picsum.photos/seed/d1901bb7-90e4-3c9c-93ab-ec5d7b8da5a6/800/800','Corporis voluptas voluptas.',0,7,'2025-10-18 07:29:39','2025-10-18 07:29:39'),(206,52,'https://picsum.photos/seed/a9f5c0a2-8787-3302-bbf9-61baf8e9077b/800/800','Eum voluptatem doloremque.',1,10,'2025-10-18 07:29:39','2025-10-18 07:29:39'),(207,52,'https://picsum.photos/seed/8bcb503b-fcca-35ec-b7fe-ed93aa31329a/800/800','Inventore impedit et.',0,9,'2025-10-18 07:29:39','2025-10-18 07:29:39'),(208,52,'https://picsum.photos/seed/612e9c3f-dc78-35cc-ac19-6ad2877518b2/800/800','Voluptas et et.',0,9,'2025-10-18 07:29:39','2025-10-18 07:29:39'),(209,52,'https://picsum.photos/seed/fcee7c0b-473b-360d-8601-daa162004be6/800/800','Eligendi voluptatibus enim magni pariatur.',0,8,'2025-10-18 07:29:39','2025-10-18 07:29:39'),(210,53,'https://picsum.photos/seed/0b57a45f-d40f-34ff-908c-8651f72b5511/800/800','Optio rerum.',1,8,'2025-10-18 07:29:39','2025-10-18 07:29:39'),(211,53,'https://picsum.photos/seed/8f119464-d358-3264-9feb-9f37edc657e9/800/800','Est quidem ut.',0,10,'2025-10-18 07:29:39','2025-10-18 07:29:39'),(212,53,'https://picsum.photos/seed/0667ea9c-76c8-34e5-838b-2f97c62dcb3d/800/800','Eum neque maxime.',0,7,'2025-10-18 07:29:39','2025-10-18 07:29:39'),(213,53,'https://picsum.photos/seed/4d07ff5c-b369-3e5c-a9e4-6ece6893677f/800/800','Eum dolorum in.',0,4,'2025-10-18 07:29:39','2025-10-18 07:29:39'),(214,53,'https://picsum.photos/seed/00b987d8-98dd-385d-92f5-424dedbc68d8/800/800','Qui voluptatem suscipit.',0,6,'2025-10-18 07:29:39','2025-10-18 07:29:39'),(215,54,'https://picsum.photos/seed/ac609637-85aa-36de-8c44-59bfd927a71e/800/800','Ducimus modi.',1,10,'2025-10-18 07:29:39','2025-10-18 07:29:39'),(216,54,'https://picsum.photos/seed/027e25a3-9e45-33f6-9ab9-97c393653b3b/800/800','Rerum placeat voluptas voluptates.',0,1,'2025-10-18 07:29:39','2025-10-18 07:29:39'),(217,54,'https://picsum.photos/seed/3301a41e-f402-3695-bcee-5f4ff8d11386/800/800','Saepe voluptatem porro.',0,2,'2025-10-18 07:29:39','2025-10-18 07:29:39'),(218,54,'https://picsum.photos/seed/29b05406-b91a-3735-abe7-3c063b58a378/800/800','Labore maxime officia asperiores.',0,6,'2025-10-18 07:29:39','2025-10-18 07:29:39'),(219,54,'https://picsum.photos/seed/780bb832-1fd9-328c-96f4-2e14694b2299/800/800','In dolorem aut.',0,3,'2025-10-18 07:29:39','2025-10-18 07:29:39'),(220,55,'https://picsum.photos/seed/78e49d3f-5b38-32c3-862a-01016ae4e0f1/800/800','Possimus porro eius recusandae.',1,6,'2025-10-18 07:29:39','2025-10-18 07:29:39'),(221,55,'https://picsum.photos/seed/8a62f026-11f2-32c5-8cf9-3289d647d8f0/800/800','Sed maxime.',0,3,'2025-10-18 07:29:39','2025-10-18 07:29:39'),(222,55,'https://picsum.photos/seed/285bdf7e-1ae4-3dc8-85ab-33948c270fd5/800/800','Doloribus adipisci asperiores.',0,3,'2025-10-18 07:29:39','2025-10-18 07:29:39'),(223,55,'https://picsum.photos/seed/46ff8ded-ff67-37b9-9aca-8f86783d90a9/800/800','Quidem quia ut quisquam.',0,3,'2025-10-18 07:29:39','2025-10-18 07:29:39'),(224,55,'https://picsum.photos/seed/d2255a6a-0bc4-31af-b445-22adae61ecde/800/800','Reprehenderit quia veniam voluptate.',0,7,'2025-10-18 07:29:39','2025-10-18 07:29:39'),(225,56,'https://picsum.photos/seed/4a4164c1-e8cd-3cc5-a317-d934a85d17f0/800/800','Et qui expedita in.',1,10,'2025-10-18 07:29:39','2025-10-18 07:29:39'),(226,56,'https://picsum.photos/seed/dccc74d9-c5fb-3383-bf52-1221ca96f228/800/800','Laboriosam voluptas ut excepturi.',0,9,'2025-10-18 07:29:39','2025-10-18 07:29:39'),(227,56,'https://picsum.photos/seed/43c0078c-c258-3770-846a-acc0ff21b563/800/800','Ipsa molestiae.',0,1,'2025-10-18 07:29:39','2025-10-18 07:29:39'),(228,56,'https://picsum.photos/seed/a6e425fb-2af0-318e-9b7a-ee09afc01fa8/800/800','Consequatur aspernatur et ut.',0,4,'2025-10-18 07:29:39','2025-10-18 07:29:39'),(229,56,'https://picsum.photos/seed/ca44ad5b-5c70-3699-a1e6-82f65fb3a691/800/800','Maxime id quia qui.',0,6,'2025-10-18 07:29:39','2025-10-18 07:29:39'),(230,57,'https://picsum.photos/seed/3481116d-3ed2-3358-917d-ee96c4c88c49/800/800','Amet adipisci fuga.',1,1,'2025-10-18 07:29:39','2025-10-18 07:29:39'),(231,57,'https://picsum.photos/seed/9fa6bb9f-9ec7-3b93-890e-07780ec42f6d/800/800','Quaerat veritatis sunt omnis.',0,4,'2025-10-18 07:29:39','2025-10-18 07:29:39'),(232,57,'https://picsum.photos/seed/723f0356-0e47-3154-ad1d-0d241c862285/800/800','Iure eaque repellat.',0,3,'2025-10-18 07:29:39','2025-10-18 07:29:39'),(233,58,'https://picsum.photos/seed/85da036b-5c99-3ef1-8ccd-5a73c9d85e04/800/800','Quis id quia voluptates.',1,9,'2025-10-18 07:29:39','2025-10-18 07:29:39'),(234,58,'https://picsum.photos/seed/edb6a84f-6338-3801-8504-95c218c5c0f6/800/800','Aut eveniet aliquid nisi.',0,8,'2025-10-18 07:29:39','2025-10-18 07:29:39'),(235,58,'https://picsum.photos/seed/068c2dd2-df3c-3d14-aa5b-4319574ba518/800/800','Ut illum expedita esse.',0,3,'2025-10-18 07:29:39','2025-10-18 07:29:39'),(236,58,'https://picsum.photos/seed/5dfe4dea-d29e-307c-8b21-845825c5af7e/800/800','Quo eos sunt.',0,10,'2025-10-18 07:29:39','2025-10-18 07:29:39'),(237,58,'https://picsum.photos/seed/467ab046-e0a4-3390-a3a1-980ae772b25c/800/800','Consectetur alias debitis.',0,3,'2025-10-18 07:29:39','2025-10-18 07:29:39'),(238,59,'https://picsum.photos/seed/a232927f-cb28-348a-bdee-feae43a51acf/800/800','Tempore blanditiis est.',1,5,'2025-10-18 07:29:39','2025-10-18 07:29:39'),(239,59,'https://picsum.photos/seed/79f5a448-7ff8-3522-8659-0d1e87e6d63b/800/800','Quo qui fugiat dolores.',0,1,'2025-10-18 07:29:39','2025-10-18 07:29:39'),(240,59,'https://picsum.photos/seed/cd16eafa-d8bb-3edc-beac-927d804e8717/800/800','Expedita tempore aut fugiat.',0,8,'2025-10-18 07:29:39','2025-10-18 07:29:39'),(241,60,'https://picsum.photos/seed/34fbbf40-1dbd-355d-a860-05f5e128ba6f/800/800','Esse est.',1,1,'2025-10-18 07:29:39','2025-10-18 07:29:39'),(242,60,'https://picsum.photos/seed/e4a02f0a-3694-3258-9a9c-bac2d0628043/800/800','Sed id libero.',0,7,'2025-10-18 07:29:39','2025-10-18 07:29:39'),(243,60,'https://picsum.photos/seed/84854af8-67e2-339c-95a4-ec9f4e60a9a7/800/800','Occaecati distinctio repellendus est.',0,2,'2025-10-18 07:29:39','2025-10-18 07:29:39'),(244,61,'https://picsum.photos/seed/1299dbb2-f534-3bed-b99f-6129b2e1efc9/800/800','Nam ea est qui.',1,1,'2025-10-18 07:29:39','2025-10-18 07:29:39'),(245,61,'https://picsum.photos/seed/774a5e5d-7589-3e79-afb3-ed9537529acf/800/800','Ad consequatur placeat.',0,5,'2025-10-18 07:29:39','2025-10-18 07:29:39'),(246,61,'https://picsum.photos/seed/24836ba2-fee3-3255-8a8f-7074cfda489c/800/800','Consequatur dolor quis.',0,7,'2025-10-18 07:29:39','2025-10-18 07:29:39'),(247,62,'https://picsum.photos/seed/7e7db864-0545-38ca-9b43-499efd26ae6a/800/800','Harum odit ut natus.',1,1,'2025-10-18 07:29:39','2025-10-18 07:29:39'),(248,62,'https://picsum.photos/seed/de5a06bf-b56c-3cc8-a90a-e4307f539cc0/800/800','Voluptas illo.',0,1,'2025-10-18 07:29:39','2025-10-18 07:29:39'),(249,62,'https://picsum.photos/seed/83535006-8d27-378d-be5d-d2facda2744c/800/800','Nam quasi aut.',0,5,'2025-10-18 07:29:39','2025-10-18 07:29:39'),(250,62,'https://picsum.photos/seed/ad8e0fd7-d3bc-39a1-97a3-eba3e3290f8c/800/800','Veritatis veritatis voluptatibus non.',0,8,'2025-10-18 07:29:39','2025-10-18 07:29:39'),(251,62,'https://picsum.photos/seed/fabc5e85-9972-32c8-b38f-286af82d7dc9/800/800','Reiciendis est animi dolores.',0,1,'2025-10-18 07:29:39','2025-10-18 07:29:39'),(252,63,'https://picsum.photos/seed/f94e2304-d2a6-308d-8bca-bfbad6733c0b/800/800','Aut voluptatem quas.',1,7,'2025-10-18 07:29:39','2025-10-18 07:29:39'),(253,63,'https://picsum.photos/seed/936414e5-7d46-3b34-ba56-7a22d8a11116/800/800','Autem atque quae laboriosam.',0,3,'2025-10-18 07:29:39','2025-10-18 07:29:39'),(254,63,'https://picsum.photos/seed/d531f13b-ecd7-3ae1-bb42-50634daefa6a/800/800','Eum vel vitae.',0,5,'2025-10-18 07:29:39','2025-10-18 07:29:39'),(255,64,'https://picsum.photos/seed/c0ffa297-0a4e-3f0c-9bff-29689d4d4bdd/800/800','Fugiat voluptas modi.',1,7,'2025-10-18 07:29:39','2025-10-18 07:29:39'),(256,64,'https://picsum.photos/seed/18d91caf-6327-32c9-8f6b-48ea45036230/800/800','Fugiat ipsam exercitationem.',0,5,'2025-10-18 07:29:39','2025-10-18 07:29:39'),(257,64,'https://picsum.photos/seed/4aa99745-ff78-3dc9-896f-a3bbcd119eea/800/800','Exercitationem vel iusto excepturi.',0,2,'2025-10-18 07:29:39','2025-10-18 07:29:39'),(258,64,'https://picsum.photos/seed/c83d3bcf-5d0b-3628-9516-ec5572f2ad95/800/800','Ea ducimus eveniet.',0,5,'2025-10-18 07:29:39','2025-10-18 07:29:39'),(259,64,'https://picsum.photos/seed/7ea2f98b-2300-3006-be99-a2a70e7bce2b/800/800','Facere quaerat corrupti voluptatum.',0,7,'2025-10-18 07:29:39','2025-10-18 07:29:39'),(260,65,'https://picsum.photos/seed/f4aafc72-7302-34af-a448-afdc6d8c346b/800/800','Autem esse aut.',1,6,'2025-10-18 07:29:39','2025-10-18 07:29:39'),(261,65,'https://picsum.photos/seed/ba321a5a-7061-3b50-8e19-f77aa8809d0c/800/800','Quidem quia.',0,7,'2025-10-18 07:29:39','2025-10-18 07:29:39'),(262,65,'https://picsum.photos/seed/5aafd678-3b90-33fd-8e5c-2949e046da11/800/800','Id praesentium.',0,1,'2025-10-18 07:29:39','2025-10-18 07:29:39'),(263,65,'https://picsum.photos/seed/0534bdfe-07d8-379b-839e-10a164b3d55b/800/800','Sit consequatur ducimus.',0,9,'2025-10-18 07:29:39','2025-10-18 07:29:39'),(264,66,'https://picsum.photos/seed/eecd7258-f803-3e6f-ba68-43c11298bde3/800/800','Nulla harum fugit ut eos.',1,2,'2025-10-18 07:29:39','2025-10-18 07:29:39'),(265,66,'https://picsum.photos/seed/9ac082c8-8533-3104-93d0-1f9166b882e7/800/800','Eos minima.',0,10,'2025-10-18 07:29:39','2025-10-18 07:29:39'),(266,66,'https://picsum.photos/seed/961a1095-05e9-31aa-b0da-56ab626422d6/800/800','Quis veritatis.',0,2,'2025-10-18 07:29:39','2025-10-18 07:29:39'),(267,66,'https://picsum.photos/seed/3418615a-2550-3ca7-8e5c-8c56dbb45aa7/800/800','Provident tenetur consequatur.',0,7,'2025-10-18 07:29:39','2025-10-18 07:29:39'),(268,66,'https://picsum.photos/seed/b8e30c7e-3d6a-3c0a-ba47-b1f4e2bdb22e/800/800','Nihil labore vero sed.',0,7,'2025-10-18 07:29:39','2025-10-18 07:29:39'),(269,67,'https://picsum.photos/seed/57b20b9d-6caa-39fb-b93b-3ecc74cdf89d/800/800','Hic consequatur pariatur quo.',1,5,'2025-10-18 07:29:39','2025-10-18 07:29:40'),(270,67,'https://picsum.photos/seed/dfbdea1c-eff3-3153-a342-37ba3bbca1a0/800/800','Esse dolore sapiente.',0,6,'2025-10-18 07:29:39','2025-10-18 07:29:39'),(271,67,'https://picsum.photos/seed/07fa4ffd-6962-3c49-8bce-6534e9b06b51/800/800','Et voluptate iure et.',0,8,'2025-10-18 07:29:39','2025-10-18 07:29:39'),(272,67,'https://picsum.photos/seed/b504863f-5105-3186-a7c0-77c103d34f3b/800/800','Est omnis voluptas aut.',0,7,'2025-10-18 07:29:39','2025-10-18 07:29:39'),(273,68,'https://picsum.photos/seed/52c9ccfb-d267-357f-9e13-bb155d7817f8/800/800','Nemo atque soluta voluptate.',1,6,'2025-10-18 07:29:40','2025-10-18 07:29:40'),(274,68,'https://picsum.photos/seed/0b11d8c5-30bd-301d-b56b-02acddba2eec/800/800','Suscipit et eaque.',0,1,'2025-10-18 07:29:40','2025-10-18 07:29:40'),(275,68,'https://picsum.photos/seed/4248f955-adfa-3d2a-a7aa-ee9d77d3cb2e/800/800','Deserunt alias quia nam.',0,2,'2025-10-18 07:29:40','2025-10-18 07:29:40'),(276,68,'https://picsum.photos/seed/f00425c1-3826-3ef1-bf2d-fd28d6d83f4e/800/800','Ea qui et.',0,2,'2025-10-18 07:29:40','2025-10-18 07:29:40'),(277,68,'https://picsum.photos/seed/f93ce4bd-a2de-3266-a375-832cccfa8f1f/800/800','Ipsum debitis ut quidem.',0,7,'2025-10-18 07:29:40','2025-10-18 07:29:40'),(278,69,'https://picsum.photos/seed/3cb0090d-7489-3ee4-b9eb-bfaf39d3ada8/800/800','Voluptates itaque voluptates.',1,1,'2025-10-18 07:29:40','2025-10-18 07:29:40'),(279,69,'https://picsum.photos/seed/b6cc2105-dffc-32ce-82ed-6f3a46080660/800/800','Labore recusandae aut eos.',0,1,'2025-10-18 07:29:40','2025-10-18 07:29:40'),(280,69,'https://picsum.photos/seed/ca140931-2061-3648-b503-96848e52af81/800/800','Voluptatem doloribus ea possimus.',0,8,'2025-10-18 07:29:40','2025-10-18 07:29:40'),(281,70,'https://picsum.photos/seed/ea6d808e-c10e-383a-97cf-b7eaab09847a/800/800','Doloremque modi id.',1,4,'2025-10-18 07:29:40','2025-10-18 07:29:40'),(282,70,'https://picsum.photos/seed/9b610efc-d3d8-34a6-8c75-72fe5bd0df3e/800/800','Voluptatem ut non.',0,3,'2025-10-18 07:29:40','2025-10-18 07:29:40'),(283,70,'https://picsum.photos/seed/10912ed7-a9a7-32c9-8a01-0695aaeffe2c/800/800','Omnis exercitationem qui id.',0,5,'2025-10-18 07:29:40','2025-10-18 07:29:40'),(284,70,'https://picsum.photos/seed/39bc71f5-f1f4-3be1-b5b5-66f0e3c6b7ab/800/800','Earum voluptatem eligendi ea.',0,8,'2025-10-18 07:29:40','2025-10-18 07:29:40'),(285,71,'https://picsum.photos/seed/806195ef-ebb3-38ae-a929-011968ea1270/800/800','Quis quam reprehenderit.',1,7,'2025-10-18 07:29:40','2025-10-18 07:29:40'),(286,71,'https://picsum.photos/seed/0161c2f4-6e9b-3ac9-ae85-39329e32cadf/800/800','Ab nihil nihil reiciendis.',0,10,'2025-10-18 07:29:40','2025-10-18 07:29:40'),(287,71,'https://picsum.photos/seed/8fc32484-82eb-3684-a985-a05203f70ee6/800/800','Voluptatem deserunt sequi.',0,8,'2025-10-18 07:29:40','2025-10-18 07:29:40'),(288,72,'https://picsum.photos/seed/0953c7e5-ba51-3825-b765-377c87d3796f/800/800','Nam voluptas pariatur.',1,8,'2025-10-18 07:29:40','2025-10-18 07:29:40'),(289,72,'https://picsum.photos/seed/4cc56c01-376d-3a9b-a74c-34ce312057db/800/800','Dolores temporibus odio veniam.',0,7,'2025-10-18 07:29:40','2025-10-18 07:29:40'),(290,72,'https://picsum.photos/seed/fd066df8-8370-37f9-b35d-a3f19f7d5a8e/800/800','Debitis ut sed.',0,2,'2025-10-18 07:29:40','2025-10-18 07:29:40'),(291,72,'https://picsum.photos/seed/01cf5e99-51f6-3de6-8ea6-b196be190f22/800/800','Ad praesentium non cum.',0,10,'2025-10-18 07:29:40','2025-10-18 07:29:40'),(292,73,'https://picsum.photos/seed/17f21e72-6c50-3e76-a010-89ceb907482f/800/800','Eum inventore.',1,2,'2025-10-18 07:29:40','2025-10-18 07:29:40'),(293,73,'https://picsum.photos/seed/53002bd8-fca7-3e13-938d-2f2d6129a263/800/800','Magni voluptas quia.',0,3,'2025-10-18 07:29:40','2025-10-18 07:29:40'),(294,73,'https://picsum.photos/seed/c5cce1c6-1fa1-357a-9eb4-e0c440ad1820/800/800','Adipisci ut autem.',0,8,'2025-10-18 07:29:40','2025-10-18 07:29:40'),(295,74,'https://picsum.photos/seed/5a6bbc4f-6b88-3e9e-b4cc-09b05cbf2b62/800/800','Ut pariatur ex et.',1,6,'2025-10-18 07:29:40','2025-10-18 07:29:40'),(296,74,'https://picsum.photos/seed/a7996355-495a-3b0a-8e1f-67914a5b2d2b/800/800','Maxime quod autem voluptates aliquam.',0,5,'2025-10-18 07:29:40','2025-10-18 07:29:40'),(297,74,'https://picsum.photos/seed/310f1ba0-fdb5-3dca-93de-cdfb23babc21/800/800','Earum harum ex porro nihil.',0,3,'2025-10-18 07:29:40','2025-10-18 07:29:40'),(298,75,'https://picsum.photos/seed/3a00cd09-3792-3850-95fd-4c408a919a37/800/800','Sit et et enim.',1,7,'2025-10-18 07:29:40','2025-10-18 07:29:40'),(299,75,'https://picsum.photos/seed/3a71ba79-9dd1-3147-9923-b5032465d6f6/800/800','Rerum voluptates sit enim.',0,2,'2025-10-18 07:29:40','2025-10-18 07:29:40'),(300,75,'https://picsum.photos/seed/a828d409-2f2d-3a0a-ac2a-a31d999ec2ce/800/800','Fugiat ea enim.',0,3,'2025-10-18 07:29:40','2025-10-18 07:29:40'),(301,76,'https://picsum.photos/seed/ba326366-ad30-336b-9456-6e611bcbb4c8/800/800','Et est ipsa eaque.',1,5,'2025-10-18 07:29:40','2025-10-18 07:29:40'),(302,76,'https://picsum.photos/seed/d1c2d590-37ee-3f84-8d33-c16497648308/800/800','Eaque sequi autem aut quia.',0,2,'2025-10-18 07:29:40','2025-10-18 07:29:40'),(303,76,'https://picsum.photos/seed/16b91391-d8e0-38b0-9e89-7b3a788d1c87/800/800','Provident voluptas doloremque.',0,2,'2025-10-18 07:29:40','2025-10-18 07:29:40'),(304,77,'https://picsum.photos/seed/6e02a542-08c4-3276-87cb-0d71a254c051/800/800','Et voluptatem autem aliquam.',1,5,'2025-10-18 07:29:40','2025-10-18 07:29:40'),(305,77,'https://picsum.photos/seed/09d276d4-825a-3b2a-a876-30b4d20d590c/800/800','At ipsum dolorum quaerat.',0,7,'2025-10-18 07:29:40','2025-10-18 07:29:40'),(306,77,'https://picsum.photos/seed/f0b93a0b-5a50-35cd-a2c4-7b6402655a4c/800/800','Deleniti cum cupiditate ea.',0,10,'2025-10-18 07:29:40','2025-10-18 07:29:40'),(307,77,'https://picsum.photos/seed/d3ac3724-d824-30c5-aa92-c2bfcd2f7b58/800/800','Non facilis qui.',0,6,'2025-10-18 07:29:40','2025-10-18 07:29:40'),(308,78,'https://picsum.photos/seed/3e2cc8b1-e161-3acd-80b2-aa1f37c349f8/800/800','Esse vitae est rerum.',1,3,'2025-10-18 07:29:40','2025-10-18 07:29:40'),(309,78,'https://picsum.photos/seed/9a82a5c2-fd36-37a4-9983-4c1812662952/800/800','Consequatur mollitia ut.',0,9,'2025-10-18 07:29:40','2025-10-18 07:29:40'),(310,78,'https://picsum.photos/seed/a02113ba-6295-3cba-a6d2-6f1cb591531f/800/800','Impedit nostrum vero est.',0,6,'2025-10-18 07:29:40','2025-10-18 07:29:40'),(311,78,'https://picsum.photos/seed/c3d314a2-2693-3d16-a895-ea5011cc8dea/800/800','Et doloremque.',0,6,'2025-10-18 07:29:40','2025-10-18 07:29:40'),(312,78,'https://picsum.photos/seed/f840ce0f-6871-3801-9288-fd7d0064266d/800/800','Repellat similique placeat.',0,9,'2025-10-18 07:29:40','2025-10-18 07:29:40'),(313,79,'https://picsum.photos/seed/cd6bb02a-bd73-3432-95ae-2640c275cfa1/800/800','Provident corrupti illum.',1,6,'2025-10-18 07:29:40','2025-10-18 07:29:40'),(314,79,'https://picsum.photos/seed/be96f393-53dc-3261-8cdd-3f4755c4dc17/800/800','Dolorum qui excepturi.',0,9,'2025-10-18 07:29:40','2025-10-18 07:29:40'),(315,79,'https://picsum.photos/seed/d602de22-8fe0-39cd-882e-fd2923e0d9bd/800/800','Libero consequatur quibusdam.',0,7,'2025-10-18 07:29:40','2025-10-18 07:29:40'),(316,79,'https://picsum.photos/seed/395a9922-9c2a-38f1-8aa2-121347c27934/800/800','Nemo quasi rerum consequatur vel.',0,6,'2025-10-18 07:29:40','2025-10-18 07:29:40'),(317,80,'https://picsum.photos/seed/7a871304-5d11-3b58-bd2e-76ca3b140e90/800/800','Perspiciatis praesentium aut.',1,5,'2025-10-18 07:29:40','2025-10-18 07:29:40'),(318,80,'https://picsum.photos/seed/5b34f331-44af-3986-91f1-b28394695ca7/800/800','Est rerum vel.',0,8,'2025-10-18 07:29:40','2025-10-18 07:29:40'),(319,80,'https://picsum.photos/seed/0da3bc1e-7b6d-3e5c-9c5a-d6aa1354f4d6/800/800','Veniam quis id tenetur.',0,6,'2025-10-18 07:29:40','2025-10-18 07:29:40'),(320,80,'https://picsum.photos/seed/e4427ff9-670c-303c-92ef-14bea192a918/800/800','Quo aut quidem nisi.',0,3,'2025-10-18 07:29:40','2025-10-18 07:29:40'),(321,80,'https://picsum.photos/seed/dd2e91f1-18fb-34fe-955e-c07be97e8d6f/800/800','Atque consequatur velit.',0,10,'2025-10-18 07:29:40','2025-10-18 07:29:40'),(322,81,'https://picsum.photos/seed/82b04a6d-fc27-30ba-8ce8-06958e53e82e/800/800','Sunt rerum autem.',1,8,'2025-10-18 07:29:40','2025-10-18 07:29:40'),(323,81,'https://picsum.photos/seed/52817417-5682-31f5-894c-e599913709c2/800/800','Qui qui cupiditate.',0,3,'2025-10-18 07:29:40','2025-10-18 07:29:40'),(324,81,'https://picsum.photos/seed/0b43ae6a-7fb3-3500-ae54-b715bfc27d1e/800/800','Totam provident ut tempore.',0,6,'2025-10-18 07:29:40','2025-10-18 07:29:40'),(325,81,'https://picsum.photos/seed/76a39586-ef0c-3cf2-b35a-93fa2605335e/800/800','Dolorem inventore illum aspernatur eos.',0,7,'2025-10-18 07:29:40','2025-10-18 07:29:40'),(326,81,'https://picsum.photos/seed/381ca2cd-dd83-34ca-87be-d794541000c6/800/800','Sed reiciendis omnis.',0,1,'2025-10-18 07:29:40','2025-10-18 07:29:40'),(327,82,'https://picsum.photos/seed/6981e8fb-ccfa-3ec4-80a6-fbd5b5d5b2e5/800/800','Temporibus architecto vitae eos.',1,8,'2025-10-18 07:29:40','2025-10-18 07:29:40'),(328,82,'https://picsum.photos/seed/faf37475-3433-376b-a69c-414d67c6d8d9/800/800','Reprehenderit nemo.',0,7,'2025-10-18 07:29:40','2025-10-18 07:29:40'),(329,82,'https://picsum.photos/seed/ce7c818e-57df-376c-9f93-82533553abae/800/800','Quo maiores quod.',0,2,'2025-10-18 07:29:40','2025-10-18 07:29:40'),(330,83,'https://picsum.photos/seed/35d5b23d-4212-354c-b060-ecb75a240155/800/800','Eos dicta earum modi.',1,3,'2025-10-18 07:29:40','2025-10-18 07:29:40'),(331,83,'https://picsum.photos/seed/0bfc7503-cc1e-3b2b-9b11-e17a249455de/800/800','Necessitatibus fugit labore.',0,4,'2025-10-18 07:29:40','2025-10-18 07:29:40'),(332,83,'https://picsum.photos/seed/63549d6e-4520-3f6a-b6bf-ad86a40635b3/800/800','Rerum harum non minus.',0,7,'2025-10-18 07:29:40','2025-10-18 07:29:40'),(333,83,'https://picsum.photos/seed/d3bb99b1-6991-3f88-af3f-50da74056077/800/800','Autem dolorem ex.',0,4,'2025-10-18 07:29:40','2025-10-18 07:29:40'),(334,83,'https://picsum.photos/seed/4a4a69ae-4a8d-34ee-bbd6-c412f04fa30c/800/800','Similique laboriosam ipsum.',0,8,'2025-10-18 07:29:40','2025-10-18 07:29:40'),(335,84,'https://picsum.photos/seed/00c24bbc-a1ca-3337-8e33-81cab7c43427/800/800','Fugiat alias sapiente.',1,5,'2025-10-18 07:29:40','2025-10-18 07:29:40'),(336,84,'https://picsum.photos/seed/f1a5961f-adce-3b22-8224-6bffb7d418fe/800/800','Earum sapiente id.',0,3,'2025-10-18 07:29:40','2025-10-18 07:29:40'),(337,84,'https://picsum.photos/seed/ff4cd213-5c1f-3b7d-9eaf-9f67ab49c0f8/800/800','Et delectus vitae et.',0,10,'2025-10-18 07:29:40','2025-10-18 07:29:40'),(338,84,'https://picsum.photos/seed/009eedf6-03e4-399b-967c-ebbb29766c40/800/800','Quam non perferendis.',0,6,'2025-10-18 07:29:40','2025-10-18 07:29:40'),(339,85,'https://picsum.photos/seed/e7f612c3-595a-32c5-824e-3b414b26e563/800/800','Ducimus totam ducimus.',1,7,'2025-10-18 07:29:40','2025-10-18 07:29:40'),(340,85,'https://picsum.photos/seed/a669b57a-573f-35d8-be1a-5d094efc509e/800/800','Molestiae aliquid ducimus dolores dicta.',0,10,'2025-10-18 07:29:40','2025-10-18 07:29:40'),(341,85,'https://picsum.photos/seed/dc44bb34-dcc0-3a5b-ac7f-3482432635c1/800/800','Porro perspiciatis aspernatur molestiae.',0,2,'2025-10-18 07:29:40','2025-10-18 07:29:40'),(342,85,'https://picsum.photos/seed/e025b380-0a1d-34d5-9822-74c3980976b2/800/800','Vero enim reprehenderit.',0,3,'2025-10-18 07:29:40','2025-10-18 07:29:40'),(343,85,'https://picsum.photos/seed/925835bd-e465-36c5-94d6-4407bea89243/800/800','Facilis itaque enim.',0,7,'2025-10-18 07:29:40','2025-10-18 07:29:40'),(344,86,'https://picsum.photos/seed/937f10d8-f8cb-3c1c-aa98-9b6328b49971/800/800','Officia est repellat sit.',1,6,'2025-10-18 07:29:40','2025-10-18 07:29:40'),(345,86,'https://picsum.photos/seed/3cdc5e3c-321b-3df9-93ad-460aa9f2abf5/800/800','Ab corrupti eveniet quia quia.',0,8,'2025-10-18 07:29:40','2025-10-18 07:29:40'),(346,86,'https://picsum.photos/seed/c708be80-2b22-3c1a-b530-c0691d6a11e6/800/800','Eos maxime repudiandae.',0,6,'2025-10-18 07:29:40','2025-10-18 07:29:40'),(347,86,'https://picsum.photos/seed/13f4f9f3-a8a7-3721-b25f-f449af25d4d6/800/800','Provident illum doloremque et.',0,3,'2025-10-18 07:29:40','2025-10-18 07:29:40'),(348,87,'https://picsum.photos/seed/86813b30-4acb-3067-896e-07003aadef6a/800/800','Nostrum adipisci voluptatum.',1,8,'2025-10-18 07:29:40','2025-10-18 07:29:40'),(349,87,'https://picsum.photos/seed/db4b2a3f-6425-3b05-91c4-320221009613/800/800','Aut architecto corporis et aut.',0,4,'2025-10-18 07:29:40','2025-10-18 07:29:40'),(350,87,'https://picsum.photos/seed/c5e2f732-cf28-3521-a4b0-f92c8e783992/800/800','Et facere est.',0,7,'2025-10-18 07:29:40','2025-10-18 07:29:40'),(351,87,'https://picsum.photos/seed/0fec44a9-31dd-3171-be96-d27adf86e70f/800/800','Eum est distinctio libero.',0,2,'2025-10-18 07:29:40','2025-10-18 07:29:40'),(352,87,'https://picsum.photos/seed/9f2e0004-c6c8-33ee-9a5d-42b33f170fd0/800/800','Est quasi alias odio.',0,3,'2025-10-18 07:29:40','2025-10-18 07:29:40'),(353,88,'https://picsum.photos/seed/ad5aaa56-7617-3584-aced-bd6b9a907be7/800/800','Quod ut.',1,10,'2025-10-18 07:29:40','2025-10-18 07:29:40'),(354,88,'https://picsum.photos/seed/6935d50e-85b4-3d8c-9ac8-1a59556d9604/800/800','Aperiam sunt doloremque.',0,7,'2025-10-18 07:29:40','2025-10-18 07:29:40'),(355,88,'https://picsum.photos/seed/abdc51eb-c2ab-3d4d-832a-cd848e4f8497/800/800','Temporibus quos qui exercitationem.',0,2,'2025-10-18 07:29:40','2025-10-18 07:29:40'),(356,88,'https://picsum.photos/seed/cccb4b5c-ab4d-3a95-80d1-655fd47f32cb/800/800','Consequatur ut consequatur perferendis sed.',0,8,'2025-10-18 07:29:40','2025-10-18 07:29:40'),(357,89,'https://picsum.photos/seed/787faef0-1e01-37a7-b0c2-73668a7365cd/800/800','Laboriosam ab magni.',1,7,'2025-10-18 07:29:40','2025-10-18 07:29:40'),(358,89,'https://picsum.photos/seed/e6f51a5b-96d9-388d-bded-c908f81250ea/800/800','Dolorum esse.',0,8,'2025-10-18 07:29:40','2025-10-18 07:29:40'),(359,89,'https://picsum.photos/seed/cc4164c8-6f5a-324b-ae0d-f048216ed474/800/800','Sunt excepturi ut soluta.',0,6,'2025-10-18 07:29:40','2025-10-18 07:29:40'),(360,90,'https://picsum.photos/seed/05fd3e5f-bc6f-3282-80af-dff3ca991311/800/800','Dolor libero cumque dolor.',1,9,'2025-10-18 07:29:40','2025-10-18 07:29:40'),(361,90,'https://picsum.photos/seed/31a95af4-4133-3b90-a3f7-81b162e90b20/800/800','Qui inventore dignissimos omnis.',0,4,'2025-10-18 07:29:40','2025-10-18 07:29:40'),(362,90,'https://picsum.photos/seed/5905f642-5752-3cd8-a0c8-82fa6a924326/800/800','Labore esse inventore sunt.',0,2,'2025-10-18 07:29:40','2025-10-18 07:29:40'),(363,90,'https://picsum.photos/seed/f655609b-c1da-3b0f-85e8-edf86bc487eb/800/800','Non modi nostrum.',0,10,'2025-10-18 07:29:40','2025-10-18 07:29:40'),(364,91,'https://picsum.photos/seed/8a0b3af7-7293-3ebb-aabf-0cfca61d4d95/800/800','Corrupti minima.',1,5,'2025-10-18 07:29:40','2025-10-18 07:29:40'),(365,91,'https://picsum.photos/seed/3c1cf036-c056-3ce8-9546-9754ff6563f5/800/800','Qui possimus aut non eum.',0,4,'2025-10-18 07:29:40','2025-10-18 07:29:40'),(366,91,'https://picsum.photos/seed/a9c0e47f-a65f-3a69-9e79-a1e790bcee56/800/800','Sit dignissimos nemo necessitatibus.',0,7,'2025-10-18 07:29:40','2025-10-18 07:29:40'),(367,92,'https://picsum.photos/seed/c5c12766-116d-39eb-8517-c28addad4faa/800/800','Vel in cumque reprehenderit.',1,7,'2025-10-18 07:29:40','2025-10-18 07:29:40'),(368,92,'https://picsum.photos/seed/23bf0f5f-ec6c-3321-90a5-ef18bd62185e/800/800','Ea voluptates officia.',0,10,'2025-10-18 07:29:40','2025-10-18 07:29:40'),(369,92,'https://picsum.photos/seed/3cec4211-76b0-3265-a858-fd1c38c8c358/800/800','Sit officiis natus sit omnis.',0,7,'2025-10-18 07:29:40','2025-10-18 07:29:40'),(370,93,'https://picsum.photos/seed/cf51e010-5ddb-3ea7-9386-33634d8ad31e/800/800','Iure aut ab.',1,10,'2025-10-18 07:29:40','2025-10-18 07:29:40'),(371,93,'https://picsum.photos/seed/18c6a2a8-1f5b-31bd-a20d-98a97db8364a/800/800','Numquam dignissimos est voluptatibus.',0,2,'2025-10-18 07:29:40','2025-10-18 07:29:40'),(372,93,'https://picsum.photos/seed/347bfa87-b4e4-35fb-9ded-24208696f0ea/800/800','Repellat consequatur nesciunt.',0,9,'2025-10-18 07:29:40','2025-10-18 07:29:40'),(373,93,'https://picsum.photos/seed/7f10ee48-df75-355f-a434-5430c46ebb82/800/800','Vel quia doloremque distinctio.',0,4,'2025-10-18 07:29:40','2025-10-18 07:29:40'),(374,93,'https://picsum.photos/seed/dd890b66-be1a-35fc-968f-37228f713655/800/800','Pariatur fugiat quia illo.',0,5,'2025-10-18 07:29:40','2025-10-18 07:29:40'),(375,94,'https://picsum.photos/seed/d66a36b4-daf2-331b-9e2a-ccab18b2f6fd/800/800','Labore distinctio nihil.',1,3,'2025-10-18 07:29:40','2025-10-18 07:29:40'),(376,94,'https://picsum.photos/seed/1f2aba09-2310-3340-ae19-f8de31453075/800/800','Maxime non dolorem.',0,5,'2025-10-18 07:29:40','2025-10-18 07:29:40'),(377,94,'https://picsum.photos/seed/d03a07ac-1cf0-3ab8-b5e8-a43e99938e3f/800/800','Officiis iure.',0,9,'2025-10-18 07:29:40','2025-10-18 07:29:40'),(378,94,'https://picsum.photos/seed/4acca838-147f-3235-9909-ac874a685f62/800/800','Nihil nesciunt ullam.',0,10,'2025-10-18 07:29:40','2025-10-18 07:29:40'),(379,95,'https://picsum.photos/seed/321732ae-fce6-3ed5-90a3-929dd2f65b5c/800/800','Cum ab perspiciatis qui.',1,2,'2025-10-18 07:29:40','2025-10-18 07:29:40'),(380,95,'https://picsum.photos/seed/ba75c687-2b2b-39ca-8638-9e149882c5b0/800/800','Voluptas est repellendus a.',0,10,'2025-10-18 07:29:40','2025-10-18 07:29:40'),(381,95,'https://picsum.photos/seed/d8b5108a-6a07-388d-819a-2b8d3da8f4b7/800/800','Et ab.',0,6,'2025-10-18 07:29:40','2025-10-18 07:29:40'),(382,95,'https://picsum.photos/seed/13a6a0a2-246b-32de-81a9-69b101e14cea/800/800','Fugit perspiciatis nisi iusto.',0,1,'2025-10-18 07:29:40','2025-10-18 07:29:40'),(383,95,'https://picsum.photos/seed/18119e7f-556d-3152-8b70-aab19dfb3629/800/800','Illo id consequatur velit.',0,9,'2025-10-18 07:29:40','2025-10-18 07:29:40'),(384,96,'https://picsum.photos/seed/f4bc2017-6723-37f8-9d30-0f3c6178bf44/800/800','Nobis culpa quod mollitia.',1,1,'2025-10-18 07:29:40','2025-10-18 07:29:40'),(385,96,'https://picsum.photos/seed/506a6ec6-8836-3aa9-b0c1-80f5cf40545f/800/800','Sit architecto.',0,4,'2025-10-18 07:29:40','2025-10-18 07:29:40'),(386,96,'https://picsum.photos/seed/b4bab30a-5b7b-39e9-8b02-27805cfdeebc/800/800','Eius hic voluptas perspiciatis.',0,3,'2025-10-18 07:29:40','2025-10-18 07:29:40'),(387,96,'https://picsum.photos/seed/471f3820-8e43-3b49-8167-6e9b861af078/800/800','Animi minus aperiam voluptas.',0,4,'2025-10-18 07:29:40','2025-10-18 07:29:40'),(388,96,'https://picsum.photos/seed/3248ac39-b729-36d0-aa99-ab85be30837d/800/800','Expedita placeat sunt aperiam.',0,8,'2025-10-18 07:29:40','2025-10-18 07:29:40'),(389,97,'https://picsum.photos/seed/cee783ca-3c4e-375c-bf56-2500d2616040/800/800','Ipsam possimus repudiandae unde.',1,1,'2025-10-18 07:29:40','2025-10-18 07:29:40'),(390,97,'https://picsum.photos/seed/a69deb7d-c4da-3c96-83a2-87803560a13c/800/800','Ratione cum vitae.',0,2,'2025-10-18 07:29:40','2025-10-18 07:29:40'),(391,97,'https://picsum.photos/seed/dda5e25e-eecd-3fd5-a504-d75387159208/800/800','Quibusdam cumque.',0,2,'2025-10-18 07:29:40','2025-10-18 07:29:40'),(392,98,'https://picsum.photos/seed/1c27f7bc-d519-3e89-b3e0-c9b977381bf2/800/800','Non enim qui sed.',1,9,'2025-10-18 07:29:40','2025-10-18 07:29:40'),(393,98,'https://picsum.photos/seed/95cc0d0c-73a5-30ed-b61e-2941bdd462e1/800/800','Saepe consequatur impedit quod.',0,7,'2025-10-18 07:29:40','2025-10-18 07:29:40'),(394,98,'https://picsum.photos/seed/3e7bd844-f871-3ae5-b46e-b6cc1b50235b/800/800','Blanditiis facilis similique.',0,9,'2025-10-18 07:29:40','2025-10-18 07:29:40'),(395,98,'https://picsum.photos/seed/f0bb30e9-507a-3941-8fbc-cc57ccf474f2/800/800','Voluptas dolorem.',0,4,'2025-10-18 07:29:40','2025-10-18 07:29:40'),(396,99,'https://picsum.photos/seed/8af61ef9-c605-31aa-bd02-16b368bdb22c/800/800','Maxime fugit eum nostrum.',1,9,'2025-10-18 07:29:40','2025-10-18 07:29:40'),(397,99,'https://picsum.photos/seed/c0d5a05d-326b-3a5b-9379-ccd397b67a07/800/800','Tempore unde inventore.',0,6,'2025-10-18 07:29:40','2025-10-18 07:29:40'),(398,99,'https://picsum.photos/seed/78288a93-c629-3d5c-8982-1c2bba207d7c/800/800','Tenetur voluptates tempora earum.',0,3,'2025-10-18 07:29:40','2025-10-18 07:29:40'),(399,99,'https://picsum.photos/seed/7e16de42-bbe8-3078-b142-5fac7dd75ac9/800/800','Et totam odio similique ut.',0,8,'2025-10-18 07:29:40','2025-10-18 07:29:40'),(400,100,'https://picsum.photos/seed/f52c9be1-c322-31f9-be67-e98015e03c19/800/800','Vel nobis aut.',1,2,'2025-10-18 07:29:40','2025-10-18 07:29:40'),(401,100,'https://picsum.photos/seed/bb6d00a7-05f2-36f2-8961-f9f93c7034a2/800/800','Porro autem distinctio ut.',0,6,'2025-10-18 07:29:40','2025-10-18 07:29:40'),(402,100,'https://picsum.photos/seed/8bccd0ee-64e1-3b4d-87b0-c9dab87bbe56/800/800','Non quo numquam.',0,9,'2025-10-18 07:29:40','2025-10-18 07:29:40'),(403,100,'https://picsum.photos/seed/8c9e5cf6-c64b-315e-be65-5704092a5c1a/800/800','Facere omnis commodi tempora.',0,3,'2025-10-18 07:29:40','2025-10-18 07:29:40');
/*!40000 ALTER TABLE `product_images` ENABLE KEYS */;
UNLOCK TABLES;

--
-- Table structure for table `product_questions`
--

DROP TABLE IF EXISTS `product_questions`;
/*!40101 SET @saved_cs_client     = @@character_set_client */;
/*!50503 SET character_set_client = utf8mb4 */;
CREATE TABLE `product_questions` (
  `id` bigint(20) unsigned NOT NULL AUTO_INCREMENT,
  `product_id` bigint(20) unsigned NOT NULL,
  `user_id` bigint(20) unsigned NOT NULL,
  `question` text NOT NULL,
  `status` enum('pending','answered','rejected') NOT NULL DEFAULT 'pending',
  `is_anonymous` tinyint(1) NOT NULL DEFAULT 0,
  `helpful_count` int(10) unsigned NOT NULL DEFAULT 0,
  `answers_count` int(10) unsigned NOT NULL DEFAULT 0,
  `is_featured` tinyint(1) NOT NULL DEFAULT 0,
  `metadata` longtext CHARACTER SET utf8mb4 COLLATE utf8mb4_bin DEFAULT NULL CHECK (json_valid(`metadata`)),
  `created_at` timestamp NULL DEFAULT NULL,
  `updated_at` timestamp NULL DEFAULT NULL,
  PRIMARY KEY (`id`),
  KEY `product_questions_product_id_status_created_at_index` (`product_id`,`status`,`created_at`),
  KEY `product_questions_user_id_status_index` (`user_id`,`status`),
  KEY `product_questions_is_featured_helpful_count_index` (`is_featured`,`helpful_count`),
  CONSTRAINT `product_questions_product_id_foreign` FOREIGN KEY (`product_id`) REFERENCES `products` (`product_id`) ON DELETE CASCADE,
  CONSTRAINT `product_questions_user_id_foreign` FOREIGN KEY (`user_id`) REFERENCES `users` (`id`) ON DELETE CASCADE
) ENGINE=InnoDB DEFAULT CHARSET=utf8mb4 COLLATE=utf8mb4_unicode_ci;
/*!40101 SET character_set_client = @saved_cs_client */;

--
-- Dumping data for table `product_questions`
--

LOCK TABLES `product_questions` WRITE;
/*!40000 ALTER TABLE `product_questions` DISABLE KEYS */;
/*!40000 ALTER TABLE `product_questions` ENABLE KEYS */;
UNLOCK TABLES;

--
-- Table structure for table `product_variants`
--

DROP TABLE IF EXISTS `product_variants`;
/*!40101 SET @saved_cs_client     = @@character_set_client */;
/*!50503 SET character_set_client = utf8mb4 */;
CREATE TABLE `product_variants` (
  `variant_id` bigint(20) unsigned NOT NULL AUTO_INCREMENT,
  `product_id` bigint(20) unsigned NOT NULL,
  `sku` varchar(100) NOT NULL,
  `price` decimal(18,2) NOT NULL,
  `discount_price` decimal(18,2) DEFAULT NULL,
  `stock_quantity` int(11) NOT NULL DEFAULT 0,
  `reserved_quantity` int(10) unsigned NOT NULL DEFAULT 0,
  `available_quantity` int(10) unsigned GENERATED ALWAYS AS (`stock_quantity` - `reserved_quantity`) STORED,
  `minimum_stock_level` int(10) unsigned NOT NULL DEFAULT 0,
  `track_inventory` tinyint(1) NOT NULL DEFAULT 1,
  `allow_backorder` tinyint(1) NOT NULL DEFAULT 0,
  `last_restocked_at` timestamp NULL DEFAULT NULL,
  `image_id` bigint(20) unsigned DEFAULT NULL,
  `created_at` timestamp NULL DEFAULT NULL,
  `updated_at` timestamp NULL DEFAULT NULL,
  `deleted_at` timestamp NULL DEFAULT NULL,
  PRIMARY KEY (`variant_id`),
  UNIQUE KEY `product_variants_sku_unique` (`sku`),
  KEY `product_variants_product_id_foreign` (`product_id`),
  KEY `product_variants_image_id_foreign` (`image_id`),
  KEY `product_variants_available_quantity_created_at_index` (`available_quantity`,`created_at`),
  KEY `product_variants_minimum_stock_level_available_quantity_index` (`minimum_stock_level`,`available_quantity`),
  KEY `product_variants_track_inventory_index` (`track_inventory`),
  CONSTRAINT `product_variants_image_id_foreign` FOREIGN KEY (`image_id`) REFERENCES `product_images` (`image_id`) ON DELETE SET NULL,
  CONSTRAINT `product_variants_product_id_foreign` FOREIGN KEY (`product_id`) REFERENCES `products` (`product_id`) ON DELETE CASCADE
) ENGINE=InnoDB AUTO_INCREMENT=143 DEFAULT CHARSET=utf8mb4 COLLATE=utf8mb4_unicode_ci;
/*!40101 SET character_set_client = @saved_cs_client */;

--
-- Dumping data for table `product_variants`
--

LOCK TABLES `product_variants` WRITE;
/*!40000 ALTER TABLE `product_variants` DISABLE KEYS */;
INSERT INTO `product_variants` (`variant_id`, `product_id`, `sku`, `price`, `discount_price`, `stock_quantity`, `reserved_quantity`, `minimum_stock_level`, `track_inventory`, `allow_backorder`, `last_restocked_at`, `image_id`, `created_at`, `updated_at`, `deleted_at`) VALUES (1,4,'SKU-10122dw',19762928.00,19670071.00,66,0,0,1,0,NULL,NULL,'2025-10-18 07:29:39','2025-10-18 07:29:39',NULL),(2,4,'SKU-10611hn',46652119.00,46596516.00,48,0,0,1,0,NULL,NULL,'2025-10-18 07:29:39','2025-10-18 07:29:39',NULL),(3,4,'SKU-09875mm',25765206.00,25745415.00,85,0,0,1,0,NULL,NULL,'2025-10-18 07:29:39','2025-10-18 07:29:39',NULL),(4,5,'SKU-60841uq',46267240.00,46181352.00,90,0,0,1,0,NULL,NULL,'2025-10-18 07:29:39','2025-10-18 07:29:39',NULL),(5,5,'SKU-82084yq',37647190.00,37585359.00,71,0,0,1,0,NULL,NULL,'2025-10-18 07:29:39','2025-10-18 07:29:39',NULL),(6,7,'SKU-46651wy',7179373.00,7081049.00,21,0,0,1,0,NULL,NULL,'2025-10-18 07:29:39','2025-10-18 07:29:39',NULL),(7,7,'SKU-01821ww',23329685.00,23287189.00,75,0,0,1,0,NULL,NULL,'2025-10-18 07:29:39','2025-10-18 07:29:39',NULL),(8,7,'SKU-88720kv',10674315.00,10649852.00,50,0,0,1,0,NULL,NULL,'2025-10-18 07:29:39','2025-10-18 07:29:39',NULL),(9,7,'SKU-32489ez',28120103.00,28097493.00,57,0,0,1,0,NULL,NULL,'2025-10-18 07:29:39','2025-10-18 07:29:39',NULL),(10,7,'SKU-60634jr',38977393.00,38919883.00,85,0,0,1,0,NULL,NULL,'2025-10-18 07:29:39','2025-10-18 07:29:39',NULL),(11,7,'SKU-34908sn',19061101.00,19048228.00,23,0,0,1,0,NULL,NULL,'2025-10-18 07:29:39','2025-10-18 07:29:39',NULL),(12,7,'SKU-64859en',22915025.00,22860259.00,5,0,0,1,0,NULL,NULL,'2025-10-18 07:29:39','2025-10-18 07:29:39',NULL),(13,7,'SKU-15857vh',40586429.00,40543972.00,70,0,0,1,0,NULL,NULL,'2025-10-18 07:29:39','2025-10-18 07:29:39',NULL),(14,7,'SKU-53389vb',21687558.00,21646013.00,38,0,0,1,0,NULL,NULL,'2025-10-18 07:29:39','2025-10-18 07:29:39',NULL),(15,8,'SKU-26653yh',20540848.00,20518600.00,91,0,0,1,0,NULL,NULL,'2025-10-18 07:29:39','2025-10-18 07:29:39',NULL),(16,8,'SKU-30126iv',13663279.00,13587288.00,97,0,0,1,0,NULL,NULL,'2025-10-18 07:29:39','2025-10-18 07:29:39',NULL),(17,8,'SKU-27819ti',14974222.00,14898544.00,59,0,0,1,0,NULL,NULL,'2025-10-18 07:29:39','2025-10-18 07:29:39',NULL),(18,10,'SKU-56590er',34474078.00,34396646.00,2,0,0,1,0,NULL,NULL,'2025-10-18 07:29:39','2025-10-18 07:29:39',NULL),(19,12,'SKU-52333xg',46840329.00,46773135.00,31,0,0,1,0,NULL,NULL,'2025-10-18 07:29:39','2025-10-18 07:29:39',NULL),(20,12,'SKU-09951gy',30883714.00,30871168.00,100,0,0,1,0,NULL,NULL,'2025-10-18 07:29:39','2025-10-18 07:29:39',NULL),(21,13,'SKU-38198ul',25817049.00,25738693.00,70,0,0,1,0,NULL,NULL,'2025-10-18 07:29:39','2025-10-18 07:29:39',NULL),(22,14,'SKU-12643vq',27183120.00,27139917.00,29,0,0,1,0,NULL,NULL,'2025-10-18 07:29:39','2025-10-18 07:29:39',NULL),(23,14,'SKU-15930hp',14715473.00,14684661.00,1,0,0,1,0,NULL,NULL,'2025-10-18 07:29:39','2025-10-18 07:29:39',NULL),(24,14,'SKU-69847iq',20872533.00,20850008.00,77,0,0,1,0,NULL,NULL,'2025-10-18 07:29:39','2025-10-18 07:29:39',NULL),(25,15,'SKU-58911qo',46679600.00,46605431.00,85,0,0,1,0,NULL,NULL,'2025-10-18 07:29:39','2025-10-18 07:29:39',NULL),(26,15,'SKU-86670xq',27333843.00,27322236.00,88,0,0,1,0,NULL,NULL,'2025-10-18 07:29:39','2025-10-18 07:29:39',NULL),(27,16,'SKU-06816lz',26784779.00,26747520.00,44,0,0,1,0,NULL,NULL,'2025-10-18 07:29:39','2025-10-18 07:29:39',NULL),(28,16,'SKU-74511zr',21222938.00,21158770.00,82,0,0,1,0,NULL,NULL,'2025-10-18 07:29:39','2025-10-18 07:29:39',NULL),(29,16,'SKU-72548iz',20611623.00,20544926.00,83,0,0,1,0,NULL,NULL,'2025-10-18 07:29:39','2025-10-18 07:29:39',NULL),(30,17,'SKU-68665ry',15031105.00,15004176.00,27,0,0,1,0,NULL,NULL,'2025-10-18 07:29:39','2025-10-18 07:29:39',NULL),(31,17,'SKU-84670rw',33233643.00,33140053.00,9,0,0,1,0,NULL,NULL,'2025-10-18 07:29:39','2025-10-18 07:29:39',NULL),(32,20,'SKU-93154by',33769463.00,33709485.00,14,0,0,1,0,NULL,NULL,'2025-10-18 07:29:39','2025-10-18 07:29:39',NULL),(33,20,'SKU-27939st',49117990.00,49018146.00,21,0,0,1,0,NULL,NULL,'2025-10-18 07:29:39','2025-10-18 07:29:39',NULL),(34,21,'SKU-65799fw',48318731.00,48288552.00,93,0,0,1,0,NULL,NULL,'2025-10-18 07:29:39','2025-10-18 07:29:39',NULL),(35,24,'SKU-42574pf',11973204.00,11888609.00,82,0,0,1,0,NULL,NULL,'2025-10-18 07:29:39','2025-10-18 07:29:39',NULL),(36,24,'SKU-38927rw',25670812.00,25579518.00,96,0,0,1,0,NULL,NULL,'2025-10-18 07:29:39','2025-10-18 07:29:39',NULL),(37,24,'SKU-63103lt',16988470.00,16962791.00,1,0,0,1,0,NULL,NULL,'2025-10-18 07:29:39','2025-10-18 07:29:39',NULL),(38,25,'SKU-37977rt',24079198.00,24017836.00,52,0,0,1,0,NULL,NULL,'2025-10-18 07:29:39','2025-10-18 07:29:39',NULL),(39,25,'SKU-63393sf',6750405.00,6659192.00,70,0,0,1,0,NULL,NULL,'2025-10-18 07:29:39','2025-10-18 07:29:39',NULL),(40,26,'SKU-27921do',15447390.00,15428194.00,50,0,0,1,0,NULL,NULL,'2025-10-18 07:29:39','2025-10-18 07:29:39',NULL),(41,27,'SKU-11908mo',13530067.00,13446513.00,37,0,0,1,0,NULL,NULL,'2025-10-18 07:29:39','2025-10-18 07:29:39',NULL),(42,27,'SKU-65443pk',7468925.00,7415823.00,94,0,0,1,0,NULL,NULL,'2025-10-18 07:29:39','2025-10-18 07:29:39',NULL),(43,27,'SKU-83324vt',26722904.00,26679397.00,76,0,0,1,0,NULL,NULL,'2025-10-18 07:29:39','2025-10-18 07:29:39',NULL),(44,28,'SKU-05755kw',41527598.00,41466508.00,29,0,0,1,0,NULL,NULL,'2025-10-18 07:29:39','2025-10-18 07:29:39',NULL),(45,29,'SKU-81098kh',47098183.00,47028879.00,26,0,0,1,0,NULL,NULL,'2025-10-18 07:29:39','2025-10-18 07:29:39',NULL),(46,30,'SKU-42631tt',7095476.00,7048970.00,5,0,0,1,0,NULL,NULL,'2025-10-18 07:29:39','2025-10-18 07:29:39',NULL),(47,30,'SKU-87716et',3420649.00,3366321.00,24,0,0,1,0,NULL,NULL,'2025-10-18 07:29:39','2025-10-18 07:29:39',NULL),(48,31,'SKU-68756yg',15449571.00,15433616.00,98,0,0,1,0,NULL,NULL,'2025-10-18 07:29:39','2025-10-18 07:29:39',NULL),(49,31,'SKU-41393vl',27626317.00,27543570.00,3,0,0,1,0,NULL,NULL,'2025-10-18 07:29:39','2025-10-18 07:29:39',NULL),(50,31,'SKU-81292cs',30364703.00,30278067.00,98,0,0,1,0,NULL,NULL,'2025-10-18 07:29:39','2025-10-18 07:29:39',NULL),(51,32,'SKU-29310ei',20633837.00,20562933.00,31,0,0,1,0,NULL,NULL,'2025-10-18 07:29:39','2025-10-18 07:29:39',NULL),(52,32,'SKU-77030ty',19587846.00,19518937.00,42,0,0,1,0,NULL,NULL,'2025-10-18 07:29:39','2025-10-18 07:29:39',NULL),(53,33,'SKU-53833sp',33533530.00,33469029.00,93,0,0,1,0,NULL,NULL,'2025-10-18 07:29:39','2025-10-18 07:29:39',NULL),(54,34,'SKU-62170yf',28992157.00,28953916.00,88,0,0,1,0,NULL,NULL,'2025-10-18 07:29:39','2025-10-18 07:29:39',NULL),(55,34,'SKU-44917fw',14681273.00,14654058.00,42,0,0,1,0,NULL,NULL,'2025-10-18 07:29:39','2025-10-18 07:29:39',NULL),(56,34,'SKU-00456eh',732013.00,665548.00,22,0,0,1,0,NULL,NULL,'2025-10-18 07:29:39','2025-10-18 07:29:39',NULL),(57,37,'SKU-12149vt',49236962.00,49187171.00,82,0,0,1,0,NULL,NULL,'2025-10-18 07:29:39','2025-10-18 07:29:39',NULL),(58,37,'SKU-23495lx',12266507.00,12229310.00,9,0,0,1,0,NULL,NULL,'2025-10-18 07:29:39','2025-10-18 07:29:39',NULL),(59,38,'SKU-43253an',22788834.00,22718519.00,48,0,0,1,0,NULL,NULL,'2025-10-18 07:29:39','2025-10-18 07:29:39',NULL),(60,38,'SKU-10597ao',13895929.00,13814134.00,92,0,0,1,0,NULL,NULL,'2025-10-18 07:29:39','2025-10-18 07:29:39',NULL),(61,38,'SKU-71699mf',35024957.00,34996159.00,27,0,0,1,0,NULL,NULL,'2025-10-18 07:29:39','2025-10-18 07:29:39',NULL),(62,39,'SKU-18259sw',47177459.00,47094033.00,96,0,0,1,0,NULL,NULL,'2025-10-18 07:29:39','2025-10-18 07:29:39',NULL),(63,39,'SKU-25360bf',29780641.00,29739117.00,35,0,0,1,0,NULL,NULL,'2025-10-18 07:29:39','2025-10-18 07:29:39',NULL),(64,39,'SKU-50187dq',8401223.00,8329434.00,56,0,0,1,0,NULL,NULL,'2025-10-18 07:29:39','2025-10-18 07:29:39',NULL),(65,41,'SKU-88541gu',45393907.00,45382425.00,31,0,0,1,0,NULL,NULL,'2025-10-18 07:29:39','2025-10-18 07:29:39',NULL),(66,41,'SKU-43844qx',43440691.00,43404552.00,88,0,0,1,0,NULL,NULL,'2025-10-18 07:29:39','2025-10-18 07:29:39',NULL),(67,43,'SKU-21904vb',39614409.00,39569862.00,95,0,0,1,0,NULL,NULL,'2025-10-18 07:29:39','2025-10-18 07:29:39',NULL),(68,43,'SKU-65278zt',30814616.00,30801938.00,53,0,0,1,0,NULL,NULL,'2025-10-18 07:29:39','2025-10-18 07:29:39',NULL),(69,43,'SKU-17728ij',44326895.00,44235496.00,82,0,0,1,0,NULL,NULL,'2025-10-18 07:29:39','2025-10-18 07:29:39',NULL),(70,44,'SKU-96922bi',37036302.00,36963798.00,40,0,0,1,0,NULL,NULL,'2025-10-18 07:29:39','2025-10-18 07:29:39',NULL),(71,45,'SKU-53854de',4965833.00,4933995.00,40,0,0,1,0,NULL,NULL,'2025-10-18 07:29:39','2025-10-18 07:29:39',NULL),(72,45,'SKU-25536wl',21800520.00,21760618.00,94,0,0,1,0,NULL,NULL,'2025-10-18 07:29:39','2025-10-18 07:29:39',NULL),(73,47,'SKU-35975ee',40934516.00,40921826.00,25,0,0,1,0,NULL,NULL,'2025-10-18 07:29:39','2025-10-18 07:29:39',NULL),(74,48,'SKU-77364lx',19319597.00,19294050.00,66,0,0,1,0,NULL,NULL,'2025-10-18 07:29:39','2025-10-18 07:29:39',NULL),(75,48,'SKU-44859xf',33688334.00,33638841.00,81,0,0,1,0,NULL,NULL,'2025-10-18 07:29:39','2025-10-18 07:29:39',NULL),(76,48,'SKU-70472ae',21961216.00,21941648.00,38,0,0,1,0,NULL,NULL,'2025-10-18 07:29:39','2025-10-18 07:29:39',NULL),(77,49,'SKU-04582yv',18053244.00,17981657.00,39,0,0,1,0,NULL,NULL,'2025-10-18 07:29:39','2025-10-18 07:29:39',NULL),(78,50,'SKU-69335rx',22212399.00,22127998.00,54,0,0,1,0,NULL,NULL,'2025-10-18 07:29:39','2025-10-18 07:29:39',NULL),(79,52,'SKU-01272ph',27010252.00,26966490.00,35,0,0,1,0,NULL,NULL,'2025-10-18 07:29:39','2025-10-18 07:29:39',NULL),(80,54,'SKU-68244qq',22738555.00,22714446.00,30,0,0,1,0,NULL,NULL,'2025-10-18 07:29:39','2025-10-18 07:29:39',NULL),(81,54,'SKU-25900ie',28297819.00,28257763.00,25,0,0,1,0,NULL,NULL,'2025-10-18 07:29:39','2025-10-18 07:29:39',NULL),(82,56,'SKU-89783ts',36422773.00,36401057.00,3,0,0,1,0,NULL,NULL,'2025-10-18 07:29:39','2025-10-18 07:29:39',NULL),(83,56,'SKU-37441bo',5945458.00,5872054.00,16,0,0,1,0,NULL,NULL,'2025-10-18 07:29:39','2025-10-18 07:29:39',NULL),(84,57,'SKU-21316go',335723.00,249166.00,67,0,0,1,0,NULL,NULL,'2025-10-18 07:29:39','2025-10-18 07:29:39',NULL),(85,59,'SKU-38834zl',36338316.00,36238664.00,68,0,0,1,0,NULL,NULL,'2025-10-18 07:29:39','2025-10-18 07:29:39',NULL),(86,59,'SKU-28672nf',3999856.00,3964231.00,26,0,0,1,0,NULL,NULL,'2025-10-18 07:29:39','2025-10-18 07:29:39',NULL),(87,62,'SKU-94793xb',15607876.00,15596532.00,67,0,0,1,0,NULL,NULL,'2025-10-18 07:29:39','2025-10-18 07:29:39',NULL),(88,62,'SKU-79521ut',22553292.00,22501718.00,87,0,0,1,0,NULL,NULL,'2025-10-18 07:29:39','2025-10-18 07:29:39',NULL),(89,62,'SKU-20915nn',15137938.00,15112490.00,9,0,0,1,0,NULL,NULL,'2025-10-18 07:29:39','2025-10-18 07:29:39',NULL),(90,64,'SKU-59316jh',16826201.00,16770239.00,19,0,0,1,0,NULL,NULL,'2025-10-18 07:29:39','2025-10-18 07:29:39',NULL),(91,64,'SKU-99405da',17057705.00,16977017.00,56,0,0,1,0,NULL,NULL,'2025-10-18 07:29:39','2025-10-18 07:29:39',NULL),(92,64,'SKU-58341dl',29747526.00,29727930.00,44,0,0,1,0,NULL,NULL,'2025-10-18 07:29:39','2025-10-18 07:29:39',NULL),(93,65,'SKU-79137sx',45608507.00,45548178.00,41,0,0,1,0,NULL,NULL,'2025-10-18 07:29:39','2025-10-18 07:29:39',NULL),(94,65,'SKU-21606vs',29453725.00,29364612.00,68,0,0,1,0,NULL,NULL,'2025-10-18 07:29:39','2025-10-18 07:29:39',NULL),(95,65,'SKU-29138fx',15203970.00,15174211.00,64,0,0,1,0,NULL,NULL,'2025-10-18 07:29:39','2025-10-18 07:29:39',NULL),(96,67,'SKU-91061db',12005167.00,11976824.00,22,0,0,1,0,NULL,NULL,'2025-10-18 07:29:40','2025-10-18 07:29:40',NULL),(97,69,'SKU-38420fo',8004589.00,7923448.00,45,0,0,1,0,NULL,NULL,'2025-10-18 07:29:40','2025-10-18 07:29:40',NULL),(98,71,'SKU-45775kj',44468017.00,44455119.00,37,0,0,1,0,NULL,NULL,'2025-10-18 07:29:40','2025-10-18 07:29:40',NULL),(99,71,'SKU-07938uj',7249685.00,7150293.00,8,0,0,1,0,NULL,NULL,'2025-10-18 07:29:40','2025-10-18 07:29:40',NULL),(100,71,'SKU-67038ru',23836312.00,23778536.00,81,0,0,1,0,NULL,NULL,'2025-10-18 07:29:40','2025-10-18 07:29:40',NULL),(101,72,'SKU-10970rw',38501664.00,38453979.00,29,0,0,1,0,NULL,NULL,'2025-10-18 07:29:40','2025-10-18 07:29:40',NULL),(102,75,'SKU-42784uv',47324480.00,47229253.00,78,0,0,1,0,NULL,NULL,'2025-10-18 07:29:40','2025-10-18 07:29:40',NULL),(103,76,'SKU-23509uz',47499057.00,47427709.00,91,0,0,1,0,NULL,NULL,'2025-10-18 07:29:40','2025-10-18 07:29:40',NULL),(104,77,'SKU-10651zz',20476797.00,20453739.00,83,0,0,1,0,NULL,NULL,'2025-10-18 07:29:40','2025-10-18 07:29:40',NULL),(105,77,'SKU-36883kf',48772826.00,48743437.00,7,0,0,1,0,NULL,NULL,'2025-10-18 07:29:40','2025-10-18 07:29:40',NULL),(106,78,'SKU-10913hg',47713132.00,47631082.00,80,0,0,1,0,NULL,NULL,'2025-10-18 07:29:40','2025-10-18 07:29:40',NULL),(107,78,'SKU-70437ri',40340832.00,40295212.00,25,0,0,1,0,NULL,NULL,'2025-10-18 07:29:40','2025-10-18 07:29:40',NULL),(108,78,'SKU-56510gk',12091379.00,12066214.00,22,0,0,1,0,NULL,NULL,'2025-10-18 07:29:40','2025-10-18 07:29:40',NULL),(109,79,'SKU-56475no',46215862.00,46204629.00,97,0,0,1,0,NULL,NULL,'2025-10-18 07:29:40','2025-10-18 07:29:40',NULL),(110,79,'SKU-61377co',21207252.00,21115554.00,68,0,0,1,0,NULL,NULL,'2025-10-18 07:29:40','2025-10-18 07:29:40',NULL),(111,79,'SKU-40748wg',9478095.00,9428220.00,51,0,0,1,0,NULL,NULL,'2025-10-18 07:29:40','2025-10-18 07:29:40',NULL),(112,81,'SKU-10584pq',29049798.00,29031302.00,15,0,0,1,0,NULL,NULL,'2025-10-18 07:29:40','2025-10-18 07:29:40',NULL),(113,82,'SKU-02877so',14520648.00,14468524.00,76,0,0,1,0,NULL,NULL,'2025-10-18 07:29:40','2025-10-18 07:29:40',NULL),(114,82,'SKU-87990km',38278979.00,38197465.00,10,0,0,1,0,NULL,NULL,'2025-10-18 07:29:40','2025-10-18 07:29:40',NULL),(115,84,'SKU-54389hy',18741040.00,18687844.00,66,0,0,1,0,NULL,NULL,'2025-10-18 07:29:40','2025-10-18 07:29:40',NULL),(116,84,'SKU-64731xs',14106700.00,14017498.00,84,0,0,1,0,NULL,NULL,'2025-10-18 07:29:40','2025-10-18 07:29:40',NULL),(117,84,'SKU-76804mz',9407661.00,9392461.00,49,0,0,1,0,NULL,NULL,'2025-10-18 07:29:40','2025-10-18 07:29:40',NULL),(118,85,'SKU-01185zr',34436817.00,34403237.00,96,0,0,1,0,NULL,NULL,'2025-10-18 07:29:40','2025-10-18 07:29:40',NULL),(119,87,'SKU-70285ws',45220268.00,45209766.00,29,0,0,1,0,NULL,NULL,'2025-10-18 07:29:40','2025-10-18 07:29:40',NULL),(120,87,'SKU-27721qk',47272974.00,47233517.00,45,0,0,1,0,NULL,NULL,'2025-10-18 07:29:40','2025-10-18 07:29:40',NULL),(121,88,'SKU-51774js',8568739.00,8548247.00,32,0,0,1,0,NULL,NULL,'2025-10-18 07:29:40','2025-10-18 07:29:40',NULL),(122,89,'SKU-11327ao',3071556.00,3060671.00,27,0,0,1,0,NULL,NULL,'2025-10-18 07:29:40','2025-10-18 07:29:40',NULL),(123,89,'SKU-59619tg',23339367.00,23267263.00,89,0,0,1,0,NULL,NULL,'2025-10-18 07:29:40','2025-10-18 07:29:40',NULL),(124,89,'SKU-72343ui',6890514.00,6849015.00,37,0,0,1,0,NULL,NULL,'2025-10-18 07:29:40','2025-10-18 07:29:40',NULL),(125,92,'SKU-83956km',24983782.00,24930890.00,11,0,0,1,0,NULL,NULL,'2025-10-18 07:29:40','2025-10-18 07:29:40',NULL),(126,92,'SKU-54070wv',39618320.00,39529964.00,96,0,0,1,0,NULL,NULL,'2025-10-18 07:29:40','2025-10-18 07:29:40',NULL),(127,92,'SKU-53439va',6258303.00,6186733.00,66,0,0,1,0,NULL,NULL,'2025-10-18 07:29:40','2025-10-18 07:29:40',NULL),(128,93,'SKU-77245jd',11185478.00,11140293.00,74,0,0,1,0,NULL,NULL,'2025-10-18 07:29:40','2025-10-18 07:29:40',NULL),(129,94,'SKU-55404mp',2921875.00,2825121.00,99,0,0,1,0,NULL,NULL,'2025-10-18 07:29:40','2025-10-18 07:29:40',NULL),(130,94,'SKU-95704ih',23873852.00,23805418.00,45,0,0,1,0,NULL,NULL,'2025-10-18 07:29:40','2025-10-18 07:29:40',NULL),(131,94,'SKU-85312vk',27893541.00,27870710.00,53,0,0,1,0,NULL,NULL,'2025-10-18 07:29:40','2025-10-18 07:29:40',NULL),(132,95,'SKU-10809au',8639956.00,8550381.00,9,0,0,1,0,NULL,NULL,'2025-10-18 07:29:40','2025-10-18 07:29:40',NULL),(133,95,'SKU-83893qt',21168598.00,21077816.00,53,0,0,1,0,NULL,NULL,'2025-10-18 07:29:40','2025-10-18 07:29:40',NULL),(134,96,'SKU-03181pv',30055242.00,30040317.00,61,0,0,1,0,NULL,NULL,'2025-10-18 07:29:40','2025-10-18 07:29:40',NULL),(135,97,'SKU-44427bw',33470196.00,33412274.00,9,0,0,1,0,NULL,NULL,'2025-10-18 07:29:40','2025-10-18 07:29:40',NULL),(136,97,'SKU-70089qn',25367837.00,25277349.00,15,0,0,1,0,NULL,NULL,'2025-10-18 07:29:40','2025-10-18 07:29:40',NULL),(137,97,'SKU-67020qk',15059747.00,14972455.00,6,0,0,1,0,NULL,NULL,'2025-10-18 07:29:40','2025-10-18 07:29:40',NULL),(138,98,'SKU-57324zg',46636574.00,46608891.00,27,0,0,1,0,NULL,NULL,'2025-10-18 07:29:40','2025-10-18 07:29:40',NULL),(139,98,'SKU-34563tr',33521967.00,33494657.00,10,0,0,1,0,NULL,NULL,'2025-10-18 07:29:40','2025-10-18 07:29:40',NULL),(140,99,'SKU-17815ov',18887846.00,18855719.00,77,0,0,1,0,NULL,NULL,'2025-10-18 07:29:40','2025-10-18 07:29:40',NULL),(141,99,'SKU-87914fj',18043920.00,17947141.00,45,0,0,1,0,NULL,NULL,'2025-10-18 07:29:40','2025-10-18 07:29:40',NULL),(142,99,'SKU-28706ob',48463806.00,48371825.00,47,0,0,1,0,NULL,NULL,'2025-10-18 07:29:40','2025-10-18 07:29:40',NULL);
/*!40000 ALTER TABLE `product_variants` ENABLE KEYS */;
UNLOCK TABLES;

--
-- Table structure for table `product_views`
--

DROP TABLE IF EXISTS `product_views`;
/*!40101 SET @saved_cs_client     = @@character_set_client */;
/*!50503 SET character_set_client = utf8mb4 */;
CREATE TABLE `product_views` (
  `product_view_id` bigint(20) unsigned NOT NULL AUTO_INCREMENT,
  `user_id` bigint(20) unsigned NOT NULL,
  `product_id` bigint(20) unsigned NOT NULL,
  `view_count` int(11) NOT NULL DEFAULT 1,
  `last_viewed` timestamp NOT NULL DEFAULT current_timestamp() ON UPDATE current_timestamp(),
  PRIMARY KEY (`product_view_id`),
  UNIQUE KEY `product_views_user_id_product_id_unique` (`user_id`,`product_id`),
  KEY `product_views_product_id_foreign` (`product_id`),
  CONSTRAINT `product_views_product_id_foreign` FOREIGN KEY (`product_id`) REFERENCES `products` (`product_id`) ON DELETE CASCADE,
  CONSTRAINT `product_views_user_id_foreign` FOREIGN KEY (`user_id`) REFERENCES `users` (`id`) ON DELETE CASCADE
) ENGINE=InnoDB AUTO_INCREMENT=3424 DEFAULT CHARSET=utf8mb4 COLLATE=utf8mb4_unicode_ci;
/*!40101 SET character_set_client = @saved_cs_client */;

--
-- Dumping data for table `product_views`
--

LOCK TABLES `product_views` WRITE;
/*!40000 ALTER TABLE `product_views` DISABLE KEYS */;
INSERT INTO `product_views` VALUES (1,22,1,2,'2025-10-18 07:29:44'),(2,22,5,2,'2025-10-18 07:29:44'),(3,22,13,2,'2025-10-18 07:29:44'),(4,22,15,2,'2025-10-18 07:29:44'),(5,22,22,2,'2025-10-18 07:29:44'),(6,22,28,2,'2025-10-18 07:29:44'),(7,22,31,2,'2025-10-18 07:29:44'),(8,22,33,2,'2025-10-18 07:29:44'),(9,22,34,2,'2025-10-18 07:29:44'),(10,22,37,2,'2025-10-18 07:29:44'),(11,22,50,2,'2025-10-18 07:29:44'),(12,22,51,2,'2025-10-18 07:29:44'),(13,22,53,2,'2025-10-18 07:29:44'),(14,22,54,2,'2025-10-18 07:29:44'),(15,22,56,2,'2025-10-18 07:29:44'),(16,22,58,2,'2025-10-18 07:29:44'),(17,22,63,2,'2025-10-18 07:29:44'),(18,22,65,2,'2025-10-18 07:29:44'),(19,22,69,2,'2025-10-18 07:29:44'),(20,22,70,2,'2025-10-18 07:29:44'),(21,22,71,2,'2025-10-18 07:29:44'),(22,22,73,2,'2025-10-18 07:29:44'),(23,22,74,2,'2025-10-18 07:29:44'),(24,22,77,2,'2025-10-18 07:29:44'),(25,22,78,2,'2025-10-18 07:29:44'),(26,22,80,2,'2025-10-18 07:29:44'),(27,22,81,2,'2025-10-18 07:29:44'),(28,22,86,2,'2025-10-18 07:29:44'),(29,22,91,2,'2025-10-18 07:29:44'),(30,22,98,2,'2025-10-18 07:29:44'),(31,23,4,2,'2025-10-18 07:29:44'),(32,23,5,2,'2025-10-18 07:29:44'),(33,23,8,2,'2025-10-18 07:29:44'),(34,23,13,2,'2025-10-18 07:29:44'),(35,23,14,2,'2025-10-18 07:29:44'),(36,23,15,2,'2025-10-18 07:29:44'),(37,23,18,2,'2025-10-18 07:29:44'),(38,23,20,2,'2025-10-18 07:29:44'),(39,23,21,2,'2025-10-18 07:29:44'),(40,23,22,2,'2025-10-18 07:29:44'),(41,23,27,2,'2025-10-18 07:29:44'),(42,23,29,2,'2025-10-18 07:29:44'),(43,23,33,2,'2025-10-18 07:29:44'),(44,23,34,2,'2025-10-18 07:29:44'),(45,23,36,2,'2025-10-18 07:29:44'),(46,23,42,2,'2025-10-18 07:29:44'),(47,23,43,2,'2025-10-18 07:29:44'),(48,23,51,2,'2025-10-18 07:29:44'),(49,23,56,2,'2025-10-18 07:29:44'),(50,23,63,2,'2025-10-18 07:29:44'),(51,23,71,2,'2025-10-18 07:29:44'),(52,23,73,2,'2025-10-18 07:29:44'),(53,23,77,2,'2025-10-18 07:29:44'),(54,23,80,2,'2025-10-18 07:29:44'),(55,23,86,2,'2025-10-18 07:29:44'),(56,23,91,2,'2025-10-18 07:29:44'),(57,23,93,2,'2025-10-18 07:29:44'),(58,23,94,2,'2025-10-18 07:29:44'),(59,23,96,2,'2025-10-18 07:29:44'),(60,23,98,2,'2025-10-18 07:29:44'),(61,23,100,2,'2025-10-18 07:29:44'),(62,24,4,2,'2025-10-18 07:29:44'),(63,24,5,2,'2025-10-18 07:29:44'),(64,24,7,2,'2025-10-18 07:29:44'),(65,24,10,2,'2025-10-18 07:29:44'),(66,24,18,2,'2025-10-18 07:29:44'),(67,24,23,2,'2025-10-18 07:29:44'),(68,24,25,2,'2025-10-18 07:29:44'),(69,24,30,2,'2025-10-18 07:29:44'),(70,24,31,2,'2025-10-18 07:29:44'),(71,24,40,2,'2025-10-18 07:29:44'),(72,24,41,2,'2025-10-18 07:29:44'),(73,24,43,2,'2025-10-18 07:29:44'),(74,24,46,2,'2025-10-18 07:29:44'),(75,24,47,2,'2025-10-18 07:29:44'),(76,24,53,2,'2025-10-18 07:29:44'),(77,24,58,2,'2025-10-18 07:29:44'),(78,24,61,2,'2025-10-18 07:29:44'),(79,24,63,2,'2025-10-18 07:29:44'),(80,24,67,2,'2025-10-18 07:29:44'),(81,24,70,2,'2025-10-18 07:29:44'),(82,24,71,2,'2025-10-18 07:29:44'),(83,24,72,2,'2025-10-18 07:29:44'),(84,24,75,2,'2025-10-18 07:29:44'),(85,24,79,2,'2025-10-18 07:29:44'),(86,24,84,2,'2025-10-18 07:29:44'),(87,24,87,2,'2025-10-18 07:29:44'),(88,24,88,2,'2025-10-18 07:29:44'),(89,24,90,2,'2025-10-18 07:29:44'),(90,24,96,2,'2025-10-18 07:29:44'),(91,25,1,2,'2025-10-18 07:29:44'),(92,25,3,2,'2025-10-18 07:29:44'),(93,25,11,2,'2025-10-18 07:29:44'),(94,25,12,2,'2025-10-18 07:29:44'),(95,25,14,2,'2025-10-18 07:29:44'),(96,25,18,2,'2025-10-18 07:29:44'),(97,25,20,2,'2025-10-18 07:29:44'),(98,25,22,2,'2025-10-18 07:29:44'),(99,25,25,2,'2025-10-18 07:29:44'),(100,25,30,2,'2025-10-18 07:29:44'),(101,25,33,2,'2025-10-18 07:29:44'),(102,25,39,2,'2025-10-18 07:29:44'),(103,25,40,2,'2025-10-18 07:29:44'),(104,25,41,2,'2025-10-18 07:29:44'),(105,25,42,2,'2025-10-18 07:29:44'),(106,25,48,2,'2025-10-18 07:29:44'),(107,25,49,2,'2025-10-18 07:29:44'),(108,25,55,2,'2025-10-18 07:29:44'),(109,25,56,2,'2025-10-18 07:29:44'),(110,25,59,2,'2025-10-18 07:29:44'),(111,25,62,2,'2025-10-18 07:29:44'),(112,25,64,2,'2025-10-18 07:29:44'),(113,25,66,2,'2025-10-18 07:29:44'),(114,25,67,2,'2025-10-18 07:29:44'),(115,25,68,2,'2025-10-18 07:29:44'),(116,25,69,2,'2025-10-18 07:29:44'),(117,25,72,2,'2025-10-18 07:29:44'),(118,25,77,2,'2025-10-18 07:29:44'),(119,25,78,2,'2025-10-18 07:29:44'),(120,25,80,2,'2025-10-18 07:29:44'),(121,25,81,2,'2025-10-18 07:29:44'),(122,25,84,2,'2025-10-18 07:29:44'),(123,25,87,2,'2025-10-18 07:29:44'),(124,25,88,2,'2025-10-18 07:29:44'),(125,25,89,2,'2025-10-18 07:29:44'),(126,25,90,2,'2025-10-18 07:29:44'),(127,25,91,2,'2025-10-18 07:29:44'),(128,25,93,2,'2025-10-18 07:29:44'),(129,25,96,2,'2025-10-18 07:29:44'),(130,25,100,2,'2025-10-18 07:29:44'),(131,26,5,2,'2025-10-18 07:29:44'),(132,26,6,2,'2025-10-18 07:29:44'),(133,26,7,2,'2025-10-18 07:29:44'),(134,26,14,2,'2025-10-18 07:29:44'),(135,26,18,2,'2025-10-18 07:29:44'),(136,26,26,2,'2025-10-18 07:29:44'),(137,26,27,2,'2025-10-18 07:29:44'),(138,26,29,2,'2025-10-18 07:29:44'),(139,26,32,2,'2025-10-18 07:29:44'),(140,26,38,2,'2025-10-18 07:29:44'),(141,26,39,2,'2025-10-18 07:29:44'),(142,26,40,2,'2025-10-18 07:29:44'),(143,26,44,2,'2025-10-18 07:29:44'),(144,26,46,2,'2025-10-18 07:29:44'),(145,26,50,2,'2025-10-18 07:29:44'),(146,26,62,2,'2025-10-18 07:29:44'),(147,26,63,2,'2025-10-18 07:29:44'),(148,26,70,2,'2025-10-18 07:29:44'),(149,26,71,2,'2025-10-18 07:29:44'),(150,26,72,2,'2025-10-18 07:29:44'),(151,26,75,2,'2025-10-18 07:29:44'),(152,26,76,2,'2025-10-18 07:29:44'),(153,26,83,2,'2025-10-18 07:29:44'),(154,26,84,2,'2025-10-18 07:29:44'),(155,26,89,2,'2025-10-18 07:29:44'),(156,26,90,2,'2025-10-18 07:29:44'),(157,26,91,2,'2025-10-18 07:29:44'),(158,26,92,2,'2025-10-18 07:29:44'),(159,26,98,2,'2025-10-18 07:29:44'),(160,27,3,2,'2025-10-18 07:29:44'),(161,27,5,2,'2025-10-18 07:29:44'),(162,27,6,2,'2025-10-18 07:29:44'),(163,27,8,2,'2025-10-18 07:29:44'),(164,27,12,2,'2025-10-18 07:29:44'),(165,27,15,2,'2025-10-18 07:29:44'),(166,27,16,2,'2025-10-18 07:29:44'),(167,27,18,2,'2025-10-18 07:29:44'),(168,27,22,2,'2025-10-18 07:29:44'),(169,27,27,2,'2025-10-18 07:29:44'),(170,27,28,2,'2025-10-18 07:29:44'),(171,27,29,2,'2025-10-18 07:29:44'),(172,27,32,2,'2025-10-18 07:29:44'),(173,27,33,2,'2025-10-18 07:29:44'),(174,27,36,2,'2025-10-18 07:29:44'),(175,27,39,2,'2025-10-18 07:29:44'),(176,27,40,2,'2025-10-18 07:29:44'),(177,27,43,2,'2025-10-18 07:29:44'),(178,27,44,2,'2025-10-18 07:29:44'),(179,27,50,2,'2025-10-18 07:29:44'),(180,27,53,2,'2025-10-18 07:29:44'),(181,27,57,2,'2025-10-18 07:29:44'),(182,27,58,2,'2025-10-18 07:29:44'),(183,27,60,2,'2025-10-18 07:29:44'),(184,27,63,2,'2025-10-18 07:29:44'),(185,27,64,2,'2025-10-18 07:29:44'),(186,27,67,2,'2025-10-18 07:29:44'),(187,27,68,2,'2025-10-18 07:29:44'),(188,27,73,2,'2025-10-18 07:29:44'),(189,27,74,2,'2025-10-18 07:29:44'),(190,27,78,2,'2025-10-18 07:29:44'),(191,27,79,2,'2025-10-18 07:29:44'),(192,27,81,2,'2025-10-18 07:29:44'),(193,27,82,2,'2025-10-18 07:29:44'),(194,27,87,2,'2025-10-18 07:29:44'),(195,27,95,2,'2025-10-18 07:29:44'),(196,27,97,2,'2025-10-18 07:29:44'),(197,28,1,2,'2025-10-18 07:29:44'),(198,28,4,2,'2025-10-18 07:29:44'),(199,28,6,2,'2025-10-18 07:29:44'),(200,28,9,2,'2025-10-18 07:29:44'),(201,28,16,2,'2025-10-18 07:29:44'),(202,28,22,2,'2025-10-18 07:29:44'),(203,28,23,2,'2025-10-18 07:29:44'),(204,28,25,2,'2025-10-18 07:29:44'),(205,28,27,2,'2025-10-18 07:29:44'),(206,28,32,2,'2025-10-18 07:29:44'),(207,28,35,2,'2025-10-18 07:29:44'),(208,28,37,2,'2025-10-18 07:29:44'),(209,28,38,2,'2025-10-18 07:29:44'),(210,28,39,2,'2025-10-18 07:29:44'),(211,28,40,2,'2025-10-18 07:29:44'),(212,28,42,2,'2025-10-18 07:29:44'),(213,28,44,2,'2025-10-18 07:29:44'),(214,28,45,2,'2025-10-18 07:29:44'),(215,28,46,2,'2025-10-18 07:29:44'),(216,28,48,2,'2025-10-18 07:29:44'),(217,28,49,2,'2025-10-18 07:29:44'),(218,28,51,2,'2025-10-18 07:29:44'),(219,28,55,2,'2025-10-18 07:29:44'),(220,28,57,2,'2025-10-18 07:29:44'),(221,28,58,2,'2025-10-18 07:29:44'),(222,28,59,2,'2025-10-18 07:29:44'),(223,28,63,2,'2025-10-18 07:29:44'),(224,28,64,2,'2025-10-18 07:29:44'),(225,28,65,2,'2025-10-18 07:29:44'),(226,28,70,2,'2025-10-18 07:29:44'),(227,28,73,2,'2025-10-18 07:29:44'),(228,28,74,2,'2025-10-18 07:29:44'),(229,28,78,2,'2025-10-18 07:29:44'),(230,28,84,2,'2025-10-18 07:29:44'),(231,28,91,2,'2025-10-18 07:29:44'),(232,28,92,2,'2025-10-18 07:29:44'),(233,28,97,2,'2025-10-18 07:29:44'),(234,28,98,2,'2025-10-18 07:29:44'),(235,28,99,2,'2025-10-18 07:29:44'),(236,28,100,2,'2025-10-18 07:29:44'),(237,29,1,2,'2025-10-18 07:29:45'),(238,29,3,2,'2025-10-18 07:29:45'),(239,29,5,2,'2025-10-18 07:29:45'),(240,29,6,2,'2025-10-18 07:29:45'),(241,29,7,2,'2025-10-18 07:29:45'),(242,29,9,2,'2025-10-18 07:29:45'),(243,29,11,2,'2025-10-18 07:29:45'),(244,29,13,2,'2025-10-18 07:29:45'),(245,29,14,2,'2025-10-18 07:29:45'),(246,29,15,2,'2025-10-18 07:29:45'),(247,29,16,2,'2025-10-18 07:29:45'),(248,29,17,2,'2025-10-18 07:29:45'),(249,29,20,2,'2025-10-18 07:29:45'),(250,29,21,2,'2025-10-18 07:29:45'),(251,29,29,2,'2025-10-18 07:29:45'),(252,29,34,2,'2025-10-18 07:29:45'),(253,29,39,2,'2025-10-18 07:29:45'),(254,29,41,2,'2025-10-18 07:29:45'),(255,29,42,2,'2025-10-18 07:29:45'),(256,29,45,2,'2025-10-18 07:29:45'),(257,29,49,2,'2025-10-18 07:29:45'),(258,29,50,2,'2025-10-18 07:29:45'),(259,29,53,2,'2025-10-18 07:29:45'),(260,29,55,2,'2025-10-18 07:29:45'),(261,29,59,2,'2025-10-18 07:29:45'),(262,29,63,2,'2025-10-18 07:29:45'),(263,29,64,2,'2025-10-18 07:29:45'),(264,29,67,2,'2025-10-18 07:29:45'),(265,29,70,2,'2025-10-18 07:29:45'),(266,29,73,2,'2025-10-18 07:29:45'),(267,29,74,2,'2025-10-18 07:29:45'),(268,29,78,2,'2025-10-18 07:29:45'),(269,29,79,2,'2025-10-18 07:29:45'),(270,29,80,2,'2025-10-18 07:29:45'),(271,29,81,2,'2025-10-18 07:29:45'),(272,29,82,2,'2025-10-18 07:29:45'),(273,29,84,2,'2025-10-18 07:29:45'),(274,29,87,2,'2025-10-18 07:29:45'),(275,29,89,2,'2025-10-18 07:29:45'),(276,29,92,2,'2025-10-18 07:29:45'),(277,29,97,2,'2025-10-18 07:29:45'),(278,30,10,2,'2025-10-18 07:29:45'),(279,30,15,2,'2025-10-18 07:29:45'),(280,30,18,2,'2025-10-18 07:29:45'),(281,30,26,2,'2025-10-18 07:29:45'),(282,30,36,2,'2025-10-18 07:29:45'),(283,30,39,2,'2025-10-18 07:29:45'),(284,30,40,2,'2025-10-18 07:29:45'),(285,30,41,2,'2025-10-18 07:29:45'),(286,30,47,2,'2025-10-18 07:29:45'),(287,30,50,2,'2025-10-18 07:29:45'),(288,30,52,2,'2025-10-18 07:29:45'),(289,30,54,2,'2025-10-18 07:29:45'),(290,30,60,2,'2025-10-18 07:29:45'),(291,30,62,2,'2025-10-18 07:29:45'),(292,30,63,2,'2025-10-18 07:29:45'),(293,30,64,2,'2025-10-18 07:29:45'),(294,30,72,2,'2025-10-18 07:29:45'),(295,30,73,2,'2025-10-18 07:29:45'),(296,30,75,2,'2025-10-18 07:29:45'),(297,30,77,2,'2025-10-18 07:29:45'),(298,30,79,2,'2025-10-18 07:29:45'),(299,30,80,2,'2025-10-18 07:29:45'),(300,30,81,2,'2025-10-18 07:29:45'),(301,30,86,2,'2025-10-18 07:29:45'),(302,30,90,2,'2025-10-18 07:29:45'),(303,30,93,2,'2025-10-18 07:29:45'),(304,30,95,2,'2025-10-18 07:29:45'),(305,30,96,2,'2025-10-18 07:29:45'),(306,31,1,2,'2025-10-18 07:29:45'),(307,31,3,2,'2025-10-18 07:29:45'),(308,31,4,2,'2025-10-18 07:29:45'),(309,31,8,2,'2025-10-18 07:29:45'),(310,31,9,2,'2025-10-18 07:29:45'),(311,31,10,2,'2025-10-18 07:29:45'),(312,31,12,2,'2025-10-18 07:29:45'),(313,31,15,2,'2025-10-18 07:29:45'),(314,31,17,2,'2025-10-18 07:29:45'),(315,31,18,2,'2025-10-18 07:29:45'),(316,31,26,2,'2025-10-18 07:29:45'),(317,31,30,2,'2025-10-18 07:29:45'),(318,31,38,2,'2025-10-18 07:29:45'),(319,31,42,2,'2025-10-18 07:29:45'),(320,31,49,2,'2025-10-18 07:29:45'),(321,31,50,2,'2025-10-18 07:29:45'),(322,31,52,2,'2025-10-18 07:29:45'),(323,31,53,2,'2025-10-18 07:29:45'),(324,31,57,2,'2025-10-18 07:29:45'),(325,31,63,2,'2025-10-18 07:29:45'),(326,31,67,2,'2025-10-18 07:29:45'),(327,31,78,2,'2025-10-18 07:29:45'),(328,31,82,2,'2025-10-18 07:29:45'),(329,31,85,2,'2025-10-18 07:29:45'),(330,31,94,2,'2025-10-18 07:29:45'),(331,32,6,2,'2025-10-18 07:29:45'),(332,32,9,2,'2025-10-18 07:29:45'),(333,32,13,2,'2025-10-18 07:29:45'),(334,32,14,2,'2025-10-18 07:29:45'),(335,32,15,2,'2025-10-18 07:29:45'),(336,32,17,2,'2025-10-18 07:29:45'),(337,32,18,2,'2025-10-18 07:29:45'),(338,32,22,2,'2025-10-18 07:29:45'),(339,32,27,2,'2025-10-18 07:29:45'),(340,32,29,2,'2025-10-18 07:29:45'),(341,32,31,2,'2025-10-18 07:29:45'),(342,32,32,2,'2025-10-18 07:29:45'),(343,32,34,2,'2025-10-18 07:29:45'),(344,32,38,2,'2025-10-18 07:29:45'),(345,32,39,2,'2025-10-18 07:29:45'),(346,32,41,2,'2025-10-18 07:29:45'),(347,32,44,2,'2025-10-18 07:29:45'),(348,32,45,2,'2025-10-18 07:29:45'),(349,32,58,2,'2025-10-18 07:29:45'),(350,32,59,2,'2025-10-18 07:29:45'),(351,32,64,2,'2025-10-18 07:29:45'),(352,32,65,2,'2025-10-18 07:29:45'),(353,32,68,2,'2025-10-18 07:29:45'),(354,32,71,2,'2025-10-18 07:29:45'),(355,32,76,2,'2025-10-18 07:29:45'),(356,32,77,2,'2025-10-18 07:29:45'),(357,32,79,2,'2025-10-18 07:29:45'),(358,32,80,2,'2025-10-18 07:29:45'),(359,32,81,2,'2025-10-18 07:29:45'),(360,32,82,2,'2025-10-18 07:29:45'),(361,32,85,2,'2025-10-18 07:29:45'),(362,32,88,2,'2025-10-18 07:29:45'),(363,32,91,2,'2025-10-18 07:29:45'),(364,32,94,2,'2025-10-18 07:29:45'),(365,32,95,2,'2025-10-18 07:29:45'),(366,33,7,2,'2025-10-18 07:29:45'),(367,33,8,2,'2025-10-18 07:29:45'),(368,33,9,2,'2025-10-18 07:29:45'),(369,33,10,2,'2025-10-18 07:29:45'),(370,33,11,2,'2025-10-18 07:29:45'),(371,33,12,2,'2025-10-18 07:29:45'),(372,33,20,2,'2025-10-18 07:29:45'),(373,33,23,2,'2025-10-18 07:29:45'),(374,33,30,2,'2025-10-18 07:29:45'),(375,33,38,2,'2025-10-18 07:29:45'),(376,33,40,2,'2025-10-18 07:29:45'),(377,33,41,2,'2025-10-18 07:29:45'),(378,33,47,2,'2025-10-18 07:29:45'),(379,33,50,2,'2025-10-18 07:29:45'),(380,33,52,2,'2025-10-18 07:29:45'),(381,33,55,2,'2025-10-18 07:29:45'),(382,33,57,2,'2025-10-18 07:29:45'),(383,33,61,2,'2025-10-18 07:29:45'),(384,33,64,2,'2025-10-18 07:29:45'),(385,33,66,2,'2025-10-18 07:29:45'),(386,33,73,2,'2025-10-18 07:29:45'),(387,33,77,2,'2025-10-18 07:29:45'),(388,33,80,2,'2025-10-18 07:29:45'),(389,34,2,2,'2025-10-18 07:29:45'),(390,34,8,2,'2025-10-18 07:29:45'),(391,34,9,2,'2025-10-18 07:29:45'),(392,34,29,2,'2025-10-18 07:29:45'),(393,34,39,2,'2025-10-18 07:29:45'),(394,34,44,2,'2025-10-18 07:29:45'),(395,34,45,2,'2025-10-18 07:29:45'),(396,34,47,2,'2025-10-18 07:29:45'),(397,34,48,2,'2025-10-18 07:29:45'),(398,34,52,2,'2025-10-18 07:29:45'),(399,34,58,2,'2025-10-18 07:29:45'),(400,34,61,2,'2025-10-18 07:29:45'),(401,34,62,2,'2025-10-18 07:29:45'),(402,34,65,2,'2025-10-18 07:29:45'),(403,34,69,2,'2025-10-18 07:29:45'),(404,34,72,2,'2025-10-18 07:29:45'),(405,34,77,2,'2025-10-18 07:29:45'),(406,34,79,2,'2025-10-18 07:29:45'),(407,34,80,2,'2025-10-18 07:29:45'),(408,34,82,2,'2025-10-18 07:29:45'),(409,34,84,2,'2025-10-18 07:29:45'),(410,34,92,2,'2025-10-18 07:29:45'),(411,34,94,2,'2025-10-18 07:29:45'),(412,34,98,2,'2025-10-18 07:29:45'),(413,35,5,2,'2025-10-18 07:29:45'),(414,35,7,2,'2025-10-18 07:29:45'),(415,35,8,2,'2025-10-18 07:29:45'),(416,35,10,2,'2025-10-18 07:29:45'),(417,35,12,2,'2025-10-18 07:29:45'),(418,35,13,2,'2025-10-18 07:29:45'),(419,35,17,2,'2025-10-18 07:29:45'),(420,35,19,2,'2025-10-18 07:29:45'),(421,35,20,2,'2025-10-18 07:29:45'),(422,35,22,2,'2025-10-18 07:29:45'),(423,35,23,2,'2025-10-18 07:29:45'),(424,35,25,2,'2025-10-18 07:29:45'),(425,35,29,2,'2025-10-18 07:29:45'),(426,35,37,2,'2025-10-18 07:29:45'),(427,35,38,2,'2025-10-18 07:29:45'),(428,35,39,2,'2025-10-18 07:29:45'),(429,35,44,2,'2025-10-18 07:29:45'),(430,35,45,2,'2025-10-18 07:29:45'),(431,35,48,2,'2025-10-18 07:29:45'),(432,35,49,2,'2025-10-18 07:29:45'),(433,35,51,2,'2025-10-18 07:29:45'),(434,35,53,2,'2025-10-18 07:29:45'),(435,35,56,2,'2025-10-18 07:29:45'),(436,35,64,2,'2025-10-18 07:29:45'),(437,35,65,2,'2025-10-18 07:29:45'),(438,35,66,2,'2025-10-18 07:29:45'),(439,35,67,2,'2025-10-18 07:29:45'),(440,35,75,2,'2025-10-18 07:29:45'),(441,35,78,2,'2025-10-18 07:29:45'),(442,35,80,2,'2025-10-18 07:29:45'),(443,35,85,2,'2025-10-18 07:29:45'),(444,35,89,2,'2025-10-18 07:29:45'),(445,35,93,2,'2025-10-18 07:29:45'),(446,35,95,2,'2025-10-18 07:29:45'),(447,35,96,2,'2025-10-18 07:29:45'),(448,36,1,2,'2025-10-18 07:29:45'),(449,36,12,2,'2025-10-18 07:29:45'),(450,36,14,2,'2025-10-18 07:29:45'),(451,36,15,2,'2025-10-18 07:29:45'),(452,36,19,2,'2025-10-18 07:29:45'),(453,36,20,2,'2025-10-18 07:29:45'),(454,36,21,2,'2025-10-18 07:29:45'),(455,36,25,2,'2025-10-18 07:29:45'),(456,36,28,2,'2025-10-18 07:29:45'),(457,36,31,2,'2025-10-18 07:29:45'),(458,36,32,2,'2025-10-18 07:29:45'),(459,36,33,2,'2025-10-18 07:29:45'),(460,36,36,2,'2025-10-18 07:29:45'),(461,36,37,2,'2025-10-18 07:29:45'),(462,36,40,2,'2025-10-18 07:29:45'),(463,36,41,2,'2025-10-18 07:29:45'),(464,36,42,2,'2025-10-18 07:29:45'),(465,36,46,2,'2025-10-18 07:29:45'),(466,36,56,2,'2025-10-18 07:29:45'),(467,36,57,2,'2025-10-18 07:29:45'),(468,36,60,2,'2025-10-18 07:29:45'),(469,36,61,2,'2025-10-18 07:29:45'),(470,36,62,2,'2025-10-18 07:29:45'),(471,36,63,2,'2025-10-18 07:29:45'),(472,36,65,2,'2025-10-18 07:29:45'),(473,36,70,2,'2025-10-18 07:29:45'),(474,36,71,2,'2025-10-18 07:29:45'),(475,36,73,2,'2025-10-18 07:29:45'),(476,36,74,2,'2025-10-18 07:29:45'),(477,36,77,2,'2025-10-18 07:29:45'),(478,36,79,2,'2025-10-18 07:29:45'),(479,36,83,2,'2025-10-18 07:29:45'),(480,36,86,2,'2025-10-18 07:29:45'),(481,36,87,2,'2025-10-18 07:29:45'),(482,36,89,2,'2025-10-18 07:29:45'),(483,36,93,2,'2025-10-18 07:29:45'),(484,36,94,2,'2025-10-18 07:29:45'),(485,36,95,2,'2025-10-18 07:29:45'),(486,36,96,2,'2025-10-18 07:29:45'),(487,36,99,2,'2025-10-18 07:29:45'),(488,37,3,2,'2025-10-18 07:29:45'),(489,37,8,2,'2025-10-18 07:29:45'),(490,37,11,2,'2025-10-18 07:29:45'),(491,37,12,2,'2025-10-18 07:29:45'),(492,37,16,2,'2025-10-18 07:29:45'),(493,37,17,2,'2025-10-18 07:29:45'),(494,37,18,2,'2025-10-18 07:29:45'),(495,37,21,2,'2025-10-18 07:29:45'),(496,37,26,2,'2025-10-18 07:29:45'),(497,37,38,2,'2025-10-18 07:29:45'),(498,37,43,2,'2025-10-18 07:29:45'),(499,37,47,2,'2025-10-18 07:29:45'),(500,37,49,2,'2025-10-18 07:29:45'),(501,37,56,2,'2025-10-18 07:29:45'),(502,37,59,2,'2025-10-18 07:29:45'),(503,37,61,2,'2025-10-18 07:29:45'),(504,37,63,2,'2025-10-18 07:29:45'),(505,37,69,2,'2025-10-18 07:29:45'),(506,37,71,2,'2025-10-18 07:29:45'),(507,37,73,2,'2025-10-18 07:29:45'),(508,37,74,2,'2025-10-18 07:29:45'),(509,37,75,2,'2025-10-18 07:29:45'),(510,37,76,2,'2025-10-18 07:29:45'),(511,37,82,2,'2025-10-18 07:29:45'),(512,37,89,2,'2025-10-18 07:29:45'),(513,37,90,2,'2025-10-18 07:29:45'),(514,37,94,2,'2025-10-18 07:29:45'),(515,37,95,2,'2025-10-18 07:29:45'),(516,37,99,2,'2025-10-18 07:29:45'),(517,38,2,2,'2025-10-18 07:29:45'),(518,38,6,2,'2025-10-18 07:29:45'),(519,38,7,2,'2025-10-18 07:29:45'),(520,38,10,2,'2025-10-18 07:29:45'),(521,38,11,2,'2025-10-18 07:29:45'),(522,38,13,2,'2025-10-18 07:29:45'),(523,38,17,2,'2025-10-18 07:29:45'),(524,38,28,2,'2025-10-18 07:29:45'),(525,38,32,2,'2025-10-18 07:29:45'),(526,38,37,2,'2025-10-18 07:29:45'),(527,38,39,2,'2025-10-18 07:29:45'),(528,38,43,2,'2025-10-18 07:29:45'),(529,38,52,2,'2025-10-18 07:29:45'),(530,38,60,2,'2025-10-18 07:29:45'),(531,38,67,2,'2025-10-18 07:29:45'),(532,38,70,2,'2025-10-18 07:29:45'),(533,38,72,2,'2025-10-18 07:29:45'),(534,38,74,2,'2025-10-18 07:29:45'),(535,38,84,2,'2025-10-18 07:29:45'),(536,38,92,2,'2025-10-18 07:29:45'),(537,38,96,2,'2025-10-18 07:29:45'),(538,38,97,2,'2025-10-18 07:29:45'),(539,39,3,2,'2025-10-18 07:29:45'),(540,39,4,2,'2025-10-18 07:29:45'),(541,39,5,2,'2025-10-18 07:29:45'),(542,39,14,2,'2025-10-18 07:29:45'),(543,39,16,2,'2025-10-18 07:29:45'),(544,39,20,2,'2025-10-18 07:29:45'),(545,39,22,2,'2025-10-18 07:29:45'),(546,39,23,2,'2025-10-18 07:29:45'),(547,39,24,2,'2025-10-18 07:29:45'),(548,39,26,2,'2025-10-18 07:29:45'),(549,39,27,2,'2025-10-18 07:29:45'),(550,39,28,2,'2025-10-18 07:29:45'),(551,39,30,2,'2025-10-18 07:29:45'),(552,39,31,2,'2025-10-18 07:29:45'),(553,39,32,2,'2025-10-18 07:29:45'),(554,39,35,2,'2025-10-18 07:29:45'),(555,39,36,2,'2025-10-18 07:29:45'),(556,39,37,2,'2025-10-18 07:29:45'),(557,39,38,2,'2025-10-18 07:29:45'),(558,39,40,2,'2025-10-18 07:29:45'),(559,39,44,2,'2025-10-18 07:29:45'),(560,39,45,2,'2025-10-18 07:29:46'),(561,39,46,2,'2025-10-18 07:29:46'),(562,39,49,2,'2025-10-18 07:29:46'),(563,39,51,2,'2025-10-18 07:29:46'),(564,39,53,2,'2025-10-18 07:29:46'),(565,39,54,2,'2025-10-18 07:29:46'),(566,39,57,2,'2025-10-18 07:29:46'),(567,39,58,2,'2025-10-18 07:29:46'),(568,39,59,2,'2025-10-18 07:29:46'),(569,39,60,2,'2025-10-18 07:29:46'),(570,39,62,2,'2025-10-18 07:29:46'),(571,39,65,2,'2025-10-18 07:29:46'),(572,39,66,2,'2025-10-18 07:29:46'),(573,39,76,2,'2025-10-18 07:29:46'),(574,39,79,2,'2025-10-18 07:29:46'),(575,39,80,2,'2025-10-18 07:29:46'),(576,39,83,2,'2025-10-18 07:29:46'),(577,39,84,2,'2025-10-18 07:29:46'),(578,39,85,2,'2025-10-18 07:29:46'),(579,39,87,2,'2025-10-18 07:29:46'),(580,39,95,2,'2025-10-18 07:29:46'),(581,39,98,2,'2025-10-18 07:29:46'),(582,39,100,2,'2025-10-18 07:29:46'),(583,40,3,2,'2025-10-18 07:29:46'),(584,40,4,2,'2025-10-18 07:29:46'),(585,40,12,2,'2025-10-18 07:29:46'),(586,40,18,2,'2025-10-18 07:29:46'),(587,40,20,2,'2025-10-18 07:29:46'),(588,40,23,2,'2025-10-18 07:29:46'),(589,40,25,2,'2025-10-18 07:29:46'),(590,40,30,2,'2025-10-18 07:29:46'),(591,40,32,2,'2025-10-18 07:29:46'),(592,40,37,2,'2025-10-18 07:29:46'),(593,40,39,2,'2025-10-18 07:29:46'),(594,40,40,2,'2025-10-18 07:29:46'),(595,40,41,2,'2025-10-18 07:29:46'),(596,40,49,2,'2025-10-18 07:29:46'),(597,40,54,2,'2025-10-18 07:29:46'),(598,40,55,2,'2025-10-18 07:29:46'),(599,40,57,2,'2025-10-18 07:29:46'),(600,40,58,2,'2025-10-18 07:29:46'),(601,40,60,2,'2025-10-18 07:29:46'),(602,40,61,2,'2025-10-18 07:29:46'),(603,40,78,2,'2025-10-18 07:29:46'),(604,40,80,2,'2025-10-18 07:29:46'),(605,40,90,2,'2025-10-18 07:29:46'),(606,40,95,2,'2025-10-18 07:29:46'),(607,40,97,2,'2025-10-18 07:29:46'),(608,41,3,2,'2025-10-18 07:29:46'),(609,41,6,2,'2025-10-18 07:29:46'),(610,41,9,2,'2025-10-18 07:29:46'),(611,41,11,2,'2025-10-18 07:29:46'),(612,41,15,2,'2025-10-18 07:29:46'),(613,41,21,2,'2025-10-18 07:29:46'),(614,41,27,2,'2025-10-18 07:29:46'),(615,41,30,2,'2025-10-18 07:29:46'),(616,41,31,2,'2025-10-18 07:29:46'),(617,41,39,2,'2025-10-18 07:29:46'),(618,41,41,2,'2025-10-18 07:29:46'),(619,41,47,2,'2025-10-18 07:29:46'),(620,41,50,2,'2025-10-18 07:29:46'),(621,41,65,2,'2025-10-18 07:29:46'),(622,41,70,2,'2025-10-18 07:29:46'),(623,41,73,2,'2025-10-18 07:29:46'),(624,41,74,2,'2025-10-18 07:29:46'),(625,41,75,2,'2025-10-18 07:29:46'),(626,41,78,2,'2025-10-18 07:29:46'),(627,41,79,2,'2025-10-18 07:29:46'),(628,41,83,2,'2025-10-18 07:29:46'),(629,41,88,2,'2025-10-18 07:29:46'),(630,41,91,2,'2025-10-18 07:29:46'),(631,41,100,2,'2025-10-18 07:29:46'),(632,42,2,2,'2025-10-18 07:29:46'),(633,42,9,2,'2025-10-18 07:29:46'),(634,42,13,2,'2025-10-18 07:29:46'),(635,42,15,2,'2025-10-18 07:29:46'),(636,42,18,2,'2025-10-18 07:29:46'),(637,42,23,2,'2025-10-18 07:29:46'),(638,42,25,2,'2025-10-18 07:29:46'),(639,42,31,2,'2025-10-18 07:29:46'),(640,42,33,2,'2025-10-18 07:29:46'),(641,42,34,2,'2025-10-18 07:29:46'),(642,42,38,2,'2025-10-18 07:29:46'),(643,42,43,2,'2025-10-18 07:29:46'),(644,42,45,2,'2025-10-18 07:29:46'),(645,42,46,2,'2025-10-18 07:29:46'),(646,42,47,2,'2025-10-18 07:29:46'),(647,42,50,2,'2025-10-18 07:29:46'),(648,42,56,2,'2025-10-18 07:29:46'),(649,42,60,2,'2025-10-18 07:29:46'),(650,42,62,2,'2025-10-18 07:29:46'),(651,42,68,2,'2025-10-18 07:29:46'),(652,42,69,2,'2025-10-18 07:29:46'),(653,42,70,2,'2025-10-18 07:29:46'),(654,42,72,2,'2025-10-18 07:29:46'),(655,42,74,2,'2025-10-18 07:29:46'),(656,42,78,2,'2025-10-18 07:29:46'),(657,42,82,2,'2025-10-18 07:29:46'),(658,42,85,2,'2025-10-18 07:29:46'),(659,42,87,2,'2025-10-18 07:29:46'),(660,42,88,2,'2025-10-18 07:29:46'),(661,42,90,2,'2025-10-18 07:29:46'),(662,42,93,2,'2025-10-18 07:29:46'),(663,42,95,2,'2025-10-18 07:29:46'),(664,42,96,2,'2025-10-18 07:29:46'),(665,42,97,2,'2025-10-18 07:29:46'),(666,43,2,2,'2025-10-18 07:29:46'),(667,43,3,2,'2025-10-18 07:29:46'),(668,43,5,2,'2025-10-18 07:29:46'),(669,43,8,2,'2025-10-18 07:29:46'),(670,43,13,2,'2025-10-18 07:29:46'),(671,43,16,2,'2025-10-18 07:29:46'),(672,43,17,2,'2025-10-18 07:29:46'),(673,43,23,2,'2025-10-18 07:29:46'),(674,43,24,2,'2025-10-18 07:29:46'),(675,43,26,2,'2025-10-18 07:29:46'),(676,43,28,2,'2025-10-18 07:29:46'),(677,43,29,2,'2025-10-18 07:29:46'),(678,43,32,2,'2025-10-18 07:29:46'),(679,43,34,2,'2025-10-18 07:29:46'),(680,43,40,2,'2025-10-18 07:29:46'),(681,43,42,2,'2025-10-18 07:29:46'),(682,43,53,2,'2025-10-18 07:29:46'),(683,43,54,2,'2025-10-18 07:29:46'),(684,43,58,2,'2025-10-18 07:29:46'),(685,43,62,2,'2025-10-18 07:29:46'),(686,43,65,2,'2025-10-18 07:29:46'),(687,43,72,2,'2025-10-18 07:29:46'),(688,43,73,2,'2025-10-18 07:29:46'),(689,43,76,2,'2025-10-18 07:29:46'),(690,43,78,2,'2025-10-18 07:29:46'),(691,43,88,2,'2025-10-18 07:29:46'),(692,43,89,2,'2025-10-18 07:29:46'),(693,43,90,2,'2025-10-18 07:29:46'),(694,43,92,2,'2025-10-18 07:29:46'),(695,43,94,2,'2025-10-18 07:29:46'),(696,43,97,2,'2025-10-18 07:29:46'),(697,44,3,2,'2025-10-18 07:29:46'),(698,44,4,2,'2025-10-18 07:29:46'),(699,44,8,2,'2025-10-18 07:29:46'),(700,44,13,2,'2025-10-18 07:29:46'),(701,44,20,2,'2025-10-18 07:29:46'),(702,44,21,2,'2025-10-18 07:29:46'),(703,44,25,2,'2025-10-18 07:29:46'),(704,44,26,2,'2025-10-18 07:29:46'),(705,44,32,2,'2025-10-18 07:29:46'),(706,44,34,2,'2025-10-18 07:29:46'),(707,44,35,2,'2025-10-18 07:29:46'),(708,44,49,2,'2025-10-18 07:29:46'),(709,44,50,2,'2025-10-18 07:29:46'),(710,44,51,2,'2025-10-18 07:29:46'),(711,44,52,2,'2025-10-18 07:29:46'),(712,44,53,2,'2025-10-18 07:29:46'),(713,44,55,2,'2025-10-18 07:29:46'),(714,44,58,2,'2025-10-18 07:29:46'),(715,44,60,2,'2025-10-18 07:29:46'),(716,44,61,2,'2025-10-18 07:29:46'),(717,44,63,2,'2025-10-18 07:29:46'),(718,44,65,2,'2025-10-18 07:29:46'),(719,44,67,2,'2025-10-18 07:29:46'),(720,44,69,2,'2025-10-18 07:29:46'),(721,44,71,2,'2025-10-18 07:29:46'),(722,44,73,2,'2025-10-18 07:29:46'),(723,44,75,2,'2025-10-18 07:29:46'),(724,44,76,2,'2025-10-18 07:29:46'),(725,44,80,2,'2025-10-18 07:29:46'),(726,44,84,2,'2025-10-18 07:29:46'),(727,44,86,2,'2025-10-18 07:29:46'),(728,44,91,2,'2025-10-18 07:29:46'),(729,44,92,2,'2025-10-18 07:29:46'),(730,44,93,2,'2025-10-18 07:29:46'),(731,44,95,2,'2025-10-18 07:29:46'),(732,44,98,2,'2025-10-18 07:29:46'),(733,44,99,2,'2025-10-18 07:29:46'),(734,45,1,2,'2025-10-18 07:29:46'),(735,45,3,2,'2025-10-18 07:29:46'),(736,45,4,2,'2025-10-18 07:29:46'),(737,45,9,2,'2025-10-18 07:29:46'),(738,45,10,2,'2025-10-18 07:29:46'),(739,45,11,2,'2025-10-18 07:29:46'),(740,45,22,2,'2025-10-18 07:29:46'),(741,45,24,2,'2025-10-18 07:29:46'),(742,45,27,2,'2025-10-18 07:29:46'),(743,45,30,2,'2025-10-18 07:29:46'),(744,45,33,2,'2025-10-18 07:29:46'),(745,45,38,2,'2025-10-18 07:29:46'),(746,45,39,2,'2025-10-18 07:29:46'),(747,45,44,2,'2025-10-18 07:29:46'),(748,45,45,2,'2025-10-18 07:29:46'),(749,45,46,2,'2025-10-18 07:29:46'),(750,45,47,2,'2025-10-18 07:29:46'),(751,45,49,2,'2025-10-18 07:29:46'),(752,45,50,2,'2025-10-18 07:29:46'),(753,45,51,2,'2025-10-18 07:29:46'),(754,45,52,2,'2025-10-18 07:29:46'),(755,45,53,2,'2025-10-18 07:29:46'),(756,45,55,2,'2025-10-18 07:29:46'),(757,45,60,2,'2025-10-18 07:29:46'),(758,45,61,2,'2025-10-18 07:29:46'),(759,45,62,2,'2025-10-18 07:29:46'),(760,45,63,2,'2025-10-18 07:29:46'),(761,45,64,2,'2025-10-18 07:29:46'),(762,45,65,2,'2025-10-18 07:29:46'),(763,45,66,2,'2025-10-18 07:29:46'),(764,45,67,2,'2025-10-18 07:29:46'),(765,45,70,2,'2025-10-18 07:29:46'),(766,45,72,2,'2025-10-18 07:29:46'),(767,45,73,2,'2025-10-18 07:29:46'),(768,45,77,2,'2025-10-18 07:29:46'),(769,45,78,2,'2025-10-18 07:29:46'),(770,45,79,2,'2025-10-18 07:29:46'),(771,45,81,2,'2025-10-18 07:29:46'),(772,45,83,2,'2025-10-18 07:29:46'),(773,45,84,2,'2025-10-18 07:29:46'),(774,45,88,2,'2025-10-18 07:29:46'),(775,45,90,2,'2025-10-18 07:29:46'),(776,45,94,2,'2025-10-18 07:29:46'),(777,45,95,2,'2025-10-18 07:29:46'),(778,46,2,2,'2025-10-18 07:29:46'),(779,46,4,2,'2025-10-18 07:29:46'),(780,46,5,2,'2025-10-18 07:29:46'),(781,46,6,2,'2025-10-18 07:29:46'),(782,46,7,2,'2025-10-18 07:29:46'),(783,46,8,2,'2025-10-18 07:29:46'),(784,46,14,2,'2025-10-18 07:29:46'),(785,46,17,2,'2025-10-18 07:29:46'),(786,46,18,2,'2025-10-18 07:29:46'),(787,46,20,2,'2025-10-18 07:29:46'),(788,46,22,2,'2025-10-18 07:29:46'),(789,46,30,2,'2025-10-18 07:29:46'),(790,46,37,2,'2025-10-18 07:29:46'),(791,46,39,2,'2025-10-18 07:29:46'),(792,46,44,2,'2025-10-18 07:29:46'),(793,46,52,2,'2025-10-18 07:29:46'),(794,46,53,2,'2025-10-18 07:29:46'),(795,46,57,2,'2025-10-18 07:29:46'),(796,46,58,2,'2025-10-18 07:29:46'),(797,46,60,2,'2025-10-18 07:29:46'),(798,46,62,2,'2025-10-18 07:29:46'),(799,46,65,2,'2025-10-18 07:29:46'),(800,46,67,2,'2025-10-18 07:29:46'),(801,46,68,2,'2025-10-18 07:29:46'),(802,46,69,2,'2025-10-18 07:29:46'),(803,46,70,2,'2025-10-18 07:29:46'),(804,46,72,2,'2025-10-18 07:29:46'),(805,46,77,2,'2025-10-18 07:29:46'),(806,46,81,2,'2025-10-18 07:29:46'),(807,46,82,2,'2025-10-18 07:29:46'),(808,46,83,2,'2025-10-18 07:29:46'),(809,46,85,2,'2025-10-18 07:29:46'),(810,46,89,2,'2025-10-18 07:29:46'),(811,46,91,2,'2025-10-18 07:29:46'),(812,46,92,2,'2025-10-18 07:29:46'),(813,46,94,2,'2025-10-18 07:29:46'),(814,46,97,2,'2025-10-18 07:29:46'),(815,46,98,2,'2025-10-18 07:29:46'),(816,46,99,2,'2025-10-18 07:29:46'),(817,46,100,2,'2025-10-18 07:29:46'),(818,47,2,2,'2025-10-18 07:29:46'),(819,47,6,2,'2025-10-18 07:29:46'),(820,47,7,2,'2025-10-18 07:29:46'),(821,47,9,2,'2025-10-18 07:29:46'),(822,47,11,2,'2025-10-18 07:29:46'),(823,47,12,2,'2025-10-18 07:29:46'),(824,47,13,2,'2025-10-18 07:29:46'),(825,47,14,2,'2025-10-18 07:29:46'),(826,47,15,2,'2025-10-18 07:29:46'),(827,47,19,2,'2025-10-18 07:29:46'),(828,47,22,2,'2025-10-18 07:29:46'),(829,47,29,2,'2025-10-18 07:29:46'),(830,47,33,2,'2025-10-18 07:29:46'),(831,47,34,2,'2025-10-18 07:29:46'),(832,47,36,2,'2025-10-18 07:29:46'),(833,47,38,2,'2025-10-18 07:29:46'),(834,47,39,2,'2025-10-18 07:29:46'),(835,47,41,2,'2025-10-18 07:29:46'),(836,47,43,2,'2025-10-18 07:29:46'),(837,47,45,2,'2025-10-18 07:29:46'),(838,47,46,2,'2025-10-18 07:29:46'),(839,47,48,2,'2025-10-18 07:29:46'),(840,47,49,2,'2025-10-18 07:29:46'),(841,47,53,2,'2025-10-18 07:29:46'),(842,47,54,2,'2025-10-18 07:29:46'),(843,47,55,2,'2025-10-18 07:29:46'),(844,47,58,2,'2025-10-18 07:29:46'),(845,47,59,2,'2025-10-18 07:29:46'),(846,47,60,2,'2025-10-18 07:29:46'),(847,47,62,2,'2025-10-18 07:29:46'),(848,47,63,2,'2025-10-18 07:29:46'),(849,47,64,2,'2025-10-18 07:29:46'),(850,47,69,2,'2025-10-18 07:29:46'),(851,47,74,2,'2025-10-18 07:29:46'),(852,47,75,2,'2025-10-18 07:29:46'),(853,47,76,2,'2025-10-18 07:29:46'),(854,47,78,2,'2025-10-18 07:29:46'),(855,47,79,2,'2025-10-18 07:29:46'),(856,47,80,2,'2025-10-18 07:29:46'),(857,47,81,2,'2025-10-18 07:29:46'),(858,47,83,2,'2025-10-18 07:29:46'),(859,47,90,2,'2025-10-18 07:29:46'),(860,47,92,2,'2025-10-18 07:29:46'),(861,47,94,2,'2025-10-18 07:29:46'),(862,47,97,2,'2025-10-18 07:29:46'),(863,47,100,2,'2025-10-18 07:29:46'),(864,48,4,2,'2025-10-18 07:29:46'),(865,48,6,2,'2025-10-18 07:29:46'),(866,48,12,2,'2025-10-18 07:29:46'),(867,48,18,2,'2025-10-18 07:29:46'),(868,48,20,2,'2025-10-18 07:29:46'),(869,48,23,2,'2025-10-18 07:29:46'),(870,48,24,2,'2025-10-18 07:29:46'),(871,48,25,2,'2025-10-18 07:29:46'),(872,48,29,2,'2025-10-18 07:29:46'),(873,48,30,2,'2025-10-18 07:29:46'),(874,48,34,2,'2025-10-18 07:29:46'),(875,48,35,2,'2025-10-18 07:29:46'),(876,48,36,2,'2025-10-18 07:29:46'),(877,48,39,2,'2025-10-18 07:29:46'),(878,48,40,2,'2025-10-18 07:29:46'),(879,48,41,2,'2025-10-18 07:29:46'),(880,48,42,2,'2025-10-18 07:29:46'),(881,48,48,2,'2025-10-18 07:29:46'),(882,48,54,2,'2025-10-18 07:29:46'),(883,48,55,2,'2025-10-18 07:29:46'),(884,48,59,2,'2025-10-18 07:29:46'),(885,48,60,2,'2025-10-18 07:29:46'),(886,48,61,2,'2025-10-18 07:29:46'),(887,48,62,2,'2025-10-18 07:29:46'),(888,48,63,2,'2025-10-18 07:29:46'),(889,48,64,2,'2025-10-18 07:29:46'),(890,48,66,2,'2025-10-18 07:29:46'),(891,48,67,2,'2025-10-18 07:29:46'),(892,48,68,2,'2025-10-18 07:29:46'),(893,48,70,2,'2025-10-18 07:29:46'),(894,48,74,2,'2025-10-18 07:29:46'),(895,48,77,2,'2025-10-18 07:29:46'),(896,48,78,2,'2025-10-18 07:29:46'),(897,48,79,2,'2025-10-18 07:29:46'),(898,48,81,2,'2025-10-18 07:29:46'),(899,48,83,2,'2025-10-18 07:29:46'),(900,48,85,2,'2025-10-18 07:29:46'),(901,48,88,2,'2025-10-18 07:29:46'),(902,48,89,2,'2025-10-18 07:29:46'),(903,48,93,2,'2025-10-18 07:29:46'),(904,49,5,2,'2025-10-18 07:29:46'),(905,49,7,2,'2025-10-18 07:29:46'),(906,49,8,2,'2025-10-18 07:29:46'),(907,49,10,2,'2025-10-18 07:29:46'),(908,49,12,2,'2025-10-18 07:29:46'),(909,49,13,2,'2025-10-18 07:29:46'),(910,49,14,2,'2025-10-18 07:29:46'),(911,49,15,2,'2025-10-18 07:29:46'),(912,49,17,2,'2025-10-18 07:29:46'),(913,49,23,2,'2025-10-18 07:29:46'),(914,49,25,2,'2025-10-18 07:29:46'),(915,49,26,2,'2025-10-18 07:29:46'),(916,49,28,2,'2025-10-18 07:29:46'),(917,49,31,2,'2025-10-18 07:29:46'),(918,49,32,2,'2025-10-18 07:29:46'),(919,49,33,2,'2025-10-18 07:29:46'),(920,49,35,2,'2025-10-18 07:29:46'),(921,49,36,2,'2025-10-18 07:29:46'),(922,49,38,2,'2025-10-18 07:29:46'),(923,49,40,2,'2025-10-18 07:29:46'),(924,49,42,2,'2025-10-18 07:29:46'),(925,49,49,2,'2025-10-18 07:29:46'),(926,49,50,2,'2025-10-18 07:29:46'),(927,49,52,2,'2025-10-18 07:29:46'),(928,49,54,2,'2025-10-18 07:29:46'),(929,49,60,2,'2025-10-18 07:29:46'),(930,49,61,2,'2025-10-18 07:29:46'),(931,49,64,2,'2025-10-18 07:29:46'),(932,49,65,2,'2025-10-18 07:29:46'),(933,49,66,2,'2025-10-18 07:29:47'),(934,49,67,2,'2025-10-18 07:29:47'),(935,49,76,2,'2025-10-18 07:29:47'),(936,49,77,2,'2025-10-18 07:29:47'),(937,49,78,2,'2025-10-18 07:29:47'),(938,49,80,2,'2025-10-18 07:29:47'),(939,49,81,2,'2025-10-18 07:29:47'),(940,49,82,2,'2025-10-18 07:29:47'),(941,49,83,2,'2025-10-18 07:29:47'),(942,49,86,2,'2025-10-18 07:29:47'),(943,49,91,2,'2025-10-18 07:29:47'),(944,49,92,2,'2025-10-18 07:29:47'),(945,49,93,2,'2025-10-18 07:29:47'),(946,49,94,2,'2025-10-18 07:29:47'),(947,49,97,2,'2025-10-18 07:29:47'),(948,49,98,2,'2025-10-18 07:29:47'),(949,50,3,2,'2025-10-18 07:29:47'),(950,50,8,2,'2025-10-18 07:29:47'),(951,50,9,2,'2025-10-18 07:29:47'),(952,50,11,2,'2025-10-18 07:29:47'),(953,50,17,2,'2025-10-18 07:29:47'),(954,50,20,2,'2025-10-18 07:29:47'),(955,50,22,2,'2025-10-18 07:29:47'),(956,50,29,2,'2025-10-18 07:29:47'),(957,50,33,2,'2025-10-18 07:29:47'),(958,50,34,2,'2025-10-18 07:29:47'),(959,50,36,2,'2025-10-18 07:29:47'),(960,50,38,2,'2025-10-18 07:29:47'),(961,50,43,2,'2025-10-18 07:29:47'),(962,50,50,2,'2025-10-18 07:29:47'),(963,50,51,2,'2025-10-18 07:29:47'),(964,50,62,2,'2025-10-18 07:29:47'),(965,50,63,2,'2025-10-18 07:29:47'),(966,50,69,2,'2025-10-18 07:29:47'),(967,50,73,2,'2025-10-18 07:29:47'),(968,50,77,2,'2025-10-18 07:29:47'),(969,50,81,2,'2025-10-18 07:29:47'),(970,50,82,2,'2025-10-18 07:29:47'),(971,50,83,2,'2025-10-18 07:29:47'),(972,50,85,2,'2025-10-18 07:29:47'),(973,50,89,2,'2025-10-18 07:29:47'),(974,50,90,2,'2025-10-18 07:29:47'),(975,50,91,2,'2025-10-18 07:29:47'),(976,50,92,2,'2025-10-18 07:29:47'),(977,50,93,2,'2025-10-18 07:29:47'),(978,50,97,2,'2025-10-18 07:29:47'),(979,50,99,2,'2025-10-18 07:29:47'),(980,51,2,2,'2025-10-18 07:29:47'),(981,51,4,2,'2025-10-18 07:29:47'),(982,51,5,2,'2025-10-18 07:29:47'),(983,51,12,2,'2025-10-18 07:29:47'),(984,51,13,2,'2025-10-18 07:29:47'),(985,51,15,2,'2025-10-18 07:29:47'),(986,51,17,2,'2025-10-18 07:29:47'),(987,51,18,2,'2025-10-18 07:29:47'),(988,51,22,2,'2025-10-18 07:29:47'),(989,51,29,2,'2025-10-18 07:29:47'),(990,51,32,2,'2025-10-18 07:29:47'),(991,51,36,2,'2025-10-18 07:29:47'),(992,51,37,2,'2025-10-18 07:29:47'),(993,51,40,2,'2025-10-18 07:29:47'),(994,51,41,2,'2025-10-18 07:29:47'),(995,51,42,2,'2025-10-18 07:29:47'),(996,51,45,2,'2025-10-18 07:29:47'),(997,51,46,2,'2025-10-18 07:29:47'),(998,51,50,2,'2025-10-18 07:29:47'),(999,51,54,2,'2025-10-18 07:29:47'),(1000,51,56,2,'2025-10-18 07:29:47'),(1001,51,57,2,'2025-10-18 07:29:47'),(1002,51,60,2,'2025-10-18 07:29:47'),(1003,51,62,2,'2025-10-18 07:29:47'),(1004,51,63,2,'2025-10-18 07:29:47'),(1005,51,65,2,'2025-10-18 07:29:47'),(1006,51,67,2,'2025-10-18 07:29:47'),(1007,51,71,2,'2025-10-18 07:29:47'),(1008,51,72,2,'2025-10-18 07:29:47'),(1009,51,74,2,'2025-10-18 07:29:47'),(1010,51,78,2,'2025-10-18 07:29:47'),(1011,51,83,2,'2025-10-18 07:29:47'),(1012,51,86,2,'2025-10-18 07:29:47'),(1013,51,87,2,'2025-10-18 07:29:47'),(1014,51,89,2,'2025-10-18 07:29:47'),(1015,51,94,2,'2025-10-18 07:29:47'),(1016,51,95,2,'2025-10-18 07:29:47'),(1017,51,97,2,'2025-10-18 07:29:47'),(1018,51,98,2,'2025-10-18 07:29:47'),(1019,51,99,2,'2025-10-18 07:29:47'),(1020,52,4,2,'2025-10-18 07:29:47'),(1021,52,5,2,'2025-10-18 07:29:47'),(1022,52,9,2,'2025-10-18 07:29:47'),(1023,52,14,2,'2025-10-18 07:29:47'),(1024,52,18,2,'2025-10-18 07:29:47'),(1025,52,19,2,'2025-10-18 07:29:47'),(1026,52,20,2,'2025-10-18 07:29:47'),(1027,52,21,2,'2025-10-18 07:29:47'),(1028,52,23,2,'2025-10-18 07:29:47'),(1029,52,26,2,'2025-10-18 07:29:47'),(1030,52,27,2,'2025-10-18 07:29:47'),(1031,52,29,2,'2025-10-18 07:29:47'),(1032,52,33,2,'2025-10-18 07:29:47'),(1033,52,34,2,'2025-10-18 07:29:47'),(1034,52,36,2,'2025-10-18 07:29:47'),(1035,52,37,2,'2025-10-18 07:29:47'),(1036,52,40,2,'2025-10-18 07:29:47'),(1037,52,41,2,'2025-10-18 07:29:47'),(1038,52,48,2,'2025-10-18 07:29:47'),(1039,52,49,2,'2025-10-18 07:29:47'),(1040,52,50,2,'2025-10-18 07:29:47'),(1041,52,52,2,'2025-10-18 07:29:47'),(1042,52,53,2,'2025-10-18 07:29:47'),(1043,52,54,2,'2025-10-18 07:29:47'),(1044,52,55,2,'2025-10-18 07:29:47'),(1045,52,58,2,'2025-10-18 07:29:47'),(1046,52,59,2,'2025-10-18 07:29:47'),(1047,52,60,2,'2025-10-18 07:29:47'),(1048,52,61,2,'2025-10-18 07:29:47'),(1049,52,65,2,'2025-10-18 07:29:47'),(1050,52,67,2,'2025-10-18 07:29:47'),(1051,52,69,2,'2025-10-18 07:29:47'),(1052,52,75,2,'2025-10-18 07:29:47'),(1053,52,76,2,'2025-10-18 07:29:47'),(1054,52,77,2,'2025-10-18 07:29:47'),(1055,52,80,2,'2025-10-18 07:29:47'),(1056,52,82,2,'2025-10-18 07:29:47'),(1057,52,83,2,'2025-10-18 07:29:47'),(1058,52,84,2,'2025-10-18 07:29:47'),(1059,52,86,2,'2025-10-18 07:29:47'),(1060,52,87,2,'2025-10-18 07:29:47'),(1061,52,88,2,'2025-10-18 07:29:47'),(1062,52,91,2,'2025-10-18 07:29:47'),(1063,52,93,2,'2025-10-18 07:29:47'),(1064,52,94,2,'2025-10-18 07:29:47'),(1065,52,95,2,'2025-10-18 07:29:47'),(1066,52,96,2,'2025-10-18 07:29:47'),(1067,52,97,2,'2025-10-18 07:29:47'),(1068,52,98,2,'2025-10-18 07:29:47'),(1069,52,99,2,'2025-10-18 07:29:47'),(1070,53,4,2,'2025-10-18 07:29:47'),(1071,53,12,2,'2025-10-18 07:29:47'),(1072,53,13,2,'2025-10-18 07:29:47'),(1073,53,27,2,'2025-10-18 07:29:47'),(1074,53,28,2,'2025-10-18 07:29:47'),(1075,53,33,2,'2025-10-18 07:29:47'),(1076,53,47,2,'2025-10-18 07:29:47'),(1077,53,58,2,'2025-10-18 07:29:47'),(1078,53,61,2,'2025-10-18 07:29:47'),(1079,53,62,2,'2025-10-18 07:29:47'),(1080,53,69,2,'2025-10-18 07:29:47'),(1081,53,70,2,'2025-10-18 07:29:47'),(1082,53,76,2,'2025-10-18 07:29:47'),(1083,53,78,2,'2025-10-18 07:29:47'),(1084,53,82,2,'2025-10-18 07:29:47'),(1085,53,85,2,'2025-10-18 07:29:47'),(1086,53,92,2,'2025-10-18 07:29:47'),(1087,53,95,2,'2025-10-18 07:29:47'),(1088,53,96,2,'2025-10-18 07:29:47'),(1089,53,99,2,'2025-10-18 07:29:47'),(1090,54,8,2,'2025-10-18 07:29:47'),(1091,54,9,2,'2025-10-18 07:29:47'),(1092,54,11,2,'2025-10-18 07:29:47'),(1093,54,12,2,'2025-10-18 07:29:47'),(1094,54,14,2,'2025-10-18 07:29:47'),(1095,54,16,2,'2025-10-18 07:29:47'),(1096,54,17,2,'2025-10-18 07:29:47'),(1097,54,19,2,'2025-10-18 07:29:47'),(1098,54,25,2,'2025-10-18 07:29:47'),(1099,54,28,2,'2025-10-18 07:29:47'),(1100,54,32,2,'2025-10-18 07:29:47'),(1101,54,33,2,'2025-10-18 07:29:47'),(1102,54,34,2,'2025-10-18 07:29:47'),(1103,54,37,2,'2025-10-18 07:29:47'),(1104,54,40,2,'2025-10-18 07:29:47'),(1105,54,41,2,'2025-10-18 07:29:47'),(1106,54,44,2,'2025-10-18 07:29:47'),(1107,54,45,2,'2025-10-18 07:29:47'),(1108,54,46,2,'2025-10-18 07:29:47'),(1109,54,47,2,'2025-10-18 07:29:47'),(1110,54,49,2,'2025-10-18 07:29:47'),(1111,54,51,2,'2025-10-18 07:29:47'),(1112,54,52,2,'2025-10-18 07:29:47'),(1113,54,53,2,'2025-10-18 07:29:47'),(1114,54,54,2,'2025-10-18 07:29:47'),(1115,54,56,2,'2025-10-18 07:29:47'),(1116,54,57,2,'2025-10-18 07:29:47'),(1117,54,58,2,'2025-10-18 07:29:47'),(1118,54,60,2,'2025-10-18 07:29:47'),(1119,54,62,2,'2025-10-18 07:29:47'),(1120,54,65,2,'2025-10-18 07:29:47'),(1121,54,68,2,'2025-10-18 07:29:47'),(1122,54,69,2,'2025-10-18 07:29:47'),(1123,54,73,2,'2025-10-18 07:29:47'),(1124,54,74,2,'2025-10-18 07:29:47'),(1125,54,77,2,'2025-10-18 07:29:47'),(1126,54,80,2,'2025-10-18 07:29:47'),(1127,54,81,2,'2025-10-18 07:29:47'),(1128,54,85,2,'2025-10-18 07:29:47'),(1129,54,86,2,'2025-10-18 07:29:47'),(1130,54,87,2,'2025-10-18 07:29:47'),(1131,54,88,2,'2025-10-18 07:29:47'),(1132,54,89,2,'2025-10-18 07:29:47'),(1133,54,90,2,'2025-10-18 07:29:47'),(1134,54,93,2,'2025-10-18 07:29:47'),(1135,54,94,2,'2025-10-18 07:29:47'),(1136,54,95,2,'2025-10-18 07:29:47'),(1137,54,96,2,'2025-10-18 07:29:47'),(1138,54,97,2,'2025-10-18 07:29:47'),(1139,54,98,2,'2025-10-18 07:29:47'),(1140,55,4,2,'2025-10-18 07:29:47'),(1141,55,6,2,'2025-10-18 07:29:47'),(1142,55,10,2,'2025-10-18 07:29:47'),(1143,55,15,2,'2025-10-18 07:29:47'),(1144,55,17,2,'2025-10-18 07:29:47'),(1145,55,18,2,'2025-10-18 07:29:47'),(1146,55,20,2,'2025-10-18 07:29:47'),(1147,55,21,2,'2025-10-18 07:29:47'),(1148,55,24,2,'2025-10-18 07:29:47'),(1149,55,28,2,'2025-10-18 07:29:47'),(1150,55,34,2,'2025-10-18 07:29:47'),(1151,55,35,2,'2025-10-18 07:29:47'),(1152,55,37,2,'2025-10-18 07:29:47'),(1153,55,43,2,'2025-10-18 07:29:47'),(1154,55,47,2,'2025-10-18 07:29:47'),(1155,55,48,2,'2025-10-18 07:29:47'),(1156,55,50,2,'2025-10-18 07:29:47'),(1157,55,51,2,'2025-10-18 07:29:47'),(1158,55,53,2,'2025-10-18 07:29:47'),(1159,55,57,2,'2025-10-18 07:29:47'),(1160,55,58,2,'2025-10-18 07:29:47'),(1161,55,59,2,'2025-10-18 07:29:47'),(1162,55,61,2,'2025-10-18 07:29:47'),(1163,55,62,2,'2025-10-18 07:29:47'),(1164,55,63,2,'2025-10-18 07:29:47'),(1165,55,64,2,'2025-10-18 07:29:47'),(1166,55,68,2,'2025-10-18 07:29:47'),(1167,55,70,2,'2025-10-18 07:29:47'),(1168,55,72,2,'2025-10-18 07:29:47'),(1169,55,73,2,'2025-10-18 07:29:47'),(1170,55,76,2,'2025-10-18 07:29:47'),(1171,55,77,2,'2025-10-18 07:29:47'),(1172,55,83,2,'2025-10-18 07:29:47'),(1173,55,85,2,'2025-10-18 07:29:47'),(1174,55,89,2,'2025-10-18 07:29:47'),(1175,55,90,2,'2025-10-18 07:29:47'),(1176,55,94,2,'2025-10-18 07:29:47'),(1177,55,100,2,'2025-10-18 07:29:47'),(1178,56,1,2,'2025-10-18 07:29:47'),(1179,56,10,2,'2025-10-18 07:29:47'),(1180,56,12,2,'2025-10-18 07:29:47'),(1181,56,14,2,'2025-10-18 07:29:47'),(1182,56,16,2,'2025-10-18 07:29:47'),(1183,56,18,2,'2025-10-18 07:29:47'),(1184,56,19,2,'2025-10-18 07:29:47'),(1185,56,20,2,'2025-10-18 07:29:47'),(1186,56,22,2,'2025-10-18 07:29:47'),(1187,56,25,2,'2025-10-18 07:29:47'),(1188,56,39,2,'2025-10-18 07:29:47'),(1189,56,40,2,'2025-10-18 07:29:47'),(1190,56,41,2,'2025-10-18 07:29:47'),(1191,56,44,2,'2025-10-18 07:29:47'),(1192,56,47,2,'2025-10-18 07:29:47'),(1193,56,52,2,'2025-10-18 07:29:47'),(1194,56,56,2,'2025-10-18 07:29:47'),(1195,56,57,2,'2025-10-18 07:29:47'),(1196,56,59,2,'2025-10-18 07:29:47'),(1197,56,60,2,'2025-10-18 07:29:47'),(1198,56,61,2,'2025-10-18 07:29:47'),(1199,56,62,2,'2025-10-18 07:29:47'),(1200,56,63,2,'2025-10-18 07:29:47'),(1201,56,65,2,'2025-10-18 07:29:47'),(1202,56,66,2,'2025-10-18 07:29:47'),(1203,56,68,2,'2025-10-18 07:29:47'),(1204,56,70,2,'2025-10-18 07:29:47'),(1205,56,72,2,'2025-10-18 07:29:47'),(1206,56,74,2,'2025-10-18 07:29:47'),(1207,56,75,2,'2025-10-18 07:29:47'),(1208,56,78,2,'2025-10-18 07:29:47'),(1209,56,80,2,'2025-10-18 07:29:47'),(1210,56,83,2,'2025-10-18 07:29:47'),(1211,56,85,2,'2025-10-18 07:29:47'),(1212,56,87,2,'2025-10-18 07:29:47'),(1213,56,88,2,'2025-10-18 07:29:47'),(1214,56,92,2,'2025-10-18 07:29:47'),(1215,56,94,2,'2025-10-18 07:29:47'),(1216,56,96,2,'2025-10-18 07:29:47'),(1217,56,97,2,'2025-10-18 07:29:47'),(1218,56,100,2,'2025-10-18 07:29:47'),(1219,57,1,2,'2025-10-18 07:29:47'),(1220,57,4,2,'2025-10-18 07:29:47'),(1221,57,9,2,'2025-10-18 07:29:47'),(1222,57,11,2,'2025-10-18 07:29:47'),(1223,57,15,2,'2025-10-18 07:29:47'),(1224,57,17,2,'2025-10-18 07:29:47'),(1225,57,22,2,'2025-10-18 07:29:47'),(1226,57,24,2,'2025-10-18 07:29:47'),(1227,57,27,2,'2025-10-18 07:29:47'),(1228,57,29,2,'2025-10-18 07:29:47'),(1229,57,30,2,'2025-10-18 07:29:47'),(1230,57,32,2,'2025-10-18 07:29:47'),(1231,57,55,2,'2025-10-18 07:29:47'),(1232,57,67,2,'2025-10-18 07:29:47'),(1233,57,69,2,'2025-10-18 07:29:47'),(1234,57,74,2,'2025-10-18 07:29:47'),(1235,57,84,2,'2025-10-18 07:29:47'),(1236,57,86,2,'2025-10-18 07:29:47'),(1237,57,90,2,'2025-10-18 07:29:47'),(1238,57,93,2,'2025-10-18 07:29:47'),(1239,57,94,2,'2025-10-18 07:29:47'),(1240,57,96,2,'2025-10-18 07:29:47'),(1241,58,1,2,'2025-10-18 07:29:47'),(1242,58,5,2,'2025-10-18 07:29:47'),(1243,58,6,2,'2025-10-18 07:29:47'),(1244,58,7,2,'2025-10-18 07:29:47'),(1245,58,10,2,'2025-10-18 07:29:47'),(1246,58,11,2,'2025-10-18 07:29:47'),(1247,58,12,2,'2025-10-18 07:29:47'),(1248,58,13,2,'2025-10-18 07:29:47'),(1249,58,24,2,'2025-10-18 07:29:47'),(1250,58,28,2,'2025-10-18 07:29:47'),(1251,58,32,2,'2025-10-18 07:29:47'),(1252,58,33,2,'2025-10-18 07:29:47'),(1253,58,38,2,'2025-10-18 07:29:47'),(1254,58,40,2,'2025-10-18 07:29:47'),(1255,58,41,2,'2025-10-18 07:29:47'),(1256,58,43,2,'2025-10-18 07:29:47'),(1257,58,44,2,'2025-10-18 07:29:47'),(1258,58,45,2,'2025-10-18 07:29:47'),(1259,58,49,2,'2025-10-18 07:29:47'),(1260,58,51,2,'2025-10-18 07:29:47'),(1261,58,52,2,'2025-10-18 07:29:47'),(1262,58,53,2,'2025-10-18 07:29:47'),(1263,58,57,2,'2025-10-18 07:29:47'),(1264,58,59,2,'2025-10-18 07:29:47'),(1265,58,61,2,'2025-10-18 07:29:47'),(1266,58,66,2,'2025-10-18 07:29:47'),(1267,58,68,2,'2025-10-18 07:29:47'),(1268,58,71,2,'2025-10-18 07:29:47'),(1269,58,74,2,'2025-10-18 07:29:47'),(1270,58,75,2,'2025-10-18 07:29:47'),(1271,58,77,2,'2025-10-18 07:29:47'),(1272,58,85,2,'2025-10-18 07:29:47'),(1273,58,87,2,'2025-10-18 07:29:47'),(1274,58,89,2,'2025-10-18 07:29:47'),(1275,58,94,2,'2025-10-18 07:29:47'),(1276,58,98,2,'2025-10-18 07:29:47'),(1277,59,6,2,'2025-10-18 07:29:48'),(1278,59,15,2,'2025-10-18 07:29:48'),(1279,59,16,2,'2025-10-18 07:29:48'),(1280,59,17,2,'2025-10-18 07:29:48'),(1281,59,18,2,'2025-10-18 07:29:48'),(1282,59,23,2,'2025-10-18 07:29:48'),(1283,59,24,2,'2025-10-18 07:29:48'),(1284,59,25,2,'2025-10-18 07:29:48'),(1285,59,28,2,'2025-10-18 07:29:48'),(1286,59,29,2,'2025-10-18 07:29:48'),(1287,59,31,2,'2025-10-18 07:29:48'),(1288,59,38,2,'2025-10-18 07:29:48'),(1289,59,47,2,'2025-10-18 07:29:48'),(1290,59,52,2,'2025-10-18 07:29:48'),(1291,59,57,2,'2025-10-18 07:29:48'),(1292,59,60,2,'2025-10-18 07:29:48'),(1293,59,67,2,'2025-10-18 07:29:48'),(1294,59,68,2,'2025-10-18 07:29:48'),(1295,59,70,2,'2025-10-18 07:29:48'),(1296,59,73,2,'2025-10-18 07:29:48'),(1297,59,85,2,'2025-10-18 07:29:48'),(1298,59,86,2,'2025-10-18 07:29:48'),(1299,59,92,2,'2025-10-18 07:29:48'),(1300,59,97,2,'2025-10-18 07:29:48'),(1301,60,6,2,'2025-10-18 07:29:48'),(1302,60,7,2,'2025-10-18 07:29:48'),(1303,60,11,2,'2025-10-18 07:29:48'),(1304,60,13,2,'2025-10-18 07:29:48'),(1305,60,14,2,'2025-10-18 07:29:48'),(1306,60,15,2,'2025-10-18 07:29:48'),(1307,60,16,2,'2025-10-18 07:29:48'),(1308,60,18,2,'2025-10-18 07:29:48'),(1309,60,20,2,'2025-10-18 07:29:48'),(1310,60,24,2,'2025-10-18 07:29:48'),(1311,60,25,2,'2025-10-18 07:29:48'),(1312,60,27,2,'2025-10-18 07:29:48'),(1313,60,29,2,'2025-10-18 07:29:48'),(1314,60,30,2,'2025-10-18 07:29:48'),(1315,60,34,2,'2025-10-18 07:29:48'),(1316,60,36,2,'2025-10-18 07:29:48'),(1317,60,38,2,'2025-10-18 07:29:48'),(1318,60,39,2,'2025-10-18 07:29:48'),(1319,60,42,2,'2025-10-18 07:29:48'),(1320,60,46,2,'2025-10-18 07:29:48'),(1321,60,47,2,'2025-10-18 07:29:48'),(1322,60,48,2,'2025-10-18 07:29:48'),(1323,60,50,2,'2025-10-18 07:29:48'),(1324,60,51,2,'2025-10-18 07:29:48'),(1325,60,52,2,'2025-10-18 07:29:48'),(1326,60,54,2,'2025-10-18 07:29:48'),(1327,60,60,2,'2025-10-18 07:29:48'),(1328,60,61,2,'2025-10-18 07:29:48'),(1329,60,62,2,'2025-10-18 07:29:48'),(1330,60,65,2,'2025-10-18 07:29:48'),(1331,60,68,2,'2025-10-18 07:29:48'),(1332,60,71,2,'2025-10-18 07:29:48'),(1333,60,74,2,'2025-10-18 07:29:48'),(1334,60,78,2,'2025-10-18 07:29:48'),(1335,60,79,2,'2025-10-18 07:29:48'),(1336,60,82,2,'2025-10-18 07:29:48'),(1337,60,84,2,'2025-10-18 07:29:48'),(1338,60,85,2,'2025-10-18 07:29:48'),(1339,60,88,2,'2025-10-18 07:29:48'),(1340,60,89,2,'2025-10-18 07:29:48'),(1341,60,91,2,'2025-10-18 07:29:48'),(1342,60,99,2,'2025-10-18 07:29:48'),(1343,61,5,2,'2025-10-18 07:29:48'),(1344,61,6,2,'2025-10-18 07:29:48'),(1345,61,11,2,'2025-10-18 07:29:48'),(1346,61,14,2,'2025-10-18 07:29:48'),(1347,61,17,2,'2025-10-18 07:29:48'),(1348,61,18,2,'2025-10-18 07:29:48'),(1349,61,19,2,'2025-10-18 07:29:48'),(1350,61,20,2,'2025-10-18 07:29:48'),(1351,61,31,2,'2025-10-18 07:29:48'),(1352,61,34,2,'2025-10-18 07:29:48'),(1353,61,35,2,'2025-10-18 07:29:48'),(1354,61,36,2,'2025-10-18 07:29:48'),(1355,61,37,2,'2025-10-18 07:29:48'),(1356,61,39,2,'2025-10-18 07:29:48'),(1357,61,40,2,'2025-10-18 07:29:48'),(1358,61,42,2,'2025-10-18 07:29:48'),(1359,61,45,2,'2025-10-18 07:29:48'),(1360,61,46,2,'2025-10-18 07:29:48'),(1361,61,47,2,'2025-10-18 07:29:48'),(1362,61,48,2,'2025-10-18 07:29:48'),(1363,61,49,2,'2025-10-18 07:29:48'),(1364,61,50,2,'2025-10-18 07:29:48'),(1365,61,52,2,'2025-10-18 07:29:48'),(1366,61,53,2,'2025-10-18 07:29:48'),(1367,61,54,2,'2025-10-18 07:29:48'),(1368,61,56,2,'2025-10-18 07:29:48'),(1369,61,59,2,'2025-10-18 07:29:48'),(1370,61,60,2,'2025-10-18 07:29:48'),(1371,61,61,2,'2025-10-18 07:29:48'),(1372,61,62,2,'2025-10-18 07:29:48'),(1373,61,63,2,'2025-10-18 07:29:48'),(1374,61,67,2,'2025-10-18 07:29:48'),(1375,61,69,2,'2025-10-18 07:29:48'),(1376,61,70,2,'2025-10-18 07:29:48'),(1377,61,71,2,'2025-10-18 07:29:48'),(1378,61,77,2,'2025-10-18 07:29:48'),(1379,61,78,2,'2025-10-18 07:29:48'),(1380,61,80,2,'2025-10-18 07:29:48'),(1381,61,83,2,'2025-10-18 07:29:48'),(1382,61,84,2,'2025-10-18 07:29:48'),(1383,61,85,2,'2025-10-18 07:29:48'),(1384,61,86,2,'2025-10-18 07:29:48'),(1385,61,88,2,'2025-10-18 07:29:48'),(1386,61,91,2,'2025-10-18 07:29:48'),(1387,61,94,2,'2025-10-18 07:29:48'),(1388,61,98,2,'2025-10-18 07:29:48'),(1389,61,100,2,'2025-10-18 07:29:48'),(1390,62,2,2,'2025-10-18 07:29:48'),(1391,62,3,2,'2025-10-18 07:29:48'),(1392,62,6,2,'2025-10-18 07:29:48'),(1393,62,7,2,'2025-10-18 07:29:48'),(1394,62,10,2,'2025-10-18 07:29:48'),(1395,62,12,2,'2025-10-18 07:29:48'),(1396,62,17,2,'2025-10-18 07:29:48'),(1397,62,18,2,'2025-10-18 07:29:48'),(1398,62,21,2,'2025-10-18 07:29:48'),(1399,62,26,2,'2025-10-18 07:29:48'),(1400,62,33,2,'2025-10-18 07:29:48'),(1401,62,44,2,'2025-10-18 07:29:48'),(1402,62,47,2,'2025-10-18 07:29:48'),(1403,62,51,2,'2025-10-18 07:29:48'),(1404,62,53,2,'2025-10-18 07:29:48'),(1405,62,56,2,'2025-10-18 07:29:48'),(1406,62,62,2,'2025-10-18 07:29:48'),(1407,62,64,2,'2025-10-18 07:29:48'),(1408,62,71,2,'2025-10-18 07:29:48'),(1409,62,72,2,'2025-10-18 07:29:48'),(1410,62,77,2,'2025-10-18 07:29:48'),(1411,62,78,2,'2025-10-18 07:29:48'),(1412,62,80,2,'2025-10-18 07:29:48'),(1413,62,83,2,'2025-10-18 07:29:48'),(1414,62,85,2,'2025-10-18 07:29:48'),(1415,62,87,2,'2025-10-18 07:29:48'),(1416,62,90,2,'2025-10-18 07:29:48'),(1417,62,92,2,'2025-10-18 07:29:48'),(1418,62,94,2,'2025-10-18 07:29:48'),(1419,62,97,2,'2025-10-18 07:29:48'),(1420,63,2,2,'2025-10-18 07:29:48'),(1421,63,4,2,'2025-10-18 07:29:48'),(1422,63,8,2,'2025-10-18 07:29:48'),(1423,63,9,2,'2025-10-18 07:29:48'),(1424,63,11,2,'2025-10-18 07:29:48'),(1425,63,12,2,'2025-10-18 07:29:48'),(1426,63,14,2,'2025-10-18 07:29:48'),(1427,63,16,2,'2025-10-18 07:29:48'),(1428,63,24,2,'2025-10-18 07:29:48'),(1429,63,25,2,'2025-10-18 07:29:48'),(1430,63,33,2,'2025-10-18 07:29:48'),(1431,63,34,2,'2025-10-18 07:29:48'),(1432,63,38,2,'2025-10-18 07:29:48'),(1433,63,41,2,'2025-10-18 07:29:48'),(1434,63,42,2,'2025-10-18 07:29:48'),(1435,63,43,2,'2025-10-18 07:29:48'),(1436,63,51,2,'2025-10-18 07:29:48'),(1437,63,55,2,'2025-10-18 07:29:48'),(1438,63,56,2,'2025-10-18 07:29:48'),(1439,63,71,2,'2025-10-18 07:29:48'),(1440,63,75,2,'2025-10-18 07:29:48'),(1441,63,76,2,'2025-10-18 07:29:48'),(1442,63,77,2,'2025-10-18 07:29:48'),(1443,63,81,2,'2025-10-18 07:29:48'),(1444,63,82,2,'2025-10-18 07:29:48'),(1445,63,88,2,'2025-10-18 07:29:48'),(1446,63,90,2,'2025-10-18 07:29:48'),(1447,63,92,2,'2025-10-18 07:29:48'),(1448,63,94,2,'2025-10-18 07:29:48'),(1449,63,96,2,'2025-10-18 07:29:48'),(1450,63,98,2,'2025-10-18 07:29:48'),(1451,64,1,2,'2025-10-18 07:29:48'),(1452,64,2,2,'2025-10-18 07:29:48'),(1453,64,3,2,'2025-10-18 07:29:48'),(1454,64,13,2,'2025-10-18 07:29:48'),(1455,64,20,2,'2025-10-18 07:29:48'),(1456,64,24,2,'2025-10-18 07:29:48'),(1457,64,26,2,'2025-10-18 07:29:48'),(1458,64,29,2,'2025-10-18 07:29:48'),(1459,64,30,2,'2025-10-18 07:29:48'),(1460,64,35,2,'2025-10-18 07:29:48'),(1461,64,39,2,'2025-10-18 07:29:48'),(1462,64,41,2,'2025-10-18 07:29:48'),(1463,64,46,2,'2025-10-18 07:29:48'),(1464,64,52,2,'2025-10-18 07:29:48'),(1465,64,54,2,'2025-10-18 07:29:48'),(1466,64,55,2,'2025-10-18 07:29:48'),(1467,64,58,2,'2025-10-18 07:29:48'),(1468,64,61,2,'2025-10-18 07:29:48'),(1469,64,63,2,'2025-10-18 07:29:48'),(1470,64,66,2,'2025-10-18 07:29:48'),(1471,64,68,2,'2025-10-18 07:29:48'),(1472,64,72,2,'2025-10-18 07:29:48'),(1473,64,74,2,'2025-10-18 07:29:48'),(1474,64,83,2,'2025-10-18 07:29:48'),(1475,64,87,2,'2025-10-18 07:29:48'),(1476,64,90,2,'2025-10-18 07:29:48'),(1477,64,98,2,'2025-10-18 07:29:48'),(1478,65,1,2,'2025-10-18 07:29:48'),(1479,65,5,2,'2025-10-18 07:29:48'),(1480,65,8,2,'2025-10-18 07:29:48'),(1481,65,18,2,'2025-10-18 07:29:48'),(1482,65,26,2,'2025-10-18 07:29:48'),(1483,65,27,2,'2025-10-18 07:29:48'),(1484,65,31,2,'2025-10-18 07:29:48'),(1485,65,35,2,'2025-10-18 07:29:48'),(1486,65,38,2,'2025-10-18 07:29:48'),(1487,65,42,2,'2025-10-18 07:29:48'),(1488,65,44,2,'2025-10-18 07:29:48'),(1489,65,52,2,'2025-10-18 07:29:48'),(1490,65,54,2,'2025-10-18 07:29:48'),(1491,65,65,2,'2025-10-18 07:29:48'),(1492,65,66,2,'2025-10-18 07:29:48'),(1493,65,69,2,'2025-10-18 07:29:48'),(1494,65,73,2,'2025-10-18 07:29:48'),(1495,65,75,2,'2025-10-18 07:29:48'),(1496,65,76,2,'2025-10-18 07:29:48'),(1497,65,80,2,'2025-10-18 07:29:48'),(1498,65,84,2,'2025-10-18 07:29:48'),(1499,65,88,2,'2025-10-18 07:29:48'),(1500,65,99,2,'2025-10-18 07:29:48'),(1501,66,1,2,'2025-10-18 07:29:48'),(1502,66,2,2,'2025-10-18 07:29:48'),(1503,66,5,2,'2025-10-18 07:29:48'),(1504,66,6,2,'2025-10-18 07:29:48'),(1505,66,12,2,'2025-10-18 07:29:48'),(1506,66,13,2,'2025-10-18 07:29:48'),(1507,66,14,2,'2025-10-18 07:29:48'),(1508,66,15,2,'2025-10-18 07:29:48'),(1509,66,18,2,'2025-10-18 07:29:48'),(1510,66,19,2,'2025-10-18 07:29:48'),(1511,66,21,2,'2025-10-18 07:29:48'),(1512,66,22,2,'2025-10-18 07:29:48'),(1513,66,30,2,'2025-10-18 07:29:48'),(1514,66,38,2,'2025-10-18 07:29:48'),(1515,66,40,2,'2025-10-18 07:29:48'),(1516,66,41,2,'2025-10-18 07:29:48'),(1517,66,44,2,'2025-10-18 07:29:48'),(1518,66,47,2,'2025-10-18 07:29:48'),(1519,66,50,2,'2025-10-18 07:29:48'),(1520,66,52,2,'2025-10-18 07:29:48'),(1521,66,53,2,'2025-10-18 07:29:48'),(1522,66,54,2,'2025-10-18 07:29:48'),(1523,66,60,2,'2025-10-18 07:29:48'),(1524,66,62,2,'2025-10-18 07:29:48'),(1525,66,64,2,'2025-10-18 07:29:48'),(1526,66,66,2,'2025-10-18 07:29:48'),(1527,66,68,2,'2025-10-18 07:29:48'),(1528,66,69,2,'2025-10-18 07:29:48'),(1529,66,73,2,'2025-10-18 07:29:48'),(1530,66,76,2,'2025-10-18 07:29:48'),(1531,66,77,2,'2025-10-18 07:29:48'),(1532,66,78,2,'2025-10-18 07:29:48'),(1533,66,83,2,'2025-10-18 07:29:48'),(1534,66,85,2,'2025-10-18 07:29:48'),(1535,66,86,2,'2025-10-18 07:29:48'),(1536,66,87,2,'2025-10-18 07:29:48'),(1537,66,92,2,'2025-10-18 07:29:48'),(1538,66,93,2,'2025-10-18 07:29:48'),(1539,66,94,2,'2025-10-18 07:29:48'),(1540,66,96,2,'2025-10-18 07:29:48'),(1541,66,97,2,'2025-10-18 07:29:48'),(1542,66,98,2,'2025-10-18 07:29:48'),(1543,67,1,2,'2025-10-18 07:29:48'),(1544,67,11,2,'2025-10-18 07:29:48'),(1545,67,13,2,'2025-10-18 07:29:48'),(1546,67,15,2,'2025-10-18 07:29:48'),(1547,67,20,2,'2025-10-18 07:29:48'),(1548,67,28,2,'2025-10-18 07:29:48'),(1549,67,30,2,'2025-10-18 07:29:48'),(1550,67,37,2,'2025-10-18 07:29:48'),(1551,67,39,2,'2025-10-18 07:29:48'),(1552,67,42,2,'2025-10-18 07:29:48'),(1553,67,45,2,'2025-10-18 07:29:48'),(1554,67,49,2,'2025-10-18 07:29:48'),(1555,67,51,2,'2025-10-18 07:29:48'),(1556,67,58,2,'2025-10-18 07:29:48'),(1557,67,65,2,'2025-10-18 07:29:48'),(1558,67,71,2,'2025-10-18 07:29:48'),(1559,67,85,2,'2025-10-18 07:29:48'),(1560,67,87,2,'2025-10-18 07:29:48'),(1561,67,94,2,'2025-10-18 07:29:48'),(1562,67,100,2,'2025-10-18 07:29:48'),(1563,68,5,2,'2025-10-18 07:29:48'),(1564,68,8,2,'2025-10-18 07:29:48'),(1565,68,12,2,'2025-10-18 07:29:48'),(1566,68,14,2,'2025-10-18 07:29:48'),(1567,68,15,2,'2025-10-18 07:29:48'),(1568,68,17,2,'2025-10-18 07:29:48'),(1569,68,19,2,'2025-10-18 07:29:48'),(1570,68,24,2,'2025-10-18 07:29:48'),(1571,68,25,2,'2025-10-18 07:29:48'),(1572,68,27,2,'2025-10-18 07:29:48'),(1573,68,28,2,'2025-10-18 07:29:48'),(1574,68,31,2,'2025-10-18 07:29:48'),(1575,68,32,2,'2025-10-18 07:29:48'),(1576,68,36,2,'2025-10-18 07:29:48'),(1577,68,39,2,'2025-10-18 07:29:48'),(1578,68,42,2,'2025-10-18 07:29:48'),(1579,68,43,2,'2025-10-18 07:29:48'),(1580,68,48,2,'2025-10-18 07:29:48'),(1581,68,52,2,'2025-10-18 07:29:48'),(1582,68,60,2,'2025-10-18 07:29:48'),(1583,68,61,2,'2025-10-18 07:29:48'),(1584,68,64,2,'2025-10-18 07:29:48'),(1585,68,66,2,'2025-10-18 07:29:48'),(1586,68,68,2,'2025-10-18 07:29:48'),(1587,68,71,2,'2025-10-18 07:29:48'),(1588,68,75,2,'2025-10-18 07:29:48'),(1589,68,77,2,'2025-10-18 07:29:48'),(1590,68,78,2,'2025-10-18 07:29:48'),(1591,68,83,2,'2025-10-18 07:29:48'),(1592,68,87,2,'2025-10-18 07:29:48'),(1593,68,88,2,'2025-10-18 07:29:48'),(1594,68,90,2,'2025-10-18 07:29:48'),(1595,68,92,2,'2025-10-18 07:29:48'),(1596,68,94,2,'2025-10-18 07:29:48'),(1597,68,95,2,'2025-10-18 07:29:48'),(1598,68,98,2,'2025-10-18 07:29:48'),(1599,68,100,2,'2025-10-18 07:29:48'),(1600,69,9,2,'2025-10-18 07:29:48'),(1601,69,10,2,'2025-10-18 07:29:48'),(1602,69,11,2,'2025-10-18 07:29:48'),(1603,69,14,2,'2025-10-18 07:29:48'),(1604,69,15,2,'2025-10-18 07:29:48'),(1605,69,16,2,'2025-10-18 07:29:48'),(1606,69,23,2,'2025-10-18 07:29:48'),(1607,69,32,2,'2025-10-18 07:29:48'),(1608,69,36,2,'2025-10-18 07:29:48'),(1609,69,38,2,'2025-10-18 07:29:48'),(1610,69,39,2,'2025-10-18 07:29:48'),(1611,69,41,2,'2025-10-18 07:29:48'),(1612,69,44,2,'2025-10-18 07:29:48'),(1613,69,45,2,'2025-10-18 07:29:48'),(1614,69,47,2,'2025-10-18 07:29:48'),(1615,69,52,2,'2025-10-18 07:29:48'),(1616,69,53,2,'2025-10-18 07:29:48'),(1617,69,54,2,'2025-10-18 07:29:48'),(1618,69,56,2,'2025-10-18 07:29:48'),(1619,69,58,2,'2025-10-18 07:29:48'),(1620,69,59,2,'2025-10-18 07:29:48'),(1621,69,62,2,'2025-10-18 07:29:48'),(1622,69,64,2,'2025-10-18 07:29:49'),(1623,69,65,2,'2025-10-18 07:29:49'),(1624,69,67,2,'2025-10-18 07:29:49'),(1625,69,68,2,'2025-10-18 07:29:49'),(1626,69,73,2,'2025-10-18 07:29:49'),(1627,69,74,2,'2025-10-18 07:29:49'),(1628,69,77,2,'2025-10-18 07:29:49'),(1629,69,82,2,'2025-10-18 07:29:49'),(1630,69,86,2,'2025-10-18 07:29:49'),(1631,69,88,2,'2025-10-18 07:29:49'),(1632,69,89,2,'2025-10-18 07:29:49'),(1633,69,95,2,'2025-10-18 07:29:49'),(1634,69,98,2,'2025-10-18 07:29:49'),(1635,69,99,2,'2025-10-18 07:29:49'),(1636,70,2,2,'2025-10-18 07:29:49'),(1637,70,3,2,'2025-10-18 07:29:49'),(1638,70,4,2,'2025-10-18 07:29:49'),(1639,70,13,2,'2025-10-18 07:29:49'),(1640,70,15,2,'2025-10-18 07:29:49'),(1641,70,18,2,'2025-10-18 07:29:49'),(1642,70,25,2,'2025-10-18 07:29:49'),(1643,70,28,2,'2025-10-18 07:29:49'),(1644,70,29,2,'2025-10-18 07:29:49'),(1645,70,32,2,'2025-10-18 07:29:49'),(1646,70,35,2,'2025-10-18 07:29:49'),(1647,70,39,2,'2025-10-18 07:29:49'),(1648,70,43,2,'2025-10-18 07:29:49'),(1649,70,45,2,'2025-10-18 07:29:49'),(1650,70,46,2,'2025-10-18 07:29:49'),(1651,70,47,2,'2025-10-18 07:29:49'),(1652,70,49,2,'2025-10-18 07:29:49'),(1653,70,50,2,'2025-10-18 07:29:49'),(1654,70,52,2,'2025-10-18 07:29:49'),(1655,70,53,2,'2025-10-18 07:29:49'),(1656,70,57,2,'2025-10-18 07:29:49'),(1657,70,63,2,'2025-10-18 07:29:49'),(1658,70,65,2,'2025-10-18 07:29:49'),(1659,70,66,2,'2025-10-18 07:29:49'),(1660,70,69,2,'2025-10-18 07:29:49'),(1661,70,71,2,'2025-10-18 07:29:49'),(1662,70,75,2,'2025-10-18 07:29:49'),(1663,70,77,2,'2025-10-18 07:29:49'),(1664,70,79,2,'2025-10-18 07:29:49'),(1665,70,84,2,'2025-10-18 07:29:49'),(1666,70,88,2,'2025-10-18 07:29:49'),(1667,70,93,2,'2025-10-18 07:29:49'),(1668,70,95,2,'2025-10-18 07:29:49'),(1669,70,96,2,'2025-10-18 07:29:49'),(1670,70,99,2,'2025-10-18 07:29:49'),(1671,71,1,2,'2025-10-18 07:29:49'),(1672,71,2,2,'2025-10-18 07:29:49'),(1673,71,3,2,'2025-10-18 07:29:49'),(1674,71,4,2,'2025-10-18 07:29:49'),(1675,71,9,2,'2025-10-18 07:29:49'),(1676,71,11,2,'2025-10-18 07:29:49'),(1677,71,14,2,'2025-10-18 07:29:49'),(1678,71,16,2,'2025-10-18 07:29:49'),(1679,71,17,2,'2025-10-18 07:29:49'),(1680,71,18,2,'2025-10-18 07:29:49'),(1681,71,20,2,'2025-10-18 07:29:49'),(1682,71,22,2,'2025-10-18 07:29:49'),(1683,71,25,2,'2025-10-18 07:29:49'),(1684,71,26,2,'2025-10-18 07:29:49'),(1685,71,27,2,'2025-10-18 07:29:49'),(1686,71,29,2,'2025-10-18 07:29:49'),(1687,71,30,2,'2025-10-18 07:29:49'),(1688,71,31,2,'2025-10-18 07:29:49'),(1689,71,32,2,'2025-10-18 07:29:49'),(1690,71,36,2,'2025-10-18 07:29:49'),(1691,71,37,2,'2025-10-18 07:29:49'),(1692,71,42,2,'2025-10-18 07:29:49'),(1693,71,44,2,'2025-10-18 07:29:49'),(1694,71,47,2,'2025-10-18 07:29:49'),(1695,71,48,2,'2025-10-18 07:29:49'),(1696,71,52,2,'2025-10-18 07:29:49'),(1697,71,57,2,'2025-10-18 07:29:49'),(1698,71,59,2,'2025-10-18 07:29:49'),(1699,71,63,2,'2025-10-18 07:29:49'),(1700,71,64,2,'2025-10-18 07:29:49'),(1701,71,66,2,'2025-10-18 07:29:49'),(1702,71,67,2,'2025-10-18 07:29:49'),(1703,71,68,2,'2025-10-18 07:29:49'),(1704,71,72,2,'2025-10-18 07:29:49'),(1705,71,73,2,'2025-10-18 07:29:49'),(1706,71,74,2,'2025-10-18 07:29:49'),(1707,71,77,2,'2025-10-18 07:29:49'),(1708,71,78,2,'2025-10-18 07:29:49'),(1709,71,80,2,'2025-10-18 07:29:49'),(1710,71,81,2,'2025-10-18 07:29:49'),(1711,71,83,2,'2025-10-18 07:29:49'),(1712,71,84,2,'2025-10-18 07:29:49'),(1713,71,86,2,'2025-10-18 07:29:49'),(1714,71,87,2,'2025-10-18 07:29:49'),(1715,71,90,2,'2025-10-18 07:29:49'),(1716,71,92,2,'2025-10-18 07:29:49'),(1717,71,94,2,'2025-10-18 07:29:49'),(1718,71,95,2,'2025-10-18 07:29:49'),(1719,71,97,2,'2025-10-18 07:29:49'),(1720,71,99,2,'2025-10-18 07:29:49'),(1721,72,2,2,'2025-10-18 07:29:49'),(1722,72,7,2,'2025-10-18 07:29:49'),(1723,72,10,2,'2025-10-18 07:29:49'),(1724,72,11,2,'2025-10-18 07:29:49'),(1725,72,12,2,'2025-10-18 07:29:49'),(1726,72,13,2,'2025-10-18 07:29:49'),(1727,72,19,2,'2025-10-18 07:29:49'),(1728,72,24,2,'2025-10-18 07:29:49'),(1729,72,26,2,'2025-10-18 07:29:49'),(1730,72,27,2,'2025-10-18 07:29:49'),(1731,72,28,2,'2025-10-18 07:29:49'),(1732,72,30,2,'2025-10-18 07:29:49'),(1733,72,31,2,'2025-10-18 07:29:49'),(1734,72,32,2,'2025-10-18 07:29:49'),(1735,72,33,2,'2025-10-18 07:29:49'),(1736,72,38,2,'2025-10-18 07:29:49'),(1737,72,44,2,'2025-10-18 07:29:49'),(1738,72,45,2,'2025-10-18 07:29:49'),(1739,72,46,2,'2025-10-18 07:29:49'),(1740,72,48,2,'2025-10-18 07:29:49'),(1741,72,54,2,'2025-10-18 07:29:49'),(1742,72,55,2,'2025-10-18 07:29:49'),(1743,72,57,2,'2025-10-18 07:29:49'),(1744,72,58,2,'2025-10-18 07:29:49'),(1745,72,60,2,'2025-10-18 07:29:49'),(1746,72,61,2,'2025-10-18 07:29:49'),(1747,72,63,2,'2025-10-18 07:29:49'),(1748,72,64,2,'2025-10-18 07:29:49'),(1749,72,65,2,'2025-10-18 07:29:49'),(1750,72,66,2,'2025-10-18 07:29:49'),(1751,72,67,2,'2025-10-18 07:29:49'),(1752,72,69,2,'2025-10-18 07:29:49'),(1753,72,74,2,'2025-10-18 07:29:49'),(1754,72,77,2,'2025-10-18 07:29:49'),(1755,72,79,2,'2025-10-18 07:29:49'),(1756,72,84,2,'2025-10-18 07:29:49'),(1757,72,85,2,'2025-10-18 07:29:49'),(1758,72,87,2,'2025-10-18 07:29:49'),(1759,72,89,2,'2025-10-18 07:29:49'),(1760,72,91,2,'2025-10-18 07:29:49'),(1761,72,93,2,'2025-10-18 07:29:49'),(1762,72,96,2,'2025-10-18 07:29:49'),(1763,72,99,2,'2025-10-18 07:29:49'),(1764,72,100,2,'2025-10-18 07:29:49'),(1765,73,5,2,'2025-10-18 07:29:49'),(1766,73,6,2,'2025-10-18 07:29:49'),(1767,73,7,2,'2025-10-18 07:29:49'),(1768,73,17,2,'2025-10-18 07:29:49'),(1769,73,21,2,'2025-10-18 07:29:49'),(1770,73,22,2,'2025-10-18 07:29:49'),(1771,73,26,2,'2025-10-18 07:29:49'),(1772,73,29,2,'2025-10-18 07:29:49'),(1773,73,32,2,'2025-10-18 07:29:49'),(1774,73,34,2,'2025-10-18 07:29:49'),(1775,73,41,2,'2025-10-18 07:29:49'),(1776,73,44,2,'2025-10-18 07:29:49'),(1777,73,48,2,'2025-10-18 07:29:49'),(1778,73,52,2,'2025-10-18 07:29:49'),(1779,73,54,2,'2025-10-18 07:29:49'),(1780,73,56,2,'2025-10-18 07:29:49'),(1781,73,57,2,'2025-10-18 07:29:49'),(1782,73,58,2,'2025-10-18 07:29:49'),(1783,73,60,2,'2025-10-18 07:29:49'),(1784,73,61,2,'2025-10-18 07:29:49'),(1785,73,62,2,'2025-10-18 07:29:49'),(1786,73,64,2,'2025-10-18 07:29:49'),(1787,73,66,2,'2025-10-18 07:29:49'),(1788,73,69,2,'2025-10-18 07:29:49'),(1789,73,74,2,'2025-10-18 07:29:49'),(1790,73,83,2,'2025-10-18 07:29:49'),(1791,73,84,2,'2025-10-18 07:29:49'),(1792,73,85,2,'2025-10-18 07:29:49'),(1793,73,88,2,'2025-10-18 07:29:49'),(1794,73,89,2,'2025-10-18 07:29:49'),(1795,73,94,2,'2025-10-18 07:29:49'),(1796,73,97,2,'2025-10-18 07:29:49'),(1797,74,4,2,'2025-10-18 07:29:49'),(1798,74,5,2,'2025-10-18 07:29:49'),(1799,74,6,2,'2025-10-18 07:29:49'),(1800,74,7,2,'2025-10-18 07:29:49'),(1801,74,8,2,'2025-10-18 07:29:49'),(1802,74,9,2,'2025-10-18 07:29:49'),(1803,74,11,2,'2025-10-18 07:29:49'),(1804,74,15,2,'2025-10-18 07:29:49'),(1805,74,16,2,'2025-10-18 07:29:49'),(1806,74,17,2,'2025-10-18 07:29:49'),(1807,74,19,2,'2025-10-18 07:29:49'),(1808,74,20,2,'2025-10-18 07:29:49'),(1809,74,23,2,'2025-10-18 07:29:49'),(1810,74,28,2,'2025-10-18 07:29:49'),(1811,74,31,2,'2025-10-18 07:29:49'),(1812,74,32,2,'2025-10-18 07:29:49'),(1813,74,37,2,'2025-10-18 07:29:49'),(1814,74,39,2,'2025-10-18 07:29:49'),(1815,74,41,2,'2025-10-18 07:29:49'),(1816,74,42,2,'2025-10-18 07:29:49'),(1817,74,45,2,'2025-10-18 07:29:49'),(1818,74,46,2,'2025-10-18 07:29:49'),(1819,74,49,2,'2025-10-18 07:29:49'),(1820,74,51,2,'2025-10-18 07:29:49'),(1821,74,52,2,'2025-10-18 07:29:49'),(1822,74,53,2,'2025-10-18 07:29:49'),(1823,74,57,2,'2025-10-18 07:29:49'),(1824,74,58,2,'2025-10-18 07:29:49'),(1825,74,59,2,'2025-10-18 07:29:49'),(1826,74,64,2,'2025-10-18 07:29:49'),(1827,74,65,2,'2025-10-18 07:29:49'),(1828,74,66,2,'2025-10-18 07:29:49'),(1829,74,68,2,'2025-10-18 07:29:49'),(1830,74,70,2,'2025-10-18 07:29:49'),(1831,74,73,2,'2025-10-18 07:29:49'),(1832,74,76,2,'2025-10-18 07:29:49'),(1833,74,78,2,'2025-10-18 07:29:49'),(1834,74,81,2,'2025-10-18 07:29:49'),(1835,74,85,2,'2025-10-18 07:29:49'),(1836,74,86,2,'2025-10-18 07:29:49'),(1837,74,89,2,'2025-10-18 07:29:49'),(1838,74,92,2,'2025-10-18 07:29:49'),(1839,74,96,2,'2025-10-18 07:29:49'),(1840,74,97,2,'2025-10-18 07:29:49'),(1841,74,98,2,'2025-10-18 07:29:49'),(1842,74,99,2,'2025-10-18 07:29:49'),(1843,75,3,2,'2025-10-18 07:29:49'),(1844,75,4,2,'2025-10-18 07:29:49'),(1845,75,5,2,'2025-10-18 07:29:49'),(1846,75,10,2,'2025-10-18 07:29:49'),(1847,75,11,2,'2025-10-18 07:29:49'),(1848,75,12,2,'2025-10-18 07:29:49'),(1849,75,14,2,'2025-10-18 07:29:49'),(1850,75,15,2,'2025-10-18 07:29:49'),(1851,75,16,2,'2025-10-18 07:29:49'),(1852,75,18,2,'2025-10-18 07:29:49'),(1853,75,19,2,'2025-10-18 07:29:49'),(1854,75,20,2,'2025-10-18 07:29:49'),(1855,75,21,2,'2025-10-18 07:29:49'),(1856,75,22,2,'2025-10-18 07:29:49'),(1857,75,27,2,'2025-10-18 07:29:49'),(1858,75,29,2,'2025-10-18 07:29:49'),(1859,75,33,2,'2025-10-18 07:29:49'),(1860,75,41,2,'2025-10-18 07:29:49'),(1861,75,43,2,'2025-10-18 07:29:49'),(1862,75,45,2,'2025-10-18 07:29:49'),(1863,75,47,2,'2025-10-18 07:29:49'),(1864,75,49,2,'2025-10-18 07:29:49'),(1865,75,50,2,'2025-10-18 07:29:49'),(1866,75,51,2,'2025-10-18 07:29:49'),(1867,75,56,2,'2025-10-18 07:29:49'),(1868,75,62,2,'2025-10-18 07:29:49'),(1869,75,64,2,'2025-10-18 07:29:49'),(1870,75,65,2,'2025-10-18 07:29:49'),(1871,75,76,2,'2025-10-18 07:29:49'),(1872,75,77,2,'2025-10-18 07:29:49'),(1873,75,83,2,'2025-10-18 07:29:49'),(1874,75,85,2,'2025-10-18 07:29:49'),(1875,75,89,2,'2025-10-18 07:29:49'),(1876,75,91,2,'2025-10-18 07:29:49'),(1877,75,92,2,'2025-10-18 07:29:49'),(1878,75,93,2,'2025-10-18 07:29:49'),(1879,75,96,2,'2025-10-18 07:29:49'),(1880,75,97,2,'2025-10-18 07:29:49'),(1881,75,99,2,'2025-10-18 07:29:49'),(1882,75,100,2,'2025-10-18 07:29:49'),(1883,76,1,2,'2025-10-18 07:29:49'),(1884,76,7,2,'2025-10-18 07:29:49'),(1885,76,12,2,'2025-10-18 07:29:49'),(1886,76,14,2,'2025-10-18 07:29:49'),(1887,76,19,2,'2025-10-18 07:29:49'),(1888,76,26,2,'2025-10-18 07:29:49'),(1889,76,29,2,'2025-10-18 07:29:49'),(1890,76,30,2,'2025-10-18 07:29:49'),(1891,76,37,2,'2025-10-18 07:29:49'),(1892,76,39,2,'2025-10-18 07:29:49'),(1893,76,41,2,'2025-10-18 07:29:49'),(1894,76,42,2,'2025-10-18 07:29:49'),(1895,76,45,2,'2025-10-18 07:29:49'),(1896,76,51,2,'2025-10-18 07:29:49'),(1897,76,53,2,'2025-10-18 07:29:49'),(1898,76,60,2,'2025-10-18 07:29:49'),(1899,76,64,2,'2025-10-18 07:29:49'),(1900,76,66,2,'2025-10-18 07:29:49'),(1901,76,69,2,'2025-10-18 07:29:49'),(1902,76,75,2,'2025-10-18 07:29:49'),(1903,76,77,2,'2025-10-18 07:29:49'),(1904,76,79,2,'2025-10-18 07:29:49'),(1905,76,81,2,'2025-10-18 07:29:49'),(1906,76,82,2,'2025-10-18 07:29:49'),(1907,76,85,2,'2025-10-18 07:29:49'),(1908,76,86,2,'2025-10-18 07:29:49'),(1909,76,87,2,'2025-10-18 07:29:49'),(1910,76,89,2,'2025-10-18 07:29:49'),(1911,76,93,2,'2025-10-18 07:29:49'),(1912,76,97,2,'2025-10-18 07:29:49'),(1913,76,100,2,'2025-10-18 07:29:49'),(1914,77,1,2,'2025-10-18 07:29:49'),(1915,77,6,2,'2025-10-18 07:29:49'),(1916,77,7,2,'2025-10-18 07:29:49'),(1917,77,12,2,'2025-10-18 07:29:49'),(1918,77,14,2,'2025-10-18 07:29:49'),(1919,77,15,2,'2025-10-18 07:29:49'),(1920,77,17,2,'2025-10-18 07:29:49'),(1921,77,23,2,'2025-10-18 07:29:49'),(1922,77,24,2,'2025-10-18 07:29:49'),(1923,77,27,2,'2025-10-18 07:29:49'),(1924,77,28,2,'2025-10-18 07:29:49'),(1925,77,29,2,'2025-10-18 07:29:49'),(1926,77,31,2,'2025-10-18 07:29:49'),(1927,77,35,2,'2025-10-18 07:29:49'),(1928,77,36,2,'2025-10-18 07:29:49'),(1929,77,37,2,'2025-10-18 07:29:49'),(1930,77,38,2,'2025-10-18 07:29:49'),(1931,77,39,2,'2025-10-18 07:29:49'),(1932,77,41,2,'2025-10-18 07:29:49'),(1933,77,42,2,'2025-10-18 07:29:49'),(1934,77,45,2,'2025-10-18 07:29:49'),(1935,77,46,2,'2025-10-18 07:29:49'),(1936,77,47,2,'2025-10-18 07:29:49'),(1937,77,51,2,'2025-10-18 07:29:49'),(1938,77,55,2,'2025-10-18 07:29:49'),(1939,77,58,2,'2025-10-18 07:29:49'),(1940,77,59,2,'2025-10-18 07:29:49'),(1941,77,62,2,'2025-10-18 07:29:49'),(1942,77,63,2,'2025-10-18 07:29:49'),(1943,77,64,2,'2025-10-18 07:29:49'),(1944,77,65,2,'2025-10-18 07:29:49'),(1945,77,67,2,'2025-10-18 07:29:49'),(1946,77,72,2,'2025-10-18 07:29:49'),(1947,77,75,2,'2025-10-18 07:29:49'),(1948,77,79,2,'2025-10-18 07:29:49'),(1949,77,80,2,'2025-10-18 07:29:49'),(1950,77,86,2,'2025-10-18 07:29:49'),(1951,77,88,2,'2025-10-18 07:29:49'),(1952,77,90,2,'2025-10-18 07:29:49'),(1953,77,94,2,'2025-10-18 07:29:49'),(1954,77,96,2,'2025-10-18 07:29:49'),(1955,77,97,2,'2025-10-18 07:29:49'),(1956,77,98,2,'2025-10-18 07:29:49'),(1957,77,100,2,'2025-10-18 07:29:49'),(1958,78,1,2,'2025-10-18 07:29:49'),(1959,78,5,2,'2025-10-18 07:29:49'),(1960,78,6,2,'2025-10-18 07:29:49'),(1961,78,8,2,'2025-10-18 07:29:49'),(1962,78,15,2,'2025-10-18 07:29:49'),(1963,78,19,2,'2025-10-18 07:29:49'),(1964,78,20,2,'2025-10-18 07:29:49'),(1965,78,27,2,'2025-10-18 07:29:49'),(1966,78,28,2,'2025-10-18 07:29:49'),(1967,78,31,2,'2025-10-18 07:29:49'),(1968,78,35,2,'2025-10-18 07:29:49'),(1969,78,42,2,'2025-10-18 07:29:49'),(1970,78,43,2,'2025-10-18 07:29:49'),(1971,78,47,2,'2025-10-18 07:29:49'),(1972,78,56,2,'2025-10-18 07:29:49'),(1973,78,59,2,'2025-10-18 07:29:49'),(1974,78,75,2,'2025-10-18 07:29:49'),(1975,78,83,2,'2025-10-18 07:29:50'),(1976,78,87,2,'2025-10-18 07:29:50'),(1977,78,94,2,'2025-10-18 07:29:50'),(1978,78,100,2,'2025-10-18 07:29:50'),(1979,79,2,2,'2025-10-18 07:29:50'),(1980,79,6,2,'2025-10-18 07:29:50'),(1981,79,9,2,'2025-10-18 07:29:50'),(1982,79,12,2,'2025-10-18 07:29:50'),(1983,79,13,2,'2025-10-18 07:29:50'),(1984,79,15,2,'2025-10-18 07:29:50'),(1985,79,16,2,'2025-10-18 07:29:50'),(1986,79,18,2,'2025-10-18 07:29:50'),(1987,79,19,2,'2025-10-18 07:29:50'),(1988,79,21,2,'2025-10-18 07:29:50'),(1989,79,22,2,'2025-10-18 07:29:50'),(1990,79,26,2,'2025-10-18 07:29:50'),(1991,79,27,2,'2025-10-18 07:29:50'),(1992,79,30,2,'2025-10-18 07:29:50'),(1993,79,36,2,'2025-10-18 07:29:50'),(1994,79,37,2,'2025-10-18 07:29:50'),(1995,79,39,2,'2025-10-18 07:29:50'),(1996,79,40,2,'2025-10-18 07:29:50'),(1997,79,41,2,'2025-10-18 07:29:50'),(1998,79,50,2,'2025-10-18 07:29:50'),(1999,79,57,2,'2025-10-18 07:29:50'),(2000,79,58,2,'2025-10-18 07:29:50'),(2001,79,60,2,'2025-10-18 07:29:50'),(2002,79,65,2,'2025-10-18 07:29:50'),(2003,79,66,2,'2025-10-18 07:29:50'),(2004,79,68,2,'2025-10-18 07:29:50'),(2005,79,70,2,'2025-10-18 07:29:50'),(2006,79,74,2,'2025-10-18 07:29:50'),(2007,79,76,2,'2025-10-18 07:29:50'),(2008,79,80,2,'2025-10-18 07:29:50'),(2009,79,83,2,'2025-10-18 07:29:50'),(2010,79,84,2,'2025-10-18 07:29:50'),(2011,79,85,2,'2025-10-18 07:29:50'),(2012,79,88,2,'2025-10-18 07:29:50'),(2013,79,90,2,'2025-10-18 07:29:50'),(2014,79,91,2,'2025-10-18 07:29:50'),(2015,79,93,2,'2025-10-18 07:29:50'),(2016,80,6,2,'2025-10-18 07:29:50'),(2017,80,10,2,'2025-10-18 07:29:50'),(2018,80,11,2,'2025-10-18 07:29:50'),(2019,80,12,2,'2025-10-18 07:29:50'),(2020,80,17,2,'2025-10-18 07:29:50'),(2021,80,18,2,'2025-10-18 07:29:50'),(2022,80,22,2,'2025-10-18 07:29:50'),(2023,80,23,2,'2025-10-18 07:29:50'),(2024,80,25,2,'2025-10-18 07:29:50'),(2025,80,26,2,'2025-10-18 07:29:50'),(2026,80,36,2,'2025-10-18 07:29:50'),(2027,80,39,2,'2025-10-18 07:29:50'),(2028,80,41,2,'2025-10-18 07:29:50'),(2029,80,43,2,'2025-10-18 07:29:50'),(2030,80,47,2,'2025-10-18 07:29:50'),(2031,80,52,2,'2025-10-18 07:29:50'),(2032,80,53,2,'2025-10-18 07:29:50'),(2033,80,54,2,'2025-10-18 07:29:50'),(2034,80,55,2,'2025-10-18 07:29:50'),(2035,80,59,2,'2025-10-18 07:29:50'),(2036,80,61,2,'2025-10-18 07:29:50'),(2037,80,73,2,'2025-10-18 07:29:50'),(2038,80,80,2,'2025-10-18 07:29:50'),(2039,80,81,2,'2025-10-18 07:29:50'),(2040,80,84,2,'2025-10-18 07:29:50'),(2041,80,89,2,'2025-10-18 07:29:50'),(2042,80,94,2,'2025-10-18 07:29:50'),(2043,80,97,2,'2025-10-18 07:29:50'),(2044,80,99,2,'2025-10-18 07:29:50'),(2045,80,100,2,'2025-10-18 07:29:50'),(2046,81,2,2,'2025-10-18 07:29:50'),(2047,81,4,2,'2025-10-18 07:29:50'),(2048,81,9,2,'2025-10-18 07:29:50'),(2049,81,11,2,'2025-10-18 07:29:50'),(2050,81,13,2,'2025-10-18 07:29:50'),(2051,81,15,2,'2025-10-18 07:29:50'),(2052,81,17,2,'2025-10-18 07:29:50'),(2053,81,18,2,'2025-10-18 07:29:50'),(2054,81,19,2,'2025-10-18 07:29:50'),(2055,81,20,2,'2025-10-18 07:29:50'),(2056,81,21,2,'2025-10-18 07:29:50'),(2057,81,23,2,'2025-10-18 07:29:50'),(2058,81,25,2,'2025-10-18 07:29:50'),(2059,81,29,2,'2025-10-18 07:29:50'),(2060,81,34,2,'2025-10-18 07:29:50'),(2061,81,35,2,'2025-10-18 07:29:50'),(2062,81,36,2,'2025-10-18 07:29:50'),(2063,81,37,2,'2025-10-18 07:29:50'),(2064,81,38,2,'2025-10-18 07:29:50'),(2065,81,39,2,'2025-10-18 07:29:50'),(2066,81,40,2,'2025-10-18 07:29:50'),(2067,81,41,2,'2025-10-18 07:29:50'),(2068,81,44,2,'2025-10-18 07:29:50'),(2069,81,46,2,'2025-10-18 07:29:50'),(2070,81,50,2,'2025-10-18 07:29:50'),(2071,81,51,2,'2025-10-18 07:29:50'),(2072,81,52,2,'2025-10-18 07:29:50'),(2073,81,56,2,'2025-10-18 07:29:50'),(2074,81,57,2,'2025-10-18 07:29:50'),(2075,81,60,2,'2025-10-18 07:29:50'),(2076,81,66,2,'2025-10-18 07:29:50'),(2077,81,68,2,'2025-10-18 07:29:50'),(2078,81,69,2,'2025-10-18 07:29:50'),(2079,81,70,2,'2025-10-18 07:29:50'),(2080,81,73,2,'2025-10-18 07:29:50'),(2081,81,74,2,'2025-10-18 07:29:50'),(2082,81,77,2,'2025-10-18 07:29:50'),(2083,81,79,2,'2025-10-18 07:29:50'),(2084,81,87,2,'2025-10-18 07:29:50'),(2085,81,88,2,'2025-10-18 07:29:50'),(2086,81,89,2,'2025-10-18 07:29:50'),(2087,81,90,2,'2025-10-18 07:29:50'),(2088,81,93,2,'2025-10-18 07:29:50'),(2089,81,94,2,'2025-10-18 07:29:50'),(2090,81,96,2,'2025-10-18 07:29:50'),(2091,81,97,2,'2025-10-18 07:29:50'),(2092,81,98,2,'2025-10-18 07:29:50'),(2093,81,100,2,'2025-10-18 07:29:50'),(2094,82,1,2,'2025-10-18 07:29:50'),(2095,82,4,2,'2025-10-18 07:29:50'),(2096,82,10,2,'2025-10-18 07:29:50'),(2097,82,11,2,'2025-10-18 07:29:50'),(2098,82,16,2,'2025-10-18 07:29:50'),(2099,82,17,2,'2025-10-18 07:29:50'),(2100,82,19,2,'2025-10-18 07:29:50'),(2101,82,20,2,'2025-10-18 07:29:50'),(2102,82,24,2,'2025-10-18 07:29:50'),(2103,82,29,2,'2025-10-18 07:29:50'),(2104,82,34,2,'2025-10-18 07:29:50'),(2105,82,38,2,'2025-10-18 07:29:50'),(2106,82,42,2,'2025-10-18 07:29:50'),(2107,82,44,2,'2025-10-18 07:29:50'),(2108,82,45,2,'2025-10-18 07:29:50'),(2109,82,51,2,'2025-10-18 07:29:50'),(2110,82,59,2,'2025-10-18 07:29:50'),(2111,82,60,2,'2025-10-18 07:29:50'),(2112,82,62,2,'2025-10-18 07:29:50'),(2113,82,67,2,'2025-10-18 07:29:50'),(2114,82,68,2,'2025-10-18 07:29:50'),(2115,82,76,2,'2025-10-18 07:29:50'),(2116,82,77,2,'2025-10-18 07:29:50'),(2117,82,79,2,'2025-10-18 07:29:50'),(2118,82,83,2,'2025-10-18 07:29:50'),(2119,82,90,2,'2025-10-18 07:29:50'),(2120,82,92,2,'2025-10-18 07:29:50'),(2121,82,94,2,'2025-10-18 07:29:50'),(2122,82,99,2,'2025-10-18 07:29:50'),(2123,83,2,2,'2025-10-18 07:29:50'),(2124,83,3,2,'2025-10-18 07:29:50'),(2125,83,8,2,'2025-10-18 07:29:50'),(2126,83,9,2,'2025-10-18 07:29:50'),(2127,83,10,2,'2025-10-18 07:29:50'),(2128,83,11,2,'2025-10-18 07:29:50'),(2129,83,14,2,'2025-10-18 07:29:50'),(2130,83,16,2,'2025-10-18 07:29:50'),(2131,83,17,2,'2025-10-18 07:29:50'),(2132,83,18,2,'2025-10-18 07:29:50'),(2133,83,20,2,'2025-10-18 07:29:50'),(2134,83,21,2,'2025-10-18 07:29:50'),(2135,83,22,2,'2025-10-18 07:29:50'),(2136,83,26,2,'2025-10-18 07:29:50'),(2137,83,29,2,'2025-10-18 07:29:50'),(2138,83,31,2,'2025-10-18 07:29:50'),(2139,83,37,2,'2025-10-18 07:29:50'),(2140,83,53,2,'2025-10-18 07:29:50'),(2141,83,55,2,'2025-10-18 07:29:50'),(2142,83,57,2,'2025-10-18 07:29:50'),(2143,83,59,2,'2025-10-18 07:29:50'),(2144,83,74,2,'2025-10-18 07:29:50'),(2145,83,90,2,'2025-10-18 07:29:50'),(2146,83,98,2,'2025-10-18 07:29:50'),(2147,83,100,2,'2025-10-18 07:29:50'),(2148,84,8,2,'2025-10-18 07:29:50'),(2149,84,13,2,'2025-10-18 07:29:50'),(2150,84,17,2,'2025-10-18 07:29:50'),(2151,84,20,2,'2025-10-18 07:29:50'),(2152,84,23,2,'2025-10-18 07:29:50'),(2153,84,24,2,'2025-10-18 07:29:50'),(2154,84,30,2,'2025-10-18 07:29:50'),(2155,84,31,2,'2025-10-18 07:29:50'),(2156,84,34,2,'2025-10-18 07:29:50'),(2157,84,40,2,'2025-10-18 07:29:50'),(2158,84,41,2,'2025-10-18 07:29:50'),(2159,84,46,2,'2025-10-18 07:29:50'),(2160,84,49,2,'2025-10-18 07:29:50'),(2161,84,53,2,'2025-10-18 07:29:50'),(2162,84,54,2,'2025-10-18 07:29:50'),(2163,84,58,2,'2025-10-18 07:29:50'),(2164,84,60,2,'2025-10-18 07:29:50'),(2165,84,61,2,'2025-10-18 07:29:50'),(2166,84,67,2,'2025-10-18 07:29:50'),(2167,84,69,2,'2025-10-18 07:29:50'),(2168,84,71,2,'2025-10-18 07:29:50'),(2169,84,89,2,'2025-10-18 07:29:50'),(2170,84,90,2,'2025-10-18 07:29:50'),(2171,85,3,2,'2025-10-18 07:29:50'),(2172,85,4,2,'2025-10-18 07:29:50'),(2173,85,6,2,'2025-10-18 07:29:50'),(2174,85,9,2,'2025-10-18 07:29:50'),(2175,85,14,2,'2025-10-18 07:29:50'),(2176,85,15,2,'2025-10-18 07:29:50'),(2177,85,18,2,'2025-10-18 07:29:50'),(2178,85,25,2,'2025-10-18 07:29:50'),(2179,85,28,2,'2025-10-18 07:29:50'),(2180,85,29,2,'2025-10-18 07:29:50'),(2181,85,30,2,'2025-10-18 07:29:50'),(2182,85,33,2,'2025-10-18 07:29:50'),(2183,85,34,2,'2025-10-18 07:29:50'),(2184,85,36,2,'2025-10-18 07:29:50'),(2185,85,40,2,'2025-10-18 07:29:50'),(2186,85,41,2,'2025-10-18 07:29:50'),(2187,85,42,2,'2025-10-18 07:29:50'),(2188,85,45,2,'2025-10-18 07:29:50'),(2189,85,46,2,'2025-10-18 07:29:50'),(2190,85,47,2,'2025-10-18 07:29:50'),(2191,85,48,2,'2025-10-18 07:29:50'),(2192,85,50,2,'2025-10-18 07:29:50'),(2193,85,52,2,'2025-10-18 07:29:50'),(2194,85,53,2,'2025-10-18 07:29:50'),(2195,85,56,2,'2025-10-18 07:29:50'),(2196,85,59,2,'2025-10-18 07:29:50'),(2197,85,60,2,'2025-10-18 07:29:50'),(2198,85,61,2,'2025-10-18 07:29:50'),(2199,85,65,2,'2025-10-18 07:29:50'),(2200,85,73,2,'2025-10-18 07:29:50'),(2201,85,74,2,'2025-10-18 07:29:50'),(2202,85,75,2,'2025-10-18 07:29:50'),(2203,85,77,2,'2025-10-18 07:29:50'),(2204,85,80,2,'2025-10-18 07:29:50'),(2205,85,84,2,'2025-10-18 07:29:50'),(2206,85,86,2,'2025-10-18 07:29:50'),(2207,85,99,2,'2025-10-18 07:29:50'),(2208,85,100,2,'2025-10-18 07:29:50'),(2209,86,1,2,'2025-10-18 07:29:50'),(2210,86,7,2,'2025-10-18 07:29:50'),(2211,86,10,2,'2025-10-18 07:29:50'),(2212,86,12,2,'2025-10-18 07:29:50'),(2213,86,18,2,'2025-10-18 07:29:50'),(2214,86,22,2,'2025-10-18 07:29:50'),(2215,86,24,2,'2025-10-18 07:29:50'),(2216,86,25,2,'2025-10-18 07:29:50'),(2217,86,32,2,'2025-10-18 07:29:50'),(2218,86,36,2,'2025-10-18 07:29:50'),(2219,86,38,2,'2025-10-18 07:29:50'),(2220,86,42,2,'2025-10-18 07:29:50'),(2221,86,44,2,'2025-10-18 07:29:50'),(2222,86,46,2,'2025-10-18 07:29:50'),(2223,86,48,2,'2025-10-18 07:29:50'),(2224,86,51,2,'2025-10-18 07:29:50'),(2225,86,54,2,'2025-10-18 07:29:50'),(2226,86,57,2,'2025-10-18 07:29:50'),(2227,86,62,2,'2025-10-18 07:29:50'),(2228,86,65,2,'2025-10-18 07:29:50'),(2229,86,73,2,'2025-10-18 07:29:50'),(2230,86,74,2,'2025-10-18 07:29:50'),(2231,86,77,2,'2025-10-18 07:29:50'),(2232,86,80,2,'2025-10-18 07:29:50'),(2233,86,83,2,'2025-10-18 07:29:50'),(2234,86,85,2,'2025-10-18 07:29:50'),(2235,86,89,2,'2025-10-18 07:29:50'),(2236,86,92,2,'2025-10-18 07:29:50'),(2237,86,93,2,'2025-10-18 07:29:50'),(2238,86,94,2,'2025-10-18 07:29:50'),(2239,86,97,2,'2025-10-18 07:29:50'),(2240,86,100,2,'2025-10-18 07:29:50'),(2241,87,2,2,'2025-10-18 07:29:50'),(2242,87,3,2,'2025-10-18 07:29:50'),(2243,87,6,2,'2025-10-18 07:29:50'),(2244,87,10,2,'2025-10-18 07:29:50'),(2245,87,12,2,'2025-10-18 07:29:50'),(2246,87,14,2,'2025-10-18 07:29:50'),(2247,87,15,2,'2025-10-18 07:29:50'),(2248,87,17,2,'2025-10-18 07:29:50'),(2249,87,18,2,'2025-10-18 07:29:50'),(2250,87,20,2,'2025-10-18 07:29:50'),(2251,87,23,2,'2025-10-18 07:29:50'),(2252,87,25,2,'2025-10-18 07:29:50'),(2253,87,27,2,'2025-10-18 07:29:50'),(2254,87,28,2,'2025-10-18 07:29:50'),(2255,87,31,2,'2025-10-18 07:29:50'),(2256,87,34,2,'2025-10-18 07:29:50'),(2257,87,35,2,'2025-10-18 07:29:50'),(2258,87,37,2,'2025-10-18 07:29:50'),(2259,87,38,2,'2025-10-18 07:29:50'),(2260,87,39,2,'2025-10-18 07:29:50'),(2261,87,40,2,'2025-10-18 07:29:50'),(2262,87,43,2,'2025-10-18 07:29:50'),(2263,87,45,2,'2025-10-18 07:29:50'),(2264,87,50,2,'2025-10-18 07:29:50'),(2265,87,51,2,'2025-10-18 07:29:50'),(2266,87,55,2,'2025-10-18 07:29:50'),(2267,87,58,2,'2025-10-18 07:29:50'),(2268,87,60,2,'2025-10-18 07:29:50'),(2269,87,62,2,'2025-10-18 07:29:50'),(2270,87,65,2,'2025-10-18 07:29:50'),(2271,87,69,2,'2025-10-18 07:29:50'),(2272,87,72,2,'2025-10-18 07:29:50'),(2273,87,79,2,'2025-10-18 07:29:50'),(2274,87,81,2,'2025-10-18 07:29:50'),(2275,87,82,2,'2025-10-18 07:29:50'),(2276,87,83,2,'2025-10-18 07:29:50'),(2277,87,84,2,'2025-10-18 07:29:50'),(2278,87,90,2,'2025-10-18 07:29:50'),(2279,87,91,2,'2025-10-18 07:29:50'),(2280,87,92,2,'2025-10-18 07:29:50'),(2281,87,93,2,'2025-10-18 07:29:50'),(2282,87,94,2,'2025-10-18 07:29:50'),(2283,87,96,2,'2025-10-18 07:29:50'),(2284,88,1,2,'2025-10-18 07:29:50'),(2285,88,2,2,'2025-10-18 07:29:50'),(2286,88,3,2,'2025-10-18 07:29:50'),(2287,88,4,2,'2025-10-18 07:29:50'),(2288,88,8,2,'2025-10-18 07:29:50'),(2289,88,10,2,'2025-10-18 07:29:50'),(2290,88,11,2,'2025-10-18 07:29:50'),(2291,88,13,2,'2025-10-18 07:29:50'),(2292,88,16,2,'2025-10-18 07:29:50'),(2293,88,18,2,'2025-10-18 07:29:50'),(2294,88,20,2,'2025-10-18 07:29:50'),(2295,88,24,2,'2025-10-18 07:29:50'),(2296,88,27,2,'2025-10-18 07:29:50'),(2297,88,28,2,'2025-10-18 07:29:50'),(2298,88,31,2,'2025-10-18 07:29:50'),(2299,88,33,2,'2025-10-18 07:29:50'),(2300,88,34,2,'2025-10-18 07:29:50'),(2301,88,35,2,'2025-10-18 07:29:50'),(2302,88,37,2,'2025-10-18 07:29:50'),(2303,88,38,2,'2025-10-18 07:29:50'),(2304,88,41,2,'2025-10-18 07:29:50'),(2305,88,42,2,'2025-10-18 07:29:50'),(2306,88,43,2,'2025-10-18 07:29:50'),(2307,88,48,2,'2025-10-18 07:29:50'),(2308,88,52,2,'2025-10-18 07:29:50'),(2309,88,53,2,'2025-10-18 07:29:50'),(2310,88,55,2,'2025-10-18 07:29:50'),(2311,88,56,2,'2025-10-18 07:29:50'),(2312,88,60,2,'2025-10-18 07:29:50'),(2313,88,66,2,'2025-10-18 07:29:50'),(2314,88,67,2,'2025-10-18 07:29:50'),(2315,88,68,2,'2025-10-18 07:29:50'),(2316,88,69,2,'2025-10-18 07:29:50'),(2317,88,70,2,'2025-10-18 07:29:50'),(2318,88,71,2,'2025-10-18 07:29:50'),(2319,88,72,2,'2025-10-18 07:29:50'),(2320,88,74,2,'2025-10-18 07:29:50'),(2321,88,75,2,'2025-10-18 07:29:50'),(2322,88,76,2,'2025-10-18 07:29:50'),(2323,88,78,2,'2025-10-18 07:29:50'),(2324,88,79,2,'2025-10-18 07:29:50'),(2325,88,80,2,'2025-10-18 07:29:50'),(2326,88,89,2,'2025-10-18 07:29:50'),(2327,88,91,2,'2025-10-18 07:29:50'),(2328,88,95,2,'2025-10-18 07:29:50'),(2329,88,96,2,'2025-10-18 07:29:51'),(2330,88,97,2,'2025-10-18 07:29:51'),(2331,88,99,2,'2025-10-18 07:29:51'),(2332,89,6,2,'2025-10-18 07:29:51'),(2333,89,8,2,'2025-10-18 07:29:51'),(2334,89,11,2,'2025-10-18 07:29:51'),(2335,89,12,2,'2025-10-18 07:29:51'),(2336,89,20,2,'2025-10-18 07:29:51'),(2337,89,23,2,'2025-10-18 07:29:51'),(2338,89,26,2,'2025-10-18 07:29:51'),(2339,89,31,2,'2025-10-18 07:29:51'),(2340,89,32,2,'2025-10-18 07:29:51'),(2341,89,34,2,'2025-10-18 07:29:51'),(2342,89,37,2,'2025-10-18 07:29:51'),(2343,89,50,2,'2025-10-18 07:29:51'),(2344,89,52,2,'2025-10-18 07:29:51'),(2345,89,53,2,'2025-10-18 07:29:51'),(2346,89,57,2,'2025-10-18 07:29:51'),(2347,89,59,2,'2025-10-18 07:29:51'),(2348,89,60,2,'2025-10-18 07:29:51'),(2349,89,62,2,'2025-10-18 07:29:51'),(2350,89,65,2,'2025-10-18 07:29:51'),(2351,89,67,2,'2025-10-18 07:29:51'),(2352,89,70,2,'2025-10-18 07:29:51'),(2353,89,71,2,'2025-10-18 07:29:51'),(2354,89,78,2,'2025-10-18 07:29:51'),(2355,89,80,2,'2025-10-18 07:29:51'),(2356,89,83,2,'2025-10-18 07:29:51'),(2357,89,84,2,'2025-10-18 07:29:51'),(2358,90,1,2,'2025-10-18 07:29:51'),(2359,90,7,2,'2025-10-18 07:29:51'),(2360,90,8,2,'2025-10-18 07:29:51'),(2361,90,9,2,'2025-10-18 07:29:51'),(2362,90,14,2,'2025-10-18 07:29:51'),(2363,90,16,2,'2025-10-18 07:29:51'),(2364,90,18,2,'2025-10-18 07:29:51'),(2365,90,21,2,'2025-10-18 07:29:51'),(2366,90,22,2,'2025-10-18 07:29:51'),(2367,90,32,2,'2025-10-18 07:29:51'),(2368,90,33,2,'2025-10-18 07:29:51'),(2369,90,45,2,'2025-10-18 07:29:51'),(2370,90,48,2,'2025-10-18 07:29:51'),(2371,90,51,2,'2025-10-18 07:29:51'),(2372,90,64,2,'2025-10-18 07:29:51'),(2373,90,66,2,'2025-10-18 07:29:51'),(2374,90,67,2,'2025-10-18 07:29:51'),(2375,90,68,2,'2025-10-18 07:29:51'),(2376,90,69,2,'2025-10-18 07:29:51'),(2377,90,77,2,'2025-10-18 07:29:51'),(2378,90,78,2,'2025-10-18 07:29:51'),(2379,90,79,2,'2025-10-18 07:29:51'),(2380,90,89,2,'2025-10-18 07:29:51'),(2381,90,90,2,'2025-10-18 07:29:51'),(2382,90,92,2,'2025-10-18 07:29:51'),(2383,90,93,2,'2025-10-18 07:29:51'),(2384,90,97,2,'2025-10-18 07:29:51'),(2385,90,99,2,'2025-10-18 07:29:51'),(2386,90,100,2,'2025-10-18 07:29:51'),(2387,91,3,2,'2025-10-18 07:29:51'),(2388,91,5,2,'2025-10-18 07:29:51'),(2389,91,6,2,'2025-10-18 07:29:51'),(2390,91,9,2,'2025-10-18 07:29:51'),(2391,91,28,2,'2025-10-18 07:29:51'),(2392,91,30,2,'2025-10-18 07:29:51'),(2393,91,38,2,'2025-10-18 07:29:51'),(2394,91,43,2,'2025-10-18 07:29:51'),(2395,91,47,2,'2025-10-18 07:29:51'),(2396,91,56,2,'2025-10-18 07:29:51'),(2397,91,58,2,'2025-10-18 07:29:51'),(2398,91,59,2,'2025-10-18 07:29:51'),(2399,91,61,2,'2025-10-18 07:29:51'),(2400,91,69,2,'2025-10-18 07:29:51'),(2401,91,70,2,'2025-10-18 07:29:51'),(2402,91,74,2,'2025-10-18 07:29:51'),(2403,91,75,2,'2025-10-18 07:29:51'),(2404,91,81,2,'2025-10-18 07:29:51'),(2405,91,89,2,'2025-10-18 07:29:51'),(2406,91,96,2,'2025-10-18 07:29:51'),(2407,91,98,2,'2025-10-18 07:29:51'),(2408,91,99,2,'2025-10-18 07:29:51'),(2409,92,3,2,'2025-10-18 07:29:51'),(2410,92,5,2,'2025-10-18 07:29:51'),(2411,92,6,2,'2025-10-18 07:29:51'),(2412,92,7,2,'2025-10-18 07:29:51'),(2413,92,12,2,'2025-10-18 07:29:51'),(2414,92,15,2,'2025-10-18 07:29:51'),(2415,92,17,2,'2025-10-18 07:29:51'),(2416,92,22,2,'2025-10-18 07:29:51'),(2417,92,26,2,'2025-10-18 07:29:51'),(2418,92,30,2,'2025-10-18 07:29:51'),(2419,92,33,2,'2025-10-18 07:29:51'),(2420,92,40,2,'2025-10-18 07:29:51'),(2421,92,41,2,'2025-10-18 07:29:51'),(2422,92,45,2,'2025-10-18 07:29:51'),(2423,92,47,2,'2025-10-18 07:29:51'),(2424,92,53,2,'2025-10-18 07:29:51'),(2425,92,56,2,'2025-10-18 07:29:51'),(2426,92,59,2,'2025-10-18 07:29:51'),(2427,92,74,2,'2025-10-18 07:29:51'),(2428,92,81,2,'2025-10-18 07:29:51'),(2429,92,82,2,'2025-10-18 07:29:51'),(2430,92,85,2,'2025-10-18 07:29:51'),(2431,92,92,2,'2025-10-18 07:29:51'),(2432,92,96,2,'2025-10-18 07:29:51'),(2433,92,97,2,'2025-10-18 07:29:51'),(2434,93,1,2,'2025-10-18 07:29:51'),(2435,93,2,2,'2025-10-18 07:29:51'),(2436,93,4,2,'2025-10-18 07:29:51'),(2437,93,5,2,'2025-10-18 07:29:51'),(2438,93,9,2,'2025-10-18 07:29:51'),(2439,93,11,2,'2025-10-18 07:29:51'),(2440,93,13,2,'2025-10-18 07:29:51'),(2441,93,17,2,'2025-10-18 07:29:51'),(2442,93,18,2,'2025-10-18 07:29:51'),(2443,93,19,2,'2025-10-18 07:29:51'),(2444,93,20,2,'2025-10-18 07:29:51'),(2445,93,22,2,'2025-10-18 07:29:51'),(2446,93,23,2,'2025-10-18 07:29:51'),(2447,93,24,2,'2025-10-18 07:29:51'),(2448,93,28,2,'2025-10-18 07:29:51'),(2449,93,30,2,'2025-10-18 07:29:51'),(2450,93,32,2,'2025-10-18 07:29:51'),(2451,93,33,2,'2025-10-18 07:29:51'),(2452,93,34,2,'2025-10-18 07:29:51'),(2453,93,35,2,'2025-10-18 07:29:51'),(2454,93,39,2,'2025-10-18 07:29:51'),(2455,93,40,2,'2025-10-18 07:29:51'),(2456,93,45,2,'2025-10-18 07:29:51'),(2457,93,46,2,'2025-10-18 07:29:51'),(2458,93,53,2,'2025-10-18 07:29:51'),(2459,93,56,2,'2025-10-18 07:29:51'),(2460,93,58,2,'2025-10-18 07:29:51'),(2461,93,61,2,'2025-10-18 07:29:51'),(2462,93,63,2,'2025-10-18 07:29:51'),(2463,93,66,2,'2025-10-18 07:29:51'),(2464,93,67,2,'2025-10-18 07:29:51'),(2465,93,69,2,'2025-10-18 07:29:51'),(2466,93,70,2,'2025-10-18 07:29:51'),(2467,93,72,2,'2025-10-18 07:29:51'),(2468,93,79,2,'2025-10-18 07:29:51'),(2469,93,88,2,'2025-10-18 07:29:51'),(2470,93,90,2,'2025-10-18 07:29:51'),(2471,93,93,2,'2025-10-18 07:29:51'),(2472,93,96,2,'2025-10-18 07:29:51'),(2473,93,99,2,'2025-10-18 07:29:51'),(2474,94,8,2,'2025-10-18 07:29:51'),(2475,94,9,2,'2025-10-18 07:29:51'),(2476,94,21,2,'2025-10-18 07:29:51'),(2477,94,24,2,'2025-10-18 07:29:51'),(2478,94,25,2,'2025-10-18 07:29:51'),(2479,94,27,2,'2025-10-18 07:29:51'),(2480,94,34,2,'2025-10-18 07:29:51'),(2481,94,37,2,'2025-10-18 07:29:51'),(2482,94,39,2,'2025-10-18 07:29:51'),(2483,94,41,2,'2025-10-18 07:29:51'),(2484,94,42,2,'2025-10-18 07:29:51'),(2485,94,46,2,'2025-10-18 07:29:51'),(2486,94,54,2,'2025-10-18 07:29:51'),(2487,94,56,2,'2025-10-18 07:29:51'),(2488,94,60,2,'2025-10-18 07:29:51'),(2489,94,65,2,'2025-10-18 07:29:51'),(2490,94,67,2,'2025-10-18 07:29:51'),(2491,94,68,2,'2025-10-18 07:29:51'),(2492,94,75,2,'2025-10-18 07:29:51'),(2493,94,80,2,'2025-10-18 07:29:51'),(2494,94,81,2,'2025-10-18 07:29:51'),(2495,94,91,2,'2025-10-18 07:29:51'),(2496,94,93,2,'2025-10-18 07:29:51'),(2497,95,1,2,'2025-10-18 07:29:51'),(2498,95,3,2,'2025-10-18 07:29:51'),(2499,95,4,2,'2025-10-18 07:29:51'),(2500,95,8,2,'2025-10-18 07:29:51'),(2501,95,9,2,'2025-10-18 07:29:51'),(2502,95,11,2,'2025-10-18 07:29:51'),(2503,95,14,2,'2025-10-18 07:29:51'),(2504,95,16,2,'2025-10-18 07:29:51'),(2505,95,17,2,'2025-10-18 07:29:51'),(2506,95,20,2,'2025-10-18 07:29:51'),(2507,95,21,2,'2025-10-18 07:29:51'),(2508,95,23,2,'2025-10-18 07:29:51'),(2509,95,25,2,'2025-10-18 07:29:51'),(2510,95,26,2,'2025-10-18 07:29:51'),(2511,95,28,2,'2025-10-18 07:29:51'),(2512,95,29,2,'2025-10-18 07:29:51'),(2513,95,31,2,'2025-10-18 07:29:51'),(2514,95,32,2,'2025-10-18 07:29:51'),(2515,95,35,2,'2025-10-18 07:29:51'),(2516,95,37,2,'2025-10-18 07:29:51'),(2517,95,45,2,'2025-10-18 07:29:51'),(2518,95,47,2,'2025-10-18 07:29:51'),(2519,95,48,2,'2025-10-18 07:29:51'),(2520,95,52,2,'2025-10-18 07:29:51'),(2521,95,53,2,'2025-10-18 07:29:51'),(2522,95,54,2,'2025-10-18 07:29:51'),(2523,95,57,2,'2025-10-18 07:29:51'),(2524,95,58,2,'2025-10-18 07:29:51'),(2525,95,59,2,'2025-10-18 07:29:51'),(2526,95,60,2,'2025-10-18 07:29:51'),(2527,95,68,2,'2025-10-18 07:29:51'),(2528,95,69,2,'2025-10-18 07:29:51'),(2529,95,70,2,'2025-10-18 07:29:51'),(2530,95,71,2,'2025-10-18 07:29:51'),(2531,95,75,2,'2025-10-18 07:29:51'),(2532,95,80,2,'2025-10-18 07:29:51'),(2533,95,81,2,'2025-10-18 07:29:51'),(2534,95,85,2,'2025-10-18 07:29:51'),(2535,95,86,2,'2025-10-18 07:29:51'),(2536,95,89,2,'2025-10-18 07:29:51'),(2537,95,91,2,'2025-10-18 07:29:51'),(2538,95,94,2,'2025-10-18 07:29:51'),(2539,95,97,2,'2025-10-18 07:29:51'),(2540,95,100,2,'2025-10-18 07:29:51'),(2541,96,4,2,'2025-10-18 07:29:51'),(2542,96,7,2,'2025-10-18 07:29:51'),(2543,96,14,2,'2025-10-18 07:29:51'),(2544,96,20,2,'2025-10-18 07:29:51'),(2545,96,22,2,'2025-10-18 07:29:51'),(2546,96,24,2,'2025-10-18 07:29:51'),(2547,96,25,2,'2025-10-18 07:29:51'),(2548,96,29,2,'2025-10-18 07:29:51'),(2549,96,30,2,'2025-10-18 07:29:51'),(2550,96,39,2,'2025-10-18 07:29:51'),(2551,96,42,2,'2025-10-18 07:29:51'),(2552,96,43,2,'2025-10-18 07:29:51'),(2553,96,49,2,'2025-10-18 07:29:51'),(2554,96,50,2,'2025-10-18 07:29:51'),(2555,96,51,2,'2025-10-18 07:29:51'),(2556,96,59,2,'2025-10-18 07:29:51'),(2557,96,63,2,'2025-10-18 07:29:51'),(2558,96,64,2,'2025-10-18 07:29:51'),(2559,96,66,2,'2025-10-18 07:29:51'),(2560,96,88,2,'2025-10-18 07:29:51'),(2561,96,89,2,'2025-10-18 07:29:51'),(2562,96,90,2,'2025-10-18 07:29:51'),(2563,96,97,2,'2025-10-18 07:29:51'),(2564,96,98,2,'2025-10-18 07:29:51'),(2565,96,99,2,'2025-10-18 07:29:51'),(2566,96,100,2,'2025-10-18 07:29:51'),(2567,97,6,2,'2025-10-18 07:29:51'),(2568,97,7,2,'2025-10-18 07:29:51'),(2569,97,13,2,'2025-10-18 07:29:51'),(2570,97,14,2,'2025-10-18 07:29:51'),(2571,97,18,2,'2025-10-18 07:29:51'),(2572,97,20,2,'2025-10-18 07:29:51'),(2573,97,21,2,'2025-10-18 07:29:51'),(2574,97,22,2,'2025-10-18 07:29:51'),(2575,97,23,2,'2025-10-18 07:29:51'),(2576,97,25,2,'2025-10-18 07:29:51'),(2577,97,26,2,'2025-10-18 07:29:51'),(2578,97,27,2,'2025-10-18 07:29:51'),(2579,97,28,2,'2025-10-18 07:29:51'),(2580,97,29,2,'2025-10-18 07:29:51'),(2581,97,30,2,'2025-10-18 07:29:51'),(2582,97,32,2,'2025-10-18 07:29:51'),(2583,97,35,2,'2025-10-18 07:29:51'),(2584,97,38,2,'2025-10-18 07:29:51'),(2585,97,41,2,'2025-10-18 07:29:51'),(2586,97,44,2,'2025-10-18 07:29:51'),(2587,97,47,2,'2025-10-18 07:29:51'),(2588,97,48,2,'2025-10-18 07:29:51'),(2589,97,49,2,'2025-10-18 07:29:51'),(2590,97,51,2,'2025-10-18 07:29:51'),(2591,97,54,2,'2025-10-18 07:29:51'),(2592,97,55,2,'2025-10-18 07:29:51'),(2593,97,56,2,'2025-10-18 07:29:51'),(2594,97,58,2,'2025-10-18 07:29:51'),(2595,97,62,2,'2025-10-18 07:29:51'),(2596,97,63,2,'2025-10-18 07:29:51'),(2597,97,68,2,'2025-10-18 07:29:51'),(2598,97,71,2,'2025-10-18 07:29:51'),(2599,97,80,2,'2025-10-18 07:29:51'),(2600,97,82,2,'2025-10-18 07:29:51'),(2601,97,86,2,'2025-10-18 07:29:51'),(2602,97,91,2,'2025-10-18 07:29:51'),(2603,97,92,2,'2025-10-18 07:29:51'),(2604,97,95,2,'2025-10-18 07:29:51'),(2605,97,96,2,'2025-10-18 07:29:51'),(2606,98,6,2,'2025-10-18 07:29:51'),(2607,98,11,2,'2025-10-18 07:29:51'),(2608,98,14,2,'2025-10-18 07:29:51'),(2609,98,20,2,'2025-10-18 07:29:51'),(2610,98,22,2,'2025-10-18 07:29:51'),(2611,98,23,2,'2025-10-18 07:29:51'),(2612,98,27,2,'2025-10-18 07:29:51'),(2613,98,29,2,'2025-10-18 07:29:51'),(2614,98,30,2,'2025-10-18 07:29:51'),(2615,98,38,2,'2025-10-18 07:29:51'),(2616,98,40,2,'2025-10-18 07:29:51'),(2617,98,43,2,'2025-10-18 07:29:51'),(2618,98,49,2,'2025-10-18 07:29:51'),(2619,98,65,2,'2025-10-18 07:29:51'),(2620,98,68,2,'2025-10-18 07:29:51'),(2621,98,74,2,'2025-10-18 07:29:51'),(2622,98,89,2,'2025-10-18 07:29:51'),(2623,98,93,2,'2025-10-18 07:29:51'),(2624,98,97,2,'2025-10-18 07:29:51'),(2625,98,98,2,'2025-10-18 07:29:51'),(2626,98,100,2,'2025-10-18 07:29:51'),(2627,99,1,2,'2025-10-18 07:29:51'),(2628,99,2,2,'2025-10-18 07:29:51'),(2629,99,4,2,'2025-10-18 07:29:51'),(2630,99,5,2,'2025-10-18 07:29:51'),(2631,99,13,2,'2025-10-18 07:29:51'),(2632,99,14,2,'2025-10-18 07:29:51'),(2633,99,18,2,'2025-10-18 07:29:51'),(2634,99,23,2,'2025-10-18 07:29:51'),(2635,99,27,2,'2025-10-18 07:29:51'),(2636,99,28,2,'2025-10-18 07:29:51'),(2637,99,30,2,'2025-10-18 07:29:51'),(2638,99,31,2,'2025-10-18 07:29:51'),(2639,99,35,2,'2025-10-18 07:29:51'),(2640,99,36,2,'2025-10-18 07:29:51'),(2641,99,39,2,'2025-10-18 07:29:51'),(2642,99,41,2,'2025-10-18 07:29:51'),(2643,99,43,2,'2025-10-18 07:29:51'),(2644,99,46,2,'2025-10-18 07:29:51'),(2645,99,47,2,'2025-10-18 07:29:51'),(2646,99,49,2,'2025-10-18 07:29:51'),(2647,99,51,2,'2025-10-18 07:29:51'),(2648,99,54,2,'2025-10-18 07:29:51'),(2649,99,66,2,'2025-10-18 07:29:51'),(2650,99,71,2,'2025-10-18 07:29:51'),(2651,99,72,2,'2025-10-18 07:29:51'),(2652,99,73,2,'2025-10-18 07:29:51'),(2653,99,74,2,'2025-10-18 07:29:51'),(2654,99,75,2,'2025-10-18 07:29:51'),(2655,99,76,2,'2025-10-18 07:29:51'),(2656,99,77,2,'2025-10-18 07:29:51'),(2657,99,78,2,'2025-10-18 07:29:51'),(2658,99,81,2,'2025-10-18 07:29:51'),(2659,99,83,2,'2025-10-18 07:29:51'),(2660,99,84,2,'2025-10-18 07:29:51'),(2661,99,87,2,'2025-10-18 07:29:51'),(2662,99,88,2,'2025-10-18 07:29:51'),(2663,99,91,2,'2025-10-18 07:29:51'),(2664,99,92,2,'2025-10-18 07:29:51'),(2665,99,99,2,'2025-10-18 07:29:51'),(2666,100,2,2,'2025-10-18 07:29:51'),(2667,100,6,2,'2025-10-18 07:29:51'),(2668,100,9,2,'2025-10-18 07:29:51'),(2669,100,10,2,'2025-10-18 07:29:51'),(2670,100,15,2,'2025-10-18 07:29:51'),(2671,100,16,2,'2025-10-18 07:29:51'),(2672,100,17,2,'2025-10-18 07:29:51'),(2673,100,23,2,'2025-10-18 07:29:51'),(2674,100,24,2,'2025-10-18 07:29:51'),(2675,100,26,2,'2025-10-18 07:29:51'),(2676,100,34,2,'2025-10-18 07:29:51'),(2677,100,35,2,'2025-10-18 07:29:51'),(2678,100,41,2,'2025-10-18 07:29:51'),(2679,100,42,2,'2025-10-18 07:29:51'),(2680,100,43,2,'2025-10-18 07:29:52'),(2681,100,47,2,'2025-10-18 07:29:52'),(2682,100,48,2,'2025-10-18 07:29:52'),(2683,100,49,2,'2025-10-18 07:29:52'),(2684,100,50,2,'2025-10-18 07:29:52'),(2685,100,51,2,'2025-10-18 07:29:52'),(2686,100,56,2,'2025-10-18 07:29:52'),(2687,100,57,2,'2025-10-18 07:29:52'),(2688,100,64,2,'2025-10-18 07:29:52'),(2689,100,65,2,'2025-10-18 07:29:52'),(2690,100,76,2,'2025-10-18 07:29:52'),(2691,100,77,2,'2025-10-18 07:29:52'),(2692,100,78,2,'2025-10-18 07:29:52'),(2693,100,79,2,'2025-10-18 07:29:52'),(2694,100,80,2,'2025-10-18 07:29:52'),(2695,100,82,2,'2025-10-18 07:29:52'),(2696,100,83,2,'2025-10-18 07:29:52'),(2697,100,88,2,'2025-10-18 07:29:52'),(2698,100,90,2,'2025-10-18 07:29:52'),(2699,100,94,2,'2025-10-18 07:29:52'),(2700,100,95,2,'2025-10-18 07:29:52'),(2701,100,96,2,'2025-10-18 07:29:52'),(2702,100,97,2,'2025-10-18 07:29:52'),(2703,100,98,2,'2025-10-18 07:29:52'),(2704,101,8,2,'2025-10-18 07:29:52'),(2705,101,11,2,'2025-10-18 07:29:52'),(2706,101,14,2,'2025-10-18 07:29:52'),(2707,101,17,2,'2025-10-18 07:29:52'),(2708,101,22,2,'2025-10-18 07:29:52'),(2709,101,26,2,'2025-10-18 07:29:52'),(2710,101,27,2,'2025-10-18 07:29:52'),(2711,101,29,2,'2025-10-18 07:29:52'),(2712,101,31,2,'2025-10-18 07:29:52'),(2713,101,34,2,'2025-10-18 07:29:52'),(2714,101,37,2,'2025-10-18 07:29:52'),(2715,101,47,2,'2025-10-18 07:29:52'),(2716,101,48,2,'2025-10-18 07:29:52'),(2717,101,51,2,'2025-10-18 07:29:52'),(2718,101,54,2,'2025-10-18 07:29:52'),(2719,101,64,2,'2025-10-18 07:29:52'),(2720,101,70,2,'2025-10-18 07:29:52'),(2721,101,71,2,'2025-10-18 07:29:52'),(2722,101,75,2,'2025-10-18 07:29:52'),(2723,101,84,2,'2025-10-18 07:29:52'),(2724,101,92,2,'2025-10-18 07:29:52'),(2725,101,96,2,'2025-10-18 07:29:52'),(2726,101,97,2,'2025-10-18 07:29:52'),(2727,101,98,2,'2025-10-18 07:29:52'),(2728,102,6,2,'2025-10-18 07:29:52'),(2729,102,11,2,'2025-10-18 07:29:52'),(2730,102,13,2,'2025-10-18 07:29:52'),(2731,102,15,2,'2025-10-18 07:29:52'),(2732,102,16,2,'2025-10-18 07:29:52'),(2733,102,18,2,'2025-10-18 07:29:52'),(2734,102,21,2,'2025-10-18 07:29:52'),(2735,102,23,2,'2025-10-18 07:29:52'),(2736,102,24,2,'2025-10-18 07:29:52'),(2737,102,29,2,'2025-10-18 07:29:52'),(2738,102,35,2,'2025-10-18 07:29:52'),(2739,102,37,2,'2025-10-18 07:29:52'),(2740,102,40,2,'2025-10-18 07:29:52'),(2741,102,41,2,'2025-10-18 07:29:52'),(2742,102,42,2,'2025-10-18 07:29:52'),(2743,102,51,2,'2025-10-18 07:29:52'),(2744,102,52,2,'2025-10-18 07:29:52'),(2745,102,53,2,'2025-10-18 07:29:52'),(2746,102,56,2,'2025-10-18 07:29:52'),(2747,102,59,2,'2025-10-18 07:29:52'),(2748,102,65,2,'2025-10-18 07:29:52'),(2749,102,69,2,'2025-10-18 07:29:52'),(2750,102,73,2,'2025-10-18 07:29:52'),(2751,102,74,2,'2025-10-18 07:29:52'),(2752,102,75,2,'2025-10-18 07:29:52'),(2753,102,79,2,'2025-10-18 07:29:52'),(2754,102,81,2,'2025-10-18 07:29:52'),(2755,102,84,2,'2025-10-18 07:29:52'),(2756,102,85,2,'2025-10-18 07:29:52'),(2757,102,88,2,'2025-10-18 07:29:52'),(2758,102,90,2,'2025-10-18 07:29:52'),(2759,102,93,2,'2025-10-18 07:29:52'),(2760,102,100,2,'2025-10-18 07:29:52'),(2761,103,1,2,'2025-10-18 07:29:52'),(2762,103,6,2,'2025-10-18 07:29:52'),(2763,103,10,2,'2025-10-18 07:29:52'),(2764,103,14,2,'2025-10-18 07:29:52'),(2765,103,19,2,'2025-10-18 07:29:52'),(2766,103,20,2,'2025-10-18 07:29:52'),(2767,103,22,2,'2025-10-18 07:29:52'),(2768,103,23,2,'2025-10-18 07:29:52'),(2769,103,25,2,'2025-10-18 07:29:52'),(2770,103,26,2,'2025-10-18 07:29:52'),(2771,103,30,2,'2025-10-18 07:29:52'),(2772,103,32,2,'2025-10-18 07:29:52'),(2773,103,36,2,'2025-10-18 07:29:52'),(2774,103,38,2,'2025-10-18 07:29:52'),(2775,103,43,2,'2025-10-18 07:29:52'),(2776,103,45,2,'2025-10-18 07:29:52'),(2777,103,48,2,'2025-10-18 07:29:52'),(2778,103,56,2,'2025-10-18 07:29:52'),(2779,103,57,2,'2025-10-18 07:29:52'),(2780,103,63,2,'2025-10-18 07:29:52'),(2781,103,64,2,'2025-10-18 07:29:52'),(2782,103,66,2,'2025-10-18 07:29:52'),(2783,103,67,2,'2025-10-18 07:29:52'),(2784,103,68,2,'2025-10-18 07:29:52'),(2785,103,69,2,'2025-10-18 07:29:52'),(2786,103,72,2,'2025-10-18 07:29:52'),(2787,103,76,2,'2025-10-18 07:29:52'),(2788,103,81,2,'2025-10-18 07:29:52'),(2789,103,82,2,'2025-10-18 07:29:52'),(2790,103,84,2,'2025-10-18 07:29:52'),(2791,103,89,2,'2025-10-18 07:29:52'),(2792,103,93,2,'2025-10-18 07:29:52'),(2793,103,97,2,'2025-10-18 07:29:52'),(2794,104,1,2,'2025-10-18 07:29:52'),(2795,104,3,2,'2025-10-18 07:29:52'),(2796,104,7,2,'2025-10-18 07:29:52'),(2797,104,18,2,'2025-10-18 07:29:52'),(2798,104,22,2,'2025-10-18 07:29:52'),(2799,104,28,2,'2025-10-18 07:29:52'),(2800,104,37,2,'2025-10-18 07:29:52'),(2801,104,38,2,'2025-10-18 07:29:52'),(2802,104,39,2,'2025-10-18 07:29:52'),(2803,104,48,2,'2025-10-18 07:29:52'),(2804,104,51,2,'2025-10-18 07:29:52'),(2805,104,54,2,'2025-10-18 07:29:52'),(2806,104,57,2,'2025-10-18 07:29:52'),(2807,104,59,2,'2025-10-18 07:29:52'),(2808,104,61,2,'2025-10-18 07:29:52'),(2809,104,63,2,'2025-10-18 07:29:52'),(2810,104,68,2,'2025-10-18 07:29:52'),(2811,104,71,2,'2025-10-18 07:29:52'),(2812,104,73,2,'2025-10-18 07:29:52'),(2813,104,75,2,'2025-10-18 07:29:52'),(2814,104,85,2,'2025-10-18 07:29:52'),(2815,104,86,2,'2025-10-18 07:29:52'),(2816,104,87,2,'2025-10-18 07:29:52'),(2817,104,88,2,'2025-10-18 07:29:52'),(2818,104,89,2,'2025-10-18 07:29:52'),(2819,104,91,2,'2025-10-18 07:29:52'),(2820,104,93,2,'2025-10-18 07:29:52'),(2821,104,96,2,'2025-10-18 07:29:52'),(2822,105,1,2,'2025-10-18 07:29:52'),(2823,105,2,2,'2025-10-18 07:29:52'),(2824,105,7,2,'2025-10-18 07:29:52'),(2825,105,8,2,'2025-10-18 07:29:52'),(2826,105,11,2,'2025-10-18 07:29:52'),(2827,105,13,2,'2025-10-18 07:29:52'),(2828,105,15,2,'2025-10-18 07:29:52'),(2829,105,17,2,'2025-10-18 07:29:52'),(2830,105,22,2,'2025-10-18 07:29:52'),(2831,105,24,2,'2025-10-18 07:29:52'),(2832,105,28,2,'2025-10-18 07:29:52'),(2833,105,29,2,'2025-10-18 07:29:52'),(2834,105,31,2,'2025-10-18 07:29:52'),(2835,105,33,2,'2025-10-18 07:29:52'),(2836,105,36,2,'2025-10-18 07:29:52'),(2837,105,40,2,'2025-10-18 07:29:52'),(2838,105,41,2,'2025-10-18 07:29:52'),(2839,105,42,2,'2025-10-18 07:29:52'),(2840,105,46,2,'2025-10-18 07:29:52'),(2841,105,47,2,'2025-10-18 07:29:52'),(2842,105,50,2,'2025-10-18 07:29:52'),(2843,105,51,2,'2025-10-18 07:29:52'),(2844,105,56,2,'2025-10-18 07:29:52'),(2845,105,57,2,'2025-10-18 07:29:52'),(2846,105,59,2,'2025-10-18 07:29:52'),(2847,105,60,2,'2025-10-18 07:29:52'),(2848,105,62,2,'2025-10-18 07:29:52'),(2849,105,63,2,'2025-10-18 07:29:52'),(2850,105,66,2,'2025-10-18 07:29:52'),(2851,105,67,2,'2025-10-18 07:29:52'),(2852,105,74,2,'2025-10-18 07:29:52'),(2853,105,76,2,'2025-10-18 07:29:52'),(2854,105,77,2,'2025-10-18 07:29:52'),(2855,105,78,2,'2025-10-18 07:29:52'),(2856,105,79,2,'2025-10-18 07:29:52'),(2857,105,81,2,'2025-10-18 07:29:52'),(2858,105,82,2,'2025-10-18 07:29:52'),(2859,105,84,2,'2025-10-18 07:29:52'),(2860,105,89,2,'2025-10-18 07:29:52'),(2861,105,96,2,'2025-10-18 07:29:52'),(2862,105,99,2,'2025-10-18 07:29:52'),(2863,106,2,2,'2025-10-18 07:29:52'),(2864,106,6,2,'2025-10-18 07:29:52'),(2865,106,10,2,'2025-10-18 07:29:52'),(2866,106,14,2,'2025-10-18 07:29:52'),(2867,106,20,2,'2025-10-18 07:29:52'),(2868,106,21,2,'2025-10-18 07:29:52'),(2869,106,24,2,'2025-10-18 07:29:52'),(2870,106,29,2,'2025-10-18 07:29:52'),(2871,106,31,2,'2025-10-18 07:29:52'),(2872,106,36,2,'2025-10-18 07:29:52'),(2873,106,37,2,'2025-10-18 07:29:52'),(2874,106,39,2,'2025-10-18 07:29:52'),(2875,106,42,2,'2025-10-18 07:29:52'),(2876,106,43,2,'2025-10-18 07:29:52'),(2877,106,45,2,'2025-10-18 07:29:52'),(2878,106,46,2,'2025-10-18 07:29:52'),(2879,106,52,2,'2025-10-18 07:29:52'),(2880,106,53,2,'2025-10-18 07:29:52'),(2881,106,54,2,'2025-10-18 07:29:52'),(2882,106,56,2,'2025-10-18 07:29:52'),(2883,106,63,2,'2025-10-18 07:29:52'),(2884,106,65,2,'2025-10-18 07:29:52'),(2885,106,70,2,'2025-10-18 07:29:52'),(2886,106,71,2,'2025-10-18 07:29:52'),(2887,106,73,2,'2025-10-18 07:29:52'),(2888,106,74,2,'2025-10-18 07:29:52'),(2889,106,75,2,'2025-10-18 07:29:52'),(2890,106,79,2,'2025-10-18 07:29:52'),(2891,106,85,2,'2025-10-18 07:29:52'),(2892,106,92,2,'2025-10-18 07:29:52'),(2893,106,95,2,'2025-10-18 07:29:52'),(2894,107,4,2,'2025-10-18 07:29:52'),(2895,107,7,2,'2025-10-18 07:29:52'),(2896,107,8,2,'2025-10-18 07:29:52'),(2897,107,16,2,'2025-10-18 07:29:52'),(2898,107,28,2,'2025-10-18 07:29:52'),(2899,107,32,2,'2025-10-18 07:29:52'),(2900,107,34,2,'2025-10-18 07:29:52'),(2901,107,40,2,'2025-10-18 07:29:52'),(2902,107,41,2,'2025-10-18 07:29:52'),(2903,107,48,2,'2025-10-18 07:29:52'),(2904,107,53,2,'2025-10-18 07:29:52'),(2905,107,54,2,'2025-10-18 07:29:52'),(2906,107,57,2,'2025-10-18 07:29:52'),(2907,107,58,2,'2025-10-18 07:29:52'),(2908,107,69,2,'2025-10-18 07:29:52'),(2909,107,84,2,'2025-10-18 07:29:52'),(2910,107,85,2,'2025-10-18 07:29:52'),(2911,107,87,2,'2025-10-18 07:29:52'),(2912,107,88,2,'2025-10-18 07:29:52'),(2913,107,98,2,'2025-10-18 07:29:52'),(2914,108,2,2,'2025-10-18 07:29:52'),(2915,108,3,2,'2025-10-18 07:29:52'),(2916,108,4,2,'2025-10-18 07:29:52'),(2917,108,8,2,'2025-10-18 07:29:52'),(2918,108,13,2,'2025-10-18 07:29:52'),(2919,108,16,2,'2025-10-18 07:29:52'),(2920,108,17,2,'2025-10-18 07:29:52'),(2921,108,18,2,'2025-10-18 07:29:52'),(2922,108,22,2,'2025-10-18 07:29:52'),(2923,108,25,2,'2025-10-18 07:29:52'),(2924,108,27,2,'2025-10-18 07:29:52'),(2925,108,28,2,'2025-10-18 07:29:52'),(2926,108,30,2,'2025-10-18 07:29:52'),(2927,108,33,2,'2025-10-18 07:29:52'),(2928,108,38,2,'2025-10-18 07:29:52'),(2929,108,39,2,'2025-10-18 07:29:52'),(2930,108,42,2,'2025-10-18 07:29:52'),(2931,108,43,2,'2025-10-18 07:29:52'),(2932,108,44,2,'2025-10-18 07:29:52'),(2933,108,47,2,'2025-10-18 07:29:52'),(2934,108,53,2,'2025-10-18 07:29:52'),(2935,108,54,2,'2025-10-18 07:29:52'),(2936,108,58,2,'2025-10-18 07:29:52'),(2937,108,60,2,'2025-10-18 07:29:52'),(2938,108,61,2,'2025-10-18 07:29:52'),(2939,108,62,2,'2025-10-18 07:29:52'),(2940,108,63,2,'2025-10-18 07:29:52'),(2941,108,67,2,'2025-10-18 07:29:52'),(2942,108,70,2,'2025-10-18 07:29:52'),(2943,108,72,2,'2025-10-18 07:29:52'),(2944,108,78,2,'2025-10-18 07:29:52'),(2945,108,84,2,'2025-10-18 07:29:52'),(2946,108,85,2,'2025-10-18 07:29:52'),(2947,108,86,2,'2025-10-18 07:29:52'),(2948,108,88,2,'2025-10-18 07:29:52'),(2949,108,95,2,'2025-10-18 07:29:52'),(2950,108,97,2,'2025-10-18 07:29:52'),(2951,108,99,2,'2025-10-18 07:29:52'),(2952,109,6,2,'2025-10-18 07:29:52'),(2953,109,7,2,'2025-10-18 07:29:52'),(2954,109,11,2,'2025-10-18 07:29:52'),(2955,109,13,2,'2025-10-18 07:29:52'),(2956,109,29,2,'2025-10-18 07:29:52'),(2957,109,32,2,'2025-10-18 07:29:52'),(2958,109,38,2,'2025-10-18 07:29:52'),(2959,109,47,2,'2025-10-18 07:29:52'),(2960,109,51,2,'2025-10-18 07:29:52'),(2961,109,52,2,'2025-10-18 07:29:52'),(2962,109,53,2,'2025-10-18 07:29:52'),(2963,109,54,2,'2025-10-18 07:29:52'),(2964,109,60,2,'2025-10-18 07:29:52'),(2965,109,63,2,'2025-10-18 07:29:52'),(2966,109,66,2,'2025-10-18 07:29:52'),(2967,109,69,2,'2025-10-18 07:29:52'),(2968,109,74,2,'2025-10-18 07:29:52'),(2969,109,78,2,'2025-10-18 07:29:52'),(2970,109,79,2,'2025-10-18 07:29:52'),(2971,109,86,2,'2025-10-18 07:29:52'),(2972,109,91,2,'2025-10-18 07:29:52'),(2973,109,92,2,'2025-10-18 07:29:52'),(2974,109,93,2,'2025-10-18 07:29:52'),(2975,109,94,2,'2025-10-18 07:29:52'),(2976,109,99,2,'2025-10-18 07:29:52'),(2977,110,1,2,'2025-10-18 07:29:52'),(2978,110,5,2,'2025-10-18 07:29:52'),(2979,110,7,2,'2025-10-18 07:29:52'),(2980,110,8,2,'2025-10-18 07:29:52'),(2981,110,12,2,'2025-10-18 07:29:52'),(2982,110,13,2,'2025-10-18 07:29:52'),(2983,110,14,2,'2025-10-18 07:29:52'),(2984,110,16,2,'2025-10-18 07:29:52'),(2985,110,18,2,'2025-10-18 07:29:52'),(2986,110,19,2,'2025-10-18 07:29:52'),(2987,110,21,2,'2025-10-18 07:29:52'),(2988,110,22,2,'2025-10-18 07:29:52'),(2989,110,27,2,'2025-10-18 07:29:52'),(2990,110,29,2,'2025-10-18 07:29:52'),(2991,110,30,2,'2025-10-18 07:29:52'),(2992,110,31,2,'2025-10-18 07:29:52'),(2993,110,32,2,'2025-10-18 07:29:52'),(2994,110,37,2,'2025-10-18 07:29:52'),(2995,110,38,2,'2025-10-18 07:29:52'),(2996,110,41,2,'2025-10-18 07:29:52'),(2997,110,43,2,'2025-10-18 07:29:52'),(2998,110,47,2,'2025-10-18 07:29:52'),(2999,110,51,2,'2025-10-18 07:29:52'),(3000,110,52,2,'2025-10-18 07:29:52'),(3001,110,54,2,'2025-10-18 07:29:52'),(3002,110,55,2,'2025-10-18 07:29:52'),(3003,110,56,2,'2025-10-18 07:29:52'),(3004,110,58,2,'2025-10-18 07:29:52'),(3005,110,59,2,'2025-10-18 07:29:52'),(3006,110,61,2,'2025-10-18 07:29:52'),(3007,110,64,2,'2025-10-18 07:29:52'),(3008,110,65,2,'2025-10-18 07:29:52'),(3009,110,68,2,'2025-10-18 07:29:52'),(3010,110,72,2,'2025-10-18 07:29:52'),(3011,110,77,2,'2025-10-18 07:29:52'),(3012,110,80,2,'2025-10-18 07:29:52'),(3013,110,82,2,'2025-10-18 07:29:52'),(3014,110,86,2,'2025-10-18 07:29:52'),(3015,110,87,2,'2025-10-18 07:29:52'),(3016,110,88,2,'2025-10-18 07:29:52'),(3017,110,90,2,'2025-10-18 07:29:52'),(3018,110,91,2,'2025-10-18 07:29:52'),(3019,111,2,2,'2025-10-18 07:29:52'),(3020,111,3,2,'2025-10-18 07:29:52'),(3021,111,4,2,'2025-10-18 07:29:52'),(3022,111,8,2,'2025-10-18 07:29:52'),(3023,111,15,2,'2025-10-18 07:29:52'),(3024,111,16,2,'2025-10-18 07:29:52'),(3025,111,17,2,'2025-10-18 07:29:52'),(3026,111,18,2,'2025-10-18 07:29:52'),(3027,111,19,2,'2025-10-18 07:29:52'),(3028,111,21,2,'2025-10-18 07:29:52'),(3029,111,22,2,'2025-10-18 07:29:52'),(3030,111,27,2,'2025-10-18 07:29:52'),(3031,111,30,2,'2025-10-18 07:29:52'),(3032,111,32,2,'2025-10-18 07:29:52'),(3033,111,35,2,'2025-10-18 07:29:53'),(3034,111,37,2,'2025-10-18 07:29:53'),(3035,111,42,2,'2025-10-18 07:29:53'),(3036,111,43,2,'2025-10-18 07:29:53'),(3037,111,44,2,'2025-10-18 07:29:53'),(3038,111,45,2,'2025-10-18 07:29:53'),(3039,111,46,2,'2025-10-18 07:29:53'),(3040,111,47,2,'2025-10-18 07:29:53'),(3041,111,50,2,'2025-10-18 07:29:53'),(3042,111,53,2,'2025-10-18 07:29:53'),(3043,111,54,2,'2025-10-18 07:29:53'),(3044,111,57,2,'2025-10-18 07:29:53'),(3045,111,58,2,'2025-10-18 07:29:53'),(3046,111,66,2,'2025-10-18 07:29:53'),(3047,111,67,2,'2025-10-18 07:29:53'),(3048,111,68,2,'2025-10-18 07:29:53'),(3049,111,71,2,'2025-10-18 07:29:53'),(3050,111,72,2,'2025-10-18 07:29:53'),(3051,111,76,2,'2025-10-18 07:29:53'),(3052,111,77,2,'2025-10-18 07:29:53'),(3053,111,78,2,'2025-10-18 07:29:53'),(3054,111,83,2,'2025-10-18 07:29:53'),(3055,111,84,2,'2025-10-18 07:29:53'),(3056,111,86,2,'2025-10-18 07:29:53'),(3057,111,89,2,'2025-10-18 07:29:53'),(3058,111,91,2,'2025-10-18 07:29:53'),(3059,111,93,2,'2025-10-18 07:29:53'),(3060,112,11,2,'2025-10-18 07:29:53'),(3061,112,13,2,'2025-10-18 07:29:53'),(3062,112,18,2,'2025-10-18 07:29:53'),(3063,112,19,2,'2025-10-18 07:29:53'),(3064,112,21,2,'2025-10-18 07:29:53'),(3065,112,26,2,'2025-10-18 07:29:53'),(3066,112,28,2,'2025-10-18 07:29:53'),(3067,112,32,2,'2025-10-18 07:29:53'),(3068,112,33,2,'2025-10-18 07:29:53'),(3069,112,38,2,'2025-10-18 07:29:53'),(3070,112,39,2,'2025-10-18 07:29:53'),(3071,112,43,2,'2025-10-18 07:29:53'),(3072,112,49,2,'2025-10-18 07:29:53'),(3073,112,53,2,'2025-10-18 07:29:53'),(3074,112,62,2,'2025-10-18 07:29:53'),(3075,112,63,2,'2025-10-18 07:29:53'),(3076,112,64,2,'2025-10-18 07:29:53'),(3077,112,68,2,'2025-10-18 07:29:53'),(3078,112,71,2,'2025-10-18 07:29:53'),(3079,112,80,2,'2025-10-18 07:29:53'),(3080,112,81,2,'2025-10-18 07:29:53'),(3081,112,84,2,'2025-10-18 07:29:53'),(3082,112,85,2,'2025-10-18 07:29:53'),(3083,112,96,2,'2025-10-18 07:29:53'),(3084,113,3,2,'2025-10-18 07:29:53'),(3085,113,5,2,'2025-10-18 07:29:53'),(3086,113,8,2,'2025-10-18 07:29:53'),(3087,113,9,2,'2025-10-18 07:29:53'),(3088,113,11,2,'2025-10-18 07:29:53'),(3089,113,13,2,'2025-10-18 07:29:53'),(3090,113,15,2,'2025-10-18 07:29:53'),(3091,113,16,2,'2025-10-18 07:29:53'),(3092,113,17,2,'2025-10-18 07:29:53'),(3093,113,24,2,'2025-10-18 07:29:53'),(3094,113,25,2,'2025-10-18 07:29:53'),(3095,113,29,2,'2025-10-18 07:29:53'),(3096,113,30,2,'2025-10-18 07:29:53'),(3097,113,34,2,'2025-10-18 07:29:53'),(3098,113,35,2,'2025-10-18 07:29:53'),(3099,113,41,2,'2025-10-18 07:29:53'),(3100,113,42,2,'2025-10-18 07:29:53'),(3101,113,44,2,'2025-10-18 07:29:53'),(3102,113,45,2,'2025-10-18 07:29:53'),(3103,113,46,2,'2025-10-18 07:29:53'),(3104,113,48,2,'2025-10-18 07:29:53'),(3105,113,49,2,'2025-10-18 07:29:53'),(3106,113,50,2,'2025-10-18 07:29:53'),(3107,113,51,2,'2025-10-18 07:29:53'),(3108,113,54,2,'2025-10-18 07:29:53'),(3109,113,55,2,'2025-10-18 07:29:53'),(3110,113,56,2,'2025-10-18 07:29:53'),(3111,113,66,2,'2025-10-18 07:29:53'),(3112,113,71,2,'2025-10-18 07:29:53'),(3113,113,73,2,'2025-10-18 07:29:53'),(3114,113,74,2,'2025-10-18 07:29:53'),(3115,113,75,2,'2025-10-18 07:29:53'),(3116,113,90,2,'2025-10-18 07:29:53'),(3117,113,91,2,'2025-10-18 07:29:53'),(3118,113,96,2,'2025-10-18 07:29:53'),(3119,113,97,2,'2025-10-18 07:29:53'),(3120,113,98,2,'2025-10-18 07:29:53'),(3121,114,2,2,'2025-10-18 07:29:53'),(3122,114,3,2,'2025-10-18 07:29:53'),(3123,114,11,2,'2025-10-18 07:29:53'),(3124,114,12,2,'2025-10-18 07:29:53'),(3125,114,13,2,'2025-10-18 07:29:53'),(3126,114,15,2,'2025-10-18 07:29:53'),(3127,114,16,2,'2025-10-18 07:29:53'),(3128,114,18,2,'2025-10-18 07:29:53'),(3129,114,19,2,'2025-10-18 07:29:53'),(3130,114,22,2,'2025-10-18 07:29:53'),(3131,114,23,2,'2025-10-18 07:29:53'),(3132,114,27,2,'2025-10-18 07:29:53'),(3133,114,29,2,'2025-10-18 07:29:53'),(3134,114,30,2,'2025-10-18 07:29:53'),(3135,114,31,2,'2025-10-18 07:29:53'),(3136,114,35,2,'2025-10-18 07:29:53'),(3137,114,37,2,'2025-10-18 07:29:53'),(3138,114,39,2,'2025-10-18 07:29:53'),(3139,114,40,2,'2025-10-18 07:29:53'),(3140,114,47,2,'2025-10-18 07:29:53'),(3141,114,48,2,'2025-10-18 07:29:53'),(3142,114,53,2,'2025-10-18 07:29:53'),(3143,114,55,2,'2025-10-18 07:29:53'),(3144,114,56,2,'2025-10-18 07:29:53'),(3145,114,58,2,'2025-10-18 07:29:53'),(3146,114,59,2,'2025-10-18 07:29:53'),(3147,114,60,2,'2025-10-18 07:29:53'),(3148,114,61,2,'2025-10-18 07:29:53'),(3149,114,64,2,'2025-10-18 07:29:53'),(3150,114,71,2,'2025-10-18 07:29:53'),(3151,114,73,2,'2025-10-18 07:29:53'),(3152,114,76,2,'2025-10-18 07:29:53'),(3153,114,77,2,'2025-10-18 07:29:53'),(3154,114,78,2,'2025-10-18 07:29:53'),(3155,114,79,2,'2025-10-18 07:29:53'),(3156,114,84,2,'2025-10-18 07:29:53'),(3157,114,86,2,'2025-10-18 07:29:53'),(3158,114,89,2,'2025-10-18 07:29:53'),(3159,114,90,2,'2025-10-18 07:29:53'),(3160,114,92,2,'2025-10-18 07:29:53'),(3161,114,93,2,'2025-10-18 07:29:53'),(3162,114,95,2,'2025-10-18 07:29:53'),(3163,114,97,2,'2025-10-18 07:29:53'),(3164,114,100,2,'2025-10-18 07:29:53'),(3165,115,1,2,'2025-10-18 07:29:53'),(3166,115,2,2,'2025-10-18 07:29:53'),(3167,115,3,2,'2025-10-18 07:29:53'),(3168,115,9,2,'2025-10-18 07:29:53'),(3169,115,11,2,'2025-10-18 07:29:53'),(3170,115,12,2,'2025-10-18 07:29:53'),(3171,115,14,2,'2025-10-18 07:29:53'),(3172,115,15,2,'2025-10-18 07:29:53'),(3173,115,18,2,'2025-10-18 07:29:53'),(3174,115,22,2,'2025-10-18 07:29:53'),(3175,115,24,2,'2025-10-18 07:29:53'),(3176,115,25,2,'2025-10-18 07:29:53'),(3177,115,29,2,'2025-10-18 07:29:53'),(3178,115,30,2,'2025-10-18 07:29:53'),(3179,115,31,2,'2025-10-18 07:29:53'),(3180,115,33,2,'2025-10-18 07:29:53'),(3181,115,34,2,'2025-10-18 07:29:53'),(3182,115,35,2,'2025-10-18 07:29:53'),(3183,115,39,2,'2025-10-18 07:29:53'),(3184,115,42,2,'2025-10-18 07:29:53'),(3185,115,43,2,'2025-10-18 07:29:53'),(3186,115,45,2,'2025-10-18 07:29:53'),(3187,115,48,2,'2025-10-18 07:29:53'),(3188,115,52,2,'2025-10-18 07:29:53'),(3189,115,56,2,'2025-10-18 07:29:53'),(3190,115,57,2,'2025-10-18 07:29:53'),(3191,115,58,2,'2025-10-18 07:29:53'),(3192,115,60,2,'2025-10-18 07:29:53'),(3193,115,61,2,'2025-10-18 07:29:53'),(3194,115,64,2,'2025-10-18 07:29:53'),(3195,115,65,2,'2025-10-18 07:29:53'),(3196,115,68,2,'2025-10-18 07:29:53'),(3197,115,69,2,'2025-10-18 07:29:53'),(3198,115,70,2,'2025-10-18 07:29:53'),(3199,115,72,2,'2025-10-18 07:29:53'),(3200,115,73,2,'2025-10-18 07:29:53'),(3201,115,74,2,'2025-10-18 07:29:53'),(3202,115,77,2,'2025-10-18 07:29:53'),(3203,115,78,2,'2025-10-18 07:29:53'),(3204,115,81,2,'2025-10-18 07:29:53'),(3205,115,82,2,'2025-10-18 07:29:53'),(3206,115,83,2,'2025-10-18 07:29:53'),(3207,115,93,2,'2025-10-18 07:29:53'),(3208,115,94,2,'2025-10-18 07:29:53'),(3209,115,95,2,'2025-10-18 07:29:53'),(3210,115,96,2,'2025-10-18 07:29:53'),(3211,115,99,2,'2025-10-18 07:29:53'),(3212,116,1,2,'2025-10-18 07:29:53'),(3213,116,2,2,'2025-10-18 07:29:53'),(3214,116,6,2,'2025-10-18 07:29:53'),(3215,116,8,2,'2025-10-18 07:29:53'),(3216,116,17,2,'2025-10-18 07:29:53'),(3217,116,20,2,'2025-10-18 07:29:53'),(3218,116,21,2,'2025-10-18 07:29:53'),(3219,116,28,2,'2025-10-18 07:29:53'),(3220,116,29,2,'2025-10-18 07:29:53'),(3221,116,31,2,'2025-10-18 07:29:53'),(3222,116,33,2,'2025-10-18 07:29:53'),(3223,116,34,2,'2025-10-18 07:29:53'),(3224,116,35,2,'2025-10-18 07:29:53'),(3225,116,36,2,'2025-10-18 07:29:53'),(3226,116,47,2,'2025-10-18 07:29:53'),(3227,116,55,2,'2025-10-18 07:29:53'),(3228,116,57,2,'2025-10-18 07:29:53'),(3229,116,58,2,'2025-10-18 07:29:53'),(3230,116,59,2,'2025-10-18 07:29:53'),(3231,116,63,2,'2025-10-18 07:29:53'),(3232,116,65,2,'2025-10-18 07:29:53'),(3233,116,66,2,'2025-10-18 07:29:53'),(3234,116,68,2,'2025-10-18 07:29:53'),(3235,116,71,2,'2025-10-18 07:29:53'),(3236,116,72,2,'2025-10-18 07:29:53'),(3237,116,74,2,'2025-10-18 07:29:53'),(3238,116,77,2,'2025-10-18 07:29:53'),(3239,116,78,2,'2025-10-18 07:29:53'),(3240,116,85,2,'2025-10-18 07:29:53'),(3241,116,90,2,'2025-10-18 07:29:53'),(3242,116,91,2,'2025-10-18 07:29:53'),(3243,117,1,2,'2025-10-18 07:29:53'),(3244,117,4,2,'2025-10-18 07:29:53'),(3245,117,8,2,'2025-10-18 07:29:53'),(3246,117,9,2,'2025-10-18 07:29:53'),(3247,117,12,2,'2025-10-18 07:29:53'),(3248,117,15,2,'2025-10-18 07:29:53'),(3249,117,18,2,'2025-10-18 07:29:53'),(3250,117,23,2,'2025-10-18 07:29:53'),(3251,117,30,2,'2025-10-18 07:29:53'),(3252,117,33,2,'2025-10-18 07:29:53'),(3253,117,34,2,'2025-10-18 07:29:53'),(3254,117,35,2,'2025-10-18 07:29:53'),(3255,117,39,2,'2025-10-18 07:29:53'),(3256,117,40,2,'2025-10-18 07:29:53'),(3257,117,46,2,'2025-10-18 07:29:53'),(3258,117,51,2,'2025-10-18 07:29:53'),(3259,117,52,2,'2025-10-18 07:29:53'),(3260,117,54,2,'2025-10-18 07:29:53'),(3261,117,56,2,'2025-10-18 07:29:53'),(3262,117,58,2,'2025-10-18 07:29:53'),(3263,117,59,2,'2025-10-18 07:29:53'),(3264,117,65,2,'2025-10-18 07:29:53'),(3265,117,66,2,'2025-10-18 07:29:53'),(3266,117,70,2,'2025-10-18 07:29:53'),(3267,117,71,2,'2025-10-18 07:29:53'),(3268,117,72,2,'2025-10-18 07:29:53'),(3269,117,75,2,'2025-10-18 07:29:53'),(3270,117,77,2,'2025-10-18 07:29:53'),(3271,117,78,2,'2025-10-18 07:29:53'),(3272,117,79,2,'2025-10-18 07:29:53'),(3273,117,81,2,'2025-10-18 07:29:53'),(3274,117,85,2,'2025-10-18 07:29:53'),(3275,117,86,2,'2025-10-18 07:29:53'),(3276,117,89,2,'2025-10-18 07:29:53'),(3277,117,90,2,'2025-10-18 07:29:53'),(3278,117,91,2,'2025-10-18 07:29:53'),(3279,117,94,2,'2025-10-18 07:29:53'),(3280,118,3,2,'2025-10-18 07:29:53'),(3281,118,4,2,'2025-10-18 07:29:53'),(3282,118,7,2,'2025-10-18 07:29:53'),(3283,118,10,2,'2025-10-18 07:29:53'),(3284,118,12,2,'2025-10-18 07:29:53'),(3285,118,18,2,'2025-10-18 07:29:53'),(3286,118,21,2,'2025-10-18 07:29:53'),(3287,118,22,2,'2025-10-18 07:29:53'),(3288,118,24,2,'2025-10-18 07:29:53'),(3289,118,26,2,'2025-10-18 07:29:53'),(3290,118,27,2,'2025-10-18 07:29:53'),(3291,118,29,2,'2025-10-18 07:29:53'),(3292,118,30,2,'2025-10-18 07:29:53'),(3293,118,32,2,'2025-10-18 07:29:53'),(3294,118,38,2,'2025-10-18 07:29:53'),(3295,118,41,2,'2025-10-18 07:29:53'),(3296,118,43,2,'2025-10-18 07:29:53'),(3297,118,58,2,'2025-10-18 07:29:53'),(3298,118,61,2,'2025-10-18 07:29:53'),(3299,118,63,2,'2025-10-18 07:29:53'),(3300,118,66,2,'2025-10-18 07:29:53'),(3301,118,78,2,'2025-10-18 07:29:53'),(3302,118,80,2,'2025-10-18 07:29:53'),(3303,118,86,2,'2025-10-18 07:29:53'),(3304,118,98,2,'2025-10-18 07:29:53'),(3305,119,4,2,'2025-10-18 07:29:53'),(3306,119,7,2,'2025-10-18 07:29:53'),(3307,119,9,2,'2025-10-18 07:29:53'),(3308,119,11,2,'2025-10-18 07:29:53'),(3309,119,15,2,'2025-10-18 07:29:53'),(3310,119,16,2,'2025-10-18 07:29:53'),(3311,119,17,2,'2025-10-18 07:29:53'),(3312,119,24,2,'2025-10-18 07:29:53'),(3313,119,26,2,'2025-10-18 07:29:53'),(3314,119,29,2,'2025-10-18 07:29:53'),(3315,119,30,2,'2025-10-18 07:29:53'),(3316,119,31,2,'2025-10-18 07:29:53'),(3317,119,32,2,'2025-10-18 07:29:53'),(3318,119,34,2,'2025-10-18 07:29:53'),(3319,119,37,2,'2025-10-18 07:29:53'),(3320,119,38,2,'2025-10-18 07:29:53'),(3321,119,39,2,'2025-10-18 07:29:53'),(3322,119,40,2,'2025-10-18 07:29:53'),(3323,119,42,2,'2025-10-18 07:29:53'),(3324,119,44,2,'2025-10-18 07:29:53'),(3325,119,45,2,'2025-10-18 07:29:53'),(3326,119,50,2,'2025-10-18 07:29:53'),(3327,119,53,2,'2025-10-18 07:29:53'),(3328,119,56,2,'2025-10-18 07:29:53'),(3329,119,57,2,'2025-10-18 07:29:53'),(3330,119,58,2,'2025-10-18 07:29:53'),(3331,119,62,2,'2025-10-18 07:29:53'),(3332,119,64,2,'2025-10-18 07:29:53'),(3333,119,65,2,'2025-10-18 07:29:53'),(3334,119,67,2,'2025-10-18 07:29:53'),(3335,119,68,2,'2025-10-18 07:29:53'),(3336,119,69,2,'2025-10-18 07:29:53'),(3337,119,70,2,'2025-10-18 07:29:53'),(3338,119,72,2,'2025-10-18 07:29:53'),(3339,119,73,2,'2025-10-18 07:29:53'),(3340,119,74,2,'2025-10-18 07:29:53'),(3341,119,79,2,'2025-10-18 07:29:53'),(3342,119,80,2,'2025-10-18 07:29:53'),(3343,119,81,2,'2025-10-18 07:29:53'),(3344,119,82,2,'2025-10-18 07:29:53'),(3345,119,83,2,'2025-10-18 07:29:53'),(3346,119,84,2,'2025-10-18 07:29:53'),(3347,119,87,2,'2025-10-18 07:29:53'),(3348,119,88,2,'2025-10-18 07:29:53'),(3349,119,91,2,'2025-10-18 07:29:53'),(3350,119,92,2,'2025-10-18 07:29:53'),(3351,119,97,2,'2025-10-18 07:29:53'),(3352,119,99,2,'2025-10-18 07:29:53'),(3353,120,7,2,'2025-10-18 07:29:53'),(3354,120,14,2,'2025-10-18 07:29:53'),(3355,120,18,2,'2025-10-18 07:29:53'),(3356,120,19,2,'2025-10-18 07:29:53'),(3357,120,20,2,'2025-10-18 07:29:53'),(3358,120,23,2,'2025-10-18 07:29:53'),(3359,120,25,2,'2025-10-18 07:29:53'),(3360,120,27,2,'2025-10-18 07:29:53'),(3361,120,31,2,'2025-10-18 07:29:53'),(3362,120,33,2,'2025-10-18 07:29:53'),(3363,120,34,2,'2025-10-18 07:29:53'),(3364,120,38,2,'2025-10-18 07:29:53'),(3365,120,40,2,'2025-10-18 07:29:53'),(3366,120,42,2,'2025-10-18 07:29:53'),(3367,120,45,2,'2025-10-18 07:29:53'),(3368,120,47,2,'2025-10-18 07:29:53'),(3369,120,48,2,'2025-10-18 07:29:53'),(3370,120,49,2,'2025-10-18 07:29:53'),(3371,120,52,2,'2025-10-18 07:29:53'),(3372,120,53,2,'2025-10-18 07:29:53'),(3373,120,54,2,'2025-10-18 07:29:53'),(3374,120,55,2,'2025-10-18 07:29:53'),(3375,120,62,2,'2025-10-18 07:29:53'),(3376,120,64,2,'2025-10-18 07:29:53'),(3377,120,66,2,'2025-10-18 07:29:53'),(3378,120,67,2,'2025-10-18 07:29:53'),(3379,120,68,2,'2025-10-18 07:29:53'),(3380,120,69,2,'2025-10-18 07:29:53'),(3381,120,71,2,'2025-10-18 07:29:53'),(3382,120,77,2,'2025-10-18 07:29:53'),(3383,120,90,2,'2025-10-18 07:29:53'),(3384,120,95,2,'2025-10-18 07:29:53'),(3385,120,97,2,'2025-10-18 07:29:53'),(3386,121,1,2,'2025-10-18 07:29:53'),(3387,121,2,2,'2025-10-18 07:29:53'),(3388,121,5,2,'2025-10-18 07:29:53'),(3389,121,6,2,'2025-10-18 07:29:53'),(3390,121,15,2,'2025-10-18 07:29:53'),(3391,121,16,2,'2025-10-18 07:29:54'),(3392,121,17,2,'2025-10-18 07:29:54'),(3393,121,18,2,'2025-10-18 07:29:54'),(3394,121,19,2,'2025-10-18 07:29:54'),(3395,121,20,2,'2025-10-18 07:29:54'),(3396,121,21,2,'2025-10-18 07:29:54'),(3397,121,22,2,'2025-10-18 07:29:54'),(3398,121,23,2,'2025-10-18 07:29:54'),(3399,121,24,2,'2025-10-18 07:29:54'),(3400,121,31,2,'2025-10-18 07:29:54'),(3401,121,32,2,'2025-10-18 07:29:54'),(3402,121,33,2,'2025-10-18 07:29:54'),(3403,121,35,2,'2025-10-18 07:29:54'),(3404,121,41,2,'2025-10-18 07:29:54'),(3405,121,45,2,'2025-10-18 07:29:54'),(3406,121,46,2,'2025-10-18 07:29:54'),(3407,121,50,2,'2025-10-18 07:29:54'),(3408,121,51,2,'2025-10-18 07:29:54'),(3409,121,52,2,'2025-10-18 07:29:54'),(3410,121,56,2,'2025-10-18 07:29:54'),(3411,121,57,2,'2025-10-18 07:29:54'),(3412,121,61,2,'2025-10-18 07:29:54'),(3413,121,63,2,'2025-10-18 07:29:54'),(3414,121,66,2,'2025-10-18 07:29:54'),(3415,121,68,2,'2025-10-18 07:29:54'),(3416,121,69,2,'2025-10-18 07:29:54'),(3417,121,74,2,'2025-10-18 07:29:54'),(3418,121,78,2,'2025-10-18 07:29:54'),(3419,121,80,2,'2025-10-18 07:29:54'),(3420,121,88,2,'2025-10-18 07:29:54'),(3421,121,94,2,'2025-10-18 07:29:54'),(3422,121,98,2,'2025-10-18 07:29:54'),(3423,121,100,2,'2025-10-18 07:29:54');
/*!40000 ALTER TABLE `product_views` ENABLE KEYS */;
UNLOCK TABLES;

--
-- Table structure for table `products`
--

DROP TABLE IF EXISTS `products`;
/*!40101 SET @saved_cs_client     = @@character_set_client */;
/*!50503 SET character_set_client = utf8mb4 */;
CREATE TABLE `products` (
  `product_id` bigint(20) unsigned NOT NULL AUTO_INCREMENT,
  `shop_id` bigint(20) unsigned DEFAULT NULL,
  `name` longtext CHARACTER SET utf8mb4 COLLATE utf8mb4_bin NOT NULL CHECK (json_valid(`name`)),
  `description` longtext CHARACTER SET utf8mb4 COLLATE utf8mb4_bin DEFAULT NULL CHECK (json_valid(`description`)),
  `category_id` bigint(20) unsigned NOT NULL,
  `brand_id` bigint(20) unsigned DEFAULT NULL,
  `seller_id` bigint(20) unsigned NOT NULL,
  `status` enum('draft','pending_approval','published','hidden') NOT NULL DEFAULT 'draft' COMMENT 'Product status using ENUM values',
  `is_active` tinyint(1) NOT NULL DEFAULT 1,
  `created_at` timestamp NULL DEFAULT NULL,
  `updated_at` timestamp NULL DEFAULT NULL,
  `deleted_at` timestamp NULL DEFAULT NULL,
  PRIMARY KEY (`product_id`),
  KEY `products_category_id_foreign` (`category_id`),
  KEY `products_brand_id_foreign` (`brand_id`),
  KEY `products_seller_id_foreign` (`seller_id`),
  KEY `products_shop_id_is_active_created_at_index` (`shop_id`,`is_active`,`created_at`),
  CONSTRAINT `products_brand_id_foreign` FOREIGN KEY (`brand_id`) REFERENCES `brands` (`brand_id`) ON DELETE SET NULL,
  CONSTRAINT `products_category_id_foreign` FOREIGN KEY (`category_id`) REFERENCES `categories` (`category_id`),
  CONSTRAINT `products_seller_id_foreign` FOREIGN KEY (`seller_id`) REFERENCES `users` (`id`) ON DELETE CASCADE,
  CONSTRAINT `products_shop_id_foreign` FOREIGN KEY (`shop_id`) REFERENCES `shops` (`id`) ON DELETE CASCADE
) ENGINE=InnoDB AUTO_INCREMENT=101 DEFAULT CHARSET=utf8mb4 COLLATE=utf8mb4_unicode_ci;
/*!40101 SET character_set_client = @saved_cs_client */;

--
-- Dumping data for table `products`
--

LOCK TABLES `products` WRITE;
/*!40000 ALTER TABLE `products` DISABLE KEYS */;
INSERT INTO `products` VALUES (1,NULL,'{\"en\":\"quisquam voluptatibus\",\"vi\":\"Áo khoác sang trọng\"}','{\"en\":\"Cumque perferendis aut provident nihil sit. Voluptates quis molestiae quaerat ducimus distinctio vel.\",\"vi\":\"Thiết kế độc đáo, màu sắc đa dạng, phù hợp với xu hướng thời trang.\"}',9,20,19,'draft',1,'2025-10-18 07:29:38','2025-10-18 07:29:38',NULL),(2,NULL,'{\"en\":\"voluptate perspiciatis\",\"vi\":\"Điện thoại cao cấp\"}','{\"en\":\"Error eaque fugit est et facere. Et qui praesentium consequatur officia eos temporibus quia. Odit qui ut suscipit autem maxime. Sit et temporibus sint nemo quis aperiam qui expedita.\",\"vi\":\"Phù hợp cho mọi lứa tuổi, mang lại sự thoải mái và phong cách.\"}',16,3,10,'draft',1,'2025-10-18 07:29:38','2025-10-18 07:29:38',NULL),(3,NULL,'{\"en\":\"autem ipsa\",\"vi\":\"Túi xách chất lượng\"}','{\"en\":\"Illo consequuntur libero non consequatur autem officiis voluptatibus. Nostrum dolores et vero est saepe quibusdam nostrum. Voluptas hic deleniti aut deserunt porro sed id. Delectus nulla facere non.\",\"vi\":\"Thiết kế độc đáo, màu sắc đa dạng, phù hợp với xu hướng thời trang.\"}',12,21,11,'pending_approval',1,'2025-10-18 07:29:38','2025-10-18 07:29:38',NULL),(4,NULL,'{\"en\":\"molestiae assumenda\",\"vi\":\"Ví da chất lượng\"}','{\"en\":\"Repellendus et cupiditate velit. Aperiam magnam rerum porro ea voluptatem nemo. Consequuntur odio sit accusantium quia nobis culpa. Mollitia non dolores porro eaque ea ut est velit.\",\"vi\":\"Thiết kế độc đáo, màu sắc đa dạng, phù hợp với xu hướng thời trang.\"}',24,16,12,'pending_approval',1,'2025-10-18 07:29:38','2025-10-18 07:29:38',NULL),(5,NULL,'{\"en\":\"nobis culpa\",\"vi\":\"Áo sơ mi hiện đại\"}','{\"en\":\"Et sequi quia repellendus aut. Sed ut magnam aliquid et impedit in dignissimos vel. Ducimus recusandae aut quis aperiam.\",\"vi\":\"Thiết kế độc đáo, màu sắc đa dạng, phù hợp với xu hướng thời trang.\"}',3,7,5,'pending_approval',1,'2025-10-18 07:29:38','2025-10-18 07:29:38',NULL),(6,NULL,'{\"en\":\"necessitatibus repellat\",\"vi\":\"Tai nghe thời trang\"}','{\"en\":\"Cum minus rem et dolor qui optio. Aut nemo qui cupiditate qui ipsum excepturi quos. Dolor quo nostrum corporis recusandae.\",\"vi\":\"Phù hợp cho mọi lứa tuổi, mang lại sự thoải mái và phong cách.\"}',21,19,11,'pending_approval',1,'2025-10-18 07:29:38','2025-10-18 07:29:38',NULL),(7,NULL,'{\"en\":\"repellendus voluptatem\",\"vi\":\"Váy đầm chất lượng\"}','{\"en\":\"Pariatur tenetur id magnam quis incidunt. Repellat autem ab qui reprehenderit ea voluptatibus. Aut harum sed doloribus eos et cumque eos. Nihil ut minus tempore iure asperiores. Et quod eum et impedit blanditiis excepturi ut.\",\"vi\":\"Sản phẩm được kiểm tra chất lượng nghiêm ngặt trước khi đến tay khách hàng.\"}',24,22,2,'published',1,'2025-10-18 07:29:38','2025-10-18 07:29:38',NULL),(8,NULL,'{\"en\":\"sit est\",\"vi\":\"Đồng hồ hiện đại\"}','{\"en\":\"Id veniam eligendi eius aut inventore temporibus qui. Quis quo non est ullam aliquam voluptatem. Aut qui culpa consequatur non sit accusantium ex. Ea eum ipsa commodi rem quod et veritatis.\",\"vi\":\"Được làm từ chất liệu cao cấp, đảm bảo độ bền và tính thẩm mỹ.\"}',8,19,17,'draft',1,'2025-10-18 07:29:38','2025-10-18 07:29:38',NULL),(9,NULL,'{\"en\":\"omnis quis\",\"vi\":\"Áo khoác thời trang\"}','{\"en\":\"Ex voluptatem quia quae sunt fugiat. Beatae eum minima quam laudantium sed quisquam distinctio. Fugiat incidunt est qui id odio expedita. Quia id aut similique.\",\"vi\":\"Sản phẩm chất lượng cao, được thiết kế với phong cách hiện đại và tiện dụng.\"}',27,8,18,'published',1,'2025-10-18 07:29:38','2025-10-18 07:29:38',NULL),(10,NULL,'{\"en\":\"quibusdam ad\",\"vi\":\"Tai nghe hiện đại\"}','{\"en\":\"Numquam id dignissimos ut est rerum consequuntur. Quis in consectetur et sint ad dolor ipsum. Autem aperiam quia laudantium ipsa.\",\"vi\":\"Phù hợp cho mọi lứa tuổi, mang lại sự thoải mái và phong cách.\"}',20,19,6,'published',1,'2025-10-18 07:29:38','2025-10-18 07:29:38',NULL),(11,NULL,'{\"en\":\"suscipit molestias\",\"vi\":\"Quần jeans chất lượng\"}','{\"en\":\"Rerum error nam libero tenetur ut. Saepe aut omnis sunt porro et. Quia nihil in est ea ut repudiandae.\",\"vi\":\"Thiết kế độc đáo, màu sắc đa dạng, phù hợp với xu hướng thời trang.\"}',16,15,13,'draft',1,'2025-10-18 07:29:38','2025-10-18 07:29:38',NULL),(12,NULL,'{\"en\":\"dolorem excepturi\",\"vi\":\"Điện thoại hiện đại\"}','{\"en\":\"Temporibus veritatis libero cupiditate vitae quibusdam molestiae esse consequatur. Odio non ad reiciendis. Est eaque est ipsam aut ipsam possimus ratione. Voluptas voluptatum omnis sed adipisci. Quis officia distinctio laborum velit provident repudiandae est ut.\",\"vi\":\"Sản phẩm chất lượng cao, được thiết kế với phong cách hiện đại và tiện dụng.\"}',20,21,7,'draft',1,'2025-10-18 07:29:38','2025-10-18 07:29:38',NULL),(13,NULL,'{\"en\":\"corrupti dicta\",\"vi\":\"Máy tính cao cấp\"}','{\"en\":\"Ullam nisi sed iusto commodi incidunt sed. Aut voluptas quis quia nihil rerum tempore. Voluptate consequatur velit voluptatem architecto beatae.\",\"vi\":\"Phù hợp cho mọi lứa tuổi, mang lại sự thoải mái và phong cách.\"}',10,13,6,'pending_approval',1,'2025-10-18 07:29:38','2025-10-18 07:29:38',NULL),(14,NULL,'{\"en\":\"qui dolores\",\"vi\":\"Tai nghe sang trọng\"}','{\"en\":\"Pariatur et illo quis in voluptas. Rerum qui voluptas ut ut repudiandae quia assumenda asperiores.\",\"vi\":\"Phù hợp cho mọi lứa tuổi, mang lại sự thoải mái và phong cách.\"}',24,15,10,'published',1,'2025-10-18 07:29:38','2025-10-18 07:29:38',NULL),(15,NULL,'{\"en\":\"et facere\",\"vi\":\"Áo len cao cấp\"}','{\"en\":\"Corrupti magnam dolores omnis sunt quasi dolores amet. Tenetur at distinctio voluptatem magni facere quos quia. Impedit sint nemo quam voluptatibus quidem doloribus.\",\"vi\":\"Được làm từ chất liệu cao cấp, đảm bảo độ bền và tính thẩm mỹ.\"}',24,5,10,'draft',1,'2025-10-18 07:29:38','2025-10-18 07:29:38',NULL),(16,NULL,'{\"en\":\"similique dolorum\",\"vi\":\"Đồng hồ chất lượng\"}','{\"en\":\"Ut vitae quis accusantium alias. Tenetur consequuntur dolores voluptate cumque maxime. Repellendus quia non illo rerum sint qui esse repudiandae. Perferendis veritatis et distinctio quia. Ipsam et amet atque provident.\",\"vi\":\"Sản phẩm được kiểm tra chất lượng nghiêm ngặt trước khi đến tay khách hàng.\"}',6,11,21,'pending_approval',1,'2025-10-18 07:29:38','2025-10-18 07:29:38',NULL),(17,NULL,'{\"en\":\"sint non\",\"vi\":\"Áo sơ mi sang trọng\"}','{\"en\":\"Minus accusantium inventore pariatur provident voluptatum ad. Eum voluptates et tempora et deserunt iusto quod. Exercitationem voluptatibus beatae aspernatur libero consequatur qui. Debitis assumenda est sequi consectetur repellendus consequatur molestiae.\",\"vi\":\"Sản phẩm chất lượng cao, được thiết kế với phong cách hiện đại và tiện dụng.\"}',27,18,17,'pending_approval',1,'2025-10-18 07:29:38','2025-10-18 07:29:38',NULL),(18,NULL,'{\"en\":\"ducimus eius\",\"vi\":\"Máy tính chất lượng\"}','{\"en\":\"Sint minima expedita expedita et a vel in. Consequatur explicabo explicabo et laborum sint suscipit. Nihil nam vel qui nihil. Expedita quis ipsa perferendis quisquam natus praesentium.\",\"vi\":\"Thiết kế độc đáo, màu sắc đa dạng, phù hợp với xu hướng thời trang.\"}',12,21,17,'published',1,'2025-10-18 07:29:38','2025-10-18 07:29:38',NULL),(19,NULL,'{\"en\":\"in porro\",\"vi\":\"Áo len chất lượng\"}','{\"en\":\"Ducimus commodi architecto veritatis cum. Expedita est occaecati ab repellendus totam dolor eius. Et culpa molestiae et in. Sit voluptate velit sunt accusantium eum a.\",\"vi\":\"Phù hợp cho mọi lứa tuổi, mang lại sự thoải mái và phong cách.\"}',6,22,5,'published',1,'2025-10-18 07:29:38','2025-10-18 07:29:38',NULL),(20,NULL,'{\"en\":\"aut deleniti\",\"vi\":\"Áo len hiện đại\"}','{\"en\":\"Ut voluptatum a et sit reiciendis fuga corrupti qui. Est perspiciatis asperiores fugit est et ea nesciunt. Rerum placeat deleniti voluptas quod quos. Facilis dolor eligendi sint.\",\"vi\":\"Sản phẩm chất lượng cao, được thiết kế với phong cách hiện đại và tiện dụng.\"}',25,10,13,'pending_approval',1,'2025-10-18 07:29:38','2025-10-18 07:29:38',NULL),(21,NULL,'{\"en\":\"sapiente animi\",\"vi\":\"Áo sơ mi thời trang\"}','{\"en\":\"Nihil porro repellat et rerum. Aut aut veritatis harum modi veniam quasi. Fugit consequatur non dolorem rerum deserunt.\",\"vi\":\"Thiết kế độc đáo, màu sắc đa dạng, phù hợp với xu hướng thời trang.\"}',3,9,11,'draft',1,'2025-10-18 07:29:38','2025-10-18 07:29:38',NULL),(22,NULL,'{\"en\":\"non ut\",\"vi\":\"Áo len cao cấp\"}','{\"en\":\"Molestias cumque repellendus temporibus quas facilis eos repellendus at. Molestiae aliquam odio nulla animi nesciunt nihil aut. Aliquid vel placeat ut ea.\",\"vi\":\"Phù hợp cho mọi lứa tuổi, mang lại sự thoải mái và phong cách.\"}',17,22,5,'draft',1,'2025-10-18 07:29:38','2025-10-18 07:29:38',NULL),(23,NULL,'{\"en\":\"debitis nemo\",\"vi\":\"Áo sơ mi sang trọng\"}','{\"en\":\"Voluptatem ea ratione in maxime culpa. Molestiae saepe perferendis cumque ipsam inventore. Quo a minima et quas perferendis.\",\"vi\":\"Sản phẩm được kiểm tra chất lượng nghiêm ngặt trước khi đến tay khách hàng.\"}',2,16,2,'draft',1,'2025-10-18 07:29:38','2025-10-18 07:29:38',NULL),(24,NULL,'{\"en\":\"sunt sed\",\"vi\":\"Túi xách hiện đại\"}','{\"en\":\"Pariatur consequatur numquam odit quidem quisquam. Et possimus asperiores doloremque atque enim iure. Officia non atque perspiciatis deserunt quidem. Laboriosam enim inventore nobis.\",\"vi\":\"Phù hợp cho mọi lứa tuổi, mang lại sự thoải mái và phong cách.\"}',2,16,6,'draft',1,'2025-10-18 07:29:38','2025-10-18 07:29:38',NULL),(25,NULL,'{\"en\":\"officiis deserunt\",\"vi\":\"Áo khoác thời trang\"}','{\"en\":\"Repudiandae in occaecati et accusamus architecto velit sapiente. Voluptates ipsa quas accusamus molestiae sapiente. Et ipsum nulla et labore molestiae.\",\"vi\":\"Sản phẩm chất lượng cao, được thiết kế với phong cách hiện đại và tiện dụng.\"}',3,17,16,'draft',1,'2025-10-18 07:29:38','2025-10-18 07:29:38',NULL),(26,NULL,'{\"en\":\"velit est\",\"vi\":\"Túi xách sang trọng\"}','{\"en\":\"Id non excepturi quisquam autem sit tempora et. Sint doloribus debitis ad incidunt voluptatem sed in. Quia porro dolore esse sint consequuntur dolor. Quaerat neque quam blanditiis sunt voluptate ipsam totam.\",\"vi\":\"Sản phẩm chất lượng cao, được thiết kế với phong cách hiện đại và tiện dụng.\"}',15,14,11,'pending_approval',1,'2025-10-18 07:29:38','2025-10-18 07:29:38',NULL),(27,NULL,'{\"en\":\"deserunt rem\",\"vi\":\"Áo len tiện dụng\"}','{\"en\":\"Minima qui quis magni qui ducimus. Sit maxime reiciendis quidem asperiores. Iste quos amet molestiae amet quam dolorem repellendus.\",\"vi\":\"Thiết kế độc đáo, màu sắc đa dạng, phù hợp với xu hướng thời trang.\"}',21,6,19,'published',1,'2025-10-18 07:29:38','2025-10-18 07:29:38',NULL),(28,NULL,'{\"en\":\"rerum fuga\",\"vi\":\"Ví da hiện đại\"}','{\"en\":\"Harum officia officiis et quia labore. Aut enim eius est. Nobis quam ut rem accusantium.\",\"vi\":\"Sản phẩm chất lượng cao, được thiết kế với phong cách hiện đại và tiện dụng.\"}',12,15,21,'pending_approval',1,'2025-10-18 07:29:38','2025-10-18 07:29:38',NULL),(29,NULL,'{\"en\":\"debitis repellat\",\"vi\":\"Ví da hiện đại\"}','{\"en\":\"Labore voluptatem nam adipisci. Est iusto asperiores non. Sunt esse in sunt ut rerum occaecati.\",\"vi\":\"Được làm từ chất liệu cao cấp, đảm bảo độ bền và tính thẩm mỹ.\"}',8,21,18,'published',1,'2025-10-18 07:29:38','2025-10-18 07:29:38',NULL),(30,NULL,'{\"en\":\"illo quae\",\"vi\":\"Áo khoác cao cấp\"}','{\"en\":\"Nisi neque deleniti enim totam. Numquam sequi ut aut vero excepturi voluptatem eligendi. Qui consequatur voluptatem minima qui omnis est quia. Et fugit laboriosam error ipsa dolor amet accusantium.\",\"vi\":\"Được làm từ chất liệu cao cấp, đảm bảo độ bền và tính thẩm mỹ.\"}',4,3,16,'published',1,'2025-10-18 07:29:38','2025-10-18 07:29:38',NULL),(31,NULL,'{\"en\":\"in qui\",\"vi\":\"Áo len hiện đại\"}','{\"en\":\"Molestias sequi enim voluptatem dignissimos possimus incidunt. Nobis quo facilis aliquam rem et aut assumenda. Quo dolor sit quae non quis quae. Provident ducimus nisi facilis ea. Velit a sequi corrupti sed harum dolor et.\",\"vi\":\"Được làm từ chất liệu cao cấp, đảm bảo độ bền và tính thẩm mỹ.\"}',9,8,3,'pending_approval',1,'2025-10-18 07:29:38','2025-10-18 07:29:38',NULL),(32,NULL,'{\"en\":\"voluptas cumque\",\"vi\":\"Túi xách sang trọng\"}','{\"en\":\"Aspernatur ex qui dolorum et consequatur illo atque. Sequi odit omnis animi hic. Doloribus non nemo consequatur sint eum.\",\"vi\":\"Sản phẩm chất lượng cao, được thiết kế với phong cách hiện đại và tiện dụng.\"}',21,13,4,'published',1,'2025-10-18 07:29:38','2025-10-18 07:29:38',NULL),(33,NULL,'{\"en\":\"animi vitae\",\"vi\":\"Tai nghe sang trọng\"}','{\"en\":\"Quis dolorum qui ut voluptate. Velit harum rerum debitis et. Delectus consequatur aut tempora qui sequi excepturi et. Vero perspiciatis perferendis qui voluptate quia earum.\",\"vi\":\"Được làm từ chất liệu cao cấp, đảm bảo độ bền và tính thẩm mỹ.\"}',25,17,5,'published',1,'2025-10-18 07:29:38','2025-10-18 07:29:38',NULL),(34,NULL,'{\"en\":\"odio vel\",\"vi\":\"Váy đầm sang trọng\"}','{\"en\":\"Velit velit consequuntur molestias voluptatem minus ut. Itaque ut quisquam repellendus et sunt nulla iure. Molestiae et beatae non quo.\",\"vi\":\"Sản phẩm chất lượng cao, được thiết kế với phong cách hiện đại và tiện dụng.\"}',20,7,2,'draft',1,'2025-10-18 07:29:38','2025-10-18 07:29:38',NULL),(35,NULL,'{\"en\":\"quibusdam quidem\",\"vi\":\"Váy đầm chất lượng\"}','{\"en\":\"Amet deleniti velit quod qui. Officiis aut id omnis ea recusandae sunt enim. Commodi consequatur tempore dolorem vero omnis ut et harum.\",\"vi\":\"Sản phẩm được kiểm tra chất lượng nghiêm ngặt trước khi đến tay khách hàng.\"}',11,13,21,'pending_approval',1,'2025-10-18 07:29:38','2025-10-18 07:29:38',NULL),(36,NULL,'{\"en\":\"excepturi et\",\"vi\":\"Áo len chất lượng\"}','{\"en\":\"Numquam deserunt aut quidem sint harum modi est et. Ullam neque dolor iste maiores dignissimos facilis quae totam.\",\"vi\":\"Được làm từ chất liệu cao cấp, đảm bảo độ bền và tính thẩm mỹ.\"}',21,20,3,'draft',1,'2025-10-18 07:29:38','2025-10-18 07:29:38',NULL),(37,NULL,'{\"en\":\"rerum odit\",\"vi\":\"Đồng hồ sang trọng\"}','{\"en\":\"Et repellendus rerum eos tenetur quaerat iste inventore laboriosam. Voluptas et qui et culpa harum deleniti unde. Harum et voluptatem aliquid culpa asperiores. Autem et cumque nesciunt aut enim ut.\",\"vi\":\"Được làm từ chất liệu cao cấp, đảm bảo độ bền và tính thẩm mỹ.\"}',3,4,12,'published',1,'2025-10-18 07:29:38','2025-10-18 07:29:38',NULL),(38,NULL,'{\"en\":\"sit et\",\"vi\":\"Máy tính cao cấp\"}','{\"en\":\"Cumque expedita quo cum enim dolorum voluptates laudantium. Quo sit laboriosam dolorem ea laborum.\",\"vi\":\"Phù hợp cho mọi lứa tuổi, mang lại sự thoải mái và phong cách.\"}',17,21,8,'pending_approval',1,'2025-10-18 07:29:38','2025-10-18 07:29:38',NULL),(39,NULL,'{\"en\":\"quo aliquam\",\"vi\":\"Túi xách thời trang\"}','{\"en\":\"Corporis sed voluptatem molestias consequatur fugit expedita temporibus. Ea est et aliquam sit. Laboriosam beatae sit voluptates excepturi odio consequuntur aliquam nostrum.\",\"vi\":\"Sản phẩm được kiểm tra chất lượng nghiêm ngặt trước khi đến tay khách hàng.\"}',16,2,21,'pending_approval',1,'2025-10-18 07:29:38','2025-10-18 07:29:38',NULL),(40,NULL,'{\"en\":\"hic cumque\",\"vi\":\"Đồng hồ cao cấp\"}','{\"en\":\"Ut minus dolorum sunt molestiae omnis quisquam dolor. Doloremque provident non sint dignissimos consequatur cum. Consequatur quae omnis odio eos et ut.\",\"vi\":\"Được làm từ chất liệu cao cấp, đảm bảo độ bền và tính thẩm mỹ.\"}',21,23,14,'pending_approval',1,'2025-10-18 07:29:38','2025-10-18 07:29:38',NULL),(41,NULL,'{\"en\":\"voluptate sequi\",\"vi\":\"Quần jeans thời trang\"}','{\"en\":\"Est qui omnis deleniti dolorum et in. Et rem magni pariatur vel molestias itaque id. Voluptatem id dolores ipsa rerum illo consequatur quas.\",\"vi\":\"Thiết kế độc đáo, màu sắc đa dạng, phù hợp với xu hướng thời trang.\"}',12,11,11,'draft',1,'2025-10-18 07:29:38','2025-10-18 07:29:38',NULL),(42,NULL,'{\"en\":\"amet quod\",\"vi\":\"Tai nghe thời trang\"}','{\"en\":\"Numquam doloribus reiciendis omnis. Quaerat corrupti dolores soluta quis. Assumenda debitis libero enim.\",\"vi\":\"Phù hợp cho mọi lứa tuổi, mang lại sự thoải mái và phong cách.\"}',4,23,19,'pending_approval',1,'2025-10-18 07:29:38','2025-10-18 07:29:38',NULL),(43,NULL,'{\"en\":\"nostrum fugiat\",\"vi\":\"Ví da hiện đại\"}','{\"en\":\"In est ex maxime perspiciatis eius eum. Dolorem similique quos et error autem architecto. Error in qui consequatur maxime.\",\"vi\":\"Phù hợp cho mọi lứa tuổi, mang lại sự thoải mái và phong cách.\"}',17,19,7,'draft',1,'2025-10-18 07:29:38','2025-10-18 07:29:38',NULL),(44,NULL,'{\"en\":\"aut vitae\",\"vi\":\"Kính mát hiện đại\"}','{\"en\":\"Ea minima nostrum mollitia possimus aut et. Totam repellat qui sit ullam consectetur. Cumque rerum et nemo quo omnis in.\",\"vi\":\"Được làm từ chất liệu cao cấp, đảm bảo độ bền và tính thẩm mỹ.\"}',3,19,9,'published',1,'2025-10-18 07:29:38','2025-10-18 07:29:38',NULL),(45,NULL,'{\"en\":\"modi eos\",\"vi\":\"Túi xách chất lượng\"}','{\"en\":\"Ad optio et perspiciatis inventore quae autem. Aut tenetur ut unde mollitia. Expedita sed omnis placeat voluptas aut itaque consequatur.\",\"vi\":\"Thiết kế độc đáo, màu sắc đa dạng, phù hợp với xu hướng thời trang.\"}',25,21,6,'draft',1,'2025-10-18 07:29:38','2025-10-18 07:29:38',NULL),(46,NULL,'{\"en\":\"tenetur quia\",\"vi\":\"Váy đầm cao cấp\"}','{\"en\":\"Velit provident laboriosam sunt facilis est. Voluptatum dolorem mollitia rem officiis nulla est. Repudiandae qui molestiae necessitatibus aperiam vel. Aut nesciunt eum et qui sint voluptatem fuga.\",\"vi\":\"Thiết kế độc đáo, màu sắc đa dạng, phù hợp với xu hướng thời trang.\"}',15,13,18,'pending_approval',1,'2025-10-18 07:29:38','2025-10-18 07:29:38',NULL),(47,NULL,'{\"en\":\"ab nemo\",\"vi\":\"Quần jeans hiện đại\"}','{\"en\":\"Velit delectus ullam alias repudiandae blanditiis est quia. Quis et deleniti voluptates dolores. Alias quisquam aut consequatur laudantium inventore tempore.\",\"vi\":\"Sản phẩm được kiểm tra chất lượng nghiêm ngặt trước khi đến tay khách hàng.\"}',10,11,21,'pending_approval',1,'2025-10-18 07:29:38','2025-10-18 07:29:38',NULL),(48,NULL,'{\"en\":\"aut minima\",\"vi\":\"Giày thể thao chất lượng\"}','{\"en\":\"Aut magnam facilis enim qui id. Inventore numquam pariatur aspernatur quia rerum quia voluptatem. Ea provident accusamus aut iste.\",\"vi\":\"Sản phẩm chất lượng cao, được thiết kế với phong cách hiện đại và tiện dụng.\"}',3,4,18,'published',1,'2025-10-18 07:29:38','2025-10-18 07:29:38',NULL),(49,NULL,'{\"en\":\"autem itaque\",\"vi\":\"Váy đầm hiện đại\"}','{\"en\":\"Veniam eum tempore dicta est. Praesentium deleniti delectus eos et suscipit. Doloremque alias qui et repellendus quasi. Accusamus voluptas est ipsa tempora.\",\"vi\":\"Sản phẩm được kiểm tra chất lượng nghiêm ngặt trước khi đến tay khách hàng.\"}',3,13,12,'published',1,'2025-10-18 07:29:38','2025-10-18 07:29:38',NULL),(50,NULL,'{\"en\":\"ab corporis\",\"vi\":\"Giày boot thời trang\"}','{\"en\":\"Ut quisquam amet odio dolores labore laborum est. Impedit sequi est eaque ipsam consectetur tenetur. Cumque esse facilis numquam debitis rerum incidunt.\",\"vi\":\"Sản phẩm được kiểm tra chất lượng nghiêm ngặt trước khi đến tay khách hàng.\"}',15,13,16,'published',1,'2025-10-18 07:29:38','2025-10-18 07:29:38',NULL),(51,NULL,'{\"en\":\"vel soluta\",\"vi\":\"Đồng hồ tiện dụng\"}','{\"en\":\"Est cupiditate mollitia cupiditate. Molestias sed natus laboriosam ut voluptas natus.\",\"vi\":\"Sản phẩm chất lượng cao, được thiết kế với phong cách hiện đại và tiện dụng.\"}',12,17,20,'draft',1,'2025-10-18 07:29:38','2025-10-18 07:29:38',NULL),(52,NULL,'{\"en\":\"ut deleniti\",\"vi\":\"Kính mát tiện dụng\"}','{\"en\":\"Ut aspernatur quo voluptates tempore quaerat. Quos doloribus officiis ab possimus et ipsa.\",\"vi\":\"Được làm từ chất liệu cao cấp, đảm bảo độ bền và tính thẩm mỹ.\"}',2,13,21,'published',1,'2025-10-18 07:29:38','2025-10-18 07:29:38',NULL),(53,NULL,'{\"en\":\"et minus\",\"vi\":\"Quần jeans sang trọng\"}','{\"en\":\"Illum placeat quae et ut quidem totam ipsam qui. Sed vero quidem rem quos reprehenderit omnis dolorem. Quo autem optio eius. Reiciendis autem eum mollitia velit non molestiae.\",\"vi\":\"Phù hợp cho mọi lứa tuổi, mang lại sự thoải mái và phong cách.\"}',16,18,11,'draft',1,'2025-10-18 07:29:38','2025-10-18 07:29:38',NULL),(54,NULL,'{\"en\":\"fuga voluptatem\",\"vi\":\"Giày thể thao thời trang\"}','{\"en\":\"Distinctio rerum exercitationem et earum ea. Explicabo possimus autem quos enim vel rerum. Beatae qui rerum corporis minima fugiat reprehenderit nemo. Aliquid ut doloribus ut sunt ipsa molestiae.\",\"vi\":\"Được làm từ chất liệu cao cấp, đảm bảo độ bền và tính thẩm mỹ.\"}',26,17,10,'pending_approval',1,'2025-10-18 07:29:38','2025-10-18 07:29:38',NULL),(55,NULL,'{\"en\":\"dolor eius\",\"vi\":\"Quần jeans sang trọng\"}','{\"en\":\"Sunt id reprehenderit officia distinctio nemo autem ex. Reprehenderit autem tenetur ullam at nihil. Nihil et ipsum quasi enim recusandae iste. Quisquam vel sint cumque natus quia vel.\",\"vi\":\"Thiết kế độc đáo, màu sắc đa dạng, phù hợp với xu hướng thời trang.\"}',21,14,15,'published',1,'2025-10-18 07:29:38','2025-10-18 07:29:38',NULL),(56,NULL,'{\"en\":\"adipisci iure\",\"vi\":\"Quần jeans thời trang\"}','{\"en\":\"Voluptatem tempora soluta est vitae odit voluptas. Earum veniam tenetur neque pariatur ut quia. Quod quis delectus consequatur.\",\"vi\":\"Thiết kế độc đáo, màu sắc đa dạng, phù hợp với xu hướng thời trang.\"}',27,2,14,'pending_approval',1,'2025-10-18 07:29:38','2025-10-18 07:29:38',NULL),(57,NULL,'{\"en\":\"qui fugit\",\"vi\":\"Máy tính cao cấp\"}','{\"en\":\"Dolorem ut et dolores aspernatur et recusandae ipsa. Sit molestiae nemo qui qui.\",\"vi\":\"Được làm từ chất liệu cao cấp, đảm bảo độ bền và tính thẩm mỹ.\"}',11,16,4,'published',1,'2025-10-18 07:29:38','2025-10-18 07:29:38',NULL),(58,NULL,'{\"en\":\"ut quaerat\",\"vi\":\"Balo thời trang\"}','{\"en\":\"Quo dolore dolor dolores. Consectetur et dolor temporibus in eius illo qui. Sint sunt sint delectus ipsam illum itaque nesciunt. Sint eos ut quod optio quidem et voluptatem.\",\"vi\":\"Phù hợp cho mọi lứa tuổi, mang lại sự thoải mái và phong cách.\"}',22,20,21,'published',1,'2025-10-18 07:29:38','2025-10-18 07:29:38',NULL),(59,NULL,'{\"en\":\"voluptate et\",\"vi\":\"Ví da sang trọng\"}','{\"en\":\"Doloremque architecto labore in qui dolor quia explicabo. Est impedit voluptatum saepe quo. Autem ut quo numquam dolores sunt sit. Earum vitae similique rerum eum quae totam sint.\",\"vi\":\"Được làm từ chất liệu cao cấp, đảm bảo độ bền và tính thẩm mỹ.\"}',6,11,7,'pending_approval',1,'2025-10-18 07:29:38','2025-10-18 07:29:38',NULL),(60,NULL,'{\"en\":\"aut facilis\",\"vi\":\"Áo len hiện đại\"}','{\"en\":\"Sed in repellendus cumque cum est. Dolorum qui consequatur non ipsum voluptas sint. Velit et perferendis sapiente veritatis accusantium officiis. Vel repellendus temporibus at sequi quo aliquam.\",\"vi\":\"Phù hợp cho mọi lứa tuổi, mang lại sự thoải mái và phong cách.\"}',8,21,16,'published',1,'2025-10-18 07:29:38','2025-10-18 07:29:38',NULL),(61,NULL,'{\"en\":\"esse rem\",\"vi\":\"Giày thể thao sang trọng\"}','{\"en\":\"Unde modi sunt officiis reiciendis molestiae et. Sunt deleniti earum et ut nihil. Qui corrupti maxime ducimus dolorem dolor.\",\"vi\":\"Được làm từ chất liệu cao cấp, đảm bảo độ bền và tính thẩm mỹ.\"}',22,23,9,'draft',1,'2025-10-18 07:29:38','2025-10-18 07:29:38',NULL),(62,NULL,'{\"en\":\"sed in\",\"vi\":\"Giày thể thao cao cấp\"}','{\"en\":\"Tempore est quia suscipit perferendis quo laudantium odio. Non minus saepe dolorum dignissimos vel id vero. Voluptatem voluptas pariatur fugiat quia.\",\"vi\":\"Thiết kế độc đáo, màu sắc đa dạng, phù hợp với xu hướng thời trang.\"}',21,12,12,'pending_approval',1,'2025-10-18 07:29:38','2025-10-18 07:29:38',NULL),(63,NULL,'{\"en\":\"esse rerum\",\"vi\":\"Kính mát sang trọng\"}','{\"en\":\"Necessitatibus qui et voluptate molestiae dolor ipsa quas. Adipisci error eos voluptatem ut. Est cupiditate numquam maxime quam. Doloribus quam repudiandae exercitationem aut necessitatibus.\",\"vi\":\"Sản phẩm chất lượng cao, được thiết kế với phong cách hiện đại và tiện dụng.\"}',22,7,21,'draft',1,'2025-10-18 07:29:38','2025-10-18 07:29:38',NULL),(64,NULL,'{\"en\":\"illum quis\",\"vi\":\"Áo len hiện đại\"}','{\"en\":\"Tenetur dignissimos commodi omnis et iure voluptate quo. Magnam vitae ullam ut ut aliquid ab optio.\",\"vi\":\"Được làm từ chất liệu cao cấp, đảm bảo độ bền và tính thẩm mỹ.\"}',11,20,9,'draft',1,'2025-10-18 07:29:38','2025-10-18 07:29:38',NULL),(65,NULL,'{\"en\":\"eaque ad\",\"vi\":\"Đồng hồ chất lượng\"}','{\"en\":\"Voluptas voluptatem nihil harum rerum dicta quod sed. Eveniet sunt nesciunt ipsam ut. Quod autem quia eius sit autem ad assumenda. Quidem consequuntur sed qui commodi.\",\"vi\":\"Phù hợp cho mọi lứa tuổi, mang lại sự thoải mái và phong cách.\"}',20,3,16,'pending_approval',1,'2025-10-18 07:29:38','2025-10-18 07:29:38',NULL),(66,NULL,'{\"en\":\"quasi aspernatur\",\"vi\":\"Kính mát thời trang\"}','{\"en\":\"Animi sed deserunt dolor architecto. Aut dolorum consequatur eaque rem. Aut quisquam explicabo veniam ut nemo.\",\"vi\":\"Sản phẩm chất lượng cao, được thiết kế với phong cách hiện đại và tiện dụng.\"}',21,19,3,'published',1,'2025-10-18 07:29:38','2025-10-18 07:29:38',NULL),(67,NULL,'{\"en\":\"doloribus quibusdam\",\"vi\":\"Áo len tiện dụng\"}','{\"en\":\"Fuga voluptatem fugiat sed. Quis cum culpa doloremque deserunt perspiciatis. Consectetur quis voluptatem sit quaerat.\",\"vi\":\"Thiết kế độc đáo, màu sắc đa dạng, phù hợp với xu hướng thời trang.\"}',6,5,11,'draft',1,'2025-10-18 07:29:38','2025-10-18 07:29:38',NULL),(68,NULL,'{\"en\":\"ratione quae\",\"vi\":\"Máy tính cao cấp\"}','{\"en\":\"Ullam culpa enim consectetur facere aperiam. Illum et quis ad magni aut neque velit. Quae officiis non delectus atque aliquid ut. Expedita est veniam harum sunt doloremque eum natus.\",\"vi\":\"Được làm từ chất liệu cao cấp, đảm bảo độ bền và tính thẩm mỹ.\"}',3,16,18,'pending_approval',1,'2025-10-18 07:29:38','2025-10-18 07:29:38',NULL),(69,NULL,'{\"en\":\"omnis aut\",\"vi\":\"Máy tính sang trọng\"}','{\"en\":\"Reiciendis velit nihil est velit fugit. Ut modi nobis sed. Molestias odio expedita aut sed consequatur. Expedita laboriosam quos omnis error dolorum. Saepe optio autem in eos.\",\"vi\":\"Được làm từ chất liệu cao cấp, đảm bảo độ bền và tính thẩm mỹ.\"}',17,8,8,'draft',1,'2025-10-18 07:29:38','2025-10-18 07:29:38',NULL),(70,NULL,'{\"en\":\"voluptatem eum\",\"vi\":\"Ví da tiện dụng\"}','{\"en\":\"Aut fugiat dolores pariatur qui at. Eum error dolorem nihil voluptate enim labore. Et amet provident voluptatem deleniti sequi cumque quaerat at.\",\"vi\":\"Được làm từ chất liệu cao cấp, đảm bảo độ bền và tính thẩm mỹ.\"}',17,11,12,'draft',1,'2025-10-18 07:29:38','2025-10-18 07:29:38',NULL),(71,NULL,'{\"en\":\"autem facere\",\"vi\":\"Giày boot cao cấp\"}','{\"en\":\"Tenetur libero illo facere consequatur similique. Quia placeat nam provident quia aut est. Quis id ut enim quo veritatis magnam. Pariatur provident voluptatum aperiam fugit nesciunt incidunt in.\",\"vi\":\"Sản phẩm chất lượng cao, được thiết kế với phong cách hiện đại và tiện dụng.\"}',16,15,8,'published',1,'2025-10-18 07:29:38','2025-10-18 07:29:38',NULL),(72,NULL,'{\"en\":\"minus veniam\",\"vi\":\"Balo thời trang\"}','{\"en\":\"Sit omnis et expedita magnam est tenetur. Ut temporibus illo saepe incidunt soluta quo.\",\"vi\":\"Sản phẩm được kiểm tra chất lượng nghiêm ngặt trước khi đến tay khách hàng.\"}',10,12,10,'published',1,'2025-10-18 07:29:38','2025-10-18 07:29:38',NULL),(73,NULL,'{\"en\":\"labore voluptate\",\"vi\":\"Giày thể thao sang trọng\"}','{\"en\":\"Sint molestias voluptatem voluptates omnis. Aut occaecati sequi molestiae commodi. Libero est aut repudiandae. Dolores dolore eveniet unde sit voluptate.\",\"vi\":\"Phù hợp cho mọi lứa tuổi, mang lại sự thoải mái và phong cách.\"}',3,20,10,'pending_approval',1,'2025-10-18 07:29:38','2025-10-18 07:29:38',NULL),(74,NULL,'{\"en\":\"consequatur qui\",\"vi\":\"Túi xách cao cấp\"}','{\"en\":\"Qui dolor necessitatibus praesentium inventore. Dolorem consequatur ipsa provident error perferendis quam reprehenderit. Quam similique rerum amet voluptas. Beatae et veniam ut expedita voluptas alias impedit quis. Odio ullam accusantium sit voluptatem mollitia.\",\"vi\":\"Phù hợp cho mọi lứa tuổi, mang lại sự thoải mái và phong cách.\"}',8,2,10,'pending_approval',1,'2025-10-18 07:29:38','2025-10-18 07:29:38',NULL),(75,NULL,'{\"en\":\"voluptatem ad\",\"vi\":\"Balo hiện đại\"}','{\"en\":\"Eos similique id iste voluptatem ut illum. Officia sunt excepturi dolor debitis beatae quia pariatur. Assumenda maxime et accusantium voluptatem et aperiam. Ratione accusamus aut laudantium voluptatem id fugiat.\",\"vi\":\"Thiết kế độc đáo, màu sắc đa dạng, phù hợp với xu hướng thời trang.\"}',2,1,10,'draft',1,'2025-10-18 07:29:38','2025-10-18 07:29:38',NULL),(76,NULL,'{\"en\":\"ut nostrum\",\"vi\":\"Tai nghe tiện dụng\"}','{\"en\":\"Quas dicta incidunt ipsam omnis. Rem quam repellendus quos harum inventore nam aperiam. Dolores autem nesciunt nemo odit possimus eum eum. Maiores voluptatem et nihil suscipit.\",\"vi\":\"Thiết kế độc đáo, màu sắc đa dạng, phù hợp với xu hướng thời trang.\"}',6,23,14,'pending_approval',1,'2025-10-18 07:29:38','2025-10-18 07:29:38',NULL),(77,NULL,'{\"en\":\"architecto aliquid\",\"vi\":\"Tai nghe chất lượng\"}','{\"en\":\"Nam vel est dolores magnam cupiditate. Voluptatibus corporis explicabo aut quaerat illo corrupti. Eum commodi aut nihil iste.\",\"vi\":\"Được làm từ chất liệu cao cấp, đảm bảo độ bền và tính thẩm mỹ.\"}',6,16,8,'published',1,'2025-10-18 07:29:38','2025-10-18 07:29:38',NULL),(78,NULL,'{\"en\":\"ullam perspiciatis\",\"vi\":\"Giày boot chất lượng\"}','{\"en\":\"Qui ut corrupti aliquam itaque. Voluptatem quas commodi nihil eum quo. Qui numquam minus dolorem quia ullam nemo. Eos repellendus at libero perspiciatis et quo aliquam.\",\"vi\":\"Phù hợp cho mọi lứa tuổi, mang lại sự thoải mái và phong cách.\"}',3,22,6,'draft',1,'2025-10-18 07:29:38','2025-10-18 07:29:38',NULL),(79,NULL,'{\"en\":\"aliquid quibusdam\",\"vi\":\"Đồng hồ thời trang\"}','{\"en\":\"Quaerat commodi laudantium sit minima culpa quas molestias. Consectetur eius commodi nulla ipsa. Non eius autem quam odit et qui et minus.\",\"vi\":\"Thiết kế độc đáo, màu sắc đa dạng, phù hợp với xu hướng thời trang.\"}',22,10,10,'published',1,'2025-10-18 07:29:38','2025-10-18 07:29:38',NULL),(80,NULL,'{\"en\":\"doloremque iste\",\"vi\":\"Áo khoác thời trang\"}','{\"en\":\"Ex exercitationem aut qui ratione quis asperiores ut. Est exercitationem veritatis est. Ullam iure iste rem. Illo et voluptatem velit dolorum.\",\"vi\":\"Sản phẩm được kiểm tra chất lượng nghiêm ngặt trước khi đến tay khách hàng.\"}',3,20,6,'published',1,'2025-10-18 07:29:38','2025-10-18 07:29:38',NULL),(81,NULL,'{\"en\":\"amet et\",\"vi\":\"Ví da cao cấp\"}','{\"en\":\"Aspernatur officiis nostrum aspernatur cupiditate adipisci pariatur quis. Quaerat rem ex exercitationem unde qui non est. Distinctio mollitia voluptatem deserunt sit labore sapiente. Eligendi dolore eum odit a nisi qui sunt ut.\",\"vi\":\"Sản phẩm chất lượng cao, được thiết kế với phong cách hiện đại và tiện dụng.\"}',26,4,20,'draft',1,'2025-10-18 07:29:38','2025-10-18 07:29:38',NULL),(82,NULL,'{\"en\":\"doloribus omnis\",\"vi\":\"Balo sang trọng\"}','{\"en\":\"Nostrum expedita est ut. Sed laudantium voluptatem officia maiores. Est veritatis sed cumque quisquam nobis maxime. Cupiditate sunt sit magnam qui necessitatibus labore eum. Libero ut quisquam est tempore repellendus.\",\"vi\":\"Được làm từ chất liệu cao cấp, đảm bảo độ bền và tính thẩm mỹ.\"}',12,17,20,'pending_approval',1,'2025-10-18 07:29:38','2025-10-18 07:29:38',NULL),(83,NULL,'{\"en\":\"quae corporis\",\"vi\":\"Váy đầm hiện đại\"}','{\"en\":\"Error nisi hic repellat animi. Numquam assumenda aut delectus libero officiis. A vel quam rerum et nulla quis. Nihil at culpa harum laudantium ut repellendus rerum.\",\"vi\":\"Sản phẩm được kiểm tra chất lượng nghiêm ngặt trước khi đến tay khách hàng.\"}',22,2,10,'published',1,'2025-10-18 07:29:38','2025-10-18 07:29:38',NULL),(84,NULL,'{\"en\":\"repudiandae explicabo\",\"vi\":\"Áo len cao cấp\"}','{\"en\":\"Dolorem tempore voluptatem est suscipit nulla incidunt. Inventore impedit in nihil. Laudantium esse eum eligendi nulla cum.\",\"vi\":\"Thiết kế độc đáo, màu sắc đa dạng, phù hợp với xu hướng thời trang.\"}',8,12,19,'pending_approval',1,'2025-10-18 07:29:38','2025-10-18 07:29:38',NULL),(85,NULL,'{\"en\":\"necessitatibus rerum\",\"vi\":\"Áo khoác chất lượng\"}','{\"en\":\"Illum quisquam deleniti eligendi eum deleniti ut omnis. Debitis aut harum sit facilis. Maiores eius laboriosam sequi modi.\",\"vi\":\"Thiết kế độc đáo, màu sắc đa dạng, phù hợp với xu hướng thời trang.\"}',4,15,6,'pending_approval',1,'2025-10-18 07:29:38','2025-10-18 07:29:38',NULL),(86,NULL,'{\"en\":\"molestiae sit\",\"vi\":\"Váy đầm hiện đại\"}','{\"en\":\"Velit et magnam eaque earum provident iste amet. Consequatur qui cumque id dolores. Laborum quis eum placeat velit. Consequatur optio est possimus debitis non sunt rerum. Deserunt minus ex blanditiis minima et sint esse.\",\"vi\":\"Sản phẩm được kiểm tra chất lượng nghiêm ngặt trước khi đến tay khách hàng.\"}',4,1,21,'draft',1,'2025-10-18 07:29:38','2025-10-18 07:29:38',NULL),(87,NULL,'{\"en\":\"iure eius\",\"vi\":\"Máy tính thời trang\"}','{\"en\":\"Quis numquam dolore sit doloribus et dolore. Rerum optio recusandae corrupti odit odit maxime omnis. Excepturi sed libero mollitia quo qui.\",\"vi\":\"Thiết kế độc đáo, màu sắc đa dạng, phù hợp với xu hướng thời trang.\"}',6,23,10,'draft',1,'2025-10-18 07:29:38','2025-10-18 07:29:38',NULL),(88,NULL,'{\"en\":\"quae quaerat\",\"vi\":\"Váy đầm chất lượng\"}','{\"en\":\"Sit beatae rerum aperiam voluptatem eaque. Odio nobis cumque cumque quam.\",\"vi\":\"Được làm từ chất liệu cao cấp, đảm bảo độ bền và tính thẩm mỹ.\"}',17,19,17,'published',1,'2025-10-18 07:29:38','2025-10-18 07:29:38',NULL),(89,NULL,'{\"en\":\"sint excepturi\",\"vi\":\"Giày thể thao sang trọng\"}','{\"en\":\"Et occaecati amet culpa et et omnis. Quasi reiciendis porro unde reprehenderit in molestias. Veritatis nobis qui ut iusto. Ut et occaecati incidunt omnis rerum quis.\",\"vi\":\"Thiết kế độc đáo, màu sắc đa dạng, phù hợp với xu hướng thời trang.\"}',21,17,6,'published',1,'2025-10-18 07:29:38','2025-10-18 07:29:38',NULL),(90,NULL,'{\"en\":\"tempora quaerat\",\"vi\":\"Điện thoại thời trang\"}','{\"en\":\"Aut est ratione officiis quas. Officia magnam soluta et totam repudiandae optio. Totam occaecati quae est.\",\"vi\":\"Sản phẩm được kiểm tra chất lượng nghiêm ngặt trước khi đến tay khách hàng.\"}',21,2,13,'pending_approval',1,'2025-10-18 07:29:38','2025-10-18 07:29:38',NULL),(91,NULL,'{\"en\":\"quae id\",\"vi\":\"Áo khoác tiện dụng\"}','{\"en\":\"Voluptatem ullam sunt deleniti velit. Cum unde tempore nam quia exercitationem sint ut. Officia beatae in alias dolore.\",\"vi\":\"Được làm từ chất liệu cao cấp, đảm bảo độ bền và tính thẩm mỹ.\"}',25,23,17,'draft',1,'2025-10-18 07:29:38','2025-10-18 07:29:38',NULL),(92,NULL,'{\"en\":\"aut cum\",\"vi\":\"Balo chất lượng\"}','{\"en\":\"Consequatur est doloribus labore maxime perspiciatis praesentium. Sint doloribus quis dignissimos sed distinctio sit cum. Pariatur nam ducimus dicta reprehenderit magnam accusantium quis.\",\"vi\":\"Thiết kế độc đáo, màu sắc đa dạng, phù hợp với xu hướng thời trang.\"}',4,12,4,'draft',1,'2025-10-18 07:29:38','2025-10-18 07:29:38',NULL),(93,NULL,'{\"en\":\"aperiam dolor\",\"vi\":\"Giày thể thao thời trang\"}','{\"en\":\"Natus quis minima quam enim molestiae aliquid aspernatur rerum. Doloremque aliquid et non. Vel quae saepe id nostrum ipsa iure sed. Aut est quis optio sed incidunt quidem. Numquam at accusamus quis quos.\",\"vi\":\"Được làm từ chất liệu cao cấp, đảm bảo độ bền và tính thẩm mỹ.\"}',20,2,16,'draft',1,'2025-10-18 07:29:38','2025-10-18 07:29:38',NULL),(94,NULL,'{\"en\":\"quia fugiat\",\"vi\":\"Kính mát tiện dụng\"}','{\"en\":\"Fuga aspernatur officiis voluptatem voluptatem. Sit non molestias praesentium eveniet.\",\"vi\":\"Sản phẩm chất lượng cao, được thiết kế với phong cách hiện đại và tiện dụng.\"}',16,6,4,'published',1,'2025-10-18 07:29:38','2025-10-18 07:29:38',NULL),(95,NULL,'{\"en\":\"quia officia\",\"vi\":\"Đồng hồ sang trọng\"}','{\"en\":\"Provident architecto sint saepe qui asperiores maxime distinctio repellendus. Velit molestiae voluptas quia eius. Delectus sit est et temporibus deleniti.\",\"vi\":\"Được làm từ chất liệu cao cấp, đảm bảo độ bền và tính thẩm mỹ.\"}',6,8,16,'draft',1,'2025-10-18 07:29:38','2025-10-18 07:29:38',NULL),(96,NULL,'{\"en\":\"quo quas\",\"vi\":\"Kính mát sang trọng\"}','{\"en\":\"Nulla nam id id culpa pariatur. Aspernatur quia aut exercitationem doloremque error est provident inventore. Ad commodi aut et eveniet.\",\"vi\":\"Thiết kế độc đáo, màu sắc đa dạng, phù hợp với xu hướng thời trang.\"}',3,7,15,'published',1,'2025-10-18 07:29:38','2025-10-18 07:29:38',NULL),(97,NULL,'{\"en\":\"occaecati omnis\",\"vi\":\"Ví da cao cấp\"}','{\"en\":\"Quam non qui assumenda recusandae. Ea quas nihil voluptatibus consequatur eos sed. Perferendis dolorem ut quidem fuga quo non porro. Suscipit sed voluptatem fugiat fugiat minus labore.\",\"vi\":\"Thiết kế độc đáo, màu sắc đa dạng, phù hợp với xu hướng thời trang.\"}',3,1,18,'draft',1,'2025-10-18 07:29:38','2025-10-18 07:29:38',NULL),(98,NULL,'{\"en\":\"nisi ipsam\",\"vi\":\"Áo len sang trọng\"}','{\"en\":\"Consequatur itaque provident amet in. Qui ut eius a quasi qui. Ea reprehenderit deserunt quis repudiandae odit. Pariatur esse minus aut id aperiam delectus.\",\"vi\":\"Sản phẩm chất lượng cao, được thiết kế với phong cách hiện đại và tiện dụng.\"}',2,15,6,'pending_approval',1,'2025-10-18 07:29:38','2025-10-18 07:29:38',NULL),(99,NULL,'{\"en\":\"sunt est\",\"vi\":\"Máy tính cao cấp\"}','{\"en\":\"Odit quia tempore ut eligendi dolores autem ut aut. Aut ipsum possimus consequatur ad eveniet voluptatum. Qui ipsam vel quibusdam et. Ab facere quas fugiat perspiciatis consequatur quia soluta.\",\"vi\":\"Thiết kế độc đáo, màu sắc đa dạng, phù hợp với xu hướng thời trang.\"}',26,6,21,'published',1,'2025-10-18 07:29:38','2025-10-18 07:29:38',NULL),(100,NULL,'{\"en\":\"iste unde\",\"vi\":\"Tai nghe hiện đại\"}','{\"en\":\"Quidem temporibus doloribus error molestias sit sint. Eos at est fugiat sapiente sequi sed voluptatum. Exercitationem quia corrupti harum temporibus vero perferendis voluptas et. Aut corporis provident optio quas.\",\"vi\":\"Sản phẩm được kiểm tra chất lượng nghiêm ngặt trước khi đến tay khách hàng.\"}',17,6,12,'published',1,'2025-10-18 07:29:38','2025-10-18 07:29:38',NULL);
/*!40000 ALTER TABLE `products` ENABLE KEYS */;
UNLOCK TABLES;

--
-- Table structure for table `promotion_codes`
--

DROP TABLE IF EXISTS `promotion_codes`;
/*!40101 SET @saved_cs_client     = @@character_set_client */;
/*!50503 SET character_set_client = utf8mb4 */;
CREATE TABLE `promotion_codes` (
  `promotion_code_id` bigint(20) unsigned NOT NULL AUTO_INCREMENT,
  `promotion_id` bigint(20) unsigned NOT NULL,
  `code` varchar(50) NOT NULL,
  `usage_limit` int(11) DEFAULT NULL,
  `used_count` int(11) NOT NULL DEFAULT 0,
  `is_active` tinyint(1) NOT NULL DEFAULT 1,
  `created_at` timestamp NULL DEFAULT NULL,
  `updated_at` timestamp NULL DEFAULT NULL,
  PRIMARY KEY (`promotion_code_id`),
  UNIQUE KEY `promotion_codes_code_unique` (`code`),
  KEY `promotion_codes_promotion_id_foreign` (`promotion_id`),
  CONSTRAINT `promotion_codes_promotion_id_foreign` FOREIGN KEY (`promotion_id`) REFERENCES `promotions` (`promotion_id`) ON DELETE CASCADE
) ENGINE=InnoDB AUTO_INCREMENT=51 DEFAULT CHARSET=utf8mb4 COLLATE=utf8mb4_unicode_ci;
/*!40101 SET character_set_client = @saved_cs_client */;

--
-- Dumping data for table `promotion_codes`
--

LOCK TABLES `promotion_codes` WRITE;
/*!40000 ALTER TABLE `promotion_codes` DISABLE KEYS */;
INSERT INTO `promotion_codes` VALUES (1,11,'YF8HRMZH',2,0,1,'2025-10-18 07:29:43','2025-10-18 07:29:43'),(2,11,'7QZPKYCH',5,0,1,'2025-10-18 07:29:43','2025-10-18 07:29:43'),(3,11,'IYL1RKQ9',2,0,1,'2025-10-18 07:29:43','2025-10-18 07:29:43'),(4,11,'WPACQAQP',2,0,1,'2025-10-18 07:29:43','2025-10-18 07:29:43'),(5,11,'ZSOTD0YO',5,0,1,'2025-10-18 07:29:43','2025-10-18 07:29:43'),(6,11,'FCXRF3SD',1,0,1,'2025-10-18 07:29:43','2025-10-18 07:29:43'),(7,11,'37MGFR0W',4,0,1,'2025-10-18 07:29:43','2025-10-18 07:29:43'),(8,11,'PQQI7FWN',4,0,1,'2025-10-18 07:29:43','2025-10-18 07:29:43'),(9,11,'DHFNJB1Z',5,0,1,'2025-10-18 07:29:43','2025-10-18 07:29:43'),(10,11,'RFQIKZKV',3,0,1,'2025-10-18 07:29:43','2025-10-18 07:29:43'),(11,12,'TKL9CSFE',1,0,1,'2025-10-18 07:29:43','2025-10-18 07:29:43'),(12,12,'UOX1CI3A',1,0,1,'2025-10-18 07:29:43','2025-10-18 07:29:43'),(13,12,'5SME0YSR',4,0,1,'2025-10-18 07:29:43','2025-10-18 07:29:43'),(14,12,'EQSCTFC0',1,0,1,'2025-10-18 07:29:43','2025-10-18 07:29:43'),(15,12,'WQKYHL9U',5,0,1,'2025-10-18 07:29:43','2025-10-18 07:29:43'),(16,12,'2WIOLFG6',1,0,1,'2025-10-18 07:29:43','2025-10-18 07:29:43'),(17,12,'XIVU2ZB2',3,0,1,'2025-10-18 07:29:43','2025-10-18 07:29:43'),(18,12,'TZQFEV0M',3,0,1,'2025-10-18 07:29:43','2025-10-18 07:29:43'),(19,12,'2WPSJ2GE',5,0,1,'2025-10-18 07:29:43','2025-10-18 07:29:43'),(20,12,'FUPQEFBM',2,0,1,'2025-10-18 07:29:43','2025-10-18 07:29:43'),(21,13,'VS2LO22C',1,0,1,'2025-10-18 07:29:43','2025-10-18 07:29:43'),(22,13,'VCKLHZHX',3,0,1,'2025-10-18 07:29:43','2025-10-18 07:29:43'),(23,13,'ZJOXTGKE',2,0,1,'2025-10-18 07:29:43','2025-10-18 07:29:43'),(24,13,'ZAKYGSCU',4,0,1,'2025-10-18 07:29:43','2025-10-18 07:29:43'),(25,13,'E9FDKYRL',4,0,1,'2025-10-18 07:29:43','2025-10-18 07:29:43'),(26,13,'F44P9T9H',2,0,1,'2025-10-18 07:29:43','2025-10-18 07:29:43'),(27,13,'U1RULORQ',1,0,1,'2025-10-18 07:29:43','2025-10-18 07:29:43'),(28,13,'MKPWWCUE',2,0,1,'2025-10-18 07:29:43','2025-10-18 07:29:43'),(29,13,'IXZ7ZTEE',2,0,1,'2025-10-18 07:29:43','2025-10-18 07:29:43'),(30,13,'TIGUDKCN',5,0,1,'2025-10-18 07:29:43','2025-10-18 07:29:43'),(31,14,'INHRJWCP',4,0,1,'2025-10-18 07:29:43','2025-10-18 07:29:43'),(32,14,'JM35PXSE',2,0,1,'2025-10-18 07:29:43','2025-10-18 07:29:43'),(33,14,'J7M4PPNG',5,0,1,'2025-10-18 07:29:43','2025-10-18 07:29:43'),(34,14,'JHFY1NON',3,0,1,'2025-10-18 07:29:43','2025-10-18 07:29:43'),(35,14,'4BSHL6QS',4,0,1,'2025-10-18 07:29:43','2025-10-18 07:29:43'),(36,14,'RVLP3BNH',5,0,1,'2025-10-18 07:29:43','2025-10-18 07:29:43'),(37,14,'VMF0LRUP',5,0,1,'2025-10-18 07:29:43','2025-10-18 07:29:43'),(38,14,'27MEZO9K',4,0,1,'2025-10-18 07:29:43','2025-10-18 07:29:43'),(39,14,'DCXGEALH',2,0,1,'2025-10-18 07:29:43','2025-10-18 07:29:43'),(40,14,'HPNBLXZG',5,0,1,'2025-10-18 07:29:43','2025-10-18 07:29:43'),(41,15,'61QQ31ZQ',1,0,1,'2025-10-18 07:29:43','2025-10-18 07:29:43'),(42,15,'BSYOVEKC',2,0,1,'2025-10-18 07:29:43','2025-10-18 07:29:43'),(43,15,'TFHOTQ2Y',5,0,1,'2025-10-18 07:29:43','2025-10-18 07:29:43'),(44,15,'W4EZL7DE',3,0,1,'2025-10-18 07:29:43','2025-10-18 07:29:43'),(45,15,'9DVN8P6W',1,0,1,'2025-10-18 07:29:43','2025-10-18 07:29:43'),(46,15,'TRRHXYDG',1,0,1,'2025-10-18 07:29:43','2025-10-18 07:29:43'),(47,15,'HWZLOFXE',1,0,1,'2025-10-18 07:29:43','2025-10-18 07:29:43'),(48,15,'USQ3B6XK',1,0,1,'2025-10-18 07:29:43','2025-10-18 07:29:43'),(49,15,'BLVZ1XRE',5,0,1,'2025-10-18 07:29:43','2025-10-18 07:29:43'),(50,15,'AYMCMCMH',5,0,1,'2025-10-18 07:29:43','2025-10-18 07:29:43');
/*!40000 ALTER TABLE `promotion_codes` ENABLE KEYS */;
UNLOCK TABLES;

--
-- Table structure for table `promotions`
--

DROP TABLE IF EXISTS `promotions`;
/*!40101 SET @saved_cs_client     = @@character_set_client */;
/*!50503 SET character_set_client = utf8mb4 */;
CREATE TABLE `promotions` (
  `promotion_id` bigint(20) unsigned NOT NULL AUTO_INCREMENT,
  `name` varchar(200) NOT NULL,
  `description` text DEFAULT NULL,
  `type` tinyint(4) NOT NULL COMMENT '1: Percentage, 2: Fixed Amount',
  `value` decimal(18,2) NOT NULL,
  `min_order_amount` decimal(18,2) DEFAULT NULL,
  `max_discount_amount` decimal(18,2) DEFAULT NULL,
  `start_date` timestamp NOT NULL DEFAULT current_timestamp(),
  `end_date` timestamp NOT NULL DEFAULT current_timestamp(),
  `usage_limit` int(11) DEFAULT NULL,
  `used_count` int(11) NOT NULL DEFAULT 0,
  `is_active` tinyint(1) NOT NULL DEFAULT 1,
  `priority` enum('low','medium','high','urgent') NOT NULL DEFAULT 'medium',
  `stackable` tinyint(1) NOT NULL DEFAULT 0,
  `customer_eligibility` longtext CHARACTER SET utf8mb4 COLLATE utf8mb4_bin DEFAULT NULL CHECK (json_valid(`customer_eligibility`)),
  `geographic_restrictions` longtext CHARACTER SET utf8mb4 COLLATE utf8mb4_bin DEFAULT NULL CHECK (json_valid(`geographic_restrictions`)),
  `product_restrictions` longtext CHARACTER SET utf8mb4 COLLATE utf8mb4_bin DEFAULT NULL CHECK (json_valid(`product_restrictions`)),
  `budget_limit` decimal(12,2) DEFAULT NULL,
  `budget_used` decimal(12,2) NOT NULL DEFAULT 0.00,
  `daily_usage_limit` int(10) unsigned DEFAULT NULL,
  `daily_usage_count` int(10) unsigned NOT NULL DEFAULT 0,
  `per_customer_limit` int(10) unsigned DEFAULT NULL,
  `first_time_customer_only` tinyint(1) NOT NULL DEFAULT 0,
  `minimum_cart_value` decimal(10,2) DEFAULT NULL,
  `maximum_discount_amount` decimal(10,2) DEFAULT NULL,
  `time_restrictions` longtext CHARACTER SET utf8mb4 COLLATE utf8mb4_bin DEFAULT NULL CHECK (json_valid(`time_restrictions`)),
  `auto_apply_condition` varchar(500) DEFAULT NULL,
  `terms_and_conditions` text DEFAULT NULL,
  `last_used_at` timestamp NULL DEFAULT NULL,
  `created_at` timestamp NULL DEFAULT NULL,
  `updated_at` timestamp NULL DEFAULT NULL,
  `deleted_at` timestamp NULL DEFAULT NULL,
  PRIMARY KEY (`promotion_id`),
  KEY `promotions_priority_is_active_end_date_index` (`priority`,`is_active`,`end_date`),
  KEY `promotions_stackable_is_active_index` (`stackable`,`is_active`),
  KEY `promotions_first_time_customer_only_is_active_index` (`first_time_customer_only`,`is_active`),
  KEY `promotions_budget_limit_budget_used_index` (`budget_limit`,`budget_used`)
) ENGINE=InnoDB AUTO_INCREMENT=16 DEFAULT CHARSET=utf8mb4 COLLATE=utf8mb4_unicode_ci;
/*!40101 SET character_set_client = @saved_cs_client */;

--
-- Dumping data for table `promotions`
--

LOCK TABLES `promotions` WRITE;
/*!40000 ALTER TABLE `promotions` DISABLE KEYS */;
INSERT INTO `promotions` VALUES (1,'Khuyến mãi eius similique quas','Autem cumque non repellendus qui.',2,75529.00,NULL,75529.00,'2025-10-16 07:29:42','2025-11-25 07:29:42',NULL,0,1,'medium',0,NULL,NULL,NULL,NULL,0.00,NULL,0,NULL,0,NULL,NULL,NULL,NULL,NULL,NULL,'2025-10-18 07:29:42','2025-10-18 07:29:42',NULL),(2,'Khuyến mãi ut quaerat quasi','Tempore reiciendis molestiae consequatur velit rerum in.',1,36.00,200000.00,93872.00,'2025-10-17 07:29:42','2025-11-19 07:29:42',500,0,1,'medium',0,NULL,NULL,NULL,NULL,0.00,NULL,0,NULL,0,NULL,NULL,NULL,NULL,NULL,NULL,'2025-10-18 07:29:42','2025-10-18 07:29:42',NULL),(3,'Khuyến mãi consequatur delectus officia','Et molestiae ducimus explicabo officia ipsum.',1,10.00,50000.00,77072.00,'2025-10-14 07:29:42','2025-11-26 07:29:42',100,0,1,'medium',0,NULL,NULL,NULL,NULL,0.00,NULL,0,NULL,0,NULL,NULL,NULL,NULL,NULL,NULL,'2025-10-18 07:29:42','2025-10-18 07:29:42',NULL),(4,'Khuyến mãi necessitatibus doloribus et','Illo qui est qui.',1,41.00,200000.00,39019.00,'2025-10-15 07:29:42','2025-12-12 07:29:42',NULL,0,1,'medium',0,NULL,NULL,NULL,NULL,0.00,NULL,0,NULL,0,NULL,NULL,NULL,NULL,NULL,NULL,'2025-10-18 07:29:42','2025-10-18 07:29:42',NULL),(5,'Khuyến mãi esse fugiat libero','Voluptas ullam asperiores porro voluptates.',1,10.00,100000.00,22029.00,'2025-10-14 07:29:42','2025-12-16 07:29:42',100,0,1,'medium',0,NULL,NULL,NULL,NULL,0.00,NULL,0,NULL,0,NULL,NULL,NULL,NULL,NULL,NULL,'2025-10-18 07:29:42','2025-10-18 07:29:42',NULL),(6,'Khuyến mãi maxime aut voluptatem','Et dolorem sit qui molestias qui.',1,9.00,50000.00,31435.00,'2025-10-13 07:29:42','2025-12-02 07:29:42',100,0,1,'medium',0,NULL,NULL,NULL,NULL,0.00,NULL,0,NULL,0,NULL,NULL,NULL,NULL,NULL,NULL,'2025-10-18 07:29:42','2025-10-18 07:29:42',NULL),(7,'Khuyến mãi atque quod ab','Dolor assumenda eveniet dolores libero officia consequatur odit aut.',1,50.00,NULL,71635.00,'2025-10-15 07:29:42','2025-12-05 07:29:42',100,0,1,'medium',0,NULL,NULL,NULL,NULL,0.00,NULL,0,NULL,0,NULL,NULL,NULL,NULL,NULL,NULL,'2025-10-18 07:29:42','2025-10-18 07:29:42',NULL),(8,'Khuyến mãi nulla repellat tempora','Est vero qui suscipit corporis.',1,26.00,100000.00,64053.00,'2025-10-14 07:29:42','2025-11-11 07:29:42',NULL,0,1,'medium',0,NULL,NULL,NULL,NULL,0.00,NULL,0,NULL,0,NULL,NULL,NULL,NULL,NULL,NULL,'2025-10-18 07:29:42','2025-10-18 07:29:42',NULL),(9,'Khuyến mãi suscipit nesciunt rerum','Itaque voluptatem sed ratione sed sit quis natus perspiciatis.',1,27.00,200000.00,37580.00,'2025-10-09 07:29:42','2025-12-08 07:29:42',NULL,0,1,'medium',0,NULL,NULL,NULL,NULL,0.00,NULL,0,NULL,0,NULL,NULL,NULL,NULL,NULL,NULL,'2025-10-18 07:29:42','2025-10-18 07:29:42',NULL),(10,'Khuyến mãi optio deleniti vel','Beatae qui nisi sint aliquid reiciendis asperiores soluta.',2,21550.00,NULL,21550.00,'2025-10-11 07:29:42','2025-11-06 07:29:42',500,0,1,'medium',0,NULL,NULL,NULL,NULL,0.00,NULL,0,NULL,0,NULL,NULL,NULL,NULL,NULL,NULL,'2025-10-18 07:29:42','2025-10-18 07:29:42',NULL),(11,'Khuyến mãi aliquid facilis eum','Sed molestias vitae et aut.',2,62336.00,50000.00,62336.00,'2025-10-16 07:29:42','2025-11-04 07:29:42',NULL,0,1,'medium',0,NULL,NULL,NULL,NULL,0.00,NULL,0,NULL,0,NULL,NULL,NULL,NULL,NULL,NULL,'2025-10-18 07:29:42','2025-10-18 07:29:42',NULL),(12,'Khuyến mãi enim incidunt molestiae','Corporis pariatur iure ex quas laudantium.',2,50992.00,NULL,50992.00,'2025-10-16 07:29:42','2025-11-12 07:29:42',500,0,1,'medium',0,NULL,NULL,NULL,NULL,0.00,NULL,0,NULL,0,NULL,NULL,NULL,NULL,NULL,NULL,'2025-10-18 07:29:42','2025-10-18 07:29:42',NULL),(13,'Khuyến mãi voluptate ut quibusdam','Molestias ducimus sunt et earum animi exercitationem dolor adipisci.',1,38.00,200000.00,28653.00,'2025-10-12 07:29:42','2025-12-10 07:29:42',500,0,1,'medium',0,NULL,NULL,NULL,NULL,0.00,NULL,0,NULL,0,NULL,NULL,NULL,NULL,NULL,NULL,'2025-10-18 07:29:42','2025-10-18 07:29:42',NULL),(14,'Khuyến mãi libero possimus quasi','Id ab sint est ut tempore ut laboriosam architecto.',1,41.00,NULL,47749.00,'2025-10-12 07:29:42','2025-11-05 07:29:42',500,0,1,'medium',0,NULL,NULL,NULL,NULL,0.00,NULL,0,NULL,0,NULL,NULL,NULL,NULL,NULL,NULL,'2025-10-18 07:29:42','2025-10-18 07:29:42',NULL),(15,'Khuyến mãi et enim ut','Repudiandae ex et voluptatem autem.',2,124430.00,100000.00,124430.00,'2025-10-15 07:29:42','2025-11-10 07:29:42',500,0,1,'medium',0,NULL,NULL,NULL,NULL,0.00,NULL,0,NULL,0,NULL,NULL,NULL,NULL,NULL,NULL,'2025-10-18 07:29:42','2025-10-18 07:29:42',NULL);
/*!40000 ALTER TABLE `promotions` ENABLE KEYS */;
UNLOCK TABLES;

--
-- Table structure for table `return_items`
--

DROP TABLE IF EXISTS `return_items`;
/*!40101 SET @saved_cs_client     = @@character_set_client */;
/*!50503 SET character_set_client = utf8mb4 */;
CREATE TABLE `return_items` (
  `return_item_id` bigint(20) unsigned NOT NULL AUTO_INCREMENT,
  `return_id` bigint(20) unsigned NOT NULL,
  `variant_id` bigint(20) unsigned NOT NULL,
  `quantity` int(11) NOT NULL,
  `unit_price` decimal(15,2) NOT NULL,
  `total_price` decimal(15,2) NOT NULL,
  `reason` varchar(255) DEFAULT NULL,
  PRIMARY KEY (`return_item_id`),
  KEY `return_items_return_id_foreign` (`return_id`),
  KEY `return_items_variant_id_foreign` (`variant_id`),
  CONSTRAINT `return_items_return_id_foreign` FOREIGN KEY (`return_id`) REFERENCES `returns` (`return_id`) ON DELETE CASCADE,
  CONSTRAINT `return_items_variant_id_foreign` FOREIGN KEY (`variant_id`) REFERENCES `product_variants` (`variant_id`) ON DELETE CASCADE
) ENGINE=InnoDB DEFAULT CHARSET=utf8mb4 COLLATE=utf8mb4_unicode_ci;
/*!40101 SET character_set_client = @saved_cs_client */;

--
-- Dumping data for table `return_items`
--

LOCK TABLES `return_items` WRITE;
/*!40000 ALTER TABLE `return_items` DISABLE KEYS */;
/*!40000 ALTER TABLE `return_items` ENABLE KEYS */;
UNLOCK TABLES;

--
-- Table structure for table `returns`
--

DROP TABLE IF EXISTS `returns`;
/*!40101 SET @saved_cs_client     = @@character_set_client */;
/*!50503 SET character_set_client = utf8mb4 */;
CREATE TABLE `returns` (
  `return_id` bigint(20) unsigned NOT NULL AUTO_INCREMENT,
  `order_id` bigint(20) unsigned NOT NULL,
  `customer_id` bigint(20) unsigned NOT NULL,
  `return_number` varchar(255) NOT NULL,
  `reason` tinyint(3) unsigned NOT NULL COMMENT 'Lý do trả hàng, ví dụ: 1: Sản phẩm lỗi, 2: Sai sản phẩm...',
  `description` text DEFAULT NULL,
  `status` enum('pending','approved','rejected','refunded','exchanged','cancelled') NOT NULL DEFAULT 'pending' COMMENT 'Return status using ENUM values',
  `refund_amount` decimal(15,2) DEFAULT NULL,
  `type` tinyint(3) unsigned NOT NULL COMMENT '1: Refund, 2: Exchange',
  `admin_note` text DEFAULT NULL,
  `processed_at` timestamp NULL DEFAULT NULL,
  `refunded_at` timestamp NULL DEFAULT NULL,
  `created_at` timestamp NULL DEFAULT NULL,
  `updated_at` timestamp NULL DEFAULT NULL,
  `deleted_at` timestamp NULL DEFAULT NULL,
  PRIMARY KEY (`return_id`),
  UNIQUE KEY `returns_return_number_unique` (`return_number`),
  KEY `returns_order_id_foreign` (`order_id`),
  KEY `returns_customer_id_foreign` (`customer_id`),
  CONSTRAINT `returns_customer_id_foreign` FOREIGN KEY (`customer_id`) REFERENCES `users` (`id`) ON DELETE CASCADE,
  CONSTRAINT `returns_order_id_foreign` FOREIGN KEY (`order_id`) REFERENCES `orders` (`order_id`) ON DELETE CASCADE
) ENGINE=InnoDB AUTO_INCREMENT=51 DEFAULT CHARSET=utf8mb4 COLLATE=utf8mb4_unicode_ci;
/*!40101 SET character_set_client = @saved_cs_client */;

--
-- Dumping data for table `returns`
--

LOCK TABLES `returns` WRITE;
/*!40000 ALTER TABLE `returns` DISABLE KEYS */;
INSERT INTO `returns` VALUES (1,86,51,'RTN-28933723',2,'Similique fuga laborum aut magni et ut. Maiores aperiam quam nulla maiores ea debitis illum. Officia asperiores consequatur excepturi repellendus suscipit. Ullam commodi quia corporis corrupti laudantium deleniti debitis.','approved',36338316.00,1,NULL,'2025-10-18 07:29:42',NULL,'2025-10-18 07:29:42','2025-10-18 07:29:42',NULL),(2,265,109,'RTN-36038890',4,'Non minus ad beatae ipsa perferendis sint. Quia incidunt doloribus labore eveniet. Est hic consequatur ea incidunt autem quia.','rejected',21800520.00,2,NULL,'2025-10-18 07:29:42',NULL,'2025-10-18 07:29:42','2025-10-18 07:29:42',NULL),(3,230,97,'RTN-49273099',5,'Laboriosam magni voluptas quidem ex similique. Fuga sequi vero vero quo. Est minus perferendis ipsa debitis autem porro. Qui fugit quia facilis facere.','exchanged',94545948.00,2,NULL,'2025-10-18 07:29:42',NULL,'2025-10-18 07:29:42','2025-10-18 07:29:42',NULL),(4,240,100,'RTN-16644173',4,'Occaecati maiores dolore et facere omnis corporis. Eos nemo enim rerum corporis sit. Ut voluptatem temporibus quia ab blanditiis similique.','rejected',27893541.00,2,NULL,'2025-10-18 07:29:42',NULL,'2025-10-18 07:29:42','2025-10-18 07:29:42',NULL),(5,23,32,'RTN-78870508',4,'Doloribus magnam perferendis non sit. Rerum corporis maxime quia aut qui laborum. Nisi molestias sit eius autem error temporibus aut.','approved',63621756.00,2,NULL,'2025-10-18 07:29:42',NULL,'2025-10-18 07:29:42','2025-10-18 07:29:42',NULL),(6,173,79,'RTN-7839742',3,'Eum impedit voluptatum quod alias. Earum accusantium ipsa nihil. Expedita dolores nemo commodi dolorem harum. Aut beatae voluptatum eum.','cancelled',1007169.00,1,NULL,'2025-10-18 07:29:42',NULL,'2025-10-18 07:29:42','2025-10-18 07:29:42',NULL),(7,265,109,'RTN-81834185',1,'Et qui aut fuga veritatis sed. Sunt veritatis est fugit iusto. Aut unde et odio. Ut sequi officiis et eum quasi.','pending',21800520.00,2,NULL,'2025-10-18 07:29:42',NULL,'2025-10-18 07:29:42','2025-10-18 07:29:42',NULL),(8,202,88,'RTN-60906780',3,'Accusantium et praesentium impedit qui deleniti aut velit. Enim assumenda molestiae provident alias consequuntur nesciunt et quaerat. Laudantium dolorum sunt quia qui possimus.','pending',61834869.00,2,NULL,'2025-10-18 07:29:42',NULL,'2025-10-18 07:29:42','2025-10-18 07:29:42',NULL),(9,21,32,'RTN-60050112',2,'Enim tenetur recusandae hic illum libero. Fugit et perferendis est id maxime voluptatem. Est expedita aut unde reiciendis. Nulla est et rerum optio.','approved',27626317.00,1,NULL,'2025-10-18 07:29:42',NULL,'2025-10-18 07:29:42','2025-10-18 07:29:42',NULL),(10,127,64,'RTN-74120121',1,'Sint consequuntur sequi quia soluta dolor laborum. Rerum ipsum sit et libero qui. Quam quia minima maxime aut voluptas aut rerum ipsum. Aperiam minima ut officiis quasi id perferendis similique. Quia quae quae adipisci itaque.','cancelled',25765206.00,1,NULL,'2025-10-18 07:29:42',NULL,'2025-10-18 07:29:42','2025-10-18 07:29:42',NULL),(11,130,64,'RTN-12037924',1,'Non ad sit eum eum. Sed voluptates et earum. Dolores sint consequatur sequi rerum maiores enim. Aut ducimus itaque molestiae molestiae perferendis maiores odio.','approved',70018101.00,2,NULL,'2025-10-18 07:29:42',NULL,'2025-10-18 07:29:42','2025-10-18 07:29:42',NULL),(12,211,90,'RTN-82779114',2,'Sed odit fuga illum. Eum praesentium quis quidem harum et. Vero iusto ut eum ab harum quia nihil. Neque quo perferendis quae molestiae. Dolorem et ut deleniti unde est exercitationem esse.','rejected',80168712.00,2,NULL,'2025-10-18 07:29:42',NULL,'2025-10-18 07:29:42','2025-10-18 07:29:42',NULL),(13,73,47,'RTN-89344350',2,'Ea vel tempora minus ea sequi enim. Consequatur explicabo in amet in. Illo illum quia maiores in.','rejected',4965833.00,1,NULL,'2025-10-18 07:29:42',NULL,'2025-10-18 07:29:42','2025-10-18 07:29:42',NULL),(14,37,36,'RTN-28873318',3,'Laborum unde magnam aut quo. Quisquam aut soluta nisi enim quidem. Nesciunt sed amet et eos itaque et.','cancelled',67067060.00,2,NULL,'2025-10-18 07:29:42',NULL,'2025-10-18 07:29:42','2025-10-18 07:29:42',NULL),(15,240,100,'RTN-85875961',5,'Perspiciatis voluptatem dolor ut commodi deleniti aut et deserunt. Veritatis ut nulla laboriosam id dolor non. Voluptatibus distinctio distinctio qui asperiores et vero aut doloribus.','cancelled',4965833.00,1,NULL,'2025-10-18 07:29:42',NULL,'2025-10-18 07:29:42','2025-10-18 07:29:42',NULL),(16,283,115,'RTN-24015016',1,'Sit ut quam magnam. Corporis est hic et facilis. Illo neque quibusdam quidem sit optio ut nulla. Porro non vel nisi ex dolorem quo.','approved',60110484.00,1,NULL,'2025-10-18 07:29:42',NULL,'2025-10-18 07:29:42','2025-10-18 07:29:42',NULL),(17,60,44,'RTN-69088009',5,'Est rerum temporibus minima. Necessitatibus sed rerum et perferendis iusto fugiat adipisci. Soluta delectus nobis ipsum laboriosam in optio.','rejected',14897499.00,2,NULL,'2025-10-18 07:29:42',NULL,'2025-10-18 07:29:42','2025-10-18 07:29:42',NULL),(18,91,52,'RTN-96607864',5,'Qui molestiae inventore ullam facere. Ipsa incidunt ullam et dolorem. Harum nobis veniam aliquid ut mollitia libero sed magnam.','refunded',15203970.00,1,NULL,'2025-10-18 07:29:42',NULL,'2025-10-18 07:29:42','2025-10-18 07:29:42',NULL),(19,91,52,'RTN-90713148',4,'Minima animi numquam beatae voluptatem iusto. Nemo odit nostrum alias et et et sint. Et amet totam reiciendis aut placeat.','cancelled',27183120.00,1,NULL,'2025-10-18 07:29:42',NULL,'2025-10-18 07:29:42','2025-10-18 07:29:42',NULL),(20,59,44,'RTN-67540431',4,'Qui odit voluptatem accusantium est. Odit iste nostrum sed ut sed. Magnam eius qui eaque.','refunded',12266507.00,1,NULL,'2025-10-18 07:29:42',NULL,'2025-10-18 07:29:42','2025-10-18 07:29:42',NULL),(21,189,85,'RTN-31355768',3,'Repellat excepturi praesentium dolorem. Omnis alias molestias labore exercitationem eligendi. Amet aut accusamus illum ea aut qui est.','rejected',16009178.00,1,NULL,'2025-10-18 07:29:42',NULL,'2025-10-18 07:29:42','2025-10-18 07:29:42',NULL),(22,62,45,'RTN-85299389',3,'Quae possimus eum at laboriosam eum. Omnis et ea enim maiores placeat fugiat et. Consequatur voluptatem soluta excepturi et earum voluptas. Perspiciatis inventore ea repudiandae et minima.','exchanged',89242578.00,2,NULL,'2025-10-18 07:29:42',NULL,'2025-10-18 07:29:42','2025-10-18 07:29:42',NULL),(23,165,76,'RTN-55728259',3,'Voluptatem consequatur illum ut et autem. Quas dolorum recusandae sed consectetur odio qui libero. Numquam labore accusantium est et placeat. Aut deleniti earum quis ea expedita deleniti.','approved',65401560.00,2,NULL,'2025-10-18 07:29:42',NULL,'2025-10-18 07:29:42','2025-10-18 07:29:42',NULL),(24,73,47,'RTN-26891129',3,'Autem delectus praesentium ipsa similique asperiores quaerat. Quis quod accusantium cum. Repellendus impedit est pariatur itaque quaerat. Cum at delectus eveniet hic nihil voluptate magni totam.','approved',116932179.00,2,NULL,'2025-10-18 07:29:42',NULL,'2025-10-18 07:29:42','2025-10-18 07:29:42',NULL),(25,283,115,'RTN-19320897',4,'Cupiditate similique incidunt voluptatum vitae consequatur nihil rerum. Quaerat mollitia omnis ipsa.','pending',60110484.00,2,NULL,'2025-10-18 07:29:42',NULL,'2025-10-18 07:29:42','2025-10-18 07:29:42',NULL),(26,34,36,'RTN-98331761',2,'Velit itaque voluptatem est odit. Et sunt unde tempora pariatur vel similique optio sit. Accusantium corporis aliquid quas mollitia. Consequatur labore deserunt in molestiae nihil repudiandae.','refunded',13895929.00,1,NULL,'2025-10-18 07:29:42',NULL,'2025-10-18 07:29:42','2025-10-18 07:29:42',NULL),(27,173,79,'RTN-64347025',2,'Accusantium a provident voluptatem et iste totam. Quia quam odio laboriosam laudantium est. Sunt laudantium dignissimos voluptates ad. Ipsum quisquam deleniti tempora quia repudiandae beatae.','pending',1007169.00,1,NULL,'2025-10-18 07:29:42',NULL,'2025-10-18 07:29:42','2025-10-18 07:29:42',NULL),(28,118,61,'RTN-17300591',1,'Corporis accusamus quae enim architecto. Voluptatem vel laudantium nobis aspernatur aut doloribus. Animi maxime accusamus et officiis modi. Vel sit quisquam vel consequatur saepe et.','refunded',34436817.00,1,NULL,'2025-10-18 07:29:42',NULL,'2025-10-18 07:29:42','2025-10-18 07:29:42',NULL),(29,202,88,'RTN-52295716',3,'Pariatur earum vero ratione iste saepe labore accusamus. Fugiat consequatur sed qui. Delectus qui magnam aspernatur est qui.','refunded',18956190.00,2,NULL,'2025-10-18 07:29:42',NULL,'2025-10-18 07:29:42','2025-10-18 07:29:42',NULL),(30,169,77,'RTN-57453985',4,'Modi perferendis nam itaque dolor sunt et recusandae. Provident voluptas ut eius optio. Natus sit velit odit id. Ut ea facilis suscipit ea illum facere.','pending',67043934.00,2,NULL,'2025-10-18 07:29:42',NULL,'2025-10-18 07:29:42','2025-10-18 07:29:42',NULL),(31,151,73,'RTN-20226392',3,'Nobis suscipit odit quas. Et nisi ullam quas aperiam consequatur dicta repellat. Natus ex exercitationem eligendi sit laudantium aspernatur. Omnis nulla inventore sapiente quos aliquam.','refunded',30899142.00,1,NULL,'2025-10-18 07:29:42',NULL,'2025-10-18 07:29:42','2025-10-18 07:29:42',NULL),(32,84,51,'RTN-47514769',1,'Quidem omnis porro placeat debitis. Tenetur similique explicabo aut et iste aut quae.','rejected',144956193.00,2,NULL,'2025-10-18 07:29:42',NULL,'2025-10-18 07:29:42','2025-10-18 07:29:42',NULL),(33,86,51,'RTN-78251567',4,'Sit ipsum alias nemo sequi necessitatibus aut. Voluptatem veniam ad cumque nesciunt modi ipsum consequatur. Rem nihil veritatis animi nostrum enim consequatur.','rejected',9407661.00,2,NULL,'2025-10-18 07:29:42',NULL,'2025-10-18 07:29:42','2025-10-18 07:29:42',NULL),(34,91,52,'RTN-64019203',2,'Pariatur rerum et iusto consectetur assumenda vel ut itaque. Aut et quisquam reprehenderit eveniet est voluptatem minus iusto. Eum iure consequatur necessitatibus nam autem ea.','pending',27183120.00,2,NULL,'2025-10-18 07:29:42',NULL,'2025-10-18 07:29:42','2025-10-18 07:29:42',NULL),(35,60,44,'RTN-82481241',2,'Voluptas sed consequatur perferendis aut esse. Occaecati ipsum repudiandae natus quae quae sit. Maxime voluptatem est et similique rerum sed. Aperiam perspiciatis veritatis velit consequuntur necessitatibus.','refunded',21207252.00,2,NULL,'2025-10-18 07:29:42',NULL,'2025-10-18 07:29:42','2025-10-18 07:29:42',NULL),(36,34,36,'RTN-50532653',5,'Molestias quo illum tenetur odit et. Eveniet et labore totam deserunt voluptas. Animi nihil dolor consequatur in est voluptatem.','refunded',42337196.00,1,NULL,'2025-10-18 07:29:42',NULL,'2025-10-18 07:29:42','2025-10-18 07:29:42',NULL),(37,63,45,'RTN-35324709',1,'Temporibus cupiditate consequuntur odio corrupti vitae. Nisi temporibus vel sint aperiam et. Quo numquam tenetur eum iusto. Labore voluptatibus consequatur qui dolores doloribus.','rejected',41223246.00,1,NULL,'2025-10-18 07:29:42',NULL,'2025-10-18 07:29:42','2025-10-18 07:29:42',NULL),(38,211,90,'RTN-56161266',1,'Nostrum quas quam enim inventore ipsum. Laboriosam est vel laboriosam aut et fugit corrupti. Quis et sit illum aut autem temporibus.','exchanged',80168712.00,1,NULL,'2025-10-18 07:29:42',NULL,'2025-10-18 07:29:42','2025-10-18 07:29:42',NULL),(39,37,36,'RTN-68225160',3,'Ad velit quia officia et nulla. Recusandae dolore quo quo ut et beatae autem. Maiores non quisquam facilis est dolorum mollitia est fugiat.','cancelled',67067060.00,1,NULL,'2025-10-18 07:29:42',NULL,'2025-10-18 07:29:42','2025-10-18 07:29:42',NULL),(40,202,88,'RTN-56110082',5,'Dolor qui porro perspiciatis voluptatibus quidem fugit voluptas. Tempora consequatur dolorum enim nesciunt molestiae libero corporis. Optio debitis maiores fugiat iure nisi. Beatae expedita autem tenetur.','approved',18956190.00,2,NULL,'2025-10-18 07:29:42',NULL,'2025-10-18 07:29:42','2025-10-18 07:29:42',NULL),(41,22,32,'RTN-5152196',5,'Quibusdam quo et est porro. Corporis in quidem dolores. Natus quis adipisci cum quod reprehenderit facilis.','approved',34474078.00,1,NULL,'2025-10-18 07:29:42',NULL,'2025-10-18 07:29:42','2025-10-18 07:29:42',NULL),(42,52,42,'RTN-77030034',4,'Optio omnis unde tempora nisi voluptatum quia accusamus. Eveniet laboriosam ad exercitationem voluptatibus sint incidunt reiciendis. Nulla rerum incidunt nemo ipsa. Nihil laboriosam voluptates in omnis assumenda quis ab tenetur.','cancelled',19587846.00,2,NULL,'2025-10-18 07:29:42',NULL,'2025-10-18 07:29:42','2025-10-18 07:29:42',NULL),(43,230,97,'RTN-833728',4,'Est suscipit consectetur ratione minima laudantium nisi quia qui. Placeat non tenetur aut aut qui sed quae dolores. Incidunt tempora qui aliquid magnam saepe soluta sint.','exchanged',94545948.00,2,NULL,'2025-10-18 07:29:42',NULL,'2025-10-18 07:29:42','2025-10-18 07:29:42',NULL),(44,59,44,'RTN-15531815',3,'Et quos mollitia laborum at minus error. Facilis excepturi mollitia ut odio saepe eos. Iste nemo molestias perspiciatis neque aperiam velit.','rejected',12266507.00,2,NULL,'2025-10-18 07:29:42',NULL,'2025-10-18 07:29:42','2025-10-18 07:29:42',NULL),(45,151,73,'RTN-82274946',1,'Ea est at fuga accusantium sunt ex sint. Nulla qui dolor harum possimus deserunt repellat corrupti.','refunded',30899142.00,1,NULL,'2025-10-18 07:29:42',NULL,'2025-10-18 07:29:42','2025-10-18 07:29:42',NULL),(46,127,64,'RTN-92062118',4,'Ut et vero eum qui ea quia. Cumque impedit corporis aliquid et.','approved',90440536.00,1,NULL,'2025-10-18 07:29:42',NULL,'2025-10-18 07:29:42','2025-10-18 07:29:42',NULL),(47,23,32,'RTN-90255246',4,'Fugiat accusantium non est corrupti dolor qui autem. Explicabo repellat mollitia eius fuga delectus perspiciatis sed consequuntur. Quia consequuntur aliquam voluptas deleniti ducimus dicta. Occaecati recusandae autem ut quas facere impedit.','refunded',63621756.00,1,NULL,'2025-10-18 07:29:42',NULL,'2025-10-18 07:29:42','2025-10-18 07:29:42',NULL),(48,193,86,'RTN-8107729',4,'Omnis cumque voluptates quia magnam maxime cupiditate. Et recusandae debitis commodi. Et sunt suscipit illum dolor voluptatum voluptate porro. Deleniti repellendus aut nam sit.','approved',48772826.00,2,NULL,'2025-10-18 07:29:42',NULL,'2025-10-18 07:29:42','2025-10-18 07:29:42',NULL),(49,127,64,'RTN-36949427',2,'Et vero quibusdam iure velit fugit aperiam harum. Ut possimus quas quod at. Sint ea veritatis repudiandae iste sequi.','exchanged',25765206.00,2,NULL,'2025-10-18 07:29:42',NULL,'2025-10-18 07:29:42','2025-10-18 07:29:42',NULL),(50,21,32,'RTN-51172481',4,'Quibusdam occaecati tempore ipsam molestias nihil. Rerum unde sed quis accusantium officiis molestiae. Nemo praesentium laboriosam et ut et cum dolorem. Quas id quas similique est.','pending',27626317.00,2,NULL,'2025-10-18 07:29:42',NULL,'2025-10-18 07:29:42','2025-10-18 07:29:42',NULL);
/*!40000 ALTER TABLE `returns` ENABLE KEYS */;
UNLOCK TABLES;

--
-- Table structure for table `review_media`
--

DROP TABLE IF EXISTS `review_media`;
/*!40101 SET @saved_cs_client     = @@character_set_client */;
/*!50503 SET character_set_client = utf8mb4 */;
CREATE TABLE `review_media` (
  `id` bigint(20) unsigned NOT NULL AUTO_INCREMENT,
  `review_id` bigint(20) unsigned NOT NULL,
  `media_type` enum('image','video') NOT NULL DEFAULT 'image',
  `file_name` varchar(255) NOT NULL,
  `file_path` varchar(500) NOT NULL,
  `mime_type` varchar(100) NOT NULL,
  `file_size` int(10) unsigned NOT NULL,
  `metadata` longtext CHARACTER SET utf8mb4 COLLATE utf8mb4_bin DEFAULT NULL CHECK (json_valid(`metadata`)),
  `display_order` smallint(6) NOT NULL DEFAULT 0,
  `is_primary` tinyint(1) NOT NULL DEFAULT 0,
  `created_at` timestamp NULL DEFAULT NULL,
  `updated_at` timestamp NULL DEFAULT NULL,
  PRIMARY KEY (`id`),
  KEY `review_media_review_id_display_order_index` (`review_id`,`display_order`),
  KEY `review_media_media_type_created_at_index` (`media_type`,`created_at`),
  KEY `review_media_is_primary_index` (`is_primary`),
  CONSTRAINT `review_media_review_id_foreign` FOREIGN KEY (`review_id`) REFERENCES `reviews` (`review_id`) ON DELETE CASCADE
) ENGINE=InnoDB DEFAULT CHARSET=utf8mb4 COLLATE=utf8mb4_unicode_ci;
/*!40101 SET character_set_client = @saved_cs_client */;

--
-- Dumping data for table `review_media`
--

LOCK TABLES `review_media` WRITE;
/*!40000 ALTER TABLE `review_media` DISABLE KEYS */;
/*!40000 ALTER TABLE `review_media` ENABLE KEYS */;
UNLOCK TABLES;

--
-- Table structure for table `reviews`
--

DROP TABLE IF EXISTS `reviews`;
/*!40101 SET @saved_cs_client     = @@character_set_client */;
/*!50503 SET character_set_client = utf8mb4 */;
CREATE TABLE `reviews` (
  `review_id` bigint(20) unsigned NOT NULL AUTO_INCREMENT,
  `product_id` bigint(20) unsigned NOT NULL,
  `user_id` bigint(20) unsigned NOT NULL,
  `rating` tinyint(3) unsigned NOT NULL,
  `comment` text DEFAULT NULL,
  `is_approved` tinyint(1) NOT NULL DEFAULT 0,
  `created_at` timestamp NULL DEFAULT NULL,
  `updated_at` timestamp NULL DEFAULT NULL,
  `deleted_at` timestamp NULL DEFAULT NULL,
  PRIMARY KEY (`review_id`),
  UNIQUE KEY `reviews_product_id_user_id_unique` (`product_id`,`user_id`),
  KEY `reviews_user_id_foreign` (`user_id`),
  CONSTRAINT `reviews_product_id_foreign` FOREIGN KEY (`product_id`) REFERENCES `products` (`product_id`) ON DELETE CASCADE,
  CONSTRAINT `reviews_user_id_foreign` FOREIGN KEY (`user_id`) REFERENCES `users` (`id`) ON DELETE CASCADE
) ENGINE=InnoDB AUTO_INCREMENT=220 DEFAULT CHARSET=utf8mb4 COLLATE=utf8mb4_unicode_ci;
/*!40101 SET character_set_client = @saved_cs_client */;

--
-- Dumping data for table `reviews`
--

LOCK TABLES `reviews` WRITE;
/*!40000 ALTER TABLE `reviews` DISABLE KEYS */;
INSERT INTO `reviews` VALUES (1,1,24,3,'Ut a et aut eveniet dolores aliquid. Earum qui ipsum ducimus tempore. Nesciunt beatae molestiae et qui.',1,'2025-10-18 07:29:43','2025-10-18 07:29:43',NULL),(2,1,65,3,'Dolorum asperiores rem dolor vel ut possimus. Dicta est autem odio adipisci nemo impedit. Praesentium accusantium odit voluptate nisi nobis.',1,'2025-10-18 07:29:43','2025-10-18 07:29:43',NULL),(3,1,99,1,'Dolore aliquid eum officia ut assumenda maxime atque. Minus iusto quaerat non voluptatum. Est in qui veniam nesciunt autem pariatur eum.',1,'2025-10-18 07:29:43','2025-10-18 07:29:43',NULL),(4,1,114,2,'Qui ratione itaque vitae laboriosam. Cupiditate distinctio sint porro similique quo eos laboriosam.',1,'2025-10-18 07:29:43','2025-10-18 07:29:43',NULL),(5,3,120,5,'Quam enim asperiores ducimus deserunt dolore. Minus necessitatibus sed totam fugit est quia. Sequi ut aut commodi praesentium quibusdam laboriosam. Iure ipsa dolore sunt voluptates blanditiis.',1,'2025-10-18 07:29:43','2025-10-18 07:29:43',NULL),(6,5,27,5,'Aut possimus sed odio minima corporis ex soluta. Distinctio voluptas modi tempora impedit. Praesentium quasi illum labore at ex vel. Commodi reprehenderit est autem eos recusandae molestiae.',1,'2025-10-18 07:29:43','2025-10-18 07:29:43',NULL),(7,5,55,3,'Ipsum excepturi et nulla qui ad aliquam magni nihil. Ex eius distinctio eligendi illo alias et qui minus. Sunt atque quasi ut dolor. Sit at et vero magni eligendi.',1,'2025-10-18 07:29:43','2025-10-18 07:29:43',NULL),(8,5,84,3,'Sint totam est qui libero eaque quo minima. Consectetur explicabo voluptatibus iure quae sunt dolorum. Officiis sed nihil facere voluptas.',1,'2025-10-18 07:29:43','2025-10-18 07:29:43',NULL),(9,5,89,2,'Nihil similique necessitatibus mollitia deleniti necessitatibus. Commodi et provident vero. Aut voluptates odit dicta rerum placeat. Dolorem aut porro quasi recusandae distinctio voluptatem.',1,'2025-10-18 07:29:43','2025-10-18 07:29:43',NULL),(10,5,103,3,'Sed ad quas nisi minus. Omnis quia nihil ducimus. Totam est non totam ut sapiente eum accusamus facere.',1,'2025-10-18 07:29:43','2025-10-18 07:29:43',NULL),(11,5,106,2,'Nobis maxime exercitationem praesentium in. Totam dolor nihil aut quis.',1,'2025-10-18 07:29:43','2025-10-18 07:29:43',NULL),(12,5,119,1,'Dolore non iste voluptatibus voluptatem esse facere blanditiis. Dolorem voluptates accusantium error vitae quia id. Et placeat est doloremque ut sit impedit. Voluptatem nisi natus non aut ut. Non culpa velit modi mollitia maiores.',1,'2025-10-18 07:29:43','2025-10-18 07:29:43',NULL),(13,6,30,1,'Maiores quidem et dolorum in. Dignissimos voluptas aut tempore omnis tempora vel consequatur animi.',1,'2025-10-18 07:29:43','2025-10-18 07:29:43',NULL),(14,6,31,2,'Animi delectus dignissimos fuga tempora voluptatem. Recusandae laborum voluptate dolor similique velit eos. Maiores culpa ad iste voluptate velit. Asperiores odit cumque sit consectetur.',1,'2025-10-18 07:29:43','2025-10-18 07:29:43',NULL),(15,6,35,5,'Dolor quia fuga ut architecto quibusdam nemo. Aliquam voluptate enim ut in et odio. Facere veniam harum beatae maiores in eveniet veritatis.',1,'2025-10-18 07:29:43','2025-10-18 07:29:43',NULL),(16,6,71,4,'Error repudiandae sunt consequatur quia aliquam. Temporibus eos expedita aut voluptatum labore. Distinctio tempora sit rerum non voluptatem.',1,'2025-10-18 07:29:43','2025-10-18 07:29:43',NULL),(17,6,86,3,'Incidunt rerum id repellat corrupti dicta. Reprehenderit sint quis enim quam nostrum reprehenderit culpa. Laborum est molestiae asperiores labore sed eum possimus. Deserunt enim voluptates libero sed tempora nisi nobis ea.',1,'2025-10-18 07:29:43','2025-10-18 07:29:43',NULL),(18,6,101,1,'Excepturi et quia et sit quos assumenda. Similique reprehenderit consequatur velit quas. Aliquid et et architecto voluptates et. Est eos sequi perspiciatis vel quidem modi tenetur.',1,'2025-10-18 07:29:43','2025-10-18 07:29:43',NULL),(19,6,112,1,'Quia consequatur consequatur libero. Minima nihil ipsa et cum. Exercitationem aut voluptas saepe quia et dolorum et eos. Possimus aliquam hic sit non repellendus ut ex.',1,'2025-10-18 07:29:43','2025-10-18 07:29:43',NULL),(20,6,116,2,'Consequatur dolores harum quam quis enim autem consequatur. Ea dolores rerum ex vel sapiente porro quis. Aut officia numquam et quia cumque. Enim necessitatibus minima placeat omnis voluptas deserunt. Ratione quas nihil aut nam voluptate in cum omnis.',1,'2025-10-18 07:29:43','2025-10-18 07:29:43',NULL),(21,8,56,2,'Omnis id molestiae earum provident totam dolorem. Et veritatis fugiat eos libero. Alias fuga eum cumque placeat nesciunt. Nostrum dolor facere consectetur a.',1,'2025-10-18 07:29:43','2025-10-18 07:29:43',NULL),(22,8,62,5,'Enim quisquam asperiores occaecati sed iure a repellat consequatur. Sit natus perferendis vitae excepturi minima sit sed. Nesciunt est sit esse itaque enim sit. Rem ut magni beatae aperiam sit quae ab.',1,'2025-10-18 07:29:43','2025-10-18 07:29:43',NULL),(23,8,104,5,'Dolorem eveniet aut magnam aut nulla accusantium. Consequatur architecto harum numquam. A nostrum veritatis ut debitis nostrum provident maiores.',1,'2025-10-18 07:29:43','2025-10-18 07:29:43',NULL),(24,8,108,2,'Voluptatum quisquam hic ab sed quos qui. Exercitationem voluptas hic est sequi. Vel omnis et dicta quo necessitatibus.',1,'2025-10-18 07:29:43','2025-10-18 07:29:43',NULL),(25,8,119,5,'Aut est ut facere sapiente ea dolore. Atque voluptas qui repellat magnam dolorem.',1,'2025-10-18 07:29:43','2025-10-18 07:29:43',NULL),(26,10,48,4,'Sequi consequatur id autem id vel ut aut corporis. Sapiente rerum sunt quibusdam eos aut. Ea ipsa ut deserunt nesciunt quia voluptas. Perspiciatis ex dolore dolores molestiae.',1,'2025-10-18 07:29:43','2025-10-18 07:29:43',NULL),(27,10,49,3,'Nemo aut qui sint sed. Voluptatum adipisci recusandae dolorem harum ut minus sed.',1,'2025-10-18 07:29:43','2025-10-18 07:29:43',NULL),(28,10,55,1,'Aut ut fugiat velit dolor inventore molestiae eveniet. Ipsum culpa quia nulla molestiae culpa. Velit quas ut voluptatem. Sunt quia praesentium dicta libero.',1,'2025-10-18 07:29:43','2025-10-18 07:29:43',NULL),(29,10,72,4,'Hic aut magni laboriosam minima. Aspernatur est dolorum dicta accusantium. Reiciendis est nostrum quod. Voluptatem voluptates eos et voluptatem debitis vel non. Ut ipsum non quia rerum laboriosam.',1,'2025-10-18 07:29:43','2025-10-18 07:29:43',NULL),(30,10,114,1,'Cumque aut aut a quod qui earum. Sit sunt et perferendis et et dolore quam.',1,'2025-10-18 07:29:43','2025-10-18 07:29:43',NULL),(31,12,29,5,'Voluptates aspernatur nulla nostrum odio sint possimus. Error sed similique alias. Voluptatem expedita doloribus consequatur et qui. Placeat quidem omnis numquam ipsam.',1,'2025-10-18 07:29:43','2025-10-18 07:29:43',NULL),(32,12,34,1,'Qui odit illum quisquam a adipisci placeat excepturi. Consequatur sunt eligendi quod quia iure corrupti cupiditate. Reiciendis rem rerum facere voluptatem ducimus. Earum consequatur voluptatibus hic necessitatibus numquam optio.',1,'2025-10-18 07:29:43','2025-10-18 07:29:43',NULL),(33,12,43,3,'Soluta quia voluptatem quo molestias aut velit qui. Distinctio cumque eius dolore consectetur culpa qui. Et aut a soluta fugiat. Et odio nulla ut sed.',1,'2025-10-18 07:29:43','2025-10-18 07:29:43',NULL),(34,12,60,5,'Non velit numquam adipisci unde exercitationem ex occaecati. Voluptatem architecto rerum provident. Itaque quia enim ipsam dignissimos amet. Voluptatem tempore quaerat magnam eligendi nobis. Quod odit consequatur dolor voluptatum minus labore.',1,'2025-10-18 07:29:43','2025-10-18 07:29:43',NULL),(35,12,77,1,'Corporis eligendi vero laborum voluptatibus magni. Voluptatem adipisci deserunt consectetur molestias dolores. Sapiente nesciunt in reprehenderit culpa.',1,'2025-10-18 07:29:43','2025-10-18 07:29:43',NULL),(36,12,80,1,'Saepe odio non est. Accusamus ipsa asperiores molestiae quasi nihil.',1,'2025-10-18 07:29:43','2025-10-18 07:29:43',NULL),(37,12,83,1,'Hic et sed eum praesentium et perspiciatis. Sunt rerum eius voluptatem consequatur suscipit veniam at. Et voluptas id soluta perferendis officiis dolores. Ut tenetur ex placeat consequatur itaque.',1,'2025-10-18 07:29:43','2025-10-18 07:29:43',NULL),(38,16,49,4,'Sunt consectetur asperiores vel officia maxime. Minima harum similique pariatur rem. Deleniti ut velit delectus natus at. Aliquid earum consequatur sint et et placeat.',1,'2025-10-18 07:29:43','2025-10-18 07:29:43',NULL),(39,16,63,4,'Ipsam consectetur et fuga autem itaque velit. Ut qui harum mollitia recusandae fugiat. Et voluptas laborum ipsam expedita.',1,'2025-10-18 07:29:43','2025-10-18 07:29:43',NULL),(40,16,75,2,'Eius consequuntur repellendus velit quis numquam nisi. Pariatur ut ipsa praesentium esse recusandae est sunt error. Nesciunt est alias odio quia expedita porro est sit. Ut deleniti quas placeat ullam.',1,'2025-10-18 07:29:43','2025-10-18 07:29:43',NULL),(41,16,98,5,'Consequuntur ea ut ut cupiditate molestiae dolore. Dolore maiores commodi enim voluptatem omnis quisquam totam. Aliquid beatae velit quam consectetur non fugiat.',1,'2025-10-18 07:29:43','2025-10-18 07:29:43',NULL),(42,18,39,2,'Vel eos odit nulla qui. Qui recusandae nulla magnam nulla ullam numquam magni. Est rerum fugiat ut hic ut.',1,'2025-10-18 07:29:43','2025-10-18 07:29:43',NULL),(43,18,70,5,'Voluptas ipsum libero quam sit id quia. Fuga sed minus saepe excepturi ut adipisci. Nisi non occaecati velit ut recusandae eum fugit. Cum et molestiae quas quia eos fugit quae maxime.',1,'2025-10-18 07:29:43','2025-10-18 07:29:43',NULL),(44,18,73,1,'Beatae labore magni optio. Nihil quas expedita facilis velit. Labore laudantium totam suscipit ut non et id.',1,'2025-10-18 07:29:43','2025-10-18 07:29:43',NULL),(45,23,38,2,'Ut recusandae enim sit eum vel. Vero aperiam quod quia eligendi voluptas. Omnis voluptatibus nisi quam tempore explicabo consequatur.',1,'2025-10-18 07:29:43','2025-10-18 07:29:43',NULL),(46,23,55,2,'Unde est velit deserunt soluta dolorem deleniti fuga. Earum id architecto aliquid qui eaque. Illo corporis cumque animi est aperiam doloremque quod culpa. Consequatur officia voluptatem ipsum aut soluta illum ipsam.',1,'2025-10-18 07:29:43','2025-10-18 07:29:43',NULL),(47,23,63,4,'Placeat quis asperiores eligendi numquam odit eum inventore. Voluptas et consequatur voluptas rem est.',1,'2025-10-18 07:29:43','2025-10-18 07:29:43',NULL),(48,23,66,2,'Nam voluptatibus rerum nam dolores. Aliquid assumenda eligendi officia nemo quis sed. Qui nulla ipsum ducimus ut rerum. Laudantium vero voluptates dignissimos at porro culpa enim optio.',1,'2025-10-18 07:29:43','2025-10-18 07:29:43',NULL),(49,23,67,5,'Rerum veritatis laborum culpa aliquam possimus. Ut dolorum sit dolores sit. Quo maiores distinctio aperiam. Nostrum quaerat dolor doloribus nihil architecto.',1,'2025-10-18 07:29:43','2025-10-18 07:29:43',NULL),(50,23,77,5,'Quisquam unde minus rerum consectetur. Eaque mollitia rerum voluptatibus nisi est. Fuga magnam nihil rerum est qui voluptate.',1,'2025-10-18 07:29:43','2025-10-18 07:29:43',NULL),(51,23,82,5,'Iste est enim atque labore molestias voluptas. Mollitia aut eaque dolores enim earum voluptatibus. Rerum omnis omnis molestiae hic et minus possimus.',1,'2025-10-18 07:29:43','2025-10-18 07:29:43',NULL),(52,23,84,5,'Nihil molestiae ipsam cupiditate possimus temporibus quidem ut. Ea illo molestiae reiciendis maiores temporibus accusamus nobis. Molestias et optio illo.',1,'2025-10-18 07:29:43','2025-10-18 07:29:43',NULL),(53,23,92,5,'Enim minus atque laboriosam sunt quos reprehenderit minima. Illum corporis voluptatibus aut earum similique fuga. Excepturi nihil neque accusantium ratione. Qui eveniet corporis ea similique enim consequuntur quod eius.',1,'2025-10-18 07:29:43','2025-10-18 07:29:43',NULL),(54,23,109,2,'Ut consequatur minima sint ipsa quia sed placeat repudiandae. Voluptatem et ex modi fugiat neque qui. Et neque incidunt modi omnis est.',1,'2025-10-18 07:29:43','2025-10-18 07:29:43',NULL),(55,24,25,5,'Ut rem similique omnis eveniet culpa natus pariatur qui. Facilis maxime pariatur est nihil eos mollitia sunt.',1,'2025-10-18 07:29:43','2025-10-18 07:29:43',NULL),(56,24,28,4,'Beatae et et illum sapiente quos eveniet amet. Animi esse placeat consequatur ipsum incidunt sint magnam.',1,'2025-10-18 07:29:43','2025-10-18 07:29:43',NULL),(57,24,30,4,'Unde saepe amet sapiente quod. Eos est odit sunt inventore nihil. Eius dolores quae id temporibus dolorem. Eius maiores numquam non quo repudiandae dolore.',1,'2025-10-18 07:29:43','2025-10-18 07:29:43',NULL),(58,24,34,5,'Deleniti molestiae dolor et ex labore. Beatae rem similique id eaque recusandae. Asperiores consequuntur aut asperiores aliquid.',1,'2025-10-18 07:29:43','2025-10-18 07:29:43',NULL),(59,24,39,1,'Quo debitis nihil nihil rerum odit aut consequatur. Fugit non et mollitia velit ratione quia cumque. Tempora voluptates veniam enim cumque ipsam distinctio molestiae. Est quia minus eum eum qui quos.',1,'2025-10-18 07:29:43','2025-10-18 07:29:43',NULL),(60,24,53,4,'Velit debitis incidunt consequuntur qui voluptatem fuga et omnis. Est velit ipsam fugiat id doloremque. Quam reprehenderit nobis libero repudiandae numquam. Qui et autem laborum neque ex.',1,'2025-10-18 07:29:43','2025-10-18 07:29:43',NULL),(61,24,83,4,'Qui reprehenderit voluptatum voluptatem et. Voluptate similique quae cupiditate nam quod officia fuga quo.',1,'2025-10-18 07:29:43','2025-10-18 07:29:43',NULL),(62,24,108,4,'Veniam in ab et aut. Dolore consequatur veritatis voluptas quidem reprehenderit iure. Rerum unde aspernatur tempora ad dolore sit. Est quis ipsam consequatur iure nemo corporis.',1,'2025-10-18 07:29:43','2025-10-18 07:29:43',NULL),(63,24,111,3,'Dignissimos itaque non pariatur minima consequuntur quia molestias. Ut doloribus incidunt soluta adipisci rerum quos. Molestias nisi beatae repudiandae sed autem consequatur consequatur. Officiis dolorem quo laboriosam itaque facilis laborum perferendis et.',1,'2025-10-18 07:29:43','2025-10-18 07:29:43',NULL),(64,27,101,1,'Cum sit ut et autem. Explicabo cumque eius saepe voluptatum est. Animi blanditiis perferendis et et quisquam molestiae. Consequuntur aut laudantium iure pariatur quod reprehenderit.',1,'2025-10-18 07:29:43','2025-10-18 07:29:43',NULL),(65,30,46,5,'Occaecati ullam odit quos. Et saepe aut ut cupiditate earum.',1,'2025-10-18 07:29:43','2025-10-18 07:29:43',NULL),(66,30,48,2,'Ipsum ipsa ea in debitis nesciunt iusto. Aut unde cum aut. Saepe nemo qui est voluptas ab. Voluptas enim adipisci ut ut dignissimos consequatur ut.',1,'2025-10-18 07:29:43','2025-10-18 07:29:43',NULL),(67,30,74,4,'Est ipsam architecto sed dolore. Iure similique quo voluptas delectus. Quo veniam ea odit.',1,'2025-10-18 07:29:43','2025-10-18 07:29:43',NULL),(68,30,85,3,'Ducimus eaque et corrupti aut maxime facere. Molestiae et voluptatem aut quos ut asperiores eos. Quam aperiam ut modi possimus aliquid nihil.',1,'2025-10-18 07:29:43','2025-10-18 07:29:43',NULL),(69,30,114,5,'Rem ex minima rerum totam. Quaerat distinctio dignissimos et aperiam. Accusamus tempora illo rem et laboriosam asperiores.',1,'2025-10-18 07:29:43','2025-10-18 07:29:43',NULL),(70,35,44,3,'Est ea iusto et est. Totam rerum illum nesciunt atque unde. Dolores et quas vel velit harum suscipit. Asperiores dolore aliquam sed totam.',1,'2025-10-18 07:29:43','2025-10-18 07:29:43',NULL),(71,35,70,4,'Et et numquam recusandae qui et sed modi. Modi placeat quasi delectus fuga. Ut dolores facere qui. Consectetur reiciendis sit aspernatur aut fuga fugit eum. Eaque ducimus pariatur id sint vel fugit praesentium.',1,'2025-10-18 07:29:43','2025-10-18 07:29:43',NULL),(72,35,100,1,'Necessitatibus sunt sint voluptas. Sint consequuntur aut sed numquam. Itaque tempore deleniti sint qui et voluptate et.',1,'2025-10-18 07:29:43','2025-10-18 07:29:43',NULL),(73,40,117,2,'Nostrum suscipit et aut quasi. Odit molestias odit voluptatibus officiis. Ut corporis quaerat illo est magnam. Veniam voluptatem dolorum blanditiis et ea dolorem qui.',1,'2025-10-18 07:29:43','2025-10-18 07:29:43',NULL),(74,44,36,4,'Necessitatibus modi nam assumenda itaque. Quis et minus rerum consequuntur. Eligendi laboriosam omnis sit veniam incidunt commodi. Voluptate consequatur accusantium itaque nostrum qui rerum assumenda.',1,'2025-10-18 07:29:43','2025-10-18 07:29:43',NULL),(75,44,37,1,'Voluptate voluptatibus eos deleniti reprehenderit exercitationem non. Voluptates dolore excepturi excepturi nulla sint. Occaecati minus porro vero soluta laudantium quis quasi.',1,'2025-10-18 07:29:43','2025-10-18 07:29:43',NULL),(76,44,39,1,'Neque doloremque velit dolores soluta sed et architecto. Iste exercitationem adipisci rerum et. Quia et labore minus est.',1,'2025-10-18 07:29:43','2025-10-18 07:29:43',NULL),(77,44,44,3,'Aperiam sint dolor ab voluptate et id nemo cupiditate. Id possimus laboriosam et ut. Consequatur minima nihil aspernatur laborum voluptates voluptate. Harum velit vel aliquid voluptatum.',1,'2025-10-18 07:29:43','2025-10-18 07:29:43',NULL),(78,44,45,5,'Voluptatem dolorem ut voluptas illo et rerum veniam. Possimus cupiditate laudantium error nesciunt. Dolorem asperiores occaecati fuga incidunt magni ut adipisci.',1,'2025-10-18 07:29:43','2025-10-18 07:29:43',NULL),(79,44,49,5,'Dolore doloremque voluptate quas non eaque. Nostrum ut rerum rem rem. Velit odit deserunt saepe. Sapiente culpa ducimus tempore et dolores amet.',1,'2025-10-18 07:29:43','2025-10-18 07:29:43',NULL),(80,44,64,3,'Hic ex autem explicabo exercitationem. Sint rerum natus a fugit. Sunt similique facilis quidem ducimus. Velit sequi nihil voluptatem aut reiciendis consequatur id.',1,'2025-10-18 07:29:43','2025-10-18 07:29:43',NULL),(81,44,98,1,'Nam velit ipsa voluptate corrupti voluptas molestiae aut. Sunt at nisi et saepe commodi. Libero expedita commodi maiores ut.',1,'2025-10-18 07:29:43','2025-10-18 07:29:43',NULL),(82,45,121,1,'Laudantium ratione at et nostrum. Eligendi ab ea ipsam illum aut aliquam. Voluptatem deleniti praesentium omnis voluptates sequi quia.',1,'2025-10-18 07:29:43','2025-10-18 07:29:43',NULL),(83,52,26,2,'Nihil velit ut quo nihil sit vitae et. Est voluptates est laudantium eos non ipsam. Quidem nulla aliquam quia qui et quam corrupti.',1,'2025-10-18 07:29:43','2025-10-18 07:29:43',NULL),(84,52,34,5,'Perspiciatis aperiam placeat a assumenda. Perferendis mollitia enim explicabo omnis nihil. Ut officiis cum magni corrupti et.',1,'2025-10-18 07:29:43','2025-10-18 07:29:43',NULL),(85,52,67,5,'Et aut laboriosam officiis repellendus velit nisi voluptatem. Nihil et soluta saepe. Vitae aut cupiditate doloribus ab voluptatibus numquam eveniet. Illo earum ipsa et at quae et pariatur.',1,'2025-10-18 07:29:43','2025-10-18 07:29:43',NULL),(86,53,33,4,'Quis aut sapiente praesentium commodi praesentium perferendis. Et recusandae natus et doloremque. Nulla delectus sit odio ut dignissimos quisquam aperiam. Dolores earum velit sit sed.',1,'2025-10-18 07:29:43','2025-10-18 07:29:43',NULL),(87,53,40,3,'Vel ab blanditiis dignissimos qui inventore qui maiores. Expedita deserunt repudiandae ducimus ut neque. Aperiam eius quas dolor quas ipsum quibusdam maxime. Eos sunt sed qui voluptas aspernatur.',1,'2025-10-18 07:29:43','2025-10-18 07:29:43',NULL),(88,53,65,1,'Autem cumque dolor saepe ab. Labore animi accusantium numquam consectetur culpa molestiae modi. Excepturi quo et laboriosam molestiae quibusdam quis.',1,'2025-10-18 07:29:43','2025-10-18 07:29:43',NULL),(89,53,97,2,'Non in veniam explicabo voluptatum velit harum quae. Itaque quis tempora commodi placeat. Animi accusamus natus quo est voluptas et.',1,'2025-10-18 07:29:43','2025-10-18 07:29:43',NULL),(90,53,113,2,'Sunt aut sapiente minima voluptas perferendis. Totam dignissimos aut et eum aut assumenda et.',1,'2025-10-18 07:29:43','2025-10-18 07:29:43',NULL),(91,55,39,3,'Error odio minima eveniet reprehenderit ullam rerum. Perferendis nesciunt at nihil dolor dolorem beatae. Ipsum voluptatem atque aut amet voluptatem et fugit.',1,'2025-10-18 07:29:43','2025-10-18 07:29:43',NULL),(92,56,83,1,'Earum amet enim assumenda ad rem molestiae. Accusamus nostrum commodi magni unde itaque pariatur. Ab aperiam et reprehenderit dolorem eum est.',1,'2025-10-18 07:29:43','2025-10-18 07:29:43',NULL),(93,56,101,4,'Rerum laudantium est quas aut provident ratione et. Aut ea magnam omnis. Accusamus quod corrupti illo et ipsum.',1,'2025-10-18 07:29:43','2025-10-18 07:29:43',NULL),(94,56,115,4,'Culpa debitis sint iusto modi unde aut. Provident ipsum cumque reiciendis ut neque. Sequi blanditiis ut quis non recusandae voluptate vero deleniti.',1,'2025-10-18 07:29:43','2025-10-18 07:29:43',NULL),(95,58,38,3,'Enim qui illum illum necessitatibus voluptate repudiandae rem labore. Quae vel ut earum praesentium perferendis. Eos velit labore est ullam corporis veritatis voluptas.',1,'2025-10-18 07:29:43','2025-10-18 07:29:43',NULL),(96,58,72,3,'Possimus dolores quia minus tenetur maiores facere beatae. Quaerat soluta sapiente consequatur exercitationem possimus.',1,'2025-10-18 07:29:43','2025-10-18 07:29:43',NULL),(97,58,108,5,'Architecto provident ea earum commodi qui voluptas iusto. Suscipit numquam qui quis aut.',1,'2025-10-18 07:29:43','2025-10-18 07:29:43',NULL),(98,58,114,3,'Dolorem facere incidunt ut. Quis consectetur reiciendis nihil et veritatis. Voluptatem porro incidunt numquam sed.',1,'2025-10-18 07:29:43','2025-10-18 07:29:43',NULL),(99,58,119,5,'Harum a cumque tempora et at excepturi facere. Dolor asperiores tempora exercitationem qui ad quam quod et. Temporibus tempora aut aspernatur ut asperiores inventore.',1,'2025-10-18 07:29:43','2025-10-18 07:29:43',NULL),(100,61,29,3,'Magni sit alias nihil deleniti ut. Rem dolorem alias dolore porro odio voluptatum. Commodi minima accusantium quasi minima. Molestiae non et possimus eius repellendus aliquid id quam. Ipsum et sequi in et corrupti minima.',1,'2025-10-18 07:29:43','2025-10-18 07:29:43',NULL),(101,61,40,3,'Molestiae eos ut sapiente. Nihil eos excepturi porro fugiat laboriosam labore repudiandae. Saepe vitae nihil qui nobis fugit.',1,'2025-10-18 07:29:43','2025-10-18 07:29:43',NULL),(102,61,41,5,'Ad ipsum consectetur at natus laboriosam ipsam. Enim nisi delectus in quam culpa. Quia sapiente vel aut magnam esse et sint numquam.',1,'2025-10-18 07:29:43','2025-10-18 07:29:43',NULL),(103,61,47,5,'Quod enim et maiores recusandae qui. Quo ut asperiores temporibus cum vel dignissimos. Provident laudantium quia soluta suscipit. Deleniti fuga ut dolor aspernatur dolore.',1,'2025-10-18 07:29:43','2025-10-18 07:29:43',NULL),(104,61,55,1,'Nulla error quo ut modi eos. Maiores perspiciatis architecto dolores temporibus autem eos dolorum. Deleniti maiores ut alias rerum.',1,'2025-10-18 07:29:43','2025-10-18 07:29:43',NULL),(105,61,69,5,'Consequuntur explicabo fugiat voluptas eius. Exercitationem quisquam aut quas quis modi. Quia earum placeat vel hic. Quibusdam sapiente harum provident consequatur soluta.',1,'2025-10-18 07:29:43','2025-10-18 07:29:43',NULL),(106,61,113,4,'Maiores cumque quisquam eos velit id voluptate. Ut eaque quia dolorem dolor veritatis nemo enim in. Consequatur exercitationem voluptatem distinctio quam.',1,'2025-10-18 07:29:43','2025-10-18 07:29:43',NULL),(107,61,117,4,'Ullam omnis voluptates amet cumque eveniet. Et omnis minima quidem delectus recusandae. Expedita qui dolor quidem ullam aut vel nihil sequi.',1,'2025-10-18 07:29:43','2025-10-18 07:29:43',NULL),(108,62,53,1,'Perspiciatis et sit distinctio molestias rerum et. Et fuga omnis dolore qui veritatis. Ut quam quae voluptatem sint.',1,'2025-10-18 07:29:43','2025-10-18 07:29:43',NULL),(109,62,72,1,'Laborum ratione beatae blanditiis odit. Animi aperiam doloremque voluptas. Rerum perferendis iste harum iste est.',1,'2025-10-18 07:29:43','2025-10-18 07:29:43',NULL),(110,62,100,4,'Quas aut et maiores suscipit occaecati optio consequatur. Voluptates iure soluta libero minima praesentium totam. Doloremque quam dolorem modi repudiandae rerum in nihil.',1,'2025-10-18 07:29:43','2025-10-18 07:29:43',NULL),(111,62,102,1,'Dolorem sequi reprehenderit animi. Quis voluptatum consequatur et neque fugit corrupti aperiam. Et atque vitae sint neque. Qui odit rerum maxime atque culpa alias nam sunt.',1,'2025-10-18 07:29:43','2025-10-18 07:29:43',NULL),(112,62,112,4,'Commodi inventore consequuntur in consequuntur illum. Facere iste sed corporis dolores nesciunt consectetur quod.',1,'2025-10-18 07:29:43','2025-10-18 07:29:43',NULL),(113,64,24,4,'Eum quo est recusandae optio nostrum blanditiis. Incidunt non delectus quia pariatur dignissimos nesciunt omnis. Non eum dolorem ipsam et qui. Quia neque enim ipsa modi eum non. Et maiores sunt et vitae qui adipisci molestiae.',1,'2025-10-18 07:29:43','2025-10-18 07:29:43',NULL),(114,64,48,4,'Molestiae iusto debitis labore perferendis nam. Aut sit suscipit non architecto. Quod eos sed dolorem totam voluptas in minus. Exercitationem velit eum est.',1,'2025-10-18 07:29:43','2025-10-18 07:29:43',NULL),(115,64,63,1,'Illo rerum quia occaecati quasi facilis non nemo minus. Deleniti aut omnis aut qui asperiores esse consequuntur et. Dolores unde error nemo excepturi itaque ut sit veritatis. Hic laboriosam minus dolores quisquam facilis rem laborum.',1,'2025-10-18 07:29:43','2025-10-18 07:29:43',NULL),(116,64,80,4,'Qui animi repellendus est omnis quod rerum. Id consectetur rem ut voluptas. Omnis excepturi beatae labore deserunt eum. Et deserunt ex ratione. Sint maxime nihil voluptas.',1,'2025-10-18 07:29:43','2025-10-18 07:29:43',NULL),(117,64,83,5,'Rerum voluptates et iste molestiae ut consequatur et. Corporis cum iste ut minus ut dolores laudantium praesentium. Et et autem totam atque enim ut. Quis amet quia optio autem aut. Repellat sed et a unde sed aut dolores.',1,'2025-10-18 07:29:43','2025-10-18 07:29:43',NULL),(118,64,111,4,'Eligendi voluptatum ut et laboriosam aliquam. Sunt non perferendis quae porro corrupti optio esse ea. Fugit sapiente ducimus dolores veniam dicta doloribus. Eveniet corporis labore fuga voluptatum similique consequatur perspiciatis.',1,'2025-10-18 07:29:43','2025-10-18 07:29:43',NULL),(119,70,26,3,'Quidem sequi accusantium sit temporibus nam placeat. Occaecati voluptatum provident rerum rerum fugit fuga. Ea a eum ullam earum et amet voluptas. Consequatur assumenda illo in illo quod molestias tempora odio.',1,'2025-10-18 07:29:43','2025-10-18 07:29:43',NULL),(120,70,42,4,'Nobis ut aut tempore. Similique doloremque eveniet voluptatem eius suscipit reprehenderit esse. Cumque neque facere dolorem in natus. Itaque quia earum atque error.',1,'2025-10-18 07:29:43','2025-10-18 07:29:43',NULL),(121,70,46,3,'Hic repellendus quos corporis ut. Totam autem ducimus eum earum. Consequuntur est necessitatibus ut amet provident. Possimus autem rem impedit culpa quod. Magnam quia non vero eius quia sapiente ut.',1,'2025-10-18 07:29:43','2025-10-18 07:29:43',NULL),(122,70,62,4,'Saepe similique non aut asperiores. Aut omnis et ex facere occaecati repellendus iusto. Optio velit repellat ea rerum rem. Totam debitis ipsa sit est sed et aut ipsa.',1,'2025-10-18 07:29:43','2025-10-18 07:29:43',NULL),(123,70,66,3,'Architecto placeat enim corrupti sed. Quia iusto explicabo et velit possimus. Adipisci consequuntur maiores sequi. Aut voluptas quia autem similique quia.',1,'2025-10-18 07:29:43','2025-10-18 07:29:43',NULL),(124,70,79,3,'Mollitia in porro deserunt numquam repudiandae sint. Iure id perferendis autem possimus minus ut expedita. Voluptas molestiae reiciendis sit eveniet. Quia quae error aut. Sunt commodi eos aut impedit doloribus qui eos.',1,'2025-10-18 07:29:43','2025-10-18 07:29:43',NULL),(125,70,80,1,'Ut dignissimos mollitia sapiente non. Ratione consequatur corrupti ullam reiciendis. Sunt et sint dolor nihil.',1,'2025-10-18 07:29:43','2025-10-18 07:29:43',NULL),(126,70,99,4,'Quisquam assumenda ad consequatur fugit non dolores qui et. Facilis blanditiis aut nemo quia. Aliquid libero libero voluptatem. Nostrum praesentium non amet hic qui soluta nemo.',1,'2025-10-18 07:29:43','2025-10-18 07:29:43',NULL),(127,70,100,5,'Magnam aut eaque et dicta voluptas veniam. Vitae rem blanditiis possimus sint. Doloremque dolores esse totam enim aut nihil impedit. Ut placeat qui vel placeat dolores tempore.',1,'2025-10-18 07:29:43','2025-10-18 07:29:43',NULL),(128,70,107,3,'Repellat sint eveniet veritatis. Perspiciatis id quos et quia. Voluptatum fugiat eius velit minima deserunt est sed.',1,'2025-10-18 07:29:43','2025-10-18 07:29:43',NULL),(129,73,30,1,'Id cumque sit deleniti quas. Dolorum quaerat asperiores eveniet. Saepe quis quas itaque sapiente.',1,'2025-10-18 07:29:43','2025-10-18 07:29:43',NULL),(130,73,39,4,'Quisquam eos at voluptatem voluptatem recusandae molestias. Ullam libero labore consequuntur non voluptatem et sint. Fugiat modi enim magni recusandae minima.',1,'2025-10-18 07:29:43','2025-10-18 07:29:43',NULL),(131,73,47,1,'Ipsam odit qui veniam deleniti quia consequatur enim. Quia dolores nam mollitia quam. Non dolores molestias eum quisquam. Laboriosam ipsa aspernatur omnis quis.',1,'2025-10-18 07:29:43','2025-10-18 07:29:43',NULL),(132,73,51,3,'A rerum reiciendis cumque sint iure dolore. Voluptates laudantium nihil et. Asperiores cum dolorem molestiae rem impedit officia. Quae qui autem nihil aut odit amet vitae.',1,'2025-10-18 07:29:43','2025-10-18 07:29:43',NULL),(133,73,96,1,'Nihil eum ut iure doloremque. Aut aliquid similique architecto et occaecati et sint. Eos enim delectus quaerat voluptates consectetur dolore. Officiis et molestiae voluptatem nostrum voluptatem.',1,'2025-10-18 07:29:43','2025-10-18 07:29:43',NULL),(134,73,101,2,'Reiciendis occaecati vero ea voluptatem dolores nihil. Rerum laborum impedit officiis deleniti itaque et quisquam. Quia doloribus consectetur asperiores culpa quibusdam ut voluptates. Vel veritatis hic itaque esse repudiandae et ducimus praesentium.',1,'2025-10-18 07:29:43','2025-10-18 07:29:43',NULL),(135,73,104,5,'Consequatur et sit maiores rerum unde ut soluta. Voluptatem dicta atque blanditiis cumque est id quasi.',1,'2025-10-18 07:29:43','2025-10-18 07:29:43',NULL),(136,73,114,4,'Ea est ex quia dolor voluptatem. Eum excepturi dolorum dolores. Odio eius odio ratione culpa. Nostrum quod illum officia dolorem quasi iusto nobis quidem.',1,'2025-10-18 07:29:43','2025-10-18 07:29:43',NULL),(137,73,119,1,'Ut explicabo ut ipsam vel. Asperiores sit ut dolore explicabo omnis et nemo omnis. Facilis in doloribus libero consequatur earum sapiente velit. Reiciendis illum et et quo.',1,'2025-10-18 07:29:43','2025-10-18 07:29:43',NULL),(138,74,27,3,'Delectus rerum ex ut minus doloribus magnam sint. Ea voluptas dolorum facere iure laborum ut. Quas temporibus et omnis. Aut nisi ducimus nisi.',1,'2025-10-18 07:29:43','2025-10-18 07:29:43',NULL),(139,74,31,5,'Et numquam dolorem perferendis vitae dicta perferendis inventore. Quaerat rerum autem natus explicabo occaecati dicta. Harum consequatur quos sint illo rerum harum repellendus ea. Enim quia architecto sed. Similique rerum minus ipsa.',1,'2025-10-18 07:29:43','2025-10-18 07:29:43',NULL),(140,74,46,3,'Molestias non quas provident ex. Quaerat quas voluptates eius expedita officia assumenda.',1,'2025-10-18 07:29:43','2025-10-18 07:29:43',NULL),(141,74,76,4,'Consequatur quae autem iure tenetur ut. Vitae quia eum amet facilis sed.',1,'2025-10-18 07:29:43','2025-10-18 07:29:43',NULL),(142,76,39,4,'Pariatur voluptatem et commodi dolores maiores et soluta aut. Cupiditate repudiandae rerum adipisci sint deleniti deleniti. Vitae ipsa sint earum doloremque aut.',1,'2025-10-18 07:29:43','2025-10-18 07:29:43',NULL),(143,76,78,2,'Error qui fuga ut molestiae. Voluptatibus est voluptatem pariatur est autem inventore est. Nobis blanditiis quis ex. Ut debitis reiciendis cumque rerum repellendus corporis veniam. Et nesciunt id voluptatem qui vero ducimus.',1,'2025-10-18 07:29:43','2025-10-18 07:29:43',NULL),(144,76,89,5,'Maxime quia vero rem. Quis fugiat a quae voluptates voluptatem id ut. Omnis quia eligendi sit voluptatem labore dignissimos. Sapiente est eius quod quod enim numquam.',1,'2025-10-18 07:29:43','2025-10-18 07:29:43',NULL),(145,76,117,5,'Molestiae cupiditate culpa assumenda beatae adipisci veritatis velit id. Ullam et unde cumque ab minima dolorum aut.',1,'2025-10-18 07:29:43','2025-10-18 07:29:43',NULL),(146,77,80,5,'Tempora ut facere illo necessitatibus est. Qui consequatur eaque illum non earum numquam voluptate. Eaque qui aspernatur aut est. Omnis odit velit nemo est.',1,'2025-10-18 07:29:43','2025-10-18 07:29:43',NULL),(147,77,91,1,'Laborum velit repellendus nobis. In enim maiores ut. Quo illum quibusdam neque possimus sunt. Sunt neque sunt exercitationem molestiae alias autem voluptatem. Dolorem ratione iusto pariatur nihil quis consequuntur et.',1,'2025-10-18 07:29:43','2025-10-18 07:29:43',NULL),(148,78,22,1,'Cumque pariatur quod ratione quas nam voluptas. Cumque accusantium molestiae explicabo ullam. Maxime doloribus iusto architecto rerum explicabo consequuntur. Nisi praesentium id officiis quod.',1,'2025-10-18 07:29:43','2025-10-18 07:29:43',NULL),(149,78,31,2,'Maiores est rerum beatae voluptas illo. Necessitatibus accusantium et est assumenda accusantium et eum.',1,'2025-10-18 07:29:43','2025-10-18 07:29:43',NULL),(150,78,33,1,'At velit labore quos quo. Fugit deleniti voluptatem quas. Quia commodi reprehenderit velit voluptate.',1,'2025-10-18 07:29:43','2025-10-18 07:29:43',NULL),(151,78,47,1,'Sint soluta ipsam eaque minima quaerat. Facere officia ratione officiis animi. Suscipit ratione voluptate voluptatem cupiditate et distinctio ab.',1,'2025-10-18 07:29:43','2025-10-18 07:29:43',NULL),(152,78,89,1,'Ducimus explicabo blanditiis error eligendi ut numquam quam. Asperiores ut rerum et eveniet possimus est harum. Sed voluptates praesentium facere molestiae voluptas.',1,'2025-10-18 07:29:43','2025-10-18 07:29:43',NULL),(153,78,94,5,'Aut velit tempore ut nobis. Dignissimos occaecati quia odio nihil.',1,'2025-10-18 07:29:43','2025-10-18 07:29:43',NULL),(154,78,117,2,'Sed aut natus saepe. Impedit occaecati asperiores necessitatibus voluptatem esse occaecati ipsa. Quisquam voluptas maiores nemo odio aut voluptates unde. Vel deserunt quia sequi cupiditate dolores culpa dolorem.',1,'2025-10-18 07:29:43','2025-10-18 07:29:43',NULL),(155,79,36,1,'Voluptatem eum eaque qui esse vero mollitia. Tempore non est sed voluptatem labore amet. Et consequatur sapiente explicabo sed expedita officiis odit. Est quibusdam facilis occaecati aut.',1,'2025-10-18 07:29:43','2025-10-18 07:29:43',NULL),(156,79,63,3,'Et ut dolor alias tempora iure. Voluptatibus ipsam voluptatem similique et dolores sit. Possimus quos facilis voluptatem iste ullam natus.',1,'2025-10-18 07:29:43','2025-10-18 07:29:43',NULL),(157,79,74,1,'Magni nam accusantium voluptatem sunt omnis sed et. Dignissimos ducimus est at animi voluptas in qui. Soluta quos ex explicabo quod impedit. Nesciunt occaecati atque recusandae atque quis porro assumenda.',1,'2025-10-18 07:29:43','2025-10-18 07:29:43',NULL),(158,79,94,1,'Deleniti explicabo deserunt fuga quae est. Consequatur ab eius dolore velit fugit. Quis eaque dolor pariatur eos.',1,'2025-10-18 07:29:43','2025-10-18 07:29:43',NULL),(159,79,97,1,'Quos perspiciatis facere voluptatem eveniet. Dolorem iusto harum culpa rerum ab. Vero nisi nulla voluptas minus quaerat voluptas. Iste est in nostrum ut. Est eos rerum impedit ipsam.',1,'2025-10-18 07:29:43','2025-10-18 07:29:43',NULL),(160,79,98,2,'Voluptatem eius consequuntur dolor sed tempore rerum. Optio nisi eveniet aut.',1,'2025-10-18 07:29:43','2025-10-18 07:29:43',NULL),(161,79,101,4,'Iusto sed et porro voluptas consequatur id. Culpa quae eaque est nam minima fugit. Odio odit quia assumenda sint ut repudiandae. Earum ullam vero et ducimus.',1,'2025-10-18 07:29:43','2025-10-18 07:29:43',NULL),(162,82,44,4,'Perferendis eum reiciendis ut asperiores possimus eligendi. Eos in est molestias iure esse accusantium rerum. Veniam placeat ut quaerat ut qui eos. Odit porro ea tenetur est sed.',1,'2025-10-18 07:29:43','2025-10-18 07:29:43',NULL),(163,82,61,2,'Sed quo et ipsa qui eius vero. Qui sit nobis in iusto. Dolore consequatur omnis enim debitis.',1,'2025-10-18 07:29:43','2025-10-18 07:29:43',NULL),(164,82,62,4,'Et consectetur maxime vel voluptatum magnam. Molestiae maxime eos quia nihil dolores voluptas. Rem quam eos accusantium magnam similique ea aut.',1,'2025-10-18 07:29:43','2025-10-18 07:29:43',NULL),(165,82,82,5,'Rerum veritatis quo animi tempore minima qui deserunt. Dolores nobis quo recusandae omnis voluptatibus voluptates aliquam in. Nulla at voluptatem expedita laborum.',1,'2025-10-18 07:29:43','2025-10-18 07:29:43',NULL),(166,82,97,5,'Dolores et possimus sit est occaecati iste optio. Modi a maiores est aut. Ut id deleniti totam cum doloremque optio molestiae eligendi. Dolores qui harum est enim.',1,'2025-10-18 07:29:43','2025-10-18 07:29:43',NULL),(167,82,99,2,'Ipsa neque animi a laudantium voluptates. Placeat quaerat est dolores veritatis sed quam. Ea autem id iusto tenetur temporibus aut.',1,'2025-10-18 07:29:43','2025-10-18 07:29:43',NULL),(168,82,109,1,'Quos quidem placeat quae. Quo ratione qui placeat et enim dolorem velit quia. Esse ipsa quam ut. Ullam consequuntur perspiciatis neque recusandae quo impedit nihil.',1,'2025-10-18 07:29:43','2025-10-18 07:29:43',NULL),(169,82,110,1,'Sunt nisi quas at amet laborum rerum iusto. Nulla et velit iure ratione. Dolore tenetur nisi dicta et cupiditate placeat ea. Consequatur nihil quasi alias velit.',1,'2025-10-18 07:29:43','2025-10-18 07:29:43',NULL),(170,84,31,3,'Maiores id animi et nulla. Explicabo non ratione vel voluptatem. Nostrum a sunt voluptatem ea. Sapiente sint saepe maxime nisi magni.',1,'2025-10-18 07:29:43','2025-10-18 07:29:43',NULL),(171,84,37,4,'Delectus consequatur dolorum et optio ipsam. Consectetur atque illum ratione praesentium rerum natus sed. Et consequatur repellat impedit aut omnis corrupti. Magni velit ipsum animi eveniet consequatur quia.',1,'2025-10-18 07:29:43','2025-10-18 07:29:43',NULL),(172,84,49,1,'Natus inventore adipisci et corporis perspiciatis reiciendis distinctio. Dolores animi accusantium accusamus voluptatum aliquid dicta vitae quam. Est repellendus ut iure enim omnis sequi eos. Enim assumenda dolorem ab officiis aliquid sed ipsam assumenda.',1,'2025-10-18 07:29:43','2025-10-18 07:29:43',NULL),(173,84,70,5,'Et in omnis perspiciatis aut. Quo accusantium magnam sed ipsum quas. Vel quisquam magnam aut sit sequi.',1,'2025-10-18 07:29:43','2025-10-18 07:29:43',NULL),(174,84,92,3,'Magnam harum praesentium ad consequuntur sed rerum blanditiis. Consequatur et perspiciatis aut ea. Optio qui excepturi nemo autem non voluptatem.',1,'2025-10-18 07:29:43','2025-10-18 07:29:43',NULL),(175,84,106,3,'Aperiam velit culpa eligendi quisquam. Tempore facere tenetur beatae. Non voluptatem cupiditate enim. Ut expedita est laudantium qui harum hic ut consequatur.',1,'2025-10-18 07:29:43','2025-10-18 07:29:43',NULL),(176,84,107,5,'Iure voluptate ducimus voluptatem. Et velit eaque omnis quod tempore. Sit et numquam beatae ea quos. Non autem amet iusto.',1,'2025-10-18 07:29:43','2025-10-18 07:29:43',NULL),(177,84,114,1,'Aut ratione in molestias non tempora. Ut tempora ipsam omnis odit. Assumenda architecto enim et necessitatibus sapiente.',1,'2025-10-18 07:29:43','2025-10-18 07:29:43',NULL),(178,86,44,4,'Aliquid aut et aut et ut quae vitae. Accusamus aut expedita earum perspiciatis. Nobis debitis ut perferendis ipsa nisi aut.',1,'2025-10-18 07:29:43','2025-10-18 07:29:43',NULL),(179,86,99,1,'Recusandae vel quam necessitatibus distinctio fugit aliquid sint cumque. Illo et et incidunt fugiat est sed alias. Itaque earum rerum quos occaecati dolor eum quis.',1,'2025-10-18 07:29:43','2025-10-18 07:29:43',NULL),(180,86,118,4,'Ab laboriosam ea non et dolor et nemo maxime. Eius veniam modi qui iure labore praesentium. Vitae explicabo voluptas ducimus ut quia autem. Voluptatem eum corporis iste libero.',1,'2025-10-18 07:29:43','2025-10-18 07:29:43',NULL),(181,88,31,1,'Sunt aut molestias nihil et. Veniam aspernatur ipsam eos sit deleniti dolore. Asperiores sequi mollitia et voluptatem eius laudantium. Animi aut ut rerum alias harum.',1,'2025-10-18 07:29:43','2025-10-18 07:29:43',NULL),(182,91,53,5,'Et quia aliquid atque hic odio debitis consequuntur. Recusandae consequatur voluptates tempora enim excepturi quod eum.',1,'2025-10-18 07:29:43','2025-10-18 07:29:43',NULL),(183,91,54,5,'Perspiciatis et sed perspiciatis illo. Maxime mollitia dicta architecto nihil perspiciatis perferendis. Incidunt natus ea omnis facilis aperiam. Provident eos consequuntur nesciunt molestiae cum.',1,'2025-10-18 07:29:43','2025-10-18 07:29:43',NULL),(184,91,100,5,'Veritatis aspernatur sint maxime. Nihil voluptatibus expedita quisquam repudiandae. Cum sed quod quia debitis dolor. Magnam officia quasi qui autem ut itaque. Error et qui architecto ea.',1,'2025-10-18 07:29:43','2025-10-18 07:29:43',NULL),(185,92,27,4,'Officia culpa nam rerum reprehenderit modi qui voluptas est. Quam impedit modi dolore impedit eum. Quasi corporis accusantium est quia non et.',1,'2025-10-18 07:29:43','2025-10-18 07:29:43',NULL),(186,92,31,4,'Corporis et ea numquam velit. Quia consequatur explicabo maxime dignissimos atque. Soluta amet totam perferendis est.',1,'2025-10-18 07:29:43','2025-10-18 07:29:43',NULL),(187,92,50,5,'Aut eveniet et id harum eos non dolore. Molestiae quidem nisi et quidem ut unde. Facilis est magni similique placeat ut. Sunt repudiandae provident quis rem saepe illo.',1,'2025-10-18 07:29:43','2025-10-18 07:29:43',NULL),(188,92,72,3,'Sit dolorem itaque ea non quia non quo. Sed dignissimos impedit porro non doloribus qui et. Possimus sit blanditiis quis est occaecati nesciunt.',1,'2025-10-18 07:29:43','2025-10-18 07:29:43',NULL),(189,92,86,1,'Exercitationem molestias qui dolorem minus fuga. Quod voluptatem velit ipsam quo facilis quisquam. Nulla quidem cupiditate in adipisci minima expedita. Id soluta et facilis voluptatem eaque.',1,'2025-10-18 07:29:43','2025-10-18 07:29:43',NULL),(190,92,95,5,'Reprehenderit voluptas odit ullam maiores consequatur. Qui ab maiores laborum perspiciatis quaerat illum vero. Voluptas quis dolores voluptas et voluptatem voluptates natus.',1,'2025-10-18 07:29:43','2025-10-18 07:29:43',NULL),(191,92,99,2,'Consequatur unde illo ut qui aperiam aperiam illum. Enim est nihil accusantium ut nam architecto. Laboriosam quidem ea deserunt neque ut. Autem sit dolorum blanditiis ut id.',1,'2025-10-18 07:29:43','2025-10-18 07:29:43',NULL),(192,92,116,1,'Vero saepe quia impedit laboriosam molestiae. Quae incidunt eligendi a et sequi. Molestiae et optio soluta sunt.',1,'2025-10-18 07:29:43','2025-10-18 07:29:43',NULL),(193,97,32,2,'Itaque fugiat numquam atque. Ratione ratione beatae repellat consequuntur quisquam repellendus commodi consequatur. Ullam est qui quisquam autem debitis qui distinctio. Id qui nulla aut facere nam animi libero.',1,'2025-10-18 07:29:43','2025-10-18 07:29:43',NULL),(194,97,40,2,'Et porro magni eum veniam alias iste aliquid dolor. Veniam fuga reiciendis iste sint dolores quasi eius. Et velit doloremque repellat sunt eius blanditiis explicabo. Molestiae culpa provident voluptas voluptatem. Quam amet ut officiis est animi omnis animi rerum.',1,'2025-10-18 07:29:43','2025-10-18 07:29:43',NULL),(195,97,63,4,'Soluta soluta qui incidunt dolorem quidem non. Laboriosam veritatis cupiditate eum eos rerum et provident. Accusantium sequi molestiae nobis nihil aut.',1,'2025-10-18 07:29:43','2025-10-18 07:29:43',NULL),(196,97,66,3,'Quia unde qui nulla officia voluptatibus adipisci voluptatibus. Debitis quis ad eum voluptate ex architecto. Voluptatem qui deleniti eum assumenda amet et et.',1,'2025-10-18 07:29:43','2025-10-18 07:29:43',NULL),(197,97,72,3,'Vel nihil velit fugiat fuga incidunt expedita. Explicabo dolorem impedit amet voluptatem aut. Rem veniam alias minus soluta esse. Et sed quod excepturi sapiente.',1,'2025-10-18 07:29:43','2025-10-18 07:29:43',NULL),(198,97,85,3,'Ea nemo earum sit voluptas animi saepe. Iure magnam voluptatem cupiditate iure fugit laborum nihil. Enim aut eius quos omnis nostrum veritatis. Similique odio porro quas maiores.',1,'2025-10-18 07:29:43','2025-10-18 07:29:43',NULL),(199,97,92,4,'Sapiente in ullam asperiores rerum voluptate laboriosam iure. Sed dolorem et similique ipsam saepe nemo vero.',1,'2025-10-18 07:29:43','2025-10-18 07:29:43',NULL),(200,97,95,1,'Minus ad eligendi voluptatem laudantium excepturi dolor quaerat. Sapiente dicta nisi et sunt doloremque. Atque consectetur molestias ratione quas qui et ab. Est quasi labore est accusamus quis vero.',1,'2025-10-18 07:29:43','2025-10-18 07:29:43',NULL),(201,97,99,1,'Mollitia quis rerum tempore nulla odio consequuntur. Molestias quia ipsum ab commodi ducimus sint qui. Et nulla omnis aut culpa doloremque fugit.',1,'2025-10-18 07:29:43','2025-10-18 07:29:43',NULL),(202,97,110,2,'Ullam voluptatem accusantium voluptatem aperiam. Quos eos hic est repudiandae nesciunt sapiente beatae. Eveniet at voluptatum nulla reprehenderit consequatur voluptatem non eum. Et repellat fugiat et voluptas.',1,'2025-10-18 07:29:43','2025-10-18 07:29:43',NULL),(203,98,22,5,'Omnis porro modi soluta. Aut aut rerum voluptatem ut sunt optio et quia. Qui qui ratione sit amet voluptates quam. Rerum veniam dignissimos neque illo. Ut qui saepe et.',1,'2025-10-18 07:29:43','2025-10-18 07:29:43',NULL),(204,98,24,5,'Et adipisci nisi aliquam eum eum nihil. Libero tempore voluptatem tempora facilis distinctio. Voluptas veritatis molestiae laborum et.',1,'2025-10-18 07:29:43','2025-10-18 07:29:43',NULL),(205,98,26,5,'Accusantium dolorem dolores esse omnis ea quo. Doloremque est mollitia perferendis vero asperiores accusantium exercitationem. Dolor alias eum eum et. Consequatur veritatis deleniti est unde quia et nisi.',1,'2025-10-18 07:29:43','2025-10-18 07:29:43',NULL),(206,98,29,3,'Non laborum atque laudantium necessitatibus aperiam perferendis voluptatem labore. Cupiditate libero cum et aut ut. Vel dicta commodi earum. Debitis illo excepturi qui. Et ipsum ipsam et quia voluptas tenetur voluptatem sequi.',1,'2025-10-18 07:29:43','2025-10-18 07:29:43',NULL),(207,98,48,4,'Dolorem rerum tempora ipsam consectetur ab nemo autem. Sequi molestiae ut saepe beatae officia praesentium laboriosam.',1,'2025-10-18 07:29:43','2025-10-18 07:29:43',NULL),(208,98,57,2,'Reiciendis voluptatem sed quia magni ex. Necessitatibus est aut rerum aut. Libero debitis debitis beatae quia adipisci qui. Velit voluptas incidunt nihil soluta id culpa.',1,'2025-10-18 07:29:43','2025-10-18 07:29:43',NULL),(209,98,90,3,'Temporibus pariatur quia vero asperiores illum. Qui dolore sunt sed dignissimos aliquam. Dolores blanditiis nisi quia ut autem quia. Quidem corrupti nam non magni tempore labore.',1,'2025-10-18 07:29:43','2025-10-18 07:29:43',NULL),(210,98,114,1,'Quod praesentium asperiores commodi et sed non. Ad et ut esse aut voluptas hic voluptatibus. Pariatur cum nesciunt delectus minima. Doloremque exercitationem autem qui minima.',1,'2025-10-18 07:29:43','2025-10-18 07:29:43',NULL),(211,98,117,5,'Illum ullam placeat et omnis quibusdam. Cumque est cupiditate dolorem ut. Necessitatibus dolorem non aut sunt sit qui autem repellat. Laboriosam quibusdam rem amet pariatur repellat voluptatem.',1,'2025-10-18 07:29:43','2025-10-18 07:29:43',NULL),(212,99,27,1,'Illo laborum aspernatur beatae dolorem nisi aliquid illo. Repellat molestiae nobis placeat consequatur. Repellendus esse harum dolorum vitae iusto odio non. Molestiae excepturi animi ex sint ut voluptatem qui.',1,'2025-10-18 07:29:43','2025-10-18 07:29:43',NULL),(213,99,30,4,'Perferendis voluptatem optio voluptatem consequatur. Dolorem et nostrum nemo. Ab sint veritatis et. Rem est qui voluptas blanditiis.',1,'2025-10-18 07:29:43','2025-10-18 07:29:43',NULL),(214,99,34,3,'Officia et sunt laudantium. Est esse iusto animi suscipit corrupti et et. At voluptas molestiae debitis placeat. Ipsam vel assumenda dolores et praesentium natus excepturi sed. Dignissimos rem nesciunt quas error nihil alias.',1,'2025-10-18 07:29:43','2025-10-18 07:29:43',NULL),(215,99,73,1,'Cupiditate aliquid rem nisi in. Deserunt sed minima ad. Nesciunt exercitationem possimus a ad quis velit suscipit. Omnis deserunt ex ratione eveniet ut natus aliquid.',1,'2025-10-18 07:29:43','2025-10-18 07:29:43',NULL),(216,99,87,1,'Fugiat omnis rerum quisquam aperiam itaque sint et. Fugit veniam est optio enim enim. Aut vitae facere sed sunt. Omnis repellendus modi iusto distinctio ea amet.',1,'2025-10-18 07:29:43','2025-10-18 07:29:43',NULL),(217,99,92,4,'Illum laudantium eum est quo. Est aliquid et id rem odio. Numquam voluptas corporis quidem possimus qui.',1,'2025-10-18 07:29:43','2025-10-18 07:29:43',NULL),(218,99,95,3,'Ut vitae ratione ullam illo ratione. Minus aliquid explicabo consequatur voluptatem exercitationem. Est aspernatur perferendis delectus quia fugit aspernatur placeat. Nemo voluptatem non est explicabo deserunt veniam esse.',1,'2025-10-18 07:29:43','2025-10-18 07:29:43',NULL),(219,99,96,4,'Hic exercitationem aliquid assumenda accusantium cupiditate iste. Numquam est recusandae magni autem excepturi reiciendis. Cum in enim ut non magni velit. Rerum voluptates sed veritatis ad voluptas.',1,'2025-10-18 07:29:43','2025-10-18 07:29:43',NULL);
/*!40000 ALTER TABLE `reviews` ENABLE KEYS */;
UNLOCK TABLES;

--
-- Table structure for table `role_user`
--

DROP TABLE IF EXISTS `role_user`;
/*!40101 SET @saved_cs_client     = @@character_set_client */;
/*!50503 SET character_set_client = utf8mb4 */;
CREATE TABLE `role_user` (
  `user_id` bigint(20) unsigned NOT NULL,
  `role_id` bigint(20) unsigned NOT NULL,
  PRIMARY KEY (`user_id`,`role_id`),
  KEY `role_user_role_id_foreign` (`role_id`),
  CONSTRAINT `role_user_role_id_foreign` FOREIGN KEY (`role_id`) REFERENCES `roles` (`id`) ON DELETE CASCADE,
  CONSTRAINT `role_user_user_id_foreign` FOREIGN KEY (`user_id`) REFERENCES `users` (`id`) ON DELETE CASCADE
) ENGINE=InnoDB DEFAULT CHARSET=utf8mb4 COLLATE=utf8mb4_unicode_ci;
/*!40101 SET character_set_client = @saved_cs_client */;

--
-- Dumping data for table `role_user`
--

LOCK TABLES `role_user` WRITE;
/*!40000 ALTER TABLE `role_user` DISABLE KEYS */;
INSERT INTO `role_user` VALUES (1,1),(2,2),(3,2),(4,2),(5,2),(6,2),(7,2),(8,2),(9,2),(10,2),(11,2),(12,2),(13,2),(14,2),(15,2),(16,2),(17,2),(18,2),(19,2),(20,2),(21,2),(22,3),(23,3),(24,3),(25,3),(26,3),(27,3),(28,3),(29,3),(30,3),(31,3),(32,3),(33,3),(34,3),(35,3),(36,3),(37,3),(38,3),(39,3),(40,3),(41,3),(42,3),(43,3),(44,3),(45,3),(46,3),(47,3),(48,3),(49,3),(50,3),(51,3),(52,3),(53,3),(54,3),(55,3),(56,3),(57,3),(58,3),(59,3),(60,3),(61,3),(62,3),(63,3),(64,3),(65,3),(66,3),(67,3),(68,3),(69,3),(70,3),(71,3),(72,3),(73,3),(74,3),(75,3),(76,3),(77,3),(78,3),(79,3),(80,3),(81,3),(82,3),(83,3),(84,3),(85,3),(86,3),(87,3),(88,3),(89,3),(90,3),(91,3),(92,3),(93,3),(94,3),(95,3),(96,3),(97,3),(98,3),(99,3),(100,3),(101,3),(102,3),(103,3),(104,3),(105,3),(106,3),(107,3),(108,3),(109,3),(110,3),(111,3),(112,3),(113,3),(114,3),(115,3),(116,3),(117,3),(118,3),(119,3),(120,3),(121,3),(122,4),(123,4),(124,4),(125,4),(126,4),(127,4),(128,4),(129,4),(130,4),(131,4);
/*!40000 ALTER TABLE `role_user` ENABLE KEYS */;
UNLOCK TABLES;

--
-- Table structure for table `roles`
--

DROP TABLE IF EXISTS `roles`;
/*!40101 SET @saved_cs_client     = @@character_set_client */;
/*!50503 SET character_set_client = utf8mb4 */;
CREATE TABLE `roles` (
  `id` bigint(20) unsigned NOT NULL AUTO_INCREMENT,
  `name` longtext CHARACTER SET utf8mb4 COLLATE utf8mb4_bin NOT NULL CHECK (json_valid(`name`)),
  `description` longtext CHARACTER SET utf8mb4 COLLATE utf8mb4_bin DEFAULT NULL CHECK (json_valid(`description`)),
  `created_at` timestamp NULL DEFAULT NULL,
  `updated_at` timestamp NULL DEFAULT NULL,
  PRIMARY KEY (`id`)
) ENGINE=InnoDB AUTO_INCREMENT=5 DEFAULT CHARSET=utf8mb4 COLLATE=utf8mb4_unicode_ci;
/*!40101 SET character_set_client = @saved_cs_client */;

--
-- Dumping data for table `roles`
--

LOCK TABLES `roles` WRITE;
/*!40000 ALTER TABLE `roles` DISABLE KEYS */;
INSERT INTO `roles` VALUES (1,'{\"en\":\"Admin\",\"vi\":\"Quản trị viên\"}','{\"en\":\"Administrator with full access\",\"vi\":\"Quản trị viên có toàn quyền truy cập\"}','2025-10-18 07:29:37','2025-10-18 07:29:37'),(2,'{\"en\":\"Seller\",\"vi\":\"Người bán hàng\"}','{\"en\":\"User who can sell products\",\"vi\":\"Người dùng có thể bán sản phẩm\"}','2025-10-18 07:29:37','2025-10-18 07:29:37'),(3,'{\"en\":\"Customer\",\"vi\":\"Khách hàng\"}','{\"en\":\"User who can buy products\",\"vi\":\"Người dùng có thể mua sản phẩm\"}','2025-10-18 07:29:37','2025-10-18 07:29:37'),(4,'{\"en\":\"Shipper\",\"vi\":\"Người giao hàng\"}','{\"en\":\"User who delivers orders\",\"vi\":\"Người dùng thực hiện giao đơn hàng\"}','2025-10-18 07:29:37','2025-10-18 07:29:37');
/*!40000 ALTER TABLE `roles` ENABLE KEYS */;
UNLOCK TABLES;

--
-- Table structure for table `search_histories`
--

DROP TABLE IF EXISTS `search_histories`;
/*!40101 SET @saved_cs_client     = @@character_set_client */;
/*!50503 SET character_set_client = utf8mb4 */;
CREATE TABLE `search_histories` (
  `search_history_id` bigint(20) unsigned NOT NULL AUTO_INCREMENT,
  `user_id` bigint(20) unsigned NOT NULL,
  `search_term` varchar(200) NOT NULL,
  `search_count` int(11) NOT NULL DEFAULT 1,
  `last_searched` timestamp NOT NULL DEFAULT current_timestamp() ON UPDATE current_timestamp(),
  PRIMARY KEY (`search_history_id`),
  UNIQUE KEY `search_histories_user_id_search_term_unique` (`user_id`,`search_term`),
  CONSTRAINT `search_histories_user_id_foreign` FOREIGN KEY (`user_id`) REFERENCES `users` (`id`) ON DELETE CASCADE
) ENGINE=InnoDB AUTO_INCREMENT=417 DEFAULT CHARSET=utf8mb4 COLLATE=utf8mb4_unicode_ci;
/*!40101 SET character_set_client = @saved_cs_client */;

--
-- Dumping data for table `search_histories`
--

LOCK TABLES `search_histories` WRITE;
/*!40000 ALTER TABLE `search_histories` DISABLE KEYS */;
INSERT INTO `search_histories` VALUES (1,22,'kem chống nắng la roche posay',2,'2025-10-18 07:29:44'),(2,22,'áo thun nam',2,'2025-10-18 07:29:44'),(3,22,'iphone 15 pro max',2,'2025-10-18 07:29:44'),(4,22,'giày nike air force 1',2,'2025-10-18 07:29:44'),(5,22,'sách đắc nhân tâm',2,'2025-10-18 07:29:44'),(6,23,'áo thun nam',3,'2025-10-18 07:29:44'),(7,23,'kem chống nắng la roche posay',4,'2025-10-18 07:29:44'),(8,23,'sách đắc nhân tâm',3,'2025-10-18 07:29:44'),(9,23,'iphone 15 pro max',3,'2025-10-18 07:29:44'),(10,24,'giày nike air force 1',3,'2025-10-18 07:29:44'),(11,24,'sách đắc nhân tâm',4,'2025-10-18 07:29:44'),(12,24,'iphone 15 pro max',3,'2025-10-18 07:29:44'),(13,24,'áo thun nam',2,'2025-10-18 07:29:44'),(14,25,'giày nike air force 1',3,'2025-10-18 07:29:44'),(15,25,'kem chống nắng la roche posay',2,'2025-10-18 07:29:44'),(16,25,'sách đắc nhân tâm',2,'2025-10-18 07:29:44'),(17,25,'iphone 15 pro max',2,'2025-10-18 07:29:44'),(18,26,'áo thun nam',4,'2025-10-18 07:29:44'),(19,26,'iphone 15 pro max',5,'2025-10-18 07:29:44'),(20,26,'giày nike air force 1',3,'2025-10-18 07:29:44'),(21,26,'kem chống nắng la roche posay',2,'2025-10-18 07:29:44'),(22,27,'sách đắc nhân tâm',3,'2025-10-18 07:29:44'),(23,27,'giày nike air force 1',4,'2025-10-18 07:29:44'),(24,27,'áo thun nam',2,'2025-10-18 07:29:44'),(25,27,'kem chống nắng la roche posay',2,'2025-10-18 07:29:44'),(26,28,'sách đắc nhân tâm',4,'2025-10-18 07:29:45'),(27,28,'iphone 15 pro max',4,'2025-10-18 07:29:45'),(28,28,'giày nike air force 1',3,'2025-10-18 07:29:45'),(29,28,'áo thun nam',2,'2025-10-18 07:29:44'),(30,29,'giày nike air force 1',4,'2025-10-18 07:29:45'),(31,29,'áo thun nam',5,'2025-10-18 07:29:45'),(32,29,'sách đắc nhân tâm',3,'2025-10-18 07:29:45'),(33,29,'kem chống nắng la roche posay',2,'2025-10-18 07:29:45'),(34,29,'iphone 15 pro max',2,'2025-10-18 07:29:45'),(35,30,'kem chống nắng la roche posay',2,'2025-10-18 07:29:45'),(36,30,'giày nike air force 1',2,'2025-10-18 07:29:45'),(37,30,'áo thun nam',3,'2025-10-18 07:29:45'),(38,30,'iphone 15 pro max',2,'2025-10-18 07:29:45'),(39,31,'giày nike air force 1',4,'2025-10-18 07:29:45'),(40,31,'áo thun nam',2,'2025-10-18 07:29:45'),(41,31,'sách đắc nhân tâm',4,'2025-10-18 07:29:45'),(42,31,'iphone 15 pro max',3,'2025-10-18 07:29:45'),(43,31,'kem chống nắng la roche posay',2,'2025-10-18 07:29:45'),(44,32,'áo thun nam',2,'2025-10-18 07:29:45'),(45,32,'sách đắc nhân tâm',3,'2025-10-18 07:29:45'),(46,32,'kem chống nắng la roche posay',2,'2025-10-18 07:29:45'),(47,32,'giày nike air force 1',2,'2025-10-18 07:29:45'),(48,33,'sách đắc nhân tâm',2,'2025-10-18 07:29:45'),(49,33,'iphone 15 pro max',3,'2025-10-18 07:29:45'),(50,33,'giày nike air force 1',3,'2025-10-18 07:29:45'),(51,33,'kem chống nắng la roche posay',2,'2025-10-18 07:29:45'),(52,34,'giày nike air force 1',4,'2025-10-18 07:29:45'),(53,34,'kem chống nắng la roche posay',2,'2025-10-18 07:29:45'),(54,34,'sách đắc nhân tâm',2,'2025-10-18 07:29:45'),(55,34,'áo thun nam',2,'2025-10-18 07:29:45'),(56,34,'iphone 15 pro max',2,'2025-10-18 07:29:45'),(57,35,'áo thun nam',3,'2025-10-18 07:29:45'),(58,35,'iphone 15 pro max',4,'2025-10-18 07:29:45'),(59,35,'sách đắc nhân tâm',4,'2025-10-18 07:29:45'),(60,35,'giày nike air force 1',2,'2025-10-18 07:29:45'),(61,36,'áo thun nam',7,'2025-10-18 07:29:45'),(62,36,'sách đắc nhân tâm',3,'2025-10-18 07:29:45'),(63,36,'giày nike air force 1',4,'2025-10-18 07:29:45'),(64,36,'iphone 15 pro max',2,'2025-10-18 07:29:45'),(65,37,'iphone 15 pro max',2,'2025-10-18 07:29:45'),(66,37,'kem chống nắng la roche posay',3,'2025-10-18 07:29:45'),(67,37,'sách đắc nhân tâm',2,'2025-10-18 07:29:45'),(68,37,'áo thun nam',2,'2025-10-18 07:29:45'),(69,38,'kem chống nắng la roche posay',7,'2025-10-18 07:29:45'),(70,38,'áo thun nam',2,'2025-10-18 07:29:45'),(71,38,'giày nike air force 1',3,'2025-10-18 07:29:45'),(72,39,'giày nike air force 1',4,'2025-10-18 07:29:46'),(73,39,'sách đắc nhân tâm',2,'2025-10-18 07:29:46'),(74,39,'áo thun nam',3,'2025-10-18 07:29:46'),(75,39,'kem chống nắng la roche posay',2,'2025-10-18 07:29:46'),(76,39,'iphone 15 pro max',2,'2025-10-18 07:29:46'),(77,40,'kem chống nắng la roche posay',4,'2025-10-18 07:29:46'),(78,40,'giày nike air force 1',2,'2025-10-18 07:29:46'),(79,40,'iphone 15 pro max',3,'2025-10-18 07:29:46'),(80,40,'sách đắc nhân tâm',3,'2025-10-18 07:29:46'),(81,40,'áo thun nam',2,'2025-10-18 07:29:46'),(82,41,'kem chống nắng la roche posay',2,'2025-10-18 07:29:46'),(83,41,'giày nike air force 1',3,'2025-10-18 07:29:46'),(84,41,'áo thun nam',2,'2025-10-18 07:29:46'),(85,41,'iphone 15 pro max',3,'2025-10-18 07:29:46'),(86,42,'giày nike air force 1',4,'2025-10-18 07:29:46'),(87,42,'sách đắc nhân tâm',3,'2025-10-18 07:29:46'),(88,42,'kem chống nắng la roche posay',3,'2025-10-18 07:29:46'),(89,42,'iphone 15 pro max',2,'2025-10-18 07:29:46'),(90,43,'áo thun nam',2,'2025-10-18 07:29:46'),(91,43,'sách đắc nhân tâm',2,'2025-10-18 07:29:46'),(92,43,'giày nike air force 1',4,'2025-10-18 07:29:46'),(93,43,'iphone 15 pro max',3,'2025-10-18 07:29:46'),(94,44,'giày nike air force 1',5,'2025-10-18 07:29:46'),(95,44,'sách đắc nhân tâm',4,'2025-10-18 07:29:46'),(96,44,'kem chống nắng la roche posay',2,'2025-10-18 07:29:46'),(97,45,'giày nike air force 1',3,'2025-10-18 07:29:46'),(98,45,'iphone 15 pro max',3,'2025-10-18 07:29:46'),(99,45,'kem chống nắng la roche posay',3,'2025-10-18 07:29:46'),(100,45,'sách đắc nhân tâm',2,'2025-10-18 07:29:46'),(101,46,'iphone 15 pro max',5,'2025-10-18 07:29:46'),(102,46,'kem chống nắng la roche posay',2,'2025-10-18 07:29:46'),(103,46,'sách đắc nhân tâm',4,'2025-10-18 07:29:46'),(104,46,'giày nike air force 1',2,'2025-10-18 07:29:46'),(105,47,'sách đắc nhân tâm',3,'2025-10-18 07:29:46'),(106,47,'iphone 15 pro max',2,'2025-10-18 07:29:46'),(107,47,'áo thun nam',2,'2025-10-18 07:29:46'),(108,47,'kem chống nắng la roche posay',2,'2025-10-18 07:29:46'),(109,48,'sách đắc nhân tâm',4,'2025-10-18 07:29:46'),(110,48,'áo thun nam',2,'2025-10-18 07:29:46'),(111,48,'giày nike air force 1',3,'2025-10-18 07:29:46'),(112,48,'iphone 15 pro max',3,'2025-10-18 07:29:46'),(113,49,'giày nike air force 1',4,'2025-10-18 07:29:47'),(114,49,'sách đắc nhân tâm',4,'2025-10-18 07:29:47'),(115,49,'iphone 15 pro max',2,'2025-10-18 07:29:47'),(116,49,'áo thun nam',2,'2025-10-18 07:29:47'),(117,50,'áo thun nam',3,'2025-10-18 07:29:47'),(118,50,'kem chống nắng la roche posay',3,'2025-10-18 07:29:47'),(119,50,'giày nike air force 1',2,'2025-10-18 07:29:47'),(120,50,'iphone 15 pro max',2,'2025-10-18 07:29:47'),(121,50,'sách đắc nhân tâm',3,'2025-10-18 07:29:47'),(122,51,'sách đắc nhân tâm',3,'2025-10-18 07:29:47'),(123,51,'giày nike air force 1',3,'2025-10-18 07:29:47'),(124,51,'iphone 15 pro max',3,'2025-10-18 07:29:47'),(125,51,'kem chống nắng la roche posay',2,'2025-10-18 07:29:47'),(126,52,'giày nike air force 1',2,'2025-10-18 07:29:47'),(127,52,'iphone 15 pro max',3,'2025-10-18 07:29:47'),(128,52,'sách đắc nhân tâm',2,'2025-10-18 07:29:47'),(129,52,'kem chống nắng la roche posay',2,'2025-10-18 07:29:47'),(130,52,'áo thun nam',2,'2025-10-18 07:29:47'),(131,53,'giày nike air force 1',3,'2025-10-18 07:29:47'),(132,53,'sách đắc nhân tâm',3,'2025-10-18 07:29:47'),(133,53,'iphone 15 pro max',3,'2025-10-18 07:29:47'),(134,53,'kem chống nắng la roche posay',4,'2025-10-18 07:29:47'),(135,54,'kem chống nắng la roche posay',5,'2025-10-18 07:29:47'),(136,54,'áo thun nam',3,'2025-10-18 07:29:47'),(137,54,'iphone 15 pro max',2,'2025-10-18 07:29:47'),(138,54,'giày nike air force 1',2,'2025-10-18 07:29:47'),(139,54,'sách đắc nhân tâm',2,'2025-10-18 07:29:47'),(140,55,'áo thun nam',2,'2025-10-18 07:29:47'),(141,55,'sách đắc nhân tâm',3,'2025-10-18 07:29:47'),(142,55,'iphone 15 pro max',3,'2025-10-18 07:29:47'),(143,55,'kem chống nắng la roche posay',3,'2025-10-18 07:29:47'),(144,55,'giày nike air force 1',2,'2025-10-18 07:29:47'),(145,56,'iphone 15 pro max',2,'2025-10-18 07:29:47'),(146,56,'kem chống nắng la roche posay',3,'2025-10-18 07:29:47'),(147,56,'áo thun nam',2,'2025-10-18 07:29:47'),(148,56,'sách đắc nhân tâm',4,'2025-10-18 07:29:47'),(149,57,'giày nike air force 1',3,'2025-10-18 07:29:47'),(150,57,'kem chống nắng la roche posay',3,'2025-10-18 07:29:47'),(151,57,'iphone 15 pro max',3,'2025-10-18 07:29:47'),(152,57,'sách đắc nhân tâm',2,'2025-10-18 07:29:47'),(153,58,'sách đắc nhân tâm',2,'2025-10-18 07:29:47'),(154,58,'giày nike air force 1',3,'2025-10-18 07:29:47'),(155,58,'iphone 15 pro max',4,'2025-10-18 07:29:47'),(156,58,'áo thun nam',2,'2025-10-18 07:29:48'),(157,59,'áo thun nam',3,'2025-10-18 07:29:48'),(158,59,'iphone 15 pro max',2,'2025-10-18 07:29:48'),(159,59,'sách đắc nhân tâm',2,'2025-10-18 07:29:48'),(160,59,'giày nike air force 1',2,'2025-10-18 07:29:48'),(161,59,'kem chống nắng la roche posay',4,'2025-10-18 07:29:48'),(162,60,'giày nike air force 1',2,'2025-10-18 07:29:48'),(163,60,'áo thun nam',5,'2025-10-18 07:29:48'),(164,60,'sách đắc nhân tâm',2,'2025-10-18 07:29:48'),(165,61,'sách đắc nhân tâm',3,'2025-10-18 07:29:48'),(166,61,'iphone 15 pro max',2,'2025-10-18 07:29:48'),(167,61,'giày nike air force 1',3,'2025-10-18 07:29:48'),(168,61,'kem chống nắng la roche posay',3,'2025-10-18 07:29:48'),(169,61,'áo thun nam',2,'2025-10-18 07:29:48'),(170,62,'sách đắc nhân tâm',4,'2025-10-18 07:29:48'),(171,62,'giày nike air force 1',2,'2025-10-18 07:29:48'),(172,62,'iphone 15 pro max',3,'2025-10-18 07:29:48'),(173,62,'áo thun nam',2,'2025-10-18 07:29:48'),(174,62,'kem chống nắng la roche posay',2,'2025-10-18 07:29:48'),(175,63,'sách đắc nhân tâm',3,'2025-10-18 07:29:48'),(176,63,'giày nike air force 1',3,'2025-10-18 07:29:48'),(177,63,'áo thun nam',2,'2025-10-18 07:29:48'),(178,63,'iphone 15 pro max',2,'2025-10-18 07:29:48'),(179,63,'kem chống nắng la roche posay',2,'2025-10-18 07:29:48'),(180,64,'sách đắc nhân tâm',2,'2025-10-18 07:29:48'),(181,64,'giày nike air force 1',2,'2025-10-18 07:29:48'),(182,64,'áo thun nam',5,'2025-10-18 07:29:48'),(183,64,'iphone 15 pro max',2,'2025-10-18 07:29:48'),(184,65,'kem chống nắng la roche posay',3,'2025-10-18 07:29:48'),(185,65,'giày nike air force 1',3,'2025-10-18 07:29:48'),(186,65,'sách đắc nhân tâm',3,'2025-10-18 07:29:48'),(187,65,'áo thun nam',2,'2025-10-18 07:29:48'),(188,66,'áo thun nam',4,'2025-10-18 07:29:48'),(189,66,'sách đắc nhân tâm',2,'2025-10-18 07:29:48'),(190,66,'iphone 15 pro max',2,'2025-10-18 07:29:48'),(191,66,'giày nike air force 1',2,'2025-10-18 07:29:48'),(192,66,'kem chống nắng la roche posay',3,'2025-10-18 07:29:48'),(193,67,'giày nike air force 1',3,'2025-10-18 07:29:48'),(194,67,'kem chống nắng la roche posay',2,'2025-10-18 07:29:48'),(195,67,'iphone 15 pro max',3,'2025-10-18 07:29:48'),(196,67,'sách đắc nhân tâm',2,'2025-10-18 07:29:48'),(197,67,'áo thun nam',2,'2025-10-18 07:29:48'),(198,68,'iphone 15 pro max',2,'2025-10-18 07:29:48'),(199,68,'giày nike air force 1',5,'2025-10-18 07:29:48'),(200,68,'sách đắc nhân tâm',4,'2025-10-18 07:29:48'),(201,68,'kem chống nắng la roche posay',2,'2025-10-18 07:29:48'),(202,69,'áo thun nam',5,'2025-10-18 07:29:49'),(203,69,'sách đắc nhân tâm',5,'2025-10-18 07:29:49'),(204,69,'iphone 15 pro max',2,'2025-10-18 07:29:49'),(205,70,'iphone 15 pro max',3,'2025-10-18 07:29:49'),(206,70,'áo thun nam',5,'2025-10-18 07:29:49'),(207,70,'giày nike air force 1',2,'2025-10-18 07:29:49'),(208,70,'sách đắc nhân tâm',3,'2025-10-18 07:29:49'),(209,70,'kem chống nắng la roche posay',2,'2025-10-18 07:29:49'),(210,71,'iphone 15 pro max',3,'2025-10-18 07:29:49'),(211,71,'kem chống nắng la roche posay',3,'2025-10-18 07:29:49'),(212,71,'áo thun nam',5,'2025-10-18 07:29:49'),(213,71,'giày nike air force 1',3,'2025-10-18 07:29:49'),(214,71,'sách đắc nhân tâm',3,'2025-10-18 07:29:49'),(215,72,'sách đắc nhân tâm',4,'2025-10-18 07:29:49'),(216,72,'kem chống nắng la roche posay',4,'2025-10-18 07:29:49'),(217,72,'iphone 15 pro max',6,'2025-10-18 07:29:49'),(218,73,'iphone 15 pro max',3,'2025-10-18 07:29:49'),(219,73,'sách đắc nhân tâm',2,'2025-10-18 07:29:49'),(220,73,'kem chống nắng la roche posay',2,'2025-10-18 07:29:49'),(221,73,'giày nike air force 1',3,'2025-10-18 07:29:49'),(222,74,'iphone 15 pro max',5,'2025-10-18 07:29:49'),(223,74,'áo thun nam',3,'2025-10-18 07:29:49'),(224,74,'giày nike air force 1',3,'2025-10-18 07:29:49'),(225,74,'kem chống nắng la roche posay',2,'2025-10-18 07:29:49'),(226,75,'iphone 15 pro max',2,'2025-10-18 07:29:49'),(227,75,'sách đắc nhân tâm',3,'2025-10-18 07:29:49'),(228,75,'kem chống nắng la roche posay',4,'2025-10-18 07:29:49'),(229,75,'áo thun nam',3,'2025-10-18 07:29:49'),(230,75,'giày nike air force 1',2,'2025-10-18 07:29:49'),(231,76,'kem chống nắng la roche posay',5,'2025-10-18 07:29:49'),(232,76,'sách đắc nhân tâm',2,'2025-10-18 07:29:49'),(233,76,'giày nike air force 1',4,'2025-10-18 07:29:49'),(234,76,'áo thun nam',3,'2025-10-18 07:29:49'),(235,77,'áo thun nam',4,'2025-10-18 07:29:49'),(236,77,'sách đắc nhân tâm',4,'2025-10-18 07:29:49'),(237,77,'iphone 15 pro max',3,'2025-10-18 07:29:49'),(238,77,'giày nike air force 1',4,'2025-10-18 07:29:49'),(239,77,'kem chống nắng la roche posay',2,'2025-10-18 07:29:49'),(240,78,'giày nike air force 1',2,'2025-10-18 07:29:50'),(241,78,'áo thun nam',5,'2025-10-18 07:29:50'),(242,78,'kem chống nắng la roche posay',2,'2025-10-18 07:29:50'),(243,79,'giày nike air force 1',3,'2025-10-18 07:29:50'),(244,79,'iphone 15 pro max',3,'2025-10-18 07:29:50'),(245,79,'sách đắc nhân tâm',3,'2025-10-18 07:29:50'),(246,79,'áo thun nam',2,'2025-10-18 07:29:50'),(247,80,'áo thun nam',5,'2025-10-18 07:29:50'),(248,80,'sách đắc nhân tâm',2,'2025-10-18 07:29:50'),(249,80,'iphone 15 pro max',3,'2025-10-18 07:29:50'),(250,80,'giày nike air force 1',3,'2025-10-18 07:29:50'),(251,81,'giày nike air force 1',3,'2025-10-18 07:29:50'),(252,81,'kem chống nắng la roche posay',2,'2025-10-18 07:29:50'),(253,81,'áo thun nam',5,'2025-10-18 07:29:50'),(254,81,'iphone 15 pro max',2,'2025-10-18 07:29:50'),(255,81,'sách đắc nhân tâm',2,'2025-10-18 07:29:50'),(256,82,'giày nike air force 1',6,'2025-10-18 07:29:50'),(257,82,'iphone 15 pro max',4,'2025-10-18 07:29:50'),(258,82,'sách đắc nhân tâm',2,'2025-10-18 07:29:50'),(259,82,'áo thun nam',2,'2025-10-18 07:29:50'),(260,83,'iphone 15 pro max',3,'2025-10-18 07:29:50'),(261,83,'áo thun nam',4,'2025-10-18 07:29:50'),(262,83,'giày nike air force 1',2,'2025-10-18 07:29:50'),(263,83,'sách đắc nhân tâm',4,'2025-10-18 07:29:50'),(264,83,'kem chống nắng la roche posay',2,'2025-10-18 07:29:50'),(265,84,'sách đắc nhân tâm',2,'2025-10-18 07:29:50'),(266,84,'áo thun nam',4,'2025-10-18 07:29:50'),(267,84,'iphone 15 pro max',3,'2025-10-18 07:29:50'),(268,85,'kem chống nắng la roche posay',4,'2025-10-18 07:29:50'),(269,85,'giày nike air force 1',3,'2025-10-18 07:29:50'),(270,85,'iphone 15 pro max',4,'2025-10-18 07:29:50'),(271,85,'sách đắc nhân tâm',3,'2025-10-18 07:29:50'),(272,86,'kem chống nắng la roche posay',4,'2025-10-18 07:29:50'),(273,86,'giày nike air force 1',2,'2025-10-18 07:29:50'),(274,86,'sách đắc nhân tâm',4,'2025-10-18 07:29:50'),(275,86,'iphone 15 pro max',2,'2025-10-18 07:29:50'),(276,86,'áo thun nam',2,'2025-10-18 07:29:50'),(277,87,'iphone 15 pro max',5,'2025-10-18 07:29:50'),(278,87,'kem chống nắng la roche posay',3,'2025-10-18 07:29:50'),(279,87,'giày nike air force 1',3,'2025-10-18 07:29:50'),(280,87,'sách đắc nhân tâm',2,'2025-10-18 07:29:50'),(281,88,'iphone 15 pro max',6,'2025-10-18 07:29:51'),(282,88,'giày nike air force 1',2,'2025-10-18 07:29:51'),(283,88,'kem chống nắng la roche posay',2,'2025-10-18 07:29:51'),(284,88,'sách đắc nhân tâm',3,'2025-10-18 07:29:51'),(285,89,'sách đắc nhân tâm',2,'2025-10-18 07:29:51'),(286,89,'iphone 15 pro max',2,'2025-10-18 07:29:51'),(287,89,'giày nike air force 1',2,'2025-10-18 07:29:51'),(288,89,'kem chống nắng la roche posay',2,'2025-10-18 07:29:51'),(289,89,'áo thun nam',3,'2025-10-18 07:29:51'),(290,90,'áo thun nam',4,'2025-10-18 07:29:51'),(291,90,'iphone 15 pro max',3,'2025-10-18 07:29:51'),(292,90,'sách đắc nhân tâm',2,'2025-10-18 07:29:51'),(293,90,'giày nike air force 1',2,'2025-10-18 07:29:51'),(294,91,'kem chống nắng la roche posay',5,'2025-10-18 07:29:51'),(295,91,'sách đắc nhân tâm',2,'2025-10-18 07:29:51'),(296,91,'áo thun nam',5,'2025-10-18 07:29:51'),(297,91,'iphone 15 pro max',3,'2025-10-18 07:29:51'),(298,92,'áo thun nam',3,'2025-10-18 07:29:51'),(299,92,'giày nike air force 1',2,'2025-10-18 07:29:51'),(300,92,'kem chống nắng la roche posay',2,'2025-10-18 07:29:51'),(301,92,'sách đắc nhân tâm',2,'2025-10-18 07:29:51'),(302,92,'iphone 15 pro max',2,'2025-10-18 07:29:51'),(303,93,'áo thun nam',3,'2025-10-18 07:29:51'),(304,93,'giày nike air force 1',3,'2025-10-18 07:29:51'),(305,93,'iphone 15 pro max',4,'2025-10-18 07:29:51'),(306,93,'kem chống nắng la roche posay',2,'2025-10-18 07:29:51'),(307,93,'sách đắc nhân tâm',2,'2025-10-18 07:29:51'),(308,94,'kem chống nắng la roche posay',4,'2025-10-18 07:29:51'),(309,94,'giày nike air force 1',5,'2025-10-18 07:29:51'),(310,94,'sách đắc nhân tâm',3,'2025-10-18 07:29:51'),(311,94,'iphone 15 pro max',2,'2025-10-18 07:29:51'),(312,94,'áo thun nam',3,'2025-10-18 07:29:51'),(313,95,'áo thun nam',3,'2025-10-18 07:29:51'),(314,95,'sách đắc nhân tâm',3,'2025-10-18 07:29:51'),(315,95,'giày nike air force 1',3,'2025-10-18 07:29:51'),(316,95,'kem chống nắng la roche posay',4,'2025-10-18 07:29:51'),(317,95,'iphone 15 pro max',3,'2025-10-18 07:29:51'),(318,96,'giày nike air force 1',5,'2025-10-18 07:29:51'),(319,96,'kem chống nắng la roche posay',4,'2025-10-18 07:29:51'),(320,96,'iphone 15 pro max',2,'2025-10-18 07:29:51'),(321,97,'sách đắc nhân tâm',5,'2025-10-18 07:29:51'),(322,97,'giày nike air force 1',3,'2025-10-18 07:29:51'),(323,97,'iphone 15 pro max',2,'2025-10-18 07:29:51'),(324,98,'áo thun nam',6,'2025-10-18 07:29:51'),(325,98,'kem chống nắng la roche posay',3,'2025-10-18 07:29:51'),(326,99,'iphone 15 pro max',2,'2025-10-18 07:29:51'),(327,99,'sách đắc nhân tâm',3,'2025-10-18 07:29:51'),(328,99,'áo thun nam',4,'2025-10-18 07:29:51'),(329,99,'kem chống nắng la roche posay',4,'2025-10-18 07:29:51'),(330,99,'giày nike air force 1',2,'2025-10-18 07:29:51'),(331,100,'giày nike air force 1',3,'2025-10-18 07:29:52'),(332,100,'sách đắc nhân tâm',4,'2025-10-18 07:29:52'),(333,100,'áo thun nam',2,'2025-10-18 07:29:52'),(334,101,'giày nike air force 1',3,'2025-10-18 07:29:52'),(335,101,'iphone 15 pro max',2,'2025-10-18 07:29:52'),(336,101,'kem chống nắng la roche posay',3,'2025-10-18 07:29:52'),(337,102,'giày nike air force 1',6,'2025-10-18 07:29:52'),(338,102,'kem chống nắng la roche posay',2,'2025-10-18 07:29:52'),(339,102,'sách đắc nhân tâm',4,'2025-10-18 07:29:52'),(340,103,'iphone 15 pro max',3,'2025-10-18 07:29:52'),(341,103,'sách đắc nhân tâm',2,'2025-10-18 07:29:52'),(342,103,'áo thun nam',3,'2025-10-18 07:29:52'),(343,104,'giày nike air force 1',3,'2025-10-18 07:29:52'),(344,104,'iphone 15 pro max',2,'2025-10-18 07:29:52'),(345,104,'sách đắc nhân tâm',4,'2025-10-18 07:29:52'),(346,104,'kem chống nắng la roche posay',2,'2025-10-18 07:29:52'),(347,104,'áo thun nam',3,'2025-10-18 07:29:52'),(348,105,'iphone 15 pro max',2,'2025-10-18 07:29:52'),(349,105,'sách đắc nhân tâm',4,'2025-10-18 07:29:52'),(350,105,'giày nike air force 1',3,'2025-10-18 07:29:52'),(351,105,'áo thun nam',4,'2025-10-18 07:29:52'),(352,106,'iphone 15 pro max',3,'2025-10-18 07:29:52'),(353,106,'giày nike air force 1',2,'2025-10-18 07:29:52'),(354,106,'kem chống nắng la roche posay',7,'2025-10-18 07:29:52'),(355,106,'sách đắc nhân tâm',3,'2025-10-18 07:29:52'),(356,107,'sách đắc nhân tâm',3,'2025-10-18 07:29:52'),(357,107,'áo thun nam',3,'2025-10-18 07:29:52'),(358,107,'giày nike air force 1',3,'2025-10-18 07:29:52'),(359,107,'iphone 15 pro max',2,'2025-10-18 07:29:52'),(360,108,'iphone 15 pro max',2,'2025-10-18 07:29:52'),(361,108,'áo thun nam',3,'2025-10-18 07:29:52'),(362,108,'sách đắc nhân tâm',2,'2025-10-18 07:29:52'),(363,108,'giày nike air force 1',4,'2025-10-18 07:29:52'),(364,109,'iphone 15 pro max',4,'2025-10-18 07:29:52'),(365,109,'kem chống nắng la roche posay',2,'2025-10-18 07:29:52'),(366,109,'sách đắc nhân tâm',3,'2025-10-18 07:29:52'),(367,109,'áo thun nam',2,'2025-10-18 07:29:52'),(368,110,'sách đắc nhân tâm',7,'2025-10-18 07:29:52'),(369,110,'giày nike air force 1',2,'2025-10-18 07:29:52'),(370,110,'áo thun nam',2,'2025-10-18 07:29:52'),(371,111,'áo thun nam',6,'2025-10-18 07:29:53'),(372,111,'sách đắc nhân tâm',3,'2025-10-18 07:29:53'),(373,111,'kem chống nắng la roche posay',5,'2025-10-18 07:29:53'),(374,111,'giày nike air force 1',2,'2025-10-18 07:29:53'),(375,112,'áo thun nam',3,'2025-10-18 07:29:53'),(376,112,'kem chống nắng la roche posay',3,'2025-10-18 07:29:53'),(377,112,'giày nike air force 1',4,'2025-10-18 07:29:53'),(378,112,'iphone 15 pro max',2,'2025-10-18 07:29:53'),(379,112,'sách đắc nhân tâm',3,'2025-10-18 07:29:53'),(380,113,'áo thun nam',3,'2025-10-18 07:29:53'),(381,113,'giày nike air force 1',2,'2025-10-18 07:29:53'),(382,113,'sách đắc nhân tâm',2,'2025-10-18 07:29:53'),(383,113,'iphone 15 pro max',3,'2025-10-18 07:29:53'),(384,113,'kem chống nắng la roche posay',3,'2025-10-18 07:29:53'),(385,114,'iphone 15 pro max',3,'2025-10-18 07:29:53'),(386,114,'sách đắc nhân tâm',4,'2025-10-18 07:29:53'),(387,114,'áo thun nam',2,'2025-10-18 07:29:53'),(388,114,'giày nike air force 1',3,'2025-10-18 07:29:53'),(389,114,'kem chống nắng la roche posay',2,'2025-10-18 07:29:53'),(390,115,'áo thun nam',3,'2025-10-18 07:29:53'),(391,115,'sách đắc nhân tâm',4,'2025-10-18 07:29:53'),(392,115,'iphone 15 pro max',2,'2025-10-18 07:29:53'),(393,115,'giày nike air force 1',2,'2025-10-18 07:29:53'),(394,115,'kem chống nắng la roche posay',2,'2025-10-18 07:29:53'),(395,116,'kem chống nắng la roche posay',5,'2025-10-18 07:29:53'),(396,116,'giày nike air force 1',2,'2025-10-18 07:29:53'),(397,116,'áo thun nam',3,'2025-10-18 07:29:53'),(398,116,'sách đắc nhân tâm',4,'2025-10-18 07:29:53'),(399,117,'giày nike air force 1',4,'2025-10-18 07:29:53'),(400,117,'áo thun nam',3,'2025-10-18 07:29:53'),(401,117,'iphone 15 pro max',4,'2025-10-18 07:29:53'),(402,117,'kem chống nắng la roche posay',2,'2025-10-18 07:29:53'),(403,118,'iphone 15 pro max',3,'2025-10-18 07:29:53'),(404,118,'sách đắc nhân tâm',4,'2025-10-18 07:29:53'),(405,118,'giày nike air force 1',3,'2025-10-18 07:29:53'),(406,118,'kem chống nắng la roche posay',3,'2025-10-18 07:29:53'),(407,119,'sách đắc nhân tâm',3,'2025-10-18 07:29:53'),(408,119,'iphone 15 pro max',3,'2025-10-18 07:29:53'),(409,119,'giày nike air force 1',3,'2025-10-18 07:29:53'),(410,120,'áo thun nam',3,'2025-10-18 07:29:53'),(411,120,'sách đắc nhân tâm',3,'2025-10-18 07:29:53'),(412,120,'iphone 15 pro max',3,'2025-10-18 07:29:53'),(413,121,'giày nike air force 1',3,'2025-10-18 07:29:54'),(414,121,'kem chống nắng la roche posay',5,'2025-10-18 07:29:54'),(415,121,'sách đắc nhân tâm',3,'2025-10-18 07:29:54'),(416,121,'iphone 15 pro max',2,'2025-10-18 07:29:54');
/*!40000 ALTER TABLE `search_histories` ENABLE KEYS */;
UNLOCK TABLES;

--
-- Table structure for table `sessions`
--

DROP TABLE IF EXISTS `sessions`;
/*!40101 SET @saved_cs_client     = @@character_set_client */;
/*!50503 SET character_set_client = utf8mb4 */;
CREATE TABLE `sessions` (
  `id` varchar(255) NOT NULL,
  `user_id` bigint(20) unsigned DEFAULT NULL,
  `ip_address` varchar(45) DEFAULT NULL,
  `user_agent` text DEFAULT NULL,
  `payload` longtext NOT NULL,
  `last_activity` int(11) NOT NULL,
  PRIMARY KEY (`id`),
  KEY `sessions_user_id_index` (`user_id`),
  KEY `sessions_last_activity_index` (`last_activity`)
) ENGINE=InnoDB DEFAULT CHARSET=utf8mb4 COLLATE=utf8mb4_unicode_ci;
/*!40101 SET character_set_client = @saved_cs_client */;

--
-- Dumping data for table `sessions`
--

LOCK TABLES `sessions` WRITE;
/*!40000 ALTER TABLE `sessions` DISABLE KEYS */;
/*!40000 ALTER TABLE `sessions` ENABLE KEYS */;
UNLOCK TABLES;

--
-- Table structure for table `shipment_journeys`
--

DROP TABLE IF EXISTS `shipment_journeys`;
/*!40101 SET @saved_cs_client     = @@character_set_client */;
/*!50503 SET character_set_client = utf8mb4 */;
CREATE TABLE `shipment_journeys` (
  `id` bigint(20) unsigned NOT NULL AUTO_INCREMENT,
  `order_id` bigint(20) unsigned NOT NULL,
  `leg_type` enum('first_mile','middle_mile','last_mile') NOT NULL,
  `shipper_id` bigint(20) unsigned DEFAULT NULL,
  `start_hub_id` bigint(20) unsigned DEFAULT NULL,
  `end_hub_id` bigint(20) unsigned DEFAULT NULL,
  `status` varchar(255) NOT NULL,
  `created_at` timestamp NULL DEFAULT NULL,
  `updated_at` timestamp NULL DEFAULT NULL,
  PRIMARY KEY (`id`),
  KEY `shipment_journeys_order_id_foreign` (`order_id`),
  KEY `shipment_journeys_shipper_id_foreign` (`shipper_id`),
  KEY `shipment_journeys_start_hub_id_foreign` (`start_hub_id`),
  KEY `shipment_journeys_end_hub_id_foreign` (`end_hub_id`),
  CONSTRAINT `shipment_journeys_end_hub_id_foreign` FOREIGN KEY (`end_hub_id`) REFERENCES `hubs` (`id`),
  CONSTRAINT `shipment_journeys_order_id_foreign` FOREIGN KEY (`order_id`) REFERENCES `orders` (`order_id`),
  CONSTRAINT `shipment_journeys_shipper_id_foreign` FOREIGN KEY (`shipper_id`) REFERENCES `users` (`id`),
  CONSTRAINT `shipment_journeys_start_hub_id_foreign` FOREIGN KEY (`start_hub_id`) REFERENCES `hubs` (`id`)
) ENGINE=InnoDB DEFAULT CHARSET=utf8mb4 COLLATE=utf8mb4_unicode_ci;
/*!40101 SET character_set_client = @saved_cs_client */;

--
-- Dumping data for table `shipment_journeys`
--

LOCK TABLES `shipment_journeys` WRITE;
/*!40000 ALTER TABLE `shipment_journeys` DISABLE KEYS */;
/*!40000 ALTER TABLE `shipment_journeys` ENABLE KEYS */;
UNLOCK TABLES;

--
-- Table structure for table `shipper_profiles`
--

DROP TABLE IF EXISTS `shipper_profiles`;
/*!40101 SET @saved_cs_client     = @@character_set_client */;
/*!50503 SET character_set_client = utf8mb4 */;
CREATE TABLE `shipper_profiles` (
  `user_id` bigint(20) unsigned NOT NULL,
  `id_card_number` varchar(255) NOT NULL,
  `id_card_front_url` varchar(255) NOT NULL,
  `id_card_back_url` varchar(255) NOT NULL,
  `driver_license_number` varchar(255) NOT NULL,
  `driver_license_front_url` varchar(255) NOT NULL,
  `vehicle_type` varchar(255) NOT NULL,
  `license_plate` varchar(255) NOT NULL,
  `status` enum('pending','approved','rejected','suspended') NOT NULL DEFAULT 'pending',
  `created_at` timestamp NULL DEFAULT NULL,
  `updated_at` timestamp NULL DEFAULT NULL,
  PRIMARY KEY (`user_id`),
  CONSTRAINT `shipper_profiles_user_id_foreign` FOREIGN KEY (`user_id`) REFERENCES `users` (`id`)
) ENGINE=InnoDB DEFAULT CHARSET=utf8mb4 COLLATE=utf8mb4_unicode_ci;
/*!40101 SET character_set_client = @saved_cs_client */;

--
-- Dumping data for table `shipper_profiles`
--

LOCK TABLES `shipper_profiles` WRITE;
/*!40000 ALTER TABLE `shipper_profiles` DISABLE KEYS */;
INSERT INTO `shipper_profiles` VALUES (122,'05113761881','https://via.placeholder.com/600x400.png/009944?text=id-front','https://via.placeholder.com/600x400.png/009944?text=id-back','22-97090986','https://via.placeholder.com/600x400.png/0077bb?text=license','Motorbike','53a-8153','rejected','2025-10-18 07:29:38','2025-10-18 07:46:26'),(123,'65906041157','https://via.placeholder.com/600x400.png/009944?text=id-front','https://via.placeholder.com/600x400.png/009944?text=id-back','58-05123074','https://via.placeholder.com/600x400.png/0077bb?text=license','Motorbike','53g-4146','pending','2025-10-18 07:29:38','2025-10-18 07:29:38'),(124,'37518316209','https://via.placeholder.com/600x400.png/009944?text=id-front','https://via.placeholder.com/600x400.png/009944?text=id-back','34-70121172','https://via.placeholder.com/600x400.png/0077bb?text=license','Bicycle','75i-5257','pending','2025-10-18 07:29:38','2025-10-18 07:29:38'),(125,'15593944763','https://via.placeholder.com/600x400.png/009944?text=id-front','https://via.placeholder.com/600x400.png/009944?text=id-back','68-69660960','https://via.placeholder.com/600x400.png/0077bb?text=license','Car','81u-1643','pending','2025-10-18 07:29:38','2025-10-18 07:29:38'),(126,'45757981991','https://via.placeholder.com/600x400.png/009944?text=id-front','https://via.placeholder.com/600x400.png/009944?text=id-back','85-84980234','https://via.placeholder.com/600x400.png/0077bb?text=license','Car','21k-2390','approved','2025-10-18 07:29:38','2025-10-18 07:29:38'),(127,'87385151846','https://via.placeholder.com/600x400.png/009944?text=id-front','https://via.placeholder.com/600x400.png/009944?text=id-back','36-42590950','https://via.placeholder.com/600x400.png/0077bb?text=license','Motorbike','58b-0298','approved','2025-10-18 07:29:38','2025-10-18 07:29:38'),(128,'43738717441','https://via.placeholder.com/600x400.png/009944?text=id-front','https://via.placeholder.com/600x400.png/009944?text=id-back','94-73173207','https://via.placeholder.com/600x400.png/0077bb?text=license','Van','85d-6938','approved','2025-10-18 07:29:38','2025-10-18 07:29:38'),(129,'91137366202','https://via.placeholder.com/600x400.png/009944?text=id-front','https://via.placeholder.com/600x400.png/009944?text=id-back','95-28268685','https://via.placeholder.com/600x400.png/0077bb?text=license','Van','42d-2555','approved','2025-10-18 07:29:38','2025-10-18 07:29:38'),(130,'85101079266','https://via.placeholder.com/600x400.png/009944?text=id-front','https://via.placeholder.com/600x400.png/009944?text=id-back','71-21643637','https://via.placeholder.com/600x400.png/0077bb?text=license','Motorbike','75n-8799','rejected','2025-10-18 07:29:38','2025-10-18 07:29:38'),(131,'31931302351','https://via.placeholder.com/600x400.png/009944?text=id-front','https://via.placeholder.com/600x400.png/009944?text=id-back','80-00387865','https://via.placeholder.com/600x400.png/0077bb?text=license','Van','18z-3382','suspended','2025-10-18 07:29:38','2025-10-18 07:29:38');
/*!40000 ALTER TABLE `shipper_profiles` ENABLE KEYS */;
UNLOCK TABLES;

--
-- Table structure for table `shipper_ratings`
--

DROP TABLE IF EXISTS `shipper_ratings`;
/*!40101 SET @saved_cs_client     = @@character_set_client */;
/*!50503 SET character_set_client = utf8mb4 */;
CREATE TABLE `shipper_ratings` (
  `id` bigint(20) unsigned NOT NULL AUTO_INCREMENT,
  `order_id` bigint(20) unsigned NOT NULL,
  `shipper_id` bigint(20) unsigned NOT NULL,
  `customer_id` bigint(20) unsigned NOT NULL,
  `rating` tinyint(3) unsigned NOT NULL,
  `comment` text DEFAULT NULL,
  `criteria_ratings` longtext CHARACTER SET utf8mb4 COLLATE utf8mb4_bin DEFAULT NULL CHECK (json_valid(`criteria_ratings`)),
  `is_anonymous` tinyint(1) NOT NULL DEFAULT 0,
  `rated_at` timestamp NOT NULL DEFAULT current_timestamp() ON UPDATE current_timestamp(),
  `created_at` timestamp NULL DEFAULT NULL,
  `updated_at` timestamp NULL DEFAULT NULL,
  PRIMARY KEY (`id`),
  UNIQUE KEY `shipper_ratings_order_id_customer_id_unique` (`order_id`,`customer_id`),
  KEY `shipper_ratings_shipper_id_rating_index` (`shipper_id`,`rating`),
  KEY `shipper_ratings_customer_id_rated_at_index` (`customer_id`,`rated_at`),
  KEY `shipper_ratings_order_id_index` (`order_id`),
  CONSTRAINT `shipper_ratings_customer_id_foreign` FOREIGN KEY (`customer_id`) REFERENCES `users` (`id`) ON DELETE CASCADE,
  CONSTRAINT `shipper_ratings_order_id_foreign` FOREIGN KEY (`order_id`) REFERENCES `orders` (`order_id`) ON DELETE CASCADE,
  CONSTRAINT `shipper_ratings_shipper_id_foreign` FOREIGN KEY (`shipper_id`) REFERENCES `users` (`id`) ON DELETE CASCADE
) ENGINE=InnoDB DEFAULT CHARSET=utf8mb4 COLLATE=utf8mb4_unicode_ci;
/*!40101 SET character_set_client = @saved_cs_client */;

--
-- Dumping data for table `shipper_ratings`
--

LOCK TABLES `shipper_ratings` WRITE;
/*!40000 ALTER TABLE `shipper_ratings` DISABLE KEYS */;
/*!40000 ALTER TABLE `shipper_ratings` ENABLE KEYS */;
UNLOCK TABLES;

--
-- Table structure for table `shipping_details`
--

DROP TABLE IF EXISTS `shipping_details`;
/*!40101 SET @saved_cs_client     = @@character_set_client */;
/*!50503 SET character_set_client = utf8mb4 */;
CREATE TABLE `shipping_details` (
  `shipping_detail_id` bigint(20) unsigned NOT NULL AUTO_INCREMENT,
  `order_id` bigint(20) unsigned NOT NULL,
  `shipping_provider` varchar(100) NOT NULL,
  `tracking_number` varchar(100) DEFAULT NULL,
  `external_order_id` varchar(100) DEFAULT NULL,
  `status` tinyint(4) NOT NULL,
  `shipping_fee` decimal(18,2) NOT NULL,
  `status_history` text DEFAULT NULL COMMENT 'JSON history from provider',
  `created_at` timestamp NULL DEFAULT NULL,
  `updated_at` timestamp NULL DEFAULT NULL,
  PRIMARY KEY (`shipping_detail_id`),
  UNIQUE KEY `shipping_details_order_id_unique` (`order_id`),
  KEY `shipping_details_tracking_number_index` (`tracking_number`),
  CONSTRAINT `shipping_details_order_id_foreign` FOREIGN KEY (`order_id`) REFERENCES `orders` (`order_id`) ON DELETE CASCADE
) ENGINE=InnoDB AUTO_INCREMENT=297 DEFAULT CHARSET=utf8mb4 COLLATE=utf8mb4_unicode_ci;
/*!40101 SET character_set_client = @saved_cs_client */;

--
-- Dumping data for table `shipping_details`
--

LOCK TABLES `shipping_details` WRITE;
/*!40000 ALTER TABLE `shipping_details` DISABLE KEYS */;
INSERT INTO `shipping_details` VALUES (1,1,'Giao Hàng Nhanh','TRACKVD041278',NULL,2,41.71,NULL,'2025-10-18 07:29:42','2025-10-18 07:29:42'),(2,2,'Giao Hàng Tiết Kiệm','TRACKBM646919',NULL,3,32.14,NULL,'2025-10-18 07:29:42','2025-10-18 07:29:42'),(3,3,'Giao Hàng Tiết Kiệm','TRACKED624252',NULL,1,18.62,NULL,'2025-10-18 07:29:42','2025-10-18 07:29:42'),(4,4,'Giao Hàng Nhanh','TRACKAO170395',NULL,5,42.70,NULL,'2025-10-18 07:29:42','2025-10-18 07:29:42'),(5,5,'Giao Hàng Tiết Kiệm','TRACKAF957326',NULL,3,41.89,NULL,'2025-10-18 07:29:42','2025-10-18 07:29:42'),(6,6,'Viettel Post','TRACKEO365821',NULL,1,47.82,NULL,'2025-10-18 07:29:42','2025-10-18 07:29:42'),(7,7,'Giao Hàng Tiết Kiệm','TRACKHJ478884',NULL,5,19.76,NULL,'2025-10-18 07:29:42','2025-10-18 07:29:42'),(8,8,'Giao Hàng Tiết Kiệm','TRACKWA286579',NULL,2,8.58,NULL,'2025-10-18 07:29:42','2025-10-18 07:29:42'),(9,9,'Giao Hàng Nhanh','TRACKJC877096',NULL,5,32.44,NULL,'2025-10-18 07:29:42','2025-10-18 07:29:42'),(10,10,'Giao Hàng Tiết Kiệm','TRACKYQ196374',NULL,4,14.17,NULL,'2025-10-18 07:29:42','2025-10-18 07:29:42'),(11,11,'VNPost','TRACKZW946455',NULL,5,40.23,NULL,'2025-10-18 07:29:42','2025-10-18 07:29:42'),(12,12,'Giao Hàng Nhanh','TRACKTL324868',NULL,5,41.92,NULL,'2025-10-18 07:29:42','2025-10-18 07:29:42'),(13,13,'Viettel Post','TRACKTX000505',NULL,5,14.88,NULL,'2025-10-18 07:29:42','2025-10-18 07:29:42'),(14,14,'VNPost','TRACKCV992784',NULL,5,23.42,NULL,'2025-10-18 07:29:42','2025-10-18 07:29:42'),(15,15,'Giao Hàng Nhanh','TRACKTR143976',NULL,3,40.83,NULL,'2025-10-18 07:29:42','2025-10-18 07:29:42'),(16,16,'Giao Hàng Nhanh','TRACKIW409227',NULL,1,31.68,NULL,'2025-10-18 07:29:42','2025-10-18 07:29:42'),(17,17,'Viettel Post','TRACKQJ456955',NULL,5,25.54,NULL,'2025-10-18 07:29:42','2025-10-18 07:29:42'),(18,18,'Giao Hàng Tiết Kiệm','TRACKTX745478',NULL,5,28.22,NULL,'2025-10-18 07:29:42','2025-10-18 07:29:42'),(19,19,'Viettel Post','TRACKBR087204',NULL,2,7.08,NULL,'2025-10-18 07:29:42','2025-10-18 07:29:42'),(20,20,'VNPost','TRACKRR932430',NULL,1,31.46,NULL,'2025-10-18 07:29:42','2025-10-18 07:29:42'),(21,21,'Giao Hàng Tiết Kiệm','TRACKOO708421',NULL,4,12.61,NULL,'2025-10-18 07:29:42','2025-10-18 07:29:42'),(22,22,'Giao Hàng Nhanh','TRACKFU825849',NULL,4,47.44,NULL,'2025-10-18 07:29:42','2025-10-18 07:29:42'),(23,23,'Giao Hàng Tiết Kiệm','TRACKON906812',NULL,4,49.26,NULL,'2025-10-18 07:29:42','2025-10-18 07:29:42'),(24,24,'Viettel Post','TRACKUQ364516',NULL,3,6.81,NULL,'2025-10-18 07:29:42','2025-10-18 07:29:42'),(25,25,'VNPost','TRACKTC983057',NULL,4,39.43,NULL,'2025-10-18 07:29:42','2025-10-18 07:29:42'),(26,26,'Giao Hàng Nhanh','TRACKGH141799',NULL,1,13.83,NULL,'2025-10-18 07:29:42','2025-10-18 07:29:42'),(27,27,'VNPost','TRACKJP833692',NULL,2,7.29,NULL,'2025-10-18 07:29:42','2025-10-18 07:29:42'),(28,28,'VNPost','TRACKDT035768',NULL,1,24.42,NULL,'2025-10-18 07:29:42','2025-10-18 07:29:42'),(29,29,'Giao Hàng Nhanh','TRACKID085375',NULL,5,45.76,NULL,'2025-10-18 07:29:42','2025-10-18 07:29:42'),(30,30,'Giao Hàng Nhanh','TRACKFP669972',NULL,1,27.80,NULL,'2025-10-18 07:29:42','2025-10-18 07:29:42'),(31,31,'Viettel Post','TRACKCZ629993',NULL,4,11.44,NULL,'2025-10-18 07:29:42','2025-10-18 07:29:42'),(32,32,'Giao Hàng Tiết Kiệm','TRACKIL556036',NULL,3,40.04,NULL,'2025-10-18 07:29:42','2025-10-18 07:29:42'),(33,33,'VNPost','TRACKYT136622',NULL,5,30.08,NULL,'2025-10-18 07:29:42','2025-10-18 07:29:42'),(34,34,'Viettel Post','TRACKUN026502',NULL,4,40.97,NULL,'2025-10-18 07:29:42','2025-10-18 07:29:42'),(35,35,'Giao Hàng Nhanh','TRACKIF589345',NULL,2,47.28,NULL,'2025-10-18 07:29:42','2025-10-18 07:29:42'),(36,36,'VNPost','TRACKSS601252',NULL,1,7.87,NULL,'2025-10-18 07:29:42','2025-10-18 07:29:42'),(37,37,'Giao Hàng Nhanh','TRACKGU374762',NULL,4,37.34,NULL,'2025-10-18 07:29:42','2025-10-18 07:29:42'),(38,38,'Giao Hàng Tiết Kiệm','TRACKLM469840',NULL,2,10.11,NULL,'2025-10-18 07:29:42','2025-10-18 07:29:42'),(39,39,'Giao Hàng Tiết Kiệm','TRACKUU923647',NULL,3,22.63,NULL,'2025-10-18 07:29:42','2025-10-18 07:29:42'),(40,40,'Giao Hàng Tiết Kiệm','TRACKQT106526',NULL,3,31.37,NULL,'2025-10-18 07:29:42','2025-10-18 07:29:42'),(41,41,'VNPost','TRACKYR409878',NULL,3,42.98,NULL,'2025-10-18 07:29:42','2025-10-18 07:29:42'),(42,42,'Giao Hàng Tiết Kiệm','TRACKOU233950',NULL,1,19.37,NULL,'2025-10-18 07:29:42','2025-10-18 07:29:42'),(43,43,'Giao Hàng Tiết Kiệm','TRACKWS841269',NULL,3,43.86,NULL,'2025-10-18 07:29:42','2025-10-18 07:29:42'),(44,44,'Giao Hàng Nhanh','TRACKXW936752',NULL,4,40.91,NULL,'2025-10-18 07:29:42','2025-10-18 07:29:42'),(45,45,'Giao Hàng Nhanh','TRACKUM358317',NULL,4,33.62,NULL,'2025-10-18 07:29:42','2025-10-18 07:29:42'),(46,46,'VNPost','TRACKKU907416',NULL,5,43.73,NULL,'2025-10-18 07:29:42','2025-10-18 07:29:42'),(47,47,'Viettel Post','TRACKOC236874',NULL,1,11.05,NULL,'2025-10-18 07:29:42','2025-10-18 07:29:42'),(48,48,'Viettel Post','TRACKBX000226',NULL,1,35.54,NULL,'2025-10-18 07:29:42','2025-10-18 07:29:42'),(49,49,'Viettel Post','TRACKIK811500',NULL,4,49.23,NULL,'2025-10-18 07:29:42','2025-10-18 07:29:42'),(50,50,'Viettel Post','TRACKUF463247',NULL,5,14.71,NULL,'2025-10-18 07:29:42','2025-10-18 07:29:42'),(51,51,'VNPost','TRACKNL531966',NULL,3,43.73,NULL,'2025-10-18 07:29:42','2025-10-18 07:29:42'),(52,52,'Giao Hàng Nhanh','TRACKZQ008070',NULL,4,7.76,NULL,'2025-10-18 07:29:42','2025-10-18 07:29:42'),(53,53,'Giao Hàng Nhanh','TRACKLL539069',NULL,5,48.08,NULL,'2025-10-18 07:29:42','2025-10-18 07:29:42'),(54,54,'Viettel Post','TRACKJA097327',NULL,4,43.89,NULL,'2025-10-18 07:29:42','2025-10-18 07:29:42'),(55,55,'Giao Hàng Nhanh','TRACKRJ704044',NULL,2,34.04,NULL,'2025-10-18 07:29:42','2025-10-18 07:29:42'),(56,56,'Giao Hàng Nhanh','TRACKGL205273',NULL,1,28.88,NULL,'2025-10-18 07:29:42','2025-10-18 07:29:42'),(57,57,'Giao Hàng Nhanh','TRACKNY449672',NULL,1,20.26,NULL,'2025-10-18 07:29:42','2025-10-18 07:29:42'),(58,58,'VNPost','TRACKZB213794',NULL,2,21.59,NULL,'2025-10-18 07:29:42','2025-10-18 07:29:42'),(59,59,'Giao Hàng Tiết Kiệm','TRACKTD223915',NULL,4,43.17,NULL,'2025-10-18 07:29:42','2025-10-18 07:29:42'),(60,60,'VNPost','TRACKCV119353',NULL,4,8.75,NULL,'2025-10-18 07:29:42','2025-10-18 07:29:42'),(61,61,'Giao Hàng Tiết Kiệm','TRACKXX711631',NULL,5,48.00,NULL,'2025-10-18 07:29:42','2025-10-18 07:29:42'),(62,62,'Giao Hàng Nhanh','TRACKLE104823',NULL,4,46.83,NULL,'2025-10-18 07:29:42','2025-10-18 07:29:42'),(63,63,'Giao Hàng Nhanh','TRACKQT676092',NULL,4,10.36,NULL,'2025-10-18 07:29:42','2025-10-18 07:29:42'),(64,64,'VNPost','TRACKZD522862',NULL,4,47.98,NULL,'2025-10-18 07:29:42','2025-10-18 07:29:42'),(65,65,'Giao Hàng Nhanh','TRACKQW214366',NULL,2,26.31,NULL,'2025-10-18 07:29:42','2025-10-18 07:29:42'),(66,66,'Giao Hàng Nhanh','TRACKWC939091',NULL,3,18.54,NULL,'2025-10-18 07:29:42','2025-10-18 07:29:42'),(67,67,'VNPost','TRACKOM205005',NULL,1,15.72,NULL,'2025-10-18 07:29:42','2025-10-18 07:29:42'),(68,68,'Viettel Post','TRACKXN847598',NULL,1,45.16,NULL,'2025-10-18 07:29:42','2025-10-18 07:29:42'),(69,69,'Viettel Post','TRACKER216633',NULL,2,36.44,NULL,'2025-10-18 07:29:42','2025-10-18 07:29:42'),(70,70,'Giao Hàng Nhanh','TRACKOJ064177',NULL,2,28.64,NULL,'2025-10-18 07:29:42','2025-10-18 07:29:42'),(71,71,'VNPost','TRACKEV351068',NULL,1,21.40,NULL,'2025-10-18 07:29:42','2025-10-18 07:29:42'),(72,72,'VNPost','TRACKEC751142',NULL,2,5.80,NULL,'2025-10-18 07:29:42','2025-10-18 07:29:42'),(73,73,'Giao Hàng Nhanh','TRACKTD943662',NULL,4,30.43,NULL,'2025-10-18 07:29:42','2025-10-18 07:29:42'),(74,74,'Viettel Post','TRACKFB329114',NULL,1,8.73,NULL,'2025-10-18 07:29:42','2025-10-18 07:29:42'),(75,75,'Viettel Post','TRACKEK165540',NULL,1,42.73,NULL,'2025-10-18 07:29:42','2025-10-18 07:29:42'),(76,76,'VNPost','TRACKDX354429',NULL,5,41.30,NULL,'2025-10-18 07:29:42','2025-10-18 07:29:42'),(77,77,'VNPost','TRACKTN890507',NULL,1,38.90,NULL,'2025-10-18 07:29:42','2025-10-18 07:29:42'),(78,78,'VNPost','TRACKOC006384',NULL,5,23.91,NULL,'2025-10-18 07:29:42','2025-10-18 07:29:42'),(79,79,'Viettel Post','TRACKXM249456',NULL,4,35.75,NULL,'2025-10-18 07:29:42','2025-10-18 07:29:42'),(80,80,'Giao Hàng Nhanh','TRACKLU219771',NULL,2,46.75,NULL,'2025-10-18 07:29:42','2025-10-18 07:29:42'),(81,81,'Giao Hàng Nhanh','TRACKCK145408',NULL,4,9.52,NULL,'2025-10-18 07:29:42','2025-10-18 07:29:42'),(82,82,'Giao Hàng Nhanh','TRACKUJ200130',NULL,2,22.44,NULL,'2025-10-18 07:29:42','2025-10-18 07:29:42'),(83,83,'Giao Hàng Nhanh','TRACKQD322030',NULL,5,33.24,NULL,'2025-10-18 07:29:42','2025-10-18 07:29:42'),(84,84,'VNPost','TRACKTI505306',NULL,4,44.09,NULL,'2025-10-18 07:29:42','2025-10-18 07:29:42'),(85,85,'VNPost','TRACKGL644251',NULL,3,46.95,NULL,'2025-10-18 07:29:42','2025-10-18 07:29:42'),(86,86,'Giao Hàng Nhanh','TRACKIJ432857',NULL,4,25.98,NULL,'2025-10-18 07:29:42','2025-10-18 07:29:42'),(87,87,'Giao Hàng Tiết Kiệm','TRACKLB440951',NULL,2,42.08,NULL,'2025-10-18 07:29:42','2025-10-18 07:29:42'),(88,88,'Giao Hàng Nhanh','TRACKHI654486',NULL,5,31.65,NULL,'2025-10-18 07:29:42','2025-10-18 07:29:42'),(89,89,'Giao Hàng Nhanh','TRACKOS773624',NULL,1,44.98,NULL,'2025-10-18 07:29:42','2025-10-18 07:29:42'),(90,90,'VNPost','TRACKIQ536703',NULL,3,17.45,NULL,'2025-10-18 07:29:42','2025-10-18 07:29:42'),(91,91,'Giao Hàng Tiết Kiệm','TRACKYE419621',NULL,4,18.12,NULL,'2025-10-18 07:29:42','2025-10-18 07:29:42'),(92,92,'Viettel Post','TRACKIO324383',NULL,5,27.43,NULL,'2025-10-18 07:29:42','2025-10-18 07:29:42'),(93,93,'Giao Hàng Tiết Kiệm','TRACKZB157286',NULL,2,27.21,NULL,'2025-10-18 07:29:42','2025-10-18 07:29:42'),(94,94,'VNPost','TRACKBW956245',NULL,1,40.20,NULL,'2025-10-18 07:29:42','2025-10-18 07:29:42'),(95,95,'VNPost','TRACKQM936987',NULL,4,48.29,NULL,'2025-10-18 07:29:42','2025-10-18 07:29:42'),(96,96,'Viettel Post','TRACKBG665874',NULL,3,49.71,NULL,'2025-10-18 07:29:42','2025-10-18 07:29:42'),(97,97,'Giao Hàng Tiết Kiệm','TRACKKO526077',NULL,5,20.64,NULL,'2025-10-18 07:29:42','2025-10-18 07:29:42'),(98,98,'VNPost','TRACKYY921477',NULL,3,49.01,NULL,'2025-10-18 07:29:42','2025-10-18 07:29:42'),(99,99,'Giao Hàng Tiết Kiệm','TRACKNJ515693',NULL,4,17.53,NULL,'2025-10-18 07:29:42','2025-10-18 07:29:42'),(100,100,'VNPost','TRACKSP285595',NULL,5,9.29,NULL,'2025-10-18 07:29:42','2025-10-18 07:29:42'),(101,101,'Viettel Post','TRACKJQ812397',NULL,5,16.53,NULL,'2025-10-18 07:29:42','2025-10-18 07:29:42'),(102,102,'Giao Hàng Nhanh','TRACKTQ598886',NULL,2,48.19,NULL,'2025-10-18 07:29:42','2025-10-18 07:29:42'),(103,103,'Giao Hàng Nhanh','TRACKNC058454',NULL,1,27.36,NULL,'2025-10-18 07:29:42','2025-10-18 07:29:42'),(104,104,'Giao Hàng Tiết Kiệm','TRACKQP938673',NULL,1,36.62,NULL,'2025-10-18 07:29:42','2025-10-18 07:29:42'),(105,105,'Giao Hàng Tiết Kiệm','TRACKAI389177',NULL,4,26.26,NULL,'2025-10-18 07:29:42','2025-10-18 07:29:42'),(106,106,'Viettel Post','TRACKGV414787',NULL,5,5.66,NULL,'2025-10-18 07:29:42','2025-10-18 07:29:42'),(107,107,'Giao Hàng Tiết Kiệm','TRACKQO536488',NULL,1,33.75,NULL,'2025-10-18 07:29:42','2025-10-18 07:29:42'),(108,108,'Viettel Post','TRACKBO310677',NULL,2,23.45,NULL,'2025-10-18 07:29:42','2025-10-18 07:29:42'),(109,109,'Viettel Post','TRACKRW903444',NULL,1,16.72,NULL,'2025-10-18 07:29:42','2025-10-18 07:29:42'),(110,110,'Giao Hàng Tiết Kiệm','TRACKCD070340',NULL,2,33.63,NULL,'2025-10-18 07:29:42','2025-10-18 07:29:42'),(111,111,'Giao Hàng Nhanh','TRACKKE335520',NULL,4,12.55,NULL,'2025-10-18 07:29:42','2025-10-18 07:29:42'),(112,112,'Giao Hàng Tiết Kiệm','TRACKHX732797',NULL,2,22.15,NULL,'2025-10-18 07:29:42','2025-10-18 07:29:42'),(113,113,'Giao Hàng Tiết Kiệm','TRACKJE037514',NULL,1,32.70,NULL,'2025-10-18 07:29:42','2025-10-18 07:29:42'),(114,114,'Giao Hàng Tiết Kiệm','TRACKZN636824',NULL,4,9.33,NULL,'2025-10-18 07:29:42','2025-10-18 07:29:42'),(115,115,'VNPost','TRACKPV921221',NULL,5,11.21,NULL,'2025-10-18 07:29:42','2025-10-18 07:29:42'),(116,116,'VNPost','TRACKWL520937',NULL,5,5.10,NULL,'2025-10-18 07:29:42','2025-10-18 07:29:42'),(117,117,'Giao Hàng Tiết Kiệm','TRACKLB989333',NULL,1,31.89,NULL,'2025-10-18 07:29:42','2025-10-18 07:29:42'),(118,118,'Giao Hàng Tiết Kiệm','TRACKQT488769',NULL,4,26.17,NULL,'2025-10-18 07:29:42','2025-10-18 07:29:42'),(119,119,'Giao Hàng Nhanh','TRACKKW079076',NULL,5,36.04,NULL,'2025-10-18 07:29:42','2025-10-18 07:29:42'),(120,120,'Giao Hàng Nhanh','TRACKUZ490155',NULL,5,35.74,NULL,'2025-10-18 07:29:42','2025-10-18 07:29:42'),(121,121,'VNPost','TRACKSP099894',NULL,1,15.85,NULL,'2025-10-18 07:29:42','2025-10-18 07:29:42'),(122,122,'VNPost','TRACKMJ861876',NULL,5,40.01,NULL,'2025-10-18 07:29:42','2025-10-18 07:29:42'),(123,123,'VNPost','TRACKHN650931',NULL,1,29.00,NULL,'2025-10-18 07:29:42','2025-10-18 07:29:42'),(124,124,'Giao Hàng Nhanh','TRACKAX819542',NULL,4,14.78,NULL,'2025-10-18 07:29:42','2025-10-18 07:29:42'),(125,125,'Giao Hàng Nhanh','TRACKHT417173',NULL,2,46.26,NULL,'2025-10-18 07:29:42','2025-10-18 07:29:42'),(126,126,'Giao Hàng Tiết Kiệm','TRACKTP786823',NULL,3,20.19,NULL,'2025-10-18 07:29:42','2025-10-18 07:29:42'),(127,127,'Giao Hàng Nhanh','TRACKFM925003',NULL,4,42.01,NULL,'2025-10-18 07:29:42','2025-10-18 07:29:42'),(128,128,'Viettel Post','TRACKXH351141',NULL,2,6.40,NULL,'2025-10-18 07:29:42','2025-10-18 07:29:42'),(129,129,'Giao Hàng Nhanh','TRACKZV882615',NULL,1,22.10,NULL,'2025-10-18 07:29:42','2025-10-18 07:29:42'),(130,130,'Viettel Post','TRACKDA166495',NULL,4,49.25,NULL,'2025-10-18 07:29:42','2025-10-18 07:29:42'),(131,131,'Giao Hàng Tiết Kiệm','TRACKME934286',NULL,5,28.89,NULL,'2025-10-18 07:29:42','2025-10-18 07:29:42'),(132,132,'Giao Hàng Nhanh','TRACKGS131322',NULL,3,9.29,NULL,'2025-10-18 07:29:42','2025-10-18 07:29:42'),(133,133,'Giao Hàng Tiết Kiệm','TRACKTE874779',NULL,1,45.56,NULL,'2025-10-18 07:29:42','2025-10-18 07:29:42'),(134,134,'Giao Hàng Tiết Kiệm','TRACKHF121497',NULL,2,30.85,NULL,'2025-10-18 07:29:42','2025-10-18 07:29:42'),(135,135,'VNPost','TRACKAJ466249',NULL,1,6.95,NULL,'2025-10-18 07:29:42','2025-10-18 07:29:42'),(136,136,'VNPost','TRACKJL826241',NULL,4,17.48,NULL,'2025-10-18 07:29:42','2025-10-18 07:29:42'),(137,137,'Giao Hàng Tiết Kiệm','TRACKIV652289',NULL,5,16.03,NULL,'2025-10-18 07:29:42','2025-10-18 07:29:42'),(138,138,'Giao Hàng Tiết Kiệm','TRACKYN809328',NULL,1,45.50,NULL,'2025-10-18 07:29:42','2025-10-18 07:29:42'),(139,139,'Viettel Post','TRACKNC717656',NULL,1,15.02,NULL,'2025-10-18 07:29:42','2025-10-18 07:29:42'),(140,140,'Giao Hàng Nhanh','TRACKFO161812',NULL,1,21.42,NULL,'2025-10-18 07:29:42','2025-10-18 07:29:42'),(141,141,'VNPost','TRACKBB165845',NULL,3,33.79,NULL,'2025-10-18 07:29:42','2025-10-18 07:29:42'),(142,142,'Giao Hàng Nhanh','TRACKAH562835',NULL,2,44.60,NULL,'2025-10-18 07:29:42','2025-10-18 07:29:42'),(143,143,'Viettel Post','TRACKII671550',NULL,2,45.44,NULL,'2025-10-18 07:29:42','2025-10-18 07:29:42'),(144,144,'VNPost','TRACKDU407394',NULL,4,46.10,NULL,'2025-10-18 07:29:42','2025-10-18 07:29:42'),(145,145,'Giao Hàng Nhanh','TRACKLJ497500',NULL,4,17.48,NULL,'2025-10-18 07:29:42','2025-10-18 07:29:42'),(146,146,'VNPost','TRACKWN014191',NULL,4,25.94,NULL,'2025-10-18 07:29:42','2025-10-18 07:29:42'),(147,147,'Giao Hàng Tiết Kiệm','TRACKXQ278407',NULL,1,27.32,NULL,'2025-10-18 07:29:42','2025-10-18 07:29:42'),(148,148,'Viettel Post','TRACKAP121050',NULL,5,10.83,NULL,'2025-10-18 07:29:42','2025-10-18 07:29:42'),(149,149,'Giao Hàng Nhanh','TRACKJJ431033',NULL,3,30.32,NULL,'2025-10-18 07:29:42','2025-10-18 07:29:42'),(150,150,'Giao Hàng Tiết Kiệm','TRACKOP075774',NULL,3,7.88,NULL,'2025-10-18 07:29:42','2025-10-18 07:29:42'),(151,151,'Giao Hàng Nhanh','TRACKFC701794',NULL,4,49.37,NULL,'2025-10-18 07:29:42','2025-10-18 07:29:42'),(152,152,'Giao Hàng Nhanh','TRACKFR972108',NULL,2,29.95,NULL,'2025-10-18 07:29:42','2025-10-18 07:29:42'),(153,153,'Giao Hàng Tiết Kiệm','TRACKSF316327',NULL,3,9.46,NULL,'2025-10-18 07:29:42','2025-10-18 07:29:42'),(154,154,'Giao Hàng Tiết Kiệm','TRACKZN213492',NULL,1,47.76,NULL,'2025-10-18 07:29:42','2025-10-18 07:29:42'),(155,155,'VNPost','TRACKJN461473',NULL,3,22.32,NULL,'2025-10-18 07:29:42','2025-10-18 07:29:42'),(156,156,'VNPost','TRACKFI296578',NULL,4,18.18,NULL,'2025-10-18 07:29:42','2025-10-18 07:29:42'),(157,157,'Giao Hàng Tiết Kiệm','TRACKRE342649',NULL,1,45.26,NULL,'2025-10-18 07:29:42','2025-10-18 07:29:42'),(158,158,'Giao Hàng Nhanh','TRACKPO722965',NULL,5,17.01,NULL,'2025-10-18 07:29:42','2025-10-18 07:29:42'),(159,159,'Giao Hàng Nhanh','TRACKQT785165',NULL,3,16.52,NULL,'2025-10-18 07:29:42','2025-10-18 07:29:42'),(160,160,'VNPost','TRACKDH077833',NULL,1,12.33,NULL,'2025-10-18 07:29:42','2025-10-18 07:29:42'),(161,161,'VNPost','TRACKNM489892',NULL,1,18.17,NULL,'2025-10-18 07:29:42','2025-10-18 07:29:42'),(162,162,'Viettel Post','TRACKQO666231',NULL,1,30.76,NULL,'2025-10-18 07:29:42','2025-10-18 07:29:42'),(163,163,'VNPost','TRACKEC389050',NULL,1,10.10,NULL,'2025-10-18 07:29:42','2025-10-18 07:29:42'),(164,164,'Giao Hàng Tiết Kiệm','TRACKDX118996',NULL,2,38.38,NULL,'2025-10-18 07:29:42','2025-10-18 07:29:42'),(165,165,'Giao Hàng Tiết Kiệm','TRACKJP900495',NULL,4,47.08,NULL,'2025-10-18 07:29:42','2025-10-18 07:29:42'),(166,166,'Giao Hàng Tiết Kiệm','TRACKYJ224094',NULL,2,23.95,NULL,'2025-10-18 07:29:42','2025-10-18 07:29:42'),(167,167,'Giao Hàng Nhanh','TRACKVG157686',NULL,3,37.25,NULL,'2025-10-18 07:29:42','2025-10-18 07:29:42'),(168,168,'Giao Hàng Nhanh','TRACKSA892506',NULL,1,31.88,NULL,'2025-10-18 07:29:42','2025-10-18 07:29:42'),(169,169,'VNPost','TRACKQN058948',NULL,4,9.88,NULL,'2025-10-18 07:29:42','2025-10-18 07:29:42'),(170,170,'Giao Hàng Tiết Kiệm','TRACKWK582417',NULL,5,36.33,NULL,'2025-10-18 07:29:42','2025-10-18 07:29:42'),(171,171,'Viettel Post','TRACKQJ503641',NULL,4,42.06,NULL,'2025-10-18 07:29:42','2025-10-18 07:29:42'),(172,172,'Giao Hàng Tiết Kiệm','TRACKKP626424',NULL,5,10.36,NULL,'2025-10-18 07:29:42','2025-10-18 07:29:42'),(173,173,'Viettel Post','TRACKTT277816',NULL,4,18.65,NULL,'2025-10-18 07:29:42','2025-10-18 07:29:42'),(174,174,'Giao Hàng Nhanh','TRACKSA287691',NULL,2,47.12,NULL,'2025-10-18 07:29:42','2025-10-18 07:29:42'),(175,175,'Giao Hàng Nhanh','TRACKKA464119',NULL,1,35.36,NULL,'2025-10-18 07:29:42','2025-10-18 07:29:42'),(176,176,'VNPost','TRACKYZ018669',NULL,3,21.29,NULL,'2025-10-18 07:29:42','2025-10-18 07:29:42'),(177,177,'Giao Hàng Tiết Kiệm','TRACKQA357769',NULL,2,30.22,NULL,'2025-10-18 07:29:42','2025-10-18 07:29:42'),(178,178,'Giao Hàng Nhanh','TRACKHJ333528',NULL,3,11.96,NULL,'2025-10-18 07:29:42','2025-10-18 07:29:42'),(179,179,'VNPost','TRACKHO401554',NULL,4,47.97,NULL,'2025-10-18 07:29:42','2025-10-18 07:29:42'),(180,180,'Giao Hàng Nhanh','TRACKND959992',NULL,1,46.30,NULL,'2025-10-18 07:29:42','2025-10-18 07:29:42'),(181,181,'Giao Hàng Tiết Kiệm','TRACKDK097385',NULL,5,19.58,NULL,'2025-10-18 07:29:42','2025-10-18 07:29:42'),(182,182,'Giao Hàng Tiết Kiệm','TRACKHJ741044',NULL,5,38.43,NULL,'2025-10-18 07:29:42','2025-10-18 07:29:42'),(183,183,'Giao Hàng Tiết Kiệm','TRACKBB695246',NULL,5,14.96,NULL,'2025-10-18 07:29:42','2025-10-18 07:29:42'),(184,184,'Giao Hàng Nhanh','TRACKBB829639',NULL,2,41.87,NULL,'2025-10-18 07:29:42','2025-10-18 07:29:42'),(185,185,'VNPost','TRACKOJ482288',NULL,2,29.46,NULL,'2025-10-18 07:29:42','2025-10-18 07:29:42'),(186,186,'Viettel Post','TRACKRT027084',NULL,4,33.28,NULL,'2025-10-18 07:29:42','2025-10-18 07:29:42'),(187,187,'Giao Hàng Nhanh','TRACKTR196798',NULL,5,6.13,NULL,'2025-10-18 07:29:42','2025-10-18 07:29:42'),(188,188,'Giao Hàng Nhanh','TRACKKC017571',NULL,2,18.98,NULL,'2025-10-18 07:29:42','2025-10-18 07:29:42'),(189,189,'Giao Hàng Nhanh','TRACKUN223367',NULL,4,26.15,NULL,'2025-10-18 07:29:42','2025-10-18 07:29:42'),(190,190,'Giao Hàng Tiết Kiệm','TRACKJW834900',NULL,1,10.61,NULL,'2025-10-18 07:29:42','2025-10-18 07:29:42'),(191,191,'Giao Hàng Tiết Kiệm','TRACKCT415012',NULL,1,43.17,NULL,'2025-10-18 07:29:42','2025-10-18 07:29:42'),(192,192,'Giao Hàng Tiết Kiệm','TRACKXB544358',NULL,3,40.51,NULL,'2025-10-18 07:29:42','2025-10-18 07:29:42'),(193,193,'Viettel Post','TRACKNS626625',NULL,4,43.57,NULL,'2025-10-18 07:29:42','2025-10-18 07:29:42'),(194,194,'Viettel Post','TRACKII216797',NULL,3,43.46,NULL,'2025-10-18 07:29:42','2025-10-18 07:29:42'),(195,195,'Viettel Post','TRACKBD959765',NULL,4,30.53,NULL,'2025-10-18 07:29:42','2025-10-18 07:29:42'),(196,196,'Viettel Post','TRACKMG172529',NULL,5,18.04,NULL,'2025-10-18 07:29:42','2025-10-18 07:29:42'),(197,197,'Viettel Post','TRACKMC356592',NULL,2,30.55,NULL,'2025-10-18 07:29:42','2025-10-18 07:29:42'),(198,198,'Giao Hàng Tiết Kiệm','TRACKGZ295184',NULL,3,40.96,NULL,'2025-10-18 07:29:42','2025-10-18 07:29:42'),(199,199,'Giao Hàng Nhanh','TRACKRL434184',NULL,2,49.29,NULL,'2025-10-18 07:29:42','2025-10-18 07:29:42'),(200,200,'Giao Hàng Nhanh','TRACKTV684427',NULL,2,8.70,NULL,'2025-10-18 07:29:42','2025-10-18 07:29:42'),(201,201,'Giao Hàng Tiết Kiệm','TRACKCA771965',NULL,2,49.15,NULL,'2025-10-18 07:29:42','2025-10-18 07:29:42'),(202,202,'Viettel Post','TRACKKW654718',NULL,4,29.63,NULL,'2025-10-18 07:29:42','2025-10-18 07:29:42'),(203,203,'Giao Hàng Nhanh','TRACKBJ764594',NULL,5,45.15,NULL,'2025-10-18 07:29:42','2025-10-18 07:29:42'),(204,204,'VNPost','TRACKRA150530',NULL,4,12.53,NULL,'2025-10-18 07:29:42','2025-10-18 07:29:42'),(205,205,'Giao Hàng Tiết Kiệm','TRACKVV678146',NULL,2,20.32,NULL,'2025-10-18 07:29:42','2025-10-18 07:29:42'),(206,206,'Viettel Post','TRACKFD043700',NULL,2,21.50,NULL,'2025-10-18 07:29:42','2025-10-18 07:29:42'),(207,207,'Giao Hàng Tiết Kiệm','TRACKIT762845',NULL,2,34.14,NULL,'2025-10-18 07:29:42','2025-10-18 07:29:42'),(208,208,'Viettel Post','TRACKGG545810',NULL,2,38.42,NULL,'2025-10-18 07:29:42','2025-10-18 07:29:42'),(209,209,'Giao Hàng Nhanh','TRACKKA327123',NULL,1,48.38,NULL,'2025-10-18 07:29:42','2025-10-18 07:29:42'),(210,210,'VNPost','TRACKLB685198',NULL,2,16.38,NULL,'2025-10-18 07:29:42','2025-10-18 07:29:42'),(211,211,'Viettel Post','TRACKBQ407116',NULL,4,48.80,NULL,'2025-10-18 07:29:42','2025-10-18 07:29:42'),(212,212,'Giao Hàng Tiết Kiệm','TRACKZQ641449',NULL,4,33.08,NULL,'2025-10-18 07:29:42','2025-10-18 07:29:42'),(213,213,'Viettel Post','TRACKIH397737',NULL,2,26.14,NULL,'2025-10-18 07:29:42','2025-10-18 07:29:42'),(214,214,'Viettel Post','TRACKHW291296',NULL,3,33.88,NULL,'2025-10-18 07:29:42','2025-10-18 07:29:42'),(215,215,'Viettel Post','TRACKPG178884',NULL,1,34.24,NULL,'2025-10-18 07:29:42','2025-10-18 07:29:42'),(216,216,'Viettel Post','TRACKYV971404',NULL,1,30.21,NULL,'2025-10-18 07:29:42','2025-10-18 07:29:42'),(217,217,'Giao Hàng Tiết Kiệm','TRACKHV885808',NULL,3,18.16,NULL,'2025-10-18 07:29:42','2025-10-18 07:29:42'),(218,218,'Giao Hàng Tiết Kiệm','TRACKTQ095196',NULL,5,25.83,NULL,'2025-10-18 07:29:42','2025-10-18 07:29:42'),(219,219,'VNPost','TRACKTA453033',NULL,1,11.25,NULL,'2025-10-18 07:29:42','2025-10-18 07:29:42'),(220,220,'Giao Hàng Nhanh','TRACKZN157890',NULL,3,49.91,NULL,'2025-10-18 07:29:42','2025-10-18 07:29:42'),(221,221,'Giao Hàng Tiết Kiệm','TRACKSD692911',NULL,2,44.99,NULL,'2025-10-18 07:29:42','2025-10-18 07:29:42'),(222,222,'Viettel Post','TRACKRQ212203',NULL,2,10.39,NULL,'2025-10-18 07:29:42','2025-10-18 07:29:42'),(223,223,'Giao Hàng Tiết Kiệm','TRACKWH584347',NULL,3,9.03,NULL,'2025-10-18 07:29:42','2025-10-18 07:29:42'),(224,224,'Viettel Post','TRACKFX313985',NULL,2,35.25,NULL,'2025-10-18 07:29:42','2025-10-18 07:29:42'),(225,225,'VNPost','TRACKZH033197',NULL,5,15.55,NULL,'2025-10-18 07:29:42','2025-10-18 07:29:42'),(226,226,'Giao Hàng Tiết Kiệm','TRACKSI919131',NULL,1,15.94,NULL,'2025-10-18 07:29:42','2025-10-18 07:29:42'),(227,227,'VNPost','TRACKYY902888',NULL,2,49.15,NULL,'2025-10-18 07:29:42','2025-10-18 07:29:42'),(228,228,'Viettel Post','TRACKKL746410',NULL,2,39.11,NULL,'2025-10-18 07:29:42','2025-10-18 07:29:42'),(229,229,'VNPost','TRACKPG192380',NULL,1,35.15,NULL,'2025-10-18 07:29:42','2025-10-18 07:29:42'),(230,230,'Giao Hàng Tiết Kiệm','TRACKUZ349208',NULL,4,10.81,NULL,'2025-10-18 07:29:42','2025-10-18 07:29:42'),(231,231,'Viettel Post','TRACKAN368050',NULL,5,30.99,NULL,'2025-10-18 07:29:42','2025-10-18 07:29:42'),(232,232,'VNPost','TRACKIR708545',NULL,5,7.82,NULL,'2025-10-18 07:29:42','2025-10-18 07:29:42'),(233,233,'VNPost','TRACKAK703392',NULL,2,18.64,NULL,'2025-10-18 07:29:42','2025-10-18 07:29:42'),(234,234,'VNPost','TRACKCT880551',NULL,2,34.91,NULL,'2025-10-18 07:29:42','2025-10-18 07:29:42'),(235,235,'VNPost','TRACKQF659922',NULL,3,32.22,NULL,'2025-10-18 07:29:42','2025-10-18 07:29:42'),(236,236,'Giao Hàng Nhanh','TRACKMO785089',NULL,4,27.16,NULL,'2025-10-18 07:29:42','2025-10-18 07:29:42'),(237,237,'VNPost','TRACKDX920256',NULL,5,47.82,NULL,'2025-10-18 07:29:42','2025-10-18 07:29:42'),(238,238,'Viettel Post','TRACKZZ774274',NULL,4,15.54,NULL,'2025-10-18 07:29:42','2025-10-18 07:29:42'),(239,239,'VNPost','TRACKSR575325',NULL,5,26.30,NULL,'2025-10-18 07:29:42','2025-10-18 07:29:42'),(240,240,'Giao Hàng Tiết Kiệm','TRACKFE739181',NULL,4,39.92,NULL,'2025-10-18 07:29:42','2025-10-18 07:29:42'),(241,241,'Giao Hàng Tiết Kiệm','TRACKPC682241',NULL,5,38.97,NULL,'2025-10-18 07:29:42','2025-10-18 07:29:42'),(242,242,'VNPost','TRACKCH285442',NULL,5,25.18,NULL,'2025-10-18 07:29:42','2025-10-18 07:29:42'),(243,243,'Giao Hàng Tiết Kiệm','TRACKWX332455',NULL,1,34.62,NULL,'2025-10-18 07:29:42','2025-10-18 07:29:42'),(244,244,'Viettel Post','TRACKSL966682',NULL,1,28.66,NULL,'2025-10-18 07:29:42','2025-10-18 07:29:42'),(245,245,'Giao Hàng Tiết Kiệm','TRACKEP584003',NULL,4,33.35,NULL,'2025-10-18 07:29:42','2025-10-18 07:29:42'),(246,246,'Giao Hàng Tiết Kiệm','TRACKWF324704',NULL,3,41.94,NULL,'2025-10-18 07:29:42','2025-10-18 07:29:42'),(247,247,'Viettel Post','TRACKKP094141',NULL,1,46.80,NULL,'2025-10-18 07:29:42','2025-10-18 07:29:42'),(248,248,'Giao Hàng Tiết Kiệm','TRACKVJ522286',NULL,3,49.61,NULL,'2025-10-18 07:29:42','2025-10-18 07:29:42'),(249,249,'Viettel Post','TRACKLB301652',NULL,5,13.90,NULL,'2025-10-18 07:29:42','2025-10-18 07:29:42'),(250,250,'Giao Hàng Tiết Kiệm','TRACKVD913057',NULL,5,11.68,NULL,'2025-10-18 07:29:42','2025-10-18 07:29:42'),(251,251,'Giao Hàng Nhanh','TRACKDW209801',NULL,1,9.63,NULL,'2025-10-18 07:29:42','2025-10-18 07:29:42'),(252,252,'VNPost','TRACKBG599208',NULL,5,41.56,NULL,'2025-10-18 07:29:42','2025-10-18 07:29:42'),(253,253,'VNPost','TRACKXT306288',NULL,1,24.65,NULL,'2025-10-18 07:29:42','2025-10-18 07:29:42'),(254,254,'Giao Hàng Nhanh','TRACKHJ490629',NULL,2,41.33,NULL,'2025-10-18 07:29:42','2025-10-18 07:29:42'),(255,255,'Viettel Post','TRACKTS539408',NULL,4,47.27,NULL,'2025-10-18 07:29:42','2025-10-18 07:29:42'),(256,256,'Viettel Post','TRACKOB322671',NULL,2,25.06,NULL,'2025-10-18 07:29:42','2025-10-18 07:29:42'),(257,257,'Giao Hàng Tiết Kiệm','TRACKXF807536',NULL,3,13.24,NULL,'2025-10-18 07:29:42','2025-10-18 07:29:42'),(258,258,'Giao Hàng Nhanh','TRACKBV010506',NULL,1,34.90,NULL,'2025-10-18 07:29:42','2025-10-18 07:29:42'),(259,259,'Viettel Post','TRACKNG880177',NULL,3,31.05,NULL,'2025-10-18 07:29:42','2025-10-18 07:29:42'),(260,260,'VNPost','TRACKHT820615',NULL,4,40.52,NULL,'2025-10-18 07:29:42','2025-10-18 07:29:42'),(261,261,'Viettel Post','TRACKFY359880',NULL,5,19.43,NULL,'2025-10-18 07:29:42','2025-10-18 07:29:42'),(262,262,'Giao Hàng Tiết Kiệm','TRACKBU150633',NULL,2,40.25,NULL,'2025-10-18 07:29:42','2025-10-18 07:29:42'),(263,263,'VNPost','TRACKAB397692',NULL,4,5.75,NULL,'2025-10-18 07:29:42','2025-10-18 07:29:42'),(264,264,'VNPost','TRACKCG832592',NULL,1,13.78,NULL,'2025-10-18 07:29:42','2025-10-18 07:29:42'),(265,265,'Giao Hàng Tiết Kiệm','TRACKHF192724',NULL,4,21.61,NULL,'2025-10-18 07:29:42','2025-10-18 07:29:42'),(266,266,'Giao Hàng Tiết Kiệm','TRACKON798726',NULL,5,45.17,NULL,'2025-10-18 07:29:42','2025-10-18 07:29:42'),(267,267,'Giao Hàng Tiết Kiệm','TRACKIB625982',NULL,5,21.87,NULL,'2025-10-18 07:29:42','2025-10-18 07:29:42'),(268,268,'VNPost','TRACKUR095444',NULL,2,40.29,NULL,'2025-10-18 07:29:42','2025-10-18 07:29:42'),(269,269,'Giao Hàng Nhanh','TRACKNJ197408',NULL,4,21.72,NULL,'2025-10-18 07:29:42','2025-10-18 07:29:42'),(270,270,'Giao Hàng Tiết Kiệm','TRACKBP739836',NULL,5,30.27,NULL,'2025-10-18 07:29:42','2025-10-18 07:29:42'),(271,271,'Giao Hàng Tiết Kiệm','TRACKJT374094',NULL,2,37.26,NULL,'2025-10-18 07:29:42','2025-10-18 07:29:42'),(272,272,'Giao Hàng Tiết Kiệm','TRACKEI053090',NULL,1,33.74,NULL,'2025-10-18 07:29:42','2025-10-18 07:29:42'),(273,273,'Giao Hàng Tiết Kiệm','TRACKXQ192017',NULL,1,49.11,NULL,'2025-10-18 07:29:42','2025-10-18 07:29:42'),(274,274,'Giao Hàng Nhanh','TRACKGK278766',NULL,2,32.34,NULL,'2025-10-18 07:29:42','2025-10-18 07:29:42'),(275,275,'Giao Hàng Nhanh','TRACKAK096874',NULL,1,48.34,NULL,'2025-10-18 07:29:42','2025-10-18 07:29:42'),(276,276,'VNPost','TRACKMF178071',NULL,5,34.79,NULL,'2025-10-18 07:29:42','2025-10-18 07:29:42'),(277,277,'Viettel Post','TRACKWI134047',NULL,4,22.64,NULL,'2025-10-18 07:29:42','2025-10-18 07:29:42'),(278,278,'Giao Hàng Tiết Kiệm','TRACKZM834197',NULL,5,44.34,NULL,'2025-10-18 07:29:42','2025-10-18 07:29:42'),(279,279,'Viettel Post','TRACKGM517612',NULL,2,19.27,NULL,'2025-10-18 07:29:42','2025-10-18 07:29:42'),(280,280,'Giao Hàng Tiết Kiệm','TRACKKK484945',NULL,5,18.31,NULL,'2025-10-18 07:29:42','2025-10-18 07:29:42'),(281,281,'VNPost','TRACKDK368711',NULL,1,16.10,NULL,'2025-10-18 07:29:42','2025-10-18 07:29:42'),(282,282,'Giao Hàng Nhanh','TRACKWA954218',NULL,5,43.78,NULL,'2025-10-18 07:29:42','2025-10-18 07:29:42'),(283,283,'Giao Hàng Nhanh','TRACKNV077368',NULL,4,49.80,NULL,'2025-10-18 07:29:42','2025-10-18 07:29:42'),(284,284,'Viettel Post','TRACKCH287350',NULL,3,20.37,NULL,'2025-10-18 07:29:42','2025-10-18 07:29:42'),(285,285,'VNPost','TRACKFV028562',NULL,4,18.12,NULL,'2025-10-18 07:29:42','2025-10-18 07:29:42'),(286,286,'VNPost','TRACKQV054068',NULL,2,7.36,NULL,'2025-10-18 07:29:42','2025-10-18 07:29:42'),(287,287,'Giao Hàng Nhanh','TRACKDV083187',NULL,5,8.35,NULL,'2025-10-18 07:29:42','2025-10-18 07:29:42'),(288,288,'Giao Hàng Nhanh','TRACKWY123720',NULL,3,24.23,NULL,'2025-10-18 07:29:42','2025-10-18 07:29:42'),(289,289,'Viettel Post','TRACKWH760173',NULL,1,46.85,NULL,'2025-10-18 07:29:42','2025-10-18 07:29:42'),(290,290,'Giao Hàng Tiết Kiệm','TRACKAU522376',NULL,1,35.03,NULL,'2025-10-18 07:29:42','2025-10-18 07:29:42'),(291,291,'Giao Hàng Tiết Kiệm','TRACKOH237877',NULL,2,23.01,NULL,'2025-10-18 07:29:42','2025-10-18 07:29:42'),(292,292,'Viettel Post','TRACKDK257782',NULL,2,49.96,NULL,'2025-10-18 07:29:42','2025-10-18 07:29:42'),(293,293,'VNPost','TRACKND138388',NULL,3,23.65,NULL,'2025-10-18 07:29:42','2025-10-18 07:29:42'),(294,294,'Giao Hàng Nhanh','TRACKAC187232',NULL,1,12.60,NULL,'2025-10-18 07:29:42','2025-10-18 07:29:42'),(295,295,'Giao Hàng Tiết Kiệm','TRACKKZ717822',NULL,2,10.39,NULL,'2025-10-18 07:29:42','2025-10-18 07:29:42'),(296,296,'VNPost','TRACKAR340002',NULL,5,39.28,NULL,'2025-10-18 07:29:42','2025-10-18 07:29:42');
/*!40000 ALTER TABLE `shipping_details` ENABLE KEYS */;
UNLOCK TABLES;

--
-- Table structure for table `shops`
--

DROP TABLE IF EXISTS `shops`;
/*!40101 SET @saved_cs_client     = @@character_set_client */;
/*!50503 SET character_set_client = utf8mb4 */;
CREATE TABLE `shops` (
  `id` bigint(20) unsigned NOT NULL AUTO_INCREMENT,
  `owner_id` bigint(20) unsigned NOT NULL,
  `name` varchar(255) NOT NULL,
  `slug` varchar(255) NOT NULL,
  `description` text DEFAULT NULL,
  `logo` varchar(500) DEFAULT NULL,
  `banner` varchar(500) DEFAULT NULL,
  `phone` varchar(20) DEFAULT NULL,
  `email` varchar(150) DEFAULT NULL,
  `website` varchar(300) DEFAULT NULL,
  `business_type` varchar(100) DEFAULT NULL,
  `tax_id` varchar(50) DEFAULT NULL,
  `business_license` varchar(100) DEFAULT NULL,
  `address` text DEFAULT NULL,
  `city` varchar(100) DEFAULT NULL,
  `state` varchar(100) DEFAULT NULL,
  `postal_code` varchar(20) DEFAULT NULL,
  `country` varchar(100) DEFAULT NULL,
  `status` enum('pending','active','suspended','inactive') NOT NULL DEFAULT 'pending',
  `is_verified` tinyint(1) NOT NULL DEFAULT 0,
  `commission_rate` decimal(5,2) NOT NULL DEFAULT 10.00,
  `shipping_policies` longtext CHARACTER SET utf8mb4 COLLATE utf8mb4_bin DEFAULT NULL CHECK (json_valid(`shipping_policies`)),
  `return_policy` longtext CHARACTER SET utf8mb4 COLLATE utf8mb4_bin DEFAULT NULL CHECK (json_valid(`return_policy`)),
  `social_media` longtext CHARACTER SET utf8mb4 COLLATE utf8mb4_bin DEFAULT NULL CHECK (json_valid(`social_media`)),
  `rating` decimal(3,2) NOT NULL DEFAULT 0.00,
  `total_reviews` int(10) unsigned NOT NULL DEFAULT 0,
  `total_sales` int(10) unsigned NOT NULL DEFAULT 0,
  `total_revenue` decimal(15,2) NOT NULL DEFAULT 0.00,
  `meta_title` varchar(200) DEFAULT NULL,
  `meta_description` text DEFAULT NULL,
  `keywords` longtext CHARACTER SET utf8mb4 COLLATE utf8mb4_bin DEFAULT NULL CHECK (json_valid(`keywords`)),
  `verified_at` timestamp NULL DEFAULT NULL,
  `last_active_at` timestamp NULL DEFAULT NULL,
  `created_at` timestamp NULL DEFAULT NULL,
  `updated_at` timestamp NULL DEFAULT NULL,
  PRIMARY KEY (`id`),
  UNIQUE KEY `shops_slug_unique` (`slug`),
  KEY `shops_status_is_verified_index` (`status`,`is_verified`),
  KEY `shops_owner_id_status_index` (`owner_id`,`status`),
  KEY `shops_rating_index` (`rating`),
  KEY `shops_city_state_country_index` (`city`,`state`,`country`),
  CONSTRAINT `shops_owner_id_foreign` FOREIGN KEY (`owner_id`) REFERENCES `users` (`id`) ON DELETE CASCADE
) ENGINE=InnoDB DEFAULT CHARSET=utf8mb4 COLLATE=utf8mb4_unicode_ci;
/*!40101 SET character_set_client = @saved_cs_client */;

--
-- Dumping data for table `shops`
--

LOCK TABLES `shops` WRITE;
/*!40000 ALTER TABLE `shops` DISABLE KEYS */;
/*!40000 ALTER TABLE `shops` ENABLE KEYS */;
UNLOCK TABLES;

--
-- Table structure for table `transactions`
--

DROP TABLE IF EXISTS `transactions`;
/*!40101 SET @saved_cs_client     = @@character_set_client */;
/*!50503 SET character_set_client = utf8mb4 */;
CREATE TABLE `transactions` (
  `id` bigint(20) unsigned NOT NULL AUTO_INCREMENT,
  `order_id` bigint(20) unsigned NOT NULL,
  `type` enum('payment','refund') NOT NULL,
  `amount` decimal(18,2) NOT NULL,
  `currency` varchar(3) NOT NULL,
  `gateway` varchar(255) NOT NULL,
  `gateway_transaction_id` varchar(255) DEFAULT NULL,
  `status` varchar(255) NOT NULL DEFAULT 'completed',
  `created_at` timestamp NULL DEFAULT NULL,
  `updated_at` timestamp NULL DEFAULT NULL,
  PRIMARY KEY (`id`),
  KEY `transactions_order_id_foreign` (`order_id`),
  CONSTRAINT `transactions_order_id_foreign` FOREIGN KEY (`order_id`) REFERENCES `orders` (`order_id`)
) ENGINE=InnoDB DEFAULT CHARSET=utf8mb4 COLLATE=utf8mb4_unicode_ci;
/*!40101 SET character_set_client = @saved_cs_client */;

--
-- Dumping data for table `transactions`
--

LOCK TABLES `transactions` WRITE;
/*!40000 ALTER TABLE `transactions` DISABLE KEYS */;
/*!40000 ALTER TABLE `transactions` ENABLE KEYS */;
UNLOCK TABLES;

--
-- Table structure for table `user_addresses`
--

DROP TABLE IF EXISTS `user_addresses`;
/*!40101 SET @saved_cs_client     = @@character_set_client */;
/*!50503 SET character_set_client = utf8mb4 */;
CREATE TABLE `user_addresses` (
  `id` bigint(20) unsigned NOT NULL AUTO_INCREMENT,
  `user_id` bigint(20) unsigned NOT NULL,
  `full_name` varchar(255) NOT NULL,
  `phone_number` varchar(20) NOT NULL,
  `street_address` varchar(255) NOT NULL,
  `is_default` tinyint(1) NOT NULL DEFAULT 0,
  `created_at` timestamp NULL DEFAULT NULL,
  `updated_at` timestamp NULL DEFAULT NULL,
  `deleted_at` timestamp NULL DEFAULT NULL,
  `country_id` bigint(20) unsigned DEFAULT NULL,
  `province_id` bigint(20) unsigned DEFAULT NULL,
  `district_id` bigint(20) unsigned DEFAULT NULL,
  `ward_id` bigint(20) unsigned DEFAULT NULL,
  `latitude` decimal(10,8) DEFAULT NULL,
  `longitude` decimal(11,8) DEFAULT NULL,
  PRIMARY KEY (`id`),
  KEY `user_addresses_user_id_foreign` (`user_id`),
  KEY `user_addresses_country_id_foreign` (`country_id`),
  KEY `user_addresses_province_id_foreign` (`province_id`),
  KEY `user_addresses_district_id_foreign` (`district_id`),
  KEY `user_addresses_ward_id_foreign` (`ward_id`),
  CONSTRAINT `user_addresses_country_id_foreign` FOREIGN KEY (`country_id`) REFERENCES `countries` (`id`),
  CONSTRAINT `user_addresses_district_id_foreign` FOREIGN KEY (`district_id`) REFERENCES `administrative_divisions` (`id`),
  CONSTRAINT `user_addresses_province_id_foreign` FOREIGN KEY (`province_id`) REFERENCES `administrative_divisions` (`id`),
  CONSTRAINT `user_addresses_user_id_foreign` FOREIGN KEY (`user_id`) REFERENCES `users` (`id`) ON DELETE CASCADE,
  CONSTRAINT `user_addresses_ward_id_foreign` FOREIGN KEY (`ward_id`) REFERENCES `administrative_divisions` (`id`)
) ENGINE=InnoDB AUTO_INCREMENT=101 DEFAULT CHARSET=utf8mb4 COLLATE=utf8mb4_unicode_ci;
/*!40101 SET character_set_client = @saved_cs_client */;

--
-- Dumping data for table `user_addresses`
--

LOCK TABLES `user_addresses` WRITE;
/*!40000 ALTER TABLE `user_addresses` DISABLE KEYS */;
INSERT INTO `user_addresses` VALUES (1,22,'Cung Nương','+84-047138466','221 Nguyễn Văn Cừ',0,'2025-10-18 07:29:40','2025-10-18 07:29:40',NULL,NULL,NULL,NULL,NULL,10.79646000,106.53746900),(2,23,'Cụ. Đái San','+84-494745971','500 Điện Biên Phủ',0,'2025-10-18 07:29:40','2025-10-18 07:29:40',NULL,NULL,NULL,NULL,NULL,10.67534200,106.96910400),(3,24,'Khuất Hạo Nhiên','+84-526565927','50 Lý Thường Kiệt',0,'2025-10-18 07:29:40','2025-10-18 07:29:40',NULL,NULL,NULL,NULL,NULL,10.82313200,106.51652500),(4,25,'Cụ. Trang Thúy Thoa','+84-090591278','300 Lê Lợi',1,'2025-10-18 07:29:40','2025-10-18 07:29:40',NULL,NULL,NULL,NULL,NULL,10.79093800,106.89305100),(5,26,'Hồ Đăng','+84-156618986','500 Điện Biên Phủ',0,'2025-10-18 07:29:40','2025-10-18 07:29:40',NULL,NULL,NULL,NULL,NULL,10.87436600,106.88221800),(6,27,'Em. Tăng Bá Công','+84-899778962','400 Trần Phú',1,'2025-10-18 07:29:40','2025-10-18 07:29:40',NULL,NULL,NULL,NULL,NULL,10.80115400,106.70382000),(7,28,'Tông Dũng Toại','+84-510187550','300 Lê Lợi',0,'2025-10-18 07:29:40','2025-10-18 07:29:40',NULL,NULL,NULL,NULL,NULL,10.95988500,106.62487500),(8,29,'Khổng Đức Lực','+84-182320946','150 Nguyễn Trãi',1,'2025-10-18 07:29:40','2025-10-18 07:29:40',NULL,NULL,NULL,NULL,NULL,10.91986500,106.95461100),(9,30,'Trà Ly','+84-590806317','124 Cách Mạng Tháng 8',0,'2025-10-18 07:29:40','2025-10-18 07:29:40',NULL,NULL,NULL,NULL,NULL,10.66011200,106.81485300),(10,31,'Chị. Diệp Xuân Lý','+84-999381606','400 Trần Phú',1,'2025-10-18 07:29:40','2025-10-18 07:29:40',NULL,NULL,NULL,NULL,NULL,10.75920800,106.69635800),(11,32,'Cô. Hồng Huyền Loan','+84-320761053','300 Lê Lợi',1,'2025-10-18 07:29:40','2025-10-18 07:29:40',NULL,NULL,NULL,NULL,NULL,10.67036100,106.76283800),(12,33,'Chú. Trương Bảo Cương','+84-480001164','150 Nguyễn Trãi',0,'2025-10-18 07:29:40','2025-10-18 07:29:40',NULL,NULL,NULL,NULL,NULL,10.67901600,106.55466800),(13,34,'Khúc Thủy Khanh','+84-893394957','200 Phan Đình Phùng',0,'2025-10-18 07:29:40','2025-10-18 07:29:40',NULL,NULL,NULL,NULL,NULL,10.87982400,106.65886800),(14,35,'Phạm Vi','+84-813740300','75 Hai Bà Trưng',0,'2025-10-18 07:29:40','2025-10-18 07:29:40',NULL,NULL,NULL,NULL,NULL,10.66812400,106.54425600),(15,36,'Bá Phương','+84-242145408','50 Lý Thường Kiệt',0,'2025-10-18 07:29:40','2025-10-18 07:29:40',NULL,NULL,NULL,NULL,NULL,10.63155300,106.81120000),(16,37,'Cô. Trình Nguyết Lý','+84-093669536','221 Nguyễn Văn Cừ',1,'2025-10-18 07:29:40','2025-10-18 07:29:40',NULL,NULL,NULL,NULL,NULL,10.92661600,106.51289500),(17,38,'Sử Thuận','+84-272817580','10 Trần Hưng Đạo',1,'2025-10-18 07:29:40','2025-10-18 07:29:40',NULL,NULL,NULL,NULL,NULL,10.96568900,106.85568800),(18,39,'Khổng Song Du','+84-067442554','150 Nguyễn Trãi',1,'2025-10-18 07:29:40','2025-10-18 07:29:40',NULL,NULL,NULL,NULL,NULL,10.90239600,106.77098500),(19,40,'Cụ. Ma Độ','+84-838439762','10 Trần Hưng Đạo',0,'2025-10-18 07:29:40','2025-10-18 07:29:40',NULL,NULL,NULL,NULL,NULL,10.80833300,106.58786600),(20,41,'Mạc Phong Khang','+84-915025988','75 Hai Bà Trưng',1,'2025-10-18 07:29:40','2025-10-18 07:29:40',NULL,NULL,NULL,NULL,NULL,10.69797100,106.72271900),(21,42,'Cụ. Đường Thảo','+84-216819281','221 Nguyễn Văn Cừ',0,'2025-10-18 07:29:40','2025-10-18 07:29:40',NULL,NULL,NULL,NULL,NULL,10.86261900,106.89137600),(22,43,'Bác. Thi Dụng','+84-516285526','10 Trần Hưng Đạo',1,'2025-10-18 07:29:40','2025-10-18 07:29:40',NULL,NULL,NULL,NULL,NULL,10.77499100,106.93654000),(23,44,'Cụ. Vừ Duy Lâm','+84-521519409','50 Lý Thường Kiệt',0,'2025-10-18 07:29:40','2025-10-18 07:29:40',NULL,NULL,NULL,NULL,NULL,10.90263100,106.67467100),(24,45,'Cô. Mang Ái','+84-071706991','221 Nguyễn Văn Cừ',1,'2025-10-18 07:29:40','2025-10-18 07:29:40',NULL,NULL,NULL,NULL,NULL,10.93942800,106.59470100),(25,46,'Em. Hy Cương','+84-613756276','10 Trần Hưng Đạo',1,'2025-10-18 07:29:40','2025-10-18 07:29:40',NULL,NULL,NULL,NULL,NULL,10.57462800,106.74810300),(26,47,'Ông. Ung Hiệp','+84-726485516','124 Cách Mạng Tháng 8',1,'2025-10-18 07:29:40','2025-10-18 07:29:40',NULL,NULL,NULL,NULL,NULL,10.79734300,106.59216800),(27,48,'Cụ. Đái Phi Toàn','+84-358707137','200 Phan Đình Phùng',1,'2025-10-18 07:29:41','2025-10-18 07:29:41',NULL,NULL,NULL,NULL,NULL,10.72302800,106.73131000),(28,49,'Liễu Hạnh','+84-683069074','75 Hai Bà Trưng',1,'2025-10-18 07:29:41','2025-10-18 07:29:41',NULL,NULL,NULL,NULL,NULL,10.60731200,106.69263000),(29,50,'Sơn Diệu','+84-216250551','221 Nguyễn Văn Cừ',1,'2025-10-18 07:29:41','2025-10-18 07:29:41',NULL,NULL,NULL,NULL,NULL,10.50047600,106.92214100),(30,51,'Em. Dư Đăng','+84-267358092','150 Nguyễn Trãi',1,'2025-10-18 07:29:41','2025-10-18 07:29:41',NULL,NULL,NULL,NULL,NULL,10.97923800,106.67507200),(31,52,'Ca Đài','+84-208787609','50 Lý Thường Kiệt',0,'2025-10-18 07:29:41','2025-10-18 07:29:41',NULL,NULL,NULL,NULL,NULL,10.66942400,106.63609000),(32,53,'Bà. Ty Ý Thiên','+84-638723708','400 Trần Phú',0,'2025-10-18 07:29:41','2025-10-18 07:29:41',NULL,NULL,NULL,NULL,NULL,10.88167000,106.72267500),(33,54,'Bà. Quản Quyên','+84-311095997','200 Phan Đình Phùng',1,'2025-10-18 07:29:41','2025-10-18 07:29:41',NULL,NULL,NULL,NULL,NULL,10.63882700,106.85059700),(34,55,'Cụ. Hạ Nhật Băng','+84-887682004','221 Nguyễn Văn Cừ',0,'2025-10-18 07:29:41','2025-10-18 07:29:41',NULL,NULL,NULL,NULL,NULL,10.52599900,106.87727600),(35,56,'Ân Tâm Loan','+84-522702773','400 Trần Phú',0,'2025-10-18 07:29:41','2025-10-18 07:29:41',NULL,NULL,NULL,NULL,NULL,10.88193600,106.62305900),(36,57,'Anh. Diêm Châu','+84-797812209','221 Nguyễn Văn Cừ',0,'2025-10-18 07:29:41','2025-10-18 07:29:41',NULL,NULL,NULL,NULL,NULL,10.92608800,106.65980300),(37,58,'Lạc Đăng Chiến','+84-175791854','75 Hai Bà Trưng',1,'2025-10-18 07:29:41','2025-10-18 07:29:41',NULL,NULL,NULL,NULL,NULL,10.84248700,106.57669800),(38,59,'Giáp Thiện Thêu','+84-786777573','400 Trần Phú',0,'2025-10-18 07:29:41','2025-10-18 07:29:41',NULL,NULL,NULL,NULL,NULL,10.60305900,106.84517300),(39,60,'Khuất Ẩn','+84-577547883','150 Nguyễn Trãi',1,'2025-10-18 07:29:41','2025-10-18 07:29:41',NULL,NULL,NULL,NULL,NULL,10.61134800,106.82896600),(40,61,'Trịnh Lễ','+84-830466350','200 Phan Đình Phùng',0,'2025-10-18 07:29:41','2025-10-18 07:29:41',NULL,NULL,NULL,NULL,NULL,10.88107000,106.80177800),(41,62,'Đường Hồng Nguyệt','+84-837388008','500 Điện Biên Phủ',1,'2025-10-18 07:29:41','2025-10-18 07:29:41',NULL,NULL,NULL,NULL,NULL,10.84787700,106.66642000),(42,63,'Em. Lục Diệp','+84-190208377','300 Lê Lợi',0,'2025-10-18 07:29:41','2025-10-18 07:29:41',NULL,NULL,NULL,NULL,NULL,10.57482600,106.67269300),(43,64,'Ân Linh','+84-685074969','400 Trần Phú',1,'2025-10-18 07:29:41','2025-10-18 07:29:41',NULL,NULL,NULL,NULL,NULL,10.68598400,106.51642600),(44,65,'Cô. Biện Ngọc Lâm','+84-371300889','75 Hai Bà Trưng',0,'2025-10-18 07:29:41','2025-10-18 07:29:41',NULL,NULL,NULL,NULL,NULL,10.71452200,106.60469900),(45,66,'Em. Quách Chế Bảo','+84-882507425','75 Hai Bà Trưng',0,'2025-10-18 07:29:41','2025-10-18 07:29:41',NULL,NULL,NULL,NULL,NULL,10.56084800,106.58319600),(46,67,'Cô. Trưng Hân','+84-948348292','500 Điện Biên Phủ',1,'2025-10-18 07:29:41','2025-10-18 07:29:41',NULL,NULL,NULL,NULL,NULL,10.63881100,106.87450200),(47,68,'Hoàng Bích Thanh','+84-424477286','124 Cách Mạng Tháng 8',1,'2025-10-18 07:29:41','2025-10-18 07:29:41',NULL,NULL,NULL,NULL,NULL,10.61141600,106.84618400),(48,69,'Lý Tuệ','+84-221087683','10 Trần Hưng Đạo',1,'2025-10-18 07:29:41','2025-10-18 07:29:41',NULL,NULL,NULL,NULL,NULL,10.54162100,106.61369200),(49,70,'Đàm Giác','+84-879480987','75 Hai Bà Trưng',0,'2025-10-18 07:29:41','2025-10-18 07:29:41',NULL,NULL,NULL,NULL,NULL,10.76121300,106.72980900),(50,71,'Xa Lạc Sử','+84-619879921','10 Trần Hưng Đạo',1,'2025-10-18 07:29:41','2025-10-18 07:29:41',NULL,NULL,NULL,NULL,NULL,10.65862800,106.65879400),(51,72,'Diêm Xuân Khai','+84-915712669','400 Trần Phú',0,'2025-10-18 07:29:41','2025-10-18 07:29:41',NULL,NULL,NULL,NULL,NULL,10.92389000,106.82000500),(52,73,'Đái Khải Học','+84-228953272','500 Điện Biên Phủ',1,'2025-10-18 07:29:41','2025-10-18 07:29:41',NULL,NULL,NULL,NULL,NULL,10.82741500,106.52374100),(53,74,'Cô. Cự Chiêu Ân','+84-030204771','200 Phan Đình Phùng',0,'2025-10-18 07:29:41','2025-10-18 07:29:41',NULL,NULL,NULL,NULL,NULL,10.89527800,106.80377300),(54,75,'Lưu Ngân','+84-296445738','124 Cách Mạng Tháng 8',1,'2025-10-18 07:29:41','2025-10-18 07:29:41',NULL,NULL,NULL,NULL,NULL,10.72820300,106.56942700),(55,76,'Chị. Quách Ban Nghi','+84-928921334','400 Trần Phú',1,'2025-10-18 07:29:41','2025-10-18 07:29:41',NULL,NULL,NULL,NULL,NULL,10.54393800,106.87067200),(56,77,'Chị. Mạch Họa Trang','+84-452727097','50 Lý Thường Kiệt',1,'2025-10-18 07:29:41','2025-10-18 07:29:41',NULL,NULL,NULL,NULL,NULL,10.94506800,106.93532800),(57,78,'Mâu Sỹ Chấn','+84-363206573','500 Điện Biên Phủ',1,'2025-10-18 07:29:41','2025-10-18 07:29:41',NULL,NULL,NULL,NULL,NULL,10.73449700,106.89431300),(58,79,'Bà. Hà Diễm','+84-468613396','124 Cách Mạng Tháng 8',1,'2025-10-18 07:29:41','2025-10-18 07:29:41',NULL,NULL,NULL,NULL,NULL,10.99878000,106.87180600),(59,80,'Ông. Tiêu Linh','+84-937540507','200 Phan Đình Phùng',1,'2025-10-18 07:29:41','2025-10-18 07:29:41',NULL,NULL,NULL,NULL,NULL,10.62111900,106.81612400),(60,81,'Cô. Lữ Chinh','+84-942029576','150 Nguyễn Trãi',1,'2025-10-18 07:29:41','2025-10-18 07:29:41',NULL,NULL,NULL,NULL,NULL,10.72258400,106.59540400),(61,82,'Kha Trà','+84-454769415','75 Hai Bà Trưng',1,'2025-10-18 07:29:41','2025-10-18 07:29:41',NULL,NULL,NULL,NULL,NULL,10.85781100,106.77508800),(62,83,'Anh. Lê Chính','+84-939538773','10 Trần Hưng Đạo',0,'2025-10-18 07:29:41','2025-10-18 07:29:41',NULL,NULL,NULL,NULL,NULL,10.73235400,106.82782000),(63,84,'Khu Khương Hậu','+84-936493754','75 Hai Bà Trưng',0,'2025-10-18 07:29:41','2025-10-18 07:29:41',NULL,NULL,NULL,NULL,NULL,10.88153200,106.79749900),(64,85,'Bác. Ân Lan','+84-181764960','221 Nguyễn Văn Cừ',0,'2025-10-18 07:29:41','2025-10-18 07:29:41',NULL,NULL,NULL,NULL,NULL,10.94393900,106.67454200),(65,86,'Thân Huỳnh Thủy','+84-107349325','150 Nguyễn Trãi',1,'2025-10-18 07:29:41','2025-10-18 07:29:41',NULL,NULL,NULL,NULL,NULL,10.69859200,106.96015400),(66,87,'Đỗ Nghĩa Diệp','+84-626562929','50 Lý Thường Kiệt',0,'2025-10-18 07:29:41','2025-10-18 07:29:41',NULL,NULL,NULL,NULL,NULL,10.91271700,106.67871700),(67,88,'Trần Tấn','+84-263318624','10 Trần Hưng Đạo',1,'2025-10-18 07:29:41','2025-10-18 07:29:41',NULL,NULL,NULL,NULL,NULL,10.72390300,106.56458600),(68,89,'Em. Vi Chế Hòa','+84-383514995','10 Trần Hưng Đạo',1,'2025-10-18 07:29:41','2025-10-18 07:29:41',NULL,NULL,NULL,NULL,NULL,10.56189500,106.84594500),(69,90,'Anh. Giả Minh','+84-336783237','150 Nguyễn Trãi',0,'2025-10-18 07:29:41','2025-10-18 07:29:41',NULL,NULL,NULL,NULL,NULL,10.65544600,106.51893100),(70,91,'Nghị Bửu Anh','+84-270817468','200 Phan Đình Phùng',1,'2025-10-18 07:29:41','2025-10-18 07:29:41',NULL,NULL,NULL,NULL,NULL,10.94566900,106.56130100),(71,92,'Cô. Phan Hằng Chi','+84-819380583','10 Trần Hưng Đạo',1,'2025-10-18 07:29:41','2025-10-18 07:29:41',NULL,NULL,NULL,NULL,NULL,10.53994600,106.59314400),(72,93,'Chú. Hồ Lâm','+84-835411178','10 Trần Hưng Đạo',1,'2025-10-18 07:29:41','2025-10-18 07:29:41',NULL,NULL,NULL,NULL,NULL,10.70102500,106.84306900),(73,94,'Vương Cam Yến','+84-027853664','124 Cách Mạng Tháng 8',0,'2025-10-18 07:29:41','2025-10-18 07:29:41',NULL,NULL,NULL,NULL,NULL,10.57956100,106.59417900),(74,95,'Tiếp Hoàn','+84-231745757','50 Lý Thường Kiệt',1,'2025-10-18 07:29:41','2025-10-18 07:29:41',NULL,NULL,NULL,NULL,NULL,10.87199300,106.80950600),(75,96,'Em. Vi Chiến Ẩn','+84-885041317','124 Cách Mạng Tháng 8',1,'2025-10-18 07:29:41','2025-10-18 07:29:41',NULL,NULL,NULL,NULL,NULL,10.67388400,106.55101700),(76,97,'Mẫn Yến','+84-351816218','400 Trần Phú',1,'2025-10-18 07:29:41','2025-10-18 07:29:41',NULL,NULL,NULL,NULL,NULL,10.94652700,106.56625000),(77,98,'Bì Huấn','+84-541193149','10 Trần Hưng Đạo',0,'2025-10-18 07:29:41','2025-10-18 07:29:41',NULL,NULL,NULL,NULL,NULL,10.79439700,106.75235600),(78,99,'Trà Lan','+84-403959422','75 Hai Bà Trưng',0,'2025-10-18 07:29:41','2025-10-18 07:29:41',NULL,NULL,NULL,NULL,NULL,10.95666900,106.53889600),(79,100,'Trác Bửu','+84-466074832','221 Nguyễn Văn Cừ',1,'2025-10-18 07:29:41','2025-10-18 07:29:41',NULL,NULL,NULL,NULL,NULL,10.94764900,106.62941500),(80,101,'Bác. Bành Chấn Sĩ','+84-980652254','300 Lê Lợi',0,'2025-10-18 07:29:41','2025-10-18 07:29:41',NULL,NULL,NULL,NULL,NULL,10.78670400,106.97672000),(81,102,'Thào Oanh Ca','+84-367262846','10 Trần Hưng Đạo',1,'2025-10-18 07:29:42','2025-10-18 07:29:42',NULL,NULL,NULL,NULL,NULL,10.90539800,106.58781500),(82,103,'Chú. Chử Định Ân','+84-924262896','75 Hai Bà Trưng',0,'2025-10-18 07:29:42','2025-10-18 07:29:42',NULL,NULL,NULL,NULL,NULL,10.82244000,106.80739000),(83,104,'Cung Ân Hiên','+84-227751812','300 Lê Lợi',0,'2025-10-18 07:29:42','2025-10-18 07:29:42',NULL,NULL,NULL,NULL,NULL,10.69316600,106.96307300),(84,105,'Vương Huynh','+84-749500590','50 Lý Thường Kiệt',1,'2025-10-18 07:29:42','2025-10-18 07:29:42',NULL,NULL,NULL,NULL,NULL,10.83059300,106.53382600),(85,106,'Em. Hàng Cường Đức','+84-796760058','200 Phan Đình Phùng',0,'2025-10-18 07:29:42','2025-10-18 07:29:42',NULL,NULL,NULL,NULL,NULL,10.59019700,106.59295900),(86,107,'Lò Nhân Đoàn','+84-722561655','10 Trần Hưng Đạo',0,'2025-10-18 07:29:42','2025-10-18 07:29:42',NULL,NULL,NULL,NULL,NULL,10.91428300,106.53280700),(87,108,'Quách Hoài Nữ','+84-108519082','300 Lê Lợi',1,'2025-10-18 07:29:42','2025-10-18 07:29:42',NULL,NULL,NULL,NULL,NULL,10.64510500,106.90559300),(88,109,'Mai Kiều','+84-408690664','221 Nguyễn Văn Cừ',0,'2025-10-18 07:29:42','2025-10-18 07:29:42',NULL,NULL,NULL,NULL,NULL,10.79200700,106.94008700),(89,110,'Thiều Tuyền','+84-609279686','500 Điện Biên Phủ',0,'2025-10-18 07:29:42','2025-10-18 07:29:42',NULL,NULL,NULL,NULL,NULL,10.90949700,106.60167800),(90,111,'Em. Vũ Hoàng','+84-766414595','75 Hai Bà Trưng',0,'2025-10-18 07:29:42','2025-10-18 07:29:42',NULL,NULL,NULL,NULL,NULL,10.85220500,106.69745500),(91,112,'Giáp Sĩ','+84-878132200','75 Hai Bà Trưng',1,'2025-10-18 07:29:42','2025-10-18 07:29:42',NULL,NULL,NULL,NULL,NULL,10.75207500,106.58022600),(92,113,'Cụ. Hùng Nghiêm','+84-195566367','75 Hai Bà Trưng',0,'2025-10-18 07:29:42','2025-10-18 07:29:42',NULL,NULL,NULL,NULL,NULL,10.93666100,106.94983400),(93,114,'Anh. Khu Trưởng','+84-974120477','221 Nguyễn Văn Cừ',1,'2025-10-18 07:29:42','2025-10-18 07:29:42',NULL,NULL,NULL,NULL,NULL,10.68843100,106.66819600),(94,115,'Nguyễn Di','+84-822670240','10 Trần Hưng Đạo',1,'2025-10-18 07:29:42','2025-10-18 07:29:42',NULL,NULL,NULL,NULL,NULL,10.65692300,106.65010400),(95,116,'Ngân Huân Pháp','+84-322285359','221 Nguyễn Văn Cừ',0,'2025-10-18 07:29:42','2025-10-18 07:29:42',NULL,NULL,NULL,NULL,NULL,10.59459300,106.61623700),(96,117,'Chú. Mâu Nhân','+84-698447175','10 Trần Hưng Đạo',1,'2025-10-18 07:29:42','2025-10-18 07:29:42',NULL,NULL,NULL,NULL,NULL,10.73596600,106.95979800),(97,118,'Anh. Cái Phúc Sử','+84-838753834','221 Nguyễn Văn Cừ',1,'2025-10-18 07:29:42','2025-10-18 07:29:42',NULL,NULL,NULL,NULL,NULL,10.71091200,106.78690300),(98,119,'Em. Bế Thắm','+84-210240240','221 Nguyễn Văn Cừ',1,'2025-10-18 07:29:42','2025-10-18 07:29:42',NULL,NULL,NULL,NULL,NULL,10.93136900,106.62468800),(99,120,'Phương Thụy','+84-158259166','500 Điện Biên Phủ',0,'2025-10-18 07:29:42','2025-10-18 07:29:42',NULL,NULL,NULL,NULL,NULL,10.58783200,106.61852100),(100,121,'Anh. Bì Nhạn','+84-200482053','400 Trần Phú',0,'2025-10-18 07:29:42','2025-10-18 07:29:42',NULL,NULL,NULL,NULL,NULL,10.71683200,106.65611000);
/*!40000 ALTER TABLE `user_addresses` ENABLE KEYS */;
UNLOCK TABLES;

--
-- Table structure for table `user_events`
--

DROP TABLE IF EXISTS `user_events`;
/*!40101 SET @saved_cs_client     = @@character_set_client */;
/*!50503 SET character_set_client = utf8mb4 */;
CREATE TABLE `user_events` (
  `id` bigint(20) unsigned NOT NULL AUTO_INCREMENT,
  `user_id` bigint(20) unsigned DEFAULT NULL,
  `session_id` varchar(255) NOT NULL,
  `event_type` enum('page_view','product_view','add_to_cart','remove_from_cart','checkout_start','checkout_complete','purchase','login','register','logout','search','filter','wishlist_add') NOT NULL,
  `event_category` varchar(255) NOT NULL DEFAULT 'general',
  `event_data` longtext CHARACTER SET utf8mb4 COLLATE utf8mb4_bin DEFAULT NULL CHECK (json_valid(`event_data`)),
  `ip_address` varchar(45) DEFAULT NULL,
  `user_agent` text DEFAULT NULL,
  `referrer` varchar(255) DEFAULT NULL,
  `url` varchar(255) DEFAULT NULL,
  `created_at` timestamp NOT NULL DEFAULT current_timestamp(),
  PRIMARY KEY (`id`),
  KEY `user_events_user_id_created_at_index` (`user_id`,`created_at`),
  KEY `user_events_event_type_created_at_index` (`event_type`,`created_at`),
  KEY `user_events_event_category_created_at_index` (`event_category`,`created_at`),
  KEY `user_events_session_id_index` (`session_id`),
  KEY `user_events_created_at_index` (`created_at`),
  CONSTRAINT `user_events_user_id_foreign` FOREIGN KEY (`user_id`) REFERENCES `users` (`id`) ON DELETE SET NULL
) ENGINE=InnoDB DEFAULT CHARSET=utf8mb4 COLLATE=utf8mb4_unicode_ci;
/*!40101 SET character_set_client = @saved_cs_client */;

--
-- Dumping data for table `user_events`
--

LOCK TABLES `user_events` WRITE;
/*!40000 ALTER TABLE `user_events` DISABLE KEYS */;
/*!40000 ALTER TABLE `user_events` ENABLE KEYS */;
UNLOCK TABLES;

--
-- Table structure for table `user_preferences`
--

DROP TABLE IF EXISTS `user_preferences`;
/*!40101 SET @saved_cs_client     = @@character_set_client */;
/*!50503 SET character_set_client = utf8mb4 */;
CREATE TABLE `user_preferences` (
  `user_preference_id` bigint(20) unsigned NOT NULL AUTO_INCREMENT,
  `user_id` bigint(20) unsigned NOT NULL,
  `preferred_category_id` bigint(20) unsigned DEFAULT NULL,
  `preferred_brand_id` bigint(20) unsigned DEFAULT NULL,
  `min_price_range` decimal(18,2) DEFAULT NULL,
  `max_price_range` decimal(18,2) DEFAULT NULL,
  `created_at` timestamp NULL DEFAULT NULL,
  `updated_at` timestamp NULL DEFAULT NULL,
  PRIMARY KEY (`user_preference_id`),
  UNIQUE KEY `user_preferences_user_id_unique` (`user_id`),
  KEY `user_preferences_preferred_category_id_foreign` (`preferred_category_id`),
  KEY `user_preferences_preferred_brand_id_foreign` (`preferred_brand_id`),
  CONSTRAINT `user_preferences_preferred_brand_id_foreign` FOREIGN KEY (`preferred_brand_id`) REFERENCES `brands` (`brand_id`) ON DELETE SET NULL,
  CONSTRAINT `user_preferences_preferred_category_id_foreign` FOREIGN KEY (`preferred_category_id`) REFERENCES `categories` (`category_id`) ON DELETE SET NULL,
  CONSTRAINT `user_preferences_user_id_foreign` FOREIGN KEY (`user_id`) REFERENCES `users` (`id`) ON DELETE CASCADE
) ENGINE=InnoDB AUTO_INCREMENT=101 DEFAULT CHARSET=utf8mb4 COLLATE=utf8mb4_unicode_ci;
/*!40101 SET character_set_client = @saved_cs_client */;

--
-- Dumping data for table `user_preferences`
--

LOCK TABLES `user_preferences` WRITE;
/*!40000 ALTER TABLE `user_preferences` DISABLE KEYS */;
INSERT INTO `user_preferences` VALUES (1,22,1,NULL,NULL,NULL,'2025-10-18 07:29:44','2025-10-18 07:29:44'),(2,23,9,NULL,NULL,NULL,'2025-10-18 07:29:44','2025-10-18 07:29:44'),(3,24,12,NULL,NULL,NULL,'2025-10-18 07:29:44','2025-10-18 07:29:44'),(4,25,20,NULL,NULL,NULL,'2025-10-18 07:29:44','2025-10-18 07:29:44'),(5,26,19,NULL,NULL,NULL,'2025-10-18 07:29:44','2025-10-18 07:29:44'),(6,27,13,NULL,NULL,NULL,'2025-10-18 07:29:44','2025-10-18 07:29:44'),(7,28,15,NULL,NULL,NULL,'2025-10-18 07:29:45','2025-10-18 07:29:45'),(8,29,11,NULL,NULL,NULL,'2025-10-18 07:29:45','2025-10-18 07:29:45'),(9,30,7,NULL,NULL,NULL,'2025-10-18 07:29:45','2025-10-18 07:29:45'),(10,31,25,NULL,NULL,NULL,'2025-10-18 07:29:45','2025-10-18 07:29:45'),(11,32,21,NULL,NULL,NULL,'2025-10-18 07:29:45','2025-10-18 07:29:45'),(12,33,9,NULL,NULL,NULL,'2025-10-18 07:29:45','2025-10-18 07:29:45'),(13,34,16,NULL,NULL,NULL,'2025-10-18 07:29:45','2025-10-18 07:29:45'),(14,35,13,NULL,NULL,NULL,'2025-10-18 07:29:45','2025-10-18 07:29:45'),(15,36,2,NULL,NULL,NULL,'2025-10-18 07:29:45','2025-10-18 07:29:45'),(16,37,22,NULL,NULL,NULL,'2025-10-18 07:29:45','2025-10-18 07:29:45'),(17,38,21,NULL,NULL,NULL,'2025-10-18 07:29:45','2025-10-18 07:29:45'),(18,39,24,NULL,NULL,NULL,'2025-10-18 07:29:46','2025-10-18 07:29:46'),(19,40,25,NULL,NULL,NULL,'2025-10-18 07:29:46','2025-10-18 07:29:46'),(20,41,14,NULL,NULL,NULL,'2025-10-18 07:29:46','2025-10-18 07:29:46'),(21,42,18,NULL,NULL,NULL,'2025-10-18 07:29:46','2025-10-18 07:29:46'),(22,43,20,NULL,NULL,NULL,'2025-10-18 07:29:46','2025-10-18 07:29:46'),(23,44,13,NULL,NULL,NULL,'2025-10-18 07:29:46','2025-10-18 07:29:46'),(24,45,19,NULL,NULL,NULL,'2025-10-18 07:29:46','2025-10-18 07:29:46'),(25,46,4,NULL,NULL,NULL,'2025-10-18 07:29:46','2025-10-18 07:29:46'),(26,47,13,NULL,NULL,NULL,'2025-10-18 07:29:46','2025-10-18 07:29:46'),(27,48,21,NULL,NULL,NULL,'2025-10-18 07:29:46','2025-10-18 07:29:46'),(28,49,9,NULL,NULL,NULL,'2025-10-18 07:29:47','2025-10-18 07:29:47'),(29,50,22,NULL,NULL,NULL,'2025-10-18 07:29:47','2025-10-18 07:29:47'),(30,51,27,NULL,NULL,NULL,'2025-10-18 07:29:47','2025-10-18 07:29:47'),(31,52,12,NULL,NULL,NULL,'2025-10-18 07:29:47','2025-10-18 07:29:47'),(32,53,11,NULL,NULL,NULL,'2025-10-18 07:29:47','2025-10-18 07:29:47'),(33,54,22,NULL,NULL,NULL,'2025-10-18 07:29:47','2025-10-18 07:29:47'),(34,55,26,NULL,NULL,NULL,'2025-10-18 07:29:47','2025-10-18 07:29:47'),(35,56,12,NULL,NULL,NULL,'2025-10-18 07:29:47','2025-10-18 07:29:47'),(36,57,23,NULL,NULL,NULL,'2025-10-18 07:29:47','2025-10-18 07:29:47'),(37,58,23,NULL,NULL,NULL,'2025-10-18 07:29:48','2025-10-18 07:29:48'),(38,59,16,NULL,NULL,NULL,'2025-10-18 07:29:48','2025-10-18 07:29:48'),(39,60,18,NULL,NULL,NULL,'2025-10-18 07:29:48','2025-10-18 07:29:48'),(40,61,10,NULL,NULL,NULL,'2025-10-18 07:29:48','2025-10-18 07:29:48'),(41,62,1,NULL,NULL,NULL,'2025-10-18 07:29:48','2025-10-18 07:29:48'),(42,63,1,NULL,NULL,NULL,'2025-10-18 07:29:48','2025-10-18 07:29:48'),(43,64,5,NULL,NULL,NULL,'2025-10-18 07:29:48','2025-10-18 07:29:48'),(44,65,10,NULL,NULL,NULL,'2025-10-18 07:29:48','2025-10-18 07:29:48'),(45,66,5,NULL,NULL,NULL,'2025-10-18 07:29:48','2025-10-18 07:29:48'),(46,67,13,NULL,NULL,NULL,'2025-10-18 07:29:48','2025-10-18 07:29:48'),(47,68,14,NULL,NULL,NULL,'2025-10-18 07:29:48','2025-10-18 07:29:48'),(48,69,5,NULL,NULL,NULL,'2025-10-18 07:29:49','2025-10-18 07:29:49'),(49,70,2,NULL,NULL,NULL,'2025-10-18 07:29:49','2025-10-18 07:29:49'),(50,71,17,NULL,NULL,NULL,'2025-10-18 07:29:49','2025-10-18 07:29:49'),(51,72,12,NULL,NULL,NULL,'2025-10-18 07:29:49','2025-10-18 07:29:49'),(52,73,2,NULL,NULL,NULL,'2025-10-18 07:29:49','2025-10-18 07:29:49'),(53,74,8,NULL,NULL,NULL,'2025-10-18 07:29:49','2025-10-18 07:29:49'),(54,75,4,NULL,NULL,NULL,'2025-10-18 07:29:49','2025-10-18 07:29:49'),(55,76,9,NULL,NULL,NULL,'2025-10-18 07:29:49','2025-10-18 07:29:49'),(56,77,20,NULL,NULL,NULL,'2025-10-18 07:29:49','2025-10-18 07:29:49'),(57,78,12,NULL,NULL,NULL,'2025-10-18 07:29:50','2025-10-18 07:29:50'),(58,79,10,NULL,NULL,NULL,'2025-10-18 07:29:50','2025-10-18 07:29:50'),(59,80,7,NULL,NULL,NULL,'2025-10-18 07:29:50','2025-10-18 07:29:50'),(60,81,8,NULL,NULL,NULL,'2025-10-18 07:29:50','2025-10-18 07:29:50'),(61,82,25,NULL,NULL,NULL,'2025-10-18 07:29:50','2025-10-18 07:29:50'),(62,83,8,NULL,NULL,NULL,'2025-10-18 07:29:50','2025-10-18 07:29:50'),(63,84,3,NULL,NULL,NULL,'2025-10-18 07:29:50','2025-10-18 07:29:50'),(64,85,26,NULL,NULL,NULL,'2025-10-18 07:29:50','2025-10-18 07:29:50'),(65,86,12,NULL,NULL,NULL,'2025-10-18 07:29:50','2025-10-18 07:29:50'),(66,87,20,NULL,NULL,NULL,'2025-10-18 07:29:50','2025-10-18 07:29:50'),(67,88,14,NULL,NULL,NULL,'2025-10-18 07:29:51','2025-10-18 07:29:51'),(68,89,4,NULL,NULL,NULL,'2025-10-18 07:29:51','2025-10-18 07:29:51'),(69,90,22,NULL,NULL,NULL,'2025-10-18 07:29:51','2025-10-18 07:29:51'),(70,91,27,NULL,NULL,NULL,'2025-10-18 07:29:51','2025-10-18 07:29:51'),(71,92,18,NULL,NULL,NULL,'2025-10-18 07:29:51','2025-10-18 07:29:51'),(72,93,22,NULL,NULL,NULL,'2025-10-18 07:29:51','2025-10-18 07:29:51'),(73,94,7,NULL,NULL,NULL,'2025-10-18 07:29:51','2025-10-18 07:29:51'),(74,95,13,NULL,NULL,NULL,'2025-10-18 07:29:51','2025-10-18 07:29:51'),(75,96,16,NULL,NULL,NULL,'2025-10-18 07:29:51','2025-10-18 07:29:51'),(76,97,23,NULL,NULL,NULL,'2025-10-18 07:29:51','2025-10-18 07:29:51'),(77,98,18,NULL,NULL,NULL,'2025-10-18 07:29:51','2025-10-18 07:29:51'),(78,99,5,NULL,NULL,NULL,'2025-10-18 07:29:51','2025-10-18 07:29:51'),(79,100,16,NULL,NULL,NULL,'2025-10-18 07:29:52','2025-10-18 07:29:52'),(80,101,9,NULL,NULL,NULL,'2025-10-18 07:29:52','2025-10-18 07:29:52'),(81,102,16,NULL,NULL,NULL,'2025-10-18 07:29:52','2025-10-18 07:29:52'),(82,103,7,NULL,NULL,NULL,'2025-10-18 07:29:52','2025-10-18 07:29:52'),(83,104,23,NULL,NULL,NULL,'2025-10-18 07:29:52','2025-10-18 07:29:52'),(84,105,24,NULL,NULL,NULL,'2025-10-18 07:29:52','2025-10-18 07:29:52'),(85,106,19,NULL,NULL,NULL,'2025-10-18 07:29:52','2025-10-18 07:29:52'),(86,107,24,NULL,NULL,NULL,'2025-10-18 07:29:52','2025-10-18 07:29:52'),(87,108,14,NULL,NULL,NULL,'2025-10-18 07:29:52','2025-10-18 07:29:52'),(88,109,5,NULL,NULL,NULL,'2025-10-18 07:29:52','2025-10-18 07:29:52'),(89,110,23,NULL,NULL,NULL,'2025-10-18 07:29:52','2025-10-18 07:29:52'),(90,111,20,NULL,NULL,NULL,'2025-10-18 07:29:53','2025-10-18 07:29:53'),(91,112,10,NULL,NULL,NULL,'2025-10-18 07:29:53','2025-10-18 07:29:53'),(92,113,22,NULL,NULL,NULL,'2025-10-18 07:29:53','2025-10-18 07:29:53'),(93,114,5,NULL,NULL,NULL,'2025-10-18 07:29:53','2025-10-18 07:29:53'),(94,115,13,NULL,NULL,NULL,'2025-10-18 07:29:53','2025-10-18 07:29:53'),(95,116,5,NULL,NULL,NULL,'2025-10-18 07:29:53','2025-10-18 07:29:53'),(96,117,13,NULL,NULL,NULL,'2025-10-18 07:29:53','2025-10-18 07:29:53'),(97,118,3,NULL,NULL,NULL,'2025-10-18 07:29:53','2025-10-18 07:29:53'),(98,119,7,NULL,NULL,NULL,'2025-10-18 07:29:53','2025-10-18 07:29:53'),(99,120,27,NULL,NULL,NULL,'2025-10-18 07:29:53','2025-10-18 07:29:53'),(100,121,6,NULL,NULL,NULL,'2025-10-18 07:29:54','2025-10-18 07:29:54');
/*!40000 ALTER TABLE `user_preferences` ENABLE KEYS */;
UNLOCK TABLES;

--
-- Table structure for table `users`
--

DROP TABLE IF EXISTS `users`;
/*!40101 SET @saved_cs_client     = @@character_set_client */;
/*!50503 SET character_set_client = utf8mb4 */;
CREATE TABLE `users` (
  `id` bigint(20) unsigned NOT NULL AUTO_INCREMENT,
  `username` varchar(255) NOT NULL,
  `email` varchar(255) NOT NULL,
  `email_verified_at` timestamp NULL DEFAULT NULL,
  `password` varchar(255) NOT NULL,
  `provider` varchar(255) DEFAULT NULL,
  `provider_id` varchar(255) DEFAULT NULL,
  `avatar` varchar(255) DEFAULT NULL,
  `remember_token` varchar(100) DEFAULT NULL,
  `created_at` timestamp NULL DEFAULT NULL,
  `updated_at` timestamp NULL DEFAULT NULL,
  `first_name` varchar(255) DEFAULT NULL,
  `last_name` varchar(255) DEFAULT NULL,
  `phone_number` varchar(20) DEFAULT NULL,
  `is_active` tinyint(1) NOT NULL DEFAULT 1,
  `deleted_at` timestamp NULL DEFAULT NULL,
  `default_address_id` bigint(20) unsigned DEFAULT NULL,
  PRIMARY KEY (`id`),
  UNIQUE KEY `users_email_unique` (`email`),
  UNIQUE KEY `users_username_unique` (`username`),
  UNIQUE KEY `users_phone_number_unique` (`phone_number`),
  KEY `users_default_address_id_foreign` (`default_address_id`),
  CONSTRAINT `users_default_address_id_foreign` FOREIGN KEY (`default_address_id`) REFERENCES `user_addresses` (`id`) ON DELETE SET NULL
) ENGINE=InnoDB AUTO_INCREMENT=132 DEFAULT CHARSET=utf8mb4 COLLATE=utf8mb4_unicode_ci;
/*!40101 SET character_set_client = @saved_cs_client */;

--
-- Dumping data for table `users`
--

LOCK TABLES `users` WRITE;
/*!40000 ALTER TABLE `users` DISABLE KEYS */;
INSERT INTO `users` VALUES (1,'superadmin','admin@shopnest.com','2025-10-18 07:29:37','$2y$12$as1LOq71uez7U4sgrWGJjOyzgaD0IWevt3u2RMDW28c5W4GsmKUMG',NULL,NULL,'avatars/LOPpWHjGJGYUUUhHaERswqBsOmWtHOMKcfYDjURq.jpg','dENhmqIxbORYq0RY3OjMJliAqeHi9psJJA6udmo5QaE7KrTYqLaT9z6KCO59','2025-10-18 07:29:38','2025-10-18 07:45:33','Super','Admin','0393769711',1,NULL,NULL),(2,'ha59','dng.bu@example.com','2025-10-18 07:29:38','$2y$12$6ZE0ANJvTJeHqxCVHgVsheLdxEMXKv2HuMSUxwQaZS.eAL2e39Mo6',NULL,NULL,NULL,'dOUdEP3cdx','2025-10-18 07:29:38','2025-10-18 07:29:38','Tấn','Cổ','0281-061-5257',1,NULL,NULL),(3,'cao.n','trang72@example.org','2025-10-18 07:29:38','$2y$12$6ZE0ANJvTJeHqxCVHgVsheLdxEMXKv2HuMSUxwQaZS.eAL2e39Mo6',NULL,NULL,NULL,'OI1zNPtWuX','2025-10-18 07:29:38','2025-10-18 07:29:38','Lý','Tiêu','(058)039-6319',1,NULL,NULL),(4,'xta','vinh53@example.net','2025-10-18 07:29:38','$2y$12$6ZE0ANJvTJeHqxCVHgVsheLdxEMXKv2HuMSUxwQaZS.eAL2e39Mo6',NULL,NULL,NULL,'aw9AC9lEs0','2025-10-18 07:29:38','2025-10-18 07:29:38','Chiêu','Phùng','(84)(67)820-2088',1,NULL,NULL),(5,'ca.linh','cat.tng@example.org','2025-10-18 07:29:38','$2y$12$6ZE0ANJvTJeHqxCVHgVsheLdxEMXKv2HuMSUxwQaZS.eAL2e39Mo6',NULL,NULL,NULL,'YaijIGZDDJ','2025-10-18 07:29:38','2025-10-18 07:29:38','Thi','Vũ','073 619 4981',1,NULL,NULL),(6,'evan','anh46@example.com','2025-10-18 07:29:38','$2y$12$6ZE0ANJvTJeHqxCVHgVsheLdxEMXKv2HuMSUxwQaZS.eAL2e39Mo6',NULL,NULL,NULL,'IPZ9k10nLp','2025-10-18 07:29:38','2025-10-18 07:29:38','Dao','Ngân','84-30-542-9187',1,NULL,NULL),(7,'v.cn','vi.uong@example.com','2025-10-18 07:29:38','$2y$12$6ZE0ANJvTJeHqxCVHgVsheLdxEMXKv2HuMSUxwQaZS.eAL2e39Mo6',NULL,NULL,NULL,'cLq2vSC7MY','2025-10-18 07:29:38','2025-10-18 07:29:38','Thy','Hứa','056-316-3419',1,NULL,NULL),(8,'c.trac','trung.manh@example.org','2025-10-18 07:29:38','$2y$12$6ZE0ANJvTJeHqxCVHgVsheLdxEMXKv2HuMSUxwQaZS.eAL2e39Mo6',NULL,NULL,NULL,'pFLxOjal7L','2025-10-18 07:29:38','2025-10-18 07:29:38','Võ','Cầm','(0165) 332 9875',1,NULL,NULL),(9,'ch.hong','vuong.trung@example.org','2025-10-18 07:29:38','$2y$12$6ZE0ANJvTJeHqxCVHgVsheLdxEMXKv2HuMSUxwQaZS.eAL2e39Mo6',NULL,NULL,NULL,'IvCbMor750','2025-10-18 07:29:38','2025-10-18 07:29:38','Hiên','Lý','0164 775 0762',1,NULL,NULL),(10,'lai.an','mai.oanh@example.com','2025-10-18 07:29:38','$2y$12$6ZE0ANJvTJeHqxCVHgVsheLdxEMXKv2HuMSUxwQaZS.eAL2e39Mo6',NULL,NULL,NULL,'j6ETdQvgIh','2025-10-18 07:29:38','2025-10-18 07:29:38','Chiểu','Phi','(090) 346 1215',1,NULL,NULL),(11,'gtrung','mkha@example.net','2025-10-18 07:29:38','$2y$12$6ZE0ANJvTJeHqxCVHgVsheLdxEMXKv2HuMSUxwQaZS.eAL2e39Mo6',NULL,NULL,NULL,'FFsJExnkul','2025-10-18 07:29:38','2025-10-18 07:29:38','Chương','Yên','(84)(90)133-9177',1,NULL,NULL),(12,'le97','gdanh@example.com','2025-10-18 07:29:38','$2y$12$6ZE0ANJvTJeHqxCVHgVsheLdxEMXKv2HuMSUxwQaZS.eAL2e39Mo6',NULL,NULL,NULL,'yyLJHkeoow','2025-10-18 07:29:38','2025-10-18 07:29:38','Diệp','Nhậm','(84)(73)234-9921',1,NULL,NULL),(13,'quyen.thoi','ngy.suong@example.com','2025-10-18 07:29:38','$2y$12$6ZE0ANJvTJeHqxCVHgVsheLdxEMXKv2HuMSUxwQaZS.eAL2e39Mo6',NULL,NULL,NULL,'RT2BAljQwi','2025-10-18 07:29:38','2025-10-18 07:29:38','Quân','Hà','(077) 347 2253',1,NULL,NULL),(14,'nguyet.danh','btran@example.com','2025-10-18 07:29:38','$2y$12$6ZE0ANJvTJeHqxCVHgVsheLdxEMXKv2HuMSUxwQaZS.eAL2e39Mo6',NULL,NULL,NULL,'epGKyfKf27','2025-10-18 07:29:38','2025-10-18 07:29:38','Hòa','Bành','068 499 0042',1,NULL,NULL),(15,'sbach','dau.dinh@example.net','2025-10-18 07:29:38','$2y$12$6ZE0ANJvTJeHqxCVHgVsheLdxEMXKv2HuMSUxwQaZS.eAL2e39Mo6',NULL,NULL,NULL,'2UrvYdr69g','2025-10-18 07:29:38','2025-10-18 07:29:38','Nhã','Hoàng','+84-163-071-4005',1,NULL,NULL),(16,'llac','hunh.vien@example.org','2025-10-18 07:29:38','$2y$12$6ZE0ANJvTJeHqxCVHgVsheLdxEMXKv2HuMSUxwQaZS.eAL2e39Mo6',NULL,NULL,NULL,'KI3XjpGWj4','2025-10-18 07:29:38','2025-10-18 07:29:38','Đan','Kiều','0167-994-2396',1,NULL,NULL),(17,'hau.ma','thach.hp@example.org','2025-10-18 07:29:38','$2y$12$6ZE0ANJvTJeHqxCVHgVsheLdxEMXKv2HuMSUxwQaZS.eAL2e39Mo6',NULL,NULL,NULL,'wgB2iJHr8w','2025-10-18 07:29:38','2025-10-18 07:29:38','Nghị','Chu','(84)(8)3941-6373',1,NULL,NULL),(18,'anh.ton','tang.dien@example.com','2025-10-18 07:29:38','$2y$12$6ZE0ANJvTJeHqxCVHgVsheLdxEMXKv2HuMSUxwQaZS.eAL2e39Mo6',NULL,NULL,NULL,'XvUPeInKUa','2025-10-18 07:29:38','2025-10-18 07:29:38','Quý','Lương','+84-79-255-8847',1,NULL,NULL),(19,'an60','lnong@example.net','2025-10-18 07:29:38','$2y$12$6ZE0ANJvTJeHqxCVHgVsheLdxEMXKv2HuMSUxwQaZS.eAL2e39Mo6',NULL,NULL,NULL,'a9Y1iu6elD','2025-10-18 07:29:38','2025-10-18 07:29:38','Đạo','Phùng','(099) 219 6713',1,NULL,NULL),(20,'khoi70','ininh@example.org','2025-10-18 07:29:38','$2y$12$6ZE0ANJvTJeHqxCVHgVsheLdxEMXKv2HuMSUxwQaZS.eAL2e39Mo6',NULL,NULL,NULL,'SwQakPM7vr','2025-10-18 07:29:38','2025-10-18 07:29:38','Diệu','Đái','073-802-8657',1,NULL,NULL),(21,'ung.vu','qmach@example.org','2025-10-18 07:29:38','$2y$12$6ZE0ANJvTJeHqxCVHgVsheLdxEMXKv2HuMSUxwQaZS.eAL2e39Mo6',NULL,NULL,NULL,'7JcBYkDpkx','2025-10-18 07:29:38','2025-10-18 07:29:38','Khoa','Ma','(0351) 570 0129',1,NULL,NULL),(22,'tan.han','hoan.hy@example.com','2025-10-18 07:29:38','$2y$12$6ZE0ANJvTJeHqxCVHgVsheLdxEMXKv2HuMSUxwQaZS.eAL2e39Mo6',NULL,NULL,NULL,'mJGW9sbC6q','2025-10-18 07:29:38','2025-10-18 07:29:38','Trầm','Xa','84-167-017-3942',1,NULL,NULL),(23,'kly','sa.pham@example.com','2025-10-18 07:29:38','$2y$12$6ZE0ANJvTJeHqxCVHgVsheLdxEMXKv2HuMSUxwQaZS.eAL2e39Mo6',NULL,NULL,NULL,'ruQrcM9ycV','2025-10-18 07:29:38','2025-10-18 07:29:38','Nhu','Võ','84-75-954-6475',1,NULL,NULL),(24,'qdong','hoa.ong@example.org','2025-10-18 07:29:38','$2y$12$6ZE0ANJvTJeHqxCVHgVsheLdxEMXKv2HuMSUxwQaZS.eAL2e39Mo6',NULL,NULL,NULL,'x8r6JibOQs','2025-10-18 07:29:38','2025-10-18 07:29:38','Mạnh','Chu','(84)(321)947-4215',1,NULL,NULL),(25,'thuy.tiep','quang45@example.com','2025-10-18 07:29:38','$2y$12$6ZE0ANJvTJeHqxCVHgVsheLdxEMXKv2HuMSUxwQaZS.eAL2e39Mo6',NULL,NULL,NULL,'qaOApy5JLz','2025-10-18 07:29:38','2025-10-18 07:29:38','Vĩnh','Lạc','(031) 906 9185',1,NULL,NULL),(26,'dung70','khu.linh@example.org','2025-10-18 07:29:38','$2y$12$6ZE0ANJvTJeHqxCVHgVsheLdxEMXKv2HuMSUxwQaZS.eAL2e39Mo6',NULL,NULL,NULL,'Uf2PsaJVNK','2025-10-18 07:29:38','2025-10-18 07:29:38','Giao','Dã','(0122) 688 4644',1,NULL,NULL),(27,'tri14','chinh.tong@example.org','2025-10-18 07:29:38','$2y$12$6ZE0ANJvTJeHqxCVHgVsheLdxEMXKv2HuMSUxwQaZS.eAL2e39Mo6',NULL,NULL,NULL,'UEoNsQawSN','2025-10-18 07:29:38','2025-10-18 07:29:38','Phi','Nhữ','0500-171-3653',1,NULL,NULL),(28,'vuong.yen','luong.toai@example.com','2025-10-18 07:29:38','$2y$12$6ZE0ANJvTJeHqxCVHgVsheLdxEMXKv2HuMSUxwQaZS.eAL2e39Mo6',NULL,NULL,NULL,'7TXpOYWd3g','2025-10-18 07:29:38','2025-10-18 07:29:38','Hoài','Thái','+84-167-958-8146',1,NULL,NULL),(29,'mvuong','ong.nga@example.org','2025-10-18 07:29:38','$2y$12$6ZE0ANJvTJeHqxCVHgVsheLdxEMXKv2HuMSUxwQaZS.eAL2e39Mo6',NULL,NULL,NULL,'2OIfLbWNGo','2025-10-18 07:29:38','2025-10-18 07:29:38','Hảo','Trần','0241 539 8520',1,NULL,NULL),(30,'hanh60','thien15@example.com','2025-10-18 07:29:38','$2y$12$6ZE0ANJvTJeHqxCVHgVsheLdxEMXKv2HuMSUxwQaZS.eAL2e39Mo6',NULL,NULL,NULL,'TJHHfRIctC','2025-10-18 07:29:38','2025-10-18 07:29:38','Thảo','Triệu','84-74-714-3154',1,NULL,NULL),(31,'son.mi','tong.triet@example.net','2025-10-18 07:29:38','$2y$12$6ZE0ANJvTJeHqxCVHgVsheLdxEMXKv2HuMSUxwQaZS.eAL2e39Mo6',NULL,NULL,NULL,'N0LkFSPNNV','2025-10-18 07:29:38','2025-10-18 07:29:38','Nghĩa','Hoa','84-38-501-5408',1,NULL,NULL),(32,'dan17','dai24@example.net','2025-10-18 07:29:38','$2y$12$6ZE0ANJvTJeHqxCVHgVsheLdxEMXKv2HuMSUxwQaZS.eAL2e39Mo6',NULL,NULL,NULL,'x5Q3jUNf6b','2025-10-18 07:29:38','2025-10-18 07:29:38','Nghiệp','Giáp','0163 348 1786',1,NULL,NULL),(33,'bu64','v07@example.com','2025-10-18 07:29:38','$2y$12$6ZE0ANJvTJeHqxCVHgVsheLdxEMXKv2HuMSUxwQaZS.eAL2e39Mo6',NULL,NULL,NULL,'msiuqXdyWX','2025-10-18 07:29:38','2025-10-18 07:29:38','Khiếu','Tông','(0120)130-6418',1,NULL,NULL),(34,'thanh.l','lpham@example.net','2025-10-18 07:29:38','$2y$12$6ZE0ANJvTJeHqxCVHgVsheLdxEMXKv2HuMSUxwQaZS.eAL2e39Mo6',NULL,NULL,NULL,'uThpBmlOUg','2025-10-18 07:29:38','2025-10-18 07:29:38','Phong','Đổng','093-045-0809',1,NULL,NULL),(35,'mi.leu','rtu@example.org','2025-10-18 07:29:38','$2y$12$6ZE0ANJvTJeHqxCVHgVsheLdxEMXKv2HuMSUxwQaZS.eAL2e39Mo6',NULL,NULL,NULL,'fGXyUkk4VQ','2025-10-18 07:29:38','2025-10-18 07:29:38','Giang','Vi','(84)(127)616-4391',1,NULL,NULL),(36,'pho.uy','chieu.s@example.com','2025-10-18 07:29:38','$2y$12$6ZE0ANJvTJeHqxCVHgVsheLdxEMXKv2HuMSUxwQaZS.eAL2e39Mo6',NULL,NULL,NULL,'YEvksUa6kd','2025-10-18 07:29:38','2025-10-18 07:29:38','Đan','Mâu','(076)326-3765',1,NULL,NULL),(37,'y.cam','giac26@example.org','2025-10-18 07:29:38','$2y$12$6ZE0ANJvTJeHqxCVHgVsheLdxEMXKv2HuMSUxwQaZS.eAL2e39Mo6',NULL,NULL,NULL,'Hfwk1pWHTT','2025-10-18 07:29:38','2025-10-18 07:29:38','Hiền','Châu','84-20-372-4662',1,NULL,NULL),(38,'khai.liu','chuong.hunh@example.org','2025-10-18 07:29:38','$2y$12$6ZE0ANJvTJeHqxCVHgVsheLdxEMXKv2HuMSUxwQaZS.eAL2e39Mo6',NULL,NULL,NULL,'JUmfm5EwmE','2025-10-18 07:29:38','2025-10-18 07:29:38','An','Lều','84-241-028-8679',1,NULL,NULL),(39,'di.quyet','han.tang@example.net','2025-10-18 07:29:38','$2y$12$6ZE0ANJvTJeHqxCVHgVsheLdxEMXKv2HuMSUxwQaZS.eAL2e39Mo6',NULL,NULL,NULL,'yPkSr07lvQ','2025-10-18 07:29:38','2025-10-18 07:29:38','Tâm','Cung','(84)(781)798-5409',1,NULL,NULL),(40,'thao.trac','duong27@example.com','2025-10-18 07:29:38','$2y$12$6ZE0ANJvTJeHqxCVHgVsheLdxEMXKv2HuMSUxwQaZS.eAL2e39Mo6',NULL,NULL,NULL,'4NJmcDeQMl','2025-10-18 07:29:38','2025-10-18 07:29:38','Bích','Đào','(0210)575-8877',1,NULL,NULL),(41,'toai.be','sinh28@example.net','2025-10-18 07:29:38','$2y$12$6ZE0ANJvTJeHqxCVHgVsheLdxEMXKv2HuMSUxwQaZS.eAL2e39Mo6',NULL,NULL,NULL,'xePiCFtPQF','2025-10-18 07:29:38','2025-10-18 07:29:38','Thúc','Lê','(054) 439 7402',1,NULL,NULL),(42,'khieu73','bao.l@example.net','2025-10-18 07:29:38','$2y$12$6ZE0ANJvTJeHqxCVHgVsheLdxEMXKv2HuMSUxwQaZS.eAL2e39Mo6',NULL,NULL,NULL,'avZXxaTcsy','2025-10-18 07:29:38','2025-10-18 07:29:38','Nhi','Ung','(090)243-4462',1,NULL,NULL),(43,'theu08','tphung@example.net','2025-10-18 07:29:38','$2y$12$6ZE0ANJvTJeHqxCVHgVsheLdxEMXKv2HuMSUxwQaZS.eAL2e39Mo6',NULL,NULL,NULL,'u10wTxTY95','2025-10-18 07:29:38','2025-10-18 07:29:38','Việt','Mai','(0163)970-3496',1,NULL,NULL),(44,'odinh','bi.tran@example.net','2025-10-18 07:29:38','$2y$12$6ZE0ANJvTJeHqxCVHgVsheLdxEMXKv2HuMSUxwQaZS.eAL2e39Mo6',NULL,NULL,NULL,'51FvKw8j9X','2025-10-18 07:29:38','2025-10-18 07:29:38','Bằng','Trác','033-648-6860',1,NULL,NULL),(45,'nha57','m91@example.com','2025-10-18 07:29:38','$2y$12$6ZE0ANJvTJeHqxCVHgVsheLdxEMXKv2HuMSUxwQaZS.eAL2e39Mo6',NULL,NULL,NULL,'XNhKCnXV9E','2025-10-18 07:29:38','2025-10-18 07:29:38','Việt','Hoa','(059)530-5820',1,NULL,NULL),(46,'pmoc','nghi.hai@example.com','2025-10-18 07:29:38','$2y$12$6ZE0ANJvTJeHqxCVHgVsheLdxEMXKv2HuMSUxwQaZS.eAL2e39Mo6',NULL,NULL,NULL,'WPX7jfqG9v','2025-10-18 07:29:38','2025-10-18 07:29:38','Thoa','Lý','027 798 0511',1,NULL,NULL),(47,'wche','vtrieu@example.org','2025-10-18 07:29:38','$2y$12$6ZE0ANJvTJeHqxCVHgVsheLdxEMXKv2HuMSUxwQaZS.eAL2e39Mo6',NULL,NULL,NULL,'Kz7MYU9Pws','2025-10-18 07:29:38','2025-10-18 07:29:38','Thảo','Trác','(0125)414-2505',1,NULL,NULL),(48,'tong.hun','tien14@example.net','2025-10-18 07:29:38','$2y$12$6ZE0ANJvTJeHqxCVHgVsheLdxEMXKv2HuMSUxwQaZS.eAL2e39Mo6',NULL,NULL,NULL,'7wdUzJ4I9Z','2025-10-18 07:29:38','2025-10-18 07:29:38','Ngôn','Lạc','+84-38-645-7267',1,NULL,NULL),(49,'qdng','to.khanh@example.com','2025-10-18 07:29:38','$2y$12$6ZE0ANJvTJeHqxCVHgVsheLdxEMXKv2HuMSUxwQaZS.eAL2e39Mo6',NULL,NULL,NULL,'NzaXqEiGxv','2025-10-18 07:29:38','2025-10-18 07:29:38','Dụng','Hàn','031-026-9601',1,NULL,NULL),(50,'ldien','u.vi@example.net','2025-10-18 07:29:38','$2y$12$6ZE0ANJvTJeHqxCVHgVsheLdxEMXKv2HuMSUxwQaZS.eAL2e39Mo6',NULL,NULL,NULL,'rWwUjvbHOm','2025-10-18 07:29:38','2025-10-18 07:29:38','Thọ','Hứa','(84)(780)397-8173',1,NULL,NULL),(51,'leu.vi','tai.danh@example.net','2025-10-18 07:29:38','$2y$12$6ZE0ANJvTJeHqxCVHgVsheLdxEMXKv2HuMSUxwQaZS.eAL2e39Mo6',NULL,NULL,NULL,'3l7y4K0QpC','2025-10-18 07:29:38','2025-10-18 07:29:38','Khai','Phí','(0199) 581 8368',1,NULL,NULL),(52,'lan63','obu@example.com','2025-10-18 07:29:38','$2y$12$6ZE0ANJvTJeHqxCVHgVsheLdxEMXKv2HuMSUxwQaZS.eAL2e39Mo6',NULL,NULL,NULL,'fal7YOAypT','2025-10-18 07:29:38','2025-10-18 07:29:38','Phi','Lỡ','(0199) 794 8124',1,NULL,NULL),(53,'thc75','hoa.thy@example.net','2025-10-18 07:29:38','$2y$12$6ZE0ANJvTJeHqxCVHgVsheLdxEMXKv2HuMSUxwQaZS.eAL2e39Mo6',NULL,NULL,NULL,'lxmv41C1Rr','2025-10-18 07:29:38','2025-10-18 07:29:38','Giao','Ân','84-92-467-4530',1,NULL,NULL),(54,'och','trung44@example.org','2025-10-18 07:29:38','$2y$12$6ZE0ANJvTJeHqxCVHgVsheLdxEMXKv2HuMSUxwQaZS.eAL2e39Mo6',NULL,NULL,NULL,'3M4gPwsZb1','2025-10-18 07:29:38','2025-10-18 07:29:38','Thơ','Mai','84-62-548-1294',1,NULL,NULL),(55,'vng19','dai.hoa@example.net','2025-10-18 07:29:38','$2y$12$6ZE0ANJvTJeHqxCVHgVsheLdxEMXKv2HuMSUxwQaZS.eAL2e39Mo6',NULL,NULL,NULL,'Ry9hgvjtyX','2025-10-18 07:29:38','2025-10-18 07:29:38','Khánh','Viên','84-186-875-0936',1,NULL,NULL),(56,'tiep.trung','phi.chung@example.net','2025-10-18 07:29:38','$2y$12$6ZE0ANJvTJeHqxCVHgVsheLdxEMXKv2HuMSUxwQaZS.eAL2e39Mo6',NULL,NULL,NULL,'1p9oytaUMD','2025-10-18 07:29:38','2025-10-18 07:29:38','Nghiệp','Lê','061-899-2520',1,NULL,NULL),(57,'bhan','trc.ha@example.net','2025-10-18 07:29:38','$2y$12$6ZE0ANJvTJeHqxCVHgVsheLdxEMXKv2HuMSUxwQaZS.eAL2e39Mo6',NULL,NULL,NULL,'1kHFNYquoO','2025-10-18 07:29:38','2025-10-18 07:29:38','Hường','Cung','84-164-155-5614',1,NULL,NULL),(58,'trinh.san','dieu.khut@example.net','2025-10-18 07:29:38','$2y$12$6ZE0ANJvTJeHqxCVHgVsheLdxEMXKv2HuMSUxwQaZS.eAL2e39Mo6',NULL,NULL,NULL,'iEzWlphqOT','2025-10-18 07:29:38','2025-10-18 07:29:38','Vĩ','Cam','0166-097-0593',1,NULL,NULL),(59,'giang.giang','toai.luu@example.org','2025-10-18 07:29:38','$2y$12$6ZE0ANJvTJeHqxCVHgVsheLdxEMXKv2HuMSUxwQaZS.eAL2e39Mo6',NULL,NULL,NULL,'8qRuolVwT1','2025-10-18 07:29:38','2025-10-18 07:29:38','Cường','Khu','+84-128-547-0990',1,NULL,NULL),(60,'hunh.diep','ythap@example.net','2025-10-18 07:29:38','$2y$12$6ZE0ANJvTJeHqxCVHgVsheLdxEMXKv2HuMSUxwQaZS.eAL2e39Mo6',NULL,NULL,NULL,'7jpLe41Z2l','2025-10-18 07:29:38','2025-10-18 07:29:38','Cần','Phó','84-127-696-7727',1,NULL,NULL),(61,'s.nguyet','ca.banh@example.com','2025-10-18 07:29:38','$2y$12$6ZE0ANJvTJeHqxCVHgVsheLdxEMXKv2HuMSUxwQaZS.eAL2e39Mo6',NULL,NULL,NULL,'7o0FyLMl88','2025-10-18 07:29:38','2025-10-18 07:29:38','Đình','Hoàng','(84)(351)966-3272',1,NULL,NULL),(62,'pluong','pbang@example.org','2025-10-18 07:29:38','$2y$12$6ZE0ANJvTJeHqxCVHgVsheLdxEMXKv2HuMSUxwQaZS.eAL2e39Mo6',NULL,NULL,NULL,'UwUv3bXo10','2025-10-18 07:29:38','2025-10-18 07:29:38','Thủy','Dã','(0321)493-0438',1,NULL,NULL),(63,'yly','vng.khu@example.org','2025-10-18 07:29:38','$2y$12$6ZE0ANJvTJeHqxCVHgVsheLdxEMXKv2HuMSUxwQaZS.eAL2e39Mo6',NULL,NULL,NULL,'zv8oH6F2GO','2025-10-18 07:29:38','2025-10-18 07:29:38','Tú','Chu','(063) 443 0443',1,NULL,NULL),(64,'hhinh','ylai@example.net','2025-10-18 07:29:38','$2y$12$6ZE0ANJvTJeHqxCVHgVsheLdxEMXKv2HuMSUxwQaZS.eAL2e39Mo6',NULL,NULL,NULL,'vRuLfbwPcc','2025-10-18 07:29:38','2025-10-18 07:29:38','Cần','Lô','(0511)300-9573',1,NULL,NULL),(65,'vien70','hoang.loc@example.com','2025-10-18 07:29:38','$2y$12$6ZE0ANJvTJeHqxCVHgVsheLdxEMXKv2HuMSUxwQaZS.eAL2e39Mo6',NULL,NULL,NULL,'EmyfXtx8Zv','2025-10-18 07:29:38','2025-10-18 07:29:38','Luật','Khưu','095 143 5990',1,NULL,NULL),(66,'lu.thy','mngan@example.net','2025-10-18 07:29:38','$2y$12$6ZE0ANJvTJeHqxCVHgVsheLdxEMXKv2HuMSUxwQaZS.eAL2e39Mo6',NULL,NULL,NULL,'aRN827mu7J','2025-10-18 07:29:38','2025-10-18 07:29:38','Vy','Dã','(0168)178-4691',1,NULL,NULL),(67,'th61','bach.thuy@example.org','2025-10-18 07:29:38','$2y$12$6ZE0ANJvTJeHqxCVHgVsheLdxEMXKv2HuMSUxwQaZS.eAL2e39Mo6',NULL,NULL,NULL,'kt4xyBoBmt','2025-10-18 07:29:38','2025-10-18 07:29:38','Xuân','Huỳnh','072 192 4998',1,NULL,NULL),(68,'v.s','hai07@example.org','2025-10-18 07:29:38','$2y$12$6ZE0ANJvTJeHqxCVHgVsheLdxEMXKv2HuMSUxwQaZS.eAL2e39Mo6',NULL,NULL,NULL,'QCSmvWrbJP','2025-10-18 07:29:38','2025-10-18 07:29:38','San','Bảo','(072) 882 3546',1,NULL,NULL),(69,'son.ninh','jvo@example.com','2025-10-18 07:29:38','$2y$12$6ZE0ANJvTJeHqxCVHgVsheLdxEMXKv2HuMSUxwQaZS.eAL2e39Mo6',NULL,NULL,NULL,'74Rb2DZeUn','2025-10-18 07:29:38','2025-10-18 07:29:38','Đôn','Đỗ','84-168-711-5735',1,NULL,NULL),(70,'qphuong','xa.phi@example.com','2025-10-18 07:29:38','$2y$12$6ZE0ANJvTJeHqxCVHgVsheLdxEMXKv2HuMSUxwQaZS.eAL2e39Mo6',NULL,NULL,NULL,'wl3EyMudpr','2025-10-18 07:29:38','2025-10-18 07:29:38','Nhân','Tiêu','(84)(75)590-1960',1,NULL,NULL),(71,'rdiep','ftra@example.net','2025-10-18 07:29:38','$2y$12$6ZE0ANJvTJeHqxCVHgVsheLdxEMXKv2HuMSUxwQaZS.eAL2e39Mo6',NULL,NULL,NULL,'eNSFJUjONj','2025-10-18 07:29:38','2025-10-18 07:29:38','Yên','Mạc','(84)(55)261-2914',1,NULL,NULL),(72,'linh.don','phuong46@example.org','2025-10-18 07:29:38','$2y$12$6ZE0ANJvTJeHqxCVHgVsheLdxEMXKv2HuMSUxwQaZS.eAL2e39Mo6',NULL,NULL,NULL,'nR01SlRoq8','2025-10-18 07:29:38','2025-10-18 07:29:38','Lộ','Ma','(84)(77)950-3480',1,NULL,NULL),(73,'hoa.tien','dxa@example.com','2025-10-18 07:29:38','$2y$12$6ZE0ANJvTJeHqxCVHgVsheLdxEMXKv2HuMSUxwQaZS.eAL2e39Mo6',NULL,NULL,NULL,'8mRMU6ffpv','2025-10-18 07:29:38','2025-10-18 07:29:38','Uyên','Tạ','84-321-707-4344',1,NULL,NULL),(74,'thc.trung','binh.dan@example.net','2025-10-18 07:29:38','$2y$12$6ZE0ANJvTJeHqxCVHgVsheLdxEMXKv2HuMSUxwQaZS.eAL2e39Mo6',NULL,NULL,NULL,'BZXvRNyf7C','2025-10-18 07:29:38','2025-10-18 07:29:38','Lý','Khâu','84-510-276-5513',1,NULL,NULL),(75,'thy24','giap42@example.org','2025-10-18 07:29:38','$2y$12$6ZE0ANJvTJeHqxCVHgVsheLdxEMXKv2HuMSUxwQaZS.eAL2e39Mo6',NULL,NULL,NULL,'DJzuG3kCpn','2025-10-18 07:29:38','2025-10-18 07:29:38','Hương','Khúc','+84-70-263-5559',1,NULL,NULL),(76,'phi00','hong.trac@example.org','2025-10-18 07:29:38','$2y$12$6ZE0ANJvTJeHqxCVHgVsheLdxEMXKv2HuMSUxwQaZS.eAL2e39Mo6',NULL,NULL,NULL,'jLobbf7Kcl','2025-10-18 07:29:38','2025-10-18 07:29:38','Tuyết','Huỳnh','0120 533 1708',1,NULL,NULL),(77,'mtrinh','manh21@example.com','2025-10-18 07:29:38','$2y$12$6ZE0ANJvTJeHqxCVHgVsheLdxEMXKv2HuMSUxwQaZS.eAL2e39Mo6',NULL,NULL,NULL,'KCK0a15ryU','2025-10-18 07:29:38','2025-10-18 07:29:38','An','Lỳ','(0781) 786 0116',1,NULL,NULL),(78,'ongy','pmang@example.net','2025-10-18 07:29:38','$2y$12$6ZE0ANJvTJeHqxCVHgVsheLdxEMXKv2HuMSUxwQaZS.eAL2e39Mo6',NULL,NULL,NULL,'qQncAz3Eo1','2025-10-18 07:29:38','2025-10-18 07:29:38','Vinh','Đinh','+84-66-152-2561',1,NULL,NULL),(79,'anh.tham','anh.ngo@example.com','2025-10-18 07:29:38','$2y$12$6ZE0ANJvTJeHqxCVHgVsheLdxEMXKv2HuMSUxwQaZS.eAL2e39Mo6',NULL,NULL,NULL,'HwIMtytigE','2025-10-18 07:29:38','2025-10-18 07:29:38','Hợp','Biện','(0510) 730 6303',1,NULL,NULL),(80,'vu.dan','lap.hinh@example.org','2025-10-18 07:29:38','$2y$12$6ZE0ANJvTJeHqxCVHgVsheLdxEMXKv2HuMSUxwQaZS.eAL2e39Mo6',NULL,NULL,NULL,'tsv5efLHvm','2025-10-18 07:29:38','2025-10-18 07:29:38','Khang','Chu','073-128-5893',1,NULL,NULL),(81,'nhan68','nghiem97@example.net','2025-10-18 07:29:38','$2y$12$6ZE0ANJvTJeHqxCVHgVsheLdxEMXKv2HuMSUxwQaZS.eAL2e39Mo6',NULL,NULL,NULL,'S75u3hJEbU','2025-10-18 07:29:38','2025-10-18 07:29:38','Thụy','Tạ','054 910 8067',1,NULL,NULL),(82,'ung.dieu','trang.khau@example.net','2025-10-18 07:29:38','$2y$12$6ZE0ANJvTJeHqxCVHgVsheLdxEMXKv2HuMSUxwQaZS.eAL2e39Mo6',NULL,NULL,NULL,'bqq5ahBJPO','2025-10-18 07:29:38','2025-10-18 07:29:38','Trực','Bạc','(033) 177 0746',1,NULL,NULL),(83,'bvan','phung.luu@example.org','2025-10-18 07:29:38','$2y$12$6ZE0ANJvTJeHqxCVHgVsheLdxEMXKv2HuMSUxwQaZS.eAL2e39Mo6',NULL,NULL,NULL,'MX628kIOut','2025-10-18 07:29:38','2025-10-18 07:29:38','Mẫn','Nhậm','0129-171-0699',1,NULL,NULL),(84,'mang.dan','ngon.an@example.org','2025-10-18 07:29:38','$2y$12$6ZE0ANJvTJeHqxCVHgVsheLdxEMXKv2HuMSUxwQaZS.eAL2e39Mo6',NULL,NULL,NULL,'wQzVOcelid','2025-10-18 07:29:38','2025-10-18 07:29:38','Lạc','Âu','84-54-694-0322',1,NULL,NULL),(85,'ztrinh','okhoa@example.net','2025-10-18 07:29:38','$2y$12$6ZE0ANJvTJeHqxCVHgVsheLdxEMXKv2HuMSUxwQaZS.eAL2e39Mo6',NULL,NULL,NULL,'nB75JSWdkT','2025-10-18 07:29:38','2025-10-18 07:29:38','Huynh','Chử','(068)492-7255',1,NULL,NULL),(86,'rtrac','tu.kieu@example.org','2025-10-18 07:29:38','$2y$12$6ZE0ANJvTJeHqxCVHgVsheLdxEMXKv2HuMSUxwQaZS.eAL2e39Mo6',NULL,NULL,NULL,'wUoxyVOC2n','2025-10-18 07:29:38','2025-10-18 07:29:38','Hiếu','Yên','(84)(351)059-2598',1,NULL,NULL),(87,'lha','ll@example.org','2025-10-18 07:29:38','$2y$12$6ZE0ANJvTJeHqxCVHgVsheLdxEMXKv2HuMSUxwQaZS.eAL2e39Mo6',NULL,NULL,NULL,'9hQWjvUwnB','2025-10-18 07:29:38','2025-10-18 07:29:38','Nhu','Khâu','0124 181 0817',1,NULL,NULL),(88,'nguyen.nghiem','ninh.to@example.org','2025-10-18 07:29:38','$2y$12$6ZE0ANJvTJeHqxCVHgVsheLdxEMXKv2HuMSUxwQaZS.eAL2e39Mo6',NULL,NULL,NULL,'O8kM7XFb6P','2025-10-18 07:29:38','2025-10-18 07:29:38','Trực','Lã','026 449 6277',1,NULL,NULL),(89,'tu36','hao05@example.org','2025-10-18 07:29:38','$2y$12$6ZE0ANJvTJeHqxCVHgVsheLdxEMXKv2HuMSUxwQaZS.eAL2e39Mo6',NULL,NULL,NULL,'L1oEULPF30','2025-10-18 07:29:38','2025-10-18 07:29:38','Đan','Thiều','(84)(122)667-3424',1,NULL,NULL),(90,'hcn','uha@example.com','2025-10-18 07:29:38','$2y$12$6ZE0ANJvTJeHqxCVHgVsheLdxEMXKv2HuMSUxwQaZS.eAL2e39Mo6',NULL,NULL,NULL,'rKrB5bpKi5','2025-10-18 07:29:38','2025-10-18 07:29:38','An','Cổ','(059)491-5280',1,NULL,NULL),(91,'bao70','ydam@example.net','2025-10-18 07:29:38','$2y$12$6ZE0ANJvTJeHqxCVHgVsheLdxEMXKv2HuMSUxwQaZS.eAL2e39Mo6',NULL,NULL,NULL,'57pSzyQCWv','2025-10-18 07:29:38','2025-10-18 07:29:38','Lệ','Ung','(84)(351)910-8310',1,NULL,NULL),(92,'pvien','tue12@example.com','2025-10-18 07:29:38','$2y$12$6ZE0ANJvTJeHqxCVHgVsheLdxEMXKv2HuMSUxwQaZS.eAL2e39Mo6',NULL,NULL,NULL,'LdIQ6HHwHV','2025-10-18 07:29:38','2025-10-18 07:29:38','Hữu','Bồ','84-74-723-7736',1,NULL,NULL),(93,'ch.qunh','zc@example.com','2025-10-18 07:29:38','$2y$12$6ZE0ANJvTJeHqxCVHgVsheLdxEMXKv2HuMSUxwQaZS.eAL2e39Mo6',NULL,NULL,NULL,'dFPzP8goAR','2025-10-18 07:29:38','2025-10-18 07:29:38','Canh','Lư','075 212 7856',1,NULL,NULL),(94,'tbanh','chinh.l@example.net','2025-10-18 07:29:38','$2y$12$6ZE0ANJvTJeHqxCVHgVsheLdxEMXKv2HuMSUxwQaZS.eAL2e39Mo6',NULL,NULL,NULL,'pAmAesjJnx','2025-10-18 07:29:38','2025-10-18 07:29:38','Phi','Ma','098 387 1523',1,NULL,NULL),(95,'be.dang','canh73@example.net','2025-10-18 07:29:38','$2y$12$6ZE0ANJvTJeHqxCVHgVsheLdxEMXKv2HuMSUxwQaZS.eAL2e39Mo6',NULL,NULL,NULL,'NuZXzhKjZk','2025-10-18 07:29:38','2025-10-18 07:29:38','Diệp','Bành','059 093 3870',1,NULL,NULL),(96,'tpham','vinh.than@example.org','2025-10-18 07:29:38','$2y$12$6ZE0ANJvTJeHqxCVHgVsheLdxEMXKv2HuMSUxwQaZS.eAL2e39Mo6',NULL,NULL,NULL,'cDhQBCrFsF','2025-10-18 07:29:38','2025-10-18 07:29:38','Thạc','Nguyễn','+84-164-413-7862',1,NULL,NULL),(97,'dung.dam','btieu@example.org','2025-10-18 07:29:38','$2y$12$6ZE0ANJvTJeHqxCVHgVsheLdxEMXKv2HuMSUxwQaZS.eAL2e39Mo6',NULL,NULL,NULL,'OEPYQ0jCMn','2025-10-18 07:29:38','2025-10-18 07:29:38','Điền','Khoa','+84-210-174-7086',1,NULL,NULL),(98,'trieu13','quach.cuong@example.org','2025-10-18 07:29:38','$2y$12$6ZE0ANJvTJeHqxCVHgVsheLdxEMXKv2HuMSUxwQaZS.eAL2e39Mo6',NULL,NULL,NULL,'30D1PCJlnG','2025-10-18 07:29:38','2025-10-18 07:29:38','Trà','Đồng','+84-125-520-1867',1,NULL,NULL),(99,'cuong68','anh.phung@example.com','2025-10-18 07:29:38','$2y$12$6ZE0ANJvTJeHqxCVHgVsheLdxEMXKv2HuMSUxwQaZS.eAL2e39Mo6',NULL,NULL,NULL,'KOAg6w6r5r','2025-10-18 07:29:38','2025-10-18 07:29:38','Vượng','Lạc','(84)(199)481-8733',1,NULL,NULL),(100,'ihoa','hung18@example.com','2025-10-18 07:29:38','$2y$12$6ZE0ANJvTJeHqxCVHgVsheLdxEMXKv2HuMSUxwQaZS.eAL2e39Mo6',NULL,NULL,NULL,'FruLKTACEB','2025-10-18 07:29:38','2025-10-18 07:29:38','Sinh','Văn','(053)407-2582',1,NULL,NULL),(101,'nghia.doan','tiep.dung@example.org','2025-10-18 07:29:38','$2y$12$6ZE0ANJvTJeHqxCVHgVsheLdxEMXKv2HuMSUxwQaZS.eAL2e39Mo6',NULL,NULL,NULL,'1ZNuAdSEXQ','2025-10-18 07:29:38','2025-10-18 07:29:38','Nhượng','Lữ','+84-36-485-3956',1,NULL,NULL),(102,'quan.ngo','au@example.net','2025-10-18 07:29:38','$2y$12$6ZE0ANJvTJeHqxCVHgVsheLdxEMXKv2HuMSUxwQaZS.eAL2e39Mo6',NULL,NULL,NULL,'xq79jUh190','2025-10-18 07:29:38','2025-10-18 07:29:38','Trang','Hình','(093)537-8560',1,NULL,NULL),(103,'tgiao','dthai@example.com','2025-10-18 07:29:38','$2y$12$6ZE0ANJvTJeHqxCVHgVsheLdxEMXKv2HuMSUxwQaZS.eAL2e39Mo6',NULL,NULL,NULL,'XP4Uz6OMei','2025-10-18 07:29:38','2025-10-18 07:29:38','Trúc','Hứa','(84)(280)350-7867',1,NULL,NULL),(104,'vu.giang','bu.trieu@example.net','2025-10-18 07:29:38','$2y$12$6ZE0ANJvTJeHqxCVHgVsheLdxEMXKv2HuMSUxwQaZS.eAL2e39Mo6',NULL,NULL,NULL,'ZS5iBzMHqc','2025-10-18 07:29:38','2025-10-18 07:29:38','Phương','Từ','+84-57-860-2893',1,NULL,NULL),(105,'mn76','hluong@example.org','2025-10-18 07:29:38','$2y$12$6ZE0ANJvTJeHqxCVHgVsheLdxEMXKv2HuMSUxwQaZS.eAL2e39Mo6',NULL,NULL,NULL,'OySk0eOA5i','2025-10-18 07:29:38','2025-10-18 07:29:38','Ánh','Cầm','(061) 099 5116',1,NULL,NULL),(106,'mn.ninh','trac63@example.com','2025-10-18 07:29:38','$2y$12$6ZE0ANJvTJeHqxCVHgVsheLdxEMXKv2HuMSUxwQaZS.eAL2e39Mo6',NULL,NULL,NULL,'aducwwTyS1','2025-10-18 07:29:38','2025-10-18 07:29:38','Quỳnh','Thân','+84-128-113-2153',1,NULL,NULL),(107,'trieu09','phap.la@example.net','2025-10-18 07:29:38','$2y$12$6ZE0ANJvTJeHqxCVHgVsheLdxEMXKv2HuMSUxwQaZS.eAL2e39Mo6',NULL,NULL,NULL,'H3NPhJeXyl','2025-10-18 07:29:38','2025-10-18 07:29:38','Nhật','Hàn','+84-120-305-8685',1,NULL,NULL),(108,'lam.trinh','kien67@example.com','2025-10-18 07:29:38','$2y$12$6ZE0ANJvTJeHqxCVHgVsheLdxEMXKv2HuMSUxwQaZS.eAL2e39Mo6',NULL,NULL,NULL,'OkYrm71YwH','2025-10-18 07:29:38','2025-10-18 07:29:38','Đan','Khổng','056-743-6248',1,NULL,NULL),(109,'thc17','jlam@example.org','2025-10-18 07:29:38','$2y$12$6ZE0ANJvTJeHqxCVHgVsheLdxEMXKv2HuMSUxwQaZS.eAL2e39Mo6',NULL,NULL,NULL,'GxQRd3ZK82','2025-10-18 07:29:38','2025-10-18 07:29:38','Học','Mâu','+84-75-731-6325',1,NULL,NULL),(110,'ha08','tien42@example.net','2025-10-18 07:29:38','$2y$12$6ZE0ANJvTJeHqxCVHgVsheLdxEMXKv2HuMSUxwQaZS.eAL2e39Mo6',NULL,NULL,NULL,'tCLST3isiG','2025-10-18 07:29:38','2025-10-18 07:29:38','Vu','Liễu','(0123)614-6553',1,NULL,NULL),(111,'khoat43','lo.trieu@example.net','2025-10-18 07:29:38','$2y$12$6ZE0ANJvTJeHqxCVHgVsheLdxEMXKv2HuMSUxwQaZS.eAL2e39Mo6',NULL,NULL,NULL,'RCHNFBDb6c','2025-10-18 07:29:38','2025-10-18 07:29:38','Lý','Bửu','84-91-919-5645',1,NULL,NULL),(112,'viet.mau','nguyen.to@example.org','2025-10-18 07:29:38','$2y$12$6ZE0ANJvTJeHqxCVHgVsheLdxEMXKv2HuMSUxwQaZS.eAL2e39Mo6',NULL,NULL,NULL,'oYm58DrM22','2025-10-18 07:29:38','2025-10-18 07:29:38','Chi','Thi','(058)793-4212',1,NULL,NULL),(113,'phi80','nhi75@example.com','2025-10-18 07:29:38','$2y$12$6ZE0ANJvTJeHqxCVHgVsheLdxEMXKv2HuMSUxwQaZS.eAL2e39Mo6',NULL,NULL,NULL,'ybjis1Fhvd','2025-10-18 07:29:38','2025-10-18 07:29:38','Khanh','Chương','0241-203-0276',1,NULL,NULL),(114,'kha54','anh.toai@example.org','2025-10-18 07:29:38','$2y$12$6ZE0ANJvTJeHqxCVHgVsheLdxEMXKv2HuMSUxwQaZS.eAL2e39Mo6',NULL,NULL,NULL,'QtuT2SyNqb','2025-10-18 07:29:38','2025-10-18 07:29:38','Nhi','Nghiêm','(079)355-7197',1,NULL,NULL),(115,'suong97','trang43@example.org','2025-10-18 07:29:38','$2y$12$6ZE0ANJvTJeHqxCVHgVsheLdxEMXKv2HuMSUxwQaZS.eAL2e39Mo6',NULL,NULL,NULL,'Qc8cf8dPY0','2025-10-18 07:29:38','2025-10-18 07:29:38','Hường','Đan','+84-54-154-6079',1,NULL,NULL),(116,'thuy34','ydng@example.com','2025-10-18 07:29:38','$2y$12$6ZE0ANJvTJeHqxCVHgVsheLdxEMXKv2HuMSUxwQaZS.eAL2e39Mo6',NULL,NULL,NULL,'flgckYsxyI','2025-10-18 07:29:38','2025-10-18 07:29:38','Thực','Lữ','0510-693-2187',1,NULL,NULL),(117,'tra.khai','lam.u@example.com','2025-10-18 07:29:38','$2y$12$6ZE0ANJvTJeHqxCVHgVsheLdxEMXKv2HuMSUxwQaZS.eAL2e39Mo6',NULL,NULL,NULL,'2sJ12P90ij','2025-10-18 07:29:38','2025-10-18 07:29:38','Duyên','Trang','0129 917 7784',1,NULL,NULL),(118,'xdai','wtang@example.net','2025-10-18 07:29:38','$2y$12$6ZE0ANJvTJeHqxCVHgVsheLdxEMXKv2HuMSUxwQaZS.eAL2e39Mo6',NULL,NULL,NULL,'cWAIDN0fYv','2025-10-18 07:29:38','2025-10-18 07:29:38','Siêu','Trình','(0168)910-3295',1,NULL,NULL),(119,'lo.giap','khoa.khanh@example.com','2025-10-18 07:29:38','$2y$12$6ZE0ANJvTJeHqxCVHgVsheLdxEMXKv2HuMSUxwQaZS.eAL2e39Mo6',NULL,NULL,NULL,'D0vZPeJp6b','2025-10-18 07:29:38','2025-10-18 07:29:38','Khôi','Bá','84-240-039-4791',1,NULL,NULL),(120,'khoa76','than.lam@example.org','2025-10-18 07:29:38','$2y$12$6ZE0ANJvTJeHqxCVHgVsheLdxEMXKv2HuMSUxwQaZS.eAL2e39Mo6',NULL,NULL,NULL,'xtOEyZeIfV','2025-10-18 07:29:38','2025-10-18 07:29:38','Quân','Đổng','(0351) 655 1823',1,NULL,NULL),(121,'giang.giac','kha.hoa@example.com','2025-10-18 07:29:38','$2y$12$6ZE0ANJvTJeHqxCVHgVsheLdxEMXKv2HuMSUxwQaZS.eAL2e39Mo6',NULL,NULL,NULL,'AyR8q2eE4r','2025-10-18 07:29:38','2025-10-18 07:29:38','Thiện','Thạch','(84)(167)258-8730',1,NULL,NULL),(122,'nhu.cu','vphi@example.net','2025-10-18 07:29:38','$2y$12$6ZE0ANJvTJeHqxCVHgVsheLdxEMXKv2HuMSUxwQaZS.eAL2e39Mo6',NULL,NULL,NULL,'Hl7ivLE0LQ','2025-10-18 07:29:38','2025-10-18 07:29:38','Dụng','Giao','+84-92-894-6672',1,NULL,NULL),(123,'slac','dan.ninh@example.com','2025-10-18 07:29:38','$2y$12$6ZE0ANJvTJeHqxCVHgVsheLdxEMXKv2HuMSUxwQaZS.eAL2e39Mo6',NULL,NULL,NULL,'JYDXTIWFZe','2025-10-18 07:29:38','2025-10-18 07:29:38','Ngôn','Diêm','84-55-927-2127',1,NULL,NULL),(124,'li.van','cd@example.com','2025-10-18 07:29:38','$2y$12$6ZE0ANJvTJeHqxCVHgVsheLdxEMXKv2HuMSUxwQaZS.eAL2e39Mo6',NULL,NULL,NULL,'C5N7THkmiV','2025-10-18 07:29:38','2025-10-18 07:29:38','Quý','Hàng','+84-211-988-8252',1,NULL,NULL),(125,'sdng','wdai@example.com','2025-10-18 07:29:38','$2y$12$6ZE0ANJvTJeHqxCVHgVsheLdxEMXKv2HuMSUxwQaZS.eAL2e39Mo6',NULL,NULL,NULL,'00max4A9nL','2025-10-18 07:29:38','2025-10-18 07:29:38','Quyết','Mộc','(84)(61)876-8462',1,NULL,NULL),(126,'ton.vinh','mai.lc@example.org','2025-10-18 07:29:38','$2y$12$6ZE0ANJvTJeHqxCVHgVsheLdxEMXKv2HuMSUxwQaZS.eAL2e39Mo6',NULL,NULL,NULL,'HY35gj72dN','2025-10-18 07:29:38','2025-10-18 07:29:38','Lộ','Cấn','064 960 7931',1,NULL,NULL),(127,'htong','chinh.che@example.net','2025-10-18 07:29:38','$2y$12$6ZE0ANJvTJeHqxCVHgVsheLdxEMXKv2HuMSUxwQaZS.eAL2e39Mo6',NULL,NULL,NULL,'W4i439tHX5','2025-10-18 07:29:38','2025-10-18 07:29:38','Nhượng','Uông','(0121)668-9101',1,NULL,NULL),(128,'lam.to','xuan79@example.org','2025-10-18 07:29:38','$2y$12$6ZE0ANJvTJeHqxCVHgVsheLdxEMXKv2HuMSUxwQaZS.eAL2e39Mo6',NULL,NULL,NULL,'YdcYdIUEXE','2025-10-18 07:29:38','2025-10-18 07:29:38','Lâm','Trác','0511 685 1154',1,NULL,NULL),(129,'han64','tu.dan@example.net','2025-10-18 07:29:38','$2y$12$6ZE0ANJvTJeHqxCVHgVsheLdxEMXKv2HuMSUxwQaZS.eAL2e39Mo6',NULL,NULL,NULL,'xsyATZCBrJ','2025-10-18 07:29:38','2025-10-18 07:29:38','Hiệp','Lỡ','(068)795-8504',1,NULL,NULL),(130,'nghiem64','trinh.bao@example.org','2025-10-18 07:29:38','$2y$12$6ZE0ANJvTJeHqxCVHgVsheLdxEMXKv2HuMSUxwQaZS.eAL2e39Mo6',NULL,NULL,NULL,'qLHlIu810x','2025-10-18 07:29:38','2025-10-18 07:29:38','Ngân','Đan','(0218)026-5362',1,NULL,NULL),(131,'dung.trieu','ly.nha@example.com','2025-10-18 07:29:38','$2y$12$6ZE0ANJvTJeHqxCVHgVsheLdxEMXKv2HuMSUxwQaZS.eAL2e39Mo6',NULL,NULL,NULL,'oLvCq3Bagu','2025-10-18 07:29:38','2025-10-18 07:29:38','Nghị','Phí','0500 787 3237',0,NULL,NULL);
/*!40000 ALTER TABLE `users` ENABLE KEYS */;
UNLOCK TABLES;

--
-- Table structure for table `wishlist_items`
--

DROP TABLE IF EXISTS `wishlist_items`;
/*!40101 SET @saved_cs_client     = @@character_set_client */;
/*!50503 SET character_set_client = utf8mb4 */;
CREATE TABLE `wishlist_items` (
  `id` bigint(20) unsigned NOT NULL AUTO_INCREMENT,
  `wishlist_id` bigint(20) unsigned NOT NULL,
  `product_id` bigint(20) unsigned NOT NULL,
  `product_variant` longtext CHARACTER SET utf8mb4 COLLATE utf8mb4_bin DEFAULT NULL CHECK (json_valid(`product_variant`)),
  `price_when_added` decimal(10,2) DEFAULT NULL,
  `note` text DEFAULT NULL,
  `priority` int(10) unsigned NOT NULL DEFAULT 0,
  `notify_price_drop` tinyint(1) NOT NULL DEFAULT 0,
  `notify_back_in_stock` tinyint(1) NOT NULL DEFAULT 0,
  `notified_at` timestamp NULL DEFAULT NULL,
  `created_at` timestamp NULL DEFAULT NULL,
  `updated_at` timestamp NULL DEFAULT NULL,
  PRIMARY KEY (`id`),
  UNIQUE KEY `wishlist_items_wishlist_id_product_id_unique` (`wishlist_id`,`product_id`),
  KEY `wishlist_items_wishlist_id_priority_index` (`wishlist_id`,`priority`),
  KEY `wishlist_items_product_id_created_at_index` (`product_id`,`created_at`),
  KEY `wishlist_items_notify_price_drop_notify_back_in_stock_index` (`notify_price_drop`,`notify_back_in_stock`),
  CONSTRAINT `wishlist_items_product_id_foreign` FOREIGN KEY (`product_id`) REFERENCES `products` (`product_id`) ON DELETE CASCADE,
  CONSTRAINT `wishlist_items_wishlist_id_foreign` FOREIGN KEY (`wishlist_id`) REFERENCES `wishlists` (`id`) ON DELETE CASCADE
) ENGINE=InnoDB DEFAULT CHARSET=utf8mb4 COLLATE=utf8mb4_unicode_ci;
/*!40101 SET character_set_client = @saved_cs_client */;

--
-- Dumping data for table `wishlist_items`
--

LOCK TABLES `wishlist_items` WRITE;
/*!40000 ALTER TABLE `wishlist_items` DISABLE KEYS */;
/*!40000 ALTER TABLE `wishlist_items` ENABLE KEYS */;
UNLOCK TABLES;

--
-- Table structure for table `wishlists`
--

DROP TABLE IF EXISTS `wishlists`;
/*!40101 SET @saved_cs_client     = @@character_set_client */;
/*!50503 SET character_set_client = utf8mb4 */;
CREATE TABLE `wishlists` (
  `id` bigint(20) unsigned NOT NULL AUTO_INCREMENT,
  `user_id` bigint(20) unsigned NOT NULL,
  `name` varchar(100) NOT NULL DEFAULT 'My Wishlist',
  `description` text DEFAULT NULL,
  `privacy` enum('private','public','shared') NOT NULL DEFAULT 'private',
  `is_default` tinyint(1) NOT NULL DEFAULT 0,
  `items_count` int(10) unsigned NOT NULL DEFAULT 0,
  `created_at` timestamp NULL DEFAULT NULL,
  `updated_at` timestamp NULL DEFAULT NULL,
  PRIMARY KEY (`id`),
  KEY `wishlists_user_id_is_default_index` (`user_id`,`is_default`),
  KEY `wishlists_privacy_created_at_index` (`privacy`,`created_at`),
  CONSTRAINT `wishlists_user_id_foreign` FOREIGN KEY (`user_id`) REFERENCES `users` (`id`) ON DELETE CASCADE
) ENGINE=InnoDB DEFAULT CHARSET=utf8mb4 COLLATE=utf8mb4_unicode_ci;
/*!40101 SET character_set_client = @saved_cs_client */;

--
-- Dumping data for table `wishlists`
--

LOCK TABLES `wishlists` WRITE;
/*!40000 ALTER TABLE `wishlists` DISABLE KEYS */;
/*!40000 ALTER TABLE `wishlists` ENABLE KEYS */;
UNLOCK TABLES;

--
-- Dumping events for database 'shop_nest_db'
--

--
-- Dumping routines for database 'shop_nest_db'
--
/*!40103 SET TIME_ZONE=@OLD_TIME_ZONE */;

/*!40101 SET SQL_MODE=@OLD_SQL_MODE */;
/*!40014 SET FOREIGN_KEY_CHECKS=@OLD_FOREIGN_KEY_CHECKS */;
/*!40014 SET UNIQUE_CHECKS=@OLD_UNIQUE_CHECKS */;
/*!40101 SET CHARACTER_SET_CLIENT=@OLD_CHARACTER_SET_CLIENT */;
/*!40101 SET CHARACTER_SET_RESULTS=@OLD_CHARACTER_SET_RESULTS */;
/*!40101 SET COLLATION_CONNECTION=@OLD_COLLATION_CONNECTION */;
/*!40111 SET SQL_NOTES=@OLD_SQL_NOTES */;

-- Dump completed on 2025-10-19  1:50:43
