CREATE DATABASE  IF NOT EXISTS `shop_nest_db` /*!40100 DEFAULT CHARACTER SET utf8mb4 COLLATE utf8mb4_general_ci */;
USE `shop_nest_db`;
-- MySQL dump 10.13  Distrib 8.0.41, for Win64 (x86_64)
--
-- Host: localhost    Database: shop_nest_db
-- ------------------------------------------------------
-- Server version	5.5.5-10.4.32-MariaDB

/*!40101 SET @OLD_CHARACTER_SET_CLIENT=@@CHARACTER_SET_CLIENT */;
/*!40101 SET @OLD_CHARACTER_SET_RESULTS=@@CHARACTER_SET_RESULTS */;
/*!40101 SET @OLD_COLLATION_CONNECTION=@@COLLATION_CONNECTION */;
/*!50503 SET NAMES utf8 */;
/*!40103 SET @OLD_TIME_ZONE=@@TIME_ZONE */;
/*!40103 SET TIME_ZONE='+00:00' */;
/*!40014 SET @OLD_UNIQUE_CHECKS=@@UNIQUE_CHECKS, UNIQUE_CHECKS=0 */;
/*!40014 SET @OLD_FOREIGN_KEY_CHECKS=@@FOREIGN_KEY_CHECKS, FOREIGN_KEY_CHECKS=0 */;
/*!40101 SET @OLD_SQL_MODE=@@SQL_MODE, SQL_MODE='NO_AUTO_VALUE_ON_ZERO' */;
/*!40111 SET @OLD_SQL_NOTES=@@SQL_NOTES, SQL_NOTES=0 */;

--
-- Table structure for table `administrative_divisions`
--

DROP TABLE IF EXISTS `administrative_divisions`;
/*!40101 SET @saved_cs_client     = @@character_set_client */;
/*!50503 SET character_set_client = utf8mb4 */;
CREATE TABLE `administrative_divisions` (
  `id` bigint(20) unsigned NOT NULL AUTO_INCREMENT,
  `country_id` bigint(20) unsigned NOT NULL,
  `parent_id` bigint(20) unsigned DEFAULT NULL,
  `name` longtext CHARACTER SET utf8mb4 COLLATE utf8mb4_bin NOT NULL CHECK (json_valid(`name`)),
  `level` int(11) NOT NULL,
  `code` varchar(255) DEFAULT NULL,
  `created_at` timestamp NULL DEFAULT NULL,
  `updated_at` timestamp NULL DEFAULT NULL,
  PRIMARY KEY (`id`),
  KEY `administrative_divisions_country_id_foreign` (`country_id`),
  KEY `administrative_divisions_parent_id_foreign` (`parent_id`),
  CONSTRAINT `administrative_divisions_country_id_foreign` FOREIGN KEY (`country_id`) REFERENCES `countries` (`id`),
  CONSTRAINT `administrative_divisions_parent_id_foreign` FOREIGN KEY (`parent_id`) REFERENCES `administrative_divisions` (`id`)
) ENGINE=InnoDB DEFAULT CHARSET=utf8mb4 COLLATE=utf8mb4_unicode_ci;
/*!40101 SET character_set_client = @saved_cs_client */;

--
-- Dumping data for table `administrative_divisions`
--

LOCK TABLES `administrative_divisions` WRITE;
/*!40000 ALTER TABLE `administrative_divisions` DISABLE KEYS */;
/*!40000 ALTER TABLE `administrative_divisions` ENABLE KEYS */;
UNLOCK TABLES;

--
-- Table structure for table `attribute_value_product_variant`
--

DROP TABLE IF EXISTS `attribute_value_product_variant`;
/*!40101 SET @saved_cs_client     = @@character_set_client */;
/*!50503 SET character_set_client = utf8mb4 */;
CREATE TABLE `attribute_value_product_variant` (
  `product_variant_id` bigint(20) unsigned NOT NULL,
  `attribute_value_id` bigint(20) unsigned NOT NULL,
  PRIMARY KEY (`product_variant_id`,`attribute_value_id`),
  KEY `attribute_value_product_variant_attribute_value_id_foreign` (`attribute_value_id`),
  CONSTRAINT `attribute_value_product_variant_attribute_value_id_foreign` FOREIGN KEY (`attribute_value_id`) REFERENCES `attribute_values` (`attribute_value_id`) ON DELETE CASCADE,
  CONSTRAINT `attribute_value_product_variant_product_variant_id_foreign` FOREIGN KEY (`product_variant_id`) REFERENCES `product_variants` (`variant_id`) ON DELETE CASCADE
) ENGINE=InnoDB DEFAULT CHARSET=utf8mb4 COLLATE=utf8mb4_unicode_ci;
/*!40101 SET character_set_client = @saved_cs_client */;

--
-- Dumping data for table `attribute_value_product_variant`
--

LOCK TABLES `attribute_value_product_variant` WRITE;
/*!40000 ALTER TABLE `attribute_value_product_variant` DISABLE KEYS */;
INSERT INTO `attribute_value_product_variant` VALUES (1,2),(2,1),(3,5),(3,12),(4,5),(4,9),(5,5),(5,8),(6,11),(7,10),(8,9),(9,12),(10,6),(11,3),(12,4),(13,10),(14,13),(15,8),(16,3),(17,8),(18,13),(19,11),(20,10),(21,5),(21,10),(22,5),(22,9),(23,3),(23,10),(24,3),(24,9),(25,13),(26,8),(27,11),(28,5),(29,3),(30,1),(31,13),(32,9),(33,11),(34,6),(35,1),(36,7),(37,13),(38,9),(39,11),(40,13),(41,8),(42,4),(43,2),(44,7),(45,3),(46,4),(47,6),(48,7),(49,1),(50,7),(51,5),(52,4),(53,4),(54,7),(55,12),(56,9),(57,4),(58,5),(59,1),(60,13),(61,8),(62,1),(63,3),(64,1),(65,9),(66,12),(67,10),(68,9),(69,6),(70,9),(71,8),(72,11),(73,7),(74,6),(75,12),(76,9),(77,13),(78,13),(79,8),(80,13),(81,2),(82,7),(83,7),(83,8),(84,7),(84,11),(85,7),(85,9),(86,1),(87,2),(88,6),(89,3),(89,9),(90,2),(90,9),(91,5),(91,9),(92,10),(93,12),(94,8),(95,4),(96,3),(97,5),(98,7),(99,3),(100,1),(101,11),(102,12),(103,2),(104,6),(105,1),(106,5),(107,3),(108,6),(109,7),(110,8),(111,13),(112,10),(113,9),(114,4),(115,7),(116,1),(117,11),(118,9),(119,3),(120,10),(121,13),(122,12),(123,11),(124,12),(125,11),(126,11),(127,12),(128,9),(129,11),(130,11),(131,12),(132,3),(133,5),(134,2),(134,8),(135,3),(135,8),(136,11),(137,8);
/*!40000 ALTER TABLE `attribute_value_product_variant` ENABLE KEYS */;
UNLOCK TABLES;

--
-- Table structure for table `attribute_values`
--

DROP TABLE IF EXISTS `attribute_values`;
/*!40101 SET @saved_cs_client     = @@character_set_client */;
/*!50503 SET character_set_client = utf8mb4 */;
CREATE TABLE `attribute_values` (
  `attribute_value_id` bigint(20) unsigned NOT NULL AUTO_INCREMENT,
  `attribute_id` bigint(20) unsigned NOT NULL,
  `value` varchar(255) NOT NULL COMMENT 'e.g., Red, Large, 256GB',
  PRIMARY KEY (`attribute_value_id`),
  KEY `attribute_values_attribute_id_foreign` (`attribute_id`),
  CONSTRAINT `attribute_values_attribute_id_foreign` FOREIGN KEY (`attribute_id`) REFERENCES `attributes` (`attribute_id`) ON DELETE CASCADE
) ENGINE=InnoDB AUTO_INCREMENT=24 DEFAULT CHARSET=utf8mb4 COLLATE=utf8mb4_unicode_ci;
/*!40101 SET character_set_client = @saved_cs_client */;

--
-- Dumping data for table `attribute_values`
--

LOCK TABLES `attribute_values` WRITE;
/*!40000 ALTER TABLE `attribute_values` DISABLE KEYS */;
INSERT INTO `attribute_values` VALUES (1,1,'Đỏ'),(2,1,'Xanh dương'),(3,1,'Vàng'),(4,1,'Trắng'),(5,1,'Đen'),(6,1,'Hồng'),(7,1,'Xám'),(8,2,'S'),(9,2,'M'),(10,2,'L'),(11,2,'XL'),(12,2,'XXL'),(13,2,'Free size'),(14,3,'64GB'),(15,3,'128GB'),(16,3,'256GB'),(17,3,'512GB'),(18,3,'1TB'),(19,4,'Cotton'),(20,4,'Vải lụa'),(21,4,'Nhựa'),(22,4,'Kim loại'),(23,4,'Da');
/*!40000 ALTER TABLE `attribute_values` ENABLE KEYS */;
UNLOCK TABLES;

--
-- Table structure for table `attributes`
--

DROP TABLE IF EXISTS `attributes`;
/*!40101 SET @saved_cs_client     = @@character_set_client */;
/*!50503 SET character_set_client = utf8mb4 */;
CREATE TABLE `attributes` (
  `attribute_id` bigint(20) unsigned NOT NULL AUTO_INCREMENT,
  `name` varchar(255) NOT NULL COMMENT 'e.g., Color, Size, Storage',
  PRIMARY KEY (`attribute_id`),
  UNIQUE KEY `attributes_name_unique` (`name`)
) ENGINE=InnoDB AUTO_INCREMENT=5 DEFAULT CHARSET=utf8mb4 COLLATE=utf8mb4_unicode_ci;
/*!40101 SET character_set_client = @saved_cs_client */;

--
-- Dumping data for table `attributes`
--

LOCK TABLES `attributes` WRITE;
/*!40000 ALTER TABLE `attributes` DISABLE KEYS */;
INSERT INTO `attributes` VALUES (4,'Chất liệu'),(3,'Dung lượng'),(2,'Kích thước'),(1,'Màu sắc');
/*!40000 ALTER TABLE `attributes` ENABLE KEYS */;
UNLOCK TABLES;

--
-- Table structure for table `brands`
--

DROP TABLE IF EXISTS `brands`;
/*!40101 SET @saved_cs_client     = @@character_set_client */;
/*!50503 SET character_set_client = utf8mb4 */;
CREATE TABLE `brands` (
  `brand_id` bigint(20) unsigned NOT NULL AUTO_INCREMENT,
  `name` varchar(100) NOT NULL,
  `description` varchar(500) DEFAULT NULL,
  `logo_url` varchar(255) DEFAULT NULL,
  `is_active` tinyint(1) NOT NULL DEFAULT 1,
  `created_at` timestamp NULL DEFAULT NULL,
  `updated_at` timestamp NULL DEFAULT NULL,
  `deleted_at` timestamp NULL DEFAULT NULL,
  PRIMARY KEY (`brand_id`)
) ENGINE=InnoDB AUTO_INCREMENT=24 DEFAULT CHARSET=utf8mb4 COLLATE=utf8mb4_unicode_ci;
/*!40101 SET character_set_client = @saved_cs_client */;

--
-- Dumping data for table `brands`
--

LOCK TABLES `brands` WRITE;
/*!40000 ALTER TABLE `brands` DISABLE KEYS */;
INSERT INTO `brands` VALUES (1,'Apple','Natus tempora maiores fugiat quibusdam quia veritatis.',NULL,1,'2025-10-02 01:33:05','2025-10-02 01:33:05',NULL),(2,'Samsung','Voluptatem voluptatem vero doloremque rerum qui.',NULL,1,'2025-10-02 01:33:05','2025-10-02 01:33:05',NULL),(3,'Xiaomi','Quia nesciunt a ea fuga soluta quo.',NULL,1,'2025-10-02 01:33:05','2025-10-02 01:33:05',NULL),(4,'Sony','Expedita commodi eligendi et qui optio qui.',NULL,1,'2025-10-02 01:33:05','2025-10-02 01:33:05',NULL),(5,'LG','Voluptas qui veniam et labore vero dignissimos fugit.',NULL,1,'2025-10-02 01:33:05','2025-10-02 01:33:05',NULL),(6,'Nike','Dolores quis at sed molestiae quia fugit.',NULL,1,'2025-10-02 01:33:05','2025-10-02 01:33:05',NULL),(7,'Adidas','Magnam qui eius rerum nemo.',NULL,1,'2025-10-02 01:33:05','2025-10-02 01:33:05',NULL),(8,'Puma','Dolorem animi non veritatis deserunt.',NULL,1,'2025-10-02 01:33:05','2025-10-02 01:33:05',NULL),(9,'Uniqlo','Quas officia repellat explicabo totam nihil.',NULL,1,'2025-10-02 01:33:05','2025-10-02 01:33:05',NULL),(10,'H&M','Reiciendis et nobis rerum ipsa consequatur.',NULL,1,'2025-10-02 01:33:05','2025-10-02 01:33:05',NULL),(11,'Zara','Vel deleniti nihil repellat et est libero nostrum.',NULL,1,'2025-10-02 01:33:05','2025-10-02 01:33:05',NULL),(12,'Dell','Praesentium ipsa totam est sunt.',NULL,1,'2025-10-02 01:33:05','2025-10-02 01:33:05',NULL),(13,'HP','Hic dolorem sequi ut qui cupiditate aut ad.',NULL,1,'2025-10-02 01:33:05','2025-10-02 01:33:05',NULL),(14,'Asus','Tempora aut est deserunt quam a.',NULL,1,'2025-10-02 01:33:05','2025-10-02 01:33:05',NULL),(15,'Lenovo','Nulla necessitatibus deserunt cum dolore eos cumque.',NULL,1,'2025-10-02 01:33:05','2025-10-02 01:33:05',NULL),(16,'Canon','Quam molestiae quo tempora eius minus.',NULL,1,'2025-10-02 01:33:05','2025-10-02 01:33:05',NULL),(17,'Nikon','Saepe quidem error facere dolor sunt qui.',NULL,1,'2025-10-02 01:33:05','2025-10-02 01:33:05',NULL),(18,'Casio','Ipsum non sit ex consectetur sit quia.',NULL,1,'2025-10-02 01:33:05','2025-10-02 01:33:05',NULL),(19,'Logitech','Quod dignissimos magnam minima minus.',NULL,1,'2025-10-02 01:33:05','2025-10-02 01:33:05',NULL),(20,'Anker','Laborum odio corrupti et inventore qui.',NULL,1,'2025-10-02 01:33:05','2025-10-02 01:33:05',NULL),(21,'Simple','Fuga aliquam sunt iste.',NULL,1,'2025-10-02 01:33:05','2025-10-02 01:33:05',NULL),(22,'La Roche-Posay','Eligendi velit est officia expedita.',NULL,1,'2025-10-02 01:33:05','2025-10-02 01:33:05',NULL),(23,'Nhã Nam','Autem qui non sint soluta ut odio dignissimos fuga.',NULL,1,'2025-10-02 01:33:05','2025-10-02 01:33:05',NULL);
/*!40000 ALTER TABLE `brands` ENABLE KEYS */;
UNLOCK TABLES;

--
-- Table structure for table `cache`
--

DROP TABLE IF EXISTS `cache`;
/*!40101 SET @saved_cs_client     = @@character_set_client */;
/*!50503 SET character_set_client = utf8mb4 */;
CREATE TABLE `cache` (
  `key` varchar(255) NOT NULL,
  `value` mediumtext NOT NULL,
  `expiration` int(11) NOT NULL,
  PRIMARY KEY (`key`)
) ENGINE=InnoDB DEFAULT CHARSET=utf8mb4 COLLATE=utf8mb4_unicode_ci;
/*!40101 SET character_set_client = @saved_cs_client */;

--
-- Dumping data for table `cache`
--

LOCK TABLES `cache` WRITE;
/*!40000 ALTER TABLE `cache` DISABLE KEYS */;
/*!40000 ALTER TABLE `cache` ENABLE KEYS */;
UNLOCK TABLES;

--
-- Table structure for table `cache_locks`
--

DROP TABLE IF EXISTS `cache_locks`;
/*!40101 SET @saved_cs_client     = @@character_set_client */;
/*!50503 SET character_set_client = utf8mb4 */;
CREATE TABLE `cache_locks` (
  `key` varchar(255) NOT NULL,
  `owner` varchar(255) NOT NULL,
  `expiration` int(11) NOT NULL,
  PRIMARY KEY (`key`)
) ENGINE=InnoDB DEFAULT CHARSET=utf8mb4 COLLATE=utf8mb4_unicode_ci;
/*!40101 SET character_set_client = @saved_cs_client */;

--
-- Dumping data for table `cache_locks`
--

LOCK TABLES `cache_locks` WRITE;
/*!40000 ALTER TABLE `cache_locks` DISABLE KEYS */;
/*!40000 ALTER TABLE `cache_locks` ENABLE KEYS */;
UNLOCK TABLES;

--
-- Table structure for table `cart_items`
--

DROP TABLE IF EXISTS `cart_items`;
/*!40101 SET @saved_cs_client     = @@character_set_client */;
/*!50503 SET character_set_client = utf8mb4 */;
CREATE TABLE `cart_items` (
  `cart_item_id` bigint(20) unsigned NOT NULL AUTO_INCREMENT,
  `user_id` bigint(20) unsigned NOT NULL,
  `variant_id` bigint(20) unsigned NOT NULL,
  `quantity` int(11) NOT NULL,
  `created_at` timestamp NULL DEFAULT NULL,
  `updated_at` timestamp NULL DEFAULT NULL,
  PRIMARY KEY (`cart_item_id`),
  UNIQUE KEY `cart_items_user_id_variant_id_unique` (`user_id`,`variant_id`),
  KEY `cart_items_variant_id_foreign` (`variant_id`),
  CONSTRAINT `cart_items_user_id_foreign` FOREIGN KEY (`user_id`) REFERENCES `users` (`id`) ON DELETE CASCADE,
  CONSTRAINT `cart_items_variant_id_foreign` FOREIGN KEY (`variant_id`) REFERENCES `product_variants` (`variant_id`) ON DELETE CASCADE
) ENGINE=InnoDB AUTO_INCREMENT=48 DEFAULT CHARSET=utf8mb4 COLLATE=utf8mb4_unicode_ci;
/*!40101 SET character_set_client = @saved_cs_client */;

--
-- Dumping data for table `cart_items`
--

LOCK TABLES `cart_items` WRITE;
/*!40000 ALTER TABLE `cart_items` DISABLE KEYS */;
INSERT INTO `cart_items` VALUES (1,22,21,1,'2025-10-02 01:33:06','2025-10-02 01:33:06'),(2,22,29,2,'2025-10-02 01:33:06','2025-10-02 01:33:06'),(3,22,39,1,'2025-10-02 01:33:06','2025-10-02 01:33:06'),(4,22,92,1,'2025-10-02 01:33:06','2025-10-02 01:33:06'),(5,22,129,1,'2025-10-02 01:33:06','2025-10-02 01:33:06'),(6,28,19,2,'2025-10-02 01:33:06','2025-10-02 01:33:06'),(7,28,61,2,'2025-10-02 01:33:06','2025-10-02 01:33:06'),(8,28,63,2,'2025-10-02 01:33:06','2025-10-02 01:33:06'),(9,28,79,1,'2025-10-02 01:33:06','2025-10-02 01:33:06'),(10,34,66,1,'2025-10-02 01:33:06','2025-10-02 01:33:06'),(11,34,83,2,'2025-10-02 01:33:06','2025-10-02 01:33:06'),(12,35,13,2,'2025-10-02 01:33:06','2025-10-02 01:33:06'),(13,35,54,1,'2025-10-02 01:33:06','2025-10-02 01:33:06'),(14,35,76,1,'2025-10-02 01:33:06','2025-10-02 01:33:06'),(15,43,8,2,'2025-10-02 01:33:06','2025-10-02 01:33:06'),(16,43,114,2,'2025-10-02 01:33:06','2025-10-02 01:33:06'),(17,50,57,1,'2025-10-02 01:33:06','2025-10-02 01:33:06'),(18,50,104,1,'2025-10-02 01:33:06','2025-10-02 01:33:06'),(19,50,130,2,'2025-10-02 01:33:06','2025-10-02 01:33:06'),(20,54,1,1,'2025-10-02 01:33:06','2025-10-02 01:33:06'),(21,54,25,2,'2025-10-02 01:33:06','2025-10-02 01:33:06'),(22,54,59,2,'2025-10-02 01:33:06','2025-10-02 01:33:06'),(23,54,69,2,'2025-10-02 01:33:06','2025-10-02 01:33:06'),(24,55,25,1,'2025-10-02 01:33:06','2025-10-02 01:33:06'),(25,55,62,1,'2025-10-02 01:33:06','2025-10-02 01:33:06'),(26,55,134,1,'2025-10-02 01:33:06','2025-10-02 01:33:06'),(27,62,127,2,'2025-10-02 01:33:06','2025-10-02 01:33:06'),(28,63,45,1,'2025-10-02 01:33:06','2025-10-02 01:33:06'),(29,63,94,1,'2025-10-02 01:33:07','2025-10-02 01:33:07'),(30,63,134,2,'2025-10-02 01:33:07','2025-10-02 01:33:07'),(31,70,4,2,'2025-10-02 01:33:07','2025-10-02 01:33:07'),(32,70,54,2,'2025-10-02 01:33:07','2025-10-02 01:33:07'),(33,70,90,2,'2025-10-02 01:33:07','2025-10-02 01:33:07'),(34,70,112,1,'2025-10-02 01:33:07','2025-10-02 01:33:07'),(35,70,118,1,'2025-10-02 01:33:07','2025-10-02 01:33:07'),(36,92,50,2,'2025-10-02 01:33:07','2025-10-02 01:33:07'),(37,92,93,2,'2025-10-02 01:33:07','2025-10-02 01:33:07'),(38,101,16,1,'2025-10-02 01:33:07','2025-10-02 01:33:07'),(39,101,49,1,'2025-10-02 01:33:07','2025-10-02 01:33:07'),(40,101,52,1,'2025-10-02 01:33:07','2025-10-02 01:33:07'),(41,101,75,1,'2025-10-02 01:33:07','2025-10-02 01:33:07'),(42,111,71,1,'2025-10-02 01:33:07','2025-10-02 01:33:07'),(43,111,93,2,'2025-10-02 01:33:07','2025-10-02 01:33:07'),(44,111,105,1,'2025-10-02 01:33:07','2025-10-02 01:33:07'),(45,121,18,2,'2025-10-02 01:33:07','2025-10-02 01:33:07'),(46,121,86,1,'2025-10-02 01:33:07','2025-10-02 01:33:07'),(47,121,132,1,'2025-10-02 01:33:07','2025-10-02 01:33:07');
/*!40000 ALTER TABLE `cart_items` ENABLE KEYS */;
UNLOCK TABLES;

--
-- Table structure for table `categories`
--

DROP TABLE IF EXISTS `categories`;
/*!40101 SET @saved_cs_client     = @@character_set_client */;
/*!50503 SET character_set_client = utf8mb4 */;
CREATE TABLE `categories` (
  `category_id` bigint(20) unsigned NOT NULL AUTO_INCREMENT,
  `name` longtext CHARACTER SET utf8mb4 COLLATE utf8mb4_bin NOT NULL CHECK (json_valid(`name`)),
  `description` longtext CHARACTER SET utf8mb4 COLLATE utf8mb4_bin DEFAULT NULL CHECK (json_valid(`description`)),
  `image_url` varchar(255) DEFAULT NULL,
  `parent_category_id` bigint(20) unsigned DEFAULT NULL,
  `is_active` tinyint(1) NOT NULL DEFAULT 1,
  `created_at` timestamp NULL DEFAULT NULL,
  `updated_at` timestamp NULL DEFAULT NULL,
  `deleted_at` timestamp NULL DEFAULT NULL,
  PRIMARY KEY (`category_id`),
  KEY `categories_parent_category_id_foreign` (`parent_category_id`),
  CONSTRAINT `categories_parent_category_id_foreign` FOREIGN KEY (`parent_category_id`) REFERENCES `categories` (`category_id`) ON DELETE SET NULL
) ENGINE=InnoDB AUTO_INCREMENT=28 DEFAULT CHARSET=utf8mb4 COLLATE=utf8mb4_unicode_ci;
/*!40101 SET character_set_client = @saved_cs_client */;

--
-- Dumping data for table `categories`
--

LOCK TABLES `categories` WRITE;
/*!40000 ALTER TABLE `categories` DISABLE KEYS */;
INSERT INTO `categories` VALUES (1,'{\"en\":\"Fashion\",\"vi\":\"Th\\u1eddi trang\"}','{\"en\":\"Products in Fashion category\",\"vi\":\"C\\u00e1c s\\u1ea3n ph\\u1ea9m thu\\u1ed9c danh m\\u1ee5c Th\\u1eddi trang\"}','https://via.placeholder.com/600x400.png/00aa88?text=Category',NULL,1,'2025-10-02 01:33:05','2025-10-02 01:33:05',NULL),(2,'{\"en\":\"Men\'s Clothing\",\"vi\":\"\\u00c1o Nam\"}','{\"en\":\"Products in Men\'s Clothing category\",\"vi\":\"C\\u00e1c s\\u1ea3n ph\\u1ea9m thu\\u1ed9c danh m\\u1ee5c \\u00c1o Nam\"}','https://via.placeholder.com/600x400.png/00aa88?text=Category',1,1,'2025-10-02 01:33:05','2025-10-02 01:33:05',NULL),(3,'{\"en\":\"Men\'s Pants\",\"vi\":\"Qu\\u1ea7n Nam\"}','{\"en\":\"Products in Men\'s Pants category\",\"vi\":\"C\\u00e1c s\\u1ea3n ph\\u1ea9m thu\\u1ed9c danh m\\u1ee5c Qu\\u1ea7n Nam\"}','https://via.placeholder.com/600x400.png/00aa88?text=Category',1,1,'2025-10-02 01:33:05','2025-10-02 01:33:05',NULL),(4,'{\"en\":\"Women\'s Clothing\",\"vi\":\"\\u00c1o N\\u1eef\"}','{\"en\":\"Products in Women\'s Clothing category\",\"vi\":\"C\\u00e1c s\\u1ea3n ph\\u1ea9m thu\\u1ed9c danh m\\u1ee5c \\u00c1o N\\u1eef\"}','https://via.placeholder.com/600x400.png/00aa88?text=Category',1,1,'2025-10-02 01:33:05','2025-10-02 01:33:05',NULL),(5,'{\"en\":\"Women\'s Dresses\",\"vi\":\"V\\u00e1y N\\u1eef\"}','{\"en\":\"Products in Women\'s Dresses category\",\"vi\":\"C\\u00e1c s\\u1ea3n ph\\u1ea9m thu\\u1ed9c danh m\\u1ee5c V\\u00e1y N\\u1eef\"}','https://via.placeholder.com/600x400.png/00aa88?text=Category',1,1,'2025-10-02 01:33:05','2025-10-02 01:33:05',NULL),(6,'{\"en\":\"Accessories\",\"vi\":\"Ph\\u1ee5 ki\\u1ec7n\"}','{\"en\":\"Products in Accessories category\",\"vi\":\"C\\u00e1c s\\u1ea3n ph\\u1ea9m thu\\u1ed9c danh m\\u1ee5c Ph\\u1ee5 ki\\u1ec7n\"}','https://via.placeholder.com/600x400.png/00aa88?text=Category',1,1,'2025-10-02 01:33:05','2025-10-02 01:33:05',NULL),(7,'{\"en\":\"Electronics\",\"vi\":\"\\u0110i\\u1ec7n t\\u1eed\"}','{\"en\":\"Products in Electronics category\",\"vi\":\"C\\u00e1c s\\u1ea3n ph\\u1ea9m thu\\u1ed9c danh m\\u1ee5c \\u0110i\\u1ec7n t\\u1eed\"}','https://via.placeholder.com/600x400.png/00aa88?text=Category',NULL,1,'2025-10-02 01:33:05','2025-10-02 01:33:05',NULL),(8,'{\"en\":\"Mobile Phones\",\"vi\":\"\\u0110i\\u1ec7n tho\\u1ea1i\"}','{\"en\":\"Products in Mobile Phones category\",\"vi\":\"C\\u00e1c s\\u1ea3n ph\\u1ea9m thu\\u1ed9c danh m\\u1ee5c \\u0110i\\u1ec7n tho\\u1ea1i\"}','https://via.placeholder.com/600x400.png/00aa88?text=Category',7,1,'2025-10-02 01:33:05','2025-10-02 01:33:05',NULL),(9,'{\"en\":\"Tablets\",\"vi\":\"M\\u00e1y t\\u00ednh b\\u1ea3ng\"}','{\"en\":\"Products in Tablets category\",\"vi\":\"C\\u00e1c s\\u1ea3n ph\\u1ea9m thu\\u1ed9c danh m\\u1ee5c M\\u00e1y t\\u00ednh b\\u1ea3ng\"}','https://via.placeholder.com/600x400.png/00aa88?text=Category',7,1,'2025-10-02 01:33:05','2025-10-02 01:33:05',NULL),(10,'{\"en\":\"Laptops\",\"vi\":\"Laptop\"}','{\"en\":\"Products in Laptops category\",\"vi\":\"C\\u00e1c s\\u1ea3n ph\\u1ea9m thu\\u1ed9c danh m\\u1ee5c Laptop\"}','https://via.placeholder.com/600x400.png/00aa88?text=Category',7,1,'2025-10-02 01:33:05','2025-10-02 01:33:05',NULL),(11,'{\"en\":\"Headphones\",\"vi\":\"Tai nghe\"}','{\"en\":\"Products in Headphones category\",\"vi\":\"C\\u00e1c s\\u1ea3n ph\\u1ea9m thu\\u1ed9c danh m\\u1ee5c Tai nghe\"}','https://via.placeholder.com/600x400.png/00aa88?text=Category',7,1,'2025-10-02 01:33:05','2025-10-02 01:33:05',NULL),(12,'{\"en\":\"Speakers\",\"vi\":\"Loa\"}','{\"en\":\"Products in Speakers category\",\"vi\":\"C\\u00e1c s\\u1ea3n ph\\u1ea9m thu\\u1ed9c danh m\\u1ee5c Loa\"}','https://via.placeholder.com/600x400.png/00aa88?text=Category',7,1,'2025-10-02 01:33:05','2025-10-02 01:33:05',NULL),(13,'{\"en\":\"Home & Living\",\"vi\":\"Nh\\u00e0 c\\u1eeda & \\u0110\\u1eddi s\\u1ed1ng\"}','{\"en\":\"Products in Home & Living category\",\"vi\":\"C\\u00e1c s\\u1ea3n ph\\u1ea9m thu\\u1ed9c danh m\\u1ee5c Nh\\u00e0 c\\u1eeda & \\u0110\\u1eddi s\\u1ed1ng\"}','https://via.placeholder.com/600x400.png/00aa88?text=Category',NULL,1,'2025-10-02 01:33:05','2025-10-02 01:33:05',NULL),(14,'{\"en\":\"Kitchen Appliances\",\"vi\":\"\\u0110\\u1ed3 d\\u00f9ng nh\\u00e0 b\\u1ebfp\"}','{\"en\":\"Products in Kitchen Appliances category\",\"vi\":\"C\\u00e1c s\\u1ea3n ph\\u1ea9m thu\\u1ed9c danh m\\u1ee5c \\u0110\\u1ed3 d\\u00f9ng nh\\u00e0 b\\u1ebfp\"}','https://via.placeholder.com/600x400.png/00aa88?text=Category',13,1,'2025-10-02 01:33:05','2025-10-02 01:33:05',NULL),(15,'{\"en\":\"Home Decor\",\"vi\":\"Trang tr\\u00ed nh\\u00e0 c\\u1eeda\"}','{\"en\":\"Products in Home Decor category\",\"vi\":\"C\\u00e1c s\\u1ea3n ph\\u1ea9m thu\\u1ed9c danh m\\u1ee5c Trang tr\\u00ed nh\\u00e0 c\\u1eeda\"}','https://via.placeholder.com/600x400.png/00aa88?text=Category',13,1,'2025-10-02 01:33:05','2025-10-02 01:33:05',NULL),(16,'{\"en\":\"Furniture\",\"vi\":\"N\\u1ed9i th\\u1ea5t\"}','{\"en\":\"Products in Furniture category\",\"vi\":\"C\\u00e1c s\\u1ea3n ph\\u1ea9m thu\\u1ed9c danh m\\u1ee5c N\\u1ed9i th\\u1ea5t\"}','https://via.placeholder.com/600x400.png/00aa88?text=Category',13,1,'2025-10-02 01:33:05','2025-10-02 01:33:05',NULL),(17,'{\"en\":\"Plants\",\"vi\":\"C\\u00e2y c\\u1ea3nh\"}','{\"en\":\"Products in Plants category\",\"vi\":\"C\\u00e1c s\\u1ea3n ph\\u1ea9m thu\\u1ed9c danh m\\u1ee5c C\\u00e2y c\\u1ea3nh\"}','https://via.placeholder.com/600x400.png/00aa88?text=Category',13,1,'2025-10-02 01:33:05','2025-10-02 01:33:05',NULL),(18,'{\"en\":\"Health & Beauty\",\"vi\":\"S\\u1ee9c kh\\u1ecfe & S\\u1eafc \\u0111\\u1eb9p\"}','{\"en\":\"Products in Health & Beauty category\",\"vi\":\"C\\u00e1c s\\u1ea3n ph\\u1ea9m thu\\u1ed9c danh m\\u1ee5c S\\u1ee9c kh\\u1ecfe & S\\u1eafc \\u0111\\u1eb9p\"}','https://via.placeholder.com/600x400.png/00aa88?text=Category',NULL,1,'2025-10-02 01:33:05','2025-10-02 01:33:05',NULL),(19,'{\"en\":\"Skincare\",\"vi\":\"Ch\\u0103m s\\u00f3c da\"}','{\"en\":\"Products in Skincare category\",\"vi\":\"C\\u00e1c s\\u1ea3n ph\\u1ea9m thu\\u1ed9c danh m\\u1ee5c Ch\\u0103m s\\u00f3c da\"}','https://via.placeholder.com/600x400.png/00aa88?text=Category',18,1,'2025-10-02 01:33:05','2025-10-02 01:33:05',NULL),(20,'{\"en\":\"Makeup\",\"vi\":\"Trang \\u0111i\\u1ec3m\"}','{\"en\":\"Products in Makeup category\",\"vi\":\"C\\u00e1c s\\u1ea3n ph\\u1ea9m thu\\u1ed9c danh m\\u1ee5c Trang \\u0111i\\u1ec3m\"}','https://via.placeholder.com/600x400.png/00aa88?text=Category',18,1,'2025-10-02 01:33:05','2025-10-02 01:33:05',NULL),(21,'{\"en\":\"Perfume\",\"vi\":\"N\\u01b0\\u1edbc hoa\"}','{\"en\":\"Products in Perfume category\",\"vi\":\"C\\u00e1c s\\u1ea3n ph\\u1ea9m thu\\u1ed9c danh m\\u1ee5c N\\u01b0\\u1edbc hoa\"}','https://via.placeholder.com/600x400.png/00aa88?text=Category',18,1,'2025-10-02 01:33:05','2025-10-02 01:33:05',NULL),(22,'{\"en\":\"Supplements\",\"vi\":\"Th\\u1ef1c ph\\u1ea9m ch\\u1ee9c n\\u0103ng\"}','{\"en\":\"Products in Supplements category\",\"vi\":\"C\\u00e1c s\\u1ea3n ph\\u1ea9m thu\\u1ed9c danh m\\u1ee5c Th\\u1ef1c ph\\u1ea9m ch\\u1ee9c n\\u0103ng\"}','https://via.placeholder.com/600x400.png/00aa88?text=Category',18,1,'2025-10-02 01:33:05','2025-10-02 01:33:05',NULL),(23,'{\"en\":\"Books & Stationery\",\"vi\":\"S\\u00e1ch & V\\u0103n ph\\u00f2ng ph\\u1ea9m\"}','{\"en\":\"Products in Books & Stationery category\",\"vi\":\"C\\u00e1c s\\u1ea3n ph\\u1ea9m thu\\u1ed9c danh m\\u1ee5c S\\u00e1ch & V\\u0103n ph\\u00f2ng ph\\u1ea9m\"}','https://via.placeholder.com/600x400.png/00aa88?text=Category',NULL,1,'2025-10-02 01:33:05','2025-10-02 01:33:05',NULL),(24,'{\"en\":\"Literature\",\"vi\":\"S\\u00e1ch v\\u0103n h\\u1ecdc\"}','{\"en\":\"Products in Literature category\",\"vi\":\"C\\u00e1c s\\u1ea3n ph\\u1ea9m thu\\u1ed9c danh m\\u1ee5c S\\u00e1ch v\\u0103n h\\u1ecdc\"}','https://via.placeholder.com/600x400.png/00aa88?text=Category',23,1,'2025-10-02 01:33:05','2025-10-02 01:33:05',NULL),(25,'{\"en\":\"Economics\",\"vi\":\"S\\u00e1ch kinh t\\u1ebf\"}','{\"en\":\"Products in Economics category\",\"vi\":\"C\\u00e1c s\\u1ea3n ph\\u1ea9m thu\\u1ed9c danh m\\u1ee5c S\\u00e1ch kinh t\\u1ebf\"}','https://via.placeholder.com/600x400.png/00aa88?text=Category',23,1,'2025-10-02 01:33:05','2025-10-02 01:33:05',NULL),(26,'{\"en\":\"Notebooks\",\"vi\":\"S\\u1ed5 tay\"}','{\"en\":\"Products in Notebooks category\",\"vi\":\"C\\u00e1c s\\u1ea3n ph\\u1ea9m thu\\u1ed9c danh m\\u1ee5c S\\u1ed5 tay\"}','https://via.placeholder.com/600x400.png/00aa88?text=Category',23,1,'2025-10-02 01:33:05','2025-10-02 01:33:05',NULL),(27,'{\"en\":\"Pens\",\"vi\":\"B\\u00fat vi\\u1ebft\"}','{\"en\":\"Products in Pens category\",\"vi\":\"C\\u00e1c s\\u1ea3n ph\\u1ea9m thu\\u1ed9c danh m\\u1ee5c B\\u00fat vi\\u1ebft\"}','https://via.placeholder.com/600x400.png/00aa88?text=Category',23,1,'2025-10-02 01:33:05','2025-10-02 01:33:05',NULL);
/*!40000 ALTER TABLE `categories` ENABLE KEYS */;
UNLOCK TABLES;

--
-- Table structure for table `chat_messages`
--

DROP TABLE IF EXISTS `chat_messages`;
/*!40101 SET @saved_cs_client     = @@character_set_client */;
/*!50503 SET character_set_client = utf8mb4 */;
CREATE TABLE `chat_messages` (
  `chat_message_id` bigint(20) unsigned NOT NULL AUTO_INCREMENT,
  `chat_room_id` bigint(20) unsigned NOT NULL,
  `sender_id` bigint(20) unsigned NOT NULL,
  `content` text NOT NULL,
  `content_type` tinyint(4) NOT NULL DEFAULT 1 COMMENT '1: Text, 2: Image, 3: File',
  `attachment_url` varchar(500) DEFAULT NULL,
  `is_edited` tinyint(1) NOT NULL DEFAULT 0,
  `edited_at` timestamp NULL DEFAULT NULL,
  `created_at` timestamp NULL DEFAULT NULL,
  `updated_at` timestamp NULL DEFAULT NULL,
  PRIMARY KEY (`chat_message_id`),
  KEY `chat_messages_chat_room_id_foreign` (`chat_room_id`),
  KEY `chat_messages_sender_id_foreign` (`sender_id`),
  CONSTRAINT `chat_messages_chat_room_id_foreign` FOREIGN KEY (`chat_room_id`) REFERENCES `chat_rooms` (`chat_room_id`) ON DELETE CASCADE,
  CONSTRAINT `chat_messages_sender_id_foreign` FOREIGN KEY (`sender_id`) REFERENCES `users` (`id`)
) ENGINE=InnoDB AUTO_INCREMENT=101 DEFAULT CHARSET=utf8mb4 COLLATE=utf8mb4_unicode_ci;
/*!40101 SET character_set_client = @saved_cs_client */;

--
-- Dumping data for table `chat_messages`
--

LOCK TABLES `chat_messages` WRITE;
/*!40000 ALTER TABLE `chat_messages` DISABLE KEYS */;
INSERT INTO `chat_messages` VALUES (1,1,46,'Chào shop, cho mình hỏi sản phẩm này còn hàng không?',1,NULL,0,NULL,'2025-10-02 01:33:10','2025-10-02 01:33:10'),(2,1,9,'Chào bạn, sản phẩm này bên mình vẫn còn hàng ạ. Bạn đặt hàng nhé.',1,NULL,0,NULL,'2025-10-02 01:33:10','2025-10-02 01:33:10'),(3,2,88,'Chào shop, cho mình hỏi sản phẩm này còn hàng không?',1,NULL,0,NULL,'2025-10-02 01:33:10','2025-10-02 01:33:10'),(4,2,18,'Chào bạn, sản phẩm này bên mình vẫn còn hàng ạ. Bạn đặt hàng nhé.',1,NULL,0,NULL,'2025-10-02 01:33:10','2025-10-02 01:33:10'),(5,3,49,'Chào shop, cho mình hỏi sản phẩm này còn hàng không?',1,NULL,0,NULL,'2025-10-02 01:33:10','2025-10-02 01:33:10'),(6,3,16,'Chào bạn, sản phẩm này bên mình vẫn còn hàng ạ. Bạn đặt hàng nhé.',1,NULL,0,NULL,'2025-10-02 01:33:10','2025-10-02 01:33:10'),(7,4,27,'Chào shop, cho mình hỏi sản phẩm này còn hàng không?',1,NULL,0,NULL,'2025-10-02 01:33:10','2025-10-02 01:33:10'),(8,4,21,'Chào bạn, sản phẩm này bên mình vẫn còn hàng ạ. Bạn đặt hàng nhé.',1,NULL,0,NULL,'2025-10-02 01:33:10','2025-10-02 01:33:10'),(9,5,44,'Chào shop, cho mình hỏi sản phẩm này còn hàng không?',1,NULL,0,NULL,'2025-10-02 01:33:10','2025-10-02 01:33:10'),(10,5,21,'Chào bạn, sản phẩm này bên mình vẫn còn hàng ạ. Bạn đặt hàng nhé.',1,NULL,0,NULL,'2025-10-02 01:33:10','2025-10-02 01:33:10'),(11,6,110,'Chào shop, cho mình hỏi sản phẩm này còn hàng không?',1,NULL,0,NULL,'2025-10-02 01:33:10','2025-10-02 01:33:10'),(12,6,21,'Chào bạn, sản phẩm này bên mình vẫn còn hàng ạ. Bạn đặt hàng nhé.',1,NULL,0,NULL,'2025-10-02 01:33:10','2025-10-02 01:33:10'),(13,7,118,'Chào shop, cho mình hỏi sản phẩm này còn hàng không?',1,NULL,0,NULL,'2025-10-02 01:33:10','2025-10-02 01:33:10'),(14,7,16,'Chào bạn, sản phẩm này bên mình vẫn còn hàng ạ. Bạn đặt hàng nhé.',1,NULL,0,NULL,'2025-10-02 01:33:10','2025-10-02 01:33:10'),(15,8,106,'Chào shop, cho mình hỏi sản phẩm này còn hàng không?',1,NULL,0,NULL,'2025-10-02 01:33:10','2025-10-02 01:33:10'),(16,8,3,'Chào bạn, sản phẩm này bên mình vẫn còn hàng ạ. Bạn đặt hàng nhé.',1,NULL,0,NULL,'2025-10-02 01:33:10','2025-10-02 01:33:10'),(17,9,64,'Chào shop, cho mình hỏi sản phẩm này còn hàng không?',1,NULL,0,NULL,'2025-10-02 01:33:10','2025-10-02 01:33:10'),(18,9,21,'Chào bạn, sản phẩm này bên mình vẫn còn hàng ạ. Bạn đặt hàng nhé.',1,NULL,0,NULL,'2025-10-02 01:33:10','2025-10-02 01:33:10'),(19,10,113,'Chào shop, cho mình hỏi sản phẩm này còn hàng không?',1,NULL,0,NULL,'2025-10-02 01:33:10','2025-10-02 01:33:10'),(20,10,12,'Chào bạn, sản phẩm này bên mình vẫn còn hàng ạ. Bạn đặt hàng nhé.',1,NULL,0,NULL,'2025-10-02 01:33:10','2025-10-02 01:33:10'),(21,11,35,'Chào shop, cho mình hỏi sản phẩm này còn hàng không?',1,NULL,0,NULL,'2025-10-02 01:33:10','2025-10-02 01:33:10'),(22,11,2,'Chào bạn, sản phẩm này bên mình vẫn còn hàng ạ. Bạn đặt hàng nhé.',1,NULL,0,NULL,'2025-10-02 01:33:10','2025-10-02 01:33:10'),(23,12,87,'Chào shop, cho mình hỏi sản phẩm này còn hàng không?',1,NULL,0,NULL,'2025-10-02 01:33:10','2025-10-02 01:33:10'),(24,12,2,'Chào bạn, sản phẩm này bên mình vẫn còn hàng ạ. Bạn đặt hàng nhé.',1,NULL,0,NULL,'2025-10-02 01:33:10','2025-10-02 01:33:10'),(25,13,78,'Chào shop, cho mình hỏi sản phẩm này còn hàng không?',1,NULL,0,NULL,'2025-10-02 01:33:10','2025-10-02 01:33:10'),(26,13,12,'Chào bạn, sản phẩm này bên mình vẫn còn hàng ạ. Bạn đặt hàng nhé.',1,NULL,0,NULL,'2025-10-02 01:33:10','2025-10-02 01:33:10'),(27,14,29,'Chào shop, cho mình hỏi sản phẩm này còn hàng không?',1,NULL,0,NULL,'2025-10-02 01:33:10','2025-10-02 01:33:10'),(28,14,6,'Chào bạn, sản phẩm này bên mình vẫn còn hàng ạ. Bạn đặt hàng nhé.',1,NULL,0,NULL,'2025-10-02 01:33:10','2025-10-02 01:33:10'),(29,15,35,'Chào shop, cho mình hỏi sản phẩm này còn hàng không?',1,NULL,0,NULL,'2025-10-02 01:33:10','2025-10-02 01:33:10'),(30,15,8,'Chào bạn, sản phẩm này bên mình vẫn còn hàng ạ. Bạn đặt hàng nhé.',1,NULL,0,NULL,'2025-10-02 01:33:10','2025-10-02 01:33:10'),(31,16,46,'Chào shop, cho mình hỏi sản phẩm này còn hàng không?',1,NULL,0,NULL,'2025-10-02 01:33:10','2025-10-02 01:33:10'),(32,16,21,'Chào bạn, sản phẩm này bên mình vẫn còn hàng ạ. Bạn đặt hàng nhé.',1,NULL,0,NULL,'2025-10-02 01:33:10','2025-10-02 01:33:10'),(33,17,95,'Chào shop, cho mình hỏi sản phẩm này còn hàng không?',1,NULL,0,NULL,'2025-10-02 01:33:10','2025-10-02 01:33:10'),(34,17,12,'Chào bạn, sản phẩm này bên mình vẫn còn hàng ạ. Bạn đặt hàng nhé.',1,NULL,0,NULL,'2025-10-02 01:33:10','2025-10-02 01:33:10'),(35,18,33,'Chào shop, cho mình hỏi sản phẩm này còn hàng không?',1,NULL,0,NULL,'2025-10-02 01:33:10','2025-10-02 01:33:10'),(36,18,12,'Chào bạn, sản phẩm này bên mình vẫn còn hàng ạ. Bạn đặt hàng nhé.',1,NULL,0,NULL,'2025-10-02 01:33:10','2025-10-02 01:33:10'),(37,19,55,'Chào shop, cho mình hỏi sản phẩm này còn hàng không?',1,NULL,0,NULL,'2025-10-02 01:33:10','2025-10-02 01:33:10'),(38,19,15,'Chào bạn, sản phẩm này bên mình vẫn còn hàng ạ. Bạn đặt hàng nhé.',1,NULL,0,NULL,'2025-10-02 01:33:10','2025-10-02 01:33:10'),(39,20,54,'Chào shop, cho mình hỏi sản phẩm này còn hàng không?',1,NULL,0,NULL,'2025-10-02 01:33:10','2025-10-02 01:33:10'),(40,20,13,'Chào bạn, sản phẩm này bên mình vẫn còn hàng ạ. Bạn đặt hàng nhé.',1,NULL,0,NULL,'2025-10-02 01:33:10','2025-10-02 01:33:10'),(41,21,47,'Chào shop, cho mình hỏi sản phẩm này còn hàng không?',1,NULL,0,NULL,'2025-10-02 01:33:10','2025-10-02 01:33:10'),(42,21,6,'Chào bạn, sản phẩm này bên mình vẫn còn hàng ạ. Bạn đặt hàng nhé.',1,NULL,0,NULL,'2025-10-02 01:33:10','2025-10-02 01:33:10'),(43,22,118,'Chào shop, cho mình hỏi sản phẩm này còn hàng không?',1,NULL,0,NULL,'2025-10-02 01:33:10','2025-10-02 01:33:10'),(44,22,18,'Chào bạn, sản phẩm này bên mình vẫn còn hàng ạ. Bạn đặt hàng nhé.',1,NULL,0,NULL,'2025-10-02 01:33:10','2025-10-02 01:33:10'),(45,23,107,'Chào shop, cho mình hỏi sản phẩm này còn hàng không?',1,NULL,0,NULL,'2025-10-02 01:33:10','2025-10-02 01:33:10'),(46,23,21,'Chào bạn, sản phẩm này bên mình vẫn còn hàng ạ. Bạn đặt hàng nhé.',1,NULL,0,NULL,'2025-10-02 01:33:10','2025-10-02 01:33:10'),(47,24,75,'Chào shop, cho mình hỏi sản phẩm này còn hàng không?',1,NULL,0,NULL,'2025-10-02 01:33:10','2025-10-02 01:33:10'),(48,24,12,'Chào bạn, sản phẩm này bên mình vẫn còn hàng ạ. Bạn đặt hàng nhé.',1,NULL,0,NULL,'2025-10-02 01:33:10','2025-10-02 01:33:10'),(49,25,27,'Chào shop, cho mình hỏi sản phẩm này còn hàng không?',1,NULL,0,NULL,'2025-10-02 01:33:10','2025-10-02 01:33:10'),(50,25,6,'Chào bạn, sản phẩm này bên mình vẫn còn hàng ạ. Bạn đặt hàng nhé.',1,NULL,0,NULL,'2025-10-02 01:33:10','2025-10-02 01:33:10'),(51,26,103,'Chào shop, cho mình hỏi sản phẩm này còn hàng không?',1,NULL,0,NULL,'2025-10-02 01:33:10','2025-10-02 01:33:10'),(52,26,14,'Chào bạn, sản phẩm này bên mình vẫn còn hàng ạ. Bạn đặt hàng nhé.',1,NULL,0,NULL,'2025-10-02 01:33:10','2025-10-02 01:33:10'),(53,27,105,'Chào shop, cho mình hỏi sản phẩm này còn hàng không?',1,NULL,0,NULL,'2025-10-02 01:33:10','2025-10-02 01:33:10'),(54,27,10,'Chào bạn, sản phẩm này bên mình vẫn còn hàng ạ. Bạn đặt hàng nhé.',1,NULL,0,NULL,'2025-10-02 01:33:10','2025-10-02 01:33:10'),(55,28,65,'Chào shop, cho mình hỏi sản phẩm này còn hàng không?',1,NULL,0,NULL,'2025-10-02 01:33:10','2025-10-02 01:33:10'),(56,28,2,'Chào bạn, sản phẩm này bên mình vẫn còn hàng ạ. Bạn đặt hàng nhé.',1,NULL,0,NULL,'2025-10-02 01:33:10','2025-10-02 01:33:10'),(57,29,113,'Chào shop, cho mình hỏi sản phẩm này còn hàng không?',1,NULL,0,NULL,'2025-10-02 01:33:10','2025-10-02 01:33:10'),(58,29,14,'Chào bạn, sản phẩm này bên mình vẫn còn hàng ạ. Bạn đặt hàng nhé.',1,NULL,0,NULL,'2025-10-02 01:33:10','2025-10-02 01:33:10'),(59,30,117,'Chào shop, cho mình hỏi sản phẩm này còn hàng không?',1,NULL,0,NULL,'2025-10-02 01:33:10','2025-10-02 01:33:10'),(60,30,17,'Chào bạn, sản phẩm này bên mình vẫn còn hàng ạ. Bạn đặt hàng nhé.',1,NULL,0,NULL,'2025-10-02 01:33:10','2025-10-02 01:33:10'),(61,31,53,'Chào shop, cho mình hỏi sản phẩm này còn hàng không?',1,NULL,0,NULL,'2025-10-02 01:33:10','2025-10-02 01:33:10'),(62,31,15,'Chào bạn, sản phẩm này bên mình vẫn còn hàng ạ. Bạn đặt hàng nhé.',1,NULL,0,NULL,'2025-10-02 01:33:10','2025-10-02 01:33:10'),(63,32,37,'Chào shop, cho mình hỏi sản phẩm này còn hàng không?',1,NULL,0,NULL,'2025-10-02 01:33:10','2025-10-02 01:33:10'),(64,32,15,'Chào bạn, sản phẩm này bên mình vẫn còn hàng ạ. Bạn đặt hàng nhé.',1,NULL,0,NULL,'2025-10-02 01:33:10','2025-10-02 01:33:10'),(65,33,85,'Chào shop, cho mình hỏi sản phẩm này còn hàng không?',1,NULL,0,NULL,'2025-10-02 01:33:10','2025-10-02 01:33:10'),(66,33,16,'Chào bạn, sản phẩm này bên mình vẫn còn hàng ạ. Bạn đặt hàng nhé.',1,NULL,0,NULL,'2025-10-02 01:33:10','2025-10-02 01:33:10'),(67,34,97,'Chào shop, cho mình hỏi sản phẩm này còn hàng không?',1,NULL,0,NULL,'2025-10-02 01:33:10','2025-10-02 01:33:10'),(68,34,5,'Chào bạn, sản phẩm này bên mình vẫn còn hàng ạ. Bạn đặt hàng nhé.',1,NULL,0,NULL,'2025-10-02 01:33:10','2025-10-02 01:33:10'),(69,35,37,'Chào shop, cho mình hỏi sản phẩm này còn hàng không?',1,NULL,0,NULL,'2025-10-02 01:33:10','2025-10-02 01:33:10'),(70,35,17,'Chào bạn, sản phẩm này bên mình vẫn còn hàng ạ. Bạn đặt hàng nhé.',1,NULL,0,NULL,'2025-10-02 01:33:10','2025-10-02 01:33:10'),(71,36,64,'Chào shop, cho mình hỏi sản phẩm này còn hàng không?',1,NULL,0,NULL,'2025-10-02 01:33:10','2025-10-02 01:33:10'),(72,36,10,'Chào bạn, sản phẩm này bên mình vẫn còn hàng ạ. Bạn đặt hàng nhé.',1,NULL,0,NULL,'2025-10-02 01:33:10','2025-10-02 01:33:10'),(73,37,35,'Chào shop, cho mình hỏi sản phẩm này còn hàng không?',1,NULL,0,NULL,'2025-10-02 01:33:10','2025-10-02 01:33:10'),(74,37,6,'Chào bạn, sản phẩm này bên mình vẫn còn hàng ạ. Bạn đặt hàng nhé.',1,NULL,0,NULL,'2025-10-02 01:33:10','2025-10-02 01:33:10'),(75,38,108,'Chào shop, cho mình hỏi sản phẩm này còn hàng không?',1,NULL,0,NULL,'2025-10-02 01:33:10','2025-10-02 01:33:10'),(76,38,11,'Chào bạn, sản phẩm này bên mình vẫn còn hàng ạ. Bạn đặt hàng nhé.',1,NULL,0,NULL,'2025-10-02 01:33:10','2025-10-02 01:33:10'),(77,39,85,'Chào shop, cho mình hỏi sản phẩm này còn hàng không?',1,NULL,0,NULL,'2025-10-02 01:33:10','2025-10-02 01:33:10'),(78,39,13,'Chào bạn, sản phẩm này bên mình vẫn còn hàng ạ. Bạn đặt hàng nhé.',1,NULL,0,NULL,'2025-10-02 01:33:10','2025-10-02 01:33:10'),(79,40,23,'Chào shop, cho mình hỏi sản phẩm này còn hàng không?',1,NULL,0,NULL,'2025-10-02 01:33:10','2025-10-02 01:33:10'),(80,40,8,'Chào bạn, sản phẩm này bên mình vẫn còn hàng ạ. Bạn đặt hàng nhé.',1,NULL,0,NULL,'2025-10-02 01:33:10','2025-10-02 01:33:10'),(81,41,119,'Chào shop, cho mình hỏi sản phẩm này còn hàng không?',1,NULL,0,NULL,'2025-10-02 01:33:10','2025-10-02 01:33:10'),(82,41,14,'Chào bạn, sản phẩm này bên mình vẫn còn hàng ạ. Bạn đặt hàng nhé.',1,NULL,0,NULL,'2025-10-02 01:33:10','2025-10-02 01:33:10'),(83,42,68,'Chào shop, cho mình hỏi sản phẩm này còn hàng không?',1,NULL,0,NULL,'2025-10-02 01:33:10','2025-10-02 01:33:10'),(84,42,18,'Chào bạn, sản phẩm này bên mình vẫn còn hàng ạ. Bạn đặt hàng nhé.',1,NULL,0,NULL,'2025-10-02 01:33:10','2025-10-02 01:33:10'),(85,43,94,'Chào shop, cho mình hỏi sản phẩm này còn hàng không?',1,NULL,0,NULL,'2025-10-02 01:33:10','2025-10-02 01:33:10'),(86,43,4,'Chào bạn, sản phẩm này bên mình vẫn còn hàng ạ. Bạn đặt hàng nhé.',1,NULL,0,NULL,'2025-10-02 01:33:10','2025-10-02 01:33:10'),(87,44,58,'Chào shop, cho mình hỏi sản phẩm này còn hàng không?',1,NULL,0,NULL,'2025-10-02 01:33:10','2025-10-02 01:33:10'),(88,44,8,'Chào bạn, sản phẩm này bên mình vẫn còn hàng ạ. Bạn đặt hàng nhé.',1,NULL,0,NULL,'2025-10-02 01:33:10','2025-10-02 01:33:10'),(89,45,74,'Chào shop, cho mình hỏi sản phẩm này còn hàng không?',1,NULL,0,NULL,'2025-10-02 01:33:10','2025-10-02 01:33:10'),(90,45,9,'Chào bạn, sản phẩm này bên mình vẫn còn hàng ạ. Bạn đặt hàng nhé.',1,NULL,0,NULL,'2025-10-02 01:33:10','2025-10-02 01:33:10'),(91,46,23,'Chào shop, cho mình hỏi sản phẩm này còn hàng không?',1,NULL,0,NULL,'2025-10-02 01:33:10','2025-10-02 01:33:10'),(92,46,20,'Chào bạn, sản phẩm này bên mình vẫn còn hàng ạ. Bạn đặt hàng nhé.',1,NULL,0,NULL,'2025-10-02 01:33:10','2025-10-02 01:33:10'),(93,47,80,'Chào shop, cho mình hỏi sản phẩm này còn hàng không?',1,NULL,0,NULL,'2025-10-02 01:33:10','2025-10-02 01:33:10'),(94,47,8,'Chào bạn, sản phẩm này bên mình vẫn còn hàng ạ. Bạn đặt hàng nhé.',1,NULL,0,NULL,'2025-10-02 01:33:10','2025-10-02 01:33:10'),(95,48,49,'Chào shop, cho mình hỏi sản phẩm này còn hàng không?',1,NULL,0,NULL,'2025-10-02 01:33:10','2025-10-02 01:33:10'),(96,48,4,'Chào bạn, sản phẩm này bên mình vẫn còn hàng ạ. Bạn đặt hàng nhé.',1,NULL,0,NULL,'2025-10-02 01:33:10','2025-10-02 01:33:10'),(97,49,71,'Chào shop, cho mình hỏi sản phẩm này còn hàng không?',1,NULL,0,NULL,'2025-10-02 01:33:10','2025-10-02 01:33:10'),(98,49,11,'Chào bạn, sản phẩm này bên mình vẫn còn hàng ạ. Bạn đặt hàng nhé.',1,NULL,0,NULL,'2025-10-02 01:33:10','2025-10-02 01:33:10'),(99,50,91,'Chào shop, cho mình hỏi sản phẩm này còn hàng không?',1,NULL,0,NULL,'2025-10-02 01:33:10','2025-10-02 01:33:10'),(100,50,13,'Chào bạn, sản phẩm này bên mình vẫn còn hàng ạ. Bạn đặt hàng nhé.',1,NULL,0,NULL,'2025-10-02 01:33:10','2025-10-02 01:33:10');
/*!40000 ALTER TABLE `chat_messages` ENABLE KEYS */;
UNLOCK TABLES;

--
-- Table structure for table `chat_participants`
--

DROP TABLE IF EXISTS `chat_participants`;
/*!40101 SET @saved_cs_client     = @@character_set_client */;
/*!50503 SET character_set_client = utf8mb4 */;
CREATE TABLE `chat_participants` (
  `chat_participant_id` bigint(20) unsigned NOT NULL AUTO_INCREMENT,
  `chat_room_id` bigint(20) unsigned NOT NULL,
  `user_id` bigint(20) unsigned NOT NULL,
  `joined_at` timestamp NOT NULL DEFAULT current_timestamp() ON UPDATE current_timestamp(),
  `left_at` timestamp NULL DEFAULT NULL,
  PRIMARY KEY (`chat_participant_id`),
  UNIQUE KEY `chat_participants_chat_room_id_user_id_unique` (`chat_room_id`,`user_id`),
  KEY `chat_participants_user_id_foreign` (`user_id`),
  CONSTRAINT `chat_participants_chat_room_id_foreign` FOREIGN KEY (`chat_room_id`) REFERENCES `chat_rooms` (`chat_room_id`) ON DELETE CASCADE,
  CONSTRAINT `chat_participants_user_id_foreign` FOREIGN KEY (`user_id`) REFERENCES `users` (`id`) ON DELETE CASCADE
) ENGINE=InnoDB AUTO_INCREMENT=101 DEFAULT CHARSET=utf8mb4 COLLATE=utf8mb4_unicode_ci;
/*!40101 SET character_set_client = @saved_cs_client */;

--
-- Dumping data for table `chat_participants`
--

LOCK TABLES `chat_participants` WRITE;
/*!40000 ALTER TABLE `chat_participants` DISABLE KEYS */;
INSERT INTO `chat_participants` VALUES (1,1,46,'2025-10-02 08:33:10',NULL),(2,1,9,'2025-10-02 08:33:10',NULL),(3,2,88,'2025-10-02 08:33:10',NULL),(4,2,18,'2025-10-02 08:33:10',NULL),(5,3,49,'2025-10-02 08:33:10',NULL),(6,3,16,'2025-10-02 08:33:10',NULL),(7,4,27,'2025-10-02 08:33:10',NULL),(8,4,21,'2025-10-02 08:33:10',NULL),(9,5,44,'2025-10-02 08:33:10',NULL),(10,5,21,'2025-10-02 08:33:10',NULL),(11,6,110,'2025-10-02 08:33:10',NULL),(12,6,21,'2025-10-02 08:33:10',NULL),(13,7,118,'2025-10-02 08:33:10',NULL),(14,7,16,'2025-10-02 08:33:10',NULL),(15,8,106,'2025-10-02 08:33:10',NULL),(16,8,3,'2025-10-02 08:33:10',NULL),(17,9,64,'2025-10-02 08:33:10',NULL),(18,9,21,'2025-10-02 08:33:10',NULL),(19,10,113,'2025-10-02 08:33:10',NULL),(20,10,12,'2025-10-02 08:33:10',NULL),(21,11,35,'2025-10-02 08:33:10',NULL),(22,11,2,'2025-10-02 08:33:10',NULL),(23,12,87,'2025-10-02 08:33:10',NULL),(24,12,2,'2025-10-02 08:33:10',NULL),(25,13,78,'2025-10-02 08:33:10',NULL),(26,13,12,'2025-10-02 08:33:10',NULL),(27,14,29,'2025-10-02 08:33:10',NULL),(28,14,6,'2025-10-02 08:33:10',NULL),(29,15,35,'2025-10-02 08:33:10',NULL),(30,15,8,'2025-10-02 08:33:10',NULL),(31,16,46,'2025-10-02 08:33:10',NULL),(32,16,21,'2025-10-02 08:33:10',NULL),(33,17,95,'2025-10-02 08:33:10',NULL),(34,17,12,'2025-10-02 08:33:10',NULL),(35,18,33,'2025-10-02 08:33:10',NULL),(36,18,12,'2025-10-02 08:33:10',NULL),(37,19,55,'2025-10-02 08:33:10',NULL),(38,19,15,'2025-10-02 08:33:10',NULL),(39,20,54,'2025-10-02 08:33:10',NULL),(40,20,13,'2025-10-02 08:33:10',NULL),(41,21,47,'2025-10-02 08:33:10',NULL),(42,21,6,'2025-10-02 08:33:10',NULL),(43,22,118,'2025-10-02 08:33:10',NULL),(44,22,18,'2025-10-02 08:33:10',NULL),(45,23,107,'2025-10-02 08:33:10',NULL),(46,23,21,'2025-10-02 08:33:10',NULL),(47,24,75,'2025-10-02 08:33:10',NULL),(48,24,12,'2025-10-02 08:33:10',NULL),(49,25,27,'2025-10-02 08:33:10',NULL),(50,25,6,'2025-10-02 08:33:10',NULL),(51,26,103,'2025-10-02 08:33:10',NULL),(52,26,14,'2025-10-02 08:33:10',NULL),(53,27,105,'2025-10-02 08:33:10',NULL),(54,27,10,'2025-10-02 08:33:10',NULL),(55,28,65,'2025-10-02 08:33:10',NULL),(56,28,2,'2025-10-02 08:33:10',NULL),(57,29,113,'2025-10-02 08:33:10',NULL),(58,29,14,'2025-10-02 08:33:10',NULL),(59,30,117,'2025-10-02 08:33:10',NULL),(60,30,17,'2025-10-02 08:33:10',NULL),(61,31,53,'2025-10-02 08:33:10',NULL),(62,31,15,'2025-10-02 08:33:10',NULL),(63,32,37,'2025-10-02 08:33:10',NULL),(64,32,15,'2025-10-02 08:33:10',NULL),(65,33,85,'2025-10-02 08:33:10',NULL),(66,33,16,'2025-10-02 08:33:10',NULL),(67,34,97,'2025-10-02 08:33:10',NULL),(68,34,5,'2025-10-02 08:33:10',NULL),(69,35,37,'2025-10-02 08:33:10',NULL),(70,35,17,'2025-10-02 08:33:10',NULL),(71,36,64,'2025-10-02 08:33:10',NULL),(72,36,10,'2025-10-02 08:33:10',NULL),(73,37,35,'2025-10-02 08:33:10',NULL),(74,37,6,'2025-10-02 08:33:10',NULL),(75,38,108,'2025-10-02 08:33:10',NULL),(76,38,11,'2025-10-02 08:33:10',NULL),(77,39,85,'2025-10-02 08:33:10',NULL),(78,39,13,'2025-10-02 08:33:10',NULL),(79,40,23,'2025-10-02 08:33:10',NULL),(80,40,8,'2025-10-02 08:33:10',NULL),(81,41,119,'2025-10-02 08:33:10',NULL),(82,41,14,'2025-10-02 08:33:10',NULL),(83,42,68,'2025-10-02 08:33:10',NULL),(84,42,18,'2025-10-02 08:33:10',NULL),(85,43,94,'2025-10-02 08:33:10',NULL),(86,43,4,'2025-10-02 08:33:10',NULL),(87,44,58,'2025-10-02 08:33:10',NULL),(88,44,8,'2025-10-02 08:33:10',NULL),(89,45,74,'2025-10-02 08:33:10',NULL),(90,45,9,'2025-10-02 08:33:10',NULL),(91,46,23,'2025-10-02 08:33:10',NULL),(92,46,20,'2025-10-02 08:33:10',NULL),(93,47,80,'2025-10-02 08:33:10',NULL),(94,47,8,'2025-10-02 08:33:10',NULL),(95,48,49,'2025-10-02 08:33:10',NULL),(96,48,4,'2025-10-02 08:33:10',NULL),(97,49,71,'2025-10-02 08:33:10',NULL),(98,49,11,'2025-10-02 08:33:10',NULL),(99,50,91,'2025-10-02 08:33:10',NULL),(100,50,13,'2025-10-02 08:33:10',NULL);
/*!40000 ALTER TABLE `chat_participants` ENABLE KEYS */;
UNLOCK TABLES;

--
-- Table structure for table `chat_rooms`
--

DROP TABLE IF EXISTS `chat_rooms`;
/*!40101 SET @saved_cs_client     = @@character_set_client */;
/*!50503 SET character_set_client = utf8mb4 */;
CREATE TABLE `chat_rooms` (
  `chat_room_id` bigint(20) unsigned NOT NULL AUTO_INCREMENT,
  `room_name` varchar(100) NOT NULL,
  `type` tinyint(4) NOT NULL COMMENT '1: User-to-User, 2: User-to-Seller',
  `is_active` tinyint(1) NOT NULL DEFAULT 1,
  `created_at` timestamp NULL DEFAULT NULL,
  `updated_at` timestamp NULL DEFAULT NULL,
  PRIMARY KEY (`chat_room_id`)
) ENGINE=InnoDB AUTO_INCREMENT=51 DEFAULT CHARSET=utf8mb4 COLLATE=utf8mb4_unicode_ci;
/*!40101 SET character_set_client = @saved_cs_client */;

--
-- Dumping data for table `chat_rooms`
--

LOCK TABLES `chat_rooms` WRITE;
/*!40000 ALTER TABLE `chat_rooms` DISABLE KEYS */;
INSERT INTO `chat_rooms` VALUES (1,'Chat between littel.kayli and izaiah.lemke',2,1,'2025-10-02 01:33:10','2025-10-02 01:33:10'),(2,'Chat between eschmitt and lebsack.alberto',2,1,'2025-10-02 01:33:10','2025-10-02 01:33:10'),(3,'Chat between qfay and sanford.nyasia',2,1,'2025-10-02 01:33:10','2025-10-02 01:33:10'),(4,'Chat between umraz and thiel.providenci',2,1,'2025-10-02 01:33:10','2025-10-02 01:33:10'),(5,'Chat between bailee.schuster and thiel.providenci',2,1,'2025-10-02 01:33:10','2025-10-02 01:33:10'),(6,'Chat between wuckert.benjamin and thiel.providenci',2,1,'2025-10-02 01:33:10','2025-10-02 01:33:10'),(7,'Chat between btromp and sanford.nyasia',2,1,'2025-10-02 01:33:10','2025-10-02 01:33:10'),(8,'Chat between imelda.boehm and ritchie.gail',2,1,'2025-10-02 01:33:10','2025-10-02 01:33:10'),(9,'Chat between dvandervort and thiel.providenci',2,1,'2025-10-02 01:33:10','2025-10-02 01:33:10'),(10,'Chat between damore.herminia and weimann.jarrett',2,1,'2025-10-02 01:33:10','2025-10-02 01:33:10'),(11,'Chat between amarvin and maurine34',2,1,'2025-10-02 01:33:10','2025-10-02 01:33:10'),(12,'Chat between linda54 and maurine34',2,1,'2025-10-02 01:33:10','2025-10-02 01:33:10'),(13,'Chat between leonora.keebler and weimann.jarrett',2,1,'2025-10-02 01:33:10','2025-10-02 01:33:10'),(14,'Chat between haag.rhea and uwiegand',2,1,'2025-10-02 01:33:10','2025-10-02 01:33:10'),(15,'Chat between amarvin and metz.april',2,1,'2025-10-02 01:33:10','2025-10-02 01:33:10'),(16,'Chat between littel.kayli and thiel.providenci',2,1,'2025-10-02 01:33:10','2025-10-02 01:33:10'),(17,'Chat between rohan.luz and weimann.jarrett',2,1,'2025-10-02 01:33:10','2025-10-02 01:33:10'),(18,'Chat between phowell and weimann.jarrett',2,1,'2025-10-02 01:33:10','2025-10-02 01:33:10'),(19,'Chat between beatty.asia and hebert',2,1,'2025-10-02 01:33:10','2025-10-02 01:33:10'),(20,'Chat between dpacocha and elvie.boehm',2,1,'2025-10-02 01:33:10','2025-10-02 01:33:10'),(21,'Chat between gladyce44 and uwiegand',2,1,'2025-10-02 01:33:10','2025-10-02 01:33:10'),(22,'Chat between btromp and lebsack.alberto',2,1,'2025-10-02 01:33:10','2025-10-02 01:33:10'),(23,'Chat between pschuster and thiel.providenci',2,1,'2025-10-02 01:33:10','2025-10-02 01:33:10'),(24,'Chat between kiarra23 and weimann.jarrett',2,1,'2025-10-02 01:33:10','2025-10-02 01:33:10'),(25,'Chat between umraz and uwiegand',2,1,'2025-10-02 01:33:10','2025-10-02 01:33:10'),(26,'Chat between gay96 and pfeffer.queenie',2,1,'2025-10-02 01:33:10','2025-10-02 01:33:10'),(27,'Chat between boehm.marvin and norberto.welch',2,1,'2025-10-02 01:33:10','2025-10-02 01:33:10'),(28,'Chat between gino.bergnaum and maurine34',2,1,'2025-10-02 01:33:10','2025-10-02 01:33:10'),(29,'Chat between damore.herminia and pfeffer.queenie',2,1,'2025-10-02 01:33:10','2025-10-02 01:33:10'),(30,'Chat between alvah.schmitt and kunde.ramona',2,1,'2025-10-02 01:33:10','2025-10-02 01:33:10'),(31,'Chat between janet87 and hebert',2,1,'2025-10-02 01:33:10','2025-10-02 01:33:10'),(32,'Chat between larkin.kali and hebert',2,1,'2025-10-02 01:33:10','2025-10-02 01:33:10'),(33,'Chat between ashlynn.koepp and sanford.nyasia',2,1,'2025-10-02 01:33:10','2025-10-02 01:33:10'),(34,'Chat between summer.feest and baumbach.patsy',2,1,'2025-10-02 01:33:10','2025-10-02 01:33:10'),(35,'Chat between larkin.kali and kunde.ramona',2,1,'2025-10-02 01:33:10','2025-10-02 01:33:10'),(36,'Chat between dvandervort and norberto.welch',2,1,'2025-10-02 01:33:10','2025-10-02 01:33:10'),(37,'Chat between amarvin and uwiegand',2,1,'2025-10-02 01:33:10','2025-10-02 01:33:10'),(38,'Chat between abbey13 and krystina.moen',2,1,'2025-10-02 01:33:10','2025-10-02 01:33:10'),(39,'Chat between ashlynn.koepp and elvie.boehm',2,1,'2025-10-02 01:33:10','2025-10-02 01:33:10'),(40,'Chat between zkozey and metz.april',2,1,'2025-10-02 01:33:10','2025-10-02 01:33:10'),(41,'Chat between hayley.schumm and pfeffer.queenie',2,1,'2025-10-02 01:33:10','2025-10-02 01:33:10'),(42,'Chat between skiles.cale and lebsack.alberto',2,1,'2025-10-02 01:33:10','2025-10-02 01:33:10'),(43,'Chat between anahi.watsica and ziemann.dennis',2,1,'2025-10-02 01:33:10','2025-10-02 01:33:10'),(44,'Chat between rjacobson and metz.april',2,1,'2025-10-02 01:33:10','2025-10-02 01:33:10'),(45,'Chat between fkessler and izaiah.lemke',2,1,'2025-10-02 01:33:10','2025-10-02 01:33:10'),(46,'Chat between zkozey and mckenzie81',2,1,'2025-10-02 01:33:10','2025-10-02 01:33:10'),(47,'Chat between xupton and metz.april',2,1,'2025-10-02 01:33:10','2025-10-02 01:33:10'),(48,'Chat between qfay and ziemann.dennis',2,1,'2025-10-02 01:33:10','2025-10-02 01:33:10'),(49,'Chat between hirthe.bud and krystina.moen',2,1,'2025-10-02 01:33:10','2025-10-02 01:33:10'),(50,'Chat between jabbott and elvie.boehm',2,1,'2025-10-02 01:33:10','2025-10-02 01:33:10');
/*!40000 ALTER TABLE `chat_rooms` ENABLE KEYS */;
UNLOCK TABLES;

--
-- Table structure for table `countries`
--

DROP TABLE IF EXISTS `countries`;
/*!40101 SET @saved_cs_client     = @@character_set_client */;
/*!50503 SET character_set_client = utf8mb4 */;
CREATE TABLE `countries` (
  `id` bigint(20) unsigned NOT NULL AUTO_INCREMENT,
  `name` longtext CHARACTER SET utf8mb4 COLLATE utf8mb4_bin NOT NULL CHECK (json_valid(`name`)),
  `iso_code_2` varchar(2) NOT NULL,
  `created_at` timestamp NULL DEFAULT NULL,
  `updated_at` timestamp NULL DEFAULT NULL,
  PRIMARY KEY (`id`),
  UNIQUE KEY `countries_iso_code_2_unique` (`iso_code_2`)
) ENGINE=InnoDB DEFAULT CHARSET=utf8mb4 COLLATE=utf8mb4_unicode_ci;
/*!40101 SET character_set_client = @saved_cs_client */;

--
-- Dumping data for table `countries`
--

LOCK TABLES `countries` WRITE;
/*!40000 ALTER TABLE `countries` DISABLE KEYS */;
/*!40000 ALTER TABLE `countries` ENABLE KEYS */;
UNLOCK TABLES;

--
-- Table structure for table `dispute_messages`
--

DROP TABLE IF EXISTS `dispute_messages`;
/*!40101 SET @saved_cs_client     = @@character_set_client */;
/*!50503 SET character_set_client = utf8mb4 */;
CREATE TABLE `dispute_messages` (
  `dispute_message_id` bigint(20) unsigned NOT NULL AUTO_INCREMENT,
  `dispute_id` bigint(20) unsigned NOT NULL,
  `sender_id` bigint(20) unsigned NOT NULL,
  `content` text NOT NULL,
  `attachment_url` varchar(500) DEFAULT NULL,
  `is_admin_message` tinyint(1) NOT NULL DEFAULT 0,
  `created_at` timestamp NULL DEFAULT NULL,
  `updated_at` timestamp NULL DEFAULT NULL,
  PRIMARY KEY (`dispute_message_id`),
  KEY `dispute_messages_dispute_id_foreign` (`dispute_id`),
  KEY `dispute_messages_sender_id_foreign` (`sender_id`),
  CONSTRAINT `dispute_messages_dispute_id_foreign` FOREIGN KEY (`dispute_id`) REFERENCES `disputes` (`dispute_id`) ON DELETE CASCADE,
  CONSTRAINT `dispute_messages_sender_id_foreign` FOREIGN KEY (`sender_id`) REFERENCES `users` (`id`)
) ENGINE=InnoDB AUTO_INCREMENT=31 DEFAULT CHARSET=utf8mb4 COLLATE=utf8mb4_unicode_ci;
/*!40101 SET character_set_client = @saved_cs_client */;

--
-- Dumping data for table `dispute_messages`
--

LOCK TABLES `dispute_messages` WRITE;
/*!40000 ALTER TABLE `dispute_messages` DISABLE KEYS */;
INSERT INTO `dispute_messages` VALUES (1,1,22,'Tôi muốn khiếu nại về chất lượng sản phẩm trong đơn hàng này.',NULL,0,'2025-10-02 01:33:10','2025-10-02 01:33:10'),(2,2,23,'Tôi muốn khiếu nại về chất lượng sản phẩm trong đơn hàng này.',NULL,0,'2025-10-02 01:33:10','2025-10-02 01:33:10'),(3,3,25,'Tôi muốn khiếu nại về chất lượng sản phẩm trong đơn hàng này.',NULL,0,'2025-10-02 01:33:10','2025-10-02 01:33:10'),(4,4,26,'Tôi muốn khiếu nại về chất lượng sản phẩm trong đơn hàng này.',NULL,0,'2025-10-02 01:33:10','2025-10-02 01:33:10'),(5,5,34,'Tôi muốn khiếu nại về chất lượng sản phẩm trong đơn hàng này.',NULL,0,'2025-10-02 01:33:10','2025-10-02 01:33:10'),(6,6,34,'Tôi muốn khiếu nại về chất lượng sản phẩm trong đơn hàng này.',NULL,0,'2025-10-02 01:33:10','2025-10-02 01:33:10'),(7,7,38,'Tôi muốn khiếu nại về chất lượng sản phẩm trong đơn hàng này.',NULL,0,'2025-10-02 01:33:10','2025-10-02 01:33:10'),(8,8,43,'Tôi muốn khiếu nại về chất lượng sản phẩm trong đơn hàng này.',NULL,0,'2025-10-02 01:33:10','2025-10-02 01:33:10'),(9,9,46,'Tôi muốn khiếu nại về chất lượng sản phẩm trong đơn hàng này.',NULL,0,'2025-10-02 01:33:10','2025-10-02 01:33:10'),(10,10,48,'Tôi muốn khiếu nại về chất lượng sản phẩm trong đơn hàng này.',NULL,0,'2025-10-02 01:33:10','2025-10-02 01:33:10'),(11,11,50,'Tôi muốn khiếu nại về chất lượng sản phẩm trong đơn hàng này.',NULL,0,'2025-10-02 01:33:10','2025-10-02 01:33:10'),(12,12,51,'Tôi muốn khiếu nại về chất lượng sản phẩm trong đơn hàng này.',NULL,0,'2025-10-02 01:33:10','2025-10-02 01:33:10'),(13,13,58,'Tôi muốn khiếu nại về chất lượng sản phẩm trong đơn hàng này.',NULL,0,'2025-10-02 01:33:10','2025-10-02 01:33:10'),(14,14,60,'Tôi muốn khiếu nại về chất lượng sản phẩm trong đơn hàng này.',NULL,0,'2025-10-02 01:33:10','2025-10-02 01:33:10'),(15,15,61,'Tôi muốn khiếu nại về chất lượng sản phẩm trong đơn hàng này.',NULL,0,'2025-10-02 01:33:10','2025-10-02 01:33:10'),(16,16,65,'Tôi muốn khiếu nại về chất lượng sản phẩm trong đơn hàng này.',NULL,0,'2025-10-02 01:33:10','2025-10-02 01:33:10'),(17,17,66,'Tôi muốn khiếu nại về chất lượng sản phẩm trong đơn hàng này.',NULL,0,'2025-10-02 01:33:10','2025-10-02 01:33:10'),(18,18,70,'Tôi muốn khiếu nại về chất lượng sản phẩm trong đơn hàng này.',NULL,0,'2025-10-02 01:33:10','2025-10-02 01:33:10'),(19,19,78,'Tôi muốn khiếu nại về chất lượng sản phẩm trong đơn hàng này.',NULL,0,'2025-10-02 01:33:10','2025-10-02 01:33:10'),(20,20,89,'Tôi muốn khiếu nại về chất lượng sản phẩm trong đơn hàng này.',NULL,0,'2025-10-02 01:33:10','2025-10-02 01:33:10'),(21,21,91,'Tôi muốn khiếu nại về chất lượng sản phẩm trong đơn hàng này.',NULL,0,'2025-10-02 01:33:10','2025-10-02 01:33:10'),(22,22,95,'Tôi muốn khiếu nại về chất lượng sản phẩm trong đơn hàng này.',NULL,0,'2025-10-02 01:33:10','2025-10-02 01:33:10'),(23,23,97,'Tôi muốn khiếu nại về chất lượng sản phẩm trong đơn hàng này.',NULL,0,'2025-10-02 01:33:10','2025-10-02 01:33:10'),(24,24,99,'Tôi muốn khiếu nại về chất lượng sản phẩm trong đơn hàng này.',NULL,0,'2025-10-02 01:33:10','2025-10-02 01:33:10'),(25,25,103,'Tôi muốn khiếu nại về chất lượng sản phẩm trong đơn hàng này.',NULL,0,'2025-10-02 01:33:10','2025-10-02 01:33:10'),(26,26,103,'Tôi muốn khiếu nại về chất lượng sản phẩm trong đơn hàng này.',NULL,0,'2025-10-02 01:33:10','2025-10-02 01:33:10'),(27,27,108,'Tôi muốn khiếu nại về chất lượng sản phẩm trong đơn hàng này.',NULL,0,'2025-10-02 01:33:10','2025-10-02 01:33:10'),(28,28,108,'Tôi muốn khiếu nại về chất lượng sản phẩm trong đơn hàng này.',NULL,0,'2025-10-02 01:33:10','2025-10-02 01:33:10'),(29,29,110,'Tôi muốn khiếu nại về chất lượng sản phẩm trong đơn hàng này.',NULL,0,'2025-10-02 01:33:10','2025-10-02 01:33:10'),(30,30,119,'Tôi muốn khiếu nại về chất lượng sản phẩm trong đơn hàng này.',NULL,0,'2025-10-02 01:33:10','2025-10-02 01:33:10');
/*!40000 ALTER TABLE `dispute_messages` ENABLE KEYS */;
UNLOCK TABLES;

--
-- Table structure for table `disputes`
--

DROP TABLE IF EXISTS `disputes`;
/*!40101 SET @saved_cs_client     = @@character_set_client */;
/*!50503 SET character_set_client = utf8mb4 */;
CREATE TABLE `disputes` (
  `dispute_id` bigint(20) unsigned NOT NULL AUTO_INCREMENT,
  `order_id` bigint(20) unsigned NOT NULL,
  `customer_id` bigint(20) unsigned NOT NULL,
  `seller_id` bigint(20) unsigned NOT NULL,
  `subject` varchar(200) NOT NULL,
  `description` text NOT NULL,
  `status` tinyint(4) NOT NULL COMMENT '1: Open, 2: Under Review, 3: Resolved, 4: Closed',
  `type` tinyint(4) NOT NULL COMMENT '1: Item not received, 2: Item not as described, 3: Other',
  `assigned_admin_id` bigint(20) unsigned DEFAULT NULL,
  `resolution` text DEFAULT NULL,
  `resolved_at` timestamp NULL DEFAULT NULL,
  `created_at` timestamp NULL DEFAULT NULL,
  `updated_at` timestamp NULL DEFAULT NULL,
  PRIMARY KEY (`dispute_id`),
  KEY `disputes_order_id_foreign` (`order_id`),
  KEY `disputes_customer_id_foreign` (`customer_id`),
  KEY `disputes_seller_id_foreign` (`seller_id`),
  KEY `disputes_assigned_admin_id_foreign` (`assigned_admin_id`),
  CONSTRAINT `disputes_assigned_admin_id_foreign` FOREIGN KEY (`assigned_admin_id`) REFERENCES `users` (`id`) ON DELETE SET NULL,
  CONSTRAINT `disputes_customer_id_foreign` FOREIGN KEY (`customer_id`) REFERENCES `users` (`id`),
  CONSTRAINT `disputes_order_id_foreign` FOREIGN KEY (`order_id`) REFERENCES `orders` (`order_id`),
  CONSTRAINT `disputes_seller_id_foreign` FOREIGN KEY (`seller_id`) REFERENCES `users` (`id`)
) ENGINE=InnoDB AUTO_INCREMENT=31 DEFAULT CHARSET=utf8mb4 COLLATE=utf8mb4_unicode_ci;
/*!40101 SET character_set_client = @saved_cs_client */;

--
-- Dumping data for table `disputes`
--

LOCK TABLES `disputes` WRITE;
/*!40000 ALTER TABLE `disputes` DISABLE KEYS */;
INSERT INTO `disputes` VALUES (1,2,22,11,'Khiếu nại về đơn hàng ORD-96644141','Atque atque maxime omnis aut. Quia voluptatem est et provident cumque id.',2,2,1,NULL,NULL,'2025-10-02 01:33:10','2025-10-02 01:33:10'),(2,7,23,10,'Khiếu nại về đơn hàng ORD-50314434','Ut qui recusandae cum dolores. Qui eveniet id non natus. Quia aliquam quo voluptatem tempore est dolorem veniam dicta. Ut ut dicta accusantium autem accusamus quia. Et dolor id illo quisquam eos culpa quibusdam.',1,1,1,NULL,NULL,'2025-10-02 01:33:10','2025-10-02 01:33:10'),(3,13,25,4,'Khiếu nại về đơn hàng ORD-93220895','Quam rerum magnam totam ea pariatur nisi. Dolorem non nesciunt hic sed eum natus. Ratione aut qui culpa voluptas.',1,2,1,NULL,NULL,'2025-10-02 01:33:10','2025-10-02 01:33:10'),(4,19,26,17,'Khiếu nại về đơn hàng ORD-44910485','Illum aut est eum aliquam deserunt. Error consequatur rem minima quis molestiae excepturi et.',4,1,1,NULL,NULL,'2025-10-02 01:33:10','2025-10-02 01:33:10'),(5,44,34,21,'Khiếu nại về đơn hàng ORD-90127665','Vel commodi assumenda in corporis voluptas rerum id. Similique laboriosam id sapiente. Molestiae aut atque quis quisquam inventore dolorum.',4,1,1,NULL,NULL,'2025-10-02 01:33:10','2025-10-02 01:33:10'),(6,46,34,7,'Khiếu nại về đơn hàng ORD-91027516','Quia ratione eaque ab reiciendis eos ut. Voluptatem a est accusantium itaque in. Illo repellat facere labore placeat eos odit. Sed qui eum aliquam quia adipisci excepturi.',4,1,1,NULL,NULL,'2025-10-02 01:33:10','2025-10-02 01:33:10'),(7,54,38,11,'Khiếu nại về đơn hàng ORD-31444200','Quia expedita quia architecto quia culpa iste occaecati. Non voluptatem sed ut molestias id. Id rem voluptatibus eum ut voluptate sint blanditiis exercitationem.',4,1,1,NULL,NULL,'2025-10-02 01:33:10','2025-10-02 01:33:10'),(8,74,43,8,'Khiếu nại về đơn hàng ORD-4966144','Unde consequuntur error voluptas mollitia. Nihil aut adipisci ipsum occaecati minus. Dicta odio eius quis. Odit ullam laudantium nisi quae.',3,1,1,NULL,NULL,'2025-10-02 01:33:10','2025-10-02 01:33:10'),(9,86,46,8,'Khiếu nại về đơn hàng ORD-35375965','Itaque corporis nihil et error quia ducimus voluptas. Libero eos nemo mollitia sit iure odit aut. Qui et id reiciendis earum assumenda eum qui. Veritatis unde ipsam dicta officia odio quo laborum.',4,2,1,NULL,NULL,'2025-10-02 01:33:10','2025-10-02 01:33:10'),(10,92,48,2,'Khiếu nại về đơn hàng ORD-72781268','Sed ut ea et voluptatem aut voluptatem deleniti. In provident odit eligendi. Eaque ratione illo in reprehenderit quia officia. Itaque pariatur voluptas delectus quos dolores consequatur enim.',1,1,1,NULL,NULL,'2025-10-02 01:33:10','2025-10-02 01:33:10'),(11,97,50,10,'Khiếu nại về đơn hàng ORD-17949353','Assumenda quas praesentium impedit aspernatur debitis quis quae necessitatibus. Recusandae ipsa fugit explicabo. Soluta sed id officiis ipsam dolorum delectus. Iure sed laudantium pariatur.',4,3,1,NULL,NULL,'2025-10-02 01:33:10','2025-10-02 01:33:10'),(12,101,51,11,'Khiếu nại về đơn hàng ORD-93613510','Quo deleniti ut in eos ullam neque distinctio porro. Reiciendis qui architecto eum et adipisci animi ipsum ut. Nulla consequatur ut in enim. Voluptate perferendis qui aut quia cumque excepturi.',4,3,1,NULL,NULL,'2025-10-02 01:33:10','2025-10-02 01:33:10'),(13,122,58,11,'Khiếu nại về đơn hàng ORD-24976420','Possimus sequi blanditiis quia ipsa. Minus ut sunt magni autem qui quaerat quia quidem. Ut dolorum dolorem dolor. Hic voluptas voluptatum magnam quae impedit excepturi numquam illo.',2,1,1,NULL,NULL,'2025-10-02 01:33:10','2025-10-02 01:33:10'),(14,126,60,2,'Khiếu nại về đơn hàng ORD-78268525','Et quis omnis dolorum molestias in nisi et. Numquam magnam autem illo est. Quos quasi hic dignissimos ipsa. Inventore rerum officiis et voluptas aliquid sit. Quo voluptatem pariatur quasi voluptatem.',2,3,1,NULL,NULL,'2025-10-02 01:33:10','2025-10-02 01:33:10'),(15,131,61,7,'Khiếu nại về đơn hàng ORD-68335745','Cum aut consequatur illum quod rerum alias. Enim sed veniam cumque est porro voluptatem. Vel quo porro sit voluptas ea. Velit aut beatae quaerat et.',1,3,1,NULL,NULL,'2025-10-02 01:33:10','2025-10-02 01:33:10'),(16,138,65,7,'Khiếu nại về đơn hàng ORD-66049179','Vel ipsum dolorem tempore. Molestiae perferendis voluptatem quasi sit nesciunt fugiat.',2,2,1,NULL,NULL,'2025-10-02 01:33:10','2025-10-02 01:33:10'),(17,143,66,7,'Khiếu nại về đơn hàng ORD-91777436','Repellendus eveniet voluptas beatae quis omnis. Fuga nulla est nisi eos. Qui quo amet eligendi cum aut quia voluptatem natus. Est ratione molestiae quam. Ipsam rerum soluta molestiae et explicabo culpa.',3,1,1,NULL,NULL,'2025-10-02 01:33:10','2025-10-02 01:33:10'),(18,155,70,10,'Khiếu nại về đơn hàng ORD-32221806','Sed odit non debitis. Perferendis recusandae laudantium tempora nobis. Laborum neque laudantium saepe aut quod. Totam et exercitationem beatae aperiam omnis nisi. Culpa odio rerum fugit omnis aperiam quae autem odio.',3,1,1,NULL,NULL,'2025-10-02 01:33:10','2025-10-02 01:33:10'),(19,179,78,20,'Khiếu nại về đơn hàng ORD-99467037','Quis minus quia corporis sed. Est iusto ducimus vel aut in aut. Maiores consequatur iste id voluptas.',3,1,1,NULL,NULL,'2025-10-02 01:33:10','2025-10-02 01:33:10'),(20,205,89,2,'Khiếu nại về đơn hàng ORD-74578664','Quas et hic at. A soluta enim assumenda laudantium. Iure nulla ut autem cumque inventore amet voluptatem.',1,2,1,NULL,NULL,'2025-10-02 01:33:10','2025-10-02 01:33:10'),(21,209,91,16,'Khiếu nại về đơn hàng ORD-49348637','A nihil voluptatem a cum. Reiciendis delectus repellat cupiditate quia molestiae. Et nisi architecto quod pariatur. Nihil aperiam nihil quae dicta corporis facere tenetur. Modi commodi labore et ut perspiciatis.',3,2,1,NULL,NULL,'2025-10-02 01:33:10','2025-10-02 01:33:10'),(22,218,95,8,'Khiếu nại về đơn hàng ORD-30380247','Quaerat dolorum rem quas voluptatibus repellendus optio. Voluptatem minima quod dolor iste nemo. Dicta cum magni est est.',1,1,1,NULL,NULL,'2025-10-02 01:33:10','2025-10-02 01:33:10'),(23,224,97,6,'Khiếu nại về đơn hàng ORD-63181649','Neque vero necessitatibus sit alias dolorem. Et consequatur non dolore sunt quo voluptatum inventore. Nihil magni voluptatem recusandae totam autem accusantium.',1,2,1,NULL,NULL,'2025-10-02 01:33:10','2025-10-02 01:33:10'),(24,231,99,15,'Khiếu nại về đơn hàng ORD-74639472','Tempora natus hic non nulla iure ut. Modi soluta omnis voluptas voluptates. Veniam rerum occaecati ipsum dolor.',1,3,1,NULL,NULL,'2025-10-02 01:33:10','2025-10-02 01:33:10'),(25,241,103,21,'Khiếu nại về đơn hàng ORD-52545988','Molestiae sed tempora eum ipsam nemo reiciendis dolores. Qui suscipit cumque et et autem officia numquam. Sapiente esse sit molestias mollitia omnis aperiam vitae. Nobis nulla voluptates deserunt quas vitae.',4,1,1,NULL,NULL,'2025-10-02 01:33:10','2025-10-02 01:33:10'),(26,242,103,20,'Khiếu nại về đơn hàng ORD-61719073','Et aut architecto ut voluptas. Nostrum perferendis culpa et quaerat numquam id. Perspiciatis atque molestias sunt.',3,2,1,NULL,NULL,'2025-10-02 01:33:10','2025-10-02 01:33:10'),(27,259,108,16,'Khiếu nại về đơn hàng ORD-40918327','Itaque quia fuga qui enim. Amet distinctio id possimus ipsa sunt eius. Voluptates alias consequatur rerum id vel.',3,1,1,NULL,NULL,'2025-10-02 01:33:10','2025-10-02 01:33:10'),(28,261,108,18,'Khiếu nại về đơn hàng ORD-10187774','Repudiandae fugit explicabo sint qui facere fugit. Cum odio vel cupiditate sunt doloribus dolor aut. Unde et et quia excepturi aliquid accusantium. Ipsa nam et odit quis dolores placeat iure.',2,2,1,NULL,NULL,'2025-10-02 01:33:10','2025-10-02 01:33:10'),(29,266,110,8,'Khiếu nại về đơn hàng ORD-2500479','Eligendi incidunt et sit fugit in. Fuga at minus aut reprehenderit. Quia sit cumque incidunt rem nulla autem est. Optio consequatur fuga at beatae assumenda sit.',3,2,1,NULL,NULL,'2025-10-02 01:33:10','2025-10-02 01:33:10'),(30,290,119,17,'Khiếu nại về đơn hàng ORD-17392251','Est eos reprehenderit nihil laboriosam. Laudantium qui consectetur quo ipsa similique. Accusamus quod unde sit ut et. Cupiditate hic autem et numquam distinctio. Laboriosam odio reiciendis molestiae aut magni quia.',3,1,1,NULL,NULL,'2025-10-02 01:33:10','2025-10-02 01:33:10');
/*!40000 ALTER TABLE `disputes` ENABLE KEYS */;
UNLOCK TABLES;

--
-- Table structure for table `failed_jobs`
--

DROP TABLE IF EXISTS `failed_jobs`;
/*!40101 SET @saved_cs_client     = @@character_set_client */;
/*!50503 SET character_set_client = utf8mb4 */;
CREATE TABLE `failed_jobs` (
  `id` bigint(20) unsigned NOT NULL AUTO_INCREMENT,
  `uuid` varchar(255) NOT NULL,
  `connection` text NOT NULL,
  `queue` text NOT NULL,
  `payload` longtext NOT NULL,
  `exception` longtext NOT NULL,
  `failed_at` timestamp NOT NULL DEFAULT current_timestamp(),
  PRIMARY KEY (`id`),
  UNIQUE KEY `failed_jobs_uuid_unique` (`uuid`)
) ENGINE=InnoDB DEFAULT CHARSET=utf8mb4 COLLATE=utf8mb4_unicode_ci;
/*!40101 SET character_set_client = @saved_cs_client */;

--
-- Dumping data for table `failed_jobs`
--

LOCK TABLES `failed_jobs` WRITE;
/*!40000 ALTER TABLE `failed_jobs` DISABLE KEYS */;
/*!40000 ALTER TABLE `failed_jobs` ENABLE KEYS */;
UNLOCK TABLES;

--
-- Table structure for table `hubs`
--

DROP TABLE IF EXISTS `hubs`;
/*!40101 SET @saved_cs_client     = @@character_set_client */;
/*!50503 SET character_set_client = utf8mb4 */;
CREATE TABLE `hubs` (
  `id` bigint(20) unsigned NOT NULL AUTO_INCREMENT,
  `name` varchar(255) NOT NULL,
  `address` text NOT NULL,
  `ward_id` bigint(20) unsigned DEFAULT NULL,
  `latitude` decimal(10,8) DEFAULT NULL,
  `longitude` decimal(11,8) DEFAULT NULL,
  `created_at` timestamp NULL DEFAULT NULL,
  `updated_at` timestamp NULL DEFAULT NULL,
  PRIMARY KEY (`id`),
  KEY `hubs_ward_id_foreign` (`ward_id`),
  CONSTRAINT `hubs_ward_id_foreign` FOREIGN KEY (`ward_id`) REFERENCES `administrative_divisions` (`id`)
) ENGINE=InnoDB DEFAULT CHARSET=utf8mb4 COLLATE=utf8mb4_unicode_ci;
/*!40101 SET character_set_client = @saved_cs_client */;

--
-- Dumping data for table `hubs`
--

LOCK TABLES `hubs` WRITE;
/*!40000 ALTER TABLE `hubs` DISABLE KEYS */;
/*!40000 ALTER TABLE `hubs` ENABLE KEYS */;
UNLOCK TABLES;

--
-- Table structure for table `job_batches`
--

DROP TABLE IF EXISTS `job_batches`;
/*!40101 SET @saved_cs_client     = @@character_set_client */;
/*!50503 SET character_set_client = utf8mb4 */;
CREATE TABLE `job_batches` (
  `id` varchar(255) NOT NULL,
  `name` varchar(255) NOT NULL,
  `total_jobs` int(11) NOT NULL,
  `pending_jobs` int(11) NOT NULL,
  `failed_jobs` int(11) NOT NULL,
  `failed_job_ids` longtext NOT NULL,
  `options` mediumtext DEFAULT NULL,
  `cancelled_at` int(11) DEFAULT NULL,
  `created_at` int(11) NOT NULL,
  `finished_at` int(11) DEFAULT NULL,
  PRIMARY KEY (`id`)
) ENGINE=InnoDB DEFAULT CHARSET=utf8mb4 COLLATE=utf8mb4_unicode_ci;
/*!40101 SET character_set_client = @saved_cs_client */;

--
-- Dumping data for table `job_batches`
--

LOCK TABLES `job_batches` WRITE;
/*!40000 ALTER TABLE `job_batches` DISABLE KEYS */;
/*!40000 ALTER TABLE `job_batches` ENABLE KEYS */;
UNLOCK TABLES;

--
-- Table structure for table `jobs`
--

DROP TABLE IF EXISTS `jobs`;
/*!40101 SET @saved_cs_client     = @@character_set_client */;
/*!50503 SET character_set_client = utf8mb4 */;
CREATE TABLE `jobs` (
  `id` bigint(20) unsigned NOT NULL AUTO_INCREMENT,
  `queue` varchar(255) NOT NULL,
  `payload` longtext NOT NULL,
  `attempts` tinyint(3) unsigned NOT NULL,
  `reserved_at` int(10) unsigned DEFAULT NULL,
  `available_at` int(10) unsigned NOT NULL,
  `created_at` int(10) unsigned NOT NULL,
  PRIMARY KEY (`id`),
  KEY `jobs_queue_index` (`queue`)
) ENGINE=InnoDB DEFAULT CHARSET=utf8mb4 COLLATE=utf8mb4_unicode_ci;
/*!40101 SET character_set_client = @saved_cs_client */;

--
-- Dumping data for table `jobs`
--

LOCK TABLES `jobs` WRITE;
/*!40000 ALTER TABLE `jobs` DISABLE KEYS */;
/*!40000 ALTER TABLE `jobs` ENABLE KEYS */;
UNLOCK TABLES;

--
-- Table structure for table `migrations`
--

DROP TABLE IF EXISTS `migrations`;
/*!40101 SET @saved_cs_client     = @@character_set_client */;
/*!50503 SET character_set_client = utf8mb4 */;
CREATE TABLE `migrations` (
  `id` int(10) unsigned NOT NULL AUTO_INCREMENT,
  `migration` varchar(255) NOT NULL,
  `batch` int(11) NOT NULL,
  PRIMARY KEY (`id`)
) ENGINE=InnoDB AUTO_INCREMENT=23 DEFAULT CHARSET=utf8mb4 COLLATE=utf8mb4_unicode_ci;
/*!40101 SET character_set_client = @saved_cs_client */;

--
-- Dumping data for table `migrations`
--

LOCK TABLES `migrations` WRITE;
/*!40000 ALTER TABLE `migrations` DISABLE KEYS */;
INSERT INTO `migrations` VALUES (1,'0001_01_01_000000_create_users_table',1),(2,'0001_01_01_000001_create_cache_table',1),(3,'0001_01_01_000002_create_jobs_table',1),(4,'2025_09_05_000003_create_base_user_and_rbac_tables',1),(5,'2025_09_05_113804_product_catalog_tables',1),(6,'2025_09_05_113854_create_product_variants_and_attributes_tables',1),(7,'2025_09_05_113915_create_order_and_cart_tables',1),(8,'2025_09_05_114543_create_promotions_tables',1),(9,'2025_09_05_114604_create_interaction_tables',1),(10,'2025_09_05_114644_create_chat_and_dispute_tables',1),(11,'2025_09_05_114705_create_operational_tables',1),(12,'2025_09_05_114733_create_user_activity_tables',1),(13,'2025_09_25_093540_create_returns_tables',1),(14,'2025_09_27_112651_add_currency_columns_to_orders_table',1),(15,'2025_09_28_093601_create_administrative_division_tables',1),(16,'2025_09_28_093638_refactor_user_addresses_table',1),(17,'2025_09_28_094552_create_shipper_and_logistics_tables',1),(18,'2025_09_28_095217_create_transactions_table',1),(19,'2025_09_30_050817_update_products_table_for_multilingual',1),(20,'2025_09_30_050852_update_categories_table_for_multilingual',1),(21,'2025_10_01_140841_make_first_last_name_nullable',1),(22,'2025_10_02_083017_add_provider_columns_to_users_table',1);
/*!40000 ALTER TABLE `migrations` ENABLE KEYS */;
UNLOCK TABLES;

--
-- Table structure for table `notifications`
--

DROP TABLE IF EXISTS `notifications`;
/*!40101 SET @saved_cs_client     = @@character_set_client */;
/*!50503 SET character_set_client = utf8mb4 */;
CREATE TABLE `notifications` (
  `notification_id` bigint(20) unsigned NOT NULL AUTO_INCREMENT,
  `user_id` bigint(20) unsigned NOT NULL,
  `title` varchar(200) NOT NULL,
  `content` text NOT NULL,
  `type` tinyint(4) NOT NULL COMMENT 'e.g., OrderUpdate, Promotion, System',
  `is_read` tinyint(1) NOT NULL DEFAULT 0,
  `notifiable_type` varchar(255) NOT NULL,
  `notifiable_id` bigint(20) unsigned NOT NULL,
  `action_url` varchar(500) DEFAULT NULL,
  `read_at` timestamp NULL DEFAULT NULL,
  `created_at` timestamp NULL DEFAULT NULL,
  `updated_at` timestamp NULL DEFAULT NULL,
  PRIMARY KEY (`notification_id`),
  KEY `notifications_user_id_foreign` (`user_id`),
  KEY `notifications_notifiable_type_notifiable_id_index` (`notifiable_type`,`notifiable_id`),
  CONSTRAINT `notifications_user_id_foreign` FOREIGN KEY (`user_id`) REFERENCES `users` (`id`) ON DELETE CASCADE
) ENGINE=InnoDB DEFAULT CHARSET=utf8mb4 COLLATE=utf8mb4_unicode_ci;
/*!40101 SET character_set_client = @saved_cs_client */;

--
-- Dumping data for table `notifications`
--

LOCK TABLES `notifications` WRITE;
/*!40000 ALTER TABLE `notifications` DISABLE KEYS */;
/*!40000 ALTER TABLE `notifications` ENABLE KEYS */;
UNLOCK TABLES;

--
-- Table structure for table `order_items`
--

DROP TABLE IF EXISTS `order_items`;
/*!40101 SET @saved_cs_client     = @@character_set_client */;
/*!50503 SET character_set_client = utf8mb4 */;
CREATE TABLE `order_items` (
  `order_item_id` bigint(20) unsigned NOT NULL AUTO_INCREMENT,
  `order_id` bigint(20) unsigned NOT NULL,
  `variant_id` bigint(20) unsigned NOT NULL,
  `quantity` int(11) NOT NULL,
  `unit_price` decimal(18,2) NOT NULL,
  `total_price` decimal(18,2) NOT NULL,
  `created_at` timestamp NULL DEFAULT NULL,
  `updated_at` timestamp NULL DEFAULT NULL,
  PRIMARY KEY (`order_item_id`),
  KEY `order_items_order_id_foreign` (`order_id`),
  KEY `order_items_variant_id_foreign` (`variant_id`),
  CONSTRAINT `order_items_order_id_foreign` FOREIGN KEY (`order_id`) REFERENCES `orders` (`order_id`) ON DELETE CASCADE,
  CONSTRAINT `order_items_variant_id_foreign` FOREIGN KEY (`variant_id`) REFERENCES `product_variants` (`variant_id`) ON DELETE CASCADE
) ENGINE=InnoDB AUTO_INCREMENT=631 DEFAULT CHARSET=utf8mb4 COLLATE=utf8mb4_unicode_ci;
/*!40101 SET character_set_client = @saved_cs_client */;

--
-- Dumping data for table `order_items`
--

LOCK TABLES `order_items` WRITE;
/*!40000 ALTER TABLE `order_items` DISABLE KEYS */;
INSERT INTO `order_items` VALUES (1,1,82,1,44299566.00,44299566.00,NULL,NULL),(2,2,59,3,8345272.00,25035816.00,NULL,NULL),(3,3,5,3,13107518.00,39322554.00,NULL,NULL),(4,3,59,1,8345272.00,8345272.00,NULL,NULL),(5,4,5,3,13107518.00,39322554.00,NULL,NULL),(6,4,131,1,8447323.00,8447323.00,NULL,NULL),(7,4,44,1,13255377.00,13255377.00,NULL,NULL),(8,5,110,2,37533687.00,75067374.00,NULL,NULL),(9,6,111,2,11997578.00,23995156.00,NULL,NULL),(10,7,37,1,27197133.00,27197133.00,NULL,NULL),(11,7,108,2,32639896.00,65279792.00,NULL,NULL),(12,8,82,2,44299566.00,88599132.00,NULL,NULL),(13,8,73,3,31101618.00,93304854.00,NULL,NULL),(14,9,21,3,27799400.00,83398200.00,NULL,NULL),(15,9,64,2,13047386.00,26094772.00,NULL,NULL),(16,10,47,2,10322893.00,20645786.00,NULL,NULL),(17,10,9,1,1374272.00,1374272.00,NULL,NULL),(18,10,5,3,13107518.00,39322554.00,NULL,NULL),(19,11,84,2,23616614.00,47233228.00,NULL,NULL),(20,12,99,2,33241112.00,66482224.00,NULL,NULL),(21,12,46,3,41321427.00,123964281.00,NULL,NULL),(22,13,67,1,38405592.00,38405592.00,NULL,NULL),(23,13,121,1,18642590.00,18642590.00,NULL,NULL),(24,13,113,3,6754732.00,20264196.00,NULL,NULL),(25,14,97,2,39350167.00,78700334.00,NULL,NULL),(26,14,67,2,38405592.00,76811184.00,NULL,NULL),(27,15,115,1,11219774.00,11219774.00,NULL,NULL),(28,15,18,1,35537099.00,35537099.00,NULL,NULL),(29,15,126,3,38077331.00,114231993.00,NULL,NULL),(30,16,28,1,37416512.00,37416512.00,NULL,NULL),(31,16,67,1,38405592.00,38405592.00,NULL,NULL),(32,17,91,2,33684336.00,67368672.00,NULL,NULL),(33,17,24,1,4020196.00,4020196.00,NULL,NULL),(34,18,126,1,38077331.00,38077331.00,NULL,NULL),(35,19,88,1,12701119.00,12701119.00,NULL,NULL),(36,20,126,1,38077331.00,38077331.00,NULL,NULL),(37,20,97,1,39350167.00,39350167.00,NULL,NULL),(38,20,123,1,12279952.00,12279952.00,NULL,NULL),(39,21,97,2,39350167.00,78700334.00,NULL,NULL),(40,21,115,2,11219774.00,22439548.00,NULL,NULL),(41,22,14,2,44504937.00,89009874.00,NULL,NULL),(42,22,37,1,27197133.00,27197133.00,NULL,NULL),(43,23,126,2,38077331.00,76154662.00,NULL,NULL),(44,23,39,2,2692458.00,5384916.00,NULL,NULL),(45,24,125,2,40122304.00,80244608.00,NULL,NULL),(46,24,15,3,29027708.00,87083124.00,NULL,NULL),(47,24,38,2,48274355.00,96548710.00,NULL,NULL),(48,25,106,3,41269071.00,123807213.00,NULL,NULL),(49,25,115,2,11219774.00,22439548.00,NULL,NULL),(50,26,63,3,14258698.00,42776094.00,NULL,NULL),(51,27,63,2,14258698.00,28517396.00,NULL,NULL),(52,28,128,1,35493728.00,35493728.00,NULL,NULL),(53,28,29,3,5758074.00,17274222.00,NULL,NULL),(54,28,59,2,8345272.00,16690544.00,NULL,NULL),(55,29,103,3,2483954.00,7451862.00,NULL,NULL),(56,29,85,1,13600232.00,13600232.00,NULL,NULL),(57,30,82,2,44299566.00,88599132.00,NULL,NULL),(58,30,83,2,38629026.00,77258052.00,NULL,NULL),(59,30,32,2,32422098.00,64844196.00,NULL,NULL),(60,30,116,3,43370497.00,130111491.00,NULL,NULL),(61,31,52,2,8194650.00,16389300.00,NULL,NULL),(62,32,48,2,32305530.00,64611060.00,NULL,NULL),(63,33,102,2,24126323.00,48252646.00,NULL,NULL),(64,33,21,2,27799400.00,55598800.00,NULL,NULL),(65,34,67,1,38405592.00,38405592.00,NULL,NULL),(66,34,85,2,13600232.00,27200464.00,NULL,NULL),(67,35,73,3,31101618.00,93304854.00,NULL,NULL),(68,35,6,1,47278497.00,47278497.00,NULL,NULL),(69,36,110,1,37533687.00,37533687.00,NULL,NULL),(70,36,133,1,32437457.00,32437457.00,NULL,NULL),(71,37,77,1,34483927.00,34483927.00,NULL,NULL),(72,37,26,2,29112288.00,58224576.00,NULL,NULL),(73,37,108,2,32639896.00,65279792.00,NULL,NULL),(74,37,15,3,29027708.00,87083124.00,NULL,NULL),(75,38,24,1,4020196.00,4020196.00,NULL,NULL),(76,38,74,1,24317230.00,24317230.00,NULL,NULL),(77,39,74,1,24317230.00,24317230.00,NULL,NULL),(78,39,115,1,11219774.00,11219774.00,NULL,NULL),(79,39,65,1,33514454.00,33514454.00,NULL,NULL),(80,40,19,3,48171918.00,144515754.00,NULL,NULL),(81,40,56,3,42837477.00,128512431.00,NULL,NULL),(82,40,74,1,24317230.00,24317230.00,NULL,NULL),(83,40,42,1,44522666.00,44522666.00,NULL,NULL),(84,41,61,1,46006241.00,46006241.00,NULL,NULL),(85,41,25,2,38042172.00,76084344.00,NULL,NULL),(86,42,55,3,19716840.00,59150520.00,NULL,NULL),(87,43,122,3,31724334.00,95173002.00,NULL,NULL),(88,43,65,1,33514454.00,33514454.00,NULL,NULL),(89,43,6,2,47278497.00,94556994.00,NULL,NULL),(90,43,69,3,42687857.00,128063571.00,NULL,NULL),(91,44,99,3,33241112.00,99723336.00,NULL,NULL),(92,44,128,3,35493728.00,106481184.00,NULL,NULL),(93,44,29,2,5758074.00,11516148.00,NULL,NULL),(94,45,35,1,14883937.00,14883937.00,NULL,NULL),(95,46,34,3,34665824.00,103997472.00,NULL,NULL),(96,46,120,3,30030119.00,90090357.00,NULL,NULL),(97,46,97,2,39350167.00,78700334.00,NULL,NULL),(98,47,20,1,27187908.00,27187908.00,NULL,NULL),(99,47,135,2,26301495.00,52602990.00,NULL,NULL),(100,48,27,2,29384068.00,58768136.00,NULL,NULL),(101,49,101,2,32937601.00,65875202.00,NULL,NULL),(102,50,12,2,1630475.00,3260950.00,NULL,NULL),(103,50,38,2,48274355.00,96548710.00,NULL,NULL),(104,51,58,2,33143192.00,66286384.00,NULL,NULL),(105,52,35,3,14883937.00,44651811.00,NULL,NULL),(106,53,13,1,24430466.00,24430466.00,NULL,NULL),(107,53,113,2,6754732.00,13509464.00,NULL,NULL),(108,53,37,2,27197133.00,54394266.00,NULL,NULL),(109,53,1,2,3812416.00,7624832.00,NULL,NULL),(110,54,58,1,33143192.00,33143192.00,NULL,NULL),(111,54,25,3,38042172.00,114126516.00,NULL,NULL),(112,55,90,1,7141178.00,7141178.00,NULL,NULL),(113,56,3,1,4122141.00,4122141.00,NULL,NULL),(114,56,135,1,26301495.00,26301495.00,NULL,NULL),(115,56,129,2,30178977.00,60357954.00,NULL,NULL),(116,57,110,1,37533687.00,37533687.00,NULL,NULL),(117,57,32,1,32422098.00,32422098.00,NULL,NULL),(118,58,11,2,38052725.00,76105450.00,NULL,NULL),(119,58,110,1,37533687.00,37533687.00,NULL,NULL),(120,58,72,3,43766181.00,131298543.00,NULL,NULL),(121,59,57,2,21498351.00,42996702.00,NULL,NULL),(122,59,42,1,44522666.00,44522666.00,NULL,NULL),(123,59,69,1,42687857.00,42687857.00,NULL,NULL),(124,60,63,2,14258698.00,28517396.00,NULL,NULL),(125,60,24,2,4020196.00,8040392.00,NULL,NULL),(126,61,137,1,8947991.00,8947991.00,NULL,NULL),(127,62,88,2,12701119.00,25402238.00,NULL,NULL),(128,62,8,1,1650881.00,1650881.00,NULL,NULL),(129,62,66,1,23993583.00,23993583.00,NULL,NULL),(130,62,25,3,38042172.00,114126516.00,NULL,NULL),(131,63,96,2,36928663.00,73857326.00,NULL,NULL),(132,63,123,1,12279952.00,12279952.00,NULL,NULL),(133,63,55,3,19716840.00,59150520.00,NULL,NULL),(134,64,17,2,34639889.00,69279778.00,NULL,NULL),(135,65,6,2,47278497.00,94556994.00,NULL,NULL),(136,65,105,3,16180325.00,48540975.00,NULL,NULL),(137,66,110,3,37533687.00,112601061.00,NULL,NULL),(138,66,60,1,7792836.00,7792836.00,NULL,NULL),(139,67,76,3,14109644.00,42328932.00,NULL,NULL),(140,67,107,3,3260802.00,9782406.00,NULL,NULL),(141,68,100,2,8622176.00,17244352.00,NULL,NULL),(142,68,46,3,41321427.00,123964281.00,NULL,NULL),(143,69,49,2,7300137.00,14600274.00,NULL,NULL),(144,69,97,3,39350167.00,118050501.00,NULL,NULL),(145,70,36,3,38966477.00,116899431.00,NULL,NULL),(146,70,74,2,24317230.00,48634460.00,NULL,NULL),(147,70,106,3,41269071.00,123807213.00,NULL,NULL),(148,71,109,2,31946165.00,63892330.00,NULL,NULL),(149,71,128,1,35493728.00,35493728.00,NULL,NULL),(150,71,88,1,12701119.00,12701119.00,NULL,NULL),(151,72,43,3,46126396.00,138379188.00,NULL,NULL),(152,72,47,1,10322893.00,10322893.00,NULL,NULL),(153,73,22,1,7898236.00,7898236.00,NULL,NULL),(154,74,33,2,17434707.00,34869414.00,NULL,NULL),(155,75,121,2,18642590.00,37285180.00,NULL,NULL),(156,75,111,3,11997578.00,35992734.00,NULL,NULL),(157,75,86,1,23109548.00,23109548.00,NULL,NULL),(158,75,10,3,26904078.00,80712234.00,NULL,NULL),(159,76,82,3,44299566.00,132898698.00,NULL,NULL),(160,76,1,1,3812416.00,3812416.00,NULL,NULL),(161,76,13,3,24430466.00,73291398.00,NULL,NULL),(162,77,98,3,32774906.00,98324718.00,NULL,NULL),(163,77,68,3,6650787.00,19952361.00,NULL,NULL),(164,78,12,1,1630475.00,1630475.00,NULL,NULL),(165,79,2,2,1315834.00,2631668.00,NULL,NULL),(166,79,70,3,36293970.00,108881910.00,NULL,NULL),(167,80,10,2,26904078.00,53808156.00,NULL,NULL),(168,80,72,3,43766181.00,131298543.00,NULL,NULL),(169,80,70,2,36293970.00,72587940.00,NULL,NULL),(170,80,41,1,6142482.00,6142482.00,NULL,NULL),(171,81,59,2,8345272.00,16690544.00,NULL,NULL),(172,81,7,3,24915064.00,74745192.00,NULL,NULL),(173,82,28,2,37416512.00,74833024.00,NULL,NULL),(174,82,119,3,31334877.00,94004631.00,NULL,NULL),(175,83,46,2,41321427.00,82642854.00,NULL,NULL),(176,83,12,3,1630475.00,4891425.00,NULL,NULL),(177,84,29,1,5758074.00,5758074.00,NULL,NULL),(178,84,120,1,30030119.00,30030119.00,NULL,NULL),(179,84,134,2,45549413.00,91098826.00,NULL,NULL),(180,84,93,1,30130633.00,30130633.00,NULL,NULL),(181,85,81,3,31941486.00,95824458.00,NULL,NULL),(182,85,74,2,24317230.00,48634460.00,NULL,NULL),(183,85,53,1,42689052.00,42689052.00,NULL,NULL),(184,86,32,3,32422098.00,97266294.00,NULL,NULL),(185,86,32,1,32422098.00,32422098.00,NULL,NULL),(186,87,69,3,42687857.00,128063571.00,NULL,NULL),(187,88,114,3,40261519.00,120784557.00,NULL,NULL),(188,88,122,3,31724334.00,95173002.00,NULL,NULL),(189,89,49,3,7300137.00,21900411.00,NULL,NULL),(190,90,100,2,8622176.00,17244352.00,NULL,NULL),(191,91,71,3,37254856.00,111764568.00,NULL,NULL),(192,91,124,3,15173072.00,45519216.00,NULL,NULL),(193,92,56,2,42837477.00,85674954.00,NULL,NULL),(194,92,22,3,7898236.00,23694708.00,NULL,NULL),(195,93,75,2,27479010.00,54958020.00,NULL,NULL),(196,93,1,3,3812416.00,11437248.00,NULL,NULL),(197,93,113,2,6754732.00,13509464.00,NULL,NULL),(198,94,121,1,18642590.00,18642590.00,NULL,NULL),(199,95,115,2,11219774.00,22439548.00,NULL,NULL),(200,95,105,1,16180325.00,16180325.00,NULL,NULL),(201,95,29,1,5758074.00,5758074.00,NULL,NULL),(202,96,51,1,14234574.00,14234574.00,NULL,NULL),(203,96,67,1,38405592.00,38405592.00,NULL,NULL),(204,96,33,1,17434707.00,17434707.00,NULL,NULL),(205,97,122,3,31724334.00,95173002.00,NULL,NULL),(206,97,62,2,39955132.00,79910264.00,NULL,NULL),(207,98,44,2,13255377.00,26510754.00,NULL,NULL),(208,99,56,3,42837477.00,128512431.00,NULL,NULL),(209,99,69,3,42687857.00,128063571.00,NULL,NULL),(210,100,63,1,14258698.00,14258698.00,NULL,NULL),(211,100,16,1,22012336.00,22012336.00,NULL,NULL),(212,101,59,2,8345272.00,16690544.00,NULL,NULL),(213,101,64,2,13047386.00,26094772.00,NULL,NULL),(214,102,89,1,49917543.00,49917543.00,NULL,NULL),(215,102,40,3,24328214.00,72984642.00,NULL,NULL),(216,103,6,1,47278497.00,47278497.00,NULL,NULL),(217,104,79,3,32802879.00,98408637.00,NULL,NULL),(218,104,58,3,33143192.00,99429576.00,NULL,NULL),(219,105,122,1,31724334.00,31724334.00,NULL,NULL),(220,105,128,2,35493728.00,70987456.00,NULL,NULL),(221,105,45,2,49514451.00,99028902.00,NULL,NULL),(222,106,99,2,33241112.00,66482224.00,NULL,NULL),(223,106,113,2,6754732.00,13509464.00,NULL,NULL),(224,107,80,3,15966029.00,47898087.00,NULL,NULL),(225,107,60,2,7792836.00,15585672.00,NULL,NULL),(226,107,16,2,22012336.00,44024672.00,NULL,NULL),(227,108,36,3,38966477.00,116899431.00,NULL,NULL),(228,108,10,1,26904078.00,26904078.00,NULL,NULL),(229,109,136,3,42341039.00,127023117.00,NULL,NULL),(230,110,100,2,8622176.00,17244352.00,NULL,NULL),(231,110,135,1,26301495.00,26301495.00,NULL,NULL),(232,110,74,1,24317230.00,24317230.00,NULL,NULL),(233,111,106,3,41269071.00,123807213.00,NULL,NULL),(234,111,57,1,21498351.00,21498351.00,NULL,NULL),(235,112,26,1,29112288.00,29112288.00,NULL,NULL),(236,112,124,1,15173072.00,15173072.00,NULL,NULL),(237,112,111,2,11997578.00,23995156.00,NULL,NULL),(238,113,22,3,7898236.00,23694708.00,NULL,NULL),(239,113,99,3,33241112.00,99723336.00,NULL,NULL),(240,114,19,2,48171918.00,96343836.00,NULL,NULL),(241,114,135,2,26301495.00,52602990.00,NULL,NULL),(242,115,72,1,43766181.00,43766181.00,NULL,NULL),(243,115,94,1,45898749.00,45898749.00,NULL,NULL),(244,115,131,2,8447323.00,16894646.00,NULL,NULL),(245,115,114,2,40261519.00,80523038.00,NULL,NULL),(246,116,103,2,2483954.00,4967908.00,NULL,NULL),(247,116,71,3,37254856.00,111764568.00,NULL,NULL),(248,116,102,1,24126323.00,24126323.00,NULL,NULL),(249,116,40,2,24328214.00,48656428.00,NULL,NULL),(250,117,8,2,1650881.00,3301762.00,NULL,NULL),(251,117,41,3,6142482.00,18427446.00,NULL,NULL),(252,117,76,1,14109644.00,14109644.00,NULL,NULL),(253,118,61,1,46006241.00,46006241.00,NULL,NULL),(254,118,40,3,24328214.00,72984642.00,NULL,NULL),(255,119,40,3,24328214.00,72984642.00,NULL,NULL),(256,120,11,2,38052725.00,76105450.00,NULL,NULL),(257,120,41,2,6142482.00,12284964.00,NULL,NULL),(258,120,63,3,14258698.00,42776094.00,NULL,NULL),(259,121,1,2,3812416.00,7624832.00,NULL,NULL),(260,121,2,2,1315834.00,2631668.00,NULL,NULL),(261,122,93,1,30130633.00,30130633.00,NULL,NULL),(262,122,81,3,31941486.00,95824458.00,NULL,NULL),(263,122,100,2,8622176.00,17244352.00,NULL,NULL),(264,122,21,1,27799400.00,27799400.00,NULL,NULL),(265,123,87,2,30551834.00,61103668.00,NULL,NULL),(266,124,4,3,6084331.00,18252993.00,NULL,NULL),(267,125,102,3,24126323.00,72378969.00,NULL,NULL),(268,125,4,1,6084331.00,6084331.00,NULL,NULL),(269,126,105,1,16180325.00,16180325.00,NULL,NULL),(270,126,2,3,1315834.00,3947502.00,NULL,NULL),(271,126,22,3,7898236.00,23694708.00,NULL,NULL),(272,126,100,3,8622176.00,25866528.00,NULL,NULL),(273,127,36,1,38966477.00,38966477.00,NULL,NULL),(274,127,90,1,7141178.00,7141178.00,NULL,NULL),(275,127,77,2,34483927.00,68967854.00,NULL,NULL),(276,127,31,1,38491356.00,38491356.00,NULL,NULL),(277,128,57,1,21498351.00,21498351.00,NULL,NULL),(278,128,74,1,24317230.00,24317230.00,NULL,NULL),(279,129,81,1,31941486.00,31941486.00,NULL,NULL),(280,129,41,3,6142482.00,18427446.00,NULL,NULL),(281,130,19,3,48171918.00,144515754.00,NULL,NULL),(282,130,49,3,7300137.00,21900411.00,NULL,NULL),(283,130,33,3,17434707.00,52304121.00,NULL,NULL),(284,131,35,2,14883937.00,29767874.00,NULL,NULL),(285,131,57,3,21498351.00,64495053.00,NULL,NULL),(286,131,77,2,34483927.00,68967854.00,NULL,NULL),(287,132,122,3,31724334.00,95173002.00,NULL,NULL),(288,133,81,1,31941486.00,31941486.00,NULL,NULL),(289,134,107,3,3260802.00,9782406.00,NULL,NULL),(290,134,101,1,32937601.00,32937601.00,NULL,NULL),(291,134,91,2,33684336.00,67368672.00,NULL,NULL),(292,135,95,2,1423996.00,2847992.00,NULL,NULL),(293,136,17,2,34639889.00,69279778.00,NULL,NULL),(294,136,39,2,2692458.00,5384916.00,NULL,NULL),(295,137,48,2,32305530.00,64611060.00,NULL,NULL),(296,137,5,2,13107518.00,26215036.00,NULL,NULL),(297,138,34,3,34665824.00,103997472.00,NULL,NULL),(298,138,116,3,43370497.00,130111491.00,NULL,NULL),(299,139,127,2,30674060.00,61348120.00,NULL,NULL),(300,140,7,1,24915064.00,24915064.00,NULL,NULL),(301,140,31,2,38491356.00,76982712.00,NULL,NULL),(302,141,53,2,42689052.00,85378104.00,NULL,NULL),(303,141,72,3,43766181.00,131298543.00,NULL,NULL),(304,142,121,1,18642590.00,18642590.00,NULL,NULL),(305,142,62,1,39955132.00,39955132.00,NULL,NULL),(306,142,23,3,13138056.00,39414168.00,NULL,NULL),(307,143,29,3,5758074.00,17274222.00,NULL,NULL),(308,143,111,1,11997578.00,11997578.00,NULL,NULL),(309,144,60,2,7792836.00,15585672.00,NULL,NULL),(310,144,31,1,38491356.00,38491356.00,NULL,NULL),(311,145,41,2,6142482.00,12284964.00,NULL,NULL),(312,145,77,2,34483927.00,68967854.00,NULL,NULL),(313,145,12,2,1630475.00,3260950.00,NULL,NULL),(314,146,71,2,37254856.00,74509712.00,NULL,NULL),(315,146,60,1,7792836.00,7792836.00,NULL,NULL),(316,147,102,1,24126323.00,24126323.00,NULL,NULL),(317,148,115,1,11219774.00,11219774.00,NULL,NULL),(318,148,28,2,37416512.00,74833024.00,NULL,NULL),(319,149,56,3,42837477.00,128512431.00,NULL,NULL),(320,150,70,3,36293970.00,108881910.00,NULL,NULL),(321,151,39,1,2692458.00,2692458.00,NULL,NULL),(322,152,52,2,8194650.00,16389300.00,NULL,NULL),(323,152,52,1,8194650.00,8194650.00,NULL,NULL),(324,153,39,3,2692458.00,8077374.00,NULL,NULL),(325,153,110,1,37533687.00,37533687.00,NULL,NULL),(326,154,23,2,13138056.00,26276112.00,NULL,NULL),(327,154,112,1,33651046.00,33651046.00,NULL,NULL),(328,155,123,2,12279952.00,24559904.00,NULL,NULL),(329,156,14,3,44504937.00,133514811.00,NULL,NULL),(330,156,30,2,31627090.00,63254180.00,NULL,NULL),(331,157,113,3,6754732.00,20264196.00,NULL,NULL),(332,157,19,3,48171918.00,144515754.00,NULL,NULL),(333,158,13,3,24430466.00,73291398.00,NULL,NULL),(334,158,127,3,30674060.00,92022180.00,NULL,NULL),(335,158,60,1,7792836.00,7792836.00,NULL,NULL),(336,159,6,3,47278497.00,141835491.00,NULL,NULL),(337,159,9,1,1374272.00,1374272.00,NULL,NULL),(338,159,49,1,7300137.00,7300137.00,NULL,NULL),(339,160,116,3,43370497.00,130111491.00,NULL,NULL),(340,160,109,2,31946165.00,63892330.00,NULL,NULL),(341,161,79,3,32802879.00,98408637.00,NULL,NULL),(342,161,90,2,7141178.00,14282356.00,NULL,NULL),(343,161,62,3,39955132.00,119865396.00,NULL,NULL),(344,161,1,1,3812416.00,3812416.00,NULL,NULL),(345,162,76,2,14109644.00,28219288.00,NULL,NULL),(346,163,57,1,21498351.00,21498351.00,NULL,NULL),(347,163,121,2,18642590.00,37285180.00,NULL,NULL),(348,163,28,1,37416512.00,37416512.00,NULL,NULL),(349,163,79,1,32802879.00,32802879.00,NULL,NULL),(350,164,29,3,5758074.00,17274222.00,NULL,NULL),(351,165,120,2,30030119.00,60060238.00,NULL,NULL),(352,166,103,3,2483954.00,7451862.00,NULL,NULL),(353,166,109,3,31946165.00,95838495.00,NULL,NULL),(354,166,9,2,1374272.00,2748544.00,NULL,NULL),(355,167,115,1,11219774.00,11219774.00,NULL,NULL),(356,168,54,3,16836390.00,50509170.00,NULL,NULL),(357,169,108,3,32639896.00,97919688.00,NULL,NULL),(358,169,47,1,10322893.00,10322893.00,NULL,NULL),(359,169,8,2,1650881.00,3301762.00,NULL,NULL),(360,170,112,3,33651046.00,100953138.00,NULL,NULL),(361,170,95,1,1423996.00,1423996.00,NULL,NULL),(362,170,26,3,29112288.00,87336864.00,NULL,NULL),(363,171,114,2,40261519.00,80523038.00,NULL,NULL),(364,171,33,1,17434707.00,17434707.00,NULL,NULL),(365,171,7,1,24915064.00,24915064.00,NULL,NULL),(366,172,58,2,33143192.00,66286384.00,NULL,NULL),(367,172,13,2,24430466.00,48860932.00,NULL,NULL),(368,173,96,1,36928663.00,36928663.00,NULL,NULL),(369,173,45,1,49514451.00,49514451.00,NULL,NULL),(370,174,80,3,15966029.00,47898087.00,NULL,NULL),(371,175,98,1,32774906.00,32774906.00,NULL,NULL),(372,175,115,3,11219774.00,33659322.00,NULL,NULL),(373,175,121,1,18642590.00,18642590.00,NULL,NULL),(374,176,16,1,22012336.00,22012336.00,NULL,NULL),(375,176,12,2,1630475.00,3260950.00,NULL,NULL),(376,176,3,1,4122141.00,4122141.00,NULL,NULL),(377,177,114,2,40261519.00,80523038.00,NULL,NULL),(378,177,48,2,32305530.00,64611060.00,NULL,NULL),(379,177,7,1,24915064.00,24915064.00,NULL,NULL),(380,177,9,2,1374272.00,2748544.00,NULL,NULL),(381,178,5,1,13107518.00,13107518.00,NULL,NULL),(382,179,103,1,2483954.00,2483954.00,NULL,NULL),(383,180,124,2,15173072.00,30346144.00,NULL,NULL),(384,180,97,2,39350167.00,78700334.00,NULL,NULL),(385,181,109,2,31946165.00,63892330.00,NULL,NULL),(386,181,37,1,27197133.00,27197133.00,NULL,NULL),(387,181,5,1,13107518.00,13107518.00,NULL,NULL),(388,182,93,2,30130633.00,60261266.00,NULL,NULL),(389,182,15,1,29027708.00,29027708.00,NULL,NULL),(390,183,131,2,8447323.00,16894646.00,NULL,NULL),(391,184,106,3,41269071.00,123807213.00,NULL,NULL),(392,184,80,3,15966029.00,47898087.00,NULL,NULL),(393,185,66,3,23993583.00,71980749.00,NULL,NULL),(394,185,83,2,38629026.00,77258052.00,NULL,NULL),(395,185,12,2,1630475.00,3260950.00,NULL,NULL),(396,186,105,1,16180325.00,16180325.00,NULL,NULL),(397,186,86,3,23109548.00,69328644.00,NULL,NULL),(398,186,125,2,40122304.00,80244608.00,NULL,NULL),(399,187,107,2,3260802.00,6521604.00,NULL,NULL),(400,187,10,1,26904078.00,26904078.00,NULL,NULL),(401,188,48,2,32305530.00,64611060.00,NULL,NULL),(402,188,115,3,11219774.00,33659322.00,NULL,NULL),(403,189,99,3,33241112.00,99723336.00,NULL,NULL),(404,190,72,3,43766181.00,131298543.00,NULL,NULL),(405,191,137,3,8947991.00,26843973.00,NULL,NULL),(406,192,95,2,1423996.00,2847992.00,NULL,NULL),(407,193,77,3,34483927.00,103451781.00,NULL,NULL),(408,193,13,1,24430466.00,24430466.00,NULL,NULL),(409,194,22,2,7898236.00,15796472.00,NULL,NULL),(410,194,1,2,3812416.00,7624832.00,NULL,NULL),(411,195,135,3,26301495.00,78904485.00,NULL,NULL),(412,196,59,2,8345272.00,16690544.00,NULL,NULL),(413,196,59,3,8345272.00,25035816.00,NULL,NULL),(414,196,44,3,13255377.00,39766131.00,NULL,NULL),(415,197,132,2,26204922.00,52409844.00,NULL,NULL),(416,197,19,2,48171918.00,96343836.00,NULL,NULL),(417,197,99,1,33241112.00,33241112.00,NULL,NULL),(418,198,31,2,38491356.00,76982712.00,NULL,NULL),(419,198,13,3,24430466.00,73291398.00,NULL,NULL),(420,199,70,3,36293970.00,108881910.00,NULL,NULL),(421,199,35,1,14883937.00,14883937.00,NULL,NULL),(422,200,72,1,43766181.00,43766181.00,NULL,NULL),(423,201,80,1,15966029.00,15966029.00,NULL,NULL),(424,201,81,1,31941486.00,31941486.00,NULL,NULL),(425,202,136,1,42341039.00,42341039.00,NULL,NULL),(426,203,18,2,35537099.00,71074198.00,NULL,NULL),(427,203,82,2,44299566.00,88599132.00,NULL,NULL),(428,204,14,1,44504937.00,44504937.00,NULL,NULL),(429,205,55,2,19716840.00,39433680.00,NULL,NULL),(430,205,75,1,27479010.00,27479010.00,NULL,NULL),(431,206,18,1,35537099.00,35537099.00,NULL,NULL),(432,206,39,2,2692458.00,5384916.00,NULL,NULL),(433,207,12,2,1630475.00,3260950.00,NULL,NULL),(434,207,116,2,43370497.00,86740994.00,NULL,NULL),(435,207,61,2,46006241.00,92012482.00,NULL,NULL),(436,207,84,2,23616614.00,47233228.00,NULL,NULL),(437,208,120,3,30030119.00,90090357.00,NULL,NULL),(438,208,54,2,16836390.00,33672780.00,NULL,NULL),(439,209,117,1,40180969.00,40180969.00,NULL,NULL),(440,210,23,2,13138056.00,26276112.00,NULL,NULL),(441,210,67,2,38405592.00,76811184.00,NULL,NULL),(442,210,109,1,31946165.00,31946165.00,NULL,NULL),(443,211,47,1,10322893.00,10322893.00,NULL,NULL),(444,212,39,3,2692458.00,8077374.00,NULL,NULL),(445,212,96,1,36928663.00,36928663.00,NULL,NULL),(446,213,116,3,43370497.00,130111491.00,NULL,NULL),(447,213,60,2,7792836.00,15585672.00,NULL,NULL),(448,214,30,1,31627090.00,31627090.00,NULL,NULL),(449,215,18,3,35537099.00,106611297.00,NULL,NULL),(450,216,10,2,26904078.00,53808156.00,NULL,NULL),(451,217,50,2,23668816.00,47337632.00,NULL,NULL),(452,218,32,2,32422098.00,64844196.00,NULL,NULL),(453,218,107,1,3260802.00,3260802.00,NULL,NULL),(454,218,119,3,31334877.00,94004631.00,NULL,NULL),(455,219,4,3,6084331.00,18252993.00,NULL,NULL),(456,219,132,3,26204922.00,78614766.00,NULL,NULL),(457,219,48,3,32305530.00,96916590.00,NULL,NULL),(458,220,135,3,26301495.00,78904485.00,NULL,NULL),(459,220,47,3,10322893.00,30968679.00,NULL,NULL),(460,220,29,3,5758074.00,17274222.00,NULL,NULL),(461,221,65,3,33514454.00,100543362.00,NULL,NULL),(462,221,56,2,42837477.00,85674954.00,NULL,NULL),(463,222,51,2,14234574.00,28469148.00,NULL,NULL),(464,222,101,3,32937601.00,98812803.00,NULL,NULL),(465,223,14,3,44504937.00,133514811.00,NULL,NULL),(466,224,109,3,31946165.00,95838495.00,NULL,NULL),(467,224,84,3,23616614.00,70849842.00,NULL,NULL),(468,225,57,2,21498351.00,42996702.00,NULL,NULL),(469,225,97,2,39350167.00,78700334.00,NULL,NULL),(470,226,105,2,16180325.00,32360650.00,NULL,NULL),(471,226,6,2,47278497.00,94556994.00,NULL,NULL),(472,227,23,2,13138056.00,26276112.00,NULL,NULL),(473,227,72,2,43766181.00,87532362.00,NULL,NULL),(474,227,126,1,38077331.00,38077331.00,NULL,NULL),(475,228,78,1,23980064.00,23980064.00,NULL,NULL),(476,228,58,2,33143192.00,66286384.00,NULL,NULL),(477,228,25,3,38042172.00,114126516.00,NULL,NULL),(478,229,73,2,31101618.00,62203236.00,NULL,NULL),(479,229,129,1,30178977.00,30178977.00,NULL,NULL),(480,229,81,2,31941486.00,63882972.00,NULL,NULL),(481,230,27,3,29384068.00,88152204.00,NULL,NULL),(482,230,26,3,29112288.00,87336864.00,NULL,NULL),(483,231,134,3,45549413.00,136648239.00,NULL,NULL),(484,232,22,3,7898236.00,23694708.00,NULL,NULL),(485,233,39,2,2692458.00,5384916.00,NULL,NULL),(486,233,87,2,30551834.00,61103668.00,NULL,NULL),(487,234,100,1,8622176.00,8622176.00,NULL,NULL),(488,234,99,1,33241112.00,33241112.00,NULL,NULL),(489,234,9,1,1374272.00,1374272.00,NULL,NULL),(490,235,105,1,16180325.00,16180325.00,NULL,NULL),(491,236,58,3,33143192.00,99429576.00,NULL,NULL),(492,236,24,2,4020196.00,8040392.00,NULL,NULL),(493,237,83,1,38629026.00,38629026.00,NULL,NULL),(494,238,14,3,44504937.00,133514811.00,NULL,NULL),(495,238,116,1,43370497.00,43370497.00,NULL,NULL),(496,239,27,1,29384068.00,29384068.00,NULL,NULL),(497,239,64,2,13047386.00,26094772.00,NULL,NULL),(498,240,14,1,44504937.00,44504937.00,NULL,NULL),(499,240,70,1,36293970.00,36293970.00,NULL,NULL),(500,241,83,1,38629026.00,38629026.00,NULL,NULL),(501,242,43,2,46126396.00,92252792.00,NULL,NULL),(502,242,12,1,1630475.00,1630475.00,NULL,NULL),(503,242,36,3,38966477.00,116899431.00,NULL,NULL),(504,243,83,1,38629026.00,38629026.00,NULL,NULL),(505,243,14,2,44504937.00,89009874.00,NULL,NULL),(506,243,30,2,31627090.00,63254180.00,NULL,NULL),(507,244,22,1,7898236.00,7898236.00,NULL,NULL),(508,244,126,1,38077331.00,38077331.00,NULL,NULL),(509,245,94,2,45898749.00,91797498.00,NULL,NULL),(510,245,25,2,38042172.00,76084344.00,NULL,NULL),(511,245,88,1,12701119.00,12701119.00,NULL,NULL),(512,245,96,1,36928663.00,36928663.00,NULL,NULL),(513,246,70,1,36293970.00,36293970.00,NULL,NULL),(514,247,32,2,32422098.00,64844196.00,NULL,NULL),(515,247,10,3,26904078.00,80712234.00,NULL,NULL),(516,248,38,3,48274355.00,144823065.00,NULL,NULL),(517,248,70,1,36293970.00,36293970.00,NULL,NULL),(518,249,117,3,40180969.00,120542907.00,NULL,NULL),(519,249,126,2,38077331.00,76154662.00,NULL,NULL),(520,250,129,1,30178977.00,30178977.00,NULL,NULL),(521,250,102,2,24126323.00,48252646.00,NULL,NULL),(522,250,16,2,22012336.00,44024672.00,NULL,NULL),(523,251,30,1,31627090.00,31627090.00,NULL,NULL),(524,251,112,1,33651046.00,33651046.00,NULL,NULL),(525,251,29,1,5758074.00,5758074.00,NULL,NULL),(526,252,101,2,32937601.00,65875202.00,NULL,NULL),(527,252,88,2,12701119.00,25402238.00,NULL,NULL),(528,253,63,3,14258698.00,42776094.00,NULL,NULL),(529,253,48,3,32305530.00,96916590.00,NULL,NULL),(530,254,136,2,42341039.00,84682078.00,NULL,NULL),(531,254,95,2,1423996.00,2847992.00,NULL,NULL),(532,254,37,1,27197133.00,27197133.00,NULL,NULL),(533,255,135,1,26301495.00,26301495.00,NULL,NULL),(534,255,75,1,27479010.00,27479010.00,NULL,NULL),(535,255,17,3,34639889.00,103919667.00,NULL,NULL),(536,255,112,3,33651046.00,100953138.00,NULL,NULL),(537,256,41,3,6142482.00,18427446.00,NULL,NULL),(538,256,20,1,27187908.00,27187908.00,NULL,NULL),(539,257,9,3,1374272.00,4122816.00,NULL,NULL),(540,257,12,1,1630475.00,1630475.00,NULL,NULL),(541,258,61,1,46006241.00,46006241.00,NULL,NULL),(542,259,133,3,32437457.00,97312371.00,NULL,NULL),(543,259,101,1,32937601.00,32937601.00,NULL,NULL),(544,259,1,1,3812416.00,3812416.00,NULL,NULL),(545,259,4,1,6084331.00,6084331.00,NULL,NULL),(546,260,99,2,33241112.00,66482224.00,NULL,NULL),(547,260,131,2,8447323.00,16894646.00,NULL,NULL),(548,261,24,3,4020196.00,12060588.00,NULL,NULL),(549,261,114,3,40261519.00,120784557.00,NULL,NULL),(550,261,94,1,45898749.00,45898749.00,NULL,NULL),(551,262,44,2,13255377.00,26510754.00,NULL,NULL),(552,262,103,2,2483954.00,4967908.00,NULL,NULL),(553,263,13,1,24430466.00,24430466.00,NULL,NULL),(554,263,95,1,1423996.00,1423996.00,NULL,NULL),(555,264,97,3,39350167.00,118050501.00,NULL,NULL),(556,264,47,1,10322893.00,10322893.00,NULL,NULL),(557,264,136,1,42341039.00,42341039.00,NULL,NULL),(558,265,8,3,1650881.00,4952643.00,NULL,NULL),(559,265,5,2,13107518.00,26215036.00,NULL,NULL),(560,266,31,2,38491356.00,76982712.00,NULL,NULL),(561,267,1,2,3812416.00,7624832.00,NULL,NULL),(562,267,131,2,8447323.00,16894646.00,NULL,NULL),(563,267,24,2,4020196.00,8040392.00,NULL,NULL),(564,267,1,1,3812416.00,3812416.00,NULL,NULL),(565,268,18,3,35537099.00,106611297.00,NULL,NULL),(566,268,99,1,33241112.00,33241112.00,NULL,NULL),(567,268,120,2,30030119.00,60060238.00,NULL,NULL),(568,269,96,3,36928663.00,110785989.00,NULL,NULL),(569,270,109,3,31946165.00,95838495.00,NULL,NULL),(570,270,47,3,10322893.00,30968679.00,NULL,NULL),(571,270,79,3,32802879.00,98408637.00,NULL,NULL),(572,271,27,1,29384068.00,29384068.00,NULL,NULL),(573,271,26,3,29112288.00,87336864.00,NULL,NULL),(574,271,19,1,48171918.00,48171918.00,NULL,NULL),(575,272,36,2,38966477.00,77932954.00,NULL,NULL),(576,273,71,3,37254856.00,111764568.00,NULL,NULL),(577,273,13,3,24430466.00,73291398.00,NULL,NULL),(578,274,48,3,32305530.00,96916590.00,NULL,NULL),(579,274,104,1,371173.00,371173.00,NULL,NULL),(580,274,15,1,29027708.00,29027708.00,NULL,NULL),(581,275,41,2,6142482.00,12284964.00,NULL,NULL),(582,275,121,3,18642590.00,55927770.00,NULL,NULL),(583,275,121,1,18642590.00,18642590.00,NULL,NULL),(584,276,54,1,16836390.00,16836390.00,NULL,NULL),(585,276,41,1,6142482.00,6142482.00,NULL,NULL),(586,277,83,2,38629026.00,77258052.00,NULL,NULL),(587,277,22,2,7898236.00,15796472.00,NULL,NULL),(588,278,31,2,38491356.00,76982712.00,NULL,NULL),(589,279,36,2,38966477.00,77932954.00,NULL,NULL),(590,280,93,1,30130633.00,30130633.00,NULL,NULL),(591,280,43,1,46126396.00,46126396.00,NULL,NULL),(592,280,123,2,12279952.00,24559904.00,NULL,NULL),(593,281,69,2,42687857.00,85375714.00,NULL,NULL),(594,281,126,3,38077331.00,114231993.00,NULL,NULL),(595,281,93,2,30130633.00,60261266.00,NULL,NULL),(596,282,124,2,15173072.00,30346144.00,NULL,NULL),(597,282,78,3,23980064.00,71940192.00,NULL,NULL),(598,283,84,2,23616614.00,47233228.00,NULL,NULL),(599,284,11,3,38052725.00,114158175.00,NULL,NULL),(600,284,7,2,24915064.00,49830128.00,NULL,NULL),(601,284,51,1,14234574.00,14234574.00,NULL,NULL),(602,285,124,1,15173072.00,15173072.00,NULL,NULL),(603,285,42,1,44522666.00,44522666.00,NULL,NULL),(604,286,122,1,31724334.00,31724334.00,NULL,NULL),(605,287,62,2,39955132.00,79910264.00,NULL,NULL),(606,287,56,1,42837477.00,42837477.00,NULL,NULL),(607,287,55,1,19716840.00,19716840.00,NULL,NULL),(608,288,87,2,30551834.00,61103668.00,NULL,NULL),(609,288,19,2,48171918.00,96343836.00,NULL,NULL),(610,289,78,1,23980064.00,23980064.00,NULL,NULL),(611,290,10,3,26904078.00,80712234.00,NULL,NULL),(612,290,36,2,38966477.00,77932954.00,NULL,NULL),(613,291,87,1,30551834.00,30551834.00,NULL,NULL),(614,291,41,1,6142482.00,6142482.00,NULL,NULL),(615,292,124,3,15173072.00,45519216.00,NULL,NULL),(616,292,29,2,5758074.00,11516148.00,NULL,NULL),(617,292,54,1,16836390.00,16836390.00,NULL,NULL),(618,293,62,1,39955132.00,39955132.00,NULL,NULL),(619,293,91,1,33684336.00,33684336.00,NULL,NULL),(620,294,93,2,30130633.00,60261266.00,NULL,NULL),(621,295,77,2,34483927.00,68967854.00,NULL,NULL),(622,295,107,3,3260802.00,9782406.00,NULL,NULL),(623,295,101,2,32937601.00,65875202.00,NULL,NULL),(624,296,7,2,24915064.00,49830128.00,NULL,NULL),(625,296,84,3,23616614.00,70849842.00,NULL,NULL),(626,297,117,3,40180969.00,120542907.00,NULL,NULL),(627,297,49,3,7300137.00,21900411.00,NULL,NULL),(628,297,65,3,33514454.00,100543362.00,NULL,NULL),(629,298,112,3,33651046.00,100953138.00,NULL,NULL),(630,298,106,2,41269071.00,82538142.00,NULL,NULL);
/*!40000 ALTER TABLE `order_items` ENABLE KEYS */;
UNLOCK TABLES;

--
-- Table structure for table `order_promotion`
--

DROP TABLE IF EXISTS `order_promotion`;
/*!40101 SET @saved_cs_client     = @@character_set_client */;
/*!50503 SET character_set_client = utf8mb4 */;
CREATE TABLE `order_promotion` (
  `order_id` bigint(20) unsigned NOT NULL,
  `promotion_id` bigint(20) unsigned NOT NULL,
  `discount_applied` decimal(18,2) NOT NULL,
  PRIMARY KEY (`order_id`,`promotion_id`),
  KEY `order_promotion_promotion_id_foreign` (`promotion_id`),
  CONSTRAINT `order_promotion_order_id_foreign` FOREIGN KEY (`order_id`) REFERENCES `orders` (`order_id`) ON DELETE CASCADE,
  CONSTRAINT `order_promotion_promotion_id_foreign` FOREIGN KEY (`promotion_id`) REFERENCES `promotions` (`promotion_id`) ON DELETE CASCADE
) ENGINE=InnoDB DEFAULT CHARSET=utf8mb4 COLLATE=utf8mb4_unicode_ci;
/*!40101 SET character_set_client = @saved_cs_client */;

--
-- Dumping data for table `order_promotion`
--

LOCK TABLES `order_promotion` WRITE;
/*!40000 ALTER TABLE `order_promotion` DISABLE KEYS */;
INSERT INTO `order_promotion` VALUES (25,14,131.92),(88,6,86.91),(151,3,63519.00),(163,3,63519.00),(190,6,515.97),(194,14,72.69),(224,14,125.56),(232,6,406.45),(256,3,63519.00),(291,14,250.31);
/*!40000 ALTER TABLE `order_promotion` ENABLE KEYS */;
UNLOCK TABLES;

--
-- Table structure for table `orders`
--

DROP TABLE IF EXISTS `orders`;
/*!40101 SET @saved_cs_client     = @@character_set_client */;
/*!50503 SET character_set_client = utf8mb4 */;
CREATE TABLE `orders` (
  `order_id` bigint(20) unsigned NOT NULL AUTO_INCREMENT,
  `customer_id` bigint(20) unsigned NOT NULL,
  `order_number` varchar(50) NOT NULL,
  `sub_total` decimal(18,2) NOT NULL,
  `shipping_fee` decimal(18,2) NOT NULL DEFAULT 0.00,
  `discount_amount` decimal(18,2) NOT NULL DEFAULT 0.00,
  `total_amount` decimal(18,2) NOT NULL,
  `status` varchar(255) NOT NULL DEFAULT 'pending_confirmation' COMMENT 'Statuses: pending_confirmation, processing, pending_assignment, assigned_to_shipper, delivering, delivered, completed, cancelled, returned',
  `currency` varchar(3) NOT NULL DEFAULT 'VND' COMMENT 'Mã tiền tệ của đơn hàng (VND, USD, etc.)',
  `exchange_rate` decimal(12,6) NOT NULL DEFAULT 1.000000 COMMENT 'Tỉ giá so với đơn vị tiền tệ cơ sở tại thời điểm đặt hàng',
  `total_amount_base` decimal(18,2) DEFAULT NULL COMMENT 'Tổng giá trị đơn hàng đã quy đổi về đơn vị tiền tệ cơ sở (e.g., USD)',
  `payment_method` tinyint(4) NOT NULL COMMENT 'e.g., 1:COD, 2:Bank Transfer, 3:Online Gateway',
  `payment_status` tinyint(4) NOT NULL COMMENT 'e.g., 0:Unpaid, 1:Paid, 2:Failed',
  `payment_transaction_id` varchar(500) DEFAULT NULL,
  `shipping_address_id` bigint(20) unsigned DEFAULT NULL,
  `notes` text DEFAULT NULL,
  `shipped_at` timestamp NULL DEFAULT NULL,
  `delivered_at` timestamp NULL DEFAULT NULL,
  `created_at` timestamp NULL DEFAULT NULL,
  `updated_at` timestamp NULL DEFAULT NULL,
  `deleted_at` timestamp NULL DEFAULT NULL,
  `shipper_id` bigint(20) unsigned DEFAULT NULL,
  PRIMARY KEY (`order_id`),
  UNIQUE KEY `orders_order_number_unique` (`order_number`),
  KEY `orders_customer_id_foreign` (`customer_id`),
  KEY `orders_shipping_address_id_foreign` (`shipping_address_id`),
  KEY `orders_shipper_id_foreign` (`shipper_id`),
  CONSTRAINT `orders_customer_id_foreign` FOREIGN KEY (`customer_id`) REFERENCES `users` (`id`),
  CONSTRAINT `orders_shipper_id_foreign` FOREIGN KEY (`shipper_id`) REFERENCES `users` (`id`),
  CONSTRAINT `orders_shipping_address_id_foreign` FOREIGN KEY (`shipping_address_id`) REFERENCES `user_addresses` (`id`) ON DELETE SET NULL
) ENGINE=InnoDB AUTO_INCREMENT=299 DEFAULT CHARSET=utf8mb4 COLLATE=utf8mb4_unicode_ci;
/*!40101 SET character_set_client = @saved_cs_client */;

--
-- Dumping data for table `orders`
--

LOCK TABLES `orders` WRITE;
/*!40000 ALTER TABLE `orders` DISABLE KEYS */;
INSERT INTO `orders` VALUES (1,22,'ORD-50432065',218.35,35.12,0.00,253.47,'1','USD',1.000000,253.47,2,1,NULL,1,'Minus et blanditiis occaecati officia fuga.',NULL,NULL,'2025-10-02 01:33:07','2025-10-02 01:33:07',NULL,NULL),(2,22,'ORD-96644141',989.50,40.08,0.00,1029.58,'4','USD',1.000000,1029.58,1,2,NULL,1,'Numquam dolor nulla officia est molestias omnis qui.',NULL,NULL,'2025-10-02 01:33:07','2025-10-02 01:33:07',NULL,NULL),(3,22,'ORD-26928277',1225.00,27.48,0.00,1252.48,'1','USD',1.000000,1252.48,1,1,NULL,1,'Illo non sed amet quam est molestiae.',NULL,NULL,'2025-10-02 01:33:07','2025-10-02 01:33:07',NULL,NULL),(4,23,'ORD-15358014',1746.42,23.83,0.00,1770.25,'4','USD',1.000000,1770.25,3,2,NULL,2,'Harum consequuntur dolores rerum reiciendis non.',NULL,NULL,'2025-10-02 01:33:07','2025-10-02 01:33:07',NULL,NULL),(5,23,'ORD-82529669',1199.35,22.54,0.00,1221.89,'1','USD',1.000000,1221.89,3,1,NULL,2,'Consectetur sit omnis rerum voluptatum porro.',NULL,NULL,'2025-10-02 01:33:07','2025-10-02 01:33:07',NULL,NULL),(6,23,'ORD-36986739',500.40,18.94,0.00,519.34,'2','USD',1.000000,519.34,3,1,NULL,2,'Id qui et praesentium ratione sint.',NULL,NULL,'2025-10-02 01:33:07','2025-10-02 01:33:07',NULL,NULL),(7,23,'ORD-50314434',1417.75,14.67,0.00,1432.42,'4','USD',1.000000,1432.42,3,2,NULL,2,'Et provident vero reiciendis nam magni explicabo.',NULL,NULL,'2025-10-02 01:33:07','2025-10-02 01:33:07',NULL,NULL),(8,23,'ORD-52100933',119.80,40.93,0.00,160.73,'4','USD',1.000000,160.73,3,1,NULL,2,'Nostrum dolore omnis accusamus id qui.',NULL,NULL,'2025-10-02 01:33:07','2025-10-02 01:33:07',NULL,NULL),(9,24,'ORD-8727796',100.53,19.03,0.00,119.56,'2','USD',1.000000,119.56,3,1,NULL,3,'Quisquam aspernatur nam et in quae quod laboriosam.',NULL,NULL,'2025-10-02 01:33:07','2025-10-02 01:33:07',NULL,NULL),(10,24,'ORD-23457940',813.53,12.18,0.00,825.71,'1','USD',1.000000,825.71,2,1,NULL,3,'Et incidunt ut porro dolorum voluptatem unde.',NULL,NULL,'2025-10-02 01:33:07','2025-10-02 01:33:07',NULL,NULL),(11,25,'ORD-16136781',440.29,32.55,0.00,472.84,'1','USD',1.000000,472.84,1,2,NULL,4,'Eos voluptatem praesentium non ullam.',NULL,NULL,'2025-10-02 01:33:07','2025-10-02 01:33:07',NULL,NULL),(12,25,'ORD-79440879',861.81,8.35,0.00,870.16,'4','USD',1.000000,870.16,3,2,NULL,4,'Veniam illo enim reprehenderit nobis.',NULL,NULL,'2025-10-02 01:33:07','2025-10-02 01:33:07',NULL,NULL),(13,25,'ORD-93220895',238.55,33.85,0.00,272.40,'4','USD',1.000000,272.40,3,2,NULL,4,'Adipisci cupiditate cum magni sequi.',NULL,NULL,'2025-10-02 01:33:07','2025-10-02 01:33:07',NULL,NULL),(14,25,'ORD-76990706',214.20,47.46,0.00,261.66,'2','USD',1.000000,261.66,1,1,NULL,4,'Odit sed ea unde.',NULL,NULL,'2025-10-02 01:33:07','2025-10-02 01:33:07',NULL,NULL),(15,26,'ORD-18646557',244.73,34.69,0.00,279.42,'3','USD',1.000000,279.42,2,1,NULL,5,'Qui est cumque fugit sapiente.',NULL,NULL,'2025-10-02 01:33:07','2025-10-02 01:33:07',NULL,NULL),(16,26,'ORD-25324430',812.78,46.29,0.00,859.07,'2','USD',1.000000,859.07,1,2,NULL,5,'Excepturi rem modi odio porro occaecati qui culpa.',NULL,NULL,'2025-10-02 01:33:07','2025-10-02 01:33:07',NULL,NULL),(17,26,'ORD-48973533',173.89,5.57,0.00,179.46,'1','USD',1.000000,179.46,2,1,NULL,5,'Ab perspiciatis molestiae necessitatibus at dolore laborum.',NULL,NULL,'2025-10-02 01:33:07','2025-10-02 01:33:07',NULL,NULL),(18,26,'ORD-95218181',326.61,40.24,0.00,366.85,'3','USD',1.000000,366.85,1,1,NULL,5,'Architecto harum nesciunt dolor dolorem.',NULL,NULL,'2025-10-02 01:33:07','2025-10-02 01:33:07',NULL,NULL),(19,26,'ORD-44910485',1202.91,24.84,0.00,1227.75,'4','USD',1.000000,1227.75,3,2,NULL,5,'Nesciunt perspiciatis id id corrupti est repellat neque.',NULL,NULL,'2025-10-02 01:33:07','2025-10-02 01:33:07',NULL,NULL),(20,27,'ORD-914184',106.33,48.79,0.00,155.12,'2','USD',1.000000,155.12,2,1,NULL,6,'Vel aspernatur necessitatibus illo laudantium velit.',NULL,NULL,'2025-10-02 01:33:07','2025-10-02 01:33:07',NULL,NULL),(21,27,'ORD-22628133',437.16,36.52,0.00,473.68,'4','USD',1.000000,473.68,3,2,NULL,6,'Et id ut illum excepturi aperiam inventore at.',NULL,NULL,'2025-10-02 01:33:07','2025-10-02 01:33:07',NULL,NULL),(22,27,'ORD-74817359',331.02,25.60,0.00,356.62,'2','USD',1.000000,356.62,1,1,NULL,6,'Totam assumenda quis delectus libero.',NULL,NULL,'2025-10-02 01:33:07','2025-10-02 01:33:07',NULL,NULL),(23,27,'ORD-37710247',418.84,30.73,0.00,449.57,'2','USD',1.000000,449.57,2,2,NULL,6,'Ea neque exercitationem dignissimos in nobis.',NULL,NULL,'2025-10-02 01:33:07','2025-10-02 01:33:07',NULL,NULL),(24,28,'ORD-58023334',1439.96,41.32,0.00,1481.28,'3','USD',1.000000,1481.28,3,2,NULL,7,'Omnis nostrum unde et ut quos autem.',NULL,NULL,'2025-10-02 01:33:07','2025-10-02 01:33:07',NULL,NULL),(25,29,'ORD-9139809',732.91,6.24,131.92,607.23,'3','USD',1.000000,739.15,2,1,NULL,8,'Soluta modi fugit eligendi expedita libero quia.',NULL,NULL,'2025-10-02 01:33:07','2025-10-02 01:33:09',NULL,NULL),(26,29,'ORD-83187060',570.77,7.74,0.00,578.51,'3','USD',1.000000,578.51,3,1,NULL,8,'Praesentium adipisci vel quos quo.',NULL,NULL,'2025-10-02 01:33:07','2025-10-02 01:33:07',NULL,NULL),(27,29,'ORD-86177107',1985.36,10.34,0.00,1995.70,'2','USD',1.000000,1995.70,1,2,NULL,8,'Delectus voluptas dolor non enim.',NULL,NULL,'2025-10-02 01:33:07','2025-10-02 01:33:07',NULL,NULL),(28,29,'ORD-36202047',1844.38,8.11,0.00,1852.49,'2','USD',1.000000,1852.49,2,1,NULL,8,'Fugiat dicta error nemo laboriosam quia eligendi quam.',NULL,NULL,'2025-10-02 01:33:07','2025-10-02 01:33:07',NULL,NULL),(29,30,'ORD-4179236',831.96,18.50,0.00,850.46,'3','USD',1.000000,850.46,1,1,NULL,9,'Accusantium repudiandae dolores voluptates blanditiis harum.',NULL,NULL,'2025-10-02 01:33:07','2025-10-02 01:33:07',NULL,NULL),(30,30,'ORD-87901852',1665.89,17.67,0.00,1683.56,'1','USD',1.000000,1683.56,1,2,NULL,9,'Tempora dolorem id vitae deserunt accusamus ex alias.',NULL,NULL,'2025-10-02 01:33:07','2025-10-02 01:33:07',NULL,NULL),(31,30,'ORD-2665968',1223.82,49.88,0.00,1273.70,'1','USD',1.000000,1273.70,3,2,NULL,9,'Ut adipisci maiores nesciunt non.',NULL,NULL,'2025-10-02 01:33:07','2025-10-02 01:33:07',NULL,NULL),(32,31,'ORD-7444874',393.27,33.54,0.00,426.81,'3','USD',1.000000,426.81,3,2,NULL,10,'Iure eaque non dolor.',NULL,NULL,'2025-10-02 01:33:07','2025-10-02 01:33:07',NULL,NULL),(33,31,'ORD-9937564',651.85,7.50,0.00,659.35,'1','USD',1.000000,659.35,3,2,NULL,10,'Maiores inventore ut sed eos reiciendis.',NULL,NULL,'2025-10-02 01:33:07','2025-10-02 01:33:07',NULL,NULL),(34,31,'ORD-88772769',546.69,29.47,0.00,576.16,'1','USD',1.000000,576.16,3,2,NULL,10,'Numquam eos soluta animi qui reiciendis aliquam repellendus.',NULL,NULL,'2025-10-02 01:33:07','2025-10-02 01:33:07',NULL,NULL),(35,31,'ORD-41469232',127.37,44.85,0.00,172.22,'3','USD',1.000000,172.22,3,2,NULL,10,'Excepturi non est voluptas quos eum et.',NULL,NULL,'2025-10-02 01:33:07','2025-10-02 01:33:07',NULL,NULL),(36,32,'ORD-81562742',752.88,46.51,0.00,799.39,'4','USD',1.000000,799.39,2,1,NULL,11,'Sit recusandae voluptatem aut consequatur provident.',NULL,NULL,'2025-10-02 01:33:07','2025-10-02 01:33:07',NULL,NULL),(37,32,'ORD-33959804',63.37,33.26,0.00,96.63,'2','USD',1.000000,96.63,1,1,NULL,11,'Quos quisquam velit nihil et quia ipsum.',NULL,NULL,'2025-10-02 01:33:07','2025-10-02 01:33:07',NULL,NULL),(38,32,'ORD-32832309',873.59,47.93,0.00,921.52,'4','USD',1.000000,921.52,2,1,NULL,11,'Omnis deleniti mollitia sunt neque quidem aperiam id.',NULL,NULL,'2025-10-02 01:33:07','2025-10-02 01:33:07',NULL,NULL),(39,32,'ORD-84426225',147.06,22.00,0.00,169.06,'3','USD',1.000000,169.06,3,1,NULL,11,'Esse itaque temporibus laudantium nostrum sunt aut.',NULL,NULL,'2025-10-02 01:33:07','2025-10-02 01:33:07',NULL,NULL),(40,33,'ORD-61023693',717.44,17.26,0.00,734.70,'1','USD',1.000000,734.70,1,2,NULL,12,'Ratione laudantium totam nesciunt non.',NULL,NULL,'2025-10-02 01:33:07','2025-10-02 01:33:07',NULL,NULL),(41,33,'ORD-68418066',436.55,34.74,0.00,471.29,'2','USD',1.000000,471.29,3,1,NULL,12,'Cum quis ut eligendi laboriosam sed quaerat.',NULL,NULL,'2025-10-02 01:33:07','2025-10-02 01:33:07',NULL,NULL),(42,33,'ORD-64950002',413.26,26.56,0.00,439.82,'3','USD',1.000000,439.82,1,1,NULL,12,'Facilis earum numquam nulla facilis voluptate quisquam et.',NULL,NULL,'2025-10-02 01:33:07','2025-10-02 01:33:07',NULL,NULL),(43,34,'ORD-71991849',423.67,17.02,0.00,440.69,'3','USD',1.000000,440.69,2,1,NULL,13,'Quis rerum quia soluta id repellendus aut.',NULL,NULL,'2025-10-02 01:33:07','2025-10-02 01:33:07',NULL,NULL),(44,34,'ORD-90127665',1071.84,41.70,0.00,1113.54,'3','USD',1.000000,1113.54,2,2,NULL,13,'Expedita omnis quia necessitatibus ratione repudiandae voluptatum repellendus sit.',NULL,NULL,'2025-10-02 01:33:07','2025-10-02 01:33:07',NULL,NULL),(45,34,'ORD-38811511',1351.86,40.69,0.00,1392.55,'1','USD',1.000000,1392.55,1,2,NULL,13,'Dolores non quis optio ut perferendis illo.',NULL,NULL,'2025-10-02 01:33:07','2025-10-02 01:33:07',NULL,NULL),(46,34,'ORD-91027516',947.49,8.85,0.00,956.34,'2','USD',1.000000,956.34,3,1,NULL,13,'Aperiam dolor aliquid eius rerum.',NULL,NULL,'2025-10-02 01:33:07','2025-10-02 01:33:07',NULL,NULL),(47,35,'ORD-73636376',823.73,10.79,0.00,834.52,'2','USD',1.000000,834.52,1,1,NULL,14,'Sint autem veniam aut.',NULL,NULL,'2025-10-02 01:33:07','2025-10-02 01:33:07',NULL,NULL),(48,35,'ORD-31500062',1426.29,12.58,0.00,1438.87,'2','USD',1.000000,1438.87,2,2,NULL,14,'Voluptatibus ea est consequatur labore ab suscipit est.',NULL,NULL,'2025-10-02 01:33:07','2025-10-02 01:33:07',NULL,NULL),(49,35,'ORD-9058229',1799.62,17.73,0.00,1817.35,'1','USD',1.000000,1817.35,1,1,NULL,14,'Fugit consequatur et sequi velit et.',NULL,NULL,'2025-10-02 01:33:07','2025-10-02 01:33:07',NULL,NULL),(50,36,'ORD-33568767',1158.23,5.14,0.00,1163.37,'1','USD',1.000000,1163.37,2,2,NULL,15,'Quia perferendis distinctio velit harum reiciendis.',NULL,NULL,'2025-10-02 01:33:07','2025-10-02 01:33:07',NULL,NULL),(51,37,'ORD-56072314',1202.21,6.83,0.00,1209.04,'1','USD',1.000000,1209.04,2,1,NULL,16,'Enim autem voluptatibus modi facilis.',NULL,NULL,'2025-10-02 01:33:07','2025-10-02 01:33:07',NULL,NULL),(52,37,'ORD-76631903',1537.79,13.40,0.00,1551.19,'3','USD',1.000000,1551.19,2,2,NULL,16,'Repellat quod et officiis ipsam rerum delectus.',NULL,NULL,'2025-10-02 01:33:07','2025-10-02 01:33:07',NULL,NULL),(53,37,'ORD-87668594',998.57,26.54,0.00,1025.11,'4','USD',1.000000,1025.11,2,2,NULL,16,'Quam provident in corrupti molestiae laboriosam sed.',NULL,NULL,'2025-10-02 01:33:07','2025-10-02 01:33:07',NULL,NULL),(54,38,'ORD-31444200',1646.52,21.87,0.00,1668.39,'4','USD',1.000000,1668.39,3,2,NULL,17,'Rem voluptatem ab enim sed minus et.',NULL,NULL,'2025-10-02 01:33:07','2025-10-02 01:33:07',NULL,NULL),(55,38,'ORD-62509647',722.83,39.95,0.00,762.78,'4','USD',1.000000,762.78,3,1,NULL,17,'Officiis minus voluptate tenetur saepe vel.',NULL,NULL,'2025-10-02 01:33:07','2025-10-02 01:33:07',NULL,NULL),(56,39,'ORD-80542873',1714.22,20.15,0.00,1734.37,'4','USD',1.000000,1734.37,3,1,NULL,18,'Ut qui et omnis et rem.',NULL,NULL,'2025-10-02 01:33:07','2025-10-02 01:33:07',NULL,NULL),(57,39,'ORD-59691128',1947.45,15.66,0.00,1963.11,'4','USD',1.000000,1963.11,1,2,NULL,18,'Nemo voluptatibus aliquid nemo libero corporis.',NULL,NULL,'2025-10-02 01:33:07','2025-10-02 01:33:07',NULL,NULL),(58,39,'ORD-34914338',522.58,47.16,0.00,569.74,'4','USD',1.000000,569.74,2,2,NULL,18,'Et iusto dolorem impedit et mollitia in.',NULL,NULL,'2025-10-02 01:33:07','2025-10-02 01:33:07',NULL,NULL),(59,39,'ORD-85429437',789.61,30.87,0.00,820.48,'1','USD',1.000000,820.48,2,1,NULL,18,'Optio assumenda officia in pariatur.',NULL,NULL,'2025-10-02 01:33:07','2025-10-02 01:33:07',NULL,NULL),(60,39,'ORD-9384539',866.07,7.74,0.00,873.81,'2','USD',1.000000,873.81,1,1,NULL,18,'Adipisci quae sit repellat eius aliquid voluptates.',NULL,NULL,'2025-10-02 01:33:07','2025-10-02 01:33:07',NULL,NULL),(61,40,'ORD-60217622',1538.02,48.24,0.00,1586.26,'2','USD',1.000000,1586.26,2,2,NULL,19,'Aut veritatis error laudantium enim fuga quibusdam illo.',NULL,NULL,'2025-10-02 01:33:07','2025-10-02 01:33:07',NULL,NULL),(62,40,'ORD-2085809',829.72,18.04,0.00,847.76,'2','USD',1.000000,847.76,2,2,NULL,19,'Omnis voluptas rerum cum in aut sit.',NULL,NULL,'2025-10-02 01:33:07','2025-10-02 01:33:07',NULL,NULL),(63,40,'ORD-1638912',694.22,28.87,0.00,723.09,'3','USD',1.000000,723.09,3,1,NULL,19,'Soluta consequatur doloremque fugiat dolor.',NULL,NULL,'2025-10-02 01:33:07','2025-10-02 01:33:07',NULL,NULL),(64,40,'ORD-87217738',1694.52,29.83,0.00,1724.35,'3','USD',1.000000,1724.35,2,1,NULL,19,'Exercitationem id ab maiores veritatis qui dolorem eum.',NULL,NULL,'2025-10-02 01:33:07','2025-10-02 01:33:07',NULL,NULL),(65,40,'ORD-76420955',1226.59,47.13,0.00,1273.72,'2','USD',1.000000,1273.72,3,1,NULL,19,'Pariatur officia et et nihil unde.',NULL,NULL,'2025-10-02 01:33:07','2025-10-02 01:33:07',NULL,NULL),(66,41,'ORD-52939259',287.63,38.40,0.00,326.03,'4','USD',1.000000,326.03,1,2,NULL,20,'Porro qui quae harum.',NULL,NULL,'2025-10-02 01:33:07','2025-10-02 01:33:07',NULL,NULL),(67,41,'ORD-36705557',1602.46,31.15,0.00,1633.61,'3','USD',1.000000,1633.61,3,1,NULL,20,'Deserunt quos corrupti error porro suscipit iste vitae.',NULL,NULL,'2025-10-02 01:33:07','2025-10-02 01:33:07',NULL,NULL),(68,41,'ORD-42395369',587.64,12.29,0.00,599.93,'2','USD',1.000000,599.93,2,2,NULL,20,'Ut corporis ipsam ut et praesentium.',NULL,NULL,'2025-10-02 01:33:07','2025-10-02 01:33:07',NULL,NULL),(69,41,'ORD-72639700',1185.81,17.64,0.00,1203.45,'4','USD',1.000000,1203.45,3,1,NULL,20,'Perspiciatis a ad blanditiis perspiciatis.',NULL,NULL,'2025-10-02 01:33:07','2025-10-02 01:33:07',NULL,NULL),(70,42,'ORD-53093',1833.07,42.76,0.00,1875.83,'1','USD',1.000000,1875.83,3,2,NULL,21,'Labore minus nam voluptas doloremque iste voluptate assumenda doloremque.',NULL,NULL,'2025-10-02 01:33:07','2025-10-02 01:33:07',NULL,NULL),(71,42,'ORD-86384777',750.40,33.79,0.00,784.19,'2','USD',1.000000,784.19,3,2,NULL,21,'Dolor dolores ipsa ipsum exercitationem ipsum ea dolorum repellat.',NULL,NULL,'2025-10-02 01:33:07','2025-10-02 01:33:07',NULL,NULL),(72,42,'ORD-49992370',1964.90,5.14,0.00,1970.04,'2','USD',1.000000,1970.04,2,2,NULL,21,'Est ut aliquam optio non sunt possimus dolores.',NULL,NULL,'2025-10-02 01:33:07','2025-10-02 01:33:07',NULL,NULL),(73,43,'ORD-36739350',1178.99,47.21,0.00,1226.20,'4','USD',1.000000,1226.20,3,2,NULL,22,'Nesciunt vel ducimus eos nihil amet.',NULL,NULL,'2025-10-02 01:33:07','2025-10-02 01:33:07',NULL,NULL),(74,43,'ORD-4966144',175.02,5.09,0.00,180.11,'4','USD',1.000000,180.11,3,1,NULL,22,'Maxime est iusto quaerat suscipit perferendis qui sit.',NULL,NULL,'2025-10-02 01:33:07','2025-10-02 01:33:07',NULL,NULL),(75,43,'ORD-51012761',140.58,46.06,0.00,186.64,'3','USD',1.000000,186.64,3,1,NULL,22,'Soluta velit et placeat vero libero dicta voluptas.',NULL,NULL,'2025-10-02 01:33:07','2025-10-02 01:33:07',NULL,NULL),(76,44,'ORD-32862654',716.39,47.83,0.00,764.22,'1','USD',1.000000,764.22,1,2,NULL,23,'Asperiores ad delectus dolorem exercitationem.',NULL,NULL,'2025-10-02 01:33:07','2025-10-02 01:33:07',NULL,NULL),(77,44,'ORD-12400526',347.60,48.55,0.00,396.15,'4','USD',1.000000,396.15,3,2,NULL,23,'Tempora nesciunt quo voluptate doloribus sapiente praesentium maiores.',NULL,NULL,'2025-10-02 01:33:07','2025-10-02 01:33:07',NULL,NULL),(78,44,'ORD-73052891',1181.37,25.00,0.00,1206.37,'1','USD',1.000000,1206.37,1,2,NULL,23,'Consequatur molestiae repellendus a reprehenderit et.',NULL,NULL,'2025-10-02 01:33:07','2025-10-02 01:33:07',NULL,NULL),(79,44,'ORD-95525145',343.19,18.28,0.00,361.47,'3','USD',1.000000,361.47,1,1,NULL,23,'Ut ipsa sint laborum excepturi non deleniti omnis.',NULL,NULL,'2025-10-02 01:33:07','2025-10-02 01:33:07',NULL,NULL),(80,44,'ORD-37213723',534.35,33.21,0.00,567.56,'4','USD',1.000000,567.56,3,1,NULL,23,'Aperiam delectus dignissimos adipisci corrupti voluptas laborum vero.',NULL,NULL,'2025-10-02 01:33:07','2025-10-02 01:33:07',NULL,NULL),(81,45,'ORD-53758235',1946.22,25.45,0.00,1971.67,'1','USD',1.000000,1971.67,1,2,NULL,24,'Perferendis voluptatem quaerat eius beatae veniam maiores est.',NULL,NULL,'2025-10-02 01:33:07','2025-10-02 01:33:07',NULL,NULL),(82,45,'ORD-29624568',582.04,18.11,0.00,600.15,'3','USD',1.000000,600.15,3,2,NULL,24,'Illum dolore eos voluptatem quia laudantium nostrum.',NULL,NULL,'2025-10-02 01:33:07','2025-10-02 01:33:07',NULL,NULL),(83,46,'ORD-57731497',224.66,49.08,0.00,273.74,'3','USD',1.000000,273.74,2,2,NULL,25,'Sit vel nulla eos consequatur.',NULL,NULL,'2025-10-02 01:33:07','2025-10-02 01:33:07',NULL,NULL),(84,46,'ORD-24102913',1880.86,31.04,0.00,1911.90,'3','USD',1.000000,1911.90,3,2,NULL,25,'Aspernatur est similique laborum.',NULL,NULL,'2025-10-02 01:33:07','2025-10-02 01:33:07',NULL,NULL),(85,46,'ORD-53997110',1389.71,14.09,0.00,1403.80,'3','USD',1.000000,1403.80,1,1,NULL,25,'Culpa tempora et fugiat rerum officia sapiente rerum.',NULL,NULL,'2025-10-02 01:33:07','2025-10-02 01:33:07',NULL,NULL),(86,46,'ORD-35375965',1429.74,30.06,0.00,1459.80,'2','USD',1.000000,1459.80,2,1,NULL,25,'Consequatur occaecati et sunt sit qui.',NULL,NULL,'2025-10-02 01:33:07','2025-10-02 01:33:07',NULL,NULL),(87,47,'ORD-92312865',665.47,44.40,0.00,709.87,'3','USD',1.000000,709.87,3,1,NULL,26,'Minima voluptas culpa quia officiis fugiat error molestias.',NULL,NULL,'2025-10-02 01:33:07','2025-10-02 01:33:07',NULL,NULL),(88,47,'ORD-88678864',222.84,17.54,86.91,153.47,'4','USD',1.000000,240.38,1,1,NULL,26,'Qui quos tempora illo qui pariatur.',NULL,NULL,'2025-10-02 01:33:07','2025-10-02 01:33:09',NULL,NULL),(89,47,'ORD-77706333',1381.32,20.79,0.00,1402.11,'4','USD',1.000000,1402.11,2,2,NULL,26,'Facilis enim omnis qui quod eum.',NULL,NULL,'2025-10-02 01:33:07','2025-10-02 01:33:07',NULL,NULL),(90,48,'ORD-50602764',1074.63,42.54,0.00,1117.17,'2','USD',1.000000,1117.17,2,1,NULL,27,'Accusamus aut laborum non sed id.',NULL,NULL,'2025-10-02 01:33:07','2025-10-02 01:33:07',NULL,NULL),(91,48,'ORD-87629397',524.29,21.49,0.00,545.78,'3','USD',1.000000,545.78,1,1,NULL,27,'Quia quo itaque architecto voluptate veniam voluptates ex.',NULL,NULL,'2025-10-02 01:33:07','2025-10-02 01:33:07',NULL,NULL),(92,48,'ORD-72781268',507.56,43.24,0.00,550.80,'2','USD',1.000000,550.80,1,1,NULL,27,'Ut et fuga unde ab.',NULL,NULL,'2025-10-02 01:33:07','2025-10-02 01:33:07',NULL,NULL),(93,49,'ORD-62271210',1356.58,33.13,0.00,1389.71,'1','USD',1.000000,1389.71,2,2,NULL,28,'Est voluptatem accusantium voluptate dolores molestias nihil iure sit.',NULL,NULL,'2025-10-02 01:33:07','2025-10-02 01:33:07',NULL,NULL),(94,49,'ORD-83116166',1600.09,37.93,0.00,1638.02,'2','USD',1.000000,1638.02,1,1,NULL,28,'Minus voluptatem ea aspernatur vitae sed quibusdam.',NULL,NULL,'2025-10-02 01:33:07','2025-10-02 01:33:07',NULL,NULL),(95,49,'ORD-56952059',1437.24,46.97,0.00,1484.21,'1','USD',1.000000,1484.21,1,1,NULL,28,'Ea officiis quisquam aut dolor vero.',NULL,NULL,'2025-10-02 01:33:07','2025-10-02 01:33:07',NULL,NULL),(96,50,'ORD-12520387',911.18,10.63,0.00,921.81,'2','USD',1.000000,921.81,3,1,NULL,29,'Alias ea ut sequi velit.',NULL,NULL,'2025-10-02 01:33:07','2025-10-02 01:33:07',NULL,NULL),(97,50,'ORD-17949353',1890.78,18.00,0.00,1908.78,'3','USD',1.000000,1908.78,1,2,NULL,29,'Velit delectus quisquam magni harum molestias ut rerum.',NULL,NULL,'2025-10-02 01:33:07','2025-10-02 01:33:07',NULL,NULL),(98,50,'ORD-26485665',586.10,12.16,0.00,598.26,'2','USD',1.000000,598.26,2,2,NULL,29,'Natus blanditiis deserunt asperiores voluptatum eos fugit.',NULL,NULL,'2025-10-02 01:33:07','2025-10-02 01:33:07',NULL,NULL),(99,50,'ORD-34575687',701.19,28.01,0.00,729.20,'1','USD',1.000000,729.20,3,2,NULL,29,'Expedita ea esse sequi officia.',NULL,NULL,'2025-10-02 01:33:07','2025-10-02 01:33:07',NULL,NULL),(100,51,'ORD-48614494',630.05,44.64,0.00,674.69,'1','USD',1.000000,674.69,3,2,NULL,30,'Id id et nam.',NULL,NULL,'2025-10-02 01:33:07','2025-10-02 01:33:07',NULL,NULL),(101,51,'ORD-93613510',534.52,32.94,0.00,567.46,'3','USD',1.000000,567.46,3,2,NULL,30,'Et architecto illo impedit ipsa quisquam.',NULL,NULL,'2025-10-02 01:33:07','2025-10-02 01:33:07',NULL,NULL),(102,52,'ORD-39362727',1567.56,25.59,0.00,1593.15,'2','USD',1.000000,1593.15,1,2,NULL,31,'Et rerum architecto vitae aliquid omnis sed.',NULL,NULL,'2025-10-02 01:33:07','2025-10-02 01:33:07',NULL,NULL),(103,53,'ORD-78822425',1860.41,6.00,0.00,1866.41,'2','USD',1.000000,1866.41,1,1,NULL,32,'Ducimus atque illum aut nemo totam.',NULL,NULL,'2025-10-02 01:33:07','2025-10-02 01:33:07',NULL,NULL),(104,54,'ORD-70950695',1772.22,44.16,0.00,1816.38,'4','USD',1.000000,1816.38,2,1,NULL,33,'Voluptas quos maxime incidunt ipsa ab ea et.',NULL,NULL,'2025-10-02 01:33:07','2025-10-02 01:33:07',NULL,NULL),(105,54,'ORD-85520221',225.61,40.54,0.00,266.15,'1','USD',1.000000,266.15,1,2,NULL,33,'Veritatis veritatis dicta ut corrupti quia eum.',NULL,NULL,'2025-10-02 01:33:07','2025-10-02 01:33:07',NULL,NULL),(106,54,'ORD-38938185',1525.82,48.77,0.00,1574.59,'2','USD',1.000000,1574.59,2,1,NULL,33,'Minus occaecati incidunt omnis corporis nostrum sit occaecati.',NULL,NULL,'2025-10-02 01:33:07','2025-10-02 01:33:07',NULL,NULL),(107,54,'ORD-23436718',1998.49,44.65,0.00,2043.14,'3','USD',1.000000,2043.14,3,2,NULL,33,'Quibusdam atque eveniet sit nihil dolores nam autem cum.',NULL,NULL,'2025-10-02 01:33:07','2025-10-02 01:33:07',NULL,NULL),(108,54,'ORD-79332082',187.51,40.71,0.00,228.22,'4','USD',1.000000,228.22,3,1,NULL,33,'Nihil vel illum quia quod est nisi.',NULL,NULL,'2025-10-02 01:33:07','2025-10-02 01:33:07',NULL,NULL),(109,55,'ORD-53857992',919.64,26.22,0.00,945.86,'4','USD',1.000000,945.86,2,2,NULL,34,'Suscipit aliquam minus aut repellendus.',NULL,NULL,'2025-10-02 01:33:07','2025-10-02 01:33:07',NULL,NULL),(110,55,'ORD-40807182',1238.00,44.67,0.00,1282.67,'4','USD',1.000000,1282.67,3,2,NULL,34,'Et quaerat alias et at omnis facilis esse iusto.',NULL,NULL,'2025-10-02 01:33:07','2025-10-02 01:33:07',NULL,NULL),(111,56,'ORD-77740055',1633.94,22.89,0.00,1656.83,'4','USD',1.000000,1656.83,3,1,NULL,35,'Quam fugit quaerat ratione repellendus.',NULL,NULL,'2025-10-02 01:33:07','2025-10-02 01:33:07',NULL,NULL),(112,56,'ORD-17715044',1827.77,5.71,0.00,1833.48,'3','USD',1.000000,1833.48,3,1,NULL,35,'Molestias cum perferendis odit molestiae dolor fugit ea.',NULL,NULL,'2025-10-02 01:33:07','2025-10-02 01:33:07',NULL,NULL),(113,56,'ORD-91425427',977.38,22.78,0.00,1000.16,'1','USD',1.000000,1000.16,3,1,NULL,35,'Dolorem hic minima voluptatem qui.',NULL,NULL,'2025-10-02 01:33:07','2025-10-02 01:33:07',NULL,NULL),(114,56,'ORD-59364662',1783.51,31.73,0.00,1815.24,'1','USD',1.000000,1815.24,1,1,NULL,35,'Voluptatem officiis deserunt quibusdam alias praesentium assumenda quasi harum.',NULL,NULL,'2025-10-02 01:33:07','2025-10-02 01:33:07',NULL,NULL),(115,57,'ORD-87411923',571.49,13.85,0.00,585.34,'3','USD',1.000000,585.34,3,2,NULL,36,'Omnis vero minus fugiat tempore.',NULL,NULL,'2025-10-02 01:33:07','2025-10-02 01:33:07',NULL,NULL),(116,57,'ORD-37529867',473.00,37.80,0.00,510.80,'3','USD',1.000000,510.80,2,2,NULL,36,'Ut qui ea dolore et eum omnis praesentium.',NULL,NULL,'2025-10-02 01:33:07','2025-10-02 01:33:07',NULL,NULL),(117,57,'ORD-1617232',692.32,43.09,0.00,735.41,'2','USD',1.000000,735.41,1,2,NULL,36,'Nihil quo assumenda reprehenderit culpa.',NULL,NULL,'2025-10-02 01:33:07','2025-10-02 01:33:07',NULL,NULL),(118,57,'ORD-2172910',1372.78,41.88,0.00,1414.66,'4','USD',1.000000,1414.66,3,1,NULL,36,'Pariatur molestiae aut fugit animi dignissimos qui sit.',NULL,NULL,'2025-10-02 01:33:07','2025-10-02 01:33:07',NULL,NULL),(119,58,'ORD-70932844',301.30,13.92,0.00,315.22,'1','USD',1.000000,315.22,3,1,NULL,37,'Laudantium qui optio dolores sunt.',NULL,NULL,'2025-10-02 01:33:07','2025-10-02 01:33:07',NULL,NULL),(120,58,'ORD-13951362',1152.30,14.52,0.00,1166.82,'4','USD',1.000000,1166.82,2,1,NULL,37,'Ad amet pariatur consequatur alias iste minima.',NULL,NULL,'2025-10-02 01:33:07','2025-10-02 01:33:07',NULL,NULL),(121,58,'ORD-51561849',761.60,16.03,0.00,777.63,'1','USD',1.000000,777.63,2,1,NULL,37,'Illum quis illum ex et dolor vero.',NULL,NULL,'2025-10-02 01:33:07','2025-10-02 01:33:07',NULL,NULL),(122,58,'ORD-24976420',1436.10,18.58,0.00,1454.68,'4','USD',1.000000,1454.68,3,2,NULL,37,'Voluptatum est ex et ut.',NULL,NULL,'2025-10-02 01:33:07','2025-10-02 01:33:07',NULL,NULL),(123,58,'ORD-14129540',1209.35,11.45,0.00,1220.80,'2','USD',1.000000,1220.80,1,1,NULL,37,'Nam distinctio velit repellendus explicabo quo dolor.',NULL,NULL,'2025-10-02 01:33:07','2025-10-02 01:33:07',NULL,NULL),(124,59,'ORD-46107257',467.84,26.37,0.00,494.21,'2','USD',1.000000,494.21,3,1,NULL,38,'Est harum alias dolor accusamus cumque natus fuga.',NULL,NULL,'2025-10-02 01:33:07','2025-10-02 01:33:07',NULL,NULL),(125,59,'ORD-48733920',870.37,7.18,0.00,877.55,'2','USD',1.000000,877.55,3,2,NULL,38,'Fugit laboriosam aperiam ducimus.',NULL,NULL,'2025-10-02 01:33:07','2025-10-02 01:33:07',NULL,NULL),(126,60,'ORD-78268525',415.43,26.51,0.00,441.94,'3','USD',1.000000,441.94,1,2,NULL,39,'Consectetur itaque quisquam hic.',NULL,NULL,'2025-10-02 01:33:07','2025-10-02 01:33:07',NULL,NULL),(127,60,'ORD-40034791',1140.64,26.86,0.00,1167.50,'1','USD',1.000000,1167.50,3,2,NULL,39,'Beatae praesentium est doloribus dolores officia voluptatem voluptatem.',NULL,NULL,'2025-10-02 01:33:07','2025-10-02 01:33:07',NULL,NULL),(128,60,'ORD-53176005',831.83,43.83,0.00,875.66,'3','USD',1.000000,875.66,3,1,NULL,39,'Qui eveniet et sequi maiores atque aspernatur.',NULL,NULL,'2025-10-02 01:33:07','2025-10-02 01:33:07',NULL,NULL),(129,61,'ORD-44004382',898.18,42.47,0.00,940.65,'3','USD',1.000000,940.65,2,2,NULL,40,'Beatae officia velit provident et labore.',NULL,NULL,'2025-10-02 01:33:07','2025-10-02 01:33:07',NULL,NULL),(130,61,'ORD-65175557',410.53,13.37,0.00,423.90,'4','USD',1.000000,423.90,2,1,NULL,40,'In magnam a omnis maxime similique.',NULL,NULL,'2025-10-02 01:33:07','2025-10-02 01:33:07',NULL,NULL),(131,61,'ORD-68335745',445.88,12.70,0.00,458.58,'3','USD',1.000000,458.58,2,2,NULL,40,'Expedita eaque doloribus mollitia iure aut reprehenderit.',NULL,NULL,'2025-10-02 01:33:07','2025-10-02 01:33:07',NULL,NULL),(132,62,'ORD-14043520',1661.43,37.32,0.00,1698.75,'4','USD',1.000000,1698.75,1,2,NULL,41,'Et rerum tempore quo aliquid odio rerum.',NULL,NULL,'2025-10-02 01:33:07','2025-10-02 01:33:07',NULL,NULL),(133,62,'ORD-99975829',453.61,34.46,0.00,488.07,'1','USD',1.000000,488.07,3,1,NULL,41,'Eum quas dolorum occaecati enim autem voluptatem.',NULL,NULL,'2025-10-02 01:33:07','2025-10-02 01:33:07',NULL,NULL),(134,62,'ORD-9282957',1072.09,40.25,0.00,1112.34,'3','USD',1.000000,1112.34,2,1,NULL,41,'Eaque ipsam enim explicabo eligendi et libero modi.',NULL,NULL,'2025-10-02 01:33:07','2025-10-02 01:33:07',NULL,NULL),(135,63,'ORD-88861572',751.88,25.57,0.00,777.45,'4','USD',1.000000,777.45,1,2,NULL,42,'Quo eveniet corporis illum ut corporis alias.',NULL,NULL,'2025-10-02 01:33:07','2025-10-02 01:33:07',NULL,NULL),(136,64,'ORD-87538362',1601.60,16.78,0.00,1618.38,'2','USD',1.000000,1618.38,3,1,NULL,43,'Maiores quo dolor modi omnis.',NULL,NULL,'2025-10-02 01:33:07','2025-10-02 01:33:07',NULL,NULL),(137,64,'ORD-14063993',1925.56,47.31,0.00,1972.87,'1','USD',1.000000,1972.87,1,2,NULL,43,'Ut repellat et quo nesciunt ex necessitatibus.',NULL,NULL,'2025-10-02 01:33:07','2025-10-02 01:33:07',NULL,NULL),(138,65,'ORD-66049179',442.07,45.40,0.00,487.47,'2','USD',1.000000,487.47,2,1,NULL,44,'Similique minus autem aut aliquid.',NULL,NULL,'2025-10-02 01:33:07','2025-10-02 01:33:07',NULL,NULL),(139,65,'ORD-512323',991.49,31.98,0.00,1023.47,'1','USD',1.000000,1023.47,1,1,NULL,44,'Excepturi similique est mollitia exercitationem.',NULL,NULL,'2025-10-02 01:33:07','2025-10-02 01:33:07',NULL,NULL),(140,65,'ORD-13913393',1345.20,8.35,0.00,1353.55,'2','USD',1.000000,1353.55,3,2,NULL,44,'Quae placeat tempora quia amet.',NULL,NULL,'2025-10-02 01:33:07','2025-10-02 01:33:07',NULL,NULL),(141,65,'ORD-2130000',1583.86,14.49,0.00,1598.35,'1','USD',1.000000,1598.35,2,2,NULL,44,'Qui provident aut eaque laboriosam doloribus nihil.',NULL,NULL,'2025-10-02 01:33:07','2025-10-02 01:33:07',NULL,NULL),(142,66,'ORD-80412136',814.14,48.70,0.00,862.84,'4','USD',1.000000,862.84,2,1,NULL,45,'Possimus laudantium accusantium cum odit.',NULL,NULL,'2025-10-02 01:33:07','2025-10-02 01:33:07',NULL,NULL),(143,66,'ORD-91777436',591.53,44.53,0.00,636.06,'3','USD',1.000000,636.06,2,1,NULL,45,'Omnis est labore rerum consequatur doloremque dolorem velit.',NULL,NULL,'2025-10-02 01:33:07','2025-10-02 01:33:07',NULL,NULL),(144,66,'ORD-5951455',1639.88,34.71,0.00,1674.59,'4','USD',1.000000,1674.59,1,1,NULL,45,'Natus tenetur aut voluptatibus beatae.',NULL,NULL,'2025-10-02 01:33:07','2025-10-02 01:33:07',NULL,NULL),(145,67,'ORD-69735124',285.41,19.51,0.00,304.92,'4','USD',1.000000,304.92,2,2,NULL,46,'Architecto soluta voluptatibus dolorem qui laudantium beatae magnam.',NULL,NULL,'2025-10-02 01:33:07','2025-10-02 01:33:07',NULL,NULL),(146,67,'ORD-49232511',1902.74,11.54,0.00,1914.28,'3','USD',1.000000,1914.28,2,1,NULL,46,'Neque suscipit ipsam maiores id eos consequatur deleniti.',NULL,NULL,'2025-10-02 01:33:07','2025-10-02 01:33:07',NULL,NULL),(147,67,'ORD-60044260',1981.73,34.41,0.00,2016.14,'2','USD',1.000000,2016.14,3,1,NULL,46,'Ut eius sit placeat commodi eos eos et.',NULL,NULL,'2025-10-02 01:33:07','2025-10-02 01:33:07',NULL,NULL),(148,67,'ORD-29699092',1131.25,16.49,0.00,1147.74,'3','USD',1.000000,1147.74,3,2,NULL,46,'Omnis tempora veritatis in nihil animi natus.',NULL,NULL,'2025-10-02 01:33:07','2025-10-02 01:33:07',NULL,NULL),(149,67,'ORD-87606414',1726.79,9.89,0.00,1736.68,'3','USD',1.000000,1736.68,1,2,NULL,46,'Ut numquam rerum quisquam fugiat harum exercitationem repellat magni.',NULL,NULL,'2025-10-02 01:33:07','2025-10-02 01:33:07',NULL,NULL),(150,68,'ORD-53279630',1045.94,43.66,0.00,1089.60,'1','USD',1.000000,1089.60,3,1,NULL,47,'Dolores eos expedita molestiae rerum.',NULL,NULL,'2025-10-02 01:33:07','2025-10-02 01:33:07',NULL,NULL),(151,68,'ORD-78817992',1541.20,25.11,63519.00,-61952.69,'4','USD',1.000000,1566.31,3,2,NULL,47,'Molestiae sint velit blanditiis autem.',NULL,NULL,'2025-10-02 01:33:07','2025-10-02 01:33:09',NULL,NULL),(152,68,'ORD-81573188',1941.08,10.99,0.00,1952.07,'1','USD',1.000000,1952.07,2,2,NULL,47,'Illum dicta ut sit repudiandae.',NULL,NULL,'2025-10-02 01:33:07','2025-10-02 01:33:07',NULL,NULL),(153,69,'ORD-23455254',1774.09,8.85,0.00,1782.94,'1','USD',1.000000,1782.94,1,1,NULL,48,'Sunt qui quo amet aut quisquam reiciendis.',NULL,NULL,'2025-10-02 01:33:07','2025-10-02 01:33:07',NULL,NULL),(154,70,'ORD-72413781',462.46,43.31,0.00,505.77,'3','USD',1.000000,505.77,3,1,NULL,49,'Eius magnam id voluptas.',NULL,NULL,'2025-10-02 01:33:07','2025-10-02 01:33:07',NULL,NULL),(155,70,'ORD-32221806',588.11,6.34,0.00,594.45,'4','USD',1.000000,594.45,1,2,NULL,49,'Tempore est sint non nihil aliquid.',NULL,NULL,'2025-10-02 01:33:07','2025-10-02 01:33:07',NULL,NULL),(156,70,'ORD-49394166',1918.98,35.97,0.00,1954.95,'1','USD',1.000000,1954.95,3,1,NULL,49,'Earum nulla omnis sint enim id molestiae.',NULL,NULL,'2025-10-02 01:33:07','2025-10-02 01:33:07',NULL,NULL),(157,70,'ORD-54458351',1226.28,46.42,0.00,1272.70,'3','USD',1.000000,1272.70,2,2,NULL,49,'Rem nemo aspernatur recusandae rerum ut itaque facere.',NULL,NULL,'2025-10-02 01:33:07','2025-10-02 01:33:07',NULL,NULL),(158,71,'ORD-6253889',1714.61,22.68,0.00,1737.29,'1','USD',1.000000,1737.29,1,1,NULL,50,'Accusamus officia vero voluptatibus voluptates soluta aliquid odio.',NULL,NULL,'2025-10-02 01:33:07','2025-10-02 01:33:07',NULL,NULL),(159,71,'ORD-58604251',1012.28,47.17,0.00,1059.45,'4','USD',1.000000,1059.45,3,1,NULL,50,'Et et atque voluptas autem.',NULL,NULL,'2025-10-02 01:33:07','2025-10-02 01:33:07',NULL,NULL),(160,71,'ORD-44673294',1684.24,6.95,0.00,1691.19,'2','USD',1.000000,1691.19,3,1,NULL,50,'Tenetur ut necessitatibus sit aliquid blanditiis molestiae consequatur et.',NULL,NULL,'2025-10-02 01:33:07','2025-10-02 01:33:07',NULL,NULL),(161,71,'ORD-95626375',799.73,17.23,0.00,816.96,'1','USD',1.000000,816.96,3,1,NULL,50,'Quisquam repudiandae quibusdam autem impedit.',NULL,NULL,'2025-10-02 01:33:07','2025-10-02 01:33:07',NULL,NULL),(162,71,'ORD-30539082',1290.00,25.85,0.00,1315.85,'4','USD',1.000000,1315.85,1,2,NULL,50,'Tempora ullam aperiam neque.',NULL,NULL,'2025-10-02 01:33:07','2025-10-02 01:33:07',NULL,NULL),(163,72,'ORD-7378076',1725.99,25.67,63519.00,-61767.34,'2','USD',1.000000,1751.66,1,2,NULL,51,'Possimus natus doloremque earum maxime corporis rem aperiam.',NULL,NULL,'2025-10-02 01:33:08','2025-10-02 01:33:09',NULL,NULL),(164,72,'ORD-35877258',73.12,15.06,0.00,88.18,'2','USD',1.000000,88.18,1,2,NULL,51,'Saepe et commodi ea hic iure.',NULL,NULL,'2025-10-02 01:33:08','2025-10-02 01:33:08',NULL,NULL),(165,73,'ORD-7475195',1210.63,36.15,0.00,1246.78,'4','USD',1.000000,1246.78,3,2,NULL,52,'Quasi aliquid eos rerum eum eos.',NULL,NULL,'2025-10-02 01:33:08','2025-10-02 01:33:08',NULL,NULL),(166,73,'ORD-65736282',1393.63,48.16,0.00,1441.79,'3','USD',1.000000,1441.79,3,1,NULL,52,'Voluptatibus commodi perferendis ut adipisci voluptatem odit quia itaque.',NULL,NULL,'2025-10-02 01:33:08','2025-10-02 01:33:08',NULL,NULL),(167,73,'ORD-73607306',192.64,43.56,0.00,236.20,'4','USD',1.000000,236.20,3,2,NULL,52,'Consequatur nam ea voluptatum ipsa blanditiis.',NULL,NULL,'2025-10-02 01:33:08','2025-10-02 01:33:08',NULL,NULL),(168,74,'ORD-36805220',1278.85,38.33,0.00,1317.18,'1','USD',1.000000,1317.18,2,1,NULL,53,'Cupiditate hic provident nobis iure magni.',NULL,NULL,'2025-10-02 01:33:08','2025-10-02 01:33:08',NULL,NULL),(169,74,'ORD-54351691',1473.48,25.29,0.00,1498.77,'4','USD',1.000000,1498.77,1,2,NULL,53,'Aut in non porro placeat eum.',NULL,NULL,'2025-10-02 01:33:08','2025-10-02 01:33:08',NULL,NULL),(170,74,'ORD-42243003',1524.50,21.82,0.00,1546.32,'1','USD',1.000000,1546.32,1,1,NULL,53,'Ut a soluta est voluptates.',NULL,NULL,'2025-10-02 01:33:08','2025-10-02 01:33:08',NULL,NULL),(171,75,'ORD-12316696',1421.53,32.02,0.00,1453.55,'3','USD',1.000000,1453.55,2,2,NULL,54,'Et perspiciatis eius dignissimos distinctio recusandae.',NULL,NULL,'2025-10-02 01:33:08','2025-10-02 01:33:08',NULL,NULL),(172,75,'ORD-64962590',1428.06,40.93,0.00,1468.99,'2','USD',1.000000,1468.99,3,2,NULL,54,'Dicta vel et modi quaerat maxime perspiciatis aut.',NULL,NULL,'2025-10-02 01:33:08','2025-10-02 01:33:08',NULL,NULL),(173,75,'ORD-12278073',1866.15,43.26,0.00,1909.41,'4','USD',1.000000,1909.41,3,1,NULL,54,'Neque quasi sed ex nihil.',NULL,NULL,'2025-10-02 01:33:08','2025-10-02 01:33:08',NULL,NULL),(174,76,'ORD-71250389',656.67,23.94,0.00,680.61,'4','USD',1.000000,680.61,3,1,NULL,55,'Nulla facilis dignissimos maiores provident et.',NULL,NULL,'2025-10-02 01:33:08','2025-10-02 01:33:08',NULL,NULL),(175,77,'ORD-48863000',1781.37,11.82,0.00,1793.19,'4','USD',1.000000,1793.19,3,1,NULL,56,'Et sed aut id minima rerum iusto.',NULL,NULL,'2025-10-02 01:33:08','2025-10-02 01:33:08',NULL,NULL),(176,77,'ORD-23915378',689.81,42.00,0.00,731.81,'1','USD',1.000000,731.81,1,1,NULL,56,'Excepturi ad exercitationem nostrum ut distinctio perspiciatis.',NULL,NULL,'2025-10-02 01:33:08','2025-10-02 01:33:08',NULL,NULL),(177,77,'ORD-91038358',715.31,41.44,0.00,756.75,'2','USD',1.000000,756.75,2,1,NULL,56,'Sit nisi ut id labore.',NULL,NULL,'2025-10-02 01:33:08','2025-10-02 01:33:08',NULL,NULL),(178,78,'ORD-46003797',1176.13,48.52,0.00,1224.65,'4','USD',1.000000,1224.65,1,1,NULL,57,'Consequatur sint et aliquam doloribus itaque eum libero.',NULL,NULL,'2025-10-02 01:33:08','2025-10-02 01:33:08',NULL,NULL),(179,78,'ORD-99467037',1477.73,34.81,0.00,1512.54,'3','USD',1.000000,1512.54,2,1,NULL,57,'Eligendi ad quos veniam dolor ea doloribus veritatis.',NULL,NULL,'2025-10-02 01:33:08','2025-10-02 01:33:08',NULL,NULL),(180,79,'ORD-98480513',1601.99,47.59,0.00,1649.58,'3','USD',1.000000,1649.58,2,2,NULL,58,'Rerum sapiente non expedita quis id voluptatem sit.',NULL,NULL,'2025-10-02 01:33:08','2025-10-02 01:33:08',NULL,NULL),(181,79,'ORD-14658081',1402.07,31.74,0.00,1433.81,'2','USD',1.000000,1433.81,2,2,NULL,58,'Maiores rerum commodi quis.',NULL,NULL,'2025-10-02 01:33:08','2025-10-02 01:33:08',NULL,NULL),(182,79,'ORD-35951460',276.17,10.22,0.00,286.39,'3','USD',1.000000,286.39,3,1,NULL,58,'Voluptate quidem eos veniam ut quos iusto.',NULL,NULL,'2025-10-02 01:33:08','2025-10-02 01:33:08',NULL,NULL),(183,80,'ORD-54678341',178.73,38.23,0.00,216.96,'4','USD',1.000000,216.96,3,2,NULL,59,'Possimus beatae et non qui ea ducimus voluptatem.',NULL,NULL,'2025-10-02 01:33:08','2025-10-02 01:33:08',NULL,NULL),(184,80,'ORD-40970176',1666.96,44.40,0.00,1711.36,'2','USD',1.000000,1711.36,1,2,NULL,59,'Est molestiae nulla ut impedit fugit ut minima.',NULL,NULL,'2025-10-02 01:33:08','2025-10-02 01:33:08',NULL,NULL),(185,80,'ORD-48505726',1125.04,46.26,0.00,1171.30,'2','USD',1.000000,1171.30,1,1,NULL,59,'Atque suscipit aut aut animi ea sed.',NULL,NULL,'2025-10-02 01:33:08','2025-10-02 01:33:08',NULL,NULL),(186,80,'ORD-81644795',466.67,45.76,0.00,512.43,'4','USD',1.000000,512.43,1,1,NULL,59,'Recusandae aperiam magnam sint.',NULL,NULL,'2025-10-02 01:33:08','2025-10-02 01:33:08',NULL,NULL),(187,81,'ORD-59566440',56.81,22.94,0.00,79.75,'4','USD',1.000000,79.75,3,1,NULL,60,'Fugiat officiis modi dolore impedit qui qui eum.',NULL,NULL,'2025-10-02 01:33:08','2025-10-02 01:33:08',NULL,NULL),(188,81,'ORD-58788002',644.06,32.24,0.00,676.30,'4','USD',1.000000,676.30,3,1,NULL,60,'Ad voluptate ut et quaerat sit in.',NULL,NULL,'2025-10-02 01:33:08','2025-10-02 01:33:08',NULL,NULL),(189,81,'ORD-74902105',1861.55,32.37,0.00,1893.92,'4','USD',1.000000,1893.92,3,1,NULL,60,'Similique nobis est impedit facilis voluptatem.',NULL,NULL,'2025-10-02 01:33:08','2025-10-02 01:33:08',NULL,NULL),(190,82,'ORD-64461654',1323.01,49.58,515.97,856.62,'3','USD',1.000000,1372.59,3,2,NULL,61,'Quod est culpa ut atque sit.',NULL,NULL,'2025-10-02 01:33:08','2025-10-02 01:33:09',NULL,NULL),(191,82,'ORD-75341359',1398.67,10.96,0.00,1409.63,'4','USD',1.000000,1409.63,2,2,NULL,61,'Culpa earum nostrum aut expedita consequuntur ratione sit perferendis.',NULL,NULL,'2025-10-02 01:33:08','2025-10-02 01:33:08',NULL,NULL),(192,82,'ORD-55844096',304.05,42.01,0.00,346.06,'3','USD',1.000000,346.06,3,1,NULL,61,'Et nihil et eligendi nesciunt ut dolores.',NULL,NULL,'2025-10-02 01:33:08','2025-10-02 01:33:08',NULL,NULL),(193,83,'ORD-58556428',311.91,34.54,0.00,346.45,'3','USD',1.000000,346.45,3,1,NULL,62,'Qui rem omnis sunt sunt et dicta et.',NULL,NULL,'2025-10-02 01:33:08','2025-10-02 01:33:08',NULL,NULL),(194,84,'ORD-94928968',403.81,25.37,72.69,356.49,'1','USD',1.000000,429.18,1,2,NULL,63,'Ipsum voluptates vero iusto sunt temporibus est molestiae.',NULL,NULL,'2025-10-02 01:33:08','2025-10-02 01:33:09',NULL,NULL),(195,85,'ORD-95069638',237.35,20.93,0.00,258.28,'4','USD',1.000000,258.28,2,2,NULL,64,'Natus quaerat sed voluptates et sequi aperiam fuga.',NULL,NULL,'2025-10-02 01:33:08','2025-10-02 01:33:08',NULL,NULL),(196,86,'ORD-51786399',1959.42,47.21,0.00,2006.63,'2','USD',1.000000,2006.63,2,2,NULL,65,'Molestiae maxime beatae totam ex qui omnis.',NULL,NULL,'2025-10-02 01:33:08','2025-10-02 01:33:08',NULL,NULL),(197,86,'ORD-22520074',1271.82,20.68,0.00,1292.50,'1','USD',1.000000,1292.50,1,2,NULL,65,'Rem mollitia vero blanditiis laborum quia.',NULL,NULL,'2025-10-02 01:33:08','2025-10-02 01:33:08',NULL,NULL),(198,86,'ORD-40279434',1979.18,14.14,0.00,1993.32,'1','USD',1.000000,1993.32,3,2,NULL,65,'Perspiciatis nesciunt ut repellat natus alias rem est.',NULL,NULL,'2025-10-02 01:33:08','2025-10-02 01:33:08',NULL,NULL),(199,87,'ORD-8441566',1284.22,46.73,0.00,1330.95,'2','USD',1.000000,1330.95,3,1,NULL,66,'Praesentium ab doloremque excepturi assumenda quia minima.',NULL,NULL,'2025-10-02 01:33:08','2025-10-02 01:33:08',NULL,NULL),(200,88,'ORD-48447892',1893.22,10.87,0.00,1904.09,'4','USD',1.000000,1904.09,3,2,NULL,67,'Ipsam ullam debitis et earum dolorum aspernatur magnam.',NULL,NULL,'2025-10-02 01:33:08','2025-10-02 01:33:08',NULL,NULL),(201,88,'ORD-64742915',645.46,37.93,0.00,683.39,'1','USD',1.000000,683.39,1,1,NULL,67,'Cum beatae tenetur ullam itaque id sequi.',NULL,NULL,'2025-10-02 01:33:08','2025-10-02 01:33:08',NULL,NULL),(202,88,'ORD-51673466',461.95,32.82,0.00,494.77,'1','USD',1.000000,494.77,1,2,NULL,67,'Ipsam animi consequatur consectetur quae.',NULL,NULL,'2025-10-02 01:33:08','2025-10-02 01:33:08',NULL,NULL),(203,89,'ORD-13472030',1847.62,19.62,0.00,1867.24,'3','USD',1.000000,1867.24,2,2,NULL,68,'Quia numquam voluptatem officiis mollitia quaerat sunt.',NULL,NULL,'2025-10-02 01:33:08','2025-10-02 01:33:08',NULL,NULL),(204,89,'ORD-41983621',1391.42,16.57,0.00,1407.99,'4','USD',1.000000,1407.99,2,1,NULL,68,'Deleniti vitae temporibus odio.',NULL,NULL,'2025-10-02 01:33:08','2025-10-02 01:33:08',NULL,NULL),(205,89,'ORD-74578664',772.46,13.22,0.00,785.68,'2','USD',1.000000,785.68,1,2,NULL,68,'Rerum odio sequi maxime officiis quasi quis laboriosam exercitationem.',NULL,NULL,'2025-10-02 01:33:08','2025-10-02 01:33:08',NULL,NULL),(206,90,'ORD-48548944',1542.08,20.94,0.00,1563.02,'1','USD',1.000000,1563.02,1,2,NULL,69,'Magnam delectus aut sit et et quia.',NULL,NULL,'2025-10-02 01:33:08','2025-10-02 01:33:08',NULL,NULL),(207,90,'ORD-78818592',837.97,43.30,0.00,881.27,'4','USD',1.000000,881.27,3,2,NULL,69,'Fuga voluptatum perspiciatis illum enim.',NULL,NULL,'2025-10-02 01:33:08','2025-10-02 01:33:08',NULL,NULL),(208,90,'ORD-91491029',1303.11,30.29,0.00,1333.40,'3','USD',1.000000,1333.40,1,1,NULL,69,'Beatae consequuntur reiciendis voluptatibus iusto est.',NULL,NULL,'2025-10-02 01:33:08','2025-10-02 01:33:08',NULL,NULL),(209,91,'ORD-49348637',930.15,13.60,0.00,943.75,'4','USD',1.000000,943.75,1,1,NULL,70,'Doloribus quae quisquam reprehenderit officiis ut autem rerum facilis.',NULL,NULL,'2025-10-02 01:33:08','2025-10-02 01:33:08',NULL,NULL),(210,92,'ORD-3100228',1575.06,30.64,0.00,1605.70,'4','USD',1.000000,1605.70,1,2,NULL,71,'Velit et et officia non.',NULL,NULL,'2025-10-02 01:33:08','2025-10-02 01:33:08',NULL,NULL),(211,93,'ORD-20387931',143.63,26.55,0.00,170.18,'1','USD',1.000000,170.18,2,1,NULL,72,'Ut expedita corrupti aspernatur aliquam aperiam sit eligendi.',NULL,NULL,'2025-10-02 01:33:08','2025-10-02 01:33:08',NULL,NULL),(212,94,'ORD-33720129',1102.69,36.88,0.00,1139.57,'2','USD',1.000000,1139.57,2,1,NULL,73,'Nulla similique est commodi consectetur ea deleniti.',NULL,NULL,'2025-10-02 01:33:08','2025-10-02 01:33:08',NULL,NULL),(213,94,'ORD-77557592',1289.70,23.76,0.00,1313.46,'1','USD',1.000000,1313.46,3,1,NULL,73,'Ratione magnam minus repudiandae veniam.',NULL,NULL,'2025-10-02 01:33:08','2025-10-02 01:33:08',NULL,NULL),(214,94,'ORD-48053384',1912.76,46.79,0.00,1959.55,'1','USD',1.000000,1959.55,1,2,NULL,73,'Aut voluptatem sit et perspiciatis iste molestiae et.',NULL,NULL,'2025-10-02 01:33:08','2025-10-02 01:33:08',NULL,NULL),(215,94,'ORD-5427098',1580.60,30.60,0.00,1611.20,'1','USD',1.000000,1611.20,2,1,NULL,73,'Ducimus in ut rerum ut sed deserunt ullam.',NULL,NULL,'2025-10-02 01:33:08','2025-10-02 01:33:08',NULL,NULL),(216,94,'ORD-63052697',513.24,15.53,0.00,528.77,'4','USD',1.000000,528.77,3,1,NULL,73,'Eos officia velit sed asperiores est hic illo esse.',NULL,NULL,'2025-10-02 01:33:08','2025-10-02 01:33:08',NULL,NULL),(217,95,'ORD-12095673',1380.47,39.81,0.00,1420.28,'4','USD',1.000000,1420.28,3,2,NULL,74,'Ad nostrum quia qui.',NULL,NULL,'2025-10-02 01:33:08','2025-10-02 01:33:08',NULL,NULL),(218,95,'ORD-30380247',1995.72,38.18,0.00,2033.90,'3','USD',1.000000,2033.90,1,2,NULL,74,'Explicabo animi optio dolor consequatur voluptates eaque ut.',NULL,NULL,'2025-10-02 01:33:08','2025-10-02 01:33:08',NULL,NULL),(219,95,'ORD-49727718',1618.89,46.49,0.00,1665.38,'4','USD',1.000000,1665.38,2,1,NULL,74,'Voluptatem molestiae possimus recusandae aut iure impedit sit.',NULL,NULL,'2025-10-02 01:33:08','2025-10-02 01:33:08',NULL,NULL),(220,95,'ORD-21349941',603.72,37.73,0.00,641.45,'4','USD',1.000000,641.45,3,1,NULL,74,'Rem dolore inventore eius impedit.',NULL,NULL,'2025-10-02 01:33:08','2025-10-02 01:33:08',NULL,NULL),(221,95,'ORD-61249973',748.09,48.88,0.00,796.97,'1','USD',1.000000,796.97,1,1,NULL,74,'Tempore omnis doloremque veritatis iure.',NULL,NULL,'2025-10-02 01:33:08','2025-10-02 01:33:08',NULL,NULL),(222,96,'ORD-26085162',1378.90,16.24,0.00,1395.14,'4','USD',1.000000,1395.14,3,2,NULL,75,'Nobis voluptate vel hic facilis dolores fugiat.',NULL,NULL,'2025-10-02 01:33:08','2025-10-02 01:33:08',NULL,NULL),(223,97,'ORD-73435921',816.37,21.56,0.00,837.93,'2','USD',1.000000,837.93,3,1,NULL,76,'Minus et aliquam sunt et sit.',NULL,NULL,'2025-10-02 01:33:08','2025-10-02 01:33:08',NULL,NULL),(224,97,'ORD-63181649',697.53,31.54,125.56,603.51,'3','USD',1.000000,729.07,3,2,NULL,76,'Dolor corrupti nisi enim sunt dolores.',NULL,NULL,'2025-10-02 01:33:08','2025-10-02 01:33:09',NULL,NULL),(225,97,'ORD-19387519',843.03,48.73,0.00,891.76,'3','USD',1.000000,891.76,1,1,NULL,76,'Ducimus delectus temporibus consectetur dolores placeat.',NULL,NULL,'2025-10-02 01:33:08','2025-10-02 01:33:08',NULL,NULL),(226,98,'ORD-16535670',981.54,20.83,0.00,1002.37,'1','USD',1.000000,1002.37,2,2,NULL,77,'Voluptatem sed nihil ut praesentium molestiae.',NULL,NULL,'2025-10-02 01:33:08','2025-10-02 01:33:08',NULL,NULL),(227,98,'ORD-5648079',1284.04,39.80,0.00,1323.84,'1','USD',1.000000,1323.84,1,1,NULL,77,'Est asperiores laborum ipsa sit maxime voluptatibus repudiandae.',NULL,NULL,'2025-10-02 01:33:08','2025-10-02 01:33:08',NULL,NULL),(228,99,'ORD-41220081',1871.50,47.75,0.00,1919.25,'2','USD',1.000000,1919.25,1,1,NULL,78,'Hic et eum consequatur distinctio illum.',NULL,NULL,'2025-10-02 01:33:08','2025-10-02 01:33:08',NULL,NULL),(229,99,'ORD-71084679',1760.97,7.26,0.00,1768.23,'2','USD',1.000000,1768.23,2,2,NULL,78,'Illo enim consequatur aut ut magnam in architecto est.',NULL,NULL,'2025-10-02 01:33:08','2025-10-02 01:33:08',NULL,NULL),(230,99,'ORD-45522772',374.68,41.39,0.00,416.07,'2','USD',1.000000,416.07,2,2,NULL,78,'Quia illum aut nisi quasi officia magnam eum.',NULL,NULL,'2025-10-02 01:33:08','2025-10-02 01:33:08',NULL,NULL),(231,99,'ORD-74639472',960.31,8.28,0.00,968.59,'4','USD',1.000000,968.59,1,2,NULL,78,'Quibusdam laborum modi recusandae molestias atque eos sed dolorum.',NULL,NULL,'2025-10-02 01:33:08','2025-10-02 01:33:08',NULL,NULL),(232,100,'ORD-18192437',1042.19,33.69,406.45,669.43,'2','USD',1.000000,1075.88,3,2,NULL,79,'Enim iusto ratione incidunt.',NULL,NULL,'2025-10-02 01:33:08','2025-10-02 01:33:09',NULL,NULL),(233,101,'ORD-35382639',1107.85,12.07,0.00,1119.92,'3','USD',1.000000,1119.92,3,2,NULL,80,'Et quo maiores ullam quia.',NULL,NULL,'2025-10-02 01:33:08','2025-10-02 01:33:08',NULL,NULL),(234,101,'ORD-20184771',755.27,37.44,0.00,792.71,'4','USD',1.000000,792.71,3,1,NULL,80,'Minima officia aliquam ipsa placeat modi voluptate.',NULL,NULL,'2025-10-02 01:33:08','2025-10-02 01:33:08',NULL,NULL),(235,101,'ORD-10795259',959.61,30.04,0.00,989.65,'4','USD',1.000000,989.65,2,1,NULL,80,'At ratione aut qui alias dolor.',NULL,NULL,'2025-10-02 01:33:08','2025-10-02 01:33:08',NULL,NULL),(236,101,'ORD-6770362',947.53,10.29,0.00,957.82,'1','USD',1.000000,957.82,1,2,NULL,80,'Expedita magnam repellendus suscipit pariatur eveniet temporibus iusto.',NULL,NULL,'2025-10-02 01:33:08','2025-10-02 01:33:08',NULL,NULL),(237,101,'ORD-1174283',1988.02,41.81,0.00,2029.83,'4','USD',1.000000,2029.83,1,2,NULL,80,'Ea tempore rerum omnis quos.',NULL,NULL,'2025-10-02 01:33:08','2025-10-02 01:33:08',NULL,NULL),(238,102,'ORD-4817200',947.44,24.21,0.00,971.65,'4','USD',1.000000,971.65,1,1,NULL,81,'Odio quia aliquid vitae ea nemo dolor.',NULL,NULL,'2025-10-02 01:33:08','2025-10-02 01:33:08',NULL,NULL),(239,103,'ORD-33134697',778.15,37.23,0.00,815.38,'4','USD',1.000000,815.38,3,2,NULL,82,'Quam facilis facilis sed aut.',NULL,NULL,'2025-10-02 01:33:08','2025-10-02 01:33:08',NULL,NULL),(240,103,'ORD-58188310',532.38,22.22,0.00,554.60,'2','USD',1.000000,554.60,2,2,NULL,82,'Molestias explicabo nobis delectus a est perferendis.',NULL,NULL,'2025-10-02 01:33:08','2025-10-02 01:33:08',NULL,NULL),(241,103,'ORD-52545988',137.47,26.53,0.00,164.00,'2','USD',1.000000,164.00,1,1,NULL,82,'Nostrum odio ut et excepturi veritatis.',NULL,NULL,'2025-10-02 01:33:08','2025-10-02 01:33:08',NULL,NULL),(242,103,'ORD-61719073',378.59,33.54,0.00,412.13,'2','USD',1.000000,412.13,3,1,NULL,82,'Maiores aspernatur a reprehenderit magni iure quaerat dolor.',NULL,NULL,'2025-10-02 01:33:08','2025-10-02 01:33:08',NULL,NULL),(243,103,'ORD-48058471',858.39,26.79,0.00,885.18,'1','USD',1.000000,885.18,2,2,NULL,82,'Eum facilis sint nobis voluptatum.',NULL,NULL,'2025-10-02 01:33:08','2025-10-02 01:33:08',NULL,NULL),(244,104,'ORD-67855031',1578.98,6.25,0.00,1585.23,'2','USD',1.000000,1585.23,2,2,NULL,83,'Sit hic dignissimos eius impedit ut nihil nihil voluptas.',NULL,NULL,'2025-10-02 01:33:08','2025-10-02 01:33:08',NULL,NULL),(245,104,'ORD-15935676',272.07,37.85,0.00,309.92,'3','USD',1.000000,309.92,1,1,NULL,83,'Voluptatem nobis qui in.',NULL,NULL,'2025-10-02 01:33:08','2025-10-02 01:33:08',NULL,NULL),(246,104,'ORD-52054370',420.72,25.99,0.00,446.71,'2','USD',1.000000,446.71,3,2,NULL,83,'Tempore ab ea cumque expedita.',NULL,NULL,'2025-10-02 01:33:08','2025-10-02 01:33:08',NULL,NULL),(247,104,'ORD-46494750',418.35,26.33,0.00,444.68,'3','USD',1.000000,444.68,3,1,NULL,83,'Rerum delectus molestiae dolorem perspiciatis.',NULL,NULL,'2025-10-02 01:33:08','2025-10-02 01:33:08',NULL,NULL),(248,105,'ORD-9255735',834.08,23.63,0.00,857.71,'1','USD',1.000000,857.71,3,1,NULL,84,'Adipisci dicta ipsum quo nulla aspernatur inventore.',NULL,NULL,'2025-10-02 01:33:08','2025-10-02 01:33:08',NULL,NULL),(249,105,'ORD-78871905',282.37,27.03,0.00,309.40,'4','USD',1.000000,309.40,3,2,NULL,84,'Quisquam dolor minus et rem explicabo et maxime.',NULL,NULL,'2025-10-02 01:33:08','2025-10-02 01:33:08',NULL,NULL),(250,106,'ORD-96036433',1061.86,5.80,0.00,1067.66,'2','USD',1.000000,1067.66,3,1,NULL,85,'Cupiditate quidem aspernatur eos minus debitis in.',NULL,NULL,'2025-10-02 01:33:08','2025-10-02 01:33:08',NULL,NULL),(251,106,'ORD-96844529',824.79,11.92,0.00,836.71,'1','USD',1.000000,836.71,1,2,NULL,85,'Reiciendis sequi animi qui mollitia porro eaque.',NULL,NULL,'2025-10-02 01:33:08','2025-10-02 01:33:08',NULL,NULL),(252,106,'ORD-3509153',1161.48,6.37,0.00,1167.85,'4','USD',1.000000,1167.85,1,1,NULL,85,'Modi sunt ea possimus doloremque.',NULL,NULL,'2025-10-02 01:33:08','2025-10-02 01:33:08',NULL,NULL),(253,107,'ORD-28969632',1431.22,10.09,0.00,1441.31,'4','USD',1.000000,1441.31,3,2,NULL,86,'Omnis quae repudiandae error dignissimos.',NULL,NULL,'2025-10-02 01:33:08','2025-10-02 01:33:08',NULL,NULL),(254,107,'ORD-25735750',632.51,27.98,0.00,660.49,'3','USD',1.000000,660.49,3,2,NULL,86,'Omnis consequatur est ut iusto molestiae fuga quam.',NULL,NULL,'2025-10-02 01:33:08','2025-10-02 01:33:08',NULL,NULL),(255,107,'ORD-31179479',1253.73,38.65,0.00,1292.38,'4','USD',1.000000,1292.38,3,2,NULL,86,'Quisquam et neque blanditiis ipsam et ut.',NULL,NULL,'2025-10-02 01:33:08','2025-10-02 01:33:08',NULL,NULL),(256,107,'ORD-36747531',1138.19,48.20,63519.00,-62332.61,'1','USD',1.000000,1186.39,3,2,NULL,86,'Eos esse maxime quis praesentium sed.',NULL,NULL,'2025-10-02 01:33:08','2025-10-02 01:33:09',NULL,NULL),(257,107,'ORD-64521441',197.42,10.75,0.00,208.17,'4','USD',1.000000,208.17,2,1,NULL,86,'Incidunt illum dolor et in.',NULL,NULL,'2025-10-02 01:33:08','2025-10-02 01:33:08',NULL,NULL),(258,108,'ORD-64689048',1517.35,37.08,0.00,1554.43,'4','USD',1.000000,1554.43,3,1,NULL,87,'Minus rem ipsa totam qui hic maiores officia.',NULL,NULL,'2025-10-02 01:33:08','2025-10-02 01:33:08',NULL,NULL),(259,108,'ORD-40918327',1527.21,13.52,0.00,1540.73,'4','USD',1.000000,1540.73,2,1,NULL,87,'Ipsam doloribus a reprehenderit sed.',NULL,NULL,'2025-10-02 01:33:08','2025-10-02 01:33:08',NULL,NULL),(260,108,'ORD-3591843',482.30,6.53,0.00,488.83,'1','USD',1.000000,488.83,1,1,NULL,87,'Est laboriosam quo aut voluptate deleniti nesciunt possimus.',NULL,NULL,'2025-10-02 01:33:08','2025-10-02 01:33:08',NULL,NULL),(261,108,'ORD-10187774',227.72,35.92,0.00,263.64,'3','USD',1.000000,263.64,1,1,NULL,87,'Iste quidem quo modi voluptatibus.',NULL,NULL,'2025-10-02 01:33:08','2025-10-02 01:33:08',NULL,NULL),(262,109,'ORD-3800196',1297.18,11.35,0.00,1308.53,'3','USD',1.000000,1308.53,2,2,NULL,88,'Enim laborum explicabo perspiciatis.',NULL,NULL,'2025-10-02 01:33:08','2025-10-02 01:33:08',NULL,NULL),(263,110,'ORD-90741696',348.90,29.50,0.00,378.40,'4','USD',1.000000,378.40,3,1,NULL,89,'Soluta omnis omnis et.',NULL,NULL,'2025-10-02 01:33:08','2025-10-02 01:33:08',NULL,NULL),(264,110,'ORD-11588746',1730.40,20.83,0.00,1751.23,'3','USD',1.000000,1751.23,1,1,NULL,89,'Commodi nihil dolores esse nisi temporibus voluptate eos.',NULL,NULL,'2025-10-02 01:33:08','2025-10-02 01:33:08',NULL,NULL),(265,110,'ORD-82676433',1787.79,25.14,0.00,1812.93,'3','USD',1.000000,1812.93,2,2,NULL,89,'Occaecati laboriosam et vel tenetur ipsam laboriosam.',NULL,NULL,'2025-10-02 01:33:08','2025-10-02 01:33:08',NULL,NULL),(266,110,'ORD-2500479',1740.06,25.97,0.00,1766.03,'4','USD',1.000000,1766.03,1,2,NULL,89,'Iste voluptates atque qui hic ea ut modi.',NULL,NULL,'2025-10-02 01:33:08','2025-10-02 01:33:08',NULL,NULL),(267,111,'ORD-35955977',844.92,6.96,0.00,851.88,'4','USD',1.000000,851.88,3,2,NULL,90,'Consequatur omnis sequi non mollitia ea praesentium nisi.',NULL,NULL,'2025-10-02 01:33:08','2025-10-02 01:33:08',NULL,NULL),(268,112,'ORD-20569571',1954.72,18.20,0.00,1972.92,'2','USD',1.000000,1972.92,1,2,NULL,91,'Corporis et voluptas qui.',NULL,NULL,'2025-10-02 01:33:08','2025-10-02 01:33:08',NULL,NULL),(269,112,'ORD-20382128',734.71,22.74,0.00,757.45,'3','USD',1.000000,757.45,2,1,NULL,91,'Facere esse voluptas praesentium aut velit.',NULL,NULL,'2025-10-02 01:33:08','2025-10-02 01:33:08',NULL,NULL),(270,112,'ORD-2383284',1965.73,5.03,0.00,1970.76,'1','USD',1.000000,1970.76,2,1,NULL,91,'Molestiae omnis veniam voluptatem dolorem numquam iste ipsa.',NULL,NULL,'2025-10-02 01:33:08','2025-10-02 01:33:08',NULL,NULL),(271,112,'ORD-45555856',1262.74,19.18,0.00,1281.92,'3','USD',1.000000,1281.92,1,2,NULL,91,'Quia deleniti id maxime ducimus aut laborum qui animi.',NULL,NULL,'2025-10-02 01:33:08','2025-10-02 01:33:08',NULL,NULL),(272,112,'ORD-21061203',1640.57,35.18,0.00,1675.75,'4','USD',1.000000,1675.75,3,2,NULL,91,'Laborum eaque qui deleniti quam consequatur et non.',NULL,NULL,'2025-10-02 01:33:08','2025-10-02 01:33:08',NULL,NULL),(273,113,'ORD-25698408',444.92,25.88,0.00,470.80,'4','USD',1.000000,470.80,2,1,NULL,92,'Sunt consequatur aut nihil eum qui et.',NULL,NULL,'2025-10-02 01:33:08','2025-10-02 01:33:08',NULL,NULL),(274,113,'ORD-89298875',470.62,46.37,0.00,516.99,'2','USD',1.000000,516.99,1,2,NULL,92,'Enim illo esse unde excepturi est.',NULL,NULL,'2025-10-02 01:33:08','2025-10-02 01:33:08',NULL,NULL),(275,113,'ORD-67959466',229.39,19.63,0.00,249.02,'3','USD',1.000000,249.02,2,1,NULL,92,'Aut doloremque ad dolores corporis enim accusantium.',NULL,NULL,'2025-10-02 01:33:08','2025-10-02 01:33:08',NULL,NULL),(276,113,'ORD-73043496',1430.46,34.09,0.00,1464.55,'4','USD',1.000000,1464.55,2,1,NULL,92,'Ut et aliquid nihil odit ut.',NULL,NULL,'2025-10-02 01:33:08','2025-10-02 01:33:08',NULL,NULL),(277,114,'ORD-60445294',109.07,37.31,0.00,146.38,'3','USD',1.000000,146.38,1,2,NULL,93,'Voluptas iusto sunt laboriosam voluptas quo assumenda nemo.',NULL,NULL,'2025-10-02 01:33:08','2025-10-02 01:33:08',NULL,NULL),(278,115,'ORD-79968043',206.42,22.65,0.00,229.07,'1','USD',1.000000,229.07,2,2,NULL,94,'Sed ut vel sint qui aut.',NULL,NULL,'2025-10-02 01:33:08','2025-10-02 01:33:08',NULL,NULL),(279,115,'ORD-15973433',1467.67,38.40,0.00,1506.07,'1','USD',1.000000,1506.07,1,1,NULL,94,'Enim voluptatum et omnis quasi.',NULL,NULL,'2025-10-02 01:33:08','2025-10-02 01:33:08',NULL,NULL),(280,115,'ORD-89676866',925.46,8.39,0.00,933.85,'3','USD',1.000000,933.85,3,1,NULL,94,'Quam voluptatum accusamus et totam nulla velit molestias.',NULL,NULL,'2025-10-02 01:33:08','2025-10-02 01:33:08',NULL,NULL),(281,116,'ORD-32257050',140.18,36.04,0.00,176.22,'3','USD',1.000000,176.22,1,2,NULL,95,'Illo sit laboriosam ad est velit.',NULL,NULL,'2025-10-02 01:33:08','2025-10-02 01:33:08',NULL,NULL),(282,116,'ORD-33069742',1635.80,33.74,0.00,1669.54,'3','USD',1.000000,1669.54,3,2,NULL,95,'Quia consequatur nulla blanditiis possimus.',NULL,NULL,'2025-10-02 01:33:08','2025-10-02 01:33:08',NULL,NULL),(283,116,'ORD-88413815',1421.40,44.07,0.00,1465.47,'3','USD',1.000000,1465.47,2,2,NULL,95,'Earum et doloribus id inventore quam ea.',NULL,NULL,'2025-10-02 01:33:08','2025-10-02 01:33:08',NULL,NULL),(284,116,'ORD-26364422',1700.80,46.79,0.00,1747.59,'1','USD',1.000000,1747.59,3,2,NULL,95,'Ipsam autem sed exercitationem error.',NULL,NULL,'2025-10-02 01:33:08','2025-10-02 01:33:08',NULL,NULL),(285,116,'ORD-52962385',1736.80,20.92,0.00,1757.72,'3','USD',1.000000,1757.72,3,2,NULL,95,'Corrupti autem pariatur deserunt enim.',NULL,NULL,'2025-10-02 01:33:08','2025-10-02 01:33:08',NULL,NULL),(286,117,'ORD-20450577',1431.33,35.65,0.00,1466.98,'4','USD',1.000000,1466.98,2,2,NULL,96,'Ad porro sint dolorem eaque.',NULL,NULL,'2025-10-02 01:33:08','2025-10-02 01:33:08',NULL,NULL),(287,117,'ORD-64882329',735.35,10.28,0.00,745.63,'3','USD',1.000000,745.63,2,2,NULL,96,'Dignissimos maiores dolorem minima sunt cupiditate expedita.',NULL,NULL,'2025-10-02 01:33:08','2025-10-02 01:33:08',NULL,NULL),(288,117,'ORD-88864400',1920.54,21.23,0.00,1941.77,'1','USD',1.000000,1941.77,1,1,NULL,96,'Molestias qui consequatur culpa aut quis.',NULL,NULL,'2025-10-02 01:33:08','2025-10-02 01:33:08',NULL,NULL),(289,118,'ORD-53827496',1167.87,24.46,0.00,1192.33,'4','USD',1.000000,1192.33,1,1,NULL,97,'Placeat possimus officiis voluptas et iste soluta id.',NULL,NULL,'2025-10-02 01:33:08','2025-10-02 01:33:08',NULL,NULL),(290,119,'ORD-17392251',1958.10,33.23,0.00,1991.33,'3','USD',1.000000,1991.33,3,1,NULL,98,'Praesentium in dicta rerum sapiente.',NULL,NULL,'2025-10-02 01:33:08','2025-10-02 01:33:08',NULL,NULL),(291,119,'ORD-81925858',1390.60,23.18,250.31,1163.47,'1','USD',1.000000,1413.78,1,2,NULL,98,'Qui qui delectus ut quaerat ratione omnis.',NULL,NULL,'2025-10-02 01:33:08','2025-10-02 01:33:09',NULL,NULL),(292,119,'ORD-57451088',288.04,21.17,0.00,309.21,'1','USD',1.000000,309.21,1,1,NULL,98,'Doloribus ducimus exercitationem deleniti esse accusantium et similique.',NULL,NULL,'2025-10-02 01:33:08','2025-10-02 01:33:08',NULL,NULL),(293,119,'ORD-10506357',133.62,34.72,0.00,168.34,'1','USD',1.000000,168.34,1,2,NULL,98,'Dolor voluptatum reiciendis omnis aspernatur esse omnis qui.',NULL,NULL,'2025-10-02 01:33:08','2025-10-02 01:33:08',NULL,NULL),(294,119,'ORD-15802797',1329.35,34.73,0.00,1364.08,'1','USD',1.000000,1364.08,3,1,NULL,98,'Eos molestiae qui hic animi culpa qui.',NULL,NULL,'2025-10-02 01:33:08','2025-10-02 01:33:08',NULL,NULL),(295,120,'ORD-46438217',282.25,15.84,0.00,298.09,'2','USD',1.000000,298.09,3,2,NULL,99,'Reiciendis sed voluptatibus et fuga cum.',NULL,NULL,'2025-10-02 01:33:08','2025-10-02 01:33:08',NULL,NULL),(296,120,'ORD-18832256',1351.13,40.87,0.00,1392.00,'1','USD',1.000000,1392.00,1,1,NULL,99,'Et minima dolorum excepturi delectus voluptate impedit dolores sint.',NULL,NULL,'2025-10-02 01:33:08','2025-10-02 01:33:08',NULL,NULL),(297,120,'ORD-69376588',386.98,12.14,0.00,399.12,'3','USD',1.000000,399.12,3,2,NULL,99,'Eaque totam tempora velit nihil sed veniam.',NULL,NULL,'2025-10-02 01:33:08','2025-10-02 01:33:08',NULL,NULL),(298,121,'ORD-18992422',1271.99,26.00,0.00,1297.99,'1','USD',1.000000,1297.99,2,2,NULL,100,'Voluptas ut et sunt nihil quia.',NULL,NULL,'2025-10-02 01:33:08','2025-10-02 01:33:08',NULL,NULL);
/*!40000 ALTER TABLE `orders` ENABLE KEYS */;
UNLOCK TABLES;

--
-- Table structure for table `password_reset_tokens`
--

DROP TABLE IF EXISTS `password_reset_tokens`;
/*!40101 SET @saved_cs_client     = @@character_set_client */;
/*!50503 SET character_set_client = utf8mb4 */;
CREATE TABLE `password_reset_tokens` (
  `email` varchar(255) NOT NULL,
  `token` varchar(255) NOT NULL,
  `created_at` timestamp NULL DEFAULT NULL,
  PRIMARY KEY (`email`)
) ENGINE=InnoDB DEFAULT CHARSET=utf8mb4 COLLATE=utf8mb4_unicode_ci;
/*!40101 SET character_set_client = @saved_cs_client */;

--
-- Dumping data for table `password_reset_tokens`
--

LOCK TABLES `password_reset_tokens` WRITE;
/*!40000 ALTER TABLE `password_reset_tokens` DISABLE KEYS */;
/*!40000 ALTER TABLE `password_reset_tokens` ENABLE KEYS */;
UNLOCK TABLES;

--
-- Table structure for table `permission_role`
--

DROP TABLE IF EXISTS `permission_role`;
/*!40101 SET @saved_cs_client     = @@character_set_client */;
/*!50503 SET character_set_client = utf8mb4 */;
CREATE TABLE `permission_role` (
  `permission_id` bigint(20) unsigned NOT NULL,
  `role_id` bigint(20) unsigned NOT NULL,
  PRIMARY KEY (`permission_id`,`role_id`),
  KEY `permission_role_role_id_foreign` (`role_id`),
  CONSTRAINT `permission_role_permission_id_foreign` FOREIGN KEY (`permission_id`) REFERENCES `permissions` (`id`) ON DELETE CASCADE,
  CONSTRAINT `permission_role_role_id_foreign` FOREIGN KEY (`role_id`) REFERENCES `roles` (`id`) ON DELETE CASCADE
) ENGINE=InnoDB DEFAULT CHARSET=utf8mb4 COLLATE=utf8mb4_unicode_ci;
/*!40101 SET character_set_client = @saved_cs_client */;

--
-- Dumping data for table `permission_role`
--

LOCK TABLES `permission_role` WRITE;
/*!40000 ALTER TABLE `permission_role` DISABLE KEYS */;
INSERT INTO `permission_role` VALUES (1,1),(2,1),(3,1),(4,1),(5,1),(6,1),(6,2),(7,1),(7,2),(8,1),(8,2),(9,1),(9,2),(10,1),(10,2),(11,1),(11,2),(12,1),(12,2),(13,1),(13,2),(14,1),(15,1),(16,1),(16,2),(17,1),(18,1),(19,1);
/*!40000 ALTER TABLE `permission_role` ENABLE KEYS */;
UNLOCK TABLES;

--
-- Table structure for table `permissions`
--

DROP TABLE IF EXISTS `permissions`;
/*!40101 SET @saved_cs_client     = @@character_set_client */;
/*!50503 SET character_set_client = utf8mb4 */;
CREATE TABLE `permissions` (
  `id` bigint(20) unsigned NOT NULL AUTO_INCREMENT,
  `name` varchar(255) NOT NULL,
  `description` varchar(255) DEFAULT NULL,
  `created_at` timestamp NULL DEFAULT NULL,
  `updated_at` timestamp NULL DEFAULT NULL,
  PRIMARY KEY (`id`),
  UNIQUE KEY `permissions_name_unique` (`name`)
) ENGINE=InnoDB AUTO_INCREMENT=20 DEFAULT CHARSET=utf8mb4 COLLATE=utf8mb4_unicode_ci;
/*!40101 SET character_set_client = @saved_cs_client */;

--
-- Dumping data for table `permissions`
--

LOCK TABLES `permissions` WRITE;
/*!40000 ALTER TABLE `permissions` DISABLE KEYS */;
INSERT INTO `permissions` VALUES (1,'manage_users',NULL,'2025-10-02 01:33:03','2025-10-02 01:33:03'),(2,'view_users',NULL,'2025-10-02 01:33:03','2025-10-02 01:33:03'),(3,'create_users',NULL,'2025-10-02 01:33:03','2025-10-02 01:33:03'),(4,'edit_users',NULL,'2025-10-02 01:33:03','2025-10-02 01:33:03'),(5,'delete_users',NULL,'2025-10-02 01:33:03','2025-10-02 01:33:03'),(6,'manage_products',NULL,'2025-10-02 01:33:03','2025-10-02 01:33:03'),(7,'view_products',NULL,'2025-10-02 01:33:03','2025-10-02 01:33:03'),(8,'create_products',NULL,'2025-10-02 01:33:03','2025-10-02 01:33:03'),(9,'edit_products',NULL,'2025-10-02 01:33:03','2025-10-02 01:33:03'),(10,'delete_products',NULL,'2025-10-02 01:33:03','2025-10-02 01:33:03'),(11,'manage_orders',NULL,'2025-10-02 01:33:03','2025-10-02 01:33:03'),(12,'view_orders',NULL,'2025-10-02 01:33:03','2025-10-02 01:33:03'),(13,'edit_orders',NULL,'2025-10-02 01:33:03','2025-10-02 01:33:03'),(14,'manage_categories',NULL,'2025-10-02 01:33:03','2025-10-02 01:33:03'),(15,'manage_brands',NULL,'2025-10-02 01:33:03','2025-10-02 01:33:03'),(16,'view_dashboard',NULL,'2025-10-02 01:33:03','2025-10-02 01:33:03'),(17,'manage_settings',NULL,'2025-10-02 01:33:03','2025-10-02 01:33:03'),(18,'manage_promotions',NULL,'2025-10-02 01:33:03','2025-10-02 01:33:03'),(19,'manage_disputes',NULL,'2025-10-02 01:33:03','2025-10-02 01:33:03');
/*!40000 ALTER TABLE `permissions` ENABLE KEYS */;
UNLOCK TABLES;

--
-- Table structure for table `product_images`
--

DROP TABLE IF EXISTS `product_images`;
/*!40101 SET @saved_cs_client     = @@character_set_client */;
/*!50503 SET character_set_client = utf8mb4 */;
CREATE TABLE `product_images` (
  `image_id` bigint(20) unsigned NOT NULL AUTO_INCREMENT,
  `product_id` bigint(20) unsigned NOT NULL,
  `image_url` varchar(500) NOT NULL,
  `alt_text` varchar(200) DEFAULT NULL,
  `is_primary` tinyint(1) NOT NULL DEFAULT 0,
  `display_order` int(11) NOT NULL DEFAULT 0,
  `created_at` timestamp NULL DEFAULT NULL,
  `updated_at` timestamp NULL DEFAULT NULL,
  PRIMARY KEY (`image_id`),
  KEY `product_images_product_id_foreign` (`product_id`),
  CONSTRAINT `product_images_product_id_foreign` FOREIGN KEY (`product_id`) REFERENCES `products` (`product_id`) ON DELETE CASCADE
) ENGINE=InnoDB AUTO_INCREMENT=402 DEFAULT CHARSET=utf8mb4 COLLATE=utf8mb4_unicode_ci;
/*!40101 SET character_set_client = @saved_cs_client */;

--
-- Dumping data for table `product_images`
--

LOCK TABLES `product_images` WRITE;
/*!40000 ALTER TABLE `product_images` DISABLE KEYS */;
INSERT INTO `product_images` VALUES (1,1,'https://picsum.photos/seed/06525ced-d6fe-3af4-ac0e-2431aad216a9/800/800','Rerum et est.',1,5,'2025-10-02 01:33:05','2025-10-02 01:33:05'),(2,1,'https://picsum.photos/seed/2bfce04b-8a30-3d49-852b-c1f1de6d10e0/800/800','Suscipit ab ut sed.',0,4,'2025-10-02 01:33:05','2025-10-02 01:33:05'),(3,1,'https://picsum.photos/seed/ba5fa6d7-fc05-3ac3-a6ca-fd00751190a6/800/800','Voluptas aut.',0,9,'2025-10-02 01:33:05','2025-10-02 01:33:05'),(4,2,'https://picsum.photos/seed/931cba33-3a02-3345-a446-1ae2f45e1076/800/800','Ex ex dolor explicabo.',1,9,'2025-10-02 01:33:05','2025-10-02 01:33:05'),(5,2,'https://picsum.photos/seed/8ca2ad77-df1d-3316-b461-fc05c64b20e7/800/800','Fugit doloribus sunt.',0,5,'2025-10-02 01:33:05','2025-10-02 01:33:05'),(6,2,'https://picsum.photos/seed/6da4a22c-0bce-3921-8790-e11b834c359d/800/800','Repellat maiores et.',0,9,'2025-10-02 01:33:05','2025-10-02 01:33:05'),(7,2,'https://picsum.photos/seed/d9ab4396-4e6f-35df-b654-6595367868e8/800/800','Illo maiores odio.',0,9,'2025-10-02 01:33:05','2025-10-02 01:33:05'),(8,2,'https://picsum.photos/seed/080fe8e7-6338-3d6a-873f-1150eeb52971/800/800','Iusto et eius.',0,8,'2025-10-02 01:33:05','2025-10-02 01:33:05'),(9,3,'https://picsum.photos/seed/1921552a-7c12-3185-aa33-435c75803566/800/800','Quod asperiores quia.',1,10,'2025-10-02 01:33:05','2025-10-02 01:33:05'),(10,3,'https://picsum.photos/seed/21130c95-f96b-30b4-869d-ac5ea20cc1e6/800/800','Debitis earum voluptatem vero.',0,5,'2025-10-02 01:33:05','2025-10-02 01:33:05'),(11,3,'https://picsum.photos/seed/78d09aae-34f2-3722-b0dc-cf111955cb71/800/800','Ratione hic dolorem.',0,8,'2025-10-02 01:33:05','2025-10-02 01:33:05'),(12,3,'https://picsum.photos/seed/aea7eec4-ca60-335a-aa13-dfd18ff0609a/800/800','Asperiores ut veniam et.',0,4,'2025-10-02 01:33:05','2025-10-02 01:33:05'),(13,4,'https://picsum.photos/seed/23098b03-a515-3c7e-981f-da8ae66069bf/800/800','Aut et accusantium.',1,10,'2025-10-02 01:33:05','2025-10-02 01:33:05'),(14,4,'https://picsum.photos/seed/58ace557-a400-352f-9201-d1bd44fed885/800/800','Quos cumque.',0,1,'2025-10-02 01:33:05','2025-10-02 01:33:05'),(15,4,'https://picsum.photos/seed/1c5439b2-6828-3ef2-bdce-08396528f3aa/800/800','Eos rerum officiis qui reiciendis.',0,8,'2025-10-02 01:33:05','2025-10-02 01:33:05'),(16,5,'https://picsum.photos/seed/463e9256-9051-3934-be16-4c5d3f1f7a60/800/800','Perferendis aut.',1,9,'2025-10-02 01:33:05','2025-10-02 01:33:05'),(17,5,'https://picsum.photos/seed/08b00446-f021-3559-af69-5aa935dd331d/800/800','Impedit excepturi vitae.',0,10,'2025-10-02 01:33:05','2025-10-02 01:33:05'),(18,5,'https://picsum.photos/seed/e58632ac-4fcf-3734-928c-cd1d96759495/800/800','Ratione aut nam.',0,2,'2025-10-02 01:33:05','2025-10-02 01:33:05'),(19,6,'https://picsum.photos/seed/24b8f8e2-561b-3ddc-aba5-1f01869dacab/800/800','Ut autem quae accusamus.',1,2,'2025-10-02 01:33:05','2025-10-02 01:33:05'),(20,6,'https://picsum.photos/seed/fa05ede7-289e-36c6-a609-7dccee4191d3/800/800','Fugit quae itaque.',0,4,'2025-10-02 01:33:05','2025-10-02 01:33:05'),(21,6,'https://picsum.photos/seed/f538d7a2-6409-3b01-a72c-1c5627c0fd13/800/800','Laudantium dolorem exercitationem sed.',0,8,'2025-10-02 01:33:05','2025-10-02 01:33:05'),(22,6,'https://picsum.photos/seed/16ddb658-e447-3389-992c-147b444f42cf/800/800','Assumenda repellendus expedita officia.',0,9,'2025-10-02 01:33:05','2025-10-02 01:33:05'),(23,7,'https://picsum.photos/seed/a0a3705c-2f7c-3bee-b7e7-00edf6d8edb0/800/800','Ut dolor consequatur.',1,4,'2025-10-02 01:33:05','2025-10-02 01:33:05'),(24,7,'https://picsum.photos/seed/d395a25e-e026-3eb8-a0b6-3d32a5b6aa04/800/800','Repudiandae nisi voluptates neque.',0,10,'2025-10-02 01:33:05','2025-10-02 01:33:05'),(25,7,'https://picsum.photos/seed/fbfde49a-06dd-3935-b39b-1592afb0d602/800/800','Illo nihil explicabo.',0,3,'2025-10-02 01:33:05','2025-10-02 01:33:05'),(26,7,'https://picsum.photos/seed/ebd9e336-b982-3d4e-abb2-88b853cbd2e6/800/800','Quia voluptatem dolorum necessitatibus.',0,7,'2025-10-02 01:33:05','2025-10-02 01:33:05'),(27,8,'https://picsum.photos/seed/474d9aa9-e5b5-3702-b1e5-8b001b7bb2c4/800/800','Ut vel qui autem quasi.',1,7,'2025-10-02 01:33:05','2025-10-02 01:33:05'),(28,8,'https://picsum.photos/seed/40805012-2169-3381-826b-26f149eb4ed7/800/800','Et suscipit quis voluptas.',0,9,'2025-10-02 01:33:05','2025-10-02 01:33:05'),(29,8,'https://picsum.photos/seed/bc25d662-705e-308d-9658-1f2956f36809/800/800','Dolore quisquam dicta eum.',0,9,'2025-10-02 01:33:05','2025-10-02 01:33:05'),(30,9,'https://picsum.photos/seed/48cf2826-8832-3138-a539-273348b40164/800/800','Cumque totam.',1,10,'2025-10-02 01:33:05','2025-10-02 01:33:05'),(31,9,'https://picsum.photos/seed/8cc4608a-16b0-307e-ab0d-385e7f996bf3/800/800','Voluptas doloremque.',0,6,'2025-10-02 01:33:05','2025-10-02 01:33:05'),(32,9,'https://picsum.photos/seed/ccb22951-586e-3184-979c-c0f7bc2da589/800/800','Cupiditate quisquam et.',0,3,'2025-10-02 01:33:05','2025-10-02 01:33:05'),(33,10,'https://picsum.photos/seed/ddf232b4-7a5f-3a7e-8757-d4b54bf4c3b0/800/800','Voluptatem error maxime quo.',1,9,'2025-10-02 01:33:05','2025-10-02 01:33:05'),(34,10,'https://picsum.photos/seed/d63d17d4-6023-3445-b08c-4615b4efb973/800/800','Optio aut ad.',0,7,'2025-10-02 01:33:05','2025-10-02 01:33:05'),(35,10,'https://picsum.photos/seed/78e72f1d-a722-3ed9-9bb1-09b43bf5dc7e/800/800','A illo.',0,3,'2025-10-02 01:33:05','2025-10-02 01:33:05'),(36,10,'https://picsum.photos/seed/a6d05910-07b8-3a3e-ace5-8a8f09a6792a/800/800','Ducimus fuga consectetur.',0,7,'2025-10-02 01:33:05','2025-10-02 01:33:05'),(37,11,'https://picsum.photos/seed/31c2fdd7-af0d-3b1e-81cd-8a12eef079f8/800/800','Ad eum delectus.',1,4,'2025-10-02 01:33:05','2025-10-02 01:33:05'),(38,11,'https://picsum.photos/seed/68ac9753-dca2-3515-b2a4-92aa30532b7d/800/800','Rerum cum animi.',0,6,'2025-10-02 01:33:05','2025-10-02 01:33:05'),(39,11,'https://picsum.photos/seed/57de8476-5537-39d3-ab3d-4161e94b58b4/800/800','Pariatur eum consequatur.',0,10,'2025-10-02 01:33:05','2025-10-02 01:33:05'),(40,12,'https://picsum.photos/seed/6662aa43-98a0-3cd8-bae5-b4d960501d56/800/800','Sed quibusdam id omnis.',1,4,'2025-10-02 01:33:05','2025-10-02 01:33:05'),(41,12,'https://picsum.photos/seed/7938faf6-88eb-3e31-b6d8-73fd327ff49c/800/800','Quasi fugit.',0,9,'2025-10-02 01:33:05','2025-10-02 01:33:05'),(42,12,'https://picsum.photos/seed/5c65e578-fd46-3fc0-ba73-48a92b710bdd/800/800','Explicabo optio quis.',0,7,'2025-10-02 01:33:05','2025-10-02 01:33:05'),(43,13,'https://picsum.photos/seed/0de71e9e-177b-3b28-849d-b88d3a64b163/800/800','Dolore saepe non.',1,1,'2025-10-02 01:33:05','2025-10-02 01:33:05'),(44,13,'https://picsum.photos/seed/2803de57-7a09-36a7-bf68-b6f713955617/800/800','Quia quis quisquam.',0,10,'2025-10-02 01:33:05','2025-10-02 01:33:05'),(45,13,'https://picsum.photos/seed/a18a8421-1329-3014-ae1a-4ec89139cce5/800/800','Et nesciunt id distinctio.',0,1,'2025-10-02 01:33:05','2025-10-02 01:33:05'),(46,14,'https://picsum.photos/seed/483c6532-1c98-37ac-9750-0690a18b6b99/800/800','Numquam ipsa et.',1,4,'2025-10-02 01:33:05','2025-10-02 01:33:05'),(47,14,'https://picsum.photos/seed/73305b0a-27d4-366f-9b7b-ef4c21ae3bcb/800/800','Quo eveniet eos deserunt.',0,3,'2025-10-02 01:33:05','2025-10-02 01:33:05'),(48,14,'https://picsum.photos/seed/cf0e709d-7243-3a21-a34c-c6f0d9533917/800/800','Autem ut perferendis.',0,9,'2025-10-02 01:33:05','2025-10-02 01:33:05'),(49,15,'https://picsum.photos/seed/be90fcf4-6233-35d2-88bf-3243ee3fe027/800/800','Veritatis et cum consequatur.',1,8,'2025-10-02 01:33:05','2025-10-02 01:33:05'),(50,15,'https://picsum.photos/seed/184299ee-8a22-38dc-a85b-abfd9d090fe8/800/800','Harum consequatur et dolor.',0,10,'2025-10-02 01:33:05','2025-10-02 01:33:05'),(51,15,'https://picsum.photos/seed/076a6bea-ec4b-33a5-bb47-40ecd85a01bf/800/800','Repudiandae mollitia officia.',0,3,'2025-10-02 01:33:05','2025-10-02 01:33:05'),(52,16,'https://picsum.photos/seed/66bf595e-65b8-32f5-9d38-7cd92b98f306/800/800','Officia quia hic.',1,8,'2025-10-02 01:33:05','2025-10-02 01:33:05'),(53,16,'https://picsum.photos/seed/60181a41-a121-308e-b6e7-33809c98eaf5/800/800','Sed in quaerat modi.',0,3,'2025-10-02 01:33:05','2025-10-02 01:33:05'),(54,16,'https://picsum.photos/seed/68fe8e2a-4a53-3d3e-b00a-e1e36ec4a26c/800/800','Ad dignissimos ut.',0,7,'2025-10-02 01:33:05','2025-10-02 01:33:05'),(55,16,'https://picsum.photos/seed/751db87a-5a28-3567-bd4d-1550ae461263/800/800','Deleniti dolorum voluptatem.',0,2,'2025-10-02 01:33:05','2025-10-02 01:33:05'),(56,17,'https://picsum.photos/seed/9f1714d4-0121-3ca9-937a-789a60eb66d5/800/800','At quibusdam.',1,2,'2025-10-02 01:33:05','2025-10-02 01:33:05'),(57,17,'https://picsum.photos/seed/792231b6-4d10-3310-b5a0-8367e839f932/800/800','Quis dignissimos velit quo.',0,9,'2025-10-02 01:33:05','2025-10-02 01:33:05'),(58,17,'https://picsum.photos/seed/4280e9dc-9ebb-3024-b611-60b8fde1c876/800/800','Eaque et dolor dolore.',0,2,'2025-10-02 01:33:05','2025-10-02 01:33:05'),(59,17,'https://picsum.photos/seed/02028505-054a-308e-aec3-d2e2973b9e26/800/800','Omnis vero eum.',0,7,'2025-10-02 01:33:05','2025-10-02 01:33:05'),(60,18,'https://picsum.photos/seed/5faaf4e3-f80f-30c7-ab86-884cfaa967bf/800/800','Quae est sunt.',1,3,'2025-10-02 01:33:05','2025-10-02 01:33:05'),(61,18,'https://picsum.photos/seed/0383d938-fa7f-3574-93c1-23386e869b8d/800/800','Hic sit rerum sequi.',0,5,'2025-10-02 01:33:05','2025-10-02 01:33:05'),(62,18,'https://picsum.photos/seed/cbb94ace-adcc-36f9-a2ec-fe07a814dab5/800/800','Et aut numquam quis.',0,9,'2025-10-02 01:33:05','2025-10-02 01:33:05'),(63,18,'https://picsum.photos/seed/45121056-8877-3583-9195-2b6a205c13d2/800/800','Molestias ullam mollitia excepturi.',0,6,'2025-10-02 01:33:05','2025-10-02 01:33:05'),(64,18,'https://picsum.photos/seed/3e6b1bff-f79e-323d-9ecc-01548ec89c18/800/800','Aut rerum dolor.',0,8,'2025-10-02 01:33:05','2025-10-02 01:33:05'),(65,19,'https://picsum.photos/seed/c9f06d23-277c-3bc8-bb0f-91bc81eda343/800/800','Qui et porro est.',1,3,'2025-10-02 01:33:05','2025-10-02 01:33:05'),(66,19,'https://picsum.photos/seed/b7e9dc55-4248-3fa7-8a19-a238b3f80b59/800/800','Et inventore explicabo.',0,7,'2025-10-02 01:33:05','2025-10-02 01:33:05'),(67,19,'https://picsum.photos/seed/56beec8e-560c-3f34-8023-c956608acb77/800/800','Ea non dolore.',0,5,'2025-10-02 01:33:05','2025-10-02 01:33:05'),(68,19,'https://picsum.photos/seed/014ba461-b8e5-3943-8267-1ccd8786842a/800/800','Illum illum porro inventore.',0,6,'2025-10-02 01:33:05','2025-10-02 01:33:05'),(69,19,'https://picsum.photos/seed/089e9607-90c3-3e43-ab72-9ede2c1e1125/800/800','Qui numquam autem.',0,6,'2025-10-02 01:33:05','2025-10-02 01:33:05'),(70,20,'https://picsum.photos/seed/84bd3bfb-0372-3d27-aa88-24e004aa544d/800/800','Consequatur nulla dolor totam.',1,7,'2025-10-02 01:33:05','2025-10-02 01:33:05'),(71,20,'https://picsum.photos/seed/a0bee97c-c579-3c1c-a195-692a14c8481e/800/800','Iusto et debitis quam.',0,2,'2025-10-02 01:33:05','2025-10-02 01:33:05'),(72,20,'https://picsum.photos/seed/7e03ef49-74b4-3ad8-a4a5-c42e233d0f66/800/800','Et quo suscipit autem.',0,2,'2025-10-02 01:33:05','2025-10-02 01:33:05'),(73,20,'https://picsum.photos/seed/4fa8332f-f89f-3d13-b1df-426f9f6744ef/800/800','Nam exercitationem atque non.',0,4,'2025-10-02 01:33:05','2025-10-02 01:33:05'),(74,20,'https://picsum.photos/seed/8c312679-efca-38a3-b0d3-14a09083200f/800/800','Repellat libero unde.',0,8,'2025-10-02 01:33:05','2025-10-02 01:33:05'),(75,21,'https://picsum.photos/seed/a634541a-eb90-33fd-9580-614ec7230d9c/800/800','Dicta voluptas repudiandae ipsam.',1,6,'2025-10-02 01:33:05','2025-10-02 01:33:05'),(76,21,'https://picsum.photos/seed/98262fe0-62db-3254-8507-ef785be20261/800/800','Nihil autem fugiat.',0,5,'2025-10-02 01:33:05','2025-10-02 01:33:05'),(77,21,'https://picsum.photos/seed/16ec358c-8006-3713-98c3-9589e26ecf9b/800/800','Necessitatibus et et eius.',0,9,'2025-10-02 01:33:05','2025-10-02 01:33:05'),(78,21,'https://picsum.photos/seed/78489e7e-26c7-3c0e-ba4a-fa164efe3e5a/800/800','Est impedit repudiandae officia.',0,5,'2025-10-02 01:33:05','2025-10-02 01:33:05'),(79,22,'https://picsum.photos/seed/84eb5c83-2679-3522-aec0-7604e3f51727/800/800','Libero ut distinctio neque.',1,1,'2025-10-02 01:33:05','2025-10-02 01:33:05'),(80,22,'https://picsum.photos/seed/7bc30842-f9e8-36b8-8407-cc3cb371235e/800/800','Esse tempore officiis.',0,4,'2025-10-02 01:33:05','2025-10-02 01:33:05'),(81,22,'https://picsum.photos/seed/51c750bd-3be0-35da-bac8-c32a9ad1fc63/800/800','Debitis iure eligendi.',0,3,'2025-10-02 01:33:05','2025-10-02 01:33:05'),(82,22,'https://picsum.photos/seed/ddf1da27-2a9d-38a8-9985-57576bb4a679/800/800','Iste atque voluptas saepe.',0,10,'2025-10-02 01:33:05','2025-10-02 01:33:05'),(83,22,'https://picsum.photos/seed/b33f6802-f3b0-3bb9-8c94-83671cf89935/800/800','Aut saepe amet.',0,10,'2025-10-02 01:33:05','2025-10-02 01:33:05'),(84,23,'https://picsum.photos/seed/fb189cf9-d7bd-3c45-9991-b5cdd4a07764/800/800','Occaecati sint aspernatur est.',1,7,'2025-10-02 01:33:05','2025-10-02 01:33:05'),(85,23,'https://picsum.photos/seed/1b1b465e-6cf6-3db9-a410-5352ccfe313f/800/800','Facilis perspiciatis.',0,7,'2025-10-02 01:33:05','2025-10-02 01:33:05'),(86,23,'https://picsum.photos/seed/8fa8725a-a193-3969-977e-8eba926016f7/800/800','Nesciunt sed beatae.',0,6,'2025-10-02 01:33:05','2025-10-02 01:33:05'),(87,23,'https://picsum.photos/seed/6dab5511-0db0-3e5e-a7de-78045aa134e5/800/800','Recusandae facere in.',0,6,'2025-10-02 01:33:05','2025-10-02 01:33:05'),(88,24,'https://picsum.photos/seed/0a56e49a-7932-3ab4-b33b-99bc9814fd3d/800/800','Vitae qui perferendis.',1,4,'2025-10-02 01:33:05','2025-10-02 01:33:05'),(89,24,'https://picsum.photos/seed/521122ed-3369-344d-838a-277d0feafec7/800/800','Est iusto est.',0,6,'2025-10-02 01:33:05','2025-10-02 01:33:05'),(90,24,'https://picsum.photos/seed/de1c33ff-377f-349c-8a3a-37a0c61d33fc/800/800','A perspiciatis aut qui.',0,1,'2025-10-02 01:33:05','2025-10-02 01:33:05'),(91,25,'https://picsum.photos/seed/08bbacee-6ee9-33e0-a67d-a49a8314b719/800/800','Asperiores sapiente sit.',1,8,'2025-10-02 01:33:05','2025-10-02 01:33:05'),(92,25,'https://picsum.photos/seed/f9dbf53e-16da-38c1-93d9-590feaaeca1d/800/800','Animi consequatur ut eius.',0,4,'2025-10-02 01:33:05','2025-10-02 01:33:05'),(93,25,'https://picsum.photos/seed/432fd132-38ac-3836-bbb5-207e01e4761a/800/800','Repudiandae culpa modi temporibus voluptas.',0,6,'2025-10-02 01:33:05','2025-10-02 01:33:05'),(94,26,'https://picsum.photos/seed/17cf8de4-0238-3f03-891e-411ea527dacd/800/800','Non sed hic.',1,4,'2025-10-02 01:33:05','2025-10-02 01:33:05'),(95,26,'https://picsum.photos/seed/e305585a-36bc-3ed1-bfd5-e9e2d2b4b95f/800/800','Et qui ullam ut.',0,1,'2025-10-02 01:33:05','2025-10-02 01:33:05'),(96,26,'https://picsum.photos/seed/6f09831a-85dc-3c26-9842-c3ac6303bc62/800/800','Ipsam voluptatem quia eum.',0,10,'2025-10-02 01:33:05','2025-10-02 01:33:05'),(97,26,'https://picsum.photos/seed/9b1f3f68-4633-3b99-b4ee-cfd02553a06d/800/800','Autem doloribus est qui.',0,4,'2025-10-02 01:33:05','2025-10-02 01:33:05'),(98,26,'https://picsum.photos/seed/ce17c88f-a70d-32a4-9698-0db95c1c7292/800/800','Aperiam est enim.',0,3,'2025-10-02 01:33:05','2025-10-02 01:33:05'),(99,27,'https://picsum.photos/seed/cf8d8108-78c9-3d34-bbdd-53057f02f493/800/800','Quidem aliquam pariatur neque animi.',1,7,'2025-10-02 01:33:05','2025-10-02 01:33:05'),(100,27,'https://picsum.photos/seed/9c686ca1-0478-35d1-b00c-a244fe30a412/800/800','Rerum voluptates nobis nulla.',0,3,'2025-10-02 01:33:05','2025-10-02 01:33:05'),(101,27,'https://picsum.photos/seed/b1bdaef2-c155-3f80-b23c-7ee03671a9f8/800/800','Maiores laudantium.',0,10,'2025-10-02 01:33:05','2025-10-02 01:33:05'),(102,27,'https://picsum.photos/seed/d7f42eb7-394b-3234-9c1b-4756749b3d45/800/800','Et quia blanditiis.',0,1,'2025-10-02 01:33:05','2025-10-02 01:33:05'),(103,27,'https://picsum.photos/seed/1b75c915-c6f0-3705-b3b8-d82f83204099/800/800','Consequatur tenetur facilis.',0,3,'2025-10-02 01:33:05','2025-10-02 01:33:05'),(104,28,'https://picsum.photos/seed/f9366103-8c05-3437-bea2-e50cd5db968b/800/800','Officiis est qui.',1,9,'2025-10-02 01:33:05','2025-10-02 01:33:05'),(105,28,'https://picsum.photos/seed/0ffb3742-a5f4-38ff-9e88-7d1c81f7e4b0/800/800','Veniam omnis consequatur.',0,6,'2025-10-02 01:33:05','2025-10-02 01:33:05'),(106,28,'https://picsum.photos/seed/085d1dd0-7ad0-39fe-815c-77ed1f40cbe9/800/800','Tenetur magnam rem neque.',0,6,'2025-10-02 01:33:05','2025-10-02 01:33:05'),(107,28,'https://picsum.photos/seed/37a881be-3d05-3821-822e-84ba74d67659/800/800','Doloremque nemo.',0,2,'2025-10-02 01:33:05','2025-10-02 01:33:05'),(108,29,'https://picsum.photos/seed/a869e902-0401-305e-a5e9-8d471c7e35ae/800/800','Laboriosam dicta hic.',1,1,'2025-10-02 01:33:05','2025-10-02 01:33:05'),(109,29,'https://picsum.photos/seed/08ea2550-63ce-30e7-aa77-9409e50c2e71/800/800','Voluptate minus quam.',0,10,'2025-10-02 01:33:05','2025-10-02 01:33:05'),(110,29,'https://picsum.photos/seed/8fed2a20-b6e7-3210-a9c6-7adf245ce02f/800/800','Aut quidem rem incidunt.',0,1,'2025-10-02 01:33:05','2025-10-02 01:33:05'),(111,30,'https://picsum.photos/seed/f3ed11eb-301f-331d-b8cc-5ac80b6dbd17/800/800','Molestiae eum qui.',1,6,'2025-10-02 01:33:05','2025-10-02 01:33:05'),(112,30,'https://picsum.photos/seed/7cb0b013-e33e-38fc-ac53-233e7ab2598c/800/800','Sint quidem nulla perspiciatis.',0,2,'2025-10-02 01:33:05','2025-10-02 01:33:05'),(113,30,'https://picsum.photos/seed/ff0362dc-3877-3398-bd1f-31a1bb2c98ea/800/800','Veritatis magni.',0,5,'2025-10-02 01:33:05','2025-10-02 01:33:05'),(114,31,'https://picsum.photos/seed/d6bf5dab-0c5f-39bc-9748-40b913332f6f/800/800','Dolorem esse doloribus.',1,10,'2025-10-02 01:33:05','2025-10-02 01:33:05'),(115,31,'https://picsum.photos/seed/04cc7c8d-3962-3979-b9b3-ee496e122ea2/800/800','Rerum pariatur occaecati.',0,3,'2025-10-02 01:33:05','2025-10-02 01:33:05'),(116,31,'https://picsum.photos/seed/83110f48-7014-32b3-b248-7cca16f31b3a/800/800','Aut autem quia.',0,1,'2025-10-02 01:33:05','2025-10-02 01:33:05'),(117,32,'https://picsum.photos/seed/e29c4f83-785a-3238-bb42-1de7787d5c79/800/800','Accusantium et et.',1,10,'2025-10-02 01:33:05','2025-10-02 01:33:05'),(118,32,'https://picsum.photos/seed/601327c2-f382-3878-a672-9911cdf4e78a/800/800','Voluptate ut voluptatibus.',0,7,'2025-10-02 01:33:05','2025-10-02 01:33:05'),(119,32,'https://picsum.photos/seed/c3ed08fd-2442-3b18-bc15-3f4f75943d05/800/800','Nihil beatae cum minus.',0,9,'2025-10-02 01:33:05','2025-10-02 01:33:05'),(120,33,'https://picsum.photos/seed/d6908ad8-119c-3ce7-bded-76b3de84e4e1/800/800','Repellat est rerum.',1,1,'2025-10-02 01:33:05','2025-10-02 01:33:05'),(121,33,'https://picsum.photos/seed/1e555779-ba90-3698-a14f-8ab613a9730b/800/800','Nam dolorem aliquid.',0,6,'2025-10-02 01:33:05','2025-10-02 01:33:05'),(122,33,'https://picsum.photos/seed/49d5b29c-474a-38c7-8740-633c3bff0c8e/800/800','Animi et repudiandae.',0,8,'2025-10-02 01:33:05','2025-10-02 01:33:05'),(123,33,'https://picsum.photos/seed/8dbe532f-c9f6-3117-8a95-f39584910ff5/800/800','Neque magni eos doloribus.',0,1,'2025-10-02 01:33:05','2025-10-02 01:33:05'),(124,34,'https://picsum.photos/seed/2aab8be7-3173-3cc6-bf35-795298c5d2a7/800/800','Magnam facilis optio voluptatibus.',1,2,'2025-10-02 01:33:05','2025-10-02 01:33:05'),(125,34,'https://picsum.photos/seed/70386163-e8d0-3662-9dea-e342ee1065e1/800/800','Ullam rerum qui.',0,8,'2025-10-02 01:33:05','2025-10-02 01:33:05'),(126,34,'https://picsum.photos/seed/a0bed3e2-effb-3e60-9444-84d73b035694/800/800','Non ullam molestias molestias natus.',0,5,'2025-10-02 01:33:05','2025-10-02 01:33:05'),(127,34,'https://picsum.photos/seed/60b8b617-caef-3274-81fd-10de01ed6075/800/800','Dolorem quasi cupiditate dicta.',0,4,'2025-10-02 01:33:05','2025-10-02 01:33:05'),(128,35,'https://picsum.photos/seed/e62dfb4e-79c7-35cc-9491-dd8ed809d65b/800/800','Ex perferendis quae ut.',1,2,'2025-10-02 01:33:05','2025-10-02 01:33:05'),(129,35,'https://picsum.photos/seed/b2c1f929-cc65-3e84-9ad3-dfa0ac3058ff/800/800','Necessitatibus repudiandae in aspernatur.',0,2,'2025-10-02 01:33:05','2025-10-02 01:33:05'),(130,35,'https://picsum.photos/seed/fd2ae846-442b-3117-b9cb-afe8fabf92d6/800/800','Odio voluptate blanditiis officia.',0,9,'2025-10-02 01:33:05','2025-10-02 01:33:05'),(131,36,'https://picsum.photos/seed/5cd51411-fa10-3f9d-93a5-79be536d1952/800/800','Neque et est ipsum.',1,10,'2025-10-02 01:33:05','2025-10-02 01:33:05'),(132,36,'https://picsum.photos/seed/da5ed989-050e-350b-8bc1-2b0b42afcc2e/800/800','Expedita quia fugiat.',0,5,'2025-10-02 01:33:05','2025-10-02 01:33:05'),(133,36,'https://picsum.photos/seed/f73afc87-244e-3e31-a6ce-a5dc448546cc/800/800','Nam necessitatibus facere.',0,4,'2025-10-02 01:33:05','2025-10-02 01:33:05'),(134,36,'https://picsum.photos/seed/38f3d3cf-8001-35de-939c-dc8bd917a533/800/800','Maiores eveniet quod expedita.',0,5,'2025-10-02 01:33:05','2025-10-02 01:33:05'),(135,37,'https://picsum.photos/seed/6c80d3bb-cb34-34a4-82b5-ab4367e27e21/800/800','Dicta rerum voluptates veritatis.',1,2,'2025-10-02 01:33:05','2025-10-02 01:33:05'),(136,37,'https://picsum.photos/seed/c3dff62c-7b33-346e-a100-7e476030e421/800/800','Iure ut labore est.',0,8,'2025-10-02 01:33:05','2025-10-02 01:33:05'),(137,37,'https://picsum.photos/seed/0ae69349-1984-39f5-b5fb-5f0f82cb7644/800/800','Quis excepturi rem.',0,7,'2025-10-02 01:33:05','2025-10-02 01:33:05'),(138,38,'https://picsum.photos/seed/8255e844-9f70-336b-9b59-7d0db2c11887/800/800','Sed dolore sit.',1,7,'2025-10-02 01:33:05','2025-10-02 01:33:05'),(139,38,'https://picsum.photos/seed/83fc1d9e-217d-3237-ac18-ad9cfc610bdf/800/800','Sit ipsum iste.',0,10,'2025-10-02 01:33:05','2025-10-02 01:33:05'),(140,38,'https://picsum.photos/seed/3b112219-df2c-32af-928a-1be3e44c930b/800/800','Perspiciatis aut qui.',0,2,'2025-10-02 01:33:05','2025-10-02 01:33:05'),(141,38,'https://picsum.photos/seed/1ff34059-a7fd-37ce-b403-2a9430eb3732/800/800','Alias ut et et.',0,1,'2025-10-02 01:33:05','2025-10-02 01:33:05'),(142,38,'https://picsum.photos/seed/36762f48-a092-3d95-b76f-97ebd51622b6/800/800','Porro praesentium voluptatem.',0,10,'2025-10-02 01:33:05','2025-10-02 01:33:05'),(143,39,'https://picsum.photos/seed/14b10db6-6389-3404-a683-8233cb74d37e/800/800','Fugiat consectetur.',1,5,'2025-10-02 01:33:05','2025-10-02 01:33:05'),(144,39,'https://picsum.photos/seed/394ad1f3-9586-3084-b227-af04b97cd2a7/800/800','Non ut nulla laborum.',0,3,'2025-10-02 01:33:05','2025-10-02 01:33:05'),(145,39,'https://picsum.photos/seed/60aac2c8-0ffb-37fa-8e77-80d864e80e0c/800/800','Ex porro.',0,7,'2025-10-02 01:33:05','2025-10-02 01:33:05'),(146,39,'https://picsum.photos/seed/875ccb6a-8963-3d2a-bdc7-f4a1040cd35d/800/800','Molestiae modi unde explicabo consectetur.',0,1,'2025-10-02 01:33:05','2025-10-02 01:33:05'),(147,39,'https://picsum.photos/seed/e0fb14dd-25d6-3e90-9609-9ae44cc541f1/800/800','Voluptatem quas sed.',0,7,'2025-10-02 01:33:05','2025-10-02 01:33:05'),(148,40,'https://picsum.photos/seed/476ce7dd-d1b3-3b85-b1f1-259fd23e28dd/800/800','Distinctio alias voluptas eos.',1,4,'2025-10-02 01:33:06','2025-10-02 01:33:06'),(149,40,'https://picsum.photos/seed/cdb6ae7b-06b0-3665-a49e-1e091b0f880d/800/800','Et et et.',0,10,'2025-10-02 01:33:06','2025-10-02 01:33:06'),(150,40,'https://picsum.photos/seed/837e7de1-e49b-328b-b4bf-2a23ccc48bdb/800/800','Et perspiciatis inventore.',0,10,'2025-10-02 01:33:06','2025-10-02 01:33:06'),(151,40,'https://picsum.photos/seed/9a8b06b7-ff3a-3a3d-9c17-b890c226b537/800/800','Et doloremque quod.',0,10,'2025-10-02 01:33:06','2025-10-02 01:33:06'),(152,41,'https://picsum.photos/seed/d4351864-efc9-3bfa-ab56-b66241e7300a/800/800','Sit aut inventore in veritatis.',1,3,'2025-10-02 01:33:06','2025-10-02 01:33:06'),(153,41,'https://picsum.photos/seed/4ccbf5af-dc31-340d-8bb5-fe62c81d0d55/800/800','Officia et placeat voluptatem.',0,7,'2025-10-02 01:33:06','2025-10-02 01:33:06'),(154,41,'https://picsum.photos/seed/b268cedc-4982-35c8-8860-89c1cda7a943/800/800','Natus ipsam nisi et.',0,4,'2025-10-02 01:33:06','2025-10-02 01:33:06'),(155,41,'https://picsum.photos/seed/344abfff-e133-3b07-89be-0df3c7eddd78/800/800','Vitae rerum sed quisquam.',0,1,'2025-10-02 01:33:06','2025-10-02 01:33:06'),(156,42,'https://picsum.photos/seed/d2d7a83f-2355-33a7-b206-63c9a71c4e99/800/800','Perferendis ex eos.',1,8,'2025-10-02 01:33:06','2025-10-02 01:33:06'),(157,42,'https://picsum.photos/seed/e3717926-c808-35a7-91b9-442fa9dcbdd8/800/800','Possimus nisi quasi eius.',0,9,'2025-10-02 01:33:06','2025-10-02 01:33:06'),(158,42,'https://picsum.photos/seed/8bb3efc6-254a-3892-86cc-2dd50d324aa4/800/800','Iste vitae unde.',0,3,'2025-10-02 01:33:06','2025-10-02 01:33:06'),(159,43,'https://picsum.photos/seed/61bd277a-3c38-343f-882b-d298b98100f1/800/800','Vel suscipit ipsum rerum.',1,4,'2025-10-02 01:33:06','2025-10-02 01:33:06'),(160,43,'https://picsum.photos/seed/038d0026-98cd-39fc-b1e1-3e7cef43f173/800/800','Aut et optio ut repellendus.',0,8,'2025-10-02 01:33:06','2025-10-02 01:33:06'),(161,43,'https://picsum.photos/seed/da5a0910-b2b5-3021-bbe6-b648f385a719/800/800','Omnis corrupti molestiae.',0,8,'2025-10-02 01:33:06','2025-10-02 01:33:06'),(162,43,'https://picsum.photos/seed/535eb10d-2006-3dba-9e86-4909b9fbbb9d/800/800','Autem ut incidunt eum eos.',0,9,'2025-10-02 01:33:06','2025-10-02 01:33:06'),(163,44,'https://picsum.photos/seed/d70e36ba-a96d-36c0-a451-bc0a64ff1ec7/800/800','Error voluptatem quaerat consectetur sed.',1,1,'2025-10-02 01:33:06','2025-10-02 01:33:06'),(164,44,'https://picsum.photos/seed/dad16172-4f6b-360c-98e9-2c5acdf65672/800/800','Et dicta nemo.',0,9,'2025-10-02 01:33:06','2025-10-02 01:33:06'),(165,44,'https://picsum.photos/seed/0c231e7b-11b2-3d5f-87cd-859b9d585816/800/800','Quibusdam voluptas porro.',0,10,'2025-10-02 01:33:06','2025-10-02 01:33:06'),(166,44,'https://picsum.photos/seed/02dfc505-e7e8-3da7-b4e1-2a8f3e2e568b/800/800','Laudantium magnam fugit.',0,7,'2025-10-02 01:33:06','2025-10-02 01:33:06'),(167,44,'https://picsum.photos/seed/a0051016-7ba4-30f3-ba5e-62a460adb79f/800/800','Et quia vero illum iste.',0,3,'2025-10-02 01:33:06','2025-10-02 01:33:06'),(168,45,'https://picsum.photos/seed/be625c41-2c8c-362d-aac4-f65cae4bc948/800/800','Culpa labore labore maiores velit.',1,3,'2025-10-02 01:33:06','2025-10-02 01:33:06'),(169,45,'https://picsum.photos/seed/f37669ed-351a-3863-9ea8-c53f8392236d/800/800','Qui rerum dolorem.',0,4,'2025-10-02 01:33:06','2025-10-02 01:33:06'),(170,45,'https://picsum.photos/seed/f8677f53-730a-3018-af9c-2df1cd9af50e/800/800','In ut et.',0,9,'2025-10-02 01:33:06','2025-10-02 01:33:06'),(171,46,'https://picsum.photos/seed/661d2482-8ee9-3c6b-8eea-6730056f45f3/800/800','Eum velit tenetur.',1,3,'2025-10-02 01:33:06','2025-10-02 01:33:06'),(172,46,'https://picsum.photos/seed/56e30b8b-7b9f-3145-b61a-bd1a0f2a9ca7/800/800','Asperiores harum vel.',0,10,'2025-10-02 01:33:06','2025-10-02 01:33:06'),(173,46,'https://picsum.photos/seed/7ef0e0ea-8963-387d-814f-3fae83e71bcb/800/800','Exercitationem cupiditate debitis minus.',0,6,'2025-10-02 01:33:06','2025-10-02 01:33:06'),(174,47,'https://picsum.photos/seed/fcf258c7-b1e9-3991-a298-144239fb9535/800/800','Corporis illum molestiae sed.',1,4,'2025-10-02 01:33:06','2025-10-02 01:33:06'),(175,47,'https://picsum.photos/seed/dfa3c87b-f7ff-3afa-8d87-ea159f829556/800/800','Ut temporibus et mollitia omnis.',0,10,'2025-10-02 01:33:06','2025-10-02 01:33:06'),(176,47,'https://picsum.photos/seed/4ce004b0-71f3-3fc6-b92c-ae28ca16d1c4/800/800','Magni laudantium iusto sunt.',0,3,'2025-10-02 01:33:06','2025-10-02 01:33:06'),(177,47,'https://picsum.photos/seed/b1f5f77f-55ae-3630-b9a5-16335873554f/800/800','Incidunt temporibus natus debitis ducimus.',0,3,'2025-10-02 01:33:06','2025-10-02 01:33:06'),(178,48,'https://picsum.photos/seed/c24c845c-f119-3efc-8d1f-f5a269c6c7be/800/800','Sunt deleniti minima ut.',1,2,'2025-10-02 01:33:06','2025-10-02 01:33:06'),(179,48,'https://picsum.photos/seed/3f39eb14-a529-3e99-8f6e-f06235aabb72/800/800','Minus iure.',0,3,'2025-10-02 01:33:06','2025-10-02 01:33:06'),(180,48,'https://picsum.photos/seed/2927f31e-fa23-37f0-9405-6e253a73d01b/800/800','Delectus id animi.',0,1,'2025-10-02 01:33:06','2025-10-02 01:33:06'),(181,48,'https://picsum.photos/seed/dbb7e68a-5502-394f-8a51-b2294e32a926/800/800','Tempora id perspiciatis nostrum magnam.',0,2,'2025-10-02 01:33:06','2025-10-02 01:33:06'),(182,49,'https://picsum.photos/seed/f709371c-ce03-33b7-a35c-839a0ca3d8a2/800/800','Nemo quia ea.',1,7,'2025-10-02 01:33:06','2025-10-02 01:33:06'),(183,49,'https://picsum.photos/seed/d2de4e51-4930-3808-9574-96dba812c47d/800/800','Quis natus nesciunt similique.',0,1,'2025-10-02 01:33:06','2025-10-02 01:33:06'),(184,49,'https://picsum.photos/seed/ae120bd0-80d5-37ce-924a-208d6e38dff0/800/800','Commodi harum quae.',0,3,'2025-10-02 01:33:06','2025-10-02 01:33:06'),(185,49,'https://picsum.photos/seed/0b076c48-44b6-3008-8016-432e4298a0c4/800/800','Ex minima enim similique.',0,10,'2025-10-02 01:33:06','2025-10-02 01:33:06'),(186,50,'https://picsum.photos/seed/d60f6124-0dbd-3329-8c87-7039a169c3ec/800/800','Quis labore ut.',1,3,'2025-10-02 01:33:06','2025-10-02 01:33:06'),(187,50,'https://picsum.photos/seed/854e50a9-9044-368c-b570-7d456e42e5d3/800/800','Sequi reprehenderit laborum.',0,4,'2025-10-02 01:33:06','2025-10-02 01:33:06'),(188,50,'https://picsum.photos/seed/f66a16f4-8fca-3b5b-8c2d-36c955d6ebb5/800/800','Repellat possimus eos ad.',0,10,'2025-10-02 01:33:06','2025-10-02 01:33:06'),(189,51,'https://picsum.photos/seed/3302be2d-d557-3c9a-99ee-f2e8cb8c7eec/800/800','Provident iure minus veniam.',1,4,'2025-10-02 01:33:06','2025-10-02 01:33:06'),(190,51,'https://picsum.photos/seed/71cbf4ec-b611-3e0b-b715-ee498a23981f/800/800','Accusamus iusto nihil.',0,4,'2025-10-02 01:33:06','2025-10-02 01:33:06'),(191,51,'https://picsum.photos/seed/a80ff502-c44d-38c3-930b-5064a3ed9a0b/800/800','Suscipit illo quia velit.',0,3,'2025-10-02 01:33:06','2025-10-02 01:33:06'),(192,51,'https://picsum.photos/seed/6283dbec-30dc-32cf-98f8-2f132819e6d9/800/800','Aliquam velit aut est.',0,3,'2025-10-02 01:33:06','2025-10-02 01:33:06'),(193,51,'https://picsum.photos/seed/55daabb9-1d8f-3fe7-a2c6-3426d0fffd8b/800/800','Saepe et et aut.',0,5,'2025-10-02 01:33:06','2025-10-02 01:33:06'),(194,52,'https://picsum.photos/seed/40af3550-a524-34a3-803e-ac9339a33a4f/800/800','Est aut doloremque.',1,5,'2025-10-02 01:33:06','2025-10-02 01:33:06'),(195,52,'https://picsum.photos/seed/a6d6de55-1e30-3f21-9bc4-98b123b98ccb/800/800','Dicta sit iure.',0,4,'2025-10-02 01:33:06','2025-10-02 01:33:06'),(196,52,'https://picsum.photos/seed/2f8cf6ef-f27b-3877-bb20-b69d1edd0ff8/800/800','Consequatur maxime.',0,4,'2025-10-02 01:33:06','2025-10-02 01:33:06'),(197,52,'https://picsum.photos/seed/1c4c1269-34fb-39dc-95c1-a723b4710651/800/800','Ut odit consectetur vero.',0,9,'2025-10-02 01:33:06','2025-10-02 01:33:06'),(198,52,'https://picsum.photos/seed/96230a49-8408-33fc-b9dc-154e89745ee6/800/800','Laudantium eveniet maxime fugiat.',0,7,'2025-10-02 01:33:06','2025-10-02 01:33:06'),(199,53,'https://picsum.photos/seed/0ff99332-14bc-3e2e-a106-dde1be97a993/800/800','Quas atque aut.',1,9,'2025-10-02 01:33:06','2025-10-02 01:33:06'),(200,53,'https://picsum.photos/seed/690fc318-3df6-3e74-8ec9-a5fddbba7d67/800/800','Aut aliquam.',0,8,'2025-10-02 01:33:06','2025-10-02 01:33:06'),(201,53,'https://picsum.photos/seed/63f2170e-53e5-3443-9e7b-f3642f3f5f5f/800/800','Omnis rerum omnis omnis.',0,7,'2025-10-02 01:33:06','2025-10-02 01:33:06'),(202,53,'https://picsum.photos/seed/73d9342c-30dd-3985-968e-cb9dcd7a68c2/800/800','Quibusdam voluptatum et.',0,7,'2025-10-02 01:33:06','2025-10-02 01:33:06'),(203,54,'https://picsum.photos/seed/d5c52714-bcc0-37f8-9cba-3be1064524ae/800/800','Aspernatur voluptatem sed quasi.',1,7,'2025-10-02 01:33:06','2025-10-02 01:33:06'),(204,54,'https://picsum.photos/seed/38491afa-ec5a-3a54-891b-721c65244172/800/800','Nam hic dolorem id.',0,8,'2025-10-02 01:33:06','2025-10-02 01:33:06'),(205,54,'https://picsum.photos/seed/8f53067f-3647-3110-a5d0-15c4182bde65/800/800','Fuga ipsa sunt.',0,3,'2025-10-02 01:33:06','2025-10-02 01:33:06'),(206,54,'https://picsum.photos/seed/d7cdb74c-2ca0-399a-8a7f-8f24b593d8f3/800/800','Illum et accusamus non.',0,6,'2025-10-02 01:33:06','2025-10-02 01:33:06'),(207,54,'https://picsum.photos/seed/4f9d80d3-fdf3-32e6-be71-14e6c5858a82/800/800','Molestias ut ea.',0,3,'2025-10-02 01:33:06','2025-10-02 01:33:06'),(208,55,'https://picsum.photos/seed/ec2932b8-d085-3ca5-b7e1-acca5ac03778/800/800','Nemo debitis quod ut.',1,7,'2025-10-02 01:33:06','2025-10-02 01:33:06'),(209,55,'https://picsum.photos/seed/843ef8d2-c04b-3545-b354-849cc9557f6b/800/800','Consequatur quas ut doloribus.',0,3,'2025-10-02 01:33:06','2025-10-02 01:33:06'),(210,55,'https://picsum.photos/seed/c7a342bc-75b4-3a74-9530-236129641fa0/800/800','Et velit dicta natus.',0,9,'2025-10-02 01:33:06','2025-10-02 01:33:06'),(211,55,'https://picsum.photos/seed/f6a5fdc2-140e-3627-b120-052827de32a3/800/800','Sit dolorum doloremque et est.',0,6,'2025-10-02 01:33:06','2025-10-02 01:33:06'),(212,56,'https://picsum.photos/seed/1f3ad44f-3ce6-39cf-b05b-f0e7a8cf01e4/800/800','Provident nisi maiores.',1,6,'2025-10-02 01:33:06','2025-10-02 01:33:06'),(213,56,'https://picsum.photos/seed/44dde1a5-be20-3a0a-ad16-09f32c39ded4/800/800','Dolorem hic expedita.',0,8,'2025-10-02 01:33:06','2025-10-02 01:33:06'),(214,56,'https://picsum.photos/seed/9a9bec84-548c-3ba2-977e-8134ef9c390a/800/800','Rerum ut doloribus.',0,7,'2025-10-02 01:33:06','2025-10-02 01:33:06'),(215,57,'https://picsum.photos/seed/d831deb6-2e54-3831-8789-460ae6e209d9/800/800','Ut iusto repellat non.',1,2,'2025-10-02 01:33:06','2025-10-02 01:33:06'),(216,57,'https://picsum.photos/seed/21564aa9-c90d-34b9-b56d-7bc6fe13b0e8/800/800','Rerum beatae quidem.',0,7,'2025-10-02 01:33:06','2025-10-02 01:33:06'),(217,57,'https://picsum.photos/seed/c84ef82c-362c-30a0-848f-63f2036905a1/800/800','Libero dolor consequatur.',0,8,'2025-10-02 01:33:06','2025-10-02 01:33:06'),(218,57,'https://picsum.photos/seed/73c42a36-8ce8-3001-817e-89edb5931894/800/800','Optio officiis distinctio.',0,2,'2025-10-02 01:33:06','2025-10-02 01:33:06'),(219,58,'https://picsum.photos/seed/d2bf9feb-cc84-3560-936d-6b947e5a3dc8/800/800','Quas nulla et.',1,3,'2025-10-02 01:33:06','2025-10-02 01:33:06'),(220,58,'https://picsum.photos/seed/744aea34-7056-3f8f-802a-a5d5b222f952/800/800','Cumque placeat praesentium sint.',0,6,'2025-10-02 01:33:06','2025-10-02 01:33:06'),(221,58,'https://picsum.photos/seed/42d92466-e2a1-3b9f-96e6-f5ed9ab41183/800/800','Maiores et velit molestias.',0,9,'2025-10-02 01:33:06','2025-10-02 01:33:06'),(222,58,'https://picsum.photos/seed/e9fee094-3352-3b0f-844e-f3856ee67157/800/800','Ipsa sed.',0,10,'2025-10-02 01:33:06','2025-10-02 01:33:06'),(223,58,'https://picsum.photos/seed/eabe670b-b156-3ab5-a5c2-716eef7f25d8/800/800','Occaecati dolore.',0,2,'2025-10-02 01:33:06','2025-10-02 01:33:06'),(224,59,'https://picsum.photos/seed/1129bcc6-800b-39f7-9f30-94795be0c0d4/800/800','Nulla ipsa harum eveniet.',1,2,'2025-10-02 01:33:06','2025-10-02 01:33:06'),(225,59,'https://picsum.photos/seed/b4b7e324-e6ac-32dc-8a88-14e1148acc33/800/800','Dolorum est illo doloremque ut.',0,7,'2025-10-02 01:33:06','2025-10-02 01:33:06'),(226,59,'https://picsum.photos/seed/7facb378-a5c3-387d-ab91-eae40299709d/800/800','Laborum hic omnis molestiae.',0,5,'2025-10-02 01:33:06','2025-10-02 01:33:06'),(227,60,'https://picsum.photos/seed/c30797fe-2076-3e04-a4d4-234d202c0b94/800/800','Repellendus tempore officiis modi quis.',1,5,'2025-10-02 01:33:06','2025-10-02 01:33:06'),(228,60,'https://picsum.photos/seed/83b4bcb3-97bb-30ce-91b1-50a38ea880b6/800/800','Occaecati error rem cumque quis.',0,8,'2025-10-02 01:33:06','2025-10-02 01:33:06'),(229,60,'https://picsum.photos/seed/e2609ec9-0ffe-38fc-9567-41e5ebc01000/800/800','Omnis mollitia eos.',0,10,'2025-10-02 01:33:06','2025-10-02 01:33:06'),(230,60,'https://picsum.photos/seed/41d2b60d-5b12-31d7-8422-a4f317c701f3/800/800','Quo mollitia voluptatem.',0,10,'2025-10-02 01:33:06','2025-10-02 01:33:06'),(231,61,'https://picsum.photos/seed/a613422b-d337-3040-ad6a-7f235059ee75/800/800','Qui itaque perferendis vel.',1,2,'2025-10-02 01:33:06','2025-10-02 01:33:06'),(232,61,'https://picsum.photos/seed/81b348be-120f-398f-bb4f-a4bce352e504/800/800','Voluptatem iusto.',0,2,'2025-10-02 01:33:06','2025-10-02 01:33:06'),(233,61,'https://picsum.photos/seed/11503673-8556-30e1-acc8-53b25e4e79f4/800/800','Ea neque molestiae sed.',0,6,'2025-10-02 01:33:06','2025-10-02 01:33:06'),(234,62,'https://picsum.photos/seed/50ea7b4e-e829-3cbb-b5a6-20acb67f1957/800/800','Officia ullam id.',1,9,'2025-10-02 01:33:06','2025-10-02 01:33:06'),(235,62,'https://picsum.photos/seed/165e568b-33db-31e4-bb3c-4cf601808e2f/800/800','Doloribus reiciendis ea commodi.',0,10,'2025-10-02 01:33:06','2025-10-02 01:33:06'),(236,62,'https://picsum.photos/seed/8143f851-673d-360e-a914-431536566127/800/800','Facere nemo culpa.',0,4,'2025-10-02 01:33:06','2025-10-02 01:33:06'),(237,62,'https://picsum.photos/seed/66182acd-9874-3071-8add-0680b6f55cec/800/800','Cum et delectus.',0,10,'2025-10-02 01:33:06','2025-10-02 01:33:06'),(238,62,'https://picsum.photos/seed/8590e012-239d-3260-ac55-65b779ec8152/800/800','Autem error nisi et.',0,1,'2025-10-02 01:33:06','2025-10-02 01:33:06'),(239,63,'https://picsum.photos/seed/b956debc-a1e1-333b-a1c4-8dd45accc8c6/800/800','Soluta dolores adipisci.',1,2,'2025-10-02 01:33:06','2025-10-02 01:33:06'),(240,63,'https://picsum.photos/seed/d43f1a17-e7f2-35b2-8ef8-ce7d5b69c71e/800/800','Consequatur architecto iure perferendis.',0,6,'2025-10-02 01:33:06','2025-10-02 01:33:06'),(241,63,'https://picsum.photos/seed/8727a96b-d879-3d7d-a100-7aa5586476d8/800/800','Sed repellat neque placeat.',0,7,'2025-10-02 01:33:06','2025-10-02 01:33:06'),(242,63,'https://picsum.photos/seed/7a8c5343-c61d-358d-b319-564dc627fcbf/800/800','Quia inventore dolorem et.',0,3,'2025-10-02 01:33:06','2025-10-02 01:33:06'),(243,63,'https://picsum.photos/seed/8b4bd8ca-91b4-38da-8651-ecbdd5a5deff/800/800','At esse perferendis.',0,4,'2025-10-02 01:33:06','2025-10-02 01:33:06'),(244,64,'https://picsum.photos/seed/a0fa5f1f-cfa1-3f3b-a622-b406f4b31408/800/800','Saepe a.',1,3,'2025-10-02 01:33:06','2025-10-02 01:33:06'),(245,64,'https://picsum.photos/seed/7aa94457-7473-39d9-bfd7-3d831a4128b3/800/800','Odit assumenda nisi.',0,6,'2025-10-02 01:33:06','2025-10-02 01:33:06'),(246,64,'https://picsum.photos/seed/1162856c-748d-31d0-ad76-d044dad4c98f/800/800','Deserunt sint.',0,8,'2025-10-02 01:33:06','2025-10-02 01:33:06'),(247,64,'https://picsum.photos/seed/d8ae7723-f95b-3657-95e2-8118ca5e3471/800/800','Ratione dolorum doloribus labore.',0,8,'2025-10-02 01:33:06','2025-10-02 01:33:06'),(248,64,'https://picsum.photos/seed/0a831060-144b-30a9-993e-c717a0d0f6b6/800/800','Perferendis non voluptas reiciendis.',0,9,'2025-10-02 01:33:06','2025-10-02 01:33:06'),(249,65,'https://picsum.photos/seed/9fab7ef8-2ba4-35c6-99d6-5b2c9b03ff9b/800/800','Et sequi beatae veritatis.',1,6,'2025-10-02 01:33:06','2025-10-02 01:33:06'),(250,65,'https://picsum.photos/seed/9a8e3c42-89f6-3d50-85f5-23d1988acc39/800/800','Sit qui asperiores.',0,9,'2025-10-02 01:33:06','2025-10-02 01:33:06'),(251,65,'https://picsum.photos/seed/aea170dc-9cc6-3011-b063-ed2ed1b6ff1d/800/800','Deleniti et incidunt.',0,4,'2025-10-02 01:33:06','2025-10-02 01:33:06'),(252,66,'https://picsum.photos/seed/40983ac7-100a-348a-8c0b-28b464f3fef8/800/800','Modi libero.',1,6,'2025-10-02 01:33:06','2025-10-02 01:33:06'),(253,66,'https://picsum.photos/seed/ce3e1169-d034-3dcb-aec8-5f4616e2b8e1/800/800','Temporibus possimus ea.',0,6,'2025-10-02 01:33:06','2025-10-02 01:33:06'),(254,66,'https://picsum.photos/seed/43ff7f08-f52e-3a84-9b8f-82847f53adb0/800/800','Quae nemo incidunt.',0,2,'2025-10-02 01:33:06','2025-10-02 01:33:06'),(255,66,'https://picsum.photos/seed/f82789bc-96c9-3ad4-a536-f9c4f80dda61/800/800','Ducimus quod id provident quibusdam.',0,5,'2025-10-02 01:33:06','2025-10-02 01:33:06'),(256,66,'https://picsum.photos/seed/7cb9dedb-5617-3443-a721-a27d461f01b1/800/800','Cumque eum magni tempore.',0,6,'2025-10-02 01:33:06','2025-10-02 01:33:06'),(257,67,'https://picsum.photos/seed/4e34b175-b554-3d8b-b2b8-3cf99373a789/800/800','Perferendis cumque ipsum eos.',1,3,'2025-10-02 01:33:06','2025-10-02 01:33:06'),(258,67,'https://picsum.photos/seed/12ddca42-282d-3919-b4c7-41ac6a941f90/800/800','Enim modi ratione optio.',0,9,'2025-10-02 01:33:06','2025-10-02 01:33:06'),(259,67,'https://picsum.photos/seed/ffa711de-3582-3a5d-ac85-6d018ea16417/800/800','Quia qui.',0,3,'2025-10-02 01:33:06','2025-10-02 01:33:06'),(260,68,'https://picsum.photos/seed/3403f393-909f-3ed4-90a2-1044fdc5dfd3/800/800','Sit sit sed neque.',1,9,'2025-10-02 01:33:06','2025-10-02 01:33:06'),(261,68,'https://picsum.photos/seed/a34cd9e9-1702-3622-8f49-a205a2db3c09/800/800','Voluptas et libero qui.',0,10,'2025-10-02 01:33:06','2025-10-02 01:33:06'),(262,68,'https://picsum.photos/seed/c9b8476c-f4ea-35ae-b76b-50b85e128a87/800/800','Qui commodi.',0,9,'2025-10-02 01:33:06','2025-10-02 01:33:06'),(263,68,'https://picsum.photos/seed/69a91bd9-67b4-337f-a8fa-fa95d78c2586/800/800','Sed rem.',0,8,'2025-10-02 01:33:06','2025-10-02 01:33:06'),(264,68,'https://picsum.photos/seed/0b35bab0-4170-3a67-ba93-12b438a0e364/800/800','Optio doloremque est neque.',0,5,'2025-10-02 01:33:06','2025-10-02 01:33:06'),(265,69,'https://picsum.photos/seed/dc2013da-a729-362b-9aa7-fa49303b0757/800/800','Nostrum velit fuga est.',1,4,'2025-10-02 01:33:06','2025-10-02 01:33:06'),(266,69,'https://picsum.photos/seed/78403572-0f1b-308f-8179-8293c290a297/800/800','Et est eius omnis.',0,6,'2025-10-02 01:33:06','2025-10-02 01:33:06'),(267,69,'https://picsum.photos/seed/8d3acfa6-95f8-33da-a4df-589468d47a6a/800/800','Quasi officia asperiores.',0,7,'2025-10-02 01:33:06','2025-10-02 01:33:06'),(268,69,'https://picsum.photos/seed/56c42a45-6252-3f8b-9f6e-57944a110ef7/800/800','Eligendi harum doloremque.',0,8,'2025-10-02 01:33:06','2025-10-02 01:33:06'),(269,70,'https://picsum.photos/seed/1dabac91-648b-30e0-a133-6fe6c4d36fca/800/800','Cumque sed.',1,7,'2025-10-02 01:33:06','2025-10-02 01:33:06'),(270,70,'https://picsum.photos/seed/a6071c13-30c1-339f-af76-71bf103c6912/800/800','Eveniet tenetur temporibus.',0,7,'2025-10-02 01:33:06','2025-10-02 01:33:06'),(271,70,'https://picsum.photos/seed/4811680e-d855-360b-a810-4b7dcd53269b/800/800','A alias amet.',0,7,'2025-10-02 01:33:06','2025-10-02 01:33:06'),(272,70,'https://picsum.photos/seed/0b0d4311-833d-329c-909e-c7763850a4d4/800/800','Illum eaque quis.',0,10,'2025-10-02 01:33:06','2025-10-02 01:33:06'),(273,71,'https://picsum.photos/seed/3ca8501e-5d73-31fc-b340-08358931a183/800/800','Pariatur velit numquam excepturi.',1,6,'2025-10-02 01:33:06','2025-10-02 01:33:06'),(274,71,'https://picsum.photos/seed/7571d0ac-4f74-3643-ab60-0487443befc4/800/800','Illum aut aut fugiat.',0,5,'2025-10-02 01:33:06','2025-10-02 01:33:06'),(275,71,'https://picsum.photos/seed/eccf9ced-0b18-3508-9319-05762910798e/800/800','Voluptatem eaque qui veritatis.',0,10,'2025-10-02 01:33:06','2025-10-02 01:33:06'),(276,71,'https://picsum.photos/seed/37b4eaf7-70ae-3919-ba54-8242e7d33304/800/800','At eos esse rerum.',0,5,'2025-10-02 01:33:06','2025-10-02 01:33:06'),(277,71,'https://picsum.photos/seed/a86319fd-9c92-380a-be5f-e1c436c54c37/800/800','Ipsam natus incidunt placeat facilis.',0,4,'2025-10-02 01:33:06','2025-10-02 01:33:06'),(278,72,'https://picsum.photos/seed/702048ba-0483-3d8a-8f1f-050cae4bafc3/800/800','Labore assumenda explicabo esse nisi.',1,10,'2025-10-02 01:33:06','2025-10-02 01:33:06'),(279,72,'https://picsum.photos/seed/a1f89854-c1d7-385e-b667-ec1566d18f8a/800/800','Dicta repellat et.',0,6,'2025-10-02 01:33:06','2025-10-02 01:33:06'),(280,72,'https://picsum.photos/seed/b242fa76-6e29-38f6-a5ff-1652f2f3fce2/800/800','Ratione consequatur dolorum in.',0,2,'2025-10-02 01:33:06','2025-10-02 01:33:06'),(281,72,'https://picsum.photos/seed/85730c1b-497e-3305-b015-d4c44e037602/800/800','Qui et tenetur.',0,2,'2025-10-02 01:33:06','2025-10-02 01:33:06'),(282,72,'https://picsum.photos/seed/439289db-90d5-3a5c-ac71-c38a68c65045/800/800','Praesentium soluta possimus.',0,8,'2025-10-02 01:33:06','2025-10-02 01:33:06'),(283,73,'https://picsum.photos/seed/0992f59d-56d3-3716-8b60-5fe75e581d4f/800/800','Hic praesentium ut.',1,9,'2025-10-02 01:33:06','2025-10-02 01:33:06'),(284,73,'https://picsum.photos/seed/b37dec9a-5603-3729-9ac9-b635c8e335be/800/800','Dolore voluptatem distinctio.',0,4,'2025-10-02 01:33:06','2025-10-02 01:33:06'),(285,73,'https://picsum.photos/seed/6e9e21c0-ad32-3972-80e3-a657c05066bc/800/800','In et aut.',0,6,'2025-10-02 01:33:06','2025-10-02 01:33:06'),(286,73,'https://picsum.photos/seed/2868f9d3-d6a3-3413-9250-023f5c720701/800/800','Neque vitae iure aperiam suscipit.',0,5,'2025-10-02 01:33:06','2025-10-02 01:33:06'),(287,74,'https://picsum.photos/seed/9d0bed3b-635e-383d-a395-5b3907147d82/800/800','Accusamus mollitia alias sequi.',1,9,'2025-10-02 01:33:06','2025-10-02 01:33:06'),(288,74,'https://picsum.photos/seed/c069dbd6-e7ab-31f6-9f6a-79d762f9c629/800/800','Ea ullam ipsa.',0,10,'2025-10-02 01:33:06','2025-10-02 01:33:06'),(289,74,'https://picsum.photos/seed/35b899fd-011e-31cc-8dc9-c28cd9503e9c/800/800','Enim consequatur.',0,9,'2025-10-02 01:33:06','2025-10-02 01:33:06'),(290,75,'https://picsum.photos/seed/6d1d96dd-eccc-3aed-ba70-46241478fcaa/800/800','Consequatur qui consectetur.',1,1,'2025-10-02 01:33:06','2025-10-02 01:33:06'),(291,75,'https://picsum.photos/seed/7f9ffeee-0e01-3350-bca2-6ea2469ff579/800/800','Expedita id.',0,8,'2025-10-02 01:33:06','2025-10-02 01:33:06'),(292,75,'https://picsum.photos/seed/41fcc269-d5f0-3e10-9323-7ab58fe8de67/800/800','Consequuntur provident enim ut.',0,2,'2025-10-02 01:33:06','2025-10-02 01:33:06'),(293,75,'https://picsum.photos/seed/37dd4da4-ae5a-35df-a3b0-7e287730bf0b/800/800','Eveniet omnis et modi.',0,6,'2025-10-02 01:33:06','2025-10-02 01:33:06'),(294,75,'https://picsum.photos/seed/0e0bc607-060f-3425-a8e3-76cdec1697ab/800/800','Aut repellat facilis.',0,1,'2025-10-02 01:33:06','2025-10-02 01:33:06'),(295,76,'https://picsum.photos/seed/e8331840-1f6b-39fa-9128-8b7e9597e29a/800/800','Sed iste ducimus.',1,6,'2025-10-02 01:33:06','2025-10-02 01:33:06'),(296,76,'https://picsum.photos/seed/567d2c39-8fa9-3ce3-9b79-00b0b5507cbd/800/800','Architecto vel delectus molestias sint.',0,5,'2025-10-02 01:33:06','2025-10-02 01:33:06'),(297,76,'https://picsum.photos/seed/63aab636-f786-3a51-b5ea-302ce732f49a/800/800','Et ex ab.',0,3,'2025-10-02 01:33:06','2025-10-02 01:33:06'),(298,76,'https://picsum.photos/seed/a602e408-dad2-368a-8a53-8027d5dd969e/800/800','Nihil delectus neque aut.',0,3,'2025-10-02 01:33:06','2025-10-02 01:33:06'),(299,77,'https://picsum.photos/seed/edd610b8-5773-3e86-ac2f-9b1e9acb71e3/800/800','Perferendis ratione voluptate nostrum.',1,1,'2025-10-02 01:33:06','2025-10-02 01:33:06'),(300,77,'https://picsum.photos/seed/7e250f1e-1cfe-3849-bdf7-6033cb7d4a4d/800/800','Qui minima est sit.',0,10,'2025-10-02 01:33:06','2025-10-02 01:33:06'),(301,77,'https://picsum.photos/seed/24c2083f-6e99-3e5e-9b06-87783b251ae4/800/800','Natus accusantium dolorum.',0,3,'2025-10-02 01:33:06','2025-10-02 01:33:06'),(302,78,'https://picsum.photos/seed/7adc4023-d85d-3354-b049-1cba435cbd67/800/800','Et tenetur adipisci et.',1,10,'2025-10-02 01:33:06','2025-10-02 01:33:06'),(303,78,'https://picsum.photos/seed/36ca926b-7825-38ae-8476-8bf040472b79/800/800','Fugit ducimus corrupti atque.',0,8,'2025-10-02 01:33:06','2025-10-02 01:33:06'),(304,78,'https://picsum.photos/seed/432a35ac-abe2-3973-b4a6-6e8086c0b20d/800/800','Id quia dolores laboriosam.',0,6,'2025-10-02 01:33:06','2025-10-02 01:33:06'),(305,78,'https://picsum.photos/seed/3a57ea59-f8ad-3c96-b1ab-fa95229a438f/800/800','Accusamus voluptas alias nisi.',0,6,'2025-10-02 01:33:06','2025-10-02 01:33:06'),(306,78,'https://picsum.photos/seed/7fc088f2-f34f-30c8-9a5c-8df616bba8f1/800/800','Voluptatem architecto voluptas.',0,9,'2025-10-02 01:33:06','2025-10-02 01:33:06'),(307,79,'https://picsum.photos/seed/6eca99e9-151b-33a5-a29e-d28efca4bdf8/800/800','Nisi illo magni unde.',1,1,'2025-10-02 01:33:06','2025-10-02 01:33:06'),(308,79,'https://picsum.photos/seed/2b45197c-f040-3123-a497-048f3e3d8c91/800/800','Laborum sit sit recusandae.',0,8,'2025-10-02 01:33:06','2025-10-02 01:33:06'),(309,79,'https://picsum.photos/seed/8cfa7d0e-c7b6-33c4-88b1-e32cb8756da9/800/800','Est sunt aperiam at.',0,4,'2025-10-02 01:33:06','2025-10-02 01:33:06'),(310,79,'https://picsum.photos/seed/7010284e-9426-341f-b642-0f39fae17974/800/800','Corrupti ipsam consequatur rem.',0,9,'2025-10-02 01:33:06','2025-10-02 01:33:06'),(311,79,'https://picsum.photos/seed/ca2730c5-e0b3-3ad1-ac7d-c95f9cb9dd77/800/800','Sint aut iste.',0,5,'2025-10-02 01:33:06','2025-10-02 01:33:06'),(312,80,'https://picsum.photos/seed/eed12ae2-3f44-36bc-9d38-854146c15607/800/800','Ad nostrum et.',1,7,'2025-10-02 01:33:06','2025-10-02 01:33:06'),(313,80,'https://picsum.photos/seed/56c61954-5888-33ad-bc4a-6766dd6949bf/800/800','Sapiente rem magnam.',0,7,'2025-10-02 01:33:06','2025-10-02 01:33:06'),(314,80,'https://picsum.photos/seed/d04e53f0-4594-3820-a072-83b9047967ea/800/800','Cum aliquam.',0,1,'2025-10-02 01:33:06','2025-10-02 01:33:06'),(315,80,'https://picsum.photos/seed/6a49e4fb-01b4-3b5b-ab4c-bd2d904af6a4/800/800','Sunt sequi voluptatum.',0,10,'2025-10-02 01:33:06','2025-10-02 01:33:06'),(316,80,'https://picsum.photos/seed/a8b09f1c-d332-3916-8c04-5c71f9faedf1/800/800','Rerum minus voluptatem optio.',0,8,'2025-10-02 01:33:06','2025-10-02 01:33:06'),(317,81,'https://picsum.photos/seed/fdb7b63f-a380-32f1-a8fe-60856005e4f5/800/800','Totam rem maiores.',1,7,'2025-10-02 01:33:06','2025-10-02 01:33:06'),(318,81,'https://picsum.photos/seed/ddcf94d5-9692-3786-8db6-748b1430a073/800/800','Autem eos dolorum.',0,1,'2025-10-02 01:33:06','2025-10-02 01:33:06'),(319,81,'https://picsum.photos/seed/c40c1c80-a28a-35e4-8734-855cd3b9915c/800/800','Sint aliquid placeat.',0,10,'2025-10-02 01:33:06','2025-10-02 01:33:06'),(320,81,'https://picsum.photos/seed/356fba53-7d71-3d77-b3de-2ef1b3a16025/800/800','Molestias eius ut eum.',0,9,'2025-10-02 01:33:06','2025-10-02 01:33:06'),(321,82,'https://picsum.photos/seed/ed88b8cd-65e8-35a4-8680-ca597450cbed/800/800','Rerum dolores velit minima.',1,2,'2025-10-02 01:33:06','2025-10-02 01:33:06'),(322,82,'https://picsum.photos/seed/d0ca3c10-2645-387d-a785-cd7ce7c2c5e5/800/800','Dolores rerum voluptas quas.',0,1,'2025-10-02 01:33:06','2025-10-02 01:33:06'),(323,82,'https://picsum.photos/seed/acc85b9a-72ab-3797-9d77-b3b2b4e30523/800/800','Eaque sint exercitationem.',0,7,'2025-10-02 01:33:06','2025-10-02 01:33:06'),(324,82,'https://picsum.photos/seed/3832d06c-51ca-37b9-858b-61a597765149/800/800','Autem quae dolore.',0,7,'2025-10-02 01:33:06','2025-10-02 01:33:06'),(325,82,'https://picsum.photos/seed/6f7e000b-993f-39b1-91c7-632ae875df4d/800/800','Quasi quisquam.',0,5,'2025-10-02 01:33:06','2025-10-02 01:33:06'),(326,83,'https://picsum.photos/seed/46f726c1-b2c1-30c7-80d3-f96a3dc5f834/800/800','Fugit eligendi voluptates nisi.',1,5,'2025-10-02 01:33:06','2025-10-02 01:33:06'),(327,83,'https://picsum.photos/seed/9807846b-5a1c-3cc7-938d-3b44012477b5/800/800','Pariatur aut alias voluptatem exercitationem.',0,3,'2025-10-02 01:33:06','2025-10-02 01:33:06'),(328,83,'https://picsum.photos/seed/8e2a1704-24aa-36fc-a48d-c46750c03534/800/800','Itaque molestias.',0,1,'2025-10-02 01:33:06','2025-10-02 01:33:06'),(329,84,'https://picsum.photos/seed/1b0f3a5c-d55d-34dc-90da-b4c88a4e61d3/800/800','At voluptates.',1,4,'2025-10-02 01:33:06','2025-10-02 01:33:06'),(330,84,'https://picsum.photos/seed/deab3343-e6cf-31e6-9e97-9065607a3eac/800/800','Aut id saepe.',0,4,'2025-10-02 01:33:06','2025-10-02 01:33:06'),(331,84,'https://picsum.photos/seed/58697190-101c-3b7d-adcc-2731bae4695c/800/800','Eligendi commodi corporis.',0,2,'2025-10-02 01:33:06','2025-10-02 01:33:06'),(332,85,'https://picsum.photos/seed/edfb87dc-c41e-3560-9f17-6167d252eeac/800/800','Quod repellendus sit.',1,9,'2025-10-02 01:33:06','2025-10-02 01:33:06'),(333,85,'https://picsum.photos/seed/06ec0f2f-3471-31ce-99d4-af2d7330e8d4/800/800','Ea voluptatum omnis.',0,10,'2025-10-02 01:33:06','2025-10-02 01:33:06'),(334,85,'https://picsum.photos/seed/8c4f88c8-5704-3560-8e90-a86a73f90ef2/800/800','Accusamus autem ipsam.',0,4,'2025-10-02 01:33:06','2025-10-02 01:33:06'),(335,85,'https://picsum.photos/seed/d218977c-41c7-319f-bde3-2a70b7eb3f3e/800/800','Dignissimos molestiae vel.',0,1,'2025-10-02 01:33:06','2025-10-02 01:33:06'),(336,85,'https://picsum.photos/seed/06116387-08ff-38d5-8d47-94de46115db0/800/800','Quo deleniti odio ducimus.',0,6,'2025-10-02 01:33:06','2025-10-02 01:33:06'),(337,86,'https://picsum.photos/seed/2f90561d-296c-3a97-9c74-cdca5c7902b9/800/800','Ut minus quam dicta.',1,2,'2025-10-02 01:33:06','2025-10-02 01:33:06'),(338,86,'https://picsum.photos/seed/d9096dd0-55c3-39b5-aa07-96b491fffd5b/800/800','Illum et facilis.',0,10,'2025-10-02 01:33:06','2025-10-02 01:33:06'),(339,86,'https://picsum.photos/seed/6b4c7c3e-1064-311f-9f75-0b071950c601/800/800','Voluptas officiis ullam.',0,1,'2025-10-02 01:33:06','2025-10-02 01:33:06'),(340,86,'https://picsum.photos/seed/35887a83-25d7-3781-9a7e-810d1ab469db/800/800','Illo nesciunt amet quis.',0,10,'2025-10-02 01:33:06','2025-10-02 01:33:06'),(341,86,'https://picsum.photos/seed/ffddacff-4ec1-37f6-81ce-79acaeeceaa3/800/800','Qui corrupti quis voluptas.',0,1,'2025-10-02 01:33:06','2025-10-02 01:33:06'),(342,87,'https://picsum.photos/seed/0d664487-1490-31dd-bab1-7a91f0e42c4d/800/800','Et nihil et.',1,7,'2025-10-02 01:33:06','2025-10-02 01:33:06'),(343,87,'https://picsum.photos/seed/4bf17dd1-6485-3d34-9f5c-67037a357ac4/800/800','Qui quos est.',0,8,'2025-10-02 01:33:06','2025-10-02 01:33:06'),(344,87,'https://picsum.photos/seed/36defcc9-8f0b-39c6-9bc7-c88ec69647da/800/800','Vitae dolore optio aspernatur.',0,10,'2025-10-02 01:33:06','2025-10-02 01:33:06'),(345,87,'https://picsum.photos/seed/5cd030a0-1475-3ed2-9e7c-c87cdd66a1ec/800/800','Doloribus soluta.',0,5,'2025-10-02 01:33:06','2025-10-02 01:33:06'),(346,87,'https://picsum.photos/seed/3a783f26-966e-3596-83e7-a37c406e6b8e/800/800','Voluptatem eum vel.',0,4,'2025-10-02 01:33:06','2025-10-02 01:33:06'),(347,88,'https://picsum.photos/seed/12b51fca-d285-3354-8d84-a0f1c9663244/800/800','Impedit distinctio.',1,9,'2025-10-02 01:33:06','2025-10-02 01:33:06'),(348,88,'https://picsum.photos/seed/d11b83c7-1768-3389-af64-1524c1ac36cf/800/800','Aspernatur rerum.',0,6,'2025-10-02 01:33:06','2025-10-02 01:33:06'),(349,88,'https://picsum.photos/seed/e5f9c932-064e-3f34-a93d-5380f358968f/800/800','Delectus ipsam optio.',0,6,'2025-10-02 01:33:06','2025-10-02 01:33:06'),(350,89,'https://picsum.photos/seed/69f5ed8d-19ee-3ec7-86f0-5799f5667c34/800/800','Esse ut nihil.',1,9,'2025-10-02 01:33:06','2025-10-02 01:33:06'),(351,89,'https://picsum.photos/seed/a0810c57-01fe-3f67-90d4-c44f01f4bbea/800/800','Rerum aut id minus.',0,6,'2025-10-02 01:33:06','2025-10-02 01:33:06'),(352,89,'https://picsum.photos/seed/b910a125-c3ee-3588-b404-01862f5900f5/800/800','Ea quo inventore blanditiis.',0,8,'2025-10-02 01:33:06','2025-10-02 01:33:06'),(353,89,'https://picsum.photos/seed/6f430168-3148-3f3e-8339-b45c6d1b309d/800/800','Unde assumenda sed.',0,2,'2025-10-02 01:33:06','2025-10-02 01:33:06'),(354,89,'https://picsum.photos/seed/7bf027af-ce76-33ec-8b30-0a056f8bf653/800/800','In mollitia voluptate distinctio soluta.',0,1,'2025-10-02 01:33:06','2025-10-02 01:33:06'),(355,90,'https://picsum.photos/seed/9d40b74e-582e-342f-a851-df904e76b6f1/800/800','Similique sint repellat.',1,2,'2025-10-02 01:33:06','2025-10-02 01:33:06'),(356,90,'https://picsum.photos/seed/b83aec04-1408-31e7-b22f-9e1a83d7c9b6/800/800','Rerum ut error.',0,8,'2025-10-02 01:33:06','2025-10-02 01:33:06'),(357,90,'https://picsum.photos/seed/b7d4e959-e270-3bbf-997c-ef4e02c94b22/800/800','Incidunt nisi deserunt dolore.',0,7,'2025-10-02 01:33:06','2025-10-02 01:33:06'),(358,90,'https://picsum.photos/seed/ba14b5ac-95cc-3cad-89ce-94696c01c185/800/800','Pariatur accusamus culpa doloribus.',0,4,'2025-10-02 01:33:06','2025-10-02 01:33:06'),(359,90,'https://picsum.photos/seed/22307043-fe43-34c0-805d-a0ef5d95d47f/800/800','Dolorem omnis cupiditate dolor.',0,2,'2025-10-02 01:33:06','2025-10-02 01:33:06'),(360,91,'https://picsum.photos/seed/d6ec1c20-c5fb-34c0-a311-7f7602c0cb71/800/800','Perferendis sed qui.',1,3,'2025-10-02 01:33:06','2025-10-02 01:33:06'),(361,91,'https://picsum.photos/seed/be0123cb-38ca-353e-ae5f-55d520e920a1/800/800','Rerum voluptatum distinctio.',0,5,'2025-10-02 01:33:06','2025-10-02 01:33:06'),(362,91,'https://picsum.photos/seed/5f17a4e4-a65e-3604-8888-71e6f9c6c2a7/800/800','Minima est perspiciatis qui.',0,5,'2025-10-02 01:33:06','2025-10-02 01:33:06'),(363,91,'https://picsum.photos/seed/38850bd0-bc96-30d6-bcc1-aa274dcbfe8c/800/800','Et architecto optio.',0,4,'2025-10-02 01:33:06','2025-10-02 01:33:06'),(364,91,'https://picsum.photos/seed/698096b7-9ec8-3638-b05c-147f4cede23d/800/800','Quasi quidem iure.',0,3,'2025-10-02 01:33:06','2025-10-02 01:33:06'),(365,92,'https://picsum.photos/seed/94ba8df8-24c6-365f-a126-9aecde4daa70/800/800','Aut aperiam sequi.',1,10,'2025-10-02 01:33:06','2025-10-02 01:33:06'),(366,92,'https://picsum.photos/seed/f7e4e552-db15-3024-bf55-3b8ec2e5ff63/800/800','Aliquid qui quam.',0,7,'2025-10-02 01:33:06','2025-10-02 01:33:06'),(367,92,'https://picsum.photos/seed/41740e13-aad7-3008-825c-b6709aa489c9/800/800','Error hic et minus.',0,3,'2025-10-02 01:33:06','2025-10-02 01:33:06'),(368,92,'https://picsum.photos/seed/44eadf5d-5b91-3212-9cb4-584a130a54ac/800/800','Voluptate est.',0,6,'2025-10-02 01:33:06','2025-10-02 01:33:06'),(369,92,'https://picsum.photos/seed/f6554393-ca74-33e2-b859-ecffa02c953c/800/800','Enim expedita odio.',0,3,'2025-10-02 01:33:06','2025-10-02 01:33:06'),(370,93,'https://picsum.photos/seed/e568234a-3623-3f69-aef5-546a1737dc1c/800/800','Facilis deserunt amet voluptas.',1,1,'2025-10-02 01:33:06','2025-10-02 01:33:06'),(371,93,'https://picsum.photos/seed/17c3ce17-76c2-355f-977d-a7244f747335/800/800','Sed et et tempore.',0,3,'2025-10-02 01:33:06','2025-10-02 01:33:06'),(372,93,'https://picsum.photos/seed/9ffa6ac8-a57f-3120-948d-b84cc38043a9/800/800','Est praesentium eveniet eos.',0,3,'2025-10-02 01:33:06','2025-10-02 01:33:06'),(373,93,'https://picsum.photos/seed/eeb073ca-9dee-3f0c-9033-63aaed31a7aa/800/800','Rem et temporibus.',0,1,'2025-10-02 01:33:06','2025-10-02 01:33:06'),(374,94,'https://picsum.photos/seed/c42cda13-d230-3001-b0a4-eb7e1811850b/800/800','Aut porro asperiores.',1,7,'2025-10-02 01:33:06','2025-10-02 01:33:06'),(375,94,'https://picsum.photos/seed/15acb971-03ee-3694-900d-edcf6f7a7710/800/800','Quia id doloribus.',0,6,'2025-10-02 01:33:06','2025-10-02 01:33:06'),(376,94,'https://picsum.photos/seed/9cb6b91f-c598-32ee-846a-aad2e0161116/800/800','Expedita quia ut.',0,3,'2025-10-02 01:33:06','2025-10-02 01:33:06'),(377,95,'https://picsum.photos/seed/a54f200f-242b-3369-a3b6-a03ad1dde0dc/800/800','Possimus dolores voluptatibus dolore.',1,7,'2025-10-02 01:33:06','2025-10-02 01:33:06'),(378,95,'https://picsum.photos/seed/f209ff88-b6bd-3127-a1a6-05d62d1a2544/800/800','Quia quia aperiam in.',0,4,'2025-10-02 01:33:06','2025-10-02 01:33:06'),(379,95,'https://picsum.photos/seed/5f63a697-8260-3c55-a61d-7a3a3af4ff29/800/800','Hic eos molestiae.',0,7,'2025-10-02 01:33:06','2025-10-02 01:33:06'),(380,95,'https://picsum.photos/seed/98656559-a82c-323a-b5ca-912722f19c12/800/800','Odio sed ratione et aut.',0,9,'2025-10-02 01:33:06','2025-10-02 01:33:06'),(381,96,'https://picsum.photos/seed/82f8bed6-bc1a-3639-a988-0cd369880a6c/800/800','Iusto tenetur.',1,4,'2025-10-02 01:33:06','2025-10-02 01:33:06'),(382,96,'https://picsum.photos/seed/314cca22-0e3a-3da6-bf2a-8c03b696bcc9/800/800','Ipsam rem nostrum omnis.',0,6,'2025-10-02 01:33:06','2025-10-02 01:33:06'),(383,96,'https://picsum.photos/seed/2d5622b7-f507-3996-9986-6826781ccee4/800/800','Ut sed ut necessitatibus.',0,10,'2025-10-02 01:33:06','2025-10-02 01:33:06'),(384,96,'https://picsum.photos/seed/78063ffa-6eec-3bbe-b421-9ef971b67a8c/800/800','Ipsam blanditiis quasi ipsa dolor.',0,6,'2025-10-02 01:33:06','2025-10-02 01:33:06'),(385,96,'https://picsum.photos/seed/7d1b7d01-8a2d-3f43-ac74-a8a2061296e8/800/800','Quidem magni in.',0,6,'2025-10-02 01:33:06','2025-10-02 01:33:06'),(386,97,'https://picsum.photos/seed/cc89146a-2ded-3e37-a589-5e204af98f02/800/800','Dolore enim aut voluptas.',1,3,'2025-10-02 01:33:06','2025-10-02 01:33:06'),(387,97,'https://picsum.photos/seed/d8e6c095-67a7-3422-9a98-cfbe69715aa8/800/800','Aut amet mollitia cupiditate et.',0,2,'2025-10-02 01:33:06','2025-10-02 01:33:06'),(388,97,'https://picsum.photos/seed/df38ef6b-84ef-305a-ad90-930b774ffb48/800/800','In nostrum alias in.',0,9,'2025-10-02 01:33:06','2025-10-02 01:33:06'),(389,97,'https://picsum.photos/seed/af6e63ba-723d-3616-837a-561457d518c3/800/800','Accusantium consequatur inventore quia.',0,4,'2025-10-02 01:33:06','2025-10-02 01:33:06'),(390,97,'https://picsum.photos/seed/6edb36b0-b048-3f99-b120-b81cb5d191b1/800/800','Autem sequi ipsum.',0,4,'2025-10-02 01:33:06','2025-10-02 01:33:06'),(391,98,'https://picsum.photos/seed/65bf1a15-3c52-3a7e-8d45-f8f4fff98653/800/800','Voluptatem repellendus dolore quidem.',1,2,'2025-10-02 01:33:06','2025-10-02 01:33:06'),(392,98,'https://picsum.photos/seed/52af6ba0-0ae7-3c8d-9e89-6a8ff6eb3ddd/800/800','Accusamus corporis autem.',0,2,'2025-10-02 01:33:06','2025-10-02 01:33:06'),(393,98,'https://picsum.photos/seed/6ab33169-63f4-3bd1-bb96-f8f37b051b0b/800/800','Optio est.',0,7,'2025-10-02 01:33:06','2025-10-02 01:33:06'),(394,98,'https://picsum.photos/seed/34fbd669-92c1-33c7-8b66-b4dd00c94ef0/800/800','Qui nulla temporibus.',0,6,'2025-10-02 01:33:06','2025-10-02 01:33:06'),(395,99,'https://picsum.photos/seed/e87556dc-b61b-35bd-8fec-32f1166add89/800/800','Ducimus et velit.',1,6,'2025-10-02 01:33:06','2025-10-02 01:33:06'),(396,99,'https://picsum.photos/seed/d87605d6-dff2-3ec8-922e-9ea46e422ba2/800/800','Nesciunt laboriosam ut.',0,6,'2025-10-02 01:33:06','2025-10-02 01:33:06'),(397,99,'https://picsum.photos/seed/4c7e8fad-227c-3455-91a6-ef0df622efd5/800/800','Ut incidunt reiciendis impedit.',0,3,'2025-10-02 01:33:06','2025-10-02 01:33:06'),(398,100,'https://picsum.photos/seed/316578aa-521d-32a3-bd19-af8cdd53e6b0/800/800','Ea autem aut ut.',1,9,'2025-10-02 01:33:06','2025-10-02 01:33:06'),(399,100,'https://picsum.photos/seed/34d193ea-e7fd-314e-9600-2443d29ef746/800/800','Laborum quia corrupti iste quia.',0,3,'2025-10-02 01:33:06','2025-10-02 01:33:06'),(400,100,'https://picsum.photos/seed/e2610233-113d-33ed-80a9-512683a52b1b/800/800','Sequi non dolores dolorem sed.',0,3,'2025-10-02 01:33:06','2025-10-02 01:33:06'),(401,100,'https://picsum.photos/seed/ee2be617-d6f6-3366-8968-154606dbde45/800/800','Doloremque id eum.',0,5,'2025-10-02 01:33:06','2025-10-02 01:33:06');
/*!40000 ALTER TABLE `product_images` ENABLE KEYS */;
UNLOCK TABLES;

--
-- Table structure for table `product_variants`
--

DROP TABLE IF EXISTS `product_variants`;
/*!40101 SET @saved_cs_client     = @@character_set_client */;
/*!50503 SET character_set_client = utf8mb4 */;
CREATE TABLE `product_variants` (
  `variant_id` bigint(20) unsigned NOT NULL AUTO_INCREMENT,
  `product_id` bigint(20) unsigned NOT NULL,
  `sku` varchar(100) NOT NULL,
  `price` decimal(18,2) NOT NULL,
  `discount_price` decimal(18,2) DEFAULT NULL,
  `stock_quantity` int(11) NOT NULL DEFAULT 0,
  `image_id` bigint(20) unsigned DEFAULT NULL,
  `created_at` timestamp NULL DEFAULT NULL,
  `updated_at` timestamp NULL DEFAULT NULL,
  `deleted_at` timestamp NULL DEFAULT NULL,
  PRIMARY KEY (`variant_id`),
  UNIQUE KEY `product_variants_sku_unique` (`sku`),
  KEY `product_variants_product_id_foreign` (`product_id`),
  KEY `product_variants_image_id_foreign` (`image_id`),
  CONSTRAINT `product_variants_image_id_foreign` FOREIGN KEY (`image_id`) REFERENCES `product_images` (`image_id`) ON DELETE SET NULL,
  CONSTRAINT `product_variants_product_id_foreign` FOREIGN KEY (`product_id`) REFERENCES `products` (`product_id`) ON DELETE CASCADE
) ENGINE=InnoDB AUTO_INCREMENT=138 DEFAULT CHARSET=utf8mb4 COLLATE=utf8mb4_unicode_ci;
/*!40101 SET character_set_client = @saved_cs_client */;

--
-- Dumping data for table `product_variants`
--

LOCK TABLES `product_variants` WRITE;
/*!40000 ALTER TABLE `product_variants` DISABLE KEYS */;
INSERT INTO `product_variants` VALUES (1,1,'SKU-31270bv',3812416.00,3733687.00,44,NULL,'2025-10-02 01:33:05','2025-10-02 01:33:05',NULL),(2,1,'SKU-44728ye',1315834.00,1268153.00,18,NULL,'2025-10-02 01:33:05','2025-10-02 01:33:05',NULL),(3,5,'SKU-34424fq',4122141.00,4097144.00,36,NULL,'2025-10-02 01:33:05','2025-10-02 01:33:05',NULL),(4,5,'SKU-92435kk',6084331.00,6068139.00,14,NULL,'2025-10-02 01:33:05','2025-10-02 01:33:05',NULL),(5,5,'SKU-88902qy',13107518.00,13033824.00,13,NULL,'2025-10-02 01:33:05','2025-10-02 01:33:05',NULL),(6,7,'SKU-08709kl',47278497.00,47214452.00,7,NULL,'2025-10-02 01:33:05','2025-10-02 01:33:05',NULL),(7,7,'SKU-69334eh',24915064.00,24834345.00,59,NULL,'2025-10-02 01:33:05','2025-10-02 01:33:05',NULL),(8,11,'SKU-41075xa',1650881.00,1565264.00,66,NULL,'2025-10-02 01:33:05','2025-10-02 01:33:05',NULL),(9,11,'SKU-71132hk',1374272.00,1329504.00,60,NULL,'2025-10-02 01:33:05','2025-10-02 01:33:05',NULL),(10,12,'SKU-02792im',26904078.00,26881393.00,38,NULL,'2025-10-02 01:33:05','2025-10-02 01:33:05',NULL),(11,13,'SKU-29514si',38052725.00,37972115.00,4,NULL,'2025-10-02 01:33:05','2025-10-02 01:33:05',NULL),(12,13,'SKU-31485rn',1630475.00,1582043.00,69,NULL,'2025-10-02 01:33:05','2025-10-02 01:33:05',NULL),(13,14,'SKU-36853yk',24430466.00,24394771.00,87,NULL,'2025-10-02 01:33:05','2025-10-02 01:33:05',NULL),(14,14,'SKU-66715uz',44504937.00,44453315.00,60,NULL,'2025-10-02 01:33:05','2025-10-02 01:33:05',NULL),(15,15,'SKU-37716lr',29027708.00,28986785.00,47,NULL,'2025-10-02 01:33:05','2025-10-02 01:33:05',NULL),(16,16,'SKU-59953ff',22012336.00,21988898.00,22,NULL,'2025-10-02 01:33:05','2025-10-02 01:33:05',NULL),(17,17,'SKU-80873lc',34639889.00,34566807.00,92,NULL,'2025-10-02 01:33:05','2025-10-02 01:33:05',NULL),(18,19,'SKU-56032ys',35537099.00,35445806.00,42,NULL,'2025-10-02 01:33:05','2025-10-02 01:33:05',NULL),(19,19,'SKU-43692kp',48171918.00,48107880.00,99,NULL,'2025-10-02 01:33:05','2025-10-02 01:33:05',NULL),(20,19,'SKU-41672mr',27187908.00,27109478.00,77,NULL,'2025-10-02 01:33:05','2025-10-02 01:33:05',NULL),(21,20,'SKU-29001ih',27799400.00,27718600.00,25,NULL,'2025-10-02 01:33:05','2025-10-02 01:33:05',NULL),(22,20,'SKU-50204kx',7898236.00,7843940.00,64,NULL,'2025-10-02 01:33:05','2025-10-02 01:33:05',NULL),(23,20,'SKU-50575ko',13138056.00,13103212.00,77,NULL,'2025-10-02 01:33:05','2025-10-02 01:33:05',NULL),(24,20,'SKU-98737ae',4020196.00,3999628.00,34,NULL,'2025-10-02 01:33:05','2025-10-02 01:33:05',NULL),(25,21,'SKU-36187in',38042172.00,37958539.00,25,NULL,'2025-10-02 01:33:05','2025-10-02 01:33:05',NULL),(26,21,'SKU-43647yf',29112288.00,29086953.00,11,NULL,'2025-10-02 01:33:05','2025-10-02 01:33:05',NULL),(27,21,'SKU-10820hk',29384068.00,29296569.00,68,NULL,'2025-10-02 01:33:05','2025-10-02 01:33:05',NULL),(28,22,'SKU-65399df',37416512.00,37334837.00,48,NULL,'2025-10-02 01:33:05','2025-10-02 01:33:05',NULL),(29,22,'SKU-53954ss',5758074.00,5707877.00,96,NULL,'2025-10-02 01:33:05','2025-10-02 01:33:05',NULL),(30,22,'SKU-81021ot',31627090.00,31564645.00,54,NULL,'2025-10-02 01:33:05','2025-10-02 01:33:05',NULL),(31,23,'SKU-65929ds',38491356.00,38393045.00,64,NULL,'2025-10-02 01:33:05','2025-10-02 01:33:05',NULL),(32,23,'SKU-01874db',32422098.00,32371242.00,45,NULL,'2025-10-02 01:33:05','2025-10-02 01:33:05',NULL),(33,23,'SKU-46556ep',17434707.00,17411559.00,34,NULL,'2025-10-02 01:33:05','2025-10-02 01:33:05',NULL),(34,24,'SKU-94413pf',34665824.00,34578707.00,49,NULL,'2025-10-02 01:33:05','2025-10-02 01:33:05',NULL),(35,24,'SKU-55536er',14883937.00,14818792.00,80,NULL,'2025-10-02 01:33:05','2025-10-02 01:33:05',NULL),(36,24,'SKU-65269pc',38966477.00,38906846.00,49,NULL,'2025-10-02 01:33:05','2025-10-02 01:33:05',NULL),(37,25,'SKU-04446fq',27197133.00,27110414.00,90,NULL,'2025-10-02 01:33:05','2025-10-02 01:33:05',NULL),(38,25,'SKU-05272dp',48274355.00,48206869.00,55,NULL,'2025-10-02 01:33:05','2025-10-02 01:33:05',NULL),(39,26,'SKU-05400rh',2692458.00,2625069.00,22,NULL,'2025-10-02 01:33:05','2025-10-02 01:33:05',NULL),(40,27,'SKU-31882dk',24328214.00,24228902.00,59,NULL,'2025-10-02 01:33:05','2025-10-02 01:33:05',NULL),(41,27,'SKU-96309wn',6142482.00,6106566.00,34,NULL,'2025-10-02 01:33:05','2025-10-02 01:33:05',NULL),(42,28,'SKU-54398cg',44522666.00,44454362.00,100,NULL,'2025-10-02 01:33:05','2025-10-02 01:33:05',NULL),(43,28,'SKU-99607hl',46126396.00,46076250.00,3,NULL,'2025-10-02 01:33:05','2025-10-02 01:33:05',NULL),(44,28,'SKU-51836tz',13255377.00,13175032.00,28,NULL,'2025-10-02 01:33:05','2025-10-02 01:33:05',NULL),(45,29,'SKU-04655iw',49514451.00,49420315.00,20,NULL,'2025-10-02 01:33:05','2025-10-02 01:33:05',NULL),(46,30,'SKU-55701vw',41321427.00,41283576.00,14,NULL,'2025-10-02 01:33:05','2025-10-02 01:33:05',NULL),(47,30,'SKU-36576bp',10322893.00,10231694.00,4,NULL,'2025-10-02 01:33:05','2025-10-02 01:33:05',NULL),(48,30,'SKU-30910ou',32305530.00,32215192.00,52,NULL,'2025-10-02 01:33:05','2025-10-02 01:33:05',NULL),(49,31,'SKU-00700rk',7300137.00,7274000.00,32,NULL,'2025-10-02 01:33:05','2025-10-02 01:33:05',NULL),(50,31,'SKU-76510kd',23668816.00,23606761.00,39,NULL,'2025-10-02 01:33:05','2025-10-02 01:33:05',NULL),(51,33,'SKU-05285rn',14234574.00,14158338.00,78,NULL,'2025-10-02 01:33:05','2025-10-02 01:33:05',NULL),(52,33,'SKU-75205oc',8194650.00,8167879.00,84,NULL,'2025-10-02 01:33:05','2025-10-02 01:33:05',NULL),(53,36,'SKU-82782ru',42689052.00,42619118.00,15,NULL,'2025-10-02 01:33:05','2025-10-02 01:33:05',NULL),(54,36,'SKU-56691ec',16836390.00,16808333.00,33,NULL,'2025-10-02 01:33:05','2025-10-02 01:33:05',NULL),(55,37,'SKU-85404dk',19716840.00,19673720.00,15,NULL,'2025-10-02 01:33:05','2025-10-02 01:33:05',NULL),(56,37,'SKU-19301vy',42837477.00,42804109.00,38,NULL,'2025-10-02 01:33:05','2025-10-02 01:33:05',NULL),(57,39,'SKU-13140gd',21498351.00,21456371.00,63,NULL,'2025-10-02 01:33:06','2025-10-02 01:33:06',NULL),(58,39,'SKU-25329pc',33143192.00,33094134.00,55,NULL,'2025-10-02 01:33:06','2025-10-02 01:33:06',NULL),(59,39,'SKU-44573rp',8345272.00,8330849.00,49,NULL,'2025-10-02 01:33:06','2025-10-02 01:33:06',NULL),(60,41,'SKU-78800as',7792836.00,7710441.00,75,NULL,'2025-10-02 01:33:06','2025-10-02 01:33:06',NULL),(61,41,'SKU-84880xc',46006241.00,45919667.00,91,NULL,'2025-10-02 01:33:06','2025-10-02 01:33:06',NULL),(62,43,'SKU-10388jl',39955132.00,39870620.00,19,NULL,'2025-10-02 01:33:06','2025-10-02 01:33:06',NULL),(63,43,'SKU-04157kw',14258698.00,14242883.00,70,NULL,'2025-10-02 01:33:06','2025-10-02 01:33:06',NULL),(64,44,'SKU-77186gp',13047386.00,13005382.00,91,NULL,'2025-10-02 01:33:06','2025-10-02 01:33:06',NULL),(65,45,'SKU-57097ac',33514454.00,33494358.00,96,NULL,'2025-10-02 01:33:06','2025-10-02 01:33:06',NULL),(66,45,'SKU-99968mk',23993583.00,23946627.00,84,NULL,'2025-10-02 01:33:06','2025-10-02 01:33:06',NULL),(67,47,'SKU-93173lm',38405592.00,38311096.00,70,NULL,'2025-10-02 01:33:06','2025-10-02 01:33:06',NULL),(68,47,'SKU-02005zn',6650787.00,6575858.00,1,NULL,'2025-10-02 01:33:06','2025-10-02 01:33:06',NULL),(69,49,'SKU-55063br',42687857.00,42673589.00,25,NULL,'2025-10-02 01:33:06','2025-10-02 01:33:06',NULL),(70,50,'SKU-90074tr',36293970.00,36264997.00,38,NULL,'2025-10-02 01:33:06','2025-10-02 01:33:06',NULL),(71,50,'SKU-72581vn',37254856.00,37210516.00,34,NULL,'2025-10-02 01:33:06','2025-10-02 01:33:06',NULL),(72,50,'SKU-02547ka',43766181.00,43687768.00,34,NULL,'2025-10-02 01:33:06','2025-10-02 01:33:06',NULL),(73,52,'SKU-47898of',31101618.00,31015517.00,46,NULL,'2025-10-02 01:33:06','2025-10-02 01:33:06',NULL),(74,52,'SKU-59404hf',24317230.00,24290630.00,40,NULL,'2025-10-02 01:33:06','2025-10-02 01:33:06',NULL),(75,53,'SKU-81007go',27479010.00,27417756.00,48,NULL,'2025-10-02 01:33:06','2025-10-02 01:33:06',NULL),(76,53,'SKU-63556ww',14109644.00,14070391.00,18,NULL,'2025-10-02 01:33:06','2025-10-02 01:33:06',NULL),(77,53,'SKU-77360yy',34483927.00,34395487.00,45,NULL,'2025-10-02 01:33:06','2025-10-02 01:33:06',NULL),(78,57,'SKU-92788uw',23980064.00,23942719.00,65,NULL,'2025-10-02 01:33:06','2025-10-02 01:33:06',NULL),(79,59,'SKU-22458uk',32802879.00,32752093.00,3,NULL,'2025-10-02 01:33:06','2025-10-02 01:33:06',NULL),(80,59,'SKU-34675on',15966029.00,15916210.00,93,NULL,'2025-10-02 01:33:06','2025-10-02 01:33:06',NULL),(81,60,'SKU-74817ag',31941486.00,31859394.00,37,NULL,'2025-10-02 01:33:06','2025-10-02 01:33:06',NULL),(82,60,'SKU-67936hn',44299566.00,44273779.00,30,NULL,'2025-10-02 01:33:06','2025-10-02 01:33:06',NULL),(83,61,'SKU-30106mz',38629026.00,38555394.00,77,NULL,'2025-10-02 01:33:06','2025-10-02 01:33:06',NULL),(84,61,'SKU-71987wz',23616614.00,23541609.00,28,NULL,'2025-10-02 01:33:06','2025-10-02 01:33:06',NULL),(85,61,'SKU-94005sd',13600232.00,13515972.00,34,NULL,'2025-10-02 01:33:06','2025-10-02 01:33:06',NULL),(86,62,'SKU-66301pi',23109548.00,23058572.00,31,NULL,'2025-10-02 01:33:06','2025-10-02 01:33:06',NULL),(87,62,'SKU-22285eu',30551834.00,30490850.00,33,NULL,'2025-10-02 01:33:06','2025-10-02 01:33:06',NULL),(88,62,'SKU-97801us',12701119.00,12662266.00,23,NULL,'2025-10-02 01:33:06','2025-10-02 01:33:06',NULL),(89,63,'SKU-57857hl',49917543.00,49892460.00,92,NULL,'2025-10-02 01:33:06','2025-10-02 01:33:06',NULL),(90,63,'SKU-70086iz',7141178.00,7093593.00,95,NULL,'2025-10-02 01:33:06','2025-10-02 01:33:06',NULL),(91,63,'SKU-92337gz',33684336.00,33643449.00,59,NULL,'2025-10-02 01:33:06','2025-10-02 01:33:06',NULL),(92,66,'SKU-10288qt',39826698.00,39802440.00,66,NULL,'2025-10-02 01:33:06','2025-10-02 01:33:06',NULL),(93,66,'SKU-00202kd',30130633.00,30100508.00,9,NULL,'2025-10-02 01:33:06','2025-10-02 01:33:06',NULL),(94,66,'SKU-26824qx',45898749.00,45850948.00,34,NULL,'2025-10-02 01:33:06','2025-10-02 01:33:06',NULL),(95,67,'SKU-50804al',1423996.00,1409736.00,55,NULL,'2025-10-02 01:33:06','2025-10-02 01:33:06',NULL),(96,67,'SKU-33519yg',36928663.00,36883566.00,59,NULL,'2025-10-02 01:33:06','2025-10-02 01:33:06',NULL),(97,67,'SKU-11923uj',39350167.00,39260422.00,88,NULL,'2025-10-02 01:33:06','2025-10-02 01:33:06',NULL),(98,68,'SKU-81699xt',32774906.00,32729692.00,71,NULL,'2025-10-02 01:33:06','2025-10-02 01:33:06',NULL),(99,68,'SKU-52542md',33241112.00,33211057.00,71,NULL,'2025-10-02 01:33:06','2025-10-02 01:33:06',NULL),(100,68,'SKU-96371qh',8622176.00,8570621.00,89,NULL,'2025-10-02 01:33:06','2025-10-02 01:33:06',NULL),(101,75,'SKU-13407vh',32937601.00,32850356.00,6,NULL,'2025-10-02 01:33:06','2025-10-02 01:33:06',NULL),(102,75,'SKU-50932ey',24126323.00,24093637.00,93,NULL,'2025-10-02 01:33:06','2025-10-02 01:33:06',NULL),(103,76,'SKU-83954yv',2483954.00,2466545.00,2,NULL,'2025-10-02 01:33:06','2025-10-02 01:33:06',NULL),(104,77,'SKU-06211sw',371173.00,293221.00,71,NULL,'2025-10-02 01:33:06','2025-10-02 01:33:06',NULL),(105,77,'SKU-20898nm',16180325.00,16135496.00,29,NULL,'2025-10-02 01:33:06','2025-10-02 01:33:06',NULL),(106,77,'SKU-42377nb',41269071.00,41249071.00,8,NULL,'2025-10-02 01:33:06','2025-10-02 01:33:06',NULL),(107,79,'SKU-49271kr',3260802.00,3167885.00,62,NULL,'2025-10-02 01:33:06','2025-10-02 01:33:06',NULL),(108,80,'SKU-40478jm',32639896.00,32542479.00,100,NULL,'2025-10-02 01:33:06','2025-10-02 01:33:06',NULL),(109,80,'SKU-37143cw',31946165.00,31857248.00,77,NULL,'2025-10-02 01:33:06','2025-10-02 01:33:06',NULL),(110,81,'SKU-75780fk',37533687.00,37465090.00,55,NULL,'2025-10-02 01:33:06','2025-10-02 01:33:06',NULL),(111,81,'SKU-98879sy',11997578.00,11915270.00,12,NULL,'2025-10-02 01:33:06','2025-10-02 01:33:06',NULL),(112,81,'SKU-91160bc',33651046.00,33604137.00,98,NULL,'2025-10-02 01:33:06','2025-10-02 01:33:06',NULL),(113,82,'SKU-76497ln',6754732.00,6707049.00,73,NULL,'2025-10-02 01:33:06','2025-10-02 01:33:06',NULL),(114,83,'SKU-61637uo',40261519.00,40226144.00,87,NULL,'2025-10-02 01:33:06','2025-10-02 01:33:06',NULL),(115,83,'SKU-35008sp',11219774.00,11196414.00,50,NULL,'2025-10-02 01:33:06','2025-10-02 01:33:06',NULL),(116,83,'SKU-07988ot',43370497.00,43277714.00,72,NULL,'2025-10-02 01:33:06','2025-10-02 01:33:06',NULL),(117,84,'SKU-32485kz',40180969.00,40161663.00,66,NULL,'2025-10-02 01:33:06','2025-10-02 01:33:06',NULL),(118,84,'SKU-36761xo',22323449.00,22311455.00,26,NULL,'2025-10-02 01:33:06','2025-10-02 01:33:06',NULL),(119,85,'SKU-71056fk',31334877.00,31260168.00,50,NULL,'2025-10-02 01:33:06','2025-10-02 01:33:06',NULL),(120,86,'SKU-14254uu',30030119.00,30005808.00,81,NULL,'2025-10-02 01:33:06','2025-10-02 01:33:06',NULL),(121,89,'SKU-18231yl',18642590.00,18611514.00,23,NULL,'2025-10-02 01:33:06','2025-10-02 01:33:06',NULL),(122,89,'SKU-02042sy',31724334.00,31625772.00,32,NULL,'2025-10-02 01:33:06','2025-10-02 01:33:06',NULL),(123,89,'SKU-09876dg',12279952.00,12187888.00,13,NULL,'2025-10-02 01:33:06','2025-10-02 01:33:06',NULL),(124,90,'SKU-12232hb',15173072.00,15091740.00,79,NULL,'2025-10-02 01:33:06','2025-10-02 01:33:06',NULL),(125,90,'SKU-20294sg',40122304.00,40045624.00,36,NULL,'2025-10-02 01:33:06','2025-10-02 01:33:06',NULL),(126,92,'SKU-31184lt',38077331.00,37985550.00,76,NULL,'2025-10-02 01:33:06','2025-10-02 01:33:06',NULL),(127,94,'SKU-99956vc',30674060.00,30662261.00,33,NULL,'2025-10-02 01:33:06','2025-10-02 01:33:06',NULL),(128,94,'SKU-03849mz',35493728.00,35409076.00,19,NULL,'2025-10-02 01:33:06','2025-10-02 01:33:06',NULL),(129,94,'SKU-06806mp',30178977.00,30163878.00,52,NULL,'2025-10-02 01:33:06','2025-10-02 01:33:06',NULL),(130,95,'SKU-80290kv',10166105.00,10134447.00,68,NULL,'2025-10-02 01:33:06','2025-10-02 01:33:06',NULL),(131,95,'SKU-19160uq',8447323.00,8415003.00,11,NULL,'2025-10-02 01:33:06','2025-10-02 01:33:06',NULL),(132,97,'SKU-42181ha',26204922.00,26188159.00,9,NULL,'2025-10-02 01:33:06','2025-10-02 01:33:06',NULL),(133,97,'SKU-87530zz',32437457.00,32338739.00,26,NULL,'2025-10-02 01:33:06','2025-10-02 01:33:06',NULL),(134,98,'SKU-71356ex',45549413.00,45527601.00,17,NULL,'2025-10-02 01:33:06','2025-10-02 01:33:06',NULL),(135,98,'SKU-79443ju',26301495.00,26214438.00,52,NULL,'2025-10-02 01:33:06','2025-10-02 01:33:06',NULL),(136,99,'SKU-07166bp',42341039.00,42272792.00,45,NULL,'2025-10-02 01:33:06','2025-10-02 01:33:06',NULL),(137,99,'SKU-08914fw',8947991.00,8852099.00,65,NULL,'2025-10-02 01:33:06','2025-10-02 01:33:06',NULL);
/*!40000 ALTER TABLE `product_variants` ENABLE KEYS */;
UNLOCK TABLES;

--
-- Table structure for table `product_views`
--

DROP TABLE IF EXISTS `product_views`;
/*!40101 SET @saved_cs_client     = @@character_set_client */;
/*!50503 SET character_set_client = utf8mb4 */;
CREATE TABLE `product_views` (
  `product_view_id` bigint(20) unsigned NOT NULL AUTO_INCREMENT,
  `user_id` bigint(20) unsigned NOT NULL,
  `product_id` bigint(20) unsigned NOT NULL,
  `view_count` int(11) NOT NULL DEFAULT 1,
  `last_viewed` timestamp NOT NULL DEFAULT current_timestamp() ON UPDATE current_timestamp(),
  PRIMARY KEY (`product_view_id`),
  UNIQUE KEY `product_views_user_id_product_id_unique` (`user_id`,`product_id`),
  KEY `product_views_product_id_foreign` (`product_id`),
  CONSTRAINT `product_views_product_id_foreign` FOREIGN KEY (`product_id`) REFERENCES `products` (`product_id`) ON DELETE CASCADE,
  CONSTRAINT `product_views_user_id_foreign` FOREIGN KEY (`user_id`) REFERENCES `users` (`id`) ON DELETE CASCADE
) ENGINE=InnoDB AUTO_INCREMENT=3317 DEFAULT CHARSET=utf8mb4 COLLATE=utf8mb4_unicode_ci;
/*!40101 SET character_set_client = @saved_cs_client */;

--
-- Dumping data for table `product_views`
--

LOCK TABLES `product_views` WRITE;
/*!40000 ALTER TABLE `product_views` DISABLE KEYS */;
INSERT INTO `product_views` VALUES (1,22,5,2,'2025-10-02 01:33:10'),(2,22,11,2,'2025-10-02 01:33:10'),(3,22,13,2,'2025-10-02 01:33:10'),(4,22,14,2,'2025-10-02 01:33:10'),(5,22,15,2,'2025-10-02 01:33:10'),(6,22,16,2,'2025-10-02 01:33:10'),(7,22,29,2,'2025-10-02 01:33:10'),(8,22,30,2,'2025-10-02 01:33:10'),(9,22,31,2,'2025-10-02 01:33:10'),(10,22,36,2,'2025-10-02 01:33:10'),(11,22,39,2,'2025-10-02 01:33:10'),(12,22,41,2,'2025-10-02 01:33:10'),(13,22,45,2,'2025-10-02 01:33:10'),(14,22,47,2,'2025-10-02 01:33:10'),(15,22,51,2,'2025-10-02 01:33:10'),(16,22,61,2,'2025-10-02 01:33:10'),(17,22,62,2,'2025-10-02 01:33:10'),(18,22,63,2,'2025-10-02 01:33:10'),(19,22,66,2,'2025-10-02 01:33:10'),(20,22,67,2,'2025-10-02 01:33:10'),(21,22,76,2,'2025-10-02 01:33:10'),(22,22,81,2,'2025-10-02 01:33:10'),(23,22,85,2,'2025-10-02 01:33:10'),(24,22,89,2,'2025-10-02 01:33:10'),(25,22,92,2,'2025-10-02 01:33:10'),(26,22,95,2,'2025-10-02 01:33:10'),(27,23,1,2,'2025-10-02 01:33:10'),(28,23,2,2,'2025-10-02 01:33:10'),(29,23,7,2,'2025-10-02 01:33:10'),(30,23,8,2,'2025-10-02 01:33:10'),(31,23,11,2,'2025-10-02 01:33:10'),(32,23,12,2,'2025-10-02 01:33:10'),(33,23,13,2,'2025-10-02 01:33:10'),(34,23,14,2,'2025-10-02 01:33:10'),(35,23,17,2,'2025-10-02 01:33:10'),(36,23,22,2,'2025-10-02 01:33:10'),(37,23,30,2,'2025-10-02 01:33:10'),(38,23,31,2,'2025-10-02 01:33:10'),(39,23,33,2,'2025-10-02 01:33:10'),(40,23,36,2,'2025-10-02 01:33:10'),(41,23,40,2,'2025-10-02 01:33:10'),(42,23,51,2,'2025-10-02 01:33:10'),(43,23,54,2,'2025-10-02 01:33:10'),(44,23,56,2,'2025-10-02 01:33:10'),(45,23,57,2,'2025-10-02 01:33:11'),(46,23,63,2,'2025-10-02 01:33:11'),(47,23,64,2,'2025-10-02 01:33:11'),(48,23,69,2,'2025-10-02 01:33:11'),(49,23,74,2,'2025-10-02 01:33:11'),(50,23,81,2,'2025-10-02 01:33:11'),(51,23,82,2,'2025-10-02 01:33:11'),(52,23,84,2,'2025-10-02 01:33:11'),(53,23,85,2,'2025-10-02 01:33:11'),(54,23,94,2,'2025-10-02 01:33:11'),(55,23,97,2,'2025-10-02 01:33:11'),(56,23,98,2,'2025-10-02 01:33:11'),(57,23,99,2,'2025-10-02 01:33:11'),(58,23,100,2,'2025-10-02 01:33:11'),(59,24,3,2,'2025-10-02 01:33:11'),(60,24,5,2,'2025-10-02 01:33:11'),(61,24,6,2,'2025-10-02 01:33:11'),(62,24,15,2,'2025-10-02 01:33:11'),(63,24,18,2,'2025-10-02 01:33:11'),(64,24,19,2,'2025-10-02 01:33:11'),(65,24,22,2,'2025-10-02 01:33:11'),(66,24,26,2,'2025-10-02 01:33:11'),(67,24,28,2,'2025-10-02 01:33:11'),(68,24,36,2,'2025-10-02 01:33:11'),(69,24,46,2,'2025-10-02 01:33:11'),(70,24,47,2,'2025-10-02 01:33:11'),(71,24,49,2,'2025-10-02 01:33:11'),(72,24,56,2,'2025-10-02 01:33:11'),(73,24,58,2,'2025-10-02 01:33:11'),(74,24,63,2,'2025-10-02 01:33:11'),(75,24,66,2,'2025-10-02 01:33:11'),(76,24,67,2,'2025-10-02 01:33:11'),(77,24,80,2,'2025-10-02 01:33:11'),(78,24,90,2,'2025-10-02 01:33:11'),(79,25,2,2,'2025-10-02 01:33:11'),(80,25,3,2,'2025-10-02 01:33:11'),(81,25,4,2,'2025-10-02 01:33:11'),(82,25,5,2,'2025-10-02 01:33:11'),(83,25,6,2,'2025-10-02 01:33:11'),(84,25,8,2,'2025-10-02 01:33:11'),(85,25,9,2,'2025-10-02 01:33:11'),(86,25,11,2,'2025-10-02 01:33:11'),(87,25,12,2,'2025-10-02 01:33:11'),(88,25,13,2,'2025-10-02 01:33:11'),(89,25,14,2,'2025-10-02 01:33:11'),(90,25,15,2,'2025-10-02 01:33:11'),(91,25,17,2,'2025-10-02 01:33:11'),(92,25,23,2,'2025-10-02 01:33:11'),(93,25,24,2,'2025-10-02 01:33:11'),(94,25,27,2,'2025-10-02 01:33:11'),(95,25,28,2,'2025-10-02 01:33:11'),(96,25,31,2,'2025-10-02 01:33:11'),(97,25,33,2,'2025-10-02 01:33:11'),(98,25,35,2,'2025-10-02 01:33:11'),(99,25,36,2,'2025-10-02 01:33:11'),(100,25,38,2,'2025-10-02 01:33:11'),(101,25,40,2,'2025-10-02 01:33:11'),(102,25,43,2,'2025-10-02 01:33:11'),(103,25,45,2,'2025-10-02 01:33:11'),(104,25,46,2,'2025-10-02 01:33:11'),(105,25,47,2,'2025-10-02 01:33:11'),(106,25,49,2,'2025-10-02 01:33:11'),(107,25,50,2,'2025-10-02 01:33:11'),(108,25,52,2,'2025-10-02 01:33:11'),(109,25,55,2,'2025-10-02 01:33:11'),(110,25,56,2,'2025-10-02 01:33:11'),(111,25,57,2,'2025-10-02 01:33:11'),(112,25,63,2,'2025-10-02 01:33:11'),(113,25,65,2,'2025-10-02 01:33:11'),(114,25,69,2,'2025-10-02 01:33:11'),(115,25,70,2,'2025-10-02 01:33:11'),(116,25,72,2,'2025-10-02 01:33:11'),(117,25,76,2,'2025-10-02 01:33:11'),(118,25,83,2,'2025-10-02 01:33:11'),(119,25,84,2,'2025-10-02 01:33:11'),(120,25,85,2,'2025-10-02 01:33:11'),(121,25,86,2,'2025-10-02 01:33:11'),(122,25,87,2,'2025-10-02 01:33:11'),(123,25,88,2,'2025-10-02 01:33:11'),(124,25,89,2,'2025-10-02 01:33:11'),(125,25,90,2,'2025-10-02 01:33:11'),(126,25,96,2,'2025-10-02 01:33:11'),(127,25,99,2,'2025-10-02 01:33:11'),(128,26,5,2,'2025-10-02 01:33:11'),(129,26,6,2,'2025-10-02 01:33:11'),(130,26,10,2,'2025-10-02 01:33:11'),(131,26,15,2,'2025-10-02 01:33:11'),(132,26,17,2,'2025-10-02 01:33:11'),(133,26,28,2,'2025-10-02 01:33:11'),(134,26,29,2,'2025-10-02 01:33:11'),(135,26,30,2,'2025-10-02 01:33:11'),(136,26,31,2,'2025-10-02 01:33:11'),(137,26,33,2,'2025-10-02 01:33:11'),(138,26,34,2,'2025-10-02 01:33:11'),(139,26,35,2,'2025-10-02 01:33:11'),(140,26,39,2,'2025-10-02 01:33:11'),(141,26,43,2,'2025-10-02 01:33:11'),(142,26,46,2,'2025-10-02 01:33:11'),(143,26,48,2,'2025-10-02 01:33:11'),(144,26,51,2,'2025-10-02 01:33:11'),(145,26,54,2,'2025-10-02 01:33:11'),(146,26,55,2,'2025-10-02 01:33:11'),(147,26,56,2,'2025-10-02 01:33:11'),(148,26,62,2,'2025-10-02 01:33:11'),(149,26,67,2,'2025-10-02 01:33:11'),(150,26,68,2,'2025-10-02 01:33:11'),(151,26,69,2,'2025-10-02 01:33:11'),(152,26,71,2,'2025-10-02 01:33:11'),(153,26,76,2,'2025-10-02 01:33:11'),(154,26,77,2,'2025-10-02 01:33:11'),(155,26,78,2,'2025-10-02 01:33:11'),(156,26,81,2,'2025-10-02 01:33:11'),(157,26,84,2,'2025-10-02 01:33:11'),(158,26,93,2,'2025-10-02 01:33:11'),(159,26,99,2,'2025-10-02 01:33:11'),(160,27,4,2,'2025-10-02 01:33:11'),(161,27,20,2,'2025-10-02 01:33:11'),(162,27,30,2,'2025-10-02 01:33:11'),(163,27,32,2,'2025-10-02 01:33:11'),(164,27,34,2,'2025-10-02 01:33:11'),(165,27,35,2,'2025-10-02 01:33:11'),(166,27,37,2,'2025-10-02 01:33:11'),(167,27,39,2,'2025-10-02 01:33:11'),(168,27,40,2,'2025-10-02 01:33:11'),(169,27,43,2,'2025-10-02 01:33:11'),(170,27,44,2,'2025-10-02 01:33:11'),(171,27,46,2,'2025-10-02 01:33:11'),(172,27,48,2,'2025-10-02 01:33:11'),(173,27,50,2,'2025-10-02 01:33:11'),(174,27,51,2,'2025-10-02 01:33:11'),(175,27,54,2,'2025-10-02 01:33:11'),(176,27,58,2,'2025-10-02 01:33:11'),(177,27,59,2,'2025-10-02 01:33:11'),(178,27,67,2,'2025-10-02 01:33:11'),(179,27,69,2,'2025-10-02 01:33:11'),(180,27,72,2,'2025-10-02 01:33:11'),(181,27,86,2,'2025-10-02 01:33:11'),(182,27,87,2,'2025-10-02 01:33:11'),(183,27,88,2,'2025-10-02 01:33:11'),(184,27,93,2,'2025-10-02 01:33:11'),(185,27,95,2,'2025-10-02 01:33:11'),(186,27,97,2,'2025-10-02 01:33:11'),(187,27,100,2,'2025-10-02 01:33:11'),(188,28,1,2,'2025-10-02 01:33:11'),(189,28,9,2,'2025-10-02 01:33:11'),(190,28,12,2,'2025-10-02 01:33:11'),(191,28,13,2,'2025-10-02 01:33:11'),(192,28,14,2,'2025-10-02 01:33:11'),(193,28,16,2,'2025-10-02 01:33:11'),(194,28,17,2,'2025-10-02 01:33:11'),(195,28,22,2,'2025-10-02 01:33:11'),(196,28,25,2,'2025-10-02 01:33:11'),(197,28,29,2,'2025-10-02 01:33:11'),(198,28,31,2,'2025-10-02 01:33:11'),(199,28,32,2,'2025-10-02 01:33:11'),(200,28,34,2,'2025-10-02 01:33:11'),(201,28,36,2,'2025-10-02 01:33:11'),(202,28,37,2,'2025-10-02 01:33:11'),(203,28,46,2,'2025-10-02 01:33:11'),(204,28,48,2,'2025-10-02 01:33:11'),(205,28,51,2,'2025-10-02 01:33:11'),(206,28,54,2,'2025-10-02 01:33:11'),(207,28,60,2,'2025-10-02 01:33:11'),(208,28,61,2,'2025-10-02 01:33:11'),(209,28,63,2,'2025-10-02 01:33:11'),(210,28,66,2,'2025-10-02 01:33:11'),(211,28,67,2,'2025-10-02 01:33:11'),(212,28,69,2,'2025-10-02 01:33:11'),(213,28,76,2,'2025-10-02 01:33:11'),(214,28,77,2,'2025-10-02 01:33:11'),(215,28,80,2,'2025-10-02 01:33:11'),(216,28,81,2,'2025-10-02 01:33:11'),(217,28,82,2,'2025-10-02 01:33:11'),(218,28,84,2,'2025-10-02 01:33:11'),(219,28,85,2,'2025-10-02 01:33:11'),(220,28,86,2,'2025-10-02 01:33:11'),(221,28,88,2,'2025-10-02 01:33:11'),(222,28,91,2,'2025-10-02 01:33:11'),(223,28,94,2,'2025-10-02 01:33:11'),(224,29,5,2,'2025-10-02 01:33:11'),(225,29,10,2,'2025-10-02 01:33:11'),(226,29,18,2,'2025-10-02 01:33:11'),(227,29,27,2,'2025-10-02 01:33:11'),(228,29,29,2,'2025-10-02 01:33:11'),(229,29,31,2,'2025-10-02 01:33:11'),(230,29,34,2,'2025-10-02 01:33:11'),(231,29,36,2,'2025-10-02 01:33:11'),(232,29,54,2,'2025-10-02 01:33:11'),(233,29,57,2,'2025-10-02 01:33:11'),(234,29,60,2,'2025-10-02 01:33:11'),(235,29,61,2,'2025-10-02 01:33:11'),(236,29,62,2,'2025-10-02 01:33:11'),(237,29,63,2,'2025-10-02 01:33:11'),(238,29,66,2,'2025-10-02 01:33:11'),(239,29,75,2,'2025-10-02 01:33:11'),(240,29,77,2,'2025-10-02 01:33:11'),(241,29,79,2,'2025-10-02 01:33:11'),(242,29,85,2,'2025-10-02 01:33:11'),(243,29,91,2,'2025-10-02 01:33:11'),(244,29,92,2,'2025-10-02 01:33:11'),(245,29,100,2,'2025-10-02 01:33:11'),(246,30,3,2,'2025-10-02 01:33:11'),(247,30,5,2,'2025-10-02 01:33:11'),(248,30,11,2,'2025-10-02 01:33:11'),(249,30,22,2,'2025-10-02 01:33:11'),(250,30,23,2,'2025-10-02 01:33:11'),(251,30,29,2,'2025-10-02 01:33:11'),(252,30,30,2,'2025-10-02 01:33:11'),(253,30,32,2,'2025-10-02 01:33:11'),(254,30,34,2,'2025-10-02 01:33:11'),(255,30,37,2,'2025-10-02 01:33:11'),(256,30,44,2,'2025-10-02 01:33:11'),(257,30,45,2,'2025-10-02 01:33:11'),(258,30,48,2,'2025-10-02 01:33:11'),(259,30,51,2,'2025-10-02 01:33:11'),(260,30,55,2,'2025-10-02 01:33:11'),(261,30,56,2,'2025-10-02 01:33:11'),(262,30,58,2,'2025-10-02 01:33:11'),(263,30,61,2,'2025-10-02 01:33:11'),(264,30,62,2,'2025-10-02 01:33:11'),(265,30,63,2,'2025-10-02 01:33:11'),(266,30,70,2,'2025-10-02 01:33:11'),(267,30,75,2,'2025-10-02 01:33:11'),(268,30,91,2,'2025-10-02 01:33:11'),(269,30,94,2,'2025-10-02 01:33:11'),(270,30,99,2,'2025-10-02 01:33:11'),(271,31,4,2,'2025-10-02 01:33:11'),(272,31,6,2,'2025-10-02 01:33:11'),(273,31,9,2,'2025-10-02 01:33:11'),(274,31,11,2,'2025-10-02 01:33:11'),(275,31,12,2,'2025-10-02 01:33:11'),(276,31,20,2,'2025-10-02 01:33:11'),(277,31,21,2,'2025-10-02 01:33:11'),(278,31,25,2,'2025-10-02 01:33:11'),(279,31,27,2,'2025-10-02 01:33:11'),(280,31,30,2,'2025-10-02 01:33:11'),(281,31,32,2,'2025-10-02 01:33:11'),(282,31,33,2,'2025-10-02 01:33:11'),(283,31,34,2,'2025-10-02 01:33:11'),(284,31,35,2,'2025-10-02 01:33:11'),(285,31,39,2,'2025-10-02 01:33:11'),(286,31,41,2,'2025-10-02 01:33:11'),(287,31,44,2,'2025-10-02 01:33:11'),(288,31,50,2,'2025-10-02 01:33:11'),(289,31,51,2,'2025-10-02 01:33:11'),(290,31,52,2,'2025-10-02 01:33:11'),(291,31,55,2,'2025-10-02 01:33:11'),(292,31,56,2,'2025-10-02 01:33:11'),(293,31,57,2,'2025-10-02 01:33:11'),(294,31,58,2,'2025-10-02 01:33:11'),(295,31,60,2,'2025-10-02 01:33:11'),(296,31,62,2,'2025-10-02 01:33:11'),(297,31,67,2,'2025-10-02 01:33:11'),(298,31,69,2,'2025-10-02 01:33:11'),(299,31,70,2,'2025-10-02 01:33:11'),(300,31,71,2,'2025-10-02 01:33:11'),(301,31,74,2,'2025-10-02 01:33:11'),(302,31,76,2,'2025-10-02 01:33:11'),(303,31,77,2,'2025-10-02 01:33:11'),(304,31,78,2,'2025-10-02 01:33:11'),(305,31,79,2,'2025-10-02 01:33:11'),(306,31,80,2,'2025-10-02 01:33:11'),(307,31,81,2,'2025-10-02 01:33:11'),(308,31,84,2,'2025-10-02 01:33:11'),(309,31,92,2,'2025-10-02 01:33:11'),(310,31,95,2,'2025-10-02 01:33:11'),(311,31,96,2,'2025-10-02 01:33:11'),(312,31,97,2,'2025-10-02 01:33:11'),(313,31,98,2,'2025-10-02 01:33:11'),(314,31,99,2,'2025-10-02 01:33:11'),(315,32,12,2,'2025-10-02 01:33:11'),(316,32,13,2,'2025-10-02 01:33:11'),(317,32,17,2,'2025-10-02 01:33:11'),(318,32,19,2,'2025-10-02 01:33:11'),(319,32,31,2,'2025-10-02 01:33:11'),(320,32,34,2,'2025-10-02 01:33:11'),(321,32,37,2,'2025-10-02 01:33:11'),(322,32,47,2,'2025-10-02 01:33:11'),(323,32,55,2,'2025-10-02 01:33:11'),(324,32,63,2,'2025-10-02 01:33:11'),(325,32,67,2,'2025-10-02 01:33:11'),(326,32,68,2,'2025-10-02 01:33:11'),(327,32,69,2,'2025-10-02 01:33:11'),(328,32,74,2,'2025-10-02 01:33:11'),(329,32,77,2,'2025-10-02 01:33:11'),(330,32,81,2,'2025-10-02 01:33:11'),(331,32,84,2,'2025-10-02 01:33:11'),(332,32,86,2,'2025-10-02 01:33:11'),(333,32,87,2,'2025-10-02 01:33:11'),(334,32,89,2,'2025-10-02 01:33:11'),(335,32,93,2,'2025-10-02 01:33:11'),(336,33,6,2,'2025-10-02 01:33:11'),(337,33,12,2,'2025-10-02 01:33:11'),(338,33,14,2,'2025-10-02 01:33:11'),(339,33,15,2,'2025-10-02 01:33:11'),(340,33,16,2,'2025-10-02 01:33:11'),(341,33,17,2,'2025-10-02 01:33:11'),(342,33,18,2,'2025-10-02 01:33:11'),(343,33,19,2,'2025-10-02 01:33:11'),(344,33,22,2,'2025-10-02 01:33:11'),(345,33,24,2,'2025-10-02 01:33:11'),(346,33,25,2,'2025-10-02 01:33:11'),(347,33,27,2,'2025-10-02 01:33:11'),(348,33,28,2,'2025-10-02 01:33:11'),(349,33,29,2,'2025-10-02 01:33:11'),(350,33,33,2,'2025-10-02 01:33:11'),(351,33,36,2,'2025-10-02 01:33:11'),(352,33,37,2,'2025-10-02 01:33:11'),(353,33,40,2,'2025-10-02 01:33:11'),(354,33,42,2,'2025-10-02 01:33:11'),(355,33,45,2,'2025-10-02 01:33:11'),(356,33,48,2,'2025-10-02 01:33:11'),(357,33,53,2,'2025-10-02 01:33:11'),(358,33,54,2,'2025-10-02 01:33:11'),(359,33,56,2,'2025-10-02 01:33:11'),(360,33,57,2,'2025-10-02 01:33:11'),(361,33,60,2,'2025-10-02 01:33:11'),(362,33,63,2,'2025-10-02 01:33:11'),(363,33,65,2,'2025-10-02 01:33:11'),(364,33,66,2,'2025-10-02 01:33:11'),(365,33,67,2,'2025-10-02 01:33:11'),(366,33,69,2,'2025-10-02 01:33:11'),(367,33,70,2,'2025-10-02 01:33:11'),(368,33,75,2,'2025-10-02 01:33:11'),(369,33,76,2,'2025-10-02 01:33:11'),(370,33,78,2,'2025-10-02 01:33:11'),(371,33,79,2,'2025-10-02 01:33:11'),(372,33,81,2,'2025-10-02 01:33:11'),(373,33,83,2,'2025-10-02 01:33:11'),(374,33,84,2,'2025-10-02 01:33:11'),(375,33,87,2,'2025-10-02 01:33:11'),(376,33,92,2,'2025-10-02 01:33:11'),(377,33,93,2,'2025-10-02 01:33:11'),(378,33,94,2,'2025-10-02 01:33:11'),(379,33,95,2,'2025-10-02 01:33:11'),(380,33,96,2,'2025-10-02 01:33:11'),(381,33,97,2,'2025-10-02 01:33:11'),(382,33,98,2,'2025-10-02 01:33:11'),(383,33,99,2,'2025-10-02 01:33:11'),(384,33,100,2,'2025-10-02 01:33:11'),(385,34,1,2,'2025-10-02 01:33:11'),(386,34,2,2,'2025-10-02 01:33:11'),(387,34,3,2,'2025-10-02 01:33:11'),(388,34,13,2,'2025-10-02 01:33:11'),(389,34,24,2,'2025-10-02 01:33:11'),(390,34,27,2,'2025-10-02 01:33:11'),(391,34,29,2,'2025-10-02 01:33:11'),(392,34,30,2,'2025-10-02 01:33:11'),(393,34,31,2,'2025-10-02 01:33:11'),(394,34,37,2,'2025-10-02 01:33:11'),(395,34,39,2,'2025-10-02 01:33:12'),(396,34,43,2,'2025-10-02 01:33:12'),(397,34,47,2,'2025-10-02 01:33:12'),(398,34,49,2,'2025-10-02 01:33:12'),(399,34,50,2,'2025-10-02 01:33:12'),(400,34,54,2,'2025-10-02 01:33:12'),(401,34,59,2,'2025-10-02 01:33:12'),(402,34,63,2,'2025-10-02 01:33:12'),(403,34,66,2,'2025-10-02 01:33:12'),(404,34,68,2,'2025-10-02 01:33:12'),(405,34,69,2,'2025-10-02 01:33:12'),(406,34,72,2,'2025-10-02 01:33:12'),(407,34,75,2,'2025-10-02 01:33:12'),(408,34,77,2,'2025-10-02 01:33:12'),(409,34,79,2,'2025-10-02 01:33:12'),(410,34,82,2,'2025-10-02 01:33:12'),(411,34,85,2,'2025-10-02 01:33:12'),(412,34,88,2,'2025-10-02 01:33:12'),(413,34,94,2,'2025-10-02 01:33:12'),(414,34,96,2,'2025-10-02 01:33:12'),(415,34,98,2,'2025-10-02 01:33:12'),(416,34,100,2,'2025-10-02 01:33:12'),(417,35,2,2,'2025-10-02 01:33:12'),(418,35,3,2,'2025-10-02 01:33:12'),(419,35,8,2,'2025-10-02 01:33:12'),(420,35,13,2,'2025-10-02 01:33:12'),(421,35,15,2,'2025-10-02 01:33:12'),(422,35,19,2,'2025-10-02 01:33:12'),(423,35,23,2,'2025-10-02 01:33:12'),(424,35,28,2,'2025-10-02 01:33:12'),(425,35,36,2,'2025-10-02 01:33:12'),(426,35,38,2,'2025-10-02 01:33:12'),(427,35,41,2,'2025-10-02 01:33:12'),(428,35,43,2,'2025-10-02 01:33:12'),(429,35,49,2,'2025-10-02 01:33:12'),(430,35,51,2,'2025-10-02 01:33:12'),(431,35,54,2,'2025-10-02 01:33:12'),(432,35,62,2,'2025-10-02 01:33:12'),(433,35,68,2,'2025-10-02 01:33:12'),(434,35,73,2,'2025-10-02 01:33:12'),(435,35,79,2,'2025-10-02 01:33:12'),(436,35,91,2,'2025-10-02 01:33:12'),(437,35,93,2,'2025-10-02 01:33:12'),(438,35,94,2,'2025-10-02 01:33:12'),(439,35,97,2,'2025-10-02 01:33:12'),(440,35,100,2,'2025-10-02 01:33:12'),(441,36,5,2,'2025-10-02 01:33:12'),(442,36,7,2,'2025-10-02 01:33:12'),(443,36,9,2,'2025-10-02 01:33:12'),(444,36,11,2,'2025-10-02 01:33:12'),(445,36,15,2,'2025-10-02 01:33:12'),(446,36,18,2,'2025-10-02 01:33:12'),(447,36,21,2,'2025-10-02 01:33:12'),(448,36,24,2,'2025-10-02 01:33:12'),(449,36,34,2,'2025-10-02 01:33:12'),(450,36,36,2,'2025-10-02 01:33:12'),(451,36,43,2,'2025-10-02 01:33:12'),(452,36,44,2,'2025-10-02 01:33:12'),(453,36,49,2,'2025-10-02 01:33:12'),(454,36,60,2,'2025-10-02 01:33:12'),(455,36,64,2,'2025-10-02 01:33:12'),(456,36,65,2,'2025-10-02 01:33:12'),(457,36,70,2,'2025-10-02 01:33:12'),(458,36,73,2,'2025-10-02 01:33:12'),(459,36,74,2,'2025-10-02 01:33:12'),(460,36,75,2,'2025-10-02 01:33:12'),(461,36,81,2,'2025-10-02 01:33:12'),(462,36,82,2,'2025-10-02 01:33:12'),(463,36,84,2,'2025-10-02 01:33:12'),(464,36,90,2,'2025-10-02 01:33:12'),(465,36,95,2,'2025-10-02 01:33:12'),(466,37,1,2,'2025-10-02 01:33:12'),(467,37,3,2,'2025-10-02 01:33:12'),(468,37,5,2,'2025-10-02 01:33:12'),(469,37,7,2,'2025-10-02 01:33:12'),(470,37,9,2,'2025-10-02 01:33:12'),(471,37,10,2,'2025-10-02 01:33:12'),(472,37,11,2,'2025-10-02 01:33:12'),(473,37,18,2,'2025-10-02 01:33:12'),(474,37,19,2,'2025-10-02 01:33:12'),(475,37,20,2,'2025-10-02 01:33:12'),(476,37,24,2,'2025-10-02 01:33:12'),(477,37,29,2,'2025-10-02 01:33:12'),(478,37,46,2,'2025-10-02 01:33:12'),(479,37,48,2,'2025-10-02 01:33:12'),(480,37,49,2,'2025-10-02 01:33:12'),(481,37,53,2,'2025-10-02 01:33:12'),(482,37,55,2,'2025-10-02 01:33:12'),(483,37,56,2,'2025-10-02 01:33:12'),(484,37,57,2,'2025-10-02 01:33:12'),(485,37,58,2,'2025-10-02 01:33:12'),(486,37,59,2,'2025-10-02 01:33:12'),(487,37,61,2,'2025-10-02 01:33:12'),(488,37,68,2,'2025-10-02 01:33:12'),(489,37,74,2,'2025-10-02 01:33:12'),(490,37,76,2,'2025-10-02 01:33:12'),(491,37,78,2,'2025-10-02 01:33:12'),(492,37,79,2,'2025-10-02 01:33:12'),(493,37,85,2,'2025-10-02 01:33:12'),(494,37,87,2,'2025-10-02 01:33:12'),(495,37,88,2,'2025-10-02 01:33:12'),(496,37,89,2,'2025-10-02 01:33:12'),(497,37,90,2,'2025-10-02 01:33:12'),(498,37,91,2,'2025-10-02 01:33:12'),(499,37,93,2,'2025-10-02 01:33:12'),(500,37,94,2,'2025-10-02 01:33:12'),(501,37,99,2,'2025-10-02 01:33:12'),(502,38,6,2,'2025-10-02 01:33:12'),(503,38,10,2,'2025-10-02 01:33:12'),(504,38,11,2,'2025-10-02 01:33:12'),(505,38,12,2,'2025-10-02 01:33:12'),(506,38,15,2,'2025-10-02 01:33:12'),(507,38,16,2,'2025-10-02 01:33:12'),(508,38,17,2,'2025-10-02 01:33:12'),(509,38,25,2,'2025-10-02 01:33:12'),(510,38,29,2,'2025-10-02 01:33:12'),(511,38,30,2,'2025-10-02 01:33:12'),(512,38,35,2,'2025-10-02 01:33:12'),(513,38,38,2,'2025-10-02 01:33:12'),(514,38,46,2,'2025-10-02 01:33:12'),(515,38,48,2,'2025-10-02 01:33:12'),(516,38,51,2,'2025-10-02 01:33:12'),(517,38,52,2,'2025-10-02 01:33:12'),(518,38,55,2,'2025-10-02 01:33:12'),(519,38,57,2,'2025-10-02 01:33:12'),(520,38,58,2,'2025-10-02 01:33:12'),(521,38,62,2,'2025-10-02 01:33:12'),(522,38,64,2,'2025-10-02 01:33:12'),(523,38,68,2,'2025-10-02 01:33:12'),(524,38,69,2,'2025-10-02 01:33:12'),(525,38,76,2,'2025-10-02 01:33:12'),(526,38,78,2,'2025-10-02 01:33:12'),(527,38,82,2,'2025-10-02 01:33:12'),(528,38,83,2,'2025-10-02 01:33:12'),(529,38,84,2,'2025-10-02 01:33:12'),(530,38,89,2,'2025-10-02 01:33:12'),(531,38,90,2,'2025-10-02 01:33:12'),(532,38,92,2,'2025-10-02 01:33:12'),(533,38,95,2,'2025-10-02 01:33:12'),(534,38,96,2,'2025-10-02 01:33:12'),(535,38,97,2,'2025-10-02 01:33:12'),(536,39,6,2,'2025-10-02 01:33:12'),(537,39,13,2,'2025-10-02 01:33:12'),(538,39,15,2,'2025-10-02 01:33:12'),(539,39,24,2,'2025-10-02 01:33:12'),(540,39,26,2,'2025-10-02 01:33:12'),(541,39,28,2,'2025-10-02 01:33:12'),(542,39,34,2,'2025-10-02 01:33:12'),(543,39,37,2,'2025-10-02 01:33:12'),(544,39,44,2,'2025-10-02 01:33:12'),(545,39,47,2,'2025-10-02 01:33:12'),(546,39,48,2,'2025-10-02 01:33:12'),(547,39,50,2,'2025-10-02 01:33:12'),(548,39,51,2,'2025-10-02 01:33:12'),(549,39,56,2,'2025-10-02 01:33:12'),(550,39,59,2,'2025-10-02 01:33:12'),(551,39,77,2,'2025-10-02 01:33:12'),(552,39,80,2,'2025-10-02 01:33:12'),(553,39,82,2,'2025-10-02 01:33:12'),(554,39,85,2,'2025-10-02 01:33:12'),(555,39,92,2,'2025-10-02 01:33:12'),(556,40,1,2,'2025-10-02 01:33:12'),(557,40,5,2,'2025-10-02 01:33:12'),(558,40,8,2,'2025-10-02 01:33:12'),(559,40,9,2,'2025-10-02 01:33:12'),(560,40,11,2,'2025-10-02 01:33:12'),(561,40,17,2,'2025-10-02 01:33:12'),(562,40,18,2,'2025-10-02 01:33:12'),(563,40,21,2,'2025-10-02 01:33:12'),(564,40,22,2,'2025-10-02 01:33:12'),(565,40,23,2,'2025-10-02 01:33:12'),(566,40,26,2,'2025-10-02 01:33:12'),(567,40,28,2,'2025-10-02 01:33:12'),(568,40,30,2,'2025-10-02 01:33:12'),(569,40,33,2,'2025-10-02 01:33:12'),(570,40,35,2,'2025-10-02 01:33:12'),(571,40,37,2,'2025-10-02 01:33:12'),(572,40,40,2,'2025-10-02 01:33:12'),(573,40,41,2,'2025-10-02 01:33:12'),(574,40,45,2,'2025-10-02 01:33:12'),(575,40,46,2,'2025-10-02 01:33:12'),(576,40,48,2,'2025-10-02 01:33:12'),(577,40,49,2,'2025-10-02 01:33:12'),(578,40,50,2,'2025-10-02 01:33:12'),(579,40,53,2,'2025-10-02 01:33:12'),(580,40,54,2,'2025-10-02 01:33:12'),(581,40,55,2,'2025-10-02 01:33:12'),(582,40,60,2,'2025-10-02 01:33:12'),(583,40,65,2,'2025-10-02 01:33:12'),(584,40,66,2,'2025-10-02 01:33:12'),(585,40,67,2,'2025-10-02 01:33:12'),(586,40,68,2,'2025-10-02 01:33:12'),(587,40,69,2,'2025-10-02 01:33:12'),(588,40,70,2,'2025-10-02 01:33:12'),(589,40,75,2,'2025-10-02 01:33:12'),(590,40,81,2,'2025-10-02 01:33:12'),(591,40,88,2,'2025-10-02 01:33:12'),(592,40,90,2,'2025-10-02 01:33:12'),(593,40,91,2,'2025-10-02 01:33:12'),(594,40,97,2,'2025-10-02 01:33:12'),(595,40,100,2,'2025-10-02 01:33:12'),(596,41,5,2,'2025-10-02 01:33:12'),(597,41,7,2,'2025-10-02 01:33:12'),(598,41,8,2,'2025-10-02 01:33:12'),(599,41,9,2,'2025-10-02 01:33:12'),(600,41,16,2,'2025-10-02 01:33:12'),(601,41,18,2,'2025-10-02 01:33:12'),(602,41,23,2,'2025-10-02 01:33:12'),(603,41,33,2,'2025-10-02 01:33:12'),(604,41,35,2,'2025-10-02 01:33:12'),(605,41,36,2,'2025-10-02 01:33:12'),(606,41,45,2,'2025-10-02 01:33:12'),(607,41,46,2,'2025-10-02 01:33:12'),(608,41,51,2,'2025-10-02 01:33:12'),(609,41,53,2,'2025-10-02 01:33:12'),(610,41,65,2,'2025-10-02 01:33:12'),(611,41,70,2,'2025-10-02 01:33:12'),(612,41,81,2,'2025-10-02 01:33:12'),(613,41,82,2,'2025-10-02 01:33:12'),(614,41,84,2,'2025-10-02 01:33:12'),(615,41,90,2,'2025-10-02 01:33:12'),(616,41,98,2,'2025-10-02 01:33:12'),(617,41,99,2,'2025-10-02 01:33:12'),(618,42,1,2,'2025-10-02 01:33:12'),(619,42,2,2,'2025-10-02 01:33:12'),(620,42,4,2,'2025-10-02 01:33:12'),(621,42,6,2,'2025-10-02 01:33:12'),(622,42,8,2,'2025-10-02 01:33:12'),(623,42,9,2,'2025-10-02 01:33:12'),(624,42,11,2,'2025-10-02 01:33:12'),(625,42,13,2,'2025-10-02 01:33:12'),(626,42,16,2,'2025-10-02 01:33:12'),(627,42,17,2,'2025-10-02 01:33:12'),(628,42,22,2,'2025-10-02 01:33:12'),(629,42,25,2,'2025-10-02 01:33:12'),(630,42,28,2,'2025-10-02 01:33:12'),(631,42,30,2,'2025-10-02 01:33:12'),(632,42,33,2,'2025-10-02 01:33:12'),(633,42,37,2,'2025-10-02 01:33:12'),(634,42,38,2,'2025-10-02 01:33:12'),(635,42,44,2,'2025-10-02 01:33:12'),(636,42,46,2,'2025-10-02 01:33:12'),(637,42,47,2,'2025-10-02 01:33:12'),(638,42,50,2,'2025-10-02 01:33:12'),(639,42,53,2,'2025-10-02 01:33:12'),(640,42,61,2,'2025-10-02 01:33:12'),(641,42,62,2,'2025-10-02 01:33:12'),(642,42,63,2,'2025-10-02 01:33:12'),(643,42,64,2,'2025-10-02 01:33:12'),(644,42,65,2,'2025-10-02 01:33:12'),(645,42,67,2,'2025-10-02 01:33:12'),(646,42,69,2,'2025-10-02 01:33:12'),(647,42,71,2,'2025-10-02 01:33:12'),(648,42,72,2,'2025-10-02 01:33:12'),(649,42,73,2,'2025-10-02 01:33:12'),(650,42,76,2,'2025-10-02 01:33:12'),(651,42,78,2,'2025-10-02 01:33:12'),(652,42,79,2,'2025-10-02 01:33:12'),(653,42,80,2,'2025-10-02 01:33:12'),(654,42,82,2,'2025-10-02 01:33:12'),(655,42,83,2,'2025-10-02 01:33:12'),(656,42,85,2,'2025-10-02 01:33:12'),(657,42,87,2,'2025-10-02 01:33:12'),(658,42,88,2,'2025-10-02 01:33:12'),(659,42,89,2,'2025-10-02 01:33:12'),(660,42,90,2,'2025-10-02 01:33:12'),(661,42,92,2,'2025-10-02 01:33:12'),(662,42,93,2,'2025-10-02 01:33:12'),(663,42,98,2,'2025-10-02 01:33:12'),(664,42,100,2,'2025-10-02 01:33:12'),(665,43,1,2,'2025-10-02 01:33:12'),(666,43,3,2,'2025-10-02 01:33:12'),(667,43,7,2,'2025-10-02 01:33:12'),(668,43,10,2,'2025-10-02 01:33:12'),(669,43,20,2,'2025-10-02 01:33:12'),(670,43,26,2,'2025-10-02 01:33:12'),(671,43,32,2,'2025-10-02 01:33:12'),(672,43,38,2,'2025-10-02 01:33:12'),(673,43,39,2,'2025-10-02 01:33:12'),(674,43,40,2,'2025-10-02 01:33:12'),(675,43,41,2,'2025-10-02 01:33:12'),(676,43,46,2,'2025-10-02 01:33:12'),(677,43,50,2,'2025-10-02 01:33:12'),(678,43,52,2,'2025-10-02 01:33:12'),(679,43,59,2,'2025-10-02 01:33:12'),(680,43,60,2,'2025-10-02 01:33:12'),(681,43,61,2,'2025-10-02 01:33:12'),(682,43,62,2,'2025-10-02 01:33:12'),(683,43,63,2,'2025-10-02 01:33:12'),(684,43,75,2,'2025-10-02 01:33:12'),(685,43,77,2,'2025-10-02 01:33:12'),(686,43,79,2,'2025-10-02 01:33:12'),(687,43,94,2,'2025-10-02 01:33:12'),(688,43,98,2,'2025-10-02 01:33:12'),(689,44,1,2,'2025-10-02 01:33:12'),(690,44,3,2,'2025-10-02 01:33:12'),(691,44,8,2,'2025-10-02 01:33:12'),(692,44,9,2,'2025-10-02 01:33:12'),(693,44,10,2,'2025-10-02 01:33:12'),(694,44,19,2,'2025-10-02 01:33:12'),(695,44,20,2,'2025-10-02 01:33:12'),(696,44,23,2,'2025-10-02 01:33:12'),(697,44,33,2,'2025-10-02 01:33:12'),(698,44,35,2,'2025-10-02 01:33:12'),(699,44,36,2,'2025-10-02 01:33:12'),(700,44,37,2,'2025-10-02 01:33:12'),(701,44,42,2,'2025-10-02 01:33:12'),(702,44,45,2,'2025-10-02 01:33:12'),(703,44,47,2,'2025-10-02 01:33:12'),(704,44,57,2,'2025-10-02 01:33:12'),(705,44,63,2,'2025-10-02 01:33:12'),(706,44,64,2,'2025-10-02 01:33:12'),(707,44,65,2,'2025-10-02 01:33:12'),(708,44,67,2,'2025-10-02 01:33:12'),(709,44,79,2,'2025-10-02 01:33:12'),(710,44,94,2,'2025-10-02 01:33:12'),(711,44,96,2,'2025-10-02 01:33:12'),(712,44,100,2,'2025-10-02 01:33:12'),(713,45,4,2,'2025-10-02 01:33:12'),(714,45,8,2,'2025-10-02 01:33:12'),(715,45,9,2,'2025-10-02 01:33:12'),(716,45,10,2,'2025-10-02 01:33:12'),(717,45,13,2,'2025-10-02 01:33:12'),(718,45,15,2,'2025-10-02 01:33:12'),(719,45,18,2,'2025-10-02 01:33:12'),(720,45,21,2,'2025-10-02 01:33:12'),(721,45,22,2,'2025-10-02 01:33:12'),(722,45,25,2,'2025-10-02 01:33:12'),(723,45,27,2,'2025-10-02 01:33:12'),(724,45,28,2,'2025-10-02 01:33:12'),(725,45,30,2,'2025-10-02 01:33:12'),(726,45,32,2,'2025-10-02 01:33:12'),(727,45,34,2,'2025-10-02 01:33:12'),(728,45,35,2,'2025-10-02 01:33:12'),(729,45,36,2,'2025-10-02 01:33:12'),(730,45,38,2,'2025-10-02 01:33:12'),(731,45,39,2,'2025-10-02 01:33:12'),(732,45,42,2,'2025-10-02 01:33:12'),(733,45,49,2,'2025-10-02 01:33:12'),(734,45,51,2,'2025-10-02 01:33:12'),(735,45,54,2,'2025-10-02 01:33:12'),(736,45,55,2,'2025-10-02 01:33:12'),(737,45,56,2,'2025-10-02 01:33:12'),(738,45,58,2,'2025-10-02 01:33:12'),(739,45,59,2,'2025-10-02 01:33:12'),(740,45,65,2,'2025-10-02 01:33:12'),(741,45,68,2,'2025-10-02 01:33:12'),(742,45,72,2,'2025-10-02 01:33:12'),(743,45,75,2,'2025-10-02 01:33:12'),(744,45,76,2,'2025-10-02 01:33:12'),(745,45,80,2,'2025-10-02 01:33:12'),(746,45,83,2,'2025-10-02 01:33:12'),(747,45,85,2,'2025-10-02 01:33:12'),(748,45,86,2,'2025-10-02 01:33:12'),(749,45,88,2,'2025-10-02 01:33:12'),(750,45,94,2,'2025-10-02 01:33:12'),(751,45,95,2,'2025-10-02 01:33:12'),(752,45,96,2,'2025-10-02 01:33:12'),(753,45,98,2,'2025-10-02 01:33:12'),(754,46,2,2,'2025-10-02 01:33:13'),(755,46,5,2,'2025-10-02 01:33:13'),(756,46,6,2,'2025-10-02 01:33:13'),(757,46,9,2,'2025-10-02 01:33:13'),(758,46,11,2,'2025-10-02 01:33:13'),(759,46,12,2,'2025-10-02 01:33:13'),(760,46,13,2,'2025-10-02 01:33:13'),(761,46,14,2,'2025-10-02 01:33:13'),(762,46,15,2,'2025-10-02 01:33:13'),(763,46,16,2,'2025-10-02 01:33:13'),(764,46,20,2,'2025-10-02 01:33:13'),(765,46,21,2,'2025-10-02 01:33:13'),(766,46,22,2,'2025-10-02 01:33:13'),(767,46,23,2,'2025-10-02 01:33:13'),(768,46,27,2,'2025-10-02 01:33:13'),(769,46,36,2,'2025-10-02 01:33:13'),(770,46,40,2,'2025-10-02 01:33:13'),(771,46,44,2,'2025-10-02 01:33:13'),(772,46,45,2,'2025-10-02 01:33:13'),(773,46,48,2,'2025-10-02 01:33:13'),(774,46,50,2,'2025-10-02 01:33:13'),(775,46,54,2,'2025-10-02 01:33:13'),(776,46,57,2,'2025-10-02 01:33:13'),(777,46,58,2,'2025-10-02 01:33:13'),(778,46,60,2,'2025-10-02 01:33:13'),(779,46,64,2,'2025-10-02 01:33:13'),(780,46,67,2,'2025-10-02 01:33:13'),(781,46,69,2,'2025-10-02 01:33:13'),(782,46,71,2,'2025-10-02 01:33:13'),(783,46,73,2,'2025-10-02 01:33:13'),(784,46,75,2,'2025-10-02 01:33:13'),(785,46,76,2,'2025-10-02 01:33:13'),(786,46,77,2,'2025-10-02 01:33:13'),(787,46,80,2,'2025-10-02 01:33:13'),(788,46,85,2,'2025-10-02 01:33:13'),(789,46,88,2,'2025-10-02 01:33:13'),(790,46,99,2,'2025-10-02 01:33:13'),(791,47,2,2,'2025-10-02 01:33:13'),(792,47,13,2,'2025-10-02 01:33:13'),(793,47,29,2,'2025-10-02 01:33:13'),(794,47,36,2,'2025-10-02 01:33:13'),(795,47,41,2,'2025-10-02 01:33:13'),(796,47,48,2,'2025-10-02 01:33:13'),(797,47,50,2,'2025-10-02 01:33:13'),(798,47,53,2,'2025-10-02 01:33:13'),(799,47,57,2,'2025-10-02 01:33:13'),(800,47,64,2,'2025-10-02 01:33:13'),(801,47,66,2,'2025-10-02 01:33:13'),(802,47,70,2,'2025-10-02 01:33:13'),(803,47,72,2,'2025-10-02 01:33:13'),(804,47,73,2,'2025-10-02 01:33:13'),(805,47,76,2,'2025-10-02 01:33:13'),(806,47,79,2,'2025-10-02 01:33:13'),(807,47,83,2,'2025-10-02 01:33:13'),(808,47,88,2,'2025-10-02 01:33:13'),(809,47,90,2,'2025-10-02 01:33:13'),(810,47,94,2,'2025-10-02 01:33:13'),(811,47,97,2,'2025-10-02 01:33:13'),(812,47,99,2,'2025-10-02 01:33:13'),(813,48,5,2,'2025-10-02 01:33:13'),(814,48,6,2,'2025-10-02 01:33:13'),(815,48,9,2,'2025-10-02 01:33:13'),(816,48,18,2,'2025-10-02 01:33:13'),(817,48,24,2,'2025-10-02 01:33:13'),(818,48,28,2,'2025-10-02 01:33:13'),(819,48,29,2,'2025-10-02 01:33:13'),(820,48,31,2,'2025-10-02 01:33:13'),(821,48,33,2,'2025-10-02 01:33:13'),(822,48,37,2,'2025-10-02 01:33:13'),(823,48,45,2,'2025-10-02 01:33:13'),(824,48,50,2,'2025-10-02 01:33:13'),(825,48,52,2,'2025-10-02 01:33:13'),(826,48,58,2,'2025-10-02 01:33:13'),(827,48,61,2,'2025-10-02 01:33:13'),(828,48,62,2,'2025-10-02 01:33:13'),(829,48,63,2,'2025-10-02 01:33:13'),(830,48,68,2,'2025-10-02 01:33:13'),(831,48,69,2,'2025-10-02 01:33:13'),(832,48,76,2,'2025-10-02 01:33:13'),(833,48,84,2,'2025-10-02 01:33:13'),(834,48,85,2,'2025-10-02 01:33:13'),(835,48,87,2,'2025-10-02 01:33:13'),(836,48,89,2,'2025-10-02 01:33:13'),(837,48,92,2,'2025-10-02 01:33:13'),(838,48,93,2,'2025-10-02 01:33:13'),(839,48,95,2,'2025-10-02 01:33:13'),(840,49,1,2,'2025-10-02 01:33:13'),(841,49,2,2,'2025-10-02 01:33:13'),(842,49,5,2,'2025-10-02 01:33:13'),(843,49,7,2,'2025-10-02 01:33:13'),(844,49,8,2,'2025-10-02 01:33:13'),(845,49,9,2,'2025-10-02 01:33:13'),(846,49,10,2,'2025-10-02 01:33:13'),(847,49,13,2,'2025-10-02 01:33:13'),(848,49,22,2,'2025-10-02 01:33:13'),(849,49,23,2,'2025-10-02 01:33:13'),(850,49,26,2,'2025-10-02 01:33:13'),(851,49,31,2,'2025-10-02 01:33:13'),(852,49,32,2,'2025-10-02 01:33:13'),(853,49,33,2,'2025-10-02 01:33:13'),(854,49,37,2,'2025-10-02 01:33:13'),(855,49,39,2,'2025-10-02 01:33:13'),(856,49,51,2,'2025-10-02 01:33:13'),(857,49,52,2,'2025-10-02 01:33:13'),(858,49,53,2,'2025-10-02 01:33:13'),(859,49,55,2,'2025-10-02 01:33:13'),(860,49,56,2,'2025-10-02 01:33:13'),(861,49,61,2,'2025-10-02 01:33:13'),(862,49,62,2,'2025-10-02 01:33:13'),(863,49,63,2,'2025-10-02 01:33:13'),(864,49,64,2,'2025-10-02 01:33:13'),(865,49,66,2,'2025-10-02 01:33:13'),(866,49,67,2,'2025-10-02 01:33:13'),(867,49,69,2,'2025-10-02 01:33:13'),(868,49,70,2,'2025-10-02 01:33:13'),(869,49,77,2,'2025-10-02 01:33:13'),(870,49,78,2,'2025-10-02 01:33:13'),(871,49,80,2,'2025-10-02 01:33:13'),(872,49,83,2,'2025-10-02 01:33:13'),(873,49,87,2,'2025-10-02 01:33:13'),(874,49,88,2,'2025-10-02 01:33:13'),(875,49,89,2,'2025-10-02 01:33:13'),(876,49,90,2,'2025-10-02 01:33:13'),(877,49,93,2,'2025-10-02 01:33:13'),(878,49,94,2,'2025-10-02 01:33:13'),(879,49,95,2,'2025-10-02 01:33:13'),(880,49,96,2,'2025-10-02 01:33:13'),(881,50,2,2,'2025-10-02 01:33:13'),(882,50,3,2,'2025-10-02 01:33:13'),(883,50,6,2,'2025-10-02 01:33:13'),(884,50,7,2,'2025-10-02 01:33:13'),(885,50,9,2,'2025-10-02 01:33:13'),(886,50,10,2,'2025-10-02 01:33:13'),(887,50,12,2,'2025-10-02 01:33:13'),(888,50,16,2,'2025-10-02 01:33:13'),(889,50,18,2,'2025-10-02 01:33:13'),(890,50,23,2,'2025-10-02 01:33:13'),(891,50,28,2,'2025-10-02 01:33:13'),(892,50,31,2,'2025-10-02 01:33:13'),(893,50,47,2,'2025-10-02 01:33:13'),(894,50,49,2,'2025-10-02 01:33:13'),(895,50,53,2,'2025-10-02 01:33:13'),(896,50,55,2,'2025-10-02 01:33:13'),(897,50,60,2,'2025-10-02 01:33:13'),(898,50,61,2,'2025-10-02 01:33:13'),(899,50,64,2,'2025-10-02 01:33:13'),(900,50,65,2,'2025-10-02 01:33:13'),(901,50,66,2,'2025-10-02 01:33:13'),(902,50,72,2,'2025-10-02 01:33:13'),(903,50,76,2,'2025-10-02 01:33:13'),(904,50,78,2,'2025-10-02 01:33:13'),(905,50,86,2,'2025-10-02 01:33:13'),(906,50,88,2,'2025-10-02 01:33:13'),(907,50,89,2,'2025-10-02 01:33:13'),(908,50,95,2,'2025-10-02 01:33:13'),(909,50,99,2,'2025-10-02 01:33:13'),(910,51,1,2,'2025-10-02 01:33:13'),(911,51,5,2,'2025-10-02 01:33:13'),(912,51,9,2,'2025-10-02 01:33:13'),(913,51,11,2,'2025-10-02 01:33:13'),(914,51,16,2,'2025-10-02 01:33:13'),(915,51,24,2,'2025-10-02 01:33:13'),(916,51,25,2,'2025-10-02 01:33:13'),(917,51,26,2,'2025-10-02 01:33:13'),(918,51,38,2,'2025-10-02 01:33:13'),(919,51,40,2,'2025-10-02 01:33:13'),(920,51,44,2,'2025-10-02 01:33:13'),(921,51,47,2,'2025-10-02 01:33:13'),(922,51,49,2,'2025-10-02 01:33:13'),(923,51,51,2,'2025-10-02 01:33:13'),(924,51,53,2,'2025-10-02 01:33:13'),(925,51,63,2,'2025-10-02 01:33:13'),(926,51,66,2,'2025-10-02 01:33:13'),(927,51,69,2,'2025-10-02 01:33:13'),(928,51,70,2,'2025-10-02 01:33:13'),(929,51,72,2,'2025-10-02 01:33:13'),(930,51,73,2,'2025-10-02 01:33:13'),(931,51,74,2,'2025-10-02 01:33:13'),(932,51,76,2,'2025-10-02 01:33:13'),(933,51,77,2,'2025-10-02 01:33:13'),(934,51,81,2,'2025-10-02 01:33:13'),(935,51,84,2,'2025-10-02 01:33:13'),(936,51,99,2,'2025-10-02 01:33:13'),(937,52,1,2,'2025-10-02 01:33:13'),(938,52,2,2,'2025-10-02 01:33:13'),(939,52,3,2,'2025-10-02 01:33:13'),(940,52,6,2,'2025-10-02 01:33:13'),(941,52,7,2,'2025-10-02 01:33:13'),(942,52,11,2,'2025-10-02 01:33:13'),(943,52,13,2,'2025-10-02 01:33:13'),(944,52,14,2,'2025-10-02 01:33:13'),(945,52,15,2,'2025-10-02 01:33:13'),(946,52,17,2,'2025-10-02 01:33:13'),(947,52,21,2,'2025-10-02 01:33:13'),(948,52,27,2,'2025-10-02 01:33:13'),(949,52,30,2,'2025-10-02 01:33:13'),(950,52,31,2,'2025-10-02 01:33:13'),(951,52,33,2,'2025-10-02 01:33:13'),(952,52,37,2,'2025-10-02 01:33:13'),(953,52,39,2,'2025-10-02 01:33:13'),(954,52,40,2,'2025-10-02 01:33:13'),(955,52,44,2,'2025-10-02 01:33:13'),(956,52,47,2,'2025-10-02 01:33:13'),(957,52,49,2,'2025-10-02 01:33:13'),(958,52,51,2,'2025-10-02 01:33:13'),(959,52,52,2,'2025-10-02 01:33:13'),(960,52,53,2,'2025-10-02 01:33:13'),(961,52,54,2,'2025-10-02 01:33:13'),(962,52,55,2,'2025-10-02 01:33:13'),(963,52,56,2,'2025-10-02 01:33:13'),(964,52,58,2,'2025-10-02 01:33:13'),(965,52,61,2,'2025-10-02 01:33:13'),(966,52,69,2,'2025-10-02 01:33:13'),(967,52,74,2,'2025-10-02 01:33:13'),(968,52,80,2,'2025-10-02 01:33:13'),(969,52,81,2,'2025-10-02 01:33:13'),(970,52,84,2,'2025-10-02 01:33:13'),(971,52,88,2,'2025-10-02 01:33:13'),(972,52,89,2,'2025-10-02 01:33:13'),(973,52,92,2,'2025-10-02 01:33:13'),(974,53,2,2,'2025-10-02 01:33:13'),(975,53,9,2,'2025-10-02 01:33:13'),(976,53,13,2,'2025-10-02 01:33:13'),(977,53,15,2,'2025-10-02 01:33:13'),(978,53,17,2,'2025-10-02 01:33:13'),(979,53,18,2,'2025-10-02 01:33:13'),(980,53,19,2,'2025-10-02 01:33:13'),(981,53,21,2,'2025-10-02 01:33:13'),(982,53,23,2,'2025-10-02 01:33:13'),(983,53,24,2,'2025-10-02 01:33:13'),(984,53,25,2,'2025-10-02 01:33:13'),(985,53,28,2,'2025-10-02 01:33:13'),(986,53,29,2,'2025-10-02 01:33:13'),(987,53,37,2,'2025-10-02 01:33:13'),(988,53,38,2,'2025-10-02 01:33:13'),(989,53,40,2,'2025-10-02 01:33:13'),(990,53,42,2,'2025-10-02 01:33:13'),(991,53,46,2,'2025-10-02 01:33:13'),(992,53,49,2,'2025-10-02 01:33:13'),(993,53,50,2,'2025-10-02 01:33:13'),(994,53,51,2,'2025-10-02 01:33:13'),(995,53,53,2,'2025-10-02 01:33:13'),(996,53,54,2,'2025-10-02 01:33:13'),(997,53,55,2,'2025-10-02 01:33:13'),(998,53,58,2,'2025-10-02 01:33:13'),(999,53,59,2,'2025-10-02 01:33:13'),(1000,53,60,2,'2025-10-02 01:33:13'),(1001,53,61,2,'2025-10-02 01:33:13'),(1002,53,62,2,'2025-10-02 01:33:13'),(1003,53,63,2,'2025-10-02 01:33:13'),(1004,53,64,2,'2025-10-02 01:33:13'),(1005,53,65,2,'2025-10-02 01:33:13'),(1006,53,66,2,'2025-10-02 01:33:13'),(1007,53,69,2,'2025-10-02 01:33:13'),(1008,53,72,2,'2025-10-02 01:33:13'),(1009,53,73,2,'2025-10-02 01:33:13'),(1010,53,77,2,'2025-10-02 01:33:13'),(1011,53,80,2,'2025-10-02 01:33:13'),(1012,53,84,2,'2025-10-02 01:33:13'),(1013,53,85,2,'2025-10-02 01:33:13'),(1014,53,97,2,'2025-10-02 01:33:13'),(1015,53,98,2,'2025-10-02 01:33:13'),(1016,54,1,2,'2025-10-02 01:33:13'),(1017,54,2,2,'2025-10-02 01:33:13'),(1018,54,5,2,'2025-10-02 01:33:13'),(1019,54,6,2,'2025-10-02 01:33:13'),(1020,54,7,2,'2025-10-02 01:33:13'),(1021,54,8,2,'2025-10-02 01:33:13'),(1022,54,9,2,'2025-10-02 01:33:13'),(1023,54,10,2,'2025-10-02 01:33:13'),(1024,54,11,2,'2025-10-02 01:33:13'),(1025,54,18,2,'2025-10-02 01:33:13'),(1026,54,23,2,'2025-10-02 01:33:13'),(1027,54,25,2,'2025-10-02 01:33:13'),(1028,54,26,2,'2025-10-02 01:33:13'),(1029,54,27,2,'2025-10-02 01:33:13'),(1030,54,28,2,'2025-10-02 01:33:13'),(1031,54,29,2,'2025-10-02 01:33:13'),(1032,54,34,2,'2025-10-02 01:33:13'),(1033,54,35,2,'2025-10-02 01:33:13'),(1034,54,36,2,'2025-10-02 01:33:13'),(1035,54,38,2,'2025-10-02 01:33:13'),(1036,54,39,2,'2025-10-02 01:33:13'),(1037,54,41,2,'2025-10-02 01:33:13'),(1038,54,43,2,'2025-10-02 01:33:13'),(1039,54,44,2,'2025-10-02 01:33:13'),(1040,54,45,2,'2025-10-02 01:33:13'),(1041,54,47,2,'2025-10-02 01:33:13'),(1042,54,50,2,'2025-10-02 01:33:13'),(1043,54,51,2,'2025-10-02 01:33:13'),(1044,54,52,2,'2025-10-02 01:33:13'),(1045,54,53,2,'2025-10-02 01:33:13'),(1046,54,54,2,'2025-10-02 01:33:13'),(1047,54,57,2,'2025-10-02 01:33:13'),(1048,54,60,2,'2025-10-02 01:33:13'),(1049,54,63,2,'2025-10-02 01:33:13'),(1050,54,65,2,'2025-10-02 01:33:13'),(1051,54,66,2,'2025-10-02 01:33:13'),(1052,54,67,2,'2025-10-02 01:33:13'),(1053,54,68,2,'2025-10-02 01:33:13'),(1054,54,71,2,'2025-10-02 01:33:13'),(1055,54,72,2,'2025-10-02 01:33:13'),(1056,54,79,2,'2025-10-02 01:33:13'),(1057,54,82,2,'2025-10-02 01:33:13'),(1058,54,83,2,'2025-10-02 01:33:13'),(1059,54,84,2,'2025-10-02 01:33:13'),(1060,54,87,2,'2025-10-02 01:33:13'),(1061,54,88,2,'2025-10-02 01:33:13'),(1062,54,89,2,'2025-10-02 01:33:13'),(1063,54,92,2,'2025-10-02 01:33:13'),(1064,54,98,2,'2025-10-02 01:33:13'),(1065,54,100,2,'2025-10-02 01:33:13'),(1066,55,2,2,'2025-10-02 01:33:13'),(1067,55,6,2,'2025-10-02 01:33:13'),(1068,55,11,2,'2025-10-02 01:33:13'),(1069,55,12,2,'2025-10-02 01:33:13'),(1070,55,17,2,'2025-10-02 01:33:13'),(1071,55,18,2,'2025-10-02 01:33:13'),(1072,55,19,2,'2025-10-02 01:33:13'),(1073,55,20,2,'2025-10-02 01:33:13'),(1074,55,21,2,'2025-10-02 01:33:13'),(1075,55,22,2,'2025-10-02 01:33:13'),(1076,55,23,2,'2025-10-02 01:33:13'),(1077,55,25,2,'2025-10-02 01:33:13'),(1078,55,27,2,'2025-10-02 01:33:13'),(1079,55,35,2,'2025-10-02 01:33:13'),(1080,55,37,2,'2025-10-02 01:33:13'),(1081,55,38,2,'2025-10-02 01:33:13'),(1082,55,40,2,'2025-10-02 01:33:13'),(1083,55,41,2,'2025-10-02 01:33:13'),(1084,55,44,2,'2025-10-02 01:33:13'),(1085,55,46,2,'2025-10-02 01:33:13'),(1086,55,47,2,'2025-10-02 01:33:13'),(1087,55,48,2,'2025-10-02 01:33:13'),(1088,55,49,2,'2025-10-02 01:33:13'),(1089,55,51,2,'2025-10-02 01:33:13'),(1090,55,52,2,'2025-10-02 01:33:13'),(1091,55,53,2,'2025-10-02 01:33:13'),(1092,55,56,2,'2025-10-02 01:33:13'),(1093,55,57,2,'2025-10-02 01:33:13'),(1094,55,60,2,'2025-10-02 01:33:13'),(1095,55,64,2,'2025-10-02 01:33:13'),(1096,55,71,2,'2025-10-02 01:33:13'),(1097,55,72,2,'2025-10-02 01:33:13'),(1098,55,73,2,'2025-10-02 01:33:13'),(1099,55,74,2,'2025-10-02 01:33:13'),(1100,55,77,2,'2025-10-02 01:33:13'),(1101,55,78,2,'2025-10-02 01:33:13'),(1102,55,80,2,'2025-10-02 01:33:13'),(1103,55,81,2,'2025-10-02 01:33:13'),(1104,55,82,2,'2025-10-02 01:33:13'),(1105,55,85,2,'2025-10-02 01:33:13'),(1106,55,89,2,'2025-10-02 01:33:13'),(1107,55,91,2,'2025-10-02 01:33:13'),(1108,55,92,2,'2025-10-02 01:33:13'),(1109,55,94,2,'2025-10-02 01:33:13'),(1110,55,96,2,'2025-10-02 01:33:13'),(1111,56,4,2,'2025-10-02 01:33:13'),(1112,56,5,2,'2025-10-02 01:33:13'),(1113,56,6,2,'2025-10-02 01:33:13'),(1114,56,9,2,'2025-10-02 01:33:13'),(1115,56,10,2,'2025-10-02 01:33:13'),(1116,56,11,2,'2025-10-02 01:33:13'),(1117,56,12,2,'2025-10-02 01:33:13'),(1118,56,14,2,'2025-10-02 01:33:13'),(1119,56,15,2,'2025-10-02 01:33:13'),(1120,56,16,2,'2025-10-02 01:33:13'),(1121,56,18,2,'2025-10-02 01:33:13'),(1122,56,20,2,'2025-10-02 01:33:13'),(1123,56,21,2,'2025-10-02 01:33:13'),(1124,56,22,2,'2025-10-02 01:33:13'),(1125,56,26,2,'2025-10-02 01:33:13'),(1126,56,28,2,'2025-10-02 01:33:13'),(1127,56,32,2,'2025-10-02 01:33:13'),(1128,56,38,2,'2025-10-02 01:33:13'),(1129,56,39,2,'2025-10-02 01:33:13'),(1130,56,40,2,'2025-10-02 01:33:13'),(1131,56,42,2,'2025-10-02 01:33:13'),(1132,56,43,2,'2025-10-02 01:33:13'),(1133,56,44,2,'2025-10-02 01:33:13'),(1134,56,45,2,'2025-10-02 01:33:13'),(1135,56,46,2,'2025-10-02 01:33:13'),(1136,56,50,2,'2025-10-02 01:33:13'),(1137,56,51,2,'2025-10-02 01:33:13'),(1138,56,52,2,'2025-10-02 01:33:13'),(1139,56,53,2,'2025-10-02 01:33:13'),(1140,56,56,2,'2025-10-02 01:33:14'),(1141,56,60,2,'2025-10-02 01:33:14'),(1142,56,61,2,'2025-10-02 01:33:14'),(1143,56,62,2,'2025-10-02 01:33:14'),(1144,56,64,2,'2025-10-02 01:33:14'),(1145,56,65,2,'2025-10-02 01:33:14'),(1146,56,66,2,'2025-10-02 01:33:14'),(1147,56,67,2,'2025-10-02 01:33:14'),(1148,56,68,2,'2025-10-02 01:33:14'),(1149,56,75,2,'2025-10-02 01:33:14'),(1150,56,78,2,'2025-10-02 01:33:14'),(1151,56,79,2,'2025-10-02 01:33:14'),(1152,56,87,2,'2025-10-02 01:33:14'),(1153,56,92,2,'2025-10-02 01:33:14'),(1154,56,93,2,'2025-10-02 01:33:14'),(1155,56,95,2,'2025-10-02 01:33:14'),(1156,56,98,2,'2025-10-02 01:33:14'),(1157,56,99,2,'2025-10-02 01:33:14'),(1158,56,100,2,'2025-10-02 01:33:14'),(1159,57,6,2,'2025-10-02 01:33:14'),(1160,57,7,2,'2025-10-02 01:33:14'),(1161,57,10,2,'2025-10-02 01:33:14'),(1162,57,11,2,'2025-10-02 01:33:14'),(1163,57,13,2,'2025-10-02 01:33:14'),(1164,57,25,2,'2025-10-02 01:33:14'),(1165,57,27,2,'2025-10-02 01:33:14'),(1166,57,31,2,'2025-10-02 01:33:14'),(1167,57,42,2,'2025-10-02 01:33:14'),(1168,57,52,2,'2025-10-02 01:33:14'),(1169,57,55,2,'2025-10-02 01:33:14'),(1170,57,61,2,'2025-10-02 01:33:14'),(1171,57,70,2,'2025-10-02 01:33:14'),(1172,57,78,2,'2025-10-02 01:33:14'),(1173,57,82,2,'2025-10-02 01:33:14'),(1174,57,86,2,'2025-10-02 01:33:14'),(1175,57,89,2,'2025-10-02 01:33:14'),(1176,57,94,2,'2025-10-02 01:33:14'),(1177,57,95,2,'2025-10-02 01:33:14'),(1178,57,96,2,'2025-10-02 01:33:14'),(1179,57,97,2,'2025-10-02 01:33:14'),(1180,57,98,2,'2025-10-02 01:33:14'),(1181,58,1,2,'2025-10-02 01:33:14'),(1182,58,3,2,'2025-10-02 01:33:14'),(1183,58,4,2,'2025-10-02 01:33:14'),(1184,58,6,2,'2025-10-02 01:33:14'),(1185,58,9,2,'2025-10-02 01:33:14'),(1186,58,10,2,'2025-10-02 01:33:14'),(1187,58,12,2,'2025-10-02 01:33:14'),(1188,58,19,2,'2025-10-02 01:33:14'),(1189,58,26,2,'2025-10-02 01:33:14'),(1190,58,39,2,'2025-10-02 01:33:14'),(1191,58,41,2,'2025-10-02 01:33:14'),(1192,58,43,2,'2025-10-02 01:33:14'),(1193,58,45,2,'2025-10-02 01:33:14'),(1194,58,47,2,'2025-10-02 01:33:14'),(1195,58,48,2,'2025-10-02 01:33:14'),(1196,58,49,2,'2025-10-02 01:33:14'),(1197,58,53,2,'2025-10-02 01:33:14'),(1198,58,55,2,'2025-10-02 01:33:14'),(1199,58,56,2,'2025-10-02 01:33:14'),(1200,58,62,2,'2025-10-02 01:33:14'),(1201,58,64,2,'2025-10-02 01:33:14'),(1202,58,68,2,'2025-10-02 01:33:14'),(1203,58,75,2,'2025-10-02 01:33:14'),(1204,58,78,2,'2025-10-02 01:33:14'),(1205,58,80,2,'2025-10-02 01:33:14'),(1206,58,81,2,'2025-10-02 01:33:14'),(1207,58,82,2,'2025-10-02 01:33:14'),(1208,58,85,2,'2025-10-02 01:33:14'),(1209,58,86,2,'2025-10-02 01:33:14'),(1210,58,88,2,'2025-10-02 01:33:14'),(1211,58,89,2,'2025-10-02 01:33:14'),(1212,58,99,2,'2025-10-02 01:33:14'),(1213,59,1,2,'2025-10-02 01:33:14'),(1214,59,3,2,'2025-10-02 01:33:14'),(1215,59,4,2,'2025-10-02 01:33:14'),(1216,59,5,2,'2025-10-02 01:33:14'),(1217,59,6,2,'2025-10-02 01:33:14'),(1218,59,8,2,'2025-10-02 01:33:14'),(1219,59,14,2,'2025-10-02 01:33:14'),(1220,59,17,2,'2025-10-02 01:33:14'),(1221,59,19,2,'2025-10-02 01:33:14'),(1222,59,21,2,'2025-10-02 01:33:14'),(1223,59,23,2,'2025-10-02 01:33:14'),(1224,59,24,2,'2025-10-02 01:33:14'),(1225,59,25,2,'2025-10-02 01:33:14'),(1226,59,29,2,'2025-10-02 01:33:14'),(1227,59,30,2,'2025-10-02 01:33:14'),(1228,59,31,2,'2025-10-02 01:33:14'),(1229,59,33,2,'2025-10-02 01:33:14'),(1230,59,35,2,'2025-10-02 01:33:14'),(1231,59,36,2,'2025-10-02 01:33:14'),(1232,59,38,2,'2025-10-02 01:33:14'),(1233,59,39,2,'2025-10-02 01:33:14'),(1234,59,42,2,'2025-10-02 01:33:14'),(1235,59,44,2,'2025-10-02 01:33:14'),(1236,59,45,2,'2025-10-02 01:33:14'),(1237,59,49,2,'2025-10-02 01:33:14'),(1238,59,51,2,'2025-10-02 01:33:14'),(1239,59,60,2,'2025-10-02 01:33:14'),(1240,59,64,2,'2025-10-02 01:33:14'),(1241,59,65,2,'2025-10-02 01:33:14'),(1242,59,67,2,'2025-10-02 01:33:14'),(1243,59,68,2,'2025-10-02 01:33:14'),(1244,59,70,2,'2025-10-02 01:33:14'),(1245,59,74,2,'2025-10-02 01:33:14'),(1246,59,79,2,'2025-10-02 01:33:14'),(1247,59,81,2,'2025-10-02 01:33:14'),(1248,59,82,2,'2025-10-02 01:33:14'),(1249,59,83,2,'2025-10-02 01:33:14'),(1250,59,84,2,'2025-10-02 01:33:14'),(1251,59,85,2,'2025-10-02 01:33:14'),(1252,59,89,2,'2025-10-02 01:33:14'),(1253,59,91,2,'2025-10-02 01:33:14'),(1254,59,93,2,'2025-10-02 01:33:14'),(1255,59,96,2,'2025-10-02 01:33:14'),(1256,59,97,2,'2025-10-02 01:33:14'),(1257,59,100,2,'2025-10-02 01:33:14'),(1258,60,4,2,'2025-10-02 01:33:14'),(1259,60,6,2,'2025-10-02 01:33:14'),(1260,60,7,2,'2025-10-02 01:33:14'),(1261,60,10,2,'2025-10-02 01:33:14'),(1262,60,19,2,'2025-10-02 01:33:14'),(1263,60,27,2,'2025-10-02 01:33:14'),(1264,60,38,2,'2025-10-02 01:33:14'),(1265,60,39,2,'2025-10-02 01:33:14'),(1266,60,40,2,'2025-10-02 01:33:14'),(1267,60,46,2,'2025-10-02 01:33:14'),(1268,60,49,2,'2025-10-02 01:33:14'),(1269,60,50,2,'2025-10-02 01:33:14'),(1270,60,51,2,'2025-10-02 01:33:14'),(1271,60,52,2,'2025-10-02 01:33:14'),(1272,60,56,2,'2025-10-02 01:33:14'),(1273,60,58,2,'2025-10-02 01:33:14'),(1274,60,61,2,'2025-10-02 01:33:14'),(1275,60,65,2,'2025-10-02 01:33:14'),(1276,60,66,2,'2025-10-02 01:33:14'),(1277,60,68,2,'2025-10-02 01:33:14'),(1278,60,83,2,'2025-10-02 01:33:14'),(1279,60,86,2,'2025-10-02 01:33:14'),(1280,60,91,2,'2025-10-02 01:33:14'),(1281,60,93,2,'2025-10-02 01:33:14'),(1282,60,96,2,'2025-10-02 01:33:14'),(1283,60,99,2,'2025-10-02 01:33:14'),(1284,60,100,2,'2025-10-02 01:33:14'),(1285,61,1,2,'2025-10-02 01:33:14'),(1286,61,3,2,'2025-10-02 01:33:14'),(1287,61,4,2,'2025-10-02 01:33:14'),(1288,61,6,2,'2025-10-02 01:33:14'),(1289,61,7,2,'2025-10-02 01:33:14'),(1290,61,9,2,'2025-10-02 01:33:14'),(1291,61,12,2,'2025-10-02 01:33:14'),(1292,61,14,2,'2025-10-02 01:33:14'),(1293,61,17,2,'2025-10-02 01:33:14'),(1294,61,21,2,'2025-10-02 01:33:14'),(1295,61,22,2,'2025-10-02 01:33:14'),(1296,61,27,2,'2025-10-02 01:33:14'),(1297,61,29,2,'2025-10-02 01:33:14'),(1298,61,30,2,'2025-10-02 01:33:14'),(1299,61,33,2,'2025-10-02 01:33:14'),(1300,61,34,2,'2025-10-02 01:33:14'),(1301,61,47,2,'2025-10-02 01:33:14'),(1302,61,49,2,'2025-10-02 01:33:14'),(1303,61,54,2,'2025-10-02 01:33:14'),(1304,61,55,2,'2025-10-02 01:33:14'),(1305,61,61,2,'2025-10-02 01:33:14'),(1306,61,62,2,'2025-10-02 01:33:14'),(1307,61,66,2,'2025-10-02 01:33:14'),(1308,61,67,2,'2025-10-02 01:33:14'),(1309,61,74,2,'2025-10-02 01:33:14'),(1310,61,75,2,'2025-10-02 01:33:14'),(1311,61,77,2,'2025-10-02 01:33:14'),(1312,61,79,2,'2025-10-02 01:33:14'),(1313,61,81,2,'2025-10-02 01:33:14'),(1314,61,82,2,'2025-10-02 01:33:14'),(1315,61,85,2,'2025-10-02 01:33:14'),(1316,61,88,2,'2025-10-02 01:33:14'),(1317,61,93,2,'2025-10-02 01:33:14'),(1318,61,96,2,'2025-10-02 01:33:14'),(1319,61,97,2,'2025-10-02 01:33:14'),(1320,61,98,2,'2025-10-02 01:33:14'),(1321,61,99,2,'2025-10-02 01:33:14'),(1322,62,2,2,'2025-10-02 01:33:14'),(1323,62,3,2,'2025-10-02 01:33:14'),(1324,62,5,2,'2025-10-02 01:33:14'),(1325,62,6,2,'2025-10-02 01:33:14'),(1326,62,8,2,'2025-10-02 01:33:14'),(1327,62,10,2,'2025-10-02 01:33:14'),(1328,62,12,2,'2025-10-02 01:33:14'),(1329,62,14,2,'2025-10-02 01:33:14'),(1330,62,16,2,'2025-10-02 01:33:14'),(1331,62,17,2,'2025-10-02 01:33:14'),(1332,62,20,2,'2025-10-02 01:33:14'),(1333,62,21,2,'2025-10-02 01:33:14'),(1334,62,22,2,'2025-10-02 01:33:14'),(1335,62,24,2,'2025-10-02 01:33:14'),(1336,62,27,2,'2025-10-02 01:33:14'),(1337,62,28,2,'2025-10-02 01:33:14'),(1338,62,29,2,'2025-10-02 01:33:14'),(1339,62,32,2,'2025-10-02 01:33:14'),(1340,62,33,2,'2025-10-02 01:33:14'),(1341,62,37,2,'2025-10-02 01:33:14'),(1342,62,39,2,'2025-10-02 01:33:14'),(1343,62,40,2,'2025-10-02 01:33:14'),(1344,62,41,2,'2025-10-02 01:33:14'),(1345,62,42,2,'2025-10-02 01:33:14'),(1346,62,45,2,'2025-10-02 01:33:14'),(1347,62,49,2,'2025-10-02 01:33:14'),(1348,62,51,2,'2025-10-02 01:33:14'),(1349,62,55,2,'2025-10-02 01:33:14'),(1350,62,58,2,'2025-10-02 01:33:14'),(1351,62,60,2,'2025-10-02 01:33:14'),(1352,62,62,2,'2025-10-02 01:33:14'),(1353,62,63,2,'2025-10-02 01:33:14'),(1354,62,64,2,'2025-10-02 01:33:14'),(1355,62,66,2,'2025-10-02 01:33:14'),(1356,62,68,2,'2025-10-02 01:33:14'),(1357,62,70,2,'2025-10-02 01:33:14'),(1358,62,71,2,'2025-10-02 01:33:14'),(1359,62,73,2,'2025-10-02 01:33:14'),(1360,62,75,2,'2025-10-02 01:33:14'),(1361,62,77,2,'2025-10-02 01:33:14'),(1362,62,80,2,'2025-10-02 01:33:14'),(1363,62,81,2,'2025-10-02 01:33:14'),(1364,62,83,2,'2025-10-02 01:33:14'),(1365,62,84,2,'2025-10-02 01:33:14'),(1366,62,86,2,'2025-10-02 01:33:14'),(1367,62,87,2,'2025-10-02 01:33:14'),(1368,62,88,2,'2025-10-02 01:33:14'),(1369,62,90,2,'2025-10-02 01:33:14'),(1370,62,92,2,'2025-10-02 01:33:14'),(1371,62,99,2,'2025-10-02 01:33:14'),(1372,63,1,2,'2025-10-02 01:33:14'),(1373,63,3,2,'2025-10-02 01:33:14'),(1374,63,4,2,'2025-10-02 01:33:14'),(1375,63,5,2,'2025-10-02 01:33:14'),(1376,63,7,2,'2025-10-02 01:33:14'),(1377,63,8,2,'2025-10-02 01:33:14'),(1378,63,10,2,'2025-10-02 01:33:14'),(1379,63,13,2,'2025-10-02 01:33:14'),(1380,63,15,2,'2025-10-02 01:33:14'),(1381,63,18,2,'2025-10-02 01:33:14'),(1382,63,21,2,'2025-10-02 01:33:14'),(1383,63,22,2,'2025-10-02 01:33:14'),(1384,63,23,2,'2025-10-02 01:33:14'),(1385,63,25,2,'2025-10-02 01:33:14'),(1386,63,30,2,'2025-10-02 01:33:14'),(1387,63,34,2,'2025-10-02 01:33:14'),(1388,63,36,2,'2025-10-02 01:33:14'),(1389,63,37,2,'2025-10-02 01:33:14'),(1390,63,40,2,'2025-10-02 01:33:14'),(1391,63,44,2,'2025-10-02 01:33:14'),(1392,63,46,2,'2025-10-02 01:33:14'),(1393,63,48,2,'2025-10-02 01:33:14'),(1394,63,51,2,'2025-10-02 01:33:14'),(1395,63,53,2,'2025-10-02 01:33:14'),(1396,63,55,2,'2025-10-02 01:33:14'),(1397,63,57,2,'2025-10-02 01:33:14'),(1398,63,58,2,'2025-10-02 01:33:14'),(1399,63,59,2,'2025-10-02 01:33:14'),(1400,63,60,2,'2025-10-02 01:33:14'),(1401,63,61,2,'2025-10-02 01:33:14'),(1402,63,62,2,'2025-10-02 01:33:14'),(1403,63,64,2,'2025-10-02 01:33:14'),(1404,63,69,2,'2025-10-02 01:33:14'),(1405,63,70,2,'2025-10-02 01:33:14'),(1406,63,74,2,'2025-10-02 01:33:14'),(1407,63,76,2,'2025-10-02 01:33:14'),(1408,63,82,2,'2025-10-02 01:33:14'),(1409,63,86,2,'2025-10-02 01:33:14'),(1410,63,87,2,'2025-10-02 01:33:14'),(1411,63,88,2,'2025-10-02 01:33:14'),(1412,63,90,2,'2025-10-02 01:33:14'),(1413,63,93,2,'2025-10-02 01:33:14'),(1414,63,94,2,'2025-10-02 01:33:14'),(1415,63,95,2,'2025-10-02 01:33:14'),(1416,63,99,2,'2025-10-02 01:33:14'),(1417,63,100,2,'2025-10-02 01:33:14'),(1418,64,3,2,'2025-10-02 01:33:14'),(1419,64,7,2,'2025-10-02 01:33:14'),(1420,64,13,2,'2025-10-02 01:33:14'),(1421,64,18,2,'2025-10-02 01:33:14'),(1422,64,20,2,'2025-10-02 01:33:14'),(1423,64,23,2,'2025-10-02 01:33:14'),(1424,64,25,2,'2025-10-02 01:33:14'),(1425,64,28,2,'2025-10-02 01:33:14'),(1426,64,31,2,'2025-10-02 01:33:14'),(1427,64,39,2,'2025-10-02 01:33:14'),(1428,64,40,2,'2025-10-02 01:33:14'),(1429,64,43,2,'2025-10-02 01:33:14'),(1430,64,47,2,'2025-10-02 01:33:14'),(1431,64,51,2,'2025-10-02 01:33:14'),(1432,64,54,2,'2025-10-02 01:33:14'),(1433,64,57,2,'2025-10-02 01:33:14'),(1434,64,62,2,'2025-10-02 01:33:14'),(1435,64,66,2,'2025-10-02 01:33:14'),(1436,64,74,2,'2025-10-02 01:33:14'),(1437,64,76,2,'2025-10-02 01:33:14'),(1438,64,79,2,'2025-10-02 01:33:14'),(1439,64,80,2,'2025-10-02 01:33:14'),(1440,64,84,2,'2025-10-02 01:33:14'),(1441,64,87,2,'2025-10-02 01:33:14'),(1442,65,1,2,'2025-10-02 01:33:14'),(1443,65,4,2,'2025-10-02 01:33:14'),(1444,65,9,2,'2025-10-02 01:33:14'),(1445,65,10,2,'2025-10-02 01:33:14'),(1446,65,11,2,'2025-10-02 01:33:14'),(1447,65,19,2,'2025-10-02 01:33:14'),(1448,65,21,2,'2025-10-02 01:33:14'),(1449,65,27,2,'2025-10-02 01:33:14'),(1450,65,31,2,'2025-10-02 01:33:14'),(1451,65,32,2,'2025-10-02 01:33:14'),(1452,65,34,2,'2025-10-02 01:33:14'),(1453,65,39,2,'2025-10-02 01:33:14'),(1454,65,41,2,'2025-10-02 01:33:14'),(1455,65,43,2,'2025-10-02 01:33:14'),(1456,65,44,2,'2025-10-02 01:33:14'),(1457,65,46,2,'2025-10-02 01:33:14'),(1458,65,51,2,'2025-10-02 01:33:14'),(1459,65,52,2,'2025-10-02 01:33:14'),(1460,65,56,2,'2025-10-02 01:33:14'),(1461,65,58,2,'2025-10-02 01:33:14'),(1462,65,60,2,'2025-10-02 01:33:14'),(1463,65,62,2,'2025-10-02 01:33:14'),(1464,65,65,2,'2025-10-02 01:33:14'),(1465,65,70,2,'2025-10-02 01:33:14'),(1466,65,72,2,'2025-10-02 01:33:14'),(1467,65,74,2,'2025-10-02 01:33:14'),(1468,65,75,2,'2025-10-02 01:33:14'),(1469,65,77,2,'2025-10-02 01:33:14'),(1470,65,83,2,'2025-10-02 01:33:14'),(1471,65,84,2,'2025-10-02 01:33:14'),(1472,65,85,2,'2025-10-02 01:33:14'),(1473,65,87,2,'2025-10-02 01:33:14'),(1474,65,90,2,'2025-10-02 01:33:14'),(1475,66,1,2,'2025-10-02 01:33:14'),(1476,66,2,2,'2025-10-02 01:33:14'),(1477,66,3,2,'2025-10-02 01:33:14'),(1478,66,7,2,'2025-10-02 01:33:14'),(1479,66,10,2,'2025-10-02 01:33:14'),(1480,66,11,2,'2025-10-02 01:33:14'),(1481,66,13,2,'2025-10-02 01:33:14'),(1482,66,14,2,'2025-10-02 01:33:14'),(1483,66,16,2,'2025-10-02 01:33:14'),(1484,66,21,2,'2025-10-02 01:33:14'),(1485,66,23,2,'2025-10-02 01:33:14'),(1486,66,24,2,'2025-10-02 01:33:14'),(1487,66,27,2,'2025-10-02 01:33:14'),(1488,66,30,2,'2025-10-02 01:33:14'),(1489,66,35,2,'2025-10-02 01:33:14'),(1490,66,37,2,'2025-10-02 01:33:14'),(1491,66,38,2,'2025-10-02 01:33:14'),(1492,66,39,2,'2025-10-02 01:33:14'),(1493,66,41,2,'2025-10-02 01:33:14'),(1494,66,45,2,'2025-10-02 01:33:14'),(1495,66,46,2,'2025-10-02 01:33:14'),(1496,66,48,2,'2025-10-02 01:33:14'),(1497,66,50,2,'2025-10-02 01:33:14'),(1498,66,51,2,'2025-10-02 01:33:14'),(1499,66,52,2,'2025-10-02 01:33:14'),(1500,66,53,2,'2025-10-02 01:33:14'),(1501,66,57,2,'2025-10-02 01:33:14'),(1502,66,58,2,'2025-10-02 01:33:14'),(1503,66,60,2,'2025-10-02 01:33:14'),(1504,66,61,2,'2025-10-02 01:33:14'),(1505,66,62,2,'2025-10-02 01:33:14'),(1506,66,74,2,'2025-10-02 01:33:14'),(1507,66,82,2,'2025-10-02 01:33:14'),(1508,66,85,2,'2025-10-02 01:33:14'),(1509,66,86,2,'2025-10-02 01:33:14'),(1510,66,88,2,'2025-10-02 01:33:14'),(1511,66,89,2,'2025-10-02 01:33:14'),(1512,66,90,2,'2025-10-02 01:33:15'),(1513,66,92,2,'2025-10-02 01:33:15'),(1514,66,93,2,'2025-10-02 01:33:15'),(1515,66,95,2,'2025-10-02 01:33:15'),(1516,66,97,2,'2025-10-02 01:33:15'),(1517,66,98,2,'2025-10-02 01:33:15'),(1518,66,99,2,'2025-10-02 01:33:15'),(1519,67,1,2,'2025-10-02 01:33:15'),(1520,67,3,2,'2025-10-02 01:33:15'),(1521,67,8,2,'2025-10-02 01:33:15'),(1522,67,13,2,'2025-10-02 01:33:15'),(1523,67,14,2,'2025-10-02 01:33:15'),(1524,67,16,2,'2025-10-02 01:33:15'),(1525,67,17,2,'2025-10-02 01:33:15'),(1526,67,18,2,'2025-10-02 01:33:15'),(1527,67,19,2,'2025-10-02 01:33:15'),(1528,67,20,2,'2025-10-02 01:33:15'),(1529,67,23,2,'2025-10-02 01:33:15'),(1530,67,28,2,'2025-10-02 01:33:15'),(1531,67,29,2,'2025-10-02 01:33:15'),(1532,67,30,2,'2025-10-02 01:33:15'),(1533,67,31,2,'2025-10-02 01:33:15'),(1534,67,32,2,'2025-10-02 01:33:15'),(1535,67,34,2,'2025-10-02 01:33:15'),(1536,67,36,2,'2025-10-02 01:33:15'),(1537,67,40,2,'2025-10-02 01:33:15'),(1538,67,43,2,'2025-10-02 01:33:15'),(1539,67,44,2,'2025-10-02 01:33:15'),(1540,67,49,2,'2025-10-02 01:33:15'),(1541,67,53,2,'2025-10-02 01:33:15'),(1542,67,55,2,'2025-10-02 01:33:15'),(1543,67,57,2,'2025-10-02 01:33:15'),(1544,67,60,2,'2025-10-02 01:33:15'),(1545,67,61,2,'2025-10-02 01:33:15'),(1546,67,68,2,'2025-10-02 01:33:15'),(1547,67,71,2,'2025-10-02 01:33:15'),(1548,67,78,2,'2025-10-02 01:33:15'),(1549,67,80,2,'2025-10-02 01:33:15'),(1550,67,83,2,'2025-10-02 01:33:15'),(1551,67,87,2,'2025-10-02 01:33:15'),(1552,67,90,2,'2025-10-02 01:33:15'),(1553,67,91,2,'2025-10-02 01:33:15'),(1554,67,93,2,'2025-10-02 01:33:15'),(1555,67,97,2,'2025-10-02 01:33:15'),(1556,68,7,2,'2025-10-02 01:33:15'),(1557,68,14,2,'2025-10-02 01:33:15'),(1558,68,18,2,'2025-10-02 01:33:15'),(1559,68,20,2,'2025-10-02 01:33:15'),(1560,68,24,2,'2025-10-02 01:33:15'),(1561,68,27,2,'2025-10-02 01:33:15'),(1562,68,31,2,'2025-10-02 01:33:15'),(1563,68,36,2,'2025-10-02 01:33:15'),(1564,68,39,2,'2025-10-02 01:33:15'),(1565,68,40,2,'2025-10-02 01:33:15'),(1566,68,45,2,'2025-10-02 01:33:15'),(1567,68,50,2,'2025-10-02 01:33:15'),(1568,68,60,2,'2025-10-02 01:33:15'),(1569,68,65,2,'2025-10-02 01:33:15'),(1570,68,80,2,'2025-10-02 01:33:15'),(1571,68,82,2,'2025-10-02 01:33:15'),(1572,68,84,2,'2025-10-02 01:33:15'),(1573,68,87,2,'2025-10-02 01:33:15'),(1574,68,92,2,'2025-10-02 01:33:15'),(1575,68,93,2,'2025-10-02 01:33:15'),(1576,68,95,2,'2025-10-02 01:33:15'),(1577,68,98,2,'2025-10-02 01:33:15'),(1578,69,5,2,'2025-10-02 01:33:15'),(1579,69,8,2,'2025-10-02 01:33:15'),(1580,69,9,2,'2025-10-02 01:33:15'),(1581,69,12,2,'2025-10-02 01:33:15'),(1582,69,13,2,'2025-10-02 01:33:15'),(1583,69,14,2,'2025-10-02 01:33:15'),(1584,69,16,2,'2025-10-02 01:33:15'),(1585,69,17,2,'2025-10-02 01:33:15'),(1586,69,28,2,'2025-10-02 01:33:15'),(1587,69,29,2,'2025-10-02 01:33:15'),(1588,69,30,2,'2025-10-02 01:33:15'),(1589,69,32,2,'2025-10-02 01:33:15'),(1590,69,36,2,'2025-10-02 01:33:15'),(1591,69,38,2,'2025-10-02 01:33:15'),(1592,69,39,2,'2025-10-02 01:33:15'),(1593,69,46,2,'2025-10-02 01:33:15'),(1594,69,49,2,'2025-10-02 01:33:15'),(1595,69,52,2,'2025-10-02 01:33:15'),(1596,69,57,2,'2025-10-02 01:33:15'),(1597,69,59,2,'2025-10-02 01:33:15'),(1598,69,63,2,'2025-10-02 01:33:15'),(1599,69,71,2,'2025-10-02 01:33:15'),(1600,69,75,2,'2025-10-02 01:33:15'),(1601,69,76,2,'2025-10-02 01:33:15'),(1602,69,77,2,'2025-10-02 01:33:15'),(1603,69,84,2,'2025-10-02 01:33:15'),(1604,69,85,2,'2025-10-02 01:33:15'),(1605,69,86,2,'2025-10-02 01:33:15'),(1606,69,88,2,'2025-10-02 01:33:15'),(1607,69,92,2,'2025-10-02 01:33:15'),(1608,69,95,2,'2025-10-02 01:33:15'),(1609,69,97,2,'2025-10-02 01:33:15'),(1610,69,98,2,'2025-10-02 01:33:15'),(1611,69,99,2,'2025-10-02 01:33:15'),(1612,69,100,2,'2025-10-02 01:33:15'),(1613,70,9,2,'2025-10-02 01:33:15'),(1614,70,19,2,'2025-10-02 01:33:15'),(1615,70,22,2,'2025-10-02 01:33:15'),(1616,70,24,2,'2025-10-02 01:33:15'),(1617,70,30,2,'2025-10-02 01:33:15'),(1618,70,34,2,'2025-10-02 01:33:15'),(1619,70,36,2,'2025-10-02 01:33:15'),(1620,70,37,2,'2025-10-02 01:33:15'),(1621,70,38,2,'2025-10-02 01:33:15'),(1622,70,47,2,'2025-10-02 01:33:15'),(1623,70,54,2,'2025-10-02 01:33:15'),(1624,70,55,2,'2025-10-02 01:33:15'),(1625,70,56,2,'2025-10-02 01:33:15'),(1626,70,64,2,'2025-10-02 01:33:15'),(1627,70,66,2,'2025-10-02 01:33:15'),(1628,70,67,2,'2025-10-02 01:33:15'),(1629,70,73,2,'2025-10-02 01:33:15'),(1630,70,78,2,'2025-10-02 01:33:15'),(1631,70,79,2,'2025-10-02 01:33:15'),(1632,70,81,2,'2025-10-02 01:33:15'),(1633,70,89,2,'2025-10-02 01:33:15'),(1634,70,92,2,'2025-10-02 01:33:15'),(1635,70,96,2,'2025-10-02 01:33:15'),(1636,70,100,2,'2025-10-02 01:33:15'),(1637,71,1,2,'2025-10-02 01:33:15'),(1638,71,3,2,'2025-10-02 01:33:15'),(1639,71,6,2,'2025-10-02 01:33:15'),(1640,71,7,2,'2025-10-02 01:33:15'),(1641,71,9,2,'2025-10-02 01:33:15'),(1642,71,11,2,'2025-10-02 01:33:15'),(1643,71,13,2,'2025-10-02 01:33:15'),(1644,71,18,2,'2025-10-02 01:33:15'),(1645,71,20,2,'2025-10-02 01:33:15'),(1646,71,23,2,'2025-10-02 01:33:15'),(1647,71,25,2,'2025-10-02 01:33:15'),(1648,71,27,2,'2025-10-02 01:33:15'),(1649,71,28,2,'2025-10-02 01:33:15'),(1650,71,32,2,'2025-10-02 01:33:15'),(1651,71,33,2,'2025-10-02 01:33:15'),(1652,71,40,2,'2025-10-02 01:33:15'),(1653,71,41,2,'2025-10-02 01:33:15'),(1654,71,47,2,'2025-10-02 01:33:15'),(1655,71,48,2,'2025-10-02 01:33:15'),(1656,71,49,2,'2025-10-02 01:33:15'),(1657,71,51,2,'2025-10-02 01:33:15'),(1658,71,57,2,'2025-10-02 01:33:15'),(1659,71,63,2,'2025-10-02 01:33:15'),(1660,71,70,2,'2025-10-02 01:33:15'),(1661,71,71,2,'2025-10-02 01:33:15'),(1662,71,72,2,'2025-10-02 01:33:15'),(1663,71,79,2,'2025-10-02 01:33:15'),(1664,71,82,2,'2025-10-02 01:33:15'),(1665,71,88,2,'2025-10-02 01:33:15'),(1666,71,95,2,'2025-10-02 01:33:15'),(1667,71,97,2,'2025-10-02 01:33:15'),(1668,71,98,2,'2025-10-02 01:33:15'),(1669,71,99,2,'2025-10-02 01:33:15'),(1670,72,4,2,'2025-10-02 01:33:15'),(1671,72,5,2,'2025-10-02 01:33:15'),(1672,72,11,2,'2025-10-02 01:33:15'),(1673,72,12,2,'2025-10-02 01:33:15'),(1674,72,14,2,'2025-10-02 01:33:15'),(1675,72,15,2,'2025-10-02 01:33:15'),(1676,72,19,2,'2025-10-02 01:33:15'),(1677,72,20,2,'2025-10-02 01:33:15'),(1678,72,21,2,'2025-10-02 01:33:15'),(1679,72,25,2,'2025-10-02 01:33:15'),(1680,72,31,2,'2025-10-02 01:33:15'),(1681,72,35,2,'2025-10-02 01:33:15'),(1682,72,40,2,'2025-10-02 01:33:15'),(1683,72,43,2,'2025-10-02 01:33:15'),(1684,72,48,2,'2025-10-02 01:33:15'),(1685,72,53,2,'2025-10-02 01:33:15'),(1686,72,55,2,'2025-10-02 01:33:15'),(1687,72,56,2,'2025-10-02 01:33:15'),(1688,72,58,2,'2025-10-02 01:33:15'),(1689,72,60,2,'2025-10-02 01:33:15'),(1690,72,62,2,'2025-10-02 01:33:15'),(1691,72,68,2,'2025-10-02 01:33:15'),(1692,72,70,2,'2025-10-02 01:33:15'),(1693,72,71,2,'2025-10-02 01:33:15'),(1694,72,77,2,'2025-10-02 01:33:15'),(1695,72,78,2,'2025-10-02 01:33:15'),(1696,72,80,2,'2025-10-02 01:33:15'),(1697,72,81,2,'2025-10-02 01:33:15'),(1698,72,85,2,'2025-10-02 01:33:15'),(1699,72,87,2,'2025-10-02 01:33:15'),(1700,72,92,2,'2025-10-02 01:33:15'),(1701,72,93,2,'2025-10-02 01:33:15'),(1702,73,4,2,'2025-10-02 01:33:15'),(1703,73,7,2,'2025-10-02 01:33:15'),(1704,73,10,2,'2025-10-02 01:33:15'),(1705,73,15,2,'2025-10-02 01:33:15'),(1706,73,25,2,'2025-10-02 01:33:15'),(1707,73,26,2,'2025-10-02 01:33:15'),(1708,73,33,2,'2025-10-02 01:33:15'),(1709,73,37,2,'2025-10-02 01:33:15'),(1710,73,45,2,'2025-10-02 01:33:15'),(1711,73,48,2,'2025-10-02 01:33:15'),(1712,73,49,2,'2025-10-02 01:33:15'),(1713,73,54,2,'2025-10-02 01:33:15'),(1714,73,59,2,'2025-10-02 01:33:15'),(1715,73,67,2,'2025-10-02 01:33:15'),(1716,73,73,2,'2025-10-02 01:33:15'),(1717,73,76,2,'2025-10-02 01:33:15'),(1718,73,78,2,'2025-10-02 01:33:15'),(1719,73,80,2,'2025-10-02 01:33:15'),(1720,73,81,2,'2025-10-02 01:33:15'),(1721,73,85,2,'2025-10-02 01:33:15'),(1722,73,93,2,'2025-10-02 01:33:15'),(1723,73,97,2,'2025-10-02 01:33:15'),(1724,74,7,2,'2025-10-02 01:33:15'),(1725,74,12,2,'2025-10-02 01:33:15'),(1726,74,15,2,'2025-10-02 01:33:15'),(1727,74,19,2,'2025-10-02 01:33:15'),(1728,74,26,2,'2025-10-02 01:33:15'),(1729,74,37,2,'2025-10-02 01:33:15'),(1730,74,41,2,'2025-10-02 01:33:15'),(1731,74,44,2,'2025-10-02 01:33:15'),(1732,74,46,2,'2025-10-02 01:33:15'),(1733,74,49,2,'2025-10-02 01:33:15'),(1734,74,51,2,'2025-10-02 01:33:15'),(1735,74,57,2,'2025-10-02 01:33:15'),(1736,74,59,2,'2025-10-02 01:33:15'),(1737,74,64,2,'2025-10-02 01:33:15'),(1738,74,65,2,'2025-10-02 01:33:15'),(1739,74,73,2,'2025-10-02 01:33:15'),(1740,74,75,2,'2025-10-02 01:33:15'),(1741,74,76,2,'2025-10-02 01:33:15'),(1742,74,81,2,'2025-10-02 01:33:15'),(1743,74,85,2,'2025-10-02 01:33:15'),(1744,74,87,2,'2025-10-02 01:33:15'),(1745,74,88,2,'2025-10-02 01:33:15'),(1746,74,91,2,'2025-10-02 01:33:15'),(1747,74,95,2,'2025-10-02 01:33:15'),(1748,75,3,2,'2025-10-02 01:33:15'),(1749,75,8,2,'2025-10-02 01:33:15'),(1750,75,9,2,'2025-10-02 01:33:15'),(1751,75,12,2,'2025-10-02 01:33:15'),(1752,75,14,2,'2025-10-02 01:33:15'),(1753,75,16,2,'2025-10-02 01:33:15'),(1754,75,18,2,'2025-10-02 01:33:15'),(1755,75,20,2,'2025-10-02 01:33:15'),(1756,75,21,2,'2025-10-02 01:33:15'),(1757,75,28,2,'2025-10-02 01:33:15'),(1758,75,32,2,'2025-10-02 01:33:15'),(1759,75,34,2,'2025-10-02 01:33:15'),(1760,75,35,2,'2025-10-02 01:33:15'),(1761,75,36,2,'2025-10-02 01:33:15'),(1762,75,37,2,'2025-10-02 01:33:15'),(1763,75,38,2,'2025-10-02 01:33:15'),(1764,75,41,2,'2025-10-02 01:33:15'),(1765,75,42,2,'2025-10-02 01:33:15'),(1766,75,45,2,'2025-10-02 01:33:15'),(1767,75,46,2,'2025-10-02 01:33:15'),(1768,75,47,2,'2025-10-02 01:33:15'),(1769,75,49,2,'2025-10-02 01:33:15'),(1770,75,53,2,'2025-10-02 01:33:15'),(1771,75,54,2,'2025-10-02 01:33:15'),(1772,75,58,2,'2025-10-02 01:33:15'),(1773,75,59,2,'2025-10-02 01:33:15'),(1774,75,61,2,'2025-10-02 01:33:15'),(1775,75,63,2,'2025-10-02 01:33:15'),(1776,75,64,2,'2025-10-02 01:33:15'),(1777,75,66,2,'2025-10-02 01:33:15'),(1778,75,67,2,'2025-10-02 01:33:15'),(1779,75,72,2,'2025-10-02 01:33:15'),(1780,75,73,2,'2025-10-02 01:33:15'),(1781,75,74,2,'2025-10-02 01:33:15'),(1782,75,76,2,'2025-10-02 01:33:15'),(1783,75,78,2,'2025-10-02 01:33:15'),(1784,75,79,2,'2025-10-02 01:33:15'),(1785,75,80,2,'2025-10-02 01:33:15'),(1786,75,83,2,'2025-10-02 01:33:15'),(1787,75,85,2,'2025-10-02 01:33:15'),(1788,75,87,2,'2025-10-02 01:33:15'),(1789,75,88,2,'2025-10-02 01:33:15'),(1790,75,89,2,'2025-10-02 01:33:15'),(1791,75,90,2,'2025-10-02 01:33:15'),(1792,75,98,2,'2025-10-02 01:33:15'),(1793,75,99,2,'2025-10-02 01:33:15'),(1794,76,6,2,'2025-10-02 01:33:15'),(1795,76,8,2,'2025-10-02 01:33:15'),(1796,76,14,2,'2025-10-02 01:33:15'),(1797,76,17,2,'2025-10-02 01:33:15'),(1798,76,18,2,'2025-10-02 01:33:15'),(1799,76,19,2,'2025-10-02 01:33:15'),(1800,76,20,2,'2025-10-02 01:33:15'),(1801,76,22,2,'2025-10-02 01:33:15'),(1802,76,24,2,'2025-10-02 01:33:15'),(1803,76,40,2,'2025-10-02 01:33:15'),(1804,76,52,2,'2025-10-02 01:33:15'),(1805,76,53,2,'2025-10-02 01:33:15'),(1806,76,61,2,'2025-10-02 01:33:15'),(1807,76,62,2,'2025-10-02 01:33:15'),(1808,76,66,2,'2025-10-02 01:33:15'),(1809,76,71,2,'2025-10-02 01:33:15'),(1810,76,76,2,'2025-10-02 01:33:15'),(1811,76,78,2,'2025-10-02 01:33:15'),(1812,76,84,2,'2025-10-02 01:33:15'),(1813,76,89,2,'2025-10-02 01:33:15'),(1814,76,90,2,'2025-10-02 01:33:15'),(1815,76,96,2,'2025-10-02 01:33:15'),(1816,76,97,2,'2025-10-02 01:33:15'),(1817,77,2,2,'2025-10-02 01:33:15'),(1818,77,3,2,'2025-10-02 01:33:15'),(1819,77,5,2,'2025-10-02 01:33:15'),(1820,77,6,2,'2025-10-02 01:33:15'),(1821,77,8,2,'2025-10-02 01:33:15'),(1822,77,11,2,'2025-10-02 01:33:15'),(1823,77,12,2,'2025-10-02 01:33:15'),(1824,77,14,2,'2025-10-02 01:33:15'),(1825,77,15,2,'2025-10-02 01:33:15'),(1826,77,16,2,'2025-10-02 01:33:15'),(1827,77,17,2,'2025-10-02 01:33:15'),(1828,77,18,2,'2025-10-02 01:33:15'),(1829,77,19,2,'2025-10-02 01:33:15'),(1830,77,29,2,'2025-10-02 01:33:15'),(1831,77,35,2,'2025-10-02 01:33:15'),(1832,77,38,2,'2025-10-02 01:33:15'),(1833,77,43,2,'2025-10-02 01:33:15'),(1834,77,45,2,'2025-10-02 01:33:15'),(1835,77,50,2,'2025-10-02 01:33:15'),(1836,77,52,2,'2025-10-02 01:33:15'),(1837,77,53,2,'2025-10-02 01:33:15'),(1838,77,55,2,'2025-10-02 01:33:15'),(1839,77,57,2,'2025-10-02 01:33:15'),(1840,77,67,2,'2025-10-02 01:33:15'),(1841,77,70,2,'2025-10-02 01:33:15'),(1842,77,71,2,'2025-10-02 01:33:15'),(1843,77,76,2,'2025-10-02 01:33:15'),(1844,77,79,2,'2025-10-02 01:33:15'),(1845,77,82,2,'2025-10-02 01:33:15'),(1846,77,85,2,'2025-10-02 01:33:15'),(1847,77,86,2,'2025-10-02 01:33:15'),(1848,77,92,2,'2025-10-02 01:33:15'),(1849,77,94,2,'2025-10-02 01:33:15'),(1850,77,98,2,'2025-10-02 01:33:15'),(1851,77,100,2,'2025-10-02 01:33:15'),(1852,78,3,2,'2025-10-02 01:33:15'),(1853,78,4,2,'2025-10-02 01:33:15'),(1854,78,7,2,'2025-10-02 01:33:16'),(1855,78,10,2,'2025-10-02 01:33:16'),(1856,78,15,2,'2025-10-02 01:33:16'),(1857,78,16,2,'2025-10-02 01:33:16'),(1858,78,17,2,'2025-10-02 01:33:16'),(1859,78,20,2,'2025-10-02 01:33:16'),(1860,78,21,2,'2025-10-02 01:33:16'),(1861,78,22,2,'2025-10-02 01:33:16'),(1862,78,28,2,'2025-10-02 01:33:16'),(1863,78,30,2,'2025-10-02 01:33:16'),(1864,78,31,2,'2025-10-02 01:33:16'),(1865,78,32,2,'2025-10-02 01:33:16'),(1866,78,35,2,'2025-10-02 01:33:16'),(1867,78,36,2,'2025-10-02 01:33:16'),(1868,78,40,2,'2025-10-02 01:33:16'),(1869,78,41,2,'2025-10-02 01:33:16'),(1870,78,49,2,'2025-10-02 01:33:16'),(1871,78,54,2,'2025-10-02 01:33:16'),(1872,78,56,2,'2025-10-02 01:33:16'),(1873,78,58,2,'2025-10-02 01:33:16'),(1874,78,69,2,'2025-10-02 01:33:16'),(1875,78,70,2,'2025-10-02 01:33:16'),(1876,78,74,2,'2025-10-02 01:33:16'),(1877,78,77,2,'2025-10-02 01:33:16'),(1878,78,79,2,'2025-10-02 01:33:16'),(1879,78,85,2,'2025-10-02 01:33:16'),(1880,78,87,2,'2025-10-02 01:33:16'),(1881,78,89,2,'2025-10-02 01:33:16'),(1882,78,90,2,'2025-10-02 01:33:16'),(1883,78,92,2,'2025-10-02 01:33:16'),(1884,78,93,2,'2025-10-02 01:33:16'),(1885,78,96,2,'2025-10-02 01:33:16'),(1886,78,99,2,'2025-10-02 01:33:16'),(1887,79,1,2,'2025-10-02 01:33:16'),(1888,79,2,2,'2025-10-02 01:33:16'),(1889,79,3,2,'2025-10-02 01:33:16'),(1890,79,8,2,'2025-10-02 01:33:16'),(1891,79,10,2,'2025-10-02 01:33:16'),(1892,79,13,2,'2025-10-02 01:33:16'),(1893,79,14,2,'2025-10-02 01:33:16'),(1894,79,15,2,'2025-10-02 01:33:16'),(1895,79,16,2,'2025-10-02 01:33:16'),(1896,79,19,2,'2025-10-02 01:33:16'),(1897,79,23,2,'2025-10-02 01:33:16'),(1898,79,24,2,'2025-10-02 01:33:16'),(1899,79,25,2,'2025-10-02 01:33:16'),(1900,79,30,2,'2025-10-02 01:33:16'),(1901,79,37,2,'2025-10-02 01:33:16'),(1902,79,38,2,'2025-10-02 01:33:16'),(1903,79,40,2,'2025-10-02 01:33:16'),(1904,79,41,2,'2025-10-02 01:33:16'),(1905,79,42,2,'2025-10-02 01:33:16'),(1906,79,43,2,'2025-10-02 01:33:16'),(1907,79,48,2,'2025-10-02 01:33:16'),(1908,79,49,2,'2025-10-02 01:33:16'),(1909,79,51,2,'2025-10-02 01:33:16'),(1910,79,52,2,'2025-10-02 01:33:16'),(1911,79,55,2,'2025-10-02 01:33:16'),(1912,79,62,2,'2025-10-02 01:33:16'),(1913,79,64,2,'2025-10-02 01:33:16'),(1914,79,65,2,'2025-10-02 01:33:16'),(1915,79,70,2,'2025-10-02 01:33:16'),(1916,79,71,2,'2025-10-02 01:33:16'),(1917,79,75,2,'2025-10-02 01:33:16'),(1918,79,81,2,'2025-10-02 01:33:16'),(1919,79,83,2,'2025-10-02 01:33:16'),(1920,79,90,2,'2025-10-02 01:33:16'),(1921,79,94,2,'2025-10-02 01:33:16'),(1922,79,95,2,'2025-10-02 01:33:16'),(1923,79,96,2,'2025-10-02 01:33:16'),(1924,79,98,2,'2025-10-02 01:33:16'),(1925,80,1,2,'2025-10-02 01:33:16'),(1926,80,7,2,'2025-10-02 01:33:16'),(1927,80,8,2,'2025-10-02 01:33:16'),(1928,80,11,2,'2025-10-02 01:33:16'),(1929,80,12,2,'2025-10-02 01:33:16'),(1930,80,16,2,'2025-10-02 01:33:16'),(1931,80,25,2,'2025-10-02 01:33:16'),(1932,80,33,2,'2025-10-02 01:33:16'),(1933,80,39,2,'2025-10-02 01:33:16'),(1934,80,43,2,'2025-10-02 01:33:16'),(1935,80,48,2,'2025-10-02 01:33:16'),(1936,80,52,2,'2025-10-02 01:33:16'),(1937,80,53,2,'2025-10-02 01:33:16'),(1938,80,55,2,'2025-10-02 01:33:16'),(1939,80,58,2,'2025-10-02 01:33:16'),(1940,80,59,2,'2025-10-02 01:33:16'),(1941,80,61,2,'2025-10-02 01:33:16'),(1942,80,62,2,'2025-10-02 01:33:16'),(1943,80,65,2,'2025-10-02 01:33:16'),(1944,80,67,2,'2025-10-02 01:33:16'),(1945,80,83,2,'2025-10-02 01:33:16'),(1946,80,84,2,'2025-10-02 01:33:16'),(1947,80,96,2,'2025-10-02 01:33:16'),(1948,81,3,2,'2025-10-02 01:33:16'),(1949,81,5,2,'2025-10-02 01:33:16'),(1950,81,7,2,'2025-10-02 01:33:16'),(1951,81,8,2,'2025-10-02 01:33:16'),(1952,81,11,2,'2025-10-02 01:33:16'),(1953,81,23,2,'2025-10-02 01:33:16'),(1954,81,25,2,'2025-10-02 01:33:16'),(1955,81,26,2,'2025-10-02 01:33:16'),(1956,81,31,2,'2025-10-02 01:33:16'),(1957,81,34,2,'2025-10-02 01:33:16'),(1958,81,39,2,'2025-10-02 01:33:16'),(1959,81,40,2,'2025-10-02 01:33:16'),(1960,81,42,2,'2025-10-02 01:33:16'),(1961,81,50,2,'2025-10-02 01:33:16'),(1962,81,62,2,'2025-10-02 01:33:16'),(1963,81,63,2,'2025-10-02 01:33:16'),(1964,81,66,2,'2025-10-02 01:33:16'),(1965,81,67,2,'2025-10-02 01:33:16'),(1966,81,71,2,'2025-10-02 01:33:16'),(1967,81,72,2,'2025-10-02 01:33:16'),(1968,81,74,2,'2025-10-02 01:33:16'),(1969,81,80,2,'2025-10-02 01:33:16'),(1970,81,91,2,'2025-10-02 01:33:16'),(1971,81,94,2,'2025-10-02 01:33:16'),(1972,81,97,2,'2025-10-02 01:33:16'),(1973,81,99,2,'2025-10-02 01:33:16'),(1974,82,3,2,'2025-10-02 01:33:16'),(1975,82,6,2,'2025-10-02 01:33:16'),(1976,82,17,2,'2025-10-02 01:33:16'),(1977,82,19,2,'2025-10-02 01:33:16'),(1978,82,25,2,'2025-10-02 01:33:16'),(1979,82,26,2,'2025-10-02 01:33:16'),(1980,82,28,2,'2025-10-02 01:33:16'),(1981,82,42,2,'2025-10-02 01:33:16'),(1982,82,43,2,'2025-10-02 01:33:16'),(1983,82,44,2,'2025-10-02 01:33:16'),(1984,82,54,2,'2025-10-02 01:33:16'),(1985,82,61,2,'2025-10-02 01:33:16'),(1986,82,65,2,'2025-10-02 01:33:16'),(1987,82,66,2,'2025-10-02 01:33:16'),(1988,82,69,2,'2025-10-02 01:33:16'),(1989,82,73,2,'2025-10-02 01:33:16'),(1990,82,74,2,'2025-10-02 01:33:16'),(1991,82,75,2,'2025-10-02 01:33:16'),(1992,82,76,2,'2025-10-02 01:33:16'),(1993,82,88,2,'2025-10-02 01:33:16'),(1994,82,90,2,'2025-10-02 01:33:16'),(1995,82,91,2,'2025-10-02 01:33:16'),(1996,82,93,2,'2025-10-02 01:33:16'),(1997,82,94,2,'2025-10-02 01:33:16'),(1998,82,96,2,'2025-10-02 01:33:16'),(1999,82,97,2,'2025-10-02 01:33:16'),(2000,82,98,2,'2025-10-02 01:33:16'),(2001,83,3,2,'2025-10-02 01:33:16'),(2002,83,5,2,'2025-10-02 01:33:16'),(2003,83,9,2,'2025-10-02 01:33:16'),(2004,83,11,2,'2025-10-02 01:33:16'),(2005,83,15,2,'2025-10-02 01:33:16'),(2006,83,20,2,'2025-10-02 01:33:16'),(2007,83,23,2,'2025-10-02 01:33:16'),(2008,83,32,2,'2025-10-02 01:33:16'),(2009,83,33,2,'2025-10-02 01:33:16'),(2010,83,37,2,'2025-10-02 01:33:16'),(2011,83,40,2,'2025-10-02 01:33:16'),(2012,83,42,2,'2025-10-02 01:33:16'),(2013,83,47,2,'2025-10-02 01:33:16'),(2014,83,49,2,'2025-10-02 01:33:16'),(2015,83,51,2,'2025-10-02 01:33:16'),(2016,83,60,2,'2025-10-02 01:33:16'),(2017,83,62,2,'2025-10-02 01:33:16'),(2018,83,63,2,'2025-10-02 01:33:16'),(2019,83,64,2,'2025-10-02 01:33:16'),(2020,83,67,2,'2025-10-02 01:33:16'),(2021,83,69,2,'2025-10-02 01:33:16'),(2022,83,78,2,'2025-10-02 01:33:16'),(2023,83,81,2,'2025-10-02 01:33:16'),(2024,83,86,2,'2025-10-02 01:33:16'),(2025,83,92,2,'2025-10-02 01:33:16'),(2026,83,94,2,'2025-10-02 01:33:16'),(2027,83,96,2,'2025-10-02 01:33:16'),(2028,83,97,2,'2025-10-02 01:33:16'),(2029,84,2,2,'2025-10-02 01:33:16'),(2030,84,5,2,'2025-10-02 01:33:16'),(2031,84,8,2,'2025-10-02 01:33:16'),(2032,84,13,2,'2025-10-02 01:33:16'),(2033,84,15,2,'2025-10-02 01:33:16'),(2034,84,17,2,'2025-10-02 01:33:16'),(2035,84,24,2,'2025-10-02 01:33:16'),(2036,84,25,2,'2025-10-02 01:33:16'),(2037,84,27,2,'2025-10-02 01:33:16'),(2038,84,34,2,'2025-10-02 01:33:16'),(2039,84,40,2,'2025-10-02 01:33:16'),(2040,84,45,2,'2025-10-02 01:33:16'),(2041,84,47,2,'2025-10-02 01:33:16'),(2042,84,50,2,'2025-10-02 01:33:16'),(2043,84,53,2,'2025-10-02 01:33:16'),(2044,84,55,2,'2025-10-02 01:33:16'),(2045,84,56,2,'2025-10-02 01:33:16'),(2046,84,58,2,'2025-10-02 01:33:16'),(2047,84,64,2,'2025-10-02 01:33:16'),(2048,84,67,2,'2025-10-02 01:33:16'),(2049,84,71,2,'2025-10-02 01:33:16'),(2050,84,72,2,'2025-10-02 01:33:16'),(2051,84,74,2,'2025-10-02 01:33:16'),(2052,84,77,2,'2025-10-02 01:33:16'),(2053,84,83,2,'2025-10-02 01:33:16'),(2054,84,85,2,'2025-10-02 01:33:16'),(2055,84,89,2,'2025-10-02 01:33:16'),(2056,84,91,2,'2025-10-02 01:33:16'),(2057,84,92,2,'2025-10-02 01:33:16'),(2058,85,5,2,'2025-10-02 01:33:16'),(2059,85,6,2,'2025-10-02 01:33:16'),(2060,85,8,2,'2025-10-02 01:33:16'),(2061,85,9,2,'2025-10-02 01:33:16'),(2062,85,10,2,'2025-10-02 01:33:16'),(2063,85,12,2,'2025-10-02 01:33:16'),(2064,85,13,2,'2025-10-02 01:33:16'),(2065,85,16,2,'2025-10-02 01:33:16'),(2066,85,18,2,'2025-10-02 01:33:16'),(2067,85,19,2,'2025-10-02 01:33:16'),(2068,85,20,2,'2025-10-02 01:33:16'),(2069,85,22,2,'2025-10-02 01:33:16'),(2070,85,23,2,'2025-10-02 01:33:16'),(2071,85,24,2,'2025-10-02 01:33:16'),(2072,85,29,2,'2025-10-02 01:33:16'),(2073,85,30,2,'2025-10-02 01:33:16'),(2074,85,31,2,'2025-10-02 01:33:16'),(2075,85,32,2,'2025-10-02 01:33:16'),(2076,85,35,2,'2025-10-02 01:33:16'),(2077,85,36,2,'2025-10-02 01:33:16'),(2078,85,38,2,'2025-10-02 01:33:16'),(2079,85,40,2,'2025-10-02 01:33:16'),(2080,85,42,2,'2025-10-02 01:33:16'),(2081,85,45,2,'2025-10-02 01:33:16'),(2082,85,50,2,'2025-10-02 01:33:16'),(2083,85,52,2,'2025-10-02 01:33:16'),(2084,85,53,2,'2025-10-02 01:33:16'),(2085,85,54,2,'2025-10-02 01:33:16'),(2086,85,55,2,'2025-10-02 01:33:16'),(2087,85,56,2,'2025-10-02 01:33:16'),(2088,85,58,2,'2025-10-02 01:33:16'),(2089,85,60,2,'2025-10-02 01:33:16'),(2090,85,61,2,'2025-10-02 01:33:16'),(2091,85,67,2,'2025-10-02 01:33:16'),(2092,85,68,2,'2025-10-02 01:33:16'),(2093,85,71,2,'2025-10-02 01:33:16'),(2094,85,77,2,'2025-10-02 01:33:16'),(2095,85,78,2,'2025-10-02 01:33:16'),(2096,85,79,2,'2025-10-02 01:33:16'),(2097,85,81,2,'2025-10-02 01:33:16'),(2098,85,82,2,'2025-10-02 01:33:16'),(2099,85,83,2,'2025-10-02 01:33:16'),(2100,85,86,2,'2025-10-02 01:33:16'),(2101,85,88,2,'2025-10-02 01:33:16'),(2102,85,90,2,'2025-10-02 01:33:16'),(2103,85,91,2,'2025-10-02 01:33:16'),(2104,85,92,2,'2025-10-02 01:33:16'),(2105,85,96,2,'2025-10-02 01:33:16'),(2106,85,98,2,'2025-10-02 01:33:16'),(2107,85,99,2,'2025-10-02 01:33:16'),(2108,86,2,2,'2025-10-02 01:33:16'),(2109,86,4,2,'2025-10-02 01:33:16'),(2110,86,7,2,'2025-10-02 01:33:16'),(2111,86,15,2,'2025-10-02 01:33:16'),(2112,86,17,2,'2025-10-02 01:33:16'),(2113,86,19,2,'2025-10-02 01:33:16'),(2114,86,31,2,'2025-10-02 01:33:16'),(2115,86,33,2,'2025-10-02 01:33:16'),(2116,86,34,2,'2025-10-02 01:33:16'),(2117,86,41,2,'2025-10-02 01:33:16'),(2118,86,45,2,'2025-10-02 01:33:16'),(2119,86,48,2,'2025-10-02 01:33:16'),(2120,86,51,2,'2025-10-02 01:33:16'),(2121,86,58,2,'2025-10-02 01:33:16'),(2122,86,60,2,'2025-10-02 01:33:16'),(2123,86,63,2,'2025-10-02 01:33:16'),(2124,86,72,2,'2025-10-02 01:33:16'),(2125,86,75,2,'2025-10-02 01:33:16'),(2126,86,76,2,'2025-10-02 01:33:16'),(2127,86,79,2,'2025-10-02 01:33:16'),(2128,86,86,2,'2025-10-02 01:33:16'),(2129,86,89,2,'2025-10-02 01:33:16'),(2130,86,92,2,'2025-10-02 01:33:16'),(2131,86,93,2,'2025-10-02 01:33:16'),(2132,86,97,2,'2025-10-02 01:33:16'),(2133,87,2,2,'2025-10-02 01:33:16'),(2134,87,3,2,'2025-10-02 01:33:16'),(2135,87,6,2,'2025-10-02 01:33:16'),(2136,87,10,2,'2025-10-02 01:33:16'),(2137,87,12,2,'2025-10-02 01:33:16'),(2138,87,13,2,'2025-10-02 01:33:16'),(2139,87,15,2,'2025-10-02 01:33:16'),(2140,87,19,2,'2025-10-02 01:33:16'),(2141,87,20,2,'2025-10-02 01:33:16'),(2142,87,21,2,'2025-10-02 01:33:16'),(2143,87,25,2,'2025-10-02 01:33:16'),(2144,87,27,2,'2025-10-02 01:33:16'),(2145,87,34,2,'2025-10-02 01:33:16'),(2146,87,38,2,'2025-10-02 01:33:16'),(2147,87,40,2,'2025-10-02 01:33:16'),(2148,87,44,2,'2025-10-02 01:33:16'),(2149,87,48,2,'2025-10-02 01:33:16'),(2150,87,49,2,'2025-10-02 01:33:16'),(2151,87,53,2,'2025-10-02 01:33:16'),(2152,87,54,2,'2025-10-02 01:33:16'),(2153,87,56,2,'2025-10-02 01:33:16'),(2154,87,59,2,'2025-10-02 01:33:16'),(2155,87,65,2,'2025-10-02 01:33:16'),(2156,87,71,2,'2025-10-02 01:33:16'),(2157,87,77,2,'2025-10-02 01:33:16'),(2158,87,78,2,'2025-10-02 01:33:16'),(2159,87,81,2,'2025-10-02 01:33:16'),(2160,87,88,2,'2025-10-02 01:33:16'),(2161,87,92,2,'2025-10-02 01:33:16'),(2162,87,96,2,'2025-10-02 01:33:16'),(2163,87,100,2,'2025-10-02 01:33:16'),(2164,88,3,2,'2025-10-02 01:33:16'),(2165,88,8,2,'2025-10-02 01:33:16'),(2166,88,9,2,'2025-10-02 01:33:16'),(2167,88,16,2,'2025-10-02 01:33:16'),(2168,88,29,2,'2025-10-02 01:33:16'),(2169,88,31,2,'2025-10-02 01:33:16'),(2170,88,33,2,'2025-10-02 01:33:16'),(2171,88,35,2,'2025-10-02 01:33:16'),(2172,88,37,2,'2025-10-02 01:33:16'),(2173,88,40,2,'2025-10-02 01:33:16'),(2174,88,44,2,'2025-10-02 01:33:16'),(2175,88,56,2,'2025-10-02 01:33:16'),(2176,88,57,2,'2025-10-02 01:33:16'),(2177,88,60,2,'2025-10-02 01:33:16'),(2178,88,61,2,'2025-10-02 01:33:16'),(2179,88,66,2,'2025-10-02 01:33:16'),(2180,88,67,2,'2025-10-02 01:33:16'),(2181,88,68,2,'2025-10-02 01:33:16'),(2182,88,71,2,'2025-10-02 01:33:16'),(2183,88,76,2,'2025-10-02 01:33:16'),(2184,88,78,2,'2025-10-02 01:33:16'),(2185,88,81,2,'2025-10-02 01:33:16'),(2186,88,83,2,'2025-10-02 01:33:16'),(2187,88,84,2,'2025-10-02 01:33:16'),(2188,88,88,2,'2025-10-02 01:33:16'),(2189,88,90,2,'2025-10-02 01:33:16'),(2190,88,91,2,'2025-10-02 01:33:16'),(2191,88,93,2,'2025-10-02 01:33:16'),(2192,88,97,2,'2025-10-02 01:33:16'),(2193,88,99,2,'2025-10-02 01:33:16'),(2194,89,1,2,'2025-10-02 01:33:17'),(2195,89,2,2,'2025-10-02 01:33:17'),(2196,89,3,2,'2025-10-02 01:33:17'),(2197,89,4,2,'2025-10-02 01:33:17'),(2198,89,10,2,'2025-10-02 01:33:17'),(2199,89,11,2,'2025-10-02 01:33:17'),(2200,89,12,2,'2025-10-02 01:33:17'),(2201,89,14,2,'2025-10-02 01:33:17'),(2202,89,15,2,'2025-10-02 01:33:17'),(2203,89,19,2,'2025-10-02 01:33:17'),(2204,89,20,2,'2025-10-02 01:33:17'),(2205,89,28,2,'2025-10-02 01:33:17'),(2206,89,29,2,'2025-10-02 01:33:17'),(2207,89,36,2,'2025-10-02 01:33:17'),(2208,89,38,2,'2025-10-02 01:33:17'),(2209,89,42,2,'2025-10-02 01:33:17'),(2210,89,44,2,'2025-10-02 01:33:17'),(2211,89,49,2,'2025-10-02 01:33:17'),(2212,89,51,2,'2025-10-02 01:33:17'),(2213,89,52,2,'2025-10-02 01:33:17'),(2214,89,53,2,'2025-10-02 01:33:17'),(2215,89,57,2,'2025-10-02 01:33:17'),(2216,89,64,2,'2025-10-02 01:33:17'),(2217,89,67,2,'2025-10-02 01:33:17'),(2218,89,69,2,'2025-10-02 01:33:17'),(2219,89,77,2,'2025-10-02 01:33:17'),(2220,89,79,2,'2025-10-02 01:33:17'),(2221,89,82,2,'2025-10-02 01:33:17'),(2222,89,84,2,'2025-10-02 01:33:17'),(2223,89,85,2,'2025-10-02 01:33:17'),(2224,89,89,2,'2025-10-02 01:33:17'),(2225,89,93,2,'2025-10-02 01:33:17'),(2226,90,4,2,'2025-10-02 01:33:17'),(2227,90,7,2,'2025-10-02 01:33:17'),(2228,90,9,2,'2025-10-02 01:33:17'),(2229,90,20,2,'2025-10-02 01:33:17'),(2230,90,21,2,'2025-10-02 01:33:17'),(2231,90,24,2,'2025-10-02 01:33:17'),(2232,90,28,2,'2025-10-02 01:33:17'),(2233,90,30,2,'2025-10-02 01:33:17'),(2234,90,32,2,'2025-10-02 01:33:17'),(2235,90,34,2,'2025-10-02 01:33:17'),(2236,90,45,2,'2025-10-02 01:33:17'),(2237,90,47,2,'2025-10-02 01:33:17'),(2238,90,48,2,'2025-10-02 01:33:17'),(2239,90,53,2,'2025-10-02 01:33:17'),(2240,90,56,2,'2025-10-02 01:33:17'),(2241,90,57,2,'2025-10-02 01:33:17'),(2242,90,59,2,'2025-10-02 01:33:17'),(2243,90,60,2,'2025-10-02 01:33:17'),(2244,90,63,2,'2025-10-02 01:33:17'),(2245,90,66,2,'2025-10-02 01:33:17'),(2246,90,69,2,'2025-10-02 01:33:17'),(2247,90,74,2,'2025-10-02 01:33:17'),(2248,90,75,2,'2025-10-02 01:33:17'),(2249,90,80,2,'2025-10-02 01:33:17'),(2250,90,83,2,'2025-10-02 01:33:17'),(2251,90,84,2,'2025-10-02 01:33:17'),(2252,90,86,2,'2025-10-02 01:33:17'),(2253,90,90,2,'2025-10-02 01:33:17'),(2254,90,95,2,'2025-10-02 01:33:17'),(2255,91,2,2,'2025-10-02 01:33:17'),(2256,91,3,2,'2025-10-02 01:33:17'),(2257,91,5,2,'2025-10-02 01:33:17'),(2258,91,6,2,'2025-10-02 01:33:17'),(2259,91,10,2,'2025-10-02 01:33:17'),(2260,91,11,2,'2025-10-02 01:33:17'),(2261,91,15,2,'2025-10-02 01:33:17'),(2262,91,17,2,'2025-10-02 01:33:17'),(2263,91,20,2,'2025-10-02 01:33:17'),(2264,91,21,2,'2025-10-02 01:33:17'),(2265,91,23,2,'2025-10-02 01:33:17'),(2266,91,26,2,'2025-10-02 01:33:17'),(2267,91,28,2,'2025-10-02 01:33:17'),(2268,91,31,2,'2025-10-02 01:33:17'),(2269,91,34,2,'2025-10-02 01:33:17'),(2270,91,36,2,'2025-10-02 01:33:17'),(2271,91,37,2,'2025-10-02 01:33:17'),(2272,91,39,2,'2025-10-02 01:33:17'),(2273,91,40,2,'2025-10-02 01:33:17'),(2274,91,41,2,'2025-10-02 01:33:17'),(2275,91,42,2,'2025-10-02 01:33:17'),(2276,91,44,2,'2025-10-02 01:33:17'),(2277,91,47,2,'2025-10-02 01:33:17'),(2278,91,48,2,'2025-10-02 01:33:17'),(2279,91,49,2,'2025-10-02 01:33:17'),(2280,91,50,2,'2025-10-02 01:33:17'),(2281,91,51,2,'2025-10-02 01:33:17'),(2282,91,53,2,'2025-10-02 01:33:17'),(2283,91,55,2,'2025-10-02 01:33:17'),(2284,91,57,2,'2025-10-02 01:33:17'),(2285,91,60,2,'2025-10-02 01:33:17'),(2286,91,64,2,'2025-10-02 01:33:17'),(2287,91,65,2,'2025-10-02 01:33:17'),(2288,91,70,2,'2025-10-02 01:33:17'),(2289,91,78,2,'2025-10-02 01:33:17'),(2290,91,80,2,'2025-10-02 01:33:17'),(2291,91,81,2,'2025-10-02 01:33:17'),(2292,91,82,2,'2025-10-02 01:33:17'),(2293,91,86,2,'2025-10-02 01:33:17'),(2294,91,87,2,'2025-10-02 01:33:17'),(2295,91,88,2,'2025-10-02 01:33:17'),(2296,91,90,2,'2025-10-02 01:33:17'),(2297,91,91,2,'2025-10-02 01:33:17'),(2298,91,92,2,'2025-10-02 01:33:17'),(2299,91,93,2,'2025-10-02 01:33:17'),(2300,91,94,2,'2025-10-02 01:33:17'),(2301,91,95,2,'2025-10-02 01:33:17'),(2302,91,96,2,'2025-10-02 01:33:17'),(2303,91,98,2,'2025-10-02 01:33:17'),(2304,91,99,2,'2025-10-02 01:33:17'),(2305,92,4,2,'2025-10-02 01:33:17'),(2306,92,13,2,'2025-10-02 01:33:17'),(2307,92,23,2,'2025-10-02 01:33:17'),(2308,92,24,2,'2025-10-02 01:33:17'),(2309,92,26,2,'2025-10-02 01:33:17'),(2310,92,29,2,'2025-10-02 01:33:17'),(2311,92,38,2,'2025-10-02 01:33:17'),(2312,92,43,2,'2025-10-02 01:33:17'),(2313,92,44,2,'2025-10-02 01:33:17'),(2314,92,45,2,'2025-10-02 01:33:17'),(2315,92,48,2,'2025-10-02 01:33:17'),(2316,92,49,2,'2025-10-02 01:33:17'),(2317,92,55,2,'2025-10-02 01:33:17'),(2318,92,59,2,'2025-10-02 01:33:17'),(2319,92,64,2,'2025-10-02 01:33:17'),(2320,92,66,2,'2025-10-02 01:33:17'),(2321,92,67,2,'2025-10-02 01:33:17'),(2322,92,69,2,'2025-10-02 01:33:17'),(2323,92,71,2,'2025-10-02 01:33:17'),(2324,92,74,2,'2025-10-02 01:33:17'),(2325,92,77,2,'2025-10-02 01:33:17'),(2326,92,80,2,'2025-10-02 01:33:17'),(2327,92,81,2,'2025-10-02 01:33:17'),(2328,92,82,2,'2025-10-02 01:33:17'),(2329,92,86,2,'2025-10-02 01:33:17'),(2330,92,91,2,'2025-10-02 01:33:17'),(2331,93,1,2,'2025-10-02 01:33:17'),(2332,93,2,2,'2025-10-02 01:33:17'),(2333,93,3,2,'2025-10-02 01:33:17'),(2334,93,4,2,'2025-10-02 01:33:17'),(2335,93,5,2,'2025-10-02 01:33:17'),(2336,93,8,2,'2025-10-02 01:33:17'),(2337,93,9,2,'2025-10-02 01:33:17'),(2338,93,14,2,'2025-10-02 01:33:17'),(2339,93,15,2,'2025-10-02 01:33:17'),(2340,93,16,2,'2025-10-02 01:33:17'),(2341,93,19,2,'2025-10-02 01:33:17'),(2342,93,21,2,'2025-10-02 01:33:17'),(2343,93,23,2,'2025-10-02 01:33:17'),(2344,93,24,2,'2025-10-02 01:33:17'),(2345,93,26,2,'2025-10-02 01:33:17'),(2346,93,27,2,'2025-10-02 01:33:17'),(2347,93,29,2,'2025-10-02 01:33:17'),(2348,93,33,2,'2025-10-02 01:33:17'),(2349,93,34,2,'2025-10-02 01:33:17'),(2350,93,36,2,'2025-10-02 01:33:17'),(2351,93,37,2,'2025-10-02 01:33:17'),(2352,93,39,2,'2025-10-02 01:33:17'),(2353,93,41,2,'2025-10-02 01:33:17'),(2354,93,42,2,'2025-10-02 01:33:17'),(2355,93,43,2,'2025-10-02 01:33:17'),(2356,93,46,2,'2025-10-02 01:33:17'),(2357,93,49,2,'2025-10-02 01:33:17'),(2358,93,51,2,'2025-10-02 01:33:17'),(2359,93,53,2,'2025-10-02 01:33:17'),(2360,93,54,2,'2025-10-02 01:33:17'),(2361,93,57,2,'2025-10-02 01:33:17'),(2362,93,59,2,'2025-10-02 01:33:17'),(2363,93,65,2,'2025-10-02 01:33:17'),(2364,93,67,2,'2025-10-02 01:33:17'),(2365,93,69,2,'2025-10-02 01:33:17'),(2366,93,70,2,'2025-10-02 01:33:17'),(2367,93,72,2,'2025-10-02 01:33:17'),(2368,93,73,2,'2025-10-02 01:33:17'),(2369,93,76,2,'2025-10-02 01:33:17'),(2370,93,81,2,'2025-10-02 01:33:17'),(2371,93,82,2,'2025-10-02 01:33:17'),(2372,93,85,2,'2025-10-02 01:33:17'),(2373,93,86,2,'2025-10-02 01:33:17'),(2374,93,88,2,'2025-10-02 01:33:17'),(2375,93,89,2,'2025-10-02 01:33:17'),(2376,93,90,2,'2025-10-02 01:33:17'),(2377,93,93,2,'2025-10-02 01:33:17'),(2378,93,99,2,'2025-10-02 01:33:17'),(2379,94,3,2,'2025-10-02 01:33:17'),(2380,94,6,2,'2025-10-02 01:33:17'),(2381,94,9,2,'2025-10-02 01:33:17'),(2382,94,10,2,'2025-10-02 01:33:17'),(2383,94,11,2,'2025-10-02 01:33:17'),(2384,94,13,2,'2025-10-02 01:33:17'),(2385,94,15,2,'2025-10-02 01:33:17'),(2386,94,18,2,'2025-10-02 01:33:17'),(2387,94,19,2,'2025-10-02 01:33:17'),(2388,94,20,2,'2025-10-02 01:33:17'),(2389,94,23,2,'2025-10-02 01:33:17'),(2390,94,24,2,'2025-10-02 01:33:17'),(2391,94,25,2,'2025-10-02 01:33:17'),(2392,94,27,2,'2025-10-02 01:33:17'),(2393,94,28,2,'2025-10-02 01:33:17'),(2394,94,29,2,'2025-10-02 01:33:17'),(2395,94,30,2,'2025-10-02 01:33:17'),(2396,94,31,2,'2025-10-02 01:33:17'),(2397,94,35,2,'2025-10-02 01:33:17'),(2398,94,37,2,'2025-10-02 01:33:17'),(2399,94,38,2,'2025-10-02 01:33:17'),(2400,94,41,2,'2025-10-02 01:33:17'),(2401,94,44,2,'2025-10-02 01:33:17'),(2402,94,45,2,'2025-10-02 01:33:17'),(2403,94,47,2,'2025-10-02 01:33:17'),(2404,94,52,2,'2025-10-02 01:33:17'),(2405,94,55,2,'2025-10-02 01:33:17'),(2406,94,64,2,'2025-10-02 01:33:17'),(2407,94,69,2,'2025-10-02 01:33:17'),(2408,94,70,2,'2025-10-02 01:33:17'),(2409,94,71,2,'2025-10-02 01:33:17'),(2410,94,76,2,'2025-10-02 01:33:17'),(2411,94,77,2,'2025-10-02 01:33:17'),(2412,94,78,2,'2025-10-02 01:33:17'),(2413,94,79,2,'2025-10-02 01:33:17'),(2414,94,81,2,'2025-10-02 01:33:17'),(2415,94,82,2,'2025-10-02 01:33:17'),(2416,94,86,2,'2025-10-02 01:33:17'),(2417,94,94,2,'2025-10-02 01:33:17'),(2418,94,96,2,'2025-10-02 01:33:17'),(2419,94,99,2,'2025-10-02 01:33:17'),(2420,95,1,2,'2025-10-02 01:33:17'),(2421,95,3,2,'2025-10-02 01:33:17'),(2422,95,6,2,'2025-10-02 01:33:17'),(2423,95,8,2,'2025-10-02 01:33:17'),(2424,95,9,2,'2025-10-02 01:33:17'),(2425,95,22,2,'2025-10-02 01:33:17'),(2426,95,26,2,'2025-10-02 01:33:17'),(2427,95,31,2,'2025-10-02 01:33:17'),(2428,95,37,2,'2025-10-02 01:33:17'),(2429,95,39,2,'2025-10-02 01:33:17'),(2430,95,43,2,'2025-10-02 01:33:17'),(2431,95,45,2,'2025-10-02 01:33:17'),(2432,95,47,2,'2025-10-02 01:33:17'),(2433,95,53,2,'2025-10-02 01:33:17'),(2434,95,54,2,'2025-10-02 01:33:17'),(2435,95,55,2,'2025-10-02 01:33:17'),(2436,95,56,2,'2025-10-02 01:33:17'),(2437,95,60,2,'2025-10-02 01:33:17'),(2438,95,61,2,'2025-10-02 01:33:17'),(2439,95,69,2,'2025-10-02 01:33:17'),(2440,95,70,2,'2025-10-02 01:33:17'),(2441,95,77,2,'2025-10-02 01:33:17'),(2442,95,82,2,'2025-10-02 01:33:17'),(2443,95,83,2,'2025-10-02 01:33:17'),(2444,95,88,2,'2025-10-02 01:33:17'),(2445,95,95,2,'2025-10-02 01:33:17'),(2446,95,99,2,'2025-10-02 01:33:17'),(2447,96,4,2,'2025-10-02 01:33:17'),(2448,96,8,2,'2025-10-02 01:33:17'),(2449,96,14,2,'2025-10-02 01:33:17'),(2450,96,17,2,'2025-10-02 01:33:17'),(2451,96,23,2,'2025-10-02 01:33:17'),(2452,96,26,2,'2025-10-02 01:33:17'),(2453,96,27,2,'2025-10-02 01:33:17'),(2454,96,30,2,'2025-10-02 01:33:17'),(2455,96,33,2,'2025-10-02 01:33:17'),(2456,96,36,2,'2025-10-02 01:33:17'),(2457,96,37,2,'2025-10-02 01:33:17'),(2458,96,38,2,'2025-10-02 01:33:17'),(2459,96,43,2,'2025-10-02 01:33:17'),(2460,96,44,2,'2025-10-02 01:33:17'),(2461,96,46,2,'2025-10-02 01:33:17'),(2462,96,50,2,'2025-10-02 01:33:17'),(2463,96,54,2,'2025-10-02 01:33:17'),(2464,96,58,2,'2025-10-02 01:33:17'),(2465,96,63,2,'2025-10-02 01:33:17'),(2466,96,65,2,'2025-10-02 01:33:17'),(2467,96,78,2,'2025-10-02 01:33:17'),(2468,96,81,2,'2025-10-02 01:33:17'),(2469,96,84,2,'2025-10-02 01:33:17'),(2470,97,4,2,'2025-10-02 01:33:17'),(2471,97,10,2,'2025-10-02 01:33:17'),(2472,97,13,2,'2025-10-02 01:33:17'),(2473,97,17,2,'2025-10-02 01:33:17'),(2474,97,18,2,'2025-10-02 01:33:17'),(2475,97,23,2,'2025-10-02 01:33:17'),(2476,97,26,2,'2025-10-02 01:33:17'),(2477,97,29,2,'2025-10-02 01:33:17'),(2478,97,30,2,'2025-10-02 01:33:17'),(2479,97,31,2,'2025-10-02 01:33:17'),(2480,97,32,2,'2025-10-02 01:33:17'),(2481,97,33,2,'2025-10-02 01:33:17'),(2482,97,35,2,'2025-10-02 01:33:17'),(2483,97,37,2,'2025-10-02 01:33:17'),(2484,97,40,2,'2025-10-02 01:33:17'),(2485,97,43,2,'2025-10-02 01:33:17'),(2486,97,50,2,'2025-10-02 01:33:17'),(2487,97,52,2,'2025-10-02 01:33:17'),(2488,97,53,2,'2025-10-02 01:33:17'),(2489,97,57,2,'2025-10-02 01:33:17'),(2490,97,59,2,'2025-10-02 01:33:17'),(2491,97,66,2,'2025-10-02 01:33:17'),(2492,97,84,2,'2025-10-02 01:33:17'),(2493,97,87,2,'2025-10-02 01:33:17'),(2494,97,90,2,'2025-10-02 01:33:17'),(2495,97,94,2,'2025-10-02 01:33:17'),(2496,97,98,2,'2025-10-02 01:33:17'),(2497,98,5,2,'2025-10-02 01:33:17'),(2498,98,7,2,'2025-10-02 01:33:17'),(2499,98,14,2,'2025-10-02 01:33:17'),(2500,98,17,2,'2025-10-02 01:33:17'),(2501,98,18,2,'2025-10-02 01:33:17'),(2502,98,20,2,'2025-10-02 01:33:17'),(2503,98,21,2,'2025-10-02 01:33:17'),(2504,98,30,2,'2025-10-02 01:33:17'),(2505,98,32,2,'2025-10-02 01:33:17'),(2506,98,33,2,'2025-10-02 01:33:17'),(2507,98,35,2,'2025-10-02 01:33:17'),(2508,98,41,2,'2025-10-02 01:33:17'),(2509,98,42,2,'2025-10-02 01:33:17'),(2510,98,49,2,'2025-10-02 01:33:17'),(2511,98,51,2,'2025-10-02 01:33:17'),(2512,98,53,2,'2025-10-02 01:33:17'),(2513,98,54,2,'2025-10-02 01:33:17'),(2514,98,55,2,'2025-10-02 01:33:17'),(2515,98,58,2,'2025-10-02 01:33:17'),(2516,98,64,2,'2025-10-02 01:33:17'),(2517,98,67,2,'2025-10-02 01:33:17'),(2518,98,72,2,'2025-10-02 01:33:17'),(2519,98,73,2,'2025-10-02 01:33:17'),(2520,98,80,2,'2025-10-02 01:33:17'),(2521,98,81,2,'2025-10-02 01:33:17'),(2522,98,82,2,'2025-10-02 01:33:17'),(2523,98,83,2,'2025-10-02 01:33:17'),(2524,98,86,2,'2025-10-02 01:33:17'),(2525,98,87,2,'2025-10-02 01:33:17'),(2526,98,88,2,'2025-10-02 01:33:17'),(2527,98,91,2,'2025-10-02 01:33:17'),(2528,98,94,2,'2025-10-02 01:33:17'),(2529,98,96,2,'2025-10-02 01:33:17'),(2530,98,100,2,'2025-10-02 01:33:17'),(2531,99,1,2,'2025-10-02 01:33:17'),(2532,99,2,2,'2025-10-02 01:33:17'),(2533,99,4,2,'2025-10-02 01:33:17'),(2534,99,12,2,'2025-10-02 01:33:17'),(2535,99,13,2,'2025-10-02 01:33:17'),(2536,99,15,2,'2025-10-02 01:33:17'),(2537,99,16,2,'2025-10-02 01:33:17'),(2538,99,17,2,'2025-10-02 01:33:17'),(2539,99,20,2,'2025-10-02 01:33:17'),(2540,99,28,2,'2025-10-02 01:33:17'),(2541,99,34,2,'2025-10-02 01:33:17'),(2542,99,42,2,'2025-10-02 01:33:17'),(2543,99,46,2,'2025-10-02 01:33:17'),(2544,99,49,2,'2025-10-02 01:33:17'),(2545,99,50,2,'2025-10-02 01:33:17'),(2546,99,51,2,'2025-10-02 01:33:17'),(2547,99,57,2,'2025-10-02 01:33:17'),(2548,99,61,2,'2025-10-02 01:33:17'),(2549,99,62,2,'2025-10-02 01:33:17'),(2550,99,64,2,'2025-10-02 01:33:18'),(2551,99,66,2,'2025-10-02 01:33:18'),(2552,99,68,2,'2025-10-02 01:33:18'),(2553,99,70,2,'2025-10-02 01:33:18'),(2554,99,71,2,'2025-10-02 01:33:18'),(2555,99,73,2,'2025-10-02 01:33:18'),(2556,99,75,2,'2025-10-02 01:33:18'),(2557,99,77,2,'2025-10-02 01:33:18'),(2558,99,78,2,'2025-10-02 01:33:18'),(2559,99,88,2,'2025-10-02 01:33:18'),(2560,99,89,2,'2025-10-02 01:33:18'),(2561,99,95,2,'2025-10-02 01:33:18'),(2562,99,97,2,'2025-10-02 01:33:18'),(2563,99,98,2,'2025-10-02 01:33:18'),(2564,99,99,2,'2025-10-02 01:33:18'),(2565,100,6,2,'2025-10-02 01:33:18'),(2566,100,7,2,'2025-10-02 01:33:18'),(2567,100,8,2,'2025-10-02 01:33:18'),(2568,100,14,2,'2025-10-02 01:33:18'),(2569,100,17,2,'2025-10-02 01:33:18'),(2570,100,18,2,'2025-10-02 01:33:18'),(2571,100,19,2,'2025-10-02 01:33:18'),(2572,100,20,2,'2025-10-02 01:33:18'),(2573,100,24,2,'2025-10-02 01:33:18'),(2574,100,32,2,'2025-10-02 01:33:18'),(2575,100,33,2,'2025-10-02 01:33:18'),(2576,100,34,2,'2025-10-02 01:33:18'),(2577,100,41,2,'2025-10-02 01:33:18'),(2578,100,50,2,'2025-10-02 01:33:18'),(2579,100,51,2,'2025-10-02 01:33:18'),(2580,100,57,2,'2025-10-02 01:33:18'),(2581,100,60,2,'2025-10-02 01:33:18'),(2582,100,69,2,'2025-10-02 01:33:18'),(2583,100,75,2,'2025-10-02 01:33:18'),(2584,100,76,2,'2025-10-02 01:33:18'),(2585,100,77,2,'2025-10-02 01:33:18'),(2586,100,87,2,'2025-10-02 01:33:18'),(2587,101,2,2,'2025-10-02 01:33:18'),(2588,101,5,2,'2025-10-02 01:33:18'),(2589,101,6,2,'2025-10-02 01:33:18'),(2590,101,9,2,'2025-10-02 01:33:18'),(2591,101,10,2,'2025-10-02 01:33:18'),(2592,101,11,2,'2025-10-02 01:33:18'),(2593,101,15,2,'2025-10-02 01:33:18'),(2594,101,17,2,'2025-10-02 01:33:18'),(2595,101,18,2,'2025-10-02 01:33:18'),(2596,101,21,2,'2025-10-02 01:33:18'),(2597,101,22,2,'2025-10-02 01:33:18'),(2598,101,27,2,'2025-10-02 01:33:18'),(2599,101,28,2,'2025-10-02 01:33:18'),(2600,101,35,2,'2025-10-02 01:33:18'),(2601,101,37,2,'2025-10-02 01:33:18'),(2602,101,41,2,'2025-10-02 01:33:18'),(2603,101,42,2,'2025-10-02 01:33:18'),(2604,101,49,2,'2025-10-02 01:33:18'),(2605,101,51,2,'2025-10-02 01:33:18'),(2606,101,52,2,'2025-10-02 01:33:18'),(2607,101,53,2,'2025-10-02 01:33:18'),(2608,101,74,2,'2025-10-02 01:33:18'),(2609,101,76,2,'2025-10-02 01:33:18'),(2610,101,78,2,'2025-10-02 01:33:18'),(2611,101,80,2,'2025-10-02 01:33:18'),(2612,101,81,2,'2025-10-02 01:33:18'),(2613,101,83,2,'2025-10-02 01:33:18'),(2614,101,89,2,'2025-10-02 01:33:18'),(2615,101,91,2,'2025-10-02 01:33:18'),(2616,101,94,2,'2025-10-02 01:33:18'),(2617,102,6,2,'2025-10-02 01:33:18'),(2618,102,9,2,'2025-10-02 01:33:18'),(2619,102,11,2,'2025-10-02 01:33:18'),(2620,102,13,2,'2025-10-02 01:33:18'),(2621,102,15,2,'2025-10-02 01:33:18'),(2622,102,16,2,'2025-10-02 01:33:18'),(2623,102,17,2,'2025-10-02 01:33:18'),(2624,102,19,2,'2025-10-02 01:33:18'),(2625,102,20,2,'2025-10-02 01:33:18'),(2626,102,21,2,'2025-10-02 01:33:18'),(2627,102,22,2,'2025-10-02 01:33:18'),(2628,102,24,2,'2025-10-02 01:33:18'),(2629,102,26,2,'2025-10-02 01:33:18'),(2630,102,30,2,'2025-10-02 01:33:18'),(2631,102,31,2,'2025-10-02 01:33:18'),(2632,102,33,2,'2025-10-02 01:33:18'),(2633,102,36,2,'2025-10-02 01:33:18'),(2634,102,37,2,'2025-10-02 01:33:18'),(2635,102,38,2,'2025-10-02 01:33:18'),(2636,102,40,2,'2025-10-02 01:33:18'),(2637,102,41,2,'2025-10-02 01:33:18'),(2638,102,43,2,'2025-10-02 01:33:18'),(2639,102,44,2,'2025-10-02 01:33:18'),(2640,102,48,2,'2025-10-02 01:33:18'),(2641,102,49,2,'2025-10-02 01:33:18'),(2642,102,50,2,'2025-10-02 01:33:18'),(2643,102,52,2,'2025-10-02 01:33:18'),(2644,102,53,2,'2025-10-02 01:33:18'),(2645,102,56,2,'2025-10-02 01:33:18'),(2646,102,57,2,'2025-10-02 01:33:18'),(2647,102,58,2,'2025-10-02 01:33:18'),(2648,102,61,2,'2025-10-02 01:33:18'),(2649,102,63,2,'2025-10-02 01:33:18'),(2650,102,67,2,'2025-10-02 01:33:18'),(2651,102,68,2,'2025-10-02 01:33:18'),(2652,102,70,2,'2025-10-02 01:33:18'),(2653,102,72,2,'2025-10-02 01:33:18'),(2654,102,73,2,'2025-10-02 01:33:18'),(2655,102,78,2,'2025-10-02 01:33:18'),(2656,102,80,2,'2025-10-02 01:33:18'),(2657,102,85,2,'2025-10-02 01:33:18'),(2658,102,86,2,'2025-10-02 01:33:18'),(2659,102,89,2,'2025-10-02 01:33:18'),(2660,102,90,2,'2025-10-02 01:33:18'),(2661,102,91,2,'2025-10-02 01:33:18'),(2662,102,94,2,'2025-10-02 01:33:18'),(2663,102,95,2,'2025-10-02 01:33:18'),(2664,102,98,2,'2025-10-02 01:33:18'),(2665,102,99,2,'2025-10-02 01:33:18'),(2666,103,1,2,'2025-10-02 01:33:18'),(2667,103,6,2,'2025-10-02 01:33:18'),(2668,103,8,2,'2025-10-02 01:33:18'),(2669,103,17,2,'2025-10-02 01:33:18'),(2670,103,19,2,'2025-10-02 01:33:18'),(2671,103,22,2,'2025-10-02 01:33:18'),(2672,103,28,2,'2025-10-02 01:33:18'),(2673,103,29,2,'2025-10-02 01:33:18'),(2674,103,33,2,'2025-10-02 01:33:18'),(2675,103,39,2,'2025-10-02 01:33:18'),(2676,103,40,2,'2025-10-02 01:33:18'),(2677,103,43,2,'2025-10-02 01:33:18'),(2678,103,46,2,'2025-10-02 01:33:18'),(2679,103,48,2,'2025-10-02 01:33:18'),(2680,103,50,2,'2025-10-02 01:33:18'),(2681,103,52,2,'2025-10-02 01:33:18'),(2682,103,53,2,'2025-10-02 01:33:18'),(2683,103,54,2,'2025-10-02 01:33:18'),(2684,103,55,2,'2025-10-02 01:33:18'),(2685,103,59,2,'2025-10-02 01:33:18'),(2686,103,60,2,'2025-10-02 01:33:18'),(2687,103,62,2,'2025-10-02 01:33:18'),(2688,103,63,2,'2025-10-02 01:33:18'),(2689,103,69,2,'2025-10-02 01:33:18'),(2690,103,71,2,'2025-10-02 01:33:18'),(2691,103,73,2,'2025-10-02 01:33:18'),(2692,103,74,2,'2025-10-02 01:33:18'),(2693,103,84,2,'2025-10-02 01:33:18'),(2694,103,87,2,'2025-10-02 01:33:18'),(2695,103,90,2,'2025-10-02 01:33:18'),(2696,103,91,2,'2025-10-02 01:33:18'),(2697,103,93,2,'2025-10-02 01:33:18'),(2698,103,94,2,'2025-10-02 01:33:18'),(2699,103,99,2,'2025-10-02 01:33:18'),(2700,104,13,2,'2025-10-02 01:33:18'),(2701,104,21,2,'2025-10-02 01:33:18'),(2702,104,22,2,'2025-10-02 01:33:18'),(2703,104,26,2,'2025-10-02 01:33:18'),(2704,104,32,2,'2025-10-02 01:33:18'),(2705,104,34,2,'2025-10-02 01:33:18'),(2706,104,36,2,'2025-10-02 01:33:18'),(2707,104,40,2,'2025-10-02 01:33:18'),(2708,104,44,2,'2025-10-02 01:33:18'),(2709,104,46,2,'2025-10-02 01:33:18'),(2710,104,48,2,'2025-10-02 01:33:18'),(2711,104,50,2,'2025-10-02 01:33:18'),(2712,104,51,2,'2025-10-02 01:33:18'),(2713,104,53,2,'2025-10-02 01:33:18'),(2714,104,54,2,'2025-10-02 01:33:18'),(2715,104,55,2,'2025-10-02 01:33:18'),(2716,104,61,2,'2025-10-02 01:33:18'),(2717,104,69,2,'2025-10-02 01:33:18'),(2718,104,73,2,'2025-10-02 01:33:18'),(2719,104,74,2,'2025-10-02 01:33:18'),(2720,104,75,2,'2025-10-02 01:33:18'),(2721,104,88,2,'2025-10-02 01:33:18'),(2722,104,96,2,'2025-10-02 01:33:18'),(2723,104,98,2,'2025-10-02 01:33:18'),(2724,105,1,2,'2025-10-02 01:33:18'),(2725,105,2,2,'2025-10-02 01:33:18'),(2726,105,3,2,'2025-10-02 01:33:18'),(2727,105,4,2,'2025-10-02 01:33:18'),(2728,105,8,2,'2025-10-02 01:33:18'),(2729,105,9,2,'2025-10-02 01:33:18'),(2730,105,10,2,'2025-10-02 01:33:18'),(2731,105,12,2,'2025-10-02 01:33:18'),(2732,105,14,2,'2025-10-02 01:33:18'),(2733,105,16,2,'2025-10-02 01:33:18'),(2734,105,17,2,'2025-10-02 01:33:18'),(2735,105,18,2,'2025-10-02 01:33:18'),(2736,105,20,2,'2025-10-02 01:33:18'),(2737,105,23,2,'2025-10-02 01:33:18'),(2738,105,24,2,'2025-10-02 01:33:18'),(2739,105,29,2,'2025-10-02 01:33:18'),(2740,105,30,2,'2025-10-02 01:33:18'),(2741,105,32,2,'2025-10-02 01:33:18'),(2742,105,33,2,'2025-10-02 01:33:18'),(2743,105,34,2,'2025-10-02 01:33:18'),(2744,105,36,2,'2025-10-02 01:33:18'),(2745,105,37,2,'2025-10-02 01:33:18'),(2746,105,40,2,'2025-10-02 01:33:18'),(2747,105,42,2,'2025-10-02 01:33:18'),(2748,105,44,2,'2025-10-02 01:33:18'),(2749,105,47,2,'2025-10-02 01:33:18'),(2750,105,50,2,'2025-10-02 01:33:18'),(2751,105,51,2,'2025-10-02 01:33:18'),(2752,105,53,2,'2025-10-02 01:33:18'),(2753,105,54,2,'2025-10-02 01:33:18'),(2754,105,62,2,'2025-10-02 01:33:18'),(2755,105,65,2,'2025-10-02 01:33:18'),(2756,105,66,2,'2025-10-02 01:33:18'),(2757,105,69,2,'2025-10-02 01:33:18'),(2758,105,70,2,'2025-10-02 01:33:18'),(2759,105,74,2,'2025-10-02 01:33:18'),(2760,105,75,2,'2025-10-02 01:33:18'),(2761,105,78,2,'2025-10-02 01:33:18'),(2762,105,81,2,'2025-10-02 01:33:18'),(2763,105,84,2,'2025-10-02 01:33:18'),(2764,105,87,2,'2025-10-02 01:33:18'),(2765,105,88,2,'2025-10-02 01:33:18'),(2766,105,91,2,'2025-10-02 01:33:18'),(2767,105,92,2,'2025-10-02 01:33:18'),(2768,105,95,2,'2025-10-02 01:33:18'),(2769,105,96,2,'2025-10-02 01:33:18'),(2770,106,3,2,'2025-10-02 01:33:18'),(2771,106,5,2,'2025-10-02 01:33:18'),(2772,106,6,2,'2025-10-02 01:33:18'),(2773,106,11,2,'2025-10-02 01:33:18'),(2774,106,12,2,'2025-10-02 01:33:18'),(2775,106,14,2,'2025-10-02 01:33:18'),(2776,106,21,2,'2025-10-02 01:33:18'),(2777,106,27,2,'2025-10-02 01:33:18'),(2778,106,31,2,'2025-10-02 01:33:18'),(2779,106,33,2,'2025-10-02 01:33:18'),(2780,106,42,2,'2025-10-02 01:33:18'),(2781,106,44,2,'2025-10-02 01:33:18'),(2782,106,55,2,'2025-10-02 01:33:18'),(2783,106,59,2,'2025-10-02 01:33:18'),(2784,106,70,2,'2025-10-02 01:33:18'),(2785,106,75,2,'2025-10-02 01:33:18'),(2786,106,82,2,'2025-10-02 01:33:18'),(2787,106,93,2,'2025-10-02 01:33:18'),(2788,106,97,2,'2025-10-02 01:33:18'),(2789,106,100,2,'2025-10-02 01:33:18'),(2790,107,2,2,'2025-10-02 01:33:18'),(2791,107,6,2,'2025-10-02 01:33:18'),(2792,107,7,2,'2025-10-02 01:33:18'),(2793,107,8,2,'2025-10-02 01:33:18'),(2794,107,9,2,'2025-10-02 01:33:18'),(2795,107,11,2,'2025-10-02 01:33:18'),(2796,107,12,2,'2025-10-02 01:33:18'),(2797,107,14,2,'2025-10-02 01:33:18'),(2798,107,15,2,'2025-10-02 01:33:18'),(2799,107,18,2,'2025-10-02 01:33:18'),(2800,107,21,2,'2025-10-02 01:33:18'),(2801,107,24,2,'2025-10-02 01:33:18'),(2802,107,25,2,'2025-10-02 01:33:18'),(2803,107,26,2,'2025-10-02 01:33:18'),(2804,107,27,2,'2025-10-02 01:33:18'),(2805,107,28,2,'2025-10-02 01:33:18'),(2806,107,29,2,'2025-10-02 01:33:18'),(2807,107,30,2,'2025-10-02 01:33:18'),(2808,107,31,2,'2025-10-02 01:33:18'),(2809,107,36,2,'2025-10-02 01:33:18'),(2810,107,39,2,'2025-10-02 01:33:18'),(2811,107,40,2,'2025-10-02 01:33:18'),(2812,107,44,2,'2025-10-02 01:33:18'),(2813,107,50,2,'2025-10-02 01:33:18'),(2814,107,52,2,'2025-10-02 01:33:18'),(2815,107,53,2,'2025-10-02 01:33:18'),(2816,107,54,2,'2025-10-02 01:33:18'),(2817,107,55,2,'2025-10-02 01:33:18'),(2818,107,58,2,'2025-10-02 01:33:18'),(2819,107,62,2,'2025-10-02 01:33:18'),(2820,107,64,2,'2025-10-02 01:33:18'),(2821,107,65,2,'2025-10-02 01:33:18'),(2822,107,68,2,'2025-10-02 01:33:18'),(2823,107,72,2,'2025-10-02 01:33:18'),(2824,107,74,2,'2025-10-02 01:33:18'),(2825,107,75,2,'2025-10-02 01:33:18'),(2826,107,76,2,'2025-10-02 01:33:18'),(2827,107,77,2,'2025-10-02 01:33:18'),(2828,107,78,2,'2025-10-02 01:33:18'),(2829,107,79,2,'2025-10-02 01:33:18'),(2830,107,82,2,'2025-10-02 01:33:18'),(2831,107,83,2,'2025-10-02 01:33:18'),(2832,107,85,2,'2025-10-02 01:33:18'),(2833,107,87,2,'2025-10-02 01:33:18'),(2834,107,88,2,'2025-10-02 01:33:18'),(2835,107,92,2,'2025-10-02 01:33:18'),(2836,107,99,2,'2025-10-02 01:33:18'),(2837,107,100,2,'2025-10-02 01:33:18'),(2838,108,2,2,'2025-10-02 01:33:18'),(2839,108,4,2,'2025-10-02 01:33:18'),(2840,108,7,2,'2025-10-02 01:33:18'),(2841,108,8,2,'2025-10-02 01:33:18'),(2842,108,9,2,'2025-10-02 01:33:18'),(2843,108,11,2,'2025-10-02 01:33:18'),(2844,108,14,2,'2025-10-02 01:33:18'),(2845,108,19,2,'2025-10-02 01:33:18'),(2846,108,20,2,'2025-10-02 01:33:18'),(2847,108,22,2,'2025-10-02 01:33:18'),(2848,108,23,2,'2025-10-02 01:33:18'),(2849,108,24,2,'2025-10-02 01:33:18'),(2850,108,26,2,'2025-10-02 01:33:18'),(2851,108,27,2,'2025-10-02 01:33:18'),(2852,108,28,2,'2025-10-02 01:33:18'),(2853,108,30,2,'2025-10-02 01:33:18'),(2854,108,35,2,'2025-10-02 01:33:18'),(2855,108,36,2,'2025-10-02 01:33:18'),(2856,108,41,2,'2025-10-02 01:33:18'),(2857,108,42,2,'2025-10-02 01:33:18'),(2858,108,53,2,'2025-10-02 01:33:18'),(2859,108,55,2,'2025-10-02 01:33:18'),(2860,108,57,2,'2025-10-02 01:33:18'),(2861,108,58,2,'2025-10-02 01:33:18'),(2862,108,62,2,'2025-10-02 01:33:18'),(2863,108,66,2,'2025-10-02 01:33:18'),(2864,108,69,2,'2025-10-02 01:33:18'),(2865,108,70,2,'2025-10-02 01:33:18'),(2866,108,71,2,'2025-10-02 01:33:18'),(2867,108,72,2,'2025-10-02 01:33:18'),(2868,108,74,2,'2025-10-02 01:33:18'),(2869,108,75,2,'2025-10-02 01:33:18'),(2870,108,83,2,'2025-10-02 01:33:18'),(2871,108,86,2,'2025-10-02 01:33:18'),(2872,108,92,2,'2025-10-02 01:33:18'),(2873,108,93,2,'2025-10-02 01:33:18'),(2874,108,95,2,'2025-10-02 01:33:18'),(2875,108,97,2,'2025-10-02 01:33:18'),(2876,108,100,2,'2025-10-02 01:33:18'),(2877,109,1,2,'2025-10-02 01:33:18'),(2878,109,3,2,'2025-10-02 01:33:18'),(2879,109,4,2,'2025-10-02 01:33:18'),(2880,109,5,2,'2025-10-02 01:33:18'),(2881,109,7,2,'2025-10-02 01:33:18'),(2882,109,9,2,'2025-10-02 01:33:18'),(2883,109,11,2,'2025-10-02 01:33:18'),(2884,109,12,2,'2025-10-02 01:33:18'),(2885,109,17,2,'2025-10-02 01:33:18'),(2886,109,20,2,'2025-10-02 01:33:19'),(2887,109,22,2,'2025-10-02 01:33:19'),(2888,109,24,2,'2025-10-02 01:33:19'),(2889,109,31,2,'2025-10-02 01:33:19'),(2890,109,33,2,'2025-10-02 01:33:19'),(2891,109,34,2,'2025-10-02 01:33:19'),(2892,109,41,2,'2025-10-02 01:33:19'),(2893,109,43,2,'2025-10-02 01:33:19'),(2894,109,51,2,'2025-10-02 01:33:19'),(2895,109,53,2,'2025-10-02 01:33:19'),(2896,109,55,2,'2025-10-02 01:33:19'),(2897,109,56,2,'2025-10-02 01:33:19'),(2898,109,57,2,'2025-10-02 01:33:19'),(2899,109,58,2,'2025-10-02 01:33:19'),(2900,109,60,2,'2025-10-02 01:33:19'),(2901,109,62,2,'2025-10-02 01:33:19'),(2902,109,64,2,'2025-10-02 01:33:19'),(2903,109,65,2,'2025-10-02 01:33:19'),(2904,109,66,2,'2025-10-02 01:33:19'),(2905,109,68,2,'2025-10-02 01:33:19'),(2906,109,71,2,'2025-10-02 01:33:19'),(2907,109,72,2,'2025-10-02 01:33:19'),(2908,109,75,2,'2025-10-02 01:33:19'),(2909,109,76,2,'2025-10-02 01:33:19'),(2910,109,78,2,'2025-10-02 01:33:19'),(2911,109,81,2,'2025-10-02 01:33:19'),(2912,109,82,2,'2025-10-02 01:33:19'),(2913,109,91,2,'2025-10-02 01:33:19'),(2914,109,92,2,'2025-10-02 01:33:19'),(2915,109,95,2,'2025-10-02 01:33:19'),(2916,109,96,2,'2025-10-02 01:33:19'),(2917,109,97,2,'2025-10-02 01:33:19'),(2918,110,4,2,'2025-10-02 01:33:19'),(2919,110,5,2,'2025-10-02 01:33:19'),(2920,110,7,2,'2025-10-02 01:33:19'),(2921,110,10,2,'2025-10-02 01:33:19'),(2922,110,11,2,'2025-10-02 01:33:19'),(2923,110,14,2,'2025-10-02 01:33:19'),(2924,110,19,2,'2025-10-02 01:33:19'),(2925,110,23,2,'2025-10-02 01:33:19'),(2926,110,31,2,'2025-10-02 01:33:19'),(2927,110,36,2,'2025-10-02 01:33:19'),(2928,110,37,2,'2025-10-02 01:33:19'),(2929,110,39,2,'2025-10-02 01:33:19'),(2930,110,44,2,'2025-10-02 01:33:19'),(2931,110,48,2,'2025-10-02 01:33:19'),(2932,110,53,2,'2025-10-02 01:33:19'),(2933,110,54,2,'2025-10-02 01:33:19'),(2934,110,59,2,'2025-10-02 01:33:19'),(2935,110,61,2,'2025-10-02 01:33:19'),(2936,110,80,2,'2025-10-02 01:33:19'),(2937,110,81,2,'2025-10-02 01:33:19'),(2938,110,85,2,'2025-10-02 01:33:19'),(2939,110,92,2,'2025-10-02 01:33:19'),(2940,110,96,2,'2025-10-02 01:33:19'),(2941,110,97,2,'2025-10-02 01:33:19'),(2942,110,99,2,'2025-10-02 01:33:19'),(2943,111,6,2,'2025-10-02 01:33:19'),(2944,111,7,2,'2025-10-02 01:33:19'),(2945,111,9,2,'2025-10-02 01:33:19'),(2946,111,12,2,'2025-10-02 01:33:19'),(2947,111,13,2,'2025-10-02 01:33:19'),(2948,111,19,2,'2025-10-02 01:33:19'),(2949,111,25,2,'2025-10-02 01:33:19'),(2950,111,26,2,'2025-10-02 01:33:19'),(2951,111,29,2,'2025-10-02 01:33:19'),(2952,111,31,2,'2025-10-02 01:33:19'),(2953,111,33,2,'2025-10-02 01:33:19'),(2954,111,37,2,'2025-10-02 01:33:19'),(2955,111,38,2,'2025-10-02 01:33:19'),(2956,111,40,2,'2025-10-02 01:33:19'),(2957,111,41,2,'2025-10-02 01:33:19'),(2958,111,47,2,'2025-10-02 01:33:19'),(2959,111,49,2,'2025-10-02 01:33:19'),(2960,111,51,2,'2025-10-02 01:33:19'),(2961,111,53,2,'2025-10-02 01:33:19'),(2962,111,56,2,'2025-10-02 01:33:19'),(2963,111,57,2,'2025-10-02 01:33:19'),(2964,111,59,2,'2025-10-02 01:33:19'),(2965,111,64,2,'2025-10-02 01:33:19'),(2966,111,66,2,'2025-10-02 01:33:19'),(2967,111,68,2,'2025-10-02 01:33:19'),(2968,111,71,2,'2025-10-02 01:33:19'),(2969,111,72,2,'2025-10-02 01:33:19'),(2970,111,74,2,'2025-10-02 01:33:19'),(2971,111,77,2,'2025-10-02 01:33:19'),(2972,111,81,2,'2025-10-02 01:33:19'),(2973,111,83,2,'2025-10-02 01:33:19'),(2974,111,86,2,'2025-10-02 01:33:19'),(2975,111,88,2,'2025-10-02 01:33:19'),(2976,111,90,2,'2025-10-02 01:33:19'),(2977,111,91,2,'2025-10-02 01:33:19'),(2978,111,95,2,'2025-10-02 01:33:19'),(2979,111,96,2,'2025-10-02 01:33:19'),(2980,111,100,2,'2025-10-02 01:33:19'),(2981,112,1,2,'2025-10-02 01:33:19'),(2982,112,2,2,'2025-10-02 01:33:19'),(2983,112,11,2,'2025-10-02 01:33:19'),(2984,112,15,2,'2025-10-02 01:33:19'),(2985,112,16,2,'2025-10-02 01:33:19'),(2986,112,17,2,'2025-10-02 01:33:19'),(2987,112,18,2,'2025-10-02 01:33:19'),(2988,112,19,2,'2025-10-02 01:33:19'),(2989,112,25,2,'2025-10-02 01:33:19'),(2990,112,26,2,'2025-10-02 01:33:19'),(2991,112,29,2,'2025-10-02 01:33:19'),(2992,112,31,2,'2025-10-02 01:33:19'),(2993,112,33,2,'2025-10-02 01:33:19'),(2994,112,38,2,'2025-10-02 01:33:19'),(2995,112,39,2,'2025-10-02 01:33:19'),(2996,112,43,2,'2025-10-02 01:33:19'),(2997,112,47,2,'2025-10-02 01:33:19'),(2998,112,48,2,'2025-10-02 01:33:19'),(2999,112,49,2,'2025-10-02 01:33:19'),(3000,112,54,2,'2025-10-02 01:33:19'),(3001,112,55,2,'2025-10-02 01:33:19'),(3002,112,57,2,'2025-10-02 01:33:19'),(3003,112,62,2,'2025-10-02 01:33:19'),(3004,112,64,2,'2025-10-02 01:33:19'),(3005,112,65,2,'2025-10-02 01:33:19'),(3006,112,68,2,'2025-10-02 01:33:19'),(3007,112,70,2,'2025-10-02 01:33:19'),(3008,112,72,2,'2025-10-02 01:33:19'),(3009,112,77,2,'2025-10-02 01:33:19'),(3010,112,78,2,'2025-10-02 01:33:19'),(3011,112,79,2,'2025-10-02 01:33:19'),(3012,112,85,2,'2025-10-02 01:33:19'),(3013,112,86,2,'2025-10-02 01:33:19'),(3014,112,87,2,'2025-10-02 01:33:19'),(3015,112,92,2,'2025-10-02 01:33:19'),(3016,112,95,2,'2025-10-02 01:33:19'),(3017,112,96,2,'2025-10-02 01:33:19'),(3018,112,97,2,'2025-10-02 01:33:19'),(3019,112,98,2,'2025-10-02 01:33:19'),(3020,112,99,2,'2025-10-02 01:33:19'),(3021,113,6,2,'2025-10-02 01:33:19'),(3022,113,7,2,'2025-10-02 01:33:19'),(3023,113,13,2,'2025-10-02 01:33:19'),(3024,113,14,2,'2025-10-02 01:33:19'),(3025,113,23,2,'2025-10-02 01:33:19'),(3026,113,24,2,'2025-10-02 01:33:19'),(3027,113,30,2,'2025-10-02 01:33:19'),(3028,113,34,2,'2025-10-02 01:33:19'),(3029,113,36,2,'2025-10-02 01:33:19'),(3030,113,37,2,'2025-10-02 01:33:19'),(3031,113,42,2,'2025-10-02 01:33:19'),(3032,113,44,2,'2025-10-02 01:33:19'),(3033,113,46,2,'2025-10-02 01:33:19'),(3034,113,48,2,'2025-10-02 01:33:19'),(3035,113,51,2,'2025-10-02 01:33:19'),(3036,113,56,2,'2025-10-02 01:33:19'),(3037,113,65,2,'2025-10-02 01:33:19'),(3038,113,66,2,'2025-10-02 01:33:19'),(3039,113,71,2,'2025-10-02 01:33:19'),(3040,113,72,2,'2025-10-02 01:33:19'),(3041,113,74,2,'2025-10-02 01:33:19'),(3042,113,79,2,'2025-10-02 01:33:19'),(3043,113,84,2,'2025-10-02 01:33:19'),(3044,113,87,2,'2025-10-02 01:33:19'),(3045,113,91,2,'2025-10-02 01:33:19'),(3046,113,93,2,'2025-10-02 01:33:19'),(3047,113,97,2,'2025-10-02 01:33:19'),(3048,113,99,2,'2025-10-02 01:33:19'),(3049,113,100,2,'2025-10-02 01:33:19'),(3050,114,1,2,'2025-10-02 01:33:19'),(3051,114,3,2,'2025-10-02 01:33:19'),(3052,114,8,2,'2025-10-02 01:33:19'),(3053,114,10,2,'2025-10-02 01:33:19'),(3054,114,11,2,'2025-10-02 01:33:19'),(3055,114,13,2,'2025-10-02 01:33:19'),(3056,114,14,2,'2025-10-02 01:33:19'),(3057,114,17,2,'2025-10-02 01:33:19'),(3058,114,18,2,'2025-10-02 01:33:19'),(3059,114,20,2,'2025-10-02 01:33:19'),(3060,114,26,2,'2025-10-02 01:33:19'),(3061,114,31,2,'2025-10-02 01:33:19'),(3062,114,33,2,'2025-10-02 01:33:19'),(3063,114,39,2,'2025-10-02 01:33:19'),(3064,114,40,2,'2025-10-02 01:33:19'),(3065,114,41,2,'2025-10-02 01:33:19'),(3066,114,42,2,'2025-10-02 01:33:19'),(3067,114,43,2,'2025-10-02 01:33:19'),(3068,114,45,2,'2025-10-02 01:33:19'),(3069,114,48,2,'2025-10-02 01:33:19'),(3070,114,51,2,'2025-10-02 01:33:19'),(3071,114,52,2,'2025-10-02 01:33:19'),(3072,114,53,2,'2025-10-02 01:33:19'),(3073,114,55,2,'2025-10-02 01:33:19'),(3074,114,56,2,'2025-10-02 01:33:19'),(3075,114,62,2,'2025-10-02 01:33:19'),(3076,114,65,2,'2025-10-02 01:33:19'),(3077,114,70,2,'2025-10-02 01:33:19'),(3078,114,74,2,'2025-10-02 01:33:19'),(3079,114,76,2,'2025-10-02 01:33:19'),(3080,114,77,2,'2025-10-02 01:33:19'),(3081,114,81,2,'2025-10-02 01:33:19'),(3082,114,83,2,'2025-10-02 01:33:19'),(3083,114,85,2,'2025-10-02 01:33:19'),(3084,114,86,2,'2025-10-02 01:33:19'),(3085,114,88,2,'2025-10-02 01:33:19'),(3086,114,91,2,'2025-10-02 01:33:19'),(3087,114,94,2,'2025-10-02 01:33:19'),(3088,114,97,2,'2025-10-02 01:33:19'),(3089,115,3,2,'2025-10-02 01:33:19'),(3090,115,4,2,'2025-10-02 01:33:19'),(3091,115,6,2,'2025-10-02 01:33:19'),(3092,115,7,2,'2025-10-02 01:33:19'),(3093,115,10,2,'2025-10-02 01:33:19'),(3094,115,11,2,'2025-10-02 01:33:19'),(3095,115,15,2,'2025-10-02 01:33:19'),(3096,115,17,2,'2025-10-02 01:33:19'),(3097,115,22,2,'2025-10-02 01:33:19'),(3098,115,27,2,'2025-10-02 01:33:19'),(3099,115,30,2,'2025-10-02 01:33:19'),(3100,115,31,2,'2025-10-02 01:33:19'),(3101,115,33,2,'2025-10-02 01:33:19'),(3102,115,34,2,'2025-10-02 01:33:19'),(3103,115,41,2,'2025-10-02 01:33:19'),(3104,115,44,2,'2025-10-02 01:33:19'),(3105,115,46,2,'2025-10-02 01:33:19'),(3106,115,47,2,'2025-10-02 01:33:19'),(3107,115,61,2,'2025-10-02 01:33:19'),(3108,115,64,2,'2025-10-02 01:33:19'),(3109,115,73,2,'2025-10-02 01:33:19'),(3110,115,84,2,'2025-10-02 01:33:19'),(3111,115,85,2,'2025-10-02 01:33:19'),(3112,115,86,2,'2025-10-02 01:33:19'),(3113,115,87,2,'2025-10-02 01:33:19'),(3114,115,90,2,'2025-10-02 01:33:19'),(3115,115,92,2,'2025-10-02 01:33:19'),(3116,115,96,2,'2025-10-02 01:33:19'),(3117,115,100,2,'2025-10-02 01:33:19'),(3118,116,1,2,'2025-10-02 01:33:19'),(3119,116,2,2,'2025-10-02 01:33:19'),(3120,116,11,2,'2025-10-02 01:33:19'),(3121,116,12,2,'2025-10-02 01:33:19'),(3122,116,13,2,'2025-10-02 01:33:19'),(3123,116,14,2,'2025-10-02 01:33:19'),(3124,116,21,2,'2025-10-02 01:33:19'),(3125,116,30,2,'2025-10-02 01:33:19'),(3126,116,32,2,'2025-10-02 01:33:19'),(3127,116,33,2,'2025-10-02 01:33:19'),(3128,116,35,2,'2025-10-02 01:33:19'),(3129,116,36,2,'2025-10-02 01:33:19'),(3130,116,37,2,'2025-10-02 01:33:19'),(3131,116,38,2,'2025-10-02 01:33:19'),(3132,116,39,2,'2025-10-02 01:33:19'),(3133,116,42,2,'2025-10-02 01:33:19'),(3134,116,48,2,'2025-10-02 01:33:19'),(3135,116,52,2,'2025-10-02 01:33:19'),(3136,116,55,2,'2025-10-02 01:33:19'),(3137,116,60,2,'2025-10-02 01:33:19'),(3138,116,61,2,'2025-10-02 01:33:19'),(3139,116,64,2,'2025-10-02 01:33:19'),(3140,116,65,2,'2025-10-02 01:33:19'),(3141,116,71,2,'2025-10-02 01:33:19'),(3142,116,78,2,'2025-10-02 01:33:19'),(3143,116,81,2,'2025-10-02 01:33:19'),(3144,116,85,2,'2025-10-02 01:33:19'),(3145,116,86,2,'2025-10-02 01:33:19'),(3146,116,87,2,'2025-10-02 01:33:19'),(3147,116,97,2,'2025-10-02 01:33:19'),(3148,117,2,2,'2025-10-02 01:33:19'),(3149,117,3,2,'2025-10-02 01:33:19'),(3150,117,6,2,'2025-10-02 01:33:19'),(3151,117,9,2,'2025-10-02 01:33:19'),(3152,117,13,2,'2025-10-02 01:33:19'),(3153,117,14,2,'2025-10-02 01:33:19'),(3154,117,15,2,'2025-10-02 01:33:19'),(3155,117,20,2,'2025-10-02 01:33:19'),(3156,117,21,2,'2025-10-02 01:33:19'),(3157,117,24,2,'2025-10-02 01:33:19'),(3158,117,26,2,'2025-10-02 01:33:19'),(3159,117,29,2,'2025-10-02 01:33:19'),(3160,117,30,2,'2025-10-02 01:33:19'),(3161,117,34,2,'2025-10-02 01:33:19'),(3162,117,36,2,'2025-10-02 01:33:19'),(3163,117,37,2,'2025-10-02 01:33:19'),(3164,117,39,2,'2025-10-02 01:33:19'),(3165,117,40,2,'2025-10-02 01:33:19'),(3166,117,41,2,'2025-10-02 01:33:19'),(3167,117,42,2,'2025-10-02 01:33:19'),(3168,117,43,2,'2025-10-02 01:33:19'),(3169,117,44,2,'2025-10-02 01:33:19'),(3170,117,46,2,'2025-10-02 01:33:19'),(3171,117,49,2,'2025-10-02 01:33:19'),(3172,117,50,2,'2025-10-02 01:33:19'),(3173,117,53,2,'2025-10-02 01:33:19'),(3174,117,55,2,'2025-10-02 01:33:19'),(3175,117,58,2,'2025-10-02 01:33:19'),(3176,117,59,2,'2025-10-02 01:33:19'),(3177,117,60,2,'2025-10-02 01:33:19'),(3178,117,62,2,'2025-10-02 01:33:19'),(3179,117,63,2,'2025-10-02 01:33:19'),(3180,117,64,2,'2025-10-02 01:33:19'),(3181,117,66,2,'2025-10-02 01:33:19'),(3182,117,67,2,'2025-10-02 01:33:19'),(3183,117,68,2,'2025-10-02 01:33:19'),(3184,117,71,2,'2025-10-02 01:33:19'),(3185,117,72,2,'2025-10-02 01:33:19'),(3186,117,74,2,'2025-10-02 01:33:19'),(3187,117,76,2,'2025-10-02 01:33:19'),(3188,117,79,2,'2025-10-02 01:33:19'),(3189,117,80,2,'2025-10-02 01:33:19'),(3190,117,85,2,'2025-10-02 01:33:19'),(3191,117,86,2,'2025-10-02 01:33:19'),(3192,117,87,2,'2025-10-02 01:33:19'),(3193,117,89,2,'2025-10-02 01:33:19'),(3194,117,92,2,'2025-10-02 01:33:19'),(3195,117,94,2,'2025-10-02 01:33:19'),(3196,117,95,2,'2025-10-02 01:33:19'),(3197,118,1,2,'2025-10-02 01:33:19'),(3198,118,5,2,'2025-10-02 01:33:19'),(3199,118,6,2,'2025-10-02 01:33:19'),(3200,118,8,2,'2025-10-02 01:33:19'),(3201,118,9,2,'2025-10-02 01:33:19'),(3202,118,12,2,'2025-10-02 01:33:19'),(3203,118,16,2,'2025-10-02 01:33:19'),(3204,118,19,2,'2025-10-02 01:33:19'),(3205,118,20,2,'2025-10-02 01:33:19'),(3206,118,22,2,'2025-10-02 01:33:19'),(3207,118,23,2,'2025-10-02 01:33:19'),(3208,118,25,2,'2025-10-02 01:33:19'),(3209,118,29,2,'2025-10-02 01:33:19'),(3210,118,30,2,'2025-10-02 01:33:19'),(3211,118,31,2,'2025-10-02 01:33:19'),(3212,118,32,2,'2025-10-02 01:33:19'),(3213,118,34,2,'2025-10-02 01:33:19'),(3214,118,37,2,'2025-10-02 01:33:19'),(3215,118,39,2,'2025-10-02 01:33:19'),(3216,118,43,2,'2025-10-02 01:33:19'),(3217,118,47,2,'2025-10-02 01:33:19'),(3218,118,48,2,'2025-10-02 01:33:19'),(3219,118,49,2,'2025-10-02 01:33:19'),(3220,118,52,2,'2025-10-02 01:33:19'),(3221,118,53,2,'2025-10-02 01:33:19'),(3222,118,56,2,'2025-10-02 01:33:19'),(3223,118,57,2,'2025-10-02 01:33:19'),(3224,118,59,2,'2025-10-02 01:33:19'),(3225,118,65,2,'2025-10-02 01:33:19'),(3226,118,66,2,'2025-10-02 01:33:19'),(3227,118,69,2,'2025-10-02 01:33:19'),(3228,118,71,2,'2025-10-02 01:33:19'),(3229,118,74,2,'2025-10-02 01:33:19'),(3230,118,75,2,'2025-10-02 01:33:19'),(3231,118,79,2,'2025-10-02 01:33:19'),(3232,118,85,2,'2025-10-02 01:33:19'),(3233,118,87,2,'2025-10-02 01:33:19'),(3234,118,89,2,'2025-10-02 01:33:19'),(3235,118,90,2,'2025-10-02 01:33:19'),(3236,118,91,2,'2025-10-02 01:33:19'),(3237,118,95,2,'2025-10-02 01:33:19'),(3238,118,96,2,'2025-10-02 01:33:19'),(3239,118,97,2,'2025-10-02 01:33:19'),(3240,118,98,2,'2025-10-02 01:33:19'),(3241,118,99,2,'2025-10-02 01:33:19'),(3242,119,5,2,'2025-10-02 01:33:20'),(3243,119,6,2,'2025-10-02 01:33:20'),(3244,119,25,2,'2025-10-02 01:33:20'),(3245,119,30,2,'2025-10-02 01:33:20'),(3246,119,44,2,'2025-10-02 01:33:20'),(3247,119,48,2,'2025-10-02 01:33:20'),(3248,119,51,2,'2025-10-02 01:33:20'),(3249,119,59,2,'2025-10-02 01:33:20'),(3250,119,63,2,'2025-10-02 01:33:20'),(3251,119,71,2,'2025-10-02 01:33:20'),(3252,119,72,2,'2025-10-02 01:33:20'),(3253,119,73,2,'2025-10-02 01:33:20'),(3254,119,80,2,'2025-10-02 01:33:20'),(3255,119,90,2,'2025-10-02 01:33:20'),(3256,119,91,2,'2025-10-02 01:33:20'),(3257,119,92,2,'2025-10-02 01:33:20'),(3258,119,94,2,'2025-10-02 01:33:20'),(3259,119,95,2,'2025-10-02 01:33:20'),(3260,119,98,2,'2025-10-02 01:33:20'),(3261,119,99,2,'2025-10-02 01:33:20'),(3262,120,3,2,'2025-10-02 01:33:20'),(3263,120,8,2,'2025-10-02 01:33:20'),(3264,120,9,2,'2025-10-02 01:33:20'),(3265,120,12,2,'2025-10-02 01:33:20'),(3266,120,16,2,'2025-10-02 01:33:20'),(3267,120,17,2,'2025-10-02 01:33:20'),(3268,120,21,2,'2025-10-02 01:33:20'),(3269,120,22,2,'2025-10-02 01:33:20'),(3270,120,29,2,'2025-10-02 01:33:20'),(3271,120,34,2,'2025-10-02 01:33:20'),(3272,120,39,2,'2025-10-02 01:33:20'),(3273,120,40,2,'2025-10-02 01:33:20'),(3274,120,46,2,'2025-10-02 01:33:20'),(3275,120,47,2,'2025-10-02 01:33:20'),(3276,120,48,2,'2025-10-02 01:33:20'),(3277,120,49,2,'2025-10-02 01:33:20'),(3278,120,52,2,'2025-10-02 01:33:20'),(3279,120,55,2,'2025-10-02 01:33:20'),(3280,120,58,2,'2025-10-02 01:33:20'),(3281,120,60,2,'2025-10-02 01:33:20'),(3282,120,65,2,'2025-10-02 01:33:20'),(3283,120,70,2,'2025-10-02 01:33:20'),(3284,120,72,2,'2025-10-02 01:33:20'),(3285,120,73,2,'2025-10-02 01:33:20'),(3286,120,76,2,'2025-10-02 01:33:20'),(3287,120,81,2,'2025-10-02 01:33:20'),(3288,120,89,2,'2025-10-02 01:33:20'),(3289,120,90,2,'2025-10-02 01:33:20'),(3290,120,99,2,'2025-10-02 01:33:20'),(3291,121,3,2,'2025-10-02 01:33:20'),(3292,121,8,2,'2025-10-02 01:33:20'),(3293,121,16,2,'2025-10-02 01:33:20'),(3294,121,17,2,'2025-10-02 01:33:20'),(3295,121,20,2,'2025-10-02 01:33:20'),(3296,121,27,2,'2025-10-02 01:33:20'),(3297,121,34,2,'2025-10-02 01:33:20'),(3298,121,41,2,'2025-10-02 01:33:20'),(3299,121,42,2,'2025-10-02 01:33:20'),(3300,121,43,2,'2025-10-02 01:33:20'),(3301,121,47,2,'2025-10-02 01:33:20'),(3302,121,48,2,'2025-10-02 01:33:20'),(3303,121,49,2,'2025-10-02 01:33:20'),(3304,121,51,2,'2025-10-02 01:33:20'),(3305,121,52,2,'2025-10-02 01:33:20'),(3306,121,55,2,'2025-10-02 01:33:20'),(3307,121,60,2,'2025-10-02 01:33:20'),(3308,121,64,2,'2025-10-02 01:33:20'),(3309,121,66,2,'2025-10-02 01:33:20'),(3310,121,67,2,'2025-10-02 01:33:20'),(3311,121,71,2,'2025-10-02 01:33:20'),(3312,121,75,2,'2025-10-02 01:33:20'),(3313,121,76,2,'2025-10-02 01:33:20'),(3314,121,79,2,'2025-10-02 01:33:20'),(3315,121,84,2,'2025-10-02 01:33:20'),(3316,121,88,2,'2025-10-02 01:33:20');
/*!40000 ALTER TABLE `product_views` ENABLE KEYS */;
UNLOCK TABLES;

--
-- Table structure for table `products`
--

DROP TABLE IF EXISTS `products`;
/*!40101 SET @saved_cs_client     = @@character_set_client */;
/*!50503 SET character_set_client = utf8mb4 */;
CREATE TABLE `products` (
  `product_id` bigint(20) unsigned NOT NULL AUTO_INCREMENT,
  `name` longtext CHARACTER SET utf8mb4 COLLATE utf8mb4_bin NOT NULL CHECK (json_valid(`name`)),
  `description` longtext CHARACTER SET utf8mb4 COLLATE utf8mb4_bin DEFAULT NULL CHECK (json_valid(`description`)),
  `category_id` bigint(20) unsigned NOT NULL,
  `brand_id` bigint(20) unsigned DEFAULT NULL,
  `seller_id` bigint(20) unsigned NOT NULL,
  `status` tinyint(4) NOT NULL DEFAULT 1 COMMENT '1: Draft, 2: Pending Approval, 3: Published, 4: Hidden',
  `is_active` tinyint(1) NOT NULL DEFAULT 1,
  `created_at` timestamp NULL DEFAULT NULL,
  `updated_at` timestamp NULL DEFAULT NULL,
  `deleted_at` timestamp NULL DEFAULT NULL,
  PRIMARY KEY (`product_id`),
  KEY `products_category_id_foreign` (`category_id`),
  KEY `products_brand_id_foreign` (`brand_id`),
  KEY `products_seller_id_foreign` (`seller_id`),
  CONSTRAINT `products_brand_id_foreign` FOREIGN KEY (`brand_id`) REFERENCES `brands` (`brand_id`) ON DELETE SET NULL,
  CONSTRAINT `products_category_id_foreign` FOREIGN KEY (`category_id`) REFERENCES `categories` (`category_id`),
  CONSTRAINT `products_seller_id_foreign` FOREIGN KEY (`seller_id`) REFERENCES `users` (`id`) ON DELETE CASCADE
) ENGINE=InnoDB AUTO_INCREMENT=101 DEFAULT CHARSET=utf8mb4 COLLATE=utf8mb4_unicode_ci;
/*!40101 SET character_set_client = @saved_cs_client */;

--
-- Dumping data for table `products`
--

LOCK TABLES `products` WRITE;
/*!40000 ALTER TABLE `products` DISABLE KEYS */;
INSERT INTO `products` VALUES (1,'{\"en\":\"architecto asperiores\",\"vi\":\"\\u0110i\\u1ec7n tho\\u1ea1i cao c\\u1ea5p\"}','{\"en\":\"In est expedita cumque in corporis. Harum asperiores nisi dicta corporis esse quod. Repellendus quam quod qui quia incidunt assumenda.\",\"vi\":\"S\\u1ea3n ph\\u1ea9m ch\\u1ea5t l\\u01b0\\u1ee3ng cao, \\u0111\\u01b0\\u1ee3c thi\\u1ebft k\\u1ebf v\\u1edbi phong c\\u00e1ch hi\\u1ec7n \\u0111\\u1ea1i v\\u00e0 ti\\u1ec7n d\\u1ee5ng.\"}',2,11,5,2,1,'2025-10-02 01:33:05','2025-10-02 06:23:20',NULL),(2,'{\"en\":\"ipsa voluptatum\",\"vi\":\"\\u00c1o len th\\u1eddi trang\"}','{\"en\":\"Corrupti soluta dicta vero. Dolores quis possimus est eos nemo. Ratione officia ut maxime est iure voluptates enim. Quis sunt et optio rerum.\",\"vi\":\"S\\u1ea3n ph\\u1ea9m ch\\u1ea5t l\\u01b0\\u1ee3ng cao, \\u0111\\u01b0\\u1ee3c thi\\u1ebft k\\u1ebf v\\u1edbi phong c\\u00e1ch hi\\u1ec7n \\u0111\\u1ea1i v\\u00e0 ti\\u1ec7n d\\u1ee5ng.\"}',4,20,18,2,1,'2025-10-02 01:33:05','2025-10-02 01:33:05',NULL),(3,'{\"en\":\"architecto ut\",\"vi\":\"Gi\\u00e0y boot hi\\u1ec7n \\u0111\\u1ea1i\"}','{\"en\":\"Tempora illum quia illum eaque voluptas qui nam. Nam non ut ipsum. Architecto consequatur libero dolores omnis nemo in. Est unde velit cum.\",\"vi\":\"S\\u1ea3n ph\\u1ea9m ch\\u1ea5t l\\u01b0\\u1ee3ng cao, \\u0111\\u01b0\\u1ee3c thi\\u1ebft k\\u1ebf v\\u1edbi phong c\\u00e1ch hi\\u1ec7n \\u0111\\u1ea1i v\\u00e0 ti\\u1ec7n d\\u1ee5ng.\"}',9,12,13,3,1,'2025-10-02 01:33:05','2025-10-02 01:33:05',NULL),(4,'{\"en\":\"quidem placeat\",\"vi\":\"\\u00c1o s\\u01a1 mi cao c\\u1ea5p\"}','{\"en\":\"Asperiores labore nulla odio consectetur voluptas. Earum veniam provident pariatur ad ullam possimus fugiat. Quia illum sed eos possimus culpa ea velit. Et beatae unde totam ducimus rem nemo nulla voluptas. Molestiae ipsum perferendis similique voluptatibus ipsa.\",\"vi\":\"S\\u1ea3n ph\\u1ea9m ch\\u1ea5t l\\u01b0\\u1ee3ng cao, \\u0111\\u01b0\\u1ee3c thi\\u1ebft k\\u1ebf v\\u1edbi phong c\\u00e1ch hi\\u1ec7n \\u0111\\u1ea1i v\\u00e0 ti\\u1ec7n d\\u1ee5ng.\"}',27,7,9,3,1,'2025-10-02 01:33:05','2025-10-02 01:33:05',NULL),(5,'{\"en\":\"aliquam incidunt\",\"vi\":\"Balo ti\\u1ec7n d\\u1ee5ng\"}','{\"en\":\"Sed dicta voluptas dolores omnis fugiat labore vel. Voluptatem illo repellendus labore incidunt dignissimos nisi. Accusantium aut ab recusandae aut voluptas molestiae.\",\"vi\":\"Ph\\u00f9 h\\u1ee3p cho m\\u1ecdi l\\u1ee9a tu\\u1ed5i, mang l\\u1ea1i s\\u1ef1 tho\\u1ea3i m\\u00e1i v\\u00e0 phong c\\u00e1ch.\"}',6,23,2,1,1,'2025-10-02 01:33:05','2025-10-02 01:33:05',NULL),(6,'{\"en\":\"magnam modi\",\"vi\":\"\\u0110\\u1ed3ng h\\u1ed3 sang tr\\u1ecdng\"}','{\"en\":\"Molestiae dignissimos impedit nobis mollitia rerum nobis voluptatum. Deleniti sint repellat soluta corporis et aliquid sint. Quae omnis dolorum mollitia ut sequi.\",\"vi\":\"S\\u1ea3n ph\\u1ea9m \\u0111\\u01b0\\u1ee3c ki\\u1ec3m tra ch\\u1ea5t l\\u01b0\\u1ee3ng nghi\\u00eam ng\\u1eb7t tr\\u01b0\\u1edbc khi \\u0111\\u1ebfn tay kh\\u00e1ch h\\u00e0ng.\"}',5,20,16,2,1,'2025-10-02 01:33:05','2025-10-02 06:23:50',NULL),(7,'{\"en\":\"alias et\",\"vi\":\"M\\u00e1y t\\u00ednh ti\\u1ec7n d\\u1ee5ng\"}','{\"en\":\"Eligendi quis hic asperiores enim dolorum quibusdam aperiam. Enim dignissimos voluptatem sed voluptate porro. Corrupti laudantium aut et omnis.\",\"vi\":\"Thi\\u1ebft k\\u1ebf \\u0111\\u1ed9c \\u0111\\u00e1o, m\\u00e0u s\\u1eafc \\u0111a d\\u1ea1ng, ph\\u00f9 h\\u1ee3p v\\u1edbi xu h\\u01b0\\u1edbng th\\u1eddi trang.\"}',6,17,4,3,1,'2025-10-02 01:33:05','2025-10-02 01:33:05',NULL),(8,'{\"en\":\"voluptatem quibusdam\",\"vi\":\"M\\u00e1y t\\u00ednh ch\\u1ea5t l\\u01b0\\u1ee3ng\"}','{\"en\":\"Aperiam et sit minus voluptates aut. Dignissimos iste est itaque maiores eligendi et. Aut qui sequi quia enim consectetur. Repudiandae aliquid provident adipisci est dolorem.\",\"vi\":\"S\\u1ea3n ph\\u1ea9m \\u0111\\u01b0\\u1ee3c ki\\u1ec3m tra ch\\u1ea5t l\\u01b0\\u1ee3ng nghi\\u00eam ng\\u1eb7t tr\\u01b0\\u1edbc khi \\u0111\\u1ebfn tay kh\\u00e1ch h\\u00e0ng.\"}',4,1,8,1,1,'2025-10-02 01:33:05','2025-10-02 01:33:05',NULL),(9,'{\"en\":\"id veritatis\",\"vi\":\"Qu\\u1ea7n jeans th\\u1eddi trang\"}','{\"en\":\"Magni iste est tempora amet eos fuga. Et id in at quasi ipsa neque. Et et voluptates soluta dolorum neque aut sint repellendus.\",\"vi\":\"S\\u1ea3n ph\\u1ea9m ch\\u1ea5t l\\u01b0\\u1ee3ng cao, \\u0111\\u01b0\\u1ee3c thi\\u1ebft k\\u1ebf v\\u1edbi phong c\\u00e1ch hi\\u1ec7n \\u0111\\u1ea1i v\\u00e0 ti\\u1ec7n d\\u1ee5ng.\"}',10,11,17,1,1,'2025-10-02 01:33:05','2025-10-02 01:33:05',NULL),(10,'{\"en\":\"velit praesentium\",\"vi\":\"\\u0110\\u1ed3ng h\\u1ed3 th\\u1eddi trang\"}','{\"en\":\"Et non voluptatum in aut qui quas. Cumque in illum labore ad et rerum. Reprehenderit facere cupiditate aspernatur accusamus. Cum quo sed hic.\",\"vi\":\"Ph\\u00f9 h\\u1ee3p cho m\\u1ecdi l\\u1ee9a tu\\u1ed5i, mang l\\u1ea1i s\\u1ef1 tho\\u1ea3i m\\u00e1i v\\u00e0 phong c\\u00e1ch.\"}',2,13,2,3,1,'2025-10-02 01:33:05','2025-10-02 01:33:05',NULL),(11,'{\"en\":\"debitis sit\",\"vi\":\"V\\u00e1y \\u0111\\u1ea7m th\\u1eddi trang\"}','{\"en\":\"Laboriosam quisquam qui eius est quod. Voluptas natus animi illum incidunt voluptatem qui qui. Excepturi accusamus id architecto doloremque. Omnis quasi quasi et et provident.\",\"vi\":\"Thi\\u1ebft k\\u1ebf \\u0111\\u1ed9c \\u0111\\u00e1o, m\\u00e0u s\\u1eafc \\u0111a d\\u1ea1ng, ph\\u00f9 h\\u1ee3p v\\u1edbi xu h\\u01b0\\u1edbng th\\u1eddi trang.\"}',9,20,3,1,1,'2025-10-02 01:33:05','2025-10-02 01:33:05',NULL),(12,'{\"en\":\"est voluptatibus\",\"vi\":\"Gi\\u00e0y boot th\\u1eddi trang\"}','{\"en\":\"Repudiandae consequatur aperiam nobis modi illo dignissimos. Enim nihil exercitationem non harum aliquid laudantium molestiae voluptatem. Et nemo aut repudiandae. Cumque ut vitae voluptas dolorem.\",\"vi\":\"S\\u1ea3n ph\\u1ea9m ch\\u1ea5t l\\u01b0\\u1ee3ng cao, \\u0111\\u01b0\\u1ee3c thi\\u1ebft k\\u1ebf v\\u1edbi phong c\\u00e1ch hi\\u1ec7n \\u0111\\u1ea1i v\\u00e0 ti\\u1ec7n d\\u1ee5ng.\"}',14,3,17,2,1,'2025-10-02 01:33:05','2025-10-02 01:33:05',NULL),(13,'{\"en\":\"et et\",\"vi\":\"Balo hi\\u1ec7n \\u0111\\u1ea1i\"}','{\"en\":\"Aut rerum quo explicabo sed magni. Sit et exercitationem voluptatem nam rerum et et. Molestiae cupiditate molestiae error dolorum ratione. Dolor in non ut voluptatem molestiae consequatur.\",\"vi\":\"\\u0110\\u01b0\\u1ee3c l\\u00e0m t\\u1eeb ch\\u1ea5t li\\u1ec7u cao c\\u1ea5p, \\u0111\\u1ea3m b\\u1ea3o \\u0111\\u1ed9 b\\u1ec1n v\\u00e0 t\\u00ednh th\\u1ea9m m\\u1ef9.\"}',10,4,17,2,1,'2025-10-02 01:33:05','2025-10-02 01:33:05',NULL),(14,'{\"en\":\"sit necessitatibus\",\"vi\":\"V\\u00e1y \\u0111\\u1ea7m sang tr\\u1ecdng\"}','{\"en\":\"Et animi ducimus impedit tempore totam eveniet suscipit. Doloribus qui harum sit qui fugiat molestiae aut. At quo exercitationem placeat voluptate. Necessitatibus aut vitae ut maiores rem animi.\",\"vi\":\"S\\u1ea3n ph\\u1ea9m \\u0111\\u01b0\\u1ee3c ki\\u1ec3m tra ch\\u1ea5t l\\u01b0\\u1ee3ng nghi\\u00eam ng\\u1eb7t tr\\u01b0\\u1edbc khi \\u0111\\u1ebfn tay kh\\u00e1ch h\\u00e0ng.\"}',24,6,20,1,1,'2025-10-02 01:33:05','2025-10-02 01:33:05',NULL),(15,'{\"en\":\"eos cum\",\"vi\":\"Balo ti\\u1ec7n d\\u1ee5ng\"}','{\"en\":\"Ratione illum qui consequatur explicabo numquam eum quae. Nemo sit laborum quaerat ut libero sunt dolore qui. Eum atque voluptas sit magnam doloremque corporis. Inventore corporis nostrum voluptate doloremque quis et tempore. Eos et ea corporis deserunt tenetur quidem ullam qui.\",\"vi\":\"Thi\\u1ebft k\\u1ebf \\u0111\\u1ed9c \\u0111\\u00e1o, m\\u00e0u s\\u1eafc \\u0111a d\\u1ea1ng, ph\\u00f9 h\\u1ee3p v\\u1edbi xu h\\u01b0\\u1edbng th\\u1eddi trang.\"}',14,16,9,1,1,'2025-10-02 01:33:05','2025-10-02 01:33:05',NULL),(16,'{\"en\":\"quaerat ut\",\"vi\":\"\\u00c1o len th\\u1eddi trang\"}','{\"en\":\"Et ut sunt minus non in voluptas. Qui est voluptate non. Minima eveniet quia iure necessitatibus odio mollitia beatae. Doloremque qui deserunt similique earum magni ad.\",\"vi\":\"S\\u1ea3n ph\\u1ea9m \\u0111\\u01b0\\u1ee3c ki\\u1ec3m tra ch\\u1ea5t l\\u01b0\\u1ee3ng nghi\\u00eam ng\\u1eb7t tr\\u01b0\\u1edbc khi \\u0111\\u1ebfn tay kh\\u00e1ch h\\u00e0ng.\"}',14,7,14,2,1,'2025-10-02 01:33:05','2025-10-02 01:33:05',NULL),(17,'{\"en\":\"corrupti beatae\",\"vi\":\"\\u0110\\u1ed3ng h\\u1ed3 hi\\u1ec7n \\u0111\\u1ea1i\"}','{\"en\":\"Labore ut qui consequatur voluptatem error voluptatibus harum. Quibusdam voluptatem ducimus velit voluptatum. Omnis recusandae autem nesciunt. Veritatis aut dolorem qui quia ex ex nobis.\",\"vi\":\"S\\u1ea3n ph\\u1ea9m ch\\u1ea5t l\\u01b0\\u1ee3ng cao, \\u0111\\u01b0\\u1ee3c thi\\u1ebft k\\u1ebf v\\u1edbi phong c\\u00e1ch hi\\u1ec7n \\u0111\\u1ea1i v\\u00e0 ti\\u1ec7n d\\u1ee5ng.\"}',24,20,7,1,1,'2025-10-02 01:33:05','2025-10-02 01:33:05',NULL),(18,'{\"en\":\"ut omnis\",\"vi\":\"V\\u00e1y \\u0111\\u1ea7m hi\\u1ec7n \\u0111\\u1ea1i\"}','{\"en\":\"Porro qui maiores tempore rerum ipsum quam et sed. Voluptatibus aut aliquid a sint officiis. Aliquid eum libero ea consequatur deserunt.\",\"vi\":\"Thi\\u1ebft k\\u1ebf \\u0111\\u1ed9c \\u0111\\u00e1o, m\\u00e0u s\\u1eafc \\u0111a d\\u1ea1ng, ph\\u00f9 h\\u1ee3p v\\u1edbi xu h\\u01b0\\u1edbng th\\u1eddi trang.\"}',22,13,20,1,1,'2025-10-02 01:33:05','2025-10-02 01:33:05',NULL),(19,'{\"en\":\"corporis incidunt\",\"vi\":\"\\u0110\\u1ed3ng h\\u1ed3 ti\\u1ec7n d\\u1ee5ng\"}','{\"en\":\"Necessitatibus tempora corrupti et amet quia maiores. Sit modi totam odit natus. Eos est quia magnam ut et nulla. Voluptatem maiores ut cupiditate id et.\",\"vi\":\"Thi\\u1ebft k\\u1ebf \\u0111\\u1ed9c \\u0111\\u00e1o, m\\u00e0u s\\u1eafc \\u0111a d\\u1ea1ng, ph\\u00f9 h\\u1ee3p v\\u1edbi xu h\\u01b0\\u1edbng th\\u1eddi trang.\"}',21,3,5,3,1,'2025-10-02 01:33:05','2025-10-02 01:33:05',NULL),(20,'{\"en\":\"dolorem officiis\",\"vi\":\"Gi\\u00e0y boot th\\u1eddi trang\"}','{\"en\":\"Quod atque vel aut animi. Eum tenetur vitae reprehenderit voluptate. Voluptatum soluta natus nihil est quisquam.\",\"vi\":\"\\u0110\\u01b0\\u1ee3c l\\u00e0m t\\u1eeb ch\\u1ea5t li\\u1ec7u cao c\\u1ea5p, \\u0111\\u1ea3m b\\u1ea3o \\u0111\\u1ed9 b\\u1ec1n v\\u00e0 t\\u00ednh th\\u1ea9m m\\u1ef9.\"}',17,19,18,2,1,'2025-10-02 01:33:05','2025-10-02 01:33:05',NULL),(21,'{\"en\":\"id omnis\",\"vi\":\"\\u00c1o s\\u01a1 mi cao c\\u1ea5p\"}','{\"en\":\"Mollitia id voluptas officia et ea libero. Sunt rerum voluptas et libero vitae. Ab ut labore consequatur ab.\",\"vi\":\"\\u0110\\u01b0\\u1ee3c l\\u00e0m t\\u1eeb ch\\u1ea5t li\\u1ec7u cao c\\u1ea5p, \\u0111\\u1ea3m b\\u1ea3o \\u0111\\u1ed9 b\\u1ec1n v\\u00e0 t\\u00ednh th\\u1ea9m m\\u1ef9.\"}',10,21,14,1,1,'2025-10-02 01:33:05','2025-10-02 01:33:05',NULL),(22,'{\"en\":\"autem sed\",\"vi\":\"V\\u00ed da ch\\u1ea5t l\\u01b0\\u1ee3ng\"}','{\"en\":\"Ipsa vero architecto et est temporibus beatae repudiandae. Omnis ad voluptatem est saepe quo et vel. Eveniet enim illo molestiae.\",\"vi\":\"S\\u1ea3n ph\\u1ea9m ch\\u1ea5t l\\u01b0\\u1ee3ng cao, \\u0111\\u01b0\\u1ee3c thi\\u1ebft k\\u1ebf v\\u1edbi phong c\\u00e1ch hi\\u1ec7n \\u0111\\u1ea1i v\\u00e0 ti\\u1ec7n d\\u1ee5ng.\"}',10,10,7,1,1,'2025-10-02 01:33:05','2025-10-02 01:33:05',NULL),(23,'{\"en\":\"quo deleniti\",\"vi\":\"V\\u00ed da cao c\\u1ea5p\"}','{\"en\":\"Omnis aut et ratione eum dolores laudantium doloribus. Saepe voluptatem aut consequatur nobis quibusdam voluptatem. Modi repudiandae provident eius natus rem harum non. Reiciendis non ut pariatur molestiae.\",\"vi\":\"S\\u1ea3n ph\\u1ea9m ch\\u1ea5t l\\u01b0\\u1ee3ng cao, \\u0111\\u01b0\\u1ee3c thi\\u1ebft k\\u1ebf v\\u1edbi phong c\\u00e1ch hi\\u1ec7n \\u0111\\u1ea1i v\\u00e0 ti\\u1ec7n d\\u1ee5ng.\"}',6,23,8,2,1,'2025-10-02 01:33:05','2025-10-02 01:33:05',NULL),(24,'{\"en\":\"aut quos\",\"vi\":\"\\u00c1o kho\\u00e1c hi\\u1ec7n \\u0111\\u1ea1i\"}','{\"en\":\"Nesciunt sunt quis aut et delectus dolore. Et dolore qui in dolore rerum laborum aperiam reiciendis. Voluptas quod deleniti deserunt eveniet praesentium illum.\",\"vi\":\"\\u0110\\u01b0\\u1ee3c l\\u00e0m t\\u1eeb ch\\u1ea5t li\\u1ec7u cao c\\u1ea5p, \\u0111\\u1ea3m b\\u1ea3o \\u0111\\u1ed9 b\\u1ec1n v\\u00e0 t\\u00ednh th\\u1ea9m m\\u1ef9.\"}',9,11,7,3,1,'2025-10-02 01:33:05','2025-10-02 01:33:05',NULL),(25,'{\"en\":\"nam aperiam\",\"vi\":\"Gi\\u00e0y boot sang tr\\u1ecdng\"}','{\"en\":\"Quibusdam ipsam dicta qui. Qui sit blanditiis sint ducimus deserunt reiciendis vero harum. Illum neque ab dolorem.\",\"vi\":\"\\u0110\\u01b0\\u1ee3c l\\u00e0m t\\u1eeb ch\\u1ea5t li\\u1ec7u cao c\\u1ea5p, \\u0111\\u1ea3m b\\u1ea3o \\u0111\\u1ed9 b\\u1ec1n v\\u00e0 t\\u00ednh th\\u1ea9m m\\u1ef9.\"}',2,20,10,1,1,'2025-10-02 01:33:05','2025-10-02 01:33:05',NULL),(26,'{\"en\":\"distinctio dolorem\",\"vi\":\"K\\u00ednh m\\u00e1t th\\u1eddi trang\"}','{\"en\":\"Omnis ipsa molestias sit. Dolore voluptatem repellendus qui fugit. Ratione similique rerum voluptatem laudantium enim praesentium non qui.\",\"vi\":\"Thi\\u1ebft k\\u1ebf \\u0111\\u1ed9c \\u0111\\u00e1o, m\\u00e0u s\\u1eafc \\u0111a d\\u1ea1ng, ph\\u00f9 h\\u1ee3p v\\u1edbi xu h\\u01b0\\u1edbng th\\u1eddi trang.\"}',6,13,10,1,1,'2025-10-02 01:33:05','2025-10-02 01:33:05',NULL),(27,'{\"en\":\"velit eligendi\",\"vi\":\"\\u00c1o len hi\\u1ec7n \\u0111\\u1ea1i\"}','{\"en\":\"Id adipisci sint alias dolorum ab eaque amet. Dolor eum et consequatur veritatis. Molestiae eligendi minus ullam eos harum ut ipsa. Minus vel suscipit harum et.\",\"vi\":\"Ph\\u00f9 h\\u1ee3p cho m\\u1ecdi l\\u1ee9a tu\\u1ed5i, mang l\\u1ea1i s\\u1ef1 tho\\u1ea3i m\\u00e1i v\\u00e0 phong c\\u00e1ch.\"}',25,18,5,1,1,'2025-10-02 01:33:05','2025-10-02 01:33:05',NULL),(28,'{\"en\":\"aut beatae\",\"vi\":\"\\u0110\\u1ed3ng h\\u1ed3 hi\\u1ec7n \\u0111\\u1ea1i\"}','{\"en\":\"Non ad et aut qui. Autem et rerum sit cum eligendi est nihil. Velit culpa alias exercitationem. Officia aliquid quia sunt aut sunt vitae molestiae.\",\"vi\":\"\\u0110\\u01b0\\u1ee3c l\\u00e0m t\\u1eeb ch\\u1ea5t li\\u1ec7u cao c\\u1ea5p, \\u0111\\u1ea3m b\\u1ea3o \\u0111\\u1ed9 b\\u1ec1n v\\u00e0 t\\u00ednh th\\u1ea9m m\\u1ef9.\"}',12,3,20,2,1,'2025-10-02 01:33:05','2025-10-02 01:33:05',NULL),(29,'{\"en\":\"quia et\",\"vi\":\"K\\u00ednh m\\u00e1t ti\\u1ec7n d\\u1ee5ng\"}','{\"en\":\"Non esse doloremque vel numquam quibusdam eius voluptas eos. Itaque sint et voluptas et temporibus inventore possimus quia. Facere dicta adipisci non debitis porro magni.\",\"vi\":\"S\\u1ea3n ph\\u1ea9m ch\\u1ea5t l\\u01b0\\u1ee3ng cao, \\u0111\\u01b0\\u1ee3c thi\\u1ebft k\\u1ebf v\\u1edbi phong c\\u00e1ch hi\\u1ec7n \\u0111\\u1ea1i v\\u00e0 ti\\u1ec7n d\\u1ee5ng.\"}',2,1,7,1,1,'2025-10-02 01:33:05','2025-10-02 01:33:05',NULL),(30,'{\"en\":\"in enim\",\"vi\":\"V\\u00ed da cao c\\u1ea5p\"}','{\"en\":\"Autem distinctio provident quaerat aut enim. Et optio neque facere qui et nemo. Eos architecto cum error omnis.\",\"vi\":\"\\u0110\\u01b0\\u1ee3c l\\u00e0m t\\u1eeb ch\\u1ea5t li\\u1ec7u cao c\\u1ea5p, \\u0111\\u1ea3m b\\u1ea3o \\u0111\\u1ed9 b\\u1ec1n v\\u00e0 t\\u00ednh th\\u1ea9m m\\u1ef9.\"}',16,16,14,3,1,'2025-10-02 01:33:05','2025-10-02 01:33:05',NULL),(31,'{\"en\":\"minima numquam\",\"vi\":\"Balo cao c\\u1ea5p\"}','{\"en\":\"Aut et deleniti doloremque et nostrum suscipit. Eos iste pariatur laboriosam cupiditate enim accusamus id doloribus. Omnis delectus placeat quo quidem. Quidem atque unde doloremque amet incidunt et quam.\",\"vi\":\"\\u0110\\u01b0\\u1ee3c l\\u00e0m t\\u1eeb ch\\u1ea5t li\\u1ec7u cao c\\u1ea5p, \\u0111\\u1ea3m b\\u1ea3o \\u0111\\u1ed9 b\\u1ec1n v\\u00e0 t\\u00ednh th\\u1ea9m m\\u1ef9.\"}',10,11,13,1,1,'2025-10-02 01:33:05','2025-10-02 01:33:05',NULL),(32,'{\"en\":\"earum eum\",\"vi\":\"Gi\\u00e0y boot ch\\u1ea5t l\\u01b0\\u1ee3ng\"}','{\"en\":\"Eaque qui et deserunt aperiam aut dolores placeat odit. Et iste maiores ut eaque blanditiis vel fugit et.\",\"vi\":\"\\u0110\\u01b0\\u1ee3c l\\u00e0m t\\u1eeb ch\\u1ea5t li\\u1ec7u cao c\\u1ea5p, \\u0111\\u1ea3m b\\u1ea3o \\u0111\\u1ed9 b\\u1ec1n v\\u00e0 t\\u00ednh th\\u1ea9m m\\u1ef9.\"}',3,20,14,3,1,'2025-10-02 01:33:05','2025-10-02 01:33:05',NULL),(33,'{\"en\":\"iure eos\",\"vi\":\"Qu\\u1ea7n jeans ch\\u1ea5t l\\u01b0\\u1ee3ng\"}','{\"en\":\"Architecto est corporis ducimus perspiciatis culpa eveniet nam. Magni unde explicabo quaerat magnam laborum ea. Sunt quam quam aut et at. Quasi quaerat quo iure dignissimos quo.\",\"vi\":\"S\\u1ea3n ph\\u1ea9m ch\\u1ea5t l\\u01b0\\u1ee3ng cao, \\u0111\\u01b0\\u1ee3c thi\\u1ebft k\\u1ebf v\\u1edbi phong c\\u00e1ch hi\\u1ec7n \\u0111\\u1ea1i v\\u00e0 ti\\u1ec7n d\\u1ee5ng.\"}',3,23,11,2,1,'2025-10-02 01:33:05','2025-10-02 01:33:05',NULL),(34,'{\"en\":\"dicta omnis\",\"vi\":\"T\\u00fai x\\u00e1ch hi\\u1ec7n \\u0111\\u1ea1i\"}','{\"en\":\"Delectus et eius et saepe quia assumenda. Sapiente quos ipsum minima officia vitae dolore. Numquam corrupti sit qui eum suscipit aut ut. Iusto quisquam quia quia voluptates eveniet dolorum nostrum.\",\"vi\":\"Ph\\u00f9 h\\u1ee3p cho m\\u1ecdi l\\u1ee9a tu\\u1ed5i, mang l\\u1ea1i s\\u1ef1 tho\\u1ea3i m\\u00e1i v\\u00e0 phong c\\u00e1ch.\"}',16,4,16,1,1,'2025-10-02 01:33:05','2025-10-02 01:33:05',NULL),(35,'{\"en\":\"labore numquam\",\"vi\":\"Balo ti\\u1ec7n d\\u1ee5ng\"}','{\"en\":\"Sit ullam eius voluptas ad adipisci id. Est voluptas expedita deserunt adipisci porro. Provident itaque saepe deserunt qui et est. Dolores aut harum ducimus saepe.\",\"vi\":\"Thi\\u1ebft k\\u1ebf \\u0111\\u1ed9c \\u0111\\u00e1o, m\\u00e0u s\\u1eafc \\u0111a d\\u1ea1ng, ph\\u00f9 h\\u1ee3p v\\u1edbi xu h\\u01b0\\u1edbng th\\u1eddi trang.\"}',5,23,18,3,1,'2025-10-02 01:33:05','2025-10-02 01:33:05',NULL),(36,'{\"en\":\"et qui\",\"vi\":\"V\\u00ed da sang tr\\u1ecdng\"}','{\"en\":\"Quis provident deserunt nihil eos aut quia alias. Magni eius voluptate fugit veniam minus reprehenderit illo. In deserunt ullam et non libero sit. Cupiditate eligendi vel sed fugiat modi.\",\"vi\":\"S\\u1ea3n ph\\u1ea9m \\u0111\\u01b0\\u1ee3c ki\\u1ec3m tra ch\\u1ea5t l\\u01b0\\u1ee3ng nghi\\u00eam ng\\u1eb7t tr\\u01b0\\u1edbc khi \\u0111\\u1ebfn tay kh\\u00e1ch h\\u00e0ng.\"}',12,23,10,3,1,'2025-10-02 01:33:05','2025-10-02 01:33:05',NULL),(37,'{\"en\":\"modi sapiente\",\"vi\":\"Gi\\u00e0y boot ch\\u1ea5t l\\u01b0\\u1ee3ng\"}','{\"en\":\"Ipsam consequuntur accusantium aut est totam. Fuga animi dolores placeat. Eum neque sit impedit soluta non quas cumque. Nobis non commodi modi consequatur assumenda.\",\"vi\":\"\\u0110\\u01b0\\u1ee3c l\\u00e0m t\\u1eeb ch\\u1ea5t li\\u1ec7u cao c\\u1ea5p, \\u0111\\u1ea3m b\\u1ea3o \\u0111\\u1ed9 b\\u1ec1n v\\u00e0 t\\u00ednh th\\u1ea9m m\\u1ef9.\"}',17,11,2,1,1,'2025-10-02 01:33:05','2025-10-02 01:33:05',NULL),(38,'{\"en\":\"eos ea\",\"vi\":\"M\\u00e1y t\\u00ednh sang tr\\u1ecdng\"}','{\"en\":\"Harum qui explicabo rerum. Veritatis eveniet nulla voluptatum soluta nesciunt omnis.\",\"vi\":\"S\\u1ea3n ph\\u1ea9m ch\\u1ea5t l\\u01b0\\u1ee3ng cao, \\u0111\\u01b0\\u1ee3c thi\\u1ebft k\\u1ebf v\\u1edbi phong c\\u00e1ch hi\\u1ec7n \\u0111\\u1ea1i v\\u00e0 ti\\u1ec7n d\\u1ee5ng.\"}',10,5,21,2,1,'2025-10-02 01:33:05','2025-10-02 01:33:05',NULL),(39,'{\"en\":\"ea qui\",\"vi\":\"\\u00c1o kho\\u00e1c th\\u1eddi trang\"}','{\"en\":\"Quis iusto ducimus reprehenderit quia exercitationem. Hic occaecati voluptatibus vero delectus. Non odit ipsum quibusdam earum.\",\"vi\":\"Thi\\u1ebft k\\u1ebf \\u0111\\u1ed9c \\u0111\\u00e1o, m\\u00e0u s\\u1eafc \\u0111a d\\u1ea1ng, ph\\u00f9 h\\u1ee3p v\\u1edbi xu h\\u01b0\\u1edbng th\\u1eddi trang.\"}',14,18,11,2,1,'2025-10-02 01:33:05','2025-10-02 01:33:05',NULL),(40,'{\"en\":\"ipsam et\",\"vi\":\"\\u0110\\u1ed3ng h\\u1ed3 cao c\\u1ea5p\"}','{\"en\":\"Incidunt officia id dignissimos officiis explicabo nihil quia tenetur. Et accusantium libero voluptatem qui incidunt nobis qui voluptate. Sunt fugiat placeat quibusdam quasi. Et aliquid libero quidem doloribus ipsum officia.\",\"vi\":\"\\u0110\\u01b0\\u1ee3c l\\u00e0m t\\u1eeb ch\\u1ea5t li\\u1ec7u cao c\\u1ea5p, \\u0111\\u1ea3m b\\u1ea3o \\u0111\\u1ed9 b\\u1ec1n v\\u00e0 t\\u00ednh th\\u1ea9m m\\u1ef9.\"}',11,7,14,2,1,'2025-10-02 01:33:05','2025-10-02 01:33:05',NULL),(41,'{\"en\":\"deleniti adipisci\",\"vi\":\"\\u0110\\u1ed3ng h\\u1ed3 sang tr\\u1ecdng\"}','{\"en\":\"Eum id doloremque laboriosam iure. Eius placeat distinctio autem commodi eum est ut. Placeat molestiae voluptatem iste voluptate aut ex non.\",\"vi\":\"S\\u1ea3n ph\\u1ea9m ch\\u1ea5t l\\u01b0\\u1ee3ng cao, \\u0111\\u01b0\\u1ee3c thi\\u1ebft k\\u1ebf v\\u1edbi phong c\\u00e1ch hi\\u1ec7n \\u0111\\u1ea1i v\\u00e0 ti\\u1ec7n d\\u1ee5ng.\"}',9,7,2,1,1,'2025-10-02 01:33:05','2025-10-02 01:33:05',NULL),(42,'{\"en\":\"optio alias\",\"vi\":\"Balo ch\\u1ea5t l\\u01b0\\u1ee3ng\"}','{\"en\":\"Neque eligendi quasi similique quia eum reprehenderit quia. Et voluptatem modi eos minima natus temporibus quibusdam fugit. Optio consectetur fugiat nobis libero voluptatem nostrum.\",\"vi\":\"S\\u1ea3n ph\\u1ea9m \\u0111\\u01b0\\u1ee3c ki\\u1ec3m tra ch\\u1ea5t l\\u01b0\\u1ee3ng nghi\\u00eam ng\\u1eb7t tr\\u01b0\\u1edbc khi \\u0111\\u1ebfn tay kh\\u00e1ch h\\u00e0ng.\"}',19,7,10,3,1,'2025-10-02 01:33:05','2025-10-02 01:33:05',NULL),(43,'{\"en\":\"in nihil\",\"vi\":\"\\u00c1o kho\\u00e1c cao c\\u1ea5p\"}','{\"en\":\"Quod officia et enim nemo quis exercitationem. Rerum iusto similique accusamus reiciendis unde. Magni et qui et consectetur quibusdam. Nam repellendus velit dolor minus voluptas reprehenderit veritatis.\",\"vi\":\"Thi\\u1ebft k\\u1ebf \\u0111\\u1ed9c \\u0111\\u00e1o, m\\u00e0u s\\u1eafc \\u0111a d\\u1ea1ng, ph\\u00f9 h\\u1ee3p v\\u1edbi xu h\\u01b0\\u1edbng th\\u1eddi trang.\"}',15,18,7,3,1,'2025-10-02 01:33:05','2025-10-02 01:33:05',NULL),(44,'{\"en\":\"quasi omnis\",\"vi\":\"Gi\\u00e0y boot ti\\u1ec7n d\\u1ee5ng\"}','{\"en\":\"Beatae veniam aut voluptatem labore voluptatibus iure. Nobis ut amet quia voluptatem consequatur non sed. Sed tempora fuga inventore pariatur cum soluta mollitia soluta. Numquam et eum voluptatem repellendus.\",\"vi\":\"S\\u1ea3n ph\\u1ea9m \\u0111\\u01b0\\u1ee3c ki\\u1ec3m tra ch\\u1ea5t l\\u01b0\\u1ee3ng nghi\\u00eam ng\\u1eb7t tr\\u01b0\\u1edbc khi \\u0111\\u1ebfn tay kh\\u00e1ch h\\u00e0ng.\"}',27,13,20,3,1,'2025-10-02 01:33:05','2025-10-02 01:33:05',NULL),(45,'{\"en\":\"ducimus ipsa\",\"vi\":\"\\u0110\\u1ed3ng h\\u1ed3 ti\\u1ec7n d\\u1ee5ng\"}','{\"en\":\"Autem debitis molestiae et culpa et explicabo. Dicta qui voluptatem provident et nemo.\",\"vi\":\"Ph\\u00f9 h\\u1ee3p cho m\\u1ecdi l\\u1ee9a tu\\u1ed5i, mang l\\u1ea1i s\\u1ef1 tho\\u1ea3i m\\u00e1i v\\u00e0 phong c\\u00e1ch.\"}',19,6,3,2,1,'2025-10-02 01:33:05','2025-10-02 01:33:05',NULL),(46,'{\"en\":\"est nulla\",\"vi\":\"Tai nghe sang tr\\u1ecdng\"}','{\"en\":\"Eum sequi itaque pariatur nesciunt. Nulla deserunt et quis dolorum. Vero nihil minima ab iste. Voluptatum quasi est libero architecto quo. Maxime veniam necessitatibus inventore laborum incidunt adipisci distinctio earum.\",\"vi\":\"S\\u1ea3n ph\\u1ea9m ch\\u1ea5t l\\u01b0\\u1ee3ng cao, \\u0111\\u01b0\\u1ee3c thi\\u1ebft k\\u1ebf v\\u1edbi phong c\\u00e1ch hi\\u1ec7n \\u0111\\u1ea1i v\\u00e0 ti\\u1ec7n d\\u1ee5ng.\"}',15,8,17,3,1,'2025-10-02 01:33:05','2025-10-02 01:33:05',NULL),(47,'{\"en\":\"veniam velit\",\"vi\":\"M\\u00e1y t\\u00ednh hi\\u1ec7n \\u0111\\u1ea1i\"}','{\"en\":\"Neque quas optio aut expedita. Et fugit aut sit officiis minima. Tempora odio eaque similique voluptatum deleniti quibusdam tempora. Eos quia similique quis enim perspiciatis et.\",\"vi\":\"S\\u1ea3n ph\\u1ea9m ch\\u1ea5t l\\u01b0\\u1ee3ng cao, \\u0111\\u01b0\\u1ee3c thi\\u1ebft k\\u1ebf v\\u1edbi phong c\\u00e1ch hi\\u1ec7n \\u0111\\u1ea1i v\\u00e0 ti\\u1ec7n d\\u1ee5ng.\"}',19,1,4,3,1,'2025-10-02 01:33:05','2025-10-02 01:33:05',NULL),(48,'{\"en\":\"possimus ullam\",\"vi\":\"Tai nghe sang tr\\u1ecdng\"}','{\"en\":\"In qui sunt culpa. Corporis omnis sapiente sunt. Sit illum doloremque velit possimus est voluptatem sed odio.\",\"vi\":\"S\\u1ea3n ph\\u1ea9m \\u0111\\u01b0\\u1ee3c ki\\u1ec3m tra ch\\u1ea5t l\\u01b0\\u1ee3ng nghi\\u00eam ng\\u1eb7t tr\\u01b0\\u1edbc khi \\u0111\\u1ebfn tay kh\\u00e1ch h\\u00e0ng.\"}',6,4,15,2,1,'2025-10-02 01:33:05','2025-10-02 01:33:05',NULL),(49,'{\"en\":\"ea eos\",\"vi\":\"K\\u00ednh m\\u00e1t sang tr\\u1ecdng\"}','{\"en\":\"Magnam eius provident eius voluptas. Ad vero ipsa minus odio ipsa voluptas. Delectus molestias quibusdam aut sed a quo rerum.\",\"vi\":\"S\\u1ea3n ph\\u1ea9m \\u0111\\u01b0\\u1ee3c ki\\u1ec3m tra ch\\u1ea5t l\\u01b0\\u1ee3ng nghi\\u00eam ng\\u1eb7t tr\\u01b0\\u1edbc khi \\u0111\\u1ebfn tay kh\\u00e1ch h\\u00e0ng.\"}',3,2,17,2,1,'2025-10-02 01:33:05','2025-10-02 01:33:05',NULL),(50,'{\"en\":\"et et\",\"vi\":\"K\\u00ednh m\\u00e1t sang tr\\u1ecdng\"}','{\"en\":\"Neque repellat qui est rem eligendi. Itaque sint magnam dolores omnis tempora. Sed aut ad dolorem sit blanditiis ipsum. Aut maxime ipsam veritatis quis.\",\"vi\":\"S\\u1ea3n ph\\u1ea9m \\u0111\\u01b0\\u1ee3c ki\\u1ec3m tra ch\\u1ea5t l\\u01b0\\u1ee3ng nghi\\u00eam ng\\u1eb7t tr\\u01b0\\u1edbc khi \\u0111\\u1ebfn tay kh\\u00e1ch h\\u00e0ng.\"}',20,22,11,1,1,'2025-10-02 01:33:05','2025-10-02 01:33:05',NULL),(51,'{\"en\":\"consequatur neque\",\"vi\":\"\\u00c1o kho\\u00e1c sang tr\\u1ecdng\"}','{\"en\":\"Odit vel saepe vel consectetur id. Accusamus ut vel sit nemo qui et.\",\"vi\":\"\\u0110\\u01b0\\u1ee3c l\\u00e0m t\\u1eeb ch\\u1ea5t li\\u1ec7u cao c\\u1ea5p, \\u0111\\u1ea3m b\\u1ea3o \\u0111\\u1ed9 b\\u1ec1n v\\u00e0 t\\u00ednh th\\u1ea9m m\\u1ef9.\"}',22,18,9,3,1,'2025-10-02 01:33:05','2025-10-02 01:33:05',NULL),(52,'{\"en\":\"dolores aut\",\"vi\":\"T\\u00fai x\\u00e1ch th\\u1eddi trang\"}','{\"en\":\"Nobis aut fugiat laudantium fugiat doloremque qui. Non officia officiis iste veniam. Non nulla et quaerat voluptatibus sed vel sed.\",\"vi\":\"Ph\\u00f9 h\\u1ee3p cho m\\u1ecdi l\\u1ee9a tu\\u1ed5i, mang l\\u1ea1i s\\u1ef1 tho\\u1ea3i m\\u00e1i v\\u00e0 phong c\\u00e1ch.\"}',2,13,2,3,1,'2025-10-02 01:33:05','2025-10-02 01:33:05',NULL),(53,'{\"en\":\"animi eius\",\"vi\":\"\\u00c1o s\\u01a1 mi sang tr\\u1ecdng\"}','{\"en\":\"Enim accusamus porro quasi placeat nam voluptatibus et voluptas. Sit iusto officia voluptatem culpa in mollitia. Voluptas provident ea error qui.\",\"vi\":\"\\u0110\\u01b0\\u1ee3c l\\u00e0m t\\u1eeb ch\\u1ea5t li\\u1ec7u cao c\\u1ea5p, \\u0111\\u1ea3m b\\u1ea3o \\u0111\\u1ed9 b\\u1ec1n v\\u00e0 t\\u00ednh th\\u1ea9m m\\u1ef9.\"}',12,13,15,1,1,'2025-10-02 01:33:05','2025-10-02 01:33:05',NULL),(54,'{\"en\":\"nostrum optio\",\"vi\":\"\\u00c1o s\\u01a1 mi cao c\\u1ea5p\"}','{\"en\":\"Aperiam harum ut magnam veritatis ex totam. Maiores nihil dolorum ab in unde placeat. Molestias est quidem laudantium commodi et.\",\"vi\":\"S\\u1ea3n ph\\u1ea9m \\u0111\\u01b0\\u1ee3c ki\\u1ec3m tra ch\\u1ea5t l\\u01b0\\u1ee3ng nghi\\u00eam ng\\u1eb7t tr\\u01b0\\u1edbc khi \\u0111\\u1ebfn tay kh\\u00e1ch h\\u00e0ng.\"}',19,13,14,2,1,'2025-10-02 01:33:05','2025-10-02 01:33:05',NULL),(55,'{\"en\":\"nihil dolores\",\"vi\":\"Qu\\u1ea7n jeans hi\\u1ec7n \\u0111\\u1ea1i\"}','{\"en\":\"Rem delectus ab corporis rerum tempore est. Aut et incidunt molestias sunt veritatis nesciunt. Enim laborum illum sint doloremque.\",\"vi\":\"S\\u1ea3n ph\\u1ea9m ch\\u1ea5t l\\u01b0\\u1ee3ng cao, \\u0111\\u01b0\\u1ee3c thi\\u1ebft k\\u1ebf v\\u1edbi phong c\\u00e1ch hi\\u1ec7n \\u0111\\u1ea1i v\\u00e0 ti\\u1ec7n d\\u1ee5ng.\"}',10,20,19,2,1,'2025-10-02 01:33:05','2025-10-02 01:33:05',NULL),(56,'{\"en\":\"veniam hic\",\"vi\":\"Balo th\\u1eddi trang\"}','{\"en\":\"Dolor nam possimus pariatur libero expedita deserunt. Reiciendis culpa eligendi aut assumenda aperiam. Quibusdam est voluptate quidem et omnis provident quis. Quam nihil aut voluptatem rerum cum quo et.\",\"vi\":\"Ph\\u00f9 h\\u1ee3p cho m\\u1ecdi l\\u1ee9a tu\\u1ed5i, mang l\\u1ea1i s\\u1ef1 tho\\u1ea3i m\\u00e1i v\\u00e0 phong c\\u00e1ch.\"}',12,11,7,2,1,'2025-10-02 01:33:05','2025-10-02 01:33:05',NULL),(57,'{\"en\":\"consequatur rem\",\"vi\":\"M\\u00e1y t\\u00ednh ch\\u1ea5t l\\u01b0\\u1ee3ng\"}','{\"en\":\"Illum placeat minima qui quo animi consequatur. Iste accusantium sed quam qui aliquam quis. Iste qui deleniti suscipit ab cum sint. Necessitatibus quae omnis beatae laborum rerum.\",\"vi\":\"S\\u1ea3n ph\\u1ea9m ch\\u1ea5t l\\u01b0\\u1ee3ng cao, \\u0111\\u01b0\\u1ee3c thi\\u1ebft k\\u1ebf v\\u1edbi phong c\\u00e1ch hi\\u1ec7n \\u0111\\u1ea1i v\\u00e0 ti\\u1ec7n d\\u1ee5ng.\"}',6,5,2,3,1,'2025-10-02 01:33:05','2025-10-02 01:33:05',NULL),(58,'{\"en\":\"non qui\",\"vi\":\"Gi\\u00e0y th\\u1ec3 thao th\\u1eddi trang\"}','{\"en\":\"Voluptatum voluptatem laboriosam omnis consequuntur qui illo molestiae quia. Pariatur impedit non ducimus voluptas. Et sed eum vel accusantium natus.\",\"vi\":\"Thi\\u1ebft k\\u1ebf \\u0111\\u1ed9c \\u0111\\u00e1o, m\\u00e0u s\\u1eafc \\u0111a d\\u1ea1ng, ph\\u00f9 h\\u1ee3p v\\u1edbi xu h\\u01b0\\u1edbng th\\u1eddi trang.\"}',4,14,18,3,1,'2025-10-02 01:33:05','2025-10-02 01:33:05',NULL),(59,'{\"en\":\"enim reprehenderit\",\"vi\":\"V\\u00ed da cao c\\u1ea5p\"}','{\"en\":\"Sequi aut sint quo. Quaerat quidem eos aperiam a. Sapiente voluptas libero odit voluptas et ut ea. Repudiandae possimus et voluptatem et ipsum qui sed. Atque consequatur ea voluptas expedita eos numquam.\",\"vi\":\"\\u0110\\u01b0\\u1ee3c l\\u00e0m t\\u1eeb ch\\u1ea5t li\\u1ec7u cao c\\u1ea5p, \\u0111\\u1ea3m b\\u1ea3o \\u0111\\u1ed9 b\\u1ec1n v\\u00e0 t\\u00ednh th\\u1ea9m m\\u1ef9.\"}',14,8,14,3,1,'2025-10-02 01:33:05','2025-10-02 01:33:05',NULL),(60,'{\"en\":\"adipisci ratione\",\"vi\":\"V\\u00ed da ti\\u1ec7n d\\u1ee5ng\"}','{\"en\":\"Non eum dolor laudantium est. Inventore maxime placeat corrupti illo. Libero et iusto est ab eligendi vero. Mollitia tempore velit nam velit deleniti cum.\",\"vi\":\"Ph\\u00f9 h\\u1ee3p cho m\\u1ecdi l\\u1ee9a tu\\u1ed5i, mang l\\u1ea1i s\\u1ef1 tho\\u1ea3i m\\u00e1i v\\u00e0 phong c\\u00e1ch.\"}',5,2,10,1,1,'2025-10-02 01:33:05','2025-10-02 01:33:05',NULL),(61,'{\"en\":\"non omnis\",\"vi\":\"Tai nghe th\\u1eddi trang\"}','{\"en\":\"Omnis molestiae minus id sit nostrum. Pariatur voluptatem autem tenetur ut natus similique officiis. Qui molestias fugiat eaque et nam et at dicta.\",\"vi\":\"\\u0110\\u01b0\\u1ee3c l\\u00e0m t\\u1eeb ch\\u1ea5t li\\u1ec7u cao c\\u1ea5p, \\u0111\\u1ea3m b\\u1ea3o \\u0111\\u1ed9 b\\u1ec1n v\\u00e0 t\\u00ednh th\\u1ea9m m\\u1ef9.\"}',3,7,21,2,1,'2025-10-02 01:33:05','2025-10-02 01:33:05',NULL),(62,'{\"en\":\"et distinctio\",\"vi\":\"K\\u00ednh m\\u00e1t th\\u1eddi trang\"}','{\"en\":\"Quis sed explicabo et molestiae dolore saepe. Corrupti at rem necessitatibus earum. Qui temporibus ipsam voluptatem quaerat placeat dolorem ut distinctio. Aperiam maiores praesentium veniam dolor ut illum excepturi.\",\"vi\":\"S\\u1ea3n ph\\u1ea9m \\u0111\\u01b0\\u1ee3c ki\\u1ec3m tra ch\\u1ea5t l\\u01b0\\u1ee3ng nghi\\u00eam ng\\u1eb7t tr\\u01b0\\u1edbc khi \\u0111\\u1ebfn tay kh\\u00e1ch h\\u00e0ng.\"}',12,18,17,1,1,'2025-10-02 01:33:05','2025-10-02 01:33:05',NULL),(63,'{\"en\":\"minus aperiam\",\"vi\":\"\\u00c1o kho\\u00e1c th\\u1eddi trang\"}','{\"en\":\"Voluptas veritatis quasi officia et. Dolores minima ut non velit. Minus quasi ipsum reiciendis dolorum.\",\"vi\":\"S\\u1ea3n ph\\u1ea9m \\u0111\\u01b0\\u1ee3c ki\\u1ec3m tra ch\\u1ea5t l\\u01b0\\u1ee3ng nghi\\u00eam ng\\u1eb7t tr\\u01b0\\u1edbc khi \\u0111\\u1ebfn tay kh\\u00e1ch h\\u00e0ng.\"}',21,11,8,1,1,'2025-10-02 01:33:05','2025-10-02 01:33:05',NULL),(64,'{\"en\":\"dignissimos placeat\",\"vi\":\"Gi\\u00e0y th\\u1ec3 thao ch\\u1ea5t l\\u01b0\\u1ee3ng\"}','{\"en\":\"Qui placeat velit sed harum possimus. Id error excepturi perferendis atque ut rerum. Tempora cum adipisci repellat sint eaque id.\",\"vi\":\"Thi\\u1ebft k\\u1ebf \\u0111\\u1ed9c \\u0111\\u00e1o, m\\u00e0u s\\u1eafc \\u0111a d\\u1ea1ng, ph\\u00f9 h\\u1ee3p v\\u1edbi xu h\\u01b0\\u1edbng th\\u1eddi trang.\"}',8,15,15,2,1,'2025-10-02 01:33:05','2025-10-02 01:33:05',NULL),(65,'{\"en\":\"non consequatur\",\"vi\":\"V\\u00ed da hi\\u1ec7n \\u0111\\u1ea1i\"}','{\"en\":\"Eveniet repellendus earum consequatur qui voluptatem consequatur voluptas. Distinctio sapiente rem illo dolores. Voluptas est vel iure modi. Dolorem ut debitis repudiandae ut voluptatem modi. Inventore similique at minus aut.\",\"vi\":\"\\u0110\\u01b0\\u1ee3c l\\u00e0m t\\u1eeb ch\\u1ea5t li\\u1ec7u cao c\\u1ea5p, \\u0111\\u1ea3m b\\u1ea3o \\u0111\\u1ed9 b\\u1ec1n v\\u00e0 t\\u00ednh th\\u1ea9m m\\u1ef9.\"}',8,16,19,1,1,'2025-10-02 01:33:05','2025-10-02 01:33:05',NULL),(66,'{\"en\":\"sint doloremque\",\"vi\":\"Tai nghe ch\\u1ea5t l\\u01b0\\u1ee3ng\"}','{\"en\":\"Accusamus aliquid non quis distinctio velit vel. Dolor quasi beatae voluptatem voluptas. Iste nobis quis nisi laudantium quos sint est.\",\"vi\":\"S\\u1ea3n ph\\u1ea9m \\u0111\\u01b0\\u1ee3c ki\\u1ec3m tra ch\\u1ea5t l\\u01b0\\u1ee3ng nghi\\u00eam ng\\u1eb7t tr\\u01b0\\u1edbc khi \\u0111\\u1ebfn tay kh\\u00e1ch h\\u00e0ng.\"}',16,17,11,3,1,'2025-10-02 01:33:05','2025-10-02 01:33:05',NULL),(67,'{\"en\":\"ratione similique\",\"vi\":\"V\\u00e1y \\u0111\\u1ea7m hi\\u1ec7n \\u0111\\u1ea1i\"}','{\"en\":\"Nobis sit commodi quidem beatae qui ea et. Et animi est magni maxime ex rerum. Ab nihil sapiente delectus esse quasi. Molestiae est non libero quis nam laudantium maiores.\",\"vi\":\"Ph\\u00f9 h\\u1ee3p cho m\\u1ecdi l\\u1ee9a tu\\u1ed5i, mang l\\u1ea1i s\\u1ef1 tho\\u1ea3i m\\u00e1i v\\u00e0 phong c\\u00e1ch.\"}',2,8,19,3,1,'2025-10-02 01:33:05','2025-10-02 01:33:05',NULL),(68,'{\"en\":\"magni soluta\",\"vi\":\"V\\u00e1y \\u0111\\u1ea7m ch\\u1ea5t l\\u01b0\\u1ee3ng\"}','{\"en\":\"Odit et rerum magni suscipit possimus. Numquam facilis autem enim. Mollitia rerum praesentium est aliquid.\",\"vi\":\"Ph\\u00f9 h\\u1ee3p cho m\\u1ecdi l\\u1ee9a tu\\u1ed5i, mang l\\u1ea1i s\\u1ef1 tho\\u1ea3i m\\u00e1i v\\u00e0 phong c\\u00e1ch.\"}',27,19,21,2,1,'2025-10-02 01:33:05','2025-10-02 01:33:05',NULL),(69,'{\"en\":\"et et\",\"vi\":\"M\\u00e1y t\\u00ednh ti\\u1ec7n d\\u1ee5ng\"}','{\"en\":\"Et quasi eius qui dignissimos voluptate aut. Itaque unde explicabo dicta. Dolores sint cumque velit et quia. Eum qui quasi omnis iusto velit non.\",\"vi\":\"S\\u1ea3n ph\\u1ea9m ch\\u1ea5t l\\u01b0\\u1ee3ng cao, \\u0111\\u01b0\\u1ee3c thi\\u1ebft k\\u1ebf v\\u1edbi phong c\\u00e1ch hi\\u1ec7n \\u0111\\u1ea1i v\\u00e0 ti\\u1ec7n d\\u1ee5ng.\"}',5,12,21,1,1,'2025-10-02 01:33:05','2025-10-02 01:33:05',NULL),(70,'{\"en\":\"voluptates est\",\"vi\":\"Tai nghe sang tr\\u1ecdng\"}','{\"en\":\"Sed fugit dolorem praesentium cum necessitatibus repellat ut. Nostrum cupiditate doloribus molestiae exercitationem at. Debitis repudiandae ullam officiis tempore ut.\",\"vi\":\"Ph\\u00f9 h\\u1ee3p cho m\\u1ecdi l\\u1ee9a tu\\u1ed5i, mang l\\u1ea1i s\\u1ef1 tho\\u1ea3i m\\u00e1i v\\u00e0 phong c\\u00e1ch.\"}',11,4,5,1,1,'2025-10-02 01:33:05','2025-10-02 01:33:05',NULL),(71,'{\"en\":\"facilis hic\",\"vi\":\"Balo ch\\u1ea5t l\\u01b0\\u1ee3ng\"}','{\"en\":\"Et placeat vel repellendus tempora reiciendis non iure eligendi. Nihil harum qui quod autem. Magni deleniti debitis dolor et sed laboriosam. Ab ducimus non aliquid omnis et laborum inventore.\",\"vi\":\"S\\u1ea3n ph\\u1ea9m \\u0111\\u01b0\\u1ee3c ki\\u1ec3m tra ch\\u1ea5t l\\u01b0\\u1ee3ng nghi\\u00eam ng\\u1eb7t tr\\u01b0\\u1edbc khi \\u0111\\u1ebfn tay kh\\u00e1ch h\\u00e0ng.\"}',15,11,10,3,1,'2025-10-02 01:33:05','2025-10-02 01:33:05',NULL),(72,'{\"en\":\"neque similique\",\"vi\":\"Gi\\u00e0y th\\u1ec3 thao ch\\u1ea5t l\\u01b0\\u1ee3ng\"}','{\"en\":\"Ut odio dicta enim molestiae numquam itaque consequatur rem. Cumque sed consequatur aut sunt delectus totam.\",\"vi\":\"\\u0110\\u01b0\\u1ee3c l\\u00e0m t\\u1eeb ch\\u1ea5t li\\u1ec7u cao c\\u1ea5p, \\u0111\\u1ea3m b\\u1ea3o \\u0111\\u1ed9 b\\u1ec1n v\\u00e0 t\\u00ednh th\\u1ea9m m\\u1ef9.\"}',21,8,21,1,1,'2025-10-02 01:33:05','2025-10-02 01:33:05',NULL),(73,'{\"en\":\"assumenda ut\",\"vi\":\"Gi\\u00e0y boot sang tr\\u1ecdng\"}','{\"en\":\"Ut consectetur et autem nulla molestias. Soluta maxime veritatis ex. Beatae qui maiores odit consequatur.\",\"vi\":\"\\u0110\\u01b0\\u1ee3c l\\u00e0m t\\u1eeb ch\\u1ea5t li\\u1ec7u cao c\\u1ea5p, \\u0111\\u1ea3m b\\u1ea3o \\u0111\\u1ed9 b\\u1ec1n v\\u00e0 t\\u00ednh th\\u1ea9m m\\u1ef9.\"}',9,18,12,3,1,'2025-10-02 01:33:05','2025-10-02 01:33:05',NULL),(74,'{\"en\":\"qui expedita\",\"vi\":\"Balo sang tr\\u1ecdng\"}','{\"en\":\"Praesentium alias nihil iusto ut eveniet. Iure qui ea enim. Voluptatem eos aut velit soluta quae. Impedit ut nihil et blanditiis earum illum.\",\"vi\":\"\\u0110\\u01b0\\u1ee3c l\\u00e0m t\\u1eeb ch\\u1ea5t li\\u1ec7u cao c\\u1ea5p, \\u0111\\u1ea3m b\\u1ea3o \\u0111\\u1ed9 b\\u1ec1n v\\u00e0 t\\u00ednh th\\u1ea9m m\\u1ef9.\"}',4,3,8,1,1,'2025-10-02 01:33:05','2025-10-02 01:33:05',NULL),(75,'{\"en\":\"nemo eveniet\",\"vi\":\"V\\u00ed da cao c\\u1ea5p\"}','{\"en\":\"Nihil aliquid aut ut aut veniam quia. Dolores inventore tenetur aut quis perspiciatis atque rem. Libero dolorum aliquid placeat et consequatur sed at. Odit ipsum ducimus consequatur non voluptate. Qui dolorem est ea at temporibus perspiciatis fuga.\",\"vi\":\"Thi\\u1ebft k\\u1ebf \\u0111\\u1ed9c \\u0111\\u00e1o, m\\u00e0u s\\u1eafc \\u0111a d\\u1ea1ng, ph\\u00f9 h\\u1ee3p v\\u1edbi xu h\\u01b0\\u1edbng th\\u1eddi trang.\"}',3,4,17,1,1,'2025-10-02 01:33:05','2025-10-02 01:33:05',NULL),(76,'{\"en\":\"quas in\",\"vi\":\"M\\u00e1y t\\u00ednh hi\\u1ec7n \\u0111\\u1ea1i\"}','{\"en\":\"Qui id earum ut recusandae in neque et nihil. Autem perspiciatis ad consequatur dolor eius aut accusantium. Eum itaque numquam eum qui illum et veniam. Expedita quo perspiciatis sapiente possimus.\",\"vi\":\"Thi\\u1ebft k\\u1ebf \\u0111\\u1ed9c \\u0111\\u00e1o, m\\u00e0u s\\u1eafc \\u0111a d\\u1ea1ng, ph\\u00f9 h\\u1ee3p v\\u1edbi xu h\\u01b0\\u1edbng th\\u1eddi trang.\"}',17,4,20,1,1,'2025-10-02 01:33:05','2025-10-02 01:33:05',NULL),(77,'{\"en\":\"consequuntur in\",\"vi\":\"T\\u00fai x\\u00e1ch sang tr\\u1ecdng\"}','{\"en\":\"Delectus sapiente labore quisquam. Sunt natus rerum quia nostrum. Sequi omnis nihil dolores ab ab tempora impedit ut. Reiciendis quis voluptas quis debitis quia id sit.\",\"vi\":\"\\u0110\\u01b0\\u1ee3c l\\u00e0m t\\u1eeb ch\\u1ea5t li\\u1ec7u cao c\\u1ea5p, \\u0111\\u1ea3m b\\u1ea3o \\u0111\\u1ed9 b\\u1ec1n v\\u00e0 t\\u00ednh th\\u1ea9m m\\u1ef9.\"}',4,20,2,1,1,'2025-10-02 01:33:05','2025-10-02 01:33:05',NULL),(78,'{\"en\":\"maxime architecto\",\"vi\":\"\\u00c1o s\\u01a1 mi sang tr\\u1ecdng\"}','{\"en\":\"Et eligendi minima ut sint qui qui reiciendis. Ipsum consectetur vel corrupti voluptatem enim eum. Accusamus explicabo ullam voluptates qui labore illo autem. Voluptatum qui dolorem vero aliquam id accusantium eaque.\",\"vi\":\"Ph\\u00f9 h\\u1ee3p cho m\\u1ecdi l\\u1ee9a tu\\u1ed5i, mang l\\u1ea1i s\\u1ef1 tho\\u1ea3i m\\u00e1i v\\u00e0 phong c\\u00e1ch.\"}',9,17,4,1,1,'2025-10-02 01:33:05','2025-10-02 01:33:05',NULL),(79,'{\"en\":\"ullam eius\",\"vi\":\"Balo ti\\u1ec7n d\\u1ee5ng\"}','{\"en\":\"Aperiam non velit placeat aut sit adipisci. Nemo ut officiis eum dolor et. Magnam assumenda nesciunt et. Aspernatur consequatur qui itaque quasi sunt voluptate.\",\"vi\":\"S\\u1ea3n ph\\u1ea9m \\u0111\\u01b0\\u1ee3c ki\\u1ec3m tra ch\\u1ea5t l\\u01b0\\u1ee3ng nghi\\u00eam ng\\u1eb7t tr\\u01b0\\u1edbc khi \\u0111\\u1ebfn tay kh\\u00e1ch h\\u00e0ng.\"}',27,3,6,3,1,'2025-10-02 01:33:05','2025-10-02 01:33:05',NULL),(80,'{\"en\":\"non adipisci\",\"vi\":\"\\u00c1o len ti\\u1ec7n d\\u1ee5ng\"}','{\"en\":\"Blanditiis qui repellat repellat rerum. Omnis ea ea pariatur nihil.\",\"vi\":\"S\\u1ea3n ph\\u1ea9m ch\\u1ea5t l\\u01b0\\u1ee3ng cao, \\u0111\\u01b0\\u1ee3c thi\\u1ebft k\\u1ebf v\\u1edbi phong c\\u00e1ch hi\\u1ec7n \\u0111\\u1ea1i v\\u00e0 ti\\u1ec7n d\\u1ee5ng.\"}',2,18,6,1,1,'2025-10-02 01:33:05','2025-10-02 01:33:05',NULL),(81,'{\"en\":\"temporibus ut\",\"vi\":\"\\u0110i\\u1ec7n tho\\u1ea1i hi\\u1ec7n \\u0111\\u1ea1i\"}','{\"en\":\"Et aut ut voluptatem. Vel ut voluptates mollitia velit quibusdam fugiat.\",\"vi\":\"Thi\\u1ebft k\\u1ebf \\u0111\\u1ed9c \\u0111\\u00e1o, m\\u00e0u s\\u1eafc \\u0111a d\\u1ea1ng, ph\\u00f9 h\\u1ee3p v\\u1edbi xu h\\u01b0\\u1edbng th\\u1eddi trang.\"}',20,9,18,2,1,'2025-10-02 01:33:05','2025-10-02 01:33:05',NULL),(82,'{\"en\":\"error excepturi\",\"vi\":\"M\\u00e1y t\\u00ednh th\\u1eddi trang\"}','{\"en\":\"Accusamus asperiores consequuntur pariatur consequuntur sit perferendis harum labore. Aut libero nihil sunt blanditiis et illum nulla. Officia atque aut autem molestiae. Et vel consequatur qui aut voluptatibus.\",\"vi\":\"Thi\\u1ebft k\\u1ebf \\u0111\\u1ed9c \\u0111\\u00e1o, m\\u00e0u s\\u1eafc \\u0111a d\\u1ea1ng, ph\\u00f9 h\\u1ee3p v\\u1edbi xu h\\u01b0\\u1edbng th\\u1eddi trang.\"}',9,8,10,2,1,'2025-10-02 01:33:05','2025-10-02 01:33:05',NULL),(83,'{\"en\":\"omnis deserunt\",\"vi\":\"T\\u00fai x\\u00e1ch ch\\u1ea5t l\\u01b0\\u1ee3ng\"}','{\"en\":\"Autem illum quo fuga enim perferendis cupiditate. Sapiente sint sit quidem beatae. Tempore eligendi quae incidunt nihil quae quia.\",\"vi\":\"Thi\\u1ebft k\\u1ebf \\u0111\\u1ed9c \\u0111\\u00e1o, m\\u00e0u s\\u1eafc \\u0111a d\\u1ea1ng, ph\\u00f9 h\\u1ee3p v\\u1edbi xu h\\u01b0\\u1edbng th\\u1eddi trang.\"}',4,12,12,3,1,'2025-10-02 01:33:05','2025-10-02 01:33:05',NULL),(84,'{\"en\":\"quis quidem\",\"vi\":\"\\u00c1o kho\\u00e1c cao c\\u1ea5p\"}','{\"en\":\"Aut magni suscipit voluptates et explicabo ut dolor. Blanditiis aut sint consequatur. Quaerat totam exercitationem quos. Enim est assumenda nihil molestiae eaque. Harum illo illo ut fuga.\",\"vi\":\"Thi\\u1ebft k\\u1ebf \\u0111\\u1ed9c \\u0111\\u00e1o, m\\u00e0u s\\u1eafc \\u0111a d\\u1ea1ng, ph\\u00f9 h\\u1ee3p v\\u1edbi xu h\\u01b0\\u1edbng th\\u1eddi trang.\"}',21,4,16,2,1,'2025-10-02 01:33:05','2025-10-02 01:33:05',NULL),(85,'{\"en\":\"sit in\",\"vi\":\"Gi\\u00e0y th\\u1ec3 thao hi\\u1ec7n \\u0111\\u1ea1i\"}','{\"en\":\"Possimus quam adipisci itaque odit. Et suscipit a voluptas dolorum id et. Ad id eum nihil molestiae vel itaque eos.\",\"vi\":\"\\u0110\\u01b0\\u1ee3c l\\u00e0m t\\u1eeb ch\\u1ea5t li\\u1ec7u cao c\\u1ea5p, \\u0111\\u1ea3m b\\u1ea3o \\u0111\\u1ed9 b\\u1ec1n v\\u00e0 t\\u00ednh th\\u1ea9m m\\u1ef9.\"}',5,16,19,2,1,'2025-10-02 01:33:05','2025-10-02 01:33:05',NULL),(86,'{\"en\":\"nobis aut\",\"vi\":\"\\u00c1o len sang tr\\u1ecdng\"}','{\"en\":\"Voluptatem voluptates deserunt ab perspiciatis eaque. Facere maxime tempora autem sint rerum. Placeat nulla assumenda omnis sit est tempora.\",\"vi\":\"Ph\\u00f9 h\\u1ee3p cho m\\u1ecdi l\\u1ee9a tu\\u1ed5i, mang l\\u1ea1i s\\u1ef1 tho\\u1ea3i m\\u00e1i v\\u00e0 phong c\\u00e1ch.\"}',9,18,17,1,1,'2025-10-02 01:33:05','2025-10-02 01:33:05',NULL),(87,'{\"en\":\"non laudantium\",\"vi\":\"\\u0110i\\u1ec7n tho\\u1ea1i ch\\u1ea5t l\\u01b0\\u1ee3ng\"}','{\"en\":\"Omnis molestiae ullam deleniti doloribus cumque. Et quasi quasi consectetur officia ad maiores sequi. Consequatur odit sit nisi labore ea et repudiandae. Vero perspiciatis aliquid repellat perferendis rerum. Iste ratione sunt aut cupiditate assumenda dignissimos suscipit.\",\"vi\":\"S\\u1ea3n ph\\u1ea9m \\u0111\\u01b0\\u1ee3c ki\\u1ec3m tra ch\\u1ea5t l\\u01b0\\u1ee3ng nghi\\u00eam ng\\u1eb7t tr\\u01b0\\u1edbc khi \\u0111\\u1ebfn tay kh\\u00e1ch h\\u00e0ng.\"}',2,22,13,1,1,'2025-10-02 01:33:05','2025-10-02 01:33:05',NULL),(88,'{\"en\":\"et debitis\",\"vi\":\"Gi\\u00e0y boot cao c\\u1ea5p\"}','{\"en\":\"Ut ex excepturi qui facilis ut recusandae veniam. Aliquam laborum eveniet eos consequatur occaecati qui temporibus. Inventore qui voluptatum alias dolorem. Vel est est et dolor itaque sed doloribus et.\",\"vi\":\"Thi\\u1ebft k\\u1ebf \\u0111\\u1ed9c \\u0111\\u00e1o, m\\u00e0u s\\u1eafc \\u0111a d\\u1ea1ng, ph\\u00f9 h\\u1ee3p v\\u1edbi xu h\\u01b0\\u1edbng th\\u1eddi trang.\"}',17,18,6,3,1,'2025-10-02 01:33:05','2025-10-02 01:33:05',NULL),(89,'{\"en\":\"accusamus ullam\",\"vi\":\"M\\u00e1y t\\u00ednh th\\u1eddi trang\"}','{\"en\":\"Error reprehenderit aut fuga accusamus. Inventore libero voluptas laudantium illum. Sit nobis dolore voluptatem qui nemo.\",\"vi\":\"S\\u1ea3n ph\\u1ea9m \\u0111\\u01b0\\u1ee3c ki\\u1ec3m tra ch\\u1ea5t l\\u01b0\\u1ee3ng nghi\\u00eam ng\\u1eb7t tr\\u01b0\\u1edbc khi \\u0111\\u1ebfn tay kh\\u00e1ch h\\u00e0ng.\"}',12,21,10,1,1,'2025-10-02 01:33:05','2025-10-02 01:33:05',NULL),(90,'{\"en\":\"molestias eveniet\",\"vi\":\"Tai nghe ch\\u1ea5t l\\u01b0\\u1ee3ng\"}','{\"en\":\"Sunt delectus iusto voluptas sapiente qui quisquam dignissimos. Omnis libero corrupti facilis consequatur. Unde error enim nobis at laudantium dolore quis officia. Aut voluptas ut sed unde unde non sint.\",\"vi\":\"S\\u1ea3n ph\\u1ea9m \\u0111\\u01b0\\u1ee3c ki\\u1ec3m tra ch\\u1ea5t l\\u01b0\\u1ee3ng nghi\\u00eam ng\\u1eb7t tr\\u01b0\\u1edbc khi \\u0111\\u1ebfn tay kh\\u00e1ch h\\u00e0ng.\"}',10,20,19,3,1,'2025-10-02 01:33:05','2025-10-02 01:33:05',NULL),(91,'{\"en\":\"excepturi nulla\",\"vi\":\"T\\u00fai x\\u00e1ch hi\\u1ec7n \\u0111\\u1ea1i\"}','{\"en\":\"Neque dolores explicabo odio repudiandae qui non. Vel est hic ut magni odio. Est dolorem ut voluptatum dolorem ipsum architecto.\",\"vi\":\"Ph\\u00f9 h\\u1ee3p cho m\\u1ecdi l\\u1ee9a tu\\u1ed5i, mang l\\u1ea1i s\\u1ef1 tho\\u1ea3i m\\u00e1i v\\u00e0 phong c\\u00e1ch.\"}',27,7,8,3,1,'2025-10-02 01:33:05','2025-10-02 01:33:05',NULL),(92,'{\"en\":\"saepe ut\",\"vi\":\"Gi\\u00e0y boot hi\\u1ec7n \\u0111\\u1ea1i\"}','{\"en\":\"Eum quos vero maxime voluptatibus dolores aliquid quo officia. Quia recusandae cumque nesciunt dolorem et qui eveniet. Est nihil ut similique quod sunt in.\",\"vi\":\"S\\u1ea3n ph\\u1ea9m ch\\u1ea5t l\\u01b0\\u1ee3ng cao, \\u0111\\u01b0\\u1ee3c thi\\u1ebft k\\u1ebf v\\u1edbi phong c\\u00e1ch hi\\u1ec7n \\u0111\\u1ea1i v\\u00e0 ti\\u1ec7n d\\u1ee5ng.\"}',27,21,19,2,1,'2025-10-02 01:33:05','2025-10-02 01:33:05',NULL),(93,'{\"en\":\"soluta corrupti\",\"vi\":\"V\\u00ed da cao c\\u1ea5p\"}','{\"en\":\"Laboriosam qui iusto minus est. Consequatur vel molestiae atque dolores beatae aut laudantium ipsa. Et dicta omnis et commodi est ex dicta. Consequuntur perferendis cum rem.\",\"vi\":\"S\\u1ea3n ph\\u1ea9m \\u0111\\u01b0\\u1ee3c ki\\u1ec3m tra ch\\u1ea5t l\\u01b0\\u1ee3ng nghi\\u00eam ng\\u1eb7t tr\\u01b0\\u1edbc khi \\u0111\\u1ebfn tay kh\\u00e1ch h\\u00e0ng.\"}',14,17,13,1,1,'2025-10-02 01:33:05','2025-10-02 01:33:05',NULL),(94,'{\"en\":\"ipsum non\",\"vi\":\"Gi\\u00e0y boot hi\\u1ec7n \\u0111\\u1ea1i\"}','{\"en\":\"Atque repudiandae autem cumque minima reprehenderit vitae a incidunt. Impedit modi repellendus rerum architecto. At optio et dicta temporibus sit eius.\",\"vi\":\"Thi\\u1ebft k\\u1ebf \\u0111\\u1ed9c \\u0111\\u00e1o, m\\u00e0u s\\u1eafc \\u0111a d\\u1ea1ng, ph\\u00f9 h\\u1ee3p v\\u1edbi xu h\\u01b0\\u1edbng th\\u1eddi trang.\"}',25,21,20,2,1,'2025-10-02 01:33:05','2025-10-02 01:33:05',NULL),(95,'{\"en\":\"quia ab\",\"vi\":\"Tai nghe cao c\\u1ea5p\"}','{\"en\":\"Ut quos amet quae delectus voluptas. Aut aut et est autem corporis. Neque labore minima iusto laboriosam explicabo non quo.\",\"vi\":\"\\u0110\\u01b0\\u1ee3c l\\u00e0m t\\u1eeb ch\\u1ea5t li\\u1ec7u cao c\\u1ea5p, \\u0111\\u1ea3m b\\u1ea3o \\u0111\\u1ed9 b\\u1ec1n v\\u00e0 t\\u00ednh th\\u1ea9m m\\u1ef9.\"}',26,20,20,2,1,'2025-10-02 01:33:05','2025-10-02 01:33:05',NULL),(96,'{\"en\":\"quos dicta\",\"vi\":\"\\u00c1o kho\\u00e1c cao c\\u1ea5p\"}','{\"en\":\"Ut rerum magnam non quisquam. Molestiae qui natus id vitae quam et. Odio debitis a quia asperiores.\",\"vi\":\"S\\u1ea3n ph\\u1ea9m ch\\u1ea5t l\\u01b0\\u1ee3ng cao, \\u0111\\u01b0\\u1ee3c thi\\u1ebft k\\u1ebf v\\u1edbi phong c\\u00e1ch hi\\u1ec7n \\u0111\\u1ea1i v\\u00e0 ti\\u1ec7n d\\u1ee5ng.\"}',25,14,20,3,1,'2025-10-02 01:33:05','2025-10-02 01:33:05',NULL),(97,'{\"en\":\"voluptatum sint\",\"vi\":\"V\\u00ed da hi\\u1ec7n \\u0111\\u1ea1i\"}','{\"en\":\"Architecto numquam aut voluptas consequatur expedita. Aut tempora aliquam architecto et mollitia dolorem saepe. Sed quidem molestiae exercitationem hic dicta.\",\"vi\":\"Ph\\u00f9 h\\u1ee3p cho m\\u1ecdi l\\u1ee9a tu\\u1ed5i, mang l\\u1ea1i s\\u1ef1 tho\\u1ea3i m\\u00e1i v\\u00e0 phong c\\u00e1ch.\"}',4,19,16,1,1,'2025-10-02 01:33:05','2025-10-02 01:33:05',NULL),(98,'{\"en\":\"officia quia\",\"vi\":\"M\\u00e1y t\\u00ednh hi\\u1ec7n \\u0111\\u1ea1i\"}','{\"en\":\"Blanditiis mollitia possimus facilis saepe. Doloremque praesentium aut sapiente iure. Amet eos iste est veritatis nihil nihil.\",\"vi\":\"Thi\\u1ebft k\\u1ebf \\u0111\\u1ed9c \\u0111\\u00e1o, m\\u00e0u s\\u1eafc \\u0111a d\\u1ea1ng, ph\\u00f9 h\\u1ee3p v\\u1edbi xu h\\u01b0\\u1edbng th\\u1eddi trang.\"}',14,19,15,3,1,'2025-10-02 01:33:05','2025-10-02 01:33:05',NULL),(99,'{\"en\":\"fugiat veritatis\",\"vi\":\"\\u00c1o s\\u01a1 mi th\\u1eddi trang\"}','{\"en\":\"Quis eos quo maiores quisquam sed provident ipsam repellat. Est ut ipsam officiis quo. Eius dolores repudiandae quaerat qui.\",\"vi\":\"\\u0110\\u01b0\\u1ee3c l\\u00e0m t\\u1eeb ch\\u1ea5t li\\u1ec7u cao c\\u1ea5p, \\u0111\\u1ea3m b\\u1ea3o \\u0111\\u1ed9 b\\u1ec1n v\\u00e0 t\\u00ednh th\\u1ea9m m\\u1ef9.\"}',22,2,6,2,1,'2025-10-02 01:33:05','2025-10-02 01:33:05',NULL),(100,'{\"en\":\"vel quis\",\"vi\":\"\\u0110i\\u1ec7n tho\\u1ea1i hi\\u1ec7n \\u0111\\u1ea1i\"}','{\"en\":\"Ipsam ipsum architecto commodi id fugit. Illum neque ut sed et voluptatem mollitia doloribus omnis. Voluptas quibusdam hic aliquam veniam expedita. Aut voluptates tempore enim sit non corporis reiciendis.\",\"vi\":\"Thi\\u1ebft k\\u1ebf \\u0111\\u1ed9c \\u0111\\u00e1o, m\\u00e0u s\\u1eafc \\u0111a d\\u1ea1ng, ph\\u00f9 h\\u1ee3p v\\u1edbi xu h\\u01b0\\u1edbng th\\u1eddi trang.\"}',27,1,10,3,1,'2025-10-02 01:33:05','2025-10-02 01:33:05',NULL);
/*!40000 ALTER TABLE `products` ENABLE KEYS */;
UNLOCK TABLES;

--
-- Table structure for table `promotion_codes`
--

DROP TABLE IF EXISTS `promotion_codes`;
/*!40101 SET @saved_cs_client     = @@character_set_client */;
/*!50503 SET character_set_client = utf8mb4 */;
CREATE TABLE `promotion_codes` (
  `promotion_code_id` bigint(20) unsigned NOT NULL AUTO_INCREMENT,
  `promotion_id` bigint(20) unsigned NOT NULL,
  `code` varchar(50) NOT NULL,
  `usage_limit` int(11) DEFAULT NULL,
  `used_count` int(11) NOT NULL DEFAULT 0,
  `is_active` tinyint(1) NOT NULL DEFAULT 1,
  `created_at` timestamp NULL DEFAULT NULL,
  `updated_at` timestamp NULL DEFAULT NULL,
  PRIMARY KEY (`promotion_code_id`),
  UNIQUE KEY `promotion_codes_code_unique` (`code`),
  KEY `promotion_codes_promotion_id_foreign` (`promotion_id`),
  CONSTRAINT `promotion_codes_promotion_id_foreign` FOREIGN KEY (`promotion_id`) REFERENCES `promotions` (`promotion_id`) ON DELETE CASCADE
) ENGINE=InnoDB AUTO_INCREMENT=51 DEFAULT CHARSET=utf8mb4 COLLATE=utf8mb4_unicode_ci;
/*!40101 SET character_set_client = @saved_cs_client */;

--
-- Dumping data for table `promotion_codes`
--

LOCK TABLES `promotion_codes` WRITE;
/*!40000 ALTER TABLE `promotion_codes` DISABLE KEYS */;
INSERT INTO `promotion_codes` VALUES (1,11,'0AHFINAR',4,0,1,'2025-10-02 01:33:09','2025-10-02 01:33:09'),(2,11,'8SJD6TV1',5,0,1,'2025-10-02 01:33:09','2025-10-02 01:33:09'),(3,11,'3LJCP9XD',5,0,1,'2025-10-02 01:33:09','2025-10-02 01:33:09'),(4,11,'F9MS55CB',3,0,1,'2025-10-02 01:33:09','2025-10-02 01:33:09'),(5,11,'HMYZYEQ0',4,0,1,'2025-10-02 01:33:09','2025-10-02 01:33:09'),(6,11,'KOSTFRTQ',4,0,1,'2025-10-02 01:33:09','2025-10-02 01:33:09'),(7,11,'AKROD8GW',3,0,1,'2025-10-02 01:33:09','2025-10-02 01:33:09'),(8,11,'XOSLB0T9',3,0,1,'2025-10-02 01:33:09','2025-10-02 01:33:09'),(9,11,'LC5YM6UJ',1,0,1,'2025-10-02 01:33:09','2025-10-02 01:33:09'),(10,11,'GALX3PYZ',3,0,1,'2025-10-02 01:33:09','2025-10-02 01:33:09'),(11,12,'KMEX2CRO',3,0,1,'2025-10-02 01:33:09','2025-10-02 01:33:09'),(12,12,'QYOUFUJ5',3,0,1,'2025-10-02 01:33:09','2025-10-02 01:33:09'),(13,12,'T9P0XIGQ',2,0,1,'2025-10-02 01:33:09','2025-10-02 01:33:09'),(14,12,'EDCGVJFP',5,0,1,'2025-10-02 01:33:09','2025-10-02 01:33:09'),(15,12,'LETUYPOK',4,0,1,'2025-10-02 01:33:09','2025-10-02 01:33:09'),(16,12,'HBQ2ZX50',1,0,1,'2025-10-02 01:33:09','2025-10-02 01:33:09'),(17,12,'G68RFVGP',5,0,1,'2025-10-02 01:33:09','2025-10-02 01:33:09'),(18,12,'FQM14F0S',1,0,1,'2025-10-02 01:33:09','2025-10-02 01:33:09'),(19,12,'VPK43SZE',4,0,1,'2025-10-02 01:33:09','2025-10-02 01:33:09'),(20,12,'DHXNZOXT',2,0,1,'2025-10-02 01:33:09','2025-10-02 01:33:09'),(21,13,'3NHXTEAU',1,0,1,'2025-10-02 01:33:09','2025-10-02 01:33:09'),(22,13,'OYXEK1IG',2,0,1,'2025-10-02 01:33:09','2025-10-02 01:33:09'),(23,13,'YHGKDLUZ',2,0,1,'2025-10-02 01:33:09','2025-10-02 01:33:09'),(24,13,'4IVY3PNU',4,0,1,'2025-10-02 01:33:09','2025-10-02 01:33:09'),(25,13,'QFKD5ITC',5,0,1,'2025-10-02 01:33:09','2025-10-02 01:33:09'),(26,13,'HB1R2S5E',4,0,1,'2025-10-02 01:33:09','2025-10-02 01:33:09'),(27,13,'GLCH6AFA',4,0,1,'2025-10-02 01:33:09','2025-10-02 01:33:09'),(28,13,'YILML9C4',5,0,1,'2025-10-02 01:33:09','2025-10-02 01:33:09'),(29,13,'FBPUGYB0',2,0,1,'2025-10-02 01:33:09','2025-10-02 01:33:09'),(30,13,'ZZJHO8MG',4,0,1,'2025-10-02 01:33:09','2025-10-02 01:33:09'),(31,14,'FB1YXGVX',4,0,1,'2025-10-02 01:33:09','2025-10-02 01:33:09'),(32,14,'DBBXPA2J',2,0,1,'2025-10-02 01:33:09','2025-10-02 01:33:09'),(33,14,'9XDIOVFJ',4,0,1,'2025-10-02 01:33:09','2025-10-02 01:33:09'),(34,14,'ERYCLZZT',4,0,1,'2025-10-02 01:33:09','2025-10-02 01:33:09'),(35,14,'IPMEOCWX',2,0,1,'2025-10-02 01:33:09','2025-10-02 01:33:09'),(36,14,'ELEIRT45',1,0,1,'2025-10-02 01:33:09','2025-10-02 01:33:09'),(37,14,'NXYAQNRA',4,0,1,'2025-10-02 01:33:09','2025-10-02 01:33:09'),(38,14,'LG1OO96K',1,0,1,'2025-10-02 01:33:09','2025-10-02 01:33:09'),(39,14,'LIXDW7Z0',3,0,1,'2025-10-02 01:33:09','2025-10-02 01:33:09'),(40,14,'X2VAC4DO',3,0,1,'2025-10-02 01:33:09','2025-10-02 01:33:09'),(41,15,'J4IWOMFB',5,0,1,'2025-10-02 01:33:09','2025-10-02 01:33:09'),(42,15,'16V8YH4M',3,0,1,'2025-10-02 01:33:09','2025-10-02 01:33:09'),(43,15,'BRBKZ1M8',3,0,1,'2025-10-02 01:33:09','2025-10-02 01:33:09'),(44,15,'RKT3ORM2',5,0,1,'2025-10-02 01:33:09','2025-10-02 01:33:09'),(45,15,'H7THQTO0',4,0,1,'2025-10-02 01:33:09','2025-10-02 01:33:09'),(46,15,'CZVIMNYP',2,0,1,'2025-10-02 01:33:09','2025-10-02 01:33:09'),(47,15,'4GQNTPSJ',4,0,1,'2025-10-02 01:33:09','2025-10-02 01:33:09'),(48,15,'58DSJPGZ',4,0,1,'2025-10-02 01:33:09','2025-10-02 01:33:09'),(49,15,'LSNXWMFP',2,0,1,'2025-10-02 01:33:09','2025-10-02 01:33:09'),(50,15,'PQNEFA4W',3,0,1,'2025-10-02 01:33:09','2025-10-02 01:33:09');
/*!40000 ALTER TABLE `promotion_codes` ENABLE KEYS */;
UNLOCK TABLES;

--
-- Table structure for table `promotions`
--

DROP TABLE IF EXISTS `promotions`;
/*!40101 SET @saved_cs_client     = @@character_set_client */;
/*!50503 SET character_set_client = utf8mb4 */;
CREATE TABLE `promotions` (
  `promotion_id` bigint(20) unsigned NOT NULL AUTO_INCREMENT,
  `name` varchar(200) NOT NULL,
  `description` text DEFAULT NULL,
  `type` tinyint(4) NOT NULL COMMENT '1: Percentage, 2: Fixed Amount',
  `value` decimal(18,2) NOT NULL,
  `min_order_amount` decimal(18,2) DEFAULT NULL,
  `max_discount_amount` decimal(18,2) DEFAULT NULL,
  `start_date` timestamp NOT NULL DEFAULT current_timestamp(),
  `end_date` timestamp NOT NULL DEFAULT current_timestamp(),
  `usage_limit` int(11) DEFAULT NULL,
  `used_count` int(11) NOT NULL DEFAULT 0,
  `is_active` tinyint(1) NOT NULL DEFAULT 1,
  `created_at` timestamp NULL DEFAULT NULL,
  `updated_at` timestamp NULL DEFAULT NULL,
  `deleted_at` timestamp NULL DEFAULT NULL,
  PRIMARY KEY (`promotion_id`)
) ENGINE=InnoDB AUTO_INCREMENT=16 DEFAULT CHARSET=utf8mb4 COLLATE=utf8mb4_unicode_ci;
/*!40101 SET character_set_client = @saved_cs_client */;

--
-- Dumping data for table `promotions`
--

LOCK TABLES `promotions` WRITE;
/*!40000 ALTER TABLE `promotions` DISABLE KEYS */;
INSERT INTO `promotions` VALUES (1,'Khuyến mãi ut repellat id','Mollitia esse nobis aperiam perferendis fugit nisi vel.',1,28.00,200000.00,94938.00,'2025-09-29 01:33:09','2025-11-26 01:33:09',200,0,1,'2025-10-02 01:33:09','2025-10-02 01:33:09',NULL),(2,'Khuyến mãi dolore rerum minus','Quae aperiam ut ut laborum incidunt.',1,32.00,50000.00,32932.00,'2025-09-29 01:33:09','2025-11-01 01:33:09',100,0,1,'2025-10-02 01:33:09','2025-10-02 01:33:09',NULL),(3,'Khuyến mãi enim et ullam','Expedita commodi optio expedita soluta sint in.',2,63519.00,NULL,63519.00,'2025-09-26 01:33:09','2025-11-17 01:33:09',200,0,1,'2025-10-02 01:33:09','2025-10-02 01:33:09',NULL),(4,'Khuyến mãi natus quibusdam ut','Quae voluptatum est quas quaerat molestiae consequatur.',1,36.00,200000.00,55424.00,'2025-09-23 01:33:09','2025-11-06 01:33:09',100,0,1,'2025-10-02 01:33:09','2025-10-02 01:33:09',NULL),(5,'Khuyến mãi labore ut et','Mollitia hic voluptas quidem non.',2,100283.00,200000.00,100283.00,'2025-09-22 01:33:09','2025-11-10 01:33:09',NULL,0,1,'2025-10-02 01:33:09','2025-10-02 01:33:09',NULL),(6,'Khuyến mãi cumque voluptatem sit','Ut iusto ex rerum sapiente aliquam amet officia.',1,39.00,NULL,42504.00,'2025-09-24 01:33:09','2025-12-01 01:33:09',NULL,0,1,'2025-10-02 01:33:09','2025-10-02 01:33:09',NULL),(7,'Khuyến mãi magni optio quibusdam','Corrupti harum aut repellendus nobis sapiente quae iusto consequatur.',2,147784.00,200000.00,147784.00,'2025-09-23 01:33:09','2025-11-26 01:33:09',500,0,1,'2025-10-02 01:33:09','2025-10-02 01:33:09',NULL),(8,'Khuyến mãi occaecati reprehenderit inventore','Facilis id ab provident dolore unde qui.',1,37.00,50000.00,76502.00,'2025-09-25 01:33:09','2025-11-11 01:33:09',100,0,1,'2025-10-02 01:33:09','2025-10-02 01:33:09',NULL),(9,'Khuyến mãi molestiae pariatur voluptate','Harum corporis quis aspernatur temporibus id.',1,10.00,200000.00,21264.00,'2025-09-24 01:33:09','2025-10-26 01:33:09',200,0,1,'2025-10-02 01:33:09','2025-10-02 01:33:09',NULL),(10,'Khuyến mãi voluptatum vitae sed','Id nihil sunt nobis repudiandae.',2,137751.00,100000.00,137751.00,'2025-09-23 01:33:09','2025-11-20 01:33:09',200,0,1,'2025-10-02 01:33:09','2025-10-02 01:33:09',NULL),(11,'Khuyến mãi pariatur omnis temporibus','Omnis sunt et dolore nemo rerum provident dolor deleniti.',2,114215.00,50000.00,114215.00,'2025-09-27 01:33:09','2025-10-20 01:33:09',NULL,0,1,'2025-10-02 01:33:09','2025-10-02 01:33:09',NULL),(12,'Khuyến mãi consectetur consequuntur corporis','Omnis eum facilis consequuntur.',1,28.00,200000.00,98007.00,'2025-09-28 01:33:09','2025-11-11 01:33:09',200,0,1,'2025-10-02 01:33:09','2025-10-02 01:33:09',NULL),(13,'Khuyến mãi aliquam voluptatum voluptatem','Iste quaerat modi facilis dolor.',2,90129.00,200000.00,90129.00,'2025-09-23 01:33:09','2025-10-22 01:33:09',100,0,1,'2025-10-02 01:33:09','2025-10-02 01:33:09',NULL),(14,'Khuyến mãi hic sunt amet','Id sit aut numquam at.',1,18.00,NULL,61642.00,'2025-09-30 01:33:09','2025-11-25 01:33:09',500,0,1,'2025-10-02 01:33:09','2025-10-02 01:33:09',NULL),(15,'Khuyến mãi quae similique nihil','Nihil sint nesciunt consequatur doloribus ut dolor non.',1,31.00,50000.00,47681.00,'2025-09-26 01:33:09','2025-10-24 01:33:09',200,0,1,'2025-10-02 01:33:09','2025-10-02 01:33:09',NULL);
/*!40000 ALTER TABLE `promotions` ENABLE KEYS */;
UNLOCK TABLES;

--
-- Table structure for table `return_items`
--

DROP TABLE IF EXISTS `return_items`;
/*!40101 SET @saved_cs_client     = @@character_set_client */;
/*!50503 SET character_set_client = utf8mb4 */;
CREATE TABLE `return_items` (
  `return_item_id` bigint(20) unsigned NOT NULL AUTO_INCREMENT,
  `return_id` bigint(20) unsigned NOT NULL,
  `variant_id` bigint(20) unsigned NOT NULL,
  `quantity` int(11) NOT NULL,
  `unit_price` decimal(15,2) NOT NULL,
  `total_price` decimal(15,2) NOT NULL,
  `reason` varchar(255) DEFAULT NULL,
  PRIMARY KEY (`return_item_id`),
  KEY `return_items_return_id_foreign` (`return_id`),
  KEY `return_items_variant_id_foreign` (`variant_id`),
  CONSTRAINT `return_items_return_id_foreign` FOREIGN KEY (`return_id`) REFERENCES `returns` (`return_id`) ON DELETE CASCADE,
  CONSTRAINT `return_items_variant_id_foreign` FOREIGN KEY (`variant_id`) REFERENCES `product_variants` (`variant_id`) ON DELETE CASCADE
) ENGINE=InnoDB DEFAULT CHARSET=utf8mb4 COLLATE=utf8mb4_unicode_ci;
/*!40101 SET character_set_client = @saved_cs_client */;

--
-- Dumping data for table `return_items`
--

LOCK TABLES `return_items` WRITE;
/*!40000 ALTER TABLE `return_items` DISABLE KEYS */;
/*!40000 ALTER TABLE `return_items` ENABLE KEYS */;
UNLOCK TABLES;

--
-- Table structure for table `returns`
--

DROP TABLE IF EXISTS `returns`;
/*!40101 SET @saved_cs_client     = @@character_set_client */;
/*!50503 SET character_set_client = utf8mb4 */;
CREATE TABLE `returns` (
  `return_id` bigint(20) unsigned NOT NULL AUTO_INCREMENT,
  `order_id` bigint(20) unsigned NOT NULL,
  `customer_id` bigint(20) unsigned NOT NULL,
  `return_number` varchar(255) NOT NULL,
  `reason` tinyint(3) unsigned NOT NULL COMMENT 'Lý do trả hàng, ví dụ: 1: Sản phẩm lỗi, 2: Sai sản phẩm...',
  `description` text DEFAULT NULL,
  `status` tinyint(3) unsigned NOT NULL DEFAULT 1 COMMENT '1: Pending, 2: Approved, 3: Rejected, 4: Refunded, 5: Exchanged',
  `refund_amount` decimal(15,2) DEFAULT NULL,
  `type` tinyint(3) unsigned NOT NULL COMMENT '1: Refund, 2: Exchange',
  `admin_note` text DEFAULT NULL,
  `processed_at` timestamp NULL DEFAULT NULL,
  `refunded_at` timestamp NULL DEFAULT NULL,
  `created_at` timestamp NULL DEFAULT NULL,
  `updated_at` timestamp NULL DEFAULT NULL,
  `deleted_at` timestamp NULL DEFAULT NULL,
  PRIMARY KEY (`return_id`),
  UNIQUE KEY `returns_return_number_unique` (`return_number`),
  KEY `returns_order_id_foreign` (`order_id`),
  KEY `returns_customer_id_foreign` (`customer_id`),
  CONSTRAINT `returns_customer_id_foreign` FOREIGN KEY (`customer_id`) REFERENCES `users` (`id`) ON DELETE CASCADE,
  CONSTRAINT `returns_order_id_foreign` FOREIGN KEY (`order_id`) REFERENCES `orders` (`order_id`) ON DELETE CASCADE
) ENGINE=InnoDB AUTO_INCREMENT=51 DEFAULT CHARSET=utf8mb4 COLLATE=utf8mb4_unicode_ci;
/*!40101 SET character_set_client = @saved_cs_client */;

--
-- Dumping data for table `returns`
--

LOCK TABLES `returns` WRITE;
/*!40000 ALTER TABLE `returns` DISABLE KEYS */;
INSERT INTO `returns` VALUES (1,97,50,'RTN-24604304',1,'Quae similique aut debitis fuga id voluptas cumque laborum. Officiis dolores dignissimos nobis a ut. Nam quibusdam accusantium recusandae est quia odit.',2,79910264.00,2,NULL,'2025-10-02 01:33:09',NULL,'2025-10-02 01:33:09','2025-10-02 01:33:09',NULL),(2,269,112,'RTN-80259682',5,'Quis alias temporibus beatae est repellat culpa placeat. Molestiae vel et ex. Et ut consectetur autem cupiditate quia voluptas vero.',2,110785989.00,1,NULL,'2025-10-02 01:33:09',NULL,'2025-10-02 01:33:09','2025-10-02 01:33:09',NULL),(3,91,48,'RTN-2414492',5,'Ut qui omnis reprehenderit excepturi. Totam libero cupiditate harum et ipsa temporibus sed et. Odit sed ipsam modi molestiae iste aut vel.',3,45519216.00,2,NULL,'2025-10-02 01:33:09',NULL,'2025-10-02 01:33:09','2025-10-02 01:33:09',NULL),(4,171,75,'RTN-55234678',2,'Perspiciatis laboriosam quam architecto aut totam vero officia explicabo. Voluptatibus voluptas est voluptatem corrupti qui voluptatem reprehenderit voluptatem. Dolores repellendus aliquam eos at. Vel vero porro fugiat earum reprehenderit laborum.',3,17434707.00,2,NULL,'2025-10-02 01:33:09',NULL,'2025-10-02 01:33:09','2025-10-02 01:33:09',NULL),(5,64,40,'RTN-70676754',4,'Aut reiciendis et est voluptas qui voluptas veritatis sapiente. Culpa aliquam necessitatibus sit dolorum temporibus inventore sit dolores. Aut aut quia aut minima voluptas facere. Quia officia labore et eos et debitis.',3,69279778.00,2,NULL,'2025-10-02 01:33:09',NULL,'2025-10-02 01:33:09','2025-10-02 01:33:09',NULL),(6,193,83,'RTN-38298746',5,'Quia provident molestiae saepe voluptas recusandae. Est odio quas dolorum distinctio nihil non. Qui est iusto aut. Ut recusandae ea sed minus dolorem fugit suscipit.',3,103451781.00,1,NULL,'2025-10-02 01:33:09',NULL,'2025-10-02 01:33:09','2025-10-02 01:33:09',NULL),(7,129,61,'RTN-15753523',5,'Earum laboriosam quia voluptatem quasi qui sapiente ducimus. Voluptates et consequatur nihil quidem nemo vero assumenda praesentium. Animi qui fugiat dolore delectus sit fuga ex. Sequi blanditiis consequatur harum eius deleniti eveniet.',4,18427446.00,1,NULL,'2025-10-02 01:33:09',NULL,'2025-10-02 01:33:09','2025-10-02 01:33:09',NULL),(8,224,97,'RTN-50254339',1,'Molestiae aut quas quisquam omnis. Reiciendis et quia quia occaecati. Eum vel aut beatae ipsum perspiciatis nam. Sint modi alias autem enim in. Officiis sit est sint eius sint quod est ut.',2,95838495.00,1,NULL,'2025-10-02 01:33:09',NULL,'2025-10-02 01:33:09','2025-10-02 01:33:09',NULL),(9,190,82,'RTN-21190539',2,'Repudiandae libero culpa et minima saepe deleniti vitae reiciendis. Quibusdam voluptatem magnam et voluptatum ea minima laudantium. Rem iste aspernatur et quasi odio neque. Et exercitationem unde vitae quia odio.',5,131298543.00,2,NULL,'2025-10-02 01:33:09',NULL,'2025-10-02 01:33:09','2025-10-02 01:33:09',NULL),(10,203,89,'RTN-835598',4,'Illo dolores ut nostrum soluta. Porro possimus saepe architecto aperiam neque. Praesentium dolorum voluptatem totam delectus eum et voluptas. Fuga sit doloribus repellendus quibusdam nesciunt.',5,88599132.00,1,NULL,'2025-10-02 01:33:09',NULL,'2025-10-02 01:33:09','2025-10-02 01:33:09',NULL),(11,67,41,'RTN-4781103',1,'Unde commodi nesciunt est ex quis esse quas. Voluptatum debitis ut consequatur odio. Similique sit nemo vitae modi in sunt.',4,42328932.00,2,NULL,'2025-10-02 01:33:09',NULL,'2025-10-02 01:33:09','2025-10-02 01:33:09',NULL),(12,193,83,'RTN-82771444',1,'Voluptatem quisquam nihil qui. Ex et sequi alias aut nam quia saepe. Natus qui saepe cum ut ad. Voluptas assumenda qui occaecati rerum. Deleniti est quia reiciendis ducimus enim.',1,24430466.00,1,NULL,'2025-10-02 01:33:09',NULL,'2025-10-02 01:33:09','2025-10-02 01:33:09',NULL),(13,179,78,'RTN-28019649',1,'Temporibus voluptatem eos voluptas culpa id. Quibusdam perferendis vero enim quas ea sint officiis debitis. Repellat rerum saepe omnis soluta eos ut veniam. Sed quia dolorem quidem recusandae laboriosam modi.',4,2483954.00,1,NULL,'2025-10-02 01:33:09',NULL,'2025-10-02 01:33:09','2025-10-02 01:33:09',NULL),(14,83,46,'RTN-74929483',4,'Et nesciunt eaque aut asperiores molestiae eligendi. Ut tempore omnis voluptatem eum ut. Vel aperiam dicta sapiente et rerum amet. Aspernatur aut incidunt non laborum nulla.',3,82642854.00,2,NULL,'2025-10-02 01:33:09',NULL,'2025-10-02 01:33:09','2025-10-02 01:33:09',NULL),(15,208,90,'RTN-60141619',2,'Tempore non numquam aspernatur et at suscipit non. Ea et vel corrupti fugit. Eum nihil quia et laborum. Suscipit magni eos nisi dignissimos.',5,90090357.00,1,NULL,'2025-10-02 01:33:09',NULL,'2025-10-02 01:33:09','2025-10-02 01:33:09',NULL),(16,182,79,'RTN-58501656',4,'Quo aut enim recusandae et corporis suscipit. Mollitia beatae incidunt quo ipsum officia. Quasi magnam consectetur est aperiam et dolores sunt id. Voluptatem eos sapiente sunt repellat nihil ullam nihil.',3,29027708.00,2,NULL,'2025-10-02 01:33:09',NULL,'2025-10-02 01:33:09','2025-10-02 01:33:09',NULL),(17,271,112,'RTN-23109614',1,'Doloremque voluptate voluptas aut excepturi. Voluptatem omnis rerum velit quaerat cum. Molestiae aut veniam autem cupiditate placeat itaque dicta.',3,87336864.00,2,NULL,'2025-10-02 01:33:09',NULL,'2025-10-02 01:33:09','2025-10-02 01:33:09',NULL),(18,283,116,'RTN-81672391',4,'Eum labore delectus veniam est assumenda. Exercitationem fugiat dolor et eius quos.',3,47233228.00,2,NULL,'2025-10-02 01:33:09',NULL,'2025-10-02 01:33:09','2025-10-02 01:33:09',NULL),(19,281,116,'RTN-33190294',3,'Dolorem voluptas id in aliquam repudiandae nesciunt ea. Tempore sapiente ipsam voluptas consequuntur. Id ex tenetur voluptas esse delectus.',1,114231993.00,2,NULL,'2025-10-02 01:33:09',NULL,'2025-10-02 01:33:09','2025-10-02 01:33:09',NULL),(20,64,40,'RTN-12222198',5,'Animi minima nam quia. Officia officia cum ut veniam. Iusto quam qui sunt doloribus itaque qui.',2,69279778.00,1,NULL,'2025-10-02 01:33:09',NULL,'2025-10-02 01:33:09','2025-10-02 01:33:09',NULL),(21,143,66,'RTN-38321880',2,'Eos voluptatem iste totam architecto non corrupti dolorem nisi. Aut eos dolor error maxime. Totam nemo ut voluptatem et sed velit adipisci.',4,11997578.00,2,NULL,'2025-10-02 01:33:09',NULL,'2025-10-02 01:33:09','2025-10-02 01:33:09',NULL),(22,42,33,'RTN-1081945',3,'Et commodi soluta omnis veritatis laboriosam eum. Exercitationem impedit aut qui mollitia quisquam facere quia. Id fuga aut nulla. Perferendis iure impedit dolore itaque nihil.',5,59150520.00,1,NULL,'2025-10-02 01:33:09',NULL,'2025-10-02 01:33:09','2025-10-02 01:33:09',NULL),(23,157,70,'RTN-73253366',2,'Cupiditate eveniet tenetur ut. Non facere dolores perferendis accusamus impedit. Exercitationem molestiae dolor et vel soluta qui non.',1,20264196.00,1,NULL,'2025-10-02 01:33:09',NULL,'2025-10-02 01:33:09','2025-10-02 01:33:09',NULL),(24,271,112,'RTN-6557333',2,'Unde id alias dolores minus facilis eos sapiente sit. Porro accusantium non illo voluptas sed quisquam. Doloremque suscipit et quos consequatur. Est ab alias eligendi.',3,87336864.00,2,NULL,'2025-10-02 01:33:09',NULL,'2025-10-02 01:33:09','2025-10-02 01:33:09',NULL),(25,24,28,'RTN-59910544',3,'Id quidem est molestiae quas. Quisquam dignissimos magnam libero ea natus quo. Facere qui beatae aliquam sunt facere eum modi adipisci.',2,87083124.00,1,NULL,'2025-10-02 01:33:09',NULL,'2025-10-02 01:33:09','2025-10-02 01:33:09',NULL),(26,275,113,'RTN-41231728',2,'Excepturi in nisi corrupti eveniet esse. Fuga quo adipisci dolores ipsa tempora occaecati soluta. Hic in repudiandae tenetur quam dolor expedita qui fugiat.',3,12284964.00,1,NULL,'2025-10-02 01:33:09',NULL,'2025-10-02 01:33:09','2025-10-02 01:33:09',NULL),(27,154,70,'RTN-3076252',1,'Molestiae impedit corrupti quasi. Sed tempore sed eveniet sint et et. Ut itaque magnam mollitia optio numquam ut perferendis. Id voluptate et omnis.',1,26276112.00,1,NULL,'2025-10-02 01:33:09',NULL,'2025-10-02 01:33:09','2025-10-02 01:33:09',NULL),(28,116,57,'RTN-99487959',4,'Possimus quo sequi odit repellendus ullam voluptas nulla. Voluptas qui est velit animi. Suscipit repellat maiores vero natus.',4,111764568.00,2,NULL,'2025-10-02 01:33:09',NULL,'2025-10-02 01:33:09','2025-10-02 01:33:09',NULL),(29,18,26,'RTN-30364685',1,'Sint quia veritatis natus qui quibusdam qui voluptatem est. Error doloremque iure totam consequuntur. Consequuntur minus dolorum sit quibusdam. Sit necessitatibus quo voluptatem nobis rerum.',2,38077331.00,1,NULL,'2025-10-02 01:33:09',NULL,'2025-10-02 01:33:09','2025-10-02 01:33:09',NULL),(30,157,70,'RTN-77137540',5,'Reiciendis sequi odio eum qui odit et consequatur. Facilis autem aut minus dolore autem. Quis magnam soluta aut.',4,144515754.00,1,NULL,'2025-10-02 01:33:09',NULL,'2025-10-02 01:33:09','2025-10-02 01:33:09',NULL),(31,277,114,'RTN-90484347',4,'Quae blanditiis deserunt consequatur quasi provident voluptas laboriosam inventore. Voluptate repudiandae dolores ratione quaerat quidem necessitatibus exercitationem. Sit iure et praesentium iure. Iure esse id est beatae. Debitis ab praesentium perspiciatis repudiandae consequatur totam.',2,77258052.00,2,NULL,'2025-10-02 01:33:09',NULL,'2025-10-02 01:33:09','2025-10-02 01:33:09',NULL),(32,208,90,'RTN-67364312',2,'Minus quidem recusandae quae aspernatur id voluptates deserunt. Molestias quia soluta rem autem pariatur. Voluptates et reiciendis minus iste.',4,33672780.00,2,NULL,'2025-10-02 01:33:09',NULL,'2025-10-02 01:33:09','2025-10-02 01:33:09',NULL),(33,112,56,'RTN-29648188',4,'Reiciendis porro perspiciatis eos consectetur quod hic adipisci. Excepturi sit maiores voluptatem est qui reiciendis. Qui est optio nesciunt asperiores consequatur. Distinctio enim ex voluptatem eos non voluptas alias hic.',4,23995156.00,1,NULL,'2025-10-02 01:33:09',NULL,'2025-10-02 01:33:09','2025-10-02 01:33:09',NULL),(34,146,67,'RTN-81587152',1,'Iure dignissimos sed aut assumenda. Facilis fugit beatae reprehenderit impedit aut.',3,74509712.00,2,NULL,'2025-10-02 01:33:09',NULL,'2025-10-02 01:33:09','2025-10-02 01:33:09',NULL),(35,35,31,'RTN-13548000',5,'Et necessitatibus a non voluptatem. Est asperiores eum eos expedita porro. Doloribus sint facere autem et. Distinctio numquam inventore itaque id quam sequi.',2,47278497.00,1,NULL,'2025-10-02 01:33:09',NULL,'2025-10-02 01:33:09','2025-10-02 01:33:09',NULL),(36,190,82,'RTN-84671922',5,'Est aut nisi et autem voluptatem et. Rerum saepe explicabo vero.',2,131298543.00,1,NULL,'2025-10-02 01:33:09',NULL,'2025-10-02 01:33:09','2025-10-02 01:33:09',NULL),(37,18,26,'RTN-20890595',1,'Voluptas culpa impedit quos facilis aut consectetur voluptatum. Possimus temporibus rerum aut ex repellat.',4,38077331.00,1,NULL,'2025-10-02 01:33:09',NULL,'2025-10-02 01:33:09','2025-10-02 01:33:09',NULL),(38,166,73,'RTN-79980603',3,'Corporis aut et rerum eum est aut suscipit exercitationem. Porro et quae omnis fugiat possimus. Earum aut maxime dolorum non. Officia labore id minus tempore possimus error.',3,95838495.00,2,NULL,'2025-10-02 01:33:09',NULL,'2025-10-02 01:33:09','2025-10-02 01:33:09',NULL),(39,290,119,'RTN-5662740',2,'Porro provident rerum laboriosam omnis ea dolores tempora. Consequatur deserunt provident est quaerat veritatis aperiam ea. A eaque dolores est eos itaque est. Tempora aut deleniti quasi repellat.',2,77932954.00,2,NULL,'2025-10-02 01:33:09',NULL,'2025-10-02 01:33:09','2025-10-02 01:33:09',NULL),(40,44,34,'RTN-87535050',5,'Corporis qui voluptatum et accusantium placeat. Non fugit ut consequatur eligendi nulla ullam quidem. Qui corrupti voluptates mollitia dicta non assumenda. Est omnis porro vel minus autem.',5,106481184.00,1,NULL,'2025-10-02 01:33:09',NULL,'2025-10-02 01:33:09','2025-10-02 01:33:09',NULL),(41,180,79,'RTN-16181387',4,'Dicta accusamus ducimus voluptas incidunt repudiandae doloremque corporis. In quis voluptate nihil omnis. Hic aut odio enim doloremque odio nam voluptatum. Blanditiis et quis qui consequatur est.',2,78700334.00,2,NULL,'2025-10-02 01:33:09',NULL,'2025-10-02 01:33:09','2025-10-02 01:33:09',NULL),(42,233,101,'RTN-69548911',1,'Aliquam in non perspiciatis maxime tempore et cupiditate. Assumenda vel sed modi occaecati explicabo delectus. Delectus rerum velit magni consequatur minus. Iste facilis eos facere voluptas ab iure.',2,5384916.00,2,NULL,'2025-10-02 01:33:09',NULL,'2025-10-02 01:33:09','2025-10-02 01:33:09',NULL),(43,116,57,'RTN-3894473',5,'Rerum et similique ipsa non. Aliquam sed perspiciatis soluta ut eligendi doloremque nam. Placeat velit harum dolor. Repellat sit in tenetur corporis neque sit consectetur.',3,24126323.00,1,NULL,'2025-10-02 01:33:09',NULL,'2025-10-02 01:33:09','2025-10-02 01:33:09',NULL),(44,265,110,'RTN-27228874',2,'Placeat molestias aperiam repudiandae aut ipsum. Et ducimus esse laboriosam sit sed rem. Omnis vel facilis tempore nesciunt aut aliquid qui. Et placeat omnis a inventore eius.',3,4952643.00,1,NULL,'2025-10-02 01:33:09',NULL,'2025-10-02 01:33:09','2025-10-02 01:33:09',NULL),(45,208,90,'RTN-73046002',2,'Quis neque cupiditate est. Non quaerat cumque nostrum. Sapiente vel odit ipsum. Laudantium aliquid error aliquid qui et error.',2,33672780.00,2,NULL,'2025-10-02 01:33:09',NULL,'2025-10-02 01:33:09','2025-10-02 01:33:09',NULL),(46,247,104,'RTN-57497771',4,'Non porro neque molestiae aperiam ipsam minus. Dignissimos itaque aut placeat reiciendis ad itaque id explicabo. Aut necessitatibus ipsa error quam odit et quia.',4,80712234.00,2,NULL,'2025-10-02 01:33:09',NULL,'2025-10-02 01:33:09','2025-10-02 01:33:09',NULL),(47,97,50,'RTN-92074994',2,'Ab perferendis est voluptas omnis sed suscipit ut. Repellendus error dolor non eos expedita quisquam numquam. Ullam ipsam qui qui nulla sit nihil nostrum. Reprehenderit in delectus eos rem. Qui omnis ut numquam.',1,95173002.00,1,NULL,'2025-10-02 01:33:09',NULL,'2025-10-02 01:33:09','2025-10-02 01:33:09',NULL),(48,269,112,'RTN-95993741',2,'Est aliquid deleniti qui impedit voluptatibus alias et. Id omnis est consequatur dolores deserunt voluptatem. Nam quaerat quasi vel corrupti autem iure. Non repudiandae quia aliquam facere voluptatem. Voluptatem quia aut perferendis consequuntur beatae suscipit.',2,110785989.00,2,NULL,'2025-10-02 01:33:09',NULL,'2025-10-02 01:33:09','2025-10-02 01:33:09',NULL),(49,146,67,'RTN-1330899',1,'Repellendus voluptas assumenda debitis aut enim nesciunt ut. Ipsa ea aspernatur soluta quia rem.',4,7792836.00,1,NULL,'2025-10-02 01:33:09',NULL,'2025-10-02 01:33:09','2025-10-02 01:33:09',NULL),(50,190,82,'RTN-26151744',4,'Eligendi natus voluptate quia minima odio. Expedita voluptatem sit at aliquid. Rem perspiciatis commodi occaecati magni voluptatem et. Molestias aliquid earum est et dolorem quis.',1,131298543.00,2,NULL,'2025-10-02 01:33:09',NULL,'2025-10-02 01:33:09','2025-10-02 01:33:09',NULL);
/*!40000 ALTER TABLE `returns` ENABLE KEYS */;
UNLOCK TABLES;

--
-- Table structure for table `reviews`
--

DROP TABLE IF EXISTS `reviews`;
/*!40101 SET @saved_cs_client     = @@character_set_client */;
/*!50503 SET character_set_client = utf8mb4 */;
CREATE TABLE `reviews` (
  `review_id` bigint(20) unsigned NOT NULL AUTO_INCREMENT,
  `product_id` bigint(20) unsigned NOT NULL,
  `user_id` bigint(20) unsigned NOT NULL,
  `rating` tinyint(3) unsigned NOT NULL,
  `comment` text DEFAULT NULL,
  `is_approved` tinyint(1) NOT NULL DEFAULT 0,
  `created_at` timestamp NULL DEFAULT NULL,
  `updated_at` timestamp NULL DEFAULT NULL,
  `deleted_at` timestamp NULL DEFAULT NULL,
  PRIMARY KEY (`review_id`),
  UNIQUE KEY `reviews_product_id_user_id_unique` (`product_id`,`user_id`),
  KEY `reviews_user_id_foreign` (`user_id`),
  CONSTRAINT `reviews_product_id_foreign` FOREIGN KEY (`product_id`) REFERENCES `products` (`product_id`) ON DELETE CASCADE,
  CONSTRAINT `reviews_user_id_foreign` FOREIGN KEY (`user_id`) REFERENCES `users` (`id`) ON DELETE CASCADE
) ENGINE=InnoDB AUTO_INCREMENT=265 DEFAULT CHARSET=utf8mb4 COLLATE=utf8mb4_unicode_ci;
/*!40101 SET character_set_client = @saved_cs_client */;

--
-- Dumping data for table `reviews`
--

LOCK TABLES `reviews` WRITE;
/*!40000 ALTER TABLE `reviews` DISABLE KEYS */;
INSERT INTO `reviews` VALUES (1,2,28,4,'Consequuntur dolores fuga nemo dicta qui repudiandae. Saepe illo sequi natus natus hic laborum porro. Explicabo velit nihil ut officia magnam.',1,'2025-10-02 01:33:09','2025-10-02 01:33:09',NULL),(2,2,50,2,'Et et quisquam nemo voluptas. A quia magni dolorem ad totam ducimus debitis. Architecto voluptate nostrum aut officiis inventore et nesciunt. Praesentium in doloribus illum autem.',1,'2025-10-02 01:33:09','2025-10-02 01:33:09',NULL),(3,2,113,5,'Laudantium nam beatae nemo. Ipsa ab aut molestiae. Qui repudiandae voluptatem molestias quae voluptates quae.',1,'2025-10-02 01:33:09','2025-10-02 01:33:09',NULL),(4,2,120,4,'Molestiae ullam recusandae eum suscipit eveniet. Nihil officia ipsa inventore sit animi et deleniti. Animi qui et consequatur. Similique in est eius.',1,'2025-10-02 01:33:09','2025-10-02 01:33:09',NULL),(5,4,50,2,'Est maiores deserunt dolores ut officiis quia voluptatem ut. Ipsa temporibus omnis perspiciatis non voluptatem. Et nobis quaerat delectus optio aut voluptatem. Est dolorem pariatur ab voluptatem.',1,'2025-10-02 01:33:09','2025-10-02 01:33:09',NULL),(6,4,59,2,'Ut porro voluptates rerum eveniet. Sit et est quaerat et earum ea. Explicabo neque quam quam cupiditate vitae.',1,'2025-10-02 01:33:09','2025-10-02 01:33:09',NULL),(7,4,73,5,'Libero dolores quo quis dolorem. Amet laboriosam omnis quia ea. Necessitatibus ut quod itaque aspernatur doloremque. Est quae eos nihil quaerat minus autem. Molestiae numquam qui dolore similique et ut et dolor.',1,'2025-10-02 01:33:09','2025-10-02 01:33:09',NULL),(8,4,79,2,'Cupiditate at est laboriosam. Maiores architecto officiis enim aut adipisci molestiae consequatur dolor. Doloremque reprehenderit dignissimos officia laborum. Quia odit qui eum et accusantium.',1,'2025-10-02 01:33:09','2025-10-02 01:33:09',NULL),(9,4,88,2,'Velit libero sint non et rerum. Sed occaecati in ut praesentium. Quas quasi et dolorem voluptatem voluptatem sint. Eligendi architecto repellendus enim porro sed. Eum corrupti inventore ipsum quis quibusdam sunt.',1,'2025-10-02 01:33:09','2025-10-02 01:33:09',NULL),(10,6,31,3,'Rem ea ut rerum consequatur eligendi. Sunt non totam dolore blanditiis nostrum officiis et. Quidem accusamus qui amet non doloribus nisi. Facere nostrum magni voluptatem in voluptatem eligendi.',1,'2025-10-02 01:33:09','2025-10-02 01:33:09',NULL),(11,6,32,3,'Ea labore pariatur in velit qui alias. Sapiente a ut quas et odit nobis. Qui et et voluptatibus autem.',1,'2025-10-02 01:33:09','2025-10-02 01:33:09',NULL),(12,6,41,4,'Eum voluptatem veritatis unde ut voluptas non consequatur. Et corrupti et vitae corporis omnis voluptatem et.',1,'2025-10-02 01:33:09','2025-10-02 01:33:09',NULL),(13,6,82,2,'Quae velit molestiae beatae quia laudantium officia consequuntur voluptatem. Aut explicabo et et.',1,'2025-10-02 01:33:09','2025-10-02 01:33:09',NULL),(14,6,86,4,'Qui aspernatur maiores quasi voluptatem. Totam et saepe qui nobis. Voluptates labore consectetur corrupti quod. Voluptas autem tempora veritatis dicta aspernatur cupiditate.',1,'2025-10-02 01:33:09','2025-10-02 01:33:09',NULL),(15,6,117,1,'Expedita voluptate qui eos placeat. Non consequatur quos error rerum repellendus. Enim nesciunt aut ut dolorum. Et consequatur eaque natus vitae rem delectus alias ad.',1,'2025-10-02 01:33:09','2025-10-02 01:33:09',NULL),(16,8,61,2,'Neque dolorem eos autem. Rem ipsum et dolorum quae non. Molestias porro beatae provident similique est consequuntur et exercitationem. Rerum maiores nam ad vel delectus.',1,'2025-10-02 01:33:09','2025-10-02 01:33:09',NULL),(17,8,66,1,'Adipisci qui accusantium consequatur. Sit error qui eum ex nemo aut itaque. Nihil enim repudiandae et.',1,'2025-10-02 01:33:09','2025-10-02 01:33:09',NULL),(18,8,103,4,'Architecto iste minus consequatur enim. Enim fugiat exercitationem doloribus id vero omnis quia.',1,'2025-10-02 01:33:09','2025-10-02 01:33:09',NULL),(19,8,108,5,'Fugiat odio qui dicta amet nulla. Consectetur non consequatur quaerat pariatur minima enim. Atque nesciunt nisi officia.',1,'2025-10-02 01:33:09','2025-10-02 01:33:09',NULL),(20,8,114,1,'Ab repellendus magnam quis deleniti. Repudiandae aut repellat laudantium libero ullam sequi qui. Placeat quas dicta odio illum exercitationem et modi. Id atque laboriosam voluptas aut.',1,'2025-10-02 01:33:09','2025-10-02 01:33:09',NULL),(21,12,78,1,'Explicabo sequi eum porro quis. Sint consequuntur aut consequatur quidem. Maiores illum amet enim odit. Sed in atque velit et at.',1,'2025-10-02 01:33:09','2025-10-02 01:33:09',NULL),(22,12,103,4,'Autem consectetur corrupti autem voluptas natus quia tempore. Facilis animi rem eaque corporis iure ratione magni. Atque laborum iure dolores facilis.',1,'2025-10-02 01:33:09','2025-10-02 01:33:09',NULL),(23,12,111,5,'Voluptatem laboriosam officia omnis et totam. Et eum alias officia mollitia nostrum exercitationem. Nam qui placeat est dignissimos ullam deserunt.',1,'2025-10-02 01:33:09','2025-10-02 01:33:09',NULL),(24,12,114,2,'Molestiae aut assumenda voluptatem nihil voluptatem et eos. Cumque recusandae laboriosam quia. Pariatur repellat et dicta praesentium eos aut pariatur.',1,'2025-10-02 01:33:09','2025-10-02 01:33:09',NULL),(25,16,29,2,'Et ad qui a voluptas nostrum. Repellat quasi impedit accusantium. Aut necessitatibus ratione sint sequi eos et molestias.',1,'2025-10-02 01:33:09','2025-10-02 01:33:09',NULL),(26,16,55,2,'Eum tempora maiores soluta dolorem itaque doloribus reiciendis. Et at non earum eos iste et repellat.',1,'2025-10-02 01:33:09','2025-10-02 01:33:09',NULL),(27,16,59,3,'Non quos blanditiis inventore quis officia et. Totam recusandae id nostrum consequatur molestiae. Commodi et quasi vero. Repellat perspiciatis tenetur nobis.',1,'2025-10-02 01:33:09','2025-10-02 01:33:09',NULL),(28,16,70,1,'Exercitationem similique dolor quidem pariatur est et. Sequi neque est earum aut quia qui explicabo. Non dolor illum rerum quidem.',1,'2025-10-02 01:33:09','2025-10-02 01:33:09',NULL),(29,16,71,3,'Nihil blanditiis sed voluptate inventore earum consequatur. Sint consequatur iste quas itaque. Molestias aut est at qui dolor doloremque quia. Ducimus aut numquam blanditiis dicta temporibus in.',1,'2025-10-02 01:33:09','2025-10-02 01:33:09',NULL),(30,16,84,3,'Sint et nesciunt qui quod. Vel id eum earum debitis aut quae. Provident error in ea illo eos repellat dolore.',1,'2025-10-02 01:33:09','2025-10-02 01:33:09',NULL),(31,16,85,2,'Quia quam voluptate natus minima. Deserunt quod vero repudiandae eum mollitia et. Quia dicta rerum aut temporibus. Exercitationem sequi nemo dolores corporis quaerat ipsum architecto.',1,'2025-10-02 01:33:09','2025-10-02 01:33:09',NULL),(32,16,101,4,'Ut esse eos qui dolorem in a quia. Iusto dolor ducimus sit voluptates. Et quas in sint consequatur. Ullam eum et accusantium quam pariatur.',1,'2025-10-02 01:33:09','2025-10-02 01:33:09',NULL),(33,16,114,3,'Dolorum illo odit quis. Qui aliquam modi architecto ex vel. Voluptatibus quam labore eveniet tempora tenetur. Ipsum occaecati voluptas id tempore non aut mollitia. Tempora voluptas similique laboriosam ea assumenda illum excepturi.',1,'2025-10-02 01:33:09','2025-10-02 01:33:09',NULL),(34,16,115,2,'Nemo nisi facilis non id eveniet voluptate veritatis. Perferendis quidem consequatur aspernatur omnis dolorum. Rerum impedit blanditiis molestiae voluptate. Alias perspiciatis adipisci ut ut.',1,'2025-10-02 01:33:09','2025-10-02 01:33:09',NULL),(35,18,34,1,'Qui quidem qui vel laborum dolorum et iusto. Repellat in cum qui ea vitae fugit a. Iure quas ducimus numquam totam minus porro laboriosam.',1,'2025-10-02 01:33:09','2025-10-02 01:33:09',NULL),(36,18,49,1,'Modi aliquam velit repellendus modi commodi laboriosam accusamus. Animi quo ipsum ut debitis. Totam corporis quis possimus aliquid quas expedita. Ipsum mollitia porro optio aliquid.',1,'2025-10-02 01:33:09','2025-10-02 01:33:09',NULL),(37,19,46,1,'Maiores dolorem nisi ratione et. Quia odio nemo sapiente ad. Officiis nihil sit officia nostrum mollitia. Sit aut quis autem dignissimos et voluptate aut.',1,'2025-10-02 01:33:09','2025-10-02 01:33:09',NULL),(38,19,52,2,'Eos ipsum excepturi voluptatem deserunt necessitatibus. Odit nulla delectus necessitatibus consequatur alias. Possimus inventore dolore nam commodi voluptas culpa.',1,'2025-10-02 01:33:09','2025-10-02 01:33:09',NULL),(39,19,67,2,'Rem consequatur at nihil veritatis expedita ipsum similique. Dolor iure itaque hic quas. Sed odit cupiditate magnam velit placeat qui et.',1,'2025-10-02 01:33:09','2025-10-02 01:33:09',NULL),(40,19,72,4,'Excepturi veniam non voluptas architecto et minus sunt. Maxime molestiae voluptatem repudiandae inventore.',1,'2025-10-02 01:33:09','2025-10-02 01:33:09',NULL),(41,19,91,2,'Id iure consequuntur rerum reiciendis sint ut aut voluptatem. Accusantium eos sunt suscipit tempora quas. Deleniti earum modi consequatur.',1,'2025-10-02 01:33:09','2025-10-02 01:33:09',NULL),(42,19,96,1,'Non cum nemo minus impedit. Dolores architecto eos velit optio voluptas. Nihil dolorem placeat qui quia repudiandae.',1,'2025-10-02 01:33:09','2025-10-02 01:33:09',NULL),(43,19,105,5,'Aut mollitia non ad blanditiis dolorem ratione. Molestiae reprehenderit et eligendi aut quia nostrum. Voluptatibus doloribus quo sint sapiente quis dolore vitae.',1,'2025-10-02 01:33:09','2025-10-02 01:33:09',NULL),(44,22,24,4,'Qui aut accusantium est eveniet reiciendis. Deleniti qui atque exercitationem. Laboriosam necessitatibus tempora numquam excepturi voluptatem iusto.',1,'2025-10-02 01:33:09','2025-10-02 01:33:09',NULL),(45,22,50,5,'Et magni quis ut quia perspiciatis dolor et. Numquam hic et saepe quibusdam placeat dolorum. Maiores eum eaque ab enim repudiandae dolor.',1,'2025-10-02 01:33:09','2025-10-02 01:33:09',NULL),(46,22,58,5,'Eligendi perferendis optio eos et aut non perferendis. Facere sint neque ut sit. Rerum aliquam aperiam placeat ea. Et fugit dolore fugiat eos.',1,'2025-10-02 01:33:09','2025-10-02 01:33:09',NULL),(47,22,65,3,'Molestiae corporis in quidem mollitia modi dolorem adipisci. Voluptatem aliquam qui qui odio tempore dolor dicta ea. Quos reprehenderit vitae illo id qui non. Possimus odit ex dolor molestiae.',1,'2025-10-02 01:33:09','2025-10-02 01:33:09',NULL),(48,22,80,5,'Rerum ab et sed qui veniam consequatur nihil expedita. Voluptatibus rem neque dicta aut. Aut nesciunt velit voluptatem nesciunt et vitae totam.',1,'2025-10-02 01:33:09','2025-10-02 01:33:09',NULL),(49,22,111,4,'Aut voluptatum ea quia. Nesciunt ipsum voluptatibus veniam ut fugit officiis. Debitis rerum modi dolorem incidunt suscipit maxime.',1,'2025-10-02 01:33:09','2025-10-02 01:33:09',NULL),(50,22,120,5,'Amet et ipsa sit pariatur tenetur neque eos. Minima ab amet accusamus ad quo. Sed magni accusantium corrupti et possimus sit totam maiores.',1,'2025-10-02 01:33:09','2025-10-02 01:33:09',NULL),(51,23,29,4,'Veniam id labore corporis omnis. Ut suscipit error similique dolorem qui. Quo sapiente eos minus voluptatem laborum asperiores id. Repudiandae qui facilis id placeat quis fugiat excepturi.',1,'2025-10-02 01:33:09','2025-10-02 01:33:09',NULL),(52,23,36,3,'Ab harum non sunt eos. Cum sunt deleniti dolorem dolores perspiciatis sit facere. Officiis rerum et ipsum est placeat repellendus ipsam.',1,'2025-10-02 01:33:09','2025-10-02 01:33:09',NULL),(53,23,43,1,'Ducimus voluptate velit qui odit ea saepe nobis qui. Architecto non placeat fugiat. Voluptatibus delectus illo eum sit. Sunt tempora ea earum adipisci et sed doloremque.',1,'2025-10-02 01:33:09','2025-10-02 01:33:09',NULL),(54,23,48,5,'Quibusdam voluptas officia suscipit inventore. Rerum quo possimus inventore quia aspernatur aut. Sunt et sit aut dolorem et tenetur.',1,'2025-10-02 01:33:09','2025-10-02 01:33:09',NULL),(55,23,68,4,'Dolor non pariatur nobis rem. Quaerat fuga deserunt autem dignissimos ipsam consequatur esse voluptas. Aperiam est hic voluptas nam sunt.',1,'2025-10-02 01:33:09','2025-10-02 01:33:09',NULL),(56,23,72,3,'Veniam non sed quisquam. Maiores corporis debitis quaerat asperiores nulla dolorum.',1,'2025-10-02 01:33:09','2025-10-02 01:33:09',NULL),(57,23,101,4,'Maxime odio dolorum nihil in distinctio omnis. Provident veritatis ut odit tempora optio enim. Dolore ipsum expedita voluptatem et modi quasi. Voluptas id accusamus voluptatem. Illo sint molestiae quidem esse dolor architecto consequuntur.',1,'2025-10-02 01:33:09','2025-10-02 01:33:09',NULL),(58,23,108,4,'Autem veritatis est at minus. Iste error ipsam id suscipit. Exercitationem aspernatur mollitia repellendus sit eius asperiores.',1,'2025-10-02 01:33:09','2025-10-02 01:33:09',NULL),(59,23,118,1,'Occaecati incidunt eos veniam et dicta aliquam aspernatur. Deserunt tempora aut et dolores repellat numquam. Architecto aperiam atque eligendi minima qui eaque cum.',1,'2025-10-02 01:33:09','2025-10-02 01:33:09',NULL),(60,24,37,1,'Provident alias rerum tempore dolorem et voluptate minus corporis. Quia occaecati assumenda aperiam iure sapiente accusamus voluptas. Reprehenderit voluptate eligendi pariatur ipsam et et.',1,'2025-10-02 01:33:09','2025-10-02 01:33:09',NULL),(61,24,79,3,'Hic et quibusdam voluptatem qui aperiam quam nihil quia. Odio sed qui et enim iusto repellendus aut alias. Officia debitis asperiores odio. Accusantium rem quaerat autem beatae enim aut ut.',1,'2025-10-02 01:33:09','2025-10-02 01:33:09',NULL),(62,24,116,1,'Praesentium inventore incidunt nisi. Aut et est dolorem modi quia. Dolores eius animi amet hic enim alias minima.',1,'2025-10-02 01:33:09','2025-10-02 01:33:09',NULL),(63,27,36,5,'Et commodi nam asperiores laborum adipisci et dolorum. Rerum suscipit illum nam. Nihil aut labore qui est. Placeat repellat dolor ut saepe voluptas molestiae et.',1,'2025-10-02 01:33:09','2025-10-02 01:33:09',NULL),(64,32,62,1,'Occaecati autem animi minima qui non placeat quis provident. Id reprehenderit et quis dolorum ut placeat perferendis. Ea et eos corrupti inventore et.',1,'2025-10-02 01:33:09','2025-10-02 01:33:09',NULL),(65,32,77,3,'Iure praesentium nobis nam facilis ratione. Deserunt sunt praesentium aperiam ut quas vel. Omnis praesentium perspiciatis adipisci. Praesentium porro id ipsam modi facere est.',1,'2025-10-02 01:33:09','2025-10-02 01:33:09',NULL),(66,35,23,2,'Animi aliquam qui placeat. Labore perspiciatis animi sint at. Deserunt sapiente harum alias id. Impedit distinctio molestias quis laborum quis error ut aut.',1,'2025-10-02 01:33:09','2025-10-02 01:33:09',NULL),(67,35,39,1,'Vel dolorem quaerat facere id illo quisquam. Distinctio nisi rerum sit nemo laudantium. Repellat reprehenderit occaecati minima impedit ullam. Sed maiores aut architecto voluptas nihil voluptas modi est.',1,'2025-10-02 01:33:09','2025-10-02 01:33:09',NULL),(68,35,41,1,'Sit aspernatur laudantium praesentium incidunt tenetur ullam minima. Eius neque nam qui dolorem. Hic enim quis dolores et nam sequi natus. Officiis qui suscipit praesentium labore consequuntur recusandae. Ipsum eaque est sequi eaque accusantium nemo.',1,'2025-10-02 01:33:09','2025-10-02 01:33:09',NULL),(69,35,53,2,'Eius autem quibusdam numquam odio consectetur est aut. Et dignissimos quidem quaerat pariatur accusamus consequatur repellat. In consequuntur non repellendus quia quis.',1,'2025-10-02 01:33:09','2025-10-02 01:33:09',NULL),(70,35,65,4,'Voluptatum dolore minima consequatur enim necessitatibus. Praesentium et architecto eum quasi adipisci. Architecto architecto eum natus tenetur vitae nihil dolorem dolorem. Esse eum inventore quae nobis.',1,'2025-10-02 01:33:09','2025-10-02 01:33:09',NULL),(71,35,67,5,'Quia perspiciatis aut occaecati ut cupiditate aut. Numquam rerum quibusdam tenetur excepturi id. Dolores sed dolorem delectus.',1,'2025-10-02 01:33:09','2025-10-02 01:33:09',NULL),(72,35,68,1,'Nisi quis ea in aut quo. Nihil aspernatur qui illum rem qui delectus aut. Ducimus repellendus nesciunt quis accusamus sunt quisquam tempore.',1,'2025-10-02 01:33:09','2025-10-02 01:33:09',NULL),(73,35,103,2,'Culpa est nihil iste libero dolores nihil vel. Doloremque fugiat deleniti labore. Et aut placeat dolores sed nesciunt reiciendis voluptatum.',1,'2025-10-02 01:33:09','2025-10-02 01:33:09',NULL),(74,35,104,2,'Laboriosam beatae odit eum magnam praesentium. Aut quo aut quibusdam occaecati. Ducimus molestias nemo sapiente est quas eius recusandae. Accusamus sint vitae et consequatur.',1,'2025-10-02 01:33:09','2025-10-02 01:33:09',NULL),(75,36,22,4,'Non dolor dignissimos labore quasi exercitationem nulla asperiores. In sequi impedit aut. Ad sed rerum consequatur. Accusamus nisi quod iure.',1,'2025-10-02 01:33:09','2025-10-02 01:33:09',NULL),(76,36,26,2,'Omnis eum ut dolorem facilis consequatur assumenda deserunt. Facilis praesentium mollitia provident error. Enim corrupti magni autem commodi sed laudantium quam. Dolorem quo accusantium rem quasi et voluptatem architecto.',1,'2025-10-02 01:33:09','2025-10-02 01:33:09',NULL),(77,36,60,5,'Necessitatibus fugiat distinctio ex aut voluptatem. Incidunt vel tenetur voluptatum est consequatur ipsa nihil. Illum aut nesciunt dolore eius voluptatem nesciunt. Tempore aut dolor consequatur est dolorum ut minus officiis.',1,'2025-10-02 01:33:09','2025-10-02 01:33:09',NULL),(78,36,66,1,'Et quidem nemo labore tenetur vitae dolore et. Odio ullam voluptas aut ex. Dignissimos et maxime dolores quia. Cum quia quaerat molestiae quis.',1,'2025-10-02 01:33:09','2025-10-02 01:33:09',NULL),(79,36,70,5,'Architecto sed quo quo enim. Facere consectetur quis in ex ea dolorem distinctio velit. Qui sed quidem enim labore.',1,'2025-10-02 01:33:09','2025-10-02 01:33:09',NULL),(80,36,71,3,'Architecto vero a sed ut. Aut dolor quisquam architecto repellat corporis. Dolorum ut quae fugit fugit dolorum eveniet dolorum vitae.',1,'2025-10-02 01:33:09','2025-10-02 01:33:09',NULL),(81,36,76,2,'Voluptatem voluptas non explicabo illum necessitatibus. Et quo vel rerum laborum. Et quis qui et ipsam. Officiis est sed eveniet temporibus sint at sint. Reiciendis voluptatum debitis et sequi alias aut.',1,'2025-10-02 01:33:09','2025-10-02 01:33:09',NULL),(82,36,95,1,'Sed eveniet quae fugit numquam. Et cum sapiente in aperiam at.',1,'2025-10-02 01:33:09','2025-10-02 01:33:09',NULL),(83,36,109,1,'Necessitatibus et veritatis est consequatur optio sit in. Officiis minus deleniti laudantium quam ullam cum. Qui quas nihil error incidunt quia dolore rerum. Id omnis sunt ducimus dolor dignissimos eum at. Quasi officia veritatis quam delectus quo consectetur quaerat.',1,'2025-10-02 01:33:09','2025-10-02 01:33:09',NULL),(84,38,68,1,'Ea quasi autem explicabo sed inventore est sint. Esse assumenda ea deserunt exercitationem. Quidem quas molestiae a repellendus. Laudantium quam reiciendis cupiditate aut sint odio.',1,'2025-10-02 01:33:09','2025-10-02 01:33:09',NULL),(85,38,76,1,'Voluptatem sapiente consequatur est eius officia quia omnis. Ad molestiae vitae qui. Aut totam ex repellendus ut esse cupiditate.',1,'2025-10-02 01:33:09','2025-10-02 01:33:09',NULL),(86,38,101,3,'Animi voluptates error sed. Maxime minima eos ut quia iste velit. Consectetur non deleniti quos explicabo.',1,'2025-10-02 01:33:09','2025-10-02 01:33:09',NULL),(87,39,32,2,'Totam dolores reprehenderit soluta et sunt laudantium. Est quod voluptatem ipsum non odit.',1,'2025-10-02 01:33:09','2025-10-02 01:33:09',NULL),(88,39,54,5,'Sed aut labore mollitia in nesciunt facere quisquam nulla. Suscipit magni officia sint facere ut accusamus. Corporis voluptas voluptatem vitae. Ad alias sit illo omnis iste.',1,'2025-10-02 01:33:09','2025-10-02 01:33:09',NULL),(89,39,67,4,'Est quos eius quia a illum rerum omnis. Accusantium exercitationem ut molestiae omnis quo. Ea dolorem eius velit tenetur.',1,'2025-10-02 01:33:09','2025-10-02 01:33:09',NULL),(90,39,111,2,'Qui iure quia magni itaque officiis voluptates nisi. Qui est vero est sed. Est sed itaque fugiat molestiae quam dolorem. Minus voluptatem neque saepe commodi omnis voluptate harum tempora. Libero veritatis voluptas alias tempore.',1,'2025-10-02 01:33:09','2025-10-02 01:33:09',NULL),(91,40,45,3,'Vel impedit consequuntur earum quia dolore magni. Eos est deserunt tempore eligendi. Ratione temporibus voluptatibus suscipit.',1,'2025-10-02 01:33:09','2025-10-02 01:33:09',NULL),(92,40,53,2,'Et id voluptas id qui voluptatum. Quae quis est distinctio. Eius quibusdam autem debitis aliquid eos explicabo et. Nihil quasi autem repudiandae.',1,'2025-10-02 01:33:09','2025-10-02 01:33:09',NULL),(93,40,56,5,'Et non repellat cum vero distinctio illo asperiores. Magni quis reprehenderit voluptatibus quis. Animi non aut atque eum nobis sunt quisquam.',1,'2025-10-02 01:33:09','2025-10-02 01:33:09',NULL),(94,40,61,1,'Velit officia quibusdam aspernatur sit est natus. Vitae in earum illum et quibusdam repellat ex. Deserunt eos mollitia non sapiente.',1,'2025-10-02 01:33:09','2025-10-02 01:33:09',NULL),(95,40,64,3,'Corporis ut sed atque quis vero. Adipisci qui eos veritatis magnam aspernatur rem consequuntur. Animi dolore fugit eos dolorem possimus.',1,'2025-10-02 01:33:09','2025-10-02 01:33:09',NULL),(96,40,77,5,'Hic qui eius sit voluptatem quia aut at praesentium. Expedita rerum laborum blanditiis error distinctio ratione nihil. Eos sit minus molestiae sed. Delectus enim error vel.',1,'2025-10-02 01:33:09','2025-10-02 01:33:09',NULL),(97,40,106,5,'Possimus quis iusto velit. Molestiae sunt aut doloribus facere. Ab rerum illum rerum consequuntur cupiditate.',1,'2025-10-02 01:33:09','2025-10-02 01:33:09',NULL),(98,40,118,2,'Est provident ut vitae totam. Repellendus sunt consequuntur optio. Harum consequatur voluptatum id aut. Facere mollitia fuga voluptatem.',1,'2025-10-02 01:33:09','2025-10-02 01:33:09',NULL),(99,43,56,5,'Est dignissimos rem eveniet nihil officiis quibusdam sunt. Aut velit odio dolor non qui. Sit tenetur libero quia recusandae unde voluptas magni.',1,'2025-10-02 01:33:09','2025-10-02 01:33:09',NULL),(100,43,120,5,'Deleniti doloribus quia veniam nulla illo et. Praesentium incidunt quia qui dolorem.',1,'2025-10-02 01:33:09','2025-10-02 01:33:09',NULL),(101,44,31,1,'Quisquam cumque et est voluptatibus in. A aliquam est fugiat consequatur tempora saepe. Ut et corrupti sapiente mollitia qui dolorem ut. Aut soluta rerum aliquid inventore reiciendis vel minus.',1,'2025-10-02 01:33:09','2025-10-02 01:33:09',NULL),(102,44,32,1,'Perspiciatis laudantium vero non molestiae possimus rem voluptatum. Natus doloremque praesentium quas et quia quae enim. Voluptatibus molestiae ut autem et laboriosam a voluptate.',1,'2025-10-02 01:33:09','2025-10-02 01:33:09',NULL),(103,44,36,1,'Perferendis optio placeat dolores officia sed. Nemo alias occaecati laudantium molestiae. Aut et eos esse illum. Quo corporis natus numquam sint sunt quasi dignissimos.',1,'2025-10-02 01:33:09','2025-10-02 01:33:09',NULL),(104,44,40,1,'Sit voluptatem sit quo aut delectus. Labore autem quidem in vitae similique id in. Qui doloremque ea saepe nihil officiis repellendus.',1,'2025-10-02 01:33:09','2025-10-02 01:33:09',NULL),(105,44,41,2,'Voluptas est et odio. Quo est ipsam nostrum ex aspernatur corporis. Asperiores aliquid itaque molestias ea architecto rerum provident. Dolore ut occaecati dolorem.',1,'2025-10-02 01:33:09','2025-10-02 01:33:09',NULL),(106,44,48,2,'Ipsum qui molestiae est facere iure et. Sed soluta quas amet doloremque non autem est.',1,'2025-10-02 01:33:09','2025-10-02 01:33:09',NULL),(107,44,73,4,'Magni eius velit laborum dolor temporibus. Rem vero dolore commodi quae. Beatae amet reprehenderit aliquam rerum.',1,'2025-10-02 01:33:09','2025-10-02 01:33:09',NULL),(108,44,79,3,'Est est qui impedit saepe sint harum. Quia eaque pariatur aliquam quaerat aperiam qui soluta.',1,'2025-10-02 01:33:09','2025-10-02 01:33:09',NULL),(109,45,30,4,'Rerum commodi quia sit laborum omnis sed. Asperiores corporis rerum est sed excepturi quos eaque ipsum. Eveniet id qui necessitatibus quaerat et nesciunt.',1,'2025-10-02 01:33:09','2025-10-02 01:33:09',NULL),(110,45,56,3,'Quo est nesciunt ab et animi. Adipisci doloribus dolorum aut eligendi voluptas nam eligendi. Repellat eos impedit sed pariatur. Adipisci eum officiis voluptatum doloribus dolore distinctio.',1,'2025-10-02 01:33:09','2025-10-02 01:33:09',NULL),(111,45,115,2,'Odio est dicta officia dolorem harum. Tenetur quia mollitia odio. Expedita voluptas ut rem rerum.',1,'2025-10-02 01:33:09','2025-10-02 01:33:09',NULL),(112,46,26,1,'Non explicabo cum minima rerum. Atque et consequatur deleniti suscipit vel reprehenderit. Perspiciatis ea nemo sapiente ea consectetur qui.',1,'2025-10-02 01:33:09','2025-10-02 01:33:09',NULL),(113,46,31,2,'Cupiditate sunt eum similique beatae dignissimos voluptatem repellat. Ut nam officia mollitia voluptatem fuga officia. Tenetur assumenda cumque neque eius.',1,'2025-10-02 01:33:09','2025-10-02 01:33:09',NULL),(114,46,47,4,'Quia labore ut neque. Numquam odio doloribus assumenda similique praesentium distinctio deleniti. Reprehenderit ea ratione aut ducimus odit molestiae voluptatum. Tempore quidem atque dolor et officiis.',1,'2025-10-02 01:33:09','2025-10-02 01:33:09',NULL),(115,46,62,4,'Et aut temporibus odio reprehenderit at. Aut aperiam repellendus nostrum consequatur sapiente. Qui aspernatur rem cum maxime ipsa aspernatur temporibus.',1,'2025-10-02 01:33:09','2025-10-02 01:33:09',NULL),(116,46,102,5,'Omnis iusto voluptatem sunt autem. Repellendus id optio et sequi officiis doloremque labore inventore. Voluptas occaecati architecto neque deleniti. Provident voluptatem quos nihil earum.',1,'2025-10-02 01:33:09','2025-10-02 01:33:09',NULL),(117,46,105,4,'Est beatae ad maxime. Illo vitae voluptatem voluptate voluptatem magnam fugit. Vel officiis magnam consectetur magnam blanditiis. Sequi voluptas eum eum adipisci aut doloremque dicta dicta.',1,'2025-10-02 01:33:09','2025-10-02 01:33:09',NULL),(118,47,81,2,'Et minus impedit dolores omnis repellendus suscipit ducimus. Est dolores culpa in suscipit ea tenetur. Asperiores magni nesciunt blanditiis eos.',1,'2025-10-02 01:33:09','2025-10-02 01:33:09',NULL),(119,49,70,1,'Dicta qui dolore et consectetur alias quia. Velit aut qui et tempore corrupti accusantium soluta. Excepturi voluptatem dolore illum ipsam commodi ipsa facilis quos.',1,'2025-10-02 01:33:09','2025-10-02 01:33:09',NULL),(120,50,28,1,'Et nemo aliquam in dolore. In ut tenetur libero numquam iusto. Corporis voluptatem aut dolor provident.',1,'2025-10-02 01:33:09','2025-10-02 01:33:09',NULL),(121,50,87,4,'Et adipisci in omnis eos quo in inventore deleniti. Dignissimos incidunt labore non omnis nam. Facilis dolorem odio ut veniam voluptatum est quisquam. Voluptatem est quia dolor ea velit blanditiis. Et rem velit itaque qui delectus et cupiditate.',1,'2025-10-02 01:33:09','2025-10-02 01:33:09',NULL),(122,51,61,1,'Omnis aliquam qui nihil commodi quo. Dolorem officia velit cumque vitae ratione. Quibusdam laudantium fuga ut libero saepe. Quas sunt dignissimos excepturi eos exercitationem perspiciatis.',1,'2025-10-02 01:33:09','2025-10-02 01:33:09',NULL),(123,51,71,2,'Autem incidunt et minus et harum. Tempora omnis deleniti impedit a nesciunt. Ab itaque ea rerum sint qui voluptas. Est quo voluptatibus eum aliquid vel.',1,'2025-10-02 01:33:09','2025-10-02 01:33:09',NULL),(124,51,96,3,'Incidunt nobis iusto error et ipsa deserunt. Omnis nostrum ea pariatur nihil. Sit nihil voluptatum error. Quis quo qui impedit sit autem et consectetur architecto.',1,'2025-10-02 01:33:09','2025-10-02 01:33:09',NULL),(125,51,109,2,'Consequatur similique consequuntur eum non consequuntur nihil. Quidem sit aliquid sint suscipit ipsa possimus vero. Qui consequatur ipsa harum sunt aperiam occaecati. Quibusdam mollitia sit voluptatem consequatur facere fugiat laudantium.',1,'2025-10-02 01:33:09','2025-10-02 01:33:09',NULL),(126,52,45,3,'Sint ipsam at placeat ipsam voluptas minima. Et nam eaque vitae vel. Aut sunt cumque unde architecto. Saepe cum atque excepturi quo aut.',1,'2025-10-02 01:33:09','2025-10-02 01:33:09',NULL),(127,52,58,1,'Itaque tempore voluptatum quasi occaecati quibusdam. Ut aut reiciendis asperiores. Eum ipsam itaque perspiciatis quia occaecati quae. Ex enim facere consequuntur tempore.',1,'2025-10-02 01:33:09','2025-10-02 01:33:09',NULL),(128,52,72,3,'Voluptatem voluptate voluptas similique vel placeat quia repudiandae. Pariatur dolores sequi similique asperiores. Nisi rem quia fugit corporis magni sunt.',1,'2025-10-02 01:33:09','2025-10-02 01:33:09',NULL),(129,52,93,4,'Ipsum eveniet non omnis qui est quia vitae. Necessitatibus quasi debitis consequuntur. Inventore rerum aut sunt ut at natus. Et molestiae sed placeat unde suscipit.',1,'2025-10-02 01:33:09','2025-10-02 01:33:09',NULL),(130,52,100,2,'Quisquam at aut ex possimus rerum. Odit dolores veritatis eligendi voluptatem. Et impedit eum quisquam sit facere.',1,'2025-10-02 01:33:09','2025-10-02 01:33:09',NULL),(131,52,108,4,'Possimus similique aut culpa beatae dolorem natus id eius. Ut iusto et libero quia.',1,'2025-10-02 01:33:09','2025-10-02 01:33:09',NULL),(132,54,32,4,'Veritatis quaerat quasi a voluptatem. Non saepe reiciendis maxime quasi. Est sunt ipsa eius. Officia itaque necessitatibus aut.',1,'2025-10-02 01:33:09','2025-10-02 01:33:09',NULL),(133,54,45,2,'Voluptatum enim omnis totam cupiditate. Velit qui sunt ab dignissimos. Dignissimos sed voluptatem eius magnam voluptatem quas ut. Doloribus quia blanditiis sed culpa dolor ut quibusdam.',1,'2025-10-02 01:33:09','2025-10-02 01:33:09',NULL),(134,54,56,2,'Quas debitis in eveniet saepe eligendi illo vel ut. Quas quas ullam laboriosam omnis necessitatibus ut dolor. Asperiores consectetur voluptatibus eos sunt sed ea temporibus. Error voluptas aut consequatur qui.',1,'2025-10-02 01:33:09','2025-10-02 01:33:09',NULL),(135,54,88,5,'Nobis dolor aliquam quibusdam velit autem nobis quaerat. Necessitatibus totam vel quo molestiae harum. Alias quod quia mollitia fugiat et. Nemo et et blanditiis excepturi et voluptatum. Dolores atque eligendi officia facere laboriosam impedit consectetur.',1,'2025-10-02 01:33:09','2025-10-02 01:33:09',NULL),(136,54,112,3,'Ut sunt modi error odit similique. Repellat officiis magnam deserunt omnis qui quasi ea. Cumque dolor excepturi eos. Nostrum cupiditate consequatur sint nam.',1,'2025-10-02 01:33:09','2025-10-02 01:33:09',NULL),(137,54,114,4,'Ullam doloribus et voluptatem odit. Magnam accusamus veritatis quis. Explicabo et aut deleniti debitis. Ut ullam delectus asperiores repellendus voluptates.',1,'2025-10-02 01:33:09','2025-10-02 01:33:09',NULL),(138,54,121,3,'Eum veritatis voluptates reprehenderit atque autem soluta minima. Dolor dolore natus dolore tempora. Et mollitia voluptatum natus aliquid culpa omnis. Voluptas rerum fugiat eaque.',1,'2025-10-02 01:33:09','2025-10-02 01:33:09',NULL),(139,55,62,1,'Cum suscipit aut voluptatum. Voluptates ut provident similique. Temporibus nesciunt pariatur voluptatum eveniet explicabo voluptates.',1,'2025-10-02 01:33:09','2025-10-02 01:33:09',NULL),(140,55,63,4,'Est tempore reiciendis ad. Ut ratione sapiente quia. In mollitia earum dolore architecto labore.',1,'2025-10-02 01:33:09','2025-10-02 01:33:09',NULL),(141,55,74,1,'Culpa possimus officiis quo aut delectus unde. Aut autem enim expedita maiores fugiat et. Animi repellat repellendus repellat est reprehenderit ducimus.',1,'2025-10-02 01:33:09','2025-10-02 01:33:09',NULL),(142,55,89,1,'Eum dignissimos aut maxime aperiam iusto. Vel eum dolorum sequi temporibus. Quae repellat nostrum fugiat ut. Repellendus illum et dolores iste illo voluptas consequatur ex.',1,'2025-10-02 01:33:09','2025-10-02 01:33:09',NULL),(143,55,106,3,'Molestias aliquam qui laudantium est neque at aperiam quam. Fugiat commodi velit et ipsum quod.',1,'2025-10-02 01:33:09','2025-10-02 01:33:09',NULL),(144,55,107,3,'Eum consequuntur possimus tempore eius debitis numquam quam. Animi laboriosam rem id et eligendi. Est sunt at voluptatum tempora minus ut delectus. Et commodi omnis alias voluptas.',1,'2025-10-02 01:33:09','2025-10-02 01:33:09',NULL),(145,55,112,2,'Hic eius sit veniam similique omnis id hic. Aspernatur tempore velit qui non eveniet nesciunt. Et reiciendis exercitationem saepe qui est et eum. Culpa consequatur praesentium sed quas quas molestiae voluptatibus.',1,'2025-10-02 01:33:09','2025-10-02 01:33:09',NULL),(146,55,116,2,'Facilis eaque repellendus ut fugit nulla soluta quis. Hic unde possimus recusandae assumenda voluptatibus ad impedit. Magnam itaque vel omnis non aperiam non temporibus.',1,'2025-10-02 01:33:09','2025-10-02 01:33:09',NULL),(147,57,36,1,'Sit et blanditiis nihil autem. Exercitationem amet necessitatibus maxime corrupti. Reiciendis quia quo quo nihil quidem deleniti. Dolorem sint dolores nulla quos debitis et adipisci.',1,'2025-10-02 01:33:09','2025-10-02 01:33:09',NULL),(148,57,64,3,'Tenetur odit reprehenderit quia qui. Omnis quis quis esse corrupti enim consectetur dolor omnis. Magni quis occaecati et totam quisquam consectetur corporis nesciunt.',1,'2025-10-02 01:33:09','2025-10-02 01:33:09',NULL),(149,57,95,4,'Voluptatum et quia non. Veritatis aut consequatur sed consectetur atque et. Consectetur voluptatibus quis magnam excepturi earum temporibus soluta.',1,'2025-10-02 01:33:09','2025-10-02 01:33:09',NULL),(150,57,97,3,'Quo esse laboriosam id ut. Ullam excepturi vero aut blanditiis dolorum. Numquam numquam aut corrupti ipsam. Necessitatibus sint est soluta quia velit placeat.',1,'2025-10-02 01:33:09','2025-10-02 01:33:09',NULL),(151,57,111,5,'Sit velit inventore est autem iste nihil. Sit sed porro voluptatem quos perspiciatis sit quaerat harum. Veritatis cum sint suscipit voluptate rerum minima. Et reiciendis doloribus rerum cupiditate non ullam esse.',1,'2025-10-02 01:33:09','2025-10-02 01:33:09',NULL),(152,57,118,5,'Et perspiciatis similique et. Nihil aut repellat voluptatem sunt. Tempora est impedit maxime. Expedita non est vero at facere consectetur.',1,'2025-10-02 01:33:09','2025-10-02 01:33:09',NULL),(153,59,24,4,'Aut ducimus magnam in dolore aliquam eius asperiores. Aut recusandae sit eum. Quaerat aut et corrupti numquam. Ducimus expedita sed assumenda numquam doloremque iusto nobis voluptates.',1,'2025-10-02 01:33:09','2025-10-02 01:33:09',NULL),(154,59,70,2,'Quo quia veniam odio aut. Et natus et quas consequatur eaque. Unde enim ut consequatur sed esse. Qui velit aut repellat rem sed inventore eaque.',1,'2025-10-02 01:33:09','2025-10-02 01:33:09',NULL),(155,59,96,1,'Ex ut quia facilis. Velit accusamus accusamus officiis sint quidem ipsa optio. Ducimus vitae placeat maxime ullam omnis tempore consequuntur.',1,'2025-10-02 01:33:09','2025-10-02 01:33:09',NULL),(156,64,33,3,'Fuga sint illum rerum provident dolor rerum architecto. Quia qui repellat aliquam tenetur. Distinctio mollitia quisquam fuga. Nihil recusandae possimus fuga repellat nobis odit tempora. Corporis ut omnis laudantium nesciunt est similique nisi.',1,'2025-10-02 01:33:09','2025-10-02 01:33:09',NULL),(157,64,35,4,'Quidem vel eligendi laboriosam eius et. Et et nihil et tempora voluptas ut. Expedita molestiae maxime officiis aut nemo voluptatem.',1,'2025-10-02 01:33:09','2025-10-02 01:33:09',NULL),(158,64,52,4,'Officia facilis quidem accusantium debitis autem voluptatibus vel molestiae. Ullam et dignissimos dicta dolorum error ratione ea. Vero vel dolores hic quae voluptatum. Neque enim similique maiores expedita facilis eius sequi. Optio voluptatum nesciunt dignissimos voluptatum.',1,'2025-10-02 01:33:09','2025-10-02 01:33:09',NULL),(159,64,57,5,'Minima aut asperiores quis quam sit voluptates. Quidem at dolorem ea sed adipisci optio facilis. Eum repellendus sunt ab ut est. Aliquam odit est a repellendus omnis aut.',1,'2025-10-02 01:33:09','2025-10-02 01:33:09',NULL),(160,64,75,5,'Omnis ex soluta laborum quo adipisci quod. Tempora vel autem dolorem ut similique saepe. Sapiente commodi quis voluptatibus veniam quod. Et in et ab.',1,'2025-10-02 01:33:09','2025-10-02 01:33:09',NULL),(161,64,78,5,'Sunt explicabo voluptas dolorem nihil sunt et quia. Non occaecati animi eveniet beatae et error. Sit voluptates non officia corporis nemo ad labore. Illum mollitia nihil laborum quam delectus dolore.',1,'2025-10-02 01:33:09','2025-10-02 01:33:09',NULL),(162,64,94,5,'Deserunt qui ut repellendus et ut. Voluptas non et aut hic. Laboriosam molestiae aut dolorem a rerum.',1,'2025-10-02 01:33:09','2025-10-02 01:33:09',NULL),(163,64,104,5,'Repellendus voluptatem esse expedita quod illo sit quia. Assumenda ut dolorem et minima aliquid. Modi quia tenetur vitae atque. Quos nemo cupiditate porro et ea dolores quisquam est.',1,'2025-10-02 01:33:09','2025-10-02 01:33:09',NULL),(164,65,26,5,'Deleniti ut sapiente dolore fugit et. Optio ut deleniti qui earum ut tempore.',1,'2025-10-02 01:33:09','2025-10-02 01:33:09',NULL),(165,65,33,1,'Cum eum eos molestias nam molestias esse aliquid sunt. Debitis voluptate non eaque.',1,'2025-10-02 01:33:09','2025-10-02 01:33:09',NULL),(166,65,43,3,'Consectetur qui quis quaerat tempora atque. Dolorum at veniam animi et rerum minus ut. Voluptatum accusantium non ut accusantium quia voluptates et. Fuga beatae facere qui tempora officiis illum qui.',1,'2025-10-02 01:33:09','2025-10-02 01:33:09',NULL),(167,65,51,4,'Aut minima et eligendi occaecati molestias autem. Est quam et ut distinctio.',1,'2025-10-02 01:33:09','2025-10-02 01:33:09',NULL),(168,65,54,3,'Cupiditate debitis sapiente suscipit. Velit aliquam mollitia vel voluptatibus aperiam tenetur. Et ut quia suscipit officiis at.',1,'2025-10-02 01:33:09','2025-10-02 01:33:09',NULL),(169,65,81,1,'Necessitatibus est consequatur similique est omnis laborum. Quia tempora voluptas tempore tempore praesentium quia perferendis. Id necessitatibus et rerum nulla rerum impedit.',1,'2025-10-02 01:33:09','2025-10-02 01:33:09',NULL),(170,65,85,4,'Ut et facere esse velit ex unde quisquam. Commodi dolorem libero quia maiores. Impedit nam et ipsum adipisci cumque. Non quisquam cumque dolorum illo.',1,'2025-10-02 01:33:09','2025-10-02 01:33:09',NULL),(171,65,109,2,'Voluptas iusto fuga neque et corrupti aliquam. Incidunt velit repudiandae qui ut consectetur enim.',1,'2025-10-02 01:33:09','2025-10-02 01:33:09',NULL),(172,65,110,5,'Et pariatur fuga molestiae a. Animi debitis soluta aliquid temporibus. Ipsum laborum rerum ea numquam rerum. Ipsam ullam aut vero dolore dolores.',1,'2025-10-02 01:33:09','2025-10-02 01:33:09',NULL),(173,66,23,3,'Repudiandae natus ullam id nihil. Perspiciatis reiciendis sint magni soluta ea. Voluptates qui reiciendis error. Ut quae sed rerum.',1,'2025-10-02 01:33:09','2025-10-02 01:33:09',NULL),(174,66,70,1,'Minus qui qui est dignissimos. Labore aut aliquid consequuntur. Voluptatibus aut sint ea quia. Fuga ratione officia aut id excepturi totam.',1,'2025-10-02 01:33:09','2025-10-02 01:33:09',NULL),(175,66,96,5,'Explicabo officia et ducimus perferendis dolorem. Consequuntur architecto velit deleniti dolor laudantium sint et aspernatur. Fugit quos cumque animi expedita quo aperiam ullam. Harum odio qui et nesciunt consequatur aliquid. Et quae explicabo voluptatibus ullam.',1,'2025-10-02 01:33:09','2025-10-02 01:33:09',NULL),(176,66,114,5,'Pariatur eaque quo et provident recusandae tempore. Doloremque quia laboriosam sed quia similique a velit exercitationem. Nihil est labore assumenda.',1,'2025-10-02 01:33:09','2025-10-02 01:33:09',NULL),(177,68,107,1,'Minus explicabo et accusamus cupiditate odit distinctio expedita. Assumenda incidunt culpa quo magni autem nam.',1,'2025-10-02 01:33:09','2025-10-02 01:33:09',NULL),(178,74,58,1,'Neque libero enim qui porro quasi fuga. Adipisci et alias assumenda a tempore autem corporis. Itaque architecto explicabo at omnis occaecati ut voluptatem.',1,'2025-10-02 01:33:09','2025-10-02 01:33:09',NULL),(179,74,80,3,'Non molestiae ipsa vero molestiae illum incidunt numquam ut. Id quia est unde accusamus rerum tempora nulla. Ut doloremque velit nihil hic quia quis.',1,'2025-10-02 01:33:09','2025-10-02 01:33:09',NULL),(180,75,87,3,'Sunt voluptas eveniet maxime veritatis sunt. Quaerat quaerat quidem vitae est quo ea quia quia. Qui aliquid laborum et quos et velit. Quaerat rerum earum vel fugiat voluptatem praesentium.',1,'2025-10-02 01:33:09','2025-10-02 01:33:09',NULL),(181,77,68,2,'Occaecati autem reprehenderit aut eos impedit praesentium. Facere laboriosam sit ut incidunt at sunt aut. Aut tempora eligendi laborum sed exercitationem ad minima est. Impedit est ut quis voluptas nemo et voluptatem.',1,'2025-10-02 01:33:09','2025-10-02 01:33:09',NULL),(182,77,69,3,'Rerum qui in est sint. Dolorem sed ab nam autem soluta mollitia illum. Omnis accusamus possimus est sit ratione rerum voluptatem ratione. Earum voluptatem voluptatem quos voluptatem accusantium iure. Accusamus beatae minima tenetur repudiandae corporis eveniet saepe.',1,'2025-10-02 01:33:09','2025-10-02 01:33:09',NULL),(183,77,72,1,'Ab ea ut ullam perspiciatis atque aut. Repellendus ab facilis in explicabo dolores. Autem consectetur quam qui quia tempora. Ratione labore temporibus quibusdam atque.',1,'2025-10-02 01:33:09','2025-10-02 01:33:09',NULL),(184,77,90,4,'Possimus sint aut eaque laborum nihil magni. Tenetur enim eaque sapiente sapiente quas. Maxime blanditiis veritatis repellat unde similique.',1,'2025-10-02 01:33:09','2025-10-02 01:33:09',NULL),(185,77,96,3,'Similique nihil et consequuntur sint voluptate. Et qui quaerat reiciendis sed occaecati modi. Ullam possimus sint asperiores autem non. Sint temporibus sit eius sint. Cum ratione aperiam consequatur aliquid dolor repudiandae.',1,'2025-10-02 01:33:09','2025-10-02 01:33:09',NULL),(186,77,99,2,'Adipisci eos quas omnis non. Ipsam cumque nostrum consequatur repellendus a magni exercitationem. Et quia corporis itaque dolorum cumque iure harum veniam. Eligendi possimus illo assumenda dignissimos tenetur.',1,'2025-10-02 01:33:09','2025-10-02 01:33:09',NULL),(187,77,113,1,'Tempora iusto tempora nihil id sequi qui est. Velit voluptate hic et illo nulla. Similique eos aliquam deserunt sint incidunt unde. Ipsum placeat maxime est reiciendis expedita. Error ipsam eos hic sint corporis ad.',1,'2025-10-02 01:33:09','2025-10-02 01:33:09',NULL),(188,79,62,4,'Repudiandae veritatis dolores quibusdam sint est doloremque quis minus. Esse nihil ut minima. Est aut quia quae at aut fuga. Nulla accusantium iure vel tempore ut. Culpa enim consectetur qui quae et.',1,'2025-10-02 01:33:09','2025-10-02 01:33:09',NULL),(189,80,22,4,'Perspiciatis voluptates et rerum repellat. Voluptate illum doloribus dolorum alias vel minima. Cupiditate rerum quia corporis dolorem vitae architecto. Sit suscipit repellendus velit sapiente itaque earum placeat.',1,'2025-10-02 01:33:09','2025-10-02 01:33:09',NULL),(190,80,37,1,'Assumenda eum nemo corrupti voluptate. Animi ut eveniet laudantium laboriosam. Optio veritatis odio ex consectetur esse aliquam. Sit quo dolorem aut et occaecati. Placeat ullam rem voluptatem.',1,'2025-10-02 01:33:09','2025-10-02 01:33:09',NULL),(191,80,117,1,'Voluptates beatae quia explicabo facilis. Consequuntur sed veniam voluptatum aut. Dolorem et occaecati autem magni est aliquam. Tempora assumenda magnam numquam omnis.',1,'2025-10-02 01:33:09','2025-10-02 01:33:09',NULL),(192,82,30,1,'Est sed velit quibusdam vel. Quasi pariatur enim consequuntur mollitia sed. Occaecati repellat laboriosam nemo.',1,'2025-10-02 01:33:09','2025-10-02 01:33:09',NULL),(193,82,31,1,'Nostrum quas quo natus iure. Voluptas ullam autem corrupti consequatur sed. Hic nostrum enim sit inventore. Minus asperiores omnis quia eaque.',1,'2025-10-02 01:33:09','2025-10-02 01:33:09',NULL),(194,82,44,5,'Voluptatibus qui aliquam quo non exercitationem magni. Blanditiis nam omnis expedita dolor id enim aut. Excepturi eius aut eum aperiam officia voluptatem mollitia. Voluptatem architecto nostrum sed alias animi. Deserunt porro velit nemo ipsa eaque.',1,'2025-10-02 01:33:09','2025-10-02 01:33:09',NULL),(195,82,48,3,'Quasi vitae laudantium placeat quos ut nihil necessitatibus corporis. Facere nobis numquam non et error. Voluptatem quia natus ea occaecati.',1,'2025-10-02 01:33:09','2025-10-02 01:33:09',NULL),(196,82,55,5,'Aperiam earum et facilis culpa et vitae veniam. Ratione cupiditate voluptatem minus saepe explicabo natus. Minus et qui quos molestiae eveniet necessitatibus. Et doloremque eos ipsum eveniet amet.',1,'2025-10-02 01:33:09','2025-10-02 01:33:09',NULL),(197,82,65,3,'Odio qui beatae quaerat a maiores sint. Praesentium nobis qui natus magnam sed accusamus.',1,'2025-10-02 01:33:09','2025-10-02 01:33:09',NULL),(198,82,71,1,'Aut eaque voluptatem omnis. Ut enim quia qui tempora consequatur ea. Laudantium asperiores error rem sapiente et qui. Repudiandae sunt nihil autem est esse.',1,'2025-10-02 01:33:09','2025-10-02 01:33:09',NULL),(199,82,87,2,'Aperiam sapiente quo quia quisquam. Voluptas quo necessitatibus ut deserunt perferendis ipsa. Eligendi quis omnis hic voluptatibus inventore.',1,'2025-10-02 01:33:09','2025-10-02 01:33:09',NULL),(200,82,90,5,'Et harum aliquam porro ipsum. A ad est et aut. At harum eveniet fuga autem.',1,'2025-10-02 01:33:09','2025-10-02 01:33:09',NULL),(201,82,95,5,'Doloribus sit quia quasi nemo dolor. Est laborum consectetur sed architecto et eos. Dolorem doloremque voluptas pariatur iure ut ipsum.',1,'2025-10-02 01:33:09','2025-10-02 01:33:09',NULL),(202,83,22,3,'Natus vero nesciunt alias libero fuga. Ut odit totam voluptatem. Deserunt mollitia et distinctio alias cum enim minus. Autem doloremque facere voluptatem.',1,'2025-10-02 01:33:09','2025-10-02 01:33:09',NULL),(203,83,46,1,'Reiciendis est sed ut placeat eveniet ex ut voluptatem. Vitae fugiat eligendi eos culpa beatae suscipit et. Asperiores doloribus explicabo odit voluptatum et. Aut voluptas impedit ut aut velit consequatur consequatur.',1,'2025-10-02 01:33:10','2025-10-02 01:33:10',NULL),(204,83,58,4,'Sit tenetur quaerat ut placeat. Reiciendis dolores dolorum sed praesentium tenetur accusamus ut. Id amet quia consequatur tempore animi aperiam laudantium.',1,'2025-10-02 01:33:10','2025-10-02 01:33:10',NULL),(205,83,69,3,'Reiciendis corrupti provident neque vero. Et vel temporibus ducimus ut. Quae ex impedit officia ipsam. Aliquam nulla nesciunt rerum voluptatem et non reiciendis.',1,'2025-10-02 01:33:10','2025-10-02 01:33:10',NULL),(206,83,80,5,'Est commodi laudantium facere earum. Hic accusantium rerum voluptas maiores minima magnam a. Non omnis consequuntur eius quisquam.',1,'2025-10-02 01:33:10','2025-10-02 01:33:10',NULL),(207,83,84,4,'Amet reiciendis omnis quasi laudantium omnis corporis id in. Eius laborum harum ex consectetur hic numquam fugiat et. Temporibus ut a est non. Earum et amet ad rerum in quasi possimus.',1,'2025-10-02 01:33:10','2025-10-02 01:33:10',NULL),(208,83,98,4,'Iure necessitatibus et qui sed et quia. Blanditiis molestiae aut hic occaecati eveniet voluptas officiis voluptatum. Aspernatur quidem distinctio iure omnis inventore voluptas libero odio.',1,'2025-10-02 01:33:10','2025-10-02 01:33:10',NULL),(209,83,100,5,'Repellat et et debitis ad eos cumque sed. Ea beatae minima sit quia ipsum laudantium voluptas. Odit sunt quos consequatur earum aut.',1,'2025-10-02 01:33:10','2025-10-02 01:33:10',NULL),(210,83,106,4,'Voluptas voluptas animi sed laborum. Omnis magnam est tempora eum suscipit tenetur rerum. Rerum omnis quas consequatur officiis architecto. Est aut nemo assumenda similique labore.',1,'2025-10-02 01:33:10','2025-10-02 01:33:10',NULL),(211,86,23,2,'Modi voluptatibus laboriosam occaecati id expedita beatae. Similique eos iusto modi repellendus. Aspernatur tempora unde et illum fugit et voluptas.',1,'2025-10-02 01:33:10','2025-10-02 01:33:10',NULL),(212,86,48,3,'Sit delectus repellat explicabo aut consequuntur quos. Eum officia rerum rerum consequatur officia doloribus totam. Sint voluptatem cupiditate facere officia sit. Quam iste quia aut aut dolor officia.',1,'2025-10-02 01:33:10','2025-10-02 01:33:10',NULL),(213,86,65,3,'Est quod id aliquid iste velit omnis vel. Necessitatibus vitae voluptatem qui quas voluptate quo. Odit est sint eos nobis et ipsa consequatur.',1,'2025-10-02 01:33:10','2025-10-02 01:33:10',NULL),(214,88,42,2,'Eveniet molestiae tempore odio repudiandae porro est cumque magni. Saepe dolorem laboriosam sint a necessitatibus ea beatae sit. Veritatis dolores officia alias et error.',1,'2025-10-02 01:33:10','2025-10-02 01:33:10',NULL),(215,88,91,4,'Distinctio quia quia aut. Ad sint laborum sunt asperiores sed nemo voluptatem. Fugit consequatur consequatur porro explicabo. Explicabo quisquam aut id deserunt omnis ut sit. Rerum aut enim est et non dolore expedita.',1,'2025-10-02 01:33:10','2025-10-02 01:33:10',NULL),(216,89,27,2,'Iure ipsum exercitationem sunt aperiam ut mollitia dolor. Ut nesciunt et reiciendis explicabo molestiae beatae. Facilis et autem et inventore ducimus est et rem. Iusto cupiditate voluptatem sed accusamus earum porro enim.',1,'2025-10-02 01:33:10','2025-10-02 01:33:10',NULL),(217,89,40,1,'Quia asperiores dolore quos placeat. Commodi non ut itaque voluptas quis voluptatem. Deserunt aut et voluptatem voluptatem animi ipsam vitae.',1,'2025-10-02 01:33:10','2025-10-02 01:33:10',NULL),(218,89,45,2,'Alias non est est quas similique. Molestias provident eos quam dolorem at officia dignissimos ut. Quae nihil aut omnis enim. Praesentium possimus sed eaque reiciendis vitae maxime.',1,'2025-10-02 01:33:10','2025-10-02 01:33:10',NULL),(219,89,49,1,'Enim officiis impedit provident fugit et. Enim explicabo consequatur pariatur consequatur. Quis sit eos qui hic.',1,'2025-10-02 01:33:10','2025-10-02 01:33:10',NULL),(220,89,50,5,'Est voluptas animi aspernatur soluta architecto molestiae consequatur. Quaerat et nam exercitationem ipsa. Officia aut quia iure blanditiis et. Animi neque et debitis eos magni sint.',1,'2025-10-02 01:33:10','2025-10-02 01:33:10',NULL),(221,89,61,2,'Vel qui et voluptatibus beatae sed natus quia. Ab molestias cum sed beatae quae in. Aspernatur sequi assumenda recusandae. Ipsam velit quia mollitia provident repellat repellendus totam.',1,'2025-10-02 01:33:10','2025-10-02 01:33:10',NULL),(222,89,72,4,'Fuga reprehenderit similique ab tempore excepturi. Laborum harum illum molestias fugit exercitationem praesentium. Et quo deserunt eaque et est tempore. Ut culpa in qui cumque odit ducimus.',1,'2025-10-02 01:33:10','2025-10-02 01:33:10',NULL),(223,89,92,5,'Et nostrum consequatur et atque doloremque aut. Repellendus dolores vitae repellat nihil qui. Suscipit eaque incidunt eligendi illo.',1,'2025-10-02 01:33:10','2025-10-02 01:33:10',NULL),(224,89,95,1,'Sint non sed velit et molestiae. Ullam quo neque nihil consequatur vero. Est ipsum doloribus et quia. Quos officia officia animi labore et.',1,'2025-10-02 01:33:10','2025-10-02 01:33:10',NULL),(225,89,114,2,'Assumenda aut repudiandae nisi sed qui velit voluptatem. Cupiditate eius sunt voluptatem blanditiis ut quae ad. Quasi vero culpa eum qui neque voluptatem. Laboriosam reprehenderit iure laboriosam quo quo.',1,'2025-10-02 01:33:10','2025-10-02 01:33:10',NULL),(226,91,27,1,'Rem aut quis ipsam nobis quo quidem. Commodi occaecati officia voluptatem. Consequuntur optio pariatur esse dolore. Et autem eveniet est porro.',1,'2025-10-02 01:33:10','2025-10-02 01:33:10',NULL),(227,91,31,1,'Dicta vero doloribus possimus et. Autem necessitatibus aut sit. Illum recusandae quae qui.',1,'2025-10-02 01:33:10','2025-10-02 01:33:10',NULL),(228,91,38,1,'Odio omnis delectus ab nam omnis et. Doloribus tempore libero et autem commodi aspernatur exercitationem. Omnis assumenda rerum voluptatum facilis et molestiae minus. Non accusantium eos et repellendus.',1,'2025-10-02 01:33:10','2025-10-02 01:33:10',NULL),(229,91,44,1,'Nam quasi quibusdam ducimus aut veritatis vero odio. Voluptates qui maxime ut quis aut. Ipsum inventore magni qui temporibus. Iusto ipsa totam explicabo suscipit tempore earum ab. Corrupti velit unde et est id porro est.',1,'2025-10-02 01:33:10','2025-10-02 01:33:10',NULL),(230,91,55,2,'Sint repellat dolores commodi error voluptatem. Provident tenetur adipisci tempore suscipit eos laborum consectetur. Non qui alias reprehenderit sunt. Et repellendus et ad quisquam dolores temporibus ut. Sint nesciunt sit iure ut expedita.',1,'2025-10-02 01:33:10','2025-10-02 01:33:10',NULL),(231,91,75,5,'Velit amet incidunt molestiae. Sunt provident iure natus eius non illum laudantium.',1,'2025-10-02 01:33:10','2025-10-02 01:33:10',NULL),(232,91,88,2,'Et aliquam eum aliquam. Sunt accusamus porro inventore sit delectus et qui. Ex qui fuga voluptate ducimus ex mollitia eveniet.',1,'2025-10-02 01:33:10','2025-10-02 01:33:10',NULL),(233,91,94,3,'Magni est autem enim incidunt a eum qui. Ad beatae qui ut est eius. Eum aliquam sint id dicta deserunt eos. Porro fugiat adipisci saepe minus porro.',1,'2025-10-02 01:33:10','2025-10-02 01:33:10',NULL),(234,91,107,3,'Aut odit et optio doloremque. Animi magni autem autem similique voluptatem at omnis. Odit alias et molestias sapiente velit.',1,'2025-10-02 01:33:10','2025-10-02 01:33:10',NULL),(235,91,121,3,'Quibusdam consectetur dolor eum natus quae quae aut. Quo dolores amet esse laboriosam. Quod beatae quis sed deleniti sed.',1,'2025-10-02 01:33:10','2025-10-02 01:33:10',NULL),(236,95,72,2,'Nostrum et rem repudiandae voluptas. Corrupti voluptas minus maxime nesciunt doloremque. Rem necessitatibus cum est ea aut consequatur quasi.',1,'2025-10-02 01:33:10','2025-10-02 01:33:10',NULL),(237,96,26,4,'Nobis voluptas nihil eos accusamus. Expedita sed reprehenderit ullam et. Illum nesciunt reiciendis corrupti velit ea eos nihil qui. Temporibus temporibus eos voluptas rem aut aliquid.',1,'2025-10-02 01:33:10','2025-10-02 01:33:10',NULL),(238,96,39,1,'Voluptatem quidem aut expedita iusto molestiae dolor. Provident eius expedita dolores molestiae. Accusantium ut doloribus pariatur fugiat incidunt corporis fugit corrupti. Voluptatibus doloribus aliquid in reiciendis aut possimus beatae.',1,'2025-10-02 01:33:10','2025-10-02 01:33:10',NULL),(239,96,51,2,'Quas commodi voluptatibus ut est velit illum delectus. Sunt beatae ut sequi sed hic voluptas. Tenetur exercitationem sint est doloremque sunt maiores harum. Ut ut voluptatem beatae qui placeat corporis ea dolores.',1,'2025-10-02 01:33:10','2025-10-02 01:33:10',NULL),(240,96,56,5,'Nostrum et aspernatur corrupti ipsa nobis. Perspiciatis qui quas sint quia cupiditate. Et nostrum itaque sequi error. Odio dolores omnis alias.',1,'2025-10-02 01:33:10','2025-10-02 01:33:10',NULL),(241,96,58,3,'Dignissimos aut sit et. Modi dolores necessitatibus fugiat id est id numquam ut. Et amet molestiae minus id aut.',1,'2025-10-02 01:33:10','2025-10-02 01:33:10',NULL),(242,96,75,5,'Maxime qui occaecati mollitia debitis ut sint dolor sit. Saepe excepturi nihil cumque explicabo. Dignissimos dolor magni assumenda qui dignissimos sit laboriosam.',1,'2025-10-02 01:33:10','2025-10-02 01:33:10',NULL),(243,96,96,1,'Necessitatibus aut adipisci omnis sed temporibus esse. Ut laborum quos dicta aperiam tenetur voluptas consectetur. Officiis unde sit enim voluptatem error quas similique.',1,'2025-10-02 01:33:10','2025-10-02 01:33:10',NULL),(244,96,110,5,'Corrupti ad adipisci voluptatum consectetur dicta. Dolores nihil et exercitationem libero eum quos. Quis quidem est quibusdam sequi dolores totam corporis.',1,'2025-10-02 01:33:10','2025-10-02 01:33:10',NULL),(245,96,111,3,'Voluptatem placeat totam dolor non id inventore. Maxime dolorem architecto veniam velit autem. Autem consequuntur voluptatem soluta minus enim.',1,'2025-10-02 01:33:10','2025-10-02 01:33:10',NULL),(246,96,114,3,'Reiciendis et explicabo veniam quibusdam sit est. Sit quia consequuntur sit occaecati ratione sit. Quo sed mollitia aspernatur error.',1,'2025-10-02 01:33:10','2025-10-02 01:33:10',NULL),(247,99,49,5,'Repellendus dolorum est aspernatur. Dolorem tenetur iusto voluptatem incidunt amet velit. Nisi est qui maiores. Quasi distinctio et voluptatem culpa debitis et molestiae. Et sed consectetur doloribus esse voluptatibus quo.',1,'2025-10-02 01:33:10','2025-10-02 01:33:10',NULL),(248,99,52,2,'Enim fugiat voluptatum ea libero fuga veniam libero aliquam. Et aut ipsa provident maiores omnis saepe dolor. Perspiciatis aspernatur eaque dolores doloremque fugiat doloremque.',1,'2025-10-02 01:33:10','2025-10-02 01:33:10',NULL),(249,99,54,3,'Id delectus est beatae est provident sed. Nulla in eos consequatur vitae suscipit accusamus quos. Sunt totam sint eaque. In aut aut voluptas at.',1,'2025-10-02 01:33:10','2025-10-02 01:33:10',NULL),(250,99,59,2,'Reprehenderit cumque sint vel laboriosam illo. Doloribus dicta amet deleniti consequatur omnis. Aut sit voluptatem reiciendis id cupiditate rem dolorem distinctio.',1,'2025-10-02 01:33:10','2025-10-02 01:33:10',NULL),(251,99,65,1,'Autem sed itaque nesciunt id soluta. Error rerum animi sed sunt. Quia eum velit dignissimos dolorum. Nam ipsa dolores aperiam ut odio ea quas sint.',1,'2025-10-02 01:33:10','2025-10-02 01:33:10',NULL),(252,99,69,3,'Velit eos ratione in pariatur fugiat. Ducimus non et ut reiciendis. Et id et assumenda qui aperiam quasi. Ex earum commodi exercitationem et omnis quia.',1,'2025-10-02 01:33:10','2025-10-02 01:33:10',NULL),(253,99,119,4,'Aliquam ex nam illum dolorem hic repudiandae similique. Qui numquam eaque quia nulla molestiae aut. Dolor est explicabo molestias perferendis et. Officia sint et animi voluptas et non earum veritatis.',1,'2025-10-02 01:33:10','2025-10-02 01:33:10',NULL),(254,99,120,3,'Dolore molestiae eaque quisquam et culpa nobis. Harum aut vero autem iure delectus in fugit ullam.',1,'2025-10-02 01:33:10','2025-10-02 01:33:10',NULL),(255,100,22,1,'Rerum est eos tenetur reiciendis. Qui debitis ut magni provident consequatur quae. Voluptate eos odit sed qui ut doloribus sapiente. Vitae ut distinctio tempore dolore vel ipsum maxime quo. Incidunt nostrum consequatur similique non ullam.',1,'2025-10-02 01:33:10','2025-10-02 01:33:10',NULL),(256,100,28,4,'Reiciendis praesentium eos expedita molestias sint. Et ratione blanditiis velit qui. Temporibus voluptatibus eius qui exercitationem sit.',1,'2025-10-02 01:33:10','2025-10-02 01:33:10',NULL),(257,100,37,5,'Expedita sunt voluptatum omnis perferendis. Eaque repudiandae molestiae animi minima dolor ducimus dolores minus. Est sunt vel distinctio molestiae. Rem dolor quas quas rerum quasi et et. Commodi voluptatem sed sed.',1,'2025-10-02 01:33:10','2025-10-02 01:33:10',NULL),(258,100,60,3,'Saepe et modi quibusdam dolores aut dolorem. Aliquid numquam itaque quam quisquam voluptatem ipsum doloribus. Aperiam quos sapiente pariatur voluptatem repellendus facilis. Corporis natus illo laboriosam beatae.',1,'2025-10-02 01:33:10','2025-10-02 01:33:10',NULL),(259,100,75,1,'Eveniet corrupti rerum maiores quidem quos saepe expedita. Exercitationem nihil perspiciatis et ad fugit animi. Non voluptatem voluptatem illum blanditiis in. Deserunt magnam et sunt autem culpa quod dignissimos.',1,'2025-10-02 01:33:10','2025-10-02 01:33:10',NULL),(260,100,80,2,'Tempore vel laudantium ipsum nisi. Doloribus minima id maxime tempora nisi sunt. Quasi aut molestiae quibusdam expedita quod hic. Quas aut amet molestias nesciunt quasi quod explicabo.',1,'2025-10-02 01:33:10','2025-10-02 01:33:10',NULL),(261,100,93,5,'Quidem veritatis est est debitis tempore ratione perspiciatis in. Iste nemo nesciunt reiciendis culpa quae sed ipsam aut. Eum qui laboriosam explicabo minus.',1,'2025-10-02 01:33:10','2025-10-02 01:33:10',NULL),(262,100,97,4,'Mollitia cumque voluptatem laboriosam modi omnis ut totam. Autem voluptatem quis consequatur. Mollitia doloremque voluptates temporibus.',1,'2025-10-02 01:33:10','2025-10-02 01:33:10',NULL),(263,100,103,2,'Quia eveniet velit dolores vel quaerat. Sunt ex est reprehenderit non officiis dolorem incidunt nulla.',1,'2025-10-02 01:33:10','2025-10-02 01:33:10',NULL),(264,100,105,3,'Autem nihil ipsum id distinctio. Odit assumenda quia ipsa est nisi qui. Illo inventore dignissimos voluptatem ut illum nostrum.',1,'2025-10-02 01:33:10','2025-10-02 01:33:10',NULL);
/*!40000 ALTER TABLE `reviews` ENABLE KEYS */;
UNLOCK TABLES;

--
-- Table structure for table `role_user`
--

DROP TABLE IF EXISTS `role_user`;
/*!40101 SET @saved_cs_client     = @@character_set_client */;
/*!50503 SET character_set_client = utf8mb4 */;
CREATE TABLE `role_user` (
  `user_id` bigint(20) unsigned NOT NULL,
  `role_id` bigint(20) unsigned NOT NULL,
  PRIMARY KEY (`user_id`,`role_id`),
  KEY `role_user_role_id_foreign` (`role_id`),
  CONSTRAINT `role_user_role_id_foreign` FOREIGN KEY (`role_id`) REFERENCES `roles` (`id`) ON DELETE CASCADE,
  CONSTRAINT `role_user_user_id_foreign` FOREIGN KEY (`user_id`) REFERENCES `users` (`id`) ON DELETE CASCADE
) ENGINE=InnoDB DEFAULT CHARSET=utf8mb4 COLLATE=utf8mb4_unicode_ci;
/*!40101 SET character_set_client = @saved_cs_client */;

--
-- Dumping data for table `role_user`
--

LOCK TABLES `role_user` WRITE;
/*!40000 ALTER TABLE `role_user` DISABLE KEYS */;
INSERT INTO `role_user` VALUES (1,1),(2,2),(3,2),(4,2),(5,2),(6,2),(7,2),(8,2),(9,2),(10,2),(11,2),(12,2),(13,2),(14,2),(15,2),(16,2),(17,2),(18,2),(19,2),(20,2),(21,2),(22,3),(23,3),(24,3),(25,3),(26,3),(27,3),(28,3),(29,3),(30,3),(31,3),(32,3),(33,3),(34,3),(35,3),(36,3),(37,3),(38,3),(39,3),(40,3),(41,3),(42,3),(43,3),(44,3),(45,3),(46,3),(47,3),(48,3),(49,3),(50,3),(51,3),(52,3),(53,3),(54,3),(55,3),(56,3),(57,3),(58,3),(59,3),(60,3),(61,3),(62,3),(63,3),(64,3),(65,3),(66,3),(67,3),(68,3),(69,3),(70,3),(71,3),(72,3),(73,3),(74,3),(75,3),(76,3),(77,3),(78,3),(79,3),(80,3),(81,3),(82,3),(83,3),(84,3),(85,3),(86,3),(87,3),(88,3),(89,3),(90,3),(91,3),(92,3),(93,3),(94,3),(95,3),(96,3),(97,3),(98,3),(99,3),(100,3),(101,3),(102,3),(103,3),(104,3),(105,3),(106,3),(107,3),(108,3),(109,3),(110,3),(111,3),(112,3),(113,3),(114,3),(115,3),(116,3),(117,3),(118,3),(119,3),(120,3),(121,3),(122,4),(123,4),(124,4),(125,4),(126,4),(127,4),(128,4),(129,4),(130,4),(131,4),(132,3),(133,1);
/*!40000 ALTER TABLE `role_user` ENABLE KEYS */;
UNLOCK TABLES;

--
-- Table structure for table `roles`
--

DROP TABLE IF EXISTS `roles`;
/*!40101 SET @saved_cs_client     = @@character_set_client */;
/*!50503 SET character_set_client = utf8mb4 */;
CREATE TABLE `roles` (
  `id` bigint(20) unsigned NOT NULL AUTO_INCREMENT,
  `name` longtext CHARACTER SET utf8mb4 COLLATE utf8mb4_bin NOT NULL CHECK (json_valid(`name`)),
  `description` longtext CHARACTER SET utf8mb4 COLLATE utf8mb4_bin DEFAULT NULL CHECK (json_valid(`description`)),
  `created_at` timestamp NULL DEFAULT NULL,
  `updated_at` timestamp NULL DEFAULT NULL,
  PRIMARY KEY (`id`)
) ENGINE=InnoDB AUTO_INCREMENT=5 DEFAULT CHARSET=utf8mb4 COLLATE=utf8mb4_unicode_ci;
/*!40101 SET character_set_client = @saved_cs_client */;

--
-- Dumping data for table `roles`
--

LOCK TABLES `roles` WRITE;
/*!40000 ALTER TABLE `roles` DISABLE KEYS */;
INSERT INTO `roles` VALUES (1,'{\"en\":\"Admin\",\"vi\":\"Quản trị viên\"}','{\"en\":\"Administrator with full access\",\"vi\":\"Quản trị viên có toàn quyền truy cập\"}','2025-10-02 01:33:03','2025-10-02 01:33:03'),(2,'{\"en\":\"Seller\",\"vi\":\"Người bán hàng\"}','{\"en\":\"User who can sell products\",\"vi\":\"Người dùng có thể bán sản phẩm\"}','2025-10-02 01:33:03','2025-10-02 01:33:03'),(3,'{\"en\":\"Customer\",\"vi\":\"Khách hàng\"}','{\"en\":\"User who can buy products\",\"vi\":\"Người dùng có thể mua sản phẩm\"}','2025-10-02 01:33:03','2025-10-02 01:33:03'),(4,'{\"en\":\"Shipper\",\"vi\":\"Người giao hàng\"}','{\"en\":\"User who delivers orders\",\"vi\":\"Người dùng thực hiện giao đơn hàng\"}','2025-10-02 01:33:03','2025-10-02 01:33:03');
/*!40000 ALTER TABLE `roles` ENABLE KEYS */;
UNLOCK TABLES;

--
-- Table structure for table `search_histories`
--

DROP TABLE IF EXISTS `search_histories`;
/*!40101 SET @saved_cs_client     = @@character_set_client */;
/*!50503 SET character_set_client = utf8mb4 */;
CREATE TABLE `search_histories` (
  `search_history_id` bigint(20) unsigned NOT NULL AUTO_INCREMENT,
  `user_id` bigint(20) unsigned NOT NULL,
  `search_term` varchar(200) NOT NULL,
  `search_count` int(11) NOT NULL DEFAULT 1,
  `last_searched` timestamp NOT NULL DEFAULT current_timestamp() ON UPDATE current_timestamp(),
  PRIMARY KEY (`search_history_id`),
  UNIQUE KEY `search_histories_user_id_search_term_unique` (`user_id`,`search_term`),
  CONSTRAINT `search_histories_user_id_foreign` FOREIGN KEY (`user_id`) REFERENCES `users` (`id`) ON DELETE CASCADE
) ENGINE=InnoDB AUTO_INCREMENT=416 DEFAULT CHARSET=utf8mb4 COLLATE=utf8mb4_unicode_ci;
/*!40101 SET character_set_client = @saved_cs_client */;

--
-- Dumping data for table `search_histories`
--

LOCK TABLES `search_histories` WRITE;
/*!40000 ALTER TABLE `search_histories` DISABLE KEYS */;
INSERT INTO `search_histories` VALUES (1,22,'giày nike air force 1',2,'2025-10-02 01:33:10'),(2,22,'iphone 15 pro max',4,'2025-10-02 01:33:10'),(3,22,'kem chống nắng la roche posay',2,'2025-10-02 01:33:10'),(4,23,'iphone 15 pro max',2,'2025-10-02 01:33:11'),(5,23,'áo thun nam',2,'2025-10-02 01:33:11'),(6,23,'giày nike air force 1',3,'2025-10-02 01:33:11'),(7,23,'kem chống nắng la roche posay',4,'2025-10-02 01:33:11'),(8,23,'sách đắc nhân tâm',4,'2025-10-02 01:33:11'),(9,24,'áo thun nam',4,'2025-10-02 01:33:11'),(10,24,'sách đắc nhân tâm',2,'2025-10-02 01:33:11'),(11,24,'giày nike air force 1',3,'2025-10-02 01:33:11'),(12,24,'kem chống nắng la roche posay',2,'2025-10-02 01:33:11'),(13,24,'iphone 15 pro max',3,'2025-10-02 01:33:11'),(14,25,'áo thun nam',3,'2025-10-02 01:33:11'),(15,25,'iphone 15 pro max',3,'2025-10-02 01:33:11'),(16,25,'sách đắc nhân tâm',3,'2025-10-02 01:33:11'),(17,25,'giày nike air force 1',3,'2025-10-02 01:33:11'),(18,25,'kem chống nắng la roche posay',3,'2025-10-02 01:33:11'),(19,26,'áo thun nam',4,'2025-10-02 01:33:11'),(20,26,'giày nike air force 1',3,'2025-10-02 01:33:11'),(21,26,'sách đắc nhân tâm',5,'2025-10-02 01:33:11'),(22,26,'iphone 15 pro max',2,'2025-10-02 01:33:11'),(23,27,'áo thun nam',3,'2025-10-02 01:33:11'),(24,27,'sách đắc nhân tâm',2,'2025-10-02 01:33:11'),(25,27,'kem chống nắng la roche posay',2,'2025-10-02 01:33:11'),(26,27,'iphone 15 pro max',4,'2025-10-02 01:33:11'),(27,27,'giày nike air force 1',2,'2025-10-02 01:33:11'),(28,28,'iphone 15 pro max',3,'2025-10-02 01:33:11'),(29,28,'sách đắc nhân tâm',4,'2025-10-02 01:33:11'),(30,28,'áo thun nam',2,'2025-10-02 01:33:11'),(31,28,'giày nike air force 1',2,'2025-10-02 01:33:11'),(32,29,'giày nike air force 1',3,'2025-10-02 01:33:11'),(33,29,'iphone 15 pro max',6,'2025-10-02 01:33:11'),(34,29,'kem chống nắng la roche posay',4,'2025-10-02 01:33:11'),(35,30,'iphone 15 pro max',5,'2025-10-02 01:33:11'),(36,30,'kem chống nắng la roche posay',3,'2025-10-02 01:33:11'),(37,30,'sách đắc nhân tâm',2,'2025-10-02 01:33:11'),(38,30,'áo thun nam',3,'2025-10-02 01:33:11'),(39,30,'giày nike air force 1',2,'2025-10-02 01:33:11'),(40,31,'iphone 15 pro max',3,'2025-10-02 01:33:11'),(41,31,'áo thun nam',4,'2025-10-02 01:33:11'),(42,31,'giày nike air force 1',2,'2025-10-02 01:33:11'),(43,31,'sách đắc nhân tâm',4,'2025-10-02 01:33:11'),(44,32,'iphone 15 pro max',3,'2025-10-02 01:33:11'),(45,32,'sách đắc nhân tâm',3,'2025-10-02 01:33:11'),(46,32,'áo thun nam',3,'2025-10-02 01:33:11'),(47,32,'kem chống nắng la roche posay',3,'2025-10-02 01:33:11'),(48,32,'giày nike air force 1',2,'2025-10-02 01:33:11'),(49,33,'giày nike air force 1',3,'2025-10-02 01:33:11'),(50,33,'áo thun nam',2,'2025-10-02 01:33:11'),(51,33,'iphone 15 pro max',2,'2025-10-02 01:33:11'),(52,33,'sách đắc nhân tâm',3,'2025-10-02 01:33:11'),(53,34,'iphone 15 pro max',3,'2025-10-02 01:33:12'),(54,34,'giày nike air force 1',3,'2025-10-02 01:33:12'),(55,34,'sách đắc nhân tâm',2,'2025-10-02 01:33:12'),(56,34,'kem chống nắng la roche posay',2,'2025-10-02 01:33:12'),(57,35,'kem chống nắng la roche posay',5,'2025-10-02 01:33:12'),(58,35,'iphone 15 pro max',3,'2025-10-02 01:33:12'),(59,35,'sách đắc nhân tâm',2,'2025-10-02 01:33:12'),(60,36,'áo thun nam',2,'2025-10-02 01:33:12'),(61,36,'kem chống nắng la roche posay',2,'2025-10-02 01:33:12'),(62,36,'sách đắc nhân tâm',4,'2025-10-02 01:33:12'),(63,36,'giày nike air force 1',2,'2025-10-02 01:33:12'),(64,37,'áo thun nam',4,'2025-10-02 01:33:12'),(65,37,'iphone 15 pro max',3,'2025-10-02 01:33:12'),(66,37,'kem chống nắng la roche posay',3,'2025-10-02 01:33:12'),(67,37,'giày nike air force 1',3,'2025-10-02 01:33:12'),(68,38,'kem chống nắng la roche posay',2,'2025-10-02 01:33:12'),(69,38,'giày nike air force 1',3,'2025-10-02 01:33:12'),(70,38,'sách đắc nhân tâm',3,'2025-10-02 01:33:12'),(71,38,'iphone 15 pro max',4,'2025-10-02 01:33:12'),(72,38,'áo thun nam',2,'2025-10-02 01:33:12'),(73,39,'giày nike air force 1',3,'2025-10-02 01:33:12'),(74,39,'áo thun nam',4,'2025-10-02 01:33:12'),(75,39,'iphone 15 pro max',4,'2025-10-02 01:33:12'),(76,39,'sách đắc nhân tâm',2,'2025-10-02 01:33:12'),(77,40,'sách đắc nhân tâm',3,'2025-10-02 01:33:12'),(78,40,'giày nike air force 1',3,'2025-10-02 01:33:12'),(79,40,'kem chống nắng la roche posay',5,'2025-10-02 01:33:12'),(80,40,'áo thun nam',4,'2025-10-02 01:33:12'),(81,41,'iphone 15 pro max',4,'2025-10-02 01:33:12'),(82,41,'kem chống nắng la roche posay',2,'2025-10-02 01:33:12'),(83,41,'áo thun nam',2,'2025-10-02 01:33:12'),(84,41,'giày nike air force 1',3,'2025-10-02 01:33:12'),(85,41,'sách đắc nhân tâm',2,'2025-10-02 01:33:12'),(86,42,'kem chống nắng la roche posay',5,'2025-10-02 01:33:12'),(87,42,'áo thun nam',2,'2025-10-02 01:33:12'),(88,42,'iphone 15 pro max',3,'2025-10-02 01:33:12'),(89,42,'sách đắc nhân tâm',2,'2025-10-02 01:33:12'),(90,43,'áo thun nam',7,'2025-10-02 01:33:12'),(91,43,'giày nike air force 1',4,'2025-10-02 01:33:12'),(92,43,'sách đắc nhân tâm',2,'2025-10-02 01:33:12'),(93,43,'iphone 15 pro max',4,'2025-10-02 01:33:12'),(94,44,'kem chống nắng la roche posay',3,'2025-10-02 01:33:12'),(95,44,'iphone 15 pro max',4,'2025-10-02 01:33:12'),(96,44,'áo thun nam',4,'2025-10-02 01:33:12'),(97,44,'sách đắc nhân tâm',4,'2025-10-02 01:33:12'),(98,45,'sách đắc nhân tâm',6,'2025-10-02 01:33:13'),(99,45,'kem chống nắng la roche posay',2,'2025-10-02 01:33:13'),(100,45,'iphone 15 pro max',2,'2025-10-02 01:33:13'),(101,46,'áo thun nam',4,'2025-10-02 01:33:13'),(102,46,'sách đắc nhân tâm',3,'2025-10-02 01:33:13'),(103,46,'iphone 15 pro max',5,'2025-10-02 01:33:13'),(104,46,'giày nike air force 1',2,'2025-10-02 01:33:13'),(105,47,'kem chống nắng la roche posay',3,'2025-10-02 01:33:13'),(106,47,'giày nike air force 1',5,'2025-10-02 01:33:13'),(107,47,'sách đắc nhân tâm',3,'2025-10-02 01:33:13'),(108,48,'áo thun nam',3,'2025-10-02 01:33:13'),(109,48,'giày nike air force 1',4,'2025-10-02 01:33:13'),(110,48,'iphone 15 pro max',3,'2025-10-02 01:33:13'),(111,48,'kem chống nắng la roche posay',2,'2025-10-02 01:33:13'),(112,49,'giày nike air force 1',2,'2025-10-02 01:33:13'),(113,49,'kem chống nắng la roche posay',3,'2025-10-02 01:33:13'),(114,49,'áo thun nam',4,'2025-10-02 01:33:13'),(115,50,'sách đắc nhân tâm',4,'2025-10-02 01:33:13'),(116,50,'iphone 15 pro max',3,'2025-10-02 01:33:13'),(117,50,'kem chống nắng la roche posay',2,'2025-10-02 01:33:13'),(118,51,'iphone 15 pro max',3,'2025-10-02 01:33:13'),(119,51,'kem chống nắng la roche posay',2,'2025-10-02 01:33:13'),(120,51,'áo thun nam',3,'2025-10-02 01:33:13'),(121,52,'giày nike air force 1',3,'2025-10-02 01:33:13'),(122,52,'áo thun nam',3,'2025-10-02 01:33:13'),(123,52,'sách đắc nhân tâm',2,'2025-10-02 01:33:13'),(124,52,'iphone 15 pro max',2,'2025-10-02 01:33:13'),(125,53,'giày nike air force 1',2,'2025-10-02 01:33:13'),(126,53,'áo thun nam',2,'2025-10-02 01:33:13'),(127,53,'iphone 15 pro max',3,'2025-10-02 01:33:13'),(128,53,'sách đắc nhân tâm',3,'2025-10-02 01:33:13'),(129,53,'kem chống nắng la roche posay',2,'2025-10-02 01:33:13'),(130,54,'sách đắc nhân tâm',2,'2025-10-02 01:33:13'),(131,54,'áo thun nam',4,'2025-10-02 01:33:13'),(132,54,'kem chống nắng la roche posay',3,'2025-10-02 01:33:13'),(133,55,'giày nike air force 1',2,'2025-10-02 01:33:13'),(134,55,'áo thun nam',4,'2025-10-02 01:33:13'),(135,55,'kem chống nắng la roche posay',2,'2025-10-02 01:33:13'),(136,55,'iphone 15 pro max',2,'2025-10-02 01:33:13'),(137,56,'iphone 15 pro max',2,'2025-10-02 01:33:14'),(138,56,'giày nike air force 1',3,'2025-10-02 01:33:14'),(139,56,'sách đắc nhân tâm',2,'2025-10-02 01:33:14'),(140,56,'kem chống nắng la roche posay',2,'2025-10-02 01:33:14'),(141,56,'áo thun nam',2,'2025-10-02 01:33:14'),(142,57,'sách đắc nhân tâm',3,'2025-10-02 01:33:14'),(143,57,'áo thun nam',6,'2025-10-02 01:33:14'),(144,57,'giày nike air force 1',3,'2025-10-02 01:33:14'),(145,57,'iphone 15 pro max',3,'2025-10-02 01:33:14'),(146,58,'áo thun nam',3,'2025-10-02 01:33:14'),(147,58,'iphone 15 pro max',4,'2025-10-02 01:33:14'),(148,58,'kem chống nắng la roche posay',5,'2025-10-02 01:33:14'),(149,58,'sách đắc nhân tâm',3,'2025-10-02 01:33:14'),(150,59,'iphone 15 pro max',3,'2025-10-02 01:33:14'),(151,59,'sách đắc nhân tâm',3,'2025-10-02 01:33:14'),(152,59,'giày nike air force 1',3,'2025-10-02 01:33:14'),(153,59,'áo thun nam',2,'2025-10-02 01:33:14'),(154,60,'iphone 15 pro max',4,'2025-10-02 01:33:14'),(155,60,'áo thun nam',5,'2025-10-02 01:33:14'),(156,60,'sách đắc nhân tâm',2,'2025-10-02 01:33:14'),(157,60,'giày nike air force 1',3,'2025-10-02 01:33:14'),(158,60,'kem chống nắng la roche posay',4,'2025-10-02 01:33:14'),(159,61,'áo thun nam',2,'2025-10-02 01:33:14'),(160,61,'iphone 15 pro max',2,'2025-10-02 01:33:14'),(161,61,'kem chống nắng la roche posay',4,'2025-10-02 01:33:14'),(162,62,'kem chống nắng la roche posay',4,'2025-10-02 01:33:14'),(163,62,'sách đắc nhân tâm',2,'2025-10-02 01:33:14'),(164,62,'iphone 15 pro max',2,'2025-10-02 01:33:14'),(165,62,'giày nike air force 1',2,'2025-10-02 01:33:14'),(166,62,'áo thun nam',2,'2025-10-02 01:33:14'),(167,63,'kem chống nắng la roche posay',2,'2025-10-02 01:33:14'),(168,63,'giày nike air force 1',3,'2025-10-02 01:33:14'),(169,63,'sách đắc nhân tâm',2,'2025-10-02 01:33:14'),(170,63,'iphone 15 pro max',4,'2025-10-02 01:33:14'),(171,64,'áo thun nam',3,'2025-10-02 01:33:14'),(172,64,'giày nike air force 1',2,'2025-10-02 01:33:14'),(173,64,'kem chống nắng la roche posay',3,'2025-10-02 01:33:14'),(174,65,'áo thun nam',6,'2025-10-02 01:33:14'),(175,65,'sách đắc nhân tâm',2,'2025-10-02 01:33:14'),(176,65,'kem chống nắng la roche posay',2,'2025-10-02 01:33:14'),(177,66,'sách đắc nhân tâm',3,'2025-10-02 01:33:15'),(178,66,'áo thun nam',3,'2025-10-02 01:33:15'),(179,66,'iphone 15 pro max',3,'2025-10-02 01:33:15'),(180,66,'kem chống nắng la roche posay',2,'2025-10-02 01:33:15'),(181,66,'giày nike air force 1',2,'2025-10-02 01:33:15'),(182,67,'giày nike air force 1',5,'2025-10-02 01:33:15'),(183,67,'áo thun nam',2,'2025-10-02 01:33:15'),(184,67,'iphone 15 pro max',5,'2025-10-02 01:33:15'),(185,67,'kem chống nắng la roche posay',3,'2025-10-02 01:33:15'),(186,67,'sách đắc nhân tâm',2,'2025-10-02 01:33:15'),(187,68,'áo thun nam',4,'2025-10-02 01:33:15'),(188,68,'sách đắc nhân tâm',4,'2025-10-02 01:33:15'),(189,68,'iphone 15 pro max',3,'2025-10-02 01:33:15'),(190,68,'kem chống nắng la roche posay',3,'2025-10-02 01:33:15'),(191,69,'áo thun nam',2,'2025-10-02 01:33:15'),(192,69,'giày nike air force 1',3,'2025-10-02 01:33:15'),(193,69,'sách đắc nhân tâm',3,'2025-10-02 01:33:15'),(194,69,'iphone 15 pro max',2,'2025-10-02 01:33:15'),(195,69,'kem chống nắng la roche posay',2,'2025-10-02 01:33:15'),(196,70,'giày nike air force 1',3,'2025-10-02 01:33:15'),(197,70,'áo thun nam',3,'2025-10-02 01:33:15'),(198,70,'iphone 15 pro max',2,'2025-10-02 01:33:15'),(199,70,'sách đắc nhân tâm',2,'2025-10-02 01:33:15'),(200,70,'kem chống nắng la roche posay',2,'2025-10-02 01:33:15'),(201,71,'kem chống nắng la roche posay',3,'2025-10-02 01:33:15'),(202,71,'iphone 15 pro max',5,'2025-10-02 01:33:15'),(203,71,'sách đắc nhân tâm',4,'2025-10-02 01:33:15'),(204,71,'giày nike air force 1',2,'2025-10-02 01:33:15'),(205,71,'áo thun nam',2,'2025-10-02 01:33:15'),(206,72,'áo thun nam',4,'2025-10-02 01:33:15'),(207,72,'sách đắc nhân tâm',2,'2025-10-02 01:33:15'),(208,72,'giày nike air force 1',3,'2025-10-02 01:33:15'),(209,72,'iphone 15 pro max',3,'2025-10-02 01:33:15'),(210,72,'kem chống nắng la roche posay',2,'2025-10-02 01:33:15'),(211,73,'sách đắc nhân tâm',3,'2025-10-02 01:33:15'),(212,73,'iphone 15 pro max',3,'2025-10-02 01:33:15'),(213,73,'áo thun nam',3,'2025-10-02 01:33:15'),(214,73,'giày nike air force 1',3,'2025-10-02 01:33:15'),(215,74,'áo thun nam',2,'2025-10-02 01:33:15'),(216,74,'giày nike air force 1',3,'2025-10-02 01:33:15'),(217,74,'kem chống nắng la roche posay',2,'2025-10-02 01:33:15'),(218,74,'sách đắc nhân tâm',3,'2025-10-02 01:33:15'),(219,74,'iphone 15 pro max',2,'2025-10-02 01:33:15'),(220,75,'kem chống nắng la roche posay',2,'2025-10-02 01:33:15'),(221,75,'áo thun nam',4,'2025-10-02 01:33:15'),(222,75,'sách đắc nhân tâm',3,'2025-10-02 01:33:15'),(223,75,'iphone 15 pro max',3,'2025-10-02 01:33:15'),(224,76,'áo thun nam',6,'2025-10-02 01:33:15'),(225,76,'iphone 15 pro max',3,'2025-10-02 01:33:15'),(226,76,'kem chống nắng la roche posay',2,'2025-10-02 01:33:15'),(227,76,'giày nike air force 1',2,'2025-10-02 01:33:15'),(228,77,'kem chống nắng la roche posay',4,'2025-10-02 01:33:15'),(229,77,'iphone 15 pro max',4,'2025-10-02 01:33:15'),(230,77,'sách đắc nhân tâm',2,'2025-10-02 01:33:15'),(231,77,'giày nike air force 1',3,'2025-10-02 01:33:15'),(232,77,'áo thun nam',3,'2025-10-02 01:33:15'),(233,78,'sách đắc nhân tâm',4,'2025-10-02 01:33:16'),(234,78,'giày nike air force 1',4,'2025-10-02 01:33:16'),(235,78,'áo thun nam',2,'2025-10-02 01:33:16'),(236,78,'iphone 15 pro max',2,'2025-10-02 01:33:16'),(237,78,'kem chống nắng la roche posay',3,'2025-10-02 01:33:16'),(238,79,'giày nike air force 1',2,'2025-10-02 01:33:16'),(239,79,'kem chống nắng la roche posay',4,'2025-10-02 01:33:16'),(240,79,'áo thun nam',2,'2025-10-02 01:33:16'),(241,79,'sách đắc nhân tâm',2,'2025-10-02 01:33:16'),(242,80,'áo thun nam',3,'2025-10-02 01:33:16'),(243,80,'iphone 15 pro max',4,'2025-10-02 01:33:16'),(244,80,'giày nike air force 1',2,'2025-10-02 01:33:16'),(245,81,'kem chống nắng la roche posay',2,'2025-10-02 01:33:16'),(246,81,'sách đắc nhân tâm',4,'2025-10-02 01:33:16'),(247,81,'áo thun nam',2,'2025-10-02 01:33:16'),(248,81,'giày nike air force 1',2,'2025-10-02 01:33:16'),(249,82,'sách đắc nhân tâm',2,'2025-10-02 01:33:16'),(250,82,'giày nike air force 1',3,'2025-10-02 01:33:16'),(251,82,'iphone 15 pro max',3,'2025-10-02 01:33:16'),(252,82,'áo thun nam',4,'2025-10-02 01:33:16'),(253,82,'kem chống nắng la roche posay',5,'2025-10-02 01:33:16'),(254,83,'sách đắc nhân tâm',2,'2025-10-02 01:33:16'),(255,83,'giày nike air force 1',3,'2025-10-02 01:33:16'),(256,83,'iphone 15 pro max',5,'2025-10-02 01:33:16'),(257,83,'kem chống nắng la roche posay',2,'2025-10-02 01:33:16'),(258,83,'áo thun nam',3,'2025-10-02 01:33:16'),(259,84,'iphone 15 pro max',6,'2025-10-02 01:33:16'),(260,84,'kem chống nắng la roche posay',3,'2025-10-02 01:33:16'),(261,84,'sách đắc nhân tâm',3,'2025-10-02 01:33:16'),(262,84,'áo thun nam',2,'2025-10-02 01:33:16'),(263,85,'kem chống nắng la roche posay',4,'2025-10-02 01:33:16'),(264,85,'giày nike air force 1',3,'2025-10-02 01:33:16'),(265,85,'iphone 15 pro max',3,'2025-10-02 01:33:16'),(266,85,'sách đắc nhân tâm',3,'2025-10-02 01:33:16'),(267,86,'giày nike air force 1',3,'2025-10-02 01:33:16'),(268,86,'iphone 15 pro max',5,'2025-10-02 01:33:16'),(269,86,'kem chống nắng la roche posay',3,'2025-10-02 01:33:16'),(270,86,'sách đắc nhân tâm',2,'2025-10-02 01:33:16'),(271,86,'áo thun nam',2,'2025-10-02 01:33:16'),(272,87,'iphone 15 pro max',3,'2025-10-02 01:33:16'),(273,87,'sách đắc nhân tâm',4,'2025-10-02 01:33:16'),(274,87,'kem chống nắng la roche posay',2,'2025-10-02 01:33:16'),(275,88,'áo thun nam',3,'2025-10-02 01:33:16'),(276,88,'giày nike air force 1',3,'2025-10-02 01:33:16'),(277,88,'kem chống nắng la roche posay',2,'2025-10-02 01:33:16'),(278,88,'iphone 15 pro max',4,'2025-10-02 01:33:16'),(279,88,'sách đắc nhân tâm',3,'2025-10-02 01:33:16'),(280,89,'kem chống nắng la roche posay',3,'2025-10-02 01:33:17'),(281,89,'iphone 15 pro max',2,'2025-10-02 01:33:17'),(282,89,'áo thun nam',3,'2025-10-02 01:33:17'),(283,89,'sách đắc nhân tâm',3,'2025-10-02 01:33:17'),(284,89,'giày nike air force 1',2,'2025-10-02 01:33:17'),(285,90,'kem chống nắng la roche posay',4,'2025-10-02 01:33:17'),(286,90,'giày nike air force 1',4,'2025-10-02 01:33:17'),(287,90,'sách đắc nhân tâm',2,'2025-10-02 01:33:17'),(288,90,'áo thun nam',2,'2025-10-02 01:33:17'),(289,91,'iphone 15 pro max',5,'2025-10-02 01:33:17'),(290,91,'kem chống nắng la roche posay',3,'2025-10-02 01:33:17'),(291,91,'sách đắc nhân tâm',3,'2025-10-02 01:33:17'),(292,91,'áo thun nam',3,'2025-10-02 01:33:17'),(293,91,'giày nike air force 1',2,'2025-10-02 01:33:17'),(294,92,'giày nike air force 1',4,'2025-10-02 01:33:17'),(295,92,'áo thun nam',3,'2025-10-02 01:33:17'),(296,92,'kem chống nắng la roche posay',2,'2025-10-02 01:33:17'),(297,92,'sách đắc nhân tâm',2,'2025-10-02 01:33:17'),(298,93,'iphone 15 pro max',3,'2025-10-02 01:33:17'),(299,93,'kem chống nắng la roche posay',4,'2025-10-02 01:33:17'),(300,93,'giày nike air force 1',4,'2025-10-02 01:33:17'),(301,94,'iphone 15 pro max',5,'2025-10-02 01:33:17'),(302,94,'sách đắc nhân tâm',4,'2025-10-02 01:33:17'),(303,94,'áo thun nam',4,'2025-10-02 01:33:17'),(304,94,'giày nike air force 1',2,'2025-10-02 01:33:17'),(305,95,'giày nike air force 1',4,'2025-10-02 01:33:17'),(306,95,'iphone 15 pro max',2,'2025-10-02 01:33:17'),(307,95,'sách đắc nhân tâm',2,'2025-10-02 01:33:17'),(308,95,'kem chống nắng la roche posay',2,'2025-10-02 01:33:17'),(309,96,'giày nike air force 1',5,'2025-10-02 01:33:17'),(310,96,'kem chống nắng la roche posay',4,'2025-10-02 01:33:17'),(311,96,'iphone 15 pro max',2,'2025-10-02 01:33:17'),(312,96,'áo thun nam',3,'2025-10-02 01:33:17'),(313,96,'sách đắc nhân tâm',2,'2025-10-02 01:33:17'),(314,97,'áo thun nam',3,'2025-10-02 01:33:17'),(315,97,'giày nike air force 1',3,'2025-10-02 01:33:17'),(316,97,'kem chống nắng la roche posay',3,'2025-10-02 01:33:17'),(317,97,'iphone 15 pro max',2,'2025-10-02 01:33:17'),(318,98,'sách đắc nhân tâm',3,'2025-10-02 01:33:17'),(319,98,'giày nike air force 1',2,'2025-10-02 01:33:17'),(320,98,'iphone 15 pro max',3,'2025-10-02 01:33:17'),(321,98,'kem chống nắng la roche posay',4,'2025-10-02 01:33:17'),(322,99,'giày nike air force 1',2,'2025-10-02 01:33:18'),(323,99,'áo thun nam',4,'2025-10-02 01:33:18'),(324,99,'sách đắc nhân tâm',5,'2025-10-02 01:33:18'),(325,99,'iphone 15 pro max',2,'2025-10-02 01:33:18'),(326,100,'giày nike air force 1',3,'2025-10-02 01:33:18'),(327,100,'kem chống nắng la roche posay',2,'2025-10-02 01:33:18'),(328,100,'áo thun nam',2,'2025-10-02 01:33:18'),(329,100,'iphone 15 pro max',3,'2025-10-02 01:33:18'),(330,100,'sách đắc nhân tâm',2,'2025-10-02 01:33:18'),(331,101,'giày nike air force 1',2,'2025-10-02 01:33:18'),(332,101,'sách đắc nhân tâm',4,'2025-10-02 01:33:18'),(333,101,'áo thun nam',3,'2025-10-02 01:33:18'),(334,101,'iphone 15 pro max',4,'2025-10-02 01:33:18'),(335,102,'iphone 15 pro max',2,'2025-10-02 01:33:18'),(336,102,'sách đắc nhân tâm',3,'2025-10-02 01:33:18'),(337,102,'giày nike air force 1',2,'2025-10-02 01:33:18'),(338,102,'áo thun nam',3,'2025-10-02 01:33:18'),(339,103,'kem chống nắng la roche posay',2,'2025-10-02 01:33:18'),(340,103,'giày nike air force 1',3,'2025-10-02 01:33:18'),(341,103,'iphone 15 pro max',3,'2025-10-02 01:33:18'),(342,103,'sách đắc nhân tâm',2,'2025-10-02 01:33:18'),(343,104,'iphone 15 pro max',4,'2025-10-02 01:33:18'),(344,104,'giày nike air force 1',3,'2025-10-02 01:33:18'),(345,104,'kem chống nắng la roche posay',2,'2025-10-02 01:33:18'),(346,105,'sách đắc nhân tâm',3,'2025-10-02 01:33:18'),(347,105,'iphone 15 pro max',3,'2025-10-02 01:33:18'),(348,105,'giày nike air force 1',4,'2025-10-02 01:33:18'),(349,105,'áo thun nam',2,'2025-10-02 01:33:18'),(350,106,'kem chống nắng la roche posay',4,'2025-10-02 01:33:18'),(351,106,'sách đắc nhân tâm',4,'2025-10-02 01:33:18'),(352,106,'iphone 15 pro max',4,'2025-10-02 01:33:18'),(353,106,'áo thun nam',3,'2025-10-02 01:33:18'),(354,107,'áo thun nam',2,'2025-10-02 01:33:18'),(355,107,'kem chống nắng la roche posay',3,'2025-10-02 01:33:18'),(356,107,'giày nike air force 1',2,'2025-10-02 01:33:18'),(357,107,'sách đắc nhân tâm',2,'2025-10-02 01:33:18'),(358,108,'giày nike air force 1',3,'2025-10-02 01:33:18'),(359,108,'sách đắc nhân tâm',2,'2025-10-02 01:33:18'),(360,108,'áo thun nam',2,'2025-10-02 01:33:18'),(361,108,'kem chống nắng la roche posay',2,'2025-10-02 01:33:18'),(362,108,'iphone 15 pro max',3,'2025-10-02 01:33:18'),(363,109,'kem chống nắng la roche posay',4,'2025-10-02 01:33:19'),(364,109,'iphone 15 pro max',2,'2025-10-02 01:33:19'),(365,109,'giày nike air force 1',2,'2025-10-02 01:33:19'),(366,110,'giày nike air force 1',2,'2025-10-02 01:33:19'),(367,110,'kem chống nắng la roche posay',3,'2025-10-02 01:33:19'),(368,110,'iphone 15 pro max',4,'2025-10-02 01:33:19'),(369,110,'sách đắc nhân tâm',2,'2025-10-02 01:33:19'),(370,111,'iphone 15 pro max',3,'2025-10-02 01:33:19'),(371,111,'kem chống nắng la roche posay',4,'2025-10-02 01:33:19'),(372,111,'giày nike air force 1',3,'2025-10-02 01:33:19'),(373,111,'sách đắc nhân tâm',2,'2025-10-02 01:33:19'),(374,112,'áo thun nam',3,'2025-10-02 01:33:19'),(375,112,'giày nike air force 1',2,'2025-10-02 01:33:19'),(376,112,'iphone 15 pro max',2,'2025-10-02 01:33:19'),(377,112,'sách đắc nhân tâm',2,'2025-10-02 01:33:19'),(378,112,'kem chống nắng la roche posay',2,'2025-10-02 01:33:19'),(379,113,'giày nike air force 1',5,'2025-10-02 01:33:19'),(380,113,'kem chống nắng la roche posay',2,'2025-10-02 01:33:19'),(381,113,'iphone 15 pro max',2,'2025-10-02 01:33:19'),(382,113,'sách đắc nhân tâm',2,'2025-10-02 01:33:19'),(383,114,'sách đắc nhân tâm',5,'2025-10-02 01:33:19'),(384,114,'kem chống nắng la roche posay',3,'2025-10-02 01:33:19'),(385,114,'áo thun nam',2,'2025-10-02 01:33:19'),(386,114,'iphone 15 pro max',4,'2025-10-02 01:33:19'),(387,114,'giày nike air force 1',2,'2025-10-02 01:33:19'),(388,115,'áo thun nam',3,'2025-10-02 01:33:19'),(389,115,'kem chống nắng la roche posay',2,'2025-10-02 01:33:19'),(390,115,'sách đắc nhân tâm',3,'2025-10-02 01:33:19'),(391,115,'giày nike air force 1',2,'2025-10-02 01:33:19'),(392,116,'iphone 15 pro max',3,'2025-10-02 01:33:19'),(393,116,'áo thun nam',3,'2025-10-02 01:33:19'),(394,116,'kem chống nắng la roche posay',3,'2025-10-02 01:33:19'),(395,116,'sách đắc nhân tâm',2,'2025-10-02 01:33:19'),(396,116,'giày nike air force 1',2,'2025-10-02 01:33:19'),(397,117,'giày nike air force 1',4,'2025-10-02 01:33:19'),(398,117,'kem chống nắng la roche posay',3,'2025-10-02 01:33:19'),(399,117,'sách đắc nhân tâm',4,'2025-10-02 01:33:19'),(400,117,'áo thun nam',3,'2025-10-02 01:33:19'),(401,117,'iphone 15 pro max',2,'2025-10-02 01:33:19'),(402,118,'iphone 15 pro max',3,'2025-10-02 01:33:20'),(403,118,'giày nike air force 1',2,'2025-10-02 01:33:19'),(404,118,'áo thun nam',4,'2025-10-02 01:33:20'),(405,119,'sách đắc nhân tâm',5,'2025-10-02 01:33:20'),(406,119,'iphone 15 pro max',3,'2025-10-02 01:33:20'),(407,119,'giày nike air force 1',3,'2025-10-02 01:33:20'),(408,119,'kem chống nắng la roche posay',4,'2025-10-02 01:33:20'),(409,119,'áo thun nam',2,'2025-10-02 01:33:20'),(410,120,'sách đắc nhân tâm',4,'2025-10-02 01:33:20'),(411,120,'áo thun nam',3,'2025-10-02 01:33:20'),(412,121,'kem chống nắng la roche posay',3,'2025-10-02 01:33:20'),(413,121,'sách đắc nhân tâm',3,'2025-10-02 01:33:20'),(414,121,'iphone 15 pro max',3,'2025-10-02 01:33:20'),(415,121,'áo thun nam',3,'2025-10-02 01:33:20');
/*!40000 ALTER TABLE `search_histories` ENABLE KEYS */;
UNLOCK TABLES;

--
-- Table structure for table `sessions`
--

DROP TABLE IF EXISTS `sessions`;
/*!40101 SET @saved_cs_client     = @@character_set_client */;
/*!50503 SET character_set_client = utf8mb4 */;
CREATE TABLE `sessions` (
  `id` varchar(255) NOT NULL,
  `user_id` bigint(20) unsigned DEFAULT NULL,
  `ip_address` varchar(45) DEFAULT NULL,
  `user_agent` text DEFAULT NULL,
  `payload` longtext NOT NULL,
  `last_activity` int(11) NOT NULL,
  PRIMARY KEY (`id`),
  KEY `sessions_user_id_index` (`user_id`),
  KEY `sessions_last_activity_index` (`last_activity`)
) ENGINE=InnoDB DEFAULT CHARSET=utf8mb4 COLLATE=utf8mb4_unicode_ci;
/*!40101 SET character_set_client = @saved_cs_client */;

--
-- Dumping data for table `sessions`
--

LOCK TABLES `sessions` WRITE;
/*!40000 ALTER TABLE `sessions` DISABLE KEYS */;
/*!40000 ALTER TABLE `sessions` ENABLE KEYS */;
UNLOCK TABLES;

--
-- Table structure for table `shipment_journeys`
--

DROP TABLE IF EXISTS `shipment_journeys`;
/*!40101 SET @saved_cs_client     = @@character_set_client */;
/*!50503 SET character_set_client = utf8mb4 */;
CREATE TABLE `shipment_journeys` (
  `id` bigint(20) unsigned NOT NULL AUTO_INCREMENT,
  `order_id` bigint(20) unsigned NOT NULL,
  `leg_type` enum('first_mile','middle_mile','last_mile') NOT NULL,
  `shipper_id` bigint(20) unsigned DEFAULT NULL,
  `start_hub_id` bigint(20) unsigned DEFAULT NULL,
  `end_hub_id` bigint(20) unsigned DEFAULT NULL,
  `status` varchar(255) NOT NULL,
  `created_at` timestamp NULL DEFAULT NULL,
  `updated_at` timestamp NULL DEFAULT NULL,
  PRIMARY KEY (`id`),
  KEY `shipment_journeys_order_id_foreign` (`order_id`),
  KEY `shipment_journeys_shipper_id_foreign` (`shipper_id`),
  KEY `shipment_journeys_start_hub_id_foreign` (`start_hub_id`),
  KEY `shipment_journeys_end_hub_id_foreign` (`end_hub_id`),
  CONSTRAINT `shipment_journeys_end_hub_id_foreign` FOREIGN KEY (`end_hub_id`) REFERENCES `hubs` (`id`),
  CONSTRAINT `shipment_journeys_order_id_foreign` FOREIGN KEY (`order_id`) REFERENCES `orders` (`order_id`),
  CONSTRAINT `shipment_journeys_shipper_id_foreign` FOREIGN KEY (`shipper_id`) REFERENCES `users` (`id`),
  CONSTRAINT `shipment_journeys_start_hub_id_foreign` FOREIGN KEY (`start_hub_id`) REFERENCES `hubs` (`id`)
) ENGINE=InnoDB DEFAULT CHARSET=utf8mb4 COLLATE=utf8mb4_unicode_ci;
/*!40101 SET character_set_client = @saved_cs_client */;

--
-- Dumping data for table `shipment_journeys`
--

LOCK TABLES `shipment_journeys` WRITE;
/*!40000 ALTER TABLE `shipment_journeys` DISABLE KEYS */;
/*!40000 ALTER TABLE `shipment_journeys` ENABLE KEYS */;
UNLOCK TABLES;

--
-- Table structure for table `shipper_profiles`
--

DROP TABLE IF EXISTS `shipper_profiles`;
/*!40101 SET @saved_cs_client     = @@character_set_client */;
/*!50503 SET character_set_client = utf8mb4 */;
CREATE TABLE `shipper_profiles` (
  `user_id` bigint(20) unsigned NOT NULL,
  `id_card_number` varchar(255) NOT NULL,
  `id_card_front_url` varchar(255) NOT NULL,
  `id_card_back_url` varchar(255) NOT NULL,
  `driver_license_number` varchar(255) NOT NULL,
  `driver_license_front_url` varchar(255) NOT NULL,
  `vehicle_type` varchar(255) NOT NULL,
  `license_plate` varchar(255) NOT NULL,
  `status` enum('pending','approved','rejected','suspended') NOT NULL DEFAULT 'pending',
  `created_at` timestamp NULL DEFAULT NULL,
  `updated_at` timestamp NULL DEFAULT NULL,
  PRIMARY KEY (`user_id`),
  CONSTRAINT `shipper_profiles_user_id_foreign` FOREIGN KEY (`user_id`) REFERENCES `users` (`id`)
) ENGINE=InnoDB DEFAULT CHARSET=utf8mb4 COLLATE=utf8mb4_unicode_ci;
/*!40101 SET character_set_client = @saved_cs_client */;

--
-- Dumping data for table `shipper_profiles`
--

LOCK TABLES `shipper_profiles` WRITE;
/*!40000 ALTER TABLE `shipper_profiles` DISABLE KEYS */;
INSERT INTO `shipper_profiles` VALUES (122,'87610491494','https://via.placeholder.com/600x400.png/009944?text=id-front','https://via.placeholder.com/600x400.png/009944?text=id-back','70-24374100','https://via.placeholder.com/600x400.png/0077bb?text=license','Van','50a-4848','pending','2025-10-02 01:33:04','2025-10-02 01:33:04'),(123,'15267341659','https://via.placeholder.com/600x400.png/009944?text=id-front','https://via.placeholder.com/600x400.png/009944?text=id-back','10-17392747','https://via.placeholder.com/600x400.png/0077bb?text=license','Motorbike','59b-0781','pending','2025-10-02 01:33:04','2025-10-02 01:33:04'),(124,'02097575315','https://via.placeholder.com/600x400.png/009944?text=id-front','https://via.placeholder.com/600x400.png/009944?text=id-back','04-10252572','https://via.placeholder.com/600x400.png/0077bb?text=license','Car','55s-1116','pending','2025-10-02 01:33:04','2025-10-02 01:33:04'),(125,'24621206147','https://via.placeholder.com/600x400.png/009944?text=id-front','https://via.placeholder.com/600x400.png/009944?text=id-back','87-58217443','https://via.placeholder.com/600x400.png/0077bb?text=license','Car','22u-0424','pending','2025-10-02 01:33:04','2025-10-02 01:33:04'),(126,'48966602613','https://via.placeholder.com/600x400.png/009944?text=id-front','https://via.placeholder.com/600x400.png/009944?text=id-back','37-54963297','https://via.placeholder.com/600x400.png/0077bb?text=license','Car','01m-4602','approved','2025-10-02 01:33:04','2025-10-02 01:33:04'),(127,'09724366313','https://via.placeholder.com/600x400.png/009944?text=id-front','https://via.placeholder.com/600x400.png/009944?text=id-back','23-79189093','https://via.placeholder.com/600x400.png/0077bb?text=license','Bicycle','64i-2825','approved','2025-10-02 01:33:04','2025-10-02 01:33:04'),(128,'47067668630','https://via.placeholder.com/600x400.png/009944?text=id-front','https://via.placeholder.com/600x400.png/009944?text=id-back','59-84676982','https://via.placeholder.com/600x400.png/0077bb?text=license','Motorbike','08h-8272','approved','2025-10-02 01:33:04','2025-10-02 01:33:04'),(129,'13566544215','https://via.placeholder.com/600x400.png/009944?text=id-front','https://via.placeholder.com/600x400.png/009944?text=id-back','16-41833076','https://via.placeholder.com/600x400.png/0077bb?text=license','Motorbike','83o-9424','approved','2025-10-02 01:33:04','2025-10-02 01:33:04'),(130,'75689355752','https://via.placeholder.com/600x400.png/009944?text=id-front','https://via.placeholder.com/600x400.png/009944?text=id-back','37-33144355','https://via.placeholder.com/600x400.png/0077bb?text=license','Bicycle','80b-5598','rejected','2025-10-02 01:33:04','2025-10-02 01:33:04'),(131,'86074608591','https://via.placeholder.com/600x400.png/009944?text=id-front','https://via.placeholder.com/600x400.png/009944?text=id-back','47-15314743','https://via.placeholder.com/600x400.png/0077bb?text=license','Motorbike','89z-8016','suspended','2025-10-02 01:33:05','2025-10-02 01:33:05');
/*!40000 ALTER TABLE `shipper_profiles` ENABLE KEYS */;
UNLOCK TABLES;

--
-- Table structure for table `shipping_details`
--

DROP TABLE IF EXISTS `shipping_details`;
/*!40101 SET @saved_cs_client     = @@character_set_client */;
/*!50503 SET character_set_client = utf8mb4 */;
CREATE TABLE `shipping_details` (
  `shipping_detail_id` bigint(20) unsigned NOT NULL AUTO_INCREMENT,
  `order_id` bigint(20) unsigned NOT NULL,
  `shipping_provider` varchar(100) NOT NULL,
  `tracking_number` varchar(100) DEFAULT NULL,
  `external_order_id` varchar(100) DEFAULT NULL,
  `status` tinyint(4) NOT NULL,
  `shipping_fee` decimal(18,2) NOT NULL,
  `status_history` text DEFAULT NULL COMMENT 'JSON history from provider',
  `created_at` timestamp NULL DEFAULT NULL,
  `updated_at` timestamp NULL DEFAULT NULL,
  PRIMARY KEY (`shipping_detail_id`),
  UNIQUE KEY `shipping_details_order_id_unique` (`order_id`),
  KEY `shipping_details_tracking_number_index` (`tracking_number`),
  CONSTRAINT `shipping_details_order_id_foreign` FOREIGN KEY (`order_id`) REFERENCES `orders` (`order_id`) ON DELETE CASCADE
) ENGINE=InnoDB AUTO_INCREMENT=299 DEFAULT CHARSET=utf8mb4 COLLATE=utf8mb4_unicode_ci;
/*!40101 SET character_set_client = @saved_cs_client */;

--
-- Dumping data for table `shipping_details`
--

LOCK TABLES `shipping_details` WRITE;
/*!40000 ALTER TABLE `shipping_details` DISABLE KEYS */;
INSERT INTO `shipping_details` VALUES (1,1,'Viettel Post','TRACKYX161960',NULL,1,35.12,NULL,'2025-10-02 01:33:08','2025-10-02 01:33:08'),(2,2,'VNPost','TRACKSA926909',NULL,4,40.08,NULL,'2025-10-02 01:33:08','2025-10-02 01:33:08'),(3,3,'Giao Hàng Tiết Kiệm','TRACKDT084394',NULL,1,27.48,NULL,'2025-10-02 01:33:08','2025-10-02 01:33:08'),(4,4,'Giao Hàng Tiết Kiệm','TRACKTC078867',NULL,4,23.83,NULL,'2025-10-02 01:33:08','2025-10-02 01:33:08'),(5,5,'Giao Hàng Tiết Kiệm','TRACKXC789491',NULL,1,22.54,NULL,'2025-10-02 01:33:08','2025-10-02 01:33:08'),(6,6,'Giao Hàng Tiết Kiệm','TRACKCW114392',NULL,2,18.94,NULL,'2025-10-02 01:33:08','2025-10-02 01:33:08'),(7,7,'Viettel Post','TRACKIG384461',NULL,4,14.67,NULL,'2025-10-02 01:33:08','2025-10-02 01:33:08'),(8,8,'Viettel Post','TRACKGK772772',NULL,4,40.93,NULL,'2025-10-02 01:33:08','2025-10-02 01:33:08'),(9,9,'Giao Hàng Nhanh','TRACKIL655951',NULL,2,19.03,NULL,'2025-10-02 01:33:08','2025-10-02 01:33:08'),(10,10,'Viettel Post','TRACKEM740844',NULL,1,12.18,NULL,'2025-10-02 01:33:08','2025-10-02 01:33:08'),(11,11,'Viettel Post','TRACKCC178052',NULL,1,32.55,NULL,'2025-10-02 01:33:08','2025-10-02 01:33:08'),(12,12,'VNPost','TRACKYW862504',NULL,4,8.35,NULL,'2025-10-02 01:33:08','2025-10-02 01:33:08'),(13,13,'Viettel Post','TRACKMF294525',NULL,4,33.85,NULL,'2025-10-02 01:33:08','2025-10-02 01:33:08'),(14,14,'Giao Hàng Nhanh','TRACKDJ543814',NULL,2,47.46,NULL,'2025-10-02 01:33:08','2025-10-02 01:33:08'),(15,15,'Viettel Post','TRACKAK247805',NULL,3,34.69,NULL,'2025-10-02 01:33:08','2025-10-02 01:33:08'),(16,16,'VNPost','TRACKGO791065',NULL,2,46.29,NULL,'2025-10-02 01:33:08','2025-10-02 01:33:08'),(17,17,'Giao Hàng Tiết Kiệm','TRACKSB887087',NULL,1,5.57,NULL,'2025-10-02 01:33:08','2025-10-02 01:33:08'),(18,18,'Viettel Post','TRACKFE919156',NULL,3,40.24,NULL,'2025-10-02 01:33:08','2025-10-02 01:33:08'),(19,19,'Giao Hàng Tiết Kiệm','TRACKEZ602606',NULL,4,24.84,NULL,'2025-10-02 01:33:08','2025-10-02 01:33:08'),(20,20,'Giao Hàng Tiết Kiệm','TRACKWE702814',NULL,2,48.79,NULL,'2025-10-02 01:33:08','2025-10-02 01:33:08'),(21,21,'VNPost','TRACKEY039100',NULL,4,36.52,NULL,'2025-10-02 01:33:08','2025-10-02 01:33:08'),(22,22,'Viettel Post','TRACKJT516557',NULL,2,25.60,NULL,'2025-10-02 01:33:08','2025-10-02 01:33:08'),(23,23,'VNPost','TRACKKC034719',NULL,2,30.73,NULL,'2025-10-02 01:33:08','2025-10-02 01:33:08'),(24,24,'Giao Hàng Tiết Kiệm','TRACKEV212319',NULL,3,41.32,NULL,'2025-10-02 01:33:08','2025-10-02 01:33:08'),(25,25,'VNPost','TRACKCW224637',NULL,3,6.24,NULL,'2025-10-02 01:33:08','2025-10-02 01:33:08'),(26,26,'VNPost','TRACKIW137413',NULL,3,7.74,NULL,'2025-10-02 01:33:08','2025-10-02 01:33:08'),(27,27,'VNPost','TRACKPN147440',NULL,2,10.34,NULL,'2025-10-02 01:33:08','2025-10-02 01:33:08'),(28,28,'Giao Hàng Nhanh','TRACKHT294999',NULL,2,8.11,NULL,'2025-10-02 01:33:08','2025-10-02 01:33:08'),(29,29,'Giao Hàng Tiết Kiệm','TRACKMR219712',NULL,3,18.50,NULL,'2025-10-02 01:33:08','2025-10-02 01:33:08'),(30,30,'Viettel Post','TRACKII132853',NULL,1,17.67,NULL,'2025-10-02 01:33:08','2025-10-02 01:33:08'),(31,31,'VNPost','TRACKTO845189',NULL,1,49.88,NULL,'2025-10-02 01:33:08','2025-10-02 01:33:08'),(32,32,'Giao Hàng Nhanh','TRACKAJ805126',NULL,3,33.54,NULL,'2025-10-02 01:33:08','2025-10-02 01:33:08'),(33,33,'Viettel Post','TRACKPL162823',NULL,1,7.50,NULL,'2025-10-02 01:33:08','2025-10-02 01:33:08'),(34,34,'Giao Hàng Tiết Kiệm','TRACKAD031791',NULL,1,29.47,NULL,'2025-10-02 01:33:08','2025-10-02 01:33:08'),(35,35,'VNPost','TRACKQV205473',NULL,3,44.85,NULL,'2025-10-02 01:33:08','2025-10-02 01:33:08'),(36,36,'Viettel Post','TRACKBU561428',NULL,4,46.51,NULL,'2025-10-02 01:33:08','2025-10-02 01:33:08'),(37,37,'VNPost','TRACKJN827441',NULL,2,33.26,NULL,'2025-10-02 01:33:08','2025-10-02 01:33:08'),(38,38,'Giao Hàng Nhanh','TRACKCV183392',NULL,4,47.93,NULL,'2025-10-02 01:33:08','2025-10-02 01:33:08'),(39,39,'Giao Hàng Nhanh','TRACKJJ872838',NULL,3,22.00,NULL,'2025-10-02 01:33:08','2025-10-02 01:33:08'),(40,40,'Viettel Post','TRACKOK865178',NULL,1,17.26,NULL,'2025-10-02 01:33:08','2025-10-02 01:33:08'),(41,41,'Giao Hàng Nhanh','TRACKPW659211',NULL,2,34.74,NULL,'2025-10-02 01:33:08','2025-10-02 01:33:08'),(42,42,'Giao Hàng Nhanh','TRACKKE104988',NULL,3,26.56,NULL,'2025-10-02 01:33:08','2025-10-02 01:33:08'),(43,43,'Giao Hàng Tiết Kiệm','TRACKKL971306',NULL,3,17.02,NULL,'2025-10-02 01:33:08','2025-10-02 01:33:08'),(44,44,'Viettel Post','TRACKQS087750',NULL,3,41.70,NULL,'2025-10-02 01:33:08','2025-10-02 01:33:08'),(45,45,'VNPost','TRACKKB257832',NULL,1,40.69,NULL,'2025-10-02 01:33:08','2025-10-02 01:33:08'),(46,46,'VNPost','TRACKGU242723',NULL,2,8.85,NULL,'2025-10-02 01:33:08','2025-10-02 01:33:08'),(47,47,'Giao Hàng Nhanh','TRACKCM222219',NULL,2,10.79,NULL,'2025-10-02 01:33:08','2025-10-02 01:33:08'),(48,48,'Giao Hàng Tiết Kiệm','TRACKTI161088',NULL,2,12.58,NULL,'2025-10-02 01:33:08','2025-10-02 01:33:08'),(49,49,'VNPost','TRACKSH125093',NULL,1,17.73,NULL,'2025-10-02 01:33:08','2025-10-02 01:33:08'),(50,50,'VNPost','TRACKZY339100',NULL,1,5.14,NULL,'2025-10-02 01:33:08','2025-10-02 01:33:08'),(51,51,'Giao Hàng Tiết Kiệm','TRACKKU321318',NULL,1,6.83,NULL,'2025-10-02 01:33:08','2025-10-02 01:33:08'),(52,52,'Giao Hàng Tiết Kiệm','TRACKNH378399',NULL,3,13.40,NULL,'2025-10-02 01:33:08','2025-10-02 01:33:08'),(53,53,'Giao Hàng Nhanh','TRACKIA758528',NULL,4,26.54,NULL,'2025-10-02 01:33:08','2025-10-02 01:33:08'),(54,54,'Giao Hàng Nhanh','TRACKZR241928',NULL,4,21.87,NULL,'2025-10-02 01:33:08','2025-10-02 01:33:08'),(55,55,'Viettel Post','TRACKSG946285',NULL,4,39.95,NULL,'2025-10-02 01:33:08','2025-10-02 01:33:08'),(56,56,'Viettel Post','TRACKGV959230',NULL,4,20.15,NULL,'2025-10-02 01:33:08','2025-10-02 01:33:08'),(57,57,'Giao Hàng Tiết Kiệm','TRACKQA180460',NULL,4,15.66,NULL,'2025-10-02 01:33:08','2025-10-02 01:33:08'),(58,58,'VNPost','TRACKWT173639',NULL,4,47.16,NULL,'2025-10-02 01:33:08','2025-10-02 01:33:08'),(59,59,'Viettel Post','TRACKGX368848',NULL,1,30.87,NULL,'2025-10-02 01:33:08','2025-10-02 01:33:08'),(60,60,'Viettel Post','TRACKWX557447',NULL,2,7.74,NULL,'2025-10-02 01:33:08','2025-10-02 01:33:08'),(61,61,'Giao Hàng Nhanh','TRACKOT083385',NULL,2,48.24,NULL,'2025-10-02 01:33:08','2025-10-02 01:33:08'),(62,62,'Giao Hàng Nhanh','TRACKLW853155',NULL,2,18.04,NULL,'2025-10-02 01:33:08','2025-10-02 01:33:08'),(63,63,'VNPost','TRACKYE554729',NULL,3,28.87,NULL,'2025-10-02 01:33:08','2025-10-02 01:33:08'),(64,64,'Giao Hàng Nhanh','TRACKKE570518',NULL,3,29.83,NULL,'2025-10-02 01:33:08','2025-10-02 01:33:08'),(65,65,'Giao Hàng Nhanh','TRACKHP321640',NULL,2,47.13,NULL,'2025-10-02 01:33:08','2025-10-02 01:33:08'),(66,66,'VNPost','TRACKTX408480',NULL,4,38.40,NULL,'2025-10-02 01:33:08','2025-10-02 01:33:08'),(67,67,'Giao Hàng Nhanh','TRACKSW825773',NULL,3,31.15,NULL,'2025-10-02 01:33:08','2025-10-02 01:33:08'),(68,68,'VNPost','TRACKBM569144',NULL,2,12.29,NULL,'2025-10-02 01:33:08','2025-10-02 01:33:08'),(69,69,'Giao Hàng Tiết Kiệm','TRACKVT321490',NULL,4,17.64,NULL,'2025-10-02 01:33:08','2025-10-02 01:33:08'),(70,70,'Giao Hàng Nhanh','TRACKFH597134',NULL,1,42.76,NULL,'2025-10-02 01:33:08','2025-10-02 01:33:08'),(71,71,'Giao Hàng Nhanh','TRACKCM033063',NULL,2,33.79,NULL,'2025-10-02 01:33:08','2025-10-02 01:33:08'),(72,72,'Giao Hàng Nhanh','TRACKTN308212',NULL,2,5.14,NULL,'2025-10-02 01:33:08','2025-10-02 01:33:08'),(73,73,'Giao Hàng Tiết Kiệm','TRACKRO452333',NULL,4,47.21,NULL,'2025-10-02 01:33:08','2025-10-02 01:33:08'),(74,74,'Giao Hàng Nhanh','TRACKZM227242',NULL,4,5.09,NULL,'2025-10-02 01:33:08','2025-10-02 01:33:08'),(75,75,'Viettel Post','TRACKBE344021',NULL,3,46.06,NULL,'2025-10-02 01:33:08','2025-10-02 01:33:08'),(76,76,'Giao Hàng Tiết Kiệm','TRACKYT874766',NULL,1,47.83,NULL,'2025-10-02 01:33:08','2025-10-02 01:33:08'),(77,77,'Giao Hàng Tiết Kiệm','TRACKQE658661',NULL,4,48.55,NULL,'2025-10-02 01:33:08','2025-10-02 01:33:08'),(78,78,'Giao Hàng Tiết Kiệm','TRACKTX631011',NULL,1,25.00,NULL,'2025-10-02 01:33:08','2025-10-02 01:33:08'),(79,79,'Viettel Post','TRACKAX763350',NULL,3,18.28,NULL,'2025-10-02 01:33:08','2025-10-02 01:33:08'),(80,80,'Viettel Post','TRACKAH231504',NULL,4,33.21,NULL,'2025-10-02 01:33:08','2025-10-02 01:33:08'),(81,81,'Giao Hàng Nhanh','TRACKEH556589',NULL,1,25.45,NULL,'2025-10-02 01:33:08','2025-10-02 01:33:08'),(82,82,'Giao Hàng Tiết Kiệm','TRACKGC809794',NULL,3,18.11,NULL,'2025-10-02 01:33:08','2025-10-02 01:33:08'),(83,83,'Giao Hàng Nhanh','TRACKDN881408',NULL,3,49.08,NULL,'2025-10-02 01:33:08','2025-10-02 01:33:08'),(84,84,'Giao Hàng Tiết Kiệm','TRACKMK750432',NULL,3,31.04,NULL,'2025-10-02 01:33:08','2025-10-02 01:33:08'),(85,85,'Giao Hàng Nhanh','TRACKMP533536',NULL,3,14.09,NULL,'2025-10-02 01:33:08','2025-10-02 01:33:08'),(86,86,'Giao Hàng Tiết Kiệm','TRACKLF691664',NULL,2,30.06,NULL,'2025-10-02 01:33:08','2025-10-02 01:33:08'),(87,87,'VNPost','TRACKGW031708',NULL,3,44.40,NULL,'2025-10-02 01:33:08','2025-10-02 01:33:08'),(88,88,'Giao Hàng Nhanh','TRACKGP994040',NULL,4,17.54,NULL,'2025-10-02 01:33:08','2025-10-02 01:33:08'),(89,89,'Giao Hàng Nhanh','TRACKIM165095',NULL,4,20.79,NULL,'2025-10-02 01:33:08','2025-10-02 01:33:08'),(90,90,'Viettel Post','TRACKWM654935',NULL,2,42.54,NULL,'2025-10-02 01:33:08','2025-10-02 01:33:08'),(91,91,'VNPost','TRACKUS960111',NULL,3,21.49,NULL,'2025-10-02 01:33:08','2025-10-02 01:33:08'),(92,92,'Giao Hàng Tiết Kiệm','TRACKRI377139',NULL,2,43.24,NULL,'2025-10-02 01:33:08','2025-10-02 01:33:08'),(93,93,'VNPost','TRACKKA534552',NULL,1,33.13,NULL,'2025-10-02 01:33:08','2025-10-02 01:33:08'),(94,94,'Giao Hàng Tiết Kiệm','TRACKDW567166',NULL,2,37.93,NULL,'2025-10-02 01:33:08','2025-10-02 01:33:08'),(95,95,'Viettel Post','TRACKCE361430',NULL,1,46.97,NULL,'2025-10-02 01:33:08','2025-10-02 01:33:08'),(96,96,'VNPost','TRACKLE574215',NULL,2,10.63,NULL,'2025-10-02 01:33:08','2025-10-02 01:33:08'),(97,97,'Giao Hàng Nhanh','TRACKXE930002',NULL,3,18.00,NULL,'2025-10-02 01:33:08','2025-10-02 01:33:08'),(98,98,'Giao Hàng Nhanh','TRACKER460796',NULL,2,12.16,NULL,'2025-10-02 01:33:08','2025-10-02 01:33:08'),(99,99,'Viettel Post','TRACKPJ962989',NULL,1,28.01,NULL,'2025-10-02 01:33:08','2025-10-02 01:33:08'),(100,100,'Giao Hàng Tiết Kiệm','TRACKUH572714',NULL,1,44.64,NULL,'2025-10-02 01:33:08','2025-10-02 01:33:08'),(101,101,'Viettel Post','TRACKRN272330',NULL,3,32.94,NULL,'2025-10-02 01:33:08','2025-10-02 01:33:08'),(102,102,'VNPost','TRACKOL382802',NULL,2,25.59,NULL,'2025-10-02 01:33:08','2025-10-02 01:33:08'),(103,103,'VNPost','TRACKWK626097',NULL,2,6.00,NULL,'2025-10-02 01:33:08','2025-10-02 01:33:08'),(104,104,'VNPost','TRACKMT907644',NULL,4,44.16,NULL,'2025-10-02 01:33:08','2025-10-02 01:33:08'),(105,105,'Giao Hàng Nhanh','TRACKUF437020',NULL,1,40.54,NULL,'2025-10-02 01:33:08','2025-10-02 01:33:08'),(106,106,'Giao Hàng Tiết Kiệm','TRACKSC608816',NULL,2,48.77,NULL,'2025-10-02 01:33:08','2025-10-02 01:33:08'),(107,107,'Viettel Post','TRACKHT885266',NULL,3,44.65,NULL,'2025-10-02 01:33:08','2025-10-02 01:33:08'),(108,108,'Viettel Post','TRACKRO464187',NULL,4,40.71,NULL,'2025-10-02 01:33:08','2025-10-02 01:33:08'),(109,109,'VNPost','TRACKSP174538',NULL,4,26.22,NULL,'2025-10-02 01:33:08','2025-10-02 01:33:08'),(110,110,'Giao Hàng Tiết Kiệm','TRACKKQ401725',NULL,4,44.67,NULL,'2025-10-02 01:33:09','2025-10-02 01:33:09'),(111,111,'Giao Hàng Nhanh','TRACKEV355072',NULL,4,22.89,NULL,'2025-10-02 01:33:09','2025-10-02 01:33:09'),(112,112,'VNPost','TRACKDN505440',NULL,3,5.71,NULL,'2025-10-02 01:33:09','2025-10-02 01:33:09'),(113,113,'Viettel Post','TRACKNH846456',NULL,1,22.78,NULL,'2025-10-02 01:33:09','2025-10-02 01:33:09'),(114,114,'Giao Hàng Tiết Kiệm','TRACKWB736690',NULL,1,31.73,NULL,'2025-10-02 01:33:09','2025-10-02 01:33:09'),(115,115,'Giao Hàng Tiết Kiệm','TRACKKL338369',NULL,3,13.85,NULL,'2025-10-02 01:33:09','2025-10-02 01:33:09'),(116,116,'Viettel Post','TRACKNY412054',NULL,3,37.80,NULL,'2025-10-02 01:33:09','2025-10-02 01:33:09'),(117,117,'Viettel Post','TRACKHR029302',NULL,2,43.09,NULL,'2025-10-02 01:33:09','2025-10-02 01:33:09'),(118,118,'Viettel Post','TRACKNM355808',NULL,4,41.88,NULL,'2025-10-02 01:33:09','2025-10-02 01:33:09'),(119,119,'VNPost','TRACKLP322856',NULL,1,13.92,NULL,'2025-10-02 01:33:09','2025-10-02 01:33:09'),(120,120,'VNPost','TRACKOP220903',NULL,4,14.52,NULL,'2025-10-02 01:33:09','2025-10-02 01:33:09'),(121,121,'VNPost','TRACKDL522256',NULL,1,16.03,NULL,'2025-10-02 01:33:09','2025-10-02 01:33:09'),(122,122,'Giao Hàng Tiết Kiệm','TRACKSB859879',NULL,4,18.58,NULL,'2025-10-02 01:33:09','2025-10-02 01:33:09'),(123,123,'Giao Hàng Tiết Kiệm','TRACKOP509201',NULL,2,11.45,NULL,'2025-10-02 01:33:09','2025-10-02 01:33:09'),(124,124,'Giao Hàng Tiết Kiệm','TRACKHK690019',NULL,2,26.37,NULL,'2025-10-02 01:33:09','2025-10-02 01:33:09'),(125,125,'Viettel Post','TRACKVZ902525',NULL,2,7.18,NULL,'2025-10-02 01:33:09','2025-10-02 01:33:09'),(126,126,'Viettel Post','TRACKVI655115',NULL,3,26.51,NULL,'2025-10-02 01:33:09','2025-10-02 01:33:09'),(127,127,'Viettel Post','TRACKOU987274',NULL,1,26.86,NULL,'2025-10-02 01:33:09','2025-10-02 01:33:09'),(128,128,'Viettel Post','TRACKMZ217452',NULL,3,43.83,NULL,'2025-10-02 01:33:09','2025-10-02 01:33:09'),(129,129,'Viettel Post','TRACKCW107315',NULL,3,42.47,NULL,'2025-10-02 01:33:09','2025-10-02 01:33:09'),(130,130,'VNPost','TRACKAJ568015',NULL,4,13.37,NULL,'2025-10-02 01:33:09','2025-10-02 01:33:09'),(131,131,'Giao Hàng Nhanh','TRACKLW633184',NULL,3,12.70,NULL,'2025-10-02 01:33:09','2025-10-02 01:33:09'),(132,132,'VNPost','TRACKBY359663',NULL,4,37.32,NULL,'2025-10-02 01:33:09','2025-10-02 01:33:09'),(133,133,'VNPost','TRACKXC032051',NULL,1,34.46,NULL,'2025-10-02 01:33:09','2025-10-02 01:33:09'),(134,134,'Giao Hàng Nhanh','TRACKYD375357',NULL,3,40.25,NULL,'2025-10-02 01:33:09','2025-10-02 01:33:09'),(135,135,'Giao Hàng Tiết Kiệm','TRACKMM158538',NULL,4,25.57,NULL,'2025-10-02 01:33:09','2025-10-02 01:33:09'),(136,136,'VNPost','TRACKNL081290',NULL,2,16.78,NULL,'2025-10-02 01:33:09','2025-10-02 01:33:09'),(137,137,'VNPost','TRACKGF479300',NULL,1,47.31,NULL,'2025-10-02 01:33:09','2025-10-02 01:33:09'),(138,138,'Viettel Post','TRACKXJ527649',NULL,2,45.40,NULL,'2025-10-02 01:33:09','2025-10-02 01:33:09'),(139,139,'Viettel Post','TRACKRJ636104',NULL,1,31.98,NULL,'2025-10-02 01:33:09','2025-10-02 01:33:09'),(140,140,'Giao Hàng Tiết Kiệm','TRACKVO283043',NULL,2,8.35,NULL,'2025-10-02 01:33:09','2025-10-02 01:33:09'),(141,141,'Giao Hàng Nhanh','TRACKVU262346',NULL,1,14.49,NULL,'2025-10-02 01:33:09','2025-10-02 01:33:09'),(142,142,'Giao Hàng Tiết Kiệm','TRACKIJ872569',NULL,4,48.70,NULL,'2025-10-02 01:33:09','2025-10-02 01:33:09'),(143,143,'VNPost','TRACKFQ317302',NULL,3,44.53,NULL,'2025-10-02 01:33:09','2025-10-02 01:33:09'),(144,144,'Viettel Post','TRACKKH231288',NULL,4,34.71,NULL,'2025-10-02 01:33:09','2025-10-02 01:33:09'),(145,145,'VNPost','TRACKJB688568',NULL,4,19.51,NULL,'2025-10-02 01:33:09','2025-10-02 01:33:09'),(146,146,'Giao Hàng Tiết Kiệm','TRACKYQ330233',NULL,3,11.54,NULL,'2025-10-02 01:33:09','2025-10-02 01:33:09'),(147,147,'VNPost','TRACKCH536962',NULL,2,34.41,NULL,'2025-10-02 01:33:09','2025-10-02 01:33:09'),(148,148,'Giao Hàng Nhanh','TRACKLB893473',NULL,3,16.49,NULL,'2025-10-02 01:33:09','2025-10-02 01:33:09'),(149,149,'Giao Hàng Tiết Kiệm','TRACKOW919742',NULL,3,9.89,NULL,'2025-10-02 01:33:09','2025-10-02 01:33:09'),(150,150,'Giao Hàng Tiết Kiệm','TRACKQU498201',NULL,1,43.66,NULL,'2025-10-02 01:33:09','2025-10-02 01:33:09'),(151,151,'Giao Hàng Nhanh','TRACKVX001356',NULL,4,25.11,NULL,'2025-10-02 01:33:09','2025-10-02 01:33:09'),(152,152,'Viettel Post','TRACKWB480558',NULL,1,10.99,NULL,'2025-10-02 01:33:09','2025-10-02 01:33:09'),(153,153,'Viettel Post','TRACKWJ823112',NULL,1,8.85,NULL,'2025-10-02 01:33:09','2025-10-02 01:33:09'),(154,154,'Giao Hàng Nhanh','TRACKCH933299',NULL,3,43.31,NULL,'2025-10-02 01:33:09','2025-10-02 01:33:09'),(155,155,'Giao Hàng Nhanh','TRACKKE093995',NULL,4,6.34,NULL,'2025-10-02 01:33:09','2025-10-02 01:33:09'),(156,156,'Giao Hàng Tiết Kiệm','TRACKFT501827',NULL,1,35.97,NULL,'2025-10-02 01:33:09','2025-10-02 01:33:09'),(157,157,'VNPost','TRACKSG896065',NULL,3,46.42,NULL,'2025-10-02 01:33:09','2025-10-02 01:33:09'),(158,158,'VNPost','TRACKTS987639',NULL,1,22.68,NULL,'2025-10-02 01:33:09','2025-10-02 01:33:09'),(159,159,'Giao Hàng Nhanh','TRACKHR690836',NULL,4,47.17,NULL,'2025-10-02 01:33:09','2025-10-02 01:33:09'),(160,160,'VNPost','TRACKOZ984287',NULL,2,6.95,NULL,'2025-10-02 01:33:09','2025-10-02 01:33:09'),(161,161,'Viettel Post','TRACKLV421764',NULL,1,17.23,NULL,'2025-10-02 01:33:09','2025-10-02 01:33:09'),(162,162,'Viettel Post','TRACKFQ372772',NULL,4,25.85,NULL,'2025-10-02 01:33:09','2025-10-02 01:33:09'),(163,163,'Giao Hàng Nhanh','TRACKEZ722902',NULL,2,25.67,NULL,'2025-10-02 01:33:09','2025-10-02 01:33:09'),(164,164,'VNPost','TRACKUR245172',NULL,2,15.06,NULL,'2025-10-02 01:33:09','2025-10-02 01:33:09'),(165,165,'VNPost','TRACKEM566440',NULL,4,36.15,NULL,'2025-10-02 01:33:09','2025-10-02 01:33:09'),(166,166,'Viettel Post','TRACKMO483698',NULL,3,48.16,NULL,'2025-10-02 01:33:09','2025-10-02 01:33:09'),(167,167,'Giao Hàng Nhanh','TRACKYS854360',NULL,4,43.56,NULL,'2025-10-02 01:33:09','2025-10-02 01:33:09'),(168,168,'Viettel Post','TRACKMK183455',NULL,1,38.33,NULL,'2025-10-02 01:33:09','2025-10-02 01:33:09'),(169,169,'Giao Hàng Nhanh','TRACKCB692706',NULL,4,25.29,NULL,'2025-10-02 01:33:09','2025-10-02 01:33:09'),(170,170,'Giao Hàng Tiết Kiệm','TRACKEI966970',NULL,1,21.82,NULL,'2025-10-02 01:33:09','2025-10-02 01:33:09'),(171,171,'Giao Hàng Tiết Kiệm','TRACKFE496648',NULL,3,32.02,NULL,'2025-10-02 01:33:09','2025-10-02 01:33:09'),(172,172,'Giao Hàng Tiết Kiệm','TRACKCA980743',NULL,2,40.93,NULL,'2025-10-02 01:33:09','2025-10-02 01:33:09'),(173,173,'VNPost','TRACKBQ796032',NULL,4,43.26,NULL,'2025-10-02 01:33:09','2025-10-02 01:33:09'),(174,174,'VNPost','TRACKYY398561',NULL,4,23.94,NULL,'2025-10-02 01:33:09','2025-10-02 01:33:09'),(175,175,'Viettel Post','TRACKOA224083',NULL,4,11.82,NULL,'2025-10-02 01:33:09','2025-10-02 01:33:09'),(176,176,'VNPost','TRACKGZ841189',NULL,1,42.00,NULL,'2025-10-02 01:33:09','2025-10-02 01:33:09'),(177,177,'VNPost','TRACKBJ401181',NULL,2,41.44,NULL,'2025-10-02 01:33:09','2025-10-02 01:33:09'),(178,178,'Giao Hàng Tiết Kiệm','TRACKYQ689364',NULL,4,48.52,NULL,'2025-10-02 01:33:09','2025-10-02 01:33:09'),(179,179,'Viettel Post','TRACKPX408279',NULL,3,34.81,NULL,'2025-10-02 01:33:09','2025-10-02 01:33:09'),(180,180,'Giao Hàng Tiết Kiệm','TRACKKO613956',NULL,3,47.59,NULL,'2025-10-02 01:33:09','2025-10-02 01:33:09'),(181,181,'Giao Hàng Tiết Kiệm','TRACKUR658272',NULL,2,31.74,NULL,'2025-10-02 01:33:09','2025-10-02 01:33:09'),(182,182,'VNPost','TRACKSS793711',NULL,3,10.22,NULL,'2025-10-02 01:33:09','2025-10-02 01:33:09'),(183,183,'Giao Hàng Nhanh','TRACKNJ348821',NULL,4,38.23,NULL,'2025-10-02 01:33:09','2025-10-02 01:33:09'),(184,184,'VNPost','TRACKQK660426',NULL,2,44.40,NULL,'2025-10-02 01:33:09','2025-10-02 01:33:09'),(185,185,'Giao Hàng Nhanh','TRACKRH592641',NULL,2,46.26,NULL,'2025-10-02 01:33:09','2025-10-02 01:33:09'),(186,186,'Giao Hàng Nhanh','TRACKKK696251',NULL,4,45.76,NULL,'2025-10-02 01:33:09','2025-10-02 01:33:09'),(187,187,'Viettel Post','TRACKWZ087275',NULL,4,22.94,NULL,'2025-10-02 01:33:09','2025-10-02 01:33:09'),(188,188,'Giao Hàng Nhanh','TRACKIV435471',NULL,4,32.24,NULL,'2025-10-02 01:33:09','2025-10-02 01:33:09'),(189,189,'Viettel Post','TRACKNZ409021',NULL,4,32.37,NULL,'2025-10-02 01:33:09','2025-10-02 01:33:09'),(190,190,'Giao Hàng Nhanh','TRACKLD048480',NULL,3,49.58,NULL,'2025-10-02 01:33:09','2025-10-02 01:33:09'),(191,191,'Viettel Post','TRACKIU654472',NULL,4,10.96,NULL,'2025-10-02 01:33:09','2025-10-02 01:33:09'),(192,192,'VNPost','TRACKKN958830',NULL,3,42.01,NULL,'2025-10-02 01:33:09','2025-10-02 01:33:09'),(193,193,'Giao Hàng Nhanh','TRACKLP902740',NULL,3,34.54,NULL,'2025-10-02 01:33:09','2025-10-02 01:33:09'),(194,194,'Viettel Post','TRACKDU115790',NULL,1,25.37,NULL,'2025-10-02 01:33:09','2025-10-02 01:33:09'),(195,195,'Viettel Post','TRACKAU369260',NULL,4,20.93,NULL,'2025-10-02 01:33:09','2025-10-02 01:33:09'),(196,196,'VNPost','TRACKBY676953',NULL,2,47.21,NULL,'2025-10-02 01:33:09','2025-10-02 01:33:09'),(197,197,'Viettel Post','TRACKUG226274',NULL,1,20.68,NULL,'2025-10-02 01:33:09','2025-10-02 01:33:09'),(198,198,'VNPost','TRACKCG363805',NULL,1,14.14,NULL,'2025-10-02 01:33:09','2025-10-02 01:33:09'),(199,199,'Giao Hàng Nhanh','TRACKNN780397',NULL,2,46.73,NULL,'2025-10-02 01:33:09','2025-10-02 01:33:09'),(200,200,'Giao Hàng Nhanh','TRACKSK996697',NULL,4,10.87,NULL,'2025-10-02 01:33:09','2025-10-02 01:33:09'),(201,201,'Viettel Post','TRACKNK961667',NULL,1,37.93,NULL,'2025-10-02 01:33:09','2025-10-02 01:33:09'),(202,202,'VNPost','TRACKJA091388',NULL,1,32.82,NULL,'2025-10-02 01:33:09','2025-10-02 01:33:09'),(203,203,'Viettel Post','TRACKQD817725',NULL,3,19.62,NULL,'2025-10-02 01:33:09','2025-10-02 01:33:09'),(204,204,'Giao Hàng Tiết Kiệm','TRACKEA569360',NULL,4,16.57,NULL,'2025-10-02 01:33:09','2025-10-02 01:33:09'),(205,205,'Viettel Post','TRACKSA406218',NULL,2,13.22,NULL,'2025-10-02 01:33:09','2025-10-02 01:33:09'),(206,206,'Viettel Post','TRACKLS243202',NULL,1,20.94,NULL,'2025-10-02 01:33:09','2025-10-02 01:33:09'),(207,207,'Giao Hàng Tiết Kiệm','TRACKOJ826648',NULL,4,43.30,NULL,'2025-10-02 01:33:09','2025-10-02 01:33:09'),(208,208,'Giao Hàng Tiết Kiệm','TRACKQI419966',NULL,3,30.29,NULL,'2025-10-02 01:33:09','2025-10-02 01:33:09'),(209,209,'Giao Hàng Tiết Kiệm','TRACKIT577392',NULL,4,13.60,NULL,'2025-10-02 01:33:09','2025-10-02 01:33:09'),(210,210,'Viettel Post','TRACKBC119060',NULL,4,30.64,NULL,'2025-10-02 01:33:09','2025-10-02 01:33:09'),(211,211,'VNPost','TRACKFD139125',NULL,1,26.55,NULL,'2025-10-02 01:33:09','2025-10-02 01:33:09'),(212,212,'Giao Hàng Nhanh','TRACKQB435646',NULL,2,36.88,NULL,'2025-10-02 01:33:09','2025-10-02 01:33:09'),(213,213,'Giao Hàng Nhanh','TRACKTC056974',NULL,1,23.76,NULL,'2025-10-02 01:33:09','2025-10-02 01:33:09'),(214,214,'Giao Hàng Tiết Kiệm','TRACKYB431435',NULL,1,46.79,NULL,'2025-10-02 01:33:09','2025-10-02 01:33:09'),(215,215,'Viettel Post','TRACKKX942276',NULL,1,30.60,NULL,'2025-10-02 01:33:09','2025-10-02 01:33:09'),(216,216,'Giao Hàng Tiết Kiệm','TRACKBS418007',NULL,4,15.53,NULL,'2025-10-02 01:33:09','2025-10-02 01:33:09'),(217,217,'Giao Hàng Nhanh','TRACKWR938706',NULL,4,39.81,NULL,'2025-10-02 01:33:09','2025-10-02 01:33:09'),(218,218,'Giao Hàng Tiết Kiệm','TRACKFI914501',NULL,3,38.18,NULL,'2025-10-02 01:33:09','2025-10-02 01:33:09'),(219,219,'Giao Hàng Tiết Kiệm','TRACKDE488027',NULL,4,46.49,NULL,'2025-10-02 01:33:09','2025-10-02 01:33:09'),(220,220,'Viettel Post','TRACKYW833513',NULL,4,37.73,NULL,'2025-10-02 01:33:09','2025-10-02 01:33:09'),(221,221,'Giao Hàng Nhanh','TRACKQR709622',NULL,1,48.88,NULL,'2025-10-02 01:33:09','2025-10-02 01:33:09'),(222,222,'VNPost','TRACKGK623212',NULL,4,16.24,NULL,'2025-10-02 01:33:09','2025-10-02 01:33:09'),(223,223,'VNPost','TRACKKK191002',NULL,2,21.56,NULL,'2025-10-02 01:33:09','2025-10-02 01:33:09'),(224,224,'VNPost','TRACKHF264039',NULL,3,31.54,NULL,'2025-10-02 01:33:09','2025-10-02 01:33:09'),(225,225,'Viettel Post','TRACKHP277699',NULL,3,48.73,NULL,'2025-10-02 01:33:09','2025-10-02 01:33:09'),(226,226,'Giao Hàng Nhanh','TRACKRW395801',NULL,1,20.83,NULL,'2025-10-02 01:33:09','2025-10-02 01:33:09'),(227,227,'Giao Hàng Nhanh','TRACKQE287135',NULL,1,39.80,NULL,'2025-10-02 01:33:09','2025-10-02 01:33:09'),(228,228,'Viettel Post','TRACKFY180322',NULL,2,47.75,NULL,'2025-10-02 01:33:09','2025-10-02 01:33:09'),(229,229,'VNPost','TRACKVJ774738',NULL,2,7.26,NULL,'2025-10-02 01:33:09','2025-10-02 01:33:09'),(230,230,'Viettel Post','TRACKMY059370',NULL,2,41.39,NULL,'2025-10-02 01:33:09','2025-10-02 01:33:09'),(231,231,'Viettel Post','TRACKVE326872',NULL,4,8.28,NULL,'2025-10-02 01:33:09','2025-10-02 01:33:09'),(232,232,'Giao Hàng Nhanh','TRACKRH302889',NULL,2,33.69,NULL,'2025-10-02 01:33:09','2025-10-02 01:33:09'),(233,233,'Giao Hàng Tiết Kiệm','TRACKEM913645',NULL,3,12.07,NULL,'2025-10-02 01:33:09','2025-10-02 01:33:09'),(234,234,'Giao Hàng Nhanh','TRACKPP558942',NULL,4,37.44,NULL,'2025-10-02 01:33:09','2025-10-02 01:33:09'),(235,235,'Giao Hàng Nhanh','TRACKFC580330',NULL,4,30.04,NULL,'2025-10-02 01:33:09','2025-10-02 01:33:09'),(236,236,'VNPost','TRACKTT416805',NULL,1,10.29,NULL,'2025-10-02 01:33:09','2025-10-02 01:33:09'),(237,237,'Giao Hàng Tiết Kiệm','TRACKBK247350',NULL,4,41.81,NULL,'2025-10-02 01:33:09','2025-10-02 01:33:09'),(238,238,'VNPost','TRACKPN179914',NULL,4,24.21,NULL,'2025-10-02 01:33:09','2025-10-02 01:33:09'),(239,239,'Giao Hàng Nhanh','TRACKTD659952',NULL,4,37.23,NULL,'2025-10-02 01:33:09','2025-10-02 01:33:09'),(240,240,'Giao Hàng Tiết Kiệm','TRACKSS781099',NULL,2,22.22,NULL,'2025-10-02 01:33:09','2025-10-02 01:33:09'),(241,241,'Viettel Post','TRACKCJ160481',NULL,2,26.53,NULL,'2025-10-02 01:33:09','2025-10-02 01:33:09'),(242,242,'VNPost','TRACKJN653808',NULL,2,33.54,NULL,'2025-10-02 01:33:09','2025-10-02 01:33:09'),(243,243,'Giao Hàng Nhanh','TRACKPB858202',NULL,1,26.79,NULL,'2025-10-02 01:33:09','2025-10-02 01:33:09'),(244,244,'VNPost','TRACKXO284537',NULL,2,6.25,NULL,'2025-10-02 01:33:09','2025-10-02 01:33:09'),(245,245,'Viettel Post','TRACKAG679108',NULL,3,37.85,NULL,'2025-10-02 01:33:09','2025-10-02 01:33:09'),(246,246,'Viettel Post','TRACKQA510397',NULL,2,25.99,NULL,'2025-10-02 01:33:09','2025-10-02 01:33:09'),(247,247,'Giao Hàng Tiết Kiệm','TRACKTS077306',NULL,3,26.33,NULL,'2025-10-02 01:33:09','2025-10-02 01:33:09'),(248,248,'Giao Hàng Tiết Kiệm','TRACKYQ183202',NULL,1,23.63,NULL,'2025-10-02 01:33:09','2025-10-02 01:33:09'),(249,249,'VNPost','TRACKVE260264',NULL,4,27.03,NULL,'2025-10-02 01:33:09','2025-10-02 01:33:09'),(250,250,'Giao Hàng Nhanh','TRACKLK856566',NULL,2,5.80,NULL,'2025-10-02 01:33:09','2025-10-02 01:33:09'),(251,251,'VNPost','TRACKLS234590',NULL,1,11.92,NULL,'2025-10-02 01:33:09','2025-10-02 01:33:09'),(252,252,'Viettel Post','TRACKTM774055',NULL,4,6.37,NULL,'2025-10-02 01:33:09','2025-10-02 01:33:09'),(253,253,'Giao Hàng Tiết Kiệm','TRACKTU201226',NULL,4,10.09,NULL,'2025-10-02 01:33:09','2025-10-02 01:33:09'),(254,254,'Giao Hàng Tiết Kiệm','TRACKTI500721',NULL,3,27.98,NULL,'2025-10-02 01:33:09','2025-10-02 01:33:09'),(255,255,'Giao Hàng Tiết Kiệm','TRACKQI124169',NULL,4,38.65,NULL,'2025-10-02 01:33:09','2025-10-02 01:33:09'),(256,256,'Giao Hàng Tiết Kiệm','TRACKKW226689',NULL,1,48.20,NULL,'2025-10-02 01:33:09','2025-10-02 01:33:09'),(257,257,'VNPost','TRACKTQ836529',NULL,4,10.75,NULL,'2025-10-02 01:33:09','2025-10-02 01:33:09'),(258,258,'Viettel Post','TRACKZB893131',NULL,4,37.08,NULL,'2025-10-02 01:33:09','2025-10-02 01:33:09'),(259,259,'Viettel Post','TRACKNH020619',NULL,4,13.52,NULL,'2025-10-02 01:33:09','2025-10-02 01:33:09'),(260,260,'Giao Hàng Nhanh','TRACKRK222092',NULL,1,6.53,NULL,'2025-10-02 01:33:09','2025-10-02 01:33:09'),(261,261,'VNPost','TRACKUE425723',NULL,3,35.92,NULL,'2025-10-02 01:33:09','2025-10-02 01:33:09'),(262,262,'VNPost','TRACKDB379227',NULL,3,11.35,NULL,'2025-10-02 01:33:09','2025-10-02 01:33:09'),(263,263,'VNPost','TRACKDR897516',NULL,4,29.50,NULL,'2025-10-02 01:33:09','2025-10-02 01:33:09'),(264,264,'VNPost','TRACKDM386237',NULL,3,20.83,NULL,'2025-10-02 01:33:09','2025-10-02 01:33:09'),(265,265,'VNPost','TRACKSF161337',NULL,3,25.14,NULL,'2025-10-02 01:33:09','2025-10-02 01:33:09'),(266,266,'VNPost','TRACKDK233564',NULL,4,25.97,NULL,'2025-10-02 01:33:09','2025-10-02 01:33:09'),(267,267,'Giao Hàng Nhanh','TRACKKM628575',NULL,4,6.96,NULL,'2025-10-02 01:33:09','2025-10-02 01:33:09'),(268,268,'Giao Hàng Tiết Kiệm','TRACKNS333421',NULL,2,18.20,NULL,'2025-10-02 01:33:09','2025-10-02 01:33:09'),(269,269,'VNPost','TRACKJM965283',NULL,3,22.74,NULL,'2025-10-02 01:33:09','2025-10-02 01:33:09'),(270,270,'Giao Hàng Nhanh','TRACKRZ998372',NULL,1,5.03,NULL,'2025-10-02 01:33:09','2025-10-02 01:33:09'),(271,271,'Viettel Post','TRACKUM493550',NULL,3,19.18,NULL,'2025-10-02 01:33:09','2025-10-02 01:33:09'),(272,272,'VNPost','TRACKFC975301',NULL,4,35.18,NULL,'2025-10-02 01:33:09','2025-10-02 01:33:09'),(273,273,'Giao Hàng Nhanh','TRACKIG041831',NULL,4,25.88,NULL,'2025-10-02 01:33:09','2025-10-02 01:33:09'),(274,274,'Viettel Post','TRACKZC959834',NULL,2,46.37,NULL,'2025-10-02 01:33:09','2025-10-02 01:33:09'),(275,275,'Giao Hàng Nhanh','TRACKAX963583',NULL,3,19.63,NULL,'2025-10-02 01:33:09','2025-10-02 01:33:09'),(276,276,'Giao Hàng Nhanh','TRACKSC456993',NULL,4,34.09,NULL,'2025-10-02 01:33:09','2025-10-02 01:33:09'),(277,277,'Giao Hàng Tiết Kiệm','TRACKNR236503',NULL,3,37.31,NULL,'2025-10-02 01:33:09','2025-10-02 01:33:09'),(278,278,'VNPost','TRACKBH705345',NULL,1,22.65,NULL,'2025-10-02 01:33:09','2025-10-02 01:33:09'),(279,279,'VNPost','TRACKFW414958',NULL,1,38.40,NULL,'2025-10-02 01:33:09','2025-10-02 01:33:09'),(280,280,'Viettel Post','TRACKVK824047',NULL,3,8.39,NULL,'2025-10-02 01:33:09','2025-10-02 01:33:09'),(281,281,'Viettel Post','TRACKMO993319',NULL,3,36.04,NULL,'2025-10-02 01:33:09','2025-10-02 01:33:09'),(282,282,'Giao Hàng Nhanh','TRACKRM477094',NULL,3,33.74,NULL,'2025-10-02 01:33:09','2025-10-02 01:33:09'),(283,283,'Giao Hàng Tiết Kiệm','TRACKBF143231',NULL,3,44.07,NULL,'2025-10-02 01:33:09','2025-10-02 01:33:09'),(284,284,'VNPost','TRACKMZ589241',NULL,1,46.79,NULL,'2025-10-02 01:33:09','2025-10-02 01:33:09'),(285,285,'Giao Hàng Tiết Kiệm','TRACKAN835993',NULL,3,20.92,NULL,'2025-10-02 01:33:09','2025-10-02 01:33:09'),(286,286,'Giao Hàng Nhanh','TRACKIY685472',NULL,4,35.65,NULL,'2025-10-02 01:33:09','2025-10-02 01:33:09'),(287,287,'Viettel Post','TRACKIB551712',NULL,3,10.28,NULL,'2025-10-02 01:33:09','2025-10-02 01:33:09'),(288,288,'VNPost','TRACKDS812394',NULL,1,21.23,NULL,'2025-10-02 01:33:09','2025-10-02 01:33:09'),(289,289,'Giao Hàng Tiết Kiệm','TRACKHN292363',NULL,4,24.46,NULL,'2025-10-02 01:33:09','2025-10-02 01:33:09'),(290,290,'VNPost','TRACKPE749629',NULL,3,33.23,NULL,'2025-10-02 01:33:09','2025-10-02 01:33:09'),(291,291,'Giao Hàng Tiết Kiệm','TRACKAK309169',NULL,1,23.18,NULL,'2025-10-02 01:33:09','2025-10-02 01:33:09'),(292,292,'Giao Hàng Tiết Kiệm','TRACKTD768091',NULL,1,21.17,NULL,'2025-10-02 01:33:09','2025-10-02 01:33:09'),(293,293,'Viettel Post','TRACKHZ562411',NULL,1,34.72,NULL,'2025-10-02 01:33:09','2025-10-02 01:33:09'),(294,294,'Giao Hàng Nhanh','TRACKLI210299',NULL,1,34.73,NULL,'2025-10-02 01:33:09','2025-10-02 01:33:09'),(295,295,'Giao Hàng Tiết Kiệm','TRACKAM656980',NULL,2,15.84,NULL,'2025-10-02 01:33:09','2025-10-02 01:33:09'),(296,296,'Giao Hàng Nhanh','TRACKQC806652',NULL,1,40.87,NULL,'2025-10-02 01:33:09','2025-10-02 01:33:09'),(297,297,'VNPost','TRACKPC534414',NULL,3,12.14,NULL,'2025-10-02 01:33:09','2025-10-02 01:33:09'),(298,298,'Giao Hàng Tiết Kiệm','TRACKMD911539',NULL,1,26.00,NULL,'2025-10-02 01:33:09','2025-10-02 01:33:09');
/*!40000 ALTER TABLE `shipping_details` ENABLE KEYS */;
UNLOCK TABLES;

--
-- Table structure for table `transactions`
--

DROP TABLE IF EXISTS `transactions`;
/*!40101 SET @saved_cs_client     = @@character_set_client */;
/*!50503 SET character_set_client = utf8mb4 */;
CREATE TABLE `transactions` (
  `id` bigint(20) unsigned NOT NULL AUTO_INCREMENT,
  `order_id` bigint(20) unsigned NOT NULL,
  `type` enum('payment','refund') NOT NULL,
  `amount` decimal(18,2) NOT NULL,
  `currency` varchar(3) NOT NULL,
  `gateway` varchar(255) NOT NULL,
  `gateway_transaction_id` varchar(255) DEFAULT NULL,
  `status` varchar(255) NOT NULL DEFAULT 'completed',
  `created_at` timestamp NULL DEFAULT NULL,
  `updated_at` timestamp NULL DEFAULT NULL,
  PRIMARY KEY (`id`),
  KEY `transactions_order_id_foreign` (`order_id`),
  CONSTRAINT `transactions_order_id_foreign` FOREIGN KEY (`order_id`) REFERENCES `orders` (`order_id`)
) ENGINE=InnoDB DEFAULT CHARSET=utf8mb4 COLLATE=utf8mb4_unicode_ci;
/*!40101 SET character_set_client = @saved_cs_client */;

--
-- Dumping data for table `transactions`
--

LOCK TABLES `transactions` WRITE;
/*!40000 ALTER TABLE `transactions` DISABLE KEYS */;
/*!40000 ALTER TABLE `transactions` ENABLE KEYS */;
UNLOCK TABLES;

--
-- Table structure for table `user_addresses`
--

DROP TABLE IF EXISTS `user_addresses`;
/*!40101 SET @saved_cs_client     = @@character_set_client */;
/*!50503 SET character_set_client = utf8mb4 */;
CREATE TABLE `user_addresses` (
  `id` bigint(20) unsigned NOT NULL AUTO_INCREMENT,
  `user_id` bigint(20) unsigned NOT NULL,
  `full_name` varchar(255) NOT NULL,
  `phone_number` varchar(20) NOT NULL,
  `street_address` varchar(255) NOT NULL,
  `is_default` tinyint(1) NOT NULL DEFAULT 0,
  `created_at` timestamp NULL DEFAULT NULL,
  `updated_at` timestamp NULL DEFAULT NULL,
  `deleted_at` timestamp NULL DEFAULT NULL,
  `country_id` bigint(20) unsigned DEFAULT NULL,
  `province_id` bigint(20) unsigned DEFAULT NULL,
  `district_id` bigint(20) unsigned DEFAULT NULL,
  `ward_id` bigint(20) unsigned DEFAULT NULL,
  `latitude` decimal(10,8) DEFAULT NULL,
  `longitude` decimal(11,8) DEFAULT NULL,
  PRIMARY KEY (`id`),
  KEY `user_addresses_user_id_foreign` (`user_id`),
  KEY `user_addresses_country_id_foreign` (`country_id`),
  KEY `user_addresses_province_id_foreign` (`province_id`),
  KEY `user_addresses_district_id_foreign` (`district_id`),
  KEY `user_addresses_ward_id_foreign` (`ward_id`),
  CONSTRAINT `user_addresses_country_id_foreign` FOREIGN KEY (`country_id`) REFERENCES `countries` (`id`),
  CONSTRAINT `user_addresses_district_id_foreign` FOREIGN KEY (`district_id`) REFERENCES `administrative_divisions` (`id`),
  CONSTRAINT `user_addresses_province_id_foreign` FOREIGN KEY (`province_id`) REFERENCES `administrative_divisions` (`id`),
  CONSTRAINT `user_addresses_user_id_foreign` FOREIGN KEY (`user_id`) REFERENCES `users` (`id`) ON DELETE CASCADE,
  CONSTRAINT `user_addresses_ward_id_foreign` FOREIGN KEY (`ward_id`) REFERENCES `administrative_divisions` (`id`)
) ENGINE=InnoDB AUTO_INCREMENT=101 DEFAULT CHARSET=utf8mb4 COLLATE=utf8mb4_unicode_ci;
/*!40101 SET character_set_client = @saved_cs_client */;

--
-- Dumping data for table `user_addresses`
--

LOCK TABLES `user_addresses` WRITE;
/*!40000 ALTER TABLE `user_addresses` DISABLE KEYS */;
INSERT INTO `user_addresses` VALUES (1,22,'Eden Schinner PhD','+84-408756935','10 Trần Hưng Đạo',1,'2025-10-02 01:33:07','2025-10-02 01:33:07',NULL,NULL,NULL,NULL,NULL,10.57021100,106.88681000),(2,23,'Halie Zulauf','+84-032914819','124 Cách Mạng Tháng 8',0,'2025-10-02 01:33:07','2025-10-02 01:33:07',NULL,NULL,NULL,NULL,NULL,10.50524500,106.70707600),(3,24,'Rusty Kertzmann','+84-345863770','221 Nguyễn Văn Cừ',1,'2025-10-02 01:33:07','2025-10-02 01:33:07',NULL,NULL,NULL,NULL,NULL,10.68306500,106.92134100),(4,25,'Enrique Mayer','+84-693053334','75 Hai Bà Trưng',0,'2025-10-02 01:33:07','2025-10-02 01:33:07',NULL,NULL,NULL,NULL,NULL,10.77618500,106.62816100),(5,26,'Zion Hills','+84-475905773','200 Phan Đình Phùng',0,'2025-10-02 01:33:07','2025-10-02 01:33:07',NULL,NULL,NULL,NULL,NULL,10.95155700,106.92338400),(6,27,'Zelda Swaniawski','+84-956973096','50 Lý Thường Kiệt',0,'2025-10-02 01:33:07','2025-10-02 01:33:07',NULL,NULL,NULL,NULL,NULL,10.91555500,106.80461700),(7,28,'Dorthy Will','+84-929176691','150 Nguyễn Trãi',0,'2025-10-02 01:33:07','2025-10-02 01:33:07',NULL,NULL,NULL,NULL,NULL,10.66514700,106.98472800),(8,29,'Mr. Fidel Wehner Jr.','+84-269270311','10 Trần Hưng Đạo',0,'2025-10-02 01:33:07','2025-10-02 01:33:07',NULL,NULL,NULL,NULL,NULL,10.70514500,106.85235600),(9,30,'Ms. Jessika Wunsch I','+84-774870938','50 Lý Thường Kiệt',0,'2025-10-02 01:33:07','2025-10-02 01:33:07',NULL,NULL,NULL,NULL,NULL,10.98084300,106.96921400),(10,31,'Prof. Austyn Murphy DVM','+84-498217650','400 Trần Phú',1,'2025-10-02 01:33:07','2025-10-02 01:33:07',NULL,NULL,NULL,NULL,NULL,10.89300900,106.58904200),(11,32,'Demarco Luettgen','+84-893342015','400 Trần Phú',0,'2025-10-02 01:33:07','2025-10-02 01:33:07',NULL,NULL,NULL,NULL,NULL,10.80093700,106.59480600),(12,33,'Abigail O\'Conner','+84-478211923','10 Trần Hưng Đạo',0,'2025-10-02 01:33:07','2025-10-02 01:33:07',NULL,NULL,NULL,NULL,NULL,10.89268100,106.81605900),(13,34,'Prof. August Jerde','+84-565478616','300 Lê Lợi',0,'2025-10-02 01:33:07','2025-10-02 01:33:07',NULL,NULL,NULL,NULL,NULL,10.67950500,106.80496400),(14,35,'Dr. Zora Grady DDS','+84-732161633','150 Nguyễn Trãi',0,'2025-10-02 01:33:07','2025-10-02 01:33:07',NULL,NULL,NULL,NULL,NULL,10.64491200,106.75069000),(15,36,'Kolby Orn','+84-342367597','300 Lê Lợi',0,'2025-10-02 01:33:07','2025-10-02 01:33:07',NULL,NULL,NULL,NULL,NULL,10.84163200,106.56110000),(16,37,'Madelynn Fahey','+84-627119779','50 Lý Thường Kiệt',1,'2025-10-02 01:33:07','2025-10-02 01:33:07',NULL,NULL,NULL,NULL,NULL,10.61277000,106.61320400),(17,38,'Mrs. Shyann Kunde','+84-364174427','221 Nguyễn Văn Cừ',1,'2025-10-02 01:33:07','2025-10-02 01:33:07',NULL,NULL,NULL,NULL,NULL,10.79236600,106.76060300),(18,39,'Kyra Zulauf','+84-567334168','75 Hai Bà Trưng',0,'2025-10-02 01:33:07','2025-10-02 01:33:07',NULL,NULL,NULL,NULL,NULL,10.90499300,106.56995700),(19,40,'Prof. Delilah Effertz','+84-475962278','400 Trần Phú',0,'2025-10-02 01:33:07','2025-10-02 01:33:07',NULL,NULL,NULL,NULL,NULL,10.73454500,106.74727300),(20,41,'Darren Herman','+84-886125590','75 Hai Bà Trưng',1,'2025-10-02 01:33:07','2025-10-02 01:33:07',NULL,NULL,NULL,NULL,NULL,10.93687600,106.86365600),(21,42,'Solon Gottlieb','+84-831510843','124 Cách Mạng Tháng 8',0,'2025-10-02 01:33:07','2025-10-02 01:33:07',NULL,NULL,NULL,NULL,NULL,10.93280100,106.83258500),(22,43,'Marlene VonRueden','+84-303327124','124 Cách Mạng Tháng 8',0,'2025-10-02 01:33:07','2025-10-02 01:33:07',NULL,NULL,NULL,NULL,NULL,10.54810900,106.54296200),(23,44,'Addison Durgan IV','+84-365534980','75 Hai Bà Trưng',0,'2025-10-02 01:33:07','2025-10-02 01:33:07',NULL,NULL,NULL,NULL,NULL,10.51358100,106.82009700),(24,45,'Rachael Durgan I','+84-741308385','300 Lê Lợi',0,'2025-10-02 01:33:07','2025-10-02 01:33:07',NULL,NULL,NULL,NULL,NULL,10.93647600,106.50451700),(25,46,'Deontae Morissette MD','+84-853866654','221 Nguyễn Văn Cừ',0,'2025-10-02 01:33:07','2025-10-02 01:33:07',NULL,NULL,NULL,NULL,NULL,10.68615800,106.78217200),(26,47,'Mrs. Hannah Hermiston','+84-219522184','124 Cách Mạng Tháng 8',1,'2025-10-02 01:33:07','2025-10-02 01:33:07',NULL,NULL,NULL,NULL,NULL,10.93600600,106.75539100),(27,48,'Belle Streich','+84-778310125','75 Hai Bà Trưng',1,'2025-10-02 01:33:07','2025-10-02 01:33:07',NULL,NULL,NULL,NULL,NULL,10.86195600,106.84967300),(28,49,'Ms. Roma Brekke I','+84-272805269','300 Lê Lợi',0,'2025-10-02 01:33:07','2025-10-02 01:33:07',NULL,NULL,NULL,NULL,NULL,10.73520100,106.75179800),(29,50,'Keara Gleichner','+84-401911153','75 Hai Bà Trưng',0,'2025-10-02 01:33:07','2025-10-02 01:33:07',NULL,NULL,NULL,NULL,NULL,10.64751800,106.59495300),(30,51,'Keara Walter','+84-262493082','400 Trần Phú',1,'2025-10-02 01:33:07','2025-10-02 01:33:07',NULL,NULL,NULL,NULL,NULL,10.71146300,106.51062600),(31,52,'Dawson Streich','+84-995337481','500 Điện Biên Phủ',0,'2025-10-02 01:33:07','2025-10-02 01:33:07',NULL,NULL,NULL,NULL,NULL,10.57448200,106.87255200),(32,53,'Dr. Adriana Ankunding II','+84-225835137','500 Điện Biên Phủ',1,'2025-10-02 01:33:07','2025-10-02 01:33:07',NULL,NULL,NULL,NULL,NULL,10.80134700,106.84261100),(33,54,'Adeline Wilderman','+84-881396608','300 Lê Lợi',1,'2025-10-02 01:33:07','2025-10-02 01:33:07',NULL,NULL,NULL,NULL,NULL,10.70916800,106.85700000),(34,55,'Dr. Arvel Zieme III','+84-328221380','300 Lê Lợi',0,'2025-10-02 01:33:07','2025-10-02 01:33:07',NULL,NULL,NULL,NULL,NULL,10.94576300,106.79977200),(35,56,'Prof. Alan Simonis V','+84-278977578','150 Nguyễn Trãi',1,'2025-10-02 01:33:07','2025-10-02 01:33:07',NULL,NULL,NULL,NULL,NULL,10.68721700,106.82120600),(36,57,'Virgie Anderson','+84-372692459','124 Cách Mạng Tháng 8',0,'2025-10-02 01:33:07','2025-10-02 01:33:07',NULL,NULL,NULL,NULL,NULL,10.68556900,106.53696100),(37,58,'Name Morissette','+84-401692814','400 Trần Phú',1,'2025-10-02 01:33:07','2025-10-02 01:33:07',NULL,NULL,NULL,NULL,NULL,10.61392300,106.96808700),(38,59,'Gerard Jacobs V','+84-674309968','500 Điện Biên Phủ',0,'2025-10-02 01:33:07','2025-10-02 01:33:07',NULL,NULL,NULL,NULL,NULL,10.64121100,106.75756900),(39,60,'Dr. Kurtis Predovic','+84-689438090','500 Điện Biên Phủ',0,'2025-10-02 01:33:07','2025-10-02 01:33:07',NULL,NULL,NULL,NULL,NULL,10.79167900,106.98400400),(40,61,'Dr. Skye Paucek','+84-904338865','200 Phan Đình Phùng',1,'2025-10-02 01:33:07','2025-10-02 01:33:07',NULL,NULL,NULL,NULL,NULL,10.82555700,106.76586800),(41,62,'Percival Feeney','+84-934879414','50 Lý Thường Kiệt',0,'2025-10-02 01:33:07','2025-10-02 01:33:07',NULL,NULL,NULL,NULL,NULL,10.55932800,106.69156800),(42,63,'Cynthia Emmerich','+84-991559815','10 Trần Hưng Đạo',0,'2025-10-02 01:33:07','2025-10-02 01:33:07',NULL,NULL,NULL,NULL,NULL,10.84944000,106.92167600),(43,64,'Dr. Mckayla Bergstrom','+84-553428145','300 Lê Lợi',0,'2025-10-02 01:33:07','2025-10-02 01:33:07',NULL,NULL,NULL,NULL,NULL,10.82886800,106.55033400),(44,65,'Wilbert McKenzie','+84-804725862','124 Cách Mạng Tháng 8',1,'2025-10-02 01:33:07','2025-10-02 01:33:07',NULL,NULL,NULL,NULL,NULL,10.92453600,106.95205400),(45,66,'Aurore Schumm','+84-907542058','300 Lê Lợi',0,'2025-10-02 01:33:07','2025-10-02 01:33:07',NULL,NULL,NULL,NULL,NULL,10.90511600,106.72712800),(46,67,'Suzanne Hackett','+84-853659040','200 Phan Đình Phùng',0,'2025-10-02 01:33:07','2025-10-02 01:33:07',NULL,NULL,NULL,NULL,NULL,10.80294100,106.66705400),(47,68,'Ms. Lucinda Zulauf','+84-853782553','200 Phan Đình Phùng',0,'2025-10-02 01:33:07','2025-10-02 01:33:07',NULL,NULL,NULL,NULL,NULL,10.98902000,106.57207100),(48,69,'Emerson West','+84-220924080','300 Lê Lợi',1,'2025-10-02 01:33:07','2025-10-02 01:33:07',NULL,NULL,NULL,NULL,NULL,10.99903500,106.69874000),(49,70,'Bryana Keebler PhD','+84-729604994','124 Cách Mạng Tháng 8',0,'2025-10-02 01:33:07','2025-10-02 01:33:07',NULL,NULL,NULL,NULL,NULL,10.73583000,106.71571000),(50,71,'Candace Ward','+84-176044699','400 Trần Phú',1,'2025-10-02 01:33:07','2025-10-02 01:33:07',NULL,NULL,NULL,NULL,NULL,10.86411500,106.80364300),(51,72,'Ardith Abbott','+84-766318031','200 Phan Đình Phùng',1,'2025-10-02 01:33:08','2025-10-02 01:33:08',NULL,NULL,NULL,NULL,NULL,10.97307200,106.75174600),(52,73,'Junius Nitzsche','+84-095969050','50 Lý Thường Kiệt',0,'2025-10-02 01:33:08','2025-10-02 01:33:08',NULL,NULL,NULL,NULL,NULL,10.90439200,106.80370500),(53,74,'Emery Hilpert','+84-222764243','150 Nguyễn Trãi',0,'2025-10-02 01:33:08','2025-10-02 01:33:08',NULL,NULL,NULL,NULL,NULL,10.83347700,106.97357100),(54,75,'Emilie O\'Kon','+84-695463660','75 Hai Bà Trưng',1,'2025-10-02 01:33:08','2025-10-02 01:33:08',NULL,NULL,NULL,NULL,NULL,10.52903400,106.50848300),(55,76,'Alta Mueller','+84-534922313','221 Nguyễn Văn Cừ',0,'2025-10-02 01:33:08','2025-10-02 01:33:08',NULL,NULL,NULL,NULL,NULL,10.81422100,106.97127800),(56,77,'Mr. Jeremy Lehner I','+84-858446783','75 Hai Bà Trưng',1,'2025-10-02 01:33:08','2025-10-02 01:33:08',NULL,NULL,NULL,NULL,NULL,10.73660100,106.95760700),(57,78,'Prof. Abe Johns Sr.','+84-766382794','200 Phan Đình Phùng',1,'2025-10-02 01:33:08','2025-10-02 01:33:08',NULL,NULL,NULL,NULL,NULL,10.91071600,106.85565900),(58,79,'Prof. Juliet Pfannerstill II','+84-904810437','221 Nguyễn Văn Cừ',0,'2025-10-02 01:33:08','2025-10-02 01:33:08',NULL,NULL,NULL,NULL,NULL,10.61935500,106.50741400),(59,80,'Dr. Isabelle Rolfson','+84-492046757','50 Lý Thường Kiệt',1,'2025-10-02 01:33:08','2025-10-02 01:33:08',NULL,NULL,NULL,NULL,NULL,10.56976200,106.61046600),(60,81,'Art Sawayn I','+84-966145287','500 Điện Biên Phủ',0,'2025-10-02 01:33:08','2025-10-02 01:33:08',NULL,NULL,NULL,NULL,NULL,10.99747600,106.65545700),(61,82,'Vanessa Bartell','+84-170564163','75 Hai Bà Trưng',1,'2025-10-02 01:33:08','2025-10-02 01:33:08',NULL,NULL,NULL,NULL,NULL,10.73689300,106.62263000),(62,83,'Dr. Angela Bradtke Jr.','+84-295394461','200 Phan Đình Phùng',0,'2025-10-02 01:33:08','2025-10-02 01:33:08',NULL,NULL,NULL,NULL,NULL,10.98155300,106.59807400),(63,84,'Jerod Ullrich','+84-335000852','10 Trần Hưng Đạo',1,'2025-10-02 01:33:08','2025-10-02 01:33:08',NULL,NULL,NULL,NULL,NULL,10.67130700,106.90375400),(64,85,'Prof. Eino Abernathy','+84-078137743','300 Lê Lợi',0,'2025-10-02 01:33:08','2025-10-02 01:33:08',NULL,NULL,NULL,NULL,NULL,10.91735300,106.68512800),(65,86,'Dr. Mekhi Franecki','+84-554306974','124 Cách Mạng Tháng 8',1,'2025-10-02 01:33:08','2025-10-02 01:33:08',NULL,NULL,NULL,NULL,NULL,10.93803900,106.58420300),(66,87,'Arnoldo Stroman PhD','+84-768040584','500 Điện Biên Phủ',0,'2025-10-02 01:33:08','2025-10-02 01:33:08',NULL,NULL,NULL,NULL,NULL,10.75241200,106.72624200),(67,88,'Oswaldo Olson','+84-187463973','500 Điện Biên Phủ',1,'2025-10-02 01:33:08','2025-10-02 01:33:08',NULL,NULL,NULL,NULL,NULL,10.78289700,106.90901000),(68,89,'Mr. Geovany Rutherford IV','+84-392401655','200 Phan Đình Phùng',1,'2025-10-02 01:33:08','2025-10-02 01:33:08',NULL,NULL,NULL,NULL,NULL,10.57154400,106.60050600),(69,90,'Sienna Johnston','+84-366899986','300 Lê Lợi',0,'2025-10-02 01:33:08','2025-10-02 01:33:08',NULL,NULL,NULL,NULL,NULL,10.75733000,106.79723800),(70,91,'Sofia Mitchell','+84-462334088','150 Nguyễn Trãi',1,'2025-10-02 01:33:08','2025-10-02 01:33:08',NULL,NULL,NULL,NULL,NULL,10.61741700,106.58715500),(71,92,'Miss Holly Rodriguez II','+84-077297376','500 Điện Biên Phủ',1,'2025-10-02 01:33:08','2025-10-02 01:33:08',NULL,NULL,NULL,NULL,NULL,10.95204400,106.63171900),(72,93,'Devonte Lebsack MD','+84-730075306','10 Trần Hưng Đạo',0,'2025-10-02 01:33:08','2025-10-02 01:33:08',NULL,NULL,NULL,NULL,NULL,10.85140000,106.62078600),(73,94,'Jasper Zemlak','+84-774198493','400 Trần Phú',1,'2025-10-02 01:33:08','2025-10-02 01:33:08',NULL,NULL,NULL,NULL,NULL,10.94588500,106.50453000),(74,95,'Bert Blanda Sr.','+84-691526261','200 Phan Đình Phùng',0,'2025-10-02 01:33:08','2025-10-02 01:33:08',NULL,NULL,NULL,NULL,NULL,10.94428500,106.83164400),(75,96,'Kaylah Casper','+84-889665634','221 Nguyễn Văn Cừ',1,'2025-10-02 01:33:08','2025-10-02 01:33:08',NULL,NULL,NULL,NULL,NULL,10.85652800,106.91870400),(76,97,'Hyman Wehner DDS','+84-435265524','150 Nguyễn Trãi',1,'2025-10-02 01:33:08','2025-10-02 01:33:08',NULL,NULL,NULL,NULL,NULL,10.59031600,106.51146900),(77,98,'Maya Kuhlman','+84-754153579','50 Lý Thường Kiệt',0,'2025-10-02 01:33:08','2025-10-02 01:33:08',NULL,NULL,NULL,NULL,NULL,10.57724800,106.59095400),(78,99,'Ryleigh Windler','+84-995284780','75 Hai Bà Trưng',1,'2025-10-02 01:33:08','2025-10-02 01:33:08',NULL,NULL,NULL,NULL,NULL,10.81594300,106.81652900),(79,100,'Miss Romaine Kunde','+84-019945360','300 Lê Lợi',1,'2025-10-02 01:33:08','2025-10-02 01:33:08',NULL,NULL,NULL,NULL,NULL,10.94001400,106.90673700),(80,101,'Bryon Wunsch','+84-083850873','10 Trần Hưng Đạo',0,'2025-10-02 01:33:08','2025-10-02 01:33:08',NULL,NULL,NULL,NULL,NULL,10.67836700,106.67461300),(81,102,'Darron Bernhard II','+84-696214736','200 Phan Đình Phùng',1,'2025-10-02 01:33:08','2025-10-02 01:33:08',NULL,NULL,NULL,NULL,NULL,10.83723400,106.65907000),(82,103,'Prof. Kris Konopelski IV','+84-229449171','75 Hai Bà Trưng',1,'2025-10-02 01:33:08','2025-10-02 01:33:08',NULL,NULL,NULL,NULL,NULL,10.90432900,106.79184200),(83,104,'Prof. Janice Connelly Jr.','+84-690051676','500 Điện Biên Phủ',0,'2025-10-02 01:33:08','2025-10-02 01:33:08',NULL,NULL,NULL,NULL,NULL,10.50334000,106.50480500),(84,105,'Enid Raynor','+84-797088859','50 Lý Thường Kiệt',0,'2025-10-02 01:33:08','2025-10-02 01:33:08',NULL,NULL,NULL,NULL,NULL,10.93100500,106.51063600),(85,106,'Natasha Dibbert','+84-000200498','400 Trần Phú',1,'2025-10-02 01:33:08','2025-10-02 01:33:08',NULL,NULL,NULL,NULL,NULL,10.75539700,106.87075600),(86,107,'Miss Juana Wintheiser','+84-725149025','400 Trần Phú',1,'2025-10-02 01:33:08','2025-10-02 01:33:08',NULL,NULL,NULL,NULL,NULL,10.67927000,106.53875500),(87,108,'Devonte Schimmel','+84-254433407','150 Nguyễn Trãi',1,'2025-10-02 01:33:08','2025-10-02 01:33:08',NULL,NULL,NULL,NULL,NULL,10.75978300,106.60569200),(88,109,'Flavie Mann','+84-926168293','300 Lê Lợi',0,'2025-10-02 01:33:08','2025-10-02 01:33:08',NULL,NULL,NULL,NULL,NULL,10.54022600,106.71303100),(89,110,'Ms. Rebecca Crist Sr.','+84-441081212','300 Lê Lợi',1,'2025-10-02 01:33:08','2025-10-02 01:33:08',NULL,NULL,NULL,NULL,NULL,10.70095600,106.99476400),(90,111,'Johanna Gislason Sr.','+84-830946788','150 Nguyễn Trãi',1,'2025-10-02 01:33:08','2025-10-02 01:33:08',NULL,NULL,NULL,NULL,NULL,10.51770200,106.56522800),(91,112,'Melody Bahringer PhD','+84-206920811','124 Cách Mạng Tháng 8',1,'2025-10-02 01:33:08','2025-10-02 01:33:08',NULL,NULL,NULL,NULL,NULL,10.82661300,106.73778200),(92,113,'Prof. Jaiden Larkin IV','+84-606837539','200 Phan Đình Phùng',0,'2025-10-02 01:33:08','2025-10-02 01:33:08',NULL,NULL,NULL,NULL,NULL,10.59583200,106.58642700),(93,114,'Jessie Dooley','+84-547306289','200 Phan Đình Phùng',0,'2025-10-02 01:33:08','2025-10-02 01:33:08',NULL,NULL,NULL,NULL,NULL,10.56445500,106.73539200),(94,115,'Prof. Eula King','+84-400481386','500 Điện Biên Phủ',0,'2025-10-02 01:33:08','2025-10-02 01:33:08',NULL,NULL,NULL,NULL,NULL,10.85062300,106.84456100),(95,116,'Ronaldo Shields','+84-404791630','400 Trần Phú',1,'2025-10-02 01:33:08','2025-10-02 01:33:08',NULL,NULL,NULL,NULL,NULL,10.52401000,106.88619400),(96,117,'Ms. Brandy Mann DVM','+84-423701220','300 Lê Lợi',0,'2025-10-02 01:33:08','2025-10-02 01:33:08',NULL,NULL,NULL,NULL,NULL,10.82119000,106.73670800),(97,118,'Mr. Winfield Ebert Jr.','+84-280803351','75 Hai Bà Trưng',1,'2025-10-02 01:33:08','2025-10-02 01:33:08',NULL,NULL,NULL,NULL,NULL,10.70307200,106.85199700),(98,119,'Pablo Hauck','+84-168344805','124 Cách Mạng Tháng 8',1,'2025-10-02 01:33:08','2025-10-02 01:33:08',NULL,NULL,NULL,NULL,NULL,10.78009100,106.93505600),(99,120,'Mia Funk','+84-821730866','75 Hai Bà Trưng',0,'2025-10-02 01:33:08','2025-10-02 01:33:08',NULL,NULL,NULL,NULL,NULL,10.76680900,106.69758200),(100,121,'Casandra McDermott','+84-220589780','400 Trần Phú',1,'2025-10-02 01:33:08','2025-10-02 01:33:08',NULL,NULL,NULL,NULL,NULL,10.56228800,106.51163700);
/*!40000 ALTER TABLE `user_addresses` ENABLE KEYS */;
UNLOCK TABLES;

--
-- Table structure for table `user_preferences`
--

DROP TABLE IF EXISTS `user_preferences`;
/*!40101 SET @saved_cs_client     = @@character_set_client */;
/*!50503 SET character_set_client = utf8mb4 */;
CREATE TABLE `user_preferences` (
  `user_preference_id` bigint(20) unsigned NOT NULL AUTO_INCREMENT,
  `user_id` bigint(20) unsigned NOT NULL,
  `preferred_category_id` bigint(20) unsigned DEFAULT NULL,
  `preferred_brand_id` bigint(20) unsigned DEFAULT NULL,
  `min_price_range` decimal(18,2) DEFAULT NULL,
  `max_price_range` decimal(18,2) DEFAULT NULL,
  `created_at` timestamp NULL DEFAULT NULL,
  `updated_at` timestamp NULL DEFAULT NULL,
  PRIMARY KEY (`user_preference_id`),
  UNIQUE KEY `user_preferences_user_id_unique` (`user_id`),
  KEY `user_preferences_preferred_category_id_foreign` (`preferred_category_id`),
  KEY `user_preferences_preferred_brand_id_foreign` (`preferred_brand_id`),
  CONSTRAINT `user_preferences_preferred_brand_id_foreign` FOREIGN KEY (`preferred_brand_id`) REFERENCES `brands` (`brand_id`) ON DELETE SET NULL,
  CONSTRAINT `user_preferences_preferred_category_id_foreign` FOREIGN KEY (`preferred_category_id`) REFERENCES `categories` (`category_id`) ON DELETE SET NULL,
  CONSTRAINT `user_preferences_user_id_foreign` FOREIGN KEY (`user_id`) REFERENCES `users` (`id`) ON DELETE CASCADE
) ENGINE=InnoDB AUTO_INCREMENT=101 DEFAULT CHARSET=utf8mb4 COLLATE=utf8mb4_unicode_ci;
/*!40101 SET character_set_client = @saved_cs_client */;

--
-- Dumping data for table `user_preferences`
--

LOCK TABLES `user_preferences` WRITE;
/*!40000 ALTER TABLE `user_preferences` DISABLE KEYS */;
INSERT INTO `user_preferences` VALUES (1,22,16,NULL,NULL,NULL,'2025-10-02 01:33:10','2025-10-02 01:33:10'),(2,23,15,NULL,NULL,NULL,'2025-10-02 01:33:11','2025-10-02 01:33:11'),(3,24,19,NULL,NULL,NULL,'2025-10-02 01:33:11','2025-10-02 01:33:11'),(4,25,24,NULL,NULL,NULL,'2025-10-02 01:33:11','2025-10-02 01:33:11'),(5,26,25,NULL,NULL,NULL,'2025-10-02 01:33:11','2025-10-02 01:33:11'),(6,27,21,NULL,NULL,NULL,'2025-10-02 01:33:11','2025-10-02 01:33:11'),(7,28,15,NULL,NULL,NULL,'2025-10-02 01:33:11','2025-10-02 01:33:11'),(8,29,3,NULL,NULL,NULL,'2025-10-02 01:33:11','2025-10-02 01:33:11'),(9,30,24,NULL,NULL,NULL,'2025-10-02 01:33:11','2025-10-02 01:33:11'),(10,31,10,NULL,NULL,NULL,'2025-10-02 01:33:11','2025-10-02 01:33:11'),(11,32,25,NULL,NULL,NULL,'2025-10-02 01:33:11','2025-10-02 01:33:11'),(12,33,20,NULL,NULL,NULL,'2025-10-02 01:33:11','2025-10-02 01:33:11'),(13,34,18,NULL,NULL,NULL,'2025-10-02 01:33:12','2025-10-02 01:33:12'),(14,35,13,NULL,NULL,NULL,'2025-10-02 01:33:12','2025-10-02 01:33:12'),(15,36,2,NULL,NULL,NULL,'2025-10-02 01:33:12','2025-10-02 01:33:12'),(16,37,24,NULL,NULL,NULL,'2025-10-02 01:33:12','2025-10-02 01:33:12'),(17,38,1,NULL,NULL,NULL,'2025-10-02 01:33:12','2025-10-02 01:33:12'),(18,39,24,NULL,NULL,NULL,'2025-10-02 01:33:12','2025-10-02 01:33:12'),(19,40,13,NULL,NULL,NULL,'2025-10-02 01:33:12','2025-10-02 01:33:12'),(20,41,12,NULL,NULL,NULL,'2025-10-02 01:33:12','2025-10-02 01:33:12'),(21,42,11,NULL,NULL,NULL,'2025-10-02 01:33:12','2025-10-02 01:33:12'),(22,43,17,NULL,NULL,NULL,'2025-10-02 01:33:12','2025-10-02 01:33:12'),(23,44,15,NULL,NULL,NULL,'2025-10-02 01:33:12','2025-10-02 01:33:12'),(24,45,21,NULL,NULL,NULL,'2025-10-02 01:33:13','2025-10-02 01:33:13'),(25,46,10,NULL,NULL,NULL,'2025-10-02 01:33:13','2025-10-02 01:33:13'),(26,47,6,NULL,NULL,NULL,'2025-10-02 01:33:13','2025-10-02 01:33:13'),(27,48,24,NULL,NULL,NULL,'2025-10-02 01:33:13','2025-10-02 01:33:13'),(28,49,16,NULL,NULL,NULL,'2025-10-02 01:33:13','2025-10-02 01:33:13'),(29,50,27,NULL,NULL,NULL,'2025-10-02 01:33:13','2025-10-02 01:33:13'),(30,51,19,NULL,NULL,NULL,'2025-10-02 01:33:13','2025-10-02 01:33:13'),(31,52,27,NULL,NULL,NULL,'2025-10-02 01:33:13','2025-10-02 01:33:13'),(32,53,3,NULL,NULL,NULL,'2025-10-02 01:33:13','2025-10-02 01:33:13'),(33,54,25,NULL,NULL,NULL,'2025-10-02 01:33:13','2025-10-02 01:33:13'),(34,55,23,NULL,NULL,NULL,'2025-10-02 01:33:13','2025-10-02 01:33:13'),(35,56,3,NULL,NULL,NULL,'2025-10-02 01:33:14','2025-10-02 01:33:14'),(36,57,1,NULL,NULL,NULL,'2025-10-02 01:33:14','2025-10-02 01:33:14'),(37,58,21,NULL,NULL,NULL,'2025-10-02 01:33:14','2025-10-02 01:33:14'),(38,59,10,NULL,NULL,NULL,'2025-10-02 01:33:14','2025-10-02 01:33:14'),(39,60,9,NULL,NULL,NULL,'2025-10-02 01:33:14','2025-10-02 01:33:14'),(40,61,15,NULL,NULL,NULL,'2025-10-02 01:33:14','2025-10-02 01:33:14'),(41,62,13,NULL,NULL,NULL,'2025-10-02 01:33:14','2025-10-02 01:33:14'),(42,63,18,NULL,NULL,NULL,'2025-10-02 01:33:14','2025-10-02 01:33:14'),(43,64,22,NULL,NULL,NULL,'2025-10-02 01:33:14','2025-10-02 01:33:14'),(44,65,5,NULL,NULL,NULL,'2025-10-02 01:33:14','2025-10-02 01:33:14'),(45,66,10,NULL,NULL,NULL,'2025-10-02 01:33:15','2025-10-02 01:33:15'),(46,67,6,NULL,NULL,NULL,'2025-10-02 01:33:15','2025-10-02 01:33:15'),(47,68,11,NULL,NULL,NULL,'2025-10-02 01:33:15','2025-10-02 01:33:15'),(48,69,17,NULL,NULL,NULL,'2025-10-02 01:33:15','2025-10-02 01:33:15'),(49,70,25,NULL,NULL,NULL,'2025-10-02 01:33:15','2025-10-02 01:33:15'),(50,71,10,NULL,NULL,NULL,'2025-10-02 01:33:15','2025-10-02 01:33:15'),(51,72,16,NULL,NULL,NULL,'2025-10-02 01:33:15','2025-10-02 01:33:15'),(52,73,9,NULL,NULL,NULL,'2025-10-02 01:33:15','2025-10-02 01:33:15'),(53,74,20,NULL,NULL,NULL,'2025-10-02 01:33:15','2025-10-02 01:33:15'),(54,75,2,NULL,NULL,NULL,'2025-10-02 01:33:15','2025-10-02 01:33:15'),(55,76,14,NULL,NULL,NULL,'2025-10-02 01:33:15','2025-10-02 01:33:15'),(56,77,25,NULL,NULL,NULL,'2025-10-02 01:33:15','2025-10-02 01:33:15'),(57,78,18,NULL,NULL,NULL,'2025-10-02 01:33:16','2025-10-02 01:33:16'),(58,79,19,NULL,NULL,NULL,'2025-10-02 01:33:16','2025-10-02 01:33:16'),(59,80,24,NULL,NULL,NULL,'2025-10-02 01:33:16','2025-10-02 01:33:16'),(60,81,17,NULL,NULL,NULL,'2025-10-02 01:33:16','2025-10-02 01:33:16'),(61,82,17,NULL,NULL,NULL,'2025-10-02 01:33:16','2025-10-02 01:33:16'),(62,83,17,NULL,NULL,NULL,'2025-10-02 01:33:16','2025-10-02 01:33:16'),(63,84,17,NULL,NULL,NULL,'2025-10-02 01:33:16','2025-10-02 01:33:16'),(64,85,3,NULL,NULL,NULL,'2025-10-02 01:33:16','2025-10-02 01:33:16'),(65,86,4,NULL,NULL,NULL,'2025-10-02 01:33:16','2025-10-02 01:33:16'),(66,87,11,NULL,NULL,NULL,'2025-10-02 01:33:16','2025-10-02 01:33:16'),(67,88,25,NULL,NULL,NULL,'2025-10-02 01:33:17','2025-10-02 01:33:17'),(68,89,13,NULL,NULL,NULL,'2025-10-02 01:33:17','2025-10-02 01:33:17'),(69,90,5,NULL,NULL,NULL,'2025-10-02 01:33:17','2025-10-02 01:33:17'),(70,91,22,NULL,NULL,NULL,'2025-10-02 01:33:17','2025-10-02 01:33:17'),(71,92,16,NULL,NULL,NULL,'2025-10-02 01:33:17','2025-10-02 01:33:17'),(72,93,9,NULL,NULL,NULL,'2025-10-02 01:33:17','2025-10-02 01:33:17'),(73,94,17,NULL,NULL,NULL,'2025-10-02 01:33:17','2025-10-02 01:33:17'),(74,95,6,NULL,NULL,NULL,'2025-10-02 01:33:17','2025-10-02 01:33:17'),(75,96,9,NULL,NULL,NULL,'2025-10-02 01:33:17','2025-10-02 01:33:17'),(76,97,2,NULL,NULL,NULL,'2025-10-02 01:33:17','2025-10-02 01:33:17'),(77,98,24,NULL,NULL,NULL,'2025-10-02 01:33:17','2025-10-02 01:33:17'),(78,99,7,NULL,NULL,NULL,'2025-10-02 01:33:18','2025-10-02 01:33:18'),(79,100,23,NULL,NULL,NULL,'2025-10-02 01:33:18','2025-10-02 01:33:18'),(80,101,22,NULL,NULL,NULL,'2025-10-02 01:33:18','2025-10-02 01:33:18'),(81,102,8,NULL,NULL,NULL,'2025-10-02 01:33:18','2025-10-02 01:33:18'),(82,103,11,NULL,NULL,NULL,'2025-10-02 01:33:18','2025-10-02 01:33:18'),(83,104,20,NULL,NULL,NULL,'2025-10-02 01:33:18','2025-10-02 01:33:18'),(84,105,11,NULL,NULL,NULL,'2025-10-02 01:33:18','2025-10-02 01:33:18'),(85,106,6,NULL,NULL,NULL,'2025-10-02 01:33:18','2025-10-02 01:33:18'),(86,107,6,NULL,NULL,NULL,'2025-10-02 01:33:18','2025-10-02 01:33:18'),(87,108,6,NULL,NULL,NULL,'2025-10-02 01:33:18','2025-10-02 01:33:18'),(88,109,22,NULL,NULL,NULL,'2025-10-02 01:33:19','2025-10-02 01:33:19'),(89,110,22,NULL,NULL,NULL,'2025-10-02 01:33:19','2025-10-02 01:33:19'),(90,111,3,NULL,NULL,NULL,'2025-10-02 01:33:19','2025-10-02 01:33:19'),(91,112,18,NULL,NULL,NULL,'2025-10-02 01:33:19','2025-10-02 01:33:19'),(92,113,1,NULL,NULL,NULL,'2025-10-02 01:33:19','2025-10-02 01:33:19'),(93,114,27,NULL,NULL,NULL,'2025-10-02 01:33:19','2025-10-02 01:33:19'),(94,115,20,NULL,NULL,NULL,'2025-10-02 01:33:19','2025-10-02 01:33:19'),(95,116,3,NULL,NULL,NULL,'2025-10-02 01:33:19','2025-10-02 01:33:19'),(96,117,12,NULL,NULL,NULL,'2025-10-02 01:33:19','2025-10-02 01:33:19'),(97,118,22,NULL,NULL,NULL,'2025-10-02 01:33:20','2025-10-02 01:33:20'),(98,119,20,NULL,NULL,NULL,'2025-10-02 01:33:20','2025-10-02 01:33:20'),(99,120,12,NULL,NULL,NULL,'2025-10-02 01:33:20','2025-10-02 01:33:20'),(100,121,15,NULL,NULL,NULL,'2025-10-02 01:33:20','2025-10-02 01:33:20');
/*!40000 ALTER TABLE `user_preferences` ENABLE KEYS */;
UNLOCK TABLES;

--
-- Table structure for table `users`
--

DROP TABLE IF EXISTS `users`;
/*!40101 SET @saved_cs_client     = @@character_set_client */;
/*!50503 SET character_set_client = utf8mb4 */;
CREATE TABLE `users` (
  `id` bigint(20) unsigned NOT NULL AUTO_INCREMENT,
  `username` varchar(255) NOT NULL,
  `email` varchar(255) NOT NULL,
  `email_verified_at` timestamp NULL DEFAULT NULL,
  `password` varchar(255) NOT NULL,
  `provider` varchar(255) DEFAULT NULL,
  `provider_id` varchar(255) DEFAULT NULL,
  `avatar` varchar(255) DEFAULT NULL,
  `remember_token` varchar(100) DEFAULT NULL,
  `created_at` timestamp NULL DEFAULT NULL,
  `updated_at` timestamp NULL DEFAULT NULL,
  `first_name` varchar(255) DEFAULT NULL,
  `last_name` varchar(255) DEFAULT NULL,
  `phone_number` varchar(20) DEFAULT NULL,
  `is_active` tinyint(1) NOT NULL DEFAULT 1,
  `deleted_at` timestamp NULL DEFAULT NULL,
  `default_address_id` bigint(20) unsigned DEFAULT NULL,
  PRIMARY KEY (`id`),
  UNIQUE KEY `users_email_unique` (`email`),
  UNIQUE KEY `users_username_unique` (`username`),
  UNIQUE KEY `users_phone_number_unique` (`phone_number`),
  KEY `users_default_address_id_foreign` (`default_address_id`),
  CONSTRAINT `users_default_address_id_foreign` FOREIGN KEY (`default_address_id`) REFERENCES `user_addresses` (`id`) ON DELETE SET NULL
) ENGINE=InnoDB AUTO_INCREMENT=134 DEFAULT CHARSET=utf8mb4 COLLATE=utf8mb4_unicode_ci;
/*!40101 SET character_set_client = @saved_cs_client */;

--
-- Dumping data for table `users`
--

LOCK TABLES `users` WRITE;
/*!40000 ALTER TABLE `users` DISABLE KEYS */;
INSERT INTO `users` VALUES (1,'superadmin','admin@shopnest.com','2025-10-02 01:33:04','$2y$12$YcTR1WHOXkxOjTTi6AIdHOfsECYPZbZrv3kzhxm2JABmQ8Sx7MLli',NULL,NULL,NULL,'roe2VP4PCFr9ypTLac1TJnf6JvfLVnAOiYCLS3xqa9YSAndgPrbD48w2NwAj','2025-10-02 01:33:04','2025-10-02 01:33:04','Super','Admin','+1 (323) 577-3189',1,NULL,NULL),(2,'maurine34','berry31@example.org','2025-10-02 01:33:04','$2y$12$ew8O9Ba/jMmmSAo77NZHvuvJL/PfBCpFLLXTQPXDzBa6UWR34pNjG',NULL,NULL,NULL,'niDhfhUQnq','2025-10-02 01:33:04','2025-10-02 01:33:04','Cloyd','Okuneva','+1-786-219-5243',1,NULL,NULL),(3,'ritchie.gail','alexa54@example.org','2025-10-02 01:33:04','$2y$12$ew8O9Ba/jMmmSAo77NZHvuvJL/PfBCpFLLXTQPXDzBa6UWR34pNjG',NULL,NULL,NULL,'D21U712nZM','2025-10-02 01:33:04','2025-10-02 01:33:04','Blake','Macejkovic','610.872.6658',1,NULL,NULL),(4,'ziemann.dennis','abdiel37@example.net','2025-10-02 01:33:04','$2y$12$ew8O9Ba/jMmmSAo77NZHvuvJL/PfBCpFLLXTQPXDzBa6UWR34pNjG',NULL,NULL,NULL,'Xr12YkFNkK','2025-10-02 01:33:04','2025-10-02 01:33:04','Brett','Stracke','+1-361-459-7211',1,NULL,NULL),(5,'baumbach.patsy','hudson.hodkiewicz@example.net','2025-10-02 01:33:04','$2y$12$ew8O9Ba/jMmmSAo77NZHvuvJL/PfBCpFLLXTQPXDzBa6UWR34pNjG',NULL,NULL,NULL,'31minvYOli','2025-10-02 01:33:04','2025-10-02 01:33:04','Vilma','Jerde','+1-539-261-1634',1,NULL,NULL),(6,'uwiegand','ara34@example.com','2025-10-02 01:33:04','$2y$12$ew8O9Ba/jMmmSAo77NZHvuvJL/PfBCpFLLXTQPXDzBa6UWR34pNjG',NULL,NULL,NULL,'hFsb6QmcAb','2025-10-02 01:33:04','2025-10-02 01:33:04','Janis','Abshire','+1-754-650-5343',1,NULL,NULL),(7,'nikita.zboncak','mgibson@example.com','2025-10-02 01:33:04','$2y$12$ew8O9Ba/jMmmSAo77NZHvuvJL/PfBCpFLLXTQPXDzBa6UWR34pNjG',NULL,NULL,NULL,'JFeSVteyAR','2025-10-02 01:33:04','2025-10-02 01:33:04','Adella','D\'Amore','1-530-328-8642',1,NULL,NULL),(8,'metz.april','janiya91@example.net','2025-10-02 01:33:04','$2y$12$ew8O9Ba/jMmmSAo77NZHvuvJL/PfBCpFLLXTQPXDzBa6UWR34pNjG',NULL,NULL,NULL,'BPnSd0BXBa','2025-10-02 01:33:04','2025-10-02 01:33:04','Frida','Renner','+1-734-310-8036',1,NULL,NULL),(9,'izaiah.lemke','lowe.nyasia@example.org','2025-10-02 01:33:04','$2y$12$ew8O9Ba/jMmmSAo77NZHvuvJL/PfBCpFLLXTQPXDzBa6UWR34pNjG',NULL,NULL,NULL,'OY0RXPv6mx','2025-10-02 01:33:04','2025-10-02 01:33:04','Dora','Homenick','+19122778150',1,NULL,NULL),(10,'norberto.welch','lorna44@example.org','2025-10-02 01:33:04','$2y$12$ew8O9Ba/jMmmSAo77NZHvuvJL/PfBCpFLLXTQPXDzBa6UWR34pNjG',NULL,NULL,NULL,'c8246UE9aP','2025-10-02 01:33:04','2025-10-02 01:33:04','Jaylin','McDermott','+16817640452',1,NULL,NULL),(11,'krystina.moen','emory.lubowitz@example.com','2025-10-02 01:33:04','$2y$12$ew8O9Ba/jMmmSAo77NZHvuvJL/PfBCpFLLXTQPXDzBa6UWR34pNjG',NULL,NULL,NULL,'B5ENjS2l6B','2025-10-02 01:33:04','2025-10-02 01:33:04','Nannie','Bartell','930-488-1883',1,NULL,NULL),(12,'weimann.jarrett','konopelski.enoch@example.net','2025-10-02 01:33:04','$2y$12$ew8O9Ba/jMmmSAo77NZHvuvJL/PfBCpFLLXTQPXDzBa6UWR34pNjG',NULL,NULL,NULL,'QldBgpRplx','2025-10-02 01:33:04','2025-10-02 01:33:04','Daron','Miller','726.909.4668',1,NULL,NULL),(13,'elvie.boehm','dashawn79@example.org','2025-10-02 01:33:04','$2y$12$ew8O9Ba/jMmmSAo77NZHvuvJL/PfBCpFLLXTQPXDzBa6UWR34pNjG',NULL,NULL,NULL,'fBd3ZKv6Kz','2025-10-02 01:33:04','2025-10-02 01:33:04','Eula','Lind','917-248-8313',1,NULL,NULL),(14,'pfeffer.queenie','buddy09@example.net','2025-10-02 01:33:04','$2y$12$ew8O9Ba/jMmmSAo77NZHvuvJL/PfBCpFLLXTQPXDzBa6UWR34pNjG',NULL,NULL,NULL,'aIXhL6Uyi2','2025-10-02 01:33:04','2025-10-02 01:33:04','Davin','Yundt','865-256-8556',1,NULL,NULL),(15,'hebert','qrutherford@example.net','2025-10-02 01:33:04','$2y$12$ew8O9Ba/jMmmSAo77NZHvuvJL/PfBCpFLLXTQPXDzBa6UWR34pNjG',NULL,NULL,NULL,'tUcOLM1lJA','2025-10-02 01:33:04','2025-10-02 01:33:04','Denis','Marks','458.907.1444',1,NULL,NULL),(16,'sanford.nyasia','florence82@example.org','2025-10-02 01:33:04','$2y$12$ew8O9Ba/jMmmSAo77NZHvuvJL/PfBCpFLLXTQPXDzBa6UWR34pNjG',NULL,NULL,NULL,'pDZBxwO8Il','2025-10-02 01:33:04','2025-10-02 01:33:04','Elna','Eichmann','478.816.3682',1,NULL,NULL),(17,'kunde.ramona','quentin.jakubowski@example.net','2025-10-02 01:33:04','$2y$12$ew8O9Ba/jMmmSAo77NZHvuvJL/PfBCpFLLXTQPXDzBa6UWR34pNjG',NULL,NULL,NULL,'PeHek5yj4o','2025-10-02 01:33:04','2025-10-02 01:33:04','Phyllis','Cormier','+1.870.806.0712',1,NULL,NULL),(18,'lebsack.alberto','tillman.melany@example.org','2025-10-02 01:33:04','$2y$12$ew8O9Ba/jMmmSAo77NZHvuvJL/PfBCpFLLXTQPXDzBa6UWR34pNjG',NULL,NULL,NULL,'bVq6RRjVQR','2025-10-02 01:33:04','2025-10-02 01:33:04','Kolby','Jacobs','623-549-3679',1,NULL,NULL),(19,'keenan.schaefer','lesley97@example.com','2025-10-02 01:33:04','$2y$12$ew8O9Ba/jMmmSAo77NZHvuvJL/PfBCpFLLXTQPXDzBa6UWR34pNjG',NULL,NULL,NULL,'UC540Br4ji','2025-10-02 01:33:04','2025-10-02 01:33:04','Justus','Waelchi','+1 (848) 336-8956',1,NULL,NULL),(20,'mckenzie81','holden.doyle@example.net','2025-10-02 01:33:04','$2y$12$ew8O9Ba/jMmmSAo77NZHvuvJL/PfBCpFLLXTQPXDzBa6UWR34pNjG',NULL,NULL,NULL,'Bp93yLUGIf','2025-10-02 01:33:04','2025-10-02 01:33:04','Murphy','Hoppe','+1-772-362-5314',1,NULL,NULL),(21,'thiel.providenci','rickey30@example.com','2025-10-02 01:33:04','$2y$12$ew8O9Ba/jMmmSAo77NZHvuvJL/PfBCpFLLXTQPXDzBa6UWR34pNjG',NULL,NULL,NULL,'X2KBDPgNeR','2025-10-02 01:33:04','2025-10-02 01:33:04','Cletus','Davis','+1-341-268-7634',1,NULL,NULL),(22,'michel.rosenbaum','hoeger.arlo@example.org','2025-10-02 01:33:04','$2y$12$ew8O9Ba/jMmmSAo77NZHvuvJL/PfBCpFLLXTQPXDzBa6UWR34pNjG',NULL,NULL,NULL,'cBaiLdtVvG','2025-10-02 01:33:04','2025-10-02 01:33:04','Darryl','Russel','1-234-237-3041',1,NULL,NULL),(23,'zkozey','brook61@example.org','2025-10-02 01:33:04','$2y$12$ew8O9Ba/jMmmSAo77NZHvuvJL/PfBCpFLLXTQPXDzBa6UWR34pNjG',NULL,NULL,NULL,'1XeOH4jcJt','2025-10-02 01:33:04','2025-10-02 01:33:04','Rosella','Cummerata','1-786-662-6512',1,NULL,NULL),(24,'fpagac','grice@example.net','2025-10-02 01:33:04','$2y$12$ew8O9Ba/jMmmSAo77NZHvuvJL/PfBCpFLLXTQPXDzBa6UWR34pNjG',NULL,NULL,NULL,'73HuhxB0T9','2025-10-02 01:33:04','2025-10-02 01:33:04','Baylee','Trantow','(539) 526-5659',1,NULL,NULL),(25,'dwight.romaguera','jan.sauer@example.com','2025-10-02 01:33:04','$2y$12$ew8O9Ba/jMmmSAo77NZHvuvJL/PfBCpFLLXTQPXDzBa6UWR34pNjG',NULL,NULL,NULL,'IGbtqZknex','2025-10-02 01:33:04','2025-10-02 01:33:04','Sammie','Gottlieb','(469) 744-2302',1,NULL,NULL),(26,'albertha.armstrong','dwight24@example.net','2025-10-02 01:33:04','$2y$12$ew8O9Ba/jMmmSAo77NZHvuvJL/PfBCpFLLXTQPXDzBa6UWR34pNjG',NULL,NULL,NULL,'ngiTu4hfRS','2025-10-02 01:33:04','2025-10-02 01:33:04','Misty','Rath','415.444.1573',1,NULL,NULL),(27,'umraz','mara.schaden@example.net','2025-10-02 01:33:04','$2y$12$ew8O9Ba/jMmmSAo77NZHvuvJL/PfBCpFLLXTQPXDzBa6UWR34pNjG',NULL,NULL,NULL,'v5jehpHOSf','2025-10-02 01:33:04','2025-10-02 01:33:04','Damaris','Towne','1-989-610-4390',1,NULL,NULL),(28,'pkihn','randi42@example.org','2025-10-02 01:33:04','$2y$12$ew8O9Ba/jMmmSAo77NZHvuvJL/PfBCpFLLXTQPXDzBa6UWR34pNjG',NULL,NULL,NULL,'iTcj8TvfhF','2025-10-02 01:33:04','2025-10-02 01:33:04','Nestor','Welch','+1-774-755-4039',1,NULL,NULL),(29,'haag.rhea','sabina72@example.net','2025-10-02 01:33:04','$2y$12$ew8O9Ba/jMmmSAo77NZHvuvJL/PfBCpFLLXTQPXDzBa6UWR34pNjG',NULL,NULL,NULL,'R3XVGuRJgp','2025-10-02 01:33:04','2025-10-02 01:33:04','Einar','Effertz','1-276-430-1653',1,NULL,NULL),(30,'iwiegand','kristina.christiansen@example.com','2025-10-02 01:33:04','$2y$12$ew8O9Ba/jMmmSAo77NZHvuvJL/PfBCpFLLXTQPXDzBa6UWR34pNjG',NULL,NULL,NULL,'E5WNqWTvE7','2025-10-02 01:33:04','2025-10-02 01:33:04','Kellie','Gottlieb','785.377.3319',1,NULL,NULL),(31,'noconnell','shickle@example.org','2025-10-02 01:33:04','$2y$12$ew8O9Ba/jMmmSAo77NZHvuvJL/PfBCpFLLXTQPXDzBa6UWR34pNjG',NULL,NULL,NULL,'7IuLJ2pj9u','2025-10-02 01:33:04','2025-10-02 01:33:04','Marlon','Von','+1-947-664-8821',1,NULL,NULL),(32,'sarai11','cale.lindgren@example.com','2025-10-02 01:33:04','$2y$12$ew8O9Ba/jMmmSAo77NZHvuvJL/PfBCpFLLXTQPXDzBa6UWR34pNjG',NULL,NULL,NULL,'y79ddpe7rO','2025-10-02 01:33:04','2025-10-02 01:33:04','Jaqueline','Nicolas','520-983-9708',1,NULL,NULL),(33,'phowell','jasmin50@example.net','2025-10-02 01:33:04','$2y$12$ew8O9Ba/jMmmSAo77NZHvuvJL/PfBCpFLLXTQPXDzBa6UWR34pNjG',NULL,NULL,NULL,'nimmvO9W2s','2025-10-02 01:33:04','2025-10-02 01:33:04','Marina','Wiegand','(346) 840-5299',1,NULL,NULL),(34,'weimann.reed','freda46@example.com','2025-10-02 01:33:04','$2y$12$ew8O9Ba/jMmmSAo77NZHvuvJL/PfBCpFLLXTQPXDzBa6UWR34pNjG',NULL,NULL,NULL,'LEymovPgfg','2025-10-02 01:33:04','2025-10-02 01:33:04','Pascale','Hauck','+1-276-903-5399',1,NULL,NULL),(35,'amarvin','sidney57@example.net','2025-10-02 01:33:04','$2y$12$ew8O9Ba/jMmmSAo77NZHvuvJL/PfBCpFLLXTQPXDzBa6UWR34pNjG',NULL,NULL,NULL,'7PLSsfrZR4','2025-10-02 01:33:04','2025-10-02 01:33:04','Lenora','Sipes','+1-689-880-2471',1,NULL,NULL),(36,'jody31','tmills@example.net','2025-10-02 01:33:04','$2y$12$ew8O9Ba/jMmmSAo77NZHvuvJL/PfBCpFLLXTQPXDzBa6UWR34pNjG',NULL,NULL,NULL,'hbvuBXTREj','2025-10-02 01:33:04','2025-10-02 01:33:04','Clara','D\'Amore','907.981.3179',1,NULL,NULL),(37,'larkin.kali','casey.pacocha@example.com','2025-10-02 01:33:04','$2y$12$ew8O9Ba/jMmmSAo77NZHvuvJL/PfBCpFLLXTQPXDzBa6UWR34pNjG',NULL,NULL,NULL,'zyp03oT6GD','2025-10-02 01:33:04','2025-10-02 01:33:04','Oswaldo','Christiansen','928.618.6314',1,NULL,NULL),(38,'barbara55','buck21@example.org','2025-10-02 01:33:04','$2y$12$ew8O9Ba/jMmmSAo77NZHvuvJL/PfBCpFLLXTQPXDzBa6UWR34pNjG',NULL,NULL,NULL,'2VAXJI8NQD','2025-10-02 01:33:04','2025-10-02 01:33:04','Adalberto','Rippin','+1 (424) 288-3838',1,NULL,NULL),(39,'ukihn','wschowalter@example.net','2025-10-02 01:33:04','$2y$12$ew8O9Ba/jMmmSAo77NZHvuvJL/PfBCpFLLXTQPXDzBa6UWR34pNjG',NULL,NULL,NULL,'2VkkTZi8r9','2025-10-02 01:33:04','2025-10-02 01:33:04','Janae','Pacocha','1-804-658-4284',1,NULL,NULL),(40,'coty.abshire','schneider.alejandra@example.net','2025-10-02 01:33:04','$2y$12$ew8O9Ba/jMmmSAo77NZHvuvJL/PfBCpFLLXTQPXDzBa6UWR34pNjG',NULL,NULL,NULL,'855usHhgPf','2025-10-02 01:33:04','2025-10-02 01:33:04','Destin','Franecki','+1 (936) 326-9111',1,NULL,NULL),(41,'maximillia.collier','qosinski@example.org','2025-10-02 01:33:04','$2y$12$ew8O9Ba/jMmmSAo77NZHvuvJL/PfBCpFLLXTQPXDzBa6UWR34pNjG',NULL,NULL,NULL,'3lcfOdILZz','2025-10-02 01:33:04','2025-10-02 01:33:04','Aurelie','Hartmann','+1-380-418-2570',1,NULL,NULL),(42,'stamm.hope','april87@example.com','2025-10-02 01:33:04','$2y$12$ew8O9Ba/jMmmSAo77NZHvuvJL/PfBCpFLLXTQPXDzBa6UWR34pNjG',NULL,NULL,NULL,'ehavspB7oJ','2025-10-02 01:33:04','2025-10-02 01:33:04','Rahsaan','Schroeder','564-813-3683',1,NULL,NULL),(43,'mann.jakayla','murray.weissnat@example.net','2025-10-02 01:33:04','$2y$12$ew8O9Ba/jMmmSAo77NZHvuvJL/PfBCpFLLXTQPXDzBa6UWR34pNjG',NULL,NULL,NULL,'jyOuc2VOG9','2025-10-02 01:33:04','2025-10-02 01:33:04','Buddy','Stoltenberg','+1.651.790.3438',1,NULL,NULL),(44,'bailee.schuster','cassidy.auer@example.com','2025-10-02 01:33:04','$2y$12$ew8O9Ba/jMmmSAo77NZHvuvJL/PfBCpFLLXTQPXDzBa6UWR34pNjG',NULL,NULL,NULL,'77cmRJPVsF','2025-10-02 01:33:04','2025-10-02 01:33:04','Lula','Swift','731-562-7140',1,NULL,NULL),(45,'bortiz','alyce02@example.net','2025-10-02 01:33:04','$2y$12$ew8O9Ba/jMmmSAo77NZHvuvJL/PfBCpFLLXTQPXDzBa6UWR34pNjG',NULL,NULL,NULL,'h3WXzQ3op0','2025-10-02 01:33:04','2025-10-02 01:33:04','Kailyn','Kshlerin','1-404-853-8821',1,NULL,NULL),(46,'littel.kayli','ryan.zackery@example.com','2025-10-02 01:33:04','$2y$12$ew8O9Ba/jMmmSAo77NZHvuvJL/PfBCpFLLXTQPXDzBa6UWR34pNjG',NULL,NULL,NULL,'DIHoqfmUc5','2025-10-02 01:33:04','2025-10-02 01:33:04','Eldon','Lind','+1.380.319.9376',1,NULL,NULL),(47,'gladyce44','constance20@example.com','2025-10-02 01:33:04','$2y$12$ew8O9Ba/jMmmSAo77NZHvuvJL/PfBCpFLLXTQPXDzBa6UWR34pNjG',NULL,NULL,NULL,'Spr0kh8Qqh','2025-10-02 01:33:04','2025-10-02 01:33:04','Dayton','Effertz','+1 (838) 335-9316',1,NULL,NULL),(48,'mmccullough','plubowitz@example.net','2025-10-02 01:33:04','$2y$12$ew8O9Ba/jMmmSAo77NZHvuvJL/PfBCpFLLXTQPXDzBa6UWR34pNjG',NULL,NULL,NULL,'USuVH0KC6c','2025-10-02 01:33:04','2025-10-02 01:33:04','Leo','Bode','(872) 326-2359',1,NULL,NULL),(49,'qfay','eudora18@example.org','2025-10-02 01:33:04','$2y$12$ew8O9Ba/jMmmSAo77NZHvuvJL/PfBCpFLLXTQPXDzBa6UWR34pNjG',NULL,NULL,NULL,'EvumNLn9a0','2025-10-02 01:33:04','2025-10-02 01:33:04','Carmelo','Tremblay','1-713-655-2998',1,NULL,NULL),(50,'fwalter','angus.keebler@example.org','2025-10-02 01:33:04','$2y$12$ew8O9Ba/jMmmSAo77NZHvuvJL/PfBCpFLLXTQPXDzBa6UWR34pNjG',NULL,NULL,NULL,'1rNfwCg0xo','2025-10-02 01:33:04','2025-10-02 01:33:04','Cara','Mertz','1-715-736-1907',1,NULL,NULL),(51,'webster87','sarai53@example.com','2025-10-02 01:33:04','$2y$12$ew8O9Ba/jMmmSAo77NZHvuvJL/PfBCpFLLXTQPXDzBa6UWR34pNjG',NULL,NULL,NULL,'CPtOZfS8xs','2025-10-02 01:33:04','2025-10-02 01:33:04','Skye','Keebler','828.398.2319',1,NULL,NULL),(52,'kwolf','irving.halvorson@example.com','2025-10-02 01:33:04','$2y$12$ew8O9Ba/jMmmSAo77NZHvuvJL/PfBCpFLLXTQPXDzBa6UWR34pNjG',NULL,NULL,NULL,'AVbx8HVP98','2025-10-02 01:33:04','2025-10-02 01:33:04','Raleigh','Little','+1 (984) 607-8990',1,NULL,NULL),(53,'janet87','terence06@example.net','2025-10-02 01:33:04','$2y$12$ew8O9Ba/jMmmSAo77NZHvuvJL/PfBCpFLLXTQPXDzBa6UWR34pNjG',NULL,NULL,NULL,'nAVW6iO8ep','2025-10-02 01:33:04','2025-10-02 01:33:04','Ulises','Bartell','+12486086805',1,NULL,NULL),(54,'dpacocha','danielle23@example.org','2025-10-02 01:33:04','$2y$12$ew8O9Ba/jMmmSAo77NZHvuvJL/PfBCpFLLXTQPXDzBa6UWR34pNjG',NULL,NULL,NULL,'svSWV2c4lX','2025-10-02 01:33:04','2025-10-02 01:33:04','Darryl','Ebert','+1-617-651-4869',1,NULL,NULL),(55,'beatty.asia','gloria.jacobson@example.net','2025-10-02 01:33:04','$2y$12$ew8O9Ba/jMmmSAo77NZHvuvJL/PfBCpFLLXTQPXDzBa6UWR34pNjG',NULL,NULL,NULL,'x25Jdk6tCH','2025-10-02 01:33:04','2025-10-02 01:33:04','Zander','Runolfsdottir','308.659.4919',1,NULL,NULL),(56,'assunta.goodwin','orin61@example.org','2025-10-02 01:33:04','$2y$12$ew8O9Ba/jMmmSAo77NZHvuvJL/PfBCpFLLXTQPXDzBa6UWR34pNjG',NULL,NULL,NULL,'nTipC3QfZv','2025-10-02 01:33:04','2025-10-02 01:33:04','Lambert','Reichert','341.983.9299',1,NULL,NULL),(57,'daphney64','milo.mraz@example.net','2025-10-02 01:33:04','$2y$12$ew8O9Ba/jMmmSAo77NZHvuvJL/PfBCpFLLXTQPXDzBa6UWR34pNjG',NULL,NULL,NULL,'EBwhFxDoqc','2025-10-02 01:33:04','2025-10-02 01:33:04','Ervin','Block','1-786-622-6611',1,NULL,NULL),(58,'rjacobson','waters.keshawn@example.com','2025-10-02 01:33:04','$2y$12$ew8O9Ba/jMmmSAo77NZHvuvJL/PfBCpFLLXTQPXDzBa6UWR34pNjG',NULL,NULL,NULL,'0kcyYAdYip','2025-10-02 01:33:04','2025-10-02 01:33:04','Wilhelm','Prohaska','267.987.6401',1,NULL,NULL),(59,'arunolfsson','kyleigh78@example.org','2025-10-02 01:33:04','$2y$12$ew8O9Ba/jMmmSAo77NZHvuvJL/PfBCpFLLXTQPXDzBa6UWR34pNjG',NULL,NULL,NULL,'dQtm5PKX85','2025-10-02 01:33:04','2025-10-02 01:33:04','Eldridge','Farrell','+1-443-279-4003',1,NULL,NULL),(60,'alexa.ratke','dayne24@example.org','2025-10-02 01:33:04','$2y$12$ew8O9Ba/jMmmSAo77NZHvuvJL/PfBCpFLLXTQPXDzBa6UWR34pNjG',NULL,NULL,NULL,'b1sll5FYQf','2025-10-02 01:33:04','2025-10-02 01:33:04','Newell','Predovic','+16412392283',1,NULL,NULL),(61,'chelsea14','amira64@example.net','2025-10-02 01:33:04','$2y$12$ew8O9Ba/jMmmSAo77NZHvuvJL/PfBCpFLLXTQPXDzBa6UWR34pNjG',NULL,NULL,NULL,'0n0MwY89Xg','2025-10-02 01:33:04','2025-10-02 01:33:04','Zella','Murazik','(434) 646-8231',1,NULL,NULL),(62,'schumm.demario','okeefe.aletha@example.net','2025-10-02 01:33:04','$2y$12$ew8O9Ba/jMmmSAo77NZHvuvJL/PfBCpFLLXTQPXDzBa6UWR34pNjG',NULL,NULL,NULL,'CSBneW8Gp0','2025-10-02 01:33:04','2025-10-02 01:33:04','Kendall','Zboncak','(347) 391-3878',1,NULL,NULL),(63,'xblanda','noel60@example.net','2025-10-02 01:33:04','$2y$12$ew8O9Ba/jMmmSAo77NZHvuvJL/PfBCpFLLXTQPXDzBa6UWR34pNjG',NULL,NULL,NULL,'qU7mLupWa4','2025-10-02 01:33:04','2025-10-02 01:33:04','Leanne','Little','1-732-230-7728',1,NULL,NULL),(64,'dvandervort','ycrooks@example.org','2025-10-02 01:33:04','$2y$12$ew8O9Ba/jMmmSAo77NZHvuvJL/PfBCpFLLXTQPXDzBa6UWR34pNjG',NULL,NULL,NULL,'JNQj0XQv5p','2025-10-02 01:33:04','2025-10-02 01:33:04','Vito','Keeling','1-678-436-8375',1,NULL,NULL),(65,'gino.bergnaum','sklocko@example.net','2025-10-02 01:33:04','$2y$12$ew8O9Ba/jMmmSAo77NZHvuvJL/PfBCpFLLXTQPXDzBa6UWR34pNjG',NULL,NULL,NULL,'GHV5WSaSyt','2025-10-02 01:33:04','2025-10-02 01:33:04','Lora','Klein','+1 (484) 621-6364',1,NULL,NULL),(66,'fstamm','obergnaum@example.org','2025-10-02 01:33:04','$2y$12$ew8O9Ba/jMmmSAo77NZHvuvJL/PfBCpFLLXTQPXDzBa6UWR34pNjG',NULL,NULL,NULL,'crnB9HyhBp','2025-10-02 01:33:04','2025-10-02 01:33:04','Kenyon','Rippin','+1.972.795.2897',1,NULL,NULL),(67,'gbernier','cyrus.gusikowski@example.org','2025-10-02 01:33:04','$2y$12$ew8O9Ba/jMmmSAo77NZHvuvJL/PfBCpFLLXTQPXDzBa6UWR34pNjG',NULL,NULL,NULL,'G6vFBGtgOp','2025-10-02 01:33:04','2025-10-02 01:33:04','Carey','Bayer','218-920-9871',1,NULL,NULL),(68,'skiles.cale','shagenes@example.net','2025-10-02 01:33:04','$2y$12$ew8O9Ba/jMmmSAo77NZHvuvJL/PfBCpFLLXTQPXDzBa6UWR34pNjG',NULL,NULL,NULL,'GULaP3qaI3','2025-10-02 01:33:04','2025-10-02 01:33:04','Abner','Ruecker','351-561-2439',1,NULL,NULL),(69,'larson.maia','kristina.gaylord@example.com','2025-10-02 01:33:04','$2y$12$ew8O9Ba/jMmmSAo77NZHvuvJL/PfBCpFLLXTQPXDzBa6UWR34pNjG',NULL,NULL,NULL,'1jmsHKlmrW','2025-10-02 01:33:04','2025-10-02 01:33:04','Sadie','Erdman','234.501.9636',1,NULL,NULL),(70,'stella.rowe','maryjane34@example.com','2025-10-02 01:33:04','$2y$12$ew8O9Ba/jMmmSAo77NZHvuvJL/PfBCpFLLXTQPXDzBa6UWR34pNjG',NULL,NULL,NULL,'rGiDEnhaeO','2025-10-02 01:33:04','2025-10-02 01:33:04','Ollie','Kilback','(973) 942-7251',1,NULL,NULL),(71,'hirthe.bud','witting.elnora@example.net','2025-10-02 01:33:04','$2y$12$ew8O9Ba/jMmmSAo77NZHvuvJL/PfBCpFLLXTQPXDzBa6UWR34pNjG',NULL,NULL,NULL,'lGnvqFFKTM','2025-10-02 01:33:04','2025-10-02 01:33:04','Lilliana','Hartmann','+1 (346) 228-0314',1,NULL,NULL),(72,'bertrand54','eulah02@example.net','2025-10-02 01:33:04','$2y$12$ew8O9Ba/jMmmSAo77NZHvuvJL/PfBCpFLLXTQPXDzBa6UWR34pNjG',NULL,NULL,NULL,'FRvHNqsc61','2025-10-02 01:33:04','2025-10-02 01:33:04','Kayli','Goyette','+1 (618) 626-5173',1,NULL,NULL),(73,'jacquelyn.hermann','gabe.fay@example.com','2025-10-02 01:33:04','$2y$12$ew8O9Ba/jMmmSAo77NZHvuvJL/PfBCpFLLXTQPXDzBa6UWR34pNjG',NULL,NULL,NULL,'NNtEFk92Yl','2025-10-02 01:33:04','2025-10-02 01:33:04','Sydni','Jacobs','+1 (678) 242-3651',1,NULL,NULL),(74,'fkessler','gherzog@example.com','2025-10-02 01:33:04','$2y$12$ew8O9Ba/jMmmSAo77NZHvuvJL/PfBCpFLLXTQPXDzBa6UWR34pNjG',NULL,NULL,NULL,'qwksH3rmqq','2025-10-02 01:33:04','2025-10-02 01:33:04','Octavia','Kuhic','+1-308-435-8803',1,NULL,NULL),(75,'kiarra23','ursula.gutmann@example.org','2025-10-02 01:33:04','$2y$12$ew8O9Ba/jMmmSAo77NZHvuvJL/PfBCpFLLXTQPXDzBa6UWR34pNjG',NULL,NULL,NULL,'ZeA9i6LYxz','2025-10-02 01:33:04','2025-10-02 01:33:04','Meta','Blick','702.510.9486',1,NULL,NULL),(76,'uberge','connor.bernier@example.com','2025-10-02 01:33:04','$2y$12$ew8O9Ba/jMmmSAo77NZHvuvJL/PfBCpFLLXTQPXDzBa6UWR34pNjG',NULL,NULL,NULL,'BISpjQexeF','2025-10-02 01:33:04','2025-10-02 01:33:04','Stewart','D\'Amore','859-782-2722',1,NULL,NULL),(77,'maude.kutch','spinka.judge@example.com','2025-10-02 01:33:04','$2y$12$ew8O9Ba/jMmmSAo77NZHvuvJL/PfBCpFLLXTQPXDzBa6UWR34pNjG',NULL,NULL,NULL,'T9Q9KO0PIJ','2025-10-02 01:33:04','2025-10-02 01:33:04','Giovanny','Mraz','(551) 386-4917',1,NULL,NULL),(78,'leonora.keebler','gaetano48@example.net','2025-10-02 01:33:04','$2y$12$ew8O9Ba/jMmmSAo77NZHvuvJL/PfBCpFLLXTQPXDzBa6UWR34pNjG',NULL,NULL,NULL,'jefjxydrgv','2025-10-02 01:33:04','2025-10-02 01:33:04','Emmett','Cruickshank','(959) 352-5298',1,NULL,NULL),(79,'ewell19','waelchi.hassan@example.net','2025-10-02 01:33:04','$2y$12$ew8O9Ba/jMmmSAo77NZHvuvJL/PfBCpFLLXTQPXDzBa6UWR34pNjG',NULL,NULL,NULL,'e6OtBKPdXm','2025-10-02 01:33:04','2025-10-02 01:33:04','Karelle','Nitzsche','1-463-897-8793',1,NULL,NULL),(80,'xupton','ngusikowski@example.net','2025-10-02 01:33:04','$2y$12$ew8O9Ba/jMmmSAo77NZHvuvJL/PfBCpFLLXTQPXDzBa6UWR34pNjG',NULL,NULL,NULL,'30VXHanoA9','2025-10-02 01:33:04','2025-10-02 01:33:04','Karlie','Kohler','+19179504878',1,NULL,NULL),(81,'nhegmann','kris.hope@example.com','2025-10-02 01:33:04','$2y$12$ew8O9Ba/jMmmSAo77NZHvuvJL/PfBCpFLLXTQPXDzBa6UWR34pNjG',NULL,NULL,NULL,'m1j5D3gEsr','2025-10-02 01:33:04','2025-10-02 01:33:04','Suzanne','O\'Hara','+1-424-856-8946',1,NULL,NULL),(82,'boyd22','hackett.carson@example.com','2025-10-02 01:33:04','$2y$12$ew8O9Ba/jMmmSAo77NZHvuvJL/PfBCpFLLXTQPXDzBa6UWR34pNjG',NULL,NULL,NULL,'0BwHVW1SRa','2025-10-02 01:33:04','2025-10-02 01:33:04','Patsy','Hansen','1-479-807-1036',1,NULL,NULL),(83,'hzboncak','herman.bahringer@example.com','2025-10-02 01:33:04','$2y$12$ew8O9Ba/jMmmSAo77NZHvuvJL/PfBCpFLLXTQPXDzBa6UWR34pNjG',NULL,NULL,NULL,'uWB8mrbGqD','2025-10-02 01:33:04','2025-10-02 01:33:04','Dayton','Smitham','(360) 576-2343',1,NULL,NULL),(84,'jayce14','angelina62@example.com','2025-10-02 01:33:04','$2y$12$ew8O9Ba/jMmmSAo77NZHvuvJL/PfBCpFLLXTQPXDzBa6UWR34pNjG',NULL,NULL,NULL,'r7vfH6Qvzr','2025-10-02 01:33:04','2025-10-02 01:33:04','Mateo','Reichel','651-793-3771',1,NULL,NULL),(85,'ashlynn.koepp','reichel.darien@example.org','2025-10-02 01:33:04','$2y$12$ew8O9Ba/jMmmSAo77NZHvuvJL/PfBCpFLLXTQPXDzBa6UWR34pNjG',NULL,NULL,NULL,'vNjSEj9KJc','2025-10-02 01:33:04','2025-10-02 01:33:04','Jevon','Rogahn','+1.458.685.2164',1,NULL,NULL),(86,'monahan.remington','roberts.shanon@example.org','2025-10-02 01:33:04','$2y$12$ew8O9Ba/jMmmSAo77NZHvuvJL/PfBCpFLLXTQPXDzBa6UWR34pNjG',NULL,NULL,NULL,'JaV0a9CRwB','2025-10-02 01:33:04','2025-10-02 01:33:04','Shakira','Turcotte','334.799.3927',1,NULL,NULL),(87,'linda54','ookuneva@example.net','2025-10-02 01:33:04','$2y$12$ew8O9Ba/jMmmSAo77NZHvuvJL/PfBCpFLLXTQPXDzBa6UWR34pNjG',NULL,NULL,NULL,'tLcvGbb84j','2025-10-02 01:33:04','2025-10-02 01:33:04','Anabelle','Johns','(435) 245-1059',1,NULL,NULL),(88,'eschmitt','maye.weissnat@example.org','2025-10-02 01:33:04','$2y$12$ew8O9Ba/jMmmSAo77NZHvuvJL/PfBCpFLLXTQPXDzBa6UWR34pNjG',NULL,NULL,NULL,'yO3QXia5t1','2025-10-02 01:33:04','2025-10-02 01:33:04','Marielle','Renner','714-455-2943',1,NULL,NULL),(89,'dale98','audie.schuppe@example.net','2025-10-02 01:33:04','$2y$12$ew8O9Ba/jMmmSAo77NZHvuvJL/PfBCpFLLXTQPXDzBa6UWR34pNjG',NULL,NULL,NULL,'34CYeGHB7m','2025-10-02 01:33:04','2025-10-02 01:33:04','Gisselle','Leuschke','629.510.3745',1,NULL,NULL),(90,'irma85','langosh.cindy@example.net','2025-10-02 01:33:04','$2y$12$ew8O9Ba/jMmmSAo77NZHvuvJL/PfBCpFLLXTQPXDzBa6UWR34pNjG',NULL,NULL,NULL,'LOHCdhlV1w','2025-10-02 01:33:04','2025-10-02 01:33:04','Niko','Kerluke','+1 (903) 570-4179',1,NULL,NULL),(91,'jabbott','roman37@example.org','2025-10-02 01:33:04','$2y$12$ew8O9Ba/jMmmSAo77NZHvuvJL/PfBCpFLLXTQPXDzBa6UWR34pNjG',NULL,NULL,NULL,'ZTKT43S555','2025-10-02 01:33:04','2025-10-02 01:33:04','Ewell','Denesik','+1.424.989.3765',1,NULL,NULL),(92,'phuel','myrtice.koelpin@example.com','2025-10-02 01:33:04','$2y$12$ew8O9Ba/jMmmSAo77NZHvuvJL/PfBCpFLLXTQPXDzBa6UWR34pNjG',NULL,NULL,NULL,'osfBkd0qBc','2025-10-02 01:33:04','2025-10-02 01:33:04','Israel','Turcotte','520.641.5719',1,NULL,NULL),(93,'warren.maggio','nat51@example.org','2025-10-02 01:33:04','$2y$12$ew8O9Ba/jMmmSAo77NZHvuvJL/PfBCpFLLXTQPXDzBa6UWR34pNjG',NULL,NULL,NULL,'y6Hy5AUp5b','2025-10-02 01:33:04','2025-10-02 01:33:04','Shanie','King','+1.336.924.1410',1,NULL,NULL),(94,'anahi.watsica','kiara.kunde@example.org','2025-10-02 01:33:04','$2y$12$ew8O9Ba/jMmmSAo77NZHvuvJL/PfBCpFLLXTQPXDzBa6UWR34pNjG',NULL,NULL,NULL,'BlqcyrrTM0','2025-10-02 01:33:04','2025-10-02 01:33:04','Pierre','Murray','(334) 651-4947',1,NULL,NULL),(95,'rohan.luz','general86@example.net','2025-10-02 01:33:04','$2y$12$ew8O9Ba/jMmmSAo77NZHvuvJL/PfBCpFLLXTQPXDzBa6UWR34pNjG',NULL,NULL,NULL,'aWBbA9R7qo','2025-10-02 01:33:04','2025-10-02 01:33:04','Eleanore','Flatley','+17626854935',1,NULL,NULL),(96,'glover.rey','joanne.hagenes@example.org','2025-10-02 01:33:04','$2y$12$ew8O9Ba/jMmmSAo77NZHvuvJL/PfBCpFLLXTQPXDzBa6UWR34pNjG',NULL,NULL,NULL,'rDVDufL7Od','2025-10-02 01:33:04','2025-10-02 01:33:04','German','Olson','(714) 699-2065',1,NULL,NULL),(97,'summer.feest','blanca24@example.com','2025-10-02 01:33:04','$2y$12$ew8O9Ba/jMmmSAo77NZHvuvJL/PfBCpFLLXTQPXDzBa6UWR34pNjG',NULL,NULL,NULL,'PB8KCYjtPp','2025-10-02 01:33:04','2025-10-02 01:33:04','Jaeden','Beatty','283-898-8456',1,NULL,NULL),(98,'althea17','runolfsdottir.adan@example.net','2025-10-02 01:33:04','$2y$12$ew8O9Ba/jMmmSAo77NZHvuvJL/PfBCpFLLXTQPXDzBa6UWR34pNjG',NULL,NULL,NULL,'W0gwp8D2Yv','2025-10-02 01:33:04','2025-10-02 01:33:04','Kavon','Hahn','1-772-275-6120',1,NULL,NULL),(99,'orenner','prudence97@example.net','2025-10-02 01:33:04','$2y$12$ew8O9Ba/jMmmSAo77NZHvuvJL/PfBCpFLLXTQPXDzBa6UWR34pNjG',NULL,NULL,NULL,'yjVFfwKte4','2025-10-02 01:33:04','2025-10-02 01:33:04','Albert','Cartwright','+1.469.815.6564',1,NULL,NULL),(100,'ritchie.felix','reffertz@example.com','2025-10-02 01:33:04','$2y$12$ew8O9Ba/jMmmSAo77NZHvuvJL/PfBCpFLLXTQPXDzBa6UWR34pNjG',NULL,NULL,NULL,'Uz3hg7F3rq','2025-10-02 01:33:04','2025-10-02 01:33:04','Ellen','Botsford','+1-623-528-7033',1,NULL,NULL),(101,'kelsi84','garnett06@example.com','2025-10-02 01:33:04','$2y$12$ew8O9Ba/jMmmSAo77NZHvuvJL/PfBCpFLLXTQPXDzBa6UWR34pNjG',NULL,NULL,NULL,'RQjf10vdEL','2025-10-02 01:33:04','2025-10-02 01:33:04','Catalina','White','+1-650-449-9702',1,NULL,NULL),(102,'arielle.hermiston','mraz.melisa@example.com','2025-10-02 01:33:04','$2y$12$ew8O9Ba/jMmmSAo77NZHvuvJL/PfBCpFLLXTQPXDzBa6UWR34pNjG',NULL,NULL,NULL,'eAG2zXbmqS','2025-10-02 01:33:04','2025-10-02 01:33:04','Anabel','Terry','702.747.8596',1,NULL,NULL),(103,'gay96','brendan.mante@example.net','2025-10-02 01:33:04','$2y$12$ew8O9Ba/jMmmSAo77NZHvuvJL/PfBCpFLLXTQPXDzBa6UWR34pNjG',NULL,NULL,NULL,'p50DrLcLF6','2025-10-02 01:33:04','2025-10-02 01:33:04','Guadalupe','Bosco','1-740-353-4066',1,NULL,NULL),(104,'champlin.jakob','hills.emily@example.com','2025-10-02 01:33:04','$2y$12$ew8O9Ba/jMmmSAo77NZHvuvJL/PfBCpFLLXTQPXDzBa6UWR34pNjG',NULL,NULL,NULL,'IwuID8iOq0','2025-10-02 01:33:04','2025-10-02 01:33:04','Judah','Quigley','302-236-4307',1,NULL,NULL),(105,'boehm.marvin','harris.kaitlin@example.com','2025-10-02 01:33:04','$2y$12$ew8O9Ba/jMmmSAo77NZHvuvJL/PfBCpFLLXTQPXDzBa6UWR34pNjG',NULL,NULL,NULL,'3G6yb0jauJ','2025-10-02 01:33:04','2025-10-02 01:33:04','Barton','Roberts','+1.239.223.6997',1,NULL,NULL),(106,'imelda.boehm','hmacejkovic@example.com','2025-10-02 01:33:04','$2y$12$ew8O9Ba/jMmmSAo77NZHvuvJL/PfBCpFLLXTQPXDzBa6UWR34pNjG',NULL,NULL,NULL,'4bo0hyTFkI','2025-10-02 01:33:04','2025-10-02 01:33:04','Demarco','Champlin','+19038481545',1,NULL,NULL),(107,'pschuster','frami.alize@example.net','2025-10-02 01:33:04','$2y$12$ew8O9Ba/jMmmSAo77NZHvuvJL/PfBCpFLLXTQPXDzBa6UWR34pNjG',NULL,NULL,NULL,'R4Xo3jEsnz','2025-10-02 01:33:04','2025-10-02 01:33:04','Cleve','Leannon','+12624473835',1,NULL,NULL),(108,'abbey13','luis35@example.net','2025-10-02 01:33:04','$2y$12$ew8O9Ba/jMmmSAo77NZHvuvJL/PfBCpFLLXTQPXDzBa6UWR34pNjG',NULL,NULL,NULL,'pEZm4GIOCV','2025-10-02 01:33:04','2025-10-02 01:33:04','Maritza','Oberbrunner','+15305434414',1,NULL,NULL),(109,'mwisoky','powlowski.madonna@example.org','2025-10-02 01:33:04','$2y$12$ew8O9Ba/jMmmSAo77NZHvuvJL/PfBCpFLLXTQPXDzBa6UWR34pNjG',NULL,NULL,NULL,'wyVAxXklgZ','2025-10-02 01:33:04','2025-10-02 01:33:04','Vesta','DuBuque','+1 (737) 491-7837',1,NULL,NULL),(110,'wuckert.benjamin','jvonrueden@example.org','2025-10-02 01:33:04','$2y$12$ew8O9Ba/jMmmSAo77NZHvuvJL/PfBCpFLLXTQPXDzBa6UWR34pNjG',NULL,NULL,NULL,'YaPDvMyO3l','2025-10-02 01:33:04','2025-10-02 01:33:04','Janelle','Cremin','847-634-8195',1,NULL,NULL),(111,'jjerde','effertz.arturo@example.org','2025-10-02 01:33:04','$2y$12$ew8O9Ba/jMmmSAo77NZHvuvJL/PfBCpFLLXTQPXDzBa6UWR34pNjG',NULL,NULL,NULL,'VB1s0XDaNR','2025-10-02 01:33:04','2025-10-02 01:33:04','Hardy','Mraz','+1-540-557-9634',1,NULL,NULL),(112,'maria.von','reinger.sheldon@example.com','2025-10-02 01:33:04','$2y$12$ew8O9Ba/jMmmSAo77NZHvuvJL/PfBCpFLLXTQPXDzBa6UWR34pNjG',NULL,NULL,NULL,'hnJ11wfopv','2025-10-02 01:33:04','2025-10-02 01:33:04','Alejandrin','Schumm','(509) 616-8945',1,NULL,NULL),(113,'damore.herminia','torp.adele@example.com','2025-10-02 01:33:04','$2y$12$ew8O9Ba/jMmmSAo77NZHvuvJL/PfBCpFLLXTQPXDzBa6UWR34pNjG',NULL,NULL,NULL,'ZvPqhfzEIy','2025-10-02 01:33:04','2025-10-02 01:33:04','Cassie','Batz','+1-636-359-4162',1,NULL,NULL),(114,'lavonne16','qdaugherty@example.org','2025-10-02 01:33:04','$2y$12$ew8O9Ba/jMmmSAo77NZHvuvJL/PfBCpFLLXTQPXDzBa6UWR34pNjG',NULL,NULL,NULL,'ZgV5Vbdgc6','2025-10-02 01:33:04','2025-10-02 01:33:04','Kailee','Heaney','+1.678.550.7631',1,NULL,NULL),(115,'verlie.bode','cassandra.ernser@example.com','2025-10-02 01:33:04','$2y$12$ew8O9Ba/jMmmSAo77NZHvuvJL/PfBCpFLLXTQPXDzBa6UWR34pNjG',NULL,NULL,NULL,'ndLHiUU0yL','2025-10-02 01:33:04','2025-10-02 01:33:04','Jamey','Ritchie','+15393087049',1,NULL,NULL),(116,'lemke.clementine','karson.nienow@example.com','2025-10-02 01:33:04','$2y$12$ew8O9Ba/jMmmSAo77NZHvuvJL/PfBCpFLLXTQPXDzBa6UWR34pNjG',NULL,NULL,NULL,'SSFayfkAbg','2025-10-02 01:33:04','2025-10-02 01:33:04','Van','Hermann','+1-463-243-1515',1,NULL,NULL),(117,'alvah.schmitt','lesch.billie@example.net','2025-10-02 01:33:04','$2y$12$ew8O9Ba/jMmmSAo77NZHvuvJL/PfBCpFLLXTQPXDzBa6UWR34pNjG',NULL,NULL,NULL,'8NkviLPhyk','2025-10-02 01:33:04','2025-10-02 01:33:04','Bruce','Hirthe','951-942-5526',1,NULL,NULL),(118,'btromp','ifahey@example.com','2025-10-02 01:33:04','$2y$12$ew8O9Ba/jMmmSAo77NZHvuvJL/PfBCpFLLXTQPXDzBa6UWR34pNjG',NULL,NULL,NULL,'wERsjfcPAY','2025-10-02 01:33:04','2025-10-02 01:33:04','Antone','Leuschke','947-291-4452',1,NULL,NULL),(119,'hayley.schumm','jimmie10@example.net','2025-10-02 01:33:04','$2y$12$ew8O9Ba/jMmmSAo77NZHvuvJL/PfBCpFLLXTQPXDzBa6UWR34pNjG',NULL,NULL,NULL,'uI37u16AEK','2025-10-02 01:33:04','2025-10-02 01:33:04','Katelynn','Kris','1-641-309-2358',1,NULL,NULL),(120,'amann','wisoky.breanne@example.org','2025-10-02 01:33:04','$2y$12$ew8O9Ba/jMmmSAo77NZHvuvJL/PfBCpFLLXTQPXDzBa6UWR34pNjG',NULL,NULL,NULL,'Ga3OVMBywt','2025-10-02 01:33:04','2025-10-02 01:33:04','Cyril','Shields','(731) 955-1467',1,NULL,NULL),(121,'mathew46','gutmann.rhiannon@example.org','2025-10-02 01:33:04','$2y$12$ew8O9Ba/jMmmSAo77NZHvuvJL/PfBCpFLLXTQPXDzBa6UWR34pNjG',NULL,NULL,NULL,'jkID4hiTSz','2025-10-02 01:33:04','2025-10-02 01:33:04','Antonia','Ledner','(616) 202-2130',1,NULL,NULL),(122,'ypaucek','vhegmann@example.org','2025-10-02 01:33:04','$2y$12$ew8O9Ba/jMmmSAo77NZHvuvJL/PfBCpFLLXTQPXDzBa6UWR34pNjG',NULL,NULL,NULL,'MY7TLbdqBD','2025-10-02 01:33:04','2025-10-02 01:33:04','Maeve','Harris','646.622.8496',1,NULL,NULL),(123,'icarroll','jayce.leannon@example.net','2025-10-02 01:33:04','$2y$12$ew8O9Ba/jMmmSAo77NZHvuvJL/PfBCpFLLXTQPXDzBa6UWR34pNjG',NULL,NULL,NULL,'NJEtkFtmAk','2025-10-02 01:33:04','2025-10-02 01:33:04','Creola','Brown','1-650-810-8483',1,NULL,NULL),(124,'winona.gottlieb','pfeffer.tyrell@example.org','2025-10-02 01:33:04','$2y$12$ew8O9Ba/jMmmSAo77NZHvuvJL/PfBCpFLLXTQPXDzBa6UWR34pNjG',NULL,NULL,NULL,'M2qGYdUOYB','2025-10-02 01:33:04','2025-10-02 01:33:04','Oceane','Wilkinson','325-404-3471',1,NULL,NULL),(125,'ahaley','littel.chesley@example.org','2025-10-02 01:33:04','$2y$12$ew8O9Ba/jMmmSAo77NZHvuvJL/PfBCpFLLXTQPXDzBa6UWR34pNjG',NULL,NULL,NULL,'sncNGopYVl','2025-10-02 01:33:04','2025-10-02 01:33:04','Peyton','Kling','1-253-289-7302',1,NULL,NULL),(126,'qschuster','christop.marvin@example.net','2025-10-02 01:33:04','$2y$12$ew8O9Ba/jMmmSAo77NZHvuvJL/PfBCpFLLXTQPXDzBa6UWR34pNjG',NULL,NULL,NULL,'zNNjgc6eZB','2025-10-02 01:33:04','2025-10-02 01:33:04','Brooks','Rowe','+1.620.247.2628',1,NULL,NULL),(127,'lyric59','stefan.simonis@example.org','2025-10-02 01:33:04','$2y$12$ew8O9Ba/jMmmSAo77NZHvuvJL/PfBCpFLLXTQPXDzBa6UWR34pNjG',NULL,NULL,NULL,'YN7TiHCz4d','2025-10-02 01:33:04','2025-10-02 01:33:04','Tito','Ward','+1-425-356-5690',1,NULL,NULL),(128,'kira65','bogisich.erik@example.com','2025-10-02 01:33:04','$2y$12$ew8O9Ba/jMmmSAo77NZHvuvJL/PfBCpFLLXTQPXDzBa6UWR34pNjG',NULL,NULL,NULL,'UBR7PIMwi4','2025-10-02 01:33:04','2025-10-02 01:33:04','Kaley','Donnelly','1-484-220-6224',1,NULL,NULL),(129,'amani91','oberbrunner.jessika@example.org','2025-10-02 01:33:04','$2y$12$ew8O9Ba/jMmmSAo77NZHvuvJL/PfBCpFLLXTQPXDzBa6UWR34pNjG',NULL,NULL,NULL,'008kB0vYK9','2025-10-02 01:33:04','2025-10-02 01:33:04','Coleman','Kozey','+1-404-782-0734',1,NULL,NULL),(130,'runte.shanelle','kshlerin.skylar@example.org','2025-10-02 01:33:04','$2y$12$ew8O9Ba/jMmmSAo77NZHvuvJL/PfBCpFLLXTQPXDzBa6UWR34pNjG',NULL,NULL,NULL,'Wtn5vG28qq','2025-10-02 01:33:04','2025-10-02 01:33:04','Adaline','Littel','1-458-612-3404',1,NULL,NULL),(131,'vidal97','lgrady@example.org','2025-10-02 01:33:05','$2y$12$ew8O9Ba/jMmmSAo77NZHvuvJL/PfBCpFLLXTQPXDzBa6UWR34pNjG',NULL,NULL,NULL,'mkkGqxATFu','2025-10-02 01:33:05','2025-10-02 01:33:05','Andre','Kuhn','+1-850-505-6591',0,NULL,NULL),(132,'ngcquhunh','ngocquyhuynh4@gmail.com',NULL,'$2y$12$9fo21QKoo2JeEnRTNZhZV.jtcHVShM3ijpTbcN8.UZnOJLMHjAUN2','google','100031172403346445343','https://lh3.googleusercontent.com/a/ACg8ocJfS8v8_wLfjzC52eAZzZIlsxz8UFrPsHEzhX34Mhd5pZ0afA=s96-c','tLa8CdV3B36XYnZ1LI1YVgxIYIjoEqlV72u1hfm5IWTqqgI5vt0q59L2XbAO','2025-10-02 05:55:37','2025-10-02 05:55:37','Ngọc','Quý Huỳnh',NULL,1,NULL,NULL),(133,'quhunhngc','qh20812@gmail.com',NULL,'$2y$12$isyUfJ.p4h832Q1JcGIu8u9dG9EYzBRQJiUTP8N7uWChmjSmPQUwS','google','114498187020434808832','https://lh3.googleusercontent.com/a/ACg8ocJ0Sk0muUSR-_bbGzWUzhzBlICGLI4PT17-qZpOrssZnrACHV8S=s96-c','4bnSLO9rfGrzG9CMexD243YCdq9dLxqea7qv1Z05GwyLB9ug4sgrAAkyI7MM','2025-10-02 05:58:59','2025-10-02 07:41:19','Quí','Huỳnh Ngọc',NULL,1,NULL,NULL);
/*!40000 ALTER TABLE `users` ENABLE KEYS */;
UNLOCK TABLES;

--
-- Dumping events for database 'shop_nest_db'
--

--
-- Dumping routines for database 'shop_nest_db'
--
/*!40103 SET TIME_ZONE=@OLD_TIME_ZONE */;

/*!40101 SET SQL_MODE=@OLD_SQL_MODE */;
/*!40014 SET FOREIGN_KEY_CHECKS=@OLD_FOREIGN_KEY_CHECKS */;
/*!40014 SET UNIQUE_CHECKS=@OLD_UNIQUE_CHECKS */;
/*!40101 SET CHARACTER_SET_CLIENT=@OLD_CHARACTER_SET_CLIENT */;
/*!40101 SET CHARACTER_SET_RESULTS=@OLD_CHARACTER_SET_RESULTS */;
/*!40101 SET COLLATION_CONNECTION=@OLD_COLLATION_CONNECTION */;
/*!40111 SET SQL_NOTES=@OLD_SQL_NOTES */;

-- Dump completed on 2025-10-02 22:57:59
